symbol,coin,expiry,date,close
BTCUSD_200925,BTC,2020-09-25 00:00:00+00:00,2020-06-11 00:00:00+00:00,9298.6
BTCUSD_200925,BTC,2020-09-25 00:00:00+00:00,2020-06-12 00:00:00+00:00,9565.6
BTCUSD_200925,BTC,2020-09-25 00:00:00+00:00,2020-06-13 00:00:00+00:00,9577.5
BTCUSD_200925,BTC,2020-09-25 00:00:00+00:00,2020-06-14 00:00:00+00:00,9432.5
BTCUSD_200925,BTC,2020-09-25 00:00:00+00:00,2020-06-15 00:00:00+00:00,9504.8
BTCUSD_200925,BTC,2020-09-25 00:00:00+00:00,2020-06-16 00:00:00+00:00,9622.0
BTCUSD_200925,BTC,2020-09-25 00:00:00+00:00,2020-06-17 00:00:00+00:00,9562.5
BTCUSD_200925,BTC,2020-09-25 00:00:00+00:00,2020-06-18 00:00:00+00:00,9458.4
BTCUSD_200925,BTC,2020-09-25 00:00:00+00:00,2020-06-19 00:00:00+00:00,9374.1
BTCUSD_200925,BTC,2020-09-25 00:00:00+00:00,2020-06-20 00:00:00+00:00,9443.6
BTCUSD_200925,BTC,2020-09-25 00:00:00+00:00,2020-06-21 00:00:00+00:00,9363.6
BTCUSD_200925,BTC,2020-09-25 00:00:00+00:00,2020-06-22 00:00:00+00:00,9808.4
BTCUSD_200925,BTC,2020-09-25 00:00:00+00:00,2020-06-23 00:00:00+00:00,9737.6
BTCUSD_200925,BTC,2020-09-25 00:00:00+00:00,2020-06-24 00:00:00+00:00,9364.2
BTCUSD_200925,BTC,2020-09-25 00:00:00+00:00,2020-06-25 00:00:00+00:00,9315.4
BTCUSD_200925,BTC,2020-09-25 00:00:00+00:00,2020-06-26 00:00:00+00:00,9235.2
BTCUSD_200925,BTC,2020-09-25 00:00:00+00:00,2020-06-27 00:00:00+00:00,9056.5
BTCUSD_200925,BTC,2020-09-25 00:00:00+00:00,2020-06-28 00:00:00+00:00,9187.4
BTCUSD_200925,BTC,2020-09-25 00:00:00+00:00,2020-06-29 00:00:00+00:00,9254.6
BTCUSD_200925,BTC,2020-09-25 00:00:00+00:00,2020-06-30 00:00:00+00:00,9204.8
BTCUSD_200925,BTC,2020-09-25 00:00:00+00:00,2020-07-01 00:00:00+00:00,9308.5
BTCUSD_200925,BTC,2020-09-25 00:00:00+00:00,2020-07-02 00:00:00+00:00,9142.3
BTCUSD_200925,BTC,2020-09-25 00:00:00+00:00,2020-07-03 00:00:00+00:00,9127.3
BTCUSD_200925,BTC,2020-09-25 00:00:00+00:00,2020-07-04 00:00:00+00:00,9209.8
BTCUSD_200925,BTC,2020-09-25 00:00:00+00:00,2020-07-05 00:00:00+00:00,9143.9
BTCUSD_200925,BTC,2020-09-25 00:00:00+00:00,2020-07-06 00:00:00+00:00,9476.3
BTCUSD_200925,BTC,2020-09-25 00:00:00+00:00,2020-07-07 00:00:00+00:00,9357.0
BTCUSD_200925,BTC,2020-09-25 00:00:00+00:00,2020-07-08 00:00:00+00:00,9543.1
BTCUSD_200925,BTC,2020-09-25 00:00:00+00:00,2020-07-09 00:00:00+00:00,9322.7
BTCUSD_200925,BTC,2020-09-25 00:00:00+00:00,2020-07-10 00:00:00+00:00,9397.1
BTCUSD_200925,BTC,2020-09-25 00:00:00+00:00,2020-07-11 00:00:00+00:00,9337.9
BTCUSD_200925,BTC,2020-09-25 00:00:00+00:00,2020-07-12 00:00:00+00:00,9408.5
BTCUSD_200925,BTC,2020-09-25 00:00:00+00:00,2020-07-13 00:00:00+00:00,9342.4
BTCUSD_200925,BTC,2020-09-25 00:00:00+00:00,2020-07-14 00:00:00+00:00,9356.0
BTCUSD_200925,BTC,2020-09-25 00:00:00+00:00,2020-07-15 00:00:00+00:00,9308.7
BTCUSD_200925,BTC,2020-09-25 00:00:00+00:00,2020-07-16 00:00:00+00:00,9239.3
BTCUSD_200925,BTC,2020-09-25 00:00:00+00:00,2020-07-17 00:00:00+00:00,9254.0
BTCUSD_200925,BTC,2020-09-25 00:00:00+00:00,2020-07-18 00:00:00+00:00,9276.9
BTCUSD_200925,BTC,2020-09-25 00:00:00+00:00,2020-07-19 00:00:00+00:00,9335.1
BTCUSD_200925,BTC,2020-09-25 00:00:00+00:00,2020-07-20 00:00:00+00:00,9280.2
BTCUSD_200925,BTC,2020-09-25 00:00:00+00:00,2020-07-21 00:00:00+00:00,9534.9
BTCUSD_200925,BTC,2020-09-25 00:00:00+00:00,2020-07-22 00:00:00+00:00,9697.5
BTCUSD_200925,BTC,2020-09-25 00:00:00+00:00,2020-07-23 00:00:00+00:00,9773.6
BTCUSD_200925,BTC,2020-09-25 00:00:00+00:00,2020-07-24 00:00:00+00:00,9682.8
BTCUSD_200925,BTC,2020-09-25 00:00:00+00:00,2020-07-25 00:00:00+00:00,9887.8
BTCUSD_200925,BTC,2020-09-25 00:00:00+00:00,2020-07-26 00:00:00+00:00,10171.5
BTCUSD_200925,BTC,2020-09-25 00:00:00+00:00,2020-07-27 00:00:00+00:00,11406.0
BTCUSD_200925,BTC,2020-09-25 00:00:00+00:00,2020-07-28 00:00:00+00:00,11254.0
BTCUSD_200925,BTC,2020-09-25 00:00:00+00:00,2020-07-29 00:00:00+00:00,11403.7
BTCUSD_200925,BTC,2020-09-25 00:00:00+00:00,2020-07-30 00:00:00+00:00,11449.9
BTCUSD_200925,BTC,2020-09-25 00:00:00+00:00,2020-07-31 00:00:00+00:00,11686.1
BTCUSD_200925,BTC,2020-09-25 00:00:00+00:00,2020-08-01 00:00:00+00:00,12194.3
BTCUSD_200925,BTC,2020-09-25 00:00:00+00:00,2020-08-02 00:00:00+00:00,11353.8
BTCUSD_200925,BTC,2020-09-25 00:00:00+00:00,2020-08-03 00:00:00+00:00,11471.5
BTCUSD_200925,BTC,2020-09-25 00:00:00+00:00,2020-08-04 00:00:00+00:00,11458.7
BTCUSD_200925,BTC,2020-09-25 00:00:00+00:00,2020-08-05 00:00:00+00:00,12051.7
BTCUSD_200925,BTC,2020-09-25 00:00:00+00:00,2020-08-06 00:00:00+00:00,12015.8
BTCUSD_200925,BTC,2020-09-25 00:00:00+00:00,2020-08-07 00:00:00+00:00,11825.8
BTCUSD_200925,BTC,2020-09-25 00:00:00+00:00,2020-08-08 00:00:00+00:00,12038.8
BTCUSD_200925,BTC,2020-09-25 00:00:00+00:00,2020-08-09 00:00:00+00:00,11934.5
BTCUSD_200925,BTC,2020-09-25 00:00:00+00:00,2020-08-10 00:00:00+00:00,12207.2
BTCUSD_200925,BTC,2020-09-25 00:00:00+00:00,2020-08-11 00:00:00+00:00,11596.5
BTCUSD_200925,BTC,2020-09-25 00:00:00+00:00,2020-08-12 00:00:00+00:00,11792.4
BTCUSD_200925,BTC,2020-09-25 00:00:00+00:00,2020-08-13 00:00:00+00:00,12058.2
BTCUSD_200925,BTC,2020-09-25 00:00:00+00:00,2020-08-14 00:00:00+00:00,12015.0
BTCUSD_200925,BTC,2020-09-25 00:00:00+00:00,2020-08-15 00:00:00+00:00,12130.4
BTCUSD_200925,BTC,2020-09-25 00:00:00+00:00,2020-08-16 00:00:00+00:00,12206.0
BTCUSD_200925,BTC,2020-09-25 00:00:00+00:00,2020-08-17 00:00:00+00:00,12613.0
BTCUSD_200925,BTC,2020-09-25 00:00:00+00:00,2020-08-18 00:00:00+00:00,12215.2
BTCUSD_200925,BTC,2020-09-25 00:00:00+00:00,2020-08-19 00:00:00+00:00,11946.5
BTCUSD_200925,BTC,2020-09-25 00:00:00+00:00,2020-08-20 00:00:00+00:00,12028.2
BTCUSD_200925,BTC,2020-09-25 00:00:00+00:00,2020-08-21 00:00:00+00:00,11672.7
BTCUSD_200925,BTC,2020-09-25 00:00:00+00:00,2020-08-22 00:00:00+00:00,11821.2
BTCUSD_200925,BTC,2020-09-25 00:00:00+00:00,2020-08-23 00:00:00+00:00,11811.5
BTCUSD_200925,BTC,2020-09-25 00:00:00+00:00,2020-08-24 00:00:00+00:00,11919.8
BTCUSD_200925,BTC,2020-09-25 00:00:00+00:00,2020-08-25 00:00:00+00:00,11425.6
BTCUSD_200925,BTC,2020-09-25 00:00:00+00:00,2020-08-26 00:00:00+00:00,11591.1
BTCUSD_200925,BTC,2020-09-25 00:00:00+00:00,2020-08-27 00:00:00+00:00,11440.0
BTCUSD_200925,BTC,2020-09-25 00:00:00+00:00,2020-08-28 00:00:00+00:00,11627.6
BTCUSD_200925,BTC,2020-09-25 00:00:00+00:00,2020-08-29 00:00:00+00:00,11576.1
BTCUSD_200925,BTC,2020-09-25 00:00:00+00:00,2020-08-30 00:00:00+00:00,11844.7
BTCUSD_200925,BTC,2020-09-25 00:00:00+00:00,2020-08-31 00:00:00+00:00,11769.6
BTCUSD_200925,BTC,2020-09-25 00:00:00+00:00,2020-09-01 00:00:00+00:00,12049.4
BTCUSD_200925,BTC,2020-09-25 00:00:00+00:00,2020-09-02 00:00:00+00:00,11436.9
BTCUSD_200925,BTC,2020-09-25 00:00:00+00:00,2020-09-03 00:00:00+00:00,10100.8
BTCUSD_200925,BTC,2020-09-25 00:00:00+00:00,2020-09-04 00:00:00+00:00,10459.0
BTCUSD_200925,BTC,2020-09-25 00:00:00+00:00,2020-09-05 00:00:00+00:00,10151.4
BTCUSD_200925,BTC,2020-09-25 00:00:00+00:00,2020-09-06 00:00:00+00:00,10267.4
BTCUSD_200925,BTC,2020-09-25 00:00:00+00:00,2020-09-07 00:00:00+00:00,10383.1
BTCUSD_200925,BTC,2020-09-25 00:00:00+00:00,2020-09-08 00:00:00+00:00,10147.2
BTCUSD_200925,BTC,2020-09-25 00:00:00+00:00,2020-09-09 00:00:00+00:00,10230.4
BTCUSD_200925,BTC,2020-09-25 00:00:00+00:00,2020-09-10 00:00:00+00:00,10342.1
BTCUSD_200925,BTC,2020-09-25 00:00:00+00:00,2020-09-11 00:00:00+00:00,10397.4
BTCUSD_200925,BTC,2020-09-25 00:00:00+00:00,2020-09-12 00:00:00+00:00,10439.1
BTCUSD_200925,BTC,2020-09-25 00:00:00+00:00,2020-09-13 00:00:00+00:00,10329.8
BTCUSD_200925,BTC,2020-09-25 00:00:00+00:00,2020-09-14 00:00:00+00:00,10682.9
BTCUSD_200925,BTC,2020-09-25 00:00:00+00:00,2020-09-15 00:00:00+00:00,10807.5
BTCUSD_200925,BTC,2020-09-25 00:00:00+00:00,2020-09-16 00:00:00+00:00,10974.3
BTCUSD_200925,BTC,2020-09-25 00:00:00+00:00,2020-09-17 00:00:00+00:00,10962.2
BTCUSD_200925,BTC,2020-09-25 00:00:00+00:00,2020-09-18 00:00:00+00:00,10941.6
BTCUSD_200925,BTC,2020-09-25 00:00:00+00:00,2020-09-19 00:00:00+00:00,11086.3
BTCUSD_200925,BTC,2020-09-25 00:00:00+00:00,2020-09-20 00:00:00+00:00,10928.0
BTCUSD_200925,BTC,2020-09-25 00:00:00+00:00,2020-09-21 00:00:00+00:00,10409.5
BTCUSD_200925,BTC,2020-09-25 00:00:00+00:00,2020-09-22 00:00:00+00:00,10532.6
BTCUSD_200925,BTC,2020-09-25 00:00:00+00:00,2020-09-23 00:00:00+00:00,10230.5
BTCUSD_200925,BTC,2020-09-25 00:00:00+00:00,2020-09-24 00:00:00+00:00,10731.1
BTCUSD_201225,BTC,2020-12-25 00:00:00+00:00,2020-07-01 00:00:00+00:00,9375.0
BTCUSD_201225,BTC,2020-12-25 00:00:00+00:00,2020-07-02 00:00:00+00:00,9211.9
BTCUSD_201225,BTC,2020-12-25 00:00:00+00:00,2020-07-03 00:00:00+00:00,9188.0
BTCUSD_201225,BTC,2020-12-25 00:00:00+00:00,2020-07-04 00:00:00+00:00,9277.1
BTCUSD_201225,BTC,2020-12-25 00:00:00+00:00,2020-07-05 00:00:00+00:00,9201.9
BTCUSD_201225,BTC,2020-12-25 00:00:00+00:00,2020-07-06 00:00:00+00:00,9541.4
BTCUSD_201225,BTC,2020-12-25 00:00:00+00:00,2020-07-07 00:00:00+00:00,9420.5
BTCUSD_201225,BTC,2020-12-25 00:00:00+00:00,2020-07-08 00:00:00+00:00,9623.5
BTCUSD_201225,BTC,2020-12-25 00:00:00+00:00,2020-07-09 00:00:00+00:00,9397.8
BTCUSD_201225,BTC,2020-12-25 00:00:00+00:00,2020-07-10 00:00:00+00:00,9462.3
BTCUSD_201225,BTC,2020-12-25 00:00:00+00:00,2020-07-11 00:00:00+00:00,9402.7
BTCUSD_201225,BTC,2020-12-25 00:00:00+00:00,2020-07-12 00:00:00+00:00,9491.6
BTCUSD_201225,BTC,2020-12-25 00:00:00+00:00,2020-07-13 00:00:00+00:00,9433.6
BTCUSD_201225,BTC,2020-12-25 00:00:00+00:00,2020-07-14 00:00:00+00:00,9430.9
BTCUSD_201225,BTC,2020-12-25 00:00:00+00:00,2020-07-15 00:00:00+00:00,9382.8
BTCUSD_201225,BTC,2020-12-25 00:00:00+00:00,2020-07-16 00:00:00+00:00,9311.3
BTCUSD_201225,BTC,2020-12-25 00:00:00+00:00,2020-07-17 00:00:00+00:00,9331.4
BTCUSD_201225,BTC,2020-12-25 00:00:00+00:00,2020-07-18 00:00:00+00:00,9356.3
BTCUSD_201225,BTC,2020-12-25 00:00:00+00:00,2020-07-19 00:00:00+00:00,9407.3
BTCUSD_201225,BTC,2020-12-25 00:00:00+00:00,2020-07-20 00:00:00+00:00,9361.9
BTCUSD_201225,BTC,2020-12-25 00:00:00+00:00,2020-07-21 00:00:00+00:00,9614.6
BTCUSD_201225,BTC,2020-12-25 00:00:00+00:00,2020-07-22 00:00:00+00:00,9795.4
BTCUSD_201225,BTC,2020-12-25 00:00:00+00:00,2020-07-23 00:00:00+00:00,9874.1
BTCUSD_201225,BTC,2020-12-25 00:00:00+00:00,2020-07-24 00:00:00+00:00,9804.4
BTCUSD_201225,BTC,2020-12-25 00:00:00+00:00,2020-07-25 00:00:00+00:00,10007.7
BTCUSD_201225,BTC,2020-12-25 00:00:00+00:00,2020-07-26 00:00:00+00:00,10304.5
BTCUSD_201225,BTC,2020-12-25 00:00:00+00:00,2020-07-27 00:00:00+00:00,11625.3
BTCUSD_201225,BTC,2020-12-25 00:00:00+00:00,2020-07-28 00:00:00+00:00,11475.8
BTCUSD_201225,BTC,2020-12-25 00:00:00+00:00,2020-07-29 00:00:00+00:00,11648.7
BTCUSD_201225,BTC,2020-12-25 00:00:00+00:00,2020-07-30 00:00:00+00:00,11707.8
BTCUSD_201225,BTC,2020-12-25 00:00:00+00:00,2020-07-31 00:00:00+00:00,11971.0
BTCUSD_201225,BTC,2020-12-25 00:00:00+00:00,2020-08-01 00:00:00+00:00,12489.3
BTCUSD_201225,BTC,2020-12-25 00:00:00+00:00,2020-08-02 00:00:00+00:00,11600.2
BTCUSD_201225,BTC,2020-12-25 00:00:00+00:00,2020-08-03 00:00:00+00:00,11700.6
BTCUSD_201225,BTC,2020-12-25 00:00:00+00:00,2020-08-04 00:00:00+00:00,11690.0
BTCUSD_201225,BTC,2020-12-25 00:00:00+00:00,2020-08-05 00:00:00+00:00,12329.5
BTCUSD_201225,BTC,2020-12-25 00:00:00+00:00,2020-08-06 00:00:00+00:00,12285.3
BTCUSD_201225,BTC,2020-12-25 00:00:00+00:00,2020-08-07 00:00:00+00:00,12079.9
BTCUSD_201225,BTC,2020-12-25 00:00:00+00:00,2020-08-08 00:00:00+00:00,12322.9
BTCUSD_201225,BTC,2020-12-25 00:00:00+00:00,2020-08-09 00:00:00+00:00,12208.3
BTCUSD_201225,BTC,2020-12-25 00:00:00+00:00,2020-08-10 00:00:00+00:00,12519.7
BTCUSD_201225,BTC,2020-12-25 00:00:00+00:00,2020-08-11 00:00:00+00:00,11846.2
BTCUSD_201225,BTC,2020-12-25 00:00:00+00:00,2020-08-12 00:00:00+00:00,12049.7
BTCUSD_201225,BTC,2020-12-25 00:00:00+00:00,2020-08-13 00:00:00+00:00,12326.0
BTCUSD_201225,BTC,2020-12-25 00:00:00+00:00,2020-08-14 00:00:00+00:00,12297.3
BTCUSD_201225,BTC,2020-12-25 00:00:00+00:00,2020-08-15 00:00:00+00:00,12422.1
BTCUSD_201225,BTC,2020-12-25 00:00:00+00:00,2020-08-16 00:00:00+00:00,12513.2
BTCUSD_201225,BTC,2020-12-25 00:00:00+00:00,2020-08-17 00:00:00+00:00,12962.8
BTCUSD_201225,BTC,2020-12-25 00:00:00+00:00,2020-08-18 00:00:00+00:00,12509.3
BTCUSD_201225,BTC,2020-12-25 00:00:00+00:00,2020-08-19 00:00:00+00:00,12230.6
BTCUSD_201225,BTC,2020-12-25 00:00:00+00:00,2020-08-20 00:00:00+00:00,12329.2
BTCUSD_201225,BTC,2020-12-25 00:00:00+00:00,2020-08-21 00:00:00+00:00,11965.2
BTCUSD_201225,BTC,2020-12-25 00:00:00+00:00,2020-08-22 00:00:00+00:00,12145.2
BTCUSD_201225,BTC,2020-12-25 00:00:00+00:00,2020-08-23 00:00:00+00:00,12149.4
BTCUSD_201225,BTC,2020-12-25 00:00:00+00:00,2020-08-24 00:00:00+00:00,12246.2
BTCUSD_201225,BTC,2020-12-25 00:00:00+00:00,2020-08-25 00:00:00+00:00,11759.7
BTCUSD_201225,BTC,2020-12-25 00:00:00+00:00,2020-08-26 00:00:00+00:00,11903.9
BTCUSD_201225,BTC,2020-12-25 00:00:00+00:00,2020-08-27 00:00:00+00:00,11679.0
BTCUSD_201225,BTC,2020-12-25 00:00:00+00:00,2020-08-28 00:00:00+00:00,11906.6
BTCUSD_201225,BTC,2020-12-25 00:00:00+00:00,2020-08-29 00:00:00+00:00,11873.1
BTCUSD_201225,BTC,2020-12-25 00:00:00+00:00,2020-08-30 00:00:00+00:00,12137.9
BTCUSD_201225,BTC,2020-12-25 00:00:00+00:00,2020-08-31 00:00:00+00:00,12059.2
BTCUSD_201225,BTC,2020-12-25 00:00:00+00:00,2020-09-01 00:00:00+00:00,12379.3
BTCUSD_201225,BTC,2020-12-25 00:00:00+00:00,2020-09-02 00:00:00+00:00,11721.5
BTCUSD_201225,BTC,2020-12-25 00:00:00+00:00,2020-09-03 00:00:00+00:00,10209.0
BTCUSD_201225,BTC,2020-12-25 00:00:00+00:00,2020-09-04 00:00:00+00:00,10632.4
BTCUSD_201225,BTC,2020-12-25 00:00:00+00:00,2020-09-05 00:00:00+00:00,10337.3
BTCUSD_201225,BTC,2020-12-25 00:00:00+00:00,2020-09-06 00:00:00+00:00,10418.3
BTCUSD_201225,BTC,2020-12-25 00:00:00+00:00,2020-09-07 00:00:00+00:00,10554.4
BTCUSD_201225,BTC,2020-12-25 00:00:00+00:00,2020-09-08 00:00:00+00:00,10284.7
BTCUSD_201225,BTC,2020-12-25 00:00:00+00:00,2020-09-09 00:00:00+00:00,10387.5
BTCUSD_201225,BTC,2020-12-25 00:00:00+00:00,2020-09-10 00:00:00+00:00,10482.7
BTCUSD_201225,BTC,2020-12-25 00:00:00+00:00,2020-09-11 00:00:00+00:00,10517.6
BTCUSD_201225,BTC,2020-12-25 00:00:00+00:00,2020-09-12 00:00:00+00:00,10621.2
BTCUSD_201225,BTC,2020-12-25 00:00:00+00:00,2020-09-13 00:00:00+00:00,10475.5
BTCUSD_201225,BTC,2020-12-25 00:00:00+00:00,2020-09-14 00:00:00+00:00,10871.1
BTCUSD_201225,BTC,2020-12-25 00:00:00+00:00,2020-09-15 00:00:00+00:00,10999.0
BTCUSD_201225,BTC,2020-12-25 00:00:00+00:00,2020-09-16 00:00:00+00:00,11184.5
BTCUSD_201225,BTC,2020-12-25 00:00:00+00:00,2020-09-17 00:00:00+00:00,11207.1
BTCUSD_201225,BTC,2020-12-25 00:00:00+00:00,2020-09-18 00:00:00+00:00,11152.0
BTCUSD_201225,BTC,2020-12-25 00:00:00+00:00,2020-09-19 00:00:00+00:00,11329.5
BTCUSD_201225,BTC,2020-12-25 00:00:00+00:00,2020-09-20 00:00:00+00:00,11135.7
BTCUSD_201225,BTC,2020-12-25 00:00:00+00:00,2020-09-21 00:00:00+00:00,10551.7
BTCUSD_201225,BTC,2020-12-25 00:00:00+00:00,2020-09-22 00:00:00+00:00,10663.2
BTCUSD_201225,BTC,2020-12-25 00:00:00+00:00,2020-09-23 00:00:00+00:00,10364.4
BTCUSD_201225,BTC,2020-12-25 00:00:00+00:00,2020-09-24 00:00:00+00:00,10913.6
BTCUSD_201225,BTC,2020-12-25 00:00:00+00:00,2020-09-25 00:00:00+00:00,10848.2
BTCUSD_201225,BTC,2020-12-25 00:00:00+00:00,2020-09-26 00:00:00+00:00,10897.5
BTCUSD_201225,BTC,2020-12-25 00:00:00+00:00,2020-09-27 00:00:00+00:00,10960.0
BTCUSD_201225,BTC,2020-12-25 00:00:00+00:00,2020-09-28 00:00:00+00:00,10842.1
BTCUSD_201225,BTC,2020-12-25 00:00:00+00:00,2020-09-29 00:00:00+00:00,11015.7
BTCUSD_201225,BTC,2020-12-25 00:00:00+00:00,2020-09-30 00:00:00+00:00,10945.1
BTCUSD_201225,BTC,2020-12-25 00:00:00+00:00,2020-10-01 00:00:00+00:00,10789.7
BTCUSD_201225,BTC,2020-12-25 00:00:00+00:00,2020-10-02 00:00:00+00:00,10724.0
BTCUSD_201225,BTC,2020-12-25 00:00:00+00:00,2020-10-03 00:00:00+00:00,10692.5
BTCUSD_201225,BTC,2020-12-25 00:00:00+00:00,2020-10-04 00:00:00+00:00,10846.1
BTCUSD_201225,BTC,2020-12-25 00:00:00+00:00,2020-10-05 00:00:00+00:00,10963.5
BTCUSD_201225,BTC,2020-12-25 00:00:00+00:00,2020-10-06 00:00:00+00:00,10756.0
BTCUSD_201225,BTC,2020-12-25 00:00:00+00:00,2020-10-07 00:00:00+00:00,10814.9
BTCUSD_201225,BTC,2020-12-25 00:00:00+00:00,2020-10-08 00:00:00+00:00,11116.0
BTCUSD_201225,BTC,2020-12-25 00:00:00+00:00,2020-10-09 00:00:00+00:00,11261.4
BTCUSD_201225,BTC,2020-12-25 00:00:00+00:00,2020-10-10 00:00:00+00:00,11516.8
BTCUSD_201225,BTC,2020-12-25 00:00:00+00:00,2020-10-11 00:00:00+00:00,11597.0
BTCUSD_201225,BTC,2020-12-25 00:00:00+00:00,2020-10-12 00:00:00+00:00,11817.9
BTCUSD_201225,BTC,2020-12-25 00:00:00+00:00,2020-10-13 00:00:00+00:00,11639.5
BTCUSD_201225,BTC,2020-12-25 00:00:00+00:00,2020-10-14 00:00:00+00:00,11636.2
BTCUSD_201225,BTC,2020-12-25 00:00:00+00:00,2020-10-15 00:00:00+00:00,11740.8
BTCUSD_201225,BTC,2020-12-25 00:00:00+00:00,2020-10-16 00:00:00+00:00,11510.6
BTCUSD_201225,BTC,2020-12-25 00:00:00+00:00,2020-10-17 00:00:00+00:00,11569.8
BTCUSD_201225,BTC,2020-12-25 00:00:00+00:00,2020-10-18 00:00:00+00:00,11726.8
BTCUSD_201225,BTC,2020-12-25 00:00:00+00:00,2020-10-19 00:00:00+00:00,11993.2
BTCUSD_201225,BTC,2020-12-25 00:00:00+00:00,2020-10-20 00:00:00+00:00,12130.1
BTCUSD_201225,BTC,2020-12-25 00:00:00+00:00,2020-10-21 00:00:00+00:00,13074.8
BTCUSD_201225,BTC,2020-12-25 00:00:00+00:00,2020-10-22 00:00:00+00:00,13217.2
BTCUSD_201225,BTC,2020-12-25 00:00:00+00:00,2020-10-23 00:00:00+00:00,13207.0
BTCUSD_201225,BTC,2020-12-25 00:00:00+00:00,2020-10-24 00:00:00+00:00,13422.6
BTCUSD_201225,BTC,2020-12-25 00:00:00+00:00,2020-10-25 00:00:00+00:00,13284.1
BTCUSD_201225,BTC,2020-12-25 00:00:00+00:00,2020-10-26 00:00:00+00:00,13286.2
BTCUSD_201225,BTC,2020-12-25 00:00:00+00:00,2020-10-27 00:00:00+00:00,13877.0
BTCUSD_201225,BTC,2020-12-25 00:00:00+00:00,2020-10-28 00:00:00+00:00,13467.7
BTCUSD_201225,BTC,2020-12-25 00:00:00+00:00,2020-10-29 00:00:00+00:00,13671.6
BTCUSD_201225,BTC,2020-12-25 00:00:00+00:00,2020-10-30 00:00:00+00:00,13794.2
BTCUSD_201225,BTC,2020-12-25 00:00:00+00:00,2020-10-31 00:00:00+00:00,14000.1
BTCUSD_201225,BTC,2020-12-25 00:00:00+00:00,2020-11-01 00:00:00+00:00,13949.9
BTCUSD_201225,BTC,2020-12-25 00:00:00+00:00,2020-11-02 00:00:00+00:00,13688.3
BTCUSD_201225,BTC,2020-12-25 00:00:00+00:00,2020-11-03 00:00:00+00:00,14230.0
BTCUSD_201225,BTC,2020-12-25 00:00:00+00:00,2020-11-04 00:00:00+00:00,14380.1
BTCUSD_201225,BTC,2020-12-25 00:00:00+00:00,2020-11-05 00:00:00+00:00,15838.2
BTCUSD_201225,BTC,2020-12-25 00:00:00+00:00,2020-11-06 00:00:00+00:00,15858.4
BTCUSD_201225,BTC,2020-12-25 00:00:00+00:00,2020-11-07 00:00:00+00:00,15172.2
BTCUSD_201225,BTC,2020-12-25 00:00:00+00:00,2020-11-08 00:00:00+00:00,15785.4
BTCUSD_201225,BTC,2020-12-25 00:00:00+00:00,2020-11-09 00:00:00+00:00,15564.0
BTCUSD_201225,BTC,2020-12-25 00:00:00+00:00,2020-11-10 00:00:00+00:00,15509.0
BTCUSD_201225,BTC,2020-12-25 00:00:00+00:00,2020-11-11 00:00:00+00:00,15940.0
BTCUSD_201225,BTC,2020-12-25 00:00:00+00:00,2020-11-12 00:00:00+00:00,16543.6
BTCUSD_201225,BTC,2020-12-25 00:00:00+00:00,2020-11-13 00:00:00+00:00,16526.0
BTCUSD_201225,BTC,2020-12-25 00:00:00+00:00,2020-11-14 00:00:00+00:00,16217.5
BTCUSD_201225,BTC,2020-12-25 00:00:00+00:00,2020-11-15 00:00:00+00:00,16097.8
BTCUSD_201225,BTC,2020-12-25 00:00:00+00:00,2020-11-16 00:00:00+00:00,16902.0
BTCUSD_201225,BTC,2020-12-25 00:00:00+00:00,2020-11-17 00:00:00+00:00,17863.6
BTCUSD_201225,BTC,2020-12-25 00:00:00+00:00,2020-11-18 00:00:00+00:00,17961.2
BTCUSD_201225,BTC,2020-12-25 00:00:00+00:00,2020-11-19 00:00:00+00:00,18025.9
BTCUSD_201225,BTC,2020-12-25 00:00:00+00:00,2020-11-20 00:00:00+00:00,18914.6
BTCUSD_201225,BTC,2020-12-25 00:00:00+00:00,2020-11-21 00:00:00+00:00,18901.3
BTCUSD_201225,BTC,2020-12-25 00:00:00+00:00,2020-11-22 00:00:00+00:00,18649.2
BTCUSD_201225,BTC,2020-12-25 00:00:00+00:00,2020-11-23 00:00:00+00:00,18631.2
BTCUSD_201225,BTC,2020-12-25 00:00:00+00:00,2020-11-24 00:00:00+00:00,19500.1
BTCUSD_201225,BTC,2020-12-25 00:00:00+00:00,2020-11-25 00:00:00+00:00,19001.7
BTCUSD_201225,BTC,2020-12-25 00:00:00+00:00,2020-11-26 00:00:00+00:00,17372.2
BTCUSD_201225,BTC,2020-12-25 00:00:00+00:00,2020-11-27 00:00:00+00:00,17359.4
BTCUSD_201225,BTC,2020-12-25 00:00:00+00:00,2020-11-28 00:00:00+00:00,17915.0
BTCUSD_201225,BTC,2020-12-25 00:00:00+00:00,2020-11-29 00:00:00+00:00,18396.2
BTCUSD_201225,BTC,2020-12-25 00:00:00+00:00,2020-11-30 00:00:00+00:00,20034.2
BTCUSD_201225,BTC,2020-12-25 00:00:00+00:00,2020-12-01 00:00:00+00:00,19011.2
BTCUSD_201225,BTC,2020-12-25 00:00:00+00:00,2020-12-02 00:00:00+00:00,19438.4
BTCUSD_201225,BTC,2020-12-25 00:00:00+00:00,2020-12-03 00:00:00+00:00,19665.9
BTCUSD_201225,BTC,2020-12-25 00:00:00+00:00,2020-12-04 00:00:00+00:00,18824.6
BTCUSD_201225,BTC,2020-12-25 00:00:00+00:00,2020-12-05 00:00:00+00:00,19333.6
BTCUSD_201225,BTC,2020-12-25 00:00:00+00:00,2020-12-06 00:00:00+00:00,19584.1
BTCUSD_201225,BTC,2020-12-25 00:00:00+00:00,2020-12-07 00:00:00+00:00,19340.0
BTCUSD_201225,BTC,2020-12-25 00:00:00+00:00,2020-12-08 00:00:00+00:00,18419.9
BTCUSD_201225,BTC,2020-12-25 00:00:00+00:00,2020-12-09 00:00:00+00:00,18632.0
BTCUSD_201225,BTC,2020-12-25 00:00:00+00:00,2020-12-10 00:00:00+00:00,18334.9
BTCUSD_201225,BTC,2020-12-25 00:00:00+00:00,2020-12-11 00:00:00+00:00,18089.2
BTCUSD_201225,BTC,2020-12-25 00:00:00+00:00,2020-12-12 00:00:00+00:00,18873.0
BTCUSD_201225,BTC,2020-12-25 00:00:00+00:00,2020-12-13 00:00:00+00:00,19260.9
BTCUSD_201225,BTC,2020-12-25 00:00:00+00:00,2020-12-14 00:00:00+00:00,19342.5
BTCUSD_201225,BTC,2020-12-25 00:00:00+00:00,2020-12-15 00:00:00+00:00,19507.1
BTCUSD_201225,BTC,2020-12-25 00:00:00+00:00,2020-12-16 00:00:00+00:00,21498.1
BTCUSD_201225,BTC,2020-12-25 00:00:00+00:00,2020-12-17 00:00:00+00:00,22955.6
BTCUSD_201225,BTC,2020-12-25 00:00:00+00:00,2020-12-18 00:00:00+00:00,23248.9
BTCUSD_201225,BTC,2020-12-25 00:00:00+00:00,2020-12-19 00:00:00+00:00,23986.6
BTCUSD_201225,BTC,2020-12-25 00:00:00+00:00,2020-12-20 00:00:00+00:00,23584.8
BTCUSD_201225,BTC,2020-12-25 00:00:00+00:00,2020-12-21 00:00:00+00:00,22763.2
BTCUSD_201225,BTC,2020-12-25 00:00:00+00:00,2020-12-22 00:00:00+00:00,23864.9
BTCUSD_201225,BTC,2020-12-25 00:00:00+00:00,2020-12-23 00:00:00+00:00,23252.1
BTCUSD_201225,BTC,2020-12-25 00:00:00+00:00,2020-12-24 00:00:00+00:00,23721.9
BTCUSD_210326,BTC,2021-03-26 00:00:00+00:00,2020-09-25 00:00:00+00:00,10949.8
BTCUSD_210326,BTC,2021-03-26 00:00:00+00:00,2020-09-26 00:00:00+00:00,11006.7
BTCUSD_210326,BTC,2021-03-26 00:00:00+00:00,2020-09-27 00:00:00+00:00,11097.9
BTCUSD_210326,BTC,2021-03-26 00:00:00+00:00,2020-09-28 00:00:00+00:00,10984.9
BTCUSD_210326,BTC,2021-03-26 00:00:00+00:00,2020-09-29 00:00:00+00:00,11151.1
BTCUSD_210326,BTC,2021-03-26 00:00:00+00:00,2020-09-30 00:00:00+00:00,11073.4
BTCUSD_210326,BTC,2021-03-26 00:00:00+00:00,2020-10-01 00:00:00+00:00,10923.2
BTCUSD_210326,BTC,2021-03-26 00:00:00+00:00,2020-10-02 00:00:00+00:00,10934.5
BTCUSD_210326,BTC,2021-03-26 00:00:00+00:00,2020-10-03 00:00:00+00:00,10848.8
BTCUSD_210326,BTC,2021-03-26 00:00:00+00:00,2020-10-04 00:00:00+00:00,10985.3
BTCUSD_210326,BTC,2021-03-26 00:00:00+00:00,2020-10-05 00:00:00+00:00,11113.7
BTCUSD_210326,BTC,2021-03-26 00:00:00+00:00,2020-10-06 00:00:00+00:00,10919.2
BTCUSD_210326,BTC,2021-03-26 00:00:00+00:00,2020-10-07 00:00:00+00:00,10995.4
BTCUSD_210326,BTC,2021-03-26 00:00:00+00:00,2020-10-08 00:00:00+00:00,11293.3
BTCUSD_210326,BTC,2021-03-26 00:00:00+00:00,2020-10-09 00:00:00+00:00,11436.3
BTCUSD_210326,BTC,2021-03-26 00:00:00+00:00,2020-10-10 00:00:00+00:00,11729.0
BTCUSD_210326,BTC,2021-03-26 00:00:00+00:00,2020-10-11 00:00:00+00:00,11813.4
BTCUSD_210326,BTC,2021-03-26 00:00:00+00:00,2020-10-12 00:00:00+00:00,12069.4
BTCUSD_210326,BTC,2021-03-26 00:00:00+00:00,2020-10-13 00:00:00+00:00,11905.2
BTCUSD_210326,BTC,2021-03-26 00:00:00+00:00,2020-10-14 00:00:00+00:00,11902.3
BTCUSD_210326,BTC,2021-03-26 00:00:00+00:00,2020-10-15 00:00:00+00:00,11999.5
BTCUSD_210326,BTC,2021-03-26 00:00:00+00:00,2020-10-16 00:00:00+00:00,11765.6
BTCUSD_210326,BTC,2021-03-26 00:00:00+00:00,2020-10-17 00:00:00+00:00,11793.9
BTCUSD_210326,BTC,2021-03-26 00:00:00+00:00,2020-10-18 00:00:00+00:00,11946.4
BTCUSD_210326,BTC,2021-03-26 00:00:00+00:00,2020-10-19 00:00:00+00:00,12198.1
BTCUSD_210326,BTC,2021-03-26 00:00:00+00:00,2020-10-20 00:00:00+00:00,12355.8
BTCUSD_210326,BTC,2021-03-26 00:00:00+00:00,2020-10-21 00:00:00+00:00,13407.1
BTCUSD_210326,BTC,2021-03-26 00:00:00+00:00,2020-10-22 00:00:00+00:00,13512.0
BTCUSD_210326,BTC,2021-03-26 00:00:00+00:00,2020-10-23 00:00:00+00:00,13523.4
BTCUSD_210326,BTC,2021-03-26 00:00:00+00:00,2020-10-24 00:00:00+00:00,13757.3
BTCUSD_210326,BTC,2021-03-26 00:00:00+00:00,2020-10-25 00:00:00+00:00,13655.8
BTCUSD_210326,BTC,2021-03-26 00:00:00+00:00,2020-10-26 00:00:00+00:00,13667.1
BTCUSD_210326,BTC,2021-03-26 00:00:00+00:00,2020-10-27 00:00:00+00:00,14271.7
BTCUSD_210326,BTC,2021-03-26 00:00:00+00:00,2020-10-28 00:00:00+00:00,13792.5
BTCUSD_210326,BTC,2021-03-26 00:00:00+00:00,2020-10-29 00:00:00+00:00,13942.6
BTCUSD_210326,BTC,2021-03-26 00:00:00+00:00,2020-10-30 00:00:00+00:00,14022.5
BTCUSD_210326,BTC,2021-03-26 00:00:00+00:00,2020-10-31 00:00:00+00:00,14337.1
BTCUSD_210326,BTC,2021-03-26 00:00:00+00:00,2020-11-01 00:00:00+00:00,14277.5
BTCUSD_210326,BTC,2021-03-26 00:00:00+00:00,2020-11-02 00:00:00+00:00,14013.3
BTCUSD_210326,BTC,2021-03-26 00:00:00+00:00,2020-11-03 00:00:00+00:00,14525.8
BTCUSD_210326,BTC,2021-03-26 00:00:00+00:00,2020-11-04 00:00:00+00:00,14685.0
BTCUSD_210326,BTC,2021-03-26 00:00:00+00:00,2020-11-05 00:00:00+00:00,16246.6
BTCUSD_210326,BTC,2021-03-26 00:00:00+00:00,2020-11-06 00:00:00+00:00,16194.7
BTCUSD_210326,BTC,2021-03-26 00:00:00+00:00,2020-11-07 00:00:00+00:00,15511.8
BTCUSD_210326,BTC,2021-03-26 00:00:00+00:00,2020-11-08 00:00:00+00:00,16148.1
BTCUSD_210326,BTC,2021-03-26 00:00:00+00:00,2020-11-09 00:00:00+00:00,15894.4
BTCUSD_210326,BTC,2021-03-26 00:00:00+00:00,2020-11-10 00:00:00+00:00,15836.8
BTCUSD_210326,BTC,2021-03-26 00:00:00+00:00,2020-11-11 00:00:00+00:00,16305.8
BTCUSD_210326,BTC,2021-03-26 00:00:00+00:00,2020-11-12 00:00:00+00:00,16937.9
BTCUSD_210326,BTC,2021-03-26 00:00:00+00:00,2020-11-13 00:00:00+00:00,16886.1
BTCUSD_210326,BTC,2021-03-26 00:00:00+00:00,2020-11-14 00:00:00+00:00,16579.4
BTCUSD_210326,BTC,2021-03-26 00:00:00+00:00,2020-11-15 00:00:00+00:00,16430.6
BTCUSD_210326,BTC,2021-03-26 00:00:00+00:00,2020-11-16 00:00:00+00:00,17268.5
BTCUSD_210326,BTC,2021-03-26 00:00:00+00:00,2020-11-17 00:00:00+00:00,18216.1
BTCUSD_210326,BTC,2021-03-26 00:00:00+00:00,2020-11-18 00:00:00+00:00,18283.6
BTCUSD_210326,BTC,2021-03-26 00:00:00+00:00,2020-11-19 00:00:00+00:00,18356.0
BTCUSD_210326,BTC,2021-03-26 00:00:00+00:00,2020-11-20 00:00:00+00:00,19266.5
BTCUSD_210326,BTC,2021-03-26 00:00:00+00:00,2020-11-21 00:00:00+00:00,19351.9
BTCUSD_210326,BTC,2021-03-26 00:00:00+00:00,2020-11-22 00:00:00+00:00,19041.5
BTCUSD_210326,BTC,2021-03-26 00:00:00+00:00,2020-11-23 00:00:00+00:00,19070.8
BTCUSD_210326,BTC,2021-03-26 00:00:00+00:00,2020-11-24 00:00:00+00:00,19959.6
BTCUSD_210326,BTC,2021-03-26 00:00:00+00:00,2020-11-25 00:00:00+00:00,19437.0
BTCUSD_210326,BTC,2021-03-26 00:00:00+00:00,2020-11-26 00:00:00+00:00,17737.9
BTCUSD_210326,BTC,2021-03-26 00:00:00+00:00,2020-11-27 00:00:00+00:00,17747.1
BTCUSD_210326,BTC,2021-03-26 00:00:00+00:00,2020-11-28 00:00:00+00:00,18354.0
BTCUSD_210326,BTC,2021-03-26 00:00:00+00:00,2020-11-29 00:00:00+00:00,18821.1
BTCUSD_210326,BTC,2021-03-26 00:00:00+00:00,2020-11-30 00:00:00+00:00,20635.8
BTCUSD_210326,BTC,2021-03-26 00:00:00+00:00,2020-12-01 00:00:00+00:00,19501.0
BTCUSD_210326,BTC,2021-03-26 00:00:00+00:00,2020-12-02 00:00:00+00:00,19978.1
BTCUSD_210326,BTC,2021-03-26 00:00:00+00:00,2020-12-03 00:00:00+00:00,20234.1
BTCUSD_210326,BTC,2021-03-26 00:00:00+00:00,2020-12-04 00:00:00+00:00,19306.4
BTCUSD_210326,BTC,2021-03-26 00:00:00+00:00,2020-12-05 00:00:00+00:00,19915.9
BTCUSD_210326,BTC,2021-03-26 00:00:00+00:00,2020-12-06 00:00:00+00:00,20153.0
BTCUSD_210326,BTC,2021-03-26 00:00:00+00:00,2020-12-07 00:00:00+00:00,19900.6
BTCUSD_210326,BTC,2021-03-26 00:00:00+00:00,2020-12-08 00:00:00+00:00,18984.8
BTCUSD_210326,BTC,2021-03-26 00:00:00+00:00,2020-12-09 00:00:00+00:00,19155.8
BTCUSD_210326,BTC,2021-03-26 00:00:00+00:00,2020-12-10 00:00:00+00:00,18778.6
BTCUSD_210326,BTC,2021-03-26 00:00:00+00:00,2020-12-11 00:00:00+00:00,18548.8
BTCUSD_210326,BTC,2021-03-26 00:00:00+00:00,2020-12-12 00:00:00+00:00,19395.3
BTCUSD_210326,BTC,2021-03-26 00:00:00+00:00,2020-12-13 00:00:00+00:00,19940.8
BTCUSD_210326,BTC,2021-03-26 00:00:00+00:00,2020-12-14 00:00:00+00:00,20011.8
BTCUSD_210326,BTC,2021-03-26 00:00:00+00:00,2020-12-15 00:00:00+00:00,20186.1
BTCUSD_210326,BTC,2021-03-26 00:00:00+00:00,2020-12-16 00:00:00+00:00,22384.0
BTCUSD_210326,BTC,2021-03-26 00:00:00+00:00,2020-12-17 00:00:00+00:00,23908.3
BTCUSD_210326,BTC,2021-03-26 00:00:00+00:00,2020-12-18 00:00:00+00:00,24269.1
BTCUSD_210326,BTC,2021-03-26 00:00:00+00:00,2020-12-19 00:00:00+00:00,25206.1
BTCUSD_210326,BTC,2021-03-26 00:00:00+00:00,2020-12-20 00:00:00+00:00,24612.9
BTCUSD_210326,BTC,2021-03-26 00:00:00+00:00,2020-12-21 00:00:00+00:00,23666.2
BTCUSD_210326,BTC,2021-03-26 00:00:00+00:00,2020-12-22 00:00:00+00:00,24963.8
BTCUSD_210326,BTC,2021-03-26 00:00:00+00:00,2020-12-23 00:00:00+00:00,24182.4
BTCUSD_210326,BTC,2021-03-26 00:00:00+00:00,2020-12-24 00:00:00+00:00,24806.7
BTCUSD_210326,BTC,2021-03-26 00:00:00+00:00,2020-12-25 00:00:00+00:00,25889.6
BTCUSD_210326,BTC,2021-03-26 00:00:00+00:00,2020-12-26 00:00:00+00:00,27827.9
BTCUSD_210326,BTC,2021-03-26 00:00:00+00:00,2020-12-27 00:00:00+00:00,27624.2
BTCUSD_210326,BTC,2021-03-26 00:00:00+00:00,2020-12-28 00:00:00+00:00,28392.2
BTCUSD_210326,BTC,2021-03-26 00:00:00+00:00,2020-12-29 00:00:00+00:00,28697.7
BTCUSD_210326,BTC,2021-03-26 00:00:00+00:00,2020-12-30 00:00:00+00:00,30319.6
BTCUSD_210326,BTC,2021-03-26 00:00:00+00:00,2020-12-31 00:00:00+00:00,30039.3
BTCUSD_210326,BTC,2021-03-26 00:00:00+00:00,2021-01-01 00:00:00+00:00,30435.4
BTCUSD_210326,BTC,2021-03-26 00:00:00+00:00,2021-01-02 00:00:00+00:00,33576.7
BTCUSD_210326,BTC,2021-03-26 00:00:00+00:00,2021-01-03 00:00:00+00:00,34777.7
BTCUSD_210326,BTC,2021-03-26 00:00:00+00:00,2021-01-04 00:00:00+00:00,33502.3
BTCUSD_210326,BTC,2021-03-26 00:00:00+00:00,2021-01-05 00:00:00+00:00,35632.0
BTCUSD_210326,BTC,2021-03-26 00:00:00+00:00,2021-01-06 00:00:00+00:00,38709.2
BTCUSD_210326,BTC,2021-03-26 00:00:00+00:00,2021-01-07 00:00:00+00:00,41490.4
BTCUSD_210326,BTC,2021-03-26 00:00:00+00:00,2021-01-08 00:00:00+00:00,42327.8
BTCUSD_210326,BTC,2021-03-26 00:00:00+00:00,2021-01-09 00:00:00+00:00,42036.0
BTCUSD_210326,BTC,2021-03-26 00:00:00+00:00,2021-01-10 00:00:00+00:00,39780.0
BTCUSD_210326,BTC,2021-03-26 00:00:00+00:00,2021-01-11 00:00:00+00:00,37024.4
BTCUSD_210326,BTC,2021-03-26 00:00:00+00:00,2021-01-12 00:00:00+00:00,35652.7
BTCUSD_210326,BTC,2021-03-26 00:00:00+00:00,2021-01-13 00:00:00+00:00,39196.5
BTCUSD_210326,BTC,2021-03-26 00:00:00+00:00,2021-01-14 00:00:00+00:00,41137.2
BTCUSD_210326,BTC,2021-03-26 00:00:00+00:00,2021-01-15 00:00:00+00:00,38393.0
BTCUSD_210326,BTC,2021-03-26 00:00:00+00:00,2021-01-16 00:00:00+00:00,37573.6
BTCUSD_210326,BTC,2021-03-26 00:00:00+00:00,2021-01-17 00:00:00+00:00,37424.5
BTCUSD_210326,BTC,2021-03-26 00:00:00+00:00,2021-01-18 00:00:00+00:00,38451.3
BTCUSD_210326,BTC,2021-03-26 00:00:00+00:00,2021-01-19 00:00:00+00:00,37504.7
BTCUSD_210326,BTC,2021-03-26 00:00:00+00:00,2021-01-20 00:00:00+00:00,36750.3
BTCUSD_210326,BTC,2021-03-26 00:00:00+00:00,2021-01-21 00:00:00+00:00,31561.8
BTCUSD_210326,BTC,2021-03-26 00:00:00+00:00,2021-01-22 00:00:00+00:00,33960.8
BTCUSD_210326,BTC,2021-03-26 00:00:00+00:00,2021-01-23 00:00:00+00:00,33130.0
BTCUSD_210326,BTC,2021-03-26 00:00:00+00:00,2021-01-24 00:00:00+00:00,33315.2
BTCUSD_210326,BTC,2021-03-26 00:00:00+00:00,2021-01-25 00:00:00+00:00,33210.5
BTCUSD_210326,BTC,2021-03-26 00:00:00+00:00,2021-01-26 00:00:00+00:00,33350.0
BTCUSD_210326,BTC,2021-03-26 00:00:00+00:00,2021-01-27 00:00:00+00:00,30936.3
BTCUSD_210326,BTC,2021-03-26 00:00:00+00:00,2021-01-28 00:00:00+00:00,34148.5
BTCUSD_210326,BTC,2021-03-26 00:00:00+00:00,2021-01-29 00:00:00+00:00,35365.5
BTCUSD_210326,BTC,2021-03-26 00:00:00+00:00,2021-01-30 00:00:00+00:00,35159.4
BTCUSD_210326,BTC,2021-03-26 00:00:00+00:00,2021-01-31 00:00:00+00:00,33879.8
BTCUSD_210326,BTC,2021-03-26 00:00:00+00:00,2021-02-01 00:00:00+00:00,34449.8
BTCUSD_210326,BTC,2021-03-26 00:00:00+00:00,2021-02-02 00:00:00+00:00,36843.3
BTCUSD_210326,BTC,2021-03-26 00:00:00+00:00,2021-02-03 00:00:00+00:00,39319.4
BTCUSD_210326,BTC,2021-03-26 00:00:00+00:00,2021-02-04 00:00:00+00:00,38588.8
BTCUSD_210326,BTC,2021-03-26 00:00:00+00:00,2021-02-05 00:00:00+00:00,39951.4
BTCUSD_210326,BTC,2021-03-26 00:00:00+00:00,2021-02-06 00:00:00+00:00,41176.6
BTCUSD_210326,BTC,2021-03-26 00:00:00+00:00,2021-02-07 00:00:00+00:00,40190.0
BTCUSD_210326,BTC,2021-03-26 00:00:00+00:00,2021-02-08 00:00:00+00:00,48747.1
BTCUSD_210326,BTC,2021-03-26 00:00:00+00:00,2021-02-09 00:00:00+00:00,48725.0
BTCUSD_210326,BTC,2021-03-26 00:00:00+00:00,2021-02-10 00:00:00+00:00,46852.6
BTCUSD_210326,BTC,2021-03-26 00:00:00+00:00,2021-02-11 00:00:00+00:00,50397.0
BTCUSD_210326,BTC,2021-03-26 00:00:00+00:00,2021-02-12 00:00:00+00:00,49836.1
BTCUSD_210326,BTC,2021-03-26 00:00:00+00:00,2021-02-13 00:00:00+00:00,49512.6
BTCUSD_210326,BTC,2021-03-26 00:00:00+00:00,2021-02-14 00:00:00+00:00,51025.6
BTCUSD_210326,BTC,2021-03-26 00:00:00+00:00,2021-02-15 00:00:00+00:00,50221.2
BTCUSD_210326,BTC,2021-03-26 00:00:00+00:00,2021-02-16 00:00:00+00:00,51420.0
BTCUSD_210326,BTC,2021-03-26 00:00:00+00:00,2021-02-17 00:00:00+00:00,54770.3
BTCUSD_210326,BTC,2021-03-26 00:00:00+00:00,2021-02-18 00:00:00+00:00,53930.0
BTCUSD_210326,BTC,2021-03-26 00:00:00+00:00,2021-02-19 00:00:00+00:00,58345.3
BTCUSD_210326,BTC,2021-03-26 00:00:00+00:00,2021-02-20 00:00:00+00:00,57972.4
BTCUSD_210326,BTC,2021-03-26 00:00:00+00:00,2021-02-21 00:00:00+00:00,59827.7
BTCUSD_210326,BTC,2021-03-26 00:00:00+00:00,2021-02-22 00:00:00+00:00,55776.1
BTCUSD_210326,BTC,2021-03-26 00:00:00+00:00,2021-02-23 00:00:00+00:00,50446.1
BTCUSD_210326,BTC,2021-03-26 00:00:00+00:00,2021-02-24 00:00:00+00:00,51012.2
BTCUSD_210326,BTC,2021-03-26 00:00:00+00:00,2021-02-25 00:00:00+00:00,48033.0
BTCUSD_210326,BTC,2021-03-26 00:00:00+00:00,2021-02-26 00:00:00+00:00,47169.4
BTCUSD_210326,BTC,2021-03-26 00:00:00+00:00,2021-02-27 00:00:00+00:00,46920.1
BTCUSD_210326,BTC,2021-03-26 00:00:00+00:00,2021-02-28 00:00:00+00:00,45749.9
BTCUSD_210326,BTC,2021-03-26 00:00:00+00:00,2021-03-01 00:00:00+00:00,50370.6
BTCUSD_210326,BTC,2021-03-26 00:00:00+00:00,2021-03-02 00:00:00+00:00,49115.9
BTCUSD_210326,BTC,2021-03-26 00:00:00+00:00,2021-03-03 00:00:00+00:00,51092.1
BTCUSD_210326,BTC,2021-03-26 00:00:00+00:00,2021-03-04 00:00:00+00:00,48842.5
BTCUSD_210326,BTC,2021-03-26 00:00:00+00:00,2021-03-05 00:00:00+00:00,49266.6
BTCUSD_210326,BTC,2021-03-26 00:00:00+00:00,2021-03-06 00:00:00+00:00,49393.5
BTCUSD_210326,BTC,2021-03-26 00:00:00+00:00,2021-03-07 00:00:00+00:00,51716.9
BTCUSD_210326,BTC,2021-03-26 00:00:00+00:00,2021-03-08 00:00:00+00:00,53167.4
BTCUSD_210326,BTC,2021-03-26 00:00:00+00:00,2021-03-09 00:00:00+00:00,55610.5
BTCUSD_210326,BTC,2021-03-26 00:00:00+00:00,2021-03-10 00:00:00+00:00,56681.1
BTCUSD_210326,BTC,2021-03-26 00:00:00+00:00,2021-03-11 00:00:00+00:00,58734.0
BTCUSD_210326,BTC,2021-03-26 00:00:00+00:00,2021-03-12 00:00:00+00:00,57956.4
BTCUSD_210326,BTC,2021-03-26 00:00:00+00:00,2021-03-13 00:00:00+00:00,62376.0
BTCUSD_210326,BTC,2021-03-26 00:00:00+00:00,2021-03-14 00:00:00+00:00,59820.7
BTCUSD_210326,BTC,2021-03-26 00:00:00+00:00,2021-03-15 00:00:00+00:00,55926.9
BTCUSD_210326,BTC,2021-03-26 00:00:00+00:00,2021-03-16 00:00:00+00:00,57294.2
BTCUSD_210326,BTC,2021-03-26 00:00:00+00:00,2021-03-17 00:00:00+00:00,59302.2
BTCUSD_210326,BTC,2021-03-26 00:00:00+00:00,2021-03-18 00:00:00+00:00,57948.9
BTCUSD_210326,BTC,2021-03-26 00:00:00+00:00,2021-03-19 00:00:00+00:00,58295.3
BTCUSD_210326,BTC,2021-03-26 00:00:00+00:00,2021-03-20 00:00:00+00:00,58328.3
BTCUSD_210326,BTC,2021-03-26 00:00:00+00:00,2021-03-21 00:00:00+00:00,57584.3
BTCUSD_210326,BTC,2021-03-26 00:00:00+00:00,2021-03-22 00:00:00+00:00,54166.3
BTCUSD_210326,BTC,2021-03-26 00:00:00+00:00,2021-03-23 00:00:00+00:00,54449.5
BTCUSD_210326,BTC,2021-03-26 00:00:00+00:00,2021-03-24 00:00:00+00:00,52307.9
BTCUSD_210326,BTC,2021-03-26 00:00:00+00:00,2021-03-25 00:00:00+00:00,51361.7
BTCUSD_210625,BTC,2021-06-25 00:00:00+00:00,2020-12-25 00:00:00+00:00,26611.4
BTCUSD_210625,BTC,2021-06-25 00:00:00+00:00,2020-12-26 00:00:00+00:00,28704.8
BTCUSD_210625,BTC,2021-06-25 00:00:00+00:00,2020-12-27 00:00:00+00:00,28452.9
BTCUSD_210625,BTC,2021-06-25 00:00:00+00:00,2020-12-28 00:00:00+00:00,29286.2
BTCUSD_210625,BTC,2021-06-25 00:00:00+00:00,2020-12-29 00:00:00+00:00,29527.8
BTCUSD_210625,BTC,2021-06-25 00:00:00+00:00,2020-12-30 00:00:00+00:00,31187.6
BTCUSD_210625,BTC,2021-06-25 00:00:00+00:00,2020-12-31 00:00:00+00:00,30928.6
BTCUSD_210625,BTC,2021-06-25 00:00:00+00:00,2021-01-01 00:00:00+00:00,31350.5
BTCUSD_210625,BTC,2021-06-25 00:00:00+00:00,2021-01-02 00:00:00+00:00,34656.8
BTCUSD_210625,BTC,2021-06-25 00:00:00+00:00,2021-01-03 00:00:00+00:00,35899.9
BTCUSD_210625,BTC,2021-06-25 00:00:00+00:00,2021-01-04 00:00:00+00:00,34706.7
BTCUSD_210625,BTC,2021-06-25 00:00:00+00:00,2021-01-05 00:00:00+00:00,36976.8
BTCUSD_210625,BTC,2021-06-25 00:00:00+00:00,2021-01-06 00:00:00+00:00,40362.8
BTCUSD_210625,BTC,2021-06-25 00:00:00+00:00,2021-01-07 00:00:00+00:00,43195.6
BTCUSD_210625,BTC,2021-06-25 00:00:00+00:00,2021-01-08 00:00:00+00:00,44112.1
BTCUSD_210625,BTC,2021-06-25 00:00:00+00:00,2021-01-09 00:00:00+00:00,43326.4
BTCUSD_210625,BTC,2021-06-25 00:00:00+00:00,2021-01-10 00:00:00+00:00,40918.7
BTCUSD_210625,BTC,2021-06-25 00:00:00+00:00,2021-01-11 00:00:00+00:00,37849.8
BTCUSD_210625,BTC,2021-06-25 00:00:00+00:00,2021-01-12 00:00:00+00:00,36495.2
BTCUSD_210625,BTC,2021-06-25 00:00:00+00:00,2021-01-13 00:00:00+00:00,40191.0
BTCUSD_210625,BTC,2021-06-25 00:00:00+00:00,2021-01-14 00:00:00+00:00,42363.9
BTCUSD_210625,BTC,2021-06-25 00:00:00+00:00,2021-01-15 00:00:00+00:00,39489.4
BTCUSD_210625,BTC,2021-06-25 00:00:00+00:00,2021-01-16 00:00:00+00:00,38711.2
BTCUSD_210625,BTC,2021-06-25 00:00:00+00:00,2021-01-17 00:00:00+00:00,38372.6
BTCUSD_210625,BTC,2021-06-25 00:00:00+00:00,2021-01-18 00:00:00+00:00,39482.3
BTCUSD_210625,BTC,2021-06-25 00:00:00+00:00,2021-01-19 00:00:00+00:00,38550.4
BTCUSD_210625,BTC,2021-06-25 00:00:00+00:00,2021-01-20 00:00:00+00:00,37854.8
BTCUSD_210625,BTC,2021-06-25 00:00:00+00:00,2021-01-21 00:00:00+00:00,32332.1
BTCUSD_210625,BTC,2021-06-25 00:00:00+00:00,2021-01-22 00:00:00+00:00,34928.8
BTCUSD_210625,BTC,2021-06-25 00:00:00+00:00,2021-01-23 00:00:00+00:00,34010.7
BTCUSD_210625,BTC,2021-06-25 00:00:00+00:00,2021-01-24 00:00:00+00:00,34224.2
BTCUSD_210625,BTC,2021-06-25 00:00:00+00:00,2021-01-25 00:00:00+00:00,34132.7
BTCUSD_210625,BTC,2021-06-25 00:00:00+00:00,2021-01-26 00:00:00+00:00,34198.8
BTCUSD_210625,BTC,2021-06-25 00:00:00+00:00,2021-01-27 00:00:00+00:00,31664.7
BTCUSD_210625,BTC,2021-06-25 00:00:00+00:00,2021-01-28 00:00:00+00:00,35041.5
BTCUSD_210625,BTC,2021-06-25 00:00:00+00:00,2021-01-29 00:00:00+00:00,36556.3
BTCUSD_210625,BTC,2021-06-25 00:00:00+00:00,2021-01-30 00:00:00+00:00,36382.5
BTCUSD_210625,BTC,2021-06-25 00:00:00+00:00,2021-01-31 00:00:00+00:00,34922.7
BTCUSD_210625,BTC,2021-06-25 00:00:00+00:00,2021-02-01 00:00:00+00:00,35548.3
BTCUSD_210625,BTC,2021-06-25 00:00:00+00:00,2021-02-02 00:00:00+00:00,38121.0
BTCUSD_210625,BTC,2021-06-25 00:00:00+00:00,2021-02-03 00:00:00+00:00,40717.7
BTCUSD_210625,BTC,2021-06-25 00:00:00+00:00,2021-02-04 00:00:00+00:00,39826.7
BTCUSD_210625,BTC,2021-06-25 00:00:00+00:00,2021-02-05 00:00:00+00:00,41226.2
BTCUSD_210625,BTC,2021-06-25 00:00:00+00:00,2021-02-06 00:00:00+00:00,42619.4
BTCUSD_210625,BTC,2021-06-25 00:00:00+00:00,2021-02-07 00:00:00+00:00,41558.5
BTCUSD_210625,BTC,2021-06-25 00:00:00+00:00,2021-02-08 00:00:00+00:00,50735.4
BTCUSD_210625,BTC,2021-06-25 00:00:00+00:00,2021-02-09 00:00:00+00:00,50787.3
BTCUSD_210625,BTC,2021-06-25 00:00:00+00:00,2021-02-10 00:00:00+00:00,48689.1
BTCUSD_210625,BTC,2021-06-25 00:00:00+00:00,2021-02-11 00:00:00+00:00,52589.3
BTCUSD_210625,BTC,2021-06-25 00:00:00+00:00,2021-02-12 00:00:00+00:00,52007.6
BTCUSD_210625,BTC,2021-06-25 00:00:00+00:00,2021-02-13 00:00:00+00:00,51770.8
BTCUSD_210625,BTC,2021-06-25 00:00:00+00:00,2021-02-14 00:00:00+00:00,53441.9
BTCUSD_210625,BTC,2021-06-25 00:00:00+00:00,2021-02-15 00:00:00+00:00,52640.5
BTCUSD_210625,BTC,2021-06-25 00:00:00+00:00,2021-02-16 00:00:00+00:00,53809.0
BTCUSD_210625,BTC,2021-06-25 00:00:00+00:00,2021-02-17 00:00:00+00:00,57630.2
BTCUSD_210625,BTC,2021-06-25 00:00:00+00:00,2021-02-18 00:00:00+00:00,56616.2
BTCUSD_210625,BTC,2021-06-25 00:00:00+00:00,2021-02-19 00:00:00+00:00,61580.3
BTCUSD_210625,BTC,2021-06-25 00:00:00+00:00,2021-02-20 00:00:00+00:00,61099.1
BTCUSD_210625,BTC,2021-06-25 00:00:00+00:00,2021-02-21 00:00:00+00:00,63053.2
BTCUSD_210625,BTC,2021-06-25 00:00:00+00:00,2021-02-22 00:00:00+00:00,58799.6
BTCUSD_210625,BTC,2021-06-25 00:00:00+00:00,2021-02-23 00:00:00+00:00,53109.2
BTCUSD_210625,BTC,2021-06-25 00:00:00+00:00,2021-02-24 00:00:00+00:00,53710.7
BTCUSD_210625,BTC,2021-06-25 00:00:00+00:00,2021-02-25 00:00:00+00:00,50520.9
BTCUSD_210625,BTC,2021-06-25 00:00:00+00:00,2021-02-26 00:00:00+00:00,49635.8
BTCUSD_210625,BTC,2021-06-25 00:00:00+00:00,2021-02-27 00:00:00+00:00,49258.5
BTCUSD_210625,BTC,2021-06-25 00:00:00+00:00,2021-02-28 00:00:00+00:00,48168.6
BTCUSD_210625,BTC,2021-06-25 00:00:00+00:00,2021-03-01 00:00:00+00:00,52920.3
BTCUSD_210625,BTC,2021-06-25 00:00:00+00:00,2021-03-02 00:00:00+00:00,51632.8
BTCUSD_210625,BTC,2021-06-25 00:00:00+00:00,2021-03-03 00:00:00+00:00,53850.1
BTCUSD_210625,BTC,2021-06-25 00:00:00+00:00,2021-03-04 00:00:00+00:00,51291.5
BTCUSD_210625,BTC,2021-06-25 00:00:00+00:00,2021-03-05 00:00:00+00:00,51767.3
BTCUSD_210625,BTC,2021-06-25 00:00:00+00:00,2021-03-06 00:00:00+00:00,51909.0
BTCUSD_210625,BTC,2021-06-25 00:00:00+00:00,2021-03-07 00:00:00+00:00,54439.2
BTCUSD_210625,BTC,2021-06-25 00:00:00+00:00,2021-03-08 00:00:00+00:00,56047.9
BTCUSD_210625,BTC,2021-06-25 00:00:00+00:00,2021-03-09 00:00:00+00:00,58822.4
BTCUSD_210625,BTC,2021-06-25 00:00:00+00:00,2021-03-10 00:00:00+00:00,60109.1
BTCUSD_210625,BTC,2021-06-25 00:00:00+00:00,2021-03-11 00:00:00+00:00,62673.4
BTCUSD_210625,BTC,2021-06-25 00:00:00+00:00,2021-03-12 00:00:00+00:00,61608.0
BTCUSD_210625,BTC,2021-06-25 00:00:00+00:00,2021-03-13 00:00:00+00:00,67208.4
BTCUSD_210625,BTC,2021-06-25 00:00:00+00:00,2021-03-14 00:00:00+00:00,64423.9
BTCUSD_210625,BTC,2021-06-25 00:00:00+00:00,2021-03-15 00:00:00+00:00,59453.8
BTCUSD_210625,BTC,2021-06-25 00:00:00+00:00,2021-03-16 00:00:00+00:00,60855.5
BTCUSD_210625,BTC,2021-06-25 00:00:00+00:00,2021-03-17 00:00:00+00:00,63235.1
BTCUSD_210625,BTC,2021-06-25 00:00:00+00:00,2021-03-18 00:00:00+00:00,61626.0
BTCUSD_210625,BTC,2021-06-25 00:00:00+00:00,2021-03-19 00:00:00+00:00,62265.1
BTCUSD_210625,BTC,2021-06-25 00:00:00+00:00,2021-03-20 00:00:00+00:00,62644.4
BTCUSD_210625,BTC,2021-06-25 00:00:00+00:00,2021-03-21 00:00:00+00:00,61320.9
BTCUSD_210625,BTC,2021-06-25 00:00:00+00:00,2021-03-22 00:00:00+00:00,57451.5
BTCUSD_210625,BTC,2021-06-25 00:00:00+00:00,2021-03-23 00:00:00+00:00,57829.1
BTCUSD_210625,BTC,2021-06-25 00:00:00+00:00,2021-03-24 00:00:00+00:00,55236.8
BTCUSD_210625,BTC,2021-06-25 00:00:00+00:00,2021-03-25 00:00:00+00:00,54145.8
BTCUSD_210625,BTC,2021-06-25 00:00:00+00:00,2021-03-26 00:00:00+00:00,58073.1
BTCUSD_210625,BTC,2021-06-25 00:00:00+00:00,2021-03-27 00:00:00+00:00,59221.0
BTCUSD_210625,BTC,2021-06-25 00:00:00+00:00,2021-03-28 00:00:00+00:00,59065.0
BTCUSD_210625,BTC,2021-06-25 00:00:00+00:00,2021-03-29 00:00:00+00:00,61702.5
BTCUSD_210625,BTC,2021-06-25 00:00:00+00:00,2021-03-30 00:00:00+00:00,63239.1
BTCUSD_210625,BTC,2021-06-25 00:00:00+00:00,2021-03-31 00:00:00+00:00,63511.4
BTCUSD_210625,BTC,2021-06-25 00:00:00+00:00,2021-04-01 00:00:00+00:00,63473.3
BTCUSD_210625,BTC,2021-06-25 00:00:00+00:00,2021-04-02 00:00:00+00:00,63779.7
BTCUSD_210625,BTC,2021-06-25 00:00:00+00:00,2021-04-03 00:00:00+00:00,61407.0
BTCUSD_210625,BTC,2021-06-25 00:00:00+00:00,2021-04-04 00:00:00+00:00,62755.8
BTCUSD_210625,BTC,2021-06-25 00:00:00+00:00,2021-04-05 00:00:00+00:00,64585.9
BTCUSD_210625,BTC,2021-06-25 00:00:00+00:00,2021-04-06 00:00:00+00:00,62667.6
BTCUSD_210625,BTC,2021-06-25 00:00:00+00:00,2021-04-07 00:00:00+00:00,59783.7
BTCUSD_210625,BTC,2021-06-25 00:00:00+00:00,2021-04-08 00:00:00+00:00,62532.0
BTCUSD_210625,BTC,2021-06-25 00:00:00+00:00,2021-04-09 00:00:00+00:00,62597.0
BTCUSD_210625,BTC,2021-06-25 00:00:00+00:00,2021-04-10 00:00:00+00:00,65543.5
BTCUSD_210625,BTC,2021-06-25 00:00:00+00:00,2021-04-11 00:00:00+00:00,65702.2
BTCUSD_210625,BTC,2021-06-25 00:00:00+00:00,2021-04-12 00:00:00+00:00,65276.0
BTCUSD_210625,BTC,2021-06-25 00:00:00+00:00,2021-04-13 00:00:00+00:00,70145.1
BTCUSD_210625,BTC,2021-06-25 00:00:00+00:00,2021-04-14 00:00:00+00:00,68139.9
BTCUSD_210625,BTC,2021-06-25 00:00:00+00:00,2021-04-15 00:00:00+00:00,68478.6
BTCUSD_210625,BTC,2021-06-25 00:00:00+00:00,2021-04-16 00:00:00+00:00,65635.4
BTCUSD_210625,BTC,2021-06-25 00:00:00+00:00,2021-04-17 00:00:00+00:00,63668.1
BTCUSD_210625,BTC,2021-06-25 00:00:00+00:00,2021-04-18 00:00:00+00:00,58542.8
BTCUSD_210625,BTC,2021-06-25 00:00:00+00:00,2021-04-19 00:00:00+00:00,58362.6
BTCUSD_210625,BTC,2021-06-25 00:00:00+00:00,2021-04-20 00:00:00+00:00,59021.0
BTCUSD_210625,BTC,2021-06-25 00:00:00+00:00,2021-04-21 00:00:00+00:00,56271.4
BTCUSD_210625,BTC,2021-06-25 00:00:00+00:00,2021-04-22 00:00:00+00:00,53673.3
BTCUSD_210625,BTC,2021-06-25 00:00:00+00:00,2021-04-23 00:00:00+00:00,52882.0
BTCUSD_210625,BTC,2021-06-25 00:00:00+00:00,2021-04-24 00:00:00+00:00,51786.7
BTCUSD_210625,BTC,2021-06-25 00:00:00+00:00,2021-04-25 00:00:00+00:00,50922.3
BTCUSD_210625,BTC,2021-06-25 00:00:00+00:00,2021-04-26 00:00:00+00:00,56223.0
BTCUSD_210625,BTC,2021-06-25 00:00:00+00:00,2021-04-27 00:00:00+00:00,57155.8
BTCUSD_210625,BTC,2021-06-25 00:00:00+00:00,2021-04-28 00:00:00+00:00,56975.1
BTCUSD_210625,BTC,2021-06-25 00:00:00+00:00,2021-04-29 00:00:00+00:00,55472.9
BTCUSD_210625,BTC,2021-06-25 00:00:00+00:00,2021-04-30 00:00:00+00:00,60051.4
BTCUSD_210625,BTC,2021-06-25 00:00:00+00:00,2021-05-01 00:00:00+00:00,60269.7
BTCUSD_210625,BTC,2021-06-25 00:00:00+00:00,2021-05-02 00:00:00+00:00,58682.5
BTCUSD_210625,BTC,2021-06-25 00:00:00+00:00,2021-05-03 00:00:00+00:00,59133.4
BTCUSD_210625,BTC,2021-06-25 00:00:00+00:00,2021-05-04 00:00:00+00:00,54694.5
BTCUSD_210625,BTC,2021-06-25 00:00:00+00:00,2021-05-05 00:00:00+00:00,59900.5
BTCUSD_210625,BTC,2021-06-25 00:00:00+00:00,2021-05-06 00:00:00+00:00,58437.5
BTCUSD_210625,BTC,2021-06-25 00:00:00+00:00,2021-05-07 00:00:00+00:00,59218.0
BTCUSD_210625,BTC,2021-06-25 00:00:00+00:00,2021-05-08 00:00:00+00:00,61395.9
BTCUSD_210625,BTC,2021-06-25 00:00:00+00:00,2021-05-09 00:00:00+00:00,60537.5
BTCUSD_210625,BTC,2021-06-25 00:00:00+00:00,2021-05-10 00:00:00+00:00,57587.1
BTCUSD_210625,BTC,2021-06-25 00:00:00+00:00,2021-05-11 00:00:00+00:00,58697.7
BTCUSD_210625,BTC,2021-06-25 00:00:00+00:00,2021-05-12 00:00:00+00:00,50884.9
BTCUSD_210625,BTC,2021-06-25 00:00:00+00:00,2021-05-13 00:00:00+00:00,51095.2
BTCUSD_210625,BTC,2021-06-25 00:00:00+00:00,2021-05-14 00:00:00+00:00,51113.7
BTCUSD_210625,BTC,2021-06-25 00:00:00+00:00,2021-05-15 00:00:00+00:00,47717.4
BTCUSD_210625,BTC,2021-06-25 00:00:00+00:00,2021-05-16 00:00:00+00:00,47260.7
BTCUSD_210625,BTC,2021-06-25 00:00:00+00:00,2021-05-17 00:00:00+00:00,44225.8
BTCUSD_210625,BTC,2021-06-25 00:00:00+00:00,2021-05-18 00:00:00+00:00,43362.8
BTCUSD_210625,BTC,2021-06-25 00:00:00+00:00,2021-05-19 00:00:00+00:00,37099.0
BTCUSD_210625,BTC,2021-06-25 00:00:00+00:00,2021-05-20 00:00:00+00:00,40859.5
BTCUSD_210625,BTC,2021-06-25 00:00:00+00:00,2021-05-21 00:00:00+00:00,37415.1
BTCUSD_210625,BTC,2021-06-25 00:00:00+00:00,2021-05-22 00:00:00+00:00,37644.3
BTCUSD_210625,BTC,2021-06-25 00:00:00+00:00,2021-05-23 00:00:00+00:00,34748.6
BTCUSD_210625,BTC,2021-06-25 00:00:00+00:00,2021-05-24 00:00:00+00:00,38992.9
BTCUSD_210625,BTC,2021-06-25 00:00:00+00:00,2021-05-25 00:00:00+00:00,38566.1
BTCUSD_210625,BTC,2021-06-25 00:00:00+00:00,2021-05-26 00:00:00+00:00,39477.8
BTCUSD_210625,BTC,2021-06-25 00:00:00+00:00,2021-05-27 00:00:00+00:00,38696.2
BTCUSD_210625,BTC,2021-06-25 00:00:00+00:00,2021-05-28 00:00:00+00:00,35782.9
BTCUSD_210625,BTC,2021-06-25 00:00:00+00:00,2021-05-29 00:00:00+00:00,34657.2
BTCUSD_210625,BTC,2021-06-25 00:00:00+00:00,2021-05-30 00:00:00+00:00,35694.0
BTCUSD_210625,BTC,2021-06-25 00:00:00+00:00,2021-05-31 00:00:00+00:00,37405.0
BTCUSD_210625,BTC,2021-06-25 00:00:00+00:00,2021-06-01 00:00:00+00:00,36782.7
BTCUSD_210625,BTC,2021-06-25 00:00:00+00:00,2021-06-02 00:00:00+00:00,37697.7
BTCUSD_210625,BTC,2021-06-25 00:00:00+00:00,2021-06-03 00:00:00+00:00,39391.4
BTCUSD_210625,BTC,2021-06-25 00:00:00+00:00,2021-06-04 00:00:00+00:00,36944.4
BTCUSD_210625,BTC,2021-06-25 00:00:00+00:00,2021-06-05 00:00:00+00:00,35536.1
BTCUSD_210625,BTC,2021-06-25 00:00:00+00:00,2021-06-06 00:00:00+00:00,35852.1
BTCUSD_210625,BTC,2021-06-25 00:00:00+00:00,2021-06-07 00:00:00+00:00,33589.6
BTCUSD_210625,BTC,2021-06-25 00:00:00+00:00,2021-06-08 00:00:00+00:00,33366.9
BTCUSD_210625,BTC,2021-06-25 00:00:00+00:00,2021-06-09 00:00:00+00:00,37452.2
BTCUSD_210625,BTC,2021-06-25 00:00:00+00:00,2021-06-10 00:00:00+00:00,36743.6
BTCUSD_210625,BTC,2021-06-25 00:00:00+00:00,2021-06-11 00:00:00+00:00,37394.7
BTCUSD_210625,BTC,2021-06-25 00:00:00+00:00,2021-06-12 00:00:00+00:00,35547.9
BTCUSD_210625,BTC,2021-06-25 00:00:00+00:00,2021-06-13 00:00:00+00:00,39113.8
BTCUSD_210625,BTC,2021-06-25 00:00:00+00:00,2021-06-14 00:00:00+00:00,40565.0
BTCUSD_210625,BTC,2021-06-25 00:00:00+00:00,2021-06-15 00:00:00+00:00,40174.9
BTCUSD_210625,BTC,2021-06-25 00:00:00+00:00,2021-06-16 00:00:00+00:00,38346.7
BTCUSD_210625,BTC,2021-06-25 00:00:00+00:00,2021-06-17 00:00:00+00:00,38053.5
BTCUSD_210625,BTC,2021-06-25 00:00:00+00:00,2021-06-18 00:00:00+00:00,35726.7
BTCUSD_210625,BTC,2021-06-25 00:00:00+00:00,2021-06-19 00:00:00+00:00,35402.9
BTCUSD_210625,BTC,2021-06-25 00:00:00+00:00,2021-06-20 00:00:00+00:00,35544.7
BTCUSD_210625,BTC,2021-06-25 00:00:00+00:00,2021-06-21 00:00:00+00:00,31525.1
BTCUSD_210625,BTC,2021-06-25 00:00:00+00:00,2021-06-22 00:00:00+00:00,32489.1
BTCUSD_210625,BTC,2021-06-25 00:00:00+00:00,2021-06-23 00:00:00+00:00,33620.0
BTCUSD_210625,BTC,2021-06-25 00:00:00+00:00,2021-06-24 00:00:00+00:00,34678.9
BTCUSD_210924,BTC,2021-09-24 00:00:00+00:00,2021-03-26 00:00:00+00:00,60328.1
BTCUSD_210924,BTC,2021-09-24 00:00:00+00:00,2021-03-27 00:00:00+00:00,61737.5
BTCUSD_210924,BTC,2021-09-24 00:00:00+00:00,2021-03-28 00:00:00+00:00,62011.5
BTCUSD_210924,BTC,2021-09-24 00:00:00+00:00,2021-03-29 00:00:00+00:00,64674.2
BTCUSD_210924,BTC,2021-09-24 00:00:00+00:00,2021-03-30 00:00:00+00:00,66560.1
BTCUSD_210924,BTC,2021-09-24 00:00:00+00:00,2021-03-31 00:00:00+00:00,67032.5
BTCUSD_210924,BTC,2021-09-24 00:00:00+00:00,2021-04-01 00:00:00+00:00,67085.8
BTCUSD_210924,BTC,2021-09-24 00:00:00+00:00,2021-04-02 00:00:00+00:00,67213.7
BTCUSD_210924,BTC,2021-09-24 00:00:00+00:00,2021-04-03 00:00:00+00:00,64661.3
BTCUSD_210924,BTC,2021-09-24 00:00:00+00:00,2021-04-04 00:00:00+00:00,66003.3
BTCUSD_210924,BTC,2021-09-24 00:00:00+00:00,2021-04-05 00:00:00+00:00,68164.5
BTCUSD_210924,BTC,2021-09-24 00:00:00+00:00,2021-04-06 00:00:00+00:00,66101.5
BTCUSD_210924,BTC,2021-09-24 00:00:00+00:00,2021-04-07 00:00:00+00:00,62942.6
BTCUSD_210924,BTC,2021-09-24 00:00:00+00:00,2021-04-08 00:00:00+00:00,65937.1
BTCUSD_210924,BTC,2021-09-24 00:00:00+00:00,2021-04-09 00:00:00+00:00,66151.7
BTCUSD_210924,BTC,2021-09-24 00:00:00+00:00,2021-04-10 00:00:00+00:00,69448.2
BTCUSD_210924,BTC,2021-09-24 00:00:00+00:00,2021-04-11 00:00:00+00:00,69719.8
BTCUSD_210924,BTC,2021-09-24 00:00:00+00:00,2021-04-12 00:00:00+00:00,69309.4
BTCUSD_210924,BTC,2021-09-24 00:00:00+00:00,2021-04-13 00:00:00+00:00,74717.7
BTCUSD_210924,BTC,2021-09-24 00:00:00+00:00,2021-04-14 00:00:00+00:00,72712.8
BTCUSD_210924,BTC,2021-09-24 00:00:00+00:00,2021-04-15 00:00:00+00:00,73161.4
BTCUSD_210924,BTC,2021-09-24 00:00:00+00:00,2021-04-16 00:00:00+00:00,70095.9
BTCUSD_210924,BTC,2021-09-24 00:00:00+00:00,2021-04-17 00:00:00+00:00,67963.6
BTCUSD_210924,BTC,2021-09-24 00:00:00+00:00,2021-04-18 00:00:00+00:00,61547.9
BTCUSD_210924,BTC,2021-09-24 00:00:00+00:00,2021-04-19 00:00:00+00:00,61191.2
BTCUSD_210924,BTC,2021-09-24 00:00:00+00:00,2021-04-20 00:00:00+00:00,62186.5
BTCUSD_210924,BTC,2021-09-24 00:00:00+00:00,2021-04-21 00:00:00+00:00,59597.1
BTCUSD_210924,BTC,2021-09-24 00:00:00+00:00,2021-04-22 00:00:00+00:00,56891.6
BTCUSD_210924,BTC,2021-09-24 00:00:00+00:00,2021-04-23 00:00:00+00:00,55943.5
BTCUSD_210924,BTC,2021-09-24 00:00:00+00:00,2021-04-24 00:00:00+00:00,54546.7
BTCUSD_210924,BTC,2021-09-24 00:00:00+00:00,2021-04-25 00:00:00+00:00,53556.0
BTCUSD_210924,BTC,2021-09-24 00:00:00+00:00,2021-04-26 00:00:00+00:00,59396.4
BTCUSD_210924,BTC,2021-09-24 00:00:00+00:00,2021-04-27 00:00:00+00:00,60421.0
BTCUSD_210924,BTC,2021-09-24 00:00:00+00:00,2021-04-28 00:00:00+00:00,60399.8
BTCUSD_210924,BTC,2021-09-24 00:00:00+00:00,2021-04-29 00:00:00+00:00,58846.8
BTCUSD_210924,BTC,2021-09-24 00:00:00+00:00,2021-04-30 00:00:00+00:00,63632.1
BTCUSD_210924,BTC,2021-09-24 00:00:00+00:00,2021-05-01 00:00:00+00:00,63873.2
BTCUSD_210924,BTC,2021-09-24 00:00:00+00:00,2021-05-02 00:00:00+00:00,62205.7
BTCUSD_210924,BTC,2021-09-24 00:00:00+00:00,2021-05-03 00:00:00+00:00,62503.6
BTCUSD_210924,BTC,2021-09-24 00:00:00+00:00,2021-05-04 00:00:00+00:00,57332.7
BTCUSD_210924,BTC,2021-09-24 00:00:00+00:00,2021-05-05 00:00:00+00:00,63028.3
BTCUSD_210924,BTC,2021-09-24 00:00:00+00:00,2021-05-06 00:00:00+00:00,61307.6
BTCUSD_210924,BTC,2021-09-24 00:00:00+00:00,2021-05-07 00:00:00+00:00,62260.8
BTCUSD_210924,BTC,2021-09-24 00:00:00+00:00,2021-05-08 00:00:00+00:00,64648.2
BTCUSD_210924,BTC,2021-09-24 00:00:00+00:00,2021-05-09 00:00:00+00:00,63657.0
BTCUSD_210924,BTC,2021-09-24 00:00:00+00:00,2021-05-10 00:00:00+00:00,60576.9
BTCUSD_210924,BTC,2021-09-24 00:00:00+00:00,2021-05-11 00:00:00+00:00,61700.6
BTCUSD_210924,BTC,2021-09-24 00:00:00+00:00,2021-05-12 00:00:00+00:00,52975.4
BTCUSD_210924,BTC,2021-09-24 00:00:00+00:00,2021-05-13 00:00:00+00:00,53450.8
BTCUSD_210924,BTC,2021-09-24 00:00:00+00:00,2021-05-14 00:00:00+00:00,53274.0
BTCUSD_210924,BTC,2021-09-24 00:00:00+00:00,2021-05-15 00:00:00+00:00,49392.8
BTCUSD_210924,BTC,2021-09-24 00:00:00+00:00,2021-05-16 00:00:00+00:00,49212.3
BTCUSD_210924,BTC,2021-09-24 00:00:00+00:00,2021-05-17 00:00:00+00:00,46115.6
BTCUSD_210924,BTC,2021-09-24 00:00:00+00:00,2021-05-18 00:00:00+00:00,45208.3
BTCUSD_210924,BTC,2021-09-24 00:00:00+00:00,2021-05-19 00:00:00+00:00,38034.3
BTCUSD_210924,BTC,2021-09-24 00:00:00+00:00,2021-05-20 00:00:00+00:00,41986.7
BTCUSD_210924,BTC,2021-09-24 00:00:00+00:00,2021-05-21 00:00:00+00:00,38315.7
BTCUSD_210924,BTC,2021-09-24 00:00:00+00:00,2021-05-22 00:00:00+00:00,38382.8
BTCUSD_210924,BTC,2021-09-24 00:00:00+00:00,2021-05-23 00:00:00+00:00,35466.4
BTCUSD_210924,BTC,2021-09-24 00:00:00+00:00,2021-05-24 00:00:00+00:00,39841.5
BTCUSD_210924,BTC,2021-09-24 00:00:00+00:00,2021-05-25 00:00:00+00:00,39448.0
BTCUSD_210924,BTC,2021-09-24 00:00:00+00:00,2021-05-26 00:00:00+00:00,40473.7
BTCUSD_210924,BTC,2021-09-24 00:00:00+00:00,2021-05-27 00:00:00+00:00,39675.6
BTCUSD_210924,BTC,2021-09-24 00:00:00+00:00,2021-05-28 00:00:00+00:00,36645.0
BTCUSD_210924,BTC,2021-09-24 00:00:00+00:00,2021-05-29 00:00:00+00:00,35451.3
BTCUSD_210924,BTC,2021-09-24 00:00:00+00:00,2021-05-30 00:00:00+00:00,36542.0
BTCUSD_210924,BTC,2021-09-24 00:00:00+00:00,2021-05-31 00:00:00+00:00,38372.4
BTCUSD_210924,BTC,2021-09-24 00:00:00+00:00,2021-06-01 00:00:00+00:00,37636.0
BTCUSD_210924,BTC,2021-09-24 00:00:00+00:00,2021-06-02 00:00:00+00:00,38620.9
BTCUSD_210924,BTC,2021-09-24 00:00:00+00:00,2021-06-03 00:00:00+00:00,40416.4
BTCUSD_210924,BTC,2021-09-24 00:00:00+00:00,2021-06-04 00:00:00+00:00,37900.4
BTCUSD_210924,BTC,2021-09-24 00:00:00+00:00,2021-06-05 00:00:00+00:00,36457.7
BTCUSD_210924,BTC,2021-09-24 00:00:00+00:00,2021-06-06 00:00:00+00:00,36688.9
BTCUSD_210924,BTC,2021-09-24 00:00:00+00:00,2021-06-07 00:00:00+00:00,34315.2
BTCUSD_210924,BTC,2021-09-24 00:00:00+00:00,2021-06-08 00:00:00+00:00,34006.6
BTCUSD_210924,BTC,2021-09-24 00:00:00+00:00,2021-06-09 00:00:00+00:00,38370.8
BTCUSD_210924,BTC,2021-09-24 00:00:00+00:00,2021-06-10 00:00:00+00:00,37584.9
BTCUSD_210924,BTC,2021-09-24 00:00:00+00:00,2021-06-11 00:00:00+00:00,38238.6
BTCUSD_210924,BTC,2021-09-24 00:00:00+00:00,2021-06-12 00:00:00+00:00,36294.1
BTCUSD_210924,BTC,2021-09-24 00:00:00+00:00,2021-06-13 00:00:00+00:00,40099.7
BTCUSD_210924,BTC,2021-09-24 00:00:00+00:00,2021-06-14 00:00:00+00:00,41597.2
BTCUSD_210924,BTC,2021-09-24 00:00:00+00:00,2021-06-15 00:00:00+00:00,41179.7
BTCUSD_210924,BTC,2021-09-24 00:00:00+00:00,2021-06-16 00:00:00+00:00,39104.0
BTCUSD_210924,BTC,2021-09-24 00:00:00+00:00,2021-06-17 00:00:00+00:00,38729.5
BTCUSD_210924,BTC,2021-09-24 00:00:00+00:00,2021-06-18 00:00:00+00:00,36283.0
BTCUSD_210924,BTC,2021-09-24 00:00:00+00:00,2021-06-19 00:00:00+00:00,35942.0
BTCUSD_210924,BTC,2021-09-24 00:00:00+00:00,2021-06-20 00:00:00+00:00,36140.0
BTCUSD_210924,BTC,2021-09-24 00:00:00+00:00,2021-06-21 00:00:00+00:00,31869.6
BTCUSD_210924,BTC,2021-09-24 00:00:00+00:00,2021-06-22 00:00:00+00:00,32944.7
BTCUSD_210924,BTC,2021-09-24 00:00:00+00:00,2021-06-23 00:00:00+00:00,34038.7
BTCUSD_210924,BTC,2021-09-24 00:00:00+00:00,2021-06-24 00:00:00+00:00,35054.2
BTCUSD_210924,BTC,2021-09-24 00:00:00+00:00,2021-06-25 00:00:00+00:00,31923.5
BTCUSD_210924,BTC,2021-09-24 00:00:00+00:00,2021-06-26 00:00:00+00:00,32482.0
BTCUSD_210924,BTC,2021-09-24 00:00:00+00:00,2021-06-27 00:00:00+00:00,34984.6
BTCUSD_210924,BTC,2021-09-24 00:00:00+00:00,2021-06-28 00:00:00+00:00,34779.6
BTCUSD_210924,BTC,2021-09-24 00:00:00+00:00,2021-06-29 00:00:00+00:00,36266.4
BTCUSD_210924,BTC,2021-09-24 00:00:00+00:00,2021-06-30 00:00:00+00:00,35451.0
BTCUSD_210924,BTC,2021-09-24 00:00:00+00:00,2021-07-01 00:00:00+00:00,33751.0
BTCUSD_210924,BTC,2021-09-24 00:00:00+00:00,2021-07-02 00:00:00+00:00,34080.7
BTCUSD_210924,BTC,2021-09-24 00:00:00+00:00,2021-07-03 00:00:00+00:00,34995.1
BTCUSD_210924,BTC,2021-09-24 00:00:00+00:00,2021-07-04 00:00:00+00:00,35579.0
BTCUSD_210924,BTC,2021-09-24 00:00:00+00:00,2021-07-05 00:00:00+00:00,33901.8
BTCUSD_210924,BTC,2021-09-24 00:00:00+00:00,2021-07-06 00:00:00+00:00,34559.7
BTCUSD_210924,BTC,2021-09-24 00:00:00+00:00,2021-07-07 00:00:00+00:00,34105.3
BTCUSD_210924,BTC,2021-09-24 00:00:00+00:00,2021-07-08 00:00:00+00:00,33034.4
BTCUSD_210924,BTC,2021-09-24 00:00:00+00:00,2021-07-09 00:00:00+00:00,34147.4
BTCUSD_210924,BTC,2021-09-24 00:00:00+00:00,2021-07-10 00:00:00+00:00,33741.9
BTCUSD_210924,BTC,2021-09-24 00:00:00+00:00,2021-07-11 00:00:00+00:00,34597.2
BTCUSD_210924,BTC,2021-09-24 00:00:00+00:00,2021-07-12 00:00:00+00:00,33366.0
BTCUSD_210924,BTC,2021-09-24 00:00:00+00:00,2021-07-13 00:00:00+00:00,32916.4
BTCUSD_210924,BTC,2021-09-24 00:00:00+00:00,2021-07-14 00:00:00+00:00,32945.2
BTCUSD_210924,BTC,2021-09-24 00:00:00+00:00,2021-07-15 00:00:00+00:00,31974.5
BTCUSD_210924,BTC,2021-09-24 00:00:00+00:00,2021-07-16 00:00:00+00:00,31439.4
BTCUSD_210924,BTC,2021-09-24 00:00:00+00:00,2021-07-17 00:00:00+00:00,31581.0
BTCUSD_210924,BTC,2021-09-24 00:00:00+00:00,2021-07-18 00:00:00+00:00,31879.2
BTCUSD_210924,BTC,2021-09-24 00:00:00+00:00,2021-07-19 00:00:00+00:00,30816.4
BTCUSD_210924,BTC,2021-09-24 00:00:00+00:00,2021-07-20 00:00:00+00:00,29807.3
BTCUSD_210924,BTC,2021-09-24 00:00:00+00:00,2021-07-21 00:00:00+00:00,32258.1
BTCUSD_210924,BTC,2021-09-24 00:00:00+00:00,2021-07-22 00:00:00+00:00,32408.4
BTCUSD_210924,BTC,2021-09-24 00:00:00+00:00,2021-07-23 00:00:00+00:00,33802.7
BTCUSD_210924,BTC,2021-09-24 00:00:00+00:00,2021-07-24 00:00:00+00:00,34474.0
BTCUSD_210924,BTC,2021-09-24 00:00:00+00:00,2021-07-25 00:00:00+00:00,35641.4
BTCUSD_210924,BTC,2021-09-24 00:00:00+00:00,2021-07-26 00:00:00+00:00,37400.3
BTCUSD_210924,BTC,2021-09-24 00:00:00+00:00,2021-07-27 00:00:00+00:00,39737.9
BTCUSD_210924,BTC,2021-09-24 00:00:00+00:00,2021-07-28 00:00:00+00:00,40361.4
BTCUSD_210924,BTC,2021-09-24 00:00:00+00:00,2021-07-29 00:00:00+00:00,40394.8
BTCUSD_210924,BTC,2021-09-24 00:00:00+00:00,2021-07-30 00:00:00+00:00,42622.9
BTCUSD_210924,BTC,2021-09-24 00:00:00+00:00,2021-07-31 00:00:00+00:00,41835.4
BTCUSD_210924,BTC,2021-09-24 00:00:00+00:00,2021-08-01 00:00:00+00:00,40082.8
BTCUSD_210924,BTC,2021-09-24 00:00:00+00:00,2021-08-02 00:00:00+00:00,39414.7
BTCUSD_210924,BTC,2021-09-24 00:00:00+00:00,2021-08-03 00:00:00+00:00,38413.2
BTCUSD_210924,BTC,2021-09-24 00:00:00+00:00,2021-08-04 00:00:00+00:00,40005.1
BTCUSD_210924,BTC,2021-09-24 00:00:00+00:00,2021-08-05 00:00:00+00:00,41190.7
BTCUSD_210924,BTC,2021-09-24 00:00:00+00:00,2021-08-06 00:00:00+00:00,43207.1
BTCUSD_210924,BTC,2021-09-24 00:00:00+00:00,2021-08-07 00:00:00+00:00,44945.6
BTCUSD_210924,BTC,2021-09-24 00:00:00+00:00,2021-08-08 00:00:00+00:00,44121.6
BTCUSD_210924,BTC,2021-09-24 00:00:00+00:00,2021-08-09 00:00:00+00:00,46680.9
BTCUSD_210924,BTC,2021-09-24 00:00:00+00:00,2021-08-10 00:00:00+00:00,45910.6
BTCUSD_210924,BTC,2021-09-24 00:00:00+00:00,2021-08-11 00:00:00+00:00,45826.4
BTCUSD_210924,BTC,2021-09-24 00:00:00+00:00,2021-08-12 00:00:00+00:00,44663.6
BTCUSD_210924,BTC,2021-09-24 00:00:00+00:00,2021-08-13 00:00:00+00:00,48259.7
BTCUSD_210924,BTC,2021-09-24 00:00:00+00:00,2021-08-14 00:00:00+00:00,47389.9
BTCUSD_210924,BTC,2021-09-24 00:00:00+00:00,2021-08-15 00:00:00+00:00,47319.5
BTCUSD_210924,BTC,2021-09-24 00:00:00+00:00,2021-08-16 00:00:00+00:00,46119.9
BTCUSD_210924,BTC,2021-09-24 00:00:00+00:00,2021-08-17 00:00:00+00:00,44854.8
BTCUSD_210924,BTC,2021-09-24 00:00:00+00:00,2021-08-18 00:00:00+00:00,44859.8
BTCUSD_210924,BTC,2021-09-24 00:00:00+00:00,2021-08-19 00:00:00+00:00,47077.5
BTCUSD_210924,BTC,2021-09-24 00:00:00+00:00,2021-08-20 00:00:00+00:00,49672.0
BTCUSD_210924,BTC,2021-09-24 00:00:00+00:00,2021-08-21 00:00:00+00:00,49120.9
BTCUSD_210924,BTC,2021-09-24 00:00:00+00:00,2021-08-22 00:00:00+00:00,49621.2
BTCUSD_210924,BTC,2021-09-24 00:00:00+00:00,2021-08-23 00:00:00+00:00,49806.9
BTCUSD_210924,BTC,2021-09-24 00:00:00+00:00,2021-08-24 00:00:00+00:00,47835.6
BTCUSD_210924,BTC,2021-09-24 00:00:00+00:00,2021-08-25 00:00:00+00:00,49296.4
BTCUSD_210924,BTC,2021-09-24 00:00:00+00:00,2021-08-26 00:00:00+00:00,46947.1
BTCUSD_210924,BTC,2021-09-24 00:00:00+00:00,2021-08-27 00:00:00+00:00,49351.0
BTCUSD_210924,BTC,2021-09-24 00:00:00+00:00,2021-08-28 00:00:00+00:00,49177.9
BTCUSD_210924,BTC,2021-09-24 00:00:00+00:00,2021-08-29 00:00:00+00:00,48971.6
BTCUSD_210924,BTC,2021-09-24 00:00:00+00:00,2021-08-30 00:00:00+00:00,47097.8
BTCUSD_210924,BTC,2021-09-24 00:00:00+00:00,2021-08-31 00:00:00+00:00,47278.4
BTCUSD_210924,BTC,2021-09-24 00:00:00+00:00,2021-09-01 00:00:00+00:00,49076.1
BTCUSD_210924,BTC,2021-09-24 00:00:00+00:00,2021-09-02 00:00:00+00:00,49505.7
BTCUSD_210924,BTC,2021-09-24 00:00:00+00:00,2021-09-03 00:00:00+00:00,50280.3
BTCUSD_210924,BTC,2021-09-24 00:00:00+00:00,2021-09-04 00:00:00+00:00,50143.2
BTCUSD_210924,BTC,2021-09-24 00:00:00+00:00,2021-09-05 00:00:00+00:00,52142.3
BTCUSD_210924,BTC,2021-09-24 00:00:00+00:00,2021-09-06 00:00:00+00:00,53017.9
BTCUSD_210924,BTC,2021-09-24 00:00:00+00:00,2021-09-07 00:00:00+00:00,46908.0
BTCUSD_210924,BTC,2021-09-24 00:00:00+00:00,2021-09-08 00:00:00+00:00,46048.0
BTCUSD_210924,BTC,2021-09-24 00:00:00+00:00,2021-09-09 00:00:00+00:00,46423.2
BTCUSD_210924,BTC,2021-09-24 00:00:00+00:00,2021-09-10 00:00:00+00:00,44871.3
BTCUSD_210924,BTC,2021-09-24 00:00:00+00:00,2021-09-11 00:00:00+00:00,45211.9
BTCUSD_210924,BTC,2021-09-24 00:00:00+00:00,2021-09-12 00:00:00+00:00,46046.1
BTCUSD_210924,BTC,2021-09-24 00:00:00+00:00,2021-09-13 00:00:00+00:00,44962.7
BTCUSD_210924,BTC,2021-09-24 00:00:00+00:00,2021-09-14 00:00:00+00:00,47152.5
BTCUSD_210924,BTC,2021-09-24 00:00:00+00:00,2021-09-15 00:00:00+00:00,48174.7
BTCUSD_210924,BTC,2021-09-24 00:00:00+00:00,2021-09-16 00:00:00+00:00,47798.7
BTCUSD_210924,BTC,2021-09-24 00:00:00+00:00,2021-09-17 00:00:00+00:00,47295.5
BTCUSD_210924,BTC,2021-09-24 00:00:00+00:00,2021-09-18 00:00:00+00:00,48333.6
BTCUSD_210924,BTC,2021-09-24 00:00:00+00:00,2021-09-19 00:00:00+00:00,47225.5
BTCUSD_210924,BTC,2021-09-24 00:00:00+00:00,2021-09-20 00:00:00+00:00,42943.9
BTCUSD_210924,BTC,2021-09-24 00:00:00+00:00,2021-09-21 00:00:00+00:00,40649.3
BTCUSD_210924,BTC,2021-09-24 00:00:00+00:00,2021-09-22 00:00:00+00:00,43492.5
BTCUSD_210924,BTC,2021-09-24 00:00:00+00:00,2021-09-23 00:00:00+00:00,44782.5
BTCUSD_211231,BTC,2021-12-31 00:00:00+00:00,2021-06-25 00:00:00+00:00,32530.1
BTCUSD_211231,BTC,2021-12-31 00:00:00+00:00,2021-06-26 00:00:00+00:00,33205.6
BTCUSD_211231,BTC,2021-12-31 00:00:00+00:00,2021-06-27 00:00:00+00:00,35762.5
BTCUSD_211231,BTC,2021-12-31 00:00:00+00:00,2021-06-28 00:00:00+00:00,35530.4
BTCUSD_211231,BTC,2021-12-31 00:00:00+00:00,2021-06-29 00:00:00+00:00,36999.0
BTCUSD_211231,BTC,2021-12-31 00:00:00+00:00,2021-06-30 00:00:00+00:00,36214.3
BTCUSD_211231,BTC,2021-12-31 00:00:00+00:00,2021-07-01 00:00:00+00:00,34428.0
BTCUSD_211231,BTC,2021-12-31 00:00:00+00:00,2021-07-02 00:00:00+00:00,34814.3
BTCUSD_211231,BTC,2021-12-31 00:00:00+00:00,2021-07-03 00:00:00+00:00,35783.6
BTCUSD_211231,BTC,2021-12-31 00:00:00+00:00,2021-07-04 00:00:00+00:00,36306.9
BTCUSD_211231,BTC,2021-12-31 00:00:00+00:00,2021-07-05 00:00:00+00:00,34657.6
BTCUSD_211231,BTC,2021-12-31 00:00:00+00:00,2021-07-06 00:00:00+00:00,35276.1
BTCUSD_211231,BTC,2021-12-31 00:00:00+00:00,2021-07-07 00:00:00+00:00,34822.7
BTCUSD_211231,BTC,2021-12-31 00:00:00+00:00,2021-07-08 00:00:00+00:00,33692.3
BTCUSD_211231,BTC,2021-12-31 00:00:00+00:00,2021-07-09 00:00:00+00:00,34856.7
BTCUSD_211231,BTC,2021-12-31 00:00:00+00:00,2021-07-10 00:00:00+00:00,34501.5
BTCUSD_211231,BTC,2021-12-31 00:00:00+00:00,2021-07-11 00:00:00+00:00,35308.5
BTCUSD_211231,BTC,2021-12-31 00:00:00+00:00,2021-07-12 00:00:00+00:00,34018.5
BTCUSD_211231,BTC,2021-12-31 00:00:00+00:00,2021-07-13 00:00:00+00:00,33450.0
BTCUSD_211231,BTC,2021-12-31 00:00:00+00:00,2021-07-14 00:00:00+00:00,33482.3
BTCUSD_211231,BTC,2021-12-31 00:00:00+00:00,2021-07-15 00:00:00+00:00,32403.6
BTCUSD_211231,BTC,2021-12-31 00:00:00+00:00,2021-07-16 00:00:00+00:00,31860.9
BTCUSD_211231,BTC,2021-12-31 00:00:00+00:00,2021-07-17 00:00:00+00:00,32018.5
BTCUSD_211231,BTC,2021-12-31 00:00:00+00:00,2021-07-18 00:00:00+00:00,32338.7
BTCUSD_211231,BTC,2021-12-31 00:00:00+00:00,2021-07-19 00:00:00+00:00,31255.0
BTCUSD_211231,BTC,2021-12-31 00:00:00+00:00,2021-07-20 00:00:00+00:00,30182.5
BTCUSD_211231,BTC,2021-12-31 00:00:00+00:00,2021-07-21 00:00:00+00:00,32763.4
BTCUSD_211231,BTC,2021-12-31 00:00:00+00:00,2021-07-22 00:00:00+00:00,32929.6
BTCUSD_211231,BTC,2021-12-31 00:00:00+00:00,2021-07-23 00:00:00+00:00,34420.0
BTCUSD_211231,BTC,2021-12-31 00:00:00+00:00,2021-07-24 00:00:00+00:00,35266.4
BTCUSD_211231,BTC,2021-12-31 00:00:00+00:00,2021-07-25 00:00:00+00:00,36463.7
BTCUSD_211231,BTC,2021-12-31 00:00:00+00:00,2021-07-26 00:00:00+00:00,38356.4
BTCUSD_211231,BTC,2021-12-31 00:00:00+00:00,2021-07-27 00:00:00+00:00,40736.0
BTCUSD_211231,BTC,2021-12-31 00:00:00+00:00,2021-07-28 00:00:00+00:00,41348.2
BTCUSD_211231,BTC,2021-12-31 00:00:00+00:00,2021-07-29 00:00:00+00:00,41365.7
BTCUSD_211231,BTC,2021-12-31 00:00:00+00:00,2021-07-30 00:00:00+00:00,43716.9
BTCUSD_211231,BTC,2021-12-31 00:00:00+00:00,2021-07-31 00:00:00+00:00,42905.7
BTCUSD_211231,BTC,2021-12-31 00:00:00+00:00,2021-08-01 00:00:00+00:00,41067.2
BTCUSD_211231,BTC,2021-12-31 00:00:00+00:00,2021-08-02 00:00:00+00:00,40388.6
BTCUSD_211231,BTC,2021-12-31 00:00:00+00:00,2021-08-03 00:00:00+00:00,39341.0
BTCUSD_211231,BTC,2021-12-31 00:00:00+00:00,2021-08-04 00:00:00+00:00,40964.7
BTCUSD_211231,BTC,2021-12-31 00:00:00+00:00,2021-08-05 00:00:00+00:00,42184.2
BTCUSD_211231,BTC,2021-12-31 00:00:00+00:00,2021-08-06 00:00:00+00:00,44266.3
BTCUSD_211231,BTC,2021-12-31 00:00:00+00:00,2021-08-07 00:00:00+00:00,46141.5
BTCUSD_211231,BTC,2021-12-31 00:00:00+00:00,2021-08-08 00:00:00+00:00,45168.4
BTCUSD_211231,BTC,2021-12-31 00:00:00+00:00,2021-08-09 00:00:00+00:00,47917.0
BTCUSD_211231,BTC,2021-12-31 00:00:00+00:00,2021-08-10 00:00:00+00:00,47125.5
BTCUSD_211231,BTC,2021-12-31 00:00:00+00:00,2021-08-11 00:00:00+00:00,47044.8
BTCUSD_211231,BTC,2021-12-31 00:00:00+00:00,2021-08-12 00:00:00+00:00,45926.4
BTCUSD_211231,BTC,2021-12-31 00:00:00+00:00,2021-08-13 00:00:00+00:00,49753.0
BTCUSD_211231,BTC,2021-12-31 00:00:00+00:00,2021-08-14 00:00:00+00:00,48777.2
BTCUSD_211231,BTC,2021-12-31 00:00:00+00:00,2021-08-15 00:00:00+00:00,48706.0
BTCUSD_211231,BTC,2021-12-31 00:00:00+00:00,2021-08-16 00:00:00+00:00,47425.3
BTCUSD_211231,BTC,2021-12-31 00:00:00+00:00,2021-08-17 00:00:00+00:00,46076.4
BTCUSD_211231,BTC,2021-12-31 00:00:00+00:00,2021-08-18 00:00:00+00:00,46102.5
BTCUSD_211231,BTC,2021-12-31 00:00:00+00:00,2021-08-19 00:00:00+00:00,48489.5
BTCUSD_211231,BTC,2021-12-31 00:00:00+00:00,2021-08-20 00:00:00+00:00,51124.1
BTCUSD_211231,BTC,2021-12-31 00:00:00+00:00,2021-08-21 00:00:00+00:00,50605.7
BTCUSD_211231,BTC,2021-12-31 00:00:00+00:00,2021-08-22 00:00:00+00:00,51129.3
BTCUSD_211231,BTC,2021-12-31 00:00:00+00:00,2021-08-23 00:00:00+00:00,51322.5
BTCUSD_211231,BTC,2021-12-31 00:00:00+00:00,2021-08-24 00:00:00+00:00,49307.5
BTCUSD_211231,BTC,2021-12-31 00:00:00+00:00,2021-08-25 00:00:00+00:00,50765.9
BTCUSD_211231,BTC,2021-12-31 00:00:00+00:00,2021-08-26 00:00:00+00:00,48390.1
BTCUSD_211231,BTC,2021-12-31 00:00:00+00:00,2021-08-27 00:00:00+00:00,50866.2
BTCUSD_211231,BTC,2021-12-31 00:00:00+00:00,2021-08-28 00:00:00+00:00,50649.4
BTCUSD_211231,BTC,2021-12-31 00:00:00+00:00,2021-08-29 00:00:00+00:00,50384.3
BTCUSD_211231,BTC,2021-12-31 00:00:00+00:00,2021-08-30 00:00:00+00:00,48430.8
BTCUSD_211231,BTC,2021-12-31 00:00:00+00:00,2021-08-31 00:00:00+00:00,48631.5
BTCUSD_211231,BTC,2021-12-31 00:00:00+00:00,2021-09-01 00:00:00+00:00,50500.0
BTCUSD_211231,BTC,2021-12-31 00:00:00+00:00,2021-09-02 00:00:00+00:00,50902.3
BTCUSD_211231,BTC,2021-12-31 00:00:00+00:00,2021-09-03 00:00:00+00:00,51834.6
BTCUSD_211231,BTC,2021-12-31 00:00:00+00:00,2021-09-04 00:00:00+00:00,51658.6
BTCUSD_211231,BTC,2021-12-31 00:00:00+00:00,2021-09-05 00:00:00+00:00,53833.2
BTCUSD_211231,BTC,2021-12-31 00:00:00+00:00,2021-09-06 00:00:00+00:00,54800.1
BTCUSD_211231,BTC,2021-12-31 00:00:00+00:00,2021-09-07 00:00:00+00:00,48454.5
BTCUSD_211231,BTC,2021-12-31 00:00:00+00:00,2021-09-08 00:00:00+00:00,47441.3
BTCUSD_211231,BTC,2021-12-31 00:00:00+00:00,2021-09-09 00:00:00+00:00,47843.8
BTCUSD_211231,BTC,2021-12-31 00:00:00+00:00,2021-09-10 00:00:00+00:00,46181.1
BTCUSD_211231,BTC,2021-12-31 00:00:00+00:00,2021-09-11 00:00:00+00:00,46511.7
BTCUSD_211231,BTC,2021-12-31 00:00:00+00:00,2021-09-12 00:00:00+00:00,47457.9
BTCUSD_211231,BTC,2021-12-31 00:00:00+00:00,2021-09-13 00:00:00+00:00,46220.0
BTCUSD_211231,BTC,2021-12-31 00:00:00+00:00,2021-09-14 00:00:00+00:00,48577.9
BTCUSD_211231,BTC,2021-12-31 00:00:00+00:00,2021-09-15 00:00:00+00:00,49568.9
BTCUSD_211231,BTC,2021-12-31 00:00:00+00:00,2021-09-16 00:00:00+00:00,49188.6
BTCUSD_211231,BTC,2021-12-31 00:00:00+00:00,2021-09-17 00:00:00+00:00,48647.7
BTCUSD_211231,BTC,2021-12-31 00:00:00+00:00,2021-09-18 00:00:00+00:00,49712.0
BTCUSD_211231,BTC,2021-12-31 00:00:00+00:00,2021-09-19 00:00:00+00:00,48417.4
BTCUSD_211231,BTC,2021-12-31 00:00:00+00:00,2021-09-20 00:00:00+00:00,43900.2
BTCUSD_211231,BTC,2021-12-31 00:00:00+00:00,2021-09-21 00:00:00+00:00,41530.8
BTCUSD_211231,BTC,2021-12-31 00:00:00+00:00,2021-09-22 00:00:00+00:00,44424.9
BTCUSD_211231,BTC,2021-12-31 00:00:00+00:00,2021-09-23 00:00:00+00:00,45744.9
BTCUSD_211231,BTC,2021-12-31 00:00:00+00:00,2021-09-24 00:00:00+00:00,43479.4
BTCUSD_211231,BTC,2021-12-31 00:00:00+00:00,2021-09-25 00:00:00+00:00,43355.5
BTCUSD_211231,BTC,2021-12-31 00:00:00+00:00,2021-09-26 00:00:00+00:00,43995.5
BTCUSD_211231,BTC,2021-12-31 00:00:00+00:00,2021-09-27 00:00:00+00:00,42831.1
BTCUSD_211231,BTC,2021-12-31 00:00:00+00:00,2021-09-28 00:00:00+00:00,41590.1
BTCUSD_211231,BTC,2021-12-31 00:00:00+00:00,2021-09-29 00:00:00+00:00,42116.4
BTCUSD_211231,BTC,2021-12-31 00:00:00+00:00,2021-09-30 00:00:00+00:00,44534.0
BTCUSD_211231,BTC,2021-12-31 00:00:00+00:00,2021-10-01 00:00:00+00:00,49090.6
BTCUSD_211231,BTC,2021-12-31 00:00:00+00:00,2021-10-02 00:00:00+00:00,48537.1
BTCUSD_211231,BTC,2021-12-31 00:00:00+00:00,2021-10-03 00:00:00+00:00,49187.1
BTCUSD_211231,BTC,2021-12-31 00:00:00+00:00,2021-10-04 00:00:00+00:00,50350.6
BTCUSD_211231,BTC,2021-12-31 00:00:00+00:00,2021-10-05 00:00:00+00:00,52575.8
BTCUSD_211231,BTC,2021-12-31 00:00:00+00:00,2021-10-06 00:00:00+00:00,56531.3
BTCUSD_211231,BTC,2021-12-31 00:00:00+00:00,2021-10-07 00:00:00+00:00,55022.3
BTCUSD_211231,BTC,2021-12-31 00:00:00+00:00,2021-10-08 00:00:00+00:00,55211.3
BTCUSD_211231,BTC,2021-12-31 00:00:00+00:00,2021-10-09 00:00:00+00:00,56509.9
BTCUSD_211231,BTC,2021-12-31 00:00:00+00:00,2021-10-10 00:00:00+00:00,56154.3
BTCUSD_211231,BTC,2021-12-31 00:00:00+00:00,2021-10-11 00:00:00+00:00,59374.8
BTCUSD_211231,BTC,2021-12-31 00:00:00+00:00,2021-10-12 00:00:00+00:00,57675.1
BTCUSD_211231,BTC,2021-12-31 00:00:00+00:00,2021-10-13 00:00:00+00:00,59202.7
BTCUSD_211231,BTC,2021-12-31 00:00:00+00:00,2021-10-14 00:00:00+00:00,59074.1
BTCUSD_211231,BTC,2021-12-31 00:00:00+00:00,2021-10-15 00:00:00+00:00,63663.3
BTCUSD_211231,BTC,2021-12-31 00:00:00+00:00,2021-10-16 00:00:00+00:00,62664.6
BTCUSD_211231,BTC,2021-12-31 00:00:00+00:00,2021-10-17 00:00:00+00:00,63415.1
BTCUSD_211231,BTC,2021-12-31 00:00:00+00:00,2021-10-18 00:00:00+00:00,63932.4
BTCUSD_211231,BTC,2021-12-31 00:00:00+00:00,2021-10-19 00:00:00+00:00,66373.9
BTCUSD_211231,BTC,2021-12-31 00:00:00+00:00,2021-10-20 00:00:00+00:00,68546.4
BTCUSD_211231,BTC,2021-12-31 00:00:00+00:00,2021-10-21 00:00:00+00:00,64312.3
BTCUSD_211231,BTC,2021-12-31 00:00:00+00:00,2021-10-22 00:00:00+00:00,62546.5
BTCUSD_211231,BTC,2021-12-31 00:00:00+00:00,2021-10-23 00:00:00+00:00,63278.2
BTCUSD_211231,BTC,2021-12-31 00:00:00+00:00,2021-10-24 00:00:00+00:00,62740.8
BTCUSD_211231,BTC,2021-12-31 00:00:00+00:00,2021-10-25 00:00:00+00:00,65209.8
BTCUSD_211231,BTC,2021-12-31 00:00:00+00:00,2021-10-26 00:00:00+00:00,61842.5
BTCUSD_211231,BTC,2021-12-31 00:00:00+00:00,2021-10-27 00:00:00+00:00,59539.6
BTCUSD_211231,BTC,2021-12-31 00:00:00+00:00,2021-10-28 00:00:00+00:00,62278.0
BTCUSD_211231,BTC,2021-12-31 00:00:00+00:00,2021-10-29 00:00:00+00:00,64096.5
BTCUSD_211231,BTC,2021-12-31 00:00:00+00:00,2021-10-30 00:00:00+00:00,63567.9
BTCUSD_211231,BTC,2021-12-31 00:00:00+00:00,2021-10-31 00:00:00+00:00,62730.3
BTCUSD_211231,BTC,2021-12-31 00:00:00+00:00,2021-11-01 00:00:00+00:00,62315.7
BTCUSD_211231,BTC,2021-12-31 00:00:00+00:00,2021-11-02 00:00:00+00:00,65175.5
BTCUSD_211231,BTC,2021-12-31 00:00:00+00:00,2021-11-03 00:00:00+00:00,64744.4
BTCUSD_211231,BTC,2021-12-31 00:00:00+00:00,2021-11-04 00:00:00+00:00,62986.5
BTCUSD_211231,BTC,2021-12-31 00:00:00+00:00,2021-11-05 00:00:00+00:00,62388.5
BTCUSD_211231,BTC,2021-12-31 00:00:00+00:00,2021-11-06 00:00:00+00:00,62738.5
BTCUSD_211231,BTC,2021-12-31 00:00:00+00:00,2021-11-07 00:00:00+00:00,64847.5
BTCUSD_211231,BTC,2021-12-31 00:00:00+00:00,2021-11-08 00:00:00+00:00,69740.8
BTCUSD_211231,BTC,2021-12-31 00:00:00+00:00,2021-11-09 00:00:00+00:00,68790.9
BTCUSD_211231,BTC,2021-12-31 00:00:00+00:00,2021-11-10 00:00:00+00:00,66172.2
BTCUSD_211231,BTC,2021-12-31 00:00:00+00:00,2021-11-11 00:00:00+00:00,66006.5
BTCUSD_211231,BTC,2021-12-31 00:00:00+00:00,2021-11-12 00:00:00+00:00,65203.4
BTCUSD_211231,BTC,2021-12-31 00:00:00+00:00,2021-11-13 00:00:00+00:00,65500.0
BTCUSD_211231,BTC,2021-12-31 00:00:00+00:00,2021-11-14 00:00:00+00:00,66628.1
BTCUSD_211231,BTC,2021-12-31 00:00:00+00:00,2021-11-15 00:00:00+00:00,64515.0
BTCUSD_211231,BTC,2021-12-31 00:00:00+00:00,2021-11-16 00:00:00+00:00,60889.1
BTCUSD_211231,BTC,2021-12-31 00:00:00+00:00,2021-11-17 00:00:00+00:00,61303.4
BTCUSD_211231,BTC,2021-12-31 00:00:00+00:00,2021-11-18 00:00:00+00:00,57579.7
BTCUSD_211231,BTC,2021-12-31 00:00:00+00:00,2021-11-19 00:00:00+00:00,58904.2
BTCUSD_211231,BTC,2021-12-31 00:00:00+00:00,2021-11-20 00:00:00+00:00,60657.9
BTCUSD_211231,BTC,2021-12-31 00:00:00+00:00,2021-11-21 00:00:00+00:00,59492.4
BTCUSD_211231,BTC,2021-12-31 00:00:00+00:00,2021-11-22 00:00:00+00:00,56838.1
BTCUSD_211231,BTC,2021-12-31 00:00:00+00:00,2021-11-23 00:00:00+00:00,58251.9
BTCUSD_211231,BTC,2021-12-31 00:00:00+00:00,2021-11-24 00:00:00+00:00,57857.1
BTCUSD_211231,BTC,2021-12-31 00:00:00+00:00,2021-11-25 00:00:00+00:00,59793.1
BTCUSD_211231,BTC,2021-12-31 00:00:00+00:00,2021-11-26 00:00:00+00:00,54038.1
BTCUSD_211231,BTC,2021-12-31 00:00:00+00:00,2021-11-27 00:00:00+00:00,55050.9
BTCUSD_211231,BTC,2021-12-31 00:00:00+00:00,2021-11-28 00:00:00+00:00,57954.0
BTCUSD_211231,BTC,2021-12-31 00:00:00+00:00,2021-11-29 00:00:00+00:00,58386.1
BTCUSD_211231,BTC,2021-12-31 00:00:00+00:00,2021-11-30 00:00:00+00:00,57579.8
BTCUSD_211231,BTC,2021-12-31 00:00:00+00:00,2021-12-01 00:00:00+00:00,57786.3
BTCUSD_211231,BTC,2021-12-31 00:00:00+00:00,2021-12-02 00:00:00+00:00,56876.9
BTCUSD_211231,BTC,2021-12-31 00:00:00+00:00,2021-12-03 00:00:00+00:00,53795.1
BTCUSD_211231,BTC,2021-12-31 00:00:00+00:00,2021-12-04 00:00:00+00:00,49294.7
BTCUSD_211231,BTC,2021-12-31 00:00:00+00:00,2021-12-05 00:00:00+00:00,49507.5
BTCUSD_211231,BTC,2021-12-31 00:00:00+00:00,2021-12-06 00:00:00+00:00,50640.7
BTCUSD_211231,BTC,2021-12-31 00:00:00+00:00,2021-12-07 00:00:00+00:00,50777.2
BTCUSD_211231,BTC,2021-12-31 00:00:00+00:00,2021-12-08 00:00:00+00:00,50627.4
BTCUSD_211231,BTC,2021-12-31 00:00:00+00:00,2021-12-09 00:00:00+00:00,47680.3
BTCUSD_211231,BTC,2021-12-31 00:00:00+00:00,2021-12-10 00:00:00+00:00,47250.6
BTCUSD_211231,BTC,2021-12-31 00:00:00+00:00,2021-12-11 00:00:00+00:00,49530.3
BTCUSD_211231,BTC,2021-12-31 00:00:00+00:00,2021-12-12 00:00:00+00:00,50203.5
BTCUSD_211231,BTC,2021-12-31 00:00:00+00:00,2021-12-13 00:00:00+00:00,46699.5
BTCUSD_211231,BTC,2021-12-31 00:00:00+00:00,2021-12-14 00:00:00+00:00,48457.8
BTCUSD_211231,BTC,2021-12-31 00:00:00+00:00,2021-12-15 00:00:00+00:00,48989.1
BTCUSD_211231,BTC,2021-12-31 00:00:00+00:00,2021-12-16 00:00:00+00:00,47730.1
BTCUSD_211231,BTC,2021-12-31 00:00:00+00:00,2021-12-17 00:00:00+00:00,46239.5
BTCUSD_211231,BTC,2021-12-31 00:00:00+00:00,2021-12-18 00:00:00+00:00,46961.9
BTCUSD_211231,BTC,2021-12-31 00:00:00+00:00,2021-12-19 00:00:00+00:00,46784.5
BTCUSD_211231,BTC,2021-12-31 00:00:00+00:00,2021-12-20 00:00:00+00:00,47018.7
BTCUSD_211231,BTC,2021-12-31 00:00:00+00:00,2021-12-21 00:00:00+00:00,48987.6
BTCUSD_211231,BTC,2021-12-31 00:00:00+00:00,2021-12-22 00:00:00+00:00,48667.6
BTCUSD_211231,BTC,2021-12-31 00:00:00+00:00,2021-12-23 00:00:00+00:00,50931.4
BTCUSD_211231,BTC,2021-12-31 00:00:00+00:00,2021-12-24 00:00:00+00:00,50829.2
BTCUSD_211231,BTC,2021-12-31 00:00:00+00:00,2021-12-25 00:00:00+00:00,50384.9
BTCUSD_211231,BTC,2021-12-31 00:00:00+00:00,2021-12-26 00:00:00+00:00,50763.4
BTCUSD_211231,BTC,2021-12-31 00:00:00+00:00,2021-12-27 00:00:00+00:00,50694.8
BTCUSD_211231,BTC,2021-12-31 00:00:00+00:00,2021-12-28 00:00:00+00:00,47517.7
BTCUSD_211231,BTC,2021-12-31 00:00:00+00:00,2021-12-29 00:00:00+00:00,46427.8
BTCUSD_211231,BTC,2021-12-31 00:00:00+00:00,2021-12-30 00:00:00+00:00,47156.9
BTCUSD_220325,BTC,2022-03-25 00:00:00+00:00,2021-09-24 00:00:00+00:00,44349.5
BTCUSD_220325,BTC,2022-03-25 00:00:00+00:00,2021-09-25 00:00:00+00:00,44227.1
BTCUSD_220325,BTC,2022-03-25 00:00:00+00:00,2021-09-26 00:00:00+00:00,44945.5
BTCUSD_220325,BTC,2022-03-25 00:00:00+00:00,2021-09-27 00:00:00+00:00,43749.4
BTCUSD_220325,BTC,2022-03-25 00:00:00+00:00,2021-09-28 00:00:00+00:00,42477.1
BTCUSD_220325,BTC,2022-03-25 00:00:00+00:00,2021-09-29 00:00:00+00:00,43023.5
BTCUSD_220325,BTC,2022-03-25 00:00:00+00:00,2021-09-30 00:00:00+00:00,45498.2
BTCUSD_220325,BTC,2022-03-25 00:00:00+00:00,2021-10-01 00:00:00+00:00,50291.4
BTCUSD_220325,BTC,2022-03-25 00:00:00+00:00,2021-10-02 00:00:00+00:00,49771.9
BTCUSD_220325,BTC,2022-03-25 00:00:00+00:00,2021-10-03 00:00:00+00:00,50432.4
BTCUSD_220325,BTC,2022-03-25 00:00:00+00:00,2021-10-04 00:00:00+00:00,51693.4
BTCUSD_220325,BTC,2022-03-25 00:00:00+00:00,2021-10-05 00:00:00+00:00,54096.9
BTCUSD_220325,BTC,2022-03-25 00:00:00+00:00,2021-10-06 00:00:00+00:00,58326.6
BTCUSD_220325,BTC,2022-03-25 00:00:00+00:00,2021-10-07 00:00:00+00:00,56770.3
BTCUSD_220325,BTC,2022-03-25 00:00:00+00:00,2021-10-08 00:00:00+00:00,56955.5
BTCUSD_220325,BTC,2022-03-25 00:00:00+00:00,2021-10-09 00:00:00+00:00,58187.7
BTCUSD_220325,BTC,2022-03-25 00:00:00+00:00,2021-10-10 00:00:00+00:00,57886.9
BTCUSD_220325,BTC,2022-03-25 00:00:00+00:00,2021-10-11 00:00:00+00:00,61265.6
BTCUSD_220325,BTC,2022-03-25 00:00:00+00:00,2021-10-12 00:00:00+00:00,59569.7
BTCUSD_220325,BTC,2022-03-25 00:00:00+00:00,2021-10-13 00:00:00+00:00,61229.8
BTCUSD_220325,BTC,2022-03-25 00:00:00+00:00,2021-10-14 00:00:00+00:00,61053.0
BTCUSD_220325,BTC,2022-03-25 00:00:00+00:00,2021-10-15 00:00:00+00:00,65825.2
BTCUSD_220325,BTC,2022-03-25 00:00:00+00:00,2021-10-16 00:00:00+00:00,64824.4
BTCUSD_220325,BTC,2022-03-25 00:00:00+00:00,2021-10-17 00:00:00+00:00,65261.4
BTCUSD_220325,BTC,2022-03-25 00:00:00+00:00,2021-10-18 00:00:00+00:00,65721.1
BTCUSD_220325,BTC,2022-03-25 00:00:00+00:00,2021-10-19 00:00:00+00:00,68130.1
BTCUSD_220325,BTC,2022-03-25 00:00:00+00:00,2021-10-20 00:00:00+00:00,70416.4
BTCUSD_220325,BTC,2022-03-25 00:00:00+00:00,2021-10-21 00:00:00+00:00,66281.7
BTCUSD_220325,BTC,2022-03-25 00:00:00+00:00,2021-10-22 00:00:00+00:00,64419.8
BTCUSD_220325,BTC,2022-03-25 00:00:00+00:00,2021-10-23 00:00:00+00:00,65113.8
BTCUSD_220325,BTC,2022-03-25 00:00:00+00:00,2021-10-24 00:00:00+00:00,64562.4
BTCUSD_220325,BTC,2022-03-25 00:00:00+00:00,2021-10-25 00:00:00+00:00,67209.6
BTCUSD_220325,BTC,2022-03-25 00:00:00+00:00,2021-10-26 00:00:00+00:00,63636.4
BTCUSD_220325,BTC,2022-03-25 00:00:00+00:00,2021-10-27 00:00:00+00:00,61350.8
BTCUSD_220325,BTC,2022-03-25 00:00:00+00:00,2021-10-28 00:00:00+00:00,64187.4
BTCUSD_220325,BTC,2022-03-25 00:00:00+00:00,2021-10-29 00:00:00+00:00,65999.8
BTCUSD_220325,BTC,2022-03-25 00:00:00+00:00,2021-10-30 00:00:00+00:00,65433.0
BTCUSD_220325,BTC,2022-03-25 00:00:00+00:00,2021-10-31 00:00:00+00:00,64564.1
BTCUSD_220325,BTC,2022-03-25 00:00:00+00:00,2021-11-01 00:00:00+00:00,64133.3
BTCUSD_220325,BTC,2022-03-25 00:00:00+00:00,2021-11-02 00:00:00+00:00,67090.6
BTCUSD_220325,BTC,2022-03-25 00:00:00+00:00,2021-11-03 00:00:00+00:00,66659.3
BTCUSD_220325,BTC,2022-03-25 00:00:00+00:00,2021-11-04 00:00:00+00:00,64831.2
BTCUSD_220325,BTC,2022-03-25 00:00:00+00:00,2021-11-05 00:00:00+00:00,64258.8
BTCUSD_220325,BTC,2022-03-25 00:00:00+00:00,2021-11-06 00:00:00+00:00,64557.2
BTCUSD_220325,BTC,2022-03-25 00:00:00+00:00,2021-11-07 00:00:00+00:00,66791.0
BTCUSD_220325,BTC,2022-03-25 00:00:00+00:00,2021-11-08 00:00:00+00:00,71811.4
BTCUSD_220325,BTC,2022-03-25 00:00:00+00:00,2021-11-09 00:00:00+00:00,70789.0
BTCUSD_220325,BTC,2022-03-25 00:00:00+00:00,2021-11-10 00:00:00+00:00,68094.1
BTCUSD_220325,BTC,2022-03-25 00:00:00+00:00,2021-11-11 00:00:00+00:00,67970.0
BTCUSD_220325,BTC,2022-03-25 00:00:00+00:00,2021-11-12 00:00:00+00:00,67061.8
BTCUSD_220325,BTC,2022-03-25 00:00:00+00:00,2021-11-13 00:00:00+00:00,67400.0
BTCUSD_220325,BTC,2022-03-25 00:00:00+00:00,2021-11-14 00:00:00+00:00,68541.0
BTCUSD_220325,BTC,2022-03-25 00:00:00+00:00,2021-11-15 00:00:00+00:00,66328.8
BTCUSD_220325,BTC,2022-03-25 00:00:00+00:00,2021-11-16 00:00:00+00:00,62407.8
BTCUSD_220325,BTC,2022-03-25 00:00:00+00:00,2021-11-17 00:00:00+00:00,62794.1
BTCUSD_220325,BTC,2022-03-25 00:00:00+00:00,2021-11-18 00:00:00+00:00,59004.0
BTCUSD_220325,BTC,2022-03-25 00:00:00+00:00,2021-11-19 00:00:00+00:00,60375.6
BTCUSD_220325,BTC,2022-03-25 00:00:00+00:00,2021-11-20 00:00:00+00:00,62264.5
BTCUSD_220325,BTC,2022-03-25 00:00:00+00:00,2021-11-21 00:00:00+00:00,61077.3
BTCUSD_220325,BTC,2022-03-25 00:00:00+00:00,2021-11-22 00:00:00+00:00,58400.0
BTCUSD_220325,BTC,2022-03-25 00:00:00+00:00,2021-11-23 00:00:00+00:00,59875.2
BTCUSD_220325,BTC,2022-03-25 00:00:00+00:00,2021-11-24 00:00:00+00:00,59319.8
BTCUSD_220325,BTC,2022-03-25 00:00:00+00:00,2021-11-25 00:00:00+00:00,61473.8
BTCUSD_220325,BTC,2022-03-25 00:00:00+00:00,2021-11-26 00:00:00+00:00,55397.3
BTCUSD_220325,BTC,2022-03-25 00:00:00+00:00,2021-11-27 00:00:00+00:00,56452.5
BTCUSD_220325,BTC,2022-03-25 00:00:00+00:00,2021-11-28 00:00:00+00:00,59478.0
BTCUSD_220325,BTC,2022-03-25 00:00:00+00:00,2021-11-29 00:00:00+00:00,59933.4
BTCUSD_220325,BTC,2022-03-25 00:00:00+00:00,2021-11-30 00:00:00+00:00,59093.2
BTCUSD_220325,BTC,2022-03-25 00:00:00+00:00,2021-12-01 00:00:00+00:00,59333.0
BTCUSD_220325,BTC,2022-03-25 00:00:00+00:00,2021-12-02 00:00:00+00:00,58368.9
BTCUSD_220325,BTC,2022-03-25 00:00:00+00:00,2021-12-03 00:00:00+00:00,55089.9
BTCUSD_220325,BTC,2022-03-25 00:00:00+00:00,2021-12-04 00:00:00+00:00,50371.6
BTCUSD_220325,BTC,2022-03-25 00:00:00+00:00,2021-12-05 00:00:00+00:00,50600.0
BTCUSD_220325,BTC,2022-03-25 00:00:00+00:00,2021-12-06 00:00:00+00:00,51822.9
BTCUSD_220325,BTC,2022-03-25 00:00:00+00:00,2021-12-07 00:00:00+00:00,51985.2
BTCUSD_220325,BTC,2022-03-25 00:00:00+00:00,2021-12-08 00:00:00+00:00,51931.8
BTCUSD_220325,BTC,2022-03-25 00:00:00+00:00,2021-12-09 00:00:00+00:00,48907.9
BTCUSD_220325,BTC,2022-03-25 00:00:00+00:00,2021-12-10 00:00:00+00:00,48297.9
BTCUSD_220325,BTC,2022-03-25 00:00:00+00:00,2021-12-11 00:00:00+00:00,50595.8
BTCUSD_220325,BTC,2022-03-25 00:00:00+00:00,2021-12-12 00:00:00+00:00,51266.5
BTCUSD_220325,BTC,2022-03-25 00:00:00+00:00,2021-12-13 00:00:00+00:00,47704.2
BTCUSD_220325,BTC,2022-03-25 00:00:00+00:00,2021-12-14 00:00:00+00:00,49562.1
BTCUSD_220325,BTC,2022-03-25 00:00:00+00:00,2021-12-15 00:00:00+00:00,50086.2
BTCUSD_220325,BTC,2022-03-25 00:00:00+00:00,2021-12-16 00:00:00+00:00,48768.2
BTCUSD_220325,BTC,2022-03-25 00:00:00+00:00,2021-12-17 00:00:00+00:00,47277.9
BTCUSD_220325,BTC,2022-03-25 00:00:00+00:00,2021-12-18 00:00:00+00:00,48004.0
BTCUSD_220325,BTC,2022-03-25 00:00:00+00:00,2021-12-19 00:00:00+00:00,47828.4
BTCUSD_220325,BTC,2022-03-25 00:00:00+00:00,2021-12-20 00:00:00+00:00,48061.8
BTCUSD_220325,BTC,2022-03-25 00:00:00+00:00,2021-12-21 00:00:00+00:00,50106.4
BTCUSD_220325,BTC,2022-03-25 00:00:00+00:00,2021-12-22 00:00:00+00:00,49807.5
BTCUSD_220325,BTC,2022-03-25 00:00:00+00:00,2021-12-23 00:00:00+00:00,52230.7
BTCUSD_220325,BTC,2022-03-25 00:00:00+00:00,2021-12-24 00:00:00+00:00,52183.0
BTCUSD_220325,BTC,2022-03-25 00:00:00+00:00,2021-12-25 00:00:00+00:00,51715.2
BTCUSD_220325,BTC,2022-03-25 00:00:00+00:00,2021-12-26 00:00:00+00:00,52032.6
BTCUSD_220325,BTC,2022-03-25 00:00:00+00:00,2021-12-27 00:00:00+00:00,51941.5
BTCUSD_220325,BTC,2022-03-25 00:00:00+00:00,2021-12-28 00:00:00+00:00,48536.9
BTCUSD_220325,BTC,2022-03-25 00:00:00+00:00,2021-12-29 00:00:00+00:00,47248.5
BTCUSD_220325,BTC,2022-03-25 00:00:00+00:00,2021-12-30 00:00:00+00:00,47916.5
BTCUSD_220325,BTC,2022-03-25 00:00:00+00:00,2021-12-31 00:00:00+00:00,47029.9
BTCUSD_220325,BTC,2022-03-25 00:00:00+00:00,2022-01-01 00:00:00+00:00,48632.3
BTCUSD_220325,BTC,2022-03-25 00:00:00+00:00,2022-01-02 00:00:00+00:00,48155.4
BTCUSD_220325,BTC,2022-03-25 00:00:00+00:00,2022-01-03 00:00:00+00:00,47375.4
BTCUSD_220325,BTC,2022-03-25 00:00:00+00:00,2022-01-04 00:00:00+00:00,46750.0
BTCUSD_220325,BTC,2022-03-25 00:00:00+00:00,2022-01-05 00:00:00+00:00,44240.5
BTCUSD_220325,BTC,2022-03-25 00:00:00+00:00,2022-01-06 00:00:00+00:00,43780.6
BTCUSD_220325,BTC,2022-03-25 00:00:00+00:00,2022-01-07 00:00:00+00:00,42199.5
BTCUSD_220325,BTC,2022-03-25 00:00:00+00:00,2022-01-08 00:00:00+00:00,42320.4
BTCUSD_220325,BTC,2022-03-25 00:00:00+00:00,2022-01-09 00:00:00+00:00,42483.2
BTCUSD_220325,BTC,2022-03-25 00:00:00+00:00,2022-01-10 00:00:00+00:00,42415.0
BTCUSD_220325,BTC,2022-03-25 00:00:00+00:00,2022-01-11 00:00:00+00:00,43328.4
BTCUSD_220325,BTC,2022-03-25 00:00:00+00:00,2022-01-12 00:00:00+00:00,44456.0
BTCUSD_220325,BTC,2022-03-25 00:00:00+00:00,2022-01-13 00:00:00+00:00,43049.0
BTCUSD_220325,BTC,2022-03-25 00:00:00+00:00,2022-01-14 00:00:00+00:00,43579.5
BTCUSD_220325,BTC,2022-03-25 00:00:00+00:00,2022-01-15 00:00:00+00:00,43600.2
BTCUSD_220325,BTC,2022-03-25 00:00:00+00:00,2022-01-16 00:00:00+00:00,43584.4
BTCUSD_220325,BTC,2022-03-25 00:00:00+00:00,2022-01-17 00:00:00+00:00,42619.9
BTCUSD_220325,BTC,2022-03-25 00:00:00+00:00,2022-01-18 00:00:00+00:00,42756.9
BTCUSD_220325,BTC,2022-03-25 00:00:00+00:00,2022-01-19 00:00:00+00:00,41988.0
BTCUSD_220325,BTC,2022-03-25 00:00:00+00:00,2022-01-20 00:00:00+00:00,40988.2
BTCUSD_220325,BTC,2022-03-25 00:00:00+00:00,2022-01-21 00:00:00+00:00,36656.9
BTCUSD_220325,BTC,2022-03-25 00:00:00+00:00,2022-01-22 00:00:00+00:00,35366.3
BTCUSD_220325,BTC,2022-03-25 00:00:00+00:00,2022-01-23 00:00:00+00:00,36604.9
BTCUSD_220325,BTC,2022-03-25 00:00:00+00:00,2022-01-24 00:00:00+00:00,36945.5
BTCUSD_220325,BTC,2022-03-25 00:00:00+00:00,2022-01-25 00:00:00+00:00,37227.9
BTCUSD_220325,BTC,2022-03-25 00:00:00+00:00,2022-01-26 00:00:00+00:00,37032.0
BTCUSD_220325,BTC,2022-03-25 00:00:00+00:00,2022-01-27 00:00:00+00:00,37358.9
BTCUSD_220325,BTC,2022-03-25 00:00:00+00:00,2022-01-28 00:00:00+00:00,37889.1
BTCUSD_220325,BTC,2022-03-25 00:00:00+00:00,2022-01-29 00:00:00+00:00,38345.7
BTCUSD_220325,BTC,2022-03-25 00:00:00+00:00,2022-01-30 00:00:00+00:00,38049.4
BTCUSD_220325,BTC,2022-03-25 00:00:00+00:00,2022-01-31 00:00:00+00:00,38666.9
BTCUSD_220325,BTC,2022-03-25 00:00:00+00:00,2022-02-01 00:00:00+00:00,38860.6
BTCUSD_220325,BTC,2022-03-25 00:00:00+00:00,2022-02-02 00:00:00+00:00,37039.0
BTCUSD_220325,BTC,2022-03-25 00:00:00+00:00,2022-02-03 00:00:00+00:00,37460.6
BTCUSD_220325,BTC,2022-03-25 00:00:00+00:00,2022-02-04 00:00:00+00:00,41763.8
BTCUSD_220325,BTC,2022-03-25 00:00:00+00:00,2022-02-05 00:00:00+00:00,41536.4
BTCUSD_220325,BTC,2022-03-25 00:00:00+00:00,2022-02-06 00:00:00+00:00,42560.3
BTCUSD_220325,BTC,2022-03-25 00:00:00+00:00,2022-02-07 00:00:00+00:00,43998.5
BTCUSD_220325,BTC,2022-03-25 00:00:00+00:00,2022-02-08 00:00:00+00:00,44148.7
BTCUSD_220325,BTC,2022-03-25 00:00:00+00:00,2022-02-09 00:00:00+00:00,44465.3
BTCUSD_220325,BTC,2022-03-25 00:00:00+00:00,2022-02-10 00:00:00+00:00,43549.4
BTCUSD_220325,BTC,2022-03-25 00:00:00+00:00,2022-02-11 00:00:00+00:00,42420.2
BTCUSD_220325,BTC,2022-03-25 00:00:00+00:00,2022-02-12 00:00:00+00:00,42263.7
BTCUSD_220325,BTC,2022-03-25 00:00:00+00:00,2022-02-13 00:00:00+00:00,42077.4
BTCUSD_220325,BTC,2022-03-25 00:00:00+00:00,2022-02-14 00:00:00+00:00,42578.6
BTCUSD_220325,BTC,2022-03-25 00:00:00+00:00,2022-02-15 00:00:00+00:00,44598.7
BTCUSD_220325,BTC,2022-03-25 00:00:00+00:00,2022-02-16 00:00:00+00:00,43922.7
BTCUSD_220325,BTC,2022-03-25 00:00:00+00:00,2022-02-17 00:00:00+00:00,40510.9
BTCUSD_220325,BTC,2022-03-25 00:00:00+00:00,2022-02-18 00:00:00+00:00,39999.8
BTCUSD_220325,BTC,2022-03-25 00:00:00+00:00,2022-02-19 00:00:00+00:00,40112.2
BTCUSD_220325,BTC,2022-03-25 00:00:00+00:00,2022-02-20 00:00:00+00:00,38376.3
BTCUSD_220325,BTC,2022-03-25 00:00:00+00:00,2022-02-21 00:00:00+00:00,37025.6
BTCUSD_220325,BTC,2022-03-25 00:00:00+00:00,2022-02-22 00:00:00+00:00,38252.4
BTCUSD_220325,BTC,2022-03-25 00:00:00+00:00,2022-02-23 00:00:00+00:00,37266.5
BTCUSD_220325,BTC,2022-03-25 00:00:00+00:00,2022-02-24 00:00:00+00:00,38351.6
BTCUSD_220325,BTC,2022-03-25 00:00:00+00:00,2022-02-25 00:00:00+00:00,39242.0
BTCUSD_220325,BTC,2022-03-25 00:00:00+00:00,2022-02-26 00:00:00+00:00,39112.3
BTCUSD_220325,BTC,2022-03-25 00:00:00+00:00,2022-02-27 00:00:00+00:00,37701.7
BTCUSD_220325,BTC,2022-03-25 00:00:00+00:00,2022-02-28 00:00:00+00:00,43226.6
BTCUSD_220325,BTC,2022-03-25 00:00:00+00:00,2022-03-01 00:00:00+00:00,44430.5
BTCUSD_220325,BTC,2022-03-25 00:00:00+00:00,2022-03-02 00:00:00+00:00,43932.1
BTCUSD_220325,BTC,2022-03-25 00:00:00+00:00,2022-03-03 00:00:00+00:00,42478.2
BTCUSD_220325,BTC,2022-03-25 00:00:00+00:00,2022-03-04 00:00:00+00:00,39145.8
BTCUSD_220325,BTC,2022-03-25 00:00:00+00:00,2022-03-05 00:00:00+00:00,39399.4
BTCUSD_220325,BTC,2022-03-25 00:00:00+00:00,2022-03-06 00:00:00+00:00,38425.7
BTCUSD_220325,BTC,2022-03-25 00:00:00+00:00,2022-03-07 00:00:00+00:00,37999.2
BTCUSD_220325,BTC,2022-03-25 00:00:00+00:00,2022-03-08 00:00:00+00:00,38744.6
BTCUSD_220325,BTC,2022-03-25 00:00:00+00:00,2022-03-09 00:00:00+00:00,41992.8
BTCUSD_220325,BTC,2022-03-25 00:00:00+00:00,2022-03-10 00:00:00+00:00,39414.5
BTCUSD_220325,BTC,2022-03-25 00:00:00+00:00,2022-03-11 00:00:00+00:00,38733.4
BTCUSD_220325,BTC,2022-03-25 00:00:00+00:00,2022-03-12 00:00:00+00:00,38801.0
BTCUSD_220325,BTC,2022-03-25 00:00:00+00:00,2022-03-13 00:00:00+00:00,37749.5
BTCUSD_220325,BTC,2022-03-25 00:00:00+00:00,2022-03-14 00:00:00+00:00,39704.2
BTCUSD_220325,BTC,2022-03-25 00:00:00+00:00,2022-03-15 00:00:00+00:00,39335.7
BTCUSD_220325,BTC,2022-03-25 00:00:00+00:00,2022-03-16 00:00:00+00:00,41148.5
BTCUSD_220325,BTC,2022-03-25 00:00:00+00:00,2022-03-17 00:00:00+00:00,40931.4
BTCUSD_220325,BTC,2022-03-25 00:00:00+00:00,2022-03-18 00:00:00+00:00,41779.9
BTCUSD_220325,BTC,2022-03-25 00:00:00+00:00,2022-03-19 00:00:00+00:00,42214.5
BTCUSD_220325,BTC,2022-03-25 00:00:00+00:00,2022-03-20 00:00:00+00:00,41255.7
BTCUSD_220325,BTC,2022-03-25 00:00:00+00:00,2022-03-21 00:00:00+00:00,40988.7
BTCUSD_220325,BTC,2022-03-25 00:00:00+00:00,2022-03-22 00:00:00+00:00,42358.0
BTCUSD_220325,BTC,2022-03-25 00:00:00+00:00,2022-03-23 00:00:00+00:00,42880.8
BTCUSD_220325,BTC,2022-03-25 00:00:00+00:00,2022-03-24 00:00:00+00:00,43973.1
BTCUSD_220624,BTC,2022-06-24 00:00:00+00:00,2021-12-31 00:00:00+00:00,48188.7
BTCUSD_220624,BTC,2022-06-24 00:00:00+00:00,2022-01-01 00:00:00+00:00,49817.2
BTCUSD_220624,BTC,2022-06-24 00:00:00+00:00,2022-01-02 00:00:00+00:00,49344.9
BTCUSD_220624,BTC,2022-06-24 00:00:00+00:00,2022-01-03 00:00:00+00:00,48466.9
BTCUSD_220624,BTC,2022-06-24 00:00:00+00:00,2022-01-04 00:00:00+00:00,47798.4
BTCUSD_220624,BTC,2022-06-24 00:00:00+00:00,2022-01-05 00:00:00+00:00,45236.2
BTCUSD_220624,BTC,2022-06-24 00:00:00+00:00,2022-01-06 00:00:00+00:00,44749.4
BTCUSD_220624,BTC,2022-06-24 00:00:00+00:00,2022-01-07 00:00:00+00:00,43134.9
BTCUSD_220624,BTC,2022-06-24 00:00:00+00:00,2022-01-08 00:00:00+00:00,43281.9
BTCUSD_220624,BTC,2022-06-24 00:00:00+00:00,2022-01-09 00:00:00+00:00,43417.3
BTCUSD_220624,BTC,2022-06-24 00:00:00+00:00,2022-01-10 00:00:00+00:00,43317.3
BTCUSD_220624,BTC,2022-06-24 00:00:00+00:00,2022-01-11 00:00:00+00:00,44227.0
BTCUSD_220624,BTC,2022-06-24 00:00:00+00:00,2022-01-12 00:00:00+00:00,45402.9
BTCUSD_220624,BTC,2022-06-24 00:00:00+00:00,2022-01-13 00:00:00+00:00,43978.9
BTCUSD_220624,BTC,2022-06-24 00:00:00+00:00,2022-01-14 00:00:00+00:00,44524.0
BTCUSD_220624,BTC,2022-06-24 00:00:00+00:00,2022-01-15 00:00:00+00:00,44519.6
BTCUSD_220624,BTC,2022-06-24 00:00:00+00:00,2022-01-16 00:00:00+00:00,44476.5
BTCUSD_220624,BTC,2022-06-24 00:00:00+00:00,2022-01-17 00:00:00+00:00,43400.9
BTCUSD_220624,BTC,2022-06-24 00:00:00+00:00,2022-01-18 00:00:00+00:00,43531.8
BTCUSD_220624,BTC,2022-06-24 00:00:00+00:00,2022-01-19 00:00:00+00:00,42629.6
BTCUSD_220624,BTC,2022-06-24 00:00:00+00:00,2022-01-20 00:00:00+00:00,41714.2
BTCUSD_220624,BTC,2022-06-24 00:00:00+00:00,2022-01-21 00:00:00+00:00,37248.4
BTCUSD_220624,BTC,2022-06-24 00:00:00+00:00,2022-01-22 00:00:00+00:00,35954.8
BTCUSD_220624,BTC,2022-06-24 00:00:00+00:00,2022-01-23 00:00:00+00:00,37248.6
BTCUSD_220624,BTC,2022-06-24 00:00:00+00:00,2022-01-24 00:00:00+00:00,37631.5
BTCUSD_220624,BTC,2022-06-24 00:00:00+00:00,2022-01-25 00:00:00+00:00,37876.5
BTCUSD_220624,BTC,2022-06-24 00:00:00+00:00,2022-01-26 00:00:00+00:00,37671.4
BTCUSD_220624,BTC,2022-06-24 00:00:00+00:00,2022-01-27 00:00:00+00:00,38015.2
BTCUSD_220624,BTC,2022-06-24 00:00:00+00:00,2022-01-28 00:00:00+00:00,38523.2
BTCUSD_220624,BTC,2022-06-24 00:00:00+00:00,2022-01-29 00:00:00+00:00,39011.2
BTCUSD_220624,BTC,2022-06-24 00:00:00+00:00,2022-01-30 00:00:00+00:00,38715.8
BTCUSD_220624,BTC,2022-06-24 00:00:00+00:00,2022-01-31 00:00:00+00:00,39332.1
BTCUSD_220624,BTC,2022-06-24 00:00:00+00:00,2022-02-01 00:00:00+00:00,39542.0
BTCUSD_220624,BTC,2022-06-24 00:00:00+00:00,2022-02-02 00:00:00+00:00,37684.6
BTCUSD_220624,BTC,2022-06-24 00:00:00+00:00,2022-02-03 00:00:00+00:00,38034.3
BTCUSD_220624,BTC,2022-06-24 00:00:00+00:00,2022-02-04 00:00:00+00:00,42431.4
BTCUSD_220624,BTC,2022-06-24 00:00:00+00:00,2022-02-05 00:00:00+00:00,42197.6
BTCUSD_220624,BTC,2022-06-24 00:00:00+00:00,2022-02-06 00:00:00+00:00,43223.1
BTCUSD_220624,BTC,2022-06-24 00:00:00+00:00,2022-02-07 00:00:00+00:00,44702.5
BTCUSD_220624,BTC,2022-06-24 00:00:00+00:00,2022-02-08 00:00:00+00:00,44842.2
BTCUSD_220624,BTC,2022-06-24 00:00:00+00:00,2022-02-09 00:00:00+00:00,45149.2
BTCUSD_220624,BTC,2022-06-24 00:00:00+00:00,2022-02-10 00:00:00+00:00,44224.5
BTCUSD_220624,BTC,2022-06-24 00:00:00+00:00,2022-02-11 00:00:00+00:00,43103.0
BTCUSD_220624,BTC,2022-06-24 00:00:00+00:00,2022-02-12 00:00:00+00:00,42933.6
BTCUSD_220624,BTC,2022-06-24 00:00:00+00:00,2022-02-13 00:00:00+00:00,42755.0
BTCUSD_220624,BTC,2022-06-24 00:00:00+00:00,2022-02-14 00:00:00+00:00,43220.1
BTCUSD_220624,BTC,2022-06-24 00:00:00+00:00,2022-02-15 00:00:00+00:00,45259.2
BTCUSD_220624,BTC,2022-06-24 00:00:00+00:00,2022-02-16 00:00:00+00:00,44571.0
BTCUSD_220624,BTC,2022-06-24 00:00:00+00:00,2022-02-17 00:00:00+00:00,41101.8
BTCUSD_220624,BTC,2022-06-24 00:00:00+00:00,2022-02-18 00:00:00+00:00,40556.5
BTCUSD_220624,BTC,2022-06-24 00:00:00+00:00,2022-02-19 00:00:00+00:00,40641.0
BTCUSD_220624,BTC,2022-06-24 00:00:00+00:00,2022-02-20 00:00:00+00:00,38850.1
BTCUSD_220624,BTC,2022-06-24 00:00:00+00:00,2022-02-21 00:00:00+00:00,37494.9
BTCUSD_220624,BTC,2022-06-24 00:00:00+00:00,2022-02-22 00:00:00+00:00,38657.3
BTCUSD_220624,BTC,2022-06-24 00:00:00+00:00,2022-02-23 00:00:00+00:00,37662.4
BTCUSD_220624,BTC,2022-06-24 00:00:00+00:00,2022-02-24 00:00:00+00:00,38666.3
BTCUSD_220624,BTC,2022-06-24 00:00:00+00:00,2022-02-25 00:00:00+00:00,39532.9
BTCUSD_220624,BTC,2022-06-24 00:00:00+00:00,2022-02-26 00:00:00+00:00,39366.7
BTCUSD_220624,BTC,2022-06-24 00:00:00+00:00,2022-02-27 00:00:00+00:00,37838.9
BTCUSD_220624,BTC,2022-06-24 00:00:00+00:00,2022-02-28 00:00:00+00:00,43495.0
BTCUSD_220624,BTC,2022-06-24 00:00:00+00:00,2022-03-01 00:00:00+00:00,44860.2
BTCUSD_220624,BTC,2022-06-24 00:00:00+00:00,2022-03-02 00:00:00+00:00,44382.9
BTCUSD_220624,BTC,2022-06-24 00:00:00+00:00,2022-03-03 00:00:00+00:00,42962.0
BTCUSD_220624,BTC,2022-06-24 00:00:00+00:00,2022-03-04 00:00:00+00:00,39612.9
BTCUSD_220624,BTC,2022-06-24 00:00:00+00:00,2022-03-05 00:00:00+00:00,39847.1
BTCUSD_220624,BTC,2022-06-24 00:00:00+00:00,2022-03-06 00:00:00+00:00,38812.9
BTCUSD_220624,BTC,2022-06-24 00:00:00+00:00,2022-03-07 00:00:00+00:00,38336.0
BTCUSD_220624,BTC,2022-06-24 00:00:00+00:00,2022-03-08 00:00:00+00:00,39093.3
BTCUSD_220624,BTC,2022-06-24 00:00:00+00:00,2022-03-09 00:00:00+00:00,42334.3
BTCUSD_220624,BTC,2022-06-24 00:00:00+00:00,2022-03-10 00:00:00+00:00,39735.9
BTCUSD_220624,BTC,2022-06-24 00:00:00+00:00,2022-03-11 00:00:00+00:00,39033.0
BTCUSD_220624,BTC,2022-06-24 00:00:00+00:00,2022-03-12 00:00:00+00:00,39134.4
BTCUSD_220624,BTC,2022-06-24 00:00:00+00:00,2022-03-13 00:00:00+00:00,38080.5
BTCUSD_220624,BTC,2022-06-24 00:00:00+00:00,2022-03-14 00:00:00+00:00,40062.1
BTCUSD_220624,BTC,2022-06-24 00:00:00+00:00,2022-03-15 00:00:00+00:00,39695.4
BTCUSD_220624,BTC,2022-06-24 00:00:00+00:00,2022-03-16 00:00:00+00:00,41603.5
BTCUSD_220624,BTC,2022-06-24 00:00:00+00:00,2022-03-17 00:00:00+00:00,41378.2
BTCUSD_220624,BTC,2022-06-24 00:00:00+00:00,2022-03-18 00:00:00+00:00,42253.3
BTCUSD_220624,BTC,2022-06-24 00:00:00+00:00,2022-03-19 00:00:00+00:00,42607.7
BTCUSD_220624,BTC,2022-06-24 00:00:00+00:00,2022-03-20 00:00:00+00:00,41652.1
BTCUSD_220624,BTC,2022-06-24 00:00:00+00:00,2022-03-21 00:00:00+00:00,41352.9
BTCUSD_220624,BTC,2022-06-24 00:00:00+00:00,2022-03-22 00:00:00+00:00,42851.1
BTCUSD_220624,BTC,2022-06-24 00:00:00+00:00,2022-03-23 00:00:00+00:00,43404.3
BTCUSD_220624,BTC,2022-06-24 00:00:00+00:00,2022-03-24 00:00:00+00:00,44462.2
BTCUSD_220624,BTC,2022-06-24 00:00:00+00:00,2022-03-25 00:00:00+00:00,44820.1
BTCUSD_220624,BTC,2022-06-24 00:00:00+00:00,2022-03-26 00:00:00+00:00,45032.0
BTCUSD_220624,BTC,2022-06-24 00:00:00+00:00,2022-03-27 00:00:00+00:00,47363.4
BTCUSD_220624,BTC,2022-06-24 00:00:00+00:00,2022-03-28 00:00:00+00:00,47682.4
BTCUSD_220624,BTC,2022-06-24 00:00:00+00:00,2022-03-29 00:00:00+00:00,47987.5
BTCUSD_220624,BTC,2022-06-24 00:00:00+00:00,2022-03-30 00:00:00+00:00,47602.4
BTCUSD_220624,BTC,2022-06-24 00:00:00+00:00,2022-03-31 00:00:00+00:00,46021.6
BTCUSD_220624,BTC,2022-06-24 00:00:00+00:00,2022-04-01 00:00:00+00:00,46789.6
BTCUSD_220624,BTC,2022-06-24 00:00:00+00:00,2022-04-02 00:00:00+00:00,46314.5
BTCUSD_220624,BTC,2022-06-24 00:00:00+00:00,2022-04-03 00:00:00+00:00,46944.7
BTCUSD_220624,BTC,2022-06-24 00:00:00+00:00,2022-04-04 00:00:00+00:00,47141.6
BTCUSD_220624,BTC,2022-06-24 00:00:00+00:00,2022-04-05 00:00:00+00:00,45989.2
BTCUSD_220624,BTC,2022-06-24 00:00:00+00:00,2022-04-06 00:00:00+00:00,43545.2
BTCUSD_220624,BTC,2022-06-24 00:00:00+00:00,2022-04-07 00:00:00+00:00,43801.8
BTCUSD_220624,BTC,2022-06-24 00:00:00+00:00,2022-04-08 00:00:00+00:00,42519.9
BTCUSD_220624,BTC,2022-06-24 00:00:00+00:00,2022-04-09 00:00:00+00:00,43021.3
BTCUSD_220624,BTC,2022-06-24 00:00:00+00:00,2022-04-10 00:00:00+00:00,42423.6
BTCUSD_220624,BTC,2022-06-24 00:00:00+00:00,2022-04-11 00:00:00+00:00,39746.8
BTCUSD_220624,BTC,2022-06-24 00:00:00+00:00,2022-04-12 00:00:00+00:00,40244.6
BTCUSD_220624,BTC,2022-06-24 00:00:00+00:00,2022-04-13 00:00:00+00:00,41312.4
BTCUSD_220624,BTC,2022-06-24 00:00:00+00:00,2022-04-14 00:00:00+00:00,40094.1
BTCUSD_220624,BTC,2022-06-24 00:00:00+00:00,2022-04-15 00:00:00+00:00,40708.2
BTCUSD_220624,BTC,2022-06-24 00:00:00+00:00,2022-04-16 00:00:00+00:00,40577.4
BTCUSD_220624,BTC,2022-06-24 00:00:00+00:00,2022-04-17 00:00:00+00:00,39845.0
BTCUSD_220624,BTC,2022-06-24 00:00:00+00:00,2022-04-18 00:00:00+00:00,40969.7
BTCUSD_220624,BTC,2022-06-24 00:00:00+00:00,2022-04-19 00:00:00+00:00,41720.7
BTCUSD_220624,BTC,2022-06-24 00:00:00+00:00,2022-04-20 00:00:00+00:00,41553.1
BTCUSD_220624,BTC,2022-06-24 00:00:00+00:00,2022-04-21 00:00:00+00:00,40623.4
BTCUSD_220624,BTC,2022-06-24 00:00:00+00:00,2022-04-22 00:00:00+00:00,39816.0
BTCUSD_220624,BTC,2022-06-24 00:00:00+00:00,2022-04-23 00:00:00+00:00,39534.9
BTCUSD_220624,BTC,2022-06-24 00:00:00+00:00,2022-04-24 00:00:00+00:00,39565.7
BTCUSD_220624,BTC,2022-06-24 00:00:00+00:00,2022-04-25 00:00:00+00:00,40593.8
BTCUSD_220624,BTC,2022-06-24 00:00:00+00:00,2022-04-26 00:00:00+00:00,38226.1
BTCUSD_220624,BTC,2022-06-24 00:00:00+00:00,2022-04-27 00:00:00+00:00,39358.4
BTCUSD_220624,BTC,2022-06-24 00:00:00+00:00,2022-04-28 00:00:00+00:00,39873.3
BTCUSD_220624,BTC,2022-06-24 00:00:00+00:00,2022-04-29 00:00:00+00:00,38687.6
BTCUSD_220624,BTC,2022-06-24 00:00:00+00:00,2022-04-30 00:00:00+00:00,37715.8
BTCUSD_220624,BTC,2022-06-24 00:00:00+00:00,2022-05-01 00:00:00+00:00,38588.8
BTCUSD_220624,BTC,2022-06-24 00:00:00+00:00,2022-05-02 00:00:00+00:00,38630.5
BTCUSD_220624,BTC,2022-06-24 00:00:00+00:00,2022-05-03 00:00:00+00:00,37815.7
BTCUSD_220624,BTC,2022-06-24 00:00:00+00:00,2022-05-04 00:00:00+00:00,39866.3
BTCUSD_220624,BTC,2022-06-24 00:00:00+00:00,2022-05-05 00:00:00+00:00,36592.7
BTCUSD_220624,BTC,2022-06-24 00:00:00+00:00,2022-05-06 00:00:00+00:00,36120.8
BTCUSD_220624,BTC,2022-06-24 00:00:00+00:00,2022-05-07 00:00:00+00:00,35574.3
BTCUSD_220624,BTC,2022-06-24 00:00:00+00:00,2022-05-08 00:00:00+00:00,34065.6
BTCUSD_220624,BTC,2022-06-24 00:00:00+00:00,2022-05-09 00:00:00+00:00,30133.1
BTCUSD_220624,BTC,2022-06-24 00:00:00+00:00,2022-05-10 00:00:00+00:00,31103.4
BTCUSD_220624,BTC,2022-06-24 00:00:00+00:00,2022-05-11 00:00:00+00:00,29099.8
BTCUSD_220624,BTC,2022-06-24 00:00:00+00:00,2022-05-12 00:00:00+00:00,29072.0
BTCUSD_220624,BTC,2022-06-24 00:00:00+00:00,2022-05-13 00:00:00+00:00,29342.0
BTCUSD_220624,BTC,2022-06-24 00:00:00+00:00,2022-05-14 00:00:00+00:00,30130.1
BTCUSD_220624,BTC,2022-06-24 00:00:00+00:00,2022-05-15 00:00:00+00:00,31368.6
BTCUSD_220624,BTC,2022-06-24 00:00:00+00:00,2022-05-16 00:00:00+00:00,29916.8
BTCUSD_220624,BTC,2022-06-24 00:00:00+00:00,2022-05-17 00:00:00+00:00,30503.4
BTCUSD_220624,BTC,2022-06-24 00:00:00+00:00,2022-05-18 00:00:00+00:00,28729.6
BTCUSD_220624,BTC,2022-06-24 00:00:00+00:00,2022-05-19 00:00:00+00:00,30384.5
BTCUSD_220624,BTC,2022-06-24 00:00:00+00:00,2022-05-20 00:00:00+00:00,29243.9
BTCUSD_220624,BTC,2022-06-24 00:00:00+00:00,2022-05-21 00:00:00+00:00,29501.0
BTCUSD_220624,BTC,2022-06-24 00:00:00+00:00,2022-05-22 00:00:00+00:00,30356.0
BTCUSD_220624,BTC,2022-06-24 00:00:00+00:00,2022-05-23 00:00:00+00:00,29145.1
BTCUSD_220624,BTC,2022-06-24 00:00:00+00:00,2022-05-24 00:00:00+00:00,29711.2
BTCUSD_220624,BTC,2022-06-24 00:00:00+00:00,2022-05-25 00:00:00+00:00,29559.1
BTCUSD_220624,BTC,2022-06-24 00:00:00+00:00,2022-05-26 00:00:00+00:00,29247.9
BTCUSD_220624,BTC,2022-06-24 00:00:00+00:00,2022-05-27 00:00:00+00:00,28638.7
BTCUSD_220624,BTC,2022-06-24 00:00:00+00:00,2022-05-28 00:00:00+00:00,29070.2
BTCUSD_220624,BTC,2022-06-24 00:00:00+00:00,2022-05-29 00:00:00+00:00,29519.4
BTCUSD_220624,BTC,2022-06-24 00:00:00+00:00,2022-05-30 00:00:00+00:00,31784.6
BTCUSD_220624,BTC,2022-06-24 00:00:00+00:00,2022-05-31 00:00:00+00:00,31855.4
BTCUSD_220624,BTC,2022-06-24 00:00:00+00:00,2022-06-01 00:00:00+00:00,29848.9
BTCUSD_220624,BTC,2022-06-24 00:00:00+00:00,2022-06-02 00:00:00+00:00,30499.3
BTCUSD_220624,BTC,2022-06-24 00:00:00+00:00,2022-06-03 00:00:00+00:00,29743.2
BTCUSD_220624,BTC,2022-06-24 00:00:00+00:00,2022-06-04 00:00:00+00:00,29897.2
BTCUSD_220624,BTC,2022-06-24 00:00:00+00:00,2022-06-05 00:00:00+00:00,29944.6
BTCUSD_220624,BTC,2022-06-24 00:00:00+00:00,2022-06-06 00:00:00+00:00,31417.5
BTCUSD_220624,BTC,2022-06-24 00:00:00+00:00,2022-06-07 00:00:00+00:00,31145.4
BTCUSD_220624,BTC,2022-06-24 00:00:00+00:00,2022-06-08 00:00:00+00:00,30218.3
BTCUSD_220624,BTC,2022-06-24 00:00:00+00:00,2022-06-09 00:00:00+00:00,30117.5
BTCUSD_220624,BTC,2022-06-24 00:00:00+00:00,2022-06-10 00:00:00+00:00,29077.2
BTCUSD_220624,BTC,2022-06-24 00:00:00+00:00,2022-06-11 00:00:00+00:00,28421.9
BTCUSD_220624,BTC,2022-06-24 00:00:00+00:00,2022-06-12 00:00:00+00:00,26592.8
BTCUSD_220624,BTC,2022-06-24 00:00:00+00:00,2022-06-13 00:00:00+00:00,22462.3
BTCUSD_220624,BTC,2022-06-24 00:00:00+00:00,2022-06-14 00:00:00+00:00,22140.5
BTCUSD_220624,BTC,2022-06-24 00:00:00+00:00,2022-06-15 00:00:00+00:00,22578.2
BTCUSD_220624,BTC,2022-06-24 00:00:00+00:00,2022-06-16 00:00:00+00:00,20362.8
BTCUSD_220624,BTC,2022-06-24 00:00:00+00:00,2022-06-17 00:00:00+00:00,20431.1
BTCUSD_220624,BTC,2022-06-24 00:00:00+00:00,2022-06-18 00:00:00+00:00,18929.1
BTCUSD_220624,BTC,2022-06-24 00:00:00+00:00,2022-06-19 00:00:00+00:00,20551.1
BTCUSD_220624,BTC,2022-06-24 00:00:00+00:00,2022-06-20 00:00:00+00:00,20560.3
BTCUSD_220624,BTC,2022-06-24 00:00:00+00:00,2022-06-21 00:00:00+00:00,20703.1
BTCUSD_220624,BTC,2022-06-24 00:00:00+00:00,2022-06-22 00:00:00+00:00,19993.6
BTCUSD_220624,BTC,2022-06-24 00:00:00+00:00,2022-06-23 00:00:00+00:00,21120.4
BTCUSD_220930,BTC,2022-09-30 00:00:00+00:00,2022-03-25 00:00:00+00:00,45614.9
BTCUSD_220930,BTC,2022-09-30 00:00:00+00:00,2022-03-26 00:00:00+00:00,45795.2
BTCUSD_220930,BTC,2022-09-30 00:00:00+00:00,2022-03-27 00:00:00+00:00,48201.2
BTCUSD_220930,BTC,2022-09-30 00:00:00+00:00,2022-03-28 00:00:00+00:00,48564.9
BTCUSD_220930,BTC,2022-09-30 00:00:00+00:00,2022-03-29 00:00:00+00:00,48876.2
BTCUSD_220930,BTC,2022-09-30 00:00:00+00:00,2022-03-30 00:00:00+00:00,48494.5
BTCUSD_220930,BTC,2022-09-30 00:00:00+00:00,2022-03-31 00:00:00+00:00,46874.5
BTCUSD_220930,BTC,2022-09-30 00:00:00+00:00,2022-04-01 00:00:00+00:00,47717.2
BTCUSD_220930,BTC,2022-09-30 00:00:00+00:00,2022-04-02 00:00:00+00:00,47213.2
BTCUSD_220930,BTC,2022-09-30 00:00:00+00:00,2022-04-03 00:00:00+00:00,47836.3
BTCUSD_220930,BTC,2022-09-30 00:00:00+00:00,2022-04-04 00:00:00+00:00,48035.0
BTCUSD_220930,BTC,2022-09-30 00:00:00+00:00,2022-04-05 00:00:00+00:00,46871.8
BTCUSD_220930,BTC,2022-09-30 00:00:00+00:00,2022-04-06 00:00:00+00:00,44333.6
BTCUSD_220930,BTC,2022-09-30 00:00:00+00:00,2022-04-07 00:00:00+00:00,44565.2
BTCUSD_220930,BTC,2022-09-30 00:00:00+00:00,2022-04-08 00:00:00+00:00,43168.6
BTCUSD_220930,BTC,2022-09-30 00:00:00+00:00,2022-04-09 00:00:00+00:00,43639.6
BTCUSD_220930,BTC,2022-09-30 00:00:00+00:00,2022-04-10 00:00:00+00:00,42996.6
BTCUSD_220930,BTC,2022-09-30 00:00:00+00:00,2022-04-11 00:00:00+00:00,40207.0
BTCUSD_220930,BTC,2022-09-30 00:00:00+00:00,2022-04-12 00:00:00+00:00,40707.3
BTCUSD_220930,BTC,2022-09-30 00:00:00+00:00,2022-04-13 00:00:00+00:00,41737.8
BTCUSD_220930,BTC,2022-09-30 00:00:00+00:00,2022-04-14 00:00:00+00:00,40524.9
BTCUSD_220930,BTC,2022-09-30 00:00:00+00:00,2022-04-15 00:00:00+00:00,41117.2
BTCUSD_220930,BTC,2022-09-30 00:00:00+00:00,2022-04-16 00:00:00+00:00,40992.7
BTCUSD_220930,BTC,2022-09-30 00:00:00+00:00,2022-04-17 00:00:00+00:00,40259.3
BTCUSD_220930,BTC,2022-09-30 00:00:00+00:00,2022-04-18 00:00:00+00:00,41351.7
BTCUSD_220930,BTC,2022-09-30 00:00:00+00:00,2022-04-19 00:00:00+00:00,42195.8
BTCUSD_220930,BTC,2022-09-30 00:00:00+00:00,2022-04-20 00:00:00+00:00,42031.4
BTCUSD_220930,BTC,2022-09-30 00:00:00+00:00,2022-04-21 00:00:00+00:00,41101.3
BTCUSD_220930,BTC,2022-09-30 00:00:00+00:00,2022-04-22 00:00:00+00:00,40224.7
BTCUSD_220930,BTC,2022-09-30 00:00:00+00:00,2022-04-23 00:00:00+00:00,39916.6
BTCUSD_220930,BTC,2022-09-30 00:00:00+00:00,2022-04-24 00:00:00+00:00,39963.1
BTCUSD_220930,BTC,2022-09-30 00:00:00+00:00,2022-04-25 00:00:00+00:00,40958.9
BTCUSD_220930,BTC,2022-09-30 00:00:00+00:00,2022-04-26 00:00:00+00:00,38597.0
BTCUSD_220930,BTC,2022-09-30 00:00:00+00:00,2022-04-27 00:00:00+00:00,39741.1
BTCUSD_220930,BTC,2022-09-30 00:00:00+00:00,2022-04-28 00:00:00+00:00,40282.2
BTCUSD_220930,BTC,2022-09-30 00:00:00+00:00,2022-04-29 00:00:00+00:00,39102.1
BTCUSD_220930,BTC,2022-09-30 00:00:00+00:00,2022-04-30 00:00:00+00:00,38125.3
BTCUSD_220930,BTC,2022-09-30 00:00:00+00:00,2022-05-01 00:00:00+00:00,38974.5
BTCUSD_220930,BTC,2022-09-30 00:00:00+00:00,2022-05-02 00:00:00+00:00,39028.1
BTCUSD_220930,BTC,2022-09-30 00:00:00+00:00,2022-05-03 00:00:00+00:00,38225.2
BTCUSD_220930,BTC,2022-09-30 00:00:00+00:00,2022-05-04 00:00:00+00:00,40272.4
BTCUSD_220930,BTC,2022-09-30 00:00:00+00:00,2022-05-05 00:00:00+00:00,36981.5
BTCUSD_220930,BTC,2022-09-30 00:00:00+00:00,2022-05-06 00:00:00+00:00,36490.5
BTCUSD_220930,BTC,2022-09-30 00:00:00+00:00,2022-05-07 00:00:00+00:00,35941.3
BTCUSD_220930,BTC,2022-09-30 00:00:00+00:00,2022-05-08 00:00:00+00:00,34458.1
BTCUSD_220930,BTC,2022-09-30 00:00:00+00:00,2022-05-09 00:00:00+00:00,30437.3
BTCUSD_220930,BTC,2022-09-30 00:00:00+00:00,2022-05-10 00:00:00+00:00,31398.5
BTCUSD_220930,BTC,2022-09-30 00:00:00+00:00,2022-05-11 00:00:00+00:00,29410.3
BTCUSD_220930,BTC,2022-09-30 00:00:00+00:00,2022-05-12 00:00:00+00:00,29314.2
BTCUSD_220930,BTC,2022-09-30 00:00:00+00:00,2022-05-13 00:00:00+00:00,29590.6
BTCUSD_220930,BTC,2022-09-30 00:00:00+00:00,2022-05-14 00:00:00+00:00,30405.2
BTCUSD_220930,BTC,2022-09-30 00:00:00+00:00,2022-05-15 00:00:00+00:00,31677.8
BTCUSD_220930,BTC,2022-09-30 00:00:00+00:00,2022-05-16 00:00:00+00:00,30225.9
BTCUSD_220930,BTC,2022-09-30 00:00:00+00:00,2022-05-17 00:00:00+00:00,30846.7
BTCUSD_220930,BTC,2022-09-30 00:00:00+00:00,2022-05-18 00:00:00+00:00,29016.9
BTCUSD_220930,BTC,2022-09-30 00:00:00+00:00,2022-05-19 00:00:00+00:00,30714.0
BTCUSD_220930,BTC,2022-09-30 00:00:00+00:00,2022-05-20 00:00:00+00:00,29516.7
BTCUSD_220930,BTC,2022-09-30 00:00:00+00:00,2022-05-21 00:00:00+00:00,29761.7
BTCUSD_220930,BTC,2022-09-30 00:00:00+00:00,2022-05-22 00:00:00+00:00,30630.5
BTCUSD_220930,BTC,2022-09-30 00:00:00+00:00,2022-05-23 00:00:00+00:00,29382.5
BTCUSD_220930,BTC,2022-09-30 00:00:00+00:00,2022-05-24 00:00:00+00:00,29940.4
BTCUSD_220930,BTC,2022-09-30 00:00:00+00:00,2022-05-25 00:00:00+00:00,29764.8
BTCUSD_220930,BTC,2022-09-30 00:00:00+00:00,2022-05-26 00:00:00+00:00,29448.0
BTCUSD_220930,BTC,2022-09-30 00:00:00+00:00,2022-05-27 00:00:00+00:00,28799.9
BTCUSD_220930,BTC,2022-09-30 00:00:00+00:00,2022-05-28 00:00:00+00:00,29290.8
BTCUSD_220930,BTC,2022-09-30 00:00:00+00:00,2022-05-29 00:00:00+00:00,29725.9
BTCUSD_220930,BTC,2022-09-30 00:00:00+00:00,2022-05-30 00:00:00+00:00,32019.4
BTCUSD_220930,BTC,2022-09-30 00:00:00+00:00,2022-05-31 00:00:00+00:00,32174.3
BTCUSD_220930,BTC,2022-09-30 00:00:00+00:00,2022-06-01 00:00:00+00:00,30102.6
BTCUSD_220930,BTC,2022-09-30 00:00:00+00:00,2022-06-02 00:00:00+00:00,30759.8
BTCUSD_220930,BTC,2022-09-30 00:00:00+00:00,2022-06-03 00:00:00+00:00,29969.4
BTCUSD_220930,BTC,2022-09-30 00:00:00+00:00,2022-06-04 00:00:00+00:00,30150.6
BTCUSD_220930,BTC,2022-09-30 00:00:00+00:00,2022-06-05 00:00:00+00:00,30177.7
BTCUSD_220930,BTC,2022-09-30 00:00:00+00:00,2022-06-06 00:00:00+00:00,31683.1
BTCUSD_220930,BTC,2022-09-30 00:00:00+00:00,2022-06-07 00:00:00+00:00,31392.3
BTCUSD_220930,BTC,2022-09-30 00:00:00+00:00,2022-06-08 00:00:00+00:00,30430.1
BTCUSD_220930,BTC,2022-09-30 00:00:00+00:00,2022-06-09 00:00:00+00:00,30355.7
BTCUSD_220930,BTC,2022-09-30 00:00:00+00:00,2022-06-10 00:00:00+00:00,29302.0
BTCUSD_220930,BTC,2022-09-30 00:00:00+00:00,2022-06-11 00:00:00+00:00,28606.6
BTCUSD_220930,BTC,2022-09-30 00:00:00+00:00,2022-06-12 00:00:00+00:00,26769.9
BTCUSD_220930,BTC,2022-09-30 00:00:00+00:00,2022-06-13 00:00:00+00:00,22582.2
BTCUSD_220930,BTC,2022-09-30 00:00:00+00:00,2022-06-14 00:00:00+00:00,22289.0
BTCUSD_220930,BTC,2022-09-30 00:00:00+00:00,2022-06-15 00:00:00+00:00,22661.1
BTCUSD_220930,BTC,2022-09-30 00:00:00+00:00,2022-06-16 00:00:00+00:00,20442.1
BTCUSD_220930,BTC,2022-09-30 00:00:00+00:00,2022-06-17 00:00:00+00:00,20483.3
BTCUSD_220930,BTC,2022-09-30 00:00:00+00:00,2022-06-18 00:00:00+00:00,19057.9
BTCUSD_220930,BTC,2022-09-30 00:00:00+00:00,2022-06-19 00:00:00+00:00,20709.3
BTCUSD_220930,BTC,2022-09-30 00:00:00+00:00,2022-06-20 00:00:00+00:00,20672.1
BTCUSD_220930,BTC,2022-09-30 00:00:00+00:00,2022-06-21 00:00:00+00:00,20794.4
BTCUSD_220930,BTC,2022-09-30 00:00:00+00:00,2022-06-22 00:00:00+00:00,20015.3
BTCUSD_220930,BTC,2022-09-30 00:00:00+00:00,2022-06-23 00:00:00+00:00,21148.9
BTCUSD_220930,BTC,2022-09-30 00:00:00+00:00,2022-06-24 00:00:00+00:00,21276.1
BTCUSD_220930,BTC,2022-09-30 00:00:00+00:00,2022-06-25 00:00:00+00:00,21539.7
BTCUSD_220930,BTC,2022-09-30 00:00:00+00:00,2022-06-26 00:00:00+00:00,21092.9
BTCUSD_220930,BTC,2022-09-30 00:00:00+00:00,2022-06-27 00:00:00+00:00,20762.3
BTCUSD_220930,BTC,2022-09-30 00:00:00+00:00,2022-06-28 00:00:00+00:00,20291.4
BTCUSD_220930,BTC,2022-09-30 00:00:00+00:00,2022-06-29 00:00:00+00:00,20131.6
BTCUSD_220930,BTC,2022-09-30 00:00:00+00:00,2022-06-30 00:00:00+00:00,19957.6
BTCUSD_220930,BTC,2022-09-30 00:00:00+00:00,2022-07-01 00:00:00+00:00,19295.7
BTCUSD_220930,BTC,2022-09-30 00:00:00+00:00,2022-07-02 00:00:00+00:00,19285.8
BTCUSD_220930,BTC,2022-09-30 00:00:00+00:00,2022-07-03 00:00:00+00:00,19360.9
BTCUSD_220930,BTC,2022-09-30 00:00:00+00:00,2022-07-04 00:00:00+00:00,20325.3
BTCUSD_220930,BTC,2022-09-30 00:00:00+00:00,2022-07-05 00:00:00+00:00,20262.2
BTCUSD_220930,BTC,2022-09-30 00:00:00+00:00,2022-07-06 00:00:00+00:00,20656.6
BTCUSD_220930,BTC,2022-09-30 00:00:00+00:00,2022-07-07 00:00:00+00:00,21695.6
BTCUSD_220930,BTC,2022-09-30 00:00:00+00:00,2022-07-08 00:00:00+00:00,21638.4
BTCUSD_220930,BTC,2022-09-30 00:00:00+00:00,2022-07-09 00:00:00+00:00,21652.5
BTCUSD_220930,BTC,2022-09-30 00:00:00+00:00,2022-07-10 00:00:00+00:00,20912.4
BTCUSD_220930,BTC,2022-09-30 00:00:00+00:00,2022-07-11 00:00:00+00:00,20006.2
BTCUSD_220930,BTC,2022-09-30 00:00:00+00:00,2022-07-12 00:00:00+00:00,19371.4
BTCUSD_220930,BTC,2022-09-30 00:00:00+00:00,2022-07-13 00:00:00+00:00,20291.0
BTCUSD_220930,BTC,2022-09-30 00:00:00+00:00,2022-07-14 00:00:00+00:00,20654.7
BTCUSD_220930,BTC,2022-09-30 00:00:00+00:00,2022-07-15 00:00:00+00:00,20904.4
BTCUSD_220930,BTC,2022-09-30 00:00:00+00:00,2022-07-16 00:00:00+00:00,21288.9
BTCUSD_220930,BTC,2022-09-30 00:00:00+00:00,2022-07-17 00:00:00+00:00,20868.0
BTCUSD_220930,BTC,2022-09-30 00:00:00+00:00,2022-07-18 00:00:00+00:00,22558.6
BTCUSD_220930,BTC,2022-09-30 00:00:00+00:00,2022-07-19 00:00:00+00:00,23518.5
BTCUSD_220930,BTC,2022-09-30 00:00:00+00:00,2022-07-20 00:00:00+00:00,23349.8
BTCUSD_220930,BTC,2022-09-30 00:00:00+00:00,2022-07-21 00:00:00+00:00,23233.7
BTCUSD_220930,BTC,2022-09-30 00:00:00+00:00,2022-07-22 00:00:00+00:00,22754.1
BTCUSD_220930,BTC,2022-09-30 00:00:00+00:00,2022-07-23 00:00:00+00:00,22526.9
BTCUSD_220930,BTC,2022-09-30 00:00:00+00:00,2022-07-24 00:00:00+00:00,22670.9
BTCUSD_220930,BTC,2022-09-30 00:00:00+00:00,2022-07-25 00:00:00+00:00,21367.7
BTCUSD_220930,BTC,2022-09-30 00:00:00+00:00,2022-07-26 00:00:00+00:00,21319.3
BTCUSD_220930,BTC,2022-09-30 00:00:00+00:00,2022-07-27 00:00:00+00:00,23037.4
BTCUSD_220930,BTC,2022-09-30 00:00:00+00:00,2022-07-28 00:00:00+00:00,23958.0
BTCUSD_220930,BTC,2022-09-30 00:00:00+00:00,2022-07-29 00:00:00+00:00,23908.1
BTCUSD_220930,BTC,2022-09-30 00:00:00+00:00,2022-07-30 00:00:00+00:00,23740.9
BTCUSD_220930,BTC,2022-09-30 00:00:00+00:00,2022-07-31 00:00:00+00:00,23403.2
BTCUSD_220930,BTC,2022-09-30 00:00:00+00:00,2022-08-01 00:00:00+00:00,23372.5
BTCUSD_220930,BTC,2022-09-30 00:00:00+00:00,2022-08-02 00:00:00+00:00,23068.4
BTCUSD_220930,BTC,2022-09-30 00:00:00+00:00,2022-08-03 00:00:00+00:00,22908.3
BTCUSD_220930,BTC,2022-09-30 00:00:00+00:00,2022-08-04 00:00:00+00:00,22688.0
BTCUSD_220930,BTC,2022-09-30 00:00:00+00:00,2022-08-05 00:00:00+00:00,23408.3
BTCUSD_220930,BTC,2022-09-30 00:00:00+00:00,2022-08-06 00:00:00+00:00,23042.0
BTCUSD_220930,BTC,2022-09-30 00:00:00+00:00,2022-08-07 00:00:00+00:00,23264.2
BTCUSD_220930,BTC,2022-09-30 00:00:00+00:00,2022-08-08 00:00:00+00:00,23919.1
BTCUSD_220930,BTC,2022-09-30 00:00:00+00:00,2022-08-09 00:00:00+00:00,23206.7
BTCUSD_220930,BTC,2022-09-30 00:00:00+00:00,2022-08-10 00:00:00+00:00,24052.3
BTCUSD_220930,BTC,2022-09-30 00:00:00+00:00,2022-08-11 00:00:00+00:00,24020.7
BTCUSD_220930,BTC,2022-09-30 00:00:00+00:00,2022-08-12 00:00:00+00:00,24492.4
BTCUSD_220930,BTC,2022-09-30 00:00:00+00:00,2022-08-13 00:00:00+00:00,24514.2
BTCUSD_220930,BTC,2022-09-30 00:00:00+00:00,2022-08-14 00:00:00+00:00,24373.9
BTCUSD_220930,BTC,2022-09-30 00:00:00+00:00,2022-08-15 00:00:00+00:00,24110.1
BTCUSD_220930,BTC,2022-09-30 00:00:00+00:00,2022-08-16 00:00:00+00:00,23871.4
BTCUSD_220930,BTC,2022-09-30 00:00:00+00:00,2022-08-17 00:00:00+00:00,23334.4
BTCUSD_220930,BTC,2022-09-30 00:00:00+00:00,2022-08-18 00:00:00+00:00,23182.0
BTCUSD_220930,BTC,2022-09-30 00:00:00+00:00,2022-08-19 00:00:00+00:00,20822.9
BTCUSD_220930,BTC,2022-09-30 00:00:00+00:00,2022-08-20 00:00:00+00:00,21135.8
BTCUSD_220930,BTC,2022-09-30 00:00:00+00:00,2022-08-21 00:00:00+00:00,21521.2
BTCUSD_220930,BTC,2022-09-30 00:00:00+00:00,2022-08-22 00:00:00+00:00,21394.5
BTCUSD_220930,BTC,2022-09-30 00:00:00+00:00,2022-08-23 00:00:00+00:00,21532.1
BTCUSD_220930,BTC,2022-09-30 00:00:00+00:00,2022-08-24 00:00:00+00:00,21352.7
BTCUSD_220930,BTC,2022-09-30 00:00:00+00:00,2022-08-25 00:00:00+00:00,21556.2
BTCUSD_220930,BTC,2022-09-30 00:00:00+00:00,2022-08-26 00:00:00+00:00,20218.3
BTCUSD_220930,BTC,2022-09-30 00:00:00+00:00,2022-08-27 00:00:00+00:00,20008.5
BTCUSD_220930,BTC,2022-09-30 00:00:00+00:00,2022-08-28 00:00:00+00:00,19519.5
BTCUSD_220930,BTC,2022-09-30 00:00:00+00:00,2022-08-29 00:00:00+00:00,20283.4
BTCUSD_220930,BTC,2022-09-30 00:00:00+00:00,2022-08-30 00:00:00+00:00,19788.7
BTCUSD_220930,BTC,2022-09-30 00:00:00+00:00,2022-08-31 00:00:00+00:00,20033.1
BTCUSD_220930,BTC,2022-09-30 00:00:00+00:00,2022-09-01 00:00:00+00:00,20124.6
BTCUSD_220930,BTC,2022-09-30 00:00:00+00:00,2022-09-02 00:00:00+00:00,19953.0
BTCUSD_220930,BTC,2022-09-30 00:00:00+00:00,2022-09-03 00:00:00+00:00,19824.7
BTCUSD_220930,BTC,2022-09-30 00:00:00+00:00,2022-09-04 00:00:00+00:00,20005.8
BTCUSD_220930,BTC,2022-09-30 00:00:00+00:00,2022-09-05 00:00:00+00:00,19793.2
BTCUSD_220930,BTC,2022-09-30 00:00:00+00:00,2022-09-06 00:00:00+00:00,18771.7
BTCUSD_220930,BTC,2022-09-30 00:00:00+00:00,2022-09-07 00:00:00+00:00,19285.9
BTCUSD_220930,BTC,2022-09-30 00:00:00+00:00,2022-09-08 00:00:00+00:00,19314.3
BTCUSD_220930,BTC,2022-09-30 00:00:00+00:00,2022-09-09 00:00:00+00:00,21386.7
BTCUSD_220930,BTC,2022-09-30 00:00:00+00:00,2022-09-10 00:00:00+00:00,21665.6
BTCUSD_220930,BTC,2022-09-30 00:00:00+00:00,2022-09-11 00:00:00+00:00,21845.5
BTCUSD_220930,BTC,2022-09-30 00:00:00+00:00,2022-09-12 00:00:00+00:00,22396.9
BTCUSD_220930,BTC,2022-09-30 00:00:00+00:00,2022-09-13 00:00:00+00:00,20154.1
BTCUSD_220930,BTC,2022-09-30 00:00:00+00:00,2022-09-14 00:00:00+00:00,20214.7
BTCUSD_220930,BTC,2022-09-30 00:00:00+00:00,2022-09-15 00:00:00+00:00,19690.9
BTCUSD_220930,BTC,2022-09-30 00:00:00+00:00,2022-09-16 00:00:00+00:00,19785.6
BTCUSD_220930,BTC,2022-09-30 00:00:00+00:00,2022-09-17 00:00:00+00:00,20103.8
BTCUSD_220930,BTC,2022-09-30 00:00:00+00:00,2022-09-18 00:00:00+00:00,19407.7
BTCUSD_220930,BTC,2022-09-30 00:00:00+00:00,2022-09-19 00:00:00+00:00,19527.5
BTCUSD_220930,BTC,2022-09-30 00:00:00+00:00,2022-09-20 00:00:00+00:00,18863.4
BTCUSD_220930,BTC,2022-09-30 00:00:00+00:00,2022-09-21 00:00:00+00:00,18455.4
BTCUSD_220930,BTC,2022-09-30 00:00:00+00:00,2022-09-22 00:00:00+00:00,19401.1
BTCUSD_220930,BTC,2022-09-30 00:00:00+00:00,2022-09-23 00:00:00+00:00,19295.2
BTCUSD_220930,BTC,2022-09-30 00:00:00+00:00,2022-09-24 00:00:00+00:00,18913.5
BTCUSD_220930,BTC,2022-09-30 00:00:00+00:00,2022-09-25 00:00:00+00:00,18799.2
BTCUSD_220930,BTC,2022-09-30 00:00:00+00:00,2022-09-26 00:00:00+00:00,19224.7
BTCUSD_220930,BTC,2022-09-30 00:00:00+00:00,2022-09-27 00:00:00+00:00,19073.3
BTCUSD_220930,BTC,2022-09-30 00:00:00+00:00,2022-09-28 00:00:00+00:00,19421.6
BTCUSD_220930,BTC,2022-09-30 00:00:00+00:00,2022-09-29 00:00:00+00:00,19609.9
BTCUSD_221230,BTC,2022-12-30 00:00:00+00:00,2022-06-24 00:00:00+00:00,21481.3
BTCUSD_221230,BTC,2022-12-30 00:00:00+00:00,2022-06-25 00:00:00+00:00,21727.6
BTCUSD_221230,BTC,2022-12-30 00:00:00+00:00,2022-06-26 00:00:00+00:00,21290.5
BTCUSD_221230,BTC,2022-12-30 00:00:00+00:00,2022-06-27 00:00:00+00:00,20924.9
BTCUSD_221230,BTC,2022-12-30 00:00:00+00:00,2022-06-28 00:00:00+00:00,20432.2
BTCUSD_221230,BTC,2022-12-30 00:00:00+00:00,2022-06-29 00:00:00+00:00,20230.1
BTCUSD_221230,BTC,2022-12-30 00:00:00+00:00,2022-06-30 00:00:00+00:00,20066.3
BTCUSD_221230,BTC,2022-12-30 00:00:00+00:00,2022-07-01 00:00:00+00:00,19396.8
BTCUSD_221230,BTC,2022-12-30 00:00:00+00:00,2022-07-02 00:00:00+00:00,19361.4
BTCUSD_221230,BTC,2022-12-30 00:00:00+00:00,2022-07-03 00:00:00+00:00,19457.5
BTCUSD_221230,BTC,2022-12-30 00:00:00+00:00,2022-07-04 00:00:00+00:00,20420.7
BTCUSD_221230,BTC,2022-12-30 00:00:00+00:00,2022-07-05 00:00:00+00:00,20399.4
BTCUSD_221230,BTC,2022-12-30 00:00:00+00:00,2022-07-06 00:00:00+00:00,20766.6
BTCUSD_221230,BTC,2022-12-30 00:00:00+00:00,2022-07-07 00:00:00+00:00,21820.0
BTCUSD_221230,BTC,2022-12-30 00:00:00+00:00,2022-07-08 00:00:00+00:00,21795.4
BTCUSD_221230,BTC,2022-12-30 00:00:00+00:00,2022-07-09 00:00:00+00:00,21803.2
BTCUSD_221230,BTC,2022-12-30 00:00:00+00:00,2022-07-10 00:00:00+00:00,21056.5
BTCUSD_221230,BTC,2022-12-30 00:00:00+00:00,2022-07-11 00:00:00+00:00,20135.1
BTCUSD_221230,BTC,2022-12-30 00:00:00+00:00,2022-07-12 00:00:00+00:00,19488.2
BTCUSD_221230,BTC,2022-12-30 00:00:00+00:00,2022-07-13 00:00:00+00:00,20426.0
BTCUSD_221230,BTC,2022-12-30 00:00:00+00:00,2022-07-14 00:00:00+00:00,20781.3
BTCUSD_221230,BTC,2022-12-30 00:00:00+00:00,2022-07-15 00:00:00+00:00,21037.8
BTCUSD_221230,BTC,2022-12-30 00:00:00+00:00,2022-07-16 00:00:00+00:00,21421.7
BTCUSD_221230,BTC,2022-12-30 00:00:00+00:00,2022-07-17 00:00:00+00:00,21001.2
BTCUSD_221230,BTC,2022-12-30 00:00:00+00:00,2022-07-18 00:00:00+00:00,22718.2
BTCUSD_221230,BTC,2022-12-30 00:00:00+00:00,2022-07-19 00:00:00+00:00,23760.0
BTCUSD_221230,BTC,2022-12-30 00:00:00+00:00,2022-07-20 00:00:00+00:00,23565.9
BTCUSD_221230,BTC,2022-12-30 00:00:00+00:00,2022-07-21 00:00:00+00:00,23404.0
BTCUSD_221230,BTC,2022-12-30 00:00:00+00:00,2022-07-22 00:00:00+00:00,22900.8
BTCUSD_221230,BTC,2022-12-30 00:00:00+00:00,2022-07-23 00:00:00+00:00,22671.3
BTCUSD_221230,BTC,2022-12-30 00:00:00+00:00,2022-07-24 00:00:00+00:00,22826.2
BTCUSD_221230,BTC,2022-12-30 00:00:00+00:00,2022-07-25 00:00:00+00:00,21539.9
BTCUSD_221230,BTC,2022-12-30 00:00:00+00:00,2022-07-26 00:00:00+00:00,21473.0
BTCUSD_221230,BTC,2022-12-30 00:00:00+00:00,2022-07-27 00:00:00+00:00,23225.9
BTCUSD_221230,BTC,2022-12-30 00:00:00+00:00,2022-07-28 00:00:00+00:00,24156.2
BTCUSD_221230,BTC,2022-12-30 00:00:00+00:00,2022-07-29 00:00:00+00:00,24150.6
BTCUSD_221230,BTC,2022-12-30 00:00:00+00:00,2022-07-30 00:00:00+00:00,23980.6
BTCUSD_221230,BTC,2022-12-30 00:00:00+00:00,2022-07-31 00:00:00+00:00,23626.7
BTCUSD_221230,BTC,2022-12-30 00:00:00+00:00,2022-08-01 00:00:00+00:00,23558.9
BTCUSD_221230,BTC,2022-12-30 00:00:00+00:00,2022-08-02 00:00:00+00:00,23268.9
BTCUSD_221230,BTC,2022-12-30 00:00:00+00:00,2022-08-03 00:00:00+00:00,23097.8
BTCUSD_221230,BTC,2022-12-30 00:00:00+00:00,2022-08-04 00:00:00+00:00,22869.8
BTCUSD_221230,BTC,2022-12-30 00:00:00+00:00,2022-08-05 00:00:00+00:00,23621.0
BTCUSD_221230,BTC,2022-12-30 00:00:00+00:00,2022-08-06 00:00:00+00:00,23252.4
BTCUSD_221230,BTC,2022-12-30 00:00:00+00:00,2022-08-07 00:00:00+00:00,23463.3
BTCUSD_221230,BTC,2022-12-30 00:00:00+00:00,2022-08-08 00:00:00+00:00,24121.9
BTCUSD_221230,BTC,2022-12-30 00:00:00+00:00,2022-08-09 00:00:00+00:00,23389.9
BTCUSD_221230,BTC,2022-12-30 00:00:00+00:00,2022-08-10 00:00:00+00:00,24245.7
BTCUSD_221230,BTC,2022-12-30 00:00:00+00:00,2022-08-11 00:00:00+00:00,24242.6
BTCUSD_221230,BTC,2022-12-30 00:00:00+00:00,2022-08-12 00:00:00+00:00,24703.8
BTCUSD_221230,BTC,2022-12-30 00:00:00+00:00,2022-08-13 00:00:00+00:00,24716.8
BTCUSD_221230,BTC,2022-12-30 00:00:00+00:00,2022-08-14 00:00:00+00:00,24539.4
BTCUSD_221230,BTC,2022-12-30 00:00:00+00:00,2022-08-15 00:00:00+00:00,24300.3
BTCUSD_221230,BTC,2022-12-30 00:00:00+00:00,2022-08-16 00:00:00+00:00,24058.0
BTCUSD_221230,BTC,2022-12-30 00:00:00+00:00,2022-08-17 00:00:00+00:00,23484.2
BTCUSD_221230,BTC,2022-12-30 00:00:00+00:00,2022-08-18 00:00:00+00:00,23292.6
BTCUSD_221230,BTC,2022-12-30 00:00:00+00:00,2022-08-19 00:00:00+00:00,20925.3
BTCUSD_221230,BTC,2022-12-30 00:00:00+00:00,2022-08-20 00:00:00+00:00,21241.7
BTCUSD_221230,BTC,2022-12-30 00:00:00+00:00,2022-08-21 00:00:00+00:00,21622.7
BTCUSD_221230,BTC,2022-12-30 00:00:00+00:00,2022-08-22 00:00:00+00:00,21485.0
BTCUSD_221230,BTC,2022-12-30 00:00:00+00:00,2022-08-23 00:00:00+00:00,21625.2
BTCUSD_221230,BTC,2022-12-30 00:00:00+00:00,2022-08-24 00:00:00+00:00,21439.3
BTCUSD_221230,BTC,2022-12-30 00:00:00+00:00,2022-08-25 00:00:00+00:00,21631.5
BTCUSD_221230,BTC,2022-12-30 00:00:00+00:00,2022-08-26 00:00:00+00:00,20256.8
BTCUSD_221230,BTC,2022-12-30 00:00:00+00:00,2022-08-27 00:00:00+00:00,20030.1
BTCUSD_221230,BTC,2022-12-30 00:00:00+00:00,2022-08-28 00:00:00+00:00,19551.1
BTCUSD_221230,BTC,2022-12-30 00:00:00+00:00,2022-08-29 00:00:00+00:00,20332.0
BTCUSD_221230,BTC,2022-12-30 00:00:00+00:00,2022-08-30 00:00:00+00:00,19823.4
BTCUSD_221230,BTC,2022-12-30 00:00:00+00:00,2022-08-31 00:00:00+00:00,20073.9
BTCUSD_221230,BTC,2022-12-30 00:00:00+00:00,2022-09-01 00:00:00+00:00,20164.3
BTCUSD_221230,BTC,2022-12-30 00:00:00+00:00,2022-09-02 00:00:00+00:00,20016.5
BTCUSD_221230,BTC,2022-12-30 00:00:00+00:00,2022-09-03 00:00:00+00:00,19873.1
BTCUSD_221230,BTC,2022-12-30 00:00:00+00:00,2022-09-04 00:00:00+00:00,20037.5
BTCUSD_221230,BTC,2022-12-30 00:00:00+00:00,2022-09-05 00:00:00+00:00,19827.4
BTCUSD_221230,BTC,2022-12-30 00:00:00+00:00,2022-09-06 00:00:00+00:00,18803.2
BTCUSD_221230,BTC,2022-12-30 00:00:00+00:00,2022-09-07 00:00:00+00:00,19327.0
BTCUSD_221230,BTC,2022-12-30 00:00:00+00:00,2022-09-08 00:00:00+00:00,19366.7
BTCUSD_221230,BTC,2022-12-30 00:00:00+00:00,2022-09-09 00:00:00+00:00,21463.6
BTCUSD_221230,BTC,2022-12-30 00:00:00+00:00,2022-09-10 00:00:00+00:00,21734.1
BTCUSD_221230,BTC,2022-12-30 00:00:00+00:00,2022-09-11 00:00:00+00:00,21924.3
BTCUSD_221230,BTC,2022-12-30 00:00:00+00:00,2022-09-12 00:00:00+00:00,22518.5
BTCUSD_221230,BTC,2022-12-30 00:00:00+00:00,2022-09-13 00:00:00+00:00,20191.7
BTCUSD_221230,BTC,2022-12-30 00:00:00+00:00,2022-09-14 00:00:00+00:00,20265.8
BTCUSD_221230,BTC,2022-12-30 00:00:00+00:00,2022-09-15 00:00:00+00:00,19741.9
BTCUSD_221230,BTC,2022-12-30 00:00:00+00:00,2022-09-16 00:00:00+00:00,19848.5
BTCUSD_221230,BTC,2022-12-30 00:00:00+00:00,2022-09-17 00:00:00+00:00,20161.8
BTCUSD_221230,BTC,2022-12-30 00:00:00+00:00,2022-09-18 00:00:00+00:00,19443.6
BTCUSD_221230,BTC,2022-12-30 00:00:00+00:00,2022-09-19 00:00:00+00:00,19568.7
BTCUSD_221230,BTC,2022-12-30 00:00:00+00:00,2022-09-20 00:00:00+00:00,18908.2
BTCUSD_221230,BTC,2022-12-30 00:00:00+00:00,2022-09-21 00:00:00+00:00,18487.8
BTCUSD_221230,BTC,2022-12-30 00:00:00+00:00,2022-09-22 00:00:00+00:00,19451.5
BTCUSD_221230,BTC,2022-12-30 00:00:00+00:00,2022-09-23 00:00:00+00:00,19345.6
BTCUSD_221230,BTC,2022-12-30 00:00:00+00:00,2022-09-24 00:00:00+00:00,18957.1
BTCUSD_221230,BTC,2022-12-30 00:00:00+00:00,2022-09-25 00:00:00+00:00,18851.6
BTCUSD_221230,BTC,2022-12-30 00:00:00+00:00,2022-09-26 00:00:00+00:00,19277.5
BTCUSD_221230,BTC,2022-12-30 00:00:00+00:00,2022-09-27 00:00:00+00:00,19127.0
BTCUSD_221230,BTC,2022-12-30 00:00:00+00:00,2022-09-28 00:00:00+00:00,19447.5
BTCUSD_221230,BTC,2022-12-30 00:00:00+00:00,2022-09-29 00:00:00+00:00,19623.8
BTCUSD_221230,BTC,2022-12-30 00:00:00+00:00,2022-09-30 00:00:00+00:00,19495.5
BTCUSD_221230,BTC,2022-12-30 00:00:00+00:00,2022-10-01 00:00:00+00:00,19397.4
BTCUSD_221230,BTC,2022-12-30 00:00:00+00:00,2022-10-02 00:00:00+00:00,19127.8
BTCUSD_221230,BTC,2022-12-30 00:00:00+00:00,2022-10-03 00:00:00+00:00,19730.6
BTCUSD_221230,BTC,2022-12-30 00:00:00+00:00,2022-10-04 00:00:00+00:00,20439.8
BTCUSD_221230,BTC,2022-12-30 00:00:00+00:00,2022-10-05 00:00:00+00:00,20238.7
BTCUSD_221230,BTC,2022-12-30 00:00:00+00:00,2022-10-06 00:00:00+00:00,20046.1
BTCUSD_221230,BTC,2022-12-30 00:00:00+00:00,2022-10-07 00:00:00+00:00,19588.1
BTCUSD_221230,BTC,2022-12-30 00:00:00+00:00,2022-10-08 00:00:00+00:00,19466.0
BTCUSD_221230,BTC,2022-12-30 00:00:00+00:00,2022-10-09 00:00:00+00:00,19510.0
BTCUSD_221230,BTC,2022-12-30 00:00:00+00:00,2022-10-10 00:00:00+00:00,19181.5
BTCUSD_221230,BTC,2022-12-30 00:00:00+00:00,2022-10-11 00:00:00+00:00,19114.6
BTCUSD_221230,BTC,2022-12-30 00:00:00+00:00,2022-10-12 00:00:00+00:00,19217.7
BTCUSD_221230,BTC,2022-12-30 00:00:00+00:00,2022-10-13 00:00:00+00:00,19444.8
BTCUSD_221230,BTC,2022-12-30 00:00:00+00:00,2022-10-14 00:00:00+00:00,19220.8
BTCUSD_221230,BTC,2022-12-30 00:00:00+00:00,2022-10-15 00:00:00+00:00,19100.8
BTCUSD_221230,BTC,2022-12-30 00:00:00+00:00,2022-10-16 00:00:00+00:00,19300.4
BTCUSD_221230,BTC,2022-12-30 00:00:00+00:00,2022-10-17 00:00:00+00:00,19607.7
BTCUSD_221230,BTC,2022-12-30 00:00:00+00:00,2022-10-18 00:00:00+00:00,19374.9
BTCUSD_221230,BTC,2022-12-30 00:00:00+00:00,2022-10-19 00:00:00+00:00,19175.9
BTCUSD_221230,BTC,2022-12-30 00:00:00+00:00,2022-10-20 00:00:00+00:00,19089.7
BTCUSD_221230,BTC,2022-12-30 00:00:00+00:00,2022-10-21 00:00:00+00:00,19218.8
BTCUSD_221230,BTC,2022-12-30 00:00:00+00:00,2022-10-22 00:00:00+00:00,19264.3
BTCUSD_221230,BTC,2022-12-30 00:00:00+00:00,2022-10-23 00:00:00+00:00,19650.4
BTCUSD_221230,BTC,2022-12-30 00:00:00+00:00,2022-10-24 00:00:00+00:00,19375.5
BTCUSD_221230,BTC,2022-12-30 00:00:00+00:00,2022-10-25 00:00:00+00:00,20205.9
BTCUSD_221230,BTC,2022-12-30 00:00:00+00:00,2022-10-26 00:00:00+00:00,20845.5
BTCUSD_221230,BTC,2022-12-30 00:00:00+00:00,2022-10-27 00:00:00+00:00,20365.5
BTCUSD_221230,BTC,2022-12-30 00:00:00+00:00,2022-10-28 00:00:00+00:00,20670.9
BTCUSD_221230,BTC,2022-12-30 00:00:00+00:00,2022-10-29 00:00:00+00:00,20879.3
BTCUSD_221230,BTC,2022-12-30 00:00:00+00:00,2022-10-30 00:00:00+00:00,20689.1
BTCUSD_221230,BTC,2022-12-30 00:00:00+00:00,2022-10-31 00:00:00+00:00,20556.3
BTCUSD_221230,BTC,2022-12-30 00:00:00+00:00,2022-11-01 00:00:00+00:00,20544.5
BTCUSD_221230,BTC,2022-12-30 00:00:00+00:00,2022-11-02 00:00:00+00:00,20193.5
BTCUSD_221230,BTC,2022-12-30 00:00:00+00:00,2022-11-03 00:00:00+00:00,20260.4
BTCUSD_221230,BTC,2022-12-30 00:00:00+00:00,2022-11-04 00:00:00+00:00,21224.1
BTCUSD_221230,BTC,2022-12-30 00:00:00+00:00,2022-11-05 00:00:00+00:00,21389.2
BTCUSD_221230,BTC,2022-12-30 00:00:00+00:00,2022-11-06 00:00:00+00:00,20989.7
BTCUSD_221230,BTC,2022-12-30 00:00:00+00:00,2022-11-07 00:00:00+00:00,20673.9
BTCUSD_221230,BTC,2022-12-30 00:00:00+00:00,2022-11-08 00:00:00+00:00,18593.0
BTCUSD_221230,BTC,2022-12-30 00:00:00+00:00,2022-11-09 00:00:00+00:00,15871.0
BTCUSD_221230,BTC,2022-12-30 00:00:00+00:00,2022-11-10 00:00:00+00:00,17481.5
BTCUSD_221230,BTC,2022-12-30 00:00:00+00:00,2022-11-11 00:00:00+00:00,16948.9
BTCUSD_221230,BTC,2022-12-30 00:00:00+00:00,2022-11-12 00:00:00+00:00,16676.1
BTCUSD_221230,BTC,2022-12-30 00:00:00+00:00,2022-11-13 00:00:00+00:00,16209.8
BTCUSD_221230,BTC,2022-12-30 00:00:00+00:00,2022-11-14 00:00:00+00:00,16517.6
BTCUSD_221230,BTC,2022-12-30 00:00:00+00:00,2022-11-15 00:00:00+00:00,16802.4
BTCUSD_221230,BTC,2022-12-30 00:00:00+00:00,2022-11-16 00:00:00+00:00,16576.3
BTCUSD_221230,BTC,2022-12-30 00:00:00+00:00,2022-11-17 00:00:00+00:00,16613.7
BTCUSD_221230,BTC,2022-12-30 00:00:00+00:00,2022-11-18 00:00:00+00:00,16597.4
BTCUSD_221230,BTC,2022-12-30 00:00:00+00:00,2022-11-19 00:00:00+00:00,16612.2
BTCUSD_221230,BTC,2022-12-30 00:00:00+00:00,2022-11-20 00:00:00+00:00,16149.5
BTCUSD_221230,BTC,2022-12-30 00:00:00+00:00,2022-11-21 00:00:00+00:00,15671.2
BTCUSD_221230,BTC,2022-12-30 00:00:00+00:00,2022-11-22 00:00:00+00:00,16115.3
BTCUSD_221230,BTC,2022-12-30 00:00:00+00:00,2022-11-23 00:00:00+00:00,16516.6
BTCUSD_221230,BTC,2022-12-30 00:00:00+00:00,2022-11-24 00:00:00+00:00,16507.7
BTCUSD_221230,BTC,2022-12-30 00:00:00+00:00,2022-11-25 00:00:00+00:00,16445.0
BTCUSD_221230,BTC,2022-12-30 00:00:00+00:00,2022-11-26 00:00:00+00:00,16370.8
BTCUSD_221230,BTC,2022-12-30 00:00:00+00:00,2022-11-27 00:00:00+00:00,16355.0
BTCUSD_221230,BTC,2022-12-30 00:00:00+00:00,2022-11-28 00:00:00+00:00,16153.6
BTCUSD_221230,BTC,2022-12-30 00:00:00+00:00,2022-11-29 00:00:00+00:00,16386.1
BTCUSD_221230,BTC,2022-12-30 00:00:00+00:00,2022-11-30 00:00:00+00:00,17146.4
BTCUSD_221230,BTC,2022-12-30 00:00:00+00:00,2022-12-01 00:00:00+00:00,16946.8
BTCUSD_221230,BTC,2022-12-30 00:00:00+00:00,2022-12-02 00:00:00+00:00,17081.4
BTCUSD_221230,BTC,2022-12-30 00:00:00+00:00,2022-12-03 00:00:00+00:00,16868.3
BTCUSD_221230,BTC,2022-12-30 00:00:00+00:00,2022-12-04 00:00:00+00:00,17105.4
BTCUSD_221230,BTC,2022-12-30 00:00:00+00:00,2022-12-05 00:00:00+00:00,16940.9
BTCUSD_221230,BTC,2022-12-30 00:00:00+00:00,2022-12-06 00:00:00+00:00,17066.7
BTCUSD_221230,BTC,2022-12-30 00:00:00+00:00,2022-12-07 00:00:00+00:00,16818.4
BTCUSD_221230,BTC,2022-12-30 00:00:00+00:00,2022-12-08 00:00:00+00:00,17225.8
BTCUSD_221230,BTC,2022-12-30 00:00:00+00:00,2022-12-09 00:00:00+00:00,17116.2
BTCUSD_221230,BTC,2022-12-30 00:00:00+00:00,2022-12-10 00:00:00+00:00,17118.6
BTCUSD_221230,BTC,2022-12-30 00:00:00+00:00,2022-12-11 00:00:00+00:00,17086.8
BTCUSD_221230,BTC,2022-12-30 00:00:00+00:00,2022-12-12 00:00:00+00:00,17214.8
BTCUSD_221230,BTC,2022-12-30 00:00:00+00:00,2022-12-13 00:00:00+00:00,17795.5
BTCUSD_221230,BTC,2022-12-30 00:00:00+00:00,2022-12-14 00:00:00+00:00,17841.9
BTCUSD_221230,BTC,2022-12-30 00:00:00+00:00,2022-12-15 00:00:00+00:00,17384.2
BTCUSD_221230,BTC,2022-12-30 00:00:00+00:00,2022-12-16 00:00:00+00:00,16630.4
BTCUSD_221230,BTC,2022-12-30 00:00:00+00:00,2022-12-17 00:00:00+00:00,16787.7
BTCUSD_221230,BTC,2022-12-30 00:00:00+00:00,2022-12-18 00:00:00+00:00,16754.7
BTCUSD_221230,BTC,2022-12-30 00:00:00+00:00,2022-12-19 00:00:00+00:00,16441.3
BTCUSD_221230,BTC,2022-12-30 00:00:00+00:00,2022-12-20 00:00:00+00:00,16908.0
BTCUSD_221230,BTC,2022-12-30 00:00:00+00:00,2022-12-21 00:00:00+00:00,16844.5
BTCUSD_221230,BTC,2022-12-30 00:00:00+00:00,2022-12-22 00:00:00+00:00,16839.2
BTCUSD_221230,BTC,2022-12-30 00:00:00+00:00,2022-12-23 00:00:00+00:00,16800.2
BTCUSD_221230,BTC,2022-12-30 00:00:00+00:00,2022-12-24 00:00:00+00:00,16859.7
BTCUSD_221230,BTC,2022-12-30 00:00:00+00:00,2022-12-25 00:00:00+00:00,16856.0
BTCUSD_221230,BTC,2022-12-30 00:00:00+00:00,2022-12-26 00:00:00+00:00,16950.9
BTCUSD_221230,BTC,2022-12-30 00:00:00+00:00,2022-12-27 00:00:00+00:00,16727.3
BTCUSD_221230,BTC,2022-12-30 00:00:00+00:00,2022-12-28 00:00:00+00:00,16584.6
BTCUSD_221230,BTC,2022-12-30 00:00:00+00:00,2022-12-29 00:00:00+00:00,16671.7
BTCUSD_230331,BTC,2023-03-31 00:00:00+00:00,2022-09-30 00:00:00+00:00,19557.1
BTCUSD_230331,BTC,2023-03-31 00:00:00+00:00,2022-10-01 00:00:00+00:00,19456.1
BTCUSD_230331,BTC,2023-03-31 00:00:00+00:00,2022-10-02 00:00:00+00:00,19190.0
BTCUSD_230331,BTC,2023-03-31 00:00:00+00:00,2022-10-03 00:00:00+00:00,19777.2
BTCUSD_230331,BTC,2023-03-31 00:00:00+00:00,2022-10-04 00:00:00+00:00,20462.5
BTCUSD_230331,BTC,2023-03-31 00:00:00+00:00,2022-10-05 00:00:00+00:00,20282.9
BTCUSD_230331,BTC,2023-03-31 00:00:00+00:00,2022-10-06 00:00:00+00:00,20084.8
BTCUSD_230331,BTC,2023-03-31 00:00:00+00:00,2022-10-07 00:00:00+00:00,19630.3
BTCUSD_230331,BTC,2023-03-31 00:00:00+00:00,2022-10-08 00:00:00+00:00,19501.5
BTCUSD_230331,BTC,2023-03-31 00:00:00+00:00,2022-10-09 00:00:00+00:00,19575.3
BTCUSD_230331,BTC,2023-03-31 00:00:00+00:00,2022-10-10 00:00:00+00:00,19232.3
BTCUSD_230331,BTC,2023-03-31 00:00:00+00:00,2022-10-11 00:00:00+00:00,19181.9
BTCUSD_230331,BTC,2023-03-31 00:00:00+00:00,2022-10-12 00:00:00+00:00,19282.4
BTCUSD_230331,BTC,2023-03-31 00:00:00+00:00,2022-10-13 00:00:00+00:00,19497.2
BTCUSD_230331,BTC,2023-03-31 00:00:00+00:00,2022-10-14 00:00:00+00:00,19265.7
BTCUSD_230331,BTC,2023-03-31 00:00:00+00:00,2022-10-15 00:00:00+00:00,19144.1
BTCUSD_230331,BTC,2023-03-31 00:00:00+00:00,2022-10-16 00:00:00+00:00,19335.4
BTCUSD_230331,BTC,2023-03-31 00:00:00+00:00,2022-10-17 00:00:00+00:00,19651.3
BTCUSD_230331,BTC,2023-03-31 00:00:00+00:00,2022-10-18 00:00:00+00:00,19424.8
BTCUSD_230331,BTC,2023-03-31 00:00:00+00:00,2022-10-19 00:00:00+00:00,19237.2
BTCUSD_230331,BTC,2023-03-31 00:00:00+00:00,2022-10-20 00:00:00+00:00,19137.5
BTCUSD_230331,BTC,2023-03-31 00:00:00+00:00,2022-10-21 00:00:00+00:00,19265.6
BTCUSD_230331,BTC,2023-03-31 00:00:00+00:00,2022-10-22 00:00:00+00:00,19297.6
BTCUSD_230331,BTC,2023-03-31 00:00:00+00:00,2022-10-23 00:00:00+00:00,19683.5
BTCUSD_230331,BTC,2023-03-31 00:00:00+00:00,2022-10-24 00:00:00+00:00,19425.6
BTCUSD_230331,BTC,2023-03-31 00:00:00+00:00,2022-10-25 00:00:00+00:00,20251.6
BTCUSD_230331,BTC,2023-03-31 00:00:00+00:00,2022-10-26 00:00:00+00:00,20915.7
BTCUSD_230331,BTC,2023-03-31 00:00:00+00:00,2022-10-27 00:00:00+00:00,20424.6
BTCUSD_230331,BTC,2023-03-31 00:00:00+00:00,2022-10-28 00:00:00+00:00,20754.2
BTCUSD_230331,BTC,2023-03-31 00:00:00+00:00,2022-10-29 00:00:00+00:00,20975.1
BTCUSD_230331,BTC,2023-03-31 00:00:00+00:00,2022-10-30 00:00:00+00:00,20778.6
BTCUSD_230331,BTC,2023-03-31 00:00:00+00:00,2022-10-31 00:00:00+00:00,20636.6
BTCUSD_230331,BTC,2023-03-31 00:00:00+00:00,2022-11-01 00:00:00+00:00,20620.7
BTCUSD_230331,BTC,2023-03-31 00:00:00+00:00,2022-11-02 00:00:00+00:00,20278.5
BTCUSD_230331,BTC,2023-03-31 00:00:00+00:00,2022-11-03 00:00:00+00:00,20336.8
BTCUSD_230331,BTC,2023-03-31 00:00:00+00:00,2022-11-04 00:00:00+00:00,21309.9
BTCUSD_230331,BTC,2023-03-31 00:00:00+00:00,2022-11-05 00:00:00+00:00,21486.5
BTCUSD_230331,BTC,2023-03-31 00:00:00+00:00,2022-11-06 00:00:00+00:00,21083.5
BTCUSD_230331,BTC,2023-03-31 00:00:00+00:00,2022-11-07 00:00:00+00:00,20734.3
BTCUSD_230331,BTC,2023-03-31 00:00:00+00:00,2022-11-08 00:00:00+00:00,18651.4
BTCUSD_230331,BTC,2023-03-31 00:00:00+00:00,2022-11-09 00:00:00+00:00,15909.4
BTCUSD_230331,BTC,2023-03-31 00:00:00+00:00,2022-11-10 00:00:00+00:00,17536.0
BTCUSD_230331,BTC,2023-03-31 00:00:00+00:00,2022-11-11 00:00:00+00:00,17008.5
BTCUSD_230331,BTC,2023-03-31 00:00:00+00:00,2022-11-12 00:00:00+00:00,16754.9
BTCUSD_230331,BTC,2023-03-31 00:00:00+00:00,2022-11-13 00:00:00+00:00,16294.5
BTCUSD_230331,BTC,2023-03-31 00:00:00+00:00,2022-11-14 00:00:00+00:00,16555.4
BTCUSD_230331,BTC,2023-03-31 00:00:00+00:00,2022-11-15 00:00:00+00:00,16863.4
BTCUSD_230331,BTC,2023-03-31 00:00:00+00:00,2022-11-16 00:00:00+00:00,16629.3
BTCUSD_230331,BTC,2023-03-31 00:00:00+00:00,2022-11-17 00:00:00+00:00,16652.4
BTCUSD_230331,BTC,2023-03-31 00:00:00+00:00,2022-11-18 00:00:00+00:00,16636.6
BTCUSD_230331,BTC,2023-03-31 00:00:00+00:00,2022-11-19 00:00:00+00:00,16636.1
BTCUSD_230331,BTC,2023-03-31 00:00:00+00:00,2022-11-20 00:00:00+00:00,16185.7
BTCUSD_230331,BTC,2023-03-31 00:00:00+00:00,2022-11-21 00:00:00+00:00,15672.2
BTCUSD_230331,BTC,2023-03-31 00:00:00+00:00,2022-11-22 00:00:00+00:00,16137.3
BTCUSD_230331,BTC,2023-03-31 00:00:00+00:00,2022-11-23 00:00:00+00:00,16545.7
BTCUSD_230331,BTC,2023-03-31 00:00:00+00:00,2022-11-24 00:00:00+00:00,16555.6
BTCUSD_230331,BTC,2023-03-31 00:00:00+00:00,2022-11-25 00:00:00+00:00,16468.8
BTCUSD_230331,BTC,2023-03-31 00:00:00+00:00,2022-11-26 00:00:00+00:00,16396.2
BTCUSD_230331,BTC,2023-03-31 00:00:00+00:00,2022-11-27 00:00:00+00:00,16410.5
BTCUSD_230331,BTC,2023-03-31 00:00:00+00:00,2022-11-28 00:00:00+00:00,16164.9
BTCUSD_230331,BTC,2023-03-31 00:00:00+00:00,2022-11-29 00:00:00+00:00,16408.0
BTCUSD_230331,BTC,2023-03-31 00:00:00+00:00,2022-11-30 00:00:00+00:00,17192.0
BTCUSD_230331,BTC,2023-03-31 00:00:00+00:00,2022-12-01 00:00:00+00:00,16962.7
BTCUSD_230331,BTC,2023-03-31 00:00:00+00:00,2022-12-02 00:00:00+00:00,17096.3
BTCUSD_230331,BTC,2023-03-31 00:00:00+00:00,2022-12-03 00:00:00+00:00,16886.6
BTCUSD_230331,BTC,2023-03-31 00:00:00+00:00,2022-12-04 00:00:00+00:00,17130.2
BTCUSD_230331,BTC,2023-03-31 00:00:00+00:00,2022-12-05 00:00:00+00:00,16989.3
BTCUSD_230331,BTC,2023-03-31 00:00:00+00:00,2022-12-06 00:00:00+00:00,17129.0
BTCUSD_230331,BTC,2023-03-31 00:00:00+00:00,2022-12-07 00:00:00+00:00,16860.2
BTCUSD_230331,BTC,2023-03-31 00:00:00+00:00,2022-12-08 00:00:00+00:00,17269.1
BTCUSD_230331,BTC,2023-03-31 00:00:00+00:00,2022-12-09 00:00:00+00:00,17164.0
BTCUSD_230331,BTC,2023-03-31 00:00:00+00:00,2022-12-10 00:00:00+00:00,17167.5
BTCUSD_230331,BTC,2023-03-31 00:00:00+00:00,2022-12-11 00:00:00+00:00,17123.7
BTCUSD_230331,BTC,2023-03-31 00:00:00+00:00,2022-12-12 00:00:00+00:00,17256.7
BTCUSD_230331,BTC,2023-03-31 00:00:00+00:00,2022-12-13 00:00:00+00:00,17854.0
BTCUSD_230331,BTC,2023-03-31 00:00:00+00:00,2022-12-14 00:00:00+00:00,17915.3
BTCUSD_230331,BTC,2023-03-31 00:00:00+00:00,2022-12-15 00:00:00+00:00,17432.6
BTCUSD_230331,BTC,2023-03-31 00:00:00+00:00,2022-12-16 00:00:00+00:00,16645.7
BTCUSD_230331,BTC,2023-03-31 00:00:00+00:00,2022-12-17 00:00:00+00:00,16816.7
BTCUSD_230331,BTC,2023-03-31 00:00:00+00:00,2022-12-18 00:00:00+00:00,16780.9
BTCUSD_230331,BTC,2023-03-31 00:00:00+00:00,2022-12-19 00:00:00+00:00,16467.7
BTCUSD_230331,BTC,2023-03-31 00:00:00+00:00,2022-12-20 00:00:00+00:00,16931.6
BTCUSD_230331,BTC,2023-03-31 00:00:00+00:00,2022-12-21 00:00:00+00:00,16864.0
BTCUSD_230331,BTC,2023-03-31 00:00:00+00:00,2022-12-22 00:00:00+00:00,16824.0
BTCUSD_230331,BTC,2023-03-31 00:00:00+00:00,2022-12-23 00:00:00+00:00,16811.5
BTCUSD_230331,BTC,2023-03-31 00:00:00+00:00,2022-12-24 00:00:00+00:00,16862.2
BTCUSD_230331,BTC,2023-03-31 00:00:00+00:00,2022-12-25 00:00:00+00:00,16826.1
BTCUSD_230331,BTC,2023-03-31 00:00:00+00:00,2022-12-26 00:00:00+00:00,16931.9
BTCUSD_230331,BTC,2023-03-31 00:00:00+00:00,2022-12-27 00:00:00+00:00,16668.2
BTCUSD_230331,BTC,2023-03-31 00:00:00+00:00,2022-12-28 00:00:00+00:00,16514.8
BTCUSD_230331,BTC,2023-03-31 00:00:00+00:00,2022-12-29 00:00:00+00:00,16604.1
BTCUSD_230331,BTC,2023-03-31 00:00:00+00:00,2022-12-30 00:00:00+00:00,16575.3
BTCUSD_230331,BTC,2023-03-31 00:00:00+00:00,2022-12-31 00:00:00+00:00,16563.1
BTCUSD_230331,BTC,2023-03-31 00:00:00+00:00,2023-01-01 00:00:00+00:00,16653.3
BTCUSD_230331,BTC,2023-03-31 00:00:00+00:00,2023-01-02 00:00:00+00:00,16712.5
BTCUSD_230331,BTC,2023-03-31 00:00:00+00:00,2023-01-03 00:00:00+00:00,16720.7
BTCUSD_230331,BTC,2023-03-31 00:00:00+00:00,2023-01-04 00:00:00+00:00,16935.3
BTCUSD_230331,BTC,2023-03-31 00:00:00+00:00,2023-01-05 00:00:00+00:00,16912.0
BTCUSD_230331,BTC,2023-03-31 00:00:00+00:00,2023-01-06 00:00:00+00:00,17052.5
BTCUSD_230331,BTC,2023-03-31 00:00:00+00:00,2023-01-07 00:00:00+00:00,17031.2
BTCUSD_230331,BTC,2023-03-31 00:00:00+00:00,2023-01-08 00:00:00+00:00,17230.1
BTCUSD_230331,BTC,2023-03-31 00:00:00+00:00,2023-01-09 00:00:00+00:00,17281.5
BTCUSD_230331,BTC,2023-03-31 00:00:00+00:00,2023-01-10 00:00:00+00:00,17554.2
BTCUSD_230331,BTC,2023-03-31 00:00:00+00:00,2023-01-11 00:00:00+00:00,18064.1
BTCUSD_230331,BTC,2023-03-31 00:00:00+00:00,2023-01-12 00:00:00+00:00,18967.1
BTCUSD_230331,BTC,2023-03-31 00:00:00+00:00,2023-01-13 00:00:00+00:00,20060.6
BTCUSD_230331,BTC,2023-03-31 00:00:00+00:00,2023-01-14 00:00:00+00:00,21127.5
BTCUSD_230331,BTC,2023-03-31 00:00:00+00:00,2023-01-15 00:00:00+00:00,21058.3
BTCUSD_230331,BTC,2023-03-31 00:00:00+00:00,2023-01-16 00:00:00+00:00,21368.4
BTCUSD_230331,BTC,2023-03-31 00:00:00+00:00,2023-01-17 00:00:00+00:00,21298.8
BTCUSD_230331,BTC,2023-03-31 00:00:00+00:00,2023-01-18 00:00:00+00:00,20848.6
BTCUSD_230331,BTC,2023-03-31 00:00:00+00:00,2023-01-19 00:00:00+00:00,21252.1
BTCUSD_230331,BTC,2023-03-31 00:00:00+00:00,2023-01-20 00:00:00+00:00,22871.8
BTCUSD_230331,BTC,2023-03-31 00:00:00+00:00,2023-01-21 00:00:00+00:00,22969.7
BTCUSD_230331,BTC,2023-03-31 00:00:00+00:00,2023-01-22 00:00:00+00:00,22912.5
BTCUSD_230331,BTC,2023-03-31 00:00:00+00:00,2023-01-23 00:00:00+00:00,23116.2
BTCUSD_230331,BTC,2023-03-31 00:00:00+00:00,2023-01-24 00:00:00+00:00,22839.5
BTCUSD_230331,BTC,2023-03-31 00:00:00+00:00,2023-01-25 00:00:00+00:00,23282.0
BTCUSD_230331,BTC,2023-03-31 00:00:00+00:00,2023-01-26 00:00:00+00:00,23221.3
BTCUSD_230331,BTC,2023-03-31 00:00:00+00:00,2023-01-27 00:00:00+00:00,23287.1
BTCUSD_230331,BTC,2023-03-31 00:00:00+00:00,2023-01-28 00:00:00+00:00,23236.2
BTCUSD_230331,BTC,2023-03-31 00:00:00+00:00,2023-01-29 00:00:00+00:00,23991.3
BTCUSD_230331,BTC,2023-03-31 00:00:00+00:00,2023-01-30 00:00:00+00:00,23019.0
BTCUSD_230331,BTC,2023-03-31 00:00:00+00:00,2023-01-31 00:00:00+00:00,23329.0
BTCUSD_230331,BTC,2023-03-31 00:00:00+00:00,2023-02-01 00:00:00+00:00,23959.7
BTCUSD_230331,BTC,2023-03-31 00:00:00+00:00,2023-02-02 00:00:00+00:00,23709.6
BTCUSD_230331,BTC,2023-03-31 00:00:00+00:00,2023-02-03 00:00:00+00:00,23652.3
BTCUSD_230331,BTC,2023-03-31 00:00:00+00:00,2023-02-04 00:00:00+00:00,23520.0
BTCUSD_230331,BTC,2023-03-31 00:00:00+00:00,2023-02-05 00:00:00+00:00,23109.3
BTCUSD_230331,BTC,2023-03-31 00:00:00+00:00,2023-02-06 00:00:00+00:00,22944.8
BTCUSD_230331,BTC,2023-03-31 00:00:00+00:00,2023-02-07 00:00:00+00:00,23421.6
BTCUSD_230331,BTC,2023-03-31 00:00:00+00:00,2023-02-08 00:00:00+00:00,23120.7
BTCUSD_230331,BTC,2023-03-31 00:00:00+00:00,2023-02-09 00:00:00+00:00,21944.4
BTCUSD_230331,BTC,2023-03-31 00:00:00+00:00,2023-02-10 00:00:00+00:00,21762.4
BTCUSD_230331,BTC,2023-03-31 00:00:00+00:00,2023-02-11 00:00:00+00:00,21978.2
BTCUSD_230331,BTC,2023-03-31 00:00:00+00:00,2023-02-12 00:00:00+00:00,21899.7
BTCUSD_230331,BTC,2023-03-31 00:00:00+00:00,2023-02-13 00:00:00+00:00,21893.8
BTCUSD_230331,BTC,2023-03-31 00:00:00+00:00,2023-02-14 00:00:00+00:00,22349.7
BTCUSD_230331,BTC,2023-03-31 00:00:00+00:00,2023-02-15 00:00:00+00:00,24516.6
BTCUSD_230331,BTC,2023-03-31 00:00:00+00:00,2023-02-16 00:00:00+00:00,23685.5
BTCUSD_230331,BTC,2023-03-31 00:00:00+00:00,2023-02-17 00:00:00+00:00,24750.5
BTCUSD_230331,BTC,2023-03-31 00:00:00+00:00,2023-02-18 00:00:00+00:00,24829.6
BTCUSD_230331,BTC,2023-03-31 00:00:00+00:00,2023-02-19 00:00:00+00:00,24473.2
BTCUSD_230331,BTC,2023-03-31 00:00:00+00:00,2023-02-20 00:00:00+00:00,25066.5
BTCUSD_230331,BTC,2023-03-31 00:00:00+00:00,2023-02-21 00:00:00+00:00,24674.7
BTCUSD_230331,BTC,2023-03-31 00:00:00+00:00,2023-02-22 00:00:00+00:00,24382.8
BTCUSD_230331,BTC,2023-03-31 00:00:00+00:00,2023-02-23 00:00:00+00:00,24117.2
BTCUSD_230331,BTC,2023-03-31 00:00:00+00:00,2023-02-24 00:00:00+00:00,23335.5
BTCUSD_230331,BTC,2023-03-31 00:00:00+00:00,2023-02-25 00:00:00+00:00,23317.9
BTCUSD_230331,BTC,2023-03-31 00:00:00+00:00,2023-02-26 00:00:00+00:00,23700.8
BTCUSD_230331,BTC,2023-03-31 00:00:00+00:00,2023-02-27 00:00:00+00:00,23630.5
BTCUSD_230331,BTC,2023-03-31 00:00:00+00:00,2023-02-28 00:00:00+00:00,23262.8
BTCUSD_230331,BTC,2023-03-31 00:00:00+00:00,2023-03-01 00:00:00+00:00,23789.0
BTCUSD_230331,BTC,2023-03-31 00:00:00+00:00,2023-03-02 00:00:00+00:00,23588.6
BTCUSD_230331,BTC,2023-03-31 00:00:00+00:00,2023-03-03 00:00:00+00:00,22446.8
BTCUSD_230331,BTC,2023-03-31 00:00:00+00:00,2023-03-04 00:00:00+00:00,22427.4
BTCUSD_230331,BTC,2023-03-31 00:00:00+00:00,2023-03-05 00:00:00+00:00,22512.4
BTCUSD_230331,BTC,2023-03-31 00:00:00+00:00,2023-03-06 00:00:00+00:00,22472.0
BTCUSD_230331,BTC,2023-03-31 00:00:00+00:00,2023-03-07 00:00:00+00:00,22245.7
BTCUSD_230331,BTC,2023-03-31 00:00:00+00:00,2023-03-08 00:00:00+00:00,21758.3
BTCUSD_230331,BTC,2023-03-31 00:00:00+00:00,2023-03-09 00:00:00+00:00,20411.7
BTCUSD_230331,BTC,2023-03-31 00:00:00+00:00,2023-03-10 00:00:00+00:00,20198.9
BTCUSD_230331,BTC,2023-03-31 00:00:00+00:00,2023-03-11 00:00:00+00:00,20470.7
BTCUSD_230331,BTC,2023-03-31 00:00:00+00:00,2023-03-12 00:00:00+00:00,22050.0
BTCUSD_230331,BTC,2023-03-31 00:00:00+00:00,2023-03-13 00:00:00+00:00,24186.6
BTCUSD_230331,BTC,2023-03-31 00:00:00+00:00,2023-03-14 00:00:00+00:00,24778.1
BTCUSD_230331,BTC,2023-03-31 00:00:00+00:00,2023-03-15 00:00:00+00:00,24393.0
BTCUSD_230331,BTC,2023-03-31 00:00:00+00:00,2023-03-16 00:00:00+00:00,25056.2
BTCUSD_230331,BTC,2023-03-31 00:00:00+00:00,2023-03-17 00:00:00+00:00,27464.6
BTCUSD_230331,BTC,2023-03-31 00:00:00+00:00,2023-03-18 00:00:00+00:00,26994.5
BTCUSD_230331,BTC,2023-03-31 00:00:00+00:00,2023-03-19 00:00:00+00:00,28085.3
BTCUSD_230331,BTC,2023-03-31 00:00:00+00:00,2023-03-20 00:00:00+00:00,27843.2
BTCUSD_230331,BTC,2023-03-31 00:00:00+00:00,2023-03-21 00:00:00+00:00,28210.3
BTCUSD_230331,BTC,2023-03-31 00:00:00+00:00,2023-03-22 00:00:00+00:00,27341.7
BTCUSD_230331,BTC,2023-03-31 00:00:00+00:00,2023-03-23 00:00:00+00:00,28377.6
BTCUSD_230331,BTC,2023-03-31 00:00:00+00:00,2023-03-24 00:00:00+00:00,27506.8
BTCUSD_230331,BTC,2023-03-31 00:00:00+00:00,2023-03-25 00:00:00+00:00,27537.2
BTCUSD_230331,BTC,2023-03-31 00:00:00+00:00,2023-03-26 00:00:00+00:00,28031.6
BTCUSD_230331,BTC,2023-03-31 00:00:00+00:00,2023-03-27 00:00:00+00:00,27147.5
BTCUSD_230331,BTC,2023-03-31 00:00:00+00:00,2023-03-28 00:00:00+00:00,27282.1
BTCUSD_230331,BTC,2023-03-31 00:00:00+00:00,2023-03-29 00:00:00+00:00,28357.3
BTCUSD_230331,BTC,2023-03-31 00:00:00+00:00,2023-03-30 00:00:00+00:00,28067.2
BTCUSD_230630,BTC,2023-06-30 00:00:00+00:00,2022-12-30 00:00:00+00:00,16599.6
BTCUSD_230630,BTC,2023-06-30 00:00:00+00:00,2022-12-31 00:00:00+00:00,16571.9
BTCUSD_230630,BTC,2023-06-30 00:00:00+00:00,2023-01-01 00:00:00+00:00,16688.5
BTCUSD_230630,BTC,2023-06-30 00:00:00+00:00,2023-01-02 00:00:00+00:00,16757.8
BTCUSD_230630,BTC,2023-06-30 00:00:00+00:00,2023-01-03 00:00:00+00:00,16758.6
BTCUSD_230630,BTC,2023-06-30 00:00:00+00:00,2023-01-04 00:00:00+00:00,16987.0
BTCUSD_230630,BTC,2023-06-30 00:00:00+00:00,2023-01-05 00:00:00+00:00,16981.0
BTCUSD_230630,BTC,2023-06-30 00:00:00+00:00,2023-01-06 00:00:00+00:00,17114.0
BTCUSD_230630,BTC,2023-06-30 00:00:00+00:00,2023-01-07 00:00:00+00:00,17101.8
BTCUSD_230630,BTC,2023-06-30 00:00:00+00:00,2023-01-08 00:00:00+00:00,17296.0
BTCUSD_230630,BTC,2023-06-30 00:00:00+00:00,2023-01-09 00:00:00+00:00,17346.5
BTCUSD_230630,BTC,2023-06-30 00:00:00+00:00,2023-01-10 00:00:00+00:00,17608.5
BTCUSD_230630,BTC,2023-06-30 00:00:00+00:00,2023-01-11 00:00:00+00:00,18127.2
BTCUSD_230630,BTC,2023-06-30 00:00:00+00:00,2023-01-12 00:00:00+00:00,19073.1
BTCUSD_230630,BTC,2023-06-30 00:00:00+00:00,2023-01-13 00:00:00+00:00,20161.2
BTCUSD_230630,BTC,2023-06-30 00:00:00+00:00,2023-01-14 00:00:00+00:00,21229.4
BTCUSD_230630,BTC,2023-06-30 00:00:00+00:00,2023-01-15 00:00:00+00:00,21169.5
BTCUSD_230630,BTC,2023-06-30 00:00:00+00:00,2023-01-16 00:00:00+00:00,21469.6
BTCUSD_230630,BTC,2023-06-30 00:00:00+00:00,2023-01-17 00:00:00+00:00,21447.6
BTCUSD_230630,BTC,2023-06-30 00:00:00+00:00,2023-01-18 00:00:00+00:00,20985.9
BTCUSD_230630,BTC,2023-06-30 00:00:00+00:00,2023-01-19 00:00:00+00:00,21406.4
BTCUSD_230630,BTC,2023-06-30 00:00:00+00:00,2023-01-20 00:00:00+00:00,23032.7
BTCUSD_230630,BTC,2023-06-30 00:00:00+00:00,2023-01-21 00:00:00+00:00,23140.5
BTCUSD_230630,BTC,2023-06-30 00:00:00+00:00,2023-01-22 00:00:00+00:00,23058.7
BTCUSD_230630,BTC,2023-06-30 00:00:00+00:00,2023-01-23 00:00:00+00:00,23281.7
BTCUSD_230630,BTC,2023-06-30 00:00:00+00:00,2023-01-24 00:00:00+00:00,23040.2
BTCUSD_230630,BTC,2023-06-30 00:00:00+00:00,2023-01-25 00:00:00+00:00,23479.3
BTCUSD_230630,BTC,2023-06-30 00:00:00+00:00,2023-01-26 00:00:00+00:00,23461.2
BTCUSD_230630,BTC,2023-06-30 00:00:00+00:00,2023-01-27 00:00:00+00:00,23513.9
BTCUSD_230630,BTC,2023-06-30 00:00:00+00:00,2023-01-28 00:00:00+00:00,23489.4
BTCUSD_230630,BTC,2023-06-30 00:00:00+00:00,2023-01-29 00:00:00+00:00,24229.6
BTCUSD_230630,BTC,2023-06-30 00:00:00+00:00,2023-01-30 00:00:00+00:00,23252.3
BTCUSD_230630,BTC,2023-06-30 00:00:00+00:00,2023-01-31 00:00:00+00:00,23596.8
BTCUSD_230630,BTC,2023-06-30 00:00:00+00:00,2023-02-01 00:00:00+00:00,24221.3
BTCUSD_230630,BTC,2023-06-30 00:00:00+00:00,2023-02-02 00:00:00+00:00,23963.9
BTCUSD_230630,BTC,2023-06-30 00:00:00+00:00,2023-02-03 00:00:00+00:00,23935.2
BTCUSD_230630,BTC,2023-06-30 00:00:00+00:00,2023-02-04 00:00:00+00:00,23787.7
BTCUSD_230630,BTC,2023-06-30 00:00:00+00:00,2023-02-05 00:00:00+00:00,23352.2
BTCUSD_230630,BTC,2023-06-30 00:00:00+00:00,2023-02-06 00:00:00+00:00,23142.7
BTCUSD_230630,BTC,2023-06-30 00:00:00+00:00,2023-02-07 00:00:00+00:00,23668.3
BTCUSD_230630,BTC,2023-06-30 00:00:00+00:00,2023-02-08 00:00:00+00:00,23358.1
BTCUSD_230630,BTC,2023-06-30 00:00:00+00:00,2023-02-09 00:00:00+00:00,22166.6
BTCUSD_230630,BTC,2023-06-30 00:00:00+00:00,2023-02-10 00:00:00+00:00,21997.8
BTCUSD_230630,BTC,2023-06-30 00:00:00+00:00,2023-02-11 00:00:00+00:00,22208.5
BTCUSD_230630,BTC,2023-06-30 00:00:00+00:00,2023-02-12 00:00:00+00:00,22148.6
BTCUSD_230630,BTC,2023-06-30 00:00:00+00:00,2023-02-13 00:00:00+00:00,22156.1
BTCUSD_230630,BTC,2023-06-30 00:00:00+00:00,2023-02-14 00:00:00+00:00,22607.3
BTCUSD_230630,BTC,2023-06-30 00:00:00+00:00,2023-02-15 00:00:00+00:00,24806.3
BTCUSD_230630,BTC,2023-06-30 00:00:00+00:00,2023-02-16 00:00:00+00:00,24055.9
BTCUSD_230630,BTC,2023-06-30 00:00:00+00:00,2023-02-17 00:00:00+00:00,25141.4
BTCUSD_230630,BTC,2023-06-30 00:00:00+00:00,2023-02-18 00:00:00+00:00,25288.2
BTCUSD_230630,BTC,2023-06-30 00:00:00+00:00,2023-02-19 00:00:00+00:00,24890.2
BTCUSD_230630,BTC,2023-06-30 00:00:00+00:00,2023-02-20 00:00:00+00:00,25489.8
BTCUSD_230630,BTC,2023-06-30 00:00:00+00:00,2023-02-21 00:00:00+00:00,25094.3
BTCUSD_230630,BTC,2023-06-30 00:00:00+00:00,2023-02-22 00:00:00+00:00,24798.8
BTCUSD_230630,BTC,2023-06-30 00:00:00+00:00,2023-02-23 00:00:00+00:00,24550.8
BTCUSD_230630,BTC,2023-06-30 00:00:00+00:00,2023-02-24 00:00:00+00:00,23799.7
BTCUSD_230630,BTC,2023-06-30 00:00:00+00:00,2023-02-25 00:00:00+00:00,23780.9
BTCUSD_230630,BTC,2023-06-30 00:00:00+00:00,2023-02-26 00:00:00+00:00,24223.0
BTCUSD_230630,BTC,2023-06-30 00:00:00+00:00,2023-02-27 00:00:00+00:00,24137.4
BTCUSD_230630,BTC,2023-06-30 00:00:00+00:00,2023-02-28 00:00:00+00:00,23701.4
BTCUSD_230630,BTC,2023-06-30 00:00:00+00:00,2023-03-01 00:00:00+00:00,24259.3
BTCUSD_230630,BTC,2023-06-30 00:00:00+00:00,2023-03-02 00:00:00+00:00,24028.0
BTCUSD_230630,BTC,2023-06-30 00:00:00+00:00,2023-03-03 00:00:00+00:00,22810.8
BTCUSD_230630,BTC,2023-06-30 00:00:00+00:00,2023-03-04 00:00:00+00:00,22784.7
BTCUSD_230630,BTC,2023-06-30 00:00:00+00:00,2023-03-05 00:00:00+00:00,22865.3
BTCUSD_230630,BTC,2023-06-30 00:00:00+00:00,2023-03-06 00:00:00+00:00,22822.5
BTCUSD_230630,BTC,2023-06-30 00:00:00+00:00,2023-03-07 00:00:00+00:00,22600.1
BTCUSD_230630,BTC,2023-06-30 00:00:00+00:00,2023-03-08 00:00:00+00:00,22053.4
BTCUSD_230630,BTC,2023-06-30 00:00:00+00:00,2023-03-09 00:00:00+00:00,20696.8
BTCUSD_230630,BTC,2023-06-30 00:00:00+00:00,2023-03-10 00:00:00+00:00,20428.2
BTCUSD_230630,BTC,2023-06-30 00:00:00+00:00,2023-03-11 00:00:00+00:00,20542.0
BTCUSD_230630,BTC,2023-06-30 00:00:00+00:00,2023-03-12 00:00:00+00:00,22160.0
BTCUSD_230630,BTC,2023-06-30 00:00:00+00:00,2023-03-13 00:00:00+00:00,24367.4
BTCUSD_230630,BTC,2023-06-30 00:00:00+00:00,2023-03-14 00:00:00+00:00,24999.1
BTCUSD_230630,BTC,2023-06-30 00:00:00+00:00,2023-03-15 00:00:00+00:00,24563.2
BTCUSD_230630,BTC,2023-06-30 00:00:00+00:00,2023-03-16 00:00:00+00:00,25229.5
BTCUSD_230630,BTC,2023-06-30 00:00:00+00:00,2023-03-17 00:00:00+00:00,27655.1
BTCUSD_230630,BTC,2023-06-30 00:00:00+00:00,2023-03-18 00:00:00+00:00,27194.5
BTCUSD_230630,BTC,2023-06-30 00:00:00+00:00,2023-03-19 00:00:00+00:00,28273.4
BTCUSD_230630,BTC,2023-06-30 00:00:00+00:00,2023-03-20 00:00:00+00:00,28030.4
BTCUSD_230630,BTC,2023-06-30 00:00:00+00:00,2023-03-21 00:00:00+00:00,28386.4
BTCUSD_230630,BTC,2023-06-30 00:00:00+00:00,2023-03-22 00:00:00+00:00,27492.7
BTCUSD_230630,BTC,2023-06-30 00:00:00+00:00,2023-03-23 00:00:00+00:00,28565.7
BTCUSD_230630,BTC,2023-06-30 00:00:00+00:00,2023-03-24 00:00:00+00:00,27724.5
BTCUSD_230630,BTC,2023-06-30 00:00:00+00:00,2023-03-25 00:00:00+00:00,27782.4
BTCUSD_230630,BTC,2023-06-30 00:00:00+00:00,2023-03-26 00:00:00+00:00,28290.1
BTCUSD_230630,BTC,2023-06-30 00:00:00+00:00,2023-03-27 00:00:00+00:00,27417.8
BTCUSD_230630,BTC,2023-06-30 00:00:00+00:00,2023-03-28 00:00:00+00:00,27571.5
BTCUSD_230630,BTC,2023-06-30 00:00:00+00:00,2023-03-29 00:00:00+00:00,28711.3
BTCUSD_230630,BTC,2023-06-30 00:00:00+00:00,2023-03-30 00:00:00+00:00,28401.3
BTCUSD_230630,BTC,2023-06-30 00:00:00+00:00,2023-03-31 00:00:00+00:00,28844.3
BTCUSD_230630,BTC,2023-06-30 00:00:00+00:00,2023-04-01 00:00:00+00:00,28829.8
BTCUSD_230630,BTC,2023-06-30 00:00:00+00:00,2023-04-02 00:00:00+00:00,28550.0
BTCUSD_230630,BTC,2023-06-30 00:00:00+00:00,2023-04-03 00:00:00+00:00,28169.6
BTCUSD_230630,BTC,2023-06-30 00:00:00+00:00,2023-04-04 00:00:00+00:00,28531.9
BTCUSD_230630,BTC,2023-06-30 00:00:00+00:00,2023-04-05 00:00:00+00:00,28550.5
BTCUSD_230630,BTC,2023-06-30 00:00:00+00:00,2023-04-06 00:00:00+00:00,28367.1
BTCUSD_230630,BTC,2023-06-30 00:00:00+00:00,2023-04-07 00:00:00+00:00,28218.9
BTCUSD_230630,BTC,2023-06-30 00:00:00+00:00,2023-04-08 00:00:00+00:00,28279.6
BTCUSD_230630,BTC,2023-06-30 00:00:00+00:00,2023-04-09 00:00:00+00:00,28703.6
BTCUSD_230630,BTC,2023-06-30 00:00:00+00:00,2023-04-10 00:00:00+00:00,30029.7
BTCUSD_230630,BTC,2023-06-30 00:00:00+00:00,2023-04-11 00:00:00+00:00,30563.4
BTCUSD_230630,BTC,2023-06-30 00:00:00+00:00,2023-04-12 00:00:00+00:00,30236.4
BTCUSD_230630,BTC,2023-06-30 00:00:00+00:00,2023-04-13 00:00:00+00:00,30760.9
BTCUSD_230630,BTC,2023-06-30 00:00:00+00:00,2023-04-14 00:00:00+00:00,30757.1
BTCUSD_230630,BTC,2023-06-30 00:00:00+00:00,2023-04-15 00:00:00+00:00,30640.6
BTCUSD_230630,BTC,2023-06-30 00:00:00+00:00,2023-04-16 00:00:00+00:00,30651.9
BTCUSD_230630,BTC,2023-06-30 00:00:00+00:00,2023-04-17 00:00:00+00:00,29701.4
BTCUSD_230630,BTC,2023-06-30 00:00:00+00:00,2023-04-18 00:00:00+00:00,30714.4
BTCUSD_230630,BTC,2023-06-30 00:00:00+00:00,2023-04-19 00:00:00+00:00,29056.2
BTCUSD_230630,BTC,2023-06-30 00:00:00+00:00,2023-04-20 00:00:00+00:00,28482.8
BTCUSD_230630,BTC,2023-06-30 00:00:00+00:00,2023-04-21 00:00:00+00:00,27406.8
BTCUSD_230630,BTC,2023-06-30 00:00:00+00:00,2023-04-22 00:00:00+00:00,27938.8
BTCUSD_230630,BTC,2023-06-30 00:00:00+00:00,2023-04-23 00:00:00+00:00,27744.5
BTCUSD_230630,BTC,2023-06-30 00:00:00+00:00,2023-04-24 00:00:00+00:00,27665.4
BTCUSD_230630,BTC,2023-06-30 00:00:00+00:00,2023-04-25 00:00:00+00:00,28476.8
BTCUSD_230630,BTC,2023-06-30 00:00:00+00:00,2023-04-26 00:00:00+00:00,28584.1
BTCUSD_230630,BTC,2023-06-30 00:00:00+00:00,2023-04-27 00:00:00+00:00,29653.0
BTCUSD_230630,BTC,2023-06-30 00:00:00+00:00,2023-04-28 00:00:00+00:00,29498.4
BTCUSD_230630,BTC,2023-06-30 00:00:00+00:00,2023-04-29 00:00:00+00:00,29426.4
BTCUSD_230630,BTC,2023-06-30 00:00:00+00:00,2023-04-30 00:00:00+00:00,29438.7
BTCUSD_230630,BTC,2023-06-30 00:00:00+00:00,2023-05-01 00:00:00+00:00,28240.6
BTCUSD_230630,BTC,2023-06-30 00:00:00+00:00,2023-05-02 00:00:00+00:00,28853.2
BTCUSD_230630,BTC,2023-06-30 00:00:00+00:00,2023-05-03 00:00:00+00:00,29241.6
BTCUSD_230630,BTC,2023-06-30 00:00:00+00:00,2023-05-04 00:00:00+00:00,29033.0
BTCUSD_230630,BTC,2023-06-30 00:00:00+00:00,2023-05-05 00:00:00+00:00,29730.6
BTCUSD_230630,BTC,2023-06-30 00:00:00+00:00,2023-05-06 00:00:00+00:00,28991.7
BTCUSD_230630,BTC,2023-06-30 00:00:00+00:00,2023-05-07 00:00:00+00:00,28589.1
BTCUSD_230630,BTC,2023-06-30 00:00:00+00:00,2023-05-08 00:00:00+00:00,27815.4
BTCUSD_230630,BTC,2023-06-30 00:00:00+00:00,2023-05-09 00:00:00+00:00,27766.0
BTCUSD_230630,BTC,2023-06-30 00:00:00+00:00,2023-05-10 00:00:00+00:00,27738.3
BTCUSD_230630,BTC,2023-06-30 00:00:00+00:00,2023-05-11 00:00:00+00:00,27080.0
BTCUSD_230630,BTC,2023-06-30 00:00:00+00:00,2023-05-12 00:00:00+00:00,26903.5
BTCUSD_230630,BTC,2023-06-30 00:00:00+00:00,2023-05-13 00:00:00+00:00,26895.2
BTCUSD_230630,BTC,2023-06-30 00:00:00+00:00,2023-05-14 00:00:00+00:00,27034.8
BTCUSD_230630,BTC,2023-06-30 00:00:00+00:00,2023-05-15 00:00:00+00:00,27284.6
BTCUSD_230630,BTC,2023-06-30 00:00:00+00:00,2023-05-16 00:00:00+00:00,27147.7
BTCUSD_230630,BTC,2023-06-30 00:00:00+00:00,2023-05-17 00:00:00+00:00,27523.0
BTCUSD_230630,BTC,2023-06-30 00:00:00+00:00,2023-05-18 00:00:00+00:00,26916.6
BTCUSD_230630,BTC,2023-06-30 00:00:00+00:00,2023-05-19 00:00:00+00:00,26988.0
BTCUSD_230630,BTC,2023-06-30 00:00:00+00:00,2023-05-20 00:00:00+00:00,27228.2
BTCUSD_230630,BTC,2023-06-30 00:00:00+00:00,2023-05-21 00:00:00+00:00,26849.1
BTCUSD_230630,BTC,2023-06-30 00:00:00+00:00,2023-05-22 00:00:00+00:00,26961.8
BTCUSD_230630,BTC,2023-06-30 00:00:00+00:00,2023-05-23 00:00:00+00:00,27360.7
BTCUSD_230630,BTC,2023-06-30 00:00:00+00:00,2023-05-24 00:00:00+00:00,26424.2
BTCUSD_230630,BTC,2023-06-30 00:00:00+00:00,2023-05-25 00:00:00+00:00,26559.5
BTCUSD_230630,BTC,2023-06-30 00:00:00+00:00,2023-05-26 00:00:00+00:00,26828.2
BTCUSD_230630,BTC,2023-06-30 00:00:00+00:00,2023-05-27 00:00:00+00:00,26979.9
BTCUSD_230630,BTC,2023-06-30 00:00:00+00:00,2023-05-28 00:00:00+00:00,28235.2
BTCUSD_230630,BTC,2023-06-30 00:00:00+00:00,2023-05-29 00:00:00+00:00,27886.5
BTCUSD_230630,BTC,2023-06-30 00:00:00+00:00,2023-05-30 00:00:00+00:00,27849.6
BTCUSD_230630,BTC,2023-06-30 00:00:00+00:00,2023-05-31 00:00:00+00:00,27326.2
BTCUSD_230630,BTC,2023-06-30 00:00:00+00:00,2023-06-01 00:00:00+00:00,26895.7
BTCUSD_230630,BTC,2023-06-30 00:00:00+00:00,2023-06-02 00:00:00+00:00,27353.8
BTCUSD_230630,BTC,2023-06-30 00:00:00+00:00,2023-06-03 00:00:00+00:00,27162.9
BTCUSD_230630,BTC,2023-06-30 00:00:00+00:00,2023-06-04 00:00:00+00:00,27212.1
BTCUSD_230630,BTC,2023-06-30 00:00:00+00:00,2023-06-05 00:00:00+00:00,25770.8
BTCUSD_230630,BTC,2023-06-30 00:00:00+00:00,2023-06-06 00:00:00+00:00,27333.0
BTCUSD_230630,BTC,2023-06-30 00:00:00+00:00,2023-06-07 00:00:00+00:00,26429.4
BTCUSD_230630,BTC,2023-06-30 00:00:00+00:00,2023-06-08 00:00:00+00:00,26596.8
BTCUSD_230630,BTC,2023-06-30 00:00:00+00:00,2023-06-09 00:00:00+00:00,26566.8
BTCUSD_230630,BTC,2023-06-30 00:00:00+00:00,2023-06-10 00:00:00+00:00,25927.6
BTCUSD_230630,BTC,2023-06-30 00:00:00+00:00,2023-06-11 00:00:00+00:00,26008.4
BTCUSD_230630,BTC,2023-06-30 00:00:00+00:00,2023-06-12 00:00:00+00:00,25985.4
BTCUSD_230630,BTC,2023-06-30 00:00:00+00:00,2023-06-13 00:00:00+00:00,25997.1
BTCUSD_230630,BTC,2023-06-30 00:00:00+00:00,2023-06-14 00:00:00+00:00,25150.5
BTCUSD_230630,BTC,2023-06-30 00:00:00+00:00,2023-06-15 00:00:00+00:00,25644.9
BTCUSD_230630,BTC,2023-06-30 00:00:00+00:00,2023-06-16 00:00:00+00:00,26390.2
BTCUSD_230630,BTC,2023-06-30 00:00:00+00:00,2023-06-17 00:00:00+00:00,26550.6
BTCUSD_230630,BTC,2023-06-30 00:00:00+00:00,2023-06-18 00:00:00+00:00,26375.3
BTCUSD_230630,BTC,2023-06-30 00:00:00+00:00,2023-06-19 00:00:00+00:00,26880.7
BTCUSD_230630,BTC,2023-06-30 00:00:00+00:00,2023-06-20 00:00:00+00:00,28338.5
BTCUSD_230630,BTC,2023-06-30 00:00:00+00:00,2023-06-21 00:00:00+00:00,30074.0
BTCUSD_230630,BTC,2023-06-30 00:00:00+00:00,2023-06-22 00:00:00+00:00,29930.6
BTCUSD_230630,BTC,2023-06-30 00:00:00+00:00,2023-06-23 00:00:00+00:00,30750.6
BTCUSD_230630,BTC,2023-06-30 00:00:00+00:00,2023-06-24 00:00:00+00:00,30584.5
BTCUSD_230630,BTC,2023-06-30 00:00:00+00:00,2023-06-25 00:00:00+00:00,30500.9
BTCUSD_230630,BTC,2023-06-30 00:00:00+00:00,2023-06-26 00:00:00+00:00,30282.8
BTCUSD_230630,BTC,2023-06-30 00:00:00+00:00,2023-06-27 00:00:00+00:00,30709.1
BTCUSD_230630,BTC,2023-06-30 00:00:00+00:00,2023-06-28 00:00:00+00:00,30060.0
BTCUSD_230630,BTC,2023-06-30 00:00:00+00:00,2023-06-29 00:00:00+00:00,30442.4
BTCUSD_230929,BTC,2023-09-29 00:00:00+00:00,2023-03-31 00:00:00+00:00,29269.8
BTCUSD_230929,BTC,2023-09-29 00:00:00+00:00,2023-04-01 00:00:00+00:00,29251.4
BTCUSD_230929,BTC,2023-09-29 00:00:00+00:00,2023-04-02 00:00:00+00:00,28941.6
BTCUSD_230929,BTC,2023-09-29 00:00:00+00:00,2023-04-03 00:00:00+00:00,28535.2
BTCUSD_230929,BTC,2023-09-29 00:00:00+00:00,2023-04-04 00:00:00+00:00,28959.6
BTCUSD_230929,BTC,2023-09-29 00:00:00+00:00,2023-04-05 00:00:00+00:00,28991.1
BTCUSD_230929,BTC,2023-09-29 00:00:00+00:00,2023-04-06 00:00:00+00:00,28804.7
BTCUSD_230929,BTC,2023-09-29 00:00:00+00:00,2023-04-07 00:00:00+00:00,28650.1
BTCUSD_230929,BTC,2023-09-29 00:00:00+00:00,2023-04-08 00:00:00+00:00,28700.6
BTCUSD_230929,BTC,2023-09-29 00:00:00+00:00,2023-04-09 00:00:00+00:00,29108.0
BTCUSD_230929,BTC,2023-09-29 00:00:00+00:00,2023-04-10 00:00:00+00:00,30464.6
BTCUSD_230929,BTC,2023-09-29 00:00:00+00:00,2023-04-11 00:00:00+00:00,31006.0
BTCUSD_230929,BTC,2023-09-29 00:00:00+00:00,2023-04-12 00:00:00+00:00,30688.2
BTCUSD_230929,BTC,2023-09-29 00:00:00+00:00,2023-04-13 00:00:00+00:00,31217.5
BTCUSD_230929,BTC,2023-09-29 00:00:00+00:00,2023-04-14 00:00:00+00:00,31213.2
BTCUSD_230929,BTC,2023-09-29 00:00:00+00:00,2023-04-15 00:00:00+00:00,31099.3
BTCUSD_230929,BTC,2023-09-29 00:00:00+00:00,2023-04-16 00:00:00+00:00,31102.3
BTCUSD_230929,BTC,2023-09-29 00:00:00+00:00,2023-04-17 00:00:00+00:00,30138.3
BTCUSD_230929,BTC,2023-09-29 00:00:00+00:00,2023-04-18 00:00:00+00:00,31144.2
BTCUSD_230929,BTC,2023-09-29 00:00:00+00:00,2023-04-19 00:00:00+00:00,29471.7
BTCUSD_230929,BTC,2023-09-29 00:00:00+00:00,2023-04-20 00:00:00+00:00,28870.6
BTCUSD_230929,BTC,2023-09-29 00:00:00+00:00,2023-04-21 00:00:00+00:00,27777.3
BTCUSD_230929,BTC,2023-09-29 00:00:00+00:00,2023-04-22 00:00:00+00:00,28251.9
BTCUSD_230929,BTC,2023-09-29 00:00:00+00:00,2023-04-23 00:00:00+00:00,28042.5
BTCUSD_230929,BTC,2023-09-29 00:00:00+00:00,2023-04-24 00:00:00+00:00,27969.3
BTCUSD_230929,BTC,2023-09-29 00:00:00+00:00,2023-04-25 00:00:00+00:00,28792.2
BTCUSD_230929,BTC,2023-09-29 00:00:00+00:00,2023-04-26 00:00:00+00:00,28908.0
BTCUSD_230929,BTC,2023-09-29 00:00:00+00:00,2023-04-27 00:00:00+00:00,29966.1
BTCUSD_230929,BTC,2023-09-29 00:00:00+00:00,2023-04-28 00:00:00+00:00,29766.5
BTCUSD_230929,BTC,2023-09-29 00:00:00+00:00,2023-04-29 00:00:00+00:00,29699.6
BTCUSD_230929,BTC,2023-09-29 00:00:00+00:00,2023-04-30 00:00:00+00:00,29724.9
BTCUSD_230929,BTC,2023-09-29 00:00:00+00:00,2023-05-01 00:00:00+00:00,28523.0
BTCUSD_230929,BTC,2023-09-29 00:00:00+00:00,2023-05-02 00:00:00+00:00,29136.7
BTCUSD_230929,BTC,2023-09-29 00:00:00+00:00,2023-05-03 00:00:00+00:00,29506.8
BTCUSD_230929,BTC,2023-09-29 00:00:00+00:00,2023-05-04 00:00:00+00:00,29321.5
BTCUSD_230929,BTC,2023-09-29 00:00:00+00:00,2023-05-05 00:00:00+00:00,29998.0
BTCUSD_230929,BTC,2023-09-29 00:00:00+00:00,2023-05-06 00:00:00+00:00,29260.2
BTCUSD_230929,BTC,2023-09-29 00:00:00+00:00,2023-05-07 00:00:00+00:00,28802.1
BTCUSD_230929,BTC,2023-09-29 00:00:00+00:00,2023-05-08 00:00:00+00:00,28036.4
BTCUSD_230929,BTC,2023-09-29 00:00:00+00:00,2023-05-09 00:00:00+00:00,27973.5
BTCUSD_230929,BTC,2023-09-29 00:00:00+00:00,2023-05-10 00:00:00+00:00,27962.2
BTCUSD_230929,BTC,2023-09-29 00:00:00+00:00,2023-05-11 00:00:00+00:00,27318.4
BTCUSD_230929,BTC,2023-09-29 00:00:00+00:00,2023-05-12 00:00:00+00:00,27118.7
BTCUSD_230929,BTC,2023-09-29 00:00:00+00:00,2023-05-13 00:00:00+00:00,27117.4
BTCUSD_230929,BTC,2023-09-29 00:00:00+00:00,2023-05-14 00:00:00+00:00,27287.1
BTCUSD_230929,BTC,2023-09-29 00:00:00+00:00,2023-05-15 00:00:00+00:00,27535.7
BTCUSD_230929,BTC,2023-09-29 00:00:00+00:00,2023-05-16 00:00:00+00:00,27406.6
BTCUSD_230929,BTC,2023-09-29 00:00:00+00:00,2023-05-17 00:00:00+00:00,27782.8
BTCUSD_230929,BTC,2023-09-29 00:00:00+00:00,2023-05-18 00:00:00+00:00,27148.6
BTCUSD_230929,BTC,2023-09-29 00:00:00+00:00,2023-05-19 00:00:00+00:00,27223.1
BTCUSD_230929,BTC,2023-09-29 00:00:00+00:00,2023-05-20 00:00:00+00:00,27459.7
BTCUSD_230929,BTC,2023-09-29 00:00:00+00:00,2023-05-21 00:00:00+00:00,27084.8
BTCUSD_230929,BTC,2023-09-29 00:00:00+00:00,2023-05-22 00:00:00+00:00,27185.4
BTCUSD_230929,BTC,2023-09-29 00:00:00+00:00,2023-05-23 00:00:00+00:00,27578.4
BTCUSD_230929,BTC,2023-09-29 00:00:00+00:00,2023-05-24 00:00:00+00:00,26654.7
BTCUSD_230929,BTC,2023-09-29 00:00:00+00:00,2023-05-25 00:00:00+00:00,26804.2
BTCUSD_230929,BTC,2023-09-29 00:00:00+00:00,2023-05-26 00:00:00+00:00,27056.9
BTCUSD_230929,BTC,2023-09-29 00:00:00+00:00,2023-05-27 00:00:00+00:00,27218.0
BTCUSD_230929,BTC,2023-09-29 00:00:00+00:00,2023-05-28 00:00:00+00:00,28463.2
BTCUSD_230929,BTC,2023-09-29 00:00:00+00:00,2023-05-29 00:00:00+00:00,28134.4
BTCUSD_230929,BTC,2023-09-29 00:00:00+00:00,2023-05-30 00:00:00+00:00,28088.4
BTCUSD_230929,BTC,2023-09-29 00:00:00+00:00,2023-05-31 00:00:00+00:00,27574.2
BTCUSD_230929,BTC,2023-09-29 00:00:00+00:00,2023-06-01 00:00:00+00:00,27114.4
BTCUSD_230929,BTC,2023-09-29 00:00:00+00:00,2023-06-02 00:00:00+00:00,27579.6
BTCUSD_230929,BTC,2023-09-29 00:00:00+00:00,2023-06-03 00:00:00+00:00,27373.8
BTCUSD_230929,BTC,2023-09-29 00:00:00+00:00,2023-06-04 00:00:00+00:00,27431.0
BTCUSD_230929,BTC,2023-09-29 00:00:00+00:00,2023-06-05 00:00:00+00:00,26002.8
BTCUSD_230929,BTC,2023-09-29 00:00:00+00:00,2023-06-06 00:00:00+00:00,27567.0
BTCUSD_230929,BTC,2023-09-29 00:00:00+00:00,2023-06-07 00:00:00+00:00,26646.2
BTCUSD_230929,BTC,2023-09-29 00:00:00+00:00,2023-06-08 00:00:00+00:00,26816.9
BTCUSD_230929,BTC,2023-09-29 00:00:00+00:00,2023-06-09 00:00:00+00:00,26810.3
BTCUSD_230929,BTC,2023-09-29 00:00:00+00:00,2023-06-10 00:00:00+00:00,26160.5
BTCUSD_230929,BTC,2023-09-29 00:00:00+00:00,2023-06-11 00:00:00+00:00,26271.3
BTCUSD_230929,BTC,2023-09-29 00:00:00+00:00,2023-06-12 00:00:00+00:00,26247.0
BTCUSD_230929,BTC,2023-09-29 00:00:00+00:00,2023-06-13 00:00:00+00:00,26274.3
BTCUSD_230929,BTC,2023-09-29 00:00:00+00:00,2023-06-14 00:00:00+00:00,25435.1
BTCUSD_230929,BTC,2023-09-29 00:00:00+00:00,2023-06-15 00:00:00+00:00,25917.7
BTCUSD_230929,BTC,2023-09-29 00:00:00+00:00,2023-06-16 00:00:00+00:00,26698.2
BTCUSD_230929,BTC,2023-09-29 00:00:00+00:00,2023-06-17 00:00:00+00:00,26909.5
BTCUSD_230929,BTC,2023-09-29 00:00:00+00:00,2023-06-18 00:00:00+00:00,26742.1
BTCUSD_230929,BTC,2023-09-29 00:00:00+00:00,2023-06-19 00:00:00+00:00,27282.5
BTCUSD_230929,BTC,2023-09-29 00:00:00+00:00,2023-06-20 00:00:00+00:00,28748.2
BTCUSD_230929,BTC,2023-09-29 00:00:00+00:00,2023-06-21 00:00:00+00:00,30428.6
BTCUSD_230929,BTC,2023-09-29 00:00:00+00:00,2023-06-22 00:00:00+00:00,30346.1
BTCUSD_230929,BTC,2023-09-29 00:00:00+00:00,2023-06-23 00:00:00+00:00,31187.9
BTCUSD_230929,BTC,2023-09-29 00:00:00+00:00,2023-06-24 00:00:00+00:00,31048.8
BTCUSD_230929,BTC,2023-09-29 00:00:00+00:00,2023-06-25 00:00:00+00:00,30975.3
BTCUSD_230929,BTC,2023-09-29 00:00:00+00:00,2023-06-26 00:00:00+00:00,30718.7
BTCUSD_230929,BTC,2023-09-29 00:00:00+00:00,2023-06-27 00:00:00+00:00,31222.9
BTCUSD_230929,BTC,2023-09-29 00:00:00+00:00,2023-06-28 00:00:00+00:00,30567.3
BTCUSD_230929,BTC,2023-09-29 00:00:00+00:00,2023-06-29 00:00:00+00:00,30945.9
BTCUSD_230929,BTC,2023-09-29 00:00:00+00:00,2023-06-30 00:00:00+00:00,30969.8
BTCUSD_230929,BTC,2023-09-29 00:00:00+00:00,2023-07-01 00:00:00+00:00,31097.9
BTCUSD_230929,BTC,2023-09-29 00:00:00+00:00,2023-07-02 00:00:00+00:00,31149.7
BTCUSD_230929,BTC,2023-09-29 00:00:00+00:00,2023-07-03 00:00:00+00:00,31704.5
BTCUSD_230929,BTC,2023-09-29 00:00:00+00:00,2023-07-04 00:00:00+00:00,31262.6
BTCUSD_230929,BTC,2023-09-29 00:00:00+00:00,2023-07-05 00:00:00+00:00,30990.3
BTCUSD_230929,BTC,2023-09-29 00:00:00+00:00,2023-07-06 00:00:00+00:00,30363.2
BTCUSD_230929,BTC,2023-09-29 00:00:00+00:00,2023-07-07 00:00:00+00:00,30828.7
BTCUSD_230929,BTC,2023-09-29 00:00:00+00:00,2023-07-08 00:00:00+00:00,30756.7
BTCUSD_230929,BTC,2023-09-29 00:00:00+00:00,2023-07-09 00:00:00+00:00,30646.0
BTCUSD_230929,BTC,2023-09-29 00:00:00+00:00,2023-07-10 00:00:00+00:00,30918.2
BTCUSD_230929,BTC,2023-09-29 00:00:00+00:00,2023-07-11 00:00:00+00:00,31162.3
BTCUSD_230929,BTC,2023-09-29 00:00:00+00:00,2023-07-12 00:00:00+00:00,30900.5
BTCUSD_230929,BTC,2023-09-29 00:00:00+00:00,2023-07-13 00:00:00+00:00,32010.6
BTCUSD_230929,BTC,2023-09-29 00:00:00+00:00,2023-07-14 00:00:00+00:00,30807.1
BTCUSD_230929,BTC,2023-09-29 00:00:00+00:00,2023-07-15 00:00:00+00:00,30742.0
BTCUSD_230929,BTC,2023-09-29 00:00:00+00:00,2023-07-16 00:00:00+00:00,30694.5
BTCUSD_230929,BTC,2023-09-29 00:00:00+00:00,2023-07-17 00:00:00+00:00,30587.1
BTCUSD_230929,BTC,2023-09-29 00:00:00+00:00,2023-07-18 00:00:00+00:00,30293.9
BTCUSD_230929,BTC,2023-09-29 00:00:00+00:00,2023-07-19 00:00:00+00:00,30329.1
BTCUSD_230929,BTC,2023-09-29 00:00:00+00:00,2023-07-20 00:00:00+00:00,30230.3
BTCUSD_230929,BTC,2023-09-29 00:00:00+00:00,2023-07-21 00:00:00+00:00,30321.4
BTCUSD_230929,BTC,2023-09-29 00:00:00+00:00,2023-07-22 00:00:00+00:00,30176.6
BTCUSD_230929,BTC,2023-09-29 00:00:00+00:00,2023-07-23 00:00:00+00:00,30479.6
BTCUSD_230929,BTC,2023-09-29 00:00:00+00:00,2023-07-24 00:00:00+00:00,29519.3
BTCUSD_230929,BTC,2023-09-29 00:00:00+00:00,2023-07-25 00:00:00+00:00,29568.2
BTCUSD_230929,BTC,2023-09-29 00:00:00+00:00,2023-07-26 00:00:00+00:00,29704.0
BTCUSD_230929,BTC,2023-09-29 00:00:00+00:00,2023-07-27 00:00:00+00:00,29533.8
BTCUSD_230929,BTC,2023-09-29 00:00:00+00:00,2023-07-28 00:00:00+00:00,29659.1
BTCUSD_230929,BTC,2023-09-29 00:00:00+00:00,2023-07-29 00:00:00+00:00,29686.6
BTCUSD_230929,BTC,2023-09-29 00:00:00+00:00,2023-07-30 00:00:00+00:00,29590.6
BTCUSD_230929,BTC,2023-09-29 00:00:00+00:00,2023-07-31 00:00:00+00:00,29543.4
BTCUSD_230929,BTC,2023-09-29 00:00:00+00:00,2023-08-01 00:00:00+00:00,30036.1
BTCUSD_230929,BTC,2023-09-29 00:00:00+00:00,2023-08-02 00:00:00+00:00,29516.9
BTCUSD_230929,BTC,2023-09-29 00:00:00+00:00,2023-08-03 00:00:00+00:00,29518.0
BTCUSD_230929,BTC,2023-09-29 00:00:00+00:00,2023-08-04 00:00:00+00:00,29404.4
BTCUSD_230929,BTC,2023-09-29 00:00:00+00:00,2023-08-05 00:00:00+00:00,29405.7
BTCUSD_230929,BTC,2023-09-29 00:00:00+00:00,2023-08-06 00:00:00+00:00,29389.0
BTCUSD_230929,BTC,2023-09-29 00:00:00+00:00,2023-08-07 00:00:00+00:00,29527.5
BTCUSD_230929,BTC,2023-09-29 00:00:00+00:00,2023-08-08 00:00:00+00:00,30114.7
BTCUSD_230929,BTC,2023-09-29 00:00:00+00:00,2023-08-09 00:00:00+00:00,29903.0
BTCUSD_230929,BTC,2023-09-29 00:00:00+00:00,2023-08-10 00:00:00+00:00,29733.7
BTCUSD_230929,BTC,2023-09-29 00:00:00+00:00,2023-08-11 00:00:00+00:00,29710.0
BTCUSD_230929,BTC,2023-09-29 00:00:00+00:00,2023-08-12 00:00:00+00:00,29713.9
BTCUSD_230929,BTC,2023-09-29 00:00:00+00:00,2023-08-13 00:00:00+00:00,29568.7
BTCUSD_230929,BTC,2023-09-29 00:00:00+00:00,2023-08-14 00:00:00+00:00,29721.2
BTCUSD_230929,BTC,2023-09-29 00:00:00+00:00,2023-08-15 00:00:00+00:00,29454.1
BTCUSD_230929,BTC,2023-09-29 00:00:00+00:00,2023-08-16 00:00:00+00:00,28975.0
BTCUSD_230929,BTC,2023-09-29 00:00:00+00:00,2023-08-17 00:00:00+00:00,26784.9
BTCUSD_230929,BTC,2023-09-29 00:00:00+00:00,2023-08-18 00:00:00+00:00,26217.1
BTCUSD_230929,BTC,2023-09-29 00:00:00+00:00,2023-08-19 00:00:00+00:00,26249.5
BTCUSD_230929,BTC,2023-09-29 00:00:00+00:00,2023-08-20 00:00:00+00:00,26341.8
BTCUSD_230929,BTC,2023-09-29 00:00:00+00:00,2023-08-21 00:00:00+00:00,26265.8
BTCUSD_230929,BTC,2023-09-29 00:00:00+00:00,2023-08-22 00:00:00+00:00,26192.6
BTCUSD_230929,BTC,2023-09-29 00:00:00+00:00,2023-08-23 00:00:00+00:00,26571.8
BTCUSD_230929,BTC,2023-09-29 00:00:00+00:00,2023-08-24 00:00:00+00:00,26289.6
BTCUSD_230929,BTC,2023-09-29 00:00:00+00:00,2023-08-25 00:00:00+00:00,26155.6
BTCUSD_230929,BTC,2023-09-29 00:00:00+00:00,2023-08-26 00:00:00+00:00,26115.8
BTCUSD_230929,BTC,2023-09-29 00:00:00+00:00,2023-08-27 00:00:00+00:00,26166.5
BTCUSD_230929,BTC,2023-09-29 00:00:00+00:00,2023-09-01 00:00:00+00:00,25841.9
BTCUSD_230929,BTC,2023-09-29 00:00:00+00:00,2023-09-02 00:00:00+00:00,25897.4
BTCUSD_230929,BTC,2023-09-29 00:00:00+00:00,2023-09-03 00:00:00+00:00,25999.5
BTCUSD_230929,BTC,2023-09-29 00:00:00+00:00,2023-09-04 00:00:00+00:00,25836.7
BTCUSD_230929,BTC,2023-09-29 00:00:00+00:00,2023-09-05 00:00:00+00:00,25809.9
BTCUSD_230929,BTC,2023-09-29 00:00:00+00:00,2023-09-06 00:00:00+00:00,25783.3
BTCUSD_230929,BTC,2023-09-29 00:00:00+00:00,2023-09-07 00:00:00+00:00,26288.0
BTCUSD_230929,BTC,2023-09-29 00:00:00+00:00,2023-09-08 00:00:00+00:00,25922.1
BTCUSD_230929,BTC,2023-09-29 00:00:00+00:00,2023-09-09 00:00:00+00:00,25912.1
BTCUSD_230929,BTC,2023-09-29 00:00:00+00:00,2023-09-10 00:00:00+00:00,25840.1
BTCUSD_230929,BTC,2023-09-29 00:00:00+00:00,2023-09-11 00:00:00+00:00,25163.8
BTCUSD_230929,BTC,2023-09-29 00:00:00+00:00,2023-09-12 00:00:00+00:00,25844.8
BTCUSD_230929,BTC,2023-09-29 00:00:00+00:00,2023-09-13 00:00:00+00:00,26232.2
BTCUSD_230929,BTC,2023-09-29 00:00:00+00:00,2023-09-14 00:00:00+00:00,26542.2
BTCUSD_230929,BTC,2023-09-29 00:00:00+00:00,2023-09-15 00:00:00+00:00,26630.4
BTCUSD_230929,BTC,2023-09-29 00:00:00+00:00,2023-09-16 00:00:00+00:00,26580.8
BTCUSD_230929,BTC,2023-09-29 00:00:00+00:00,2023-09-17 00:00:00+00:00,26529.1
BTCUSD_230929,BTC,2023-09-29 00:00:00+00:00,2023-09-18 00:00:00+00:00,26774.2
BTCUSD_230929,BTC,2023-09-29 00:00:00+00:00,2023-09-19 00:00:00+00:00,27217.4
BTCUSD_230929,BTC,2023-09-29 00:00:00+00:00,2023-09-20 00:00:00+00:00,27135.4
BTCUSD_230929,BTC,2023-09-29 00:00:00+00:00,2023-09-21 00:00:00+00:00,26563.2
BTCUSD_230929,BTC,2023-09-29 00:00:00+00:00,2023-09-22 00:00:00+00:00,26587.1
BTCUSD_230929,BTC,2023-09-29 00:00:00+00:00,2023-09-23 00:00:00+00:00,26572.3
BTCUSD_230929,BTC,2023-09-29 00:00:00+00:00,2023-09-24 00:00:00+00:00,26240.6
BTCUSD_230929,BTC,2023-09-29 00:00:00+00:00,2023-09-25 00:00:00+00:00,26305.1
BTCUSD_230929,BTC,2023-09-29 00:00:00+00:00,2023-09-26 00:00:00+00:00,26226.2
BTCUSD_230929,BTC,2023-09-29 00:00:00+00:00,2023-09-27 00:00:00+00:00,26364.2
BTCUSD_230929,BTC,2023-09-29 00:00:00+00:00,2023-09-28 00:00:00+00:00,26995.8
BTCUSD_231229,BTC,2023-12-29 00:00:00+00:00,2023-06-30 00:00:00+00:00,31396.9
BTCUSD_231229,BTC,2023-12-29 00:00:00+00:00,2023-07-01 00:00:00+00:00,31548.7
BTCUSD_231229,BTC,2023-12-29 00:00:00+00:00,2023-07-02 00:00:00+00:00,31605.5
BTCUSD_231229,BTC,2023-12-29 00:00:00+00:00,2023-07-03 00:00:00+00:00,32190.7
BTCUSD_231229,BTC,2023-12-29 00:00:00+00:00,2023-07-04 00:00:00+00:00,31721.9
BTCUSD_231229,BTC,2023-12-29 00:00:00+00:00,2023-07-05 00:00:00+00:00,31391.7
BTCUSD_231229,BTC,2023-12-29 00:00:00+00:00,2023-07-06 00:00:00+00:00,30734.4
BTCUSD_231229,BTC,2023-12-29 00:00:00+00:00,2023-07-07 00:00:00+00:00,31217.4
BTCUSD_231229,BTC,2023-12-29 00:00:00+00:00,2023-07-08 00:00:00+00:00,31159.3
BTCUSD_231229,BTC,2023-12-29 00:00:00+00:00,2023-07-09 00:00:00+00:00,31056.5
BTCUSD_231229,BTC,2023-12-29 00:00:00+00:00,2023-07-10 00:00:00+00:00,31295.7
BTCUSD_231229,BTC,2023-12-29 00:00:00+00:00,2023-07-11 00:00:00+00:00,31567.7
BTCUSD_231229,BTC,2023-12-29 00:00:00+00:00,2023-07-12 00:00:00+00:00,31307.8
BTCUSD_231229,BTC,2023-12-29 00:00:00+00:00,2023-07-13 00:00:00+00:00,32492.0
BTCUSD_231229,BTC,2023-12-29 00:00:00+00:00,2023-07-14 00:00:00+00:00,31289.7
BTCUSD_231229,BTC,2023-12-29 00:00:00+00:00,2023-07-15 00:00:00+00:00,31224.2
BTCUSD_231229,BTC,2023-12-29 00:00:00+00:00,2023-07-16 00:00:00+00:00,31157.8
BTCUSD_231229,BTC,2023-12-29 00:00:00+00:00,2023-07-17 00:00:00+00:00,31052.4
BTCUSD_231229,BTC,2023-12-29 00:00:00+00:00,2023-07-18 00:00:00+00:00,30770.1
BTCUSD_231229,BTC,2023-12-29 00:00:00+00:00,2023-07-19 00:00:00+00:00,30804.5
BTCUSD_231229,BTC,2023-12-29 00:00:00+00:00,2023-07-20 00:00:00+00:00,30691.2
BTCUSD_231229,BTC,2023-12-29 00:00:00+00:00,2023-07-21 00:00:00+00:00,30796.0
BTCUSD_231229,BTC,2023-12-29 00:00:00+00:00,2023-07-22 00:00:00+00:00,30666.7
BTCUSD_231229,BTC,2023-12-29 00:00:00+00:00,2023-07-23 00:00:00+00:00,30973.2
BTCUSD_231229,BTC,2023-12-29 00:00:00+00:00,2023-07-24 00:00:00+00:00,29985.6
BTCUSD_231229,BTC,2023-12-29 00:00:00+00:00,2023-07-25 00:00:00+00:00,30043.1
BTCUSD_231229,BTC,2023-12-29 00:00:00+00:00,2023-07-26 00:00:00+00:00,30194.7
BTCUSD_231229,BTC,2023-12-29 00:00:00+00:00,2023-07-27 00:00:00+00:00,29998.6
BTCUSD_231229,BTC,2023-12-29 00:00:00+00:00,2023-07-28 00:00:00+00:00,30126.0
BTCUSD_231229,BTC,2023-12-29 00:00:00+00:00,2023-07-29 00:00:00+00:00,30157.1
BTCUSD_231229,BTC,2023-12-29 00:00:00+00:00,2023-07-30 00:00:00+00:00,30068.5
BTCUSD_231229,BTC,2023-12-29 00:00:00+00:00,2023-07-31 00:00:00+00:00,30036.3
BTCUSD_231229,BTC,2023-12-29 00:00:00+00:00,2023-08-01 00:00:00+00:00,30531.1
BTCUSD_231229,BTC,2023-12-29 00:00:00+00:00,2023-08-02 00:00:00+00:00,29976.7
BTCUSD_231229,BTC,2023-12-29 00:00:00+00:00,2023-08-03 00:00:00+00:00,29992.2
BTCUSD_231229,BTC,2023-12-29 00:00:00+00:00,2023-08-04 00:00:00+00:00,29879.1
BTCUSD_231229,BTC,2023-12-29 00:00:00+00:00,2023-08-05 00:00:00+00:00,29854.5
BTCUSD_231229,BTC,2023-12-29 00:00:00+00:00,2023-08-06 00:00:00+00:00,29856.2
BTCUSD_231229,BTC,2023-12-29 00:00:00+00:00,2023-08-07 00:00:00+00:00,30028.1
BTCUSD_231229,BTC,2023-12-29 00:00:00+00:00,2023-08-08 00:00:00+00:00,30630.6
BTCUSD_231229,BTC,2023-12-29 00:00:00+00:00,2023-08-09 00:00:00+00:00,30403.6
BTCUSD_231229,BTC,2023-12-29 00:00:00+00:00,2023-08-10 00:00:00+00:00,30247.0
BTCUSD_231229,BTC,2023-12-29 00:00:00+00:00,2023-08-11 00:00:00+00:00,30212.0
BTCUSD_231229,BTC,2023-12-29 00:00:00+00:00,2023-08-12 00:00:00+00:00,30220.5
BTCUSD_231229,BTC,2023-12-29 00:00:00+00:00,2023-08-13 00:00:00+00:00,30084.9
BTCUSD_231229,BTC,2023-12-29 00:00:00+00:00,2023-08-14 00:00:00+00:00,30213.1
BTCUSD_231229,BTC,2023-12-29 00:00:00+00:00,2023-08-15 00:00:00+00:00,29964.2
BTCUSD_231229,BTC,2023-12-29 00:00:00+00:00,2023-08-16 00:00:00+00:00,29479.6
BTCUSD_231229,BTC,2023-12-29 00:00:00+00:00,2023-08-17 00:00:00+00:00,27185.2
BTCUSD_231229,BTC,2023-12-29 00:00:00+00:00,2023-08-18 00:00:00+00:00,26623.0
BTCUSD_231229,BTC,2023-12-29 00:00:00+00:00,2023-08-19 00:00:00+00:00,26650.2
BTCUSD_231229,BTC,2023-12-29 00:00:00+00:00,2023-08-20 00:00:00+00:00,26734.9
BTCUSD_231229,BTC,2023-12-29 00:00:00+00:00,2023-08-21 00:00:00+00:00,26647.7
BTCUSD_231229,BTC,2023-12-29 00:00:00+00:00,2023-08-22 00:00:00+00:00,26547.4
BTCUSD_231229,BTC,2023-12-29 00:00:00+00:00,2023-08-23 00:00:00+00:00,26941.7
BTCUSD_231229,BTC,2023-12-29 00:00:00+00:00,2023-08-24 00:00:00+00:00,26659.4
BTCUSD_231229,BTC,2023-12-29 00:00:00+00:00,2023-08-25 00:00:00+00:00,26520.0
BTCUSD_231229,BTC,2023-12-29 00:00:00+00:00,2023-08-26 00:00:00+00:00,26491.7
BTCUSD_231229,BTC,2023-12-29 00:00:00+00:00,2023-08-27 00:00:00+00:00,26555.3
BTCUSD_231229,BTC,2023-12-29 00:00:00+00:00,2023-09-01 00:00:00+00:00,26223.7
BTCUSD_231229,BTC,2023-12-29 00:00:00+00:00,2023-09-02 00:00:00+00:00,26271.3
BTCUSD_231229,BTC,2023-12-29 00:00:00+00:00,2023-09-03 00:00:00+00:00,26381.4
BTCUSD_231229,BTC,2023-12-29 00:00:00+00:00,2023-09-04 00:00:00+00:00,26220.9
BTCUSD_231229,BTC,2023-12-29 00:00:00+00:00,2023-09-05 00:00:00+00:00,26182.7
BTCUSD_231229,BTC,2023-12-29 00:00:00+00:00,2023-09-06 00:00:00+00:00,26148.5
BTCUSD_231229,BTC,2023-12-29 00:00:00+00:00,2023-09-07 00:00:00+00:00,26649.2
BTCUSD_231229,BTC,2023-12-29 00:00:00+00:00,2023-09-08 00:00:00+00:00,26279.0
BTCUSD_231229,BTC,2023-12-29 00:00:00+00:00,2023-09-09 00:00:00+00:00,26253.6
BTCUSD_231229,BTC,2023-12-29 00:00:00+00:00,2023-09-10 00:00:00+00:00,26188.9
BTCUSD_231229,BTC,2023-12-29 00:00:00+00:00,2023-09-11 00:00:00+00:00,25505.1
BTCUSD_231229,BTC,2023-12-29 00:00:00+00:00,2023-09-12 00:00:00+00:00,26186.9
BTCUSD_231229,BTC,2023-12-29 00:00:00+00:00,2023-09-13 00:00:00+00:00,26567.3
BTCUSD_231229,BTC,2023-12-29 00:00:00+00:00,2023-09-14 00:00:00+00:00,26885.5
BTCUSD_231229,BTC,2023-12-29 00:00:00+00:00,2023-09-15 00:00:00+00:00,26945.5
BTCUSD_231229,BTC,2023-12-29 00:00:00+00:00,2023-09-16 00:00:00+00:00,26895.8
BTCUSD_231229,BTC,2023-12-29 00:00:00+00:00,2023-09-17 00:00:00+00:00,26842.3
BTCUSD_231229,BTC,2023-12-29 00:00:00+00:00,2023-09-18 00:00:00+00:00,27090.5
BTCUSD_231229,BTC,2023-12-29 00:00:00+00:00,2023-09-19 00:00:00+00:00,27535.8
BTCUSD_231229,BTC,2023-12-29 00:00:00+00:00,2023-09-20 00:00:00+00:00,27445.9
BTCUSD_231229,BTC,2023-12-29 00:00:00+00:00,2023-09-21 00:00:00+00:00,26884.6
BTCUSD_231229,BTC,2023-12-29 00:00:00+00:00,2023-09-22 00:00:00+00:00,26893.0
BTCUSD_231229,BTC,2023-12-29 00:00:00+00:00,2023-09-23 00:00:00+00:00,26894.4
BTCUSD_231229,BTC,2023-12-29 00:00:00+00:00,2023-09-24 00:00:00+00:00,26536.0
BTCUSD_231229,BTC,2023-12-29 00:00:00+00:00,2023-09-25 00:00:00+00:00,26599.0
BTCUSD_231229,BTC,2023-12-29 00:00:00+00:00,2023-09-26 00:00:00+00:00,26501.7
BTCUSD_231229,BTC,2023-12-29 00:00:00+00:00,2023-09-27 00:00:00+00:00,26691.3
BTCUSD_231229,BTC,2023-12-29 00:00:00+00:00,2023-09-28 00:00:00+00:00,27390.3
BTCUSD_231229,BTC,2023-12-29 00:00:00+00:00,2023-09-29 00:00:00+00:00,27208.9
BTCUSD_231229,BTC,2023-12-29 00:00:00+00:00,2023-09-30 00:00:00+00:00,27261.5
BTCUSD_231229,BTC,2023-12-29 00:00:00+00:00,2023-10-01 00:00:00+00:00,28356.2
BTCUSD_231229,BTC,2023-12-29 00:00:00+00:00,2023-10-02 00:00:00+00:00,27844.6
BTCUSD_231229,BTC,2023-12-29 00:00:00+00:00,2023-10-03 00:00:00+00:00,27764.5
BTCUSD_231229,BTC,2023-12-29 00:00:00+00:00,2023-10-04 00:00:00+00:00,28123.1
BTCUSD_231229,BTC,2023-12-29 00:00:00+00:00,2023-10-05 00:00:00+00:00,27742.3
BTCUSD_231229,BTC,2023-12-29 00:00:00+00:00,2023-10-06 00:00:00+00:00,28285.0
BTCUSD_231229,BTC,2023-12-29 00:00:00+00:00,2023-10-07 00:00:00+00:00,28297.1
BTCUSD_231229,BTC,2023-12-29 00:00:00+00:00,2023-10-08 00:00:00+00:00,28282.7
BTCUSD_231229,BTC,2023-12-29 00:00:00+00:00,2023-10-09 00:00:00+00:00,27928.4
BTCUSD_231229,BTC,2023-12-29 00:00:00+00:00,2023-10-10 00:00:00+00:00,27702.9
BTCUSD_231229,BTC,2023-12-29 00:00:00+00:00,2023-10-11 00:00:00+00:00,27106.3
BTCUSD_231229,BTC,2023-12-29 00:00:00+00:00,2023-10-12 00:00:00+00:00,27005.1
BTCUSD_231229,BTC,2023-12-29 00:00:00+00:00,2023-10-13 00:00:00+00:00,27079.1
BTCUSD_231229,BTC,2023-12-29 00:00:00+00:00,2023-10-14 00:00:00+00:00,27088.3
BTCUSD_231229,BTC,2023-12-29 00:00:00+00:00,2023-10-15 00:00:00+00:00,27407.8
BTCUSD_231229,BTC,2023-12-29 00:00:00+00:00,2023-10-16 00:00:00+00:00,28788.7
BTCUSD_231229,BTC,2023-12-29 00:00:00+00:00,2023-10-17 00:00:00+00:00,28669.3
BTCUSD_231229,BTC,2023-12-29 00:00:00+00:00,2023-10-18 00:00:00+00:00,28595.5
BTCUSD_231229,BTC,2023-12-29 00:00:00+00:00,2023-10-19 00:00:00+00:00,28975.2
BTCUSD_231229,BTC,2023-12-29 00:00:00+00:00,2023-10-20 00:00:00+00:00,29914.2
BTCUSD_231229,BTC,2023-12-29 00:00:00+00:00,2023-10-21 00:00:00+00:00,30151.3
BTCUSD_231229,BTC,2023-12-29 00:00:00+00:00,2023-10-22 00:00:00+00:00,30256.2
BTCUSD_231229,BTC,2023-12-29 00:00:00+00:00,2023-10-23 00:00:00+00:00,33408.0
BTCUSD_231229,BTC,2023-12-29 00:00:00+00:00,2023-10-24 00:00:00+00:00,34321.7
BTCUSD_231229,BTC,2023-12-29 00:00:00+00:00,2023-10-25 00:00:00+00:00,34981.1
BTCUSD_231229,BTC,2023-12-29 00:00:00+00:00,2023-10-26 00:00:00+00:00,34637.7
BTCUSD_231229,BTC,2023-12-29 00:00:00+00:00,2023-10-27 00:00:00+00:00,34361.1
BTCUSD_231229,BTC,2023-12-29 00:00:00+00:00,2023-10-28 00:00:00+00:00,34570.0
BTCUSD_231229,BTC,2023-12-29 00:00:00+00:00,2023-10-29 00:00:00+00:00,35021.2
BTCUSD_231229,BTC,2023-12-29 00:00:00+00:00,2023-10-30 00:00:00+00:00,34994.1
BTCUSD_231229,BTC,2023-12-29 00:00:00+00:00,2023-10-31 00:00:00+00:00,35144.2
BTCUSD_231229,BTC,2023-12-29 00:00:00+00:00,2023-11-01 00:00:00+00:00,35995.7
BTCUSD_231229,BTC,2023-12-29 00:00:00+00:00,2023-11-02 00:00:00+00:00,35455.8
BTCUSD_231229,BTC,2023-12-29 00:00:00+00:00,2023-11-03 00:00:00+00:00,35222.8
BTCUSD_231229,BTC,2023-12-29 00:00:00+00:00,2023-11-04 00:00:00+00:00,35580.0
BTCUSD_231229,BTC,2023-12-29 00:00:00+00:00,2023-11-05 00:00:00+00:00,35529.3
BTCUSD_231229,BTC,2023-12-29 00:00:00+00:00,2023-11-06 00:00:00+00:00,35542.8
BTCUSD_231229,BTC,2023-12-29 00:00:00+00:00,2023-11-07 00:00:00+00:00,35958.9
BTCUSD_231229,BTC,2023-12-29 00:00:00+00:00,2023-11-08 00:00:00+00:00,36145.5
BTCUSD_231229,BTC,2023-12-29 00:00:00+00:00,2023-11-09 00:00:00+00:00,37159.3
BTCUSD_231229,BTC,2023-12-29 00:00:00+00:00,2023-11-10 00:00:00+00:00,37816.1
BTCUSD_231229,BTC,2023-12-29 00:00:00+00:00,2023-11-11 00:00:00+00:00,37595.9
BTCUSD_231229,BTC,2023-12-29 00:00:00+00:00,2023-11-12 00:00:00+00:00,37520.0
BTCUSD_231229,BTC,2023-12-29 00:00:00+00:00,2023-11-13 00:00:00+00:00,36895.2
BTCUSD_231229,BTC,2023-12-29 00:00:00+00:00,2023-11-14 00:00:00+00:00,36003.4
BTCUSD_231229,BTC,2023-12-29 00:00:00+00:00,2023-11-15 00:00:00+00:00,38386.4
BTCUSD_231229,BTC,2023-12-29 00:00:00+00:00,2023-11-16 00:00:00+00:00,36544.9
BTCUSD_231229,BTC,2023-12-29 00:00:00+00:00,2023-11-17 00:00:00+00:00,37006.5
BTCUSD_231229,BTC,2023-12-29 00:00:00+00:00,2023-11-18 00:00:00+00:00,36920.7
BTCUSD_231229,BTC,2023-12-29 00:00:00+00:00,2023-11-19 00:00:00+00:00,37786.3
BTCUSD_231229,BTC,2023-12-29 00:00:00+00:00,2023-11-20 00:00:00+00:00,37841.2
BTCUSD_231229,BTC,2023-12-29 00:00:00+00:00,2023-11-21 00:00:00+00:00,36016.1
BTCUSD_231229,BTC,2023-12-29 00:00:00+00:00,2023-11-22 00:00:00+00:00,37801.7
BTCUSD_231229,BTC,2023-12-29 00:00:00+00:00,2023-11-23 00:00:00+00:00,37667.0
BTCUSD_231229,BTC,2023-12-29 00:00:00+00:00,2023-11-24 00:00:00+00:00,38128.2
BTCUSD_231229,BTC,2023-12-29 00:00:00+00:00,2023-11-25 00:00:00+00:00,38192.9
BTCUSD_231229,BTC,2023-12-29 00:00:00+00:00,2023-11-26 00:00:00+00:00,37849.0
BTCUSD_231229,BTC,2023-12-29 00:00:00+00:00,2023-11-27 00:00:00+00:00,37553.4
BTCUSD_231229,BTC,2023-12-29 00:00:00+00:00,2023-11-28 00:00:00+00:00,38170.4
BTCUSD_231229,BTC,2023-12-29 00:00:00+00:00,2023-11-29 00:00:00+00:00,38133.0
BTCUSD_231229,BTC,2023-12-29 00:00:00+00:00,2023-11-30 00:00:00+00:00,37996.8
BTCUSD_231229,BTC,2023-12-29 00:00:00+00:00,2023-12-01 00:00:00+00:00,38979.3
BTCUSD_231229,BTC,2023-12-29 00:00:00+00:00,2023-12-02 00:00:00+00:00,39751.1
BTCUSD_231229,BTC,2023-12-29 00:00:00+00:00,2023-12-03 00:00:00+00:00,40279.8
BTCUSD_231229,BTC,2023-12-29 00:00:00+00:00,2023-12-04 00:00:00+00:00,42298.0
BTCUSD_231229,BTC,2023-12-29 00:00:00+00:00,2023-12-05 00:00:00+00:00,44368.2
BTCUSD_231229,BTC,2023-12-29 00:00:00+00:00,2023-12-06 00:00:00+00:00,44004.3
BTCUSD_231229,BTC,2023-12-29 00:00:00+00:00,2023-12-07 00:00:00+00:00,43528.9
BTCUSD_231229,BTC,2023-12-29 00:00:00+00:00,2023-12-08 00:00:00+00:00,44447.8
BTCUSD_231229,BTC,2023-12-29 00:00:00+00:00,2023-12-09 00:00:00+00:00,43982.5
BTCUSD_231229,BTC,2023-12-29 00:00:00+00:00,2023-12-10 00:00:00+00:00,44075.5
BTCUSD_231229,BTC,2023-12-29 00:00:00+00:00,2023-12-11 00:00:00+00:00,41465.7
BTCUSD_231229,BTC,2023-12-29 00:00:00+00:00,2023-12-12 00:00:00+00:00,41625.2
BTCUSD_231229,BTC,2023-12-29 00:00:00+00:00,2023-12-13 00:00:00+00:00,43090.2
BTCUSD_231229,BTC,2023-12-29 00:00:00+00:00,2023-12-14 00:00:00+00:00,43210.3
BTCUSD_231229,BTC,2023-12-29 00:00:00+00:00,2023-12-15 00:00:00+00:00,42085.1
BTCUSD_231229,BTC,2023-12-29 00:00:00+00:00,2023-12-16 00:00:00+00:00,42412.4
BTCUSD_231229,BTC,2023-12-29 00:00:00+00:00,2023-12-17 00:00:00+00:00,41516.7
BTCUSD_231229,BTC,2023-12-29 00:00:00+00:00,2023-12-18 00:00:00+00:00,42841.1
BTCUSD_231229,BTC,2023-12-29 00:00:00+00:00,2023-12-19 00:00:00+00:00,42369.1
BTCUSD_231229,BTC,2023-12-29 00:00:00+00:00,2023-12-20 00:00:00+00:00,43861.9
BTCUSD_231229,BTC,2023-12-29 00:00:00+00:00,2023-12-21 00:00:00+00:00,44064.8
BTCUSD_231229,BTC,2023-12-29 00:00:00+00:00,2023-12-22 00:00:00+00:00,44171.7
BTCUSD_231229,BTC,2023-12-29 00:00:00+00:00,2023-12-23 00:00:00+00:00,43882.3
BTCUSD_231229,BTC,2023-12-29 00:00:00+00:00,2023-12-24 00:00:00+00:00,43101.5
BTCUSD_231229,BTC,2023-12-29 00:00:00+00:00,2023-12-25 00:00:00+00:00,43753.1
BTCUSD_231229,BTC,2023-12-29 00:00:00+00:00,2023-12-26 00:00:00+00:00,42624.5
BTCUSD_231229,BTC,2023-12-29 00:00:00+00:00,2023-12-27 00:00:00+00:00,43560.0
BTCUSD_231229,BTC,2023-12-29 00:00:00+00:00,2023-12-28 00:00:00+00:00,42726.3
BTCUSD_240329,BTC,2024-03-29 00:00:00+00:00,2023-09-29 00:00:00+00:00,27572.6
BTCUSD_240329,BTC,2024-03-29 00:00:00+00:00,2023-09-30 00:00:00+00:00,27637.6
BTCUSD_240329,BTC,2024-03-29 00:00:00+00:00,2023-10-01 00:00:00+00:00,28735.8
BTCUSD_240329,BTC,2024-03-29 00:00:00+00:00,2023-10-02 00:00:00+00:00,28232.3
BTCUSD_240329,BTC,2024-03-29 00:00:00+00:00,2023-10-03 00:00:00+00:00,28190.9
BTCUSD_240329,BTC,2024-03-29 00:00:00+00:00,2023-10-04 00:00:00+00:00,28552.4
BTCUSD_240329,BTC,2024-03-29 00:00:00+00:00,2023-10-05 00:00:00+00:00,28147.9
BTCUSD_240329,BTC,2024-03-29 00:00:00+00:00,2023-10-06 00:00:00+00:00,28695.6
BTCUSD_240329,BTC,2024-03-29 00:00:00+00:00,2023-10-07 00:00:00+00:00,28696.5
BTCUSD_240329,BTC,2024-03-29 00:00:00+00:00,2023-10-08 00:00:00+00:00,28652.4
BTCUSD_240329,BTC,2024-03-29 00:00:00+00:00,2023-10-09 00:00:00+00:00,28304.0
BTCUSD_240329,BTC,2024-03-29 00:00:00+00:00,2023-10-10 00:00:00+00:00,28091.7
BTCUSD_240329,BTC,2024-03-29 00:00:00+00:00,2023-10-11 00:00:00+00:00,27468.3
BTCUSD_240329,BTC,2024-03-29 00:00:00+00:00,2023-10-12 00:00:00+00:00,27329.7
BTCUSD_240329,BTC,2024-03-29 00:00:00+00:00,2023-10-13 00:00:00+00:00,27419.9
BTCUSD_240329,BTC,2024-03-29 00:00:00+00:00,2023-10-14 00:00:00+00:00,27406.3
BTCUSD_240329,BTC,2024-03-29 00:00:00+00:00,2023-10-15 00:00:00+00:00,27717.9
BTCUSD_240329,BTC,2024-03-29 00:00:00+00:00,2023-10-16 00:00:00+00:00,29121.0
BTCUSD_240329,BTC,2024-03-29 00:00:00+00:00,2023-10-17 00:00:00+00:00,29002.5
BTCUSD_240329,BTC,2024-03-29 00:00:00+00:00,2023-10-18 00:00:00+00:00,28925.0
BTCUSD_240329,BTC,2024-03-29 00:00:00+00:00,2023-10-19 00:00:00+00:00,29324.9
BTCUSD_240329,BTC,2024-03-29 00:00:00+00:00,2023-10-20 00:00:00+00:00,30295.2
BTCUSD_240329,BTC,2024-03-29 00:00:00+00:00,2023-10-21 00:00:00+00:00,30525.9
BTCUSD_240329,BTC,2024-03-29 00:00:00+00:00,2023-10-22 00:00:00+00:00,30632.6
BTCUSD_240329,BTC,2024-03-29 00:00:00+00:00,2023-10-23 00:00:00+00:00,33833.6
BTCUSD_240329,BTC,2024-03-29 00:00:00+00:00,2023-10-24 00:00:00+00:00,34750.0
BTCUSD_240329,BTC,2024-03-29 00:00:00+00:00,2023-10-25 00:00:00+00:00,35510.7
BTCUSD_240329,BTC,2024-03-29 00:00:00+00:00,2023-10-26 00:00:00+00:00,35183.5
BTCUSD_240329,BTC,2024-03-29 00:00:00+00:00,2023-10-27 00:00:00+00:00,34908.0
BTCUSD_240329,BTC,2024-03-29 00:00:00+00:00,2023-10-28 00:00:00+00:00,35125.1
BTCUSD_240329,BTC,2024-03-29 00:00:00+00:00,2023-10-29 00:00:00+00:00,35606.4
BTCUSD_240329,BTC,2024-03-29 00:00:00+00:00,2023-10-30 00:00:00+00:00,35584.2
BTCUSD_240329,BTC,2024-03-29 00:00:00+00:00,2023-10-31 00:00:00+00:00,35764.3
BTCUSD_240329,BTC,2024-03-29 00:00:00+00:00,2023-11-01 00:00:00+00:00,36726.2
BTCUSD_240329,BTC,2024-03-29 00:00:00+00:00,2023-11-02 00:00:00+00:00,36172.2
BTCUSD_240329,BTC,2024-03-29 00:00:00+00:00,2023-11-03 00:00:00+00:00,35918.4
BTCUSD_240329,BTC,2024-03-29 00:00:00+00:00,2023-11-04 00:00:00+00:00,36320.1
BTCUSD_240329,BTC,2024-03-29 00:00:00+00:00,2023-11-05 00:00:00+00:00,36319.9
BTCUSD_240329,BTC,2024-03-29 00:00:00+00:00,2023-11-06 00:00:00+00:00,36313.9
BTCUSD_240329,BTC,2024-03-29 00:00:00+00:00,2023-11-07 00:00:00+00:00,36732.5
BTCUSD_240329,BTC,2024-03-29 00:00:00+00:00,2023-11-08 00:00:00+00:00,36943.9
BTCUSD_240329,BTC,2024-03-29 00:00:00+00:00,2023-11-09 00:00:00+00:00,38008.1
BTCUSD_240329,BTC,2024-03-29 00:00:00+00:00,2023-11-10 00:00:00+00:00,38666.4
BTCUSD_240329,BTC,2024-03-29 00:00:00+00:00,2023-11-11 00:00:00+00:00,38477.5
BTCUSD_240329,BTC,2024-03-29 00:00:00+00:00,2023-11-12 00:00:00+00:00,38398.2
BTCUSD_240329,BTC,2024-03-29 00:00:00+00:00,2023-11-13 00:00:00+00:00,37829.8
BTCUSD_240329,BTC,2024-03-29 00:00:00+00:00,2023-11-14 00:00:00+00:00,36854.0
BTCUSD_240329,BTC,2024-03-29 00:00:00+00:00,2023-11-15 00:00:00+00:00,39326.7
BTCUSD_240329,BTC,2024-03-29 00:00:00+00:00,2023-11-16 00:00:00+00:00,37390.0
BTCUSD_240329,BTC,2024-03-29 00:00:00+00:00,2023-11-17 00:00:00+00:00,37850.0
BTCUSD_240329,BTC,2024-03-29 00:00:00+00:00,2023-11-18 00:00:00+00:00,37699.8
BTCUSD_240329,BTC,2024-03-29 00:00:00+00:00,2023-11-19 00:00:00+00:00,38584.7
BTCUSD_240329,BTC,2024-03-29 00:00:00+00:00,2023-11-20 00:00:00+00:00,38667.4
BTCUSD_240329,BTC,2024-03-29 00:00:00+00:00,2023-11-21 00:00:00+00:00,36680.3
BTCUSD_240329,BTC,2024-03-29 00:00:00+00:00,2023-11-22 00:00:00+00:00,38611.1
BTCUSD_240329,BTC,2024-03-29 00:00:00+00:00,2023-11-23 00:00:00+00:00,38521.7
BTCUSD_240329,BTC,2024-03-29 00:00:00+00:00,2023-11-24 00:00:00+00:00,38996.6
BTCUSD_240329,BTC,2024-03-29 00:00:00+00:00,2023-11-25 00:00:00+00:00,39096.4
BTCUSD_240329,BTC,2024-03-29 00:00:00+00:00,2023-11-26 00:00:00+00:00,38735.0
BTCUSD_240329,BTC,2024-03-29 00:00:00+00:00,2023-11-27 00:00:00+00:00,38414.3
BTCUSD_240329,BTC,2024-03-29 00:00:00+00:00,2023-11-28 00:00:00+00:00,38999.6
BTCUSD_240329,BTC,2024-03-29 00:00:00+00:00,2023-11-29 00:00:00+00:00,39006.5
BTCUSD_240329,BTC,2024-03-29 00:00:00+00:00,2023-11-30 00:00:00+00:00,38874.0
BTCUSD_240329,BTC,2024-03-29 00:00:00+00:00,2023-12-01 00:00:00+00:00,39958.4
BTCUSD_240329,BTC,2024-03-29 00:00:00+00:00,2023-12-02 00:00:00+00:00,40737.0
BTCUSD_240329,BTC,2024-03-29 00:00:00+00:00,2023-12-03 00:00:00+00:00,41302.9
BTCUSD_240329,BTC,2024-03-29 00:00:00+00:00,2023-12-04 00:00:00+00:00,43442.7
BTCUSD_240329,BTC,2024-03-29 00:00:00+00:00,2023-12-05 00:00:00+00:00,45409.4
BTCUSD_240329,BTC,2024-03-29 00:00:00+00:00,2023-12-06 00:00:00+00:00,45071.8
BTCUSD_240329,BTC,2024-03-29 00:00:00+00:00,2023-12-07 00:00:00+00:00,44564.4
BTCUSD_240329,BTC,2024-03-29 00:00:00+00:00,2023-12-08 00:00:00+00:00,45533.7
BTCUSD_240329,BTC,2024-03-29 00:00:00+00:00,2023-12-09 00:00:00+00:00,45082.9
BTCUSD_240329,BTC,2024-03-29 00:00:00+00:00,2023-12-10 00:00:00+00:00,45166.6
BTCUSD_240329,BTC,2024-03-29 00:00:00+00:00,2023-12-11 00:00:00+00:00,42602.9
BTCUSD_240329,BTC,2024-03-29 00:00:00+00:00,2023-12-12 00:00:00+00:00,42778.8
BTCUSD_240329,BTC,2024-03-29 00:00:00+00:00,2023-12-13 00:00:00+00:00,44174.2
BTCUSD_240329,BTC,2024-03-29 00:00:00+00:00,2023-12-14 00:00:00+00:00,44286.5
BTCUSD_240329,BTC,2024-03-29 00:00:00+00:00,2023-12-15 00:00:00+00:00,43172.6
BTCUSD_240329,BTC,2024-03-29 00:00:00+00:00,2023-12-16 00:00:00+00:00,43520.7
BTCUSD_240329,BTC,2024-03-29 00:00:00+00:00,2023-12-17 00:00:00+00:00,42545.9
BTCUSD_240329,BTC,2024-03-29 00:00:00+00:00,2023-12-18 00:00:00+00:00,43941.9
BTCUSD_240329,BTC,2024-03-29 00:00:00+00:00,2023-12-19 00:00:00+00:00,43549.2
BTCUSD_240329,BTC,2024-03-29 00:00:00+00:00,2023-12-20 00:00:00+00:00,45201.1
BTCUSD_240329,BTC,2024-03-29 00:00:00+00:00,2023-12-21 00:00:00+00:00,45500.6
BTCUSD_240329,BTC,2024-03-29 00:00:00+00:00,2023-12-22 00:00:00+00:00,45646.8
BTCUSD_240329,BTC,2024-03-29 00:00:00+00:00,2023-12-23 00:00:00+00:00,45337.5
BTCUSD_240329,BTC,2024-03-29 00:00:00+00:00,2023-12-24 00:00:00+00:00,44560.1
BTCUSD_240329,BTC,2024-03-29 00:00:00+00:00,2023-12-25 00:00:00+00:00,45285.8
BTCUSD_240329,BTC,2024-03-29 00:00:00+00:00,2023-12-26 00:00:00+00:00,44121.3
BTCUSD_240329,BTC,2024-03-29 00:00:00+00:00,2023-12-27 00:00:00+00:00,45245.9
BTCUSD_240329,BTC,2024-03-29 00:00:00+00:00,2023-12-28 00:00:00+00:00,44273.3
BTCUSD_240329,BTC,2024-03-29 00:00:00+00:00,2023-12-29 00:00:00+00:00,43882.5
BTCUSD_240329,BTC,2024-03-29 00:00:00+00:00,2023-12-30 00:00:00+00:00,44153.2
BTCUSD_240329,BTC,2024-03-29 00:00:00+00:00,2023-12-31 00:00:00+00:00,44386.9
BTCUSD_240329,BTC,2024-03-29 00:00:00+00:00,2024-01-01 00:00:00+00:00,46481.0
BTCUSD_240329,BTC,2024-03-29 00:00:00+00:00,2024-01-02 00:00:00+00:00,47100.5
BTCUSD_240329,BTC,2024-03-29 00:00:00+00:00,2024-01-03 00:00:00+00:00,44427.5
BTCUSD_240329,BTC,2024-03-29 00:00:00+00:00,2024-01-04 00:00:00+00:00,45852.4
BTCUSD_240329,BTC,2024-03-29 00:00:00+00:00,2024-01-05 00:00:00+00:00,45542.7
BTCUSD_240329,BTC,2024-03-29 00:00:00+00:00,2024-01-06 00:00:00+00:00,45327.5
BTCUSD_240329,BTC,2024-03-29 00:00:00+00:00,2024-01-07 00:00:00+00:00,45308.7
BTCUSD_240329,BTC,2024-03-29 00:00:00+00:00,2024-01-08 00:00:00+00:00,48440.1
BTCUSD_240329,BTC,2024-03-29 00:00:00+00:00,2024-01-09 00:00:00+00:00,47467.6
BTCUSD_240329,BTC,2024-03-29 00:00:00+00:00,2024-01-10 00:00:00+00:00,48015.1
BTCUSD_240329,BTC,2024-03-29 00:00:00+00:00,2024-01-11 00:00:00+00:00,47514.2
BTCUSD_240329,BTC,2024-03-29 00:00:00+00:00,2024-01-12 00:00:00+00:00,43710.7
BTCUSD_240329,BTC,2024-03-29 00:00:00+00:00,2024-01-13 00:00:00+00:00,43587.2
BTCUSD_240329,BTC,2024-03-29 00:00:00+00:00,2024-01-14 00:00:00+00:00,42446.3
BTCUSD_240329,BTC,2024-03-29 00:00:00+00:00,2024-01-15 00:00:00+00:00,43235.6
BTCUSD_240329,BTC,2024-03-29 00:00:00+00:00,2024-01-16 00:00:00+00:00,43937.4
BTCUSD_240329,BTC,2024-03-29 00:00:00+00:00,2024-01-17 00:00:00+00:00,43576.7
BTCUSD_240329,BTC,2024-03-29 00:00:00+00:00,2024-01-18 00:00:00+00:00,41948.6
BTCUSD_240329,BTC,2024-03-29 00:00:00+00:00,2024-01-19 00:00:00+00:00,42350.7
BTCUSD_240329,BTC,2024-03-29 00:00:00+00:00,2024-01-20 00:00:00+00:00,42399.6
BTCUSD_240329,BTC,2024-03-29 00:00:00+00:00,2024-01-21 00:00:00+00:00,42263.5
BTCUSD_240329,BTC,2024-03-29 00:00:00+00:00,2024-01-22 00:00:00+00:00,40096.3
BTCUSD_240329,BTC,2024-03-29 00:00:00+00:00,2024-01-23 00:00:00+00:00,40499.6
BTCUSD_240329,BTC,2024-03-29 00:00:00+00:00,2024-01-24 00:00:00+00:00,40723.7
BTCUSD_240329,BTC,2024-03-29 00:00:00+00:00,2024-01-25 00:00:00+00:00,40578.3
BTCUSD_240329,BTC,2024-03-29 00:00:00+00:00,2024-01-26 00:00:00+00:00,42490.0
BTCUSD_240329,BTC,2024-03-29 00:00:00+00:00,2024-01-27 00:00:00+00:00,42780.2
BTCUSD_240329,BTC,2024-03-29 00:00:00+00:00,2024-01-28 00:00:00+00:00,42682.0
BTCUSD_240329,BTC,2024-03-29 00:00:00+00:00,2024-01-29 00:00:00+00:00,43996.3
BTCUSD_240329,BTC,2024-03-29 00:00:00+00:00,2024-01-30 00:00:00+00:00,43642.8
BTCUSD_240329,BTC,2024-03-29 00:00:00+00:00,2024-01-31 00:00:00+00:00,43146.3
BTCUSD_240329,BTC,2024-03-29 00:00:00+00:00,2024-02-01 00:00:00+00:00,43649.2
BTCUSD_240329,BTC,2024-03-29 00:00:00+00:00,2024-02-02 00:00:00+00:00,43774.2
BTCUSD_240329,BTC,2024-03-29 00:00:00+00:00,2024-02-03 00:00:00+00:00,43514.5
BTCUSD_240329,BTC,2024-03-29 00:00:00+00:00,2024-02-04 00:00:00+00:00,43127.5
BTCUSD_240329,BTC,2024-03-29 00:00:00+00:00,2024-02-05 00:00:00+00:00,43203.1
BTCUSD_240329,BTC,2024-03-29 00:00:00+00:00,2024-02-06 00:00:00+00:00,43670.0
BTCUSD_240329,BTC,2024-03-29 00:00:00+00:00,2024-02-07 00:00:00+00:00,44989.5
BTCUSD_240329,BTC,2024-03-29 00:00:00+00:00,2024-02-08 00:00:00+00:00,45911.7
BTCUSD_240329,BTC,2024-03-29 00:00:00+00:00,2024-02-09 00:00:00+00:00,47763.2
BTCUSD_240329,BTC,2024-03-29 00:00:00+00:00,2024-02-10 00:00:00+00:00,48455.0
BTCUSD_240329,BTC,2024-03-29 00:00:00+00:00,2024-02-11 00:00:00+00:00,49055.9
BTCUSD_240329,BTC,2024-03-29 00:00:00+00:00,2024-02-12 00:00:00+00:00,50789.3
BTCUSD_240329,BTC,2024-03-29 00:00:00+00:00,2024-02-13 00:00:00+00:00,50370.3
BTCUSD_240329,BTC,2024-03-29 00:00:00+00:00,2024-02-14 00:00:00+00:00,52617.9
BTCUSD_240329,BTC,2024-03-29 00:00:00+00:00,2024-02-15 00:00:00+00:00,52723.5
BTCUSD_240329,BTC,2024-03-29 00:00:00+00:00,2024-02-16 00:00:00+00:00,52921.1
BTCUSD_240329,BTC,2024-03-29 00:00:00+00:00,2024-02-17 00:00:00+00:00,52486.8
BTCUSD_240329,BTC,2024-03-29 00:00:00+00:00,2024-02-18 00:00:00+00:00,53011.7
BTCUSD_240329,BTC,2024-03-29 00:00:00+00:00,2024-02-19 00:00:00+00:00,52669.6
BTCUSD_240329,BTC,2024-03-29 00:00:00+00:00,2024-02-20 00:00:00+00:00,53071.6
BTCUSD_240329,BTC,2024-03-29 00:00:00+00:00,2024-02-21 00:00:00+00:00,52545.9
BTCUSD_240329,BTC,2024-03-29 00:00:00+00:00,2024-02-22 00:00:00+00:00,52020.3
BTCUSD_240329,BTC,2024-03-29 00:00:00+00:00,2024-02-23 00:00:00+00:00,51483.9
BTCUSD_240329,BTC,2024-03-29 00:00:00+00:00,2024-02-24 00:00:00+00:00,52415.1
BTCUSD_240329,BTC,2024-03-29 00:00:00+00:00,2024-02-25 00:00:00+00:00,52626.4
BTCUSD_240329,BTC,2024-03-29 00:00:00+00:00,2024-02-26 00:00:00+00:00,55504.8
BTCUSD_240329,BTC,2024-03-29 00:00:00+00:00,2024-02-27 00:00:00+00:00,58092.1
BTCUSD_240329,BTC,2024-03-29 00:00:00+00:00,2024-02-28 00:00:00+00:00,63416.7
BTCUSD_240329,BTC,2024-03-29 00:00:00+00:00,2024-02-29 00:00:00+00:00,62130.3
BTCUSD_240329,BTC,2024-03-29 00:00:00+00:00,2024-03-01 00:00:00+00:00,63370.0
BTCUSD_240329,BTC,2024-03-29 00:00:00+00:00,2024-03-02 00:00:00+00:00,62950.8
BTCUSD_240329,BTC,2024-03-29 00:00:00+00:00,2024-03-03 00:00:00+00:00,64213.8
BTCUSD_240329,BTC,2024-03-29 00:00:00+00:00,2024-03-04 00:00:00+00:00,69772.8
BTCUSD_240329,BTC,2024-03-29 00:00:00+00:00,2024-03-05 00:00:00+00:00,65339.8
BTCUSD_240329,BTC,2024-03-29 00:00:00+00:00,2024-03-06 00:00:00+00:00,67399.3
BTCUSD_240329,BTC,2024-03-29 00:00:00+00:00,2024-03-07 00:00:00+00:00,68233.7
BTCUSD_240329,BTC,2024-03-29 00:00:00+00:00,2024-03-08 00:00:00+00:00,69367.0
BTCUSD_240329,BTC,2024-03-29 00:00:00+00:00,2024-03-09 00:00:00+00:00,69613.6
BTCUSD_240329,BTC,2024-03-29 00:00:00+00:00,2024-03-10 00:00:00+00:00,70327.7
BTCUSD_240329,BTC,2024-03-29 00:00:00+00:00,2024-03-11 00:00:00+00:00,73648.2
BTCUSD_240329,BTC,2024-03-29 00:00:00+00:00,2024-03-12 00:00:00+00:00,72769.5
BTCUSD_240329,BTC,2024-03-29 00:00:00+00:00,2024-03-13 00:00:00+00:00,74189.7
BTCUSD_240329,BTC,2024-03-29 00:00:00+00:00,2024-03-14 00:00:00+00:00,72488.5
BTCUSD_240329,BTC,2024-03-29 00:00:00+00:00,2024-03-15 00:00:00+00:00,70450.0
BTCUSD_240329,BTC,2024-03-29 00:00:00+00:00,2024-03-16 00:00:00+00:00,66037.9
BTCUSD_240329,BTC,2024-03-29 00:00:00+00:00,2024-03-17 00:00:00+00:00,69161.7
BTCUSD_240329,BTC,2024-03-29 00:00:00+00:00,2024-03-18 00:00:00+00:00,68042.1
BTCUSD_240329,BTC,2024-03-29 00:00:00+00:00,2024-03-19 00:00:00+00:00,62023.2
BTCUSD_240329,BTC,2024-03-29 00:00:00+00:00,2024-03-20 00:00:00+00:00,68210.2
BTCUSD_240329,BTC,2024-03-29 00:00:00+00:00,2024-03-21 00:00:00+00:00,65763.3
BTCUSD_240329,BTC,2024-03-29 00:00:00+00:00,2024-03-22 00:00:00+00:00,64035.6
BTCUSD_240329,BTC,2024-03-29 00:00:00+00:00,2024-03-23 00:00:00+00:00,64166.6
BTCUSD_240329,BTC,2024-03-29 00:00:00+00:00,2024-03-24 00:00:00+00:00,67421.6
BTCUSD_240329,BTC,2024-03-29 00:00:00+00:00,2024-03-25 00:00:00+00:00,70101.4
BTCUSD_240329,BTC,2024-03-29 00:00:00+00:00,2024-03-26 00:00:00+00:00,70217.8
BTCUSD_240329,BTC,2024-03-29 00:00:00+00:00,2024-03-27 00:00:00+00:00,69661.3
BTCUSD_240329,BTC,2024-03-29 00:00:00+00:00,2024-03-28 00:00:00+00:00,70878.2
BTCUSD_240628,BTC,2024-06-28 00:00:00+00:00,2023-12-29 00:00:00+00:00,45359.5
BTCUSD_240628,BTC,2024-06-28 00:00:00+00:00,2023-12-30 00:00:00+00:00,45537.0
BTCUSD_240628,BTC,2024-06-28 00:00:00+00:00,2023-12-31 00:00:00+00:00,45789.6
BTCUSD_240628,BTC,2024-06-28 00:00:00+00:00,2024-01-01 00:00:00+00:00,48115.0
BTCUSD_240628,BTC,2024-06-28 00:00:00+00:00,2024-01-02 00:00:00+00:00,48594.3
BTCUSD_240628,BTC,2024-06-28 00:00:00+00:00,2024-01-03 00:00:00+00:00,46120.4
BTCUSD_240628,BTC,2024-06-28 00:00:00+00:00,2024-01-04 00:00:00+00:00,47558.1
BTCUSD_240628,BTC,2024-06-28 00:00:00+00:00,2024-01-05 00:00:00+00:00,46911.4
BTCUSD_240628,BTC,2024-06-28 00:00:00+00:00,2024-01-06 00:00:00+00:00,46785.5
BTCUSD_240628,BTC,2024-06-28 00:00:00+00:00,2024-01-07 00:00:00+00:00,46789.5
BTCUSD_240628,BTC,2024-06-28 00:00:00+00:00,2024-01-08 00:00:00+00:00,49812.0
BTCUSD_240628,BTC,2024-06-28 00:00:00+00:00,2024-01-09 00:00:00+00:00,49037.5
BTCUSD_240628,BTC,2024-06-28 00:00:00+00:00,2024-01-10 00:00:00+00:00,49451.5
BTCUSD_240628,BTC,2024-06-28 00:00:00+00:00,2024-01-11 00:00:00+00:00,49060.5
BTCUSD_240628,BTC,2024-06-28 00:00:00+00:00,2024-01-12 00:00:00+00:00,45260.0
BTCUSD_240628,BTC,2024-06-28 00:00:00+00:00,2024-01-13 00:00:00+00:00,45095.4
BTCUSD_240628,BTC,2024-06-28 00:00:00+00:00,2024-01-14 00:00:00+00:00,43648.2
BTCUSD_240628,BTC,2024-06-28 00:00:00+00:00,2024-01-15 00:00:00+00:00,44539.9
BTCUSD_240628,BTC,2024-06-28 00:00:00+00:00,2024-01-16 00:00:00+00:00,45308.8
BTCUSD_240628,BTC,2024-06-28 00:00:00+00:00,2024-01-17 00:00:00+00:00,44925.5
BTCUSD_240628,BTC,2024-06-28 00:00:00+00:00,2024-01-18 00:00:00+00:00,43016.8
BTCUSD_240628,BTC,2024-06-28 00:00:00+00:00,2024-01-19 00:00:00+00:00,43470.2
BTCUSD_240628,BTC,2024-06-28 00:00:00+00:00,2024-01-20 00:00:00+00:00,43611.5
BTCUSD_240628,BTC,2024-06-28 00:00:00+00:00,2024-01-21 00:00:00+00:00,43565.0
BTCUSD_240628,BTC,2024-06-28 00:00:00+00:00,2024-01-22 00:00:00+00:00,41055.5
BTCUSD_240628,BTC,2024-06-28 00:00:00+00:00,2024-01-23 00:00:00+00:00,41511.1
BTCUSD_240628,BTC,2024-06-28 00:00:00+00:00,2024-01-24 00:00:00+00:00,41766.1
BTCUSD_240628,BTC,2024-06-28 00:00:00+00:00,2024-01-25 00:00:00+00:00,41724.9
BTCUSD_240628,BTC,2024-06-28 00:00:00+00:00,2024-01-26 00:00:00+00:00,43592.5
BTCUSD_240628,BTC,2024-06-28 00:00:00+00:00,2024-01-27 00:00:00+00:00,44037.7
BTCUSD_240628,BTC,2024-06-28 00:00:00+00:00,2024-01-28 00:00:00+00:00,43859.8
BTCUSD_240628,BTC,2024-06-28 00:00:00+00:00,2024-01-29 00:00:00+00:00,45248.9
BTCUSD_240628,BTC,2024-06-28 00:00:00+00:00,2024-01-30 00:00:00+00:00,44834.8
BTCUSD_240628,BTC,2024-06-28 00:00:00+00:00,2024-01-31 00:00:00+00:00,44426.0
BTCUSD_240628,BTC,2024-06-28 00:00:00+00:00,2024-02-01 00:00:00+00:00,44823.0
BTCUSD_240628,BTC,2024-06-28 00:00:00+00:00,2024-02-02 00:00:00+00:00,44989.8
BTCUSD_240628,BTC,2024-06-28 00:00:00+00:00,2024-02-03 00:00:00+00:00,44757.8
BTCUSD_240628,BTC,2024-06-28 00:00:00+00:00,2024-02-04 00:00:00+00:00,44333.0
BTCUSD_240628,BTC,2024-06-28 00:00:00+00:00,2024-02-05 00:00:00+00:00,44467.4
BTCUSD_240628,BTC,2024-06-28 00:00:00+00:00,2024-02-06 00:00:00+00:00,44881.6
BTCUSD_240628,BTC,2024-06-28 00:00:00+00:00,2024-02-07 00:00:00+00:00,46175.9
BTCUSD_240628,BTC,2024-06-28 00:00:00+00:00,2024-02-08 00:00:00+00:00,47192.8
BTCUSD_240628,BTC,2024-06-28 00:00:00+00:00,2024-02-09 00:00:00+00:00,49061.0
BTCUSD_240628,BTC,2024-06-28 00:00:00+00:00,2024-02-10 00:00:00+00:00,49680.2
BTCUSD_240628,BTC,2024-06-28 00:00:00+00:00,2024-02-11 00:00:00+00:00,50450.3
BTCUSD_240628,BTC,2024-06-28 00:00:00+00:00,2024-02-12 00:00:00+00:00,52277.0
BTCUSD_240628,BTC,2024-06-28 00:00:00+00:00,2024-02-13 00:00:00+00:00,51981.6
BTCUSD_240628,BTC,2024-06-28 00:00:00+00:00,2024-02-14 00:00:00+00:00,54394.0
BTCUSD_240628,BTC,2024-06-28 00:00:00+00:00,2024-02-15 00:00:00+00:00,54578.4
BTCUSD_240628,BTC,2024-06-28 00:00:00+00:00,2024-02-16 00:00:00+00:00,54817.9
BTCUSD_240628,BTC,2024-06-28 00:00:00+00:00,2024-02-17 00:00:00+00:00,54194.0
BTCUSD_240628,BTC,2024-06-28 00:00:00+00:00,2024-02-18 00:00:00+00:00,54934.9
BTCUSD_240628,BTC,2024-06-28 00:00:00+00:00,2024-02-19 00:00:00+00:00,54560.5
BTCUSD_240628,BTC,2024-06-28 00:00:00+00:00,2024-02-20 00:00:00+00:00,55158.9
BTCUSD_240628,BTC,2024-06-28 00:00:00+00:00,2024-02-21 00:00:00+00:00,54734.3
BTCUSD_240628,BTC,2024-06-28 00:00:00+00:00,2024-02-22 00:00:00+00:00,54083.0
BTCUSD_240628,BTC,2024-06-28 00:00:00+00:00,2024-02-23 00:00:00+00:00,53552.0
BTCUSD_240628,BTC,2024-06-28 00:00:00+00:00,2024-02-24 00:00:00+00:00,54465.7
BTCUSD_240628,BTC,2024-06-28 00:00:00+00:00,2024-02-25 00:00:00+00:00,54681.1
BTCUSD_240628,BTC,2024-06-28 00:00:00+00:00,2024-02-26 00:00:00+00:00,57721.9
BTCUSD_240628,BTC,2024-06-28 00:00:00+00:00,2024-02-27 00:00:00+00:00,60516.2
BTCUSD_240628,BTC,2024-06-28 00:00:00+00:00,2024-02-28 00:00:00+00:00,66075.4
BTCUSD_240628,BTC,2024-06-28 00:00:00+00:00,2024-02-29 00:00:00+00:00,64810.8
BTCUSD_240628,BTC,2024-06-28 00:00:00+00:00,2024-03-01 00:00:00+00:00,66100.6
BTCUSD_240628,BTC,2024-06-28 00:00:00+00:00,2024-03-02 00:00:00+00:00,65760.1
BTCUSD_240628,BTC,2024-06-28 00:00:00+00:00,2024-03-03 00:00:00+00:00,67416.6
BTCUSD_240628,BTC,2024-06-28 00:00:00+00:00,2024-03-04 00:00:00+00:00,73210.4
BTCUSD_240628,BTC,2024-06-28 00:00:00+00:00,2024-03-05 00:00:00+00:00,68647.1
BTCUSD_240628,BTC,2024-06-28 00:00:00+00:00,2024-03-06 00:00:00+00:00,71169.8
BTCUSD_240628,BTC,2024-06-28 00:00:00+00:00,2024-03-07 00:00:00+00:00,71646.0
BTCUSD_240628,BTC,2024-06-28 00:00:00+00:00,2024-03-08 00:00:00+00:00,72893.8
BTCUSD_240628,BTC,2024-06-28 00:00:00+00:00,2024-03-09 00:00:00+00:00,73252.5
BTCUSD_240628,BTC,2024-06-28 00:00:00+00:00,2024-03-10 00:00:00+00:00,74435.2
BTCUSD_240628,BTC,2024-06-28 00:00:00+00:00,2024-03-11 00:00:00+00:00,77450.3
BTCUSD_240628,BTC,2024-06-28 00:00:00+00:00,2024-03-12 00:00:00+00:00,76678.8
BTCUSD_240628,BTC,2024-06-28 00:00:00+00:00,2024-03-13 00:00:00+00:00,78068.8
BTCUSD_240628,BTC,2024-06-28 00:00:00+00:00,2024-03-14 00:00:00+00:00,76380.0
BTCUSD_240628,BTC,2024-06-28 00:00:00+00:00,2024-03-15 00:00:00+00:00,74453.5
BTCUSD_240628,BTC,2024-06-28 00:00:00+00:00,2024-03-16 00:00:00+00:00,69646.2
BTCUSD_240628,BTC,2024-06-28 00:00:00+00:00,2024-03-17 00:00:00+00:00,73476.2
BTCUSD_240628,BTC,2024-06-28 00:00:00+00:00,2024-03-18 00:00:00+00:00,71893.3
BTCUSD_240628,BTC,2024-06-28 00:00:00+00:00,2024-03-19 00:00:00+00:00,65483.1
BTCUSD_240628,BTC,2024-06-28 00:00:00+00:00,2024-03-20 00:00:00+00:00,72714.3
BTCUSD_240628,BTC,2024-06-28 00:00:00+00:00,2024-03-21 00:00:00+00:00,69724.8
BTCUSD_240628,BTC,2024-06-28 00:00:00+00:00,2024-03-22 00:00:00+00:00,67776.7
BTCUSD_240628,BTC,2024-06-28 00:00:00+00:00,2024-03-23 00:00:00+00:00,67843.6
BTCUSD_240628,BTC,2024-06-28 00:00:00+00:00,2024-03-24 00:00:00+00:00,71455.8
BTCUSD_240628,BTC,2024-06-28 00:00:00+00:00,2024-03-25 00:00:00+00:00,74176.9
BTCUSD_240628,BTC,2024-06-28 00:00:00+00:00,2024-03-26 00:00:00+00:00,74412.1
BTCUSD_240628,BTC,2024-06-28 00:00:00+00:00,2024-03-27 00:00:00+00:00,73897.2
BTCUSD_240628,BTC,2024-06-28 00:00:00+00:00,2024-03-28 00:00:00+00:00,75388.9
BTCUSD_240628,BTC,2024-06-28 00:00:00+00:00,2024-03-29 00:00:00+00:00,74592.7
BTCUSD_240628,BTC,2024-06-28 00:00:00+00:00,2024-03-30 00:00:00+00:00,74509.3
BTCUSD_240628,BTC,2024-06-28 00:00:00+00:00,2024-03-31 00:00:00+00:00,77730.3
BTCUSD_240628,BTC,2024-06-28 00:00:00+00:00,2024-04-01 00:00:00+00:00,74578.9
BTCUSD_240628,BTC,2024-06-28 00:00:00+00:00,2024-04-02 00:00:00+00:00,69280.0
BTCUSD_240628,BTC,2024-06-28 00:00:00+00:00,2024-04-03 00:00:00+00:00,68701.0
BTCUSD_240628,BTC,2024-06-28 00:00:00+00:00,2024-04-04 00:00:00+00:00,71785.0
BTCUSD_240628,BTC,2024-06-28 00:00:00+00:00,2024-04-05 00:00:00+00:00,70941.6
BTCUSD_240628,BTC,2024-06-28 00:00:00+00:00,2024-04-06 00:00:00+00:00,71667.9
BTCUSD_240628,BTC,2024-06-28 00:00:00+00:00,2024-04-07 00:00:00+00:00,72121.3
BTCUSD_240628,BTC,2024-06-28 00:00:00+00:00,2024-04-08 00:00:00+00:00,75057.9
BTCUSD_240628,BTC,2024-06-28 00:00:00+00:00,2024-04-09 00:00:00+00:00,71944.0
BTCUSD_240628,BTC,2024-06-28 00:00:00+00:00,2024-04-10 00:00:00+00:00,73535.3
BTCUSD_240628,BTC,2024-06-28 00:00:00+00:00,2024-04-11 00:00:00+00:00,72784.1
BTCUSD_240628,BTC,2024-06-28 00:00:00+00:00,2024-04-12 00:00:00+00:00,69075.5
BTCUSD_240628,BTC,2024-06-28 00:00:00+00:00,2024-04-13 00:00:00+00:00,65228.8
BTCUSD_240628,BTC,2024-06-28 00:00:00+00:00,2024-04-14 00:00:00+00:00,67290.2
BTCUSD_240628,BTC,2024-06-28 00:00:00+00:00,2024-04-15 00:00:00+00:00,64835.1
BTCUSD_240628,BTC,2024-06-28 00:00:00+00:00,2024-04-16 00:00:00+00:00,65168.1
BTCUSD_240628,BTC,2024-06-28 00:00:00+00:00,2024-04-17 00:00:00+00:00,62365.4
BTCUSD_240628,BTC,2024-06-28 00:00:00+00:00,2024-04-18 00:00:00+00:00,64776.9
BTCUSD_240628,BTC,2024-06-28 00:00:00+00:00,2024-04-19 00:00:00+00:00,64678.8
BTCUSD_240628,BTC,2024-06-28 00:00:00+00:00,2024-04-20 00:00:00+00:00,66099.0
BTCUSD_240628,BTC,2024-06-28 00:00:00+00:00,2024-04-21 00:00:00+00:00,66098.0
BTCUSD_240628,BTC,2024-06-28 00:00:00+00:00,2024-04-22 00:00:00+00:00,68111.8
BTCUSD_240628,BTC,2024-06-28 00:00:00+00:00,2024-04-23 00:00:00+00:00,67650.8
BTCUSD_240628,BTC,2024-06-28 00:00:00+00:00,2024-04-24 00:00:00+00:00,65479.2
BTCUSD_240628,BTC,2024-06-28 00:00:00+00:00,2024-04-25 00:00:00+00:00,65485.9
BTCUSD_240628,BTC,2024-06-28 00:00:00+00:00,2024-04-26 00:00:00+00:00,64624.2
BTCUSD_240628,BTC,2024-06-28 00:00:00+00:00,2024-04-27 00:00:00+00:00,64317.7
BTCUSD_240628,BTC,2024-06-28 00:00:00+00:00,2024-04-28 00:00:00+00:00,63935.0
BTCUSD_240628,BTC,2024-06-28 00:00:00+00:00,2024-04-29 00:00:00+00:00,64711.8
BTCUSD_240628,BTC,2024-06-28 00:00:00+00:00,2024-04-30 00:00:00+00:00,61335.3
BTCUSD_240628,BTC,2024-06-28 00:00:00+00:00,2024-05-01 00:00:00+00:00,58794.0
BTCUSD_240628,BTC,2024-06-28 00:00:00+00:00,2024-05-02 00:00:00+00:00,59612.9
BTCUSD_240628,BTC,2024-06-28 00:00:00+00:00,2024-05-03 00:00:00+00:00,63674.4
BTCUSD_240628,BTC,2024-06-28 00:00:00+00:00,2024-05-04 00:00:00+00:00,64729.2
BTCUSD_240628,BTC,2024-06-28 00:00:00+00:00,2024-05-05 00:00:00+00:00,64826.0
BTCUSD_240628,BTC,2024-06-28 00:00:00+00:00,2024-05-06 00:00:00+00:00,63962.0
BTCUSD_240628,BTC,2024-06-28 00:00:00+00:00,2024-05-07 00:00:00+00:00,63019.4
BTCUSD_240628,BTC,2024-06-28 00:00:00+00:00,2024-05-08 00:00:00+00:00,61793.1
BTCUSD_240628,BTC,2024-06-28 00:00:00+00:00,2024-05-09 00:00:00+00:00,63814.4
BTCUSD_240628,BTC,2024-06-28 00:00:00+00:00,2024-05-10 00:00:00+00:00,61412.0
BTCUSD_240628,BTC,2024-06-28 00:00:00+00:00,2024-05-11 00:00:00+00:00,61447.5
BTCUSD_240628,BTC,2024-06-28 00:00:00+00:00,2024-05-12 00:00:00+00:00,62125.0
BTCUSD_240628,BTC,2024-06-28 00:00:00+00:00,2024-05-13 00:00:00+00:00,63602.2
BTCUSD_240628,BTC,2024-06-28 00:00:00+00:00,2024-05-14 00:00:00+00:00,62204.8
BTCUSD_240628,BTC,2024-06-28 00:00:00+00:00,2024-05-15 00:00:00+00:00,66972.8
BTCUSD_240628,BTC,2024-06-28 00:00:00+00:00,2024-05-16 00:00:00+00:00,65926.3
BTCUSD_240628,BTC,2024-06-28 00:00:00+00:00,2024-05-17 00:00:00+00:00,67808.3
BTCUSD_240628,BTC,2024-06-28 00:00:00+00:00,2024-05-18 00:00:00+00:00,67683.4
BTCUSD_240628,BTC,2024-06-28 00:00:00+00:00,2024-05-19 00:00:00+00:00,66969.6
BTCUSD_240628,BTC,2024-06-28 00:00:00+00:00,2024-05-20 00:00:00+00:00,72258.3
BTCUSD_240628,BTC,2024-06-28 00:00:00+00:00,2024-05-21 00:00:00+00:00,71075.0
BTCUSD_240628,BTC,2024-06-28 00:00:00+00:00,2024-05-22 00:00:00+00:00,70070.6
BTCUSD_240628,BTC,2024-06-28 00:00:00+00:00,2024-05-23 00:00:00+00:00,68811.9
BTCUSD_240628,BTC,2024-06-28 00:00:00+00:00,2024-05-24 00:00:00+00:00,69340.9
BTCUSD_240628,BTC,2024-06-28 00:00:00+00:00,2024-05-25 00:00:00+00:00,70010.4
BTCUSD_240628,BTC,2024-06-28 00:00:00+00:00,2024-05-26 00:00:00+00:00,69184.7
BTCUSD_240628,BTC,2024-06-28 00:00:00+00:00,2024-05-27 00:00:00+00:00,70193.1
BTCUSD_240628,BTC,2024-06-28 00:00:00+00:00,2024-05-28 00:00:00+00:00,69147.3
BTCUSD_240628,BTC,2024-06-28 00:00:00+00:00,2024-05-29 00:00:00+00:00,68233.8
BTCUSD_240628,BTC,2024-06-28 00:00:00+00:00,2024-05-30 00:00:00+00:00,68885.0
BTCUSD_240628,BTC,2024-06-28 00:00:00+00:00,2024-05-31 00:00:00+00:00,68063.4
BTCUSD_240628,BTC,2024-06-28 00:00:00+00:00,2024-06-01 00:00:00+00:00,68348.6
BTCUSD_240628,BTC,2024-06-28 00:00:00+00:00,2024-06-02 00:00:00+00:00,68350.0
BTCUSD_240628,BTC,2024-06-28 00:00:00+00:00,2024-06-03 00:00:00+00:00,69371.1
BTCUSD_240628,BTC,2024-06-28 00:00:00+00:00,2024-06-04 00:00:00+00:00,71084.3
BTCUSD_240628,BTC,2024-06-28 00:00:00+00:00,2024-06-05 00:00:00+00:00,71551.1
BTCUSD_240628,BTC,2024-06-28 00:00:00+00:00,2024-06-06 00:00:00+00:00,71255.6
BTCUSD_240628,BTC,2024-06-28 00:00:00+00:00,2024-06-07 00:00:00+00:00,69720.1
BTCUSD_240628,BTC,2024-06-28 00:00:00+00:00,2024-06-08 00:00:00+00:00,69708.4
BTCUSD_240628,BTC,2024-06-28 00:00:00+00:00,2024-06-09 00:00:00+00:00,70047.9
BTCUSD_240628,BTC,2024-06-28 00:00:00+00:00,2024-06-10 00:00:00+00:00,69895.9
BTCUSD_240628,BTC,2024-06-28 00:00:00+00:00,2024-06-11 00:00:00+00:00,67621.7
BTCUSD_240628,BTC,2024-06-28 00:00:00+00:00,2024-06-12 00:00:00+00:00,68558.5
BTCUSD_240628,BTC,2024-06-28 00:00:00+00:00,2024-06-13 00:00:00+00:00,67047.8
BTCUSD_240628,BTC,2024-06-28 00:00:00+00:00,2024-06-14 00:00:00+00:00,66232.5
BTCUSD_240628,BTC,2024-06-28 00:00:00+00:00,2024-06-15 00:00:00+00:00,66369.1
BTCUSD_240628,BTC,2024-06-28 00:00:00+00:00,2024-06-16 00:00:00+00:00,66863.2
BTCUSD_240628,BTC,2024-06-28 00:00:00+00:00,2024-06-17 00:00:00+00:00,66682.6
BTCUSD_240628,BTC,2024-06-28 00:00:00+00:00,2024-06-18 00:00:00+00:00,65320.0
BTCUSD_240628,BTC,2024-06-28 00:00:00+00:00,2024-06-19 00:00:00+00:00,65085.0
BTCUSD_240628,BTC,2024-06-28 00:00:00+00:00,2024-06-20 00:00:00+00:00,64951.9
BTCUSD_240628,BTC,2024-06-28 00:00:00+00:00,2024-06-21 00:00:00+00:00,64228.1
BTCUSD_240628,BTC,2024-06-28 00:00:00+00:00,2024-06-22 00:00:00+00:00,64346.6
BTCUSD_240628,BTC,2024-06-28 00:00:00+00:00,2024-06-23 00:00:00+00:00,63260.1
BTCUSD_240628,BTC,2024-06-28 00:00:00+00:00,2024-06-24 00:00:00+00:00,60372.0
BTCUSD_240628,BTC,2024-06-28 00:00:00+00:00,2024-06-25 00:00:00+00:00,61876.9
BTCUSD_240628,BTC,2024-06-28 00:00:00+00:00,2024-06-26 00:00:00+00:00,60923.9
BTCUSD_240628,BTC,2024-06-28 00:00:00+00:00,2024-06-27 00:00:00+00:00,61702.2
BTCUSD_240927,BTC,2024-09-27 00:00:00+00:00,2024-03-29 00:00:00+00:00,78632.2
BTCUSD_240927,BTC,2024-09-27 00:00:00+00:00,2024-03-30 00:00:00+00:00,78941.3
BTCUSD_240927,BTC,2024-09-27 00:00:00+00:00,2024-03-31 00:00:00+00:00,82873.9
BTCUSD_240927,BTC,2024-09-27 00:00:00+00:00,2024-04-01 00:00:00+00:00,79181.4
BTCUSD_240927,BTC,2024-09-27 00:00:00+00:00,2024-04-02 00:00:00+00:00,72696.4
BTCUSD_240927,BTC,2024-09-27 00:00:00+00:00,2024-04-03 00:00:00+00:00,72700.0
BTCUSD_240927,BTC,2024-09-27 00:00:00+00:00,2024-04-04 00:00:00+00:00,75596.9
BTCUSD_240927,BTC,2024-09-27 00:00:00+00:00,2024-04-05 00:00:00+00:00,74839.2
BTCUSD_240927,BTC,2024-09-27 00:00:00+00:00,2024-04-06 00:00:00+00:00,75653.4
BTCUSD_240927,BTC,2024-09-27 00:00:00+00:00,2024-04-07 00:00:00+00:00,76314.2
BTCUSD_240927,BTC,2024-09-27 00:00:00+00:00,2024-04-08 00:00:00+00:00,79014.2
BTCUSD_240927,BTC,2024-09-27 00:00:00+00:00,2024-04-09 00:00:00+00:00,76259.9
BTCUSD_240927,BTC,2024-09-27 00:00:00+00:00,2024-04-10 00:00:00+00:00,77960.1
BTCUSD_240927,BTC,2024-09-27 00:00:00+00:00,2024-04-11 00:00:00+00:00,76815.5
BTCUSD_240927,BTC,2024-09-27 00:00:00+00:00,2024-04-12 00:00:00+00:00,72906.2
BTCUSD_240927,BTC,2024-09-27 00:00:00+00:00,2024-04-13 00:00:00+00:00,68375.7
BTCUSD_240927,BTC,2024-09-27 00:00:00+00:00,2024-04-14 00:00:00+00:00,70350.3
BTCUSD_240927,BTC,2024-09-27 00:00:00+00:00,2024-04-15 00:00:00+00:00,67670.4
BTCUSD_240927,BTC,2024-09-27 00:00:00+00:00,2024-04-16 00:00:00+00:00,68020.8
BTCUSD_240927,BTC,2024-09-27 00:00:00+00:00,2024-04-17 00:00:00+00:00,64455.1
BTCUSD_240927,BTC,2024-09-27 00:00:00+00:00,2024-04-18 00:00:00+00:00,66882.0
BTCUSD_240927,BTC,2024-09-27 00:00:00+00:00,2024-04-19 00:00:00+00:00,66261.2
BTCUSD_240927,BTC,2024-09-27 00:00:00+00:00,2024-04-20 00:00:00+00:00,68012.8
BTCUSD_240927,BTC,2024-09-27 00:00:00+00:00,2024-04-21 00:00:00+00:00,68097.1
BTCUSD_240927,BTC,2024-09-27 00:00:00+00:00,2024-04-22 00:00:00+00:00,70757.6
BTCUSD_240927,BTC,2024-09-27 00:00:00+00:00,2024-04-23 00:00:00+00:00,70121.7
BTCUSD_240927,BTC,2024-09-27 00:00:00+00:00,2024-04-24 00:00:00+00:00,68103.8
BTCUSD_240927,BTC,2024-09-27 00:00:00+00:00,2024-04-25 00:00:00+00:00,68009.9
BTCUSD_240927,BTC,2024-09-27 00:00:00+00:00,2024-04-26 00:00:00+00:00,66894.4
BTCUSD_240927,BTC,2024-09-27 00:00:00+00:00,2024-04-27 00:00:00+00:00,66540.6
BTCUSD_240927,BTC,2024-09-27 00:00:00+00:00,2024-04-28 00:00:00+00:00,66086.4
BTCUSD_240927,BTC,2024-09-27 00:00:00+00:00,2024-04-29 00:00:00+00:00,66408.6
BTCUSD_240927,BTC,2024-09-27 00:00:00+00:00,2024-04-30 00:00:00+00:00,62651.3
BTCUSD_240927,BTC,2024-09-27 00:00:00+00:00,2024-05-01 00:00:00+00:00,59618.3
BTCUSD_240927,BTC,2024-09-27 00:00:00+00:00,2024-05-02 00:00:00+00:00,60770.8
BTCUSD_240927,BTC,2024-09-27 00:00:00+00:00,2024-05-03 00:00:00+00:00,65508.7
BTCUSD_240927,BTC,2024-09-27 00:00:00+00:00,2024-05-04 00:00:00+00:00,66530.4
BTCUSD_240927,BTC,2024-09-27 00:00:00+00:00,2024-05-05 00:00:00+00:00,66583.2
BTCUSD_240927,BTC,2024-09-27 00:00:00+00:00,2024-05-06 00:00:00+00:00,65810.7
BTCUSD_240927,BTC,2024-09-27 00:00:00+00:00,2024-05-07 00:00:00+00:00,64950.0
BTCUSD_240927,BTC,2024-09-27 00:00:00+00:00,2024-05-08 00:00:00+00:00,63143.8
BTCUSD_240927,BTC,2024-09-27 00:00:00+00:00,2024-05-09 00:00:00+00:00,65300.5
BTCUSD_240927,BTC,2024-09-27 00:00:00+00:00,2024-05-10 00:00:00+00:00,62814.2
BTCUSD_240927,BTC,2024-09-27 00:00:00+00:00,2024-05-11 00:00:00+00:00,62797.1
BTCUSD_240927,BTC,2024-09-27 00:00:00+00:00,2024-05-12 00:00:00+00:00,63454.4
BTCUSD_240927,BTC,2024-09-27 00:00:00+00:00,2024-05-13 00:00:00+00:00,64875.3
BTCUSD_240927,BTC,2024-09-27 00:00:00+00:00,2024-05-14 00:00:00+00:00,63476.3
BTCUSD_240927,BTC,2024-09-27 00:00:00+00:00,2024-05-15 00:00:00+00:00,68500.7
BTCUSD_240927,BTC,2024-09-27 00:00:00+00:00,2024-05-16 00:00:00+00:00,67520.4
BTCUSD_240927,BTC,2024-09-27 00:00:00+00:00,2024-05-17 00:00:00+00:00,69489.2
BTCUSD_240927,BTC,2024-09-27 00:00:00+00:00,2024-05-18 00:00:00+00:00,69570.1
BTCUSD_240927,BTC,2024-09-27 00:00:00+00:00,2024-05-19 00:00:00+00:00,68897.4
BTCUSD_240927,BTC,2024-09-27 00:00:00+00:00,2024-05-20 00:00:00+00:00,74937.4
BTCUSD_240927,BTC,2024-09-27 00:00:00+00:00,2024-05-21 00:00:00+00:00,73608.2
BTCUSD_240927,BTC,2024-09-27 00:00:00+00:00,2024-05-22 00:00:00+00:00,72570.1
BTCUSD_240927,BTC,2024-09-27 00:00:00+00:00,2024-05-23 00:00:00+00:00,71321.4
BTCUSD_240927,BTC,2024-09-27 00:00:00+00:00,2024-05-24 00:00:00+00:00,71817.6
BTCUSD_240927,BTC,2024-09-27 00:00:00+00:00,2024-05-25 00:00:00+00:00,72274.4
BTCUSD_240927,BTC,2024-09-27 00:00:00+00:00,2024-05-26 00:00:00+00:00,71414.5
BTCUSD_240927,BTC,2024-09-27 00:00:00+00:00,2024-05-27 00:00:00+00:00,72563.1
BTCUSD_240927,BTC,2024-09-27 00:00:00+00:00,2024-05-28 00:00:00+00:00,71503.7
BTCUSD_240927,BTC,2024-09-27 00:00:00+00:00,2024-05-29 00:00:00+00:00,70703.3
BTCUSD_240927,BTC,2024-09-27 00:00:00+00:00,2024-05-30 00:00:00+00:00,71387.7
BTCUSD_240927,BTC,2024-09-27 00:00:00+00:00,2024-05-31 00:00:00+00:00,70524.8
BTCUSD_240927,BTC,2024-09-27 00:00:00+00:00,2024-06-01 00:00:00+00:00,70796.7
BTCUSD_240927,BTC,2024-09-27 00:00:00+00:00,2024-06-02 00:00:00+00:00,70800.6
BTCUSD_240927,BTC,2024-09-27 00:00:00+00:00,2024-06-03 00:00:00+00:00,71920.9
BTCUSD_240927,BTC,2024-09-27 00:00:00+00:00,2024-06-04 00:00:00+00:00,73467.8
BTCUSD_240927,BTC,2024-09-27 00:00:00+00:00,2024-06-05 00:00:00+00:00,74144.2
BTCUSD_240927,BTC,2024-09-27 00:00:00+00:00,2024-06-06 00:00:00+00:00,73812.0
BTCUSD_240927,BTC,2024-09-27 00:00:00+00:00,2024-06-07 00:00:00+00:00,72347.9
BTCUSD_240927,BTC,2024-09-27 00:00:00+00:00,2024-06-08 00:00:00+00:00,72219.8
BTCUSD_240927,BTC,2024-09-27 00:00:00+00:00,2024-06-09 00:00:00+00:00,72606.8
BTCUSD_240927,BTC,2024-09-27 00:00:00+00:00,2024-06-10 00:00:00+00:00,72359.7
BTCUSD_240927,BTC,2024-09-27 00:00:00+00:00,2024-06-11 00:00:00+00:00,69611.9
BTCUSD_240927,BTC,2024-09-27 00:00:00+00:00,2024-06-12 00:00:00+00:00,70558.2
BTCUSD_240927,BTC,2024-09-27 00:00:00+00:00,2024-06-13 00:00:00+00:00,69105.2
BTCUSD_240927,BTC,2024-09-27 00:00:00+00:00,2024-06-14 00:00:00+00:00,68180.2
BTCUSD_240927,BTC,2024-09-27 00:00:00+00:00,2024-06-15 00:00:00+00:00,68370.9
BTCUSD_240927,BTC,2024-09-27 00:00:00+00:00,2024-06-16 00:00:00+00:00,68948.6
BTCUSD_240927,BTC,2024-09-27 00:00:00+00:00,2024-06-17 00:00:00+00:00,68857.4
BTCUSD_240927,BTC,2024-09-27 00:00:00+00:00,2024-06-18 00:00:00+00:00,67165.9
BTCUSD_240927,BTC,2024-09-27 00:00:00+00:00,2024-06-19 00:00:00+00:00,66980.2
BTCUSD_240927,BTC,2024-09-27 00:00:00+00:00,2024-06-20 00:00:00+00:00,66779.3
BTCUSD_240927,BTC,2024-09-27 00:00:00+00:00,2024-06-21 00:00:00+00:00,66055.3
BTCUSD_240927,BTC,2024-09-27 00:00:00+00:00,2024-06-22 00:00:00+00:00,66152.7
BTCUSD_240927,BTC,2024-09-27 00:00:00+00:00,2024-06-23 00:00:00+00:00,64996.2
BTCUSD_240927,BTC,2024-09-27 00:00:00+00:00,2024-06-24 00:00:00+00:00,61940.5
BTCUSD_240927,BTC,2024-09-27 00:00:00+00:00,2024-06-25 00:00:00+00:00,63595.6
BTCUSD_240927,BTC,2024-09-27 00:00:00+00:00,2024-06-26 00:00:00+00:00,62428.6
BTCUSD_240927,BTC,2024-09-27 00:00:00+00:00,2024-06-27 00:00:00+00:00,63229.3
BTCUSD_240927,BTC,2024-09-27 00:00:00+00:00,2024-06-28 00:00:00+00:00,62064.3
BTCUSD_240927,BTC,2024-09-27 00:00:00+00:00,2024-06-29 00:00:00+00:00,62645.6
BTCUSD_240927,BTC,2024-09-27 00:00:00+00:00,2024-06-30 00:00:00+00:00,64758.8
BTCUSD_240927,BTC,2024-09-27 00:00:00+00:00,2024-07-01 00:00:00+00:00,64650.8
BTCUSD_240927,BTC,2024-09-27 00:00:00+00:00,2024-07-02 00:00:00+00:00,63545.0
BTCUSD_240927,BTC,2024-09-27 00:00:00+00:00,2024-07-03 00:00:00+00:00,61376.1
BTCUSD_240927,BTC,2024-09-27 00:00:00+00:00,2024-07-04 00:00:00+00:00,58172.6
BTCUSD_240927,BTC,2024-09-27 00:00:00+00:00,2024-07-05 00:00:00+00:00,57850.3
BTCUSD_240927,BTC,2024-09-27 00:00:00+00:00,2024-07-06 00:00:00+00:00,59509.6
BTCUSD_240927,BTC,2024-09-27 00:00:00+00:00,2024-07-07 00:00:00+00:00,56897.1
BTCUSD_240927,BTC,2024-09-27 00:00:00+00:00,2024-07-08 00:00:00+00:00,57848.3
BTCUSD_240927,BTC,2024-09-27 00:00:00+00:00,2024-07-09 00:00:00+00:00,59138.7
BTCUSD_240927,BTC,2024-09-27 00:00:00+00:00,2024-07-10 00:00:00+00:00,58808.3
BTCUSD_240927,BTC,2024-09-27 00:00:00+00:00,2024-07-11 00:00:00+00:00,58388.6
BTCUSD_240927,BTC,2024-09-27 00:00:00+00:00,2024-07-12 00:00:00+00:00,58982.8
BTCUSD_240927,BTC,2024-09-27 00:00:00+00:00,2024-07-13 00:00:00+00:00,60354.6
BTCUSD_240927,BTC,2024-09-27 00:00:00+00:00,2024-07-14 00:00:00+00:00,62167.9
BTCUSD_240927,BTC,2024-09-27 00:00:00+00:00,2024-07-15 00:00:00+00:00,66201.7
BTCUSD_240927,BTC,2024-09-27 00:00:00+00:00,2024-07-16 00:00:00+00:00,66493.8
BTCUSD_240927,BTC,2024-09-27 00:00:00+00:00,2024-07-17 00:00:00+00:00,65367.3
BTCUSD_240927,BTC,2024-09-27 00:00:00+00:00,2024-07-18 00:00:00+00:00,65255.6
BTCUSD_240927,BTC,2024-09-27 00:00:00+00:00,2024-07-19 00:00:00+00:00,68055.9
BTCUSD_240927,BTC,2024-09-27 00:00:00+00:00,2024-07-20 00:00:00+00:00,68665.0
BTCUSD_240927,BTC,2024-09-27 00:00:00+00:00,2024-07-21 00:00:00+00:00,69725.6
BTCUSD_240927,BTC,2024-09-27 00:00:00+00:00,2024-07-22 00:00:00+00:00,68960.6
BTCUSD_240927,BTC,2024-09-27 00:00:00+00:00,2024-07-23 00:00:00+00:00,67155.8
BTCUSD_240927,BTC,2024-09-27 00:00:00+00:00,2024-07-24 00:00:00+00:00,66550.0
BTCUSD_240927,BTC,2024-09-27 00:00:00+00:00,2024-07-25 00:00:00+00:00,66869.7
BTCUSD_240927,BTC,2024-09-27 00:00:00+00:00,2024-07-26 00:00:00+00:00,69071.7
BTCUSD_240927,BTC,2024-09-27 00:00:00+00:00,2024-07-27 00:00:00+00:00,69077.1
BTCUSD_240927,BTC,2024-09-27 00:00:00+00:00,2024-07-28 00:00:00+00:00,69458.3
BTCUSD_240927,BTC,2024-09-27 00:00:00+00:00,2024-07-29 00:00:00+00:00,67870.0
BTCUSD_240927,BTC,2024-09-27 00:00:00+00:00,2024-07-30 00:00:00+00:00,67298.3
BTCUSD_240927,BTC,2024-09-27 00:00:00+00:00,2024-07-31 00:00:00+00:00,65607.7
BTCUSD_240927,BTC,2024-09-27 00:00:00+00:00,2024-08-01 00:00:00+00:00,66161.0
BTCUSD_240927,BTC,2024-09-27 00:00:00+00:00,2024-08-02 00:00:00+00:00,62074.8
BTCUSD_240927,BTC,2024-09-27 00:00:00+00:00,2024-08-03 00:00:00+00:00,61299.8
BTCUSD_240927,BTC,2024-09-27 00:00:00+00:00,2024-08-04 00:00:00+00:00,58728.5
BTCUSD_240927,BTC,2024-09-27 00:00:00+00:00,2024-08-05 00:00:00+00:00,54477.4
BTCUSD_240927,BTC,2024-09-27 00:00:00+00:00,2024-08-06 00:00:00+00:00,56586.9
BTCUSD_240927,BTC,2024-09-27 00:00:00+00:00,2024-08-07 00:00:00+00:00,55612.6
BTCUSD_240927,BTC,2024-09-27 00:00:00+00:00,2024-08-08 00:00:00+00:00,62300.1
BTCUSD_240927,BTC,2024-09-27 00:00:00+00:00,2024-08-09 00:00:00+00:00,61437.4
BTCUSD_240927,BTC,2024-09-27 00:00:00+00:00,2024-08-10 00:00:00+00:00,61541.2
BTCUSD_240927,BTC,2024-09-27 00:00:00+00:00,2024-08-11 00:00:00+00:00,59209.8
BTCUSD_240927,BTC,2024-09-27 00:00:00+00:00,2024-08-12 00:00:00+00:00,59785.5
BTCUSD_240927,BTC,2024-09-27 00:00:00+00:00,2024-08-13 00:00:00+00:00,61120.6
BTCUSD_240927,BTC,2024-09-27 00:00:00+00:00,2024-08-14 00:00:00+00:00,59112.7
BTCUSD_240927,BTC,2024-09-27 00:00:00+00:00,2024-08-15 00:00:00+00:00,57933.4
BTCUSD_240927,BTC,2024-09-27 00:00:00+00:00,2024-08-16 00:00:00+00:00,59264.4
BTCUSD_240927,BTC,2024-09-27 00:00:00+00:00,2024-08-17 00:00:00+00:00,59869.4
BTCUSD_240927,BTC,2024-09-27 00:00:00+00:00,2024-08-18 00:00:00+00:00,58803.8
BTCUSD_240927,BTC,2024-09-27 00:00:00+00:00,2024-08-19 00:00:00+00:00,59799.2
BTCUSD_240927,BTC,2024-09-27 00:00:00+00:00,2024-08-20 00:00:00+00:00,59289.2
BTCUSD_240927,BTC,2024-09-27 00:00:00+00:00,2024-08-21 00:00:00+00:00,61516.0
BTCUSD_240927,BTC,2024-09-27 00:00:00+00:00,2024-08-22 00:00:00+00:00,60700.1
BTCUSD_240927,BTC,2024-09-27 00:00:00+00:00,2024-08-23 00:00:00+00:00,64360.8
BTCUSD_240927,BTC,2024-09-27 00:00:00+00:00,2024-08-24 00:00:00+00:00,64399.7
BTCUSD_240927,BTC,2024-09-27 00:00:00+00:00,2024-08-25 00:00:00+00:00,64454.7
BTCUSD_240927,BTC,2024-09-27 00:00:00+00:00,2024-08-26 00:00:00+00:00,63080.0
BTCUSD_240927,BTC,2024-09-27 00:00:00+00:00,2024-08-27 00:00:00+00:00,59631.8
BTCUSD_240927,BTC,2024-09-27 00:00:00+00:00,2024-08-28 00:00:00+00:00,59200.8
BTCUSD_240927,BTC,2024-09-27 00:00:00+00:00,2024-08-29 00:00:00+00:00,59553.5
BTCUSD_240927,BTC,2024-09-27 00:00:00+00:00,2024-08-30 00:00:00+00:00,59292.5
BTCUSD_240927,BTC,2024-09-27 00:00:00+00:00,2024-08-31 00:00:00+00:00,59120.9
BTCUSD_240927,BTC,2024-09-27 00:00:00+00:00,2024-09-01 00:00:00+00:00,57483.6
BTCUSD_240927,BTC,2024-09-27 00:00:00+00:00,2024-09-02 00:00:00+00:00,59304.3
BTCUSD_240927,BTC,2024-09-27 00:00:00+00:00,2024-09-03 00:00:00+00:00,57646.0
BTCUSD_240927,BTC,2024-09-27 00:00:00+00:00,2024-09-04 00:00:00+00:00,58112.7
BTCUSD_240927,BTC,2024-09-27 00:00:00+00:00,2024-09-05 00:00:00+00:00,56310.6
BTCUSD_240927,BTC,2024-09-27 00:00:00+00:00,2024-09-06 00:00:00+00:00,54100.0
BTCUSD_240927,BTC,2024-09-27 00:00:00+00:00,2024-09-07 00:00:00+00:00,54310.4
BTCUSD_240927,BTC,2024-09-27 00:00:00+00:00,2024-09-08 00:00:00+00:00,55003.7
BTCUSD_240927,BTC,2024-09-27 00:00:00+00:00,2024-09-09 00:00:00+00:00,57262.5
BTCUSD_240927,BTC,2024-09-27 00:00:00+00:00,2024-09-10 00:00:00+00:00,57815.7
BTCUSD_240927,BTC,2024-09-27 00:00:00+00:00,2024-09-11 00:00:00+00:00,57471.0
BTCUSD_240927,BTC,2024-09-27 00:00:00+00:00,2024-09-12 00:00:00+00:00,58243.7
BTCUSD_240927,BTC,2024-09-27 00:00:00+00:00,2024-09-13 00:00:00+00:00,60662.6
BTCUSD_240927,BTC,2024-09-27 00:00:00+00:00,2024-09-14 00:00:00+00:00,60116.1
BTCUSD_240927,BTC,2024-09-27 00:00:00+00:00,2024-09-15 00:00:00+00:00,59235.8
BTCUSD_240927,BTC,2024-09-27 00:00:00+00:00,2024-09-16 00:00:00+00:00,58292.8
BTCUSD_240927,BTC,2024-09-27 00:00:00+00:00,2024-09-17 00:00:00+00:00,60407.0
BTCUSD_240927,BTC,2024-09-27 00:00:00+00:00,2024-09-18 00:00:00+00:00,61845.5
BTCUSD_240927,BTC,2024-09-27 00:00:00+00:00,2024-09-19 00:00:00+00:00,63059.6
BTCUSD_240927,BTC,2024-09-27 00:00:00+00:00,2024-09-20 00:00:00+00:00,63302.7
BTCUSD_240927,BTC,2024-09-27 00:00:00+00:00,2024-09-21 00:00:00+00:00,63426.1
BTCUSD_240927,BTC,2024-09-27 00:00:00+00:00,2024-09-22 00:00:00+00:00,63622.6
BTCUSD_240927,BTC,2024-09-27 00:00:00+00:00,2024-09-23 00:00:00+00:00,63350.5
BTCUSD_240927,BTC,2024-09-27 00:00:00+00:00,2024-09-24 00:00:00+00:00,64294.4
BTCUSD_240927,BTC,2024-09-27 00:00:00+00:00,2024-09-25 00:00:00+00:00,63139.4
BTCUSD_240927,BTC,2024-09-27 00:00:00+00:00,2024-09-26 00:00:00+00:00,65169.7
BTCUSD_241227,BTC,2024-12-27 00:00:00+00:00,2024-06-28 00:00:00+00:00,64202.1
BTCUSD_241227,BTC,2024-12-27 00:00:00+00:00,2024-06-29 00:00:00+00:00,64674.6
BTCUSD_241227,BTC,2024-12-27 00:00:00+00:00,2024-06-30 00:00:00+00:00,67054.5
BTCUSD_241227,BTC,2024-12-27 00:00:00+00:00,2024-07-01 00:00:00+00:00,66700.4
BTCUSD_241227,BTC,2024-12-27 00:00:00+00:00,2024-07-02 00:00:00+00:00,65658.1
BTCUSD_241227,BTC,2024-12-27 00:00:00+00:00,2024-07-03 00:00:00+00:00,63189.7
BTCUSD_241227,BTC,2024-12-27 00:00:00+00:00,2024-07-04 00:00:00+00:00,59785.0
BTCUSD_241227,BTC,2024-12-27 00:00:00+00:00,2024-07-05 00:00:00+00:00,59495.3
BTCUSD_241227,BTC,2024-12-27 00:00:00+00:00,2024-07-06 00:00:00+00:00,61136.3
BTCUSD_241227,BTC,2024-12-27 00:00:00+00:00,2024-07-07 00:00:00+00:00,58525.9
BTCUSD_241227,BTC,2024-12-27 00:00:00+00:00,2024-07-08 00:00:00+00:00,59452.8
BTCUSD_241227,BTC,2024-12-27 00:00:00+00:00,2024-07-09 00:00:00+00:00,60829.3
BTCUSD_241227,BTC,2024-12-27 00:00:00+00:00,2024-07-10 00:00:00+00:00,60528.9
BTCUSD_241227,BTC,2024-12-27 00:00:00+00:00,2024-07-11 00:00:00+00:00,60040.6
BTCUSD_241227,BTC,2024-12-27 00:00:00+00:00,2024-07-12 00:00:00+00:00,60676.7
BTCUSD_241227,BTC,2024-12-27 00:00:00+00:00,2024-07-13 00:00:00+00:00,62121.7
BTCUSD_241227,BTC,2024-12-27 00:00:00+00:00,2024-07-14 00:00:00+00:00,64079.7
BTCUSD_241227,BTC,2024-12-27 00:00:00+00:00,2024-07-15 00:00:00+00:00,68267.8
BTCUSD_241227,BTC,2024-12-27 00:00:00+00:00,2024-07-16 00:00:00+00:00,68524.4
BTCUSD_241227,BTC,2024-12-27 00:00:00+00:00,2024-07-17 00:00:00+00:00,67530.3
BTCUSD_241227,BTC,2024-12-27 00:00:00+00:00,2024-07-18 00:00:00+00:00,67403.0
BTCUSD_241227,BTC,2024-12-27 00:00:00+00:00,2024-07-19 00:00:00+00:00,70344.3
BTCUSD_241227,BTC,2024-12-27 00:00:00+00:00,2024-07-20 00:00:00+00:00,70874.9
BTCUSD_241227,BTC,2024-12-27 00:00:00+00:00,2024-07-21 00:00:00+00:00,72050.0
BTCUSD_241227,BTC,2024-12-27 00:00:00+00:00,2024-07-22 00:00:00+00:00,71244.3
BTCUSD_241227,BTC,2024-12-27 00:00:00+00:00,2024-07-23 00:00:00+00:00,69309.0
BTCUSD_241227,BTC,2024-12-27 00:00:00+00:00,2024-07-24 00:00:00+00:00,68648.7
BTCUSD_241227,BTC,2024-12-27 00:00:00+00:00,2024-07-25 00:00:00+00:00,69071.9
BTCUSD_241227,BTC,2024-12-27 00:00:00+00:00,2024-07-26 00:00:00+00:00,71224.5
BTCUSD_241227,BTC,2024-12-27 00:00:00+00:00,2024-07-27 00:00:00+00:00,71110.5
BTCUSD_241227,BTC,2024-12-27 00:00:00+00:00,2024-07-28 00:00:00+00:00,71504.0
BTCUSD_241227,BTC,2024-12-27 00:00:00+00:00,2024-07-29 00:00:00+00:00,70015.9
BTCUSD_241227,BTC,2024-12-27 00:00:00+00:00,2024-07-30 00:00:00+00:00,69402.1
BTCUSD_241227,BTC,2024-12-27 00:00:00+00:00,2024-07-31 00:00:00+00:00,67384.0
BTCUSD_241227,BTC,2024-12-27 00:00:00+00:00,2024-08-01 00:00:00+00:00,67806.3
BTCUSD_241227,BTC,2024-12-27 00:00:00+00:00,2024-08-02 00:00:00+00:00,63414.5
BTCUSD_241227,BTC,2024-12-27 00:00:00+00:00,2024-08-03 00:00:00+00:00,62727.4
BTCUSD_241227,BTC,2024-12-27 00:00:00+00:00,2024-08-04 00:00:00+00:00,60023.9
BTCUSD_241227,BTC,2024-12-27 00:00:00+00:00,2024-08-05 00:00:00+00:00,55959.2
BTCUSD_241227,BTC,2024-12-27 00:00:00+00:00,2024-08-06 00:00:00+00:00,58017.5
BTCUSD_241227,BTC,2024-12-27 00:00:00+00:00,2024-08-07 00:00:00+00:00,57178.7
BTCUSD_241227,BTC,2024-12-27 00:00:00+00:00,2024-08-08 00:00:00+00:00,64058.1
BTCUSD_241227,BTC,2024-12-27 00:00:00+00:00,2024-08-09 00:00:00+00:00,63188.4
BTCUSD_241227,BTC,2024-12-27 00:00:00+00:00,2024-08-10 00:00:00+00:00,63313.4
BTCUSD_241227,BTC,2024-12-27 00:00:00+00:00,2024-08-11 00:00:00+00:00,60881.4
BTCUSD_241227,BTC,2024-12-27 00:00:00+00:00,2024-08-12 00:00:00+00:00,61504.0
BTCUSD_241227,BTC,2024-12-27 00:00:00+00:00,2024-08-13 00:00:00+00:00,62745.5
BTCUSD_241227,BTC,2024-12-27 00:00:00+00:00,2024-08-14 00:00:00+00:00,60833.2
BTCUSD_241227,BTC,2024-12-27 00:00:00+00:00,2024-08-15 00:00:00+00:00,59477.7
BTCUSD_241227,BTC,2024-12-27 00:00:00+00:00,2024-08-16 00:00:00+00:00,60775.6
BTCUSD_241227,BTC,2024-12-27 00:00:00+00:00,2024-08-17 00:00:00+00:00,61486.5
BTCUSD_241227,BTC,2024-12-27 00:00:00+00:00,2024-08-18 00:00:00+00:00,60232.2
BTCUSD_241227,BTC,2024-12-27 00:00:00+00:00,2024-08-19 00:00:00+00:00,61256.3
BTCUSD_241227,BTC,2024-12-27 00:00:00+00:00,2024-08-20 00:00:00+00:00,60773.7
BTCUSD_241227,BTC,2024-12-27 00:00:00+00:00,2024-08-21 00:00:00+00:00,62954.3
BTCUSD_241227,BTC,2024-12-27 00:00:00+00:00,2024-08-22 00:00:00+00:00,62134.9
BTCUSD_241227,BTC,2024-12-27 00:00:00+00:00,2024-08-23 00:00:00+00:00,65932.4
BTCUSD_241227,BTC,2024-12-27 00:00:00+00:00,2024-08-24 00:00:00+00:00,66078.2
BTCUSD_241227,BTC,2024-12-27 00:00:00+00:00,2024-08-25 00:00:00+00:00,66136.7
BTCUSD_241227,BTC,2024-12-27 00:00:00+00:00,2024-08-26 00:00:00+00:00,64687.6
BTCUSD_241227,BTC,2024-12-27 00:00:00+00:00,2024-08-27 00:00:00+00:00,60853.5
BTCUSD_241227,BTC,2024-12-27 00:00:00+00:00,2024-08-28 00:00:00+00:00,60514.0
BTCUSD_241227,BTC,2024-12-27 00:00:00+00:00,2024-08-29 00:00:00+00:00,60796.3
BTCUSD_241227,BTC,2024-12-27 00:00:00+00:00,2024-08-30 00:00:00+00:00,60556.8
BTCUSD_241227,BTC,2024-12-27 00:00:00+00:00,2024-08-31 00:00:00+00:00,60366.4
BTCUSD_241227,BTC,2024-12-27 00:00:00+00:00,2024-09-01 00:00:00+00:00,58583.6
BTCUSD_241227,BTC,2024-12-27 00:00:00+00:00,2024-09-02 00:00:00+00:00,60503.7
BTCUSD_241227,BTC,2024-12-27 00:00:00+00:00,2024-09-03 00:00:00+00:00,58783.1
BTCUSD_241227,BTC,2024-12-27 00:00:00+00:00,2024-09-04 00:00:00+00:00,59293.0
BTCUSD_241227,BTC,2024-12-27 00:00:00+00:00,2024-09-05 00:00:00+00:00,57396.0
BTCUSD_241227,BTC,2024-12-27 00:00:00+00:00,2024-09-06 00:00:00+00:00,55151.2
BTCUSD_241227,BTC,2024-12-27 00:00:00+00:00,2024-09-07 00:00:00+00:00,55327.8
BTCUSD_241227,BTC,2024-12-27 00:00:00+00:00,2024-09-08 00:00:00+00:00,56075.2
BTCUSD_241227,BTC,2024-12-27 00:00:00+00:00,2024-09-09 00:00:00+00:00,58289.0
BTCUSD_241227,BTC,2024-12-27 00:00:00+00:00,2024-09-10 00:00:00+00:00,58869.9
BTCUSD_241227,BTC,2024-12-27 00:00:00+00:00,2024-09-11 00:00:00+00:00,58493.2
BTCUSD_241227,BTC,2024-12-27 00:00:00+00:00,2024-09-12 00:00:00+00:00,59330.0
BTCUSD_241227,BTC,2024-12-27 00:00:00+00:00,2024-09-13 00:00:00+00:00,61850.0
BTCUSD_241227,BTC,2024-12-27 00:00:00+00:00,2024-09-14 00:00:00+00:00,61277.8
BTCUSD_241227,BTC,2024-12-27 00:00:00+00:00,2024-09-15 00:00:00+00:00,60280.4
BTCUSD_241227,BTC,2024-12-27 00:00:00+00:00,2024-09-16 00:00:00+00:00,59298.8
BTCUSD_241227,BTC,2024-12-27 00:00:00+00:00,2024-09-17 00:00:00+00:00,61433.3
BTCUSD_241227,BTC,2024-12-27 00:00:00+00:00,2024-09-18 00:00:00+00:00,63056.9
BTCUSD_241227,BTC,2024-12-27 00:00:00+00:00,2024-09-19 00:00:00+00:00,64279.9
BTCUSD_241227,BTC,2024-12-27 00:00:00+00:00,2024-09-20 00:00:00+00:00,64464.8
BTCUSD_241227,BTC,2024-12-27 00:00:00+00:00,2024-09-21 00:00:00+00:00,64600.0
BTCUSD_241227,BTC,2024-12-27 00:00:00+00:00,2024-09-22 00:00:00+00:00,64753.4
BTCUSD_241227,BTC,2024-12-27 00:00:00+00:00,2024-09-23 00:00:00+00:00,64521.9
BTCUSD_241227,BTC,2024-12-27 00:00:00+00:00,2024-09-24 00:00:00+00:00,65382.2
BTCUSD_241227,BTC,2024-12-27 00:00:00+00:00,2024-09-25 00:00:00+00:00,64348.7
BTCUSD_241227,BTC,2024-12-27 00:00:00+00:00,2024-09-26 00:00:00+00:00,66205.1
BTCUSD_241227,BTC,2024-12-27 00:00:00+00:00,2024-09-27 00:00:00+00:00,67043.8
BTCUSD_241227,BTC,2024-12-27 00:00:00+00:00,2024-09-28 00:00:00+00:00,67132.2
BTCUSD_241227,BTC,2024-12-27 00:00:00+00:00,2024-09-29 00:00:00+00:00,66876.4
BTCUSD_241227,BTC,2024-12-27 00:00:00+00:00,2024-09-30 00:00:00+00:00,64441.2
BTCUSD_241227,BTC,2024-12-27 00:00:00+00:00,2024-10-01 00:00:00+00:00,61782.7
BTCUSD_241227,BTC,2024-12-27 00:00:00+00:00,2024-10-02 00:00:00+00:00,61636.7
BTCUSD_241227,BTC,2024-12-27 00:00:00+00:00,2024-10-03 00:00:00+00:00,61724.9
BTCUSD_241227,BTC,2024-12-27 00:00:00+00:00,2024-10-04 00:00:00+00:00,63110.8
BTCUSD_241227,BTC,2024-12-27 00:00:00+00:00,2024-10-05 00:00:00+00:00,63122.2
BTCUSD_241227,BTC,2024-12-27 00:00:00+00:00,2024-10-06 00:00:00+00:00,64022.6
BTCUSD_241227,BTC,2024-12-27 00:00:00+00:00,2024-10-07 00:00:00+00:00,63334.8
BTCUSD_241227,BTC,2024-12-27 00:00:00+00:00,2024-10-08 00:00:00+00:00,63173.3
BTCUSD_241227,BTC,2024-12-27 00:00:00+00:00,2024-10-09 00:00:00+00:00,61634.3
BTCUSD_241227,BTC,2024-12-27 00:00:00+00:00,2024-10-10 00:00:00+00:00,61249.9
BTCUSD_241227,BTC,2024-12-27 00:00:00+00:00,2024-10-11 00:00:00+00:00,63678.5
BTCUSD_241227,BTC,2024-12-27 00:00:00+00:00,2024-10-12 00:00:00+00:00,64308.1
BTCUSD_241227,BTC,2024-12-27 00:00:00+00:00,2024-10-13 00:00:00+00:00,63998.7
BTCUSD_241227,BTC,2024-12-27 00:00:00+00:00,2024-10-14 00:00:00+00:00,67428.3
BTCUSD_241227,BTC,2024-12-27 00:00:00+00:00,2024-10-15 00:00:00+00:00,68230.8
BTCUSD_241227,BTC,2024-12-27 00:00:00+00:00,2024-10-16 00:00:00+00:00,68790.4
BTCUSD_241227,BTC,2024-12-27 00:00:00+00:00,2024-10-17 00:00:00+00:00,68478.9
BTCUSD_241227,BTC,2024-12-27 00:00:00+00:00,2024-10-18 00:00:00+00:00,69569.2
BTCUSD_241227,BTC,2024-12-27 00:00:00+00:00,2024-10-19 00:00:00+00:00,69417.3
BTCUSD_241227,BTC,2024-12-27 00:00:00+00:00,2024-10-20 00:00:00+00:00,70302.0
BTCUSD_241227,BTC,2024-12-27 00:00:00+00:00,2024-10-21 00:00:00+00:00,68503.0
BTCUSD_241227,BTC,2024-12-27 00:00:00+00:00,2024-10-22 00:00:00+00:00,68598.3
BTCUSD_241227,BTC,2024-12-27 00:00:00+00:00,2024-10-23 00:00:00+00:00,67753.1
BTCUSD_241227,BTC,2024-12-27 00:00:00+00:00,2024-10-24 00:00:00+00:00,69440.0
BTCUSD_241227,BTC,2024-12-27 00:00:00+00:00,2024-10-25 00:00:00+00:00,67717.7
BTCUSD_241227,BTC,2024-12-27 00:00:00+00:00,2024-10-26 00:00:00+00:00,68180.7
BTCUSD_241227,BTC,2024-12-27 00:00:00+00:00,2024-10-27 00:00:00+00:00,69220.1
BTCUSD_241227,BTC,2024-12-27 00:00:00+00:00,2024-10-28 00:00:00+00:00,71264.7
BTCUSD_241227,BTC,2024-12-27 00:00:00+00:00,2024-10-29 00:00:00+00:00,74204.7
BTCUSD_241227,BTC,2024-12-27 00:00:00+00:00,2024-10-30 00:00:00+00:00,73762.1
BTCUSD_241227,BTC,2024-12-27 00:00:00+00:00,2024-10-31 00:00:00+00:00,71430.9
BTCUSD_241227,BTC,2024-12-27 00:00:00+00:00,2024-11-01 00:00:00+00:00,70594.3
BTCUSD_241227,BTC,2024-12-27 00:00:00+00:00,2024-11-02 00:00:00+00:00,70425.7
BTCUSD_241227,BTC,2024-12-27 00:00:00+00:00,2024-11-03 00:00:00+00:00,69780.7
BTCUSD_241227,BTC,2024-12-27 00:00:00+00:00,2024-11-04 00:00:00+00:00,68755.5
BTCUSD_241227,BTC,2024-12-27 00:00:00+00:00,2024-11-05 00:00:00+00:00,70337.7
BTCUSD_241227,BTC,2024-12-27 00:00:00+00:00,2024-11-06 00:00:00+00:00,76875.1
BTCUSD_241227,BTC,2024-12-27 00:00:00+00:00,2024-11-07 00:00:00+00:00,77276.9
BTCUSD_241227,BTC,2024-12-27 00:00:00+00:00,2024-11-08 00:00:00+00:00,77850.2
BTCUSD_241227,BTC,2024-12-27 00:00:00+00:00,2024-11-09 00:00:00+00:00,78057.3
BTCUSD_241227,BTC,2024-12-27 00:00:00+00:00,2024-11-10 00:00:00+00:00,81964.1
BTCUSD_241227,BTC,2024-12-27 00:00:00+00:00,2024-11-11 00:00:00+00:00,90413.4
BTCUSD_241227,BTC,2024-12-27 00:00:00+00:00,2024-11-12 00:00:00+00:00,89418.0
BTCUSD_241227,BTC,2024-12-27 00:00:00+00:00,2024-11-13 00:00:00+00:00,91996.7
BTCUSD_241227,BTC,2024-12-27 00:00:00+00:00,2024-11-14 00:00:00+00:00,88683.2
BTCUSD_241227,BTC,2024-12-27 00:00:00+00:00,2024-11-15 00:00:00+00:00,92458.7
BTCUSD_241227,BTC,2024-12-27 00:00:00+00:00,2024-11-16 00:00:00+00:00,92082.6
BTCUSD_241227,BTC,2024-12-27 00:00:00+00:00,2024-11-17 00:00:00+00:00,91345.2
BTCUSD_241227,BTC,2024-12-27 00:00:00+00:00,2024-11-18 00:00:00+00:00,92020.6
BTCUSD_241227,BTC,2024-12-27 00:00:00+00:00,2024-11-19 00:00:00+00:00,93983.8
BTCUSD_241227,BTC,2024-12-27 00:00:00+00:00,2024-11-20 00:00:00+00:00,95867.6
BTCUSD_241227,BTC,2024-12-27 00:00:00+00:00,2024-11-21 00:00:00+00:00,100000.0
BTCUSD_241227,BTC,2024-12-27 00:00:00+00:00,2024-11-22 00:00:00+00:00,100464.9
BTCUSD_241227,BTC,2024-12-27 00:00:00+00:00,2024-11-23 00:00:00+00:00,99234.6
BTCUSD_241227,BTC,2024-12-27 00:00:00+00:00,2024-11-24 00:00:00+00:00,99385.2
BTCUSD_241227,BTC,2024-12-27 00:00:00+00:00,2024-11-25 00:00:00+00:00,94301.0
BTCUSD_241227,BTC,2024-12-27 00:00:00+00:00,2024-11-26 00:00:00+00:00,93249.0
BTCUSD_241227,BTC,2024-12-27 00:00:00+00:00,2024-11-27 00:00:00+00:00,97320.2
BTCUSD_241227,BTC,2024-12-27 00:00:00+00:00,2024-11-28 00:00:00+00:00,97131.6
BTCUSD_241227,BTC,2024-12-27 00:00:00+00:00,2024-11-29 00:00:00+00:00,98872.7
BTCUSD_241227,BTC,2024-12-27 00:00:00+00:00,2024-11-30 00:00:00+00:00,97841.1
BTCUSD_241227,BTC,2024-12-27 00:00:00+00:00,2024-12-01 00:00:00+00:00,98630.3
BTCUSD_241227,BTC,2024-12-27 00:00:00+00:00,2024-12-02 00:00:00+00:00,97033.7
BTCUSD_241227,BTC,2024-12-27 00:00:00+00:00,2024-12-03 00:00:00+00:00,97088.4
BTCUSD_241227,BTC,2024-12-27 00:00:00+00:00,2024-12-04 00:00:00+00:00,99940.1
BTCUSD_241227,BTC,2024-12-27 00:00:00+00:00,2024-12-05 00:00:00+00:00,98132.0
BTCUSD_241227,BTC,2024-12-27 00:00:00+00:00,2024-12-06 00:00:00+00:00,100970.3
BTCUSD_241227,BTC,2024-12-27 00:00:00+00:00,2024-12-07 00:00:00+00:00,100869.9
BTCUSD_241227,BTC,2024-12-27 00:00:00+00:00,2024-12-08 00:00:00+00:00,102241.0
BTCUSD_241227,BTC,2024-12-27 00:00:00+00:00,2024-12-09 00:00:00+00:00,98037.6
BTCUSD_241227,BTC,2024-12-27 00:00:00+00:00,2024-12-10 00:00:00+00:00,97323.2
BTCUSD_241227,BTC,2024-12-27 00:00:00+00:00,2024-12-11 00:00:00+00:00,101854.9
BTCUSD_241227,BTC,2024-12-27 00:00:00+00:00,2024-12-12 00:00:00+00:00,100689.6
BTCUSD_241227,BTC,2024-12-27 00:00:00+00:00,2024-12-13 00:00:00+00:00,101978.5
BTCUSD_241227,BTC,2024-12-27 00:00:00+00:00,2024-12-14 00:00:00+00:00,101904.0
BTCUSD_241227,BTC,2024-12-27 00:00:00+00:00,2024-12-15 00:00:00+00:00,105055.2
BTCUSD_241227,BTC,2024-12-27 00:00:00+00:00,2024-12-16 00:00:00+00:00,106574.0
BTCUSD_241227,BTC,2024-12-27 00:00:00+00:00,2024-12-17 00:00:00+00:00,106587.1
BTCUSD_241227,BTC,2024-12-27 00:00:00+00:00,2024-12-18 00:00:00+00:00,100602.8
BTCUSD_241227,BTC,2024-12-27 00:00:00+00:00,2024-12-19 00:00:00+00:00,97780.8
BTCUSD_241227,BTC,2024-12-27 00:00:00+00:00,2024-12-20 00:00:00+00:00,98040.7
BTCUSD_241227,BTC,2024-12-27 00:00:00+00:00,2024-12-21 00:00:00+00:00,97452.4
BTCUSD_241227,BTC,2024-12-27 00:00:00+00:00,2024-12-22 00:00:00+00:00,95369.0
BTCUSD_241227,BTC,2024-12-27 00:00:00+00:00,2024-12-23 00:00:00+00:00,95064.1
BTCUSD_241227,BTC,2024-12-27 00:00:00+00:00,2024-12-24 00:00:00+00:00,98797.6
BTCUSD_241227,BTC,2024-12-27 00:00:00+00:00,2024-12-25 00:00:00+00:00,99562.8
BTCUSD_241227,BTC,2024-12-27 00:00:00+00:00,2024-12-26 00:00:00+00:00,95804.1
BTCUSD_250328,BTC,2025-03-28 00:00:00+00:00,2024-09-27 00:00:00+00:00,69142.5
BTCUSD_250328,BTC,2025-03-28 00:00:00+00:00,2024-09-28 00:00:00+00:00,69153.6
BTCUSD_250328,BTC,2025-03-28 00:00:00+00:00,2024-09-29 00:00:00+00:00,68912.5
BTCUSD_250328,BTC,2025-03-28 00:00:00+00:00,2024-09-30 00:00:00+00:00,65620.0
BTCUSD_250328,BTC,2025-03-28 00:00:00+00:00,2024-10-01 00:00:00+00:00,62895.8
BTCUSD_250328,BTC,2025-03-28 00:00:00+00:00,2024-10-02 00:00:00+00:00,62778.2
BTCUSD_250328,BTC,2025-03-28 00:00:00+00:00,2024-10-03 00:00:00+00:00,62940.3
BTCUSD_250328,BTC,2025-03-28 00:00:00+00:00,2024-10-04 00:00:00+00:00,64349.9
BTCUSD_250328,BTC,2025-03-28 00:00:00+00:00,2024-10-05 00:00:00+00:00,64350.0
BTCUSD_250328,BTC,2025-03-28 00:00:00+00:00,2024-10-06 00:00:00+00:00,65305.0
BTCUSD_250328,BTC,2025-03-28 00:00:00+00:00,2024-10-07 00:00:00+00:00,64581.1
BTCUSD_250328,BTC,2025-03-28 00:00:00+00:00,2024-10-08 00:00:00+00:00,64493.5
BTCUSD_250328,BTC,2025-03-28 00:00:00+00:00,2024-10-09 00:00:00+00:00,62824.0
BTCUSD_250328,BTC,2025-03-28 00:00:00+00:00,2024-10-10 00:00:00+00:00,62437.2
BTCUSD_250328,BTC,2025-03-28 00:00:00+00:00,2024-10-11 00:00:00+00:00,64906.3
BTCUSD_250328,BTC,2025-03-28 00:00:00+00:00,2024-10-12 00:00:00+00:00,65673.1
BTCUSD_250328,BTC,2025-03-28 00:00:00+00:00,2024-10-13 00:00:00+00:00,65336.5
BTCUSD_250328,BTC,2025-03-28 00:00:00+00:00,2024-10-14 00:00:00+00:00,68895.0
BTCUSD_250328,BTC,2025-03-28 00:00:00+00:00,2024-10-15 00:00:00+00:00,69445.0
BTCUSD_250328,BTC,2025-03-28 00:00:00+00:00,2024-10-16 00:00:00+00:00,69963.3
BTCUSD_250328,BTC,2025-03-28 00:00:00+00:00,2024-10-17 00:00:00+00:00,69674.2
BTCUSD_250328,BTC,2025-03-28 00:00:00+00:00,2024-10-18 00:00:00+00:00,70893.8
BTCUSD_250328,BTC,2025-03-28 00:00:00+00:00,2024-10-19 00:00:00+00:00,70799.0
BTCUSD_250328,BTC,2025-03-28 00:00:00+00:00,2024-10-20 00:00:00+00:00,71686.8
BTCUSD_250328,BTC,2025-03-28 00:00:00+00:00,2024-10-21 00:00:00+00:00,69879.7
BTCUSD_250328,BTC,2025-03-28 00:00:00+00:00,2024-10-22 00:00:00+00:00,69911.2
BTCUSD_250328,BTC,2025-03-28 00:00:00+00:00,2024-10-23 00:00:00+00:00,69331.6
BTCUSD_250328,BTC,2025-03-28 00:00:00+00:00,2024-10-24 00:00:00+00:00,70942.7
BTCUSD_250328,BTC,2025-03-28 00:00:00+00:00,2024-10-25 00:00:00+00:00,69352.4
BTCUSD_250328,BTC,2025-03-28 00:00:00+00:00,2024-10-26 00:00:00+00:00,69841.1
BTCUSD_250328,BTC,2025-03-28 00:00:00+00:00,2024-10-27 00:00:00+00:00,70845.1
BTCUSD_250328,BTC,2025-03-28 00:00:00+00:00,2024-10-28 00:00:00+00:00,72992.5
BTCUSD_250328,BTC,2025-03-28 00:00:00+00:00,2024-10-29 00:00:00+00:00,76355.6
BTCUSD_250328,BTC,2025-03-28 00:00:00+00:00,2024-10-30 00:00:00+00:00,75858.5
BTCUSD_250328,BTC,2025-03-28 00:00:00+00:00,2024-10-31 00:00:00+00:00,73561.6
BTCUSD_250328,BTC,2025-03-28 00:00:00+00:00,2024-11-01 00:00:00+00:00,72688.2
BTCUSD_250328,BTC,2025-03-28 00:00:00+00:00,2024-11-02 00:00:00+00:00,72272.9
BTCUSD_250328,BTC,2025-03-28 00:00:00+00:00,2024-11-03 00:00:00+00:00,71568.4
BTCUSD_250328,BTC,2025-03-28 00:00:00+00:00,2024-11-04 00:00:00+00:00,70586.8
BTCUSD_250328,BTC,2025-03-28 00:00:00+00:00,2024-11-05 00:00:00+00:00,72229.7
BTCUSD_250328,BTC,2025-03-28 00:00:00+00:00,2024-11-06 00:00:00+00:00,78597.0
BTCUSD_250328,BTC,2025-03-28 00:00:00+00:00,2024-11-07 00:00:00+00:00,79525.0
BTCUSD_250328,BTC,2025-03-28 00:00:00+00:00,2024-11-08 00:00:00+00:00,80061.9
BTCUSD_250328,BTC,2025-03-28 00:00:00+00:00,2024-11-09 00:00:00+00:00,80308.0
BTCUSD_250328,BTC,2025-03-28 00:00:00+00:00,2024-11-10 00:00:00+00:00,84565.8
BTCUSD_250328,BTC,2025-03-28 00:00:00+00:00,2024-11-11 00:00:00+00:00,93293.5
BTCUSD_250328,BTC,2025-03-28 00:00:00+00:00,2024-11-12 00:00:00+00:00,91842.2
BTCUSD_250328,BTC,2025-03-28 00:00:00+00:00,2024-11-13 00:00:00+00:00,95068.9
BTCUSD_250328,BTC,2025-03-28 00:00:00+00:00,2024-11-14 00:00:00+00:00,91562.9
BTCUSD_250328,BTC,2025-03-28 00:00:00+00:00,2024-11-15 00:00:00+00:00,95570.8
BTCUSD_250328,BTC,2025-03-28 00:00:00+00:00,2024-11-16 00:00:00+00:00,95222.7
BTCUSD_250328,BTC,2025-03-28 00:00:00+00:00,2024-11-17 00:00:00+00:00,94435.4
BTCUSD_250328,BTC,2025-03-28 00:00:00+00:00,2024-11-18 00:00:00+00:00,95266.8
BTCUSD_250328,BTC,2025-03-28 00:00:00+00:00,2024-11-19 00:00:00+00:00,97226.1
BTCUSD_250328,BTC,2025-03-28 00:00:00+00:00,2024-11-20 00:00:00+00:00,99211.0
BTCUSD_250328,BTC,2025-03-28 00:00:00+00:00,2024-11-21 00:00:00+00:00,103613.2
BTCUSD_250328,BTC,2025-03-28 00:00:00+00:00,2024-11-22 00:00:00+00:00,104158.9
BTCUSD_250328,BTC,2025-03-28 00:00:00+00:00,2024-11-23 00:00:00+00:00,102966.2
BTCUSD_250328,BTC,2025-03-28 00:00:00+00:00,2024-11-24 00:00:00+00:00,103014.1
BTCUSD_250328,BTC,2025-03-28 00:00:00+00:00,2024-11-25 00:00:00+00:00,97535.0
BTCUSD_250328,BTC,2025-03-28 00:00:00+00:00,2024-11-26 00:00:00+00:00,96360.0
BTCUSD_250328,BTC,2025-03-28 00:00:00+00:00,2024-11-27 00:00:00+00:00,100563.2
BTCUSD_250328,BTC,2025-03-28 00:00:00+00:00,2024-11-28 00:00:00+00:00,100373.9
BTCUSD_250328,BTC,2025-03-28 00:00:00+00:00,2024-11-29 00:00:00+00:00,102135.4
BTCUSD_250328,BTC,2025-03-28 00:00:00+00:00,2024-11-30 00:00:00+00:00,101258.3
BTCUSD_250328,BTC,2025-03-28 00:00:00+00:00,2024-12-01 00:00:00+00:00,102175.5
BTCUSD_250328,BTC,2025-03-28 00:00:00+00:00,2024-12-02 00:00:00+00:00,100558.1
BTCUSD_250328,BTC,2025-03-28 00:00:00+00:00,2024-12-03 00:00:00+00:00,100703.3
BTCUSD_250328,BTC,2025-03-28 00:00:00+00:00,2024-12-04 00:00:00+00:00,103564.6
BTCUSD_250328,BTC,2025-03-28 00:00:00+00:00,2024-12-05 00:00:00+00:00,101518.2
BTCUSD_250328,BTC,2025-03-28 00:00:00+00:00,2024-12-06 00:00:00+00:00,104591.2
BTCUSD_250328,BTC,2025-03-28 00:00:00+00:00,2024-12-07 00:00:00+00:00,104414.5
BTCUSD_250328,BTC,2025-03-28 00:00:00+00:00,2024-12-08 00:00:00+00:00,105938.1
BTCUSD_250328,BTC,2025-03-28 00:00:00+00:00,2024-12-09 00:00:00+00:00,101531.3
BTCUSD_250328,BTC,2025-03-28 00:00:00+00:00,2024-12-10 00:00:00+00:00,100686.7
BTCUSD_250328,BTC,2025-03-28 00:00:00+00:00,2024-12-11 00:00:00+00:00,105162.7
BTCUSD_250328,BTC,2025-03-28 00:00:00+00:00,2024-12-12 00:00:00+00:00,104195.7
BTCUSD_250328,BTC,2025-03-28 00:00:00+00:00,2024-12-13 00:00:00+00:00,105639.1
BTCUSD_250328,BTC,2025-03-28 00:00:00+00:00,2024-12-14 00:00:00+00:00,105521.7
BTCUSD_250328,BTC,2025-03-28 00:00:00+00:00,2024-12-15 00:00:00+00:00,109142.7
BTCUSD_250328,BTC,2025-03-28 00:00:00+00:00,2024-12-16 00:00:00+00:00,110412.0
BTCUSD_250328,BTC,2025-03-28 00:00:00+00:00,2024-12-17 00:00:00+00:00,110402.0
BTCUSD_250328,BTC,2025-03-28 00:00:00+00:00,2024-12-18 00:00:00+00:00,104231.0
BTCUSD_250328,BTC,2025-03-28 00:00:00+00:00,2024-12-19 00:00:00+00:00,101545.2
BTCUSD_250328,BTC,2025-03-28 00:00:00+00:00,2024-12-20 00:00:00+00:00,101480.7
BTCUSD_250328,BTC,2025-03-28 00:00:00+00:00,2024-12-21 00:00:00+00:00,100877.1
BTCUSD_250328,BTC,2025-03-28 00:00:00+00:00,2024-12-22 00:00:00+00:00,98619.8
BTCUSD_250328,BTC,2025-03-28 00:00:00+00:00,2024-12-23 00:00:00+00:00,98346.5
BTCUSD_250328,BTC,2025-03-28 00:00:00+00:00,2024-12-24 00:00:00+00:00,101967.0
BTCUSD_250328,BTC,2025-03-28 00:00:00+00:00,2024-12-25 00:00:00+00:00,102874.7
BTCUSD_250328,BTC,2025-03-28 00:00:00+00:00,2024-12-26 00:00:00+00:00,98937.7
BTCUSD_250328,BTC,2025-03-28 00:00:00+00:00,2024-12-27 00:00:00+00:00,97476.1
BTCUSD_250328,BTC,2025-03-28 00:00:00+00:00,2024-12-28 00:00:00+00:00,98421.4
BTCUSD_250328,BTC,2025-03-28 00:00:00+00:00,2024-12-29 00:00:00+00:00,96855.5
BTCUSD_250328,BTC,2025-03-28 00:00:00+00:00,2024-12-30 00:00:00+00:00,95924.5
BTCUSD_250328,BTC,2025-03-28 00:00:00+00:00,2024-12-31 00:00:00+00:00,96738.1
BTCUSD_250328,BTC,2025-03-28 00:00:00+00:00,2025-01-01 00:00:00+00:00,97904.2
BTCUSD_250328,BTC,2025-03-28 00:00:00+00:00,2025-01-02 00:00:00+00:00,100495.3
BTCUSD_250328,BTC,2025-03-28 00:00:00+00:00,2025-01-03 00:00:00+00:00,101556.9
BTCUSD_250328,BTC,2025-03-28 00:00:00+00:00,2025-01-04 00:00:00+00:00,101356.4
BTCUSD_250328,BTC,2025-03-28 00:00:00+00:00,2025-01-05 00:00:00+00:00,101129.7
BTCUSD_250328,BTC,2025-03-28 00:00:00+00:00,2025-01-06 00:00:00+00:00,105116.0
BTCUSD_250328,BTC,2025-03-28 00:00:00+00:00,2025-01-07 00:00:00+00:00,99505.7
BTCUSD_250328,BTC,2025-03-28 00:00:00+00:00,2025-01-08 00:00:00+00:00,97512.6
BTCUSD_250328,BTC,2025-03-28 00:00:00+00:00,2025-01-09 00:00:00+00:00,95000.0
BTCUSD_250328,BTC,2025-03-28 00:00:00+00:00,2025-01-10 00:00:00+00:00,96879.7
BTCUSD_250328,BTC,2025-03-28 00:00:00+00:00,2025-01-11 00:00:00+00:00,96621.5
BTCUSD_250328,BTC,2025-03-28 00:00:00+00:00,2025-01-12 00:00:00+00:00,96473.3
BTCUSD_250328,BTC,2025-03-28 00:00:00+00:00,2025-01-13 00:00:00+00:00,96639.8
BTCUSD_250328,BTC,2025-03-28 00:00:00+00:00,2025-01-14 00:00:00+00:00,98735.1
BTCUSD_250328,BTC,2025-03-28 00:00:00+00:00,2025-01-15 00:00:00+00:00,102972.4
BTCUSD_250328,BTC,2025-03-28 00:00:00+00:00,2025-01-16 00:00:00+00:00,102621.4
BTCUSD_250328,BTC,2025-03-28 00:00:00+00:00,2025-01-17 00:00:00+00:00,106800.1
BTCUSD_250328,BTC,2025-03-28 00:00:00+00:00,2025-01-18 00:00:00+00:00,106982.0
BTCUSD_250328,BTC,2025-03-28 00:00:00+00:00,2025-01-19 00:00:00+00:00,103982.9
BTCUSD_250328,BTC,2025-03-28 00:00:00+00:00,2025-01-20 00:00:00+00:00,104655.3
BTCUSD_250328,BTC,2025-03-28 00:00:00+00:00,2025-01-21 00:00:00+00:00,108666.0
BTCUSD_250328,BTC,2025-03-28 00:00:00+00:00,2025-01-22 00:00:00+00:00,105907.5
BTCUSD_250328,BTC,2025-03-28 00:00:00+00:00,2025-01-23 00:00:00+00:00,106355.0
BTCUSD_250328,BTC,2025-03-28 00:00:00+00:00,2025-01-24 00:00:00+00:00,106941.5
BTCUSD_250328,BTC,2025-03-28 00:00:00+00:00,2025-01-25 00:00:00+00:00,106756.3
BTCUSD_250328,BTC,2025-03-28 00:00:00+00:00,2025-01-26 00:00:00+00:00,104787.0
BTCUSD_250328,BTC,2025-03-28 00:00:00+00:00,2025-01-27 00:00:00+00:00,104110.0
BTCUSD_250328,BTC,2025-03-28 00:00:00+00:00,2025-01-28 00:00:00+00:00,103132.9
BTCUSD_250328,BTC,2025-03-28 00:00:00+00:00,2025-01-29 00:00:00+00:00,105639.1
BTCUSD_250328,BTC,2025-03-28 00:00:00+00:00,2025-01-30 00:00:00+00:00,106303.8
BTCUSD_250328,BTC,2025-03-28 00:00:00+00:00,2025-01-31 00:00:00+00:00,104139.0
BTCUSD_250328,BTC,2025-03-28 00:00:00+00:00,2025-02-01 00:00:00+00:00,102479.3
BTCUSD_250328,BTC,2025-03-28 00:00:00+00:00,2025-02-02 00:00:00+00:00,99305.1
BTCUSD_250328,BTC,2025-03-28 00:00:00+00:00,2025-02-03 00:00:00+00:00,102865.3
BTCUSD_250328,BTC,2025-03-28 00:00:00+00:00,2025-02-04 00:00:00+00:00,99042.8
BTCUSD_250328,BTC,2025-03-28 00:00:00+00:00,2025-02-05 00:00:00+00:00,97813.4
BTCUSD_250328,BTC,2025-03-28 00:00:00+00:00,2025-02-06 00:00:00+00:00,97751.4
BTCUSD_250328,BTC,2025-03-28 00:00:00+00:00,2025-02-07 00:00:00+00:00,97570.6
BTCUSD_250328,BTC,2025-03-28 00:00:00+00:00,2025-02-08 00:00:00+00:00,97446.6
BTCUSD_250328,BTC,2025-03-28 00:00:00+00:00,2025-02-09 00:00:00+00:00,97511.8
BTCUSD_250328,BTC,2025-03-28 00:00:00+00:00,2025-02-10 00:00:00+00:00,98455.0
BTCUSD_250328,BTC,2025-03-28 00:00:00+00:00,2025-02-11 00:00:00+00:00,96735.6
BTCUSD_250328,BTC,2025-03-28 00:00:00+00:00,2025-02-12 00:00:00+00:00,98766.8
BTCUSD_250328,BTC,2025-03-28 00:00:00+00:00,2025-02-13 00:00:00+00:00,97493.2
BTCUSD_250328,BTC,2025-03-28 00:00:00+00:00,2025-02-14 00:00:00+00:00,98374.0
BTCUSD_250328,BTC,2025-03-28 00:00:00+00:00,2025-02-15 00:00:00+00:00,98384.3
BTCUSD_250328,BTC,2025-03-28 00:00:00+00:00,2025-02-16 00:00:00+00:00,96945.2
BTCUSD_250328,BTC,2025-03-28 00:00:00+00:00,2025-02-17 00:00:00+00:00,96452.8
BTCUSD_250328,BTC,2025-03-28 00:00:00+00:00,2025-02-18 00:00:00+00:00,96247.1
BTCUSD_250328,BTC,2025-03-28 00:00:00+00:00,2025-02-19 00:00:00+00:00,97198.4
BTCUSD_250328,BTC,2025-03-28 00:00:00+00:00,2025-02-20 00:00:00+00:00,98979.4
BTCUSD_250328,BTC,2025-03-28 00:00:00+00:00,2025-02-21 00:00:00+00:00,96625.6
BTCUSD_250328,BTC,2025-03-28 00:00:00+00:00,2025-02-22 00:00:00+00:00,97109.9
BTCUSD_250328,BTC,2025-03-28 00:00:00+00:00,2025-02-23 00:00:00+00:00,96841.3
BTCUSD_250328,BTC,2025-03-28 00:00:00+00:00,2025-02-24 00:00:00+00:00,92022.8
BTCUSD_250328,BTC,2025-03-28 00:00:00+00:00,2025-02-25 00:00:00+00:00,89162.3
BTCUSD_250328,BTC,2025-03-28 00:00:00+00:00,2025-02-26 00:00:00+00:00,84556.8
BTCUSD_250328,BTC,2025-03-28 00:00:00+00:00,2025-02-27 00:00:00+00:00,85189.6
BTCUSD_250328,BTC,2025-03-28 00:00:00+00:00,2025-02-28 00:00:00+00:00,84800.6
BTCUSD_250328,BTC,2025-03-28 00:00:00+00:00,2025-03-01 00:00:00+00:00,86516.8
BTCUSD_250328,BTC,2025-03-28 00:00:00+00:00,2025-03-02 00:00:00+00:00,94626.2
BTCUSD_250328,BTC,2025-03-28 00:00:00+00:00,2025-03-03 00:00:00+00:00,86609.5
BTCUSD_250328,BTC,2025-03-28 00:00:00+00:00,2025-03-04 00:00:00+00:00,87605.4
BTCUSD_250328,BTC,2025-03-28 00:00:00+00:00,2025-03-05 00:00:00+00:00,91001.2
BTCUSD_250328,BTC,2025-03-28 00:00:00+00:00,2025-03-06 00:00:00+00:00,90247.9
BTCUSD_250328,BTC,2025-03-28 00:00:00+00:00,2025-03-07 00:00:00+00:00,87085.3
BTCUSD_250328,BTC,2025-03-28 00:00:00+00:00,2025-03-08 00:00:00+00:00,86499.9
BTCUSD_250328,BTC,2025-03-28 00:00:00+00:00,2025-03-09 00:00:00+00:00,80947.2
BTCUSD_250328,BTC,2025-03-28 00:00:00+00:00,2025-03-10 00:00:00+00:00,78819.7
BTCUSD_250328,BTC,2025-03-28 00:00:00+00:00,2025-03-11 00:00:00+00:00,83100.0
BTCUSD_250328,BTC,2025-03-28 00:00:00+00:00,2025-03-12 00:00:00+00:00,83953.3
BTCUSD_250328,BTC,2025-03-28 00:00:00+00:00,2025-03-13 00:00:00+00:00,81318.0
BTCUSD_250328,BTC,2025-03-28 00:00:00+00:00,2025-03-14 00:00:00+00:00,84181.9
BTCUSD_250328,BTC,2025-03-28 00:00:00+00:00,2025-03-15 00:00:00+00:00,84540.9
BTCUSD_250328,BTC,2025-03-28 00:00:00+00:00,2025-03-16 00:00:00+00:00,82716.4
BTCUSD_250328,BTC,2025-03-28 00:00:00+00:00,2025-03-17 00:00:00+00:00,84214.5
BTCUSD_250328,BTC,2025-03-28 00:00:00+00:00,2025-03-18 00:00:00+00:00,82859.6
BTCUSD_250328,BTC,2025-03-28 00:00:00+00:00,2025-03-19 00:00:00+00:00,86908.5
BTCUSD_250328,BTC,2025-03-28 00:00:00+00:00,2025-03-20 00:00:00+00:00,84232.1
BTCUSD_250328,BTC,2025-03-28 00:00:00+00:00,2025-03-21 00:00:00+00:00,84161.8
BTCUSD_250328,BTC,2025-03-28 00:00:00+00:00,2025-03-22 00:00:00+00:00,83972.3
BTCUSD_250328,BTC,2025-03-28 00:00:00+00:00,2025-03-23 00:00:00+00:00,86204.7
BTCUSD_250328,BTC,2025-03-28 00:00:00+00:00,2025-03-24 00:00:00+00:00,87633.7
BTCUSD_250328,BTC,2025-03-28 00:00:00+00:00,2025-03-25 00:00:00+00:00,87602.8
BTCUSD_250328,BTC,2025-03-28 00:00:00+00:00,2025-03-26 00:00:00+00:00,86983.9
BTCUSD_250328,BTC,2025-03-28 00:00:00+00:00,2025-03-27 00:00:00+00:00,87337.7
BTCUSD_250627,BTC,2025-06-27 00:00:00+00:00,2024-12-27 00:00:00+00:00,100486.8
BTCUSD_250627,BTC,2025-06-27 00:00:00+00:00,2024-12-28 00:00:00+00:00,101602.5
BTCUSD_250627,BTC,2025-06-27 00:00:00+00:00,2024-12-29 00:00:00+00:00,100035.1
BTCUSD_250627,BTC,2025-06-27 00:00:00+00:00,2024-12-30 00:00:00+00:00,99048.9
BTCUSD_250627,BTC,2025-06-27 00:00:00+00:00,2024-12-31 00:00:00+00:00,99963.6
BTCUSD_250627,BTC,2025-06-27 00:00:00+00:00,2025-01-01 00:00:00+00:00,101052.3
BTCUSD_250627,BTC,2025-06-27 00:00:00+00:00,2025-01-02 00:00:00+00:00,103744.9
BTCUSD_250627,BTC,2025-06-27 00:00:00+00:00,2025-01-03 00:00:00+00:00,105070.3
BTCUSD_250627,BTC,2025-06-27 00:00:00+00:00,2025-01-04 00:00:00+00:00,105006.5
BTCUSD_250627,BTC,2025-06-27 00:00:00+00:00,2025-01-05 00:00:00+00:00,104776.4
BTCUSD_250627,BTC,2025-06-27 00:00:00+00:00,2025-01-06 00:00:00+00:00,108865.7
BTCUSD_250627,BTC,2025-06-27 00:00:00+00:00,2025-01-07 00:00:00+00:00,103052.2
BTCUSD_250627,BTC,2025-06-27 00:00:00+00:00,2025-01-08 00:00:00+00:00,100950.0
BTCUSD_250627,BTC,2025-06-27 00:00:00+00:00,2025-01-09 00:00:00+00:00,98219.5
BTCUSD_250627,BTC,2025-06-27 00:00:00+00:00,2025-01-10 00:00:00+00:00,100400.0
BTCUSD_250627,BTC,2025-06-27 00:00:00+00:00,2025-01-11 00:00:00+00:00,100068.8
BTCUSD_250627,BTC,2025-06-27 00:00:00+00:00,2025-01-12 00:00:00+00:00,99832.4
BTCUSD_250627,BTC,2025-06-27 00:00:00+00:00,2025-01-13 00:00:00+00:00,99998.7
BTCUSD_250627,BTC,2025-06-27 00:00:00+00:00,2025-01-14 00:00:00+00:00,102204.4
BTCUSD_250627,BTC,2025-06-27 00:00:00+00:00,2025-01-15 00:00:00+00:00,106666.8
BTCUSD_250627,BTC,2025-06-27 00:00:00+00:00,2025-01-16 00:00:00+00:00,106148.8
BTCUSD_250627,BTC,2025-06-27 00:00:00+00:00,2025-01-17 00:00:00+00:00,110495.0
BTCUSD_250627,BTC,2025-06-27 00:00:00+00:00,2025-01-18 00:00:00+00:00,110672.8
BTCUSD_250627,BTC,2025-06-27 00:00:00+00:00,2025-01-19 00:00:00+00:00,107870.5
BTCUSD_250627,BTC,2025-06-27 00:00:00+00:00,2025-01-20 00:00:00+00:00,108257.6
BTCUSD_250627,BTC,2025-06-27 00:00:00+00:00,2025-01-21 00:00:00+00:00,112805.0
BTCUSD_250627,BTC,2025-06-27 00:00:00+00:00,2025-01-22 00:00:00+00:00,109861.6
BTCUSD_250627,BTC,2025-06-27 00:00:00+00:00,2025-01-23 00:00:00+00:00,110257.9
BTCUSD_250627,BTC,2025-06-27 00:00:00+00:00,2025-01-24 00:00:00+00:00,110958.5
BTCUSD_250627,BTC,2025-06-27 00:00:00+00:00,2025-01-25 00:00:00+00:00,110725.1
BTCUSD_250627,BTC,2025-06-27 00:00:00+00:00,2025-01-26 00:00:00+00:00,108710.2
BTCUSD_250627,BTC,2025-06-27 00:00:00+00:00,2025-01-27 00:00:00+00:00,108091.2
BTCUSD_250627,BTC,2025-06-27 00:00:00+00:00,2025-01-28 00:00:00+00:00,107031.2
BTCUSD_250627,BTC,2025-06-27 00:00:00+00:00,2025-01-29 00:00:00+00:00,109331.7
BTCUSD_250627,BTC,2025-06-27 00:00:00+00:00,2025-01-30 00:00:00+00:00,109905.7
BTCUSD_250627,BTC,2025-06-27 00:00:00+00:00,2025-01-31 00:00:00+00:00,107680.5
BTCUSD_250627,BTC,2025-06-27 00:00:00+00:00,2025-02-01 00:00:00+00:00,105817.6
BTCUSD_250627,BTC,2025-06-27 00:00:00+00:00,2025-02-02 00:00:00+00:00,102299.8
BTCUSD_250627,BTC,2025-06-27 00:00:00+00:00,2025-02-03 00:00:00+00:00,106168.8
BTCUSD_250627,BTC,2025-06-27 00:00:00+00:00,2025-02-04 00:00:00+00:00,101961.7
BTCUSD_250627,BTC,2025-06-27 00:00:00+00:00,2025-02-05 00:00:00+00:00,100543.8
BTCUSD_250627,BTC,2025-06-27 00:00:00+00:00,2025-02-06 00:00:00+00:00,100512.3
BTCUSD_250627,BTC,2025-06-27 00:00:00+00:00,2025-02-07 00:00:00+00:00,100126.6
BTCUSD_250627,BTC,2025-06-27 00:00:00+00:00,2025-02-08 00:00:00+00:00,99973.2
BTCUSD_250627,BTC,2025-06-27 00:00:00+00:00,2025-02-09 00:00:00+00:00,100079.6
BTCUSD_250627,BTC,2025-06-27 00:00:00+00:00,2025-02-10 00:00:00+00:00,100853.6
BTCUSD_250627,BTC,2025-06-27 00:00:00+00:00,2025-02-11 00:00:00+00:00,99101.1
BTCUSD_250627,BTC,2025-06-27 00:00:00+00:00,2025-02-12 00:00:00+00:00,101313.2
BTCUSD_250627,BTC,2025-06-27 00:00:00+00:00,2025-02-13 00:00:00+00:00,99850.2
BTCUSD_250627,BTC,2025-06-27 00:00:00+00:00,2025-02-14 00:00:00+00:00,100711.7
BTCUSD_250627,BTC,2025-06-27 00:00:00+00:00,2025-02-15 00:00:00+00:00,100720.6
BTCUSD_250627,BTC,2025-06-27 00:00:00+00:00,2025-02-16 00:00:00+00:00,99202.8
BTCUSD_250627,BTC,2025-06-27 00:00:00+00:00,2025-02-17 00:00:00+00:00,98499.4
BTCUSD_250627,BTC,2025-06-27 00:00:00+00:00,2025-02-18 00:00:00+00:00,98414.8
BTCUSD_250627,BTC,2025-06-27 00:00:00+00:00,2025-02-19 00:00:00+00:00,99358.4
BTCUSD_250627,BTC,2025-06-27 00:00:00+00:00,2025-02-20 00:00:00+00:00,101006.4
BTCUSD_250627,BTC,2025-06-27 00:00:00+00:00,2025-02-21 00:00:00+00:00,98799.4
BTCUSD_250627,BTC,2025-06-27 00:00:00+00:00,2025-02-22 00:00:00+00:00,99227.1
BTCUSD_250627,BTC,2025-06-27 00:00:00+00:00,2025-02-23 00:00:00+00:00,98917.1
BTCUSD_250627,BTC,2025-06-27 00:00:00+00:00,2025-02-24 00:00:00+00:00,93880.2
BTCUSD_250627,BTC,2025-06-27 00:00:00+00:00,2025-02-25 00:00:00+00:00,91039.3
BTCUSD_250627,BTC,2025-06-27 00:00:00+00:00,2025-02-26 00:00:00+00:00,86347.3
BTCUSD_250627,BTC,2025-06-27 00:00:00+00:00,2025-02-27 00:00:00+00:00,86991.1
BTCUSD_250627,BTC,2025-06-27 00:00:00+00:00,2025-02-28 00:00:00+00:00,86419.4
BTCUSD_250627,BTC,2025-06-27 00:00:00+00:00,2025-03-01 00:00:00+00:00,88141.2
BTCUSD_250627,BTC,2025-06-27 00:00:00+00:00,2025-03-02 00:00:00+00:00,96268.2
BTCUSD_250627,BTC,2025-06-27 00:00:00+00:00,2025-03-03 00:00:00+00:00,87995.7
BTCUSD_250627,BTC,2025-06-27 00:00:00+00:00,2025-03-04 00:00:00+00:00,88846.2
BTCUSD_250627,BTC,2025-06-27 00:00:00+00:00,2025-03-05 00:00:00+00:00,92337.0
BTCUSD_250627,BTC,2025-06-27 00:00:00+00:00,2025-03-06 00:00:00+00:00,91604.0
BTCUSD_250627,BTC,2025-06-27 00:00:00+00:00,2025-03-07 00:00:00+00:00,88394.3
BTCUSD_250627,BTC,2025-06-27 00:00:00+00:00,2025-03-08 00:00:00+00:00,87826.6
BTCUSD_250627,BTC,2025-06-27 00:00:00+00:00,2025-03-09 00:00:00+00:00,82293.8
BTCUSD_250627,BTC,2025-06-27 00:00:00+00:00,2025-03-10 00:00:00+00:00,80178.5
BTCUSD_250627,BTC,2025-06-27 00:00:00+00:00,2025-03-11 00:00:00+00:00,84482.3
BTCUSD_250627,BTC,2025-06-27 00:00:00+00:00,2025-03-12 00:00:00+00:00,85301.2
BTCUSD_250627,BTC,2025-06-27 00:00:00+00:00,2025-03-13 00:00:00+00:00,82747.1
BTCUSD_250627,BTC,2025-06-27 00:00:00+00:00,2025-03-14 00:00:00+00:00,85491.5
BTCUSD_250627,BTC,2025-06-27 00:00:00+00:00,2025-03-15 00:00:00+00:00,85844.6
BTCUSD_250627,BTC,2025-06-27 00:00:00+00:00,2025-03-16 00:00:00+00:00,84067.0
BTCUSD_250627,BTC,2025-06-27 00:00:00+00:00,2025-03-17 00:00:00+00:00,85559.5
BTCUSD_250627,BTC,2025-06-27 00:00:00+00:00,2025-03-18 00:00:00+00:00,83960.1
BTCUSD_250627,BTC,2025-06-27 00:00:00+00:00,2025-03-19 00:00:00+00:00,88169.2
BTCUSD_250627,BTC,2025-06-27 00:00:00+00:00,2025-03-20 00:00:00+00:00,85408.9
BTCUSD_250627,BTC,2025-06-27 00:00:00+00:00,2025-03-21 00:00:00+00:00,85237.3
BTCUSD_250627,BTC,2025-06-27 00:00:00+00:00,2025-03-22 00:00:00+00:00,85031.5
BTCUSD_250627,BTC,2025-06-27 00:00:00+00:00,2025-03-23 00:00:00+00:00,87264.4
BTCUSD_250627,BTC,2025-06-27 00:00:00+00:00,2025-03-24 00:00:00+00:00,88681.4
BTCUSD_250627,BTC,2025-06-27 00:00:00+00:00,2025-03-25 00:00:00+00:00,88705.9
BTCUSD_250627,BTC,2025-06-27 00:00:00+00:00,2025-03-26 00:00:00+00:00,88065.4
BTCUSD_250627,BTC,2025-06-27 00:00:00+00:00,2025-03-27 00:00:00+00:00,88334.7
BTCUSD_250627,BTC,2025-06-27 00:00:00+00:00,2025-03-28 00:00:00+00:00,85392.7
BTCUSD_250627,BTC,2025-06-27 00:00:00+00:00,2025-03-29 00:00:00+00:00,83553.2
BTCUSD_250627,BTC,2025-06-27 00:00:00+00:00,2025-03-30 00:00:00+00:00,83237.8
BTCUSD_250627,BTC,2025-06-27 00:00:00+00:00,2025-03-31 00:00:00+00:00,83468.2
BTCUSD_250627,BTC,2025-06-27 00:00:00+00:00,2025-04-01 00:00:00+00:00,86235.0
BTCUSD_250627,BTC,2025-06-27 00:00:00+00:00,2025-04-02 00:00:00+00:00,83369.6
BTCUSD_250627,BTC,2025-06-27 00:00:00+00:00,2025-04-03 00:00:00+00:00,84229.8
BTCUSD_250627,BTC,2025-06-27 00:00:00+00:00,2025-04-04 00:00:00+00:00,84949.4
BTCUSD_250627,BTC,2025-06-27 00:00:00+00:00,2025-04-05 00:00:00+00:00,84548.2
BTCUSD_250627,BTC,2025-06-27 00:00:00+00:00,2025-04-06 00:00:00+00:00,79171.0
BTCUSD_250627,BTC,2025-06-27 00:00:00+00:00,2025-04-07 00:00:00+00:00,80087.0
BTCUSD_250627,BTC,2025-06-27 00:00:00+00:00,2025-04-08 00:00:00+00:00,77352.2
BTCUSD_250627,BTC,2025-06-27 00:00:00+00:00,2025-04-09 00:00:00+00:00,83750.1
BTCUSD_250627,BTC,2025-06-27 00:00:00+00:00,2025-04-10 00:00:00+00:00,80515.5
BTCUSD_250627,BTC,2025-06-27 00:00:00+00:00,2025-04-11 00:00:00+00:00,84292.2
BTCUSD_250627,BTC,2025-06-27 00:00:00+00:00,2025-04-12 00:00:00+00:00,86217.5
BTCUSD_250627,BTC,2025-06-27 00:00:00+00:00,2025-04-13 00:00:00+00:00,84693.8
BTCUSD_250627,BTC,2025-06-27 00:00:00+00:00,2025-04-14 00:00:00+00:00,85399.6
BTCUSD_250627,BTC,2025-06-27 00:00:00+00:00,2025-04-15 00:00:00+00:00,84576.5
BTCUSD_250627,BTC,2025-06-27 00:00:00+00:00,2025-04-16 00:00:00+00:00,84953.3
BTCUSD_250627,BTC,2025-06-27 00:00:00+00:00,2025-04-17 00:00:00+00:00,85802.1
BTCUSD_250627,BTC,2025-06-27 00:00:00+00:00,2025-04-18 00:00:00+00:00,85349.7
BTCUSD_250627,BTC,2025-06-27 00:00:00+00:00,2025-04-19 00:00:00+00:00,86035.6
BTCUSD_250627,BTC,2025-06-27 00:00:00+00:00,2025-04-20 00:00:00+00:00,86035.4
BTCUSD_250627,BTC,2025-06-27 00:00:00+00:00,2025-04-21 00:00:00+00:00,88306.8
BTCUSD_250627,BTC,2025-06-27 00:00:00+00:00,2025-04-22 00:00:00+00:00,94349.9
BTCUSD_250627,BTC,2025-06-27 00:00:00+00:00,2025-04-23 00:00:00+00:00,94592.8
BTCUSD_250627,BTC,2025-06-27 00:00:00+00:00,2025-04-24 00:00:00+00:00,94910.0
BTCUSD_250627,BTC,2025-06-27 00:00:00+00:00,2025-04-25 00:00:00+00:00,95624.9
BTCUSD_250627,BTC,2025-06-27 00:00:00+00:00,2025-04-26 00:00:00+00:00,95701.6
BTCUSD_250627,BTC,2025-06-27 00:00:00+00:00,2025-04-27 00:00:00+00:00,94681.8
BTCUSD_250627,BTC,2025-06-27 00:00:00+00:00,2025-04-28 00:00:00+00:00,95945.7
BTCUSD_250627,BTC,2025-06-27 00:00:00+00:00,2025-04-29 00:00:00+00:00,95296.9
BTCUSD_250627,BTC,2025-06-27 00:00:00+00:00,2025-04-30 00:00:00+00:00,95192.3
BTCUSD_250627,BTC,2025-06-27 00:00:00+00:00,2025-05-01 00:00:00+00:00,97486.3
BTCUSD_250627,BTC,2025-06-27 00:00:00+00:00,2025-05-02 00:00:00+00:00,97751.5
BTCUSD_250627,BTC,2025-06-27 00:00:00+00:00,2025-05-03 00:00:00+00:00,96665.6
BTCUSD_250627,BTC,2025-06-27 00:00:00+00:00,2025-05-04 00:00:00+00:00,94844.5
BTCUSD_250627,BTC,2025-06-27 00:00:00+00:00,2025-05-05 00:00:00+00:00,95396.5
BTCUSD_250627,BTC,2025-06-27 00:00:00+00:00,2025-05-06 00:00:00+00:00,97412.5
BTCUSD_250627,BTC,2025-06-27 00:00:00+00:00,2025-05-07 00:00:00+00:00,97596.5
BTCUSD_250627,BTC,2025-06-27 00:00:00+00:00,2025-05-08 00:00:00+00:00,104049.9
BTCUSD_250627,BTC,2025-06-27 00:00:00+00:00,2025-05-09 00:00:00+00:00,103701.1
BTCUSD_250627,BTC,2025-06-27 00:00:00+00:00,2025-05-10 00:00:00+00:00,105674.1
BTCUSD_250627,BTC,2025-06-27 00:00:00+00:00,2025-05-11 00:00:00+00:00,104968.5
BTCUSD_250627,BTC,2025-06-27 00:00:00+00:00,2025-05-12 00:00:00+00:00,103561.2
BTCUSD_250627,BTC,2025-06-27 00:00:00+00:00,2025-05-13 00:00:00+00:00,105000.2
BTCUSD_250627,BTC,2025-06-27 00:00:00+00:00,2025-05-14 00:00:00+00:00,104322.3
BTCUSD_250627,BTC,2025-06-27 00:00:00+00:00,2025-05-15 00:00:00+00:00,104437.7
BTCUSD_250627,BTC,2025-06-27 00:00:00+00:00,2025-05-16 00:00:00+00:00,104129.9
BTCUSD_250627,BTC,2025-06-27 00:00:00+00:00,2025-05-17 00:00:00+00:00,103669.9
BTCUSD_250627,BTC,2025-06-27 00:00:00+00:00,2025-05-18 00:00:00+00:00,107322.2
BTCUSD_250627,BTC,2025-06-27 00:00:00+00:00,2025-05-19 00:00:00+00:00,106261.2
BTCUSD_250627,BTC,2025-06-27 00:00:00+00:00,2025-05-20 00:00:00+00:00,107535.8
BTCUSD_250627,BTC,2025-06-27 00:00:00+00:00,2025-05-21 00:00:00+00:00,110474.1
BTCUSD_250627,BTC,2025-06-27 00:00:00+00:00,2025-05-22 00:00:00+00:00,112585.4
BTCUSD_250627,BTC,2025-06-27 00:00:00+00:00,2025-05-23 00:00:00+00:00,108093.0
BTCUSD_250627,BTC,2025-06-27 00:00:00+00:00,2025-05-24 00:00:00+00:00,108484.2
BTCUSD_250627,BTC,2025-06-27 00:00:00+00:00,2025-05-25 00:00:00+00:00,109724.7
BTCUSD_250627,BTC,2025-06-27 00:00:00+00:00,2025-05-26 00:00:00+00:00,110171.2
BTCUSD_250627,BTC,2025-06-27 00:00:00+00:00,2025-05-27 00:00:00+00:00,109659.6
BTCUSD_250627,BTC,2025-06-27 00:00:00+00:00,2025-05-28 00:00:00+00:00,108446.6
BTCUSD_250627,BTC,2025-06-27 00:00:00+00:00,2025-05-29 00:00:00+00:00,106153.4
BTCUSD_250627,BTC,2025-06-27 00:00:00+00:00,2025-05-30 00:00:00+00:00,104467.4
BTCUSD_250627,BTC,2025-06-27 00:00:00+00:00,2025-05-31 00:00:00+00:00,105085.0
BTCUSD_250627,BTC,2025-06-27 00:00:00+00:00,2025-06-01 00:00:00+00:00,106174.8
BTCUSD_250627,BTC,2025-06-27 00:00:00+00:00,2025-06-02 00:00:00+00:00,106369.1
BTCUSD_250627,BTC,2025-06-27 00:00:00+00:00,2025-06-03 00:00:00+00:00,105853.0
BTCUSD_250627,BTC,2025-06-27 00:00:00+00:00,2025-06-04 00:00:00+00:00,105041.1
BTCUSD_250627,BTC,2025-06-27 00:00:00+00:00,2025-06-05 00:00:00+00:00,101793.3
BTCUSD_250627,BTC,2025-06-27 00:00:00+00:00,2025-06-06 00:00:00+00:00,104679.6
BTCUSD_250627,BTC,2025-06-27 00:00:00+00:00,2025-06-07 00:00:00+00:00,105850.6
BTCUSD_250627,BTC,2025-06-27 00:00:00+00:00,2025-06-08 00:00:00+00:00,106076.2
BTCUSD_250627,BTC,2025-06-27 00:00:00+00:00,2025-06-09 00:00:00+00:00,110546.6
BTCUSD_250627,BTC,2025-06-27 00:00:00+00:00,2025-06-10 00:00:00+00:00,110584.1
BTCUSD_250627,BTC,2025-06-27 00:00:00+00:00,2025-06-11 00:00:00+00:00,108888.3
BTCUSD_250627,BTC,2025-06-27 00:00:00+00:00,2025-06-12 00:00:00+00:00,105838.1
BTCUSD_250627,BTC,2025-06-27 00:00:00+00:00,2025-06-13 00:00:00+00:00,106248.2
BTCUSD_250627,BTC,2025-06-27 00:00:00+00:00,2025-06-14 00:00:00+00:00,105556.3
BTCUSD_250627,BTC,2025-06-27 00:00:00+00:00,2025-06-15 00:00:00+00:00,105715.2
BTCUSD_250627,BTC,2025-06-27 00:00:00+00:00,2025-06-16 00:00:00+00:00,106930.8
BTCUSD_250627,BTC,2025-06-27 00:00:00+00:00,2025-06-17 00:00:00+00:00,104663.7
BTCUSD_250627,BTC,2025-06-27 00:00:00+00:00,2025-06-18 00:00:00+00:00,104951.2
BTCUSD_250627,BTC,2025-06-27 00:00:00+00:00,2025-06-19 00:00:00+00:00,104709.3
BTCUSD_250627,BTC,2025-06-27 00:00:00+00:00,2025-06-20 00:00:00+00:00,103328.4
BTCUSD_250627,BTC,2025-06-27 00:00:00+00:00,2025-06-21 00:00:00+00:00,102173.6
BTCUSD_250627,BTC,2025-06-27 00:00:00+00:00,2025-06-22 00:00:00+00:00,101079.2
BTCUSD_250627,BTC,2025-06-27 00:00:00+00:00,2025-06-23 00:00:00+00:00,105464.8
BTCUSD_250627,BTC,2025-06-27 00:00:00+00:00,2025-06-24 00:00:00+00:00,106198.2
BTCUSD_250627,BTC,2025-06-27 00:00:00+00:00,2025-06-25 00:00:00+00:00,107408.3
BTCUSD_250627,BTC,2025-06-27 00:00:00+00:00,2025-06-26 00:00:00+00:00,107014.8
BTCUSD_250926,BTC,2025-09-26 00:00:00+00:00,2025-03-28 00:00:00+00:00,86811.3
BTCUSD_250926,BTC,2025-09-26 00:00:00+00:00,2025-03-29 00:00:00+00:00,84870.6
BTCUSD_250926,BTC,2025-09-26 00:00:00+00:00,2025-03-30 00:00:00+00:00,84588.5
BTCUSD_250926,BTC,2025-09-26 00:00:00+00:00,2025-03-31 00:00:00+00:00,84682.2
BTCUSD_250926,BTC,2025-09-26 00:00:00+00:00,2025-04-01 00:00:00+00:00,87680.5
BTCUSD_250926,BTC,2025-09-26 00:00:00+00:00,2025-04-02 00:00:00+00:00,84832.9
BTCUSD_250926,BTC,2025-09-26 00:00:00+00:00,2025-04-03 00:00:00+00:00,85692.6
BTCUSD_250926,BTC,2025-09-26 00:00:00+00:00,2025-04-04 00:00:00+00:00,86277.9
BTCUSD_250926,BTC,2025-09-26 00:00:00+00:00,2025-04-05 00:00:00+00:00,85987.2
BTCUSD_250926,BTC,2025-09-26 00:00:00+00:00,2025-04-06 00:00:00+00:00,80402.2
BTCUSD_250926,BTC,2025-09-26 00:00:00+00:00,2025-04-07 00:00:00+00:00,81551.1
BTCUSD_250926,BTC,2025-09-26 00:00:00+00:00,2025-04-08 00:00:00+00:00,78647.2
BTCUSD_250926,BTC,2025-09-26 00:00:00+00:00,2025-04-09 00:00:00+00:00,85614.3
BTCUSD_250926,BTC,2025-09-26 00:00:00+00:00,2025-04-10 00:00:00+00:00,81982.4
BTCUSD_250926,BTC,2025-09-26 00:00:00+00:00,2025-04-11 00:00:00+00:00,85550.2
BTCUSD_250926,BTC,2025-09-26 00:00:00+00:00,2025-04-12 00:00:00+00:00,87677.5
BTCUSD_250926,BTC,2025-09-26 00:00:00+00:00,2025-04-13 00:00:00+00:00,86147.4
BTCUSD_250926,BTC,2025-09-26 00:00:00+00:00,2025-04-14 00:00:00+00:00,86864.2
BTCUSD_250926,BTC,2025-09-26 00:00:00+00:00,2025-04-15 00:00:00+00:00,85971.8
BTCUSD_250926,BTC,2025-09-26 00:00:00+00:00,2025-04-16 00:00:00+00:00,86396.0
BTCUSD_250926,BTC,2025-09-26 00:00:00+00:00,2025-04-17 00:00:00+00:00,87293.9
BTCUSD_250926,BTC,2025-09-26 00:00:00+00:00,2025-04-18 00:00:00+00:00,86769.4
BTCUSD_250926,BTC,2025-09-26 00:00:00+00:00,2025-04-19 00:00:00+00:00,87554.9
BTCUSD_250926,BTC,2025-09-26 00:00:00+00:00,2025-04-20 00:00:00+00:00,87464.9
BTCUSD_250926,BTC,2025-09-26 00:00:00+00:00,2025-04-21 00:00:00+00:00,89854.9
BTCUSD_250926,BTC,2025-09-26 00:00:00+00:00,2025-04-22 00:00:00+00:00,96109.9
BTCUSD_250926,BTC,2025-09-26 00:00:00+00:00,2025-04-23 00:00:00+00:00,96374.7
BTCUSD_250926,BTC,2025-09-26 00:00:00+00:00,2025-04-24 00:00:00+00:00,96679.2
BTCUSD_250926,BTC,2025-09-26 00:00:00+00:00,2025-04-25 00:00:00+00:00,97387.7
BTCUSD_250926,BTC,2025-09-26 00:00:00+00:00,2025-04-26 00:00:00+00:00,97373.3
BTCUSD_250926,BTC,2025-09-26 00:00:00+00:00,2025-04-27 00:00:00+00:00,96359.3
BTCUSD_250926,BTC,2025-09-26 00:00:00+00:00,2025-04-28 00:00:00+00:00,97689.1
BTCUSD_250926,BTC,2025-09-26 00:00:00+00:00,2025-04-29 00:00:00+00:00,96956.6
BTCUSD_250926,BTC,2025-09-26 00:00:00+00:00,2025-04-30 00:00:00+00:00,96792.6
BTCUSD_250926,BTC,2025-09-26 00:00:00+00:00,2025-05-01 00:00:00+00:00,99058.0
BTCUSD_250926,BTC,2025-09-26 00:00:00+00:00,2025-05-02 00:00:00+00:00,99419.2
BTCUSD_250926,BTC,2025-09-26 00:00:00+00:00,2025-05-03 00:00:00+00:00,98242.8
BTCUSD_250926,BTC,2025-09-26 00:00:00+00:00,2025-05-04 00:00:00+00:00,96399.8
BTCUSD_250926,BTC,2025-09-26 00:00:00+00:00,2025-05-05 00:00:00+00:00,97053.1
BTCUSD_250926,BTC,2025-09-26 00:00:00+00:00,2025-05-06 00:00:00+00:00,99015.6
BTCUSD_250926,BTC,2025-09-26 00:00:00+00:00,2025-05-07 00:00:00+00:00,99154.9
BTCUSD_250926,BTC,2025-09-26 00:00:00+00:00,2025-05-08 00:00:00+00:00,105885.4
BTCUSD_250926,BTC,2025-09-26 00:00:00+00:00,2025-05-09 00:00:00+00:00,105572.9
BTCUSD_250926,BTC,2025-09-26 00:00:00+00:00,2025-05-10 00:00:00+00:00,107629.3
BTCUSD_250926,BTC,2025-09-26 00:00:00+00:00,2025-05-11 00:00:00+00:00,107028.6
BTCUSD_250926,BTC,2025-09-26 00:00:00+00:00,2025-05-12 00:00:00+00:00,105521.5
BTCUSD_250926,BTC,2025-09-26 00:00:00+00:00,2025-05-13 00:00:00+00:00,107125.8
BTCUSD_250926,BTC,2025-09-26 00:00:00+00:00,2025-05-14 00:00:00+00:00,106355.3
BTCUSD_250926,BTC,2025-09-26 00:00:00+00:00,2025-05-15 00:00:00+00:00,106350.5
BTCUSD_250926,BTC,2025-09-26 00:00:00+00:00,2025-05-16 00:00:00+00:00,106039.5
BTCUSD_250926,BTC,2025-09-26 00:00:00+00:00,2025-05-17 00:00:00+00:00,105499.1
BTCUSD_250926,BTC,2025-09-26 00:00:00+00:00,2025-05-18 00:00:00+00:00,109302.1
BTCUSD_250926,BTC,2025-09-26 00:00:00+00:00,2025-05-19 00:00:00+00:00,108142.8
BTCUSD_250926,BTC,2025-09-26 00:00:00+00:00,2025-05-20 00:00:00+00:00,109475.0
BTCUSD_250926,BTC,2025-09-26 00:00:00+00:00,2025-05-21 00:00:00+00:00,112715.4
BTCUSD_250926,BTC,2025-09-26 00:00:00+00:00,2025-05-22 00:00:00+00:00,114765.5
BTCUSD_250926,BTC,2025-09-26 00:00:00+00:00,2025-05-23 00:00:00+00:00,110150.7
BTCUSD_250926,BTC,2025-09-26 00:00:00+00:00,2025-05-24 00:00:00+00:00,110567.8
BTCUSD_250926,BTC,2025-09-26 00:00:00+00:00,2025-05-25 00:00:00+00:00,111879.4
BTCUSD_250926,BTC,2025-09-26 00:00:00+00:00,2025-05-26 00:00:00+00:00,112354.8
BTCUSD_250926,BTC,2025-09-26 00:00:00+00:00,2025-05-27 00:00:00+00:00,111793.5
BTCUSD_250926,BTC,2025-09-26 00:00:00+00:00,2025-05-28 00:00:00+00:00,110570.0
BTCUSD_250926,BTC,2025-09-26 00:00:00+00:00,2025-05-29 00:00:00+00:00,108277.8
BTCUSD_250926,BTC,2025-09-26 00:00:00+00:00,2025-05-30 00:00:00+00:00,106642.4
BTCUSD_250926,BTC,2025-09-26 00:00:00+00:00,2025-05-31 00:00:00+00:00,107163.9
BTCUSD_250926,BTC,2025-09-26 00:00:00+00:00,2025-06-01 00:00:00+00:00,108268.2
BTCUSD_250926,BTC,2025-09-26 00:00:00+00:00,2025-06-02 00:00:00+00:00,108391.0
BTCUSD_250926,BTC,2025-09-26 00:00:00+00:00,2025-06-03 00:00:00+00:00,107754.1
BTCUSD_250926,BTC,2025-09-26 00:00:00+00:00,2025-06-04 00:00:00+00:00,106878.9
BTCUSD_250926,BTC,2025-09-26 00:00:00+00:00,2025-06-05 00:00:00+00:00,103592.6
BTCUSD_250926,BTC,2025-09-26 00:00:00+00:00,2025-06-06 00:00:00+00:00,106422.0
BTCUSD_250926,BTC,2025-09-26 00:00:00+00:00,2025-06-07 00:00:00+00:00,107591.3
BTCUSD_250926,BTC,2025-09-26 00:00:00+00:00,2025-06-08 00:00:00+00:00,107924.1
BTCUSD_250926,BTC,2025-09-26 00:00:00+00:00,2025-06-09 00:00:00+00:00,112308.7
BTCUSD_250926,BTC,2025-09-26 00:00:00+00:00,2025-06-10 00:00:00+00:00,112330.2
BTCUSD_250926,BTC,2025-09-26 00:00:00+00:00,2025-06-11 00:00:00+00:00,110625.3
BTCUSD_250926,BTC,2025-09-26 00:00:00+00:00,2025-06-12 00:00:00+00:00,107342.5
BTCUSD_250926,BTC,2025-09-26 00:00:00+00:00,2025-06-13 00:00:00+00:00,107780.3
BTCUSD_250926,BTC,2025-09-26 00:00:00+00:00,2025-06-14 00:00:00+00:00,107110.7
BTCUSD_250926,BTC,2025-09-26 00:00:00+00:00,2025-06-15 00:00:00+00:00,107250.9
BTCUSD_250926,BTC,2025-09-26 00:00:00+00:00,2025-06-16 00:00:00+00:00,108468.6
BTCUSD_250926,BTC,2025-09-26 00:00:00+00:00,2025-06-17 00:00:00+00:00,106221.4
BTCUSD_250926,BTC,2025-09-26 00:00:00+00:00,2025-06-18 00:00:00+00:00,106451.3
BTCUSD_250926,BTC,2025-09-26 00:00:00+00:00,2025-06-19 00:00:00+00:00,106150.1
BTCUSD_250926,BTC,2025-09-26 00:00:00+00:00,2025-06-20 00:00:00+00:00,104775.6
BTCUSD_250926,BTC,2025-09-26 00:00:00+00:00,2025-06-21 00:00:00+00:00,103476.8
BTCUSD_250926,BTC,2025-09-26 00:00:00+00:00,2025-06-22 00:00:00+00:00,102175.9
BTCUSD_250926,BTC,2025-09-26 00:00:00+00:00,2025-06-23 00:00:00+00:00,106715.4
BTCUSD_250926,BTC,2025-09-26 00:00:00+00:00,2025-06-24 00:00:00+00:00,107491.3
BTCUSD_250926,BTC,2025-09-26 00:00:00+00:00,2025-06-25 00:00:00+00:00,108808.9
BTCUSD_250926,BTC,2025-09-26 00:00:00+00:00,2025-06-26 00:00:00+00:00,108370.8
BTCUSD_250926,BTC,2025-09-26 00:00:00+00:00,2025-06-27 00:00:00+00:00,108291.6
BTCUSD_250926,BTC,2025-09-26 00:00:00+00:00,2025-06-28 00:00:00+00:00,108518.7
BTCUSD_250926,BTC,2025-09-26 00:00:00+00:00,2025-06-29 00:00:00+00:00,109650.1
BTCUSD_250926,BTC,2025-09-26 00:00:00+00:00,2025-06-30 00:00:00+00:00,108319.3
BTCUSD_250926,BTC,2025-09-26 00:00:00+00:00,2025-07-01 00:00:00+00:00,106588.5
BTCUSD_250926,BTC,2025-09-26 00:00:00+00:00,2025-07-02 00:00:00+00:00,109862.7
BTCUSD_250926,BTC,2025-09-26 00:00:00+00:00,2025-07-03 00:00:00+00:00,110742.5
BTCUSD_250926,BTC,2025-09-26 00:00:00+00:00,2025-07-04 00:00:00+00:00,109064.6
BTCUSD_250926,BTC,2025-09-26 00:00:00+00:00,2025-07-05 00:00:00+00:00,109168.3
BTCUSD_250926,BTC,2025-09-26 00:00:00+00:00,2025-07-06 00:00:00+00:00,110341.6
BTCUSD_250926,BTC,2025-09-26 00:00:00+00:00,2025-07-07 00:00:00+00:00,109273.6
BTCUSD_250926,BTC,2025-09-26 00:00:00+00:00,2025-07-08 00:00:00+00:00,110071.7
BTCUSD_250926,BTC,2025-09-26 00:00:00+00:00,2025-07-09 00:00:00+00:00,112657.9
BTCUSD_250926,BTC,2025-09-26 00:00:00+00:00,2025-07-10 00:00:00+00:00,117476.3
BTCUSD_250926,BTC,2025-09-26 00:00:00+00:00,2025-07-11 00:00:00+00:00,119176.2
BTCUSD_250926,BTC,2025-09-26 00:00:00+00:00,2025-07-12 00:00:00+00:00,119157.1
BTCUSD_250926,BTC,2025-09-26 00:00:00+00:00,2025-07-13 00:00:00+00:00,120877.3
BTCUSD_250926,BTC,2025-09-26 00:00:00+00:00,2025-07-14 00:00:00+00:00,121653.8
BTCUSD_250926,BTC,2025-09-26 00:00:00+00:00,2025-07-15 00:00:00+00:00,119596.2
BTCUSD_250926,BTC,2025-09-26 00:00:00+00:00,2025-07-16 00:00:00+00:00,120440.7
BTCUSD_250926,BTC,2025-09-26 00:00:00+00:00,2025-07-17 00:00:00+00:00,120885.2
BTCUSD_250926,BTC,2025-09-26 00:00:00+00:00,2025-07-18 00:00:00+00:00,119694.2
BTCUSD_250926,BTC,2025-09-26 00:00:00+00:00,2025-07-19 00:00:00+00:00,119717.9
BTCUSD_250926,BTC,2025-09-26 00:00:00+00:00,2025-07-20 00:00:00+00:00,119127.8
BTCUSD_250926,BTC,2025-09-26 00:00:00+00:00,2025-07-21 00:00:00+00:00,119153.5
BTCUSD_250926,BTC,2025-09-26 00:00:00+00:00,2025-07-22 00:00:00+00:00,121816.9
BTCUSD_250926,BTC,2025-09-26 00:00:00+00:00,2025-07-23 00:00:00+00:00,120685.7
BTCUSD_250926,BTC,2025-09-26 00:00:00+00:00,2025-07-24 00:00:00+00:00,120109.1
BTCUSD_250926,BTC,2025-09-26 00:00:00+00:00,2025-07-25 00:00:00+00:00,119270.4
BTCUSD_250926,BTC,2025-09-26 00:00:00+00:00,2025-07-26 00:00:00+00:00,119632.2
BTCUSD_250926,BTC,2025-09-26 00:00:00+00:00,2025-07-27 00:00:00+00:00,121313.0
BTCUSD_250926,BTC,2025-09-26 00:00:00+00:00,2025-07-28 00:00:00+00:00,119814.1
BTCUSD_250926,BTC,2025-09-26 00:00:00+00:00,2025-07-29 00:00:00+00:00,119546.8
BTCUSD_250926,BTC,2025-09-26 00:00:00+00:00,2025-07-30 00:00:00+00:00,119089.1
BTCUSD_250926,BTC,2025-09-26 00:00:00+00:00,2025-07-31 00:00:00+00:00,116964.2
BTCUSD_250926,BTC,2025-09-26 00:00:00+00:00,2025-08-01 00:00:00+00:00,114181.7
BTCUSD_250926,BTC,2025-09-26 00:00:00+00:00,2025-08-02 00:00:00+00:00,113691.7
BTCUSD_250926,BTC,2025-09-26 00:00:00+00:00,2025-08-03 00:00:00+00:00,115293.4
BTCUSD_250926,BTC,2025-09-26 00:00:00+00:00,2025-08-04 00:00:00+00:00,116242.8
BTCUSD_250926,BTC,2025-09-26 00:00:00+00:00,2025-08-05 00:00:00+00:00,115316.2
BTCUSD_250926,BTC,2025-09-26 00:00:00+00:00,2025-08-06 00:00:00+00:00,116135.9
BTCUSD_250926,BTC,2025-09-26 00:00:00+00:00,2025-08-07 00:00:00+00:00,118684.7
BTCUSD_250926,BTC,2025-09-26 00:00:00+00:00,2025-08-08 00:00:00+00:00,117877.7
BTCUSD_250926,BTC,2025-09-26 00:00:00+00:00,2025-08-09 00:00:00+00:00,117774.8
BTCUSD_250926,BTC,2025-09-26 00:00:00+00:00,2025-08-10 00:00:00+00:00,120559.2
BTCUSD_250926,BTC,2025-09-26 00:00:00+00:00,2025-08-11 00:00:00+00:00,120001.4
BTCUSD_250926,BTC,2025-09-26 00:00:00+00:00,2025-08-12 00:00:00+00:00,121402.6
BTCUSD_250926,BTC,2025-09-26 00:00:00+00:00,2025-08-13 00:00:00+00:00,124750.0
BTCUSD_250926,BTC,2025-09-26 00:00:00+00:00,2025-08-14 00:00:00+00:00,119601.9
BTCUSD_250926,BTC,2025-09-26 00:00:00+00:00,2025-08-15 00:00:00+00:00,118515.7
BTCUSD_250926,BTC,2025-09-26 00:00:00+00:00,2025-08-16 00:00:00+00:00,118460.4
BTCUSD_250926,BTC,2025-09-26 00:00:00+00:00,2025-08-17 00:00:00+00:00,118402.3
BTCUSD_250926,BTC,2025-09-26 00:00:00+00:00,2025-08-18 00:00:00+00:00,117003.9
BTCUSD_250926,BTC,2025-09-26 00:00:00+00:00,2025-08-19 00:00:00+00:00,113504.3
BTCUSD_250926,BTC,2025-09-26 00:00:00+00:00,2025-08-20 00:00:00+00:00,114972.7
BTCUSD_250926,BTC,2025-09-26 00:00:00+00:00,2025-08-21 00:00:00+00:00,113178.9
BTCUSD_250926,BTC,2025-09-26 00:00:00+00:00,2025-08-22 00:00:00+00:00,117807.9
BTCUSD_250926,BTC,2025-09-26 00:00:00+00:00,2025-08-23 00:00:00+00:00,116339.3
BTCUSD_250926,BTC,2025-09-26 00:00:00+00:00,2025-08-24 00:00:00+00:00,114468.6
BTCUSD_250926,BTC,2025-09-26 00:00:00+00:00,2025-08-25 00:00:00+00:00,110797.0
BTCUSD_250926,BTC,2025-09-26 00:00:00+00:00,2025-08-26 00:00:00+00:00,112498.2
BTCUSD_250926,BTC,2025-09-26 00:00:00+00:00,2025-08-27 00:00:00+00:00,111936.2
BTCUSD_250926,BTC,2025-09-26 00:00:00+00:00,2025-08-28 00:00:00+00:00,113158.5
BTCUSD_250926,BTC,2025-09-26 00:00:00+00:00,2025-08-29 00:00:00+00:00,108932.6
BTCUSD_250926,BTC,2025-09-26 00:00:00+00:00,2025-08-30 00:00:00+00:00,109271.9
BTCUSD_250926,BTC,2025-09-26 00:00:00+00:00,2025-08-31 00:00:00+00:00,108693.8
BTCUSD_250926,BTC,2025-09-26 00:00:00+00:00,2025-09-01 00:00:00+00:00,109667.9
BTCUSD_250926,BTC,2025-09-26 00:00:00+00:00,2025-09-02 00:00:00+00:00,111660.1
BTCUSD_250926,BTC,2025-09-26 00:00:00+00:00,2025-09-03 00:00:00+00:00,112155.8
BTCUSD_250926,BTC,2025-09-26 00:00:00+00:00,2025-09-04 00:00:00+00:00,111061.8
BTCUSD_250926,BTC,2025-09-26 00:00:00+00:00,2025-09-05 00:00:00+00:00,110988.3
BTCUSD_250926,BTC,2025-09-26 00:00:00+00:00,2025-09-06 00:00:00+00:00,110544.8
BTCUSD_250926,BTC,2025-09-26 00:00:00+00:00,2025-09-07 00:00:00+00:00,111541.0
BTCUSD_250926,BTC,2025-09-26 00:00:00+00:00,2025-09-08 00:00:00+00:00,112405.5
BTCUSD_250926,BTC,2025-09-26 00:00:00+00:00,2025-09-09 00:00:00+00:00,111920.7
BTCUSD_250926,BTC,2025-09-26 00:00:00+00:00,2025-09-10 00:00:00+00:00,114286.9
BTCUSD_250926,BTC,2025-09-26 00:00:00+00:00,2025-09-11 00:00:00+00:00,115943.0
BTCUSD_250926,BTC,2025-09-26 00:00:00+00:00,2025-09-12 00:00:00+00:00,116451.1
BTCUSD_250926,BTC,2025-09-26 00:00:00+00:00,2025-09-13 00:00:00+00:00,116322.4
BTCUSD_250926,BTC,2025-09-26 00:00:00+00:00,2025-09-14 00:00:00+00:00,115633.2
BTCUSD_250926,BTC,2025-09-26 00:00:00+00:00,2025-09-15 00:00:00+00:00,115630.9
BTCUSD_250926,BTC,2025-09-26 00:00:00+00:00,2025-09-16 00:00:00+00:00,116979.9
BTCUSD_250926,BTC,2025-09-26 00:00:00+00:00,2025-09-17 00:00:00+00:00,116629.5
BTCUSD_250926,BTC,2025-09-26 00:00:00+00:00,2025-09-18 00:00:00+00:00,117286.7
BTCUSD_250926,BTC,2025-09-26 00:00:00+00:00,2025-09-19 00:00:00+00:00,115848.1
BTCUSD_250926,BTC,2025-09-26 00:00:00+00:00,2025-09-20 00:00:00+00:00,115896.4
BTCUSD_250926,BTC,2025-09-26 00:00:00+00:00,2025-09-21 00:00:00+00:00,115419.1
BTCUSD_250926,BTC,2025-09-26 00:00:00+00:00,2025-09-22 00:00:00+00:00,112807.2
BTCUSD_250926,BTC,2025-09-26 00:00:00+00:00,2025-09-23 00:00:00+00:00,112082.6
BTCUSD_250926,BTC,2025-09-26 00:00:00+00:00,2025-09-24 00:00:00+00:00,113427.2
BTCUSD_250926,BTC,2025-09-26 00:00:00+00:00,2025-09-25 00:00:00+00:00,109112.8
BTCUSD_251226,BTC,2025-12-26 00:00:00+00:00,2025-06-27 00:00:00+00:00,110167.2
BTCUSD_251226,BTC,2025-12-26 00:00:00+00:00,2025-06-28 00:00:00+00:00,110323.5
BTCUSD_251226,BTC,2025-12-26 00:00:00+00:00,2025-06-29 00:00:00+00:00,111621.6
BTCUSD_251226,BTC,2025-12-26 00:00:00+00:00,2025-06-30 00:00:00+00:00,110233.6
BTCUSD_251226,BTC,2025-12-26 00:00:00+00:00,2025-07-01 00:00:00+00:00,108415.9
BTCUSD_251226,BTC,2025-12-26 00:00:00+00:00,2025-07-02 00:00:00+00:00,111820.8
BTCUSD_251226,BTC,2025-12-26 00:00:00+00:00,2025-07-03 00:00:00+00:00,112733.6
BTCUSD_251226,BTC,2025-12-26 00:00:00+00:00,2025-07-04 00:00:00+00:00,110957.5
BTCUSD_251226,BTC,2025-12-26 00:00:00+00:00,2025-07-05 00:00:00+00:00,111072.6
BTCUSD_251226,BTC,2025-12-26 00:00:00+00:00,2025-07-06 00:00:00+00:00,112375.5
BTCUSD_251226,BTC,2025-12-26 00:00:00+00:00,2025-07-07 00:00:00+00:00,111199.6
BTCUSD_251226,BTC,2025-12-26 00:00:00+00:00,2025-07-08 00:00:00+00:00,112078.0
BTCUSD_251226,BTC,2025-12-26 00:00:00+00:00,2025-07-09 00:00:00+00:00,114779.1
BTCUSD_251226,BTC,2025-12-26 00:00:00+00:00,2025-07-10 00:00:00+00:00,119593.4
BTCUSD_251226,BTC,2025-12-26 00:00:00+00:00,2025-07-11 00:00:00+00:00,121419.8
BTCUSD_251226,BTC,2025-12-26 00:00:00+00:00,2025-07-12 00:00:00+00:00,121460.4
BTCUSD_251226,BTC,2025-12-26 00:00:00+00:00,2025-07-13 00:00:00+00:00,123399.6
BTCUSD_251226,BTC,2025-12-26 00:00:00+00:00,2025-07-14 00:00:00+00:00,124081.5
BTCUSD_251226,BTC,2025-12-26 00:00:00+00:00,2025-07-15 00:00:00+00:00,122013.5
BTCUSD_251226,BTC,2025-12-26 00:00:00+00:00,2025-07-16 00:00:00+00:00,122821.3
BTCUSD_251226,BTC,2025-12-26 00:00:00+00:00,2025-07-17 00:00:00+00:00,123197.0
BTCUSD_251226,BTC,2025-12-26 00:00:00+00:00,2025-07-18 00:00:00+00:00,122129.9
BTCUSD_251226,BTC,2025-12-26 00:00:00+00:00,2025-07-19 00:00:00+00:00,122063.7
BTCUSD_251226,BTC,2025-12-26 00:00:00+00:00,2025-07-20 00:00:00+00:00,121585.8
BTCUSD_251226,BTC,2025-12-26 00:00:00+00:00,2025-07-21 00:00:00+00:00,121567.2
BTCUSD_251226,BTC,2025-12-26 00:00:00+00:00,2025-07-22 00:00:00+00:00,124373.3
BTCUSD_251226,BTC,2025-12-26 00:00:00+00:00,2025-07-23 00:00:00+00:00,123103.2
BTCUSD_251226,BTC,2025-12-26 00:00:00+00:00,2025-07-24 00:00:00+00:00,122564.6
BTCUSD_251226,BTC,2025-12-26 00:00:00+00:00,2025-07-25 00:00:00+00:00,121690.0
BTCUSD_251226,BTC,2025-12-26 00:00:00+00:00,2025-07-26 00:00:00+00:00,122137.3
BTCUSD_251226,BTC,2025-12-26 00:00:00+00:00,2025-07-27 00:00:00+00:00,123745.0
BTCUSD_251226,BTC,2025-12-26 00:00:00+00:00,2025-07-28 00:00:00+00:00,122232.2
BTCUSD_251226,BTC,2025-12-26 00:00:00+00:00,2025-07-29 00:00:00+00:00,121966.3
BTCUSD_251226,BTC,2025-12-26 00:00:00+00:00,2025-07-30 00:00:00+00:00,121341.3
BTCUSD_251226,BTC,2025-12-26 00:00:00+00:00,2025-07-31 00:00:00+00:00,119053.9
BTCUSD_251226,BTC,2025-12-26 00:00:00+00:00,2025-08-01 00:00:00+00:00,116049.8
BTCUSD_251226,BTC,2025-12-26 00:00:00+00:00,2025-08-02 00:00:00+00:00,115638.5
BTCUSD_251226,BTC,2025-12-26 00:00:00+00:00,2025-08-03 00:00:00+00:00,117311.4
BTCUSD_251226,BTC,2025-12-26 00:00:00+00:00,2025-08-04 00:00:00+00:00,118353.1
BTCUSD_251226,BTC,2025-12-26 00:00:00+00:00,2025-08-05 00:00:00+00:00,117448.9
BTCUSD_251226,BTC,2025-12-26 00:00:00+00:00,2025-08-06 00:00:00+00:00,118362.5
BTCUSD_251226,BTC,2025-12-26 00:00:00+00:00,2025-08-07 00:00:00+00:00,121175.5
BTCUSD_251226,BTC,2025-12-26 00:00:00+00:00,2025-08-08 00:00:00+00:00,120362.3
BTCUSD_251226,BTC,2025-12-26 00:00:00+00:00,2025-08-09 00:00:00+00:00,120316.3
BTCUSD_251226,BTC,2025-12-26 00:00:00+00:00,2025-08-10 00:00:00+00:00,123241.1
BTCUSD_251226,BTC,2025-12-26 00:00:00+00:00,2025-08-11 00:00:00+00:00,122552.5
BTCUSD_251226,BTC,2025-12-26 00:00:00+00:00,2025-08-12 00:00:00+00:00,124263.1
BTCUSD_251226,BTC,2025-12-26 00:00:00+00:00,2025-08-13 00:00:00+00:00,127697.5
BTCUSD_251226,BTC,2025-12-26 00:00:00+00:00,2025-08-14 00:00:00+00:00,122520.7
BTCUSD_251226,BTC,2025-12-26 00:00:00+00:00,2025-08-15 00:00:00+00:00,121246.9
BTCUSD_251226,BTC,2025-12-26 00:00:00+00:00,2025-08-16 00:00:00+00:00,121187.6
BTCUSD_251226,BTC,2025-12-26 00:00:00+00:00,2025-08-17 00:00:00+00:00,121054.1
BTCUSD_251226,BTC,2025-12-26 00:00:00+00:00,2025-08-18 00:00:00+00:00,119313.6
BTCUSD_251226,BTC,2025-12-26 00:00:00+00:00,2025-08-19 00:00:00+00:00,115629.8
BTCUSD_251226,BTC,2025-12-26 00:00:00+00:00,2025-08-20 00:00:00+00:00,117009.0
BTCUSD_251226,BTC,2025-12-26 00:00:00+00:00,2025-08-21 00:00:00+00:00,115212.8
BTCUSD_251226,BTC,2025-12-26 00:00:00+00:00,2025-08-22 00:00:00+00:00,120131.5
BTCUSD_251226,BTC,2025-12-26 00:00:00+00:00,2025-08-23 00:00:00+00:00,118625.0
BTCUSD_251226,BTC,2025-12-26 00:00:00+00:00,2025-08-24 00:00:00+00:00,116795.7
BTCUSD_251226,BTC,2025-12-26 00:00:00+00:00,2025-08-25 00:00:00+00:00,112870.2
BTCUSD_251226,BTC,2025-12-26 00:00:00+00:00,2025-08-26 00:00:00+00:00,114700.0
BTCUSD_251226,BTC,2025-12-26 00:00:00+00:00,2025-08-27 00:00:00+00:00,114130.5
BTCUSD_251226,BTC,2025-12-26 00:00:00+00:00,2025-08-28 00:00:00+00:00,115365.1
BTCUSD_251226,BTC,2025-12-26 00:00:00+00:00,2025-08-29 00:00:00+00:00,111050.3
BTCUSD_251226,BTC,2025-12-26 00:00:00+00:00,2025-08-30 00:00:00+00:00,111352.7
BTCUSD_251226,BTC,2025-12-26 00:00:00+00:00,2025-08-31 00:00:00+00:00,110728.7
BTCUSD_251226,BTC,2025-12-26 00:00:00+00:00,2025-09-01 00:00:00+00:00,111650.6
BTCUSD_251226,BTC,2025-12-26 00:00:00+00:00,2025-09-02 00:00:00+00:00,113670.8
BTCUSD_251226,BTC,2025-12-26 00:00:00+00:00,2025-09-03 00:00:00+00:00,114256.7
BTCUSD_251226,BTC,2025-12-26 00:00:00+00:00,2025-09-04 00:00:00+00:00,112850.4
BTCUSD_251226,BTC,2025-12-26 00:00:00+00:00,2025-09-05 00:00:00+00:00,112820.2
BTCUSD_251226,BTC,2025-12-26 00:00:00+00:00,2025-09-06 00:00:00+00:00,112454.5
BTCUSD_251226,BTC,2025-12-26 00:00:00+00:00,2025-09-07 00:00:00+00:00,113462.9
BTCUSD_251226,BTC,2025-12-26 00:00:00+00:00,2025-09-08 00:00:00+00:00,114359.5
BTCUSD_251226,BTC,2025-12-26 00:00:00+00:00,2025-09-09 00:00:00+00:00,113950.7
BTCUSD_251226,BTC,2025-12-26 00:00:00+00:00,2025-09-10 00:00:00+00:00,116297.8
BTCUSD_251226,BTC,2025-12-26 00:00:00+00:00,2025-09-11 00:00:00+00:00,118008.3
BTCUSD_251226,BTC,2025-12-26 00:00:00+00:00,2025-09-12 00:00:00+00:00,118607.3
BTCUSD_251226,BTC,2025-12-26 00:00:00+00:00,2025-09-13 00:00:00+00:00,118639.4
BTCUSD_251226,BTC,2025-12-26 00:00:00+00:00,2025-09-14 00:00:00+00:00,118080.0
BTCUSD_251226,BTC,2025-12-26 00:00:00+00:00,2025-09-15 00:00:00+00:00,117835.5
BTCUSD_251226,BTC,2025-12-26 00:00:00+00:00,2025-09-16 00:00:00+00:00,119115.7
BTCUSD_251226,BTC,2025-12-26 00:00:00+00:00,2025-09-17 00:00:00+00:00,118458.2
BTCUSD_251226,BTC,2025-12-26 00:00:00+00:00,2025-09-18 00:00:00+00:00,119263.7
BTCUSD_251226,BTC,2025-12-26 00:00:00+00:00,2025-09-19 00:00:00+00:00,117810.5
BTCUSD_251226,BTC,2025-12-26 00:00:00+00:00,2025-09-20 00:00:00+00:00,117814.5
BTCUSD_251226,BTC,2025-12-26 00:00:00+00:00,2025-09-21 00:00:00+00:00,117356.7
BTCUSD_251226,BTC,2025-12-26 00:00:00+00:00,2025-09-22 00:00:00+00:00,114663.4
BTCUSD_251226,BTC,2025-12-26 00:00:00+00:00,2025-09-23 00:00:00+00:00,113953.1
BTCUSD_251226,BTC,2025-12-26 00:00:00+00:00,2025-09-24 00:00:00+00:00,115200.3
BTCUSD_251226,BTC,2025-12-26 00:00:00+00:00,2025-09-25 00:00:00+00:00,110805.6
BTCUSD_251226,BTC,2025-12-26 00:00:00+00:00,2025-09-26 00:00:00+00:00,111491.8
BTCUSD_251226,BTC,2025-12-26 00:00:00+00:00,2025-09-27 00:00:00+00:00,111412.0
BTCUSD_251226,BTC,2025-12-26 00:00:00+00:00,2025-09-28 00:00:00+00:00,113963.3
BTCUSD_251226,BTC,2025-12-26 00:00:00+00:00,2025-09-29 00:00:00+00:00,116368.7
BTCUSD_251226,BTC,2025-12-26 00:00:00+00:00,2025-09-30 00:00:00+00:00,116055.9
BTCUSD_251226,BTC,2025-12-26 00:00:00+00:00,2025-10-01 00:00:00+00:00,120688.5
BTCUSD_251226,BTC,2025-12-26 00:00:00+00:00,2025-10-02 00:00:00+00:00,122743.8
BTCUSD_251226,BTC,2025-12-26 00:00:00+00:00,2025-10-03 00:00:00+00:00,124401.5
BTCUSD_251226,BTC,2025-12-26 00:00:00+00:00,2025-10-04 00:00:00+00:00,124583.3
BTCUSD_251226,BTC,2025-12-26 00:00:00+00:00,2025-10-05 00:00:00+00:00,125821.4
BTCUSD_251226,BTC,2025-12-26 00:00:00+00:00,2025-10-06 00:00:00+00:00,127000.4
BTCUSD_251226,BTC,2025-12-26 00:00:00+00:00,2025-10-07 00:00:00+00:00,123607.9
BTCUSD_251226,BTC,2025-12-26 00:00:00+00:00,2025-10-08 00:00:00+00:00,125469.2
BTCUSD_251226,BTC,2025-12-26 00:00:00+00:00,2025-10-09 00:00:00+00:00,123705.9
BTCUSD_251226,BTC,2025-12-26 00:00:00+00:00,2025-10-10 00:00:00+00:00,114633.1
BTCUSD_251226,BTC,2025-12-26 00:00:00+00:00,2025-10-11 00:00:00+00:00,112443.5
BTCUSD_251226,BTC,2025-12-26 00:00:00+00:00,2025-10-12 00:00:00+00:00,116781.9
BTCUSD_251226,BTC,2025-12-26 00:00:00+00:00,2025-10-13 00:00:00+00:00,116833.6
BTCUSD_251226,BTC,2025-12-26 00:00:00+00:00,2025-10-14 00:00:00+00:00,114288.8
BTCUSD_251226,BTC,2025-12-26 00:00:00+00:00,2025-10-15 00:00:00+00:00,112107.3
BTCUSD_251226,BTC,2025-12-26 00:00:00+00:00,2025-10-16 00:00:00+00:00,109434.6
BTCUSD_251226,BTC,2025-12-26 00:00:00+00:00,2025-10-17 00:00:00+00:00,107605.4
BTCUSD_251226,BTC,2025-12-26 00:00:00+00:00,2025-10-18 00:00:00+00:00,108457.4
BTCUSD_251226,BTC,2025-12-26 00:00:00+00:00,2025-10-19 00:00:00+00:00,109897.1
BTCUSD_251226,BTC,2025-12-26 00:00:00+00:00,2025-10-20 00:00:00+00:00,111726.8
BTCUSD_251226,BTC,2025-12-26 00:00:00+00:00,2025-10-21 00:00:00+00:00,109365.9
BTCUSD_251226,BTC,2025-12-26 00:00:00+00:00,2025-10-22 00:00:00+00:00,108677.1
BTCUSD_251226,BTC,2025-12-26 00:00:00+00:00,2025-10-23 00:00:00+00:00,111156.1
BTCUSD_251226,BTC,2025-12-26 00:00:00+00:00,2025-10-24 00:00:00+00:00,112035.5
BTCUSD_251226,BTC,2025-12-26 00:00:00+00:00,2025-10-25 00:00:00+00:00,112724.5
BTCUSD_251226,BTC,2025-12-26 00:00:00+00:00,2025-10-26 00:00:00+00:00,115783.1
BTCUSD_251226,BTC,2025-12-26 00:00:00+00:00,2025-10-27 00:00:00+00:00,115205.3
BTCUSD_251226,BTC,2025-12-26 00:00:00+00:00,2025-10-28 00:00:00+00:00,113934.7
BTCUSD_251226,BTC,2025-12-26 00:00:00+00:00,2025-10-29 00:00:00+00:00,110828.5
BTCUSD_251226,BTC,2025-12-26 00:00:00+00:00,2025-10-30 00:00:00+00:00,109134.3
BTCUSD_251226,BTC,2025-12-26 00:00:00+00:00,2025-10-31 00:00:00+00:00,110418.3
BTCUSD_251226,BTC,2025-12-26 00:00:00+00:00,2025-11-01 00:00:00+00:00,110877.8
BTCUSD_251226,BTC,2025-12-26 00:00:00+00:00,2025-11-02 00:00:00+00:00,111301.3
BTCUSD_251226,BTC,2025-12-26 00:00:00+00:00,2025-11-03 00:00:00+00:00,107259.6
BTCUSD_251226,BTC,2025-12-26 00:00:00+00:00,2025-11-04 00:00:00+00:00,101962.6
BTCUSD_251226,BTC,2025-12-26 00:00:00+00:00,2025-11-05 00:00:00+00:00,104562.6
BTCUSD_251226,BTC,2025-12-26 00:00:00+00:00,2025-11-06 00:00:00+00:00,101934.7
BTCUSD_251226,BTC,2025-12-26 00:00:00+00:00,2025-11-07 00:00:00+00:00,103920.2
BTCUSD_251226,BTC,2025-12-26 00:00:00+00:00,2025-11-08 00:00:00+00:00,102841.7
BTCUSD_251226,BTC,2025-12-26 00:00:00+00:00,2025-11-09 00:00:00+00:00,105188.8
BTCUSD_251226,BTC,2025-12-26 00:00:00+00:00,2025-11-10 00:00:00+00:00,106522.6
BTCUSD_251226,BTC,2025-12-26 00:00:00+00:00,2025-11-11 00:00:00+00:00,103455.5
BTCUSD_251226,BTC,2025-12-26 00:00:00+00:00,2025-11-12 00:00:00+00:00,101988.9
BTCUSD_251226,BTC,2025-12-26 00:00:00+00:00,2025-11-13 00:00:00+00:00,100071.1
BTCUSD_251226,BTC,2025-12-26 00:00:00+00:00,2025-11-14 00:00:00+00:00,94911.1
BTCUSD_251226,BTC,2025-12-26 00:00:00+00:00,2025-11-15 00:00:00+00:00,95961.8
BTCUSD_251226,BTC,2025-12-26 00:00:00+00:00,2025-11-16 00:00:00+00:00,94592.2
BTCUSD_251226,BTC,2025-12-26 00:00:00+00:00,2025-11-17 00:00:00+00:00,92517.5
BTCUSD_251226,BTC,2025-12-26 00:00:00+00:00,2025-11-18 00:00:00+00:00,93349.5
BTCUSD_251226,BTC,2025-12-26 00:00:00+00:00,2025-11-19 00:00:00+00:00,91910.7
BTCUSD_251226,BTC,2025-12-26 00:00:00+00:00,2025-11-20 00:00:00+00:00,86922.5
BTCUSD_251226,BTC,2025-12-26 00:00:00+00:00,2025-11-21 00:00:00+00:00,85377.1
BTCUSD_251226,BTC,2025-12-26 00:00:00+00:00,2025-11-22 00:00:00+00:00,84928.0
BTCUSD_251226,BTC,2025-12-26 00:00:00+00:00,2025-11-23 00:00:00+00:00,87129.3
BTCUSD_251226,BTC,2025-12-26 00:00:00+00:00,2025-11-24 00:00:00+00:00,88616.3
BTCUSD_251226,BTC,2025-12-26 00:00:00+00:00,2025-11-25 00:00:00+00:00,87675.6
BTCUSD_251226,BTC,2025-12-26 00:00:00+00:00,2025-11-26 00:00:00+00:00,90844.0
BTCUSD_251226,BTC,2025-12-26 00:00:00+00:00,2025-11-27 00:00:00+00:00,91611.5
BTCUSD_251226,BTC,2025-12-26 00:00:00+00:00,2025-11-28 00:00:00+00:00,91188.5
BTCUSD_251226,BTC,2025-12-26 00:00:00+00:00,2025-11-29 00:00:00+00:00,91173.1
BTCUSD_251226,BTC,2025-12-26 00:00:00+00:00,2025-11-30 00:00:00+00:00,90694.5
BTCUSD_251226,BTC,2025-12-26 00:00:00+00:00,2025-12-01 00:00:00+00:00,86568.6
BTCUSD_251226,BTC,2025-12-26 00:00:00+00:00,2025-12-02 00:00:00+00:00,91598.0
BTCUSD_251226,BTC,2025-12-26 00:00:00+00:00,2025-12-03 00:00:00+00:00,93749.4
BTCUSD_251226,BTC,2025-12-26 00:00:00+00:00,2025-12-04 00:00:00+00:00,92344.2
BTCUSD_251226,BTC,2025-12-26 00:00:00+00:00,2025-12-05 00:00:00+00:00,89544.9
BTCUSD_251226,BTC,2025-12-26 00:00:00+00:00,2025-12-06 00:00:00+00:00,89367.2
BTCUSD_251226,BTC,2025-12-26 00:00:00+00:00,2025-12-07 00:00:00+00:00,90614.2
BTCUSD_251226,BTC,2025-12-26 00:00:00+00:00,2025-12-08 00:00:00+00:00,90781.1
BTCUSD_251226,BTC,2025-12-26 00:00:00+00:00,2025-12-09 00:00:00+00:00,92894.3
BTCUSD_251226,BTC,2025-12-26 00:00:00+00:00,2025-12-10 00:00:00+00:00,92186.1
BTCUSD_251226,BTC,2025-12-26 00:00:00+00:00,2025-12-11 00:00:00+00:00,92671.8
BTCUSD_251226,BTC,2025-12-26 00:00:00+00:00,2025-12-12 00:00:00+00:00,90416.0
BTCUSD_251226,BTC,2025-12-26 00:00:00+00:00,2025-12-13 00:00:00+00:00,90453.2
BTCUSD_251226,BTC,2025-12-26 00:00:00+00:00,2025-12-14 00:00:00+00:00,88272.3
BTCUSD_251226,BTC,2025-12-26 00:00:00+00:00,2025-12-15 00:00:00+00:00,86523.0
BTCUSD_251226,BTC,2025-12-26 00:00:00+00:00,2025-12-16 00:00:00+00:00,87969.1
BTCUSD_251226,BTC,2025-12-26 00:00:00+00:00,2025-12-17 00:00:00+00:00,86345.7
BTCUSD_251226,BTC,2025-12-26 00:00:00+00:00,2025-12-18 00:00:00+00:00,85581.3
BTCUSD_251226,BTC,2025-12-26 00:00:00+00:00,2025-12-19 00:00:00+00:00,88240.2
BTCUSD_251226,BTC,2025-12-26 00:00:00+00:00,2025-12-20 00:00:00+00:00,88477.0
BTCUSD_251226,BTC,2025-12-26 00:00:00+00:00,2025-12-21 00:00:00+00:00,88745.1
BTCUSD_251226,BTC,2025-12-26 00:00:00+00:00,2025-12-22 00:00:00+00:00,88636.6
BTCUSD_251226,BTC,2025-12-26 00:00:00+00:00,2025-12-23 00:00:00+00:00,87488.2
BTCUSD_251226,BTC,2025-12-26 00:00:00+00:00,2025-12-24 00:00:00+00:00,87686.2
BTCUSD_251226,BTC,2025-12-26 00:00:00+00:00,2025-12-25 00:00:00+00:00,87218.0
BTCUSD_260327,BTC,2026-03-27 00:00:00+00:00,2025-09-26 00:00:00+00:00,113633.7
BTCUSD_260327,BTC,2026-03-27 00:00:00+00:00,2025-09-27 00:00:00+00:00,113591.7
BTCUSD_260327,BTC,2026-03-27 00:00:00+00:00,2025-09-28 00:00:00+00:00,116182.7
BTCUSD_260327,BTC,2026-03-27 00:00:00+00:00,2025-09-29 00:00:00+00:00,118883.1
BTCUSD_260327,BTC,2026-03-27 00:00:00+00:00,2025-09-30 00:00:00+00:00,118371.2
BTCUSD_260327,BTC,2026-03-27 00:00:00+00:00,2025-10-01 00:00:00+00:00,123161.6
BTCUSD_260327,BTC,2026-03-27 00:00:00+00:00,2025-10-02 00:00:00+00:00,125322.2
BTCUSD_260327,BTC,2026-03-27 00:00:00+00:00,2025-10-03 00:00:00+00:00,127006.4
BTCUSD_260327,BTC,2026-03-27 00:00:00+00:00,2025-10-04 00:00:00+00:00,127083.8
BTCUSD_260327,BTC,2026-03-27 00:00:00+00:00,2025-10-05 00:00:00+00:00,128294.8
BTCUSD_260327,BTC,2026-03-27 00:00:00+00:00,2025-10-06 00:00:00+00:00,129569.8
BTCUSD_260327,BTC,2026-03-27 00:00:00+00:00,2025-10-07 00:00:00+00:00,126209.7
BTCUSD_260327,BTC,2026-03-27 00:00:00+00:00,2025-10-08 00:00:00+00:00,127957.3
BTCUSD_260327,BTC,2026-03-27 00:00:00+00:00,2025-10-09 00:00:00+00:00,126126.2
BTCUSD_260327,BTC,2026-03-27 00:00:00+00:00,2025-10-10 00:00:00+00:00,116904.7
BTCUSD_260327,BTC,2026-03-27 00:00:00+00:00,2025-10-11 00:00:00+00:00,114642.2
BTCUSD_260327,BTC,2026-03-27 00:00:00+00:00,2025-10-12 00:00:00+00:00,119083.7
BTCUSD_260327,BTC,2026-03-27 00:00:00+00:00,2025-10-13 00:00:00+00:00,119073.5
BTCUSD_260327,BTC,2026-03-27 00:00:00+00:00,2025-10-14 00:00:00+00:00,116580.1
BTCUSD_260327,BTC,2026-03-27 00:00:00+00:00,2025-10-15 00:00:00+00:00,114227.6
BTCUSD_260327,BTC,2026-03-27 00:00:00+00:00,2025-10-16 00:00:00+00:00,111381.3
BTCUSD_260327,BTC,2026-03-27 00:00:00+00:00,2025-10-17 00:00:00+00:00,109370.3
BTCUSD_260327,BTC,2026-03-27 00:00:00+00:00,2025-10-18 00:00:00+00:00,110432.5
BTCUSD_260327,BTC,2026-03-27 00:00:00+00:00,2025-10-19 00:00:00+00:00,112046.3
BTCUSD_260327,BTC,2026-03-27 00:00:00+00:00,2025-10-20 00:00:00+00:00,113873.8
BTCUSD_260327,BTC,2026-03-27 00:00:00+00:00,2025-10-21 00:00:00+00:00,111389.1
BTCUSD_260327,BTC,2026-03-27 00:00:00+00:00,2025-10-22 00:00:00+00:00,110601.6
BTCUSD_260327,BTC,2026-03-27 00:00:00+00:00,2025-10-23 00:00:00+00:00,113240.9
BTCUSD_260327,BTC,2026-03-27 00:00:00+00:00,2025-10-24 00:00:00+00:00,114060.2
BTCUSD_260327,BTC,2026-03-27 00:00:00+00:00,2025-10-25 00:00:00+00:00,114715.7
BTCUSD_260327,BTC,2026-03-27 00:00:00+00:00,2025-10-26 00:00:00+00:00,117793.1
BTCUSD_260327,BTC,2026-03-27 00:00:00+00:00,2025-10-27 00:00:00+00:00,117217.8
BTCUSD_260327,BTC,2026-03-27 00:00:00+00:00,2025-10-28 00:00:00+00:00,115947.8
BTCUSD_260327,BTC,2026-03-27 00:00:00+00:00,2025-10-29 00:00:00+00:00,112626.7
BTCUSD_260327,BTC,2026-03-27 00:00:00+00:00,2025-10-30 00:00:00+00:00,111020.0
BTCUSD_260327,BTC,2026-03-27 00:00:00+00:00,2025-10-31 00:00:00+00:00,112180.3
BTCUSD_260327,BTC,2026-03-27 00:00:00+00:00,2025-11-01 00:00:00+00:00,112661.2
BTCUSD_260327,BTC,2026-03-27 00:00:00+00:00,2025-11-02 00:00:00+00:00,113069.4
BTCUSD_260327,BTC,2026-03-27 00:00:00+00:00,2025-11-03 00:00:00+00:00,108817.8
BTCUSD_260327,BTC,2026-03-27 00:00:00+00:00,2025-11-04 00:00:00+00:00,103390.8
BTCUSD_260327,BTC,2026-03-27 00:00:00+00:00,2025-11-05 00:00:00+00:00,106090.7
BTCUSD_260327,BTC,2026-03-27 00:00:00+00:00,2025-11-06 00:00:00+00:00,103305.6
BTCUSD_260327,BTC,2026-03-27 00:00:00+00:00,2025-11-07 00:00:00+00:00,105338.6
BTCUSD_260327,BTC,2026-03-27 00:00:00+00:00,2025-11-08 00:00:00+00:00,104105.2
BTCUSD_260327,BTC,2026-03-27 00:00:00+00:00,2025-11-09 00:00:00+00:00,106587.1
BTCUSD_260327,BTC,2026-03-27 00:00:00+00:00,2025-11-10 00:00:00+00:00,108063.5
BTCUSD_260327,BTC,2026-03-27 00:00:00+00:00,2025-11-11 00:00:00+00:00,104854.7
BTCUSD_260327,BTC,2026-03-27 00:00:00+00:00,2025-11-12 00:00:00+00:00,103300.9
BTCUSD_260327,BTC,2026-03-27 00:00:00+00:00,2025-11-13 00:00:00+00:00,101265.6
BTCUSD_260327,BTC,2026-03-27 00:00:00+00:00,2025-11-14 00:00:00+00:00,96066.6
BTCUSD_260327,BTC,2026-03-27 00:00:00+00:00,2025-11-15 00:00:00+00:00,97118.3
BTCUSD_260327,BTC,2026-03-27 00:00:00+00:00,2025-11-16 00:00:00+00:00,95774.3
BTCUSD_260327,BTC,2026-03-27 00:00:00+00:00,2025-11-17 00:00:00+00:00,93572.7
BTCUSD_260327,BTC,2026-03-27 00:00:00+00:00,2025-11-18 00:00:00+00:00,94527.3
BTCUSD_260327,BTC,2026-03-27 00:00:00+00:00,2025-11-19 00:00:00+00:00,93029.2
BTCUSD_260327,BTC,2026-03-27 00:00:00+00:00,2025-11-20 00:00:00+00:00,87907.0
BTCUSD_260327,BTC,2026-03-27 00:00:00+00:00,2025-11-21 00:00:00+00:00,86253.5
BTCUSD_260327,BTC,2026-03-27 00:00:00+00:00,2025-11-22 00:00:00+00:00,85849.2
BTCUSD_260327,BTC,2026-03-27 00:00:00+00:00,2025-11-23 00:00:00+00:00,88144.6
BTCUSD_260327,BTC,2026-03-27 00:00:00+00:00,2025-11-24 00:00:00+00:00,89713.5
BTCUSD_260327,BTC,2026-03-27 00:00:00+00:00,2025-11-25 00:00:00+00:00,88702.4
BTCUSD_260327,BTC,2026-03-27 00:00:00+00:00,2025-11-26 00:00:00+00:00,92071.1
BTCUSD_260327,BTC,2026-03-27 00:00:00+00:00,2025-11-27 00:00:00+00:00,92858.6
BTCUSD_260327,BTC,2026-03-27 00:00:00+00:00,2025-11-28 00:00:00+00:00,92392.3
BTCUSD_260327,BTC,2026-03-27 00:00:00+00:00,2025-11-29 00:00:00+00:00,92393.4
BTCUSD_260327,BTC,2026-03-27 00:00:00+00:00,2025-11-30 00:00:00+00:00,91880.9
BTCUSD_260327,BTC,2026-03-27 00:00:00+00:00,2025-12-01 00:00:00+00:00,87659.4
BTCUSD_260327,BTC,2026-03-27 00:00:00+00:00,2025-12-02 00:00:00+00:00,92709.1
BTCUSD_260327,BTC,2026-03-27 00:00:00+00:00,2025-12-03 00:00:00+00:00,94891.0
BTCUSD_260327,BTC,2026-03-27 00:00:00+00:00,2025-12-04 00:00:00+00:00,93470.3
BTCUSD_260327,BTC,2026-03-27 00:00:00+00:00,2025-12-05 00:00:00+00:00,90584.1
BTCUSD_260327,BTC,2026-03-27 00:00:00+00:00,2025-12-06 00:00:00+00:00,90357.3
BTCUSD_260327,BTC,2026-03-27 00:00:00+00:00,2025-12-07 00:00:00+00:00,91739.8
BTCUSD_260327,BTC,2026-03-27 00:00:00+00:00,2025-12-08 00:00:00+00:00,91835.0
BTCUSD_260327,BTC,2026-03-27 00:00:00+00:00,2025-12-09 00:00:00+00:00,93854.2
BTCUSD_260327,BTC,2026-03-27 00:00:00+00:00,2025-12-10 00:00:00+00:00,93204.1
BTCUSD_260327,BTC,2026-03-27 00:00:00+00:00,2025-12-11 00:00:00+00:00,93589.6
BTCUSD_260327,BTC,2026-03-27 00:00:00+00:00,2025-12-12 00:00:00+00:00,91380.0
BTCUSD_260327,BTC,2026-03-27 00:00:00+00:00,2025-12-13 00:00:00+00:00,91366.8
BTCUSD_260327,BTC,2026-03-27 00:00:00+00:00,2025-12-14 00:00:00+00:00,89105.0
BTCUSD_260327,BTC,2026-03-27 00:00:00+00:00,2025-12-15 00:00:00+00:00,87282.0
BTCUSD_260327,BTC,2026-03-27 00:00:00+00:00,2025-12-16 00:00:00+00:00,88721.4
BTCUSD_260327,BTC,2026-03-27 00:00:00+00:00,2025-12-17 00:00:00+00:00,87157.7
BTCUSD_260327,BTC,2026-03-27 00:00:00+00:00,2025-12-18 00:00:00+00:00,86361.3
BTCUSD_260327,BTC,2026-03-27 00:00:00+00:00,2025-12-19 00:00:00+00:00,89201.5
BTCUSD_260327,BTC,2026-03-27 00:00:00+00:00,2025-12-20 00:00:00+00:00,89375.3
BTCUSD_260327,BTC,2026-03-27 00:00:00+00:00,2025-12-21 00:00:00+00:00,89689.5
BTCUSD_260327,BTC,2026-03-27 00:00:00+00:00,2025-12-22 00:00:00+00:00,89655.7
BTCUSD_260327,BTC,2026-03-27 00:00:00+00:00,2025-12-23 00:00:00+00:00,88473.5
BTCUSD_260327,BTC,2026-03-27 00:00:00+00:00,2025-12-24 00:00:00+00:00,88602.7
BTCUSD_260327,BTC,2026-03-27 00:00:00+00:00,2025-12-25 00:00:00+00:00,88215.4
BTCUSD_260327,BTC,2026-03-27 00:00:00+00:00,2025-12-26 00:00:00+00:00,88370.4
BTCUSD_260327,BTC,2026-03-27 00:00:00+00:00,2025-12-27 00:00:00+00:00,88960.1
BTCUSD_260327,BTC,2026-03-27 00:00:00+00:00,2025-12-28 00:00:00+00:00,89018.6
BTCUSD_260327,BTC,2026-03-27 00:00:00+00:00,2025-12-29 00:00:00+00:00,88133.3
BTCUSD_260327,BTC,2026-03-27 00:00:00+00:00,2025-12-30 00:00:00+00:00,89374.9
BTCUSD_260327,BTC,2026-03-27 00:00:00+00:00,2025-12-31 00:00:00+00:00,88461.3
BTCUSD_260327,BTC,2026-03-27 00:00:00+00:00,2026-01-01 00:00:00+00:00,89674.5
BTCUSD_260327,BTC,2026-03-27 00:00:00+00:00,2026-01-02 00:00:00+00:00,90855.9
BTCUSD_260327,BTC,2026-03-27 00:00:00+00:00,2026-01-03 00:00:00+00:00,91591.9
BTCUSD_260327,BTC,2026-03-27 00:00:00+00:00,2026-01-04 00:00:00+00:00,92691.2
BTCUSD_260327,BTC,2026-03-27 00:00:00+00:00,2026-01-05 00:00:00+00:00,94872.6
BTCUSD_260327,BTC,2026-03-27 00:00:00+00:00,2026-01-06 00:00:00+00:00,94803.2
BTCUSD_260327,BTC,2026-03-27 00:00:00+00:00,2026-01-07 00:00:00+00:00,92312.7
BTCUSD_260327,BTC,2026-03-27 00:00:00+00:00,2026-01-08 00:00:00+00:00,91994.8
BTCUSD_260327,BTC,2026-03-27 00:00:00+00:00,2026-01-09 00:00:00+00:00,91447.5
BTCUSD_260327,BTC,2026-03-27 00:00:00+00:00,2026-01-10 00:00:00+00:00,91355.1
BTCUSD_260327,BTC,2026-03-27 00:00:00+00:00,2026-01-11 00:00:00+00:00,91870.1
BTCUSD_260327,BTC,2026-03-27 00:00:00+00:00,2026-01-12 00:00:00+00:00,92101.4
BTCUSD_260327,BTC,2026-03-27 00:00:00+00:00,2026-01-13 00:00:00+00:00,96334.0
BTCUSD_260327,BTC,2026-03-27 00:00:00+00:00,2026-01-14 00:00:00+00:00,97805.7
BTCUSD_260327,BTC,2026-03-27 00:00:00+00:00,2026-01-15 00:00:00+00:00,96449.1
BTCUSD_260327,BTC,2026-03-27 00:00:00+00:00,2026-01-16 00:00:00+00:00,96415.4
BTCUSD_260327,BTC,2026-03-27 00:00:00+00:00,2026-01-17 00:00:00+00:00,95949.3
BTCUSD_260327,BTC,2026-03-27 00:00:00+00:00,2026-01-18 00:00:00+00:00,94456.0
BTCUSD_260327,BTC,2026-03-27 00:00:00+00:00,2026-01-19 00:00:00+00:00,93305.5
BTCUSD_260327,BTC,2026-03-27 00:00:00+00:00,2026-01-20 00:00:00+00:00,89025.1
BTCUSD_260327,BTC,2026-03-27 00:00:00+00:00,2026-01-21 00:00:00+00:00,90079.4
BTCUSD_260327,BTC,2026-03-27 00:00:00+00:00,2026-01-22 00:00:00+00:00,90207.9
BTCUSD_260327,BTC,2026-03-27 00:00:00+00:00,2026-01-23 00:00:00+00:00,90272.5
BTCUSD_260327,BTC,2026-03-27 00:00:00+00:00,2026-01-24 00:00:00+00:00,89850.0
BTCUSD_260327,BTC,2026-03-27 00:00:00+00:00,2026-01-25 00:00:00+00:00,87323.4
BTCUSD_260327,BTC,2026-03-27 00:00:00+00:00,2026-01-26 00:00:00+00:00,89032.2
BTCUSD_260327,BTC,2026-03-27 00:00:00+00:00,2026-01-27 00:00:00+00:00,89891.2
BTCUSD_260327,BTC,2026-03-27 00:00:00+00:00,2026-01-28 00:00:00+00:00,89872.5
BTCUSD_260327,BTC,2026-03-27 00:00:00+00:00,2026-01-29 00:00:00+00:00,85250.4
BTCUSD_260327,BTC,2026-03-27 00:00:00+00:00,2026-01-30 00:00:00+00:00,84841.3
BTCUSD_260327,BTC,2026-03-27 00:00:00+00:00,2026-01-31 00:00:00+00:00,79049.4
BTCUSD_260327,BTC,2026-03-27 00:00:00+00:00,2026-02-01 00:00:00+00:00,77363.2
BTCUSD_260327,BTC,2026-03-27 00:00:00+00:00,2026-02-02 00:00:00+00:00,79042.8
BTCUSD_260327,BTC,2026-03-27 00:00:00+00:00,2026-02-03 00:00:00+00:00,76099.2
BTCUSD_260327,BTC,2026-03-27 00:00:00+00:00,2026-02-04 00:00:00+00:00,73409.7
BTCUSD_260327,BTC,2026-03-27 00:00:00+00:00,2026-02-05 00:00:00+00:00,63039.2
BTCUSD_260327,BTC,2026-03-27 00:00:00+00:00,2026-02-06 00:00:00+00:00,70647.4
BTCUSD_260327,BTC,2026-03-27 00:00:00+00:00,2026-02-07 00:00:00+00:00,69511.6
BTCUSD_260327,BTC,2026-03-27 00:00:00+00:00,2026-02-08 00:00:00+00:00,70521.4
BTCUSD_260327,BTC,2026-03-27 00:00:00+00:00,2026-02-09 00:00:00+00:00,70311.0
BTCUSD_260327,BTC,2026-03-27 00:00:00+00:00,2026-02-10 00:00:00+00:00,68955.0
BTCUSD_260327,BTC,2026-03-27 00:00:00+00:00,2026-02-11 00:00:00+00:00,67160.3
BTCUSD_260327,BTC,2026-03-27 00:00:00+00:00,2026-02-12 00:00:00+00:00,66342.6
BTCUSD_260327,BTC,2026-03-27 00:00:00+00:00,2026-02-13 00:00:00+00:00,68916.8
BTCUSD_260327,BTC,2026-03-27 00:00:00+00:00,2026-02-14 00:00:00+00:00,69881.1
BTCUSD_260327,BTC,2026-03-27 00:00:00+00:00,2026-02-15 00:00:00+00:00,68958.1
BTCUSD_260327,BTC,2026-03-27 00:00:00+00:00,2026-02-16 00:00:00+00:00,68957.8
BTCUSD_260327,BTC,2026-03-27 00:00:00+00:00,2026-02-17 00:00:00+00:00,67644.5
BTCUSD_260327,BTC,2026-03-27 00:00:00+00:00,2026-02-18 00:00:00+00:00,66554.6
BTCUSD_260327,BTC,2026-03-27 00:00:00+00:00,2026-02-19 00:00:00+00:00,67090.4
BTCUSD_260327,BTC,2026-03-27 00:00:00+00:00,2026-02-20 00:00:00+00:00,68154.6
BTCUSD_260327,BTC,2026-03-27 00:00:00+00:00,2026-02-21 00:00:00+00:00,68151.1
BTCUSD_260327,BTC,2026-03-27 00:00:00+00:00,2026-02-22 00:00:00+00:00,67764.9
BTCUSD_260327,BTC,2026-03-27 00:00:00+00:00,2026-02-23 00:00:00+00:00,64736.3
BTCUSD_260327,BTC,2026-03-27 00:00:00+00:00,2026-02-24 00:00:00+00:00,64127.4
BTCUSD_260327,BTC,2026-03-27 00:00:00+00:00,2026-02-25 00:00:00+00:00,68025.7
BTCUSD_260327,BTC,2026-03-27 00:00:00+00:00,2026-02-26 00:00:00+00:00,67510.0
BTCUSD_260327,BTC,2026-03-27 00:00:00+00:00,2026-02-27 00:00:00+00:00,65923.0
BTCUSD_260327,BTC,2026-03-27 00:00:00+00:00,2026-02-28 00:00:00+00:00,67059.1
BTCUSD_260327,BTC,2026-03-27 00:00:00+00:00,2026-03-01 00:00:00+00:00,65761.4
BTCUSD_260327,BTC,2026-03-27 00:00:00+00:00,2026-03-02 00:00:00+00:00,68897.6
BTCUSD_260327,BTC,2026-03-27 00:00:00+00:00,2026-03-03 00:00:00+00:00,68406.1
BTCUSD_260327,BTC,2026-03-27 00:00:00+00:00,2026-03-04 00:00:00+00:00,72787.2
BTCUSD_260327,BTC,2026-03-27 00:00:00+00:00,2026-03-05 00:00:00+00:00,70956.2
BTCUSD_260327,BTC,2026-03-27 00:00:00+00:00,2026-03-06 00:00:00+00:00,68179.7
BTCUSD_260327,BTC,2026-03-27 00:00:00+00:00,2026-03-07 00:00:00+00:00,67295.7
BTCUSD_260327,BTC,2026-03-27 00:00:00+00:00,2026-03-08 00:00:00+00:00,66006.4
BTCUSD_260327,BTC,2026-03-27 00:00:00+00:00,2026-03-09 00:00:00+00:00,68495.1
BTCUSD_260327,BTC,2026-03-27 00:00:00+00:00,2026-03-10 00:00:00+00:00,69960.1
BTCUSD_260327,BTC,2026-03-27 00:00:00+00:00,2026-03-11 00:00:00+00:00,70196.7
BTCUSD_260327,BTC,2026-03-27 00:00:00+00:00,2026-03-12 00:00:00+00:00,70554.0
BTCUSD_260327,BTC,2026-03-27 00:00:00+00:00,2026-03-13 00:00:00+00:00,71006.5
BTCUSD_260327,BTC,2026-03-27 00:00:00+00:00,2026-03-14 00:00:00+00:00,71242.0
BTCUSD_260327,BTC,2026-03-27 00:00:00+00:00,2026-03-15 00:00:00+00:00,72834.3
BTCUSD_260327,BTC,2026-03-27 00:00:00+00:00,2026-03-16 00:00:00+00:00,74897.3
BTCUSD_260327,BTC,2026-03-27 00:00:00+00:00,2026-03-17 00:00:00+00:00,73964.1
BTCUSD_260327,BTC,2026-03-27 00:00:00+00:00,2026-03-18 00:00:00+00:00,71312.1
BTCUSD_260327,BTC,2026-03-27 00:00:00+00:00,2026-03-19 00:00:00+00:00,69920.0
BTCUSD_260327,BTC,2026-03-27 00:00:00+00:00,2026-03-20 00:00:00+00:00,70569.9
BTCUSD_260327,BTC,2026-03-27 00:00:00+00:00,2026-03-21 00:00:00+00:00,68931.3
BTCUSD_260327,BTC,2026-03-27 00:00:00+00:00,2026-03-22 00:00:00+00:00,67872.0
BTCUSD_260327,BTC,2026-03-27 00:00:00+00:00,2026-03-23 00:00:00+00:00,70881.9
BTCUSD_260327,BTC,2026-03-27 00:00:00+00:00,2026-03-24 00:00:00+00:00,70528.0
BTCUSD_260327,BTC,2026-03-27 00:00:00+00:00,2026-03-25 00:00:00+00:00,71329.2
BTCUSD_260327,BTC,2026-03-27 00:00:00+00:00,2026-03-26 00:00:00+00:00,68793.1
BTCUSD_260626,BTC,2026-06-26 00:00:00+00:00,2025-12-26 00:00:00+00:00,89545.1
BTCUSD_260626,BTC,2026-06-26 00:00:00+00:00,2025-12-27 00:00:00+00:00,90253.7
BTCUSD_260626,BTC,2026-06-26 00:00:00+00:00,2025-12-28 00:00:00+00:00,90133.0
BTCUSD_260626,BTC,2026-06-26 00:00:00+00:00,2025-12-29 00:00:00+00:00,89134.1
BTCUSD_260626,BTC,2026-06-26 00:00:00+00:00,2025-12-30 00:00:00+00:00,90333.2
BTCUSD_260626,BTC,2026-06-26 00:00:00+00:00,2025-12-31 00:00:00+00:00,89357.2
BTCUSD_260626,BTC,2026-06-26 00:00:00+00:00,2026-01-01 00:00:00+00:00,90582.2
BTCUSD_260626,BTC,2026-06-26 00:00:00+00:00,2026-01-02 00:00:00+00:00,91868.6
BTCUSD_260626,BTC,2026-06-26 00:00:00+00:00,2026-01-03 00:00:00+00:00,92610.2
BTCUSD_260626,BTC,2026-06-26 00:00:00+00:00,2026-01-04 00:00:00+00:00,93762.1
BTCUSD_260626,BTC,2026-06-26 00:00:00+00:00,2026-01-05 00:00:00+00:00,96100.0
BTCUSD_260626,BTC,2026-06-26 00:00:00+00:00,2026-01-06 00:00:00+00:00,96081.2
BTCUSD_260626,BTC,2026-06-26 00:00:00+00:00,2026-01-07 00:00:00+00:00,93489.5
BTCUSD_260626,BTC,2026-06-26 00:00:00+00:00,2026-01-08 00:00:00+00:00,93179.4
BTCUSD_260626,BTC,2026-06-26 00:00:00+00:00,2026-01-09 00:00:00+00:00,92617.5
BTCUSD_260626,BTC,2026-06-26 00:00:00+00:00,2026-01-10 00:00:00+00:00,92505.4
BTCUSD_260626,BTC,2026-06-26 00:00:00+00:00,2026-01-11 00:00:00+00:00,93039.4
BTCUSD_260626,BTC,2026-06-26 00:00:00+00:00,2026-01-12 00:00:00+00:00,93286.1
BTCUSD_260626,BTC,2026-06-26 00:00:00+00:00,2026-01-13 00:00:00+00:00,97646.7
BTCUSD_260626,BTC,2026-06-26 00:00:00+00:00,2026-01-14 00:00:00+00:00,99114.1
BTCUSD_260626,BTC,2026-06-26 00:00:00+00:00,2026-01-15 00:00:00+00:00,97785.8
BTCUSD_260626,BTC,2026-06-26 00:00:00+00:00,2026-01-16 00:00:00+00:00,97737.1
BTCUSD_260626,BTC,2026-06-26 00:00:00+00:00,2026-01-17 00:00:00+00:00,97264.2
BTCUSD_260626,BTC,2026-06-26 00:00:00+00:00,2026-01-18 00:00:00+00:00,95769.9
BTCUSD_260626,BTC,2026-06-26 00:00:00+00:00,2026-01-19 00:00:00+00:00,94545.8
BTCUSD_260626,BTC,2026-06-26 00:00:00+00:00,2026-01-20 00:00:00+00:00,90212.4
BTCUSD_260626,BTC,2026-06-26 00:00:00+00:00,2026-01-21 00:00:00+00:00,91177.7
BTCUSD_260626,BTC,2026-06-26 00:00:00+00:00,2026-01-22 00:00:00+00:00,91311.1
BTCUSD_260626,BTC,2026-06-26 00:00:00+00:00,2026-01-23 00:00:00+00:00,91377.7
BTCUSD_260626,BTC,2026-06-26 00:00:00+00:00,2026-01-24 00:00:00+00:00,90889.5
BTCUSD_260626,BTC,2026-06-26 00:00:00+00:00,2026-01-25 00:00:00+00:00,88341.8
BTCUSD_260626,BTC,2026-06-26 00:00:00+00:00,2026-01-26 00:00:00+00:00,90009.0
BTCUSD_260626,BTC,2026-06-26 00:00:00+00:00,2026-01-27 00:00:00+00:00,90914.0
BTCUSD_260626,BTC,2026-06-26 00:00:00+00:00,2026-01-28 00:00:00+00:00,90908.6
BTCUSD_260626,BTC,2026-06-26 00:00:00+00:00,2026-01-29 00:00:00+00:00,86122.5
BTCUSD_260626,BTC,2026-06-26 00:00:00+00:00,2026-01-30 00:00:00+00:00,85812.3
BTCUSD_260626,BTC,2026-06-26 00:00:00+00:00,2026-01-31 00:00:00+00:00,79876.2
BTCUSD_260626,BTC,2026-06-26 00:00:00+00:00,2026-02-01 00:00:00+00:00,78215.6
BTCUSD_260626,BTC,2026-06-26 00:00:00+00:00,2026-02-02 00:00:00+00:00,79777.2
BTCUSD_260626,BTC,2026-06-26 00:00:00+00:00,2026-02-03 00:00:00+00:00,76881.5
BTCUSD_260626,BTC,2026-06-26 00:00:00+00:00,2026-02-04 00:00:00+00:00,74149.0
BTCUSD_260626,BTC,2026-06-26 00:00:00+00:00,2026-02-05 00:00:00+00:00,63478.0
BTCUSD_260626,BTC,2026-06-26 00:00:00+00:00,2026-02-06 00:00:00+00:00,71304.6
BTCUSD_260626,BTC,2026-06-26 00:00:00+00:00,2026-02-07 00:00:00+00:00,70225.0
BTCUSD_260626,BTC,2026-06-26 00:00:00+00:00,2026-02-08 00:00:00+00:00,71325.6
BTCUSD_260626,BTC,2026-06-26 00:00:00+00:00,2026-02-09 00:00:00+00:00,71054.4
BTCUSD_260626,BTC,2026-06-26 00:00:00+00:00,2026-02-10 00:00:00+00:00,69671.5
BTCUSD_260626,BTC,2026-06-26 00:00:00+00:00,2026-02-11 00:00:00+00:00,67840.6
BTCUSD_260626,BTC,2026-06-26 00:00:00+00:00,2026-02-12 00:00:00+00:00,66993.3
BTCUSD_260626,BTC,2026-06-26 00:00:00+00:00,2026-02-13 00:00:00+00:00,69573.1
BTCUSD_260626,BTC,2026-06-26 00:00:00+00:00,2026-02-14 00:00:00+00:00,70532.9
BTCUSD_260626,BTC,2026-06-26 00:00:00+00:00,2026-02-15 00:00:00+00:00,69604.6
BTCUSD_260626,BTC,2026-06-26 00:00:00+00:00,2026-02-16 00:00:00+00:00,69574.2
BTCUSD_260626,BTC,2026-06-26 00:00:00+00:00,2026-02-17 00:00:00+00:00,68339.9
BTCUSD_260626,BTC,2026-06-26 00:00:00+00:00,2026-02-18 00:00:00+00:00,67167.1
BTCUSD_260626,BTC,2026-06-26 00:00:00+00:00,2026-02-19 00:00:00+00:00,67765.2
BTCUSD_260626,BTC,2026-06-26 00:00:00+00:00,2026-02-20 00:00:00+00:00,68819.6
BTCUSD_260626,BTC,2026-06-26 00:00:00+00:00,2026-02-21 00:00:00+00:00,68823.9
BTCUSD_260626,BTC,2026-06-26 00:00:00+00:00,2026-02-22 00:00:00+00:00,68435.5
BTCUSD_260626,BTC,2026-06-26 00:00:00+00:00,2026-02-23 00:00:00+00:00,65323.7
BTCUSD_260626,BTC,2026-06-26 00:00:00+00:00,2026-02-24 00:00:00+00:00,64671.4
BTCUSD_260626,BTC,2026-06-26 00:00:00+00:00,2026-02-25 00:00:00+00:00,68554.8
BTCUSD_260626,BTC,2026-06-26 00:00:00+00:00,2026-02-26 00:00:00+00:00,67972.8
BTCUSD_260626,BTC,2026-06-26 00:00:00+00:00,2026-02-27 00:00:00+00:00,66435.4
BTCUSD_260626,BTC,2026-06-26 00:00:00+00:00,2026-02-28 00:00:00+00:00,67542.6
BTCUSD_260626,BTC,2026-06-26 00:00:00+00:00,2026-03-01 00:00:00+00:00,66408.5
BTCUSD_260626,BTC,2026-06-26 00:00:00+00:00,2026-03-02 00:00:00+00:00,69376.7
BTCUSD_260626,BTC,2026-06-26 00:00:00+00:00,2026-03-03 00:00:00+00:00,68826.8
BTCUSD_260626,BTC,2026-06-26 00:00:00+00:00,2026-03-04 00:00:00+00:00,73408.8
BTCUSD_260626,BTC,2026-06-26 00:00:00+00:00,2026-03-05 00:00:00+00:00,71487.9
BTCUSD_260626,BTC,2026-06-26 00:00:00+00:00,2026-03-06 00:00:00+00:00,68626.6
BTCUSD_260626,BTC,2026-06-26 00:00:00+00:00,2026-03-07 00:00:00+00:00,67730.3
BTCUSD_260626,BTC,2026-06-26 00:00:00+00:00,2026-03-08 00:00:00+00:00,66368.8
BTCUSD_260626,BTC,2026-06-26 00:00:00+00:00,2026-03-09 00:00:00+00:00,68969.5
BTCUSD_260626,BTC,2026-06-26 00:00:00+00:00,2026-03-10 00:00:00+00:00,70497.4
BTCUSD_260626,BTC,2026-06-26 00:00:00+00:00,2026-03-11 00:00:00+00:00,70725.1
BTCUSD_260626,BTC,2026-06-26 00:00:00+00:00,2026-03-12 00:00:00+00:00,71039.8
BTCUSD_260626,BTC,2026-06-26 00:00:00+00:00,2026-03-13 00:00:00+00:00,71484.3
BTCUSD_260626,BTC,2026-06-26 00:00:00+00:00,2026-03-14 00:00:00+00:00,71733.2
BTCUSD_260626,BTC,2026-06-26 00:00:00+00:00,2026-03-15 00:00:00+00:00,73277.8
BTCUSD_260626,BTC,2026-06-26 00:00:00+00:00,2026-03-16 00:00:00+00:00,75401.5
BTCUSD_260626,BTC,2026-06-26 00:00:00+00:00,2026-03-17 00:00:00+00:00,74516.7
BTCUSD_260626,BTC,2026-06-26 00:00:00+00:00,2026-03-18 00:00:00+00:00,71732.5
BTCUSD_260626,BTC,2026-06-26 00:00:00+00:00,2026-03-19 00:00:00+00:00,70383.4
BTCUSD_260626,BTC,2026-06-26 00:00:00+00:00,2026-03-20 00:00:00+00:00,70959.7
BTCUSD_260626,BTC,2026-06-26 00:00:00+00:00,2026-03-21 00:00:00+00:00,69317.0
BTCUSD_260626,BTC,2026-06-26 00:00:00+00:00,2026-03-22 00:00:00+00:00,68217.1
BTCUSD_260626,BTC,2026-06-26 00:00:00+00:00,2026-03-23 00:00:00+00:00,71317.6
BTCUSD_260626,BTC,2026-06-26 00:00:00+00:00,2026-03-24 00:00:00+00:00,70934.1
BTCUSD_260626,BTC,2026-06-26 00:00:00+00:00,2026-03-25 00:00:00+00:00,71669.6
BTCUSD_260626,BTC,2026-06-26 00:00:00+00:00,2026-03-26 00:00:00+00:00,69179.8
BTCUSD_260626,BTC,2026-06-26 00:00:00+00:00,2026-03-27 00:00:00+00:00,66733.3
BTCUSD_260626,BTC,2026-06-26 00:00:00+00:00,2026-03-28 00:00:00+00:00,66692.6
BTCUSD_260626,BTC,2026-06-26 00:00:00+00:00,2026-03-29 00:00:00+00:00,66269.2
BTCUSD_260626,BTC,2026-06-26 00:00:00+00:00,2026-03-30 00:00:00+00:00,67120.3
BTCUSD_260626,BTC,2026-06-26 00:00:00+00:00,2026-03-31 00:00:00+00:00,68547.1
BTCUSD_260626,BTC,2026-06-26 00:00:00+00:00,2026-04-01 00:00:00+00:00,68407.7
BTCUSD_260626,BTC,2026-06-26 00:00:00+00:00,2026-04-02 00:00:00+00:00,67207.6
BTCUSD_260626,BTC,2026-06-26 00:00:00+00:00,2026-04-03 00:00:00+00:00,67275.0
BTCUSD_260626,BTC,2026-06-26 00:00:00+00:00,2026-04-04 00:00:00+00:00,67620.1
BTCUSD_260626,BTC,2026-06-26 00:00:00+00:00,2026-04-05 00:00:00+00:00,69318.9
BTCUSD_260626,BTC,2026-06-26 00:00:00+00:00,2026-04-06 00:00:00+00:00,69311.6
BTCUSD_260626,BTC,2026-06-26 00:00:00+00:00,2026-04-07 00:00:00+00:00,72320.0
BTCUSD_260626,BTC,2026-06-26 00:00:00+00:00,2026-04-08 00:00:00+00:00,71342.1
BTCUSD_260626,BTC,2026-06-26 00:00:00+00:00,2026-04-09 00:00:00+00:00,72072.9
BTCUSD_260626,BTC,2026-06-26 00:00:00+00:00,2026-04-10 00:00:00+00:00,73247.5
BTCUSD_260626,BTC,2026-06-26 00:00:00+00:00,2026-04-11 00:00:00+00:00,73256.6
BTCUSD_260626,BTC,2026-06-26 00:00:00+00:00,2026-04-12 00:00:00+00:00,70909.9
BTCUSD_260626,BTC,2026-06-26 00:00:00+00:00,2026-04-13 00:00:00+00:00,74651.1
BTCUSD_260626,BTC,2026-06-26 00:00:00+00:00,2026-04-14 00:00:00+00:00,74417.8
BTCUSD_260626,BTC,2026-06-26 00:00:00+00:00,2026-04-15 00:00:00+00:00,74997.0
BTCUSD_260626,BTC,2026-06-26 00:00:00+00:00,2026-04-16 00:00:00+00:00,75370.1
BTCUSD_260626,BTC,2026-06-26 00:00:00+00:00,2026-04-17 00:00:00+00:00,77306.5
BTCUSD_260626,BTC,2026-06-26 00:00:00+00:00,2026-04-18 00:00:00+00:00,75933.8
BTCUSD_260626,BTC,2026-06-26 00:00:00+00:00,2026-04-19 00:00:00+00:00,74036.8
BTCUSD_260626,BTC,2026-06-26 00:00:00+00:00,2026-04-20 00:00:00+00:00,75990.7
BTCUSD_260626,BTC,2026-06-26 00:00:00+00:00,2026-04-21 00:00:00+00:00,76526.1
BTCUSD_260626,BTC,2026-06-26 00:00:00+00:00,2026-04-22 00:00:00+00:00,78301.6
BTCUSD_260626,BTC,2026-06-26 00:00:00+00:00,2026-04-23 00:00:00+00:00,78403.4
BTCUSD_260626,BTC,2026-06-26 00:00:00+00:00,2026-04-24 00:00:00+00:00,77589.5
BTCUSD_260626,BTC,2026-06-26 00:00:00+00:00,2026-04-25 00:00:00+00:00,77743.7
BTCUSD_260626,BTC,2026-06-26 00:00:00+00:00,2026-04-26 00:00:00+00:00,78759.4
BTCUSD_260626,BTC,2026-06-26 00:00:00+00:00,2026-04-27 00:00:00+00:00,77477.7
BTCUSD_260626,BTC,2026-06-26 00:00:00+00:00,2026-04-28 00:00:00+00:00,76444.1
BTCUSD_260626,BTC,2026-06-26 00:00:00+00:00,2026-04-29 00:00:00+00:00,75959.2
BTCUSD_260626,BTC,2026-06-26 00:00:00+00:00,2026-04-30 00:00:00+00:00,76440.7
BTCUSD_260626,BTC,2026-06-26 00:00:00+00:00,2026-05-01 00:00:00+00:00,78370.9
BTCUSD_260626,BTC,2026-06-26 00:00:00+00:00,2026-05-02 00:00:00+00:00,78797.4
BTCUSD_260626,BTC,2026-06-26 00:00:00+00:00,2026-05-03 00:00:00+00:00,78695.4
BTCUSD_260626,BTC,2026-06-26 00:00:00+00:00,2026-05-04 00:00:00+00:00,79936.0
BTCUSD_260626,BTC,2026-06-26 00:00:00+00:00,2026-05-05 00:00:00+00:00,81000.0
BTCUSD_260626,BTC,2026-06-26 00:00:00+00:00,2026-05-06 00:00:00+00:00,81580.1
BTCUSD_260626,BTC,2026-06-26 00:00:00+00:00,2026-05-07 00:00:00+00:00,80109.6
BTCUSD_260626,BTC,2026-06-26 00:00:00+00:00,2026-05-08 00:00:00+00:00,80326.1
BTCUSD_260626,BTC,2026-06-26 00:00:00+00:00,2026-05-09 00:00:00+00:00,80821.5
BTCUSD_260626,BTC,2026-06-26 00:00:00+00:00,2026-05-10 00:00:00+00:00,82303.6
BTCUSD_260626,BTC,2026-06-26 00:00:00+00:00,2026-05-11 00:00:00+00:00,81875.0
BTCUSD_260626,BTC,2026-06-26 00:00:00+00:00,2026-05-12 00:00:00+00:00,80590.9
BTCUSD_260626,BTC,2026-06-26 00:00:00+00:00,2026-05-13 00:00:00+00:00,79415.6
BTCUSD_260626,BTC,2026-06-26 00:00:00+00:00,2026-05-14 00:00:00+00:00,81169.8
BTCUSD_260626,BTC,2026-06-26 00:00:00+00:00,2026-05-15 00:00:00+00:00,79100.9
BTCUSD_260626,BTC,2026-06-26 00:00:00+00:00,2026-05-16 00:00:00+00:00,78152.0
BTCUSD_260626,BTC,2026-06-26 00:00:00+00:00,2026-05-17 00:00:00+00:00,77496.2
BTCUSD_260626,BTC,2026-06-26 00:00:00+00:00,2026-05-18 00:00:00+00:00,77010.6
BTCUSD_260626,BTC,2026-06-26 00:00:00+00:00,2026-05-19 00:00:00+00:00,76934.4
BTCUSD_260626,BTC,2026-06-26 00:00:00+00:00,2026-05-20 00:00:00+00:00,77596.0
BTCUSD_260626,BTC,2026-06-26 00:00:00+00:00,2026-05-21 00:00:00+00:00,77697.1
BTCUSD_260626,BTC,2026-06-26 00:00:00+00:00,2026-05-22 00:00:00+00:00,75592.1
BTCUSD_260626,BTC,2026-06-26 00:00:00+00:00,2026-05-23 00:00:00+00:00,76794.4
BTCUSD_260626,BTC,2026-06-26 00:00:00+00:00,2026-05-24 00:00:00+00:00,77120.9
BTCUSD_260626,BTC,2026-06-26 00:00:00+00:00,2026-05-25 00:00:00+00:00,77440.0
BTCUSD_260626,BTC,2026-06-26 00:00:00+00:00,2026-05-26 00:00:00+00:00,75990.2
BTCUSD_260626,BTC,2026-06-26 00:00:00+00:00,2026-05-27 00:00:00+00:00,74525.0
BTCUSD_260626,BTC,2026-06-26 00:00:00+00:00,2026-05-28 00:00:00+00:00,73698.1
BTCUSD_260626,BTC,2026-06-26 00:00:00+00:00,2026-05-29 00:00:00+00:00,73550.5
BTCUSD_260626,BTC,2026-06-26 00:00:00+00:00,2026-05-30 00:00:00+00:00,73909.8
BTCUSD_260626,BTC,2026-06-26 00:00:00+00:00,2026-05-31 00:00:00+00:00,73702.8
BTCUSD_260925,BTC,2026-09-25 00:00:00+00:00,2026-03-27 00:00:00+00:00,67300.0
BTCUSD_260925,BTC,2026-09-25 00:00:00+00:00,2026-03-28 00:00:00+00:00,67197.1
BTCUSD_260925,BTC,2026-09-25 00:00:00+00:00,2026-03-29 00:00:00+00:00,66758.8
BTCUSD_260925,BTC,2026-09-25 00:00:00+00:00,2026-03-30 00:00:00+00:00,67598.5
BTCUSD_260925,BTC,2026-09-25 00:00:00+00:00,2026-03-31 00:00:00+00:00,69148.2
BTCUSD_260925,BTC,2026-09-25 00:00:00+00:00,2026-04-01 00:00:00+00:00,69057.4
BTCUSD_260925,BTC,2026-09-25 00:00:00+00:00,2026-04-02 00:00:00+00:00,67843.9
BTCUSD_260925,BTC,2026-09-25 00:00:00+00:00,2026-04-03 00:00:00+00:00,67942.1
BTCUSD_260925,BTC,2026-09-25 00:00:00+00:00,2026-04-04 00:00:00+00:00,68280.7
BTCUSD_260925,BTC,2026-09-25 00:00:00+00:00,2026-04-05 00:00:00+00:00,70008.3
BTCUSD_260925,BTC,2026-09-25 00:00:00+00:00,2026-04-06 00:00:00+00:00,69980.0
BTCUSD_260925,BTC,2026-09-25 00:00:00+00:00,2026-04-07 00:00:00+00:00,73003.8
BTCUSD_260925,BTC,2026-09-25 00:00:00+00:00,2026-04-08 00:00:00+00:00,72048.4
BTCUSD_260925,BTC,2026-09-25 00:00:00+00:00,2026-04-09 00:00:00+00:00,72701.7
BTCUSD_260925,BTC,2026-09-25 00:00:00+00:00,2026-04-10 00:00:00+00:00,73911.7
BTCUSD_260925,BTC,2026-09-25 00:00:00+00:00,2026-04-11 00:00:00+00:00,73860.8
BTCUSD_260925,BTC,2026-09-25 00:00:00+00:00,2026-04-12 00:00:00+00:00,71437.4
BTCUSD_260925,BTC,2026-09-25 00:00:00+00:00,2026-04-13 00:00:00+00:00,75173.1
BTCUSD_260925,BTC,2026-09-25 00:00:00+00:00,2026-04-14 00:00:00+00:00,74990.0
BTCUSD_260925,BTC,2026-09-25 00:00:00+00:00,2026-04-15 00:00:00+00:00,75684.4
BTCUSD_260925,BTC,2026-09-25 00:00:00+00:00,2026-04-16 00:00:00+00:00,76057.5
BTCUSD_260925,BTC,2026-09-25 00:00:00+00:00,2026-04-17 00:00:00+00:00,77965.4
BTCUSD_260925,BTC,2026-09-25 00:00:00+00:00,2026-04-18 00:00:00+00:00,76604.0
BTCUSD_260925,BTC,2026-09-25 00:00:00+00:00,2026-04-19 00:00:00+00:00,74686.6
BTCUSD_260925,BTC,2026-09-25 00:00:00+00:00,2026-04-20 00:00:00+00:00,76635.5
BTCUSD_260925,BTC,2026-09-25 00:00:00+00:00,2026-04-21 00:00:00+00:00,77147.2
BTCUSD_260925,BTC,2026-09-25 00:00:00+00:00,2026-04-22 00:00:00+00:00,78884.5
BTCUSD_260925,BTC,2026-09-25 00:00:00+00:00,2026-04-23 00:00:00+00:00,79056.4
BTCUSD_260925,BTC,2026-09-25 00:00:00+00:00,2026-04-24 00:00:00+00:00,78186.4
BTCUSD_260925,BTC,2026-09-25 00:00:00+00:00,2026-04-25 00:00:00+00:00,78354.7
BTCUSD_260925,BTC,2026-09-25 00:00:00+00:00,2026-04-26 00:00:00+00:00,79364.1
BTCUSD_260925,BTC,2026-09-25 00:00:00+00:00,2026-04-27 00:00:00+00:00,78065.6
BTCUSD_260925,BTC,2026-09-25 00:00:00+00:00,2026-04-28 00:00:00+00:00,76905.8
BTCUSD_260925,BTC,2026-09-25 00:00:00+00:00,2026-04-29 00:00:00+00:00,76516.5
BTCUSD_260925,BTC,2026-09-25 00:00:00+00:00,2026-04-30 00:00:00+00:00,76923.2
BTCUSD_260925,BTC,2026-09-25 00:00:00+00:00,2026-05-01 00:00:00+00:00,78937.5
BTCUSD_260925,BTC,2026-09-25 00:00:00+00:00,2026-05-02 00:00:00+00:00,79383.1
BTCUSD_260925,BTC,2026-09-25 00:00:00+00:00,2026-05-03 00:00:00+00:00,79259.8
BTCUSD_260925,BTC,2026-09-25 00:00:00+00:00,2026-05-04 00:00:00+00:00,80541.8
BTCUSD_260925,BTC,2026-09-25 00:00:00+00:00,2026-05-05 00:00:00+00:00,81621.3
BTCUSD_260925,BTC,2026-09-25 00:00:00+00:00,2026-05-06 00:00:00+00:00,82169.6
BTCUSD_260925,BTC,2026-09-25 00:00:00+00:00,2026-05-07 00:00:00+00:00,80757.1
BTCUSD_260925,BTC,2026-09-25 00:00:00+00:00,2026-05-08 00:00:00+00:00,80935.0
BTCUSD_260925,BTC,2026-09-25 00:00:00+00:00,2026-05-09 00:00:00+00:00,81319.3
BTCUSD_260925,BTC,2026-09-25 00:00:00+00:00,2026-05-10 00:00:00+00:00,82881.3
BTCUSD_260925,BTC,2026-09-25 00:00:00+00:00,2026-05-11 00:00:00+00:00,82480.0
BTCUSD_260925,BTC,2026-09-25 00:00:00+00:00,2026-05-12 00:00:00+00:00,81170.4
BTCUSD_260925,BTC,2026-09-25 00:00:00+00:00,2026-05-13 00:00:00+00:00,80073.6
BTCUSD_260925,BTC,2026-09-25 00:00:00+00:00,2026-05-14 00:00:00+00:00,81799.6
BTCUSD_260925,BTC,2026-09-25 00:00:00+00:00,2026-05-15 00:00:00+00:00,79682.5
BTCUSD_260925,BTC,2026-09-25 00:00:00+00:00,2026-05-16 00:00:00+00:00,78714.2
BTCUSD_260925,BTC,2026-09-25 00:00:00+00:00,2026-05-17 00:00:00+00:00,78049.9
BTCUSD_260925,BTC,2026-09-25 00:00:00+00:00,2026-05-18 00:00:00+00:00,77536.1
BTCUSD_260925,BTC,2026-09-25 00:00:00+00:00,2026-05-19 00:00:00+00:00,77409.0
BTCUSD_260925,BTC,2026-09-25 00:00:00+00:00,2026-05-20 00:00:00+00:00,78192.3
BTCUSD_260925,BTC,2026-09-25 00:00:00+00:00,2026-05-21 00:00:00+00:00,78215.7
BTCUSD_260925,BTC,2026-09-25 00:00:00+00:00,2026-05-22 00:00:00+00:00,75962.0
BTCUSD_260925,BTC,2026-09-25 00:00:00+00:00,2026-05-23 00:00:00+00:00,77187.3
BTCUSD_260925,BTC,2026-09-25 00:00:00+00:00,2026-05-24 00:00:00+00:00,77620.1
BTCUSD_260925,BTC,2026-09-25 00:00:00+00:00,2026-05-25 00:00:00+00:00,77907.6
BTCUSD_260925,BTC,2026-09-25 00:00:00+00:00,2026-05-26 00:00:00+00:00,76480.0
BTCUSD_260925,BTC,2026-09-25 00:00:00+00:00,2026-05-27 00:00:00+00:00,74981.3
BTCUSD_260925,BTC,2026-09-25 00:00:00+00:00,2026-05-28 00:00:00+00:00,74183.9
BTCUSD_260925,BTC,2026-09-25 00:00:00+00:00,2026-05-29 00:00:00+00:00,74052.2
BTCUSD_260925,BTC,2026-09-25 00:00:00+00:00,2026-05-30 00:00:00+00:00,74426.9
BTCUSD_260925,BTC,2026-09-25 00:00:00+00:00,2026-05-31 00:00:00+00:00,74224.1
ETHUSD_200925,ETH,2020-09-25 00:00:00+00:00,2020-07-24 00:00:00+00:00,285.93
ETHUSD_200925,ETH,2020-09-25 00:00:00+00:00,2020-07-25 00:00:00+00:00,311.48
ETHUSD_200925,ETH,2020-09-25 00:00:00+00:00,2020-07-26 00:00:00+00:00,318.45
ETHUSD_200925,ETH,2020-09-25 00:00:00+00:00,2020-07-27 00:00:00+00:00,331.49
ETHUSD_200925,ETH,2020-09-25 00:00:00+00:00,2020-07-28 00:00:00+00:00,327.43
ETHUSD_200925,ETH,2020-09-25 00:00:00+00:00,2020-07-29 00:00:00+00:00,327.76
ETHUSD_200925,ETH,2020-09-25 00:00:00+00:00,2020-07-30 00:00:00+00:00,351.24
ETHUSD_200925,ETH,2020-09-25 00:00:00+00:00,2020-07-31 00:00:00+00:00,358.12
ETHUSD_200925,ETH,2020-09-25 00:00:00+00:00,2020-08-01 00:00:00+00:00,398.66
ETHUSD_200925,ETH,2020-09-25 00:00:00+00:00,2020-08-02 00:00:00+00:00,382.84
ETHUSD_200925,ETH,2020-09-25 00:00:00+00:00,2020-08-03 00:00:00+00:00,398.19
ETHUSD_200925,ETH,2020-09-25 00:00:00+00:00,2020-08-04 00:00:00+00:00,401.92
ETHUSD_200925,ETH,2020-09-25 00:00:00+00:00,2020-08-05 00:00:00+00:00,412.57
ETHUSD_200925,ETH,2020-09-25 00:00:00+00:00,2020-08-06 00:00:00+00:00,404.89
ETHUSD_200925,ETH,2020-09-25 00:00:00+00:00,2020-08-07 00:00:00+00:00,387.98
ETHUSD_200925,ETH,2020-09-25 00:00:00+00:00,2020-08-08 00:00:00+00:00,409.51
ETHUSD_200925,ETH,2020-09-25 00:00:00+00:00,2020-08-09 00:00:00+00:00,400.94
ETHUSD_200925,ETH,2020-09-25 00:00:00+00:00,2020-08-10 00:00:00+00:00,409.77
ETHUSD_200925,ETH,2020-09-25 00:00:00+00:00,2020-08-11 00:00:00+00:00,390.74
ETHUSD_200925,ETH,2020-09-25 00:00:00+00:00,2020-08-12 00:00:00+00:00,399.13
ETHUSD_200925,ETH,2020-09-25 00:00:00+00:00,2020-08-13 00:00:00+00:00,440.67
ETHUSD_200925,ETH,2020-09-25 00:00:00+00:00,2020-08-14 00:00:00+00:00,453.12
ETHUSD_200925,ETH,2020-09-25 00:00:00+00:00,2020-08-15 00:00:00+00:00,446.01
ETHUSD_200925,ETH,2020-09-25 00:00:00+00:00,2020-08-16 00:00:00+00:00,446.16
ETHUSD_200925,ETH,2020-09-25 00:00:00+00:00,2020-08-17 00:00:00+00:00,444.47
ETHUSD_200925,ETH,2020-09-25 00:00:00+00:00,2020-08-18 00:00:00+00:00,430.68
ETHUSD_200925,ETH,2020-09-25 00:00:00+00:00,2020-08-19 00:00:00+00:00,413.55
ETHUSD_200925,ETH,2020-09-25 00:00:00+00:00,2020-08-20 00:00:00+00:00,422.33
ETHUSD_200925,ETH,2020-09-25 00:00:00+00:00,2020-08-21 00:00:00+00:00,390.94
ETHUSD_200925,ETH,2020-09-25 00:00:00+00:00,2020-08-22 00:00:00+00:00,400.1
ETHUSD_200925,ETH,2020-09-25 00:00:00+00:00,2020-08-23 00:00:00+00:00,394.63
ETHUSD_200925,ETH,2020-09-25 00:00:00+00:00,2020-08-24 00:00:00+00:00,412.79
ETHUSD_200925,ETH,2020-09-25 00:00:00+00:00,2020-08-25 00:00:00+00:00,386.75
ETHUSD_200925,ETH,2020-09-25 00:00:00+00:00,2020-08-26 00:00:00+00:00,390.72
ETHUSD_200925,ETH,2020-09-25 00:00:00+00:00,2020-08-27 00:00:00+00:00,387.5
ETHUSD_200925,ETH,2020-09-25 00:00:00+00:00,2020-08-28 00:00:00+00:00,399.07
ETHUSD_200925,ETH,2020-09-25 00:00:00+00:00,2020-08-29 00:00:00+00:00,402.57
ETHUSD_200925,ETH,2020-09-25 00:00:00+00:00,2020-08-30 00:00:00+00:00,435.11
ETHUSD_200925,ETH,2020-09-25 00:00:00+00:00,2020-08-31 00:00:00+00:00,437.97
ETHUSD_200925,ETH,2020-09-25 00:00:00+00:00,2020-09-01 00:00:00+00:00,482.0
ETHUSD_200925,ETH,2020-09-25 00:00:00+00:00,2020-09-02 00:00:00+00:00,441.63
ETHUSD_200925,ETH,2020-09-25 00:00:00+00:00,2020-09-03 00:00:00+00:00,381.72
ETHUSD_200925,ETH,2020-09-25 00:00:00+00:00,2020-09-04 00:00:00+00:00,385.5
ETHUSD_200925,ETH,2020-09-25 00:00:00+00:00,2020-09-05 00:00:00+00:00,333.64
ETHUSD_200925,ETH,2020-09-25 00:00:00+00:00,2020-09-06 00:00:00+00:00,351.6
ETHUSD_200925,ETH,2020-09-25 00:00:00+00:00,2020-09-07 00:00:00+00:00,352.81
ETHUSD_200925,ETH,2020-09-25 00:00:00+00:00,2020-09-08 00:00:00+00:00,337.1
ETHUSD_200925,ETH,2020-09-25 00:00:00+00:00,2020-09-09 00:00:00+00:00,350.11
ETHUSD_200925,ETH,2020-09-25 00:00:00+00:00,2020-09-10 00:00:00+00:00,367.09
ETHUSD_200925,ETH,2020-09-25 00:00:00+00:00,2020-09-11 00:00:00+00:00,373.23
ETHUSD_200925,ETH,2020-09-25 00:00:00+00:00,2020-09-12 00:00:00+00:00,388.03
ETHUSD_200925,ETH,2020-09-25 00:00:00+00:00,2020-09-13 00:00:00+00:00,365.17
ETHUSD_200925,ETH,2020-09-25 00:00:00+00:00,2020-09-14 00:00:00+00:00,377.8
ETHUSD_200925,ETH,2020-09-25 00:00:00+00:00,2020-09-15 00:00:00+00:00,365.77
ETHUSD_200925,ETH,2020-09-25 00:00:00+00:00,2020-09-16 00:00:00+00:00,366.55
ETHUSD_200925,ETH,2020-09-25 00:00:00+00:00,2020-09-17 00:00:00+00:00,391.69
ETHUSD_200925,ETH,2020-09-25 00:00:00+00:00,2020-09-18 00:00:00+00:00,386.03
ETHUSD_200925,ETH,2020-09-25 00:00:00+00:00,2020-09-19 00:00:00+00:00,386.24
ETHUSD_200925,ETH,2020-09-25 00:00:00+00:00,2020-09-20 00:00:00+00:00,371.63
ETHUSD_200925,ETH,2020-09-25 00:00:00+00:00,2020-09-21 00:00:00+00:00,340.13
ETHUSD_200925,ETH,2020-09-25 00:00:00+00:00,2020-09-22 00:00:00+00:00,344.1
ETHUSD_200925,ETH,2020-09-25 00:00:00+00:00,2020-09-23 00:00:00+00:00,320.88
ETHUSD_200925,ETH,2020-09-25 00:00:00+00:00,2020-09-24 00:00:00+00:00,350.74
ETHUSD_201225,ETH,2020-12-25 00:00:00+00:00,2020-08-05 00:00:00+00:00,420.32
ETHUSD_201225,ETH,2020-12-25 00:00:00+00:00,2020-08-06 00:00:00+00:00,412.7
ETHUSD_201225,ETH,2020-12-25 00:00:00+00:00,2020-08-07 00:00:00+00:00,394.25
ETHUSD_201225,ETH,2020-12-25 00:00:00+00:00,2020-08-08 00:00:00+00:00,419.14
ETHUSD_201225,ETH,2020-12-25 00:00:00+00:00,2020-08-09 00:00:00+00:00,409.33
ETHUSD_201225,ETH,2020-12-25 00:00:00+00:00,2020-08-10 00:00:00+00:00,418.28
ETHUSD_201225,ETH,2020-12-25 00:00:00+00:00,2020-08-11 00:00:00+00:00,398.2
ETHUSD_201225,ETH,2020-12-25 00:00:00+00:00,2020-08-12 00:00:00+00:00,411.39
ETHUSD_201225,ETH,2020-12-25 00:00:00+00:00,2020-08-13 00:00:00+00:00,453.94
ETHUSD_201225,ETH,2020-12-25 00:00:00+00:00,2020-08-14 00:00:00+00:00,463.87
ETHUSD_201225,ETH,2020-12-25 00:00:00+00:00,2020-08-15 00:00:00+00:00,459.36
ETHUSD_201225,ETH,2020-12-25 00:00:00+00:00,2020-08-16 00:00:00+00:00,458.78
ETHUSD_201225,ETH,2020-12-25 00:00:00+00:00,2020-08-17 00:00:00+00:00,457.38
ETHUSD_201225,ETH,2020-12-25 00:00:00+00:00,2020-08-18 00:00:00+00:00,443.8
ETHUSD_201225,ETH,2020-12-25 00:00:00+00:00,2020-08-19 00:00:00+00:00,425.99
ETHUSD_201225,ETH,2020-12-25 00:00:00+00:00,2020-08-20 00:00:00+00:00,434.01
ETHUSD_201225,ETH,2020-12-25 00:00:00+00:00,2020-08-21 00:00:00+00:00,402.68
ETHUSD_201225,ETH,2020-12-25 00:00:00+00:00,2020-08-22 00:00:00+00:00,413.25
ETHUSD_201225,ETH,2020-12-25 00:00:00+00:00,2020-08-23 00:00:00+00:00,405.19
ETHUSD_201225,ETH,2020-12-25 00:00:00+00:00,2020-08-24 00:00:00+00:00,424.01
ETHUSD_201225,ETH,2020-12-25 00:00:00+00:00,2020-08-25 00:00:00+00:00,396.13
ETHUSD_201225,ETH,2020-12-25 00:00:00+00:00,2020-08-26 00:00:00+00:00,399.71
ETHUSD_201225,ETH,2020-12-25 00:00:00+00:00,2020-08-27 00:00:00+00:00,397.71
ETHUSD_201225,ETH,2020-12-25 00:00:00+00:00,2020-08-28 00:00:00+00:00,409.49
ETHUSD_201225,ETH,2020-12-25 00:00:00+00:00,2020-08-29 00:00:00+00:00,412.81
ETHUSD_201225,ETH,2020-12-25 00:00:00+00:00,2020-08-30 00:00:00+00:00,446.22
ETHUSD_201225,ETH,2020-12-25 00:00:00+00:00,2020-08-31 00:00:00+00:00,450.32
ETHUSD_201225,ETH,2020-12-25 00:00:00+00:00,2020-09-01 00:00:00+00:00,495.39
ETHUSD_201225,ETH,2020-12-25 00:00:00+00:00,2020-09-02 00:00:00+00:00,453.84
ETHUSD_201225,ETH,2020-12-25 00:00:00+00:00,2020-09-03 00:00:00+00:00,389.66
ETHUSD_201225,ETH,2020-12-25 00:00:00+00:00,2020-09-04 00:00:00+00:00,390.34
ETHUSD_201225,ETH,2020-12-25 00:00:00+00:00,2020-09-05 00:00:00+00:00,338.73
ETHUSD_201225,ETH,2020-12-25 00:00:00+00:00,2020-09-06 00:00:00+00:00,356.28
ETHUSD_201225,ETH,2020-12-25 00:00:00+00:00,2020-09-07 00:00:00+00:00,358.23
ETHUSD_201225,ETH,2020-12-25 00:00:00+00:00,2020-09-08 00:00:00+00:00,342.02
ETHUSD_201225,ETH,2020-12-25 00:00:00+00:00,2020-09-09 00:00:00+00:00,355.23
ETHUSD_201225,ETH,2020-12-25 00:00:00+00:00,2020-09-10 00:00:00+00:00,371.3
ETHUSD_201225,ETH,2020-12-25 00:00:00+00:00,2020-09-11 00:00:00+00:00,376.62
ETHUSD_201225,ETH,2020-12-25 00:00:00+00:00,2020-09-12 00:00:00+00:00,393.34
ETHUSD_201225,ETH,2020-12-25 00:00:00+00:00,2020-09-13 00:00:00+00:00,367.09
ETHUSD_201225,ETH,2020-12-25 00:00:00+00:00,2020-09-14 00:00:00+00:00,381.87
ETHUSD_201225,ETH,2020-12-25 00:00:00+00:00,2020-09-15 00:00:00+00:00,368.62
ETHUSD_201225,ETH,2020-12-25 00:00:00+00:00,2020-09-16 00:00:00+00:00,371.01
ETHUSD_201225,ETH,2020-12-25 00:00:00+00:00,2020-09-17 00:00:00+00:00,397.88
ETHUSD_201225,ETH,2020-12-25 00:00:00+00:00,2020-09-18 00:00:00+00:00,390.98
ETHUSD_201225,ETH,2020-12-25 00:00:00+00:00,2020-09-19 00:00:00+00:00,391.96
ETHUSD_201225,ETH,2020-12-25 00:00:00+00:00,2020-09-20 00:00:00+00:00,375.72
ETHUSD_201225,ETH,2020-12-25 00:00:00+00:00,2020-09-21 00:00:00+00:00,341.47
ETHUSD_201225,ETH,2020-12-25 00:00:00+00:00,2020-09-22 00:00:00+00:00,347.34
ETHUSD_201225,ETH,2020-12-25 00:00:00+00:00,2020-09-23 00:00:00+00:00,322.52
ETHUSD_201225,ETH,2020-12-25 00:00:00+00:00,2020-09-24 00:00:00+00:00,354.88
ETHUSD_201225,ETH,2020-12-25 00:00:00+00:00,2020-09-25 00:00:00+00:00,358.18
ETHUSD_201225,ETH,2020-12-25 00:00:00+00:00,2020-09-26 00:00:00+00:00,360.26
ETHUSD_201225,ETH,2020-12-25 00:00:00+00:00,2020-09-27 00:00:00+00:00,364.67
ETHUSD_201225,ETH,2020-12-25 00:00:00+00:00,2020-09-28 00:00:00+00:00,357.14
ETHUSD_201225,ETH,2020-12-25 00:00:00+00:00,2020-09-29 00:00:00+00:00,365.88
ETHUSD_201225,ETH,2020-12-25 00:00:00+00:00,2020-09-30 00:00:00+00:00,365.79
ETHUSD_201225,ETH,2020-12-25 00:00:00+00:00,2020-10-01 00:00:00+00:00,356.51
ETHUSD_201225,ETH,2020-12-25 00:00:00+00:00,2020-10-02 00:00:00+00:00,350.0
ETHUSD_201225,ETH,2020-12-25 00:00:00+00:00,2020-10-03 00:00:00+00:00,349.7
ETHUSD_201225,ETH,2020-12-25 00:00:00+00:00,2020-10-04 00:00:00+00:00,358.53
ETHUSD_201225,ETH,2020-12-25 00:00:00+00:00,2020-10-05 00:00:00+00:00,358.65
ETHUSD_201225,ETH,2020-12-25 00:00:00+00:00,2020-10-06 00:00:00+00:00,345.34
ETHUSD_201225,ETH,2020-12-25 00:00:00+00:00,2020-10-07 00:00:00+00:00,346.37
ETHUSD_201225,ETH,2020-12-25 00:00:00+00:00,2020-10-08 00:00:00+00:00,357.09
ETHUSD_201225,ETH,2020-12-25 00:00:00+00:00,2020-10-09 00:00:00+00:00,372.09
ETHUSD_201225,ETH,2020-12-25 00:00:00+00:00,2020-10-10 00:00:00+00:00,377.5
ETHUSD_201225,ETH,2020-12-25 00:00:00+00:00,2020-10-11 00:00:00+00:00,381.3
ETHUSD_201225,ETH,2020-12-25 00:00:00+00:00,2020-10-12 00:00:00+00:00,395.27
ETHUSD_201225,ETH,2020-12-25 00:00:00+00:00,2020-10-13 00:00:00+00:00,387.32
ETHUSD_201225,ETH,2020-12-25 00:00:00+00:00,2020-10-14 00:00:00+00:00,384.45
ETHUSD_201225,ETH,2020-12-25 00:00:00+00:00,2020-10-15 00:00:00+00:00,385.5
ETHUSD_201225,ETH,2020-12-25 00:00:00+00:00,2020-10-16 00:00:00+00:00,370.06
ETHUSD_201225,ETH,2020-12-25 00:00:00+00:00,2020-10-17 00:00:00+00:00,374.5
ETHUSD_201225,ETH,2020-12-25 00:00:00+00:00,2020-10-18 00:00:00+00:00,384.85
ETHUSD_201225,ETH,2020-12-25 00:00:00+00:00,2020-10-19 00:00:00+00:00,385.93
ETHUSD_201225,ETH,2020-12-25 00:00:00+00:00,2020-10-20 00:00:00+00:00,375.52
ETHUSD_201225,ETH,2020-12-25 00:00:00+00:00,2020-10-21 00:00:00+00:00,399.28
ETHUSD_201225,ETH,2020-12-25 00:00:00+00:00,2020-10-22 00:00:00+00:00,421.48
ETHUSD_201225,ETH,2020-12-25 00:00:00+00:00,2020-10-23 00:00:00+00:00,416.8
ETHUSD_201225,ETH,2020-12-25 00:00:00+00:00,2020-10-24 00:00:00+00:00,419.5
ETHUSD_201225,ETH,2020-12-25 00:00:00+00:00,2020-10-25 00:00:00+00:00,412.85
ETHUSD_201225,ETH,2020-12-25 00:00:00+00:00,2020-10-26 00:00:00+00:00,398.27
ETHUSD_201225,ETH,2020-12-25 00:00:00+00:00,2020-10-27 00:00:00+00:00,409.39
ETHUSD_201225,ETH,2020-12-25 00:00:00+00:00,2020-10-28 00:00:00+00:00,393.1
ETHUSD_201225,ETH,2020-12-25 00:00:00+00:00,2020-10-29 00:00:00+00:00,392.09
ETHUSD_201225,ETH,2020-12-25 00:00:00+00:00,2020-10-30 00:00:00+00:00,387.91
ETHUSD_201225,ETH,2020-12-25 00:00:00+00:00,2020-10-31 00:00:00+00:00,390.83
ETHUSD_201225,ETH,2020-12-25 00:00:00+00:00,2020-11-01 00:00:00+00:00,402.01
ETHUSD_201225,ETH,2020-12-25 00:00:00+00:00,2020-11-02 00:00:00+00:00,387.11
ETHUSD_201225,ETH,2020-12-25 00:00:00+00:00,2020-11-03 00:00:00+00:00,393.13
ETHUSD_201225,ETH,2020-12-25 00:00:00+00:00,2020-11-04 00:00:00+00:00,409.09
ETHUSD_201225,ETH,2020-12-25 00:00:00+00:00,2020-11-05 00:00:00+00:00,423.55
ETHUSD_201225,ETH,2020-12-25 00:00:00+00:00,2020-11-06 00:00:00+00:00,463.09
ETHUSD_201225,ETH,2020-12-25 00:00:00+00:00,2020-11-07 00:00:00+00:00,445.94
ETHUSD_201225,ETH,2020-12-25 00:00:00+00:00,2020-11-08 00:00:00+00:00,464.03
ETHUSD_201225,ETH,2020-12-25 00:00:00+00:00,2020-11-09 00:00:00+00:00,451.29
ETHUSD_201225,ETH,2020-12-25 00:00:00+00:00,2020-11-10 00:00:00+00:00,456.77
ETHUSD_201225,ETH,2020-12-25 00:00:00+00:00,2020-11-11 00:00:00+00:00,470.91
ETHUSD_201225,ETH,2020-12-25 00:00:00+00:00,2020-11-12 00:00:00+00:00,469.57
ETHUSD_201225,ETH,2020-12-25 00:00:00+00:00,2020-11-13 00:00:00+00:00,483.33
ETHUSD_201225,ETH,2020-12-25 00:00:00+00:00,2020-11-14 00:00:00+00:00,465.34
ETHUSD_201225,ETH,2020-12-25 00:00:00+00:00,2020-11-15 00:00:00+00:00,451.91
ETHUSD_201225,ETH,2020-12-25 00:00:00+00:00,2020-11-16 00:00:00+00:00,466.46
ETHUSD_201225,ETH,2020-12-25 00:00:00+00:00,2020-11-17 00:00:00+00:00,489.02
ETHUSD_201225,ETH,2020-12-25 00:00:00+00:00,2020-11-18 00:00:00+00:00,483.28
ETHUSD_201225,ETH,2020-12-25 00:00:00+00:00,2020-11-19 00:00:00+00:00,475.35
ETHUSD_201225,ETH,2020-12-25 00:00:00+00:00,2020-11-20 00:00:00+00:00,516.72
ETHUSD_201225,ETH,2020-12-25 00:00:00+00:00,2020-11-21 00:00:00+00:00,559.18
ETHUSD_201225,ETH,2020-12-25 00:00:00+00:00,2020-11-22 00:00:00+00:00,568.77
ETHUSD_201225,ETH,2020-12-25 00:00:00+00:00,2020-11-23 00:00:00+00:00,617.03
ETHUSD_201225,ETH,2020-12-25 00:00:00+00:00,2020-11-24 00:00:00+00:00,613.73
ETHUSD_201225,ETH,2020-12-25 00:00:00+00:00,2020-11-25 00:00:00+00:00,577.53
ETHUSD_201225,ETH,2020-12-25 00:00:00+00:00,2020-11-26 00:00:00+00:00,525.83
ETHUSD_201225,ETH,2020-12-25 00:00:00+00:00,2020-11-27 00:00:00+00:00,523.33
ETHUSD_201225,ETH,2020-12-25 00:00:00+00:00,2020-11-28 00:00:00+00:00,541.84
ETHUSD_201225,ETH,2020-12-25 00:00:00+00:00,2020-11-29 00:00:00+00:00,582.13
ETHUSD_201225,ETH,2020-12-25 00:00:00+00:00,2020-11-30 00:00:00+00:00,627.52
ETHUSD_201225,ETH,2020-12-25 00:00:00+00:00,2020-12-01 00:00:00+00:00,592.58
ETHUSD_201225,ETH,2020-12-25 00:00:00+00:00,2020-12-02 00:00:00+00:00,604.74
ETHUSD_201225,ETH,2020-12-25 00:00:00+00:00,2020-12-03 00:00:00+00:00,624.73
ETHUSD_201225,ETH,2020-12-25 00:00:00+00:00,2020-12-04 00:00:00+00:00,572.4
ETHUSD_201225,ETH,2020-12-25 00:00:00+00:00,2020-12-05 00:00:00+00:00,602.27
ETHUSD_201225,ETH,2020-12-25 00:00:00+00:00,2020-12-06 00:00:00+00:00,607.92
ETHUSD_201225,ETH,2020-12-25 00:00:00+00:00,2020-12-07 00:00:00+00:00,595.84
ETHUSD_201225,ETH,2020-12-25 00:00:00+00:00,2020-12-08 00:00:00+00:00,556.25
ETHUSD_201225,ETH,2020-12-25 00:00:00+00:00,2020-12-09 00:00:00+00:00,575.85
ETHUSD_201225,ETH,2020-12-25 00:00:00+00:00,2020-12-10 00:00:00+00:00,560.43
ETHUSD_201225,ETH,2020-12-25 00:00:00+00:00,2020-12-11 00:00:00+00:00,545.42
ETHUSD_201225,ETH,2020-12-25 00:00:00+00:00,2020-12-12 00:00:00+00:00,569.71
ETHUSD_201225,ETH,2020-12-25 00:00:00+00:00,2020-12-13 00:00:00+00:00,594.02
ETHUSD_201225,ETH,2020-12-25 00:00:00+00:00,2020-12-14 00:00:00+00:00,588.53
ETHUSD_201225,ETH,2020-12-25 00:00:00+00:00,2020-12-15 00:00:00+00:00,591.23
ETHUSD_201225,ETH,2020-12-25 00:00:00+00:00,2020-12-16 00:00:00+00:00,642.88
ETHUSD_201225,ETH,2020-12-25 00:00:00+00:00,2020-12-17 00:00:00+00:00,647.48
ETHUSD_201225,ETH,2020-12-25 00:00:00+00:00,2020-12-18 00:00:00+00:00,658.21
ETHUSD_201225,ETH,2020-12-25 00:00:00+00:00,2020-12-19 00:00:00+00:00,662.65
ETHUSD_201225,ETH,2020-12-25 00:00:00+00:00,2020-12-20 00:00:00+00:00,640.6
ETHUSD_201225,ETH,2020-12-25 00:00:00+00:00,2020-12-21 00:00:00+00:00,608.07
ETHUSD_201225,ETH,2020-12-25 00:00:00+00:00,2020-12-22 00:00:00+00:00,637.14
ETHUSD_201225,ETH,2020-12-25 00:00:00+00:00,2020-12-23 00:00:00+00:00,584.61
ETHUSD_201225,ETH,2020-12-25 00:00:00+00:00,2020-12-24 00:00:00+00:00,611.98
ETHUSD_210326,ETH,2021-03-26 00:00:00+00:00,2020-09-25 00:00:00+00:00,358.77
ETHUSD_210326,ETH,2021-03-26 00:00:00+00:00,2020-09-26 00:00:00+00:00,361.16
ETHUSD_210326,ETH,2021-03-26 00:00:00+00:00,2020-09-27 00:00:00+00:00,365.9
ETHUSD_210326,ETH,2021-03-26 00:00:00+00:00,2020-09-28 00:00:00+00:00,359.59
ETHUSD_210326,ETH,2021-03-26 00:00:00+00:00,2020-09-29 00:00:00+00:00,367.46
ETHUSD_210326,ETH,2021-03-26 00:00:00+00:00,2020-09-30 00:00:00+00:00,367.42
ETHUSD_210326,ETH,2021-03-26 00:00:00+00:00,2020-10-01 00:00:00+00:00,358.92
ETHUSD_210326,ETH,2021-03-26 00:00:00+00:00,2020-10-02 00:00:00+00:00,354.3
ETHUSD_210326,ETH,2021-03-26 00:00:00+00:00,2020-10-03 00:00:00+00:00,353.44
ETHUSD_210326,ETH,2021-03-26 00:00:00+00:00,2020-10-04 00:00:00+00:00,362.58
ETHUSD_210326,ETH,2021-03-26 00:00:00+00:00,2020-10-05 00:00:00+00:00,362.28
ETHUSD_210326,ETH,2021-03-26 00:00:00+00:00,2020-10-06 00:00:00+00:00,349.95
ETHUSD_210326,ETH,2021-03-26 00:00:00+00:00,2020-10-07 00:00:00+00:00,350.54
ETHUSD_210326,ETH,2021-03-26 00:00:00+00:00,2020-10-08 00:00:00+00:00,361.81
ETHUSD_210326,ETH,2021-03-26 00:00:00+00:00,2020-10-09 00:00:00+00:00,376.9
ETHUSD_210326,ETH,2021-03-26 00:00:00+00:00,2020-10-10 00:00:00+00:00,381.95
ETHUSD_210326,ETH,2021-03-26 00:00:00+00:00,2020-10-11 00:00:00+00:00,386.62
ETHUSD_210326,ETH,2021-03-26 00:00:00+00:00,2020-10-12 00:00:00+00:00,400.67
ETHUSD_210326,ETH,2021-03-26 00:00:00+00:00,2020-10-13 00:00:00+00:00,393.17
ETHUSD_210326,ETH,2021-03-26 00:00:00+00:00,2020-10-14 00:00:00+00:00,390.0
ETHUSD_210326,ETH,2021-03-26 00:00:00+00:00,2020-10-15 00:00:00+00:00,390.69
ETHUSD_210326,ETH,2021-03-26 00:00:00+00:00,2020-10-16 00:00:00+00:00,374.87
ETHUSD_210326,ETH,2021-03-26 00:00:00+00:00,2020-10-17 00:00:00+00:00,380.34
ETHUSD_210326,ETH,2021-03-26 00:00:00+00:00,2020-10-18 00:00:00+00:00,390.32
ETHUSD_210326,ETH,2021-03-26 00:00:00+00:00,2020-10-19 00:00:00+00:00,393.02
ETHUSD_210326,ETH,2021-03-26 00:00:00+00:00,2020-10-20 00:00:00+00:00,379.51
ETHUSD_210326,ETH,2021-03-26 00:00:00+00:00,2020-10-21 00:00:00+00:00,407.49
ETHUSD_210326,ETH,2021-03-26 00:00:00+00:00,2020-10-22 00:00:00+00:00,432.32
ETHUSD_210326,ETH,2021-03-26 00:00:00+00:00,2020-10-23 00:00:00+00:00,426.87
ETHUSD_210326,ETH,2021-03-26 00:00:00+00:00,2020-10-24 00:00:00+00:00,431.15
ETHUSD_210326,ETH,2021-03-26 00:00:00+00:00,2020-10-25 00:00:00+00:00,422.63
ETHUSD_210326,ETH,2021-03-26 00:00:00+00:00,2020-10-26 00:00:00+00:00,408.21
ETHUSD_210326,ETH,2021-03-26 00:00:00+00:00,2020-10-27 00:00:00+00:00,420.99
ETHUSD_210326,ETH,2021-03-26 00:00:00+00:00,2020-10-28 00:00:00+00:00,404.52
ETHUSD_210326,ETH,2021-03-26 00:00:00+00:00,2020-10-29 00:00:00+00:00,402.23
ETHUSD_210326,ETH,2021-03-26 00:00:00+00:00,2020-10-30 00:00:00+00:00,396.61
ETHUSD_210326,ETH,2021-03-26 00:00:00+00:00,2020-10-31 00:00:00+00:00,401.78
ETHUSD_210326,ETH,2021-03-26 00:00:00+00:00,2020-11-01 00:00:00+00:00,413.02
ETHUSD_210326,ETH,2021-03-26 00:00:00+00:00,2020-11-02 00:00:00+00:00,397.01
ETHUSD_210326,ETH,2021-03-26 00:00:00+00:00,2020-11-03 00:00:00+00:00,402.04
ETHUSD_210326,ETH,2021-03-26 00:00:00+00:00,2020-11-04 00:00:00+00:00,419.49
ETHUSD_210326,ETH,2021-03-26 00:00:00+00:00,2020-11-05 00:00:00+00:00,431.29
ETHUSD_210326,ETH,2021-03-26 00:00:00+00:00,2020-11-06 00:00:00+00:00,473.12
ETHUSD_210326,ETH,2021-03-26 00:00:00+00:00,2020-11-07 00:00:00+00:00,455.48
ETHUSD_210326,ETH,2021-03-26 00:00:00+00:00,2020-11-08 00:00:00+00:00,474.38
ETHUSD_210326,ETH,2021-03-26 00:00:00+00:00,2020-11-09 00:00:00+00:00,461.04
ETHUSD_210326,ETH,2021-03-26 00:00:00+00:00,2020-11-10 00:00:00+00:00,466.44
ETHUSD_210326,ETH,2021-03-26 00:00:00+00:00,2020-11-11 00:00:00+00:00,481.22
ETHUSD_210326,ETH,2021-03-26 00:00:00+00:00,2020-11-12 00:00:00+00:00,480.52
ETHUSD_210326,ETH,2021-03-26 00:00:00+00:00,2020-11-13 00:00:00+00:00,493.75
ETHUSD_210326,ETH,2021-03-26 00:00:00+00:00,2020-11-14 00:00:00+00:00,476.44
ETHUSD_210326,ETH,2021-03-26 00:00:00+00:00,2020-11-15 00:00:00+00:00,461.03
ETHUSD_210326,ETH,2021-03-26 00:00:00+00:00,2020-11-16 00:00:00+00:00,476.43
ETHUSD_210326,ETH,2021-03-26 00:00:00+00:00,2020-11-17 00:00:00+00:00,499.7
ETHUSD_210326,ETH,2021-03-26 00:00:00+00:00,2020-11-18 00:00:00+00:00,492.59
ETHUSD_210326,ETH,2021-03-26 00:00:00+00:00,2020-11-19 00:00:00+00:00,484.93
ETHUSD_210326,ETH,2021-03-26 00:00:00+00:00,2020-11-20 00:00:00+00:00,524.67
ETHUSD_210326,ETH,2021-03-26 00:00:00+00:00,2020-11-21 00:00:00+00:00,569.88
ETHUSD_210326,ETH,2021-03-26 00:00:00+00:00,2020-11-22 00:00:00+00:00,578.19
ETHUSD_210326,ETH,2021-03-26 00:00:00+00:00,2020-11-23 00:00:00+00:00,629.72
ETHUSD_210326,ETH,2021-03-26 00:00:00+00:00,2020-11-24 00:00:00+00:00,627.65
ETHUSD_210326,ETH,2021-03-26 00:00:00+00:00,2020-11-25 00:00:00+00:00,587.84
ETHUSD_210326,ETH,2021-03-26 00:00:00+00:00,2020-11-26 00:00:00+00:00,536.6
ETHUSD_210326,ETH,2021-03-26 00:00:00+00:00,2020-11-27 00:00:00+00:00,534.27
ETHUSD_210326,ETH,2021-03-26 00:00:00+00:00,2020-11-28 00:00:00+00:00,551.88
ETHUSD_210326,ETH,2021-03-26 00:00:00+00:00,2020-11-29 00:00:00+00:00,593.65
ETHUSD_210326,ETH,2021-03-26 00:00:00+00:00,2020-11-30 00:00:00+00:00,646.27
ETHUSD_210326,ETH,2021-03-26 00:00:00+00:00,2020-12-01 00:00:00+00:00,608.27
ETHUSD_210326,ETH,2021-03-26 00:00:00+00:00,2020-12-02 00:00:00+00:00,620.79
ETHUSD_210326,ETH,2021-03-26 00:00:00+00:00,2020-12-03 00:00:00+00:00,640.63
ETHUSD_210326,ETH,2021-03-26 00:00:00+00:00,2020-12-04 00:00:00+00:00,584.88
ETHUSD_210326,ETH,2021-03-26 00:00:00+00:00,2020-12-05 00:00:00+00:00,618.06
ETHUSD_210326,ETH,2021-03-26 00:00:00+00:00,2020-12-06 00:00:00+00:00,624.6
ETHUSD_210326,ETH,2021-03-26 00:00:00+00:00,2020-12-07 00:00:00+00:00,610.52
ETHUSD_210326,ETH,2021-03-26 00:00:00+00:00,2020-12-08 00:00:00+00:00,571.36
ETHUSD_210326,ETH,2021-03-26 00:00:00+00:00,2020-12-09 00:00:00+00:00,589.31
ETHUSD_210326,ETH,2021-03-26 00:00:00+00:00,2020-12-10 00:00:00+00:00,572.76
ETHUSD_210326,ETH,2021-03-26 00:00:00+00:00,2020-12-11 00:00:00+00:00,557.65
ETHUSD_210326,ETH,2021-03-26 00:00:00+00:00,2020-12-12 00:00:00+00:00,583.93
ETHUSD_210326,ETH,2021-03-26 00:00:00+00:00,2020-12-13 00:00:00+00:00,611.04
ETHUSD_210326,ETH,2021-03-26 00:00:00+00:00,2020-12-14 00:00:00+00:00,605.82
ETHUSD_210326,ETH,2021-03-26 00:00:00+00:00,2020-12-15 00:00:00+00:00,608.92
ETHUSD_210326,ETH,2021-03-26 00:00:00+00:00,2020-12-16 00:00:00+00:00,668.54
ETHUSD_210326,ETH,2021-03-26 00:00:00+00:00,2020-12-17 00:00:00+00:00,673.33
ETHUSD_210326,ETH,2021-03-26 00:00:00+00:00,2020-12-18 00:00:00+00:00,686.13
ETHUSD_210326,ETH,2021-03-26 00:00:00+00:00,2020-12-19 00:00:00+00:00,693.63
ETHUSD_210326,ETH,2021-03-26 00:00:00+00:00,2020-12-20 00:00:00+00:00,665.75
ETHUSD_210326,ETH,2021-03-26 00:00:00+00:00,2020-12-21 00:00:00+00:00,628.38
ETHUSD_210326,ETH,2021-03-26 00:00:00+00:00,2020-12-22 00:00:00+00:00,661.4
ETHUSD_210326,ETH,2021-03-26 00:00:00+00:00,2020-12-23 00:00:00+00:00,601.51
ETHUSD_210326,ETH,2021-03-26 00:00:00+00:00,2020-12-24 00:00:00+00:00,630.9
ETHUSD_210326,ETH,2021-03-26 00:00:00+00:00,2020-12-25 00:00:00+00:00,650.42
ETHUSD_210326,ETH,2021-03-26 00:00:00+00:00,2020-12-26 00:00:00+00:00,666.08
ETHUSD_210326,ETH,2021-03-26 00:00:00+00:00,2020-12-27 00:00:00+00:00,719.14
ETHUSD_210326,ETH,2021-03-26 00:00:00+00:00,2020-12-28 00:00:00+00:00,765.03
ETHUSD_210326,ETH,2021-03-26 00:00:00+00:00,2020-12-29 00:00:00+00:00,765.32
ETHUSD_210326,ETH,2021-03-26 00:00:00+00:00,2020-12-30 00:00:00+00:00,787.03
ETHUSD_210326,ETH,2021-03-26 00:00:00+00:00,2020-12-31 00:00:00+00:00,762.27
ETHUSD_210326,ETH,2021-03-26 00:00:00+00:00,2021-01-01 00:00:00+00:00,752.97
ETHUSD_210326,ETH,2021-03-26 00:00:00+00:00,2021-01-02 00:00:00+00:00,806.59
ETHUSD_210326,ETH,2021-03-26 00:00:00+00:00,2021-01-03 00:00:00+00:00,1030.81
ETHUSD_210326,ETH,2021-03-26 00:00:00+00:00,2021-01-04 00:00:00+00:00,1090.52
ETHUSD_210326,ETH,2021-03-26 00:00:00+00:00,2021-01-05 00:00:00+00:00,1150.14
ETHUSD_210326,ETH,2021-03-26 00:00:00+00:00,2021-01-06 00:00:00+00:00,1276.51
ETHUSD_210326,ETH,2021-03-26 00:00:00+00:00,2021-01-07 00:00:00+00:00,1291.07
ETHUSD_210326,ETH,2021-03-26 00:00:00+00:00,2021-01-08 00:00:00+00:00,1274.09
ETHUSD_210326,ETH,2021-03-26 00:00:00+00:00,2021-01-09 00:00:00+00:00,1341.59
ETHUSD_210326,ETH,2021-03-26 00:00:00+00:00,2021-01-10 00:00:00+00:00,1309.07
ETHUSD_210326,ETH,2021-03-26 00:00:00+00:00,2021-01-11 00:00:00+00:00,1126.63
ETHUSD_210326,ETH,2021-03-26 00:00:00+00:00,2021-01-12 00:00:00+00:00,1091.86
ETHUSD_210326,ETH,2021-03-26 00:00:00+00:00,2021-01-13 00:00:00+00:00,1180.8
ETHUSD_210326,ETH,2021-03-26 00:00:00+00:00,2021-01-14 00:00:00+00:00,1285.85
ETHUSD_210326,ETH,2021-03-26 00:00:00+00:00,2021-01-15 00:00:00+00:00,1218.38
ETHUSD_210326,ETH,2021-03-26 00:00:00+00:00,2021-01-16 00:00:00+00:00,1282.4
ETHUSD_210326,ETH,2021-03-26 00:00:00+00:00,2021-01-17 00:00:00+00:00,1288.14
ETHUSD_210326,ETH,2021-03-26 00:00:00+00:00,2021-01-18 00:00:00+00:00,1322.68
ETHUSD_210326,ETH,2021-03-26 00:00:00+00:00,2021-01-19 00:00:00+00:00,1435.34
ETHUSD_210326,ETH,2021-03-26 00:00:00+00:00,2021-01-20 00:00:00+00:00,1431.59
ETHUSD_210326,ETH,2021-03-26 00:00:00+00:00,2021-01-21 00:00:00+00:00,1135.9
ETHUSD_210326,ETH,2021-03-26 00:00:00+00:00,2021-01-22 00:00:00+00:00,1266.85
ETHUSD_210326,ETH,2021-03-26 00:00:00+00:00,2021-01-23 00:00:00+00:00,1275.19
ETHUSD_210326,ETH,2021-03-26 00:00:00+00:00,2021-01-24 00:00:00+00:00,1445.41
ETHUSD_210326,ETH,2021-03-26 00:00:00+00:00,2021-01-25 00:00:00+00:00,1358.4
ETHUSD_210326,ETH,2021-03-26 00:00:00+00:00,2021-01-26 00:00:00+00:00,1401.9
ETHUSD_210326,ETH,2021-03-26 00:00:00+00:00,2021-01-27 00:00:00+00:00,1259.99
ETHUSD_210326,ETH,2021-03-26 00:00:00+00:00,2021-01-28 00:00:00+00:00,1366.13
ETHUSD_210326,ETH,2021-03-26 00:00:00+00:00,2021-01-29 00:00:00+00:00,1428.22
ETHUSD_210326,ETH,2021-03-26 00:00:00+00:00,2021-01-30 00:00:00+00:00,1419.99
ETHUSD_210326,ETH,2021-03-26 00:00:00+00:00,2021-01-31 00:00:00+00:00,1346.73
ETHUSD_210326,ETH,2021-03-26 00:00:00+00:00,2021-02-01 00:00:00+00:00,1417.47
ETHUSD_210326,ETH,2021-03-26 00:00:00+00:00,2021-02-02 00:00:00+00:00,1588.82
ETHUSD_210326,ETH,2021-03-26 00:00:00+00:00,2021-02-03 00:00:00+00:00,1752.94
ETHUSD_210326,ETH,2021-03-26 00:00:00+00:00,2021-02-04 00:00:00+00:00,1671.67
ETHUSD_210326,ETH,2021-03-26 00:00:00+00:00,2021-02-05 00:00:00+00:00,1803.23
ETHUSD_210326,ETH,2021-03-26 00:00:00+00:00,2021-02-06 00:00:00+00:00,1760.29
ETHUSD_210326,ETH,2021-03-26 00:00:00+00:00,2021-02-07 00:00:00+00:00,1665.58
ETHUSD_210326,ETH,2021-03-26 00:00:00+00:00,2021-02-08 00:00:00+00:00,1848.45
ETHUSD_210326,ETH,2021-03-26 00:00:00+00:00,2021-02-09 00:00:00+00:00,1863.31
ETHUSD_210326,ETH,2021-03-26 00:00:00+00:00,2021-02-10 00:00:00+00:00,1820.98
ETHUSD_210326,ETH,2021-03-26 00:00:00+00:00,2021-02-11 00:00:00+00:00,1874.83
ETHUSD_210326,ETH,2021-03-26 00:00:00+00:00,2021-02-12 00:00:00+00:00,1948.73
ETHUSD_210326,ETH,2021-03-26 00:00:00+00:00,2021-02-13 00:00:00+00:00,1910.67
ETHUSD_210326,ETH,2021-03-26 00:00:00+00:00,2021-02-14 00:00:00+00:00,1892.91
ETHUSD_210326,ETH,2021-03-26 00:00:00+00:00,2021-02-15 00:00:00+00:00,1867.22
ETHUSD_210326,ETH,2021-03-26 00:00:00+00:00,2021-02-16 00:00:00+00:00,1861.2
ETHUSD_210326,ETH,2021-03-26 00:00:00+00:00,2021-02-17 00:00:00+00:00,1948.58
ETHUSD_210326,ETH,2021-03-26 00:00:00+00:00,2021-02-18 00:00:00+00:00,2034.09
ETHUSD_210326,ETH,2021-03-26 00:00:00+00:00,2021-02-19 00:00:00+00:00,2052.03
ETHUSD_210326,ETH,2021-03-26 00:00:00+00:00,2021-02-20 00:00:00+00:00,1983.86
ETHUSD_210326,ETH,2021-03-26 00:00:00+00:00,2021-02-21 00:00:00+00:00,2012.2
ETHUSD_210326,ETH,2021-03-26 00:00:00+00:00,2021-02-22 00:00:00+00:00,1827.63
ETHUSD_210326,ETH,2021-03-26 00:00:00+00:00,2021-02-23 00:00:00+00:00,1624.34
ETHUSD_210326,ETH,2021-03-26 00:00:00+00:00,2021-02-24 00:00:00+00:00,1662.59
ETHUSD_210326,ETH,2021-03-26 00:00:00+00:00,2021-02-25 00:00:00+00:00,1507.57
ETHUSD_210326,ETH,2021-03-26 00:00:00+00:00,2021-02-26 00:00:00+00:00,1465.42
ETHUSD_210326,ETH,2021-03-26 00:00:00+00:00,2021-02-27 00:00:00+00:00,1480.75
ETHUSD_210326,ETH,2021-03-26 00:00:00+00:00,2021-02-28 00:00:00+00:00,1435.15
ETHUSD_210326,ETH,2021-03-26 00:00:00+00:00,2021-03-01 00:00:00+00:00,1591.47
ETHUSD_210326,ETH,2021-03-26 00:00:00+00:00,2021-03-02 00:00:00+00:00,1504.73
ETHUSD_210326,ETH,2021-03-26 00:00:00+00:00,2021-03-03 00:00:00+00:00,1590.05
ETHUSD_210326,ETH,2021-03-26 00:00:00+00:00,2021-03-04 00:00:00+00:00,1552.81
ETHUSD_210326,ETH,2021-03-26 00:00:00+00:00,2021-03-05 00:00:00+00:00,1543.78
ETHUSD_210326,ETH,2021-03-26 00:00:00+00:00,2021-03-06 00:00:00+00:00,1666.17
ETHUSD_210326,ETH,2021-03-26 00:00:00+00:00,2021-03-07 00:00:00+00:00,1748.01
ETHUSD_210326,ETH,2021-03-26 00:00:00+00:00,2021-03-08 00:00:00+00:00,1853.09
ETHUSD_210326,ETH,2021-03-26 00:00:00+00:00,2021-03-09 00:00:00+00:00,1896.02
ETHUSD_210326,ETH,2021-03-26 00:00:00+00:00,2021-03-10 00:00:00+00:00,1816.72
ETHUSD_210326,ETH,2021-03-26 00:00:00+00:00,2021-03-11 00:00:00+00:00,1853.05
ETHUSD_210326,ETH,2021-03-26 00:00:00+00:00,2021-03-12 00:00:00+00:00,1783.96
ETHUSD_210326,ETH,2021-03-26 00:00:00+00:00,2021-03-13 00:00:00+00:00,1956.2
ETHUSD_210326,ETH,2021-03-26 00:00:00+00:00,2021-03-14 00:00:00+00:00,1873.2
ETHUSD_210326,ETH,2021-03-26 00:00:00+00:00,2021-03-15 00:00:00+00:00,1805.02
ETHUSD_210326,ETH,2021-03-26 00:00:00+00:00,2021-03-16 00:00:00+00:00,1818.73
ETHUSD_210326,ETH,2021-03-26 00:00:00+00:00,2021-03-17 00:00:00+00:00,1841.26
ETHUSD_210326,ETH,2021-03-26 00:00:00+00:00,2021-03-18 00:00:00+00:00,1787.11
ETHUSD_210326,ETH,2021-03-26 00:00:00+00:00,2021-03-19 00:00:00+00:00,1820.22
ETHUSD_210326,ETH,2021-03-26 00:00:00+00:00,2021-03-20 00:00:00+00:00,1815.98
ETHUSD_210326,ETH,2021-03-26 00:00:00+00:00,2021-03-21 00:00:00+00:00,1791.4
ETHUSD_210326,ETH,2021-03-26 00:00:00+00:00,2021-03-22 00:00:00+00:00,1683.45
ETHUSD_210326,ETH,2021-03-26 00:00:00+00:00,2021-03-23 00:00:00+00:00,1673.17
ETHUSD_210326,ETH,2021-03-26 00:00:00+00:00,2021-03-24 00:00:00+00:00,1581.83
ETHUSD_210326,ETH,2021-03-26 00:00:00+00:00,2021-03-25 00:00:00+00:00,1589.24
ETHUSD_210625,ETH,2021-06-25 00:00:00+00:00,2020-12-25 00:00:00+00:00,671.32
ETHUSD_210625,ETH,2021-06-25 00:00:00+00:00,2020-12-26 00:00:00+00:00,687.37
ETHUSD_210625,ETH,2021-06-25 00:00:00+00:00,2020-12-27 00:00:00+00:00,742.06
ETHUSD_210625,ETH,2021-06-25 00:00:00+00:00,2020-12-28 00:00:00+00:00,789.06
ETHUSD_210625,ETH,2021-06-25 00:00:00+00:00,2020-12-29 00:00:00+00:00,788.69
ETHUSD_210625,ETH,2021-06-25 00:00:00+00:00,2020-12-30 00:00:00+00:00,809.9
ETHUSD_210625,ETH,2021-06-25 00:00:00+00:00,2020-12-31 00:00:00+00:00,785.31
ETHUSD_210625,ETH,2021-06-25 00:00:00+00:00,2021-01-01 00:00:00+00:00,774.54
ETHUSD_210625,ETH,2021-06-25 00:00:00+00:00,2021-01-02 00:00:00+00:00,834.43
ETHUSD_210625,ETH,2021-06-25 00:00:00+00:00,2021-01-03 00:00:00+00:00,1065.22
ETHUSD_210625,ETH,2021-06-25 00:00:00+00:00,2021-01-04 00:00:00+00:00,1130.34
ETHUSD_210625,ETH,2021-06-25 00:00:00+00:00,2021-01-05 00:00:00+00:00,1192.44
ETHUSD_210625,ETH,2021-06-25 00:00:00+00:00,2021-01-06 00:00:00+00:00,1326.75
ETHUSD_210625,ETH,2021-06-25 00:00:00+00:00,2021-01-07 00:00:00+00:00,1341.2
ETHUSD_210625,ETH,2021-06-25 00:00:00+00:00,2021-01-08 00:00:00+00:00,1324.8
ETHUSD_210625,ETH,2021-06-25 00:00:00+00:00,2021-01-09 00:00:00+00:00,1379.99
ETHUSD_210625,ETH,2021-06-25 00:00:00+00:00,2021-01-10 00:00:00+00:00,1351.88
ETHUSD_210625,ETH,2021-06-25 00:00:00+00:00,2021-01-11 00:00:00+00:00,1161.24
ETHUSD_210625,ETH,2021-06-25 00:00:00+00:00,2021-01-12 00:00:00+00:00,1123.71
ETHUSD_210625,ETH,2021-06-25 00:00:00+00:00,2021-01-13 00:00:00+00:00,1214.57
ETHUSD_210625,ETH,2021-06-25 00:00:00+00:00,2021-01-14 00:00:00+00:00,1330.72
ETHUSD_210625,ETH,2021-06-25 00:00:00+00:00,2021-01-15 00:00:00+00:00,1255.57
ETHUSD_210625,ETH,2021-06-25 00:00:00+00:00,2021-01-16 00:00:00+00:00,1324.96
ETHUSD_210625,ETH,2021-06-25 00:00:00+00:00,2021-01-17 00:00:00+00:00,1324.95
ETHUSD_210625,ETH,2021-06-25 00:00:00+00:00,2021-01-18 00:00:00+00:00,1363.03
ETHUSD_210625,ETH,2021-06-25 00:00:00+00:00,2021-01-19 00:00:00+00:00,1474.51
ETHUSD_210625,ETH,2021-06-25 00:00:00+00:00,2021-01-20 00:00:00+00:00,1476.63
ETHUSD_210625,ETH,2021-06-25 00:00:00+00:00,2021-01-21 00:00:00+00:00,1162.22
ETHUSD_210625,ETH,2021-06-25 00:00:00+00:00,2021-01-22 00:00:00+00:00,1303.55
ETHUSD_210625,ETH,2021-06-25 00:00:00+00:00,2021-01-23 00:00:00+00:00,1309.44
ETHUSD_210625,ETH,2021-06-25 00:00:00+00:00,2021-01-24 00:00:00+00:00,1483.3
ETHUSD_210625,ETH,2021-06-25 00:00:00+00:00,2021-01-25 00:00:00+00:00,1393.73
ETHUSD_210625,ETH,2021-06-25 00:00:00+00:00,2021-01-26 00:00:00+00:00,1438.44
ETHUSD_210625,ETH,2021-06-25 00:00:00+00:00,2021-01-27 00:00:00+00:00,1289.15
ETHUSD_210625,ETH,2021-06-25 00:00:00+00:00,2021-01-28 00:00:00+00:00,1397.55
ETHUSD_210625,ETH,2021-06-25 00:00:00+00:00,2021-01-29 00:00:00+00:00,1469.03
ETHUSD_210625,ETH,2021-06-25 00:00:00+00:00,2021-01-30 00:00:00+00:00,1461.99
ETHUSD_210625,ETH,2021-06-25 00:00:00+00:00,2021-01-31 00:00:00+00:00,1388.52
ETHUSD_210625,ETH,2021-06-25 00:00:00+00:00,2021-02-01 00:00:00+00:00,1463.46
ETHUSD_210625,ETH,2021-06-25 00:00:00+00:00,2021-02-02 00:00:00+00:00,1643.06
ETHUSD_210625,ETH,2021-06-25 00:00:00+00:00,2021-02-03 00:00:00+00:00,1815.99
ETHUSD_210625,ETH,2021-06-25 00:00:00+00:00,2021-02-04 00:00:00+00:00,1731.67
ETHUSD_210625,ETH,2021-06-25 00:00:00+00:00,2021-02-05 00:00:00+00:00,1867.19
ETHUSD_210625,ETH,2021-06-25 00:00:00+00:00,2021-02-06 00:00:00+00:00,1826.56
ETHUSD_210625,ETH,2021-06-25 00:00:00+00:00,2021-02-07 00:00:00+00:00,1724.61
ETHUSD_210625,ETH,2021-06-25 00:00:00+00:00,2021-02-08 00:00:00+00:00,1921.21
ETHUSD_210625,ETH,2021-06-25 00:00:00+00:00,2021-02-09 00:00:00+00:00,1935.4
ETHUSD_210625,ETH,2021-06-25 00:00:00+00:00,2021-02-10 00:00:00+00:00,1895.95
ETHUSD_210625,ETH,2021-06-25 00:00:00+00:00,2021-02-11 00:00:00+00:00,1955.97
ETHUSD_210625,ETH,2021-06-25 00:00:00+00:00,2021-02-12 00:00:00+00:00,2025.9
ETHUSD_210625,ETH,2021-06-25 00:00:00+00:00,2021-02-13 00:00:00+00:00,1992.55
ETHUSD_210625,ETH,2021-06-25 00:00:00+00:00,2021-02-14 00:00:00+00:00,1977.75
ETHUSD_210625,ETH,2021-06-25 00:00:00+00:00,2021-02-15 00:00:00+00:00,1949.54
ETHUSD_210625,ETH,2021-06-25 00:00:00+00:00,2021-02-16 00:00:00+00:00,1948.04
ETHUSD_210625,ETH,2021-06-25 00:00:00+00:00,2021-02-17 00:00:00+00:00,2043.2
ETHUSD_210625,ETH,2021-06-25 00:00:00+00:00,2021-02-18 00:00:00+00:00,2132.14
ETHUSD_210625,ETH,2021-06-25 00:00:00+00:00,2021-02-19 00:00:00+00:00,2167.81
ETHUSD_210625,ETH,2021-06-25 00:00:00+00:00,2021-02-20 00:00:00+00:00,2092.4
ETHUSD_210625,ETH,2021-06-25 00:00:00+00:00,2021-02-21 00:00:00+00:00,2121.74
ETHUSD_210625,ETH,2021-06-25 00:00:00+00:00,2021-02-22 00:00:00+00:00,1928.19
ETHUSD_210625,ETH,2021-06-25 00:00:00+00:00,2021-02-23 00:00:00+00:00,1712.48
ETHUSD_210625,ETH,2021-06-25 00:00:00+00:00,2021-02-24 00:00:00+00:00,1753.03
ETHUSD_210625,ETH,2021-06-25 00:00:00+00:00,2021-02-25 00:00:00+00:00,1586.3
ETHUSD_210625,ETH,2021-06-25 00:00:00+00:00,2021-02-26 00:00:00+00:00,1541.84
ETHUSD_210625,ETH,2021-06-25 00:00:00+00:00,2021-02-27 00:00:00+00:00,1557.99
ETHUSD_210625,ETH,2021-06-25 00:00:00+00:00,2021-02-28 00:00:00+00:00,1509.73
ETHUSD_210625,ETH,2021-06-25 00:00:00+00:00,2021-03-01 00:00:00+00:00,1672.1
ETHUSD_210625,ETH,2021-06-25 00:00:00+00:00,2021-03-02 00:00:00+00:00,1580.91
ETHUSD_210625,ETH,2021-06-25 00:00:00+00:00,2021-03-03 00:00:00+00:00,1675.15
ETHUSD_210625,ETH,2021-06-25 00:00:00+00:00,2021-03-04 00:00:00+00:00,1629.7
ETHUSD_210625,ETH,2021-06-25 00:00:00+00:00,2021-03-05 00:00:00+00:00,1619.91
ETHUSD_210625,ETH,2021-06-25 00:00:00+00:00,2021-03-06 00:00:00+00:00,1748.34
ETHUSD_210625,ETH,2021-06-25 00:00:00+00:00,2021-03-07 00:00:00+00:00,1838.03
ETHUSD_210625,ETH,2021-06-25 00:00:00+00:00,2021-03-08 00:00:00+00:00,1952.56
ETHUSD_210625,ETH,2021-06-25 00:00:00+00:00,2021-03-09 00:00:00+00:00,2003.65
ETHUSD_210625,ETH,2021-06-25 00:00:00+00:00,2021-03-10 00:00:00+00:00,1926.55
ETHUSD_210625,ETH,2021-06-25 00:00:00+00:00,2021-03-11 00:00:00+00:00,1977.69
ETHUSD_210625,ETH,2021-06-25 00:00:00+00:00,2021-03-12 00:00:00+00:00,1896.26
ETHUSD_210625,ETH,2021-06-25 00:00:00+00:00,2021-03-13 00:00:00+00:00,2107.17
ETHUSD_210625,ETH,2021-06-25 00:00:00+00:00,2021-03-14 00:00:00+00:00,2016.29
ETHUSD_210625,ETH,2021-06-25 00:00:00+00:00,2021-03-15 00:00:00+00:00,1917.3
ETHUSD_210625,ETH,2021-06-25 00:00:00+00:00,2021-03-16 00:00:00+00:00,1929.83
ETHUSD_210625,ETH,2021-06-25 00:00:00+00:00,2021-03-17 00:00:00+00:00,1958.08
ETHUSD_210625,ETH,2021-06-25 00:00:00+00:00,2021-03-18 00:00:00+00:00,1895.16
ETHUSD_210625,ETH,2021-06-25 00:00:00+00:00,2021-03-19 00:00:00+00:00,1942.3
ETHUSD_210625,ETH,2021-06-25 00:00:00+00:00,2021-03-20 00:00:00+00:00,1942.0
ETHUSD_210625,ETH,2021-06-25 00:00:00+00:00,2021-03-21 00:00:00+00:00,1905.15
ETHUSD_210625,ETH,2021-06-25 00:00:00+00:00,2021-03-22 00:00:00+00:00,1783.17
ETHUSD_210625,ETH,2021-06-25 00:00:00+00:00,2021-03-23 00:00:00+00:00,1771.98
ETHUSD_210625,ETH,2021-06-25 00:00:00+00:00,2021-03-24 00:00:00+00:00,1670.95
ETHUSD_210625,ETH,2021-06-25 00:00:00+00:00,2021-03-25 00:00:00+00:00,1669.85
ETHUSD_210625,ETH,2021-06-25 00:00:00+00:00,2021-03-26 00:00:00+00:00,1791.3
ETHUSD_210625,ETH,2021-06-25 00:00:00+00:00,2021-03-27 00:00:00+00:00,1816.27
ETHUSD_210625,ETH,2021-06-25 00:00:00+00:00,2021-03-28 00:00:00+00:00,1785.07
ETHUSD_210625,ETH,2021-06-25 00:00:00+00:00,2021-03-29 00:00:00+00:00,1946.14
ETHUSD_210625,ETH,2021-06-25 00:00:00+00:00,2021-03-30 00:00:00+00:00,1979.88
ETHUSD_210625,ETH,2021-06-25 00:00:00+00:00,2021-03-31 00:00:00+00:00,2077.59
ETHUSD_210625,ETH,2021-06-25 00:00:00+00:00,2021-04-01 00:00:00+00:00,2129.31
ETHUSD_210625,ETH,2021-06-25 00:00:00+00:00,2021-04-02 00:00:00+00:00,2310.11
ETHUSD_210625,ETH,2021-06-25 00:00:00+00:00,2021-04-03 00:00:00+00:00,2160.94
ETHUSD_210625,ETH,2021-06-25 00:00:00+00:00,2021-04-04 00:00:00+00:00,2242.56
ETHUSD_210625,ETH,2021-06-25 00:00:00+00:00,2021-04-05 00:00:00+00:00,2303.42
ETHUSD_210625,ETH,2021-06-25 00:00:00+00:00,2021-04-06 00:00:00+00:00,2287.0
ETHUSD_210625,ETH,2021-06-25 00:00:00+00:00,2021-04-07 00:00:00+00:00,2095.2
ETHUSD_210625,ETH,2021-06-25 00:00:00+00:00,2021-04-08 00:00:00+00:00,2238.75
ETHUSD_210625,ETH,2021-06-25 00:00:00+00:00,2021-04-09 00:00:00+00:00,2226.06
ETHUSD_210625,ETH,2021-06-25 00:00:00+00:00,2021-04-10 00:00:00+00:00,2341.6
ETHUSD_210625,ETH,2021-06-25 00:00:00+00:00,2021-04-11 00:00:00+00:00,2363.29
ETHUSD_210625,ETH,2021-06-25 00:00:00+00:00,2021-04-12 00:00:00+00:00,2327.71
ETHUSD_210625,ETH,2021-06-25 00:00:00+00:00,2021-04-13 00:00:00+00:00,2539.86
ETHUSD_210625,ETH,2021-06-25 00:00:00+00:00,2021-04-14 00:00:00+00:00,2640.46
ETHUSD_210625,ETH,2021-06-25 00:00:00+00:00,2021-04-15 00:00:00+00:00,2734.6
ETHUSD_210625,ETH,2021-06-25 00:00:00+00:00,2021-04-16 00:00:00+00:00,2598.94
ETHUSD_210625,ETH,2021-06-25 00:00:00+00:00,2021-04-17 00:00:00+00:00,2461.9
ETHUSD_210625,ETH,2021-06-25 00:00:00+00:00,2021-04-18 00:00:00+00:00,2335.91
ETHUSD_210625,ETH,2021-06-25 00:00:00+00:00,2021-04-19 00:00:00+00:00,2265.38
ETHUSD_210625,ETH,2021-06-25 00:00:00+00:00,2021-04-20 00:00:00+00:00,2436.21
ETHUSD_210625,ETH,2021-06-25 00:00:00+00:00,2021-04-21 00:00:00+00:00,2491.17
ETHUSD_210625,ETH,2021-06-25 00:00:00+00:00,2021-04-22 00:00:00+00:00,2501.24
ETHUSD_210625,ETH,2021-06-25 00:00:00+00:00,2021-04-23 00:00:00+00:00,2461.68
ETHUSD_210625,ETH,2021-06-25 00:00:00+00:00,2021-04-24 00:00:00+00:00,2298.15
ETHUSD_210625,ETH,2021-06-25 00:00:00+00:00,2021-04-25 00:00:00+00:00,2419.14
ETHUSD_210625,ETH,2021-06-25 00:00:00+00:00,2021-04-26 00:00:00+00:00,2650.31
ETHUSD_210625,ETH,2021-06-25 00:00:00+00:00,2021-04-27 00:00:00+00:00,2789.69
ETHUSD_210625,ETH,2021-06-25 00:00:00+00:00,2021-04-28 00:00:00+00:00,2868.92
ETHUSD_210625,ETH,2021-06-25 00:00:00+00:00,2021-04-29 00:00:00+00:00,2870.42
ETHUSD_210625,ETH,2021-06-25 00:00:00+00:00,2021-04-30 00:00:00+00:00,2891.48
ETHUSD_210625,ETH,2021-06-25 00:00:00+00:00,2021-05-01 00:00:00+00:00,3067.37
ETHUSD_210625,ETH,2021-06-25 00:00:00+00:00,2021-05-02 00:00:00+00:00,3063.19
ETHUSD_210625,ETH,2021-06-25 00:00:00+00:00,2021-05-03 00:00:00+00:00,3537.69
ETHUSD_210625,ETH,2021-06-25 00:00:00+00:00,2021-05-04 00:00:00+00:00,3330.35
ETHUSD_210625,ETH,2021-06-25 00:00:00+00:00,2021-05-05 00:00:00+00:00,3658.9
ETHUSD_210625,ETH,2021-06-25 00:00:00+00:00,2021-05-06 00:00:00+00:00,3609.25
ETHUSD_210625,ETH,2021-06-25 00:00:00+00:00,2021-05-07 00:00:00+00:00,3592.23
ETHUSD_210625,ETH,2021-06-25 00:00:00+00:00,2021-05-08 00:00:00+00:00,4048.56
ETHUSD_210625,ETH,2021-06-25 00:00:00+00:00,2021-05-09 00:00:00+00:00,4059.37
ETHUSD_210625,ETH,2021-06-25 00:00:00+00:00,2021-05-10 00:00:00+00:00,4052.86
ETHUSD_210625,ETH,2021-06-25 00:00:00+00:00,2021-05-11 00:00:00+00:00,4314.55
ETHUSD_210625,ETH,2021-06-25 00:00:00+00:00,2021-05-12 00:00:00+00:00,3924.35
ETHUSD_210625,ETH,2021-06-25 00:00:00+00:00,2021-05-13 00:00:00+00:00,3806.27
ETHUSD_210625,ETH,2021-06-25 00:00:00+00:00,2021-05-14 00:00:00+00:00,4176.74
ETHUSD_210625,ETH,2021-06-25 00:00:00+00:00,2021-05-15 00:00:00+00:00,3710.48
ETHUSD_210625,ETH,2021-06-25 00:00:00+00:00,2021-05-16 00:00:00+00:00,3639.78
ETHUSD_210625,ETH,2021-06-25 00:00:00+00:00,2021-05-17 00:00:00+00:00,3334.68
ETHUSD_210625,ETH,2021-06-25 00:00:00+00:00,2021-05-18 00:00:00+00:00,3434.12
ETHUSD_210625,ETH,2021-06-25 00:00:00+00:00,2021-05-19 00:00:00+00:00,2464.23
ETHUSD_210625,ETH,2021-06-25 00:00:00+00:00,2021-05-20 00:00:00+00:00,2783.38
ETHUSD_210625,ETH,2021-06-25 00:00:00+00:00,2021-05-21 00:00:00+00:00,2448.42
ETHUSD_210625,ETH,2021-06-25 00:00:00+00:00,2021-05-22 00:00:00+00:00,2309.06
ETHUSD_210625,ETH,2021-06-25 00:00:00+00:00,2021-05-23 00:00:00+00:00,2102.63
ETHUSD_210625,ETH,2021-06-25 00:00:00+00:00,2021-05-24 00:00:00+00:00,2665.48
ETHUSD_210625,ETH,2021-06-25 00:00:00+00:00,2021-05-25 00:00:00+00:00,2725.92
ETHUSD_210625,ETH,2021-06-25 00:00:00+00:00,2021-05-26 00:00:00+00:00,2902.49
ETHUSD_210625,ETH,2021-06-25 00:00:00+00:00,2021-05-27 00:00:00+00:00,2760.66
ETHUSD_210625,ETH,2021-06-25 00:00:00+00:00,2021-05-28 00:00:00+00:00,2420.24
ETHUSD_210625,ETH,2021-06-25 00:00:00+00:00,2021-05-29 00:00:00+00:00,2284.9
ETHUSD_210625,ETH,2021-06-25 00:00:00+00:00,2021-05-30 00:00:00+00:00,2392.55
ETHUSD_210625,ETH,2021-06-25 00:00:00+00:00,2021-05-31 00:00:00+00:00,2723.16
ETHUSD_210625,ETH,2021-06-25 00:00:00+00:00,2021-06-01 00:00:00+00:00,2642.69
ETHUSD_210625,ETH,2021-06-25 00:00:00+00:00,2021-06-02 00:00:00+00:00,2716.16
ETHUSD_210625,ETH,2021-06-25 00:00:00+00:00,2021-06-03 00:00:00+00:00,2868.0
ETHUSD_210625,ETH,2021-06-25 00:00:00+00:00,2021-06-04 00:00:00+00:00,2697.82
ETHUSD_210625,ETH,2021-06-25 00:00:00+00:00,2021-06-05 00:00:00+00:00,2629.09
ETHUSD_210625,ETH,2021-06-25 00:00:00+00:00,2021-06-06 00:00:00+00:00,2718.81
ETHUSD_210625,ETH,2021-06-25 00:00:00+00:00,2021-06-07 00:00:00+00:00,2593.94
ETHUSD_210625,ETH,2021-06-25 00:00:00+00:00,2021-06-08 00:00:00+00:00,2508.5
ETHUSD_210625,ETH,2021-06-25 00:00:00+00:00,2021-06-09 00:00:00+00:00,2618.38
ETHUSD_210625,ETH,2021-06-25 00:00:00+00:00,2021-06-10 00:00:00+00:00,2474.68
ETHUSD_210625,ETH,2021-06-25 00:00:00+00:00,2021-06-11 00:00:00+00:00,2355.39
ETHUSD_210625,ETH,2021-06-25 00:00:00+00:00,2021-06-12 00:00:00+00:00,2374.32
ETHUSD_210625,ETH,2021-06-25 00:00:00+00:00,2021-06-13 00:00:00+00:00,2511.8
ETHUSD_210625,ETH,2021-06-25 00:00:00+00:00,2021-06-14 00:00:00+00:00,2585.11
ETHUSD_210625,ETH,2021-06-25 00:00:00+00:00,2021-06-15 00:00:00+00:00,2549.13
ETHUSD_210625,ETH,2021-06-25 00:00:00+00:00,2021-06-16 00:00:00+00:00,2364.35
ETHUSD_210625,ETH,2021-06-25 00:00:00+00:00,2021-06-17 00:00:00+00:00,2368.07
ETHUSD_210625,ETH,2021-06-25 00:00:00+00:00,2021-06-18 00:00:00+00:00,2228.98
ETHUSD_210625,ETH,2021-06-25 00:00:00+00:00,2021-06-19 00:00:00+00:00,2158.26
ETHUSD_210625,ETH,2021-06-25 00:00:00+00:00,2021-06-20 00:00:00+00:00,2239.95
ETHUSD_210625,ETH,2021-06-25 00:00:00+00:00,2021-06-21 00:00:00+00:00,1884.73
ETHUSD_210625,ETH,2021-06-25 00:00:00+00:00,2021-06-22 00:00:00+00:00,1878.76
ETHUSD_210625,ETH,2021-06-25 00:00:00+00:00,2021-06-23 00:00:00+00:00,1966.8
ETHUSD_210625,ETH,2021-06-25 00:00:00+00:00,2021-06-24 00:00:00+00:00,1991.76
ETHUSD_210924,ETH,2021-09-24 00:00:00+00:00,2021-03-26 00:00:00+00:00,1860.98
ETHUSD_210924,ETH,2021-09-24 00:00:00+00:00,2021-03-27 00:00:00+00:00,1889.51
ETHUSD_210924,ETH,2021-09-24 00:00:00+00:00,2021-03-28 00:00:00+00:00,1867.04
ETHUSD_210924,ETH,2021-09-24 00:00:00+00:00,2021-03-29 00:00:00+00:00,2032.92
ETHUSD_210924,ETH,2021-09-24 00:00:00+00:00,2021-03-30 00:00:00+00:00,2076.35
ETHUSD_210924,ETH,2021-09-24 00:00:00+00:00,2021-03-31 00:00:00+00:00,2185.3
ETHUSD_210924,ETH,2021-09-24 00:00:00+00:00,2021-04-01 00:00:00+00:00,2241.44
ETHUSD_210924,ETH,2021-09-24 00:00:00+00:00,2021-04-02 00:00:00+00:00,2427.91
ETHUSD_210924,ETH,2021-09-24 00:00:00+00:00,2021-04-03 00:00:00+00:00,2280.55
ETHUSD_210924,ETH,2021-09-24 00:00:00+00:00,2021-04-04 00:00:00+00:00,2362.95
ETHUSD_210924,ETH,2021-09-24 00:00:00+00:00,2021-04-05 00:00:00+00:00,2433.08
ETHUSD_210924,ETH,2021-09-24 00:00:00+00:00,2021-04-06 00:00:00+00:00,2413.12
ETHUSD_210924,ETH,2021-09-24 00:00:00+00:00,2021-04-07 00:00:00+00:00,2212.62
ETHUSD_210924,ETH,2021-09-24 00:00:00+00:00,2021-04-08 00:00:00+00:00,2363.58
ETHUSD_210924,ETH,2021-09-24 00:00:00+00:00,2021-04-09 00:00:00+00:00,2355.1
ETHUSD_210924,ETH,2021-09-24 00:00:00+00:00,2021-04-10 00:00:00+00:00,2483.13
ETHUSD_210924,ETH,2021-09-24 00:00:00+00:00,2021-04-11 00:00:00+00:00,2508.41
ETHUSD_210924,ETH,2021-09-24 00:00:00+00:00,2021-04-12 00:00:00+00:00,2479.68
ETHUSD_210924,ETH,2021-09-24 00:00:00+00:00,2021-04-13 00:00:00+00:00,2717.23
ETHUSD_210924,ETH,2021-09-24 00:00:00+00:00,2021-04-14 00:00:00+00:00,2827.77
ETHUSD_210924,ETH,2021-09-24 00:00:00+00:00,2021-04-15 00:00:00+00:00,2928.88
ETHUSD_210924,ETH,2021-09-24 00:00:00+00:00,2021-04-16 00:00:00+00:00,2786.16
ETHUSD_210924,ETH,2021-09-24 00:00:00+00:00,2021-04-17 00:00:00+00:00,2636.2
ETHUSD_210924,ETH,2021-09-24 00:00:00+00:00,2021-04-18 00:00:00+00:00,2485.45
ETHUSD_210924,ETH,2021-09-24 00:00:00+00:00,2021-04-19 00:00:00+00:00,2407.46
ETHUSD_210924,ETH,2021-09-24 00:00:00+00:00,2021-04-20 00:00:00+00:00,2608.15
ETHUSD_210924,ETH,2021-09-24 00:00:00+00:00,2021-04-21 00:00:00+00:00,2648.35
ETHUSD_210924,ETH,2021-09-24 00:00:00+00:00,2021-04-22 00:00:00+00:00,2671.45
ETHUSD_210924,ETH,2021-09-24 00:00:00+00:00,2021-04-23 00:00:00+00:00,2611.79
ETHUSD_210924,ETH,2021-09-24 00:00:00+00:00,2021-04-24 00:00:00+00:00,2429.8
ETHUSD_210924,ETH,2021-09-24 00:00:00+00:00,2021-04-25 00:00:00+00:00,2549.94
ETHUSD_210924,ETH,2021-09-24 00:00:00+00:00,2021-04-26 00:00:00+00:00,2809.92
ETHUSD_210924,ETH,2021-09-24 00:00:00+00:00,2021-04-27 00:00:00+00:00,2962.3
ETHUSD_210924,ETH,2021-09-24 00:00:00+00:00,2021-04-28 00:00:00+00:00,3045.95
ETHUSD_210924,ETH,2021-09-24 00:00:00+00:00,2021-04-29 00:00:00+00:00,3040.19
ETHUSD_210924,ETH,2021-09-24 00:00:00+00:00,2021-04-30 00:00:00+00:00,3070.91
ETHUSD_210924,ETH,2021-09-24 00:00:00+00:00,2021-05-01 00:00:00+00:00,3250.57
ETHUSD_210924,ETH,2021-09-24 00:00:00+00:00,2021-05-02 00:00:00+00:00,3243.62
ETHUSD_210924,ETH,2021-09-24 00:00:00+00:00,2021-05-03 00:00:00+00:00,3732.82
ETHUSD_210924,ETH,2021-09-24 00:00:00+00:00,2021-05-04 00:00:00+00:00,3468.73
ETHUSD_210924,ETH,2021-09-24 00:00:00+00:00,2021-05-05 00:00:00+00:00,3828.74
ETHUSD_210924,ETH,2021-09-24 00:00:00+00:00,2021-05-06 00:00:00+00:00,3765.03
ETHUSD_210924,ETH,2021-09-24 00:00:00+00:00,2021-05-07 00:00:00+00:00,3783.46
ETHUSD_210924,ETH,2021-09-24 00:00:00+00:00,2021-05-08 00:00:00+00:00,4235.06
ETHUSD_210924,ETH,2021-09-24 00:00:00+00:00,2021-05-09 00:00:00+00:00,4262.0
ETHUSD_210924,ETH,2021-09-24 00:00:00+00:00,2021-05-10 00:00:00+00:00,4277.37
ETHUSD_210924,ETH,2021-09-24 00:00:00+00:00,2021-05-11 00:00:00+00:00,4559.16
ETHUSD_210924,ETH,2021-09-24 00:00:00+00:00,2021-05-12 00:00:00+00:00,4089.58
ETHUSD_210924,ETH,2021-09-24 00:00:00+00:00,2021-05-13 00:00:00+00:00,4011.91
ETHUSD_210924,ETH,2021-09-24 00:00:00+00:00,2021-05-14 00:00:00+00:00,4388.96
ETHUSD_210924,ETH,2021-09-24 00:00:00+00:00,2021-05-15 00:00:00+00:00,3874.76
ETHUSD_210924,ETH,2021-09-24 00:00:00+00:00,2021-05-16 00:00:00+00:00,3811.86
ETHUSD_210924,ETH,2021-09-24 00:00:00+00:00,2021-05-17 00:00:00+00:00,3477.4
ETHUSD_210924,ETH,2021-09-24 00:00:00+00:00,2021-05-18 00:00:00+00:00,3578.57
ETHUSD_210924,ETH,2021-09-24 00:00:00+00:00,2021-05-19 00:00:00+00:00,2532.56
ETHUSD_210924,ETH,2021-09-24 00:00:00+00:00,2021-05-20 00:00:00+00:00,2863.11
ETHUSD_210924,ETH,2021-09-24 00:00:00+00:00,2021-05-21 00:00:00+00:00,2512.22
ETHUSD_210924,ETH,2021-09-24 00:00:00+00:00,2021-05-22 00:00:00+00:00,2351.17
ETHUSD_210924,ETH,2021-09-24 00:00:00+00:00,2021-05-23 00:00:00+00:00,2144.5
ETHUSD_210924,ETH,2021-09-24 00:00:00+00:00,2021-05-24 00:00:00+00:00,2728.17
ETHUSD_210924,ETH,2021-09-24 00:00:00+00:00,2021-05-25 00:00:00+00:00,2798.72
ETHUSD_210924,ETH,2021-09-24 00:00:00+00:00,2021-05-26 00:00:00+00:00,2984.76
ETHUSD_210924,ETH,2021-09-24 00:00:00+00:00,2021-05-27 00:00:00+00:00,2831.51
ETHUSD_210924,ETH,2021-09-24 00:00:00+00:00,2021-05-28 00:00:00+00:00,2484.34
ETHUSD_210924,ETH,2021-09-24 00:00:00+00:00,2021-05-29 00:00:00+00:00,2337.06
ETHUSD_210924,ETH,2021-09-24 00:00:00+00:00,2021-05-30 00:00:00+00:00,2449.56
ETHUSD_210924,ETH,2021-09-24 00:00:00+00:00,2021-05-31 00:00:00+00:00,2795.81
ETHUSD_210924,ETH,2021-09-24 00:00:00+00:00,2021-06-01 00:00:00+00:00,2710.08
ETHUSD_210924,ETH,2021-09-24 00:00:00+00:00,2021-06-02 00:00:00+00:00,2788.8
ETHUSD_210924,ETH,2021-09-24 00:00:00+00:00,2021-06-03 00:00:00+00:00,2947.8
ETHUSD_210924,ETH,2021-09-24 00:00:00+00:00,2021-06-04 00:00:00+00:00,2767.05
ETHUSD_210924,ETH,2021-09-24 00:00:00+00:00,2021-06-05 00:00:00+00:00,2698.14
ETHUSD_210924,ETH,2021-09-24 00:00:00+00:00,2021-06-06 00:00:00+00:00,2779.56
ETHUSD_210924,ETH,2021-09-24 00:00:00+00:00,2021-06-07 00:00:00+00:00,2645.13
ETHUSD_210924,ETH,2021-09-24 00:00:00+00:00,2021-06-08 00:00:00+00:00,2555.4
ETHUSD_210924,ETH,2021-09-24 00:00:00+00:00,2021-06-09 00:00:00+00:00,2682.64
ETHUSD_210924,ETH,2021-09-24 00:00:00+00:00,2021-06-10 00:00:00+00:00,2525.63
ETHUSD_210924,ETH,2021-09-24 00:00:00+00:00,2021-06-11 00:00:00+00:00,2403.71
ETHUSD_210924,ETH,2021-09-24 00:00:00+00:00,2021-06-12 00:00:00+00:00,2421.63
ETHUSD_210924,ETH,2021-09-24 00:00:00+00:00,2021-06-13 00:00:00+00:00,2571.65
ETHUSD_210924,ETH,2021-09-24 00:00:00+00:00,2021-06-14 00:00:00+00:00,2651.0
ETHUSD_210924,ETH,2021-09-24 00:00:00+00:00,2021-06-15 00:00:00+00:00,2609.62
ETHUSD_210924,ETH,2021-09-24 00:00:00+00:00,2021-06-16 00:00:00+00:00,2405.97
ETHUSD_210924,ETH,2021-09-24 00:00:00+00:00,2021-06-17 00:00:00+00:00,2410.31
ETHUSD_210924,ETH,2021-09-24 00:00:00+00:00,2021-06-18 00:00:00+00:00,2255.0
ETHUSD_210924,ETH,2021-09-24 00:00:00+00:00,2021-06-19 00:00:00+00:00,2183.43
ETHUSD_210924,ETH,2021-09-24 00:00:00+00:00,2021-06-20 00:00:00+00:00,2273.63
ETHUSD_210924,ETH,2021-09-24 00:00:00+00:00,2021-06-21 00:00:00+00:00,1896.4
ETHUSD_210924,ETH,2021-09-24 00:00:00+00:00,2021-06-22 00:00:00+00:00,1896.48
ETHUSD_210924,ETH,2021-09-24 00:00:00+00:00,2021-06-23 00:00:00+00:00,1986.57
ETHUSD_210924,ETH,2021-09-24 00:00:00+00:00,2021-06-24 00:00:00+00:00,2010.83
ETHUSD_210924,ETH,2021-09-24 00:00:00+00:00,2021-06-25 00:00:00+00:00,1819.51
ETHUSD_210924,ETH,2021-09-24 00:00:00+00:00,2021-06-26 00:00:00+00:00,1838.5
ETHUSD_210924,ETH,2021-09-24 00:00:00+00:00,2021-06-27 00:00:00+00:00,1998.78
ETHUSD_210924,ETH,2021-09-24 00:00:00+00:00,2021-06-28 00:00:00+00:00,2098.8
ETHUSD_210924,ETH,2021-09-24 00:00:00+00:00,2021-06-29 00:00:00+00:00,2180.08
ETHUSD_210924,ETH,2021-09-24 00:00:00+00:00,2021-06-30 00:00:00+00:00,2307.63
ETHUSD_210924,ETH,2021-09-24 00:00:00+00:00,2021-07-01 00:00:00+00:00,2124.14
ETHUSD_210924,ETH,2021-09-24 00:00:00+00:00,2021-07-02 00:00:00+00:00,2175.07
ETHUSD_210924,ETH,2021-09-24 00:00:00+00:00,2021-07-03 00:00:00+00:00,2250.43
ETHUSD_210924,ETH,2021-09-24 00:00:00+00:00,2021-07-04 00:00:00+00:00,2343.52
ETHUSD_210924,ETH,2021-09-24 00:00:00+00:00,2021-07-05 00:00:00+00:00,2210.56
ETHUSD_210924,ETH,2021-09-24 00:00:00+00:00,2021-07-06 00:00:00+00:00,2345.95
ETHUSD_210924,ETH,2021-09-24 00:00:00+00:00,2021-07-07 00:00:00+00:00,2337.54
ETHUSD_210924,ETH,2021-09-24 00:00:00+00:00,2021-07-08 00:00:00+00:00,2125.42
ETHUSD_210924,ETH,2021-09-24 00:00:00+00:00,2021-07-09 00:00:00+00:00,2166.83
ETHUSD_210924,ETH,2021-09-24 00:00:00+00:00,2021-07-10 00:00:00+00:00,2125.07
ETHUSD_210924,ETH,2021-09-24 00:00:00+00:00,2021-07-11 00:00:00+00:00,2159.5
ETHUSD_210924,ETH,2021-09-24 00:00:00+00:00,2021-07-12 00:00:00+00:00,2045.74
ETHUSD_210924,ETH,2021-09-24 00:00:00+00:00,2021-07-13 00:00:00+00:00,1947.04
ETHUSD_210924,ETH,2021-09-24 00:00:00+00:00,2021-07-14 00:00:00+00:00,2002.45
ETHUSD_210924,ETH,2021-09-24 00:00:00+00:00,2021-07-15 00:00:00+00:00,1923.6
ETHUSD_210924,ETH,2021-09-24 00:00:00+00:00,2021-07-16 00:00:00+00:00,1878.4
ETHUSD_210924,ETH,2021-09-24 00:00:00+00:00,2021-07-17 00:00:00+00:00,1906.63
ETHUSD_210924,ETH,2021-09-24 00:00:00+00:00,2021-07-18 00:00:00+00:00,1895.19
ETHUSD_210924,ETH,2021-09-24 00:00:00+00:00,2021-07-19 00:00:00+00:00,1815.84
ETHUSD_210924,ETH,2021-09-24 00:00:00+00:00,2021-07-20 00:00:00+00:00,1787.01
ETHUSD_210924,ETH,2021-09-24 00:00:00+00:00,2021-07-21 00:00:00+00:00,2004.51
ETHUSD_210924,ETH,2021-09-24 00:00:00+00:00,2021-07-22 00:00:00+00:00,2032.16
ETHUSD_210924,ETH,2021-09-24 00:00:00+00:00,2021-07-23 00:00:00+00:00,2136.4
ETHUSD_210924,ETH,2021-09-24 00:00:00+00:00,2021-07-24 00:00:00+00:00,2194.11
ETHUSD_210924,ETH,2021-09-24 00:00:00+00:00,2021-07-25 00:00:00+00:00,2205.96
ETHUSD_210924,ETH,2021-09-24 00:00:00+00:00,2021-07-26 00:00:00+00:00,2235.45
ETHUSD_210924,ETH,2021-09-24 00:00:00+00:00,2021-07-27 00:00:00+00:00,2317.51
ETHUSD_210924,ETH,2021-09-24 00:00:00+00:00,2021-07-28 00:00:00+00:00,2317.5
ETHUSD_210924,ETH,2021-09-24 00:00:00+00:00,2021-07-29 00:00:00+00:00,2407.11
ETHUSD_210924,ETH,2021-09-24 00:00:00+00:00,2021-07-30 00:00:00+00:00,2492.53
ETHUSD_210924,ETH,2021-09-24 00:00:00+00:00,2021-07-31 00:00:00+00:00,2558.99
ETHUSD_210924,ETH,2021-09-24 00:00:00+00:00,2021-08-01 00:00:00+00:00,2574.27
ETHUSD_210924,ETH,2021-09-24 00:00:00+00:00,2021-08-02 00:00:00+00:00,2623.3
ETHUSD_210924,ETH,2021-09-24 00:00:00+00:00,2021-08-03 00:00:00+00:00,2518.12
ETHUSD_210924,ETH,2021-09-24 00:00:00+00:00,2021-08-04 00:00:00+00:00,2746.72
ETHUSD_210924,ETH,2021-09-24 00:00:00+00:00,2021-08-05 00:00:00+00:00,2848.2
ETHUSD_210924,ETH,2021-09-24 00:00:00+00:00,2021-08-06 00:00:00+00:00,2912.04
ETHUSD_210924,ETH,2021-09-24 00:00:00+00:00,2021-08-07 00:00:00+00:00,3190.43
ETHUSD_210924,ETH,2021-09-24 00:00:00+00:00,2021-08-08 00:00:00+00:00,3037.75
ETHUSD_210924,ETH,2021-09-24 00:00:00+00:00,2021-08-09 00:00:00+00:00,3193.04
ETHUSD_210924,ETH,2021-09-24 00:00:00+00:00,2021-08-10 00:00:00+00:00,3168.82
ETHUSD_210924,ETH,2021-09-24 00:00:00+00:00,2021-08-11 00:00:00+00:00,3181.51
ETHUSD_210924,ETH,2021-09-24 00:00:00+00:00,2021-08-12 00:00:00+00:00,3067.21
ETHUSD_210924,ETH,2021-09-24 00:00:00+00:00,2021-08-13 00:00:00+00:00,3362.27
ETHUSD_210924,ETH,2021-09-24 00:00:00+00:00,2021-08-14 00:00:00+00:00,3294.52
ETHUSD_210924,ETH,2021-09-24 00:00:00+00:00,2021-08-15 00:00:00+00:00,3340.95
ETHUSD_210924,ETH,2021-09-24 00:00:00+00:00,2021-08-16 00:00:00+00:00,3164.06
ETHUSD_210924,ETH,2021-09-24 00:00:00+00:00,2021-08-17 00:00:00+00:00,3025.87
ETHUSD_210924,ETH,2021-09-24 00:00:00+00:00,2021-08-18 00:00:00+00:00,3025.69
ETHUSD_210924,ETH,2021-09-24 00:00:00+00:00,2021-08-19 00:00:00+00:00,3212.66
ETHUSD_210924,ETH,2021-09-24 00:00:00+00:00,2021-08-20 00:00:00+00:00,3314.92
ETHUSD_210924,ETH,2021-09-24 00:00:00+00:00,2021-08-21 00:00:00+00:00,3247.39
ETHUSD_210924,ETH,2021-09-24 00:00:00+00:00,2021-08-22 00:00:00+00:00,3266.34
ETHUSD_210924,ETH,2021-09-24 00:00:00+00:00,2021-08-23 00:00:00+00:00,3349.63
ETHUSD_210924,ETH,2021-09-24 00:00:00+00:00,2021-08-24 00:00:00+00:00,3185.85
ETHUSD_210924,ETH,2021-09-24 00:00:00+00:00,2021-08-25 00:00:00+00:00,3251.75
ETHUSD_210924,ETH,2021-09-24 00:00:00+00:00,2021-08-26 00:00:00+00:00,3104.13
ETHUSD_210924,ETH,2021-09-24 00:00:00+00:00,2021-08-27 00:00:00+00:00,3300.71
ETHUSD_210924,ETH,2021-09-24 00:00:00+00:00,2021-08-28 00:00:00+00:00,3268.06
ETHUSD_210924,ETH,2021-09-24 00:00:00+00:00,2021-08-29 00:00:00+00:00,3245.96
ETHUSD_210924,ETH,2021-09-24 00:00:00+00:00,2021-08-30 00:00:00+00:00,3247.0
ETHUSD_210924,ETH,2021-09-24 00:00:00+00:00,2021-08-31 00:00:00+00:00,3460.49
ETHUSD_210924,ETH,2021-09-24 00:00:00+00:00,2021-09-01 00:00:00+00:00,3863.47
ETHUSD_210924,ETH,2021-09-24 00:00:00+00:00,2021-09-02 00:00:00+00:00,3821.03
ETHUSD_210924,ETH,2021-09-24 00:00:00+00:00,2021-09-03 00:00:00+00:00,3974.07
ETHUSD_210924,ETH,2021-09-24 00:00:00+00:00,2021-09-04 00:00:00+00:00,3915.94
ETHUSD_210924,ETH,2021-09-24 00:00:00+00:00,2021-09-05 00:00:00+00:00,3993.51
ETHUSD_210924,ETH,2021-09-24 00:00:00+00:00,2021-09-06 00:00:00+00:00,3966.42
ETHUSD_210924,ETH,2021-09-24 00:00:00+00:00,2021-09-07 00:00:00+00:00,3449.63
ETHUSD_210924,ETH,2021-09-24 00:00:00+00:00,2021-09-08 00:00:00+00:00,3512.03
ETHUSD_210924,ETH,2021-09-24 00:00:00+00:00,2021-09-09 00:00:00+00:00,3439.4
ETHUSD_210924,ETH,2021-09-24 00:00:00+00:00,2021-09-10 00:00:00+00:00,3218.6
ETHUSD_210924,ETH,2021-09-24 00:00:00+00:00,2021-09-11 00:00:00+00:00,3275.8
ETHUSD_210924,ETH,2021-09-24 00:00:00+00:00,2021-09-12 00:00:00+00:00,3412.57
ETHUSD_210924,ETH,2021-09-24 00:00:00+00:00,2021-09-13 00:00:00+00:00,3290.21
ETHUSD_210924,ETH,2021-09-24 00:00:00+00:00,2021-09-14 00:00:00+00:00,3447.99
ETHUSD_210924,ETH,2021-09-24 00:00:00+00:00,2021-09-15 00:00:00+00:00,3625.37
ETHUSD_210924,ETH,2021-09-24 00:00:00+00:00,2021-09-16 00:00:00+00:00,3580.33
ETHUSD_210924,ETH,2021-09-24 00:00:00+00:00,2021-09-17 00:00:00+00:00,3404.42
ETHUSD_210924,ETH,2021-09-24 00:00:00+00:00,2021-09-18 00:00:00+00:00,3441.93
ETHUSD_210924,ETH,2021-09-24 00:00:00+00:00,2021-09-19 00:00:00+00:00,3335.27
ETHUSD_210924,ETH,2021-09-24 00:00:00+00:00,2021-09-20 00:00:00+00:00,2983.4
ETHUSD_210924,ETH,2021-09-24 00:00:00+00:00,2021-09-21 00:00:00+00:00,2768.21
ETHUSD_210924,ETH,2021-09-24 00:00:00+00:00,2021-09-22 00:00:00+00:00,3079.87
ETHUSD_210924,ETH,2021-09-24 00:00:00+00:00,2021-09-23 00:00:00+00:00,3154.62
ETHUSD_211231,ETH,2021-12-31 00:00:00+00:00,2021-06-25 00:00:00+00:00,1856.47
ETHUSD_211231,ETH,2021-12-31 00:00:00+00:00,2021-06-26 00:00:00+00:00,1872.85
ETHUSD_211231,ETH,2021-12-31 00:00:00+00:00,2021-06-27 00:00:00+00:00,2037.51
ETHUSD_211231,ETH,2021-12-31 00:00:00+00:00,2021-06-28 00:00:00+00:00,2143.72
ETHUSD_211231,ETH,2021-12-31 00:00:00+00:00,2021-06-29 00:00:00+00:00,2223.69
ETHUSD_211231,ETH,2021-12-31 00:00:00+00:00,2021-06-30 00:00:00+00:00,2356.28
ETHUSD_211231,ETH,2021-12-31 00:00:00+00:00,2021-07-01 00:00:00+00:00,2168.4
ETHUSD_211231,ETH,2021-12-31 00:00:00+00:00,2021-07-02 00:00:00+00:00,2218.89
ETHUSD_211231,ETH,2021-12-31 00:00:00+00:00,2021-07-03 00:00:00+00:00,2300.14
ETHUSD_211231,ETH,2021-12-31 00:00:00+00:00,2021-07-04 00:00:00+00:00,2385.03
ETHUSD_211231,ETH,2021-12-31 00:00:00+00:00,2021-07-05 00:00:00+00:00,2249.31
ETHUSD_211231,ETH,2021-12-31 00:00:00+00:00,2021-07-06 00:00:00+00:00,2392.02
ETHUSD_211231,ETH,2021-12-31 00:00:00+00:00,2021-07-07 00:00:00+00:00,2382.35
ETHUSD_211231,ETH,2021-12-31 00:00:00+00:00,2021-07-08 00:00:00+00:00,2158.83
ETHUSD_211231,ETH,2021-12-31 00:00:00+00:00,2021-07-09 00:00:00+00:00,2211.04
ETHUSD_211231,ETH,2021-12-31 00:00:00+00:00,2021-07-10 00:00:00+00:00,2167.55
ETHUSD_211231,ETH,2021-12-31 00:00:00+00:00,2021-07-11 00:00:00+00:00,2204.85
ETHUSD_211231,ETH,2021-12-31 00:00:00+00:00,2021-07-12 00:00:00+00:00,2082.5
ETHUSD_211231,ETH,2021-12-31 00:00:00+00:00,2021-07-13 00:00:00+00:00,1974.4
ETHUSD_211231,ETH,2021-12-31 00:00:00+00:00,2021-07-14 00:00:00+00:00,2029.99
ETHUSD_211231,ETH,2021-12-31 00:00:00+00:00,2021-07-15 00:00:00+00:00,1947.14
ETHUSD_211231,ETH,2021-12-31 00:00:00+00:00,2021-07-16 00:00:00+00:00,1900.66
ETHUSD_211231,ETH,2021-12-31 00:00:00+00:00,2021-07-17 00:00:00+00:00,1928.98
ETHUSD_211231,ETH,2021-12-31 00:00:00+00:00,2021-07-18 00:00:00+00:00,1916.65
ETHUSD_211231,ETH,2021-12-31 00:00:00+00:00,2021-07-19 00:00:00+00:00,1838.09
ETHUSD_211231,ETH,2021-12-31 00:00:00+00:00,2021-07-20 00:00:00+00:00,1806.16
ETHUSD_211231,ETH,2021-12-31 00:00:00+00:00,2021-07-21 00:00:00+00:00,2033.74
ETHUSD_211231,ETH,2021-12-31 00:00:00+00:00,2021-07-22 00:00:00+00:00,2061.78
ETHUSD_211231,ETH,2021-12-31 00:00:00+00:00,2021-07-23 00:00:00+00:00,2171.18
ETHUSD_211231,ETH,2021-12-31 00:00:00+00:00,2021-07-24 00:00:00+00:00,2239.38
ETHUSD_211231,ETH,2021-12-31 00:00:00+00:00,2021-07-25 00:00:00+00:00,2250.8
ETHUSD_211231,ETH,2021-12-31 00:00:00+00:00,2021-07-26 00:00:00+00:00,2290.1
ETHUSD_211231,ETH,2021-12-31 00:00:00+00:00,2021-07-27 00:00:00+00:00,2372.92
ETHUSD_211231,ETH,2021-12-31 00:00:00+00:00,2021-07-28 00:00:00+00:00,2369.81
ETHUSD_211231,ETH,2021-12-31 00:00:00+00:00,2021-07-29 00:00:00+00:00,2465.67
ETHUSD_211231,ETH,2021-12-31 00:00:00+00:00,2021-07-30 00:00:00+00:00,2555.22
ETHUSD_211231,ETH,2021-12-31 00:00:00+00:00,2021-07-31 00:00:00+00:00,2627.03
ETHUSD_211231,ETH,2021-12-31 00:00:00+00:00,2021-08-01 00:00:00+00:00,2633.77
ETHUSD_211231,ETH,2021-12-31 00:00:00+00:00,2021-08-02 00:00:00+00:00,2686.64
ETHUSD_211231,ETH,2021-12-31 00:00:00+00:00,2021-08-03 00:00:00+00:00,2580.58
ETHUSD_211231,ETH,2021-12-31 00:00:00+00:00,2021-08-04 00:00:00+00:00,2810.87
ETHUSD_211231,ETH,2021-12-31 00:00:00+00:00,2021-08-05 00:00:00+00:00,2914.73
ETHUSD_211231,ETH,2021-12-31 00:00:00+00:00,2021-08-06 00:00:00+00:00,2986.14
ETHUSD_211231,ETH,2021-12-31 00:00:00+00:00,2021-08-07 00:00:00+00:00,3277.46
ETHUSD_211231,ETH,2021-12-31 00:00:00+00:00,2021-08-08 00:00:00+00:00,3105.86
ETHUSD_211231,ETH,2021-12-31 00:00:00+00:00,2021-08-09 00:00:00+00:00,3281.52
ETHUSD_211231,ETH,2021-12-31 00:00:00+00:00,2021-08-10 00:00:00+00:00,3255.63
ETHUSD_211231,ETH,2021-12-31 00:00:00+00:00,2021-08-11 00:00:00+00:00,3263.96
ETHUSD_211231,ETH,2021-12-31 00:00:00+00:00,2021-08-12 00:00:00+00:00,3151.01
ETHUSD_211231,ETH,2021-12-31 00:00:00+00:00,2021-08-13 00:00:00+00:00,3468.06
ETHUSD_211231,ETH,2021-12-31 00:00:00+00:00,2021-08-14 00:00:00+00:00,3389.36
ETHUSD_211231,ETH,2021-12-31 00:00:00+00:00,2021-08-15 00:00:00+00:00,3442.69
ETHUSD_211231,ETH,2021-12-31 00:00:00+00:00,2021-08-16 00:00:00+00:00,3256.95
ETHUSD_211231,ETH,2021-12-31 00:00:00+00:00,2021-08-17 00:00:00+00:00,3109.53
ETHUSD_211231,ETH,2021-12-31 00:00:00+00:00,2021-08-18 00:00:00+00:00,3110.3
ETHUSD_211231,ETH,2021-12-31 00:00:00+00:00,2021-08-19 00:00:00+00:00,3315.92
ETHUSD_211231,ETH,2021-12-31 00:00:00+00:00,2021-08-20 00:00:00+00:00,3416.58
ETHUSD_211231,ETH,2021-12-31 00:00:00+00:00,2021-08-21 00:00:00+00:00,3351.26
ETHUSD_211231,ETH,2021-12-31 00:00:00+00:00,2021-08-22 00:00:00+00:00,3374.53
ETHUSD_211231,ETH,2021-12-31 00:00:00+00:00,2021-08-23 00:00:00+00:00,3458.51
ETHUSD_211231,ETH,2021-12-31 00:00:00+00:00,2021-08-24 00:00:00+00:00,3292.05
ETHUSD_211231,ETH,2021-12-31 00:00:00+00:00,2021-08-25 00:00:00+00:00,3356.45
ETHUSD_211231,ETH,2021-12-31 00:00:00+00:00,2021-08-26 00:00:00+00:00,3204.13
ETHUSD_211231,ETH,2021-12-31 00:00:00+00:00,2021-08-27 00:00:00+00:00,3405.74
ETHUSD_211231,ETH,2021-12-31 00:00:00+00:00,2021-08-28 00:00:00+00:00,3376.68
ETHUSD_211231,ETH,2021-12-31 00:00:00+00:00,2021-08-29 00:00:00+00:00,3349.3
ETHUSD_211231,ETH,2021-12-31 00:00:00+00:00,2021-08-30 00:00:00+00:00,3348.99
ETHUSD_211231,ETH,2021-12-31 00:00:00+00:00,2021-08-31 00:00:00+00:00,3567.0
ETHUSD_211231,ETH,2021-12-31 00:00:00+00:00,2021-09-01 00:00:00+00:00,3992.96
ETHUSD_211231,ETH,2021-12-31 00:00:00+00:00,2021-09-02 00:00:00+00:00,3952.83
ETHUSD_211231,ETH,2021-12-31 00:00:00+00:00,2021-09-03 00:00:00+00:00,4121.91
ETHUSD_211231,ETH,2021-12-31 00:00:00+00:00,2021-09-04 00:00:00+00:00,4055.26
ETHUSD_211231,ETH,2021-12-31 00:00:00+00:00,2021-09-05 00:00:00+00:00,4139.41
ETHUSD_211231,ETH,2021-12-31 00:00:00+00:00,2021-09-06 00:00:00+00:00,4129.0
ETHUSD_211231,ETH,2021-12-31 00:00:00+00:00,2021-09-07 00:00:00+00:00,3564.02
ETHUSD_211231,ETH,2021-12-31 00:00:00+00:00,2021-09-08 00:00:00+00:00,3619.02
ETHUSD_211231,ETH,2021-12-31 00:00:00+00:00,2021-09-09 00:00:00+00:00,3545.2
ETHUSD_211231,ETH,2021-12-31 00:00:00+00:00,2021-09-10 00:00:00+00:00,3304.7
ETHUSD_211231,ETH,2021-12-31 00:00:00+00:00,2021-09-11 00:00:00+00:00,3361.27
ETHUSD_211231,ETH,2021-12-31 00:00:00+00:00,2021-09-12 00:00:00+00:00,3510.35
ETHUSD_211231,ETH,2021-12-31 00:00:00+00:00,2021-09-13 00:00:00+00:00,3378.85
ETHUSD_211231,ETH,2021-12-31 00:00:00+00:00,2021-09-14 00:00:00+00:00,3551.64
ETHUSD_211231,ETH,2021-12-31 00:00:00+00:00,2021-09-15 00:00:00+00:00,3738.48
ETHUSD_211231,ETH,2021-12-31 00:00:00+00:00,2021-09-16 00:00:00+00:00,3687.76
ETHUSD_211231,ETH,2021-12-31 00:00:00+00:00,2021-09-17 00:00:00+00:00,3501.94
ETHUSD_211231,ETH,2021-12-31 00:00:00+00:00,2021-09-18 00:00:00+00:00,3541.68
ETHUSD_211231,ETH,2021-12-31 00:00:00+00:00,2021-09-19 00:00:00+00:00,3420.57
ETHUSD_211231,ETH,2021-12-31 00:00:00+00:00,2021-09-20 00:00:00+00:00,3050.78
ETHUSD_211231,ETH,2021-12-31 00:00:00+00:00,2021-09-21 00:00:00+00:00,2827.44
ETHUSD_211231,ETH,2021-12-31 00:00:00+00:00,2021-09-22 00:00:00+00:00,3155.94
ETHUSD_211231,ETH,2021-12-31 00:00:00+00:00,2021-09-23 00:00:00+00:00,3229.7
ETHUSD_211231,ETH,2021-12-31 00:00:00+00:00,2021-09-24 00:00:00+00:00,2981.87
ETHUSD_211231,ETH,2021-12-31 00:00:00+00:00,2021-09-25 00:00:00+00:00,2974.37
ETHUSD_211231,ETH,2021-12-31 00:00:00+00:00,2021-09-26 00:00:00+00:00,3126.17
ETHUSD_211231,ETH,2021-12-31 00:00:00+00:00,2021-09-27 00:00:00+00:00,2980.5
ETHUSD_211231,ETH,2021-12-31 00:00:00+00:00,2021-09-28 00:00:00+00:00,2851.73
ETHUSD_211231,ETH,2021-12-31 00:00:00+00:00,2021-09-29 00:00:00+00:00,2901.3
ETHUSD_211231,ETH,2021-12-31 00:00:00+00:00,2021-09-30 00:00:00+00:00,3061.51
ETHUSD_211231,ETH,2021-12-31 00:00:00+00:00,2021-10-01 00:00:00+00:00,3391.67
ETHUSD_211231,ETH,2021-12-31 00:00:00+00:00,2021-10-02 00:00:00+00:00,3469.5
ETHUSD_211231,ETH,2021-12-31 00:00:00+00:00,2021-10-03 00:00:00+00:00,3510.63
ETHUSD_211231,ETH,2021-12-31 00:00:00+00:00,2021-10-04 00:00:00+00:00,3478.34
ETHUSD_211231,ETH,2021-12-31 00:00:00+00:00,2021-10-05 00:00:00+00:00,3615.37
ETHUSD_211231,ETH,2021-12-31 00:00:00+00:00,2021-10-06 00:00:00+00:00,3679.46
ETHUSD_211231,ETH,2021-12-31 00:00:00+00:00,2021-10-07 00:00:00+00:00,3699.4
ETHUSD_211231,ETH,2021-12-31 00:00:00+00:00,2021-10-08 00:00:00+00:00,3672.15
ETHUSD_211231,ETH,2021-12-31 00:00:00+00:00,2021-10-09 00:00:00+00:00,3688.57
ETHUSD_211231,ETH,2021-12-31 00:00:00+00:00,2021-10-10 00:00:00+00:00,3511.09
ETHUSD_211231,ETH,2021-12-31 00:00:00+00:00,2021-10-11 00:00:00+00:00,3653.14
ETHUSD_211231,ETH,2021-12-31 00:00:00+00:00,2021-10-12 00:00:00+00:00,3595.23
ETHUSD_211231,ETH,2021-12-31 00:00:00+00:00,2021-10-13 00:00:00+00:00,3728.91
ETHUSD_211231,ETH,2021-12-31 00:00:00+00:00,2021-10-14 00:00:00+00:00,3921.05
ETHUSD_211231,ETH,2021-12-31 00:00:00+00:00,2021-10-15 00:00:00+00:00,4009.66
ETHUSD_211231,ETH,2021-12-31 00:00:00+00:00,2021-10-16 00:00:00+00:00,3951.89
ETHUSD_211231,ETH,2021-12-31 00:00:00+00:00,2021-10-17 00:00:00+00:00,3974.67
ETHUSD_211231,ETH,2021-12-31 00:00:00+00:00,2021-10-18 00:00:00+00:00,3867.02
ETHUSD_211231,ETH,2021-12-31 00:00:00+00:00,2021-10-19 00:00:00+00:00,4010.65
ETHUSD_211231,ETH,2021-12-31 00:00:00+00:00,2021-10-20 00:00:00+00:00,4325.59
ETHUSD_211231,ETH,2021-12-31 00:00:00+00:00,2021-10-21 00:00:00+00:00,4193.45
ETHUSD_211231,ETH,2021-12-31 00:00:00+00:00,2021-10-22 00:00:00+00:00,4096.01
ETHUSD_211231,ETH,2021-12-31 00:00:00+00:00,2021-10-23 00:00:00+00:00,4311.95
ETHUSD_211231,ETH,2021-12-31 00:00:00+00:00,2021-10-24 00:00:00+00:00,4210.91
ETHUSD_211231,ETH,2021-12-31 00:00:00+00:00,2021-10-25 00:00:00+00:00,4371.82
ETHUSD_211231,ETH,2021-12-31 00:00:00+00:00,2021-10-26 00:00:00+00:00,4247.69
ETHUSD_211231,ETH,2021-12-31 00:00:00+00:00,2021-10-27 00:00:00+00:00,4009.28
ETHUSD_211231,ETH,2021-12-31 00:00:00+00:00,2021-10-28 00:00:00+00:00,4421.86
ETHUSD_211231,ETH,2021-12-31 00:00:00+00:00,2021-10-29 00:00:00+00:00,4575.4
ETHUSD_211231,ETH,2021-12-31 00:00:00+00:00,2021-10-30 00:00:00+00:00,4458.6
ETHUSD_211231,ETH,2021-12-31 00:00:00+00:00,2021-10-31 00:00:00+00:00,4404.19
ETHUSD_211231,ETH,2021-12-31 00:00:00+00:00,2021-11-01 00:00:00+00:00,4440.55
ETHUSD_211231,ETH,2021-12-31 00:00:00+00:00,2021-11-02 00:00:00+00:00,4740.48
ETHUSD_211231,ETH,2021-12-31 00:00:00+00:00,2021-11-03 00:00:00+00:00,4749.29
ETHUSD_211231,ETH,2021-12-31 00:00:00+00:00,2021-11-04 00:00:00+00:00,4657.17
ETHUSD_211231,ETH,2021-12-31 00:00:00+00:00,2021-11-05 00:00:00+00:00,4592.88
ETHUSD_211231,ETH,2021-12-31 00:00:00+00:00,2021-11-06 00:00:00+00:00,4619.7
ETHUSD_211231,ETH,2021-12-31 00:00:00+00:00,2021-11-07 00:00:00+00:00,4740.98
ETHUSD_211231,ETH,2021-12-31 00:00:00+00:00,2021-11-08 00:00:00+00:00,4963.24
ETHUSD_211231,ETH,2021-12-31 00:00:00+00:00,2021-11-09 00:00:00+00:00,4858.0
ETHUSD_211231,ETH,2021-12-31 00:00:00+00:00,2021-11-10 00:00:00+00:00,4730.75
ETHUSD_211231,ETH,2021-12-31 00:00:00+00:00,2021-11-11 00:00:00+00:00,4821.0
ETHUSD_211231,ETH,2021-12-31 00:00:00+00:00,2021-11-12 00:00:00+00:00,4755.1
ETHUSD_211231,ETH,2021-12-31 00:00:00+00:00,2021-11-13 00:00:00+00:00,4732.28
ETHUSD_211231,ETH,2021-12-31 00:00:00+00:00,2021-11-14 00:00:00+00:00,4718.8
ETHUSD_211231,ETH,2021-12-31 00:00:00+00:00,2021-11-15 00:00:00+00:00,4641.38
ETHUSD_211231,ETH,2021-12-31 00:00:00+00:00,2021-11-16 00:00:00+00:00,4266.72
ETHUSD_211231,ETH,2021-12-31 00:00:00+00:00,2021-11-17 00:00:00+00:00,4349.53
ETHUSD_211231,ETH,2021-12-31 00:00:00+00:00,2021-11-18 00:00:00+00:00,4045.38
ETHUSD_211231,ETH,2021-12-31 00:00:00+00:00,2021-11-19 00:00:00+00:00,4352.81
ETHUSD_211231,ETH,2021-12-31 00:00:00+00:00,2021-11-20 00:00:00+00:00,4483.39
ETHUSD_211231,ETH,2021-12-31 00:00:00+00:00,2021-11-21 00:00:00+00:00,4317.68
ETHUSD_211231,ETH,2021-12-31 00:00:00+00:00,2021-11-22 00:00:00+00:00,4135.68
ETHUSD_211231,ETH,2021-12-31 00:00:00+00:00,2021-11-23 00:00:00+00:00,4397.75
ETHUSD_211231,ETH,2021-12-31 00:00:00+00:00,2021-11-24 00:00:00+00:00,4324.59
ETHUSD_211231,ETH,2021-12-31 00:00:00+00:00,2021-11-25 00:00:00+00:00,4592.62
ETHUSD_211231,ETH,2021-12-31 00:00:00+00:00,2021-11-26 00:00:00+00:00,4068.25
ETHUSD_211231,ETH,2021-12-31 00:00:00+00:00,2021-11-27 00:00:00+00:00,4120.58
ETHUSD_211231,ETH,2021-12-31 00:00:00+00:00,2021-11-28 00:00:00+00:00,4342.26
ETHUSD_211231,ETH,2021-12-31 00:00:00+00:00,2021-11-29 00:00:00+00:00,4489.94
ETHUSD_211231,ETH,2021-12-31 00:00:00+00:00,2021-11-30 00:00:00+00:00,4677.41
ETHUSD_211231,ETH,2021-12-31 00:00:00+00:00,2021-12-01 00:00:00+00:00,4630.39
ETHUSD_211231,ETH,2021-12-31 00:00:00+00:00,2021-12-02 00:00:00+00:00,4550.1
ETHUSD_211231,ETH,2021-12-31 00:00:00+00:00,2021-12-03 00:00:00+00:00,4238.69
ETHUSD_211231,ETH,2021-12-31 00:00:00+00:00,2021-12-04 00:00:00+00:00,4132.51
ETHUSD_211231,ETH,2021-12-31 00:00:00+00:00,2021-12-05 00:00:00+00:00,4213.25
ETHUSD_211231,ETH,2021-12-31 00:00:00+00:00,2021-12-06 00:00:00+00:00,4370.98
ETHUSD_211231,ETH,2021-12-31 00:00:00+00:00,2021-12-07 00:00:00+00:00,4330.11
ETHUSD_211231,ETH,2021-12-31 00:00:00+00:00,2021-12-08 00:00:00+00:00,4461.88
ETHUSD_211231,ETH,2021-12-31 00:00:00+00:00,2021-12-09 00:00:00+00:00,4117.83
ETHUSD_211231,ETH,2021-12-31 00:00:00+00:00,2021-12-10 00:00:00+00:00,3910.16
ETHUSD_211231,ETH,2021-12-31 00:00:00+00:00,2021-12-11 00:00:00+00:00,4110.59
ETHUSD_211231,ETH,2021-12-31 00:00:00+00:00,2021-12-12 00:00:00+00:00,4146.22
ETHUSD_211231,ETH,2021-12-31 00:00:00+00:00,2021-12-13 00:00:00+00:00,3786.78
ETHUSD_211231,ETH,2021-12-31 00:00:00+00:00,2021-12-14 00:00:00+00:00,3872.74
ETHUSD_211231,ETH,2021-12-31 00:00:00+00:00,2021-12-15 00:00:00+00:00,4035.06
ETHUSD_211231,ETH,2021-12-31 00:00:00+00:00,2021-12-16 00:00:00+00:00,3968.15
ETHUSD_211231,ETH,2021-12-31 00:00:00+00:00,2021-12-17 00:00:00+00:00,3882.51
ETHUSD_211231,ETH,2021-12-31 00:00:00+00:00,2021-12-18 00:00:00+00:00,3966.27
ETHUSD_211231,ETH,2021-12-31 00:00:00+00:00,2021-12-19 00:00:00+00:00,3930.64
ETHUSD_211231,ETH,2021-12-31 00:00:00+00:00,2021-12-20 00:00:00+00:00,3952.97
ETHUSD_211231,ETH,2021-12-31 00:00:00+00:00,2021-12-21 00:00:00+00:00,4021.01
ETHUSD_211231,ETH,2021-12-31 00:00:00+00:00,2021-12-22 00:00:00+00:00,3984.68
ETHUSD_211231,ETH,2021-12-31 00:00:00+00:00,2021-12-23 00:00:00+00:00,4115.19
ETHUSD_211231,ETH,2021-12-31 00:00:00+00:00,2021-12-24 00:00:00+00:00,4048.1
ETHUSD_211231,ETH,2021-12-31 00:00:00+00:00,2021-12-25 00:00:00+00:00,4094.92
ETHUSD_211231,ETH,2021-12-31 00:00:00+00:00,2021-12-26 00:00:00+00:00,4065.59
ETHUSD_211231,ETH,2021-12-31 00:00:00+00:00,2021-12-27 00:00:00+00:00,4040.37
ETHUSD_211231,ETH,2021-12-31 00:00:00+00:00,2021-12-28 00:00:00+00:00,3794.14
ETHUSD_211231,ETH,2021-12-31 00:00:00+00:00,2021-12-29 00:00:00+00:00,3629.14
ETHUSD_211231,ETH,2021-12-31 00:00:00+00:00,2021-12-30 00:00:00+00:00,3712.78
ETHUSD_220325,ETH,2022-03-25 00:00:00+00:00,2021-09-24 00:00:00+00:00,3038.44
ETHUSD_220325,ETH,2022-03-25 00:00:00+00:00,2021-09-25 00:00:00+00:00,3037.53
ETHUSD_220325,ETH,2022-03-25 00:00:00+00:00,2021-09-26 00:00:00+00:00,3189.23
ETHUSD_220325,ETH,2022-03-25 00:00:00+00:00,2021-09-27 00:00:00+00:00,3040.83
ETHUSD_220325,ETH,2022-03-25 00:00:00+00:00,2021-09-28 00:00:00+00:00,2910.86
ETHUSD_220325,ETH,2022-03-25 00:00:00+00:00,2021-09-29 00:00:00+00:00,2958.73
ETHUSD_220325,ETH,2022-03-25 00:00:00+00:00,2021-09-30 00:00:00+00:00,3121.95
ETHUSD_220325,ETH,2022-03-25 00:00:00+00:00,2021-10-01 00:00:00+00:00,3465.66
ETHUSD_220325,ETH,2022-03-25 00:00:00+00:00,2021-10-02 00:00:00+00:00,3561.08
ETHUSD_220325,ETH,2022-03-25 00:00:00+00:00,2021-10-03 00:00:00+00:00,3597.9
ETHUSD_220325,ETH,2022-03-25 00:00:00+00:00,2021-10-04 00:00:00+00:00,3567.93
ETHUSD_220325,ETH,2022-03-25 00:00:00+00:00,2021-10-05 00:00:00+00:00,3709.81
ETHUSD_220325,ETH,2022-03-25 00:00:00+00:00,2021-10-06 00:00:00+00:00,3784.25
ETHUSD_220325,ETH,2022-03-25 00:00:00+00:00,2021-10-07 00:00:00+00:00,3801.0
ETHUSD_220325,ETH,2022-03-25 00:00:00+00:00,2021-10-08 00:00:00+00:00,3777.49
ETHUSD_220325,ETH,2022-03-25 00:00:00+00:00,2021-10-09 00:00:00+00:00,3799.36
ETHUSD_220325,ETH,2022-03-25 00:00:00+00:00,2021-10-10 00:00:00+00:00,3617.3
ETHUSD_220325,ETH,2022-03-25 00:00:00+00:00,2021-10-11 00:00:00+00:00,3772.32
ETHUSD_220325,ETH,2022-03-25 00:00:00+00:00,2021-10-12 00:00:00+00:00,3710.75
ETHUSD_220325,ETH,2022-03-25 00:00:00+00:00,2021-10-13 00:00:00+00:00,3847.56
ETHUSD_220325,ETH,2022-03-25 00:00:00+00:00,2021-10-14 00:00:00+00:00,4045.64
ETHUSD_220325,ETH,2022-03-25 00:00:00+00:00,2021-10-15 00:00:00+00:00,4141.14
ETHUSD_220325,ETH,2022-03-25 00:00:00+00:00,2021-10-16 00:00:00+00:00,4089.87
ETHUSD_220325,ETH,2022-03-25 00:00:00+00:00,2021-10-17 00:00:00+00:00,4103.88
ETHUSD_220325,ETH,2022-03-25 00:00:00+00:00,2021-10-18 00:00:00+00:00,3988.74
ETHUSD_220325,ETH,2022-03-25 00:00:00+00:00,2021-10-19 00:00:00+00:00,4133.59
ETHUSD_220325,ETH,2022-03-25 00:00:00+00:00,2021-10-20 00:00:00+00:00,4465.01
ETHUSD_220325,ETH,2022-03-25 00:00:00+00:00,2021-10-21 00:00:00+00:00,4337.09
ETHUSD_220325,ETH,2022-03-25 00:00:00+00:00,2021-10-22 00:00:00+00:00,4236.9
ETHUSD_220325,ETH,2022-03-25 00:00:00+00:00,2021-10-23 00:00:00+00:00,4458.67
ETHUSD_220325,ETH,2022-03-25 00:00:00+00:00,2021-10-24 00:00:00+00:00,4355.98
ETHUSD_220325,ETH,2022-03-25 00:00:00+00:00,2021-10-25 00:00:00+00:00,4526.59
ETHUSD_220325,ETH,2022-03-25 00:00:00+00:00,2021-10-26 00:00:00+00:00,4388.92
ETHUSD_220325,ETH,2022-03-25 00:00:00+00:00,2021-10-27 00:00:00+00:00,4136.2
ETHUSD_220325,ETH,2022-03-25 00:00:00+00:00,2021-10-28 00:00:00+00:00,4568.67
ETHUSD_220325,ETH,2022-03-25 00:00:00+00:00,2021-10-29 00:00:00+00:00,4721.97
ETHUSD_220325,ETH,2022-03-25 00:00:00+00:00,2021-10-30 00:00:00+00:00,4599.67
ETHUSD_220325,ETH,2022-03-25 00:00:00+00:00,2021-10-31 00:00:00+00:00,4545.92
ETHUSD_220325,ETH,2022-03-25 00:00:00+00:00,2021-11-01 00:00:00+00:00,4574.95
ETHUSD_220325,ETH,2022-03-25 00:00:00+00:00,2021-11-02 00:00:00+00:00,4885.3
ETHUSD_220325,ETH,2022-03-25 00:00:00+00:00,2021-11-03 00:00:00+00:00,4896.16
ETHUSD_220325,ETH,2022-03-25 00:00:00+00:00,2021-11-04 00:00:00+00:00,4806.78
ETHUSD_220325,ETH,2022-03-25 00:00:00+00:00,2021-11-05 00:00:00+00:00,4741.08
ETHUSD_220325,ETH,2022-03-25 00:00:00+00:00,2021-11-06 00:00:00+00:00,4764.64
ETHUSD_220325,ETH,2022-03-25 00:00:00+00:00,2021-11-07 00:00:00+00:00,4890.44
ETHUSD_220325,ETH,2022-03-25 00:00:00+00:00,2021-11-08 00:00:00+00:00,5122.13
ETHUSD_220325,ETH,2022-03-25 00:00:00+00:00,2021-11-09 00:00:00+00:00,5014.19
ETHUSD_220325,ETH,2022-03-25 00:00:00+00:00,2021-11-10 00:00:00+00:00,4878.34
ETHUSD_220325,ETH,2022-03-25 00:00:00+00:00,2021-11-11 00:00:00+00:00,4973.84
ETHUSD_220325,ETH,2022-03-25 00:00:00+00:00,2021-11-12 00:00:00+00:00,4905.44
ETHUSD_220325,ETH,2022-03-25 00:00:00+00:00,2021-11-13 00:00:00+00:00,4883.11
ETHUSD_220325,ETH,2022-03-25 00:00:00+00:00,2021-11-14 00:00:00+00:00,4866.94
ETHUSD_220325,ETH,2022-03-25 00:00:00+00:00,2021-11-15 00:00:00+00:00,4783.8
ETHUSD_220325,ETH,2022-03-25 00:00:00+00:00,2021-11-16 00:00:00+00:00,4388.04
ETHUSD_220325,ETH,2022-03-25 00:00:00+00:00,2021-11-17 00:00:00+00:00,4467.51
ETHUSD_220325,ETH,2022-03-25 00:00:00+00:00,2021-11-18 00:00:00+00:00,4159.17
ETHUSD_220325,ETH,2022-03-25 00:00:00+00:00,2021-11-19 00:00:00+00:00,4484.6
ETHUSD_220325,ETH,2022-03-25 00:00:00+00:00,2021-11-20 00:00:00+00:00,4623.74
ETHUSD_220325,ETH,2022-03-25 00:00:00+00:00,2021-11-21 00:00:00+00:00,4453.08
ETHUSD_220325,ETH,2022-03-25 00:00:00+00:00,2021-11-22 00:00:00+00:00,4261.99
ETHUSD_220325,ETH,2022-03-25 00:00:00+00:00,2021-11-23 00:00:00+00:00,4532.8
ETHUSD_220325,ETH,2022-03-25 00:00:00+00:00,2021-11-24 00:00:00+00:00,4456.12
ETHUSD_220325,ETH,2022-03-25 00:00:00+00:00,2021-11-25 00:00:00+00:00,4745.19
ETHUSD_220325,ETH,2022-03-25 00:00:00+00:00,2021-11-26 00:00:00+00:00,4176.47
ETHUSD_220325,ETH,2022-03-25 00:00:00+00:00,2021-11-27 00:00:00+00:00,4231.09
ETHUSD_220325,ETH,2022-03-25 00:00:00+00:00,2021-11-28 00:00:00+00:00,4464.14
ETHUSD_220325,ETH,2022-03-25 00:00:00+00:00,2021-11-29 00:00:00+00:00,4620.68
ETHUSD_220325,ETH,2022-03-25 00:00:00+00:00,2021-11-30 00:00:00+00:00,4829.55
ETHUSD_220325,ETH,2022-03-25 00:00:00+00:00,2021-12-01 00:00:00+00:00,4782.76
ETHUSD_220325,ETH,2022-03-25 00:00:00+00:00,2021-12-02 00:00:00+00:00,4691.5
ETHUSD_220325,ETH,2022-03-25 00:00:00+00:00,2021-12-03 00:00:00+00:00,4351.29
ETHUSD_220325,ETH,2022-03-25 00:00:00+00:00,2021-12-04 00:00:00+00:00,4228.31
ETHUSD_220325,ETH,2022-03-25 00:00:00+00:00,2021-12-05 00:00:00+00:00,4304.81
ETHUSD_220325,ETH,2022-03-25 00:00:00+00:00,2021-12-06 00:00:00+00:00,4475.76
ETHUSD_220325,ETH,2022-03-25 00:00:00+00:00,2021-12-07 00:00:00+00:00,4439.23
ETHUSD_220325,ETH,2022-03-25 00:00:00+00:00,2021-12-08 00:00:00+00:00,4584.99
ETHUSD_220325,ETH,2022-03-25 00:00:00+00:00,2021-12-09 00:00:00+00:00,4239.07
ETHUSD_220325,ETH,2022-03-25 00:00:00+00:00,2021-12-10 00:00:00+00:00,4002.4
ETHUSD_220325,ETH,2022-03-25 00:00:00+00:00,2021-12-11 00:00:00+00:00,4205.01
ETHUSD_220325,ETH,2022-03-25 00:00:00+00:00,2021-12-12 00:00:00+00:00,4241.14
ETHUSD_220325,ETH,2022-03-25 00:00:00+00:00,2021-12-13 00:00:00+00:00,3869.32
ETHUSD_220325,ETH,2022-03-25 00:00:00+00:00,2021-12-14 00:00:00+00:00,3963.53
ETHUSD_220325,ETH,2022-03-25 00:00:00+00:00,2021-12-15 00:00:00+00:00,4130.06
ETHUSD_220325,ETH,2022-03-25 00:00:00+00:00,2021-12-16 00:00:00+00:00,4059.28
ETHUSD_220325,ETH,2022-03-25 00:00:00+00:00,2021-12-17 00:00:00+00:00,3971.94
ETHUSD_220325,ETH,2022-03-25 00:00:00+00:00,2021-12-18 00:00:00+00:00,4055.88
ETHUSD_220325,ETH,2022-03-25 00:00:00+00:00,2021-12-19 00:00:00+00:00,4020.71
ETHUSD_220325,ETH,2022-03-25 00:00:00+00:00,2021-12-20 00:00:00+00:00,4048.64
ETHUSD_220325,ETH,2022-03-25 00:00:00+00:00,2021-12-21 00:00:00+00:00,4122.54
ETHUSD_220325,ETH,2022-03-25 00:00:00+00:00,2021-12-22 00:00:00+00:00,4088.74
ETHUSD_220325,ETH,2022-03-25 00:00:00+00:00,2021-12-23 00:00:00+00:00,4229.37
ETHUSD_220325,ETH,2022-03-25 00:00:00+00:00,2021-12-24 00:00:00+00:00,4156.9
ETHUSD_220325,ETH,2022-03-25 00:00:00+00:00,2021-12-25 00:00:00+00:00,4205.86
ETHUSD_220325,ETH,2022-03-25 00:00:00+00:00,2021-12-26 00:00:00+00:00,4169.86
ETHUSD_220325,ETH,2022-03-25 00:00:00+00:00,2021-12-27 00:00:00+00:00,4144.62
ETHUSD_220325,ETH,2022-03-25 00:00:00+00:00,2021-12-28 00:00:00+00:00,3879.06
ETHUSD_220325,ETH,2022-03-25 00:00:00+00:00,2021-12-29 00:00:00+00:00,3703.52
ETHUSD_220325,ETH,2022-03-25 00:00:00+00:00,2021-12-30 00:00:00+00:00,3776.93
ETHUSD_220325,ETH,2022-03-25 00:00:00+00:00,2021-12-31 00:00:00+00:00,3747.92
ETHUSD_220325,ETH,2022-03-25 00:00:00+00:00,2022-01-01 00:00:00+00:00,3842.16
ETHUSD_220325,ETH,2022-03-25 00:00:00+00:00,2022-01-02 00:00:00+00:00,3904.93
ETHUSD_220325,ETH,2022-03-25 00:00:00+00:00,2022-01-03 00:00:00+00:00,3840.11
ETHUSD_220325,ETH,2022-03-25 00:00:00+00:00,2022-01-04 00:00:00+00:00,3859.31
ETHUSD_220325,ETH,2022-03-25 00:00:00+00:00,2022-01-05 00:00:00+00:00,3606.64
ETHUSD_220325,ETH,2022-03-25 00:00:00+00:00,2022-01-06 00:00:00+00:00,3461.63
ETHUSD_220325,ETH,2022-03-25 00:00:00+00:00,2022-01-07 00:00:00+00:00,3246.99
ETHUSD_220325,ETH,2022-03-25 00:00:00+00:00,2022-01-08 00:00:00+00:00,3126.64
ETHUSD_220325,ETH,2022-03-25 00:00:00+00:00,2022-01-09 00:00:00+00:00,3199.99
ETHUSD_220325,ETH,2022-03-25 00:00:00+00:00,2022-01-10 00:00:00+00:00,3123.32
ETHUSD_220325,ETH,2022-03-25 00:00:00+00:00,2022-01-11 00:00:00+00:00,3282.64
ETHUSD_220325,ETH,2022-03-25 00:00:00+00:00,2022-01-12 00:00:00+00:00,3413.55
ETHUSD_220325,ETH,2022-03-25 00:00:00+00:00,2022-01-13 00:00:00+00:00,3278.41
ETHUSD_220325,ETH,2022-03-25 00:00:00+00:00,2022-01-14 00:00:00+00:00,3347.01
ETHUSD_220325,ETH,2022-03-25 00:00:00+00:00,2022-01-15 00:00:00+00:00,3367.28
ETHUSD_220325,ETH,2022-03-25 00:00:00+00:00,2022-01-16 00:00:00+00:00,3387.85
ETHUSD_220325,ETH,2022-03-25 00:00:00+00:00,2022-01-17 00:00:00+00:00,3243.77
ETHUSD_220325,ETH,2022-03-25 00:00:00+00:00,2022-01-18 00:00:00+00:00,3191.49
ETHUSD_220325,ETH,2022-03-25 00:00:00+00:00,2022-01-19 00:00:00+00:00,3109.26
ETHUSD_220325,ETH,2022-03-25 00:00:00+00:00,2022-01-20 00:00:00+00:00,3024.12
ETHUSD_220325,ETH,2022-03-25 00:00:00+00:00,2022-01-21 00:00:00+00:00,2583.58
ETHUSD_220325,ETH,2022-03-25 00:00:00+00:00,2022-01-22 00:00:00+00:00,2429.0
ETHUSD_220325,ETH,2022-03-25 00:00:00+00:00,2022-01-23 00:00:00+00:00,2562.04
ETHUSD_220325,ETH,2022-03-25 00:00:00+00:00,2022-01-24 00:00:00+00:00,2455.38
ETHUSD_220325,ETH,2022-03-25 00:00:00+00:00,2022-01-25 00:00:00+00:00,2472.02
ETHUSD_220325,ETH,2022-03-25 00:00:00+00:00,2022-01-26 00:00:00+00:00,2472.74
ETHUSD_220325,ETH,2022-03-25 00:00:00+00:00,2022-01-27 00:00:00+00:00,2434.35
ETHUSD_220325,ETH,2022-03-25 00:00:00+00:00,2022-01-28 00:00:00+00:00,2555.27
ETHUSD_220325,ETH,2022-03-25 00:00:00+00:00,2022-01-29 00:00:00+00:00,2612.71
ETHUSD_220325,ETH,2022-03-25 00:00:00+00:00,2022-01-30 00:00:00+00:00,2612.15
ETHUSD_220325,ETH,2022-03-25 00:00:00+00:00,2022-01-31 00:00:00+00:00,2697.63
ETHUSD_220325,ETH,2022-03-25 00:00:00+00:00,2022-02-01 00:00:00+00:00,2798.22
ETHUSD_220325,ETH,2022-03-25 00:00:00+00:00,2022-02-02 00:00:00+00:00,2683.9
ETHUSD_220325,ETH,2022-03-25 00:00:00+00:00,2022-02-03 00:00:00+00:00,2704.37
ETHUSD_220325,ETH,2022-03-25 00:00:00+00:00,2022-02-04 00:00:00+00:00,3005.08
ETHUSD_220325,ETH,2022-03-25 00:00:00+00:00,2022-02-05 00:00:00+00:00,3020.94
ETHUSD_220325,ETH,2022-03-25 00:00:00+00:00,2022-02-06 00:00:00+00:00,3064.77
ETHUSD_220325,ETH,2022-03-25 00:00:00+00:00,2022-02-07 00:00:00+00:00,3145.88
ETHUSD_220325,ETH,2022-03-25 00:00:00+00:00,2022-02-08 00:00:00+00:00,3120.91
ETHUSD_220325,ETH,2022-03-25 00:00:00+00:00,2022-02-09 00:00:00+00:00,3246.76
ETHUSD_220325,ETH,2022-03-25 00:00:00+00:00,2022-02-10 00:00:00+00:00,3072.75
ETHUSD_220325,ETH,2022-03-25 00:00:00+00:00,2022-02-11 00:00:00+00:00,2928.3
ETHUSD_220325,ETH,2022-03-25 00:00:00+00:00,2022-02-12 00:00:00+00:00,2920.57
ETHUSD_220325,ETH,2022-03-25 00:00:00+00:00,2022-02-13 00:00:00+00:00,2873.98
ETHUSD_220325,ETH,2022-03-25 00:00:00+00:00,2022-02-14 00:00:00+00:00,2932.21
ETHUSD_220325,ETH,2022-03-25 00:00:00+00:00,2022-02-15 00:00:00+00:00,3188.06
ETHUSD_220325,ETH,2022-03-25 00:00:00+00:00,2022-02-16 00:00:00+00:00,3124.31
ETHUSD_220325,ETH,2022-03-25 00:00:00+00:00,2022-02-17 00:00:00+00:00,2891.31
ETHUSD_220325,ETH,2022-03-25 00:00:00+00:00,2022-02-18 00:00:00+00:00,2779.71
ETHUSD_220325,ETH,2022-03-25 00:00:00+00:00,2022-02-19 00:00:00+00:00,2765.05
ETHUSD_220325,ETH,2022-03-25 00:00:00+00:00,2022-02-20 00:00:00+00:00,2623.16
ETHUSD_220325,ETH,2022-03-25 00:00:00+00:00,2022-02-21 00:00:00+00:00,2570.35
ETHUSD_220325,ETH,2022-03-25 00:00:00+00:00,2022-02-22 00:00:00+00:00,2640.42
ETHUSD_220325,ETH,2022-03-25 00:00:00+00:00,2022-02-23 00:00:00+00:00,2580.71
ETHUSD_220325,ETH,2022-03-25 00:00:00+00:00,2022-02-24 00:00:00+00:00,2597.8
ETHUSD_220325,ETH,2022-03-25 00:00:00+00:00,2022-02-25 00:00:00+00:00,2769.43
ETHUSD_220325,ETH,2022-03-25 00:00:00+00:00,2022-02-26 00:00:00+00:00,2778.66
ETHUSD_220325,ETH,2022-03-25 00:00:00+00:00,2022-02-27 00:00:00+00:00,2616.31
ETHUSD_220325,ETH,2022-03-25 00:00:00+00:00,2022-02-28 00:00:00+00:00,2921.5
ETHUSD_220325,ETH,2022-03-25 00:00:00+00:00,2022-03-01 00:00:00+00:00,2976.13
ETHUSD_220325,ETH,2022-03-25 00:00:00+00:00,2022-03-02 00:00:00+00:00,2947.73
ETHUSD_220325,ETH,2022-03-25 00:00:00+00:00,2022-03-03 00:00:00+00:00,2834.31
ETHUSD_220325,ETH,2022-03-25 00:00:00+00:00,2022-03-04 00:00:00+00:00,2619.41
ETHUSD_220325,ETH,2022-03-25 00:00:00+00:00,2022-03-05 00:00:00+00:00,2662.23
ETHUSD_220325,ETH,2022-03-25 00:00:00+00:00,2022-03-06 00:00:00+00:00,2546.86
ETHUSD_220325,ETH,2022-03-25 00:00:00+00:00,2022-03-07 00:00:00+00:00,2487.72
ETHUSD_220325,ETH,2022-03-25 00:00:00+00:00,2022-03-08 00:00:00+00:00,2574.19
ETHUSD_220325,ETH,2022-03-25 00:00:00+00:00,2022-03-09 00:00:00+00:00,2726.25
ETHUSD_220325,ETH,2022-03-25 00:00:00+00:00,2022-03-10 00:00:00+00:00,2604.03
ETHUSD_220325,ETH,2022-03-25 00:00:00+00:00,2022-03-11 00:00:00+00:00,2555.0
ETHUSD_220325,ETH,2022-03-25 00:00:00+00:00,2022-03-12 00:00:00+00:00,2567.1
ETHUSD_220325,ETH,2022-03-25 00:00:00+00:00,2022-03-13 00:00:00+00:00,2513.1
ETHUSD_220325,ETH,2022-03-25 00:00:00+00:00,2022-03-14 00:00:00+00:00,2589.14
ETHUSD_220325,ETH,2022-03-25 00:00:00+00:00,2022-03-15 00:00:00+00:00,2619.54
ETHUSD_220325,ETH,2022-03-25 00:00:00+00:00,2022-03-16 00:00:00+00:00,2774.63
ETHUSD_220325,ETH,2022-03-25 00:00:00+00:00,2022-03-17 00:00:00+00:00,2811.1
ETHUSD_220325,ETH,2022-03-25 00:00:00+00:00,2022-03-18 00:00:00+00:00,2939.22
ETHUSD_220325,ETH,2022-03-25 00:00:00+00:00,2022-03-19 00:00:00+00:00,2952.68
ETHUSD_220325,ETH,2022-03-25 00:00:00+00:00,2022-03-20 00:00:00+00:00,2861.09
ETHUSD_220325,ETH,2022-03-25 00:00:00+00:00,2022-03-21 00:00:00+00:00,2889.94
ETHUSD_220325,ETH,2022-03-25 00:00:00+00:00,2022-03-22 00:00:00+00:00,2970.45
ETHUSD_220325,ETH,2022-03-25 00:00:00+00:00,2022-03-23 00:00:00+00:00,3036.77
ETHUSD_220325,ETH,2022-03-25 00:00:00+00:00,2022-03-24 00:00:00+00:00,3113.24
ETHUSD_220624,ETH,2022-06-24 00:00:00+00:00,2021-12-31 00:00:00+00:00,3841.35
ETHUSD_220624,ETH,2022-06-24 00:00:00+00:00,2022-01-01 00:00:00+00:00,3933.42
ETHUSD_220624,ETH,2022-06-24 00:00:00+00:00,2022-01-02 00:00:00+00:00,3998.66
ETHUSD_220624,ETH,2022-06-24 00:00:00+00:00,2022-01-03 00:00:00+00:00,3931.46
ETHUSD_220624,ETH,2022-06-24 00:00:00+00:00,2022-01-04 00:00:00+00:00,3952.2
ETHUSD_220624,ETH,2022-06-24 00:00:00+00:00,2022-01-05 00:00:00+00:00,3688.8
ETHUSD_220624,ETH,2022-06-24 00:00:00+00:00,2022-01-06 00:00:00+00:00,3541.37
ETHUSD_220624,ETH,2022-06-24 00:00:00+00:00,2022-01-07 00:00:00+00:00,3320.38
ETHUSD_220624,ETH,2022-06-24 00:00:00+00:00,2022-01-08 00:00:00+00:00,3196.98
ETHUSD_220624,ETH,2022-06-24 00:00:00+00:00,2022-01-09 00:00:00+00:00,3269.28
ETHUSD_220624,ETH,2022-06-24 00:00:00+00:00,2022-01-10 00:00:00+00:00,3190.89
ETHUSD_220624,ETH,2022-06-24 00:00:00+00:00,2022-01-11 00:00:00+00:00,3351.23
ETHUSD_220624,ETH,2022-06-24 00:00:00+00:00,2022-01-12 00:00:00+00:00,3485.32
ETHUSD_220624,ETH,2022-06-24 00:00:00+00:00,2022-01-13 00:00:00+00:00,3348.32
ETHUSD_220624,ETH,2022-06-24 00:00:00+00:00,2022-01-14 00:00:00+00:00,3418.16
ETHUSD_220624,ETH,2022-06-24 00:00:00+00:00,2022-01-15 00:00:00+00:00,3440.05
ETHUSD_220624,ETH,2022-06-24 00:00:00+00:00,2022-01-16 00:00:00+00:00,3456.6
ETHUSD_220624,ETH,2022-06-24 00:00:00+00:00,2022-01-17 00:00:00+00:00,3301.69
ETHUSD_220624,ETH,2022-06-24 00:00:00+00:00,2022-01-18 00:00:00+00:00,3248.78
ETHUSD_220624,ETH,2022-06-24 00:00:00+00:00,2022-01-19 00:00:00+00:00,3156.11
ETHUSD_220624,ETH,2022-06-24 00:00:00+00:00,2022-01-20 00:00:00+00:00,3075.02
ETHUSD_220624,ETH,2022-06-24 00:00:00+00:00,2022-01-21 00:00:00+00:00,2623.33
ETHUSD_220624,ETH,2022-06-24 00:00:00+00:00,2022-01-22 00:00:00+00:00,2468.25
ETHUSD_220624,ETH,2022-06-24 00:00:00+00:00,2022-01-23 00:00:00+00:00,2607.05
ETHUSD_220624,ETH,2022-06-24 00:00:00+00:00,2022-01-24 00:00:00+00:00,2494.82
ETHUSD_220624,ETH,2022-06-24 00:00:00+00:00,2022-01-25 00:00:00+00:00,2515.9
ETHUSD_220624,ETH,2022-06-24 00:00:00+00:00,2022-01-26 00:00:00+00:00,2509.43
ETHUSD_220624,ETH,2022-06-24 00:00:00+00:00,2022-01-27 00:00:00+00:00,2472.14
ETHUSD_220624,ETH,2022-06-24 00:00:00+00:00,2022-01-28 00:00:00+00:00,2594.53
ETHUSD_220624,ETH,2022-06-24 00:00:00+00:00,2022-01-29 00:00:00+00:00,2651.69
ETHUSD_220624,ETH,2022-06-24 00:00:00+00:00,2022-01-30 00:00:00+00:00,2653.64
ETHUSD_220624,ETH,2022-06-24 00:00:00+00:00,2022-01-31 00:00:00+00:00,2738.11
ETHUSD_220624,ETH,2022-06-24 00:00:00+00:00,2022-02-01 00:00:00+00:00,2840.6
ETHUSD_220624,ETH,2022-06-24 00:00:00+00:00,2022-02-02 00:00:00+00:00,2726.29
ETHUSD_220624,ETH,2022-06-24 00:00:00+00:00,2022-02-03 00:00:00+00:00,2736.02
ETHUSD_220624,ETH,2022-06-24 00:00:00+00:00,2022-02-04 00:00:00+00:00,3046.52
ETHUSD_220624,ETH,2022-06-24 00:00:00+00:00,2022-02-05 00:00:00+00:00,3063.45
ETHUSD_220624,ETH,2022-06-24 00:00:00+00:00,2022-02-06 00:00:00+00:00,3110.26
ETHUSD_220624,ETH,2022-06-24 00:00:00+00:00,2022-02-07 00:00:00+00:00,3191.56
ETHUSD_220624,ETH,2022-06-24 00:00:00+00:00,2022-02-08 00:00:00+00:00,3165.11
ETHUSD_220624,ETH,2022-06-24 00:00:00+00:00,2022-02-09 00:00:00+00:00,3291.44
ETHUSD_220624,ETH,2022-06-24 00:00:00+00:00,2022-02-10 00:00:00+00:00,3114.71
ETHUSD_220624,ETH,2022-06-24 00:00:00+00:00,2022-02-11 00:00:00+00:00,2968.09
ETHUSD_220624,ETH,2022-06-24 00:00:00+00:00,2022-02-12 00:00:00+00:00,2960.47
ETHUSD_220624,ETH,2022-06-24 00:00:00+00:00,2022-02-13 00:00:00+00:00,2910.84
ETHUSD_220624,ETH,2022-06-24 00:00:00+00:00,2022-02-14 00:00:00+00:00,2970.01
ETHUSD_220624,ETH,2022-06-24 00:00:00+00:00,2022-02-15 00:00:00+00:00,3230.47
ETHUSD_220624,ETH,2022-06-24 00:00:00+00:00,2022-02-16 00:00:00+00:00,3162.5
ETHUSD_220624,ETH,2022-06-24 00:00:00+00:00,2022-02-17 00:00:00+00:00,2929.76
ETHUSD_220624,ETH,2022-06-24 00:00:00+00:00,2022-02-18 00:00:00+00:00,2815.32
ETHUSD_220624,ETH,2022-06-24 00:00:00+00:00,2022-02-19 00:00:00+00:00,2798.99
ETHUSD_220624,ETH,2022-06-24 00:00:00+00:00,2022-02-20 00:00:00+00:00,2654.22
ETHUSD_220624,ETH,2022-06-24 00:00:00+00:00,2022-02-21 00:00:00+00:00,2601.0
ETHUSD_220624,ETH,2022-06-24 00:00:00+00:00,2022-02-22 00:00:00+00:00,2667.58
ETHUSD_220624,ETH,2022-06-24 00:00:00+00:00,2022-02-23 00:00:00+00:00,2606.78
ETHUSD_220624,ETH,2022-06-24 00:00:00+00:00,2022-02-24 00:00:00+00:00,2622.52
ETHUSD_220624,ETH,2022-06-24 00:00:00+00:00,2022-02-25 00:00:00+00:00,2792.58
ETHUSD_220624,ETH,2022-06-24 00:00:00+00:00,2022-02-26 00:00:00+00:00,2797.97
ETHUSD_220624,ETH,2022-06-24 00:00:00+00:00,2022-02-27 00:00:00+00:00,2629.17
ETHUSD_220624,ETH,2022-06-24 00:00:00+00:00,2022-02-28 00:00:00+00:00,2940.77
ETHUSD_220624,ETH,2022-06-24 00:00:00+00:00,2022-03-01 00:00:00+00:00,3000.12
ETHUSD_220624,ETH,2022-06-24 00:00:00+00:00,2022-03-02 00:00:00+00:00,2973.88
ETHUSD_220624,ETH,2022-06-24 00:00:00+00:00,2022-03-03 00:00:00+00:00,2864.96
ETHUSD_220624,ETH,2022-06-24 00:00:00+00:00,2022-03-04 00:00:00+00:00,2641.24
ETHUSD_220624,ETH,2022-06-24 00:00:00+00:00,2022-03-05 00:00:00+00:00,2691.18
ETHUSD_220624,ETH,2022-06-24 00:00:00+00:00,2022-03-06 00:00:00+00:00,2567.97
ETHUSD_220624,ETH,2022-06-24 00:00:00+00:00,2022-03-07 00:00:00+00:00,2508.15
ETHUSD_220624,ETH,2022-06-24 00:00:00+00:00,2022-03-08 00:00:00+00:00,2597.13
ETHUSD_220624,ETH,2022-06-24 00:00:00+00:00,2022-03-09 00:00:00+00:00,2747.28
ETHUSD_220624,ETH,2022-06-24 00:00:00+00:00,2022-03-10 00:00:00+00:00,2624.09
ETHUSD_220624,ETH,2022-06-24 00:00:00+00:00,2022-03-11 00:00:00+00:00,2574.87
ETHUSD_220624,ETH,2022-06-24 00:00:00+00:00,2022-03-12 00:00:00+00:00,2587.99
ETHUSD_220624,ETH,2022-06-24 00:00:00+00:00,2022-03-13 00:00:00+00:00,2531.42
ETHUSD_220624,ETH,2022-06-24 00:00:00+00:00,2022-03-14 00:00:00+00:00,2612.44
ETHUSD_220624,ETH,2022-06-24 00:00:00+00:00,2022-03-15 00:00:00+00:00,2642.3
ETHUSD_220624,ETH,2022-06-24 00:00:00+00:00,2022-03-16 00:00:00+00:00,2800.44
ETHUSD_220624,ETH,2022-06-24 00:00:00+00:00,2022-03-17 00:00:00+00:00,2838.35
ETHUSD_220624,ETH,2022-06-24 00:00:00+00:00,2022-03-18 00:00:00+00:00,2966.96
ETHUSD_220624,ETH,2022-06-24 00:00:00+00:00,2022-03-19 00:00:00+00:00,2980.07
ETHUSD_220624,ETH,2022-06-24 00:00:00+00:00,2022-03-20 00:00:00+00:00,2886.29
ETHUSD_220624,ETH,2022-06-24 00:00:00+00:00,2022-03-21 00:00:00+00:00,2916.53
ETHUSD_220624,ETH,2022-06-24 00:00:00+00:00,2022-03-22 00:00:00+00:00,3005.84
ETHUSD_220624,ETH,2022-06-24 00:00:00+00:00,2022-03-23 00:00:00+00:00,3074.05
ETHUSD_220624,ETH,2022-06-24 00:00:00+00:00,2022-03-24 00:00:00+00:00,3152.18
ETHUSD_220624,ETH,2022-06-24 00:00:00+00:00,2022-03-25 00:00:00+00:00,3144.42
ETHUSD_220624,ETH,2022-06-24 00:00:00+00:00,2022-03-26 00:00:00+00:00,3183.38
ETHUSD_220624,ETH,2022-06-24 00:00:00+00:00,2022-03-27 00:00:00+00:00,3338.65
ETHUSD_220624,ETH,2022-06-24 00:00:00+00:00,2022-03-28 00:00:00+00:00,3376.01
ETHUSD_220624,ETH,2022-06-24 00:00:00+00:00,2022-03-29 00:00:00+00:00,3443.67
ETHUSD_220624,ETH,2022-06-24 00:00:00+00:00,2022-03-30 00:00:00+00:00,3427.94
ETHUSD_220624,ETH,2022-06-24 00:00:00+00:00,2022-03-31 00:00:00+00:00,3320.62
ETHUSD_220624,ETH,2022-06-24 00:00:00+00:00,2022-04-01 00:00:00+00:00,3499.16
ETHUSD_220624,ETH,2022-06-24 00:00:00+00:00,2022-04-02 00:00:00+00:00,3485.6
ETHUSD_220624,ETH,2022-06-24 00:00:00+00:00,2022-04-03 00:00:00+00:00,3563.88
ETHUSD_220624,ETH,2022-06-24 00:00:00+00:00,2022-04-04 00:00:00+00:00,3562.12
ETHUSD_220624,ETH,2022-06-24 00:00:00+00:00,2022-04-05 00:00:00+00:00,3445.43
ETHUSD_220624,ETH,2022-06-24 00:00:00+00:00,2022-04-06 00:00:00+00:00,3198.02
ETHUSD_220624,ETH,2022-06-24 00:00:00+00:00,2022-04-07 00:00:00+00:00,3255.52
ETHUSD_220624,ETH,2022-06-24 00:00:00+00:00,2022-04-08 00:00:00+00:00,3213.85
ETHUSD_220624,ETH,2022-06-24 00:00:00+00:00,2022-04-09 00:00:00+00:00,3279.25
ETHUSD_220624,ETH,2022-06-24 00:00:00+00:00,2022-04-10 00:00:00+00:00,3219.83
ETHUSD_220624,ETH,2022-06-24 00:00:00+00:00,2022-04-11 00:00:00+00:00,2993.03
ETHUSD_220624,ETH,2022-06-24 00:00:00+00:00,2022-04-12 00:00:00+00:00,3039.26
ETHUSD_220624,ETH,2022-06-24 00:00:00+00:00,2022-04-13 00:00:00+00:00,3130.32
ETHUSD_220624,ETH,2022-06-24 00:00:00+00:00,2022-04-14 00:00:00+00:00,3030.39
ETHUSD_220624,ETH,2022-06-24 00:00:00+00:00,2022-04-15 00:00:00+00:00,3050.73
ETHUSD_220624,ETH,2022-06-24 00:00:00+00:00,2022-04-16 00:00:00+00:00,3072.68
ETHUSD_220624,ETH,2022-06-24 00:00:00+00:00,2022-04-17 00:00:00+00:00,2998.7
ETHUSD_220624,ETH,2022-06-24 00:00:00+00:00,2022-04-18 00:00:00+00:00,3069.02
ETHUSD_220624,ETH,2022-06-24 00:00:00+00:00,2022-04-19 00:00:00+00:00,3116.19
ETHUSD_220624,ETH,2022-06-24 00:00:00+00:00,2022-04-20 00:00:00+00:00,3090.4
ETHUSD_220624,ETH,2022-06-24 00:00:00+00:00,2022-04-21 00:00:00+00:00,2994.53
ETHUSD_220624,ETH,2022-06-24 00:00:00+00:00,2022-04-22 00:00:00+00:00,2972.91
ETHUSD_220624,ETH,2022-06-24 00:00:00+00:00,2022-04-23 00:00:00+00:00,2942.54
ETHUSD_220624,ETH,2022-06-24 00:00:00+00:00,2022-04-24 00:00:00+00:00,2932.19
ETHUSD_220624,ETH,2022-06-24 00:00:00+00:00,2022-04-25 00:00:00+00:00,3016.81
ETHUSD_220624,ETH,2022-06-24 00:00:00+00:00,2022-04-26 00:00:00+00:00,2817.62
ETHUSD_220624,ETH,2022-06-24 00:00:00+00:00,2022-04-27 00:00:00+00:00,2898.09
ETHUSD_220624,ETH,2022-06-24 00:00:00+00:00,2022-04-28 00:00:00+00:00,2945.85
ETHUSD_220624,ETH,2022-06-24 00:00:00+00:00,2022-04-29 00:00:00+00:00,2823.45
ETHUSD_220624,ETH,2022-06-24 00:00:00+00:00,2022-04-30 00:00:00+00:00,2730.98
ETHUSD_220624,ETH,2022-06-24 00:00:00+00:00,2022-05-01 00:00:00+00:00,2833.07
ETHUSD_220624,ETH,2022-06-24 00:00:00+00:00,2022-05-02 00:00:00+00:00,2862.02
ETHUSD_220624,ETH,2022-06-24 00:00:00+00:00,2022-05-03 00:00:00+00:00,2787.15
ETHUSD_220624,ETH,2022-06-24 00:00:00+00:00,2022-05-04 00:00:00+00:00,2952.61
ETHUSD_220624,ETH,2022-06-24 00:00:00+00:00,2022-05-05 00:00:00+00:00,2753.09
ETHUSD_220624,ETH,2022-06-24 00:00:00+00:00,2022-05-06 00:00:00+00:00,2700.9
ETHUSD_220624,ETH,2022-06-24 00:00:00+00:00,2022-05-07 00:00:00+00:00,2645.27
ETHUSD_220624,ETH,2022-06-24 00:00:00+00:00,2022-05-08 00:00:00+00:00,2525.2
ETHUSD_220624,ETH,2022-06-24 00:00:00+00:00,2022-05-09 00:00:00+00:00,2234.47
ETHUSD_220624,ETH,2022-06-24 00:00:00+00:00,2022-05-10 00:00:00+00:00,2348.56
ETHUSD_220624,ETH,2022-06-24 00:00:00+00:00,2022-05-11 00:00:00+00:00,2084.47
ETHUSD_220624,ETH,2022-06-24 00:00:00+00:00,2022-05-12 00:00:00+00:00,1960.53
ETHUSD_220624,ETH,2022-06-24 00:00:00+00:00,2022-05-13 00:00:00+00:00,2010.55
ETHUSD_220624,ETH,2022-06-24 00:00:00+00:00,2022-05-14 00:00:00+00:00,2059.4
ETHUSD_220624,ETH,2022-06-24 00:00:00+00:00,2022-05-15 00:00:00+00:00,2148.36
ETHUSD_220624,ETH,2022-06-24 00:00:00+00:00,2022-05-16 00:00:00+00:00,2026.66
ETHUSD_220624,ETH,2022-06-24 00:00:00+00:00,2022-05-17 00:00:00+00:00,2094.39
ETHUSD_220624,ETH,2022-06-24 00:00:00+00:00,2022-05-18 00:00:00+00:00,1914.61
ETHUSD_220624,ETH,2022-06-24 00:00:00+00:00,2022-05-19 00:00:00+00:00,2023.14
ETHUSD_220624,ETH,2022-06-24 00:00:00+00:00,2022-05-20 00:00:00+00:00,1961.02
ETHUSD_220624,ETH,2022-06-24 00:00:00+00:00,2022-05-21 00:00:00+00:00,1977.03
ETHUSD_220624,ETH,2022-06-24 00:00:00+00:00,2022-05-22 00:00:00+00:00,2045.88
ETHUSD_220624,ETH,2022-06-24 00:00:00+00:00,2022-05-23 00:00:00+00:00,1974.53
ETHUSD_220624,ETH,2022-06-24 00:00:00+00:00,2022-05-24 00:00:00+00:00,1981.71
ETHUSD_220624,ETH,2022-06-24 00:00:00+00:00,2022-05-25 00:00:00+00:00,1943.18
ETHUSD_220624,ETH,2022-06-24 00:00:00+00:00,2022-05-26 00:00:00+00:00,1792.14
ETHUSD_220624,ETH,2022-06-24 00:00:00+00:00,2022-05-27 00:00:00+00:00,1727.37
ETHUSD_220624,ETH,2022-06-24 00:00:00+00:00,2022-05-28 00:00:00+00:00,1792.95
ETHUSD_220624,ETH,2022-06-24 00:00:00+00:00,2022-05-29 00:00:00+00:00,1814.29
ETHUSD_220624,ETH,2022-06-24 00:00:00+00:00,2022-05-30 00:00:00+00:00,2001.53
ETHUSD_220624,ETH,2022-06-24 00:00:00+00:00,2022-05-31 00:00:00+00:00,1943.83
ETHUSD_220624,ETH,2022-06-24 00:00:00+00:00,2022-06-01 00:00:00+00:00,1818.99
ETHUSD_220624,ETH,2022-06-24 00:00:00+00:00,2022-06-02 00:00:00+00:00,1836.63
ETHUSD_220624,ETH,2022-06-24 00:00:00+00:00,2022-06-03 00:00:00+00:00,1776.95
ETHUSD_220624,ETH,2022-06-24 00:00:00+00:00,2022-06-04 00:00:00+00:00,1806.71
ETHUSD_220624,ETH,2022-06-24 00:00:00+00:00,2022-06-05 00:00:00+00:00,1807.14
ETHUSD_220624,ETH,2022-06-24 00:00:00+00:00,2022-06-06 00:00:00+00:00,1861.21
ETHUSD_220624,ETH,2022-06-24 00:00:00+00:00,2022-06-07 00:00:00+00:00,1813.41
ETHUSD_220624,ETH,2022-06-24 00:00:00+00:00,2022-06-08 00:00:00+00:00,1791.92
ETHUSD_220624,ETH,2022-06-24 00:00:00+00:00,2022-06-09 00:00:00+00:00,1788.63
ETHUSD_220624,ETH,2022-06-24 00:00:00+00:00,2022-06-10 00:00:00+00:00,1661.9
ETHUSD_220624,ETH,2022-06-24 00:00:00+00:00,2022-06-11 00:00:00+00:00,1531.01
ETHUSD_220624,ETH,2022-06-24 00:00:00+00:00,2022-06-12 00:00:00+00:00,1434.03
ETHUSD_220624,ETH,2022-06-24 00:00:00+00:00,2022-06-13 00:00:00+00:00,1208.66
ETHUSD_220624,ETH,2022-06-24 00:00:00+00:00,2022-06-14 00:00:00+00:00,1206.74
ETHUSD_220624,ETH,2022-06-24 00:00:00+00:00,2022-06-15 00:00:00+00:00,1236.26
ETHUSD_220624,ETH,2022-06-24 00:00:00+00:00,2022-06-16 00:00:00+00:00,1065.87
ETHUSD_220624,ETH,2022-06-24 00:00:00+00:00,2022-06-17 00:00:00+00:00,1084.25
ETHUSD_220624,ETH,2022-06-24 00:00:00+00:00,2022-06-18 00:00:00+00:00,993.43
ETHUSD_220624,ETH,2022-06-24 00:00:00+00:00,2022-06-19 00:00:00+00:00,1126.86
ETHUSD_220624,ETH,2022-06-24 00:00:00+00:00,2022-06-20 00:00:00+00:00,1126.8
ETHUSD_220624,ETH,2022-06-24 00:00:00+00:00,2022-06-21 00:00:00+00:00,1124.51
ETHUSD_220624,ETH,2022-06-24 00:00:00+00:00,2022-06-22 00:00:00+00:00,1047.51
ETHUSD_220624,ETH,2022-06-24 00:00:00+00:00,2022-06-23 00:00:00+00:00,1143.47
ETHUSD_220930,ETH,2022-09-30 00:00:00+00:00,2022-03-25 00:00:00+00:00,3193.84
ETHUSD_220930,ETH,2022-09-30 00:00:00+00:00,2022-03-26 00:00:00+00:00,3237.25
ETHUSD_220930,ETH,2022-09-30 00:00:00+00:00,2022-03-27 00:00:00+00:00,3402.34
ETHUSD_220930,ETH,2022-09-30 00:00:00+00:00,2022-03-28 00:00:00+00:00,3442.56
ETHUSD_220930,ETH,2022-09-30 00:00:00+00:00,2022-03-29 00:00:00+00:00,3509.29
ETHUSD_220930,ETH,2022-09-30 00:00:00+00:00,2022-03-30 00:00:00+00:00,3492.38
ETHUSD_220930,ETH,2022-09-30 00:00:00+00:00,2022-03-31 00:00:00+00:00,3383.79
ETHUSD_220930,ETH,2022-09-30 00:00:00+00:00,2022-04-01 00:00:00+00:00,3562.55
ETHUSD_220930,ETH,2022-09-30 00:00:00+00:00,2022-04-02 00:00:00+00:00,3546.57
ETHUSD_220930,ETH,2022-09-30 00:00:00+00:00,2022-04-03 00:00:00+00:00,3627.84
ETHUSD_220930,ETH,2022-09-30 00:00:00+00:00,2022-04-04 00:00:00+00:00,3625.95
ETHUSD_220930,ETH,2022-09-30 00:00:00+00:00,2022-04-05 00:00:00+00:00,3506.18
ETHUSD_220930,ETH,2022-09-30 00:00:00+00:00,2022-04-06 00:00:00+00:00,3241.17
ETHUSD_220930,ETH,2022-09-30 00:00:00+00:00,2022-04-07 00:00:00+00:00,3301.5
ETHUSD_220930,ETH,2022-09-30 00:00:00+00:00,2022-04-08 00:00:00+00:00,3254.93
ETHUSD_220930,ETH,2022-09-30 00:00:00+00:00,2022-04-09 00:00:00+00:00,3318.04
ETHUSD_220930,ETH,2022-09-30 00:00:00+00:00,2022-04-10 00:00:00+00:00,3254.04
ETHUSD_220930,ETH,2022-09-30 00:00:00+00:00,2022-04-11 00:00:00+00:00,3020.74
ETHUSD_220930,ETH,2022-09-30 00:00:00+00:00,2022-04-12 00:00:00+00:00,3065.68
ETHUSD_220930,ETH,2022-09-30 00:00:00+00:00,2022-04-13 00:00:00+00:00,3155.37
ETHUSD_220930,ETH,2022-09-30 00:00:00+00:00,2022-04-14 00:00:00+00:00,3053.51
ETHUSD_220930,ETH,2022-09-30 00:00:00+00:00,2022-04-15 00:00:00+00:00,3070.29
ETHUSD_220930,ETH,2022-09-30 00:00:00+00:00,2022-04-16 00:00:00+00:00,3095.42
ETHUSD_220930,ETH,2022-09-30 00:00:00+00:00,2022-04-17 00:00:00+00:00,3021.13
ETHUSD_220930,ETH,2022-09-30 00:00:00+00:00,2022-04-18 00:00:00+00:00,3090.04
ETHUSD_220930,ETH,2022-09-30 00:00:00+00:00,2022-04-19 00:00:00+00:00,3140.77
ETHUSD_220930,ETH,2022-09-30 00:00:00+00:00,2022-04-20 00:00:00+00:00,3115.91
ETHUSD_220930,ETH,2022-09-30 00:00:00+00:00,2022-04-21 00:00:00+00:00,3021.85
ETHUSD_220930,ETH,2022-09-30 00:00:00+00:00,2022-04-22 00:00:00+00:00,2997.92
ETHUSD_220930,ETH,2022-09-30 00:00:00+00:00,2022-04-23 00:00:00+00:00,2965.92
ETHUSD_220930,ETH,2022-09-30 00:00:00+00:00,2022-04-24 00:00:00+00:00,2955.52
ETHUSD_220930,ETH,2022-09-30 00:00:00+00:00,2022-04-25 00:00:00+00:00,3038.4
ETHUSD_220930,ETH,2022-09-30 00:00:00+00:00,2022-04-26 00:00:00+00:00,2839.56
ETHUSD_220930,ETH,2022-09-30 00:00:00+00:00,2022-04-27 00:00:00+00:00,2918.65
ETHUSD_220930,ETH,2022-09-30 00:00:00+00:00,2022-04-28 00:00:00+00:00,2969.56
ETHUSD_220930,ETH,2022-09-30 00:00:00+00:00,2022-04-29 00:00:00+00:00,2850.89
ETHUSD_220930,ETH,2022-09-30 00:00:00+00:00,2022-04-30 00:00:00+00:00,2757.68
ETHUSD_220930,ETH,2022-09-30 00:00:00+00:00,2022-05-01 00:00:00+00:00,2859.1
ETHUSD_220930,ETH,2022-09-30 00:00:00+00:00,2022-05-02 00:00:00+00:00,2889.59
ETHUSD_220930,ETH,2022-09-30 00:00:00+00:00,2022-05-03 00:00:00+00:00,2814.42
ETHUSD_220930,ETH,2022-09-30 00:00:00+00:00,2022-05-04 00:00:00+00:00,2979.83
ETHUSD_220930,ETH,2022-09-30 00:00:00+00:00,2022-05-05 00:00:00+00:00,2781.41
ETHUSD_220930,ETH,2022-09-30 00:00:00+00:00,2022-05-06 00:00:00+00:00,2728.58
ETHUSD_220930,ETH,2022-09-30 00:00:00+00:00,2022-05-07 00:00:00+00:00,2673.08
ETHUSD_220930,ETH,2022-09-30 00:00:00+00:00,2022-05-08 00:00:00+00:00,2549.41
ETHUSD_220930,ETH,2022-09-30 00:00:00+00:00,2022-05-09 00:00:00+00:00,2259.46
ETHUSD_220930,ETH,2022-09-30 00:00:00+00:00,2022-05-10 00:00:00+00:00,2370.41
ETHUSD_220930,ETH,2022-09-30 00:00:00+00:00,2022-05-11 00:00:00+00:00,2106.46
ETHUSD_220930,ETH,2022-09-30 00:00:00+00:00,2022-05-12 00:00:00+00:00,1976.76
ETHUSD_220930,ETH,2022-09-30 00:00:00+00:00,2022-05-13 00:00:00+00:00,2030.9
ETHUSD_220930,ETH,2022-09-30 00:00:00+00:00,2022-05-14 00:00:00+00:00,2080.12
ETHUSD_220930,ETH,2022-09-30 00:00:00+00:00,2022-05-15 00:00:00+00:00,2169.79
ETHUSD_220930,ETH,2022-09-30 00:00:00+00:00,2022-05-16 00:00:00+00:00,2045.69
ETHUSD_220930,ETH,2022-09-30 00:00:00+00:00,2022-05-17 00:00:00+00:00,2117.0
ETHUSD_220930,ETH,2022-09-30 00:00:00+00:00,2022-05-18 00:00:00+00:00,1933.46
ETHUSD_220930,ETH,2022-09-30 00:00:00+00:00,2022-05-19 00:00:00+00:00,2043.54
ETHUSD_220930,ETH,2022-09-30 00:00:00+00:00,2022-05-20 00:00:00+00:00,1980.72
ETHUSD_220930,ETH,2022-09-30 00:00:00+00:00,2022-05-21 00:00:00+00:00,1996.95
ETHUSD_220930,ETH,2022-09-30 00:00:00+00:00,2022-05-22 00:00:00+00:00,2065.08
ETHUSD_220930,ETH,2022-09-30 00:00:00+00:00,2022-05-23 00:00:00+00:00,1993.64
ETHUSD_220930,ETH,2022-09-30 00:00:00+00:00,2022-05-24 00:00:00+00:00,1999.44
ETHUSD_220930,ETH,2022-09-30 00:00:00+00:00,2022-05-25 00:00:00+00:00,1960.73
ETHUSD_220930,ETH,2022-09-30 00:00:00+00:00,2022-05-26 00:00:00+00:00,1804.82
ETHUSD_220930,ETH,2022-09-30 00:00:00+00:00,2022-05-27 00:00:00+00:00,1740.54
ETHUSD_220930,ETH,2022-09-30 00:00:00+00:00,2022-05-28 00:00:00+00:00,1807.85
ETHUSD_220930,ETH,2022-09-30 00:00:00+00:00,2022-05-29 00:00:00+00:00,1828.6
ETHUSD_220930,ETH,2022-09-30 00:00:00+00:00,2022-05-30 00:00:00+00:00,2016.36
ETHUSD_220930,ETH,2022-09-30 00:00:00+00:00,2022-05-31 00:00:00+00:00,1962.33
ETHUSD_220930,ETH,2022-09-30 00:00:00+00:00,2022-06-01 00:00:00+00:00,1834.41
ETHUSD_220930,ETH,2022-09-30 00:00:00+00:00,2022-06-02 00:00:00+00:00,1852.06
ETHUSD_220930,ETH,2022-09-30 00:00:00+00:00,2022-06-03 00:00:00+00:00,1790.01
ETHUSD_220930,ETH,2022-09-30 00:00:00+00:00,2022-06-04 00:00:00+00:00,1820.38
ETHUSD_220930,ETH,2022-09-30 00:00:00+00:00,2022-06-05 00:00:00+00:00,1821.42
ETHUSD_220930,ETH,2022-09-30 00:00:00+00:00,2022-06-06 00:00:00+00:00,1875.43
ETHUSD_220930,ETH,2022-09-30 00:00:00+00:00,2022-06-07 00:00:00+00:00,1827.92
ETHUSD_220930,ETH,2022-09-30 00:00:00+00:00,2022-06-08 00:00:00+00:00,1804.56
ETHUSD_220930,ETH,2022-09-30 00:00:00+00:00,2022-06-09 00:00:00+00:00,1802.0
ETHUSD_220930,ETH,2022-09-30 00:00:00+00:00,2022-06-10 00:00:00+00:00,1674.34
ETHUSD_220930,ETH,2022-09-30 00:00:00+00:00,2022-06-11 00:00:00+00:00,1541.99
ETHUSD_220930,ETH,2022-09-30 00:00:00+00:00,2022-06-12 00:00:00+00:00,1442.94
ETHUSD_220930,ETH,2022-09-30 00:00:00+00:00,2022-06-13 00:00:00+00:00,1212.54
ETHUSD_220930,ETH,2022-09-30 00:00:00+00:00,2022-06-14 00:00:00+00:00,1213.23
ETHUSD_220930,ETH,2022-09-30 00:00:00+00:00,2022-06-15 00:00:00+00:00,1241.76
ETHUSD_220930,ETH,2022-09-30 00:00:00+00:00,2022-06-16 00:00:00+00:00,1071.94
ETHUSD_220930,ETH,2022-09-30 00:00:00+00:00,2022-06-17 00:00:00+00:00,1087.05
ETHUSD_220930,ETH,2022-09-30 00:00:00+00:00,2022-06-18 00:00:00+00:00,997.77
ETHUSD_220930,ETH,2022-09-30 00:00:00+00:00,2022-06-19 00:00:00+00:00,1132.0
ETHUSD_220930,ETH,2022-09-30 00:00:00+00:00,2022-06-20 00:00:00+00:00,1130.61
ETHUSD_220930,ETH,2022-09-30 00:00:00+00:00,2022-06-21 00:00:00+00:00,1126.96
ETHUSD_220930,ETH,2022-09-30 00:00:00+00:00,2022-06-22 00:00:00+00:00,1050.37
ETHUSD_220930,ETH,2022-09-30 00:00:00+00:00,2022-06-23 00:00:00+00:00,1144.81
ETHUSD_220930,ETH,2022-09-30 00:00:00+00:00,2022-06-24 00:00:00+00:00,1225.47
ETHUSD_220930,ETH,2022-09-30 00:00:00+00:00,2022-06-25 00:00:00+00:00,1243.52
ETHUSD_220930,ETH,2022-09-30 00:00:00+00:00,2022-06-26 00:00:00+00:00,1199.73
ETHUSD_220930,ETH,2022-09-30 00:00:00+00:00,2022-06-27 00:00:00+00:00,1192.58
ETHUSD_220930,ETH,2022-09-30 00:00:00+00:00,2022-06-28 00:00:00+00:00,1142.67
ETHUSD_220930,ETH,2022-09-30 00:00:00+00:00,2022-06-29 00:00:00+00:00,1099.37
ETHUSD_220930,ETH,2022-09-30 00:00:00+00:00,2022-06-30 00:00:00+00:00,1071.91
ETHUSD_220930,ETH,2022-09-30 00:00:00+00:00,2022-07-01 00:00:00+00:00,1059.21
ETHUSD_220930,ETH,2022-09-30 00:00:00+00:00,2022-07-02 00:00:00+00:00,1067.71
ETHUSD_220930,ETH,2022-09-30 00:00:00+00:00,2022-07-03 00:00:00+00:00,1075.49
ETHUSD_220930,ETH,2022-09-30 00:00:00+00:00,2022-07-04 00:00:00+00:00,1153.84
ETHUSD_220930,ETH,2022-09-30 00:00:00+00:00,2022-07-05 00:00:00+00:00,1135.4
ETHUSD_220930,ETH,2022-09-30 00:00:00+00:00,2022-07-06 00:00:00+00:00,1189.43
ETHUSD_220930,ETH,2022-09-30 00:00:00+00:00,2022-07-07 00:00:00+00:00,1240.61
ETHUSD_220930,ETH,2022-09-30 00:00:00+00:00,2022-07-08 00:00:00+00:00,1216.03
ETHUSD_220930,ETH,2022-09-30 00:00:00+00:00,2022-07-09 00:00:00+00:00,1220.16
ETHUSD_220930,ETH,2022-09-30 00:00:00+00:00,2022-07-10 00:00:00+00:00,1170.18
ETHUSD_220930,ETH,2022-09-30 00:00:00+00:00,2022-07-11 00:00:00+00:00,1097.06
ETHUSD_220930,ETH,2022-09-30 00:00:00+00:00,2022-07-12 00:00:00+00:00,1039.0
ETHUSD_220930,ETH,2022-09-30 00:00:00+00:00,2022-07-13 00:00:00+00:00,1116.57
ETHUSD_220930,ETH,2022-09-30 00:00:00+00:00,2022-07-14 00:00:00+00:00,1195.18
ETHUSD_220930,ETH,2022-09-30 00:00:00+00:00,2022-07-15 00:00:00+00:00,1232.61
ETHUSD_220930,ETH,2022-09-30 00:00:00+00:00,2022-07-16 00:00:00+00:00,1358.57
ETHUSD_220930,ETH,2022-09-30 00:00:00+00:00,2022-07-17 00:00:00+00:00,1339.68
ETHUSD_220930,ETH,2022-09-30 00:00:00+00:00,2022-07-18 00:00:00+00:00,1584.06
ETHUSD_220930,ETH,2022-09-30 00:00:00+00:00,2022-07-19 00:00:00+00:00,1541.16
ETHUSD_220930,ETH,2022-09-30 00:00:00+00:00,2022-07-20 00:00:00+00:00,1523.18
ETHUSD_220930,ETH,2022-09-30 00:00:00+00:00,2022-07-21 00:00:00+00:00,1577.38
ETHUSD_220930,ETH,2022-09-30 00:00:00+00:00,2022-07-22 00:00:00+00:00,1536.58
ETHUSD_220930,ETH,2022-09-30 00:00:00+00:00,2022-07-23 00:00:00+00:00,1549.96
ETHUSD_220930,ETH,2022-09-30 00:00:00+00:00,2022-07-24 00:00:00+00:00,1598.75
ETHUSD_220930,ETH,2022-09-30 00:00:00+00:00,2022-07-25 00:00:00+00:00,1441.99
ETHUSD_220930,ETH,2022-09-30 00:00:00+00:00,2022-07-26 00:00:00+00:00,1450.42
ETHUSD_220930,ETH,2022-09-30 00:00:00+00:00,2022-07-27 00:00:00+00:00,1639.8
ETHUSD_220930,ETH,2022-09-30 00:00:00+00:00,2022-07-28 00:00:00+00:00,1729.64
ETHUSD_220930,ETH,2022-09-30 00:00:00+00:00,2022-07-29 00:00:00+00:00,1727.12
ETHUSD_220930,ETH,2022-09-30 00:00:00+00:00,2022-07-30 00:00:00+00:00,1698.46
ETHUSD_220930,ETH,2022-09-30 00:00:00+00:00,2022-07-31 00:00:00+00:00,1679.59
ETHUSD_220930,ETH,2022-09-30 00:00:00+00:00,2022-08-01 00:00:00+00:00,1630.9
ETHUSD_220930,ETH,2022-09-30 00:00:00+00:00,2022-08-02 00:00:00+00:00,1631.2
ETHUSD_220930,ETH,2022-09-30 00:00:00+00:00,2022-08-03 00:00:00+00:00,1617.1
ETHUSD_220930,ETH,2022-09-30 00:00:00+00:00,2022-08-04 00:00:00+00:00,1603.55
ETHUSD_220930,ETH,2022-09-30 00:00:00+00:00,2022-08-05 00:00:00+00:00,1731.74
ETHUSD_220930,ETH,2022-09-30 00:00:00+00:00,2022-08-06 00:00:00+00:00,1680.56
ETHUSD_220930,ETH,2022-09-30 00:00:00+00:00,2022-08-07 00:00:00+00:00,1687.66
ETHUSD_220930,ETH,2022-09-30 00:00:00+00:00,2022-08-08 00:00:00+00:00,1764.78
ETHUSD_220930,ETH,2022-09-30 00:00:00+00:00,2022-08-09 00:00:00+00:00,1682.08
ETHUSD_220930,ETH,2022-09-30 00:00:00+00:00,2022-08-10 00:00:00+00:00,1836.27
ETHUSD_220930,ETH,2022-09-30 00:00:00+00:00,2022-08-11 00:00:00+00:00,1858.65
ETHUSD_220930,ETH,2022-09-30 00:00:00+00:00,2022-08-12 00:00:00+00:00,1934.88
ETHUSD_220930,ETH,2022-09-30 00:00:00+00:00,2022-08-13 00:00:00+00:00,1958.66
ETHUSD_220930,ETH,2022-09-30 00:00:00+00:00,2022-08-14 00:00:00+00:00,1910.04
ETHUSD_220930,ETH,2022-09-30 00:00:00+00:00,2022-08-15 00:00:00+00:00,1875.85
ETHUSD_220930,ETH,2022-09-30 00:00:00+00:00,2022-08-16 00:00:00+00:00,1855.13
ETHUSD_220930,ETH,2022-09-30 00:00:00+00:00,2022-08-17 00:00:00+00:00,1812.8
ETHUSD_220930,ETH,2022-09-30 00:00:00+00:00,2022-08-18 00:00:00+00:00,1825.91
ETHUSD_220930,ETH,2022-09-30 00:00:00+00:00,2022-08-19 00:00:00+00:00,1587.36
ETHUSD_220930,ETH,2022-09-30 00:00:00+00:00,2022-08-20 00:00:00+00:00,1555.47
ETHUSD_220930,ETH,2022-09-30 00:00:00+00:00,2022-08-21 00:00:00+00:00,1599.4
ETHUSD_220930,ETH,2022-09-30 00:00:00+00:00,2022-08-22 00:00:00+00:00,1606.47
ETHUSD_220930,ETH,2022-09-30 00:00:00+00:00,2022-08-23 00:00:00+00:00,1647.83
ETHUSD_220930,ETH,2022-09-30 00:00:00+00:00,2022-08-24 00:00:00+00:00,1638.63
ETHUSD_220930,ETH,2022-09-30 00:00:00+00:00,2022-08-25 00:00:00+00:00,1676.92
ETHUSD_220930,ETH,2022-09-30 00:00:00+00:00,2022-08-26 00:00:00+00:00,1484.98
ETHUSD_220930,ETH,2022-09-30 00:00:00+00:00,2022-08-27 00:00:00+00:00,1468.37
ETHUSD_220930,ETH,2022-09-30 00:00:00+00:00,2022-08-28 00:00:00+00:00,1406.05
ETHUSD_220930,ETH,2022-09-30 00:00:00+00:00,2022-08-29 00:00:00+00:00,1531.32
ETHUSD_220930,ETH,2022-09-30 00:00:00+00:00,2022-08-30 00:00:00+00:00,1502.95
ETHUSD_220930,ETH,2022-09-30 00:00:00+00:00,2022-08-31 00:00:00+00:00,1532.13
ETHUSD_220930,ETH,2022-09-30 00:00:00+00:00,2022-09-01 00:00:00+00:00,1565.63
ETHUSD_220930,ETH,2022-09-30 00:00:00+00:00,2022-09-02 00:00:00+00:00,1552.01
ETHUSD_220930,ETH,2022-09-30 00:00:00+00:00,2022-09-03 00:00:00+00:00,1535.01
ETHUSD_220930,ETH,2022-09-30 00:00:00+00:00,2022-09-04 00:00:00+00:00,1557.41
ETHUSD_220930,ETH,2022-09-30 00:00:00+00:00,2022-09-05 00:00:00+00:00,1597.46
ETHUSD_220930,ETH,2022-09-30 00:00:00+00:00,2022-09-06 00:00:00+00:00,1535.81
ETHUSD_220930,ETH,2022-09-30 00:00:00+00:00,2022-09-07 00:00:00+00:00,1608.64
ETHUSD_220930,ETH,2022-09-30 00:00:00+00:00,2022-09-08 00:00:00+00:00,1617.4
ETHUSD_220930,ETH,2022-09-30 00:00:00+00:00,2022-09-09 00:00:00+00:00,1704.29
ETHUSD_220930,ETH,2022-09-30 00:00:00+00:00,2022-09-10 00:00:00+00:00,1760.19
ETHUSD_220930,ETH,2022-09-30 00:00:00+00:00,2022-09-11 00:00:00+00:00,1751.25
ETHUSD_220930,ETH,2022-09-30 00:00:00+00:00,2022-09-12 00:00:00+00:00,1698.02
ETHUSD_220930,ETH,2022-09-30 00:00:00+00:00,2022-09-13 00:00:00+00:00,1552.89
ETHUSD_220930,ETH,2022-09-30 00:00:00+00:00,2022-09-14 00:00:00+00:00,1619.14
ETHUSD_220930,ETH,2022-09-30 00:00:00+00:00,2022-09-15 00:00:00+00:00,1469.87
ETHUSD_220930,ETH,2022-09-30 00:00:00+00:00,2022-09-16 00:00:00+00:00,1432.73
ETHUSD_220930,ETH,2022-09-30 00:00:00+00:00,2022-09-17 00:00:00+00:00,1467.66
ETHUSD_220930,ETH,2022-09-30 00:00:00+00:00,2022-09-18 00:00:00+00:00,1332.56
ETHUSD_220930,ETH,2022-09-30 00:00:00+00:00,2022-09-19 00:00:00+00:00,1374.52
ETHUSD_220930,ETH,2022-09-30 00:00:00+00:00,2022-09-20 00:00:00+00:00,1321.59
ETHUSD_220930,ETH,2022-09-30 00:00:00+00:00,2022-09-21 00:00:00+00:00,1243.11
ETHUSD_220930,ETH,2022-09-30 00:00:00+00:00,2022-09-22 00:00:00+00:00,1325.06
ETHUSD_220930,ETH,2022-09-30 00:00:00+00:00,2022-09-23 00:00:00+00:00,1326.55
ETHUSD_220930,ETH,2022-09-30 00:00:00+00:00,2022-09-24 00:00:00+00:00,1314.93
ETHUSD_220930,ETH,2022-09-30 00:00:00+00:00,2022-09-25 00:00:00+00:00,1293.89
ETHUSD_220930,ETH,2022-09-30 00:00:00+00:00,2022-09-26 00:00:00+00:00,1335.7
ETHUSD_220930,ETH,2022-09-30 00:00:00+00:00,2022-09-27 00:00:00+00:00,1327.02
ETHUSD_220930,ETH,2022-09-30 00:00:00+00:00,2022-09-28 00:00:00+00:00,1336.21
ETHUSD_220930,ETH,2022-09-30 00:00:00+00:00,2022-09-29 00:00:00+00:00,1335.52
ETHUSD_221230,ETH,2022-12-30 00:00:00+00:00,2022-06-24 00:00:00+00:00,1232.35
ETHUSD_221230,ETH,2022-12-30 00:00:00+00:00,2022-06-25 00:00:00+00:00,1252.28
ETHUSD_221230,ETH,2022-12-30 00:00:00+00:00,2022-06-26 00:00:00+00:00,1210.24
ETHUSD_221230,ETH,2022-12-30 00:00:00+00:00,2022-06-27 00:00:00+00:00,1201.98
ETHUSD_221230,ETH,2022-12-30 00:00:00+00:00,2022-06-28 00:00:00+00:00,1149.72
ETHUSD_221230,ETH,2022-12-30 00:00:00+00:00,2022-06-29 00:00:00+00:00,1103.54
ETHUSD_221230,ETH,2022-12-30 00:00:00+00:00,2022-06-30 00:00:00+00:00,1073.99
ETHUSD_221230,ETH,2022-12-30 00:00:00+00:00,2022-07-01 00:00:00+00:00,1061.95
ETHUSD_221230,ETH,2022-12-30 00:00:00+00:00,2022-07-02 00:00:00+00:00,1068.75
ETHUSD_221230,ETH,2022-12-30 00:00:00+00:00,2022-07-03 00:00:00+00:00,1076.51
ETHUSD_221230,ETH,2022-12-30 00:00:00+00:00,2022-07-04 00:00:00+00:00,1155.26
ETHUSD_221230,ETH,2022-12-30 00:00:00+00:00,2022-07-05 00:00:00+00:00,1137.23
ETHUSD_221230,ETH,2022-12-30 00:00:00+00:00,2022-07-06 00:00:00+00:00,1192.84
ETHUSD_221230,ETH,2022-12-30 00:00:00+00:00,2022-07-07 00:00:00+00:00,1242.77
ETHUSD_221230,ETH,2022-12-30 00:00:00+00:00,2022-07-08 00:00:00+00:00,1219.97
ETHUSD_221230,ETH,2022-12-30 00:00:00+00:00,2022-07-09 00:00:00+00:00,1222.05
ETHUSD_221230,ETH,2022-12-30 00:00:00+00:00,2022-07-10 00:00:00+00:00,1171.79
ETHUSD_221230,ETH,2022-12-30 00:00:00+00:00,2022-07-11 00:00:00+00:00,1099.73
ETHUSD_221230,ETH,2022-12-30 00:00:00+00:00,2022-07-12 00:00:00+00:00,1040.76
ETHUSD_221230,ETH,2022-12-30 00:00:00+00:00,2022-07-13 00:00:00+00:00,1117.28
ETHUSD_221230,ETH,2022-12-30 00:00:00+00:00,2022-07-14 00:00:00+00:00,1193.44
ETHUSD_221230,ETH,2022-12-30 00:00:00+00:00,2022-07-15 00:00:00+00:00,1231.96
ETHUSD_221230,ETH,2022-12-30 00:00:00+00:00,2022-07-16 00:00:00+00:00,1356.97
ETHUSD_221230,ETH,2022-12-30 00:00:00+00:00,2022-07-17 00:00:00+00:00,1338.33
ETHUSD_221230,ETH,2022-12-30 00:00:00+00:00,2022-07-18 00:00:00+00:00,1586.34
ETHUSD_221230,ETH,2022-12-30 00:00:00+00:00,2022-07-19 00:00:00+00:00,1545.61
ETHUSD_221230,ETH,2022-12-30 00:00:00+00:00,2022-07-20 00:00:00+00:00,1524.52
ETHUSD_221230,ETH,2022-12-30 00:00:00+00:00,2022-07-21 00:00:00+00:00,1582.61
ETHUSD_221230,ETH,2022-12-30 00:00:00+00:00,2022-07-22 00:00:00+00:00,1540.54
ETHUSD_221230,ETH,2022-12-30 00:00:00+00:00,2022-07-23 00:00:00+00:00,1555.65
ETHUSD_221230,ETH,2022-12-30 00:00:00+00:00,2022-07-24 00:00:00+00:00,1605.73
ETHUSD_221230,ETH,2022-12-30 00:00:00+00:00,2022-07-25 00:00:00+00:00,1445.01
ETHUSD_221230,ETH,2022-12-30 00:00:00+00:00,2022-07-26 00:00:00+00:00,1452.0
ETHUSD_221230,ETH,2022-12-30 00:00:00+00:00,2022-07-27 00:00:00+00:00,1642.17
ETHUSD_221230,ETH,2022-12-30 00:00:00+00:00,2022-07-28 00:00:00+00:00,1732.12
ETHUSD_221230,ETH,2022-12-30 00:00:00+00:00,2022-07-29 00:00:00+00:00,1726.3
ETHUSD_221230,ETH,2022-12-30 00:00:00+00:00,2022-07-30 00:00:00+00:00,1690.5
ETHUSD_221230,ETH,2022-12-30 00:00:00+00:00,2022-07-31 00:00:00+00:00,1668.92
ETHUSD_221230,ETH,2022-12-30 00:00:00+00:00,2022-08-01 00:00:00+00:00,1619.81
ETHUSD_221230,ETH,2022-12-30 00:00:00+00:00,2022-08-02 00:00:00+00:00,1620.14
ETHUSD_221230,ETH,2022-12-30 00:00:00+00:00,2022-08-03 00:00:00+00:00,1602.52
ETHUSD_221230,ETH,2022-12-30 00:00:00+00:00,2022-08-04 00:00:00+00:00,1581.88
ETHUSD_221230,ETH,2022-12-30 00:00:00+00:00,2022-08-05 00:00:00+00:00,1710.0
ETHUSD_221230,ETH,2022-12-30 00:00:00+00:00,2022-08-06 00:00:00+00:00,1654.68
ETHUSD_221230,ETH,2022-12-30 00:00:00+00:00,2022-08-07 00:00:00+00:00,1656.48
ETHUSD_221230,ETH,2022-12-30 00:00:00+00:00,2022-08-08 00:00:00+00:00,1730.75
ETHUSD_221230,ETH,2022-12-30 00:00:00+00:00,2022-08-09 00:00:00+00:00,1657.11
ETHUSD_221230,ETH,2022-12-30 00:00:00+00:00,2022-08-10 00:00:00+00:00,1810.61
ETHUSD_221230,ETH,2022-12-30 00:00:00+00:00,2022-08-11 00:00:00+00:00,1840.46
ETHUSD_221230,ETH,2022-12-30 00:00:00+00:00,2022-08-12 00:00:00+00:00,1922.48
ETHUSD_221230,ETH,2022-12-30 00:00:00+00:00,2022-08-13 00:00:00+00:00,1949.06
ETHUSD_221230,ETH,2022-12-30 00:00:00+00:00,2022-08-14 00:00:00+00:00,1899.41
ETHUSD_221230,ETH,2022-12-30 00:00:00+00:00,2022-08-15 00:00:00+00:00,1867.98
ETHUSD_221230,ETH,2022-12-30 00:00:00+00:00,2022-08-16 00:00:00+00:00,1844.46
ETHUSD_221230,ETH,2022-12-30 00:00:00+00:00,2022-08-17 00:00:00+00:00,1802.66
ETHUSD_221230,ETH,2022-12-30 00:00:00+00:00,2022-08-18 00:00:00+00:00,1816.7
ETHUSD_221230,ETH,2022-12-30 00:00:00+00:00,2022-08-19 00:00:00+00:00,1577.44
ETHUSD_221230,ETH,2022-12-30 00:00:00+00:00,2022-08-20 00:00:00+00:00,1545.55
ETHUSD_221230,ETH,2022-12-30 00:00:00+00:00,2022-08-21 00:00:00+00:00,1588.42
ETHUSD_221230,ETH,2022-12-30 00:00:00+00:00,2022-08-22 00:00:00+00:00,1594.63
ETHUSD_221230,ETH,2022-12-30 00:00:00+00:00,2022-08-23 00:00:00+00:00,1635.14
ETHUSD_221230,ETH,2022-12-30 00:00:00+00:00,2022-08-24 00:00:00+00:00,1625.83
ETHUSD_221230,ETH,2022-12-30 00:00:00+00:00,2022-08-25 00:00:00+00:00,1664.28
ETHUSD_221230,ETH,2022-12-30 00:00:00+00:00,2022-08-26 00:00:00+00:00,1474.14
ETHUSD_221230,ETH,2022-12-30 00:00:00+00:00,2022-08-27 00:00:00+00:00,1454.65
ETHUSD_221230,ETH,2022-12-30 00:00:00+00:00,2022-08-28 00:00:00+00:00,1391.12
ETHUSD_221230,ETH,2022-12-30 00:00:00+00:00,2022-08-29 00:00:00+00:00,1513.9
ETHUSD_221230,ETH,2022-12-30 00:00:00+00:00,2022-08-30 00:00:00+00:00,1488.67
ETHUSD_221230,ETH,2022-12-30 00:00:00+00:00,2022-08-31 00:00:00+00:00,1517.59
ETHUSD_221230,ETH,2022-12-30 00:00:00+00:00,2022-09-01 00:00:00+00:00,1548.39
ETHUSD_221230,ETH,2022-12-30 00:00:00+00:00,2022-09-02 00:00:00+00:00,1536.43
ETHUSD_221230,ETH,2022-12-30 00:00:00+00:00,2022-09-03 00:00:00+00:00,1519.47
ETHUSD_221230,ETH,2022-12-30 00:00:00+00:00,2022-09-04 00:00:00+00:00,1541.7
ETHUSD_221230,ETH,2022-12-30 00:00:00+00:00,2022-09-05 00:00:00+00:00,1583.17
ETHUSD_221230,ETH,2022-12-30 00:00:00+00:00,2022-09-06 00:00:00+00:00,1527.91
ETHUSD_221230,ETH,2022-12-30 00:00:00+00:00,2022-09-07 00:00:00+00:00,1600.39
ETHUSD_221230,ETH,2022-12-30 00:00:00+00:00,2022-09-08 00:00:00+00:00,1613.45
ETHUSD_221230,ETH,2022-12-30 00:00:00+00:00,2022-09-09 00:00:00+00:00,1703.4
ETHUSD_221230,ETH,2022-12-30 00:00:00+00:00,2022-09-10 00:00:00+00:00,1760.15
ETHUSD_221230,ETH,2022-12-30 00:00:00+00:00,2022-09-11 00:00:00+00:00,1751.76
ETHUSD_221230,ETH,2022-12-30 00:00:00+00:00,2022-09-12 00:00:00+00:00,1696.36
ETHUSD_221230,ETH,2022-12-30 00:00:00+00:00,2022-09-13 00:00:00+00:00,1548.5
ETHUSD_221230,ETH,2022-12-30 00:00:00+00:00,2022-09-14 00:00:00+00:00,1619.23
ETHUSD_221230,ETH,2022-12-30 00:00:00+00:00,2022-09-15 00:00:00+00:00,1471.56
ETHUSD_221230,ETH,2022-12-30 00:00:00+00:00,2022-09-16 00:00:00+00:00,1434.0
ETHUSD_221230,ETH,2022-12-30 00:00:00+00:00,2022-09-17 00:00:00+00:00,1470.26
ETHUSD_221230,ETH,2022-12-30 00:00:00+00:00,2022-09-18 00:00:00+00:00,1334.27
ETHUSD_221230,ETH,2022-12-30 00:00:00+00:00,2022-09-19 00:00:00+00:00,1374.25
ETHUSD_221230,ETH,2022-12-30 00:00:00+00:00,2022-09-20 00:00:00+00:00,1322.52
ETHUSD_221230,ETH,2022-12-30 00:00:00+00:00,2022-09-21 00:00:00+00:00,1242.91
ETHUSD_221230,ETH,2022-12-30 00:00:00+00:00,2022-09-22 00:00:00+00:00,1326.61
ETHUSD_221230,ETH,2022-12-30 00:00:00+00:00,2022-09-23 00:00:00+00:00,1327.73
ETHUSD_221230,ETH,2022-12-30 00:00:00+00:00,2022-09-24 00:00:00+00:00,1313.93
ETHUSD_221230,ETH,2022-12-30 00:00:00+00:00,2022-09-25 00:00:00+00:00,1293.67
ETHUSD_221230,ETH,2022-12-30 00:00:00+00:00,2022-09-26 00:00:00+00:00,1335.12
ETHUSD_221230,ETH,2022-12-30 00:00:00+00:00,2022-09-27 00:00:00+00:00,1324.34
ETHUSD_221230,ETH,2022-12-30 00:00:00+00:00,2022-09-28 00:00:00+00:00,1333.77
ETHUSD_221230,ETH,2022-12-30 00:00:00+00:00,2022-09-29 00:00:00+00:00,1331.81
ETHUSD_221230,ETH,2022-12-30 00:00:00+00:00,2022-09-30 00:00:00+00:00,1326.83
ETHUSD_221230,ETH,2022-12-30 00:00:00+00:00,2022-10-01 00:00:00+00:00,1307.95
ETHUSD_221230,ETH,2022-12-30 00:00:00+00:00,2022-10-02 00:00:00+00:00,1273.43
ETHUSD_221230,ETH,2022-12-30 00:00:00+00:00,2022-10-03 00:00:00+00:00,1321.41
ETHUSD_221230,ETH,2022-12-30 00:00:00+00:00,2022-10-04 00:00:00+00:00,1358.83
ETHUSD_221230,ETH,2022-12-30 00:00:00+00:00,2022-10-05 00:00:00+00:00,1349.18
ETHUSD_221230,ETH,2022-12-30 00:00:00+00:00,2022-10-06 00:00:00+00:00,1349.06
ETHUSD_221230,ETH,2022-12-30 00:00:00+00:00,2022-10-07 00:00:00+00:00,1326.79
ETHUSD_221230,ETH,2022-12-30 00:00:00+00:00,2022-10-08 00:00:00+00:00,1309.43
ETHUSD_221230,ETH,2022-12-30 00:00:00+00:00,2022-10-09 00:00:00+00:00,1319.16
ETHUSD_221230,ETH,2022-12-30 00:00:00+00:00,2022-10-10 00:00:00+00:00,1283.79
ETHUSD_221230,ETH,2022-12-30 00:00:00+00:00,2022-10-11 00:00:00+00:00,1274.05
ETHUSD_221230,ETH,2022-12-30 00:00:00+00:00,2022-10-12 00:00:00+00:00,1289.9
ETHUSD_221230,ETH,2022-12-30 00:00:00+00:00,2022-10-13 00:00:00+00:00,1282.29
ETHUSD_221230,ETH,2022-12-30 00:00:00+00:00,2022-10-14 00:00:00+00:00,1290.45
ETHUSD_221230,ETH,2022-12-30 00:00:00+00:00,2022-10-15 00:00:00+00:00,1267.75
ETHUSD_221230,ETH,2022-12-30 00:00:00+00:00,2022-10-16 00:00:00+00:00,1299.87
ETHUSD_221230,ETH,2022-12-30 00:00:00+00:00,2022-10-17 00:00:00+00:00,1326.81
ETHUSD_221230,ETH,2022-12-30 00:00:00+00:00,2022-10-18 00:00:00+00:00,1305.91
ETHUSD_221230,ETH,2022-12-30 00:00:00+00:00,2022-10-19 00:00:00+00:00,1279.7
ETHUSD_221230,ETH,2022-12-30 00:00:00+00:00,2022-10-20 00:00:00+00:00,1278.53
ETHUSD_221230,ETH,2022-12-30 00:00:00+00:00,2022-10-21 00:00:00+00:00,1296.27
ETHUSD_221230,ETH,2022-12-30 00:00:00+00:00,2022-10-22 00:00:00+00:00,1309.74
ETHUSD_221230,ETH,2022-12-30 00:00:00+00:00,2022-10-23 00:00:00+00:00,1361.21
ETHUSD_221230,ETH,2022-12-30 00:00:00+00:00,2022-10-24 00:00:00+00:00,1339.63
ETHUSD_221230,ETH,2022-12-30 00:00:00+00:00,2022-10-25 00:00:00+00:00,1458.82
ETHUSD_221230,ETH,2022-12-30 00:00:00+00:00,2022-10-26 00:00:00+00:00,1564.51
ETHUSD_221230,ETH,2022-12-30 00:00:00+00:00,2022-10-27 00:00:00+00:00,1512.75
ETHUSD_221230,ETH,2022-12-30 00:00:00+00:00,2022-10-28 00:00:00+00:00,1553.54
ETHUSD_221230,ETH,2022-12-30 00:00:00+00:00,2022-10-29 00:00:00+00:00,1618.64
ETHUSD_221230,ETH,2022-12-30 00:00:00+00:00,2022-10-30 00:00:00+00:00,1589.41
ETHUSD_221230,ETH,2022-12-30 00:00:00+00:00,2022-10-31 00:00:00+00:00,1571.64
ETHUSD_221230,ETH,2022-12-30 00:00:00+00:00,2022-11-01 00:00:00+00:00,1579.31
ETHUSD_221230,ETH,2022-12-30 00:00:00+00:00,2022-11-02 00:00:00+00:00,1516.99
ETHUSD_221230,ETH,2022-12-30 00:00:00+00:00,2022-11-03 00:00:00+00:00,1530.22
ETHUSD_221230,ETH,2022-12-30 00:00:00+00:00,2022-11-04 00:00:00+00:00,1645.38
ETHUSD_221230,ETH,2022-12-30 00:00:00+00:00,2022-11-05 00:00:00+00:00,1627.24
ETHUSD_221230,ETH,2022-12-30 00:00:00+00:00,2022-11-06 00:00:00+00:00,1569.36
ETHUSD_221230,ETH,2022-12-30 00:00:00+00:00,2022-11-07 00:00:00+00:00,1569.11
ETHUSD_221230,ETH,2022-12-30 00:00:00+00:00,2022-11-08 00:00:00+00:00,1332.16
ETHUSD_221230,ETH,2022-12-30 00:00:00+00:00,2022-11-09 00:00:00+00:00,1092.7
ETHUSD_221230,ETH,2022-12-30 00:00:00+00:00,2022-11-10 00:00:00+00:00,1292.02
ETHUSD_221230,ETH,2022-12-30 00:00:00+00:00,2022-11-11 00:00:00+00:00,1281.73
ETHUSD_221230,ETH,2022-12-30 00:00:00+00:00,2022-11-12 00:00:00+00:00,1252.19
ETHUSD_221230,ETH,2022-12-30 00:00:00+00:00,2022-11-13 00:00:00+00:00,1217.51
ETHUSD_221230,ETH,2022-12-30 00:00:00+00:00,2022-11-14 00:00:00+00:00,1237.96
ETHUSD_221230,ETH,2022-12-30 00:00:00+00:00,2022-11-15 00:00:00+00:00,1250.53
ETHUSD_221230,ETH,2022-12-30 00:00:00+00:00,2022-11-16 00:00:00+00:00,1213.13
ETHUSD_221230,ETH,2022-12-30 00:00:00+00:00,2022-11-17 00:00:00+00:00,1196.74
ETHUSD_221230,ETH,2022-12-30 00:00:00+00:00,2022-11-18 00:00:00+00:00,1207.75
ETHUSD_221230,ETH,2022-12-30 00:00:00+00:00,2022-11-19 00:00:00+00:00,1214.24
ETHUSD_221230,ETH,2022-12-30 00:00:00+00:00,2022-11-20 00:00:00+00:00,1134.8
ETHUSD_221230,ETH,2022-12-30 00:00:00+00:00,2022-11-21 00:00:00+00:00,1100.57
ETHUSD_221230,ETH,2022-12-30 00:00:00+00:00,2022-11-22 00:00:00+00:00,1133.79
ETHUSD_221230,ETH,2022-12-30 00:00:00+00:00,2022-11-23 00:00:00+00:00,1177.79
ETHUSD_221230,ETH,2022-12-30 00:00:00+00:00,2022-11-24 00:00:00+00:00,1197.45
ETHUSD_221230,ETH,2022-12-30 00:00:00+00:00,2022-11-25 00:00:00+00:00,1193.9
ETHUSD_221230,ETH,2022-12-30 00:00:00+00:00,2022-11-26 00:00:00+00:00,1198.91
ETHUSD_221230,ETH,2022-12-30 00:00:00+00:00,2022-11-27 00:00:00+00:00,1188.53
ETHUSD_221230,ETH,2022-12-30 00:00:00+00:00,2022-11-28 00:00:00+00:00,1163.06
ETHUSD_221230,ETH,2022-12-30 00:00:00+00:00,2022-11-29 00:00:00+00:00,1212.45
ETHUSD_221230,ETH,2022-12-30 00:00:00+00:00,2022-11-30 00:00:00+00:00,1293.38
ETHUSD_221230,ETH,2022-12-30 00:00:00+00:00,2022-12-01 00:00:00+00:00,1274.11
ETHUSD_221230,ETH,2022-12-30 00:00:00+00:00,2022-12-02 00:00:00+00:00,1295.19
ETHUSD_221230,ETH,2022-12-30 00:00:00+00:00,2022-12-03 00:00:00+00:00,1238.95
ETHUSD_221230,ETH,2022-12-30 00:00:00+00:00,2022-12-04 00:00:00+00:00,1280.0
ETHUSD_221230,ETH,2022-12-30 00:00:00+00:00,2022-12-05 00:00:00+00:00,1258.76
ETHUSD_221230,ETH,2022-12-30 00:00:00+00:00,2022-12-06 00:00:00+00:00,1270.84
ETHUSD_221230,ETH,2022-12-30 00:00:00+00:00,2022-12-07 00:00:00+00:00,1229.75
ETHUSD_221230,ETH,2022-12-30 00:00:00+00:00,2022-12-08 00:00:00+00:00,1280.97
ETHUSD_221230,ETH,2022-12-30 00:00:00+00:00,2022-12-09 00:00:00+00:00,1261.9
ETHUSD_221230,ETH,2022-12-30 00:00:00+00:00,2022-12-10 00:00:00+00:00,1265.16
ETHUSD_221230,ETH,2022-12-30 00:00:00+00:00,2022-12-11 00:00:00+00:00,1262.17
ETHUSD_221230,ETH,2022-12-30 00:00:00+00:00,2022-12-12 00:00:00+00:00,1275.57
ETHUSD_221230,ETH,2022-12-30 00:00:00+00:00,2022-12-13 00:00:00+00:00,1321.12
ETHUSD_221230,ETH,2022-12-30 00:00:00+00:00,2022-12-14 00:00:00+00:00,1309.48
ETHUSD_221230,ETH,2022-12-30 00:00:00+00:00,2022-12-15 00:00:00+00:00,1266.71
ETHUSD_221230,ETH,2022-12-30 00:00:00+00:00,2022-12-16 00:00:00+00:00,1164.96
ETHUSD_221230,ETH,2022-12-30 00:00:00+00:00,2022-12-17 00:00:00+00:00,1185.82
ETHUSD_221230,ETH,2022-12-30 00:00:00+00:00,2022-12-18 00:00:00+00:00,1181.06
ETHUSD_221230,ETH,2022-12-30 00:00:00+00:00,2022-12-19 00:00:00+00:00,1165.28
ETHUSD_221230,ETH,2022-12-30 00:00:00+00:00,2022-12-20 00:00:00+00:00,1215.97
ETHUSD_221230,ETH,2022-12-30 00:00:00+00:00,2022-12-21 00:00:00+00:00,1213.08
ETHUSD_221230,ETH,2022-12-30 00:00:00+00:00,2022-12-22 00:00:00+00:00,1216.89
ETHUSD_221230,ETH,2022-12-30 00:00:00+00:00,2022-12-23 00:00:00+00:00,1219.54
ETHUSD_221230,ETH,2022-12-30 00:00:00+00:00,2022-12-24 00:00:00+00:00,1220.91
ETHUSD_221230,ETH,2022-12-30 00:00:00+00:00,2022-12-25 00:00:00+00:00,1219.18
ETHUSD_221230,ETH,2022-12-30 00:00:00+00:00,2022-12-26 00:00:00+00:00,1229.33
ETHUSD_221230,ETH,2022-12-30 00:00:00+00:00,2022-12-27 00:00:00+00:00,1212.9
ETHUSD_221230,ETH,2022-12-30 00:00:00+00:00,2022-12-28 00:00:00+00:00,1192.11
ETHUSD_221230,ETH,2022-12-30 00:00:00+00:00,2022-12-29 00:00:00+00:00,1203.04
ETHUSD_230331,ETH,2023-03-31 00:00:00+00:00,2022-09-30 00:00:00+00:00,1320.0
ETHUSD_230331,ETH,2023-03-31 00:00:00+00:00,2022-10-01 00:00:00+00:00,1304.57
ETHUSD_230331,ETH,2023-03-31 00:00:00+00:00,2022-10-02 00:00:00+00:00,1272.8
ETHUSD_230331,ETH,2023-03-31 00:00:00+00:00,2022-10-03 00:00:00+00:00,1318.67
ETHUSD_230331,ETH,2023-03-31 00:00:00+00:00,2022-10-04 00:00:00+00:00,1354.0
ETHUSD_230331,ETH,2023-03-31 00:00:00+00:00,2022-10-05 00:00:00+00:00,1343.37
ETHUSD_230331,ETH,2023-03-31 00:00:00+00:00,2022-10-06 00:00:00+00:00,1344.84
ETHUSD_230331,ETH,2023-03-31 00:00:00+00:00,2022-10-07 00:00:00+00:00,1321.75
ETHUSD_230331,ETH,2023-03-31 00:00:00+00:00,2022-10-08 00:00:00+00:00,1305.85
ETHUSD_230331,ETH,2023-03-31 00:00:00+00:00,2022-10-09 00:00:00+00:00,1316.0
ETHUSD_230331,ETH,2023-03-31 00:00:00+00:00,2022-10-10 00:00:00+00:00,1280.72
ETHUSD_230331,ETH,2023-03-31 00:00:00+00:00,2022-10-11 00:00:00+00:00,1267.07
ETHUSD_230331,ETH,2023-03-31 00:00:00+00:00,2022-10-12 00:00:00+00:00,1283.95
ETHUSD_230331,ETH,2023-03-31 00:00:00+00:00,2022-10-13 00:00:00+00:00,1273.92
ETHUSD_230331,ETH,2023-03-31 00:00:00+00:00,2022-10-14 00:00:00+00:00,1282.05
ETHUSD_230331,ETH,2023-03-31 00:00:00+00:00,2022-10-15 00:00:00+00:00,1259.38
ETHUSD_230331,ETH,2023-03-31 00:00:00+00:00,2022-10-16 00:00:00+00:00,1291.3
ETHUSD_230331,ETH,2023-03-31 00:00:00+00:00,2022-10-17 00:00:00+00:00,1318.11
ETHUSD_230331,ETH,2023-03-31 00:00:00+00:00,2022-10-18 00:00:00+00:00,1297.45
ETHUSD_230331,ETH,2023-03-31 00:00:00+00:00,2022-10-19 00:00:00+00:00,1273.34
ETHUSD_230331,ETH,2023-03-31 00:00:00+00:00,2022-10-20 00:00:00+00:00,1271.09
ETHUSD_230331,ETH,2023-03-31 00:00:00+00:00,2022-10-21 00:00:00+00:00,1290.35
ETHUSD_230331,ETH,2023-03-31 00:00:00+00:00,2022-10-22 00:00:00+00:00,1302.84
ETHUSD_230331,ETH,2023-03-31 00:00:00+00:00,2022-10-23 00:00:00+00:00,1353.28
ETHUSD_230331,ETH,2023-03-31 00:00:00+00:00,2022-10-24 00:00:00+00:00,1333.2
ETHUSD_230331,ETH,2023-03-31 00:00:00+00:00,2022-10-25 00:00:00+00:00,1451.95
ETHUSD_230331,ETH,2023-03-31 00:00:00+00:00,2022-10-26 00:00:00+00:00,1558.13
ETHUSD_230331,ETH,2023-03-31 00:00:00+00:00,2022-10-27 00:00:00+00:00,1508.42
ETHUSD_230331,ETH,2023-03-31 00:00:00+00:00,2022-10-28 00:00:00+00:00,1549.48
ETHUSD_230331,ETH,2023-03-31 00:00:00+00:00,2022-10-29 00:00:00+00:00,1616.16
ETHUSD_230331,ETH,2023-03-31 00:00:00+00:00,2022-10-30 00:00:00+00:00,1587.32
ETHUSD_230331,ETH,2023-03-31 00:00:00+00:00,2022-10-31 00:00:00+00:00,1571.14
ETHUSD_230331,ETH,2023-03-31 00:00:00+00:00,2022-11-01 00:00:00+00:00,1577.99
ETHUSD_230331,ETH,2023-03-31 00:00:00+00:00,2022-11-02 00:00:00+00:00,1516.88
ETHUSD_230331,ETH,2023-03-31 00:00:00+00:00,2022-11-03 00:00:00+00:00,1529.13
ETHUSD_230331,ETH,2023-03-31 00:00:00+00:00,2022-11-04 00:00:00+00:00,1645.42
ETHUSD_230331,ETH,2023-03-31 00:00:00+00:00,2022-11-05 00:00:00+00:00,1628.68
ETHUSD_230331,ETH,2023-03-31 00:00:00+00:00,2022-11-06 00:00:00+00:00,1568.01
ETHUSD_230331,ETH,2023-03-31 00:00:00+00:00,2022-11-07 00:00:00+00:00,1568.89
ETHUSD_230331,ETH,2023-03-31 00:00:00+00:00,2022-11-08 00:00:00+00:00,1331.72
ETHUSD_230331,ETH,2023-03-31 00:00:00+00:00,2022-11-09 00:00:00+00:00,1086.62
ETHUSD_230331,ETH,2023-03-31 00:00:00+00:00,2022-11-10 00:00:00+00:00,1285.0
ETHUSD_230331,ETH,2023-03-31 00:00:00+00:00,2022-11-11 00:00:00+00:00,1279.97
ETHUSD_230331,ETH,2023-03-31 00:00:00+00:00,2022-11-12 00:00:00+00:00,1248.55
ETHUSD_230331,ETH,2023-03-31 00:00:00+00:00,2022-11-13 00:00:00+00:00,1215.89
ETHUSD_230331,ETH,2023-03-31 00:00:00+00:00,2022-11-14 00:00:00+00:00,1234.45
ETHUSD_230331,ETH,2023-03-31 00:00:00+00:00,2022-11-15 00:00:00+00:00,1249.25
ETHUSD_230331,ETH,2023-03-31 00:00:00+00:00,2022-11-16 00:00:00+00:00,1212.57
ETHUSD_230331,ETH,2023-03-31 00:00:00+00:00,2022-11-17 00:00:00+00:00,1197.79
ETHUSD_230331,ETH,2023-03-31 00:00:00+00:00,2022-11-18 00:00:00+00:00,1207.65
ETHUSD_230331,ETH,2023-03-31 00:00:00+00:00,2022-11-19 00:00:00+00:00,1213.75
ETHUSD_230331,ETH,2023-03-31 00:00:00+00:00,2022-11-20 00:00:00+00:00,1136.45
ETHUSD_230331,ETH,2023-03-31 00:00:00+00:00,2022-11-21 00:00:00+00:00,1100.44
ETHUSD_230331,ETH,2023-03-31 00:00:00+00:00,2022-11-22 00:00:00+00:00,1132.63
ETHUSD_230331,ETH,2023-03-31 00:00:00+00:00,2022-11-23 00:00:00+00:00,1178.75
ETHUSD_230331,ETH,2023-03-31 00:00:00+00:00,2022-11-24 00:00:00+00:00,1196.12
ETHUSD_230331,ETH,2023-03-31 00:00:00+00:00,2022-11-25 00:00:00+00:00,1191.52
ETHUSD_230331,ETH,2023-03-31 00:00:00+00:00,2022-11-26 00:00:00+00:00,1197.46
ETHUSD_230331,ETH,2023-03-31 00:00:00+00:00,2022-11-27 00:00:00+00:00,1185.74
ETHUSD_230331,ETH,2023-03-31 00:00:00+00:00,2022-11-28 00:00:00+00:00,1161.04
ETHUSD_230331,ETH,2023-03-31 00:00:00+00:00,2022-11-29 00:00:00+00:00,1209.62
ETHUSD_230331,ETH,2023-03-31 00:00:00+00:00,2022-11-30 00:00:00+00:00,1289.98
ETHUSD_230331,ETH,2023-03-31 00:00:00+00:00,2022-12-01 00:00:00+00:00,1271.82
ETHUSD_230331,ETH,2023-03-31 00:00:00+00:00,2022-12-02 00:00:00+00:00,1292.66
ETHUSD_230331,ETH,2023-03-31 00:00:00+00:00,2022-12-03 00:00:00+00:00,1236.53
ETHUSD_230331,ETH,2023-03-31 00:00:00+00:00,2022-12-04 00:00:00+00:00,1277.37
ETHUSD_230331,ETH,2023-03-31 00:00:00+00:00,2022-12-05 00:00:00+00:00,1253.91
ETHUSD_230331,ETH,2023-03-31 00:00:00+00:00,2022-12-06 00:00:00+00:00,1266.28
ETHUSD_230331,ETH,2023-03-31 00:00:00+00:00,2022-12-07 00:00:00+00:00,1226.9
ETHUSD_230331,ETH,2023-03-31 00:00:00+00:00,2022-12-08 00:00:00+00:00,1276.6
ETHUSD_230331,ETH,2023-03-31 00:00:00+00:00,2022-12-09 00:00:00+00:00,1257.96
ETHUSD_230331,ETH,2023-03-31 00:00:00+00:00,2022-12-10 00:00:00+00:00,1261.84
ETHUSD_230331,ETH,2023-03-31 00:00:00+00:00,2022-12-11 00:00:00+00:00,1258.6
ETHUSD_230331,ETH,2023-03-31 00:00:00+00:00,2022-12-12 00:00:00+00:00,1271.35
ETHUSD_230331,ETH,2023-03-31 00:00:00+00:00,2022-12-13 00:00:00+00:00,1319.45
ETHUSD_230331,ETH,2023-03-31 00:00:00+00:00,2022-12-14 00:00:00+00:00,1309.27
ETHUSD_230331,ETH,2023-03-31 00:00:00+00:00,2022-12-15 00:00:00+00:00,1265.49
ETHUSD_230331,ETH,2023-03-31 00:00:00+00:00,2022-12-16 00:00:00+00:00,1156.73
ETHUSD_230331,ETH,2023-03-31 00:00:00+00:00,2022-12-17 00:00:00+00:00,1179.2
ETHUSD_230331,ETH,2023-03-31 00:00:00+00:00,2022-12-18 00:00:00+00:00,1178.58
ETHUSD_230331,ETH,2023-03-31 00:00:00+00:00,2022-12-19 00:00:00+00:00,1162.06
ETHUSD_230331,ETH,2023-03-31 00:00:00+00:00,2022-12-20 00:00:00+00:00,1212.94
ETHUSD_230331,ETH,2023-03-31 00:00:00+00:00,2022-12-21 00:00:00+00:00,1209.2
ETHUSD_230331,ETH,2023-03-31 00:00:00+00:00,2022-12-22 00:00:00+00:00,1213.08
ETHUSD_230331,ETH,2023-03-31 00:00:00+00:00,2022-12-23 00:00:00+00:00,1215.38
ETHUSD_230331,ETH,2023-03-31 00:00:00+00:00,2022-12-24 00:00:00+00:00,1216.46
ETHUSD_230331,ETH,2023-03-31 00:00:00+00:00,2022-12-25 00:00:00+00:00,1214.76
ETHUSD_230331,ETH,2023-03-31 00:00:00+00:00,2022-12-26 00:00:00+00:00,1224.35
ETHUSD_230331,ETH,2023-03-31 00:00:00+00:00,2022-12-27 00:00:00+00:00,1208.26
ETHUSD_230331,ETH,2023-03-31 00:00:00+00:00,2022-12-28 00:00:00+00:00,1185.67
ETHUSD_230331,ETH,2023-03-31 00:00:00+00:00,2022-12-29 00:00:00+00:00,1196.6
ETHUSD_230331,ETH,2023-03-31 00:00:00+00:00,2022-12-30 00:00:00+00:00,1198.55
ETHUSD_230331,ETH,2023-03-31 00:00:00+00:00,2022-12-31 00:00:00+00:00,1197.63
ETHUSD_230331,ETH,2023-03-31 00:00:00+00:00,2023-01-01 00:00:00+00:00,1202.48
ETHUSD_230331,ETH,2023-03-31 00:00:00+00:00,2023-01-02 00:00:00+00:00,1216.16
ETHUSD_230331,ETH,2023-03-31 00:00:00+00:00,2023-01-03 00:00:00+00:00,1217.56
ETHUSD_230331,ETH,2023-03-31 00:00:00+00:00,2023-01-04 00:00:00+00:00,1262.39
ETHUSD_230331,ETH,2023-03-31 00:00:00+00:00,2023-01-05 00:00:00+00:00,1256.31
ETHUSD_230331,ETH,2023-03-31 00:00:00+00:00,2023-01-06 00:00:00+00:00,1275.58
ETHUSD_230331,ETH,2023-03-31 00:00:00+00:00,2023-01-07 00:00:00+00:00,1269.16
ETHUSD_230331,ETH,2023-03-31 00:00:00+00:00,2023-01-08 00:00:00+00:00,1295.69
ETHUSD_230331,ETH,2023-03-31 00:00:00+00:00,2023-01-09 00:00:00+00:00,1327.92
ETHUSD_230331,ETH,2023-03-31 00:00:00+00:00,2023-01-10 00:00:00+00:00,1340.6
ETHUSD_230331,ETH,2023-03-31 00:00:00+00:00,2023-01-11 00:00:00+00:00,1396.09
ETHUSD_230331,ETH,2023-03-31 00:00:00+00:00,2023-01-12 00:00:00+00:00,1421.17
ETHUSD_230331,ETH,2023-03-31 00:00:00+00:00,2023-01-13 00:00:00+00:00,1456.43
ETHUSD_230331,ETH,2023-03-31 00:00:00+00:00,2023-01-14 00:00:00+00:00,1559.32
ETHUSD_230331,ETH,2023-03-31 00:00:00+00:00,2023-01-15 00:00:00+00:00,1561.85
ETHUSD_230331,ETH,2023-03-31 00:00:00+00:00,2023-01-16 00:00:00+00:00,1585.91
ETHUSD_230331,ETH,2023-03-31 00:00:00+00:00,2023-01-17 00:00:00+00:00,1573.95
ETHUSD_230331,ETH,2023-03-31 00:00:00+00:00,2023-01-18 00:00:00+00:00,1520.5
ETHUSD_230331,ETH,2023-03-31 00:00:00+00:00,2023-01-19 00:00:00+00:00,1561.36
ETHUSD_230331,ETH,2023-03-31 00:00:00+00:00,2023-01-20 00:00:00+00:00,1669.07
ETHUSD_230331,ETH,2023-03-31 00:00:00+00:00,2023-01-21 00:00:00+00:00,1636.5
ETHUSD_230331,ETH,2023-03-31 00:00:00+00:00,2023-01-22 00:00:00+00:00,1638.35
ETHUSD_230331,ETH,2023-03-31 00:00:00+00:00,2023-01-23 00:00:00+00:00,1637.94
ETHUSD_230331,ETH,2023-03-31 00:00:00+00:00,2023-01-24 00:00:00+00:00,1569.8
ETHUSD_230331,ETH,2023-03-31 00:00:00+00:00,2023-01-25 00:00:00+00:00,1625.8
ETHUSD_230331,ETH,2023-03-31 00:00:00+00:00,2023-01-26 00:00:00+00:00,1614.13
ETHUSD_230331,ETH,2023-03-31 00:00:00+00:00,2023-01-27 00:00:00+00:00,1611.03
ETHUSD_230331,ETH,2023-03-31 00:00:00+00:00,2023-01-28 00:00:00+00:00,1584.74
ETHUSD_230331,ETH,2023-03-31 00:00:00+00:00,2023-01-29 00:00:00+00:00,1660.47
ETHUSD_230331,ETH,2023-03-31 00:00:00+00:00,2023-01-30 00:00:00+00:00,1578.45
ETHUSD_230331,ETH,2023-03-31 00:00:00+00:00,2023-01-31 00:00:00+00:00,1597.25
ETHUSD_230331,ETH,2023-03-31 00:00:00+00:00,2023-02-01 00:00:00+00:00,1656.27
ETHUSD_230331,ETH,2023-03-31 00:00:00+00:00,2023-02-02 00:00:00+00:00,1660.46
ETHUSD_230331,ETH,2023-03-31 00:00:00+00:00,2023-02-03 00:00:00+00:00,1681.15
ETHUSD_230331,ETH,2023-03-31 00:00:00+00:00,2023-02-04 00:00:00+00:00,1682.07
ETHUSD_230331,ETH,2023-03-31 00:00:00+00:00,2023-02-05 00:00:00+00:00,1641.35
ETHUSD_230331,ETH,2023-03-31 00:00:00+00:00,2023-02-06 00:00:00+00:00,1626.1
ETHUSD_230331,ETH,2023-03-31 00:00:00+00:00,2023-02-07 00:00:00+00:00,1684.03
ETHUSD_230331,ETH,2023-03-31 00:00:00+00:00,2023-02-08 00:00:00+00:00,1661.91
ETHUSD_230331,ETH,2023-03-31 00:00:00+00:00,2023-02-09 00:00:00+00:00,1554.43
ETHUSD_230331,ETH,2023-03-31 00:00:00+00:00,2023-02-10 00:00:00+00:00,1521.54
ETHUSD_230331,ETH,2023-03-31 00:00:00+00:00,2023-02-11 00:00:00+00:00,1547.05
ETHUSD_230331,ETH,2023-03-31 00:00:00+00:00,2023-02-12 00:00:00+00:00,1523.51
ETHUSD_230331,ETH,2023-03-31 00:00:00+00:00,2023-02-13 00:00:00+00:00,1513.33
ETHUSD_230331,ETH,2023-03-31 00:00:00+00:00,2023-02-14 00:00:00+00:00,1565.57
ETHUSD_230331,ETH,2023-03-31 00:00:00+00:00,2023-02-15 00:00:00+00:00,1686.98
ETHUSD_230331,ETH,2023-03-31 00:00:00+00:00,2023-02-16 00:00:00+00:00,1649.46
ETHUSD_230331,ETH,2023-03-31 00:00:00+00:00,2023-02-17 00:00:00+00:00,1706.06
ETHUSD_230331,ETH,2023-03-31 00:00:00+00:00,2023-02-18 00:00:00+00:00,1704.96
ETHUSD_230331,ETH,2023-03-31 00:00:00+00:00,2023-02-19 00:00:00+00:00,1691.76
ETHUSD_230331,ETH,2023-03-31 00:00:00+00:00,2023-02-20 00:00:00+00:00,1716.42
ETHUSD_230331,ETH,2023-03-31 00:00:00+00:00,2023-02-21 00:00:00+00:00,1669.5
ETHUSD_230331,ETH,2023-03-31 00:00:00+00:00,2023-02-22 00:00:00+00:00,1655.05
ETHUSD_230331,ETH,2023-03-31 00:00:00+00:00,2023-02-23 00:00:00+00:00,1662.18
ETHUSD_230331,ETH,2023-03-31 00:00:00+00:00,2023-02-24 00:00:00+00:00,1617.95
ETHUSD_230331,ETH,2023-03-31 00:00:00+00:00,2023-02-25 00:00:00+00:00,1605.41
ETHUSD_230331,ETH,2023-03-31 00:00:00+00:00,2023-02-26 00:00:00+00:00,1652.19
ETHUSD_230331,ETH,2023-03-31 00:00:00+00:00,2023-02-27 00:00:00+00:00,1643.6
ETHUSD_230331,ETH,2023-03-31 00:00:00+00:00,2023-02-28 00:00:00+00:00,1614.07
ETHUSD_230331,ETH,2023-03-31 00:00:00+00:00,2023-03-01 00:00:00+00:00,1676.24
ETHUSD_230331,ETH,2023-03-31 00:00:00+00:00,2023-03-02 00:00:00+00:00,1658.14
ETHUSD_230331,ETH,2023-03-31 00:00:00+00:00,2023-03-03 00:00:00+00:00,1577.02
ETHUSD_230331,ETH,2023-03-31 00:00:00+00:00,2023-03-04 00:00:00+00:00,1573.61
ETHUSD_230331,ETH,2023-03-31 00:00:00+00:00,2023-03-05 00:00:00+00:00,1571.34
ETHUSD_230331,ETH,2023-03-31 00:00:00+00:00,2023-03-06 00:00:00+00:00,1572.43
ETHUSD_230331,ETH,2023-03-31 00:00:00+00:00,2023-03-07 00:00:00+00:00,1568.09
ETHUSD_230331,ETH,2023-03-31 00:00:00+00:00,2023-03-08 00:00:00+00:00,1537.8
ETHUSD_230331,ETH,2023-03-31 00:00:00+00:00,2023-03-09 00:00:00+00:00,1441.74
ETHUSD_230331,ETH,2023-03-31 00:00:00+00:00,2023-03-10 00:00:00+00:00,1430.68
ETHUSD_230331,ETH,2023-03-31 00:00:00+00:00,2023-03-11 00:00:00+00:00,1472.88
ETHUSD_230331,ETH,2023-03-31 00:00:00+00:00,2023-03-12 00:00:00+00:00,1583.49
ETHUSD_230331,ETH,2023-03-31 00:00:00+00:00,2023-03-13 00:00:00+00:00,1681.06
ETHUSD_230331,ETH,2023-03-31 00:00:00+00:00,2023-03-14 00:00:00+00:00,1707.52
ETHUSD_230331,ETH,2023-03-31 00:00:00+00:00,2023-03-15 00:00:00+00:00,1656.17
ETHUSD_230331,ETH,2023-03-31 00:00:00+00:00,2023-03-16 00:00:00+00:00,1678.46
ETHUSD_230331,ETH,2023-03-31 00:00:00+00:00,2023-03-17 00:00:00+00:00,1795.75
ETHUSD_230331,ETH,2023-03-31 00:00:00+00:00,2023-03-18 00:00:00+00:00,1765.13
ETHUSD_230331,ETH,2023-03-31 00:00:00+00:00,2023-03-19 00:00:00+00:00,1787.26
ETHUSD_230331,ETH,2023-03-31 00:00:00+00:00,2023-03-20 00:00:00+00:00,1739.55
ETHUSD_230331,ETH,2023-03-31 00:00:00+00:00,2023-03-21 00:00:00+00:00,1808.82
ETHUSD_230331,ETH,2023-03-31 00:00:00+00:00,2023-03-22 00:00:00+00:00,1740.48
ETHUSD_230331,ETH,2023-03-31 00:00:00+00:00,2023-03-23 00:00:00+00:00,1818.98
ETHUSD_230331,ETH,2023-03-31 00:00:00+00:00,2023-03-24 00:00:00+00:00,1751.83
ETHUSD_230331,ETH,2023-03-31 00:00:00+00:00,2023-03-25 00:00:00+00:00,1744.91
ETHUSD_230331,ETH,2023-03-31 00:00:00+00:00,2023-03-26 00:00:00+00:00,1776.78
ETHUSD_230331,ETH,2023-03-31 00:00:00+00:00,2023-03-27 00:00:00+00:00,1716.7
ETHUSD_230331,ETH,2023-03-31 00:00:00+00:00,2023-03-28 00:00:00+00:00,1773.65
ETHUSD_230331,ETH,2023-03-31 00:00:00+00:00,2023-03-29 00:00:00+00:00,1795.55
ETHUSD_230331,ETH,2023-03-31 00:00:00+00:00,2023-03-30 00:00:00+00:00,1794.95
ETHUSD_230630,ETH,2023-06-30 00:00:00+00:00,2022-12-30 00:00:00+00:00,1199.89
ETHUSD_230630,ETH,2023-06-30 00:00:00+00:00,2022-12-31 00:00:00+00:00,1197.75
ETHUSD_230630,ETH,2023-06-30 00:00:00+00:00,2023-01-01 00:00:00+00:00,1202.17
ETHUSD_230630,ETH,2023-06-30 00:00:00+00:00,2023-01-02 00:00:00+00:00,1216.88
ETHUSD_230630,ETH,2023-06-30 00:00:00+00:00,2023-01-03 00:00:00+00:00,1219.32
ETHUSD_230630,ETH,2023-06-30 00:00:00+00:00,2023-01-04 00:00:00+00:00,1263.34
ETHUSD_230630,ETH,2023-06-30 00:00:00+00:00,2023-01-05 00:00:00+00:00,1257.54
ETHUSD_230630,ETH,2023-06-30 00:00:00+00:00,2023-01-06 00:00:00+00:00,1276.55
ETHUSD_230630,ETH,2023-06-30 00:00:00+00:00,2023-01-07 00:00:00+00:00,1269.82
ETHUSD_230630,ETH,2023-06-30 00:00:00+00:00,2023-01-08 00:00:00+00:00,1297.14
ETHUSD_230630,ETH,2023-06-30 00:00:00+00:00,2023-01-09 00:00:00+00:00,1328.57
ETHUSD_230630,ETH,2023-06-30 00:00:00+00:00,2023-01-10 00:00:00+00:00,1342.85
ETHUSD_230630,ETH,2023-06-30 00:00:00+00:00,2023-01-11 00:00:00+00:00,1398.22
ETHUSD_230630,ETH,2023-06-30 00:00:00+00:00,2023-01-12 00:00:00+00:00,1426.46
ETHUSD_230630,ETH,2023-06-30 00:00:00+00:00,2023-01-13 00:00:00+00:00,1461.84
ETHUSD_230630,ETH,2023-06-30 00:00:00+00:00,2023-01-14 00:00:00+00:00,1568.07
ETHUSD_230630,ETH,2023-06-30 00:00:00+00:00,2023-01-15 00:00:00+00:00,1569.21
ETHUSD_230630,ETH,2023-06-30 00:00:00+00:00,2023-01-16 00:00:00+00:00,1592.66
ETHUSD_230630,ETH,2023-06-30 00:00:00+00:00,2023-01-17 00:00:00+00:00,1581.8
ETHUSD_230630,ETH,2023-06-30 00:00:00+00:00,2023-01-18 00:00:00+00:00,1525.41
ETHUSD_230630,ETH,2023-06-30 00:00:00+00:00,2023-01-19 00:00:00+00:00,1568.46
ETHUSD_230630,ETH,2023-06-30 00:00:00+00:00,2023-01-20 00:00:00+00:00,1676.04
ETHUSD_230630,ETH,2023-06-30 00:00:00+00:00,2023-01-21 00:00:00+00:00,1643.9
ETHUSD_230630,ETH,2023-06-30 00:00:00+00:00,2023-01-22 00:00:00+00:00,1647.49
ETHUSD_230630,ETH,2023-06-30 00:00:00+00:00,2023-01-23 00:00:00+00:00,1645.97
ETHUSD_230630,ETH,2023-06-30 00:00:00+00:00,2023-01-24 00:00:00+00:00,1581.65
ETHUSD_230630,ETH,2023-06-30 00:00:00+00:00,2023-01-25 00:00:00+00:00,1638.08
ETHUSD_230630,ETH,2023-06-30 00:00:00+00:00,2023-01-26 00:00:00+00:00,1628.0
ETHUSD_230630,ETH,2023-06-30 00:00:00+00:00,2023-01-27 00:00:00+00:00,1623.49
ETHUSD_230630,ETH,2023-06-30 00:00:00+00:00,2023-01-28 00:00:00+00:00,1600.48
ETHUSD_230630,ETH,2023-06-30 00:00:00+00:00,2023-01-29 00:00:00+00:00,1676.32
ETHUSD_230630,ETH,2023-06-30 00:00:00+00:00,2023-01-30 00:00:00+00:00,1594.63
ETHUSD_230630,ETH,2023-06-30 00:00:00+00:00,2023-01-31 00:00:00+00:00,1612.96
ETHUSD_230630,ETH,2023-06-30 00:00:00+00:00,2023-02-01 00:00:00+00:00,1669.38
ETHUSD_230630,ETH,2023-06-30 00:00:00+00:00,2023-02-02 00:00:00+00:00,1676.49
ETHUSD_230630,ETH,2023-06-30 00:00:00+00:00,2023-02-03 00:00:00+00:00,1696.96
ETHUSD_230630,ETH,2023-06-30 00:00:00+00:00,2023-02-04 00:00:00+00:00,1698.52
ETHUSD_230630,ETH,2023-06-30 00:00:00+00:00,2023-02-05 00:00:00+00:00,1657.27
ETHUSD_230630,ETH,2023-06-30 00:00:00+00:00,2023-02-06 00:00:00+00:00,1642.31
ETHUSD_230630,ETH,2023-06-30 00:00:00+00:00,2023-02-07 00:00:00+00:00,1702.0
ETHUSD_230630,ETH,2023-06-30 00:00:00+00:00,2023-02-08 00:00:00+00:00,1679.19
ETHUSD_230630,ETH,2023-06-30 00:00:00+00:00,2023-02-09 00:00:00+00:00,1572.57
ETHUSD_230630,ETH,2023-06-30 00:00:00+00:00,2023-02-10 00:00:00+00:00,1539.24
ETHUSD_230630,ETH,2023-06-30 00:00:00+00:00,2023-02-11 00:00:00+00:00,1563.55
ETHUSD_230630,ETH,2023-06-30 00:00:00+00:00,2023-02-12 00:00:00+00:00,1539.63
ETHUSD_230630,ETH,2023-06-30 00:00:00+00:00,2023-02-13 00:00:00+00:00,1528.08
ETHUSD_230630,ETH,2023-06-30 00:00:00+00:00,2023-02-14 00:00:00+00:00,1580.87
ETHUSD_230630,ETH,2023-06-30 00:00:00+00:00,2023-02-15 00:00:00+00:00,1702.92
ETHUSD_230630,ETH,2023-06-30 00:00:00+00:00,2023-02-16 00:00:00+00:00,1669.09
ETHUSD_230630,ETH,2023-06-30 00:00:00+00:00,2023-02-17 00:00:00+00:00,1727.2
ETHUSD_230630,ETH,2023-06-30 00:00:00+00:00,2023-02-18 00:00:00+00:00,1724.79
ETHUSD_230630,ETH,2023-06-30 00:00:00+00:00,2023-02-19 00:00:00+00:00,1712.0
ETHUSD_230630,ETH,2023-06-30 00:00:00+00:00,2023-02-20 00:00:00+00:00,1738.06
ETHUSD_230630,ETH,2023-06-30 00:00:00+00:00,2023-02-21 00:00:00+00:00,1693.05
ETHUSD_230630,ETH,2023-06-30 00:00:00+00:00,2023-02-22 00:00:00+00:00,1681.3
ETHUSD_230630,ETH,2023-06-30 00:00:00+00:00,2023-02-23 00:00:00+00:00,1690.32
ETHUSD_230630,ETH,2023-06-30 00:00:00+00:00,2023-02-24 00:00:00+00:00,1646.57
ETHUSD_230630,ETH,2023-06-30 00:00:00+00:00,2023-02-25 00:00:00+00:00,1636.82
ETHUSD_230630,ETH,2023-06-30 00:00:00+00:00,2023-02-26 00:00:00+00:00,1687.3
ETHUSD_230630,ETH,2023-06-30 00:00:00+00:00,2023-02-27 00:00:00+00:00,1678.75
ETHUSD_230630,ETH,2023-06-30 00:00:00+00:00,2023-02-28 00:00:00+00:00,1644.23
ETHUSD_230630,ETH,2023-06-30 00:00:00+00:00,2023-03-01 00:00:00+00:00,1705.38
ETHUSD_230630,ETH,2023-06-30 00:00:00+00:00,2023-03-02 00:00:00+00:00,1685.37
ETHUSD_230630,ETH,2023-06-30 00:00:00+00:00,2023-03-03 00:00:00+00:00,1599.2
ETHUSD_230630,ETH,2023-06-30 00:00:00+00:00,2023-03-04 00:00:00+00:00,1595.88
ETHUSD_230630,ETH,2023-06-30 00:00:00+00:00,2023-03-05 00:00:00+00:00,1592.48
ETHUSD_230630,ETH,2023-06-30 00:00:00+00:00,2023-03-06 00:00:00+00:00,1591.15
ETHUSD_230630,ETH,2023-06-30 00:00:00+00:00,2023-03-07 00:00:00+00:00,1586.92
ETHUSD_230630,ETH,2023-06-30 00:00:00+00:00,2023-03-08 00:00:00+00:00,1557.19
ETHUSD_230630,ETH,2023-06-30 00:00:00+00:00,2023-03-09 00:00:00+00:00,1459.3
ETHUSD_230630,ETH,2023-06-30 00:00:00+00:00,2023-03-10 00:00:00+00:00,1444.86
ETHUSD_230630,ETH,2023-06-30 00:00:00+00:00,2023-03-11 00:00:00+00:00,1475.23
ETHUSD_230630,ETH,2023-06-30 00:00:00+00:00,2023-03-12 00:00:00+00:00,1589.79
ETHUSD_230630,ETH,2023-06-30 00:00:00+00:00,2023-03-13 00:00:00+00:00,1692.16
ETHUSD_230630,ETH,2023-06-30 00:00:00+00:00,2023-03-14 00:00:00+00:00,1722.78
ETHUSD_230630,ETH,2023-06-30 00:00:00+00:00,2023-03-15 00:00:00+00:00,1666.72
ETHUSD_230630,ETH,2023-06-30 00:00:00+00:00,2023-03-16 00:00:00+00:00,1690.74
ETHUSD_230630,ETH,2023-06-30 00:00:00+00:00,2023-03-17 00:00:00+00:00,1807.1
ETHUSD_230630,ETH,2023-06-30 00:00:00+00:00,2023-03-18 00:00:00+00:00,1776.4
ETHUSD_230630,ETH,2023-06-30 00:00:00+00:00,2023-03-19 00:00:00+00:00,1798.56
ETHUSD_230630,ETH,2023-06-30 00:00:00+00:00,2023-03-20 00:00:00+00:00,1750.86
ETHUSD_230630,ETH,2023-06-30 00:00:00+00:00,2023-03-21 00:00:00+00:00,1820.29
ETHUSD_230630,ETH,2023-06-30 00:00:00+00:00,2023-03-22 00:00:00+00:00,1753.38
ETHUSD_230630,ETH,2023-06-30 00:00:00+00:00,2023-03-23 00:00:00+00:00,1834.47
ETHUSD_230630,ETH,2023-06-30 00:00:00+00:00,2023-03-24 00:00:00+00:00,1770.19
ETHUSD_230630,ETH,2023-06-30 00:00:00+00:00,2023-03-25 00:00:00+00:00,1762.79
ETHUSD_230630,ETH,2023-06-30 00:00:00+00:00,2023-03-26 00:00:00+00:00,1794.14
ETHUSD_230630,ETH,2023-06-30 00:00:00+00:00,2023-03-27 00:00:00+00:00,1734.83
ETHUSD_230630,ETH,2023-06-30 00:00:00+00:00,2023-03-28 00:00:00+00:00,1793.31
ETHUSD_230630,ETH,2023-06-30 00:00:00+00:00,2023-03-29 00:00:00+00:00,1815.65
ETHUSD_230630,ETH,2023-06-30 00:00:00+00:00,2023-03-30 00:00:00+00:00,1814.82
ETHUSD_230630,ETH,2023-06-30 00:00:00+00:00,2023-03-31 00:00:00+00:00,1849.15
ETHUSD_230630,ETH,2023-06-30 00:00:00+00:00,2023-04-01 00:00:00+00:00,1844.23
ETHUSD_230630,ETH,2023-06-30 00:00:00+00:00,2023-04-02 00:00:00+00:00,1816.22
ETHUSD_230630,ETH,2023-06-30 00:00:00+00:00,2023-04-03 00:00:00+00:00,1832.72
ETHUSD_230630,ETH,2023-06-30 00:00:00+00:00,2023-04-04 00:00:00+00:00,1894.48
ETHUSD_230630,ETH,2023-06-30 00:00:00+00:00,2023-04-05 00:00:00+00:00,1932.5
ETHUSD_230630,ETH,2023-06-30 00:00:00+00:00,2023-04-06 00:00:00+00:00,1892.17
ETHUSD_230630,ETH,2023-06-30 00:00:00+00:00,2023-04-07 00:00:00+00:00,1883.23
ETHUSD_230630,ETH,2023-06-30 00:00:00+00:00,2023-04-08 00:00:00+00:00,1867.52
ETHUSD_230630,ETH,2023-06-30 00:00:00+00:00,2023-04-09 00:00:00+00:00,1879.98
ETHUSD_230630,ETH,2023-06-30 00:00:00+00:00,2023-04-10 00:00:00+00:00,1934.2
ETHUSD_230630,ETH,2023-06-30 00:00:00+00:00,2023-04-11 00:00:00+00:00,1912.22
ETHUSD_230630,ETH,2023-06-30 00:00:00+00:00,2023-04-12 00:00:00+00:00,1937.99
ETHUSD_230630,ETH,2023-06-30 00:00:00+00:00,2023-04-13 00:00:00+00:00,2037.05
ETHUSD_230630,ETH,2023-06-30 00:00:00+00:00,2023-04-14 00:00:00+00:00,2117.18
ETHUSD_230630,ETH,2023-06-30 00:00:00+00:00,2023-04-15 00:00:00+00:00,2112.17
ETHUSD_230630,ETH,2023-06-30 00:00:00+00:00,2023-04-16 00:00:00+00:00,2141.4
ETHUSD_230630,ETH,2023-06-30 00:00:00+00:00,2023-04-17 00:00:00+00:00,2092.94
ETHUSD_230630,ETH,2023-06-30 00:00:00+00:00,2023-04-18 00:00:00+00:00,2124.5
ETHUSD_230630,ETH,2023-06-30 00:00:00+00:00,2023-04-19 00:00:00+00:00,1948.0
ETHUSD_230630,ETH,2023-06-30 00:00:00+00:00,2023-04-20 00:00:00+00:00,1955.95
ETHUSD_230630,ETH,2023-06-30 00:00:00+00:00,2023-04-21 00:00:00+00:00,1859.32
ETHUSD_230630,ETH,2023-06-30 00:00:00+00:00,2023-04-22 00:00:00+00:00,1883.47
ETHUSD_230630,ETH,2023-06-30 00:00:00+00:00,2023-04-23 00:00:00+00:00,1871.62
ETHUSD_230630,ETH,2023-06-30 00:00:00+00:00,2023-04-24 00:00:00+00:00,1854.03
ETHUSD_230630,ETH,2023-06-30 00:00:00+00:00,2023-04-25 00:00:00+00:00,1877.99
ETHUSD_230630,ETH,2023-06-30 00:00:00+00:00,2023-04-26 00:00:00+00:00,1876.53
ETHUSD_230630,ETH,2023-06-30 00:00:00+00:00,2023-04-27 00:00:00+00:00,1921.0
ETHUSD_230630,ETH,2023-06-30 00:00:00+00:00,2023-04-28 00:00:00+00:00,1904.35
ETHUSD_230630,ETH,2023-06-30 00:00:00+00:00,2023-04-29 00:00:00+00:00,1923.08
ETHUSD_230630,ETH,2023-06-30 00:00:00+00:00,2023-04-30 00:00:00+00:00,1882.16
ETHUSD_230630,ETH,2023-06-30 00:00:00+00:00,2023-05-01 00:00:00+00:00,1841.51
ETHUSD_230630,ETH,2023-06-30 00:00:00+00:00,2023-05-02 00:00:00+00:00,1882.15
ETHUSD_230630,ETH,2023-06-30 00:00:00+00:00,2023-05-03 00:00:00+00:00,1918.7
ETHUSD_230630,ETH,2023-06-30 00:00:00+00:00,2023-05-04 00:00:00+00:00,1889.29
ETHUSD_230630,ETH,2023-06-30 00:00:00+00:00,2023-05-05 00:00:00+00:00,2007.51
ETHUSD_230630,ETH,2023-06-30 00:00:00+00:00,2023-05-06 00:00:00+00:00,1907.96
ETHUSD_230630,ETH,2023-06-30 00:00:00+00:00,2023-05-07 00:00:00+00:00,1879.86
ETHUSD_230630,ETH,2023-06-30 00:00:00+00:00,2023-05-08 00:00:00+00:00,1855.39
ETHUSD_230630,ETH,2023-06-30 00:00:00+00:00,2023-05-09 00:00:00+00:00,1854.48
ETHUSD_230630,ETH,2023-06-30 00:00:00+00:00,2023-05-10 00:00:00+00:00,1849.27
ETHUSD_230630,ETH,2023-06-30 00:00:00+00:00,2023-05-11 00:00:00+00:00,1800.26
ETHUSD_230630,ETH,2023-06-30 00:00:00+00:00,2023-05-12 00:00:00+00:00,1813.09
ETHUSD_230630,ETH,2023-06-30 00:00:00+00:00,2023-05-13 00:00:00+00:00,1801.48
ETHUSD_230630,ETH,2023-06-30 00:00:00+00:00,2023-05-14 00:00:00+00:00,1806.42
ETHUSD_230630,ETH,2023-06-30 00:00:00+00:00,2023-05-15 00:00:00+00:00,1824.57
ETHUSD_230630,ETH,2023-06-30 00:00:00+00:00,2023-05-16 00:00:00+00:00,1830.97
ETHUSD_230630,ETH,2023-06-30 00:00:00+00:00,2023-05-17 00:00:00+00:00,1828.48
ETHUSD_230630,ETH,2023-06-30 00:00:00+00:00,2023-05-18 00:00:00+00:00,1806.95
ETHUSD_230630,ETH,2023-06-30 00:00:00+00:00,2023-05-19 00:00:00+00:00,1818.12
ETHUSD_230630,ETH,2023-06-30 00:00:00+00:00,2023-05-20 00:00:00+00:00,1826.32
ETHUSD_230630,ETH,2023-06-30 00:00:00+00:00,2023-05-21 00:00:00+00:00,1810.89
ETHUSD_230630,ETH,2023-06-30 00:00:00+00:00,2023-05-22 00:00:00+00:00,1823.91
ETHUSD_230630,ETH,2023-06-30 00:00:00+00:00,2023-05-23 00:00:00+00:00,1862.43
ETHUSD_230630,ETH,2023-06-30 00:00:00+00:00,2023-05-24 00:00:00+00:00,1805.32
ETHUSD_230630,ETH,2023-06-30 00:00:00+00:00,2023-05-25 00:00:00+00:00,1809.74
ETHUSD_230630,ETH,2023-06-30 00:00:00+00:00,2023-05-26 00:00:00+00:00,1833.74
ETHUSD_230630,ETH,2023-06-30 00:00:00+00:00,2023-05-27 00:00:00+00:00,1835.99
ETHUSD_230630,ETH,2023-06-30 00:00:00+00:00,2023-05-28 00:00:00+00:00,1917.48
ETHUSD_230630,ETH,2023-06-30 00:00:00+00:00,2023-05-29 00:00:00+00:00,1898.78
ETHUSD_230630,ETH,2023-06-30 00:00:00+00:00,2023-05-30 00:00:00+00:00,1908.43
ETHUSD_230630,ETH,2023-06-30 00:00:00+00:00,2023-05-31 00:00:00+00:00,1879.53
ETHUSD_230630,ETH,2023-06-30 00:00:00+00:00,2023-06-01 00:00:00+00:00,1866.21
ETHUSD_230630,ETH,2023-06-30 00:00:00+00:00,2023-06-02 00:00:00+00:00,1913.36
ETHUSD_230630,ETH,2023-06-30 00:00:00+00:00,2023-06-03 00:00:00+00:00,1896.81
ETHUSD_230630,ETH,2023-06-30 00:00:00+00:00,2023-06-04 00:00:00+00:00,1894.94
ETHUSD_230630,ETH,2023-06-30 00:00:00+00:00,2023-06-05 00:00:00+00:00,1814.4
ETHUSD_230630,ETH,2023-06-30 00:00:00+00:00,2023-06-06 00:00:00+00:00,1888.03
ETHUSD_230630,ETH,2023-06-30 00:00:00+00:00,2023-06-07 00:00:00+00:00,1836.39
ETHUSD_230630,ETH,2023-06-30 00:00:00+00:00,2023-06-08 00:00:00+00:00,1849.46
ETHUSD_230630,ETH,2023-06-30 00:00:00+00:00,2023-06-09 00:00:00+00:00,1844.66
ETHUSD_230630,ETH,2023-06-30 00:00:00+00:00,2023-06-10 00:00:00+00:00,1755.66
ETHUSD_230630,ETH,2023-06-30 00:00:00+00:00,2023-06-11 00:00:00+00:00,1755.96
ETHUSD_230630,ETH,2023-06-30 00:00:00+00:00,2023-06-12 00:00:00+00:00,1746.4
ETHUSD_230630,ETH,2023-06-30 00:00:00+00:00,2023-06-13 00:00:00+00:00,1742.52
ETHUSD_230630,ETH,2023-06-30 00:00:00+00:00,2023-06-14 00:00:00+00:00,1652.4
ETHUSD_230630,ETH,2023-06-30 00:00:00+00:00,2023-06-15 00:00:00+00:00,1669.83
ETHUSD_230630,ETH,2023-06-30 00:00:00+00:00,2023-06-16 00:00:00+00:00,1720.51
ETHUSD_230630,ETH,2023-06-30 00:00:00+00:00,2023-06-17 00:00:00+00:00,1729.92
ETHUSD_230630,ETH,2023-06-30 00:00:00+00:00,2023-06-18 00:00:00+00:00,1722.06
ETHUSD_230630,ETH,2023-06-30 00:00:00+00:00,2023-06-19 00:00:00+00:00,1739.83
ETHUSD_230630,ETH,2023-06-30 00:00:00+00:00,2023-06-20 00:00:00+00:00,1792.58
ETHUSD_230630,ETH,2023-06-30 00:00:00+00:00,2023-06-21 00:00:00+00:00,1890.96
ETHUSD_230630,ETH,2023-06-30 00:00:00+00:00,2023-06-22 00:00:00+00:00,1873.54
ETHUSD_230630,ETH,2023-06-30 00:00:00+00:00,2023-06-23 00:00:00+00:00,1894.51
ETHUSD_230630,ETH,2023-06-30 00:00:00+00:00,2023-06-24 00:00:00+00:00,1875.11
ETHUSD_230630,ETH,2023-06-30 00:00:00+00:00,2023-06-25 00:00:00+00:00,1899.15
ETHUSD_230630,ETH,2023-06-30 00:00:00+00:00,2023-06-26 00:00:00+00:00,1858.51
ETHUSD_230630,ETH,2023-06-30 00:00:00+00:00,2023-06-27 00:00:00+00:00,1889.74
ETHUSD_230630,ETH,2023-06-30 00:00:00+00:00,2023-06-28 00:00:00+00:00,1827.3
ETHUSD_230630,ETH,2023-06-30 00:00:00+00:00,2023-06-29 00:00:00+00:00,1851.03
ETHUSD_230929,ETH,2023-09-29 00:00:00+00:00,2023-03-31 00:00:00+00:00,1863.61
ETHUSD_230929,ETH,2023-09-29 00:00:00+00:00,2023-04-01 00:00:00+00:00,1858.54
ETHUSD_230929,ETH,2023-09-29 00:00:00+00:00,2023-04-02 00:00:00+00:00,1829.89
ETHUSD_230929,ETH,2023-09-29 00:00:00+00:00,2023-04-03 00:00:00+00:00,1845.82
ETHUSD_230929,ETH,2023-09-29 00:00:00+00:00,2023-04-04 00:00:00+00:00,1907.52
ETHUSD_230929,ETH,2023-09-29 00:00:00+00:00,2023-04-05 00:00:00+00:00,1946.3
ETHUSD_230929,ETH,2023-09-29 00:00:00+00:00,2023-04-06 00:00:00+00:00,1909.5
ETHUSD_230929,ETH,2023-09-29 00:00:00+00:00,2023-04-07 00:00:00+00:00,1899.55
ETHUSD_230929,ETH,2023-09-29 00:00:00+00:00,2023-04-08 00:00:00+00:00,1884.39
ETHUSD_230929,ETH,2023-09-29 00:00:00+00:00,2023-04-09 00:00:00+00:00,1893.23
ETHUSD_230929,ETH,2023-09-29 00:00:00+00:00,2023-04-10 00:00:00+00:00,1948.28
ETHUSD_230929,ETH,2023-09-29 00:00:00+00:00,2023-04-11 00:00:00+00:00,1925.74
ETHUSD_230929,ETH,2023-09-29 00:00:00+00:00,2023-04-12 00:00:00+00:00,1955.65
ETHUSD_230929,ETH,2023-09-29 00:00:00+00:00,2023-04-13 00:00:00+00:00,2054.8
ETHUSD_230929,ETH,2023-09-29 00:00:00+00:00,2023-04-14 00:00:00+00:00,2134.04
ETHUSD_230929,ETH,2023-09-29 00:00:00+00:00,2023-04-15 00:00:00+00:00,2131.0
ETHUSD_230929,ETH,2023-09-29 00:00:00+00:00,2023-04-16 00:00:00+00:00,2162.04
ETHUSD_230929,ETH,2023-09-29 00:00:00+00:00,2023-04-17 00:00:00+00:00,2112.29
ETHUSD_230929,ETH,2023-09-29 00:00:00+00:00,2023-04-18 00:00:00+00:00,2146.25
ETHUSD_230929,ETH,2023-09-29 00:00:00+00:00,2023-04-19 00:00:00+00:00,1971.81
ETHUSD_230929,ETH,2023-09-29 00:00:00+00:00,2023-04-20 00:00:00+00:00,1977.36
ETHUSD_230929,ETH,2023-09-29 00:00:00+00:00,2023-04-21 00:00:00+00:00,1883.19
ETHUSD_230929,ETH,2023-09-29 00:00:00+00:00,2023-04-22 00:00:00+00:00,1904.1
ETHUSD_230929,ETH,2023-09-29 00:00:00+00:00,2023-04-23 00:00:00+00:00,1889.96
ETHUSD_230929,ETH,2023-09-29 00:00:00+00:00,2023-04-24 00:00:00+00:00,1871.05
ETHUSD_230929,ETH,2023-09-29 00:00:00+00:00,2023-04-25 00:00:00+00:00,1897.09
ETHUSD_230929,ETH,2023-09-29 00:00:00+00:00,2023-04-26 00:00:00+00:00,1896.53
ETHUSD_230929,ETH,2023-09-29 00:00:00+00:00,2023-04-27 00:00:00+00:00,1939.24
ETHUSD_230929,ETH,2023-09-29 00:00:00+00:00,2023-04-28 00:00:00+00:00,1922.19
ETHUSD_230929,ETH,2023-09-29 00:00:00+00:00,2023-04-29 00:00:00+00:00,1940.02
ETHUSD_230929,ETH,2023-09-29 00:00:00+00:00,2023-04-30 00:00:00+00:00,1900.12
ETHUSD_230929,ETH,2023-09-29 00:00:00+00:00,2023-05-01 00:00:00+00:00,1858.92
ETHUSD_230929,ETH,2023-09-29 00:00:00+00:00,2023-05-02 00:00:00+00:00,1898.7
ETHUSD_230929,ETH,2023-09-29 00:00:00+00:00,2023-05-03 00:00:00+00:00,1933.07
ETHUSD_230929,ETH,2023-09-29 00:00:00+00:00,2023-05-04 00:00:00+00:00,1905.28
ETHUSD_230929,ETH,2023-09-29 00:00:00+00:00,2023-05-05 00:00:00+00:00,2025.34
ETHUSD_230929,ETH,2023-09-29 00:00:00+00:00,2023-05-06 00:00:00+00:00,1926.4
ETHUSD_230929,ETH,2023-09-29 00:00:00+00:00,2023-05-07 00:00:00+00:00,1895.81
ETHUSD_230929,ETH,2023-09-29 00:00:00+00:00,2023-05-08 00:00:00+00:00,1870.19
ETHUSD_230929,ETH,2023-09-29 00:00:00+00:00,2023-05-09 00:00:00+00:00,1867.2
ETHUSD_230929,ETH,2023-09-29 00:00:00+00:00,2023-05-10 00:00:00+00:00,1863.12
ETHUSD_230929,ETH,2023-09-29 00:00:00+00:00,2023-05-11 00:00:00+00:00,1814.44
ETHUSD_230929,ETH,2023-09-29 00:00:00+00:00,2023-05-12 00:00:00+00:00,1828.7
ETHUSD_230929,ETH,2023-09-29 00:00:00+00:00,2023-05-13 00:00:00+00:00,1816.61
ETHUSD_230929,ETH,2023-09-29 00:00:00+00:00,2023-05-14 00:00:00+00:00,1820.4
ETHUSD_230929,ETH,2023-09-29 00:00:00+00:00,2023-05-15 00:00:00+00:00,1838.99
ETHUSD_230929,ETH,2023-09-29 00:00:00+00:00,2023-05-16 00:00:00+00:00,1847.37
ETHUSD_230929,ETH,2023-09-29 00:00:00+00:00,2023-05-17 00:00:00+00:00,1843.98
ETHUSD_230929,ETH,2023-09-29 00:00:00+00:00,2023-05-18 00:00:00+00:00,1822.85
ETHUSD_230929,ETH,2023-09-29 00:00:00+00:00,2023-05-19 00:00:00+00:00,1834.98
ETHUSD_230929,ETH,2023-09-29 00:00:00+00:00,2023-05-20 00:00:00+00:00,1842.61
ETHUSD_230929,ETH,2023-09-29 00:00:00+00:00,2023-05-21 00:00:00+00:00,1825.54
ETHUSD_230929,ETH,2023-09-29 00:00:00+00:00,2023-05-22 00:00:00+00:00,1839.47
ETHUSD_230929,ETH,2023-09-29 00:00:00+00:00,2023-05-23 00:00:00+00:00,1878.08
ETHUSD_230929,ETH,2023-09-29 00:00:00+00:00,2023-05-24 00:00:00+00:00,1821.26
ETHUSD_230929,ETH,2023-09-29 00:00:00+00:00,2023-05-25 00:00:00+00:00,1824.41
ETHUSD_230929,ETH,2023-09-29 00:00:00+00:00,2023-05-26 00:00:00+00:00,1849.12
ETHUSD_230929,ETH,2023-09-29 00:00:00+00:00,2023-05-27 00:00:00+00:00,1848.14
ETHUSD_230929,ETH,2023-09-29 00:00:00+00:00,2023-05-28 00:00:00+00:00,1932.21
ETHUSD_230929,ETH,2023-09-29 00:00:00+00:00,2023-05-29 00:00:00+00:00,1916.66
ETHUSD_230929,ETH,2023-09-29 00:00:00+00:00,2023-05-30 00:00:00+00:00,1924.56
ETHUSD_230929,ETH,2023-09-29 00:00:00+00:00,2023-05-31 00:00:00+00:00,1894.41
ETHUSD_230929,ETH,2023-09-29 00:00:00+00:00,2023-06-01 00:00:00+00:00,1879.75
ETHUSD_230929,ETH,2023-09-29 00:00:00+00:00,2023-06-02 00:00:00+00:00,1926.02
ETHUSD_230929,ETH,2023-09-29 00:00:00+00:00,2023-06-03 00:00:00+00:00,1908.54
ETHUSD_230929,ETH,2023-09-29 00:00:00+00:00,2023-06-04 00:00:00+00:00,1907.5
ETHUSD_230929,ETH,2023-09-29 00:00:00+00:00,2023-06-05 00:00:00+00:00,1825.64
ETHUSD_230929,ETH,2023-09-29 00:00:00+00:00,2023-06-06 00:00:00+00:00,1900.51
ETHUSD_230929,ETH,2023-09-29 00:00:00+00:00,2023-06-07 00:00:00+00:00,1849.6
ETHUSD_230929,ETH,2023-09-29 00:00:00+00:00,2023-06-08 00:00:00+00:00,1863.15
ETHUSD_230929,ETH,2023-09-29 00:00:00+00:00,2023-06-09 00:00:00+00:00,1858.35
ETHUSD_230929,ETH,2023-09-29 00:00:00+00:00,2023-06-10 00:00:00+00:00,1770.69
ETHUSD_230929,ETH,2023-09-29 00:00:00+00:00,2023-06-11 00:00:00+00:00,1771.68
ETHUSD_230929,ETH,2023-09-29 00:00:00+00:00,2023-06-12 00:00:00+00:00,1762.08
ETHUSD_230929,ETH,2023-09-29 00:00:00+00:00,2023-06-13 00:00:00+00:00,1761.69
ETHUSD_230929,ETH,2023-09-29 00:00:00+00:00,2023-06-14 00:00:00+00:00,1671.75
ETHUSD_230929,ETH,2023-09-29 00:00:00+00:00,2023-06-15 00:00:00+00:00,1686.46
ETHUSD_230929,ETH,2023-09-29 00:00:00+00:00,2023-06-16 00:00:00+00:00,1738.42
ETHUSD_230929,ETH,2023-09-29 00:00:00+00:00,2023-06-17 00:00:00+00:00,1750.21
ETHUSD_230929,ETH,2023-09-29 00:00:00+00:00,2023-06-18 00:00:00+00:00,1743.68
ETHUSD_230929,ETH,2023-09-29 00:00:00+00:00,2023-06-19 00:00:00+00:00,1764.17
ETHUSD_230929,ETH,2023-09-29 00:00:00+00:00,2023-06-20 00:00:00+00:00,1813.79
ETHUSD_230929,ETH,2023-09-29 00:00:00+00:00,2023-06-21 00:00:00+00:00,1912.39
ETHUSD_230929,ETH,2023-09-29 00:00:00+00:00,2023-06-22 00:00:00+00:00,1894.4
ETHUSD_230929,ETH,2023-09-29 00:00:00+00:00,2023-06-23 00:00:00+00:00,1914.48
ETHUSD_230929,ETH,2023-09-29 00:00:00+00:00,2023-06-24 00:00:00+00:00,1891.6
ETHUSD_230929,ETH,2023-09-29 00:00:00+00:00,2023-06-25 00:00:00+00:00,1915.62
ETHUSD_230929,ETH,2023-09-29 00:00:00+00:00,2023-06-26 00:00:00+00:00,1874.01
ETHUSD_230929,ETH,2023-09-29 00:00:00+00:00,2023-06-27 00:00:00+00:00,1906.55
ETHUSD_230929,ETH,2023-09-29 00:00:00+00:00,2023-06-28 00:00:00+00:00,1844.93
ETHUSD_230929,ETH,2023-09-29 00:00:00+00:00,2023-06-29 00:00:00+00:00,1870.85
ETHUSD_230929,ETH,2023-09-29 00:00:00+00:00,2023-06-30 00:00:00+00:00,1956.56
ETHUSD_230929,ETH,2023-09-29 00:00:00+00:00,2023-07-01 00:00:00+00:00,1947.82
ETHUSD_230929,ETH,2023-09-29 00:00:00+00:00,2023-07-02 00:00:00+00:00,1963.97
ETHUSD_230929,ETH,2023-09-29 00:00:00+00:00,2023-07-03 00:00:00+00:00,1977.85
ETHUSD_230929,ETH,2023-09-29 00:00:00+00:00,2023-07-04 00:00:00+00:00,1955.96
ETHUSD_230929,ETH,2023-09-29 00:00:00+00:00,2023-07-05 00:00:00+00:00,1929.02
ETHUSD_230929,ETH,2023-09-29 00:00:00+00:00,2023-07-06 00:00:00+00:00,1864.0
ETHUSD_230929,ETH,2023-09-29 00:00:00+00:00,2023-07-07 00:00:00+00:00,1888.7
ETHUSD_230929,ETH,2023-09-29 00:00:00+00:00,2023-07-08 00:00:00+00:00,1883.19
ETHUSD_230929,ETH,2023-09-29 00:00:00+00:00,2023-07-09 00:00:00+00:00,1879.94
ETHUSD_230929,ETH,2023-09-29 00:00:00+00:00,2023-07-10 00:00:00+00:00,1898.77
ETHUSD_230929,ETH,2023-09-29 00:00:00+00:00,2023-07-11 00:00:00+00:00,1894.89
ETHUSD_230929,ETH,2023-09-29 00:00:00+00:00,2023-07-12 00:00:00+00:00,1887.91
ETHUSD_230929,ETH,2023-09-29 00:00:00+00:00,2023-07-13 00:00:00+00:00,2029.27
ETHUSD_230929,ETH,2023-09-29 00:00:00+00:00,2023-07-14 00:00:00+00:00,1957.02
ETHUSD_230929,ETH,2023-09-29 00:00:00+00:00,2023-07-15 00:00:00+00:00,1948.6
ETHUSD_230929,ETH,2023-09-29 00:00:00+00:00,2023-07-16 00:00:00+00:00,1939.89
ETHUSD_230929,ETH,2023-09-29 00:00:00+00:00,2023-07-17 00:00:00+00:00,1926.69
ETHUSD_230929,ETH,2023-09-29 00:00:00+00:00,2023-07-18 00:00:00+00:00,1912.79
ETHUSD_230929,ETH,2023-09-29 00:00:00+00:00,2023-07-19 00:00:00+00:00,1902.42
ETHUSD_230929,ETH,2023-09-29 00:00:00+00:00,2023-07-20 00:00:00+00:00,1905.25
ETHUSD_230929,ETH,2023-09-29 00:00:00+00:00,2023-07-21 00:00:00+00:00,1906.22
ETHUSD_230929,ETH,2023-09-29 00:00:00+00:00,2023-07-22 00:00:00+00:00,1879.23
ETHUSD_230929,ETH,2023-09-29 00:00:00+00:00,2023-07-23 00:00:00+00:00,1904.34
ETHUSD_230929,ETH,2023-09-29 00:00:00+00:00,2023-07-24 00:00:00+00:00,1863.02
ETHUSD_230929,ETH,2023-09-29 00:00:00+00:00,2023-07-25 00:00:00+00:00,1871.2
ETHUSD_230929,ETH,2023-09-29 00:00:00+00:00,2023-07-26 00:00:00+00:00,1885.36
ETHUSD_230929,ETH,2023-09-29 00:00:00+00:00,2023-07-27 00:00:00+00:00,1873.49
ETHUSD_230929,ETH,2023-09-29 00:00:00+00:00,2023-07-28 00:00:00+00:00,1888.0
ETHUSD_230929,ETH,2023-09-29 00:00:00+00:00,2023-07-29 00:00:00+00:00,1893.2
ETHUSD_230929,ETH,2023-09-29 00:00:00+00:00,2023-07-30 00:00:00+00:00,1872.34
ETHUSD_230929,ETH,2023-09-29 00:00:00+00:00,2023-07-31 00:00:00+00:00,1867.86
ETHUSD_230929,ETH,2023-09-29 00:00:00+00:00,2023-08-01 00:00:00+00:00,1887.34
ETHUSD_230929,ETH,2023-09-29 00:00:00+00:00,2023-08-02 00:00:00+00:00,1853.53
ETHUSD_230929,ETH,2023-09-29 00:00:00+00:00,2023-08-03 00:00:00+00:00,1849.15
ETHUSD_230929,ETH,2023-09-29 00:00:00+00:00,2023-08-04 00:00:00+00:00,1842.8
ETHUSD_230929,ETH,2023-09-29 00:00:00+00:00,2023-08-05 00:00:00+00:00,1850.24
ETHUSD_230929,ETH,2023-09-29 00:00:00+00:00,2023-08-06 00:00:00+00:00,1843.71
ETHUSD_230929,ETH,2023-09-29 00:00:00+00:00,2023-08-07 00:00:00+00:00,1840.7
ETHUSD_230929,ETH,2023-09-29 00:00:00+00:00,2023-08-08 00:00:00+00:00,1869.91
ETHUSD_230929,ETH,2023-09-29 00:00:00+00:00,2023-08-09 00:00:00+00:00,1868.4
ETHUSD_230929,ETH,2023-09-29 00:00:00+00:00,2023-08-10 00:00:00+00:00,1864.75
ETHUSD_230929,ETH,2023-09-29 00:00:00+00:00,2023-08-11 00:00:00+00:00,1860.59
ETHUSD_230929,ETH,2023-09-29 00:00:00+00:00,2023-08-12 00:00:00+00:00,1861.92
ETHUSD_230929,ETH,2023-09-29 00:00:00+00:00,2023-08-13 00:00:00+00:00,1851.23
ETHUSD_230929,ETH,2023-09-29 00:00:00+00:00,2023-08-14 00:00:00+00:00,1857.45
ETHUSD_230929,ETH,2023-09-29 00:00:00+00:00,2023-08-15 00:00:00+00:00,1839.56
ETHUSD_230929,ETH,2023-09-29 00:00:00+00:00,2023-08-16 00:00:00+00:00,1816.88
ETHUSD_230929,ETH,2023-09-29 00:00:00+00:00,2023-08-17 00:00:00+00:00,1686.82
ETHUSD_230929,ETH,2023-09-29 00:00:00+00:00,2023-08-18 00:00:00+00:00,1666.66
ETHUSD_230929,ETH,2023-09-29 00:00:00+00:00,2023-08-19 00:00:00+00:00,1672.0
ETHUSD_230929,ETH,2023-09-29 00:00:00+00:00,2023-08-20 00:00:00+00:00,1687.64
ETHUSD_230929,ETH,2023-09-29 00:00:00+00:00,2023-08-21 00:00:00+00:00,1670.31
ETHUSD_230929,ETH,2023-09-29 00:00:00+00:00,2023-08-22 00:00:00+00:00,1635.34
ETHUSD_230929,ETH,2023-09-29 00:00:00+00:00,2023-08-23 00:00:00+00:00,1681.26
ETHUSD_230929,ETH,2023-09-29 00:00:00+00:00,2023-08-24 00:00:00+00:00,1661.91
ETHUSD_230929,ETH,2023-09-29 00:00:00+00:00,2023-08-25 00:00:00+00:00,1654.72
ETHUSD_230929,ETH,2023-09-29 00:00:00+00:00,2023-08-26 00:00:00+00:00,1647.85
ETHUSD_230929,ETH,2023-09-29 00:00:00+00:00,2023-08-27 00:00:00+00:00,1660.05
ETHUSD_230929,ETH,2023-09-29 00:00:00+00:00,2023-09-01 00:00:00+00:00,1629.6
ETHUSD_230929,ETH,2023-09-29 00:00:00+00:00,2023-09-02 00:00:00+00:00,1638.42
ETHUSD_230929,ETH,2023-09-29 00:00:00+00:00,2023-09-03 00:00:00+00:00,1636.07
ETHUSD_230929,ETH,2023-09-29 00:00:00+00:00,2023-09-04 00:00:00+00:00,1630.83
ETHUSD_230929,ETH,2023-09-29 00:00:00+00:00,2023-09-05 00:00:00+00:00,1634.44
ETHUSD_230929,ETH,2023-09-29 00:00:00+00:00,2023-09-06 00:00:00+00:00,1634.05
ETHUSD_230929,ETH,2023-09-29 00:00:00+00:00,2023-09-07 00:00:00+00:00,1649.12
ETHUSD_230929,ETH,2023-09-29 00:00:00+00:00,2023-09-08 00:00:00+00:00,1636.89
ETHUSD_230929,ETH,2023-09-29 00:00:00+00:00,2023-09-09 00:00:00+00:00,1635.19
ETHUSD_230929,ETH,2023-09-29 00:00:00+00:00,2023-09-10 00:00:00+00:00,1617.6
ETHUSD_230929,ETH,2023-09-29 00:00:00+00:00,2023-09-11 00:00:00+00:00,1551.99
ETHUSD_230929,ETH,2023-09-29 00:00:00+00:00,2023-09-12 00:00:00+00:00,1592.45
ETHUSD_230929,ETH,2023-09-29 00:00:00+00:00,2023-09-13 00:00:00+00:00,1606.93
ETHUSD_230929,ETH,2023-09-29 00:00:00+00:00,2023-09-14 00:00:00+00:00,1625.55
ETHUSD_230929,ETH,2023-09-29 00:00:00+00:00,2023-09-15 00:00:00+00:00,1640.34
ETHUSD_230929,ETH,2023-09-29 00:00:00+00:00,2023-09-16 00:00:00+00:00,1632.55
ETHUSD_230929,ETH,2023-09-29 00:00:00+00:00,2023-09-17 00:00:00+00:00,1620.14
ETHUSD_230929,ETH,2023-09-29 00:00:00+00:00,2023-09-18 00:00:00+00:00,1634.64
ETHUSD_230929,ETH,2023-09-29 00:00:00+00:00,2023-09-19 00:00:00+00:00,1641.7
ETHUSD_230929,ETH,2023-09-29 00:00:00+00:00,2023-09-20 00:00:00+00:00,1620.84
ETHUSD_230929,ETH,2023-09-29 00:00:00+00:00,2023-09-21 00:00:00+00:00,1582.64
ETHUSD_230929,ETH,2023-09-29 00:00:00+00:00,2023-09-22 00:00:00+00:00,1591.88
ETHUSD_230929,ETH,2023-09-29 00:00:00+00:00,2023-09-23 00:00:00+00:00,1591.79
ETHUSD_230929,ETH,2023-09-29 00:00:00+00:00,2023-09-24 00:00:00+00:00,1578.55
ETHUSD_230929,ETH,2023-09-29 00:00:00+00:00,2023-09-25 00:00:00+00:00,1586.65
ETHUSD_230929,ETH,2023-09-29 00:00:00+00:00,2023-09-26 00:00:00+00:00,1592.04
ETHUSD_230929,ETH,2023-09-29 00:00:00+00:00,2023-09-27 00:00:00+00:00,1596.0
ETHUSD_230929,ETH,2023-09-29 00:00:00+00:00,2023-09-28 00:00:00+00:00,1650.41
ETHUSD_231229,ETH,2023-12-29 00:00:00+00:00,2023-06-30 00:00:00+00:00,1973.99
ETHUSD_231229,ETH,2023-12-29 00:00:00+00:00,2023-07-01 00:00:00+00:00,1968.12
ETHUSD_231229,ETH,2023-12-29 00:00:00+00:00,2023-07-02 00:00:00+00:00,1981.17
ETHUSD_231229,ETH,2023-12-29 00:00:00+00:00,2023-07-03 00:00:00+00:00,1995.32
ETHUSD_231229,ETH,2023-12-29 00:00:00+00:00,2023-07-04 00:00:00+00:00,1976.16
ETHUSD_231229,ETH,2023-12-29 00:00:00+00:00,2023-07-05 00:00:00+00:00,1948.06
ETHUSD_231229,ETH,2023-12-29 00:00:00+00:00,2023-07-06 00:00:00+00:00,1880.56
ETHUSD_231229,ETH,2023-12-29 00:00:00+00:00,2023-07-07 00:00:00+00:00,1908.39
ETHUSD_231229,ETH,2023-12-29 00:00:00+00:00,2023-07-08 00:00:00+00:00,1904.26
ETHUSD_231229,ETH,2023-12-29 00:00:00+00:00,2023-07-09 00:00:00+00:00,1901.65
ETHUSD_231229,ETH,2023-12-29 00:00:00+00:00,2023-07-10 00:00:00+00:00,1920.09
ETHUSD_231229,ETH,2023-12-29 00:00:00+00:00,2023-07-11 00:00:00+00:00,1915.45
ETHUSD_231229,ETH,2023-12-29 00:00:00+00:00,2023-07-12 00:00:00+00:00,1910.18
ETHUSD_231229,ETH,2023-12-29 00:00:00+00:00,2023-07-13 00:00:00+00:00,2049.21
ETHUSD_231229,ETH,2023-12-29 00:00:00+00:00,2023-07-14 00:00:00+00:00,1980.32
ETHUSD_231229,ETH,2023-12-29 00:00:00+00:00,2023-07-15 00:00:00+00:00,1970.28
ETHUSD_231229,ETH,2023-12-29 00:00:00+00:00,2023-07-16 00:00:00+00:00,1960.44
ETHUSD_231229,ETH,2023-12-29 00:00:00+00:00,2023-07-17 00:00:00+00:00,1946.31
ETHUSD_231229,ETH,2023-12-29 00:00:00+00:00,2023-07-18 00:00:00+00:00,1931.12
ETHUSD_231229,ETH,2023-12-29 00:00:00+00:00,2023-07-19 00:00:00+00:00,1921.99
ETHUSD_231229,ETH,2023-12-29 00:00:00+00:00,2023-07-20 00:00:00+00:00,1921.48
ETHUSD_231229,ETH,2023-12-29 00:00:00+00:00,2023-07-21 00:00:00+00:00,1921.79
ETHUSD_231229,ETH,2023-12-29 00:00:00+00:00,2023-07-22 00:00:00+00:00,1895.66
ETHUSD_231229,ETH,2023-12-29 00:00:00+00:00,2023-07-23 00:00:00+00:00,1918.02
ETHUSD_231229,ETH,2023-12-29 00:00:00+00:00,2023-07-24 00:00:00+00:00,1877.84
ETHUSD_231229,ETH,2023-12-29 00:00:00+00:00,2023-07-25 00:00:00+00:00,1885.41
ETHUSD_231229,ETH,2023-12-29 00:00:00+00:00,2023-07-26 00:00:00+00:00,1900.45
ETHUSD_231229,ETH,2023-12-29 00:00:00+00:00,2023-07-27 00:00:00+00:00,1888.71
ETHUSD_231229,ETH,2023-12-29 00:00:00+00:00,2023-07-28 00:00:00+00:00,1904.77
ETHUSD_231229,ETH,2023-12-29 00:00:00+00:00,2023-07-29 00:00:00+00:00,1911.78
ETHUSD_231229,ETH,2023-12-29 00:00:00+00:00,2023-07-30 00:00:00+00:00,1890.16
ETHUSD_231229,ETH,2023-12-29 00:00:00+00:00,2023-07-31 00:00:00+00:00,1884.74
ETHUSD_231229,ETH,2023-12-29 00:00:00+00:00,2023-08-01 00:00:00+00:00,1904.79
ETHUSD_231229,ETH,2023-12-29 00:00:00+00:00,2023-08-02 00:00:00+00:00,1871.69
ETHUSD_231229,ETH,2023-12-29 00:00:00+00:00,2023-08-03 00:00:00+00:00,1866.18
ETHUSD_231229,ETH,2023-12-29 00:00:00+00:00,2023-08-04 00:00:00+00:00,1857.76
ETHUSD_231229,ETH,2023-12-29 00:00:00+00:00,2023-08-05 00:00:00+00:00,1867.87
ETHUSD_231229,ETH,2023-12-29 00:00:00+00:00,2023-08-06 00:00:00+00:00,1862.01
ETHUSD_231229,ETH,2023-12-29 00:00:00+00:00,2023-08-07 00:00:00+00:00,1862.14
ETHUSD_231229,ETH,2023-12-29 00:00:00+00:00,2023-08-08 00:00:00+00:00,1888.98
ETHUSD_231229,ETH,2023-12-29 00:00:00+00:00,2023-08-09 00:00:00+00:00,1888.49
ETHUSD_231229,ETH,2023-12-29 00:00:00+00:00,2023-08-10 00:00:00+00:00,1885.02
ETHUSD_231229,ETH,2023-12-29 00:00:00+00:00,2023-08-11 00:00:00+00:00,1883.77
ETHUSD_231229,ETH,2023-12-29 00:00:00+00:00,2023-08-12 00:00:00+00:00,1884.37
ETHUSD_231229,ETH,2023-12-29 00:00:00+00:00,2023-08-13 00:00:00+00:00,1874.61
ETHUSD_231229,ETH,2023-12-29 00:00:00+00:00,2023-08-14 00:00:00+00:00,1879.51
ETHUSD_231229,ETH,2023-12-29 00:00:00+00:00,2023-08-15 00:00:00+00:00,1860.97
ETHUSD_231229,ETH,2023-12-29 00:00:00+00:00,2023-08-16 00:00:00+00:00,1838.91
ETHUSD_231229,ETH,2023-12-29 00:00:00+00:00,2023-08-17 00:00:00+00:00,1704.28
ETHUSD_231229,ETH,2023-12-29 00:00:00+00:00,2023-08-18 00:00:00+00:00,1684.3
ETHUSD_231229,ETH,2023-12-29 00:00:00+00:00,2023-08-19 00:00:00+00:00,1692.71
ETHUSD_231229,ETH,2023-12-29 00:00:00+00:00,2023-08-20 00:00:00+00:00,1706.54
ETHUSD_231229,ETH,2023-12-29 00:00:00+00:00,2023-08-21 00:00:00+00:00,1687.28
ETHUSD_231229,ETH,2023-12-29 00:00:00+00:00,2023-08-22 00:00:00+00:00,1653.96
ETHUSD_231229,ETH,2023-12-29 00:00:00+00:00,2023-08-23 00:00:00+00:00,1700.61
ETHUSD_231229,ETH,2023-12-29 00:00:00+00:00,2023-08-24 00:00:00+00:00,1680.62
ETHUSD_231229,ETH,2023-12-29 00:00:00+00:00,2023-08-25 00:00:00+00:00,1673.25
ETHUSD_231229,ETH,2023-12-29 00:00:00+00:00,2023-08-26 00:00:00+00:00,1665.79
ETHUSD_231229,ETH,2023-12-29 00:00:00+00:00,2023-08-27 00:00:00+00:00,1677.88
ETHUSD_231229,ETH,2023-12-29 00:00:00+00:00,2023-09-01 00:00:00+00:00,1649.47
ETHUSD_231229,ETH,2023-12-29 00:00:00+00:00,2023-09-02 00:00:00+00:00,1658.16
ETHUSD_231229,ETH,2023-12-29 00:00:00+00:00,2023-09-03 00:00:00+00:00,1655.96
ETHUSD_231229,ETH,2023-12-29 00:00:00+00:00,2023-09-04 00:00:00+00:00,1650.65
ETHUSD_231229,ETH,2023-12-29 00:00:00+00:00,2023-09-05 00:00:00+00:00,1654.4
ETHUSD_231229,ETH,2023-12-29 00:00:00+00:00,2023-09-06 00:00:00+00:00,1652.5
ETHUSD_231229,ETH,2023-12-29 00:00:00+00:00,2023-09-07 00:00:00+00:00,1668.13
ETHUSD_231229,ETH,2023-12-29 00:00:00+00:00,2023-09-08 00:00:00+00:00,1654.94
ETHUSD_231229,ETH,2023-12-29 00:00:00+00:00,2023-09-09 00:00:00+00:00,1652.84
ETHUSD_231229,ETH,2023-12-29 00:00:00+00:00,2023-09-10 00:00:00+00:00,1634.65
ETHUSD_231229,ETH,2023-12-29 00:00:00+00:00,2023-09-11 00:00:00+00:00,1568.33
ETHUSD_231229,ETH,2023-12-29 00:00:00+00:00,2023-09-12 00:00:00+00:00,1608.34
ETHUSD_231229,ETH,2023-12-29 00:00:00+00:00,2023-09-13 00:00:00+00:00,1623.45
ETHUSD_231229,ETH,2023-12-29 00:00:00+00:00,2023-09-14 00:00:00+00:00,1641.6
ETHUSD_231229,ETH,2023-12-29 00:00:00+00:00,2023-09-15 00:00:00+00:00,1656.59
ETHUSD_231229,ETH,2023-12-29 00:00:00+00:00,2023-09-16 00:00:00+00:00,1649.18
ETHUSD_231229,ETH,2023-12-29 00:00:00+00:00,2023-09-17 00:00:00+00:00,1635.94
ETHUSD_231229,ETH,2023-12-29 00:00:00+00:00,2023-09-18 00:00:00+00:00,1651.24
ETHUSD_231229,ETH,2023-12-29 00:00:00+00:00,2023-09-19 00:00:00+00:00,1658.45
ETHUSD_231229,ETH,2023-12-29 00:00:00+00:00,2023-09-20 00:00:00+00:00,1636.21
ETHUSD_231229,ETH,2023-12-29 00:00:00+00:00,2023-09-21 00:00:00+00:00,1596.65
ETHUSD_231229,ETH,2023-12-29 00:00:00+00:00,2023-09-22 00:00:00+00:00,1606.24
ETHUSD_231229,ETH,2023-12-29 00:00:00+00:00,2023-09-23 00:00:00+00:00,1606.52
ETHUSD_231229,ETH,2023-12-29 00:00:00+00:00,2023-09-24 00:00:00+00:00,1593.54
ETHUSD_231229,ETH,2023-12-29 00:00:00+00:00,2023-09-25 00:00:00+00:00,1602.13
ETHUSD_231229,ETH,2023-12-29 00:00:00+00:00,2023-09-26 00:00:00+00:00,1608.09
ETHUSD_231229,ETH,2023-12-29 00:00:00+00:00,2023-09-27 00:00:00+00:00,1614.1
ETHUSD_231229,ETH,2023-12-29 00:00:00+00:00,2023-09-28 00:00:00+00:00,1671.16
ETHUSD_231229,ETH,2023-12-29 00:00:00+00:00,2023-09-29 00:00:00+00:00,1681.91
ETHUSD_231229,ETH,2023-12-29 00:00:00+00:00,2023-09-30 00:00:00+00:00,1684.49
ETHUSD_231229,ETH,2023-12-29 00:00:00+00:00,2023-10-01 00:00:00+00:00,1746.44
ETHUSD_231229,ETH,2023-12-29 00:00:00+00:00,2023-10-02 00:00:00+00:00,1676.83
ETHUSD_231229,ETH,2023-12-29 00:00:00+00:00,2023-10-03 00:00:00+00:00,1671.25
ETHUSD_231229,ETH,2023-12-29 00:00:00+00:00,2023-10-04 00:00:00+00:00,1659.57
ETHUSD_231229,ETH,2023-12-29 00:00:00+00:00,2023-10-05 00:00:00+00:00,1621.92
ETHUSD_231229,ETH,2023-12-29 00:00:00+00:00,2023-10-06 00:00:00+00:00,1657.29
ETHUSD_231229,ETH,2023-12-29 00:00:00+00:00,2023-10-07 00:00:00+00:00,1645.36
ETHUSD_231229,ETH,2023-12-29 00:00:00+00:00,2023-10-08 00:00:00+00:00,1643.9
ETHUSD_231229,ETH,2023-12-29 00:00:00+00:00,2023-10-09 00:00:00+00:00,1590.49
ETHUSD_231229,ETH,2023-12-29 00:00:00+00:00,2023-10-10 00:00:00+00:00,1576.04
ETHUSD_231229,ETH,2023-12-29 00:00:00+00:00,2023-10-11 00:00:00+00:00,1575.31
ETHUSD_231229,ETH,2023-12-29 00:00:00+00:00,2023-10-12 00:00:00+00:00,1546.66
ETHUSD_231229,ETH,2023-12-29 00:00:00+00:00,2023-10-13 00:00:00+00:00,1559.91
ETHUSD_231229,ETH,2023-12-29 00:00:00+00:00,2023-10-14 00:00:00+00:00,1562.95
ETHUSD_231229,ETH,2023-12-29 00:00:00+00:00,2023-10-15 00:00:00+00:00,1565.73
ETHUSD_231229,ETH,2023-12-29 00:00:00+00:00,2023-10-16 00:00:00+00:00,1609.22
ETHUSD_231229,ETH,2023-12-29 00:00:00+00:00,2023-10-17 00:00:00+00:00,1573.72
ETHUSD_231229,ETH,2023-12-29 00:00:00+00:00,2023-10-18 00:00:00+00:00,1572.31
ETHUSD_231229,ETH,2023-12-29 00:00:00+00:00,2023-10-19 00:00:00+00:00,1576.5
ETHUSD_231229,ETH,2023-12-29 00:00:00+00:00,2023-10-20 00:00:00+00:00,1613.36
ETHUSD_231229,ETH,2023-12-29 00:00:00+00:00,2023-10-21 00:00:00+00:00,1637.1
ETHUSD_231229,ETH,2023-12-29 00:00:00+00:00,2023-10-22 00:00:00+00:00,1670.94
ETHUSD_231229,ETH,2023-12-29 00:00:00+00:00,2023-10-23 00:00:00+00:00,1773.73
ETHUSD_231229,ETH,2023-12-29 00:00:00+00:00,2023-10-24 00:00:00+00:00,1794.37
ETHUSD_231229,ETH,2023-12-29 00:00:00+00:00,2023-10-25 00:00:00+00:00,1796.34
ETHUSD_231229,ETH,2023-12-29 00:00:00+00:00,2023-10-26 00:00:00+00:00,1813.45
ETHUSD_231229,ETH,2023-12-29 00:00:00+00:00,2023-10-27 00:00:00+00:00,1790.1
ETHUSD_231229,ETH,2023-12-29 00:00:00+00:00,2023-10-28 00:00:00+00:00,1788.02
ETHUSD_231229,ETH,2023-12-29 00:00:00+00:00,2023-10-29 00:00:00+00:00,1808.5
ETHUSD_231229,ETH,2023-12-29 00:00:00+00:00,2023-10-30 00:00:00+00:00,1824.73
ETHUSD_231229,ETH,2023-12-29 00:00:00+00:00,2023-10-31 00:00:00+00:00,1833.99
ETHUSD_231229,ETH,2023-12-29 00:00:00+00:00,2023-11-01 00:00:00+00:00,1867.67
ETHUSD_231229,ETH,2023-12-29 00:00:00+00:00,2023-11-02 00:00:00+00:00,1813.31
ETHUSD_231229,ETH,2023-12-29 00:00:00+00:00,2023-11-03 00:00:00+00:00,1846.87
ETHUSD_231229,ETH,2023-12-29 00:00:00+00:00,2023-11-04 00:00:00+00:00,1874.73
ETHUSD_231229,ETH,2023-12-29 00:00:00+00:00,2023-11-05 00:00:00+00:00,1912.29
ETHUSD_231229,ETH,2023-12-29 00:00:00+00:00,2023-11-06 00:00:00+00:00,1919.84
ETHUSD_231229,ETH,2023-12-29 00:00:00+00:00,2023-11-07 00:00:00+00:00,1906.09
ETHUSD_231229,ETH,2023-12-29 00:00:00+00:00,2023-11-08 00:00:00+00:00,1908.1
ETHUSD_231229,ETH,2023-12-29 00:00:00+00:00,2023-11-09 00:00:00+00:00,2141.62
ETHUSD_231229,ETH,2023-12-29 00:00:00+00:00,2023-11-10 00:00:00+00:00,2101.02
ETHUSD_231229,ETH,2023-12-29 00:00:00+00:00,2023-11-11 00:00:00+00:00,2075.85
ETHUSD_231229,ETH,2023-12-29 00:00:00+00:00,2023-11-12 00:00:00+00:00,2068.19
ETHUSD_231229,ETH,2023-12-29 00:00:00+00:00,2023-11-13 00:00:00+00:00,2077.01
ETHUSD_231229,ETH,2023-12-29 00:00:00+00:00,2023-11-14 00:00:00+00:00,1996.44
ETHUSD_231229,ETH,2023-12-29 00:00:00+00:00,2023-11-15 00:00:00+00:00,2082.0
ETHUSD_231229,ETH,2023-12-29 00:00:00+00:00,2023-11-16 00:00:00+00:00,1975.65
ETHUSD_231229,ETH,2023-12-29 00:00:00+00:00,2023-11-17 00:00:00+00:00,1978.5
ETHUSD_231229,ETH,2023-12-29 00:00:00+00:00,2023-11-18 00:00:00+00:00,1978.08
ETHUSD_231229,ETH,2023-12-29 00:00:00+00:00,2023-11-19 00:00:00+00:00,2029.29
ETHUSD_231229,ETH,2023-12-29 00:00:00+00:00,2023-11-20 00:00:00+00:00,2037.56
ETHUSD_231229,ETH,2023-12-29 00:00:00+00:00,2023-11-21 00:00:00+00:00,1947.96
ETHUSD_231229,ETH,2023-12-29 00:00:00+00:00,2023-11-22 00:00:00+00:00,2082.31
ETHUSD_231229,ETH,2023-12-29 00:00:00+00:00,2023-11-23 00:00:00+00:00,2078.04
ETHUSD_231229,ETH,2023-12-29 00:00:00+00:00,2023-11-24 00:00:00+00:00,2099.93
ETHUSD_231229,ETH,2023-12-29 00:00:00+00:00,2023-11-25 00:00:00+00:00,2100.34
ETHUSD_231229,ETH,2023-12-29 00:00:00+00:00,2023-11-26 00:00:00+00:00,2076.55
ETHUSD_231229,ETH,2023-12-29 00:00:00+00:00,2023-11-27 00:00:00+00:00,2038.48
ETHUSD_231229,ETH,2023-12-29 00:00:00+00:00,2023-11-28 00:00:00+00:00,2063.96
ETHUSD_231229,ETH,2023-12-29 00:00:00+00:00,2023-11-29 00:00:00+00:00,2042.41
ETHUSD_231229,ETH,2023-12-29 00:00:00+00:00,2023-11-30 00:00:00+00:00,2065.37
ETHUSD_231229,ETH,2023-12-29 00:00:00+00:00,2023-12-01 00:00:00+00:00,2100.53
ETHUSD_231229,ETH,2023-12-29 00:00:00+00:00,2023-12-02 00:00:00+00:00,2181.7
ETHUSD_231229,ETH,2023-12-29 00:00:00+00:00,2023-12-03 00:00:00+00:00,2208.03
ETHUSD_231229,ETH,2023-12-29 00:00:00+00:00,2023-12-04 00:00:00+00:00,2254.09
ETHUSD_231229,ETH,2023-12-29 00:00:00+00:00,2023-12-05 00:00:00+00:00,2307.58
ETHUSD_231229,ETH,2023-12-29 00:00:00+00:00,2023-12-06 00:00:00+00:00,2244.73
ETHUSD_231229,ETH,2023-12-29 00:00:00+00:00,2023-12-07 00:00:00+00:00,2371.13
ETHUSD_231229,ETH,2023-12-29 00:00:00+00:00,2023-12-08 00:00:00+00:00,2370.49
ETHUSD_231229,ETH,2023-12-29 00:00:00+00:00,2023-12-09 00:00:00+00:00,2353.86
ETHUSD_231229,ETH,2023-12-29 00:00:00+00:00,2023-12-10 00:00:00+00:00,2362.69
ETHUSD_231229,ETH,2023-12-29 00:00:00+00:00,2023-12-11 00:00:00+00:00,2237.0
ETHUSD_231229,ETH,2023-12-29 00:00:00+00:00,2023-12-12 00:00:00+00:00,2214.18
ETHUSD_231229,ETH,2023-12-29 00:00:00+00:00,2023-12-13 00:00:00+00:00,2271.62
ETHUSD_231229,ETH,2023-12-29 00:00:00+00:00,2023-12-14 00:00:00+00:00,2324.16
ETHUSD_231229,ETH,2023-12-29 00:00:00+00:00,2023-12-15 00:00:00+00:00,2226.48
ETHUSD_231229,ETH,2023-12-29 00:00:00+00:00,2023-12-16 00:00:00+00:00,2235.11
ETHUSD_231229,ETH,2023-12-29 00:00:00+00:00,2023-12-17 00:00:00+00:00,2203.11
ETHUSD_231229,ETH,2023-12-29 00:00:00+00:00,2023-12-18 00:00:00+00:00,2226.3
ETHUSD_231229,ETH,2023-12-29 00:00:00+00:00,2023-12-19 00:00:00+00:00,2183.2
ETHUSD_231229,ETH,2023-12-29 00:00:00+00:00,2023-12-20 00:00:00+00:00,2208.78
ETHUSD_231229,ETH,2023-12-29 00:00:00+00:00,2023-12-21 00:00:00+00:00,2247.67
ETHUSD_231229,ETH,2023-12-29 00:00:00+00:00,2023-12-22 00:00:00+00:00,2331.89
ETHUSD_231229,ETH,2023-12-29 00:00:00+00:00,2023-12-23 00:00:00+00:00,2314.44
ETHUSD_231229,ETH,2023-12-29 00:00:00+00:00,2023-12-24 00:00:00+00:00,2268.43
ETHUSD_231229,ETH,2023-12-29 00:00:00+00:00,2023-12-25 00:00:00+00:00,2274.83
ETHUSD_231229,ETH,2023-12-29 00:00:00+00:00,2023-12-26 00:00:00+00:00,2234.07
ETHUSD_231229,ETH,2023-12-29 00:00:00+00:00,2023-12-27 00:00:00+00:00,2383.8
ETHUSD_231229,ETH,2023-12-29 00:00:00+00:00,2023-12-28 00:00:00+00:00,2347.88
ETHUSD_240329,ETH,2024-03-29 00:00:00+00:00,2023-09-29 00:00:00+00:00,1699.51
ETHUSD_240329,ETH,2024-03-29 00:00:00+00:00,2023-09-30 00:00:00+00:00,1700.54
ETHUSD_240329,ETH,2024-03-29 00:00:00+00:00,2023-10-01 00:00:00+00:00,1761.88
ETHUSD_240329,ETH,2024-03-29 00:00:00+00:00,2023-10-02 00:00:00+00:00,1698.35
ETHUSD_240329,ETH,2024-03-29 00:00:00+00:00,2023-10-03 00:00:00+00:00,1692.43
ETHUSD_240329,ETH,2024-03-29 00:00:00+00:00,2023-10-04 00:00:00+00:00,1681.99
ETHUSD_240329,ETH,2024-03-29 00:00:00+00:00,2023-10-05 00:00:00+00:00,1645.52
ETHUSD_240329,ETH,2024-03-29 00:00:00+00:00,2023-10-06 00:00:00+00:00,1678.58
ETHUSD_240329,ETH,2024-03-29 00:00:00+00:00,2023-10-07 00:00:00+00:00,1663.9
ETHUSD_240329,ETH,2024-03-29 00:00:00+00:00,2023-10-08 00:00:00+00:00,1661.93
ETHUSD_240329,ETH,2024-03-29 00:00:00+00:00,2023-10-09 00:00:00+00:00,1608.2
ETHUSD_240329,ETH,2024-03-29 00:00:00+00:00,2023-10-10 00:00:00+00:00,1594.1
ETHUSD_240329,ETH,2024-03-29 00:00:00+00:00,2023-10-11 00:00:00+00:00,1593.02
ETHUSD_240329,ETH,2024-03-29 00:00:00+00:00,2023-10-12 00:00:00+00:00,1563.69
ETHUSD_240329,ETH,2024-03-29 00:00:00+00:00,2023-10-13 00:00:00+00:00,1577.5
ETHUSD_240329,ETH,2024-03-29 00:00:00+00:00,2023-10-14 00:00:00+00:00,1581.21
ETHUSD_240329,ETH,2024-03-29 00:00:00+00:00,2023-10-15 00:00:00+00:00,1584.17
ETHUSD_240329,ETH,2024-03-29 00:00:00+00:00,2023-10-16 00:00:00+00:00,1626.81
ETHUSD_240329,ETH,2024-03-29 00:00:00+00:00,2023-10-17 00:00:00+00:00,1589.36
ETHUSD_240329,ETH,2024-03-29 00:00:00+00:00,2023-10-18 00:00:00+00:00,1588.91
ETHUSD_240329,ETH,2024-03-29 00:00:00+00:00,2023-10-19 00:00:00+00:00,1592.35
ETHUSD_240329,ETH,2024-03-29 00:00:00+00:00,2023-10-20 00:00:00+00:00,1629.92
ETHUSD_240329,ETH,2024-03-29 00:00:00+00:00,2023-10-21 00:00:00+00:00,1654.77
ETHUSD_240329,ETH,2024-03-29 00:00:00+00:00,2023-10-22 00:00:00+00:00,1688.74
ETHUSD_240329,ETH,2024-03-29 00:00:00+00:00,2023-10-23 00:00:00+00:00,1787.83
ETHUSD_240329,ETH,2024-03-29 00:00:00+00:00,2023-10-24 00:00:00+00:00,1814.55
ETHUSD_240329,ETH,2024-03-29 00:00:00+00:00,2023-10-25 00:00:00+00:00,1817.85
ETHUSD_240329,ETH,2024-03-29 00:00:00+00:00,2023-10-26 00:00:00+00:00,1835.61
ETHUSD_240329,ETH,2024-03-29 00:00:00+00:00,2023-10-27 00:00:00+00:00,1813.47
ETHUSD_240329,ETH,2024-03-29 00:00:00+00:00,2023-10-28 00:00:00+00:00,1810.4
ETHUSD_240329,ETH,2024-03-29 00:00:00+00:00,2023-10-29 00:00:00+00:00,1830.55
ETHUSD_240329,ETH,2024-03-29 00:00:00+00:00,2023-10-30 00:00:00+00:00,1848.15
ETHUSD_240329,ETH,2024-03-29 00:00:00+00:00,2023-10-31 00:00:00+00:00,1856.0
ETHUSD_240329,ETH,2024-03-29 00:00:00+00:00,2023-11-01 00:00:00+00:00,1891.83
ETHUSD_240329,ETH,2024-03-29 00:00:00+00:00,2023-11-02 00:00:00+00:00,1841.42
ETHUSD_240329,ETH,2024-03-29 00:00:00+00:00,2023-11-03 00:00:00+00:00,1874.8
ETHUSD_240329,ETH,2024-03-29 00:00:00+00:00,2023-11-04 00:00:00+00:00,1899.69
ETHUSD_240329,ETH,2024-03-29 00:00:00+00:00,2023-11-05 00:00:00+00:00,1942.93
ETHUSD_240329,ETH,2024-03-29 00:00:00+00:00,2023-11-06 00:00:00+00:00,1949.37
ETHUSD_240329,ETH,2024-03-29 00:00:00+00:00,2023-11-07 00:00:00+00:00,1938.65
ETHUSD_240329,ETH,2024-03-29 00:00:00+00:00,2023-11-08 00:00:00+00:00,1939.79
ETHUSD_240329,ETH,2024-03-29 00:00:00+00:00,2023-11-09 00:00:00+00:00,2184.68
ETHUSD_240329,ETH,2024-03-29 00:00:00+00:00,2023-11-10 00:00:00+00:00,2141.86
ETHUSD_240329,ETH,2024-03-29 00:00:00+00:00,2023-11-11 00:00:00+00:00,2113.0
ETHUSD_240329,ETH,2024-03-29 00:00:00+00:00,2023-11-12 00:00:00+00:00,2102.46
ETHUSD_240329,ETH,2024-03-29 00:00:00+00:00,2023-11-13 00:00:00+00:00,2115.61
ETHUSD_240329,ETH,2024-03-29 00:00:00+00:00,2023-11-14 00:00:00+00:00,2034.83
ETHUSD_240329,ETH,2024-03-29 00:00:00+00:00,2023-11-15 00:00:00+00:00,2119.37
ETHUSD_240329,ETH,2024-03-29 00:00:00+00:00,2023-11-16 00:00:00+00:00,2011.55
ETHUSD_240329,ETH,2024-03-29 00:00:00+00:00,2023-11-17 00:00:00+00:00,2010.89
ETHUSD_240329,ETH,2024-03-29 00:00:00+00:00,2023-11-18 00:00:00+00:00,2010.57
ETHUSD_240329,ETH,2024-03-29 00:00:00+00:00,2023-11-19 00:00:00+00:00,2062.46
ETHUSD_240329,ETH,2024-03-29 00:00:00+00:00,2023-11-20 00:00:00+00:00,2073.27
ETHUSD_240329,ETH,2024-03-29 00:00:00+00:00,2023-11-21 00:00:00+00:00,1976.5
ETHUSD_240329,ETH,2024-03-29 00:00:00+00:00,2023-11-22 00:00:00+00:00,2114.49
ETHUSD_240329,ETH,2024-03-29 00:00:00+00:00,2023-11-23 00:00:00+00:00,2113.36
ETHUSD_240329,ETH,2024-03-29 00:00:00+00:00,2023-11-24 00:00:00+00:00,2133.69
ETHUSD_240329,ETH,2024-03-29 00:00:00+00:00,2023-11-25 00:00:00+00:00,2136.67
ETHUSD_240329,ETH,2024-03-29 00:00:00+00:00,2023-11-26 00:00:00+00:00,2112.48
ETHUSD_240329,ETH,2024-03-29 00:00:00+00:00,2023-11-27 00:00:00+00:00,2076.15
ETHUSD_240329,ETH,2024-03-29 00:00:00+00:00,2023-11-28 00:00:00+00:00,2098.95
ETHUSD_240329,ETH,2024-03-29 00:00:00+00:00,2023-11-29 00:00:00+00:00,2075.41
ETHUSD_240329,ETH,2024-03-29 00:00:00+00:00,2023-11-30 00:00:00+00:00,2099.35
ETHUSD_240329,ETH,2024-03-29 00:00:00+00:00,2023-12-01 00:00:00+00:00,2137.83
ETHUSD_240329,ETH,2024-03-29 00:00:00+00:00,2023-12-02 00:00:00+00:00,2224.4
ETHUSD_240329,ETH,2024-03-29 00:00:00+00:00,2023-12-03 00:00:00+00:00,2250.82
ETHUSD_240329,ETH,2024-03-29 00:00:00+00:00,2023-12-04 00:00:00+00:00,2298.38
ETHUSD_240329,ETH,2024-03-29 00:00:00+00:00,2023-12-05 00:00:00+00:00,2347.44
ETHUSD_240329,ETH,2024-03-29 00:00:00+00:00,2023-12-06 00:00:00+00:00,2282.54
ETHUSD_240329,ETH,2024-03-29 00:00:00+00:00,2023-12-07 00:00:00+00:00,2414.65
ETHUSD_240329,ETH,2024-03-29 00:00:00+00:00,2023-12-08 00:00:00+00:00,2412.77
ETHUSD_240329,ETH,2024-03-29 00:00:00+00:00,2023-12-09 00:00:00+00:00,2396.86
ETHUSD_240329,ETH,2024-03-29 00:00:00+00:00,2023-12-10 00:00:00+00:00,2403.74
ETHUSD_240329,ETH,2024-03-29 00:00:00+00:00,2023-12-11 00:00:00+00:00,2280.41
ETHUSD_240329,ETH,2024-03-29 00:00:00+00:00,2023-12-12 00:00:00+00:00,2253.86
ETHUSD_240329,ETH,2024-03-29 00:00:00+00:00,2023-12-13 00:00:00+00:00,2316.77
ETHUSD_240329,ETH,2024-03-29 00:00:00+00:00,2023-12-14 00:00:00+00:00,2367.5
ETHUSD_240329,ETH,2024-03-29 00:00:00+00:00,2023-12-15 00:00:00+00:00,2271.04
ETHUSD_240329,ETH,2024-03-29 00:00:00+00:00,2023-12-16 00:00:00+00:00,2280.14
ETHUSD_240329,ETH,2024-03-29 00:00:00+00:00,2023-12-17 00:00:00+00:00,2247.94
ETHUSD_240329,ETH,2024-03-29 00:00:00+00:00,2023-12-18 00:00:00+00:00,2271.6
ETHUSD_240329,ETH,2024-03-29 00:00:00+00:00,2023-12-19 00:00:00+00:00,2228.16
ETHUSD_240329,ETH,2024-03-29 00:00:00+00:00,2023-12-20 00:00:00+00:00,2259.95
ETHUSD_240329,ETH,2024-03-29 00:00:00+00:00,2023-12-21 00:00:00+00:00,2307.15
ETHUSD_240329,ETH,2024-03-29 00:00:00+00:00,2023-12-22 00:00:00+00:00,2402.48
ETHUSD_240329,ETH,2024-03-29 00:00:00+00:00,2023-12-23 00:00:00+00:00,2385.21
ETHUSD_240329,ETH,2024-03-29 00:00:00+00:00,2023-12-24 00:00:00+00:00,2338.02
ETHUSD_240329,ETH,2024-03-29 00:00:00+00:00,2023-12-25 00:00:00+00:00,2344.73
ETHUSD_240329,ETH,2024-03-29 00:00:00+00:00,2023-12-26 00:00:00+00:00,2308.41
ETHUSD_240329,ETH,2024-03-29 00:00:00+00:00,2023-12-27 00:00:00+00:00,2477.78
ETHUSD_240329,ETH,2024-03-29 00:00:00+00:00,2023-12-28 00:00:00+00:00,2444.59
ETHUSD_240329,ETH,2024-03-29 00:00:00+00:00,2023-12-29 00:00:00+00:00,2393.9
ETHUSD_240329,ETH,2024-03-29 00:00:00+00:00,2023-12-30 00:00:00+00:00,2386.03
ETHUSD_240329,ETH,2024-03-29 00:00:00+00:00,2023-12-31 00:00:00+00:00,2383.94
ETHUSD_240329,ETH,2024-03-29 00:00:00+00:00,2024-01-01 00:00:00+00:00,2463.62
ETHUSD_240329,ETH,2024-03-29 00:00:00+00:00,2024-01-02 00:00:00+00:00,2476.68
ETHUSD_240329,ETH,2024-03-29 00:00:00+00:00,2024-01-03 00:00:00+00:00,2297.3
ETHUSD_240329,ETH,2024-03-29 00:00:00+00:00,2024-01-04 00:00:00+00:00,2353.89
ETHUSD_240329,ETH,2024-03-29 00:00:00+00:00,2024-01-05 00:00:00+00:00,2349.7
ETHUSD_240329,ETH,2024-03-29 00:00:00+00:00,2024-01-06 00:00:00+00:00,2313.63
ETHUSD_240329,ETH,2024-03-29 00:00:00+00:00,2024-01-07 00:00:00+00:00,2291.84
ETHUSD_240329,ETH,2024-03-29 00:00:00+00:00,2024-01-08 00:00:00+00:00,2411.57
ETHUSD_240329,ETH,2024-03-29 00:00:00+00:00,2024-01-09 00:00:00+00:00,2422.61
ETHUSD_240329,ETH,2024-03-29 00:00:00+00:00,2024-01-10 00:00:00+00:00,2657.86
ETHUSD_240329,ETH,2024-03-29 00:00:00+00:00,2024-01-11 00:00:00+00:00,2685.64
ETHUSD_240329,ETH,2024-03-29 00:00:00+00:00,2024-01-12 00:00:00+00:00,2577.44
ETHUSD_240329,ETH,2024-03-29 00:00:00+00:00,2024-01-13 00:00:00+00:00,2630.55
ETHUSD_240329,ETH,2024-03-29 00:00:00+00:00,2024-01-14 00:00:00+00:00,2521.24
ETHUSD_240329,ETH,2024-03-29 00:00:00+00:00,2024-01-15 00:00:00+00:00,2561.42
ETHUSD_240329,ETH,2024-03-29 00:00:00+00:00,2024-01-16 00:00:00+00:00,2643.39
ETHUSD_240329,ETH,2024-03-29 00:00:00+00:00,2024-01-17 00:00:00+00:00,2581.54
ETHUSD_240329,ETH,2024-03-29 00:00:00+00:00,2024-01-18 00:00:00+00:00,2518.82
ETHUSD_240329,ETH,2024-03-29 00:00:00+00:00,2024-01-19 00:00:00+00:00,2540.66
ETHUSD_240329,ETH,2024-03-29 00:00:00+00:00,2024-01-20 00:00:00+00:00,2518.22
ETHUSD_240329,ETH,2024-03-29 00:00:00+00:00,2024-01-21 00:00:00+00:00,2502.35
ETHUSD_240329,ETH,2024-03-29 00:00:00+00:00,2024-01-22 00:00:00+00:00,2350.23
ETHUSD_240329,ETH,2024-03-29 00:00:00+00:00,2024-01-23 00:00:00+00:00,2279.66
ETHUSD_240329,ETH,2024-03-29 00:00:00+00:00,2024-01-24 00:00:00+00:00,2270.7
ETHUSD_240329,ETH,2024-03-29 00:00:00+00:00,2024-01-25 00:00:00+00:00,2252.15
ETHUSD_240329,ETH,2024-03-29 00:00:00+00:00,2024-01-26 00:00:00+00:00,2302.7
ETHUSD_240329,ETH,2024-03-29 00:00:00+00:00,2024-01-27 00:00:00+00:00,2303.96
ETHUSD_240329,ETH,2024-03-29 00:00:00+00:00,2024-01-28 00:00:00+00:00,2291.81
ETHUSD_240329,ETH,2024-03-29 00:00:00+00:00,2024-01-29 00:00:00+00:00,2353.87
ETHUSD_240329,ETH,2024-03-29 00:00:00+00:00,2024-01-30 00:00:00+00:00,2380.06
ETHUSD_240329,ETH,2024-03-29 00:00:00+00:00,2024-01-31 00:00:00+00:00,2315.68
ETHUSD_240329,ETH,2024-03-29 00:00:00+00:00,2024-02-01 00:00:00+00:00,2335.6
ETHUSD_240329,ETH,2024-03-29 00:00:00+00:00,2024-02-02 00:00:00+00:00,2339.61
ETHUSD_240329,ETH,2024-03-29 00:00:00+00:00,2024-02-03 00:00:00+00:00,2322.14
ETHUSD_240329,ETH,2024-03-29 00:00:00+00:00,2024-02-04 00:00:00+00:00,2316.42
ETHUSD_240329,ETH,2024-03-29 00:00:00+00:00,2024-02-05 00:00:00+00:00,2328.86
ETHUSD_240329,ETH,2024-03-29 00:00:00+00:00,2024-02-06 00:00:00+00:00,2400.4
ETHUSD_240329,ETH,2024-03-29 00:00:00+00:00,2024-02-07 00:00:00+00:00,2455.28
ETHUSD_240329,ETH,2024-03-29 00:00:00+00:00,2024-02-08 00:00:00+00:00,2452.45
ETHUSD_240329,ETH,2024-03-29 00:00:00+00:00,2024-02-09 00:00:00+00:00,2515.35
ETHUSD_240329,ETH,2024-03-29 00:00:00+00:00,2024-02-10 00:00:00+00:00,2530.63
ETHUSD_240329,ETH,2024-03-29 00:00:00+00:00,2024-02-11 00:00:00+00:00,2536.56
ETHUSD_240329,ETH,2024-03-29 00:00:00+00:00,2024-02-12 00:00:00+00:00,2696.88
ETHUSD_240329,ETH,2024-03-29 00:00:00+00:00,2024-02-13 00:00:00+00:00,2675.36
ETHUSD_240329,ETH,2024-03-29 00:00:00+00:00,2024-02-14 00:00:00+00:00,2822.29
ETHUSD_240329,ETH,2024-03-29 00:00:00+00:00,2024-02-15 00:00:00+00:00,2872.01
ETHUSD_240329,ETH,2024-03-29 00:00:00+00:00,2024-02-16 00:00:00+00:00,2845.82
ETHUSD_240329,ETH,2024-03-29 00:00:00+00:00,2024-02-17 00:00:00+00:00,2826.14
ETHUSD_240329,ETH,2024-03-29 00:00:00+00:00,2024-02-18 00:00:00+00:00,2924.52
ETHUSD_240329,ETH,2024-03-29 00:00:00+00:00,2024-02-19 00:00:00+00:00,2988.0
ETHUSD_240329,ETH,2024-03-29 00:00:00+00:00,2024-02-20 00:00:00+00:00,3062.55
ETHUSD_240329,ETH,2024-03-29 00:00:00+00:00,2024-02-21 00:00:00+00:00,3012.31
ETHUSD_240329,ETH,2024-03-29 00:00:00+00:00,2024-02-22 00:00:00+00:00,3014.55
ETHUSD_240329,ETH,2024-03-29 00:00:00+00:00,2024-02-23 00:00:00+00:00,2960.58
ETHUSD_240329,ETH,2024-03-29 00:00:00+00:00,2024-02-24 00:00:00+00:00,3037.41
ETHUSD_240329,ETH,2024-03-29 00:00:00+00:00,2024-02-25 00:00:00+00:00,3162.33
ETHUSD_240329,ETH,2024-03-29 00:00:00+00:00,2024-02-26 00:00:00+00:00,3224.9
ETHUSD_240329,ETH,2024-03-29 00:00:00+00:00,2024-02-27 00:00:00+00:00,3291.21
ETHUSD_240329,ETH,2024-03-29 00:00:00+00:00,2024-02-28 00:00:00+00:00,3433.24
ETHUSD_240329,ETH,2024-03-29 00:00:00+00:00,2024-02-29 00:00:00+00:00,3392.2
ETHUSD_240329,ETH,2024-03-29 00:00:00+00:00,2024-03-01 00:00:00+00:00,3474.63
ETHUSD_240329,ETH,2024-03-29 00:00:00+00:00,2024-03-02 00:00:00+00:00,3464.7
ETHUSD_240329,ETH,2024-03-29 00:00:00+00:00,2024-03-03 00:00:00+00:00,3546.45
ETHUSD_240329,ETH,2024-03-29 00:00:00+00:00,2024-03-04 00:00:00+00:00,3709.96
ETHUSD_240329,ETH,2024-03-29 00:00:00+00:00,2024-03-05 00:00:00+00:00,3636.14
ETHUSD_240329,ETH,2024-03-29 00:00:00+00:00,2024-03-06 00:00:00+00:00,3896.67
ETHUSD_240329,ETH,2024-03-29 00:00:00+00:00,2024-03-07 00:00:00+00:00,3935.42
ETHUSD_240329,ETH,2024-03-29 00:00:00+00:00,2024-03-08 00:00:00+00:00,3947.59
ETHUSD_240329,ETH,2024-03-29 00:00:00+00:00,2024-03-09 00:00:00+00:00,3969.81
ETHUSD_240329,ETH,2024-03-29 00:00:00+00:00,2024-03-10 00:00:00+00:00,3940.71
ETHUSD_240329,ETH,2024-03-29 00:00:00+00:00,2024-03-11 00:00:00+00:00,4138.23
ETHUSD_240329,ETH,2024-03-29 00:00:00+00:00,2024-03-12 00:00:00+00:00,4044.17
ETHUSD_240329,ETH,2024-03-29 00:00:00+00:00,2024-03-13 00:00:00+00:00,4058.06
ETHUSD_240329,ETH,2024-03-29 00:00:00+00:00,2024-03-14 00:00:00+00:00,3930.99
ETHUSD_240329,ETH,2024-03-29 00:00:00+00:00,2024-03-15 00:00:00+00:00,3775.94
ETHUSD_240329,ETH,2024-03-29 00:00:00+00:00,2024-03-16 00:00:00+00:00,3553.2
ETHUSD_240329,ETH,2024-03-29 00:00:00+00:00,2024-03-17 00:00:00+00:00,3674.66
ETHUSD_240329,ETH,2024-03-29 00:00:00+00:00,2024-03-18 00:00:00+00:00,3542.7
ETHUSD_240329,ETH,2024-03-29 00:00:00+00:00,2024-03-19 00:00:00+00:00,3175.92
ETHUSD_240329,ETH,2024-03-29 00:00:00+00:00,2024-03-20 00:00:00+00:00,3527.42
ETHUSD_240329,ETH,2024-03-29 00:00:00+00:00,2024-03-21 00:00:00+00:00,3505.86
ETHUSD_240329,ETH,2024-03-29 00:00:00+00:00,2024-03-22 00:00:00+00:00,3341.72
ETHUSD_240329,ETH,2024-03-29 00:00:00+00:00,2024-03-23 00:00:00+00:00,3337.63
ETHUSD_240329,ETH,2024-03-29 00:00:00+00:00,2024-03-24 00:00:00+00:00,3463.45
ETHUSD_240329,ETH,2024-03-29 00:00:00+00:00,2024-03-25 00:00:00+00:00,3601.38
ETHUSD_240329,ETH,2024-03-29 00:00:00+00:00,2024-03-26 00:00:00+00:00,3598.1
ETHUSD_240329,ETH,2024-03-29 00:00:00+00:00,2024-03-27 00:00:00+00:00,3507.12
ETHUSD_240329,ETH,2024-03-29 00:00:00+00:00,2024-03-28 00:00:00+00:00,3556.82
ETHUSD_240628,ETH,2024-06-28 00:00:00+00:00,2023-12-29 00:00:00+00:00,2467.28
ETHUSD_240628,ETH,2024-06-28 00:00:00+00:00,2023-12-30 00:00:00+00:00,2462.05
ETHUSD_240628,ETH,2024-06-28 00:00:00+00:00,2023-12-31 00:00:00+00:00,2468.97
ETHUSD_240628,ETH,2024-06-28 00:00:00+00:00,2024-01-01 00:00:00+00:00,2551.86
ETHUSD_240628,ETH,2024-06-28 00:00:00+00:00,2024-01-02 00:00:00+00:00,2573.01
ETHUSD_240628,ETH,2024-06-28 00:00:00+00:00,2024-01-03 00:00:00+00:00,2378.9
ETHUSD_240628,ETH,2024-06-28 00:00:00+00:00,2024-01-04 00:00:00+00:00,2439.3
ETHUSD_240628,ETH,2024-06-28 00:00:00+00:00,2024-01-05 00:00:00+00:00,2435.0
ETHUSD_240628,ETH,2024-06-28 00:00:00+00:00,2024-01-06 00:00:00+00:00,2384.78
ETHUSD_240628,ETH,2024-06-28 00:00:00+00:00,2024-01-07 00:00:00+00:00,2362.56
ETHUSD_240628,ETH,2024-06-28 00:00:00+00:00,2024-01-08 00:00:00+00:00,2481.55
ETHUSD_240628,ETH,2024-06-28 00:00:00+00:00,2024-01-09 00:00:00+00:00,2493.36
ETHUSD_240628,ETH,2024-06-28 00:00:00+00:00,2024-01-10 00:00:00+00:00,2742.34
ETHUSD_240628,ETH,2024-06-28 00:00:00+00:00,2024-01-11 00:00:00+00:00,2789.22
ETHUSD_240628,ETH,2024-06-28 00:00:00+00:00,2024-01-12 00:00:00+00:00,2661.38
ETHUSD_240628,ETH,2024-06-28 00:00:00+00:00,2024-01-13 00:00:00+00:00,2717.24
ETHUSD_240628,ETH,2024-06-28 00:00:00+00:00,2024-01-14 00:00:00+00:00,2606.35
ETHUSD_240628,ETH,2024-06-28 00:00:00+00:00,2024-01-15 00:00:00+00:00,2646.5
ETHUSD_240628,ETH,2024-06-28 00:00:00+00:00,2024-01-16 00:00:00+00:00,2727.17
ETHUSD_240628,ETH,2024-06-28 00:00:00+00:00,2024-01-17 00:00:00+00:00,2660.85
ETHUSD_240628,ETH,2024-06-28 00:00:00+00:00,2024-01-18 00:00:00+00:00,2598.5
ETHUSD_240628,ETH,2024-06-28 00:00:00+00:00,2024-01-19 00:00:00+00:00,2615.02
ETHUSD_240628,ETH,2024-06-28 00:00:00+00:00,2024-01-20 00:00:00+00:00,2591.06
ETHUSD_240628,ETH,2024-06-28 00:00:00+00:00,2024-01-21 00:00:00+00:00,2575.76
ETHUSD_240628,ETH,2024-06-28 00:00:00+00:00,2024-01-22 00:00:00+00:00,2416.33
ETHUSD_240628,ETH,2024-06-28 00:00:00+00:00,2024-01-23 00:00:00+00:00,2338.26
ETHUSD_240628,ETH,2024-06-28 00:00:00+00:00,2024-01-24 00:00:00+00:00,2330.65
ETHUSD_240628,ETH,2024-06-28 00:00:00+00:00,2024-01-25 00:00:00+00:00,2314.66
ETHUSD_240628,ETH,2024-06-28 00:00:00+00:00,2024-01-26 00:00:00+00:00,2359.47
ETHUSD_240628,ETH,2024-06-28 00:00:00+00:00,2024-01-27 00:00:00+00:00,2363.24
ETHUSD_240628,ETH,2024-06-28 00:00:00+00:00,2024-01-28 00:00:00+00:00,2353.03
ETHUSD_240628,ETH,2024-06-28 00:00:00+00:00,2024-01-29 00:00:00+00:00,2416.0
ETHUSD_240628,ETH,2024-06-28 00:00:00+00:00,2024-01-30 00:00:00+00:00,2441.07
ETHUSD_240628,ETH,2024-06-28 00:00:00+00:00,2024-01-31 00:00:00+00:00,2375.38
ETHUSD_240628,ETH,2024-06-28 00:00:00+00:00,2024-02-01 00:00:00+00:00,2396.8
ETHUSD_240628,ETH,2024-06-28 00:00:00+00:00,2024-02-02 00:00:00+00:00,2397.37
ETHUSD_240628,ETH,2024-06-28 00:00:00+00:00,2024-02-03 00:00:00+00:00,2380.69
ETHUSD_240628,ETH,2024-06-28 00:00:00+00:00,2024-02-04 00:00:00+00:00,2371.7
ETHUSD_240628,ETH,2024-06-28 00:00:00+00:00,2024-02-05 00:00:00+00:00,2384.38
ETHUSD_240628,ETH,2024-06-28 00:00:00+00:00,2024-02-06 00:00:00+00:00,2457.46
ETHUSD_240628,ETH,2024-06-28 00:00:00+00:00,2024-02-07 00:00:00+00:00,2513.64
ETHUSD_240628,ETH,2024-06-28 00:00:00+00:00,2024-02-08 00:00:00+00:00,2513.71
ETHUSD_240628,ETH,2024-06-28 00:00:00+00:00,2024-02-09 00:00:00+00:00,2582.72
ETHUSD_240628,ETH,2024-06-28 00:00:00+00:00,2024-02-10 00:00:00+00:00,2596.84
ETHUSD_240628,ETH,2024-06-28 00:00:00+00:00,2024-02-11 00:00:00+00:00,2603.22
ETHUSD_240628,ETH,2024-06-28 00:00:00+00:00,2024-02-12 00:00:00+00:00,2772.14
ETHUSD_240628,ETH,2024-06-28 00:00:00+00:00,2024-02-13 00:00:00+00:00,2748.08
ETHUSD_240628,ETH,2024-06-28 00:00:00+00:00,2024-02-14 00:00:00+00:00,2905.82
ETHUSD_240628,ETH,2024-06-28 00:00:00+00:00,2024-02-15 00:00:00+00:00,2957.23
ETHUSD_240628,ETH,2024-06-28 00:00:00+00:00,2024-02-16 00:00:00+00:00,2939.74
ETHUSD_240628,ETH,2024-06-28 00:00:00+00:00,2024-02-17 00:00:00+00:00,2913.4
ETHUSD_240628,ETH,2024-06-28 00:00:00+00:00,2024-02-18 00:00:00+00:00,3021.55
ETHUSD_240628,ETH,2024-06-28 00:00:00+00:00,2024-02-19 00:00:00+00:00,3094.9
ETHUSD_240628,ETH,2024-06-28 00:00:00+00:00,2024-02-20 00:00:00+00:00,3168.35
ETHUSD_240628,ETH,2024-06-28 00:00:00+00:00,2024-02-21 00:00:00+00:00,3117.47
ETHUSD_240628,ETH,2024-06-28 00:00:00+00:00,2024-02-22 00:00:00+00:00,3116.82
ETHUSD_240628,ETH,2024-06-28 00:00:00+00:00,2024-02-23 00:00:00+00:00,3059.02
ETHUSD_240628,ETH,2024-06-28 00:00:00+00:00,2024-02-24 00:00:00+00:00,3140.0
ETHUSD_240628,ETH,2024-06-28 00:00:00+00:00,2024-02-25 00:00:00+00:00,3270.25
ETHUSD_240628,ETH,2024-06-28 00:00:00+00:00,2024-02-26 00:00:00+00:00,3339.37
ETHUSD_240628,ETH,2024-06-28 00:00:00+00:00,2024-02-27 00:00:00+00:00,3413.68
ETHUSD_240628,ETH,2024-06-28 00:00:00+00:00,2024-02-28 00:00:00+00:00,3571.42
ETHUSD_240628,ETH,2024-06-28 00:00:00+00:00,2024-02-29 00:00:00+00:00,3528.36
ETHUSD_240628,ETH,2024-06-28 00:00:00+00:00,2024-03-01 00:00:00+00:00,3622.87
ETHUSD_240628,ETH,2024-06-28 00:00:00+00:00,2024-03-02 00:00:00+00:00,3611.46
ETHUSD_240628,ETH,2024-06-28 00:00:00+00:00,2024-03-03 00:00:00+00:00,3703.97
ETHUSD_240628,ETH,2024-06-28 00:00:00+00:00,2024-03-04 00:00:00+00:00,3876.86
ETHUSD_240628,ETH,2024-06-28 00:00:00+00:00,2024-03-05 00:00:00+00:00,3814.83
ETHUSD_240628,ETH,2024-06-28 00:00:00+00:00,2024-03-06 00:00:00+00:00,4084.79
ETHUSD_240628,ETH,2024-06-28 00:00:00+00:00,2024-03-07 00:00:00+00:00,4141.88
ETHUSD_240628,ETH,2024-06-28 00:00:00+00:00,2024-03-08 00:00:00+00:00,4165.4
ETHUSD_240628,ETH,2024-06-28 00:00:00+00:00,2024-03-09 00:00:00+00:00,4190.4
ETHUSD_240628,ETH,2024-06-28 00:00:00+00:00,2024-03-10 00:00:00+00:00,4153.64
ETHUSD_240628,ETH,2024-06-28 00:00:00+00:00,2024-03-11 00:00:00+00:00,4347.62
ETHUSD_240628,ETH,2024-06-28 00:00:00+00:00,2024-03-12 00:00:00+00:00,4258.83
ETHUSD_240628,ETH,2024-06-28 00:00:00+00:00,2024-03-13 00:00:00+00:00,4275.0
ETHUSD_240628,ETH,2024-06-28 00:00:00+00:00,2024-03-14 00:00:00+00:00,4138.37
ETHUSD_240628,ETH,2024-06-28 00:00:00+00:00,2024-03-15 00:00:00+00:00,3996.0
ETHUSD_240628,ETH,2024-06-28 00:00:00+00:00,2024-03-16 00:00:00+00:00,3749.39
ETHUSD_240628,ETH,2024-06-28 00:00:00+00:00,2024-03-17 00:00:00+00:00,3905.44
ETHUSD_240628,ETH,2024-06-28 00:00:00+00:00,2024-03-18 00:00:00+00:00,3760.24
ETHUSD_240628,ETH,2024-06-28 00:00:00+00:00,2024-03-19 00:00:00+00:00,3348.97
ETHUSD_240628,ETH,2024-06-28 00:00:00+00:00,2024-03-20 00:00:00+00:00,3745.47
ETHUSD_240628,ETH,2024-06-28 00:00:00+00:00,2024-03-21 00:00:00+00:00,3725.6
ETHUSD_240628,ETH,2024-06-28 00:00:00+00:00,2024-03-22 00:00:00+00:00,3551.31
ETHUSD_240628,ETH,2024-06-28 00:00:00+00:00,2024-03-23 00:00:00+00:00,3528.99
ETHUSD_240628,ETH,2024-06-28 00:00:00+00:00,2024-03-24 00:00:00+00:00,3671.65
ETHUSD_240628,ETH,2024-06-28 00:00:00+00:00,2024-03-25 00:00:00+00:00,3813.39
ETHUSD_240628,ETH,2024-06-28 00:00:00+00:00,2024-03-26 00:00:00+00:00,3812.84
ETHUSD_240628,ETH,2024-06-28 00:00:00+00:00,2024-03-27 00:00:00+00:00,3726.88
ETHUSD_240628,ETH,2024-06-28 00:00:00+00:00,2024-03-28 00:00:00+00:00,3790.34
ETHUSD_240628,ETH,2024-06-28 00:00:00+00:00,2024-03-29 00:00:00+00:00,3737.99
ETHUSD_240628,ETH,2024-06-28 00:00:00+00:00,2024-03-30 00:00:00+00:00,3745.89
ETHUSD_240628,ETH,2024-06-28 00:00:00+00:00,2024-03-31 00:00:00+00:00,3937.06
ETHUSD_240628,ETH,2024-06-28 00:00:00+00:00,2024-04-01 00:00:00+00:00,3743.49
ETHUSD_240628,ETH,2024-06-28 00:00:00+00:00,2024-04-02 00:00:00+00:00,3461.12
ETHUSD_240628,ETH,2024-06-28 00:00:00+00:00,2024-04-03 00:00:00+00:00,3481.75
ETHUSD_240628,ETH,2024-06-28 00:00:00+00:00,2024-04-04 00:00:00+00:00,3498.49
ETHUSD_240628,ETH,2024-06-28 00:00:00+00:00,2024-04-05 00:00:00+00:00,3484.93
ETHUSD_240628,ETH,2024-06-28 00:00:00+00:00,2024-04-06 00:00:00+00:00,3495.6
ETHUSD_240628,ETH,2024-06-28 00:00:00+00:00,2024-04-07 00:00:00+00:00,3604.31
ETHUSD_240628,ETH,2024-06-28 00:00:00+00:00,2024-04-08 00:00:00+00:00,3890.32
ETHUSD_240628,ETH,2024-06-28 00:00:00+00:00,2024-04-09 00:00:00+00:00,3650.79
ETHUSD_240628,ETH,2024-06-28 00:00:00+00:00,2024-04-10 00:00:00+00:00,3697.16
ETHUSD_240628,ETH,2024-06-28 00:00:00+00:00,2024-04-11 00:00:00+00:00,3641.02
ETHUSD_240628,ETH,2024-06-28 00:00:00+00:00,2024-04-12 00:00:00+00:00,3340.8
ETHUSD_240628,ETH,2024-06-28 00:00:00+00:00,2024-04-13 00:00:00+00:00,3067.85
ETHUSD_240628,ETH,2024-06-28 00:00:00+00:00,2024-04-14 00:00:00+00:00,3237.37
ETHUSD_240628,ETH,2024-06-28 00:00:00+00:00,2024-04-15 00:00:00+00:00,3177.22
ETHUSD_240628,ETH,2024-06-28 00:00:00+00:00,2024-04-16 00:00:00+00:00,3158.75
ETHUSD_240628,ETH,2024-06-28 00:00:00+00:00,2024-04-17 00:00:00+00:00,3045.38
ETHUSD_240628,ETH,2024-06-28 00:00:00+00:00,2024-04-18 00:00:00+00:00,3132.42
ETHUSD_240628,ETH,2024-06-28 00:00:00+00:00,2024-04-19 00:00:00+00:00,3093.26
ETHUSD_240628,ETH,2024-06-28 00:00:00+00:00,2024-04-20 00:00:00+00:00,3207.37
ETHUSD_240628,ETH,2024-06-28 00:00:00+00:00,2024-04-21 00:00:00+00:00,3200.63
ETHUSD_240628,ETH,2024-06-28 00:00:00+00:00,2024-04-22 00:00:00+00:00,3261.97
ETHUSD_240628,ETH,2024-06-28 00:00:00+00:00,2024-04-23 00:00:00+00:00,3281.83
ETHUSD_240628,ETH,2024-06-28 00:00:00+00:00,2024-04-24 00:00:00+00:00,3201.42
ETHUSD_240628,ETH,2024-06-28 00:00:00+00:00,2024-04-25 00:00:00+00:00,3208.36
ETHUSD_240628,ETH,2024-06-28 00:00:00+00:00,2024-04-26 00:00:00+00:00,3186.04
ETHUSD_240628,ETH,2024-06-28 00:00:00+00:00,2024-04-27 00:00:00+00:00,3310.05
ETHUSD_240628,ETH,2024-06-28 00:00:00+00:00,2024-04-28 00:00:00+00:00,3316.11
ETHUSD_240628,ETH,2024-06-28 00:00:00+00:00,2024-04-29 00:00:00+00:00,3263.35
ETHUSD_240628,ETH,2024-06-28 00:00:00+00:00,2024-04-30 00:00:00+00:00,3052.13
ETHUSD_240628,ETH,2024-06-28 00:00:00+00:00,2024-05-01 00:00:00+00:00,3001.9
ETHUSD_240628,ETH,2024-06-28 00:00:00+00:00,2024-05-02 00:00:00+00:00,3019.8
ETHUSD_240628,ETH,2024-06-28 00:00:00+00:00,2024-05-03 00:00:00+00:00,3142.59
ETHUSD_240628,ETH,2024-06-28 00:00:00+00:00,2024-05-04 00:00:00+00:00,3159.31
ETHUSD_240628,ETH,2024-06-28 00:00:00+00:00,2024-05-05 00:00:00+00:00,3180.05
ETHUSD_240628,ETH,2024-06-28 00:00:00+00:00,2024-05-06 00:00:00+00:00,3104.6
ETHUSD_240628,ETH,2024-06-28 00:00:00+00:00,2024-05-07 00:00:00+00:00,3046.04
ETHUSD_240628,ETH,2024-06-28 00:00:00+00:00,2024-05-08 00:00:00+00:00,3010.94
ETHUSD_240628,ETH,2024-06-28 00:00:00+00:00,2024-05-09 00:00:00+00:00,3074.2
ETHUSD_240628,ETH,2024-06-28 00:00:00+00:00,2024-05-10 00:00:00+00:00,2939.68
ETHUSD_240628,ETH,2024-06-28 00:00:00+00:00,2024-05-11 00:00:00+00:00,2941.73
ETHUSD_240628,ETH,2024-06-28 00:00:00+00:00,2024-05-12 00:00:00+00:00,2958.18
ETHUSD_240628,ETH,2024-06-28 00:00:00+00:00,2024-05-13 00:00:00+00:00,2979.83
ETHUSD_240628,ETH,2024-06-28 00:00:00+00:00,2024-05-14 00:00:00+00:00,2912.28
ETHUSD_240628,ETH,2024-06-28 00:00:00+00:00,2024-05-15 00:00:00+00:00,3066.41
ETHUSD_240628,ETH,2024-06-28 00:00:00+00:00,2024-05-16 00:00:00+00:00,2973.19
ETHUSD_240628,ETH,2024-06-28 00:00:00+00:00,2024-05-17 00:00:00+00:00,3128.25
ETHUSD_240628,ETH,2024-06-28 00:00:00+00:00,2024-05-18 00:00:00+00:00,3159.37
ETHUSD_240628,ETH,2024-06-28 00:00:00+00:00,2024-05-19 00:00:00+00:00,3104.64
ETHUSD_240628,ETH,2024-06-28 00:00:00+00:00,2024-05-20 00:00:00+00:00,3710.81
ETHUSD_240628,ETH,2024-06-28 00:00:00+00:00,2024-05-21 00:00:00+00:00,3846.47
ETHUSD_240628,ETH,2024-06-28 00:00:00+00:00,2024-05-22 00:00:00+00:00,3792.51
ETHUSD_240628,ETH,2024-06-28 00:00:00+00:00,2024-05-23 00:00:00+00:00,3837.11
ETHUSD_240628,ETH,2024-06-28 00:00:00+00:00,2024-05-24 00:00:00+00:00,3772.21
ETHUSD_240628,ETH,2024-06-28 00:00:00+00:00,2024-05-25 00:00:00+00:00,3794.51
ETHUSD_240628,ETH,2024-06-28 00:00:00+00:00,2024-05-26 00:00:00+00:00,3869.93
ETHUSD_240628,ETH,2024-06-28 00:00:00+00:00,2024-05-27 00:00:00+00:00,3941.0
ETHUSD_240628,ETH,2024-06-28 00:00:00+00:00,2024-05-28 00:00:00+00:00,3891.13
ETHUSD_240628,ETH,2024-06-28 00:00:00+00:00,2024-05-29 00:00:00+00:00,3804.01
ETHUSD_240628,ETH,2024-06-28 00:00:00+00:00,2024-05-30 00:00:00+00:00,3781.11
ETHUSD_240628,ETH,2024-06-28 00:00:00+00:00,2024-05-31 00:00:00+00:00,3802.5
ETHUSD_240628,ETH,2024-06-28 00:00:00+00:00,2024-06-01 00:00:00+00:00,3857.12
ETHUSD_240628,ETH,2024-06-28 00:00:00+00:00,2024-06-02 00:00:00+00:00,3817.26
ETHUSD_240628,ETH,2024-06-28 00:00:00+00:00,2024-06-03 00:00:00+00:00,3796.1
ETHUSD_240628,ETH,2024-06-28 00:00:00+00:00,2024-06-04 00:00:00+00:00,3843.6
ETHUSD_240628,ETH,2024-06-28 00:00:00+00:00,2024-06-05 00:00:00+00:00,3896.13
ETHUSD_240628,ETH,2024-06-28 00:00:00+00:00,2024-06-06 00:00:00+00:00,3840.43
ETHUSD_240628,ETH,2024-06-28 00:00:00+00:00,2024-06-07 00:00:00+00:00,3707.36
ETHUSD_240628,ETH,2024-06-28 00:00:00+00:00,2024-06-08 00:00:00+00:00,3710.09
ETHUSD_240628,ETH,2024-06-28 00:00:00+00:00,2024-06-09 00:00:00+00:00,3732.92
ETHUSD_240628,ETH,2024-06-28 00:00:00+00:00,2024-06-10 00:00:00+00:00,3690.19
ETHUSD_240628,ETH,2024-06-28 00:00:00+00:00,2024-06-11 00:00:00+00:00,3518.07
ETHUSD_240628,ETH,2024-06-28 00:00:00+00:00,2024-06-12 00:00:00+00:00,3579.42
ETHUSD_240628,ETH,2024-06-28 00:00:00+00:00,2024-06-13 00:00:00+00:00,3488.25
ETHUSD_240628,ETH,2024-06-28 00:00:00+00:00,2024-06-14 00:00:00+00:00,3493.72
ETHUSD_240628,ETH,2024-06-28 00:00:00+00:00,2024-06-15 00:00:00+00:00,3578.88
ETHUSD_240628,ETH,2024-06-28 00:00:00+00:00,2024-06-16 00:00:00+00:00,3636.26
ETHUSD_240628,ETH,2024-06-28 00:00:00+00:00,2024-06-17 00:00:00+00:00,3523.15
ETHUSD_240628,ETH,2024-06-28 00:00:00+00:00,2024-06-18 00:00:00+00:00,3491.82
ETHUSD_240628,ETH,2024-06-28 00:00:00+00:00,2024-06-19 00:00:00+00:00,3566.12
ETHUSD_240628,ETH,2024-06-28 00:00:00+00:00,2024-06-20 00:00:00+00:00,3516.26
ETHUSD_240628,ETH,2024-06-28 00:00:00+00:00,2024-06-21 00:00:00+00:00,3522.78
ETHUSD_240628,ETH,2024-06-28 00:00:00+00:00,2024-06-22 00:00:00+00:00,3500.97
ETHUSD_240628,ETH,2024-06-28 00:00:00+00:00,2024-06-23 00:00:00+00:00,3422.91
ETHUSD_240628,ETH,2024-06-28 00:00:00+00:00,2024-06-24 00:00:00+00:00,3356.84
ETHUSD_240628,ETH,2024-06-28 00:00:00+00:00,2024-06-25 00:00:00+00:00,3398.23
ETHUSD_240628,ETH,2024-06-28 00:00:00+00:00,2024-06-26 00:00:00+00:00,3373.2
ETHUSD_240628,ETH,2024-06-28 00:00:00+00:00,2024-06-27 00:00:00+00:00,3449.77
ETHUSD_240927,ETH,2024-09-27 00:00:00+00:00,2024-03-29 00:00:00+00:00,3908.53
ETHUSD_240927,ETH,2024-09-27 00:00:00+00:00,2024-03-30 00:00:00+00:00,3970.38
ETHUSD_240927,ETH,2024-09-27 00:00:00+00:00,2024-03-31 00:00:00+00:00,4162.8
ETHUSD_240927,ETH,2024-09-27 00:00:00+00:00,2024-04-01 00:00:00+00:00,3950.2
ETHUSD_240927,ETH,2024-09-27 00:00:00+00:00,2024-04-02 00:00:00+00:00,3611.52
ETHUSD_240927,ETH,2024-09-27 00:00:00+00:00,2024-04-03 00:00:00+00:00,3633.14
ETHUSD_240927,ETH,2024-09-27 00:00:00+00:00,2024-04-04 00:00:00+00:00,3655.79
ETHUSD_240927,ETH,2024-09-27 00:00:00+00:00,2024-04-05 00:00:00+00:00,3633.82
ETHUSD_240927,ETH,2024-09-27 00:00:00+00:00,2024-04-06 00:00:00+00:00,3643.95
ETHUSD_240927,ETH,2024-09-27 00:00:00+00:00,2024-04-07 00:00:00+00:00,3755.26
ETHUSD_240927,ETH,2024-09-27 00:00:00+00:00,2024-04-08 00:00:00+00:00,4068.07
ETHUSD_240927,ETH,2024-09-27 00:00:00+00:00,2024-04-09 00:00:00+00:00,3823.45
ETHUSD_240927,ETH,2024-09-27 00:00:00+00:00,2024-04-10 00:00:00+00:00,3872.26
ETHUSD_240927,ETH,2024-09-27 00:00:00+00:00,2024-04-11 00:00:00+00:00,3812.39
ETHUSD_240927,ETH,2024-09-27 00:00:00+00:00,2024-04-12 00:00:00+00:00,3495.88
ETHUSD_240927,ETH,2024-09-27 00:00:00+00:00,2024-04-13 00:00:00+00:00,3183.5
ETHUSD_240927,ETH,2024-09-27 00:00:00+00:00,2024-04-14 00:00:00+00:00,3351.83
ETHUSD_240927,ETH,2024-09-27 00:00:00+00:00,2024-04-15 00:00:00+00:00,3288.31
ETHUSD_240927,ETH,2024-09-27 00:00:00+00:00,2024-04-16 00:00:00+00:00,3263.1
ETHUSD_240927,ETH,2024-09-27 00:00:00+00:00,2024-04-17 00:00:00+00:00,3125.5
ETHUSD_240927,ETH,2024-09-27 00:00:00+00:00,2024-04-18 00:00:00+00:00,3218.77
ETHUSD_240927,ETH,2024-09-27 00:00:00+00:00,2024-04-19 00:00:00+00:00,3185.32
ETHUSD_240927,ETH,2024-09-27 00:00:00+00:00,2024-04-20 00:00:00+00:00,3299.96
ETHUSD_240927,ETH,2024-09-27 00:00:00+00:00,2024-04-21 00:00:00+00:00,3297.33
ETHUSD_240927,ETH,2024-09-27 00:00:00+00:00,2024-04-22 00:00:00+00:00,3372.4
ETHUSD_240927,ETH,2024-09-27 00:00:00+00:00,2024-04-23 00:00:00+00:00,3393.77
ETHUSD_240927,ETH,2024-09-27 00:00:00+00:00,2024-04-24 00:00:00+00:00,3313.0
ETHUSD_240927,ETH,2024-09-27 00:00:00+00:00,2024-04-25 00:00:00+00:00,3320.1
ETHUSD_240927,ETH,2024-09-27 00:00:00+00:00,2024-04-26 00:00:00+00:00,3291.0
ETHUSD_240927,ETH,2024-09-27 00:00:00+00:00,2024-04-27 00:00:00+00:00,3412.58
ETHUSD_240927,ETH,2024-09-27 00:00:00+00:00,2024-04-28 00:00:00+00:00,3422.89
ETHUSD_240927,ETH,2024-09-27 00:00:00+00:00,2024-04-29 00:00:00+00:00,3360.01
ETHUSD_240927,ETH,2024-09-27 00:00:00+00:00,2024-04-30 00:00:00+00:00,3127.52
ETHUSD_240927,ETH,2024-09-27 00:00:00+00:00,2024-05-01 00:00:00+00:00,3067.92
ETHUSD_240927,ETH,2024-09-27 00:00:00+00:00,2024-05-02 00:00:00+00:00,3085.49
ETHUSD_240927,ETH,2024-09-27 00:00:00+00:00,2024-05-03 00:00:00+00:00,3225.68
ETHUSD_240927,ETH,2024-09-27 00:00:00+00:00,2024-05-04 00:00:00+00:00,3245.01
ETHUSD_240927,ETH,2024-09-27 00:00:00+00:00,2024-05-05 00:00:00+00:00,3265.73
ETHUSD_240927,ETH,2024-09-27 00:00:00+00:00,2024-05-06 00:00:00+00:00,3189.16
ETHUSD_240927,ETH,2024-09-27 00:00:00+00:00,2024-05-07 00:00:00+00:00,3131.48
ETHUSD_240927,ETH,2024-09-27 00:00:00+00:00,2024-05-08 00:00:00+00:00,3092.26
ETHUSD_240927,ETH,2024-09-27 00:00:00+00:00,2024-05-09 00:00:00+00:00,3152.67
ETHUSD_240927,ETH,2024-09-27 00:00:00+00:00,2024-05-10 00:00:00+00:00,3014.21
ETHUSD_240927,ETH,2024-09-27 00:00:00+00:00,2024-05-11 00:00:00+00:00,3019.01
ETHUSD_240927,ETH,2024-09-27 00:00:00+00:00,2024-05-12 00:00:00+00:00,3035.2
ETHUSD_240927,ETH,2024-09-27 00:00:00+00:00,2024-05-13 00:00:00+00:00,3055.88
ETHUSD_240927,ETH,2024-09-27 00:00:00+00:00,2024-05-14 00:00:00+00:00,2985.31
ETHUSD_240927,ETH,2024-09-27 00:00:00+00:00,2024-05-15 00:00:00+00:00,3142.86
ETHUSD_240927,ETH,2024-09-27 00:00:00+00:00,2024-05-16 00:00:00+00:00,3050.8
ETHUSD_240927,ETH,2024-09-27 00:00:00+00:00,2024-05-17 00:00:00+00:00,3209.51
ETHUSD_240927,ETH,2024-09-27 00:00:00+00:00,2024-05-18 00:00:00+00:00,3244.28
ETHUSD_240927,ETH,2024-09-27 00:00:00+00:00,2024-05-19 00:00:00+00:00,3190.91
ETHUSD_240927,ETH,2024-09-27 00:00:00+00:00,2024-05-20 00:00:00+00:00,3827.07
ETHUSD_240927,ETH,2024-09-27 00:00:00+00:00,2024-05-21 00:00:00+00:00,3972.99
ETHUSD_240927,ETH,2024-09-27 00:00:00+00:00,2024-05-22 00:00:00+00:00,3925.0
ETHUSD_240927,ETH,2024-09-27 00:00:00+00:00,2024-05-23 00:00:00+00:00,3972.1
ETHUSD_240927,ETH,2024-09-27 00:00:00+00:00,2024-05-24 00:00:00+00:00,3911.23
ETHUSD_240927,ETH,2024-09-27 00:00:00+00:00,2024-05-25 00:00:00+00:00,3925.77
ETHUSD_240927,ETH,2024-09-27 00:00:00+00:00,2024-05-26 00:00:00+00:00,4005.96
ETHUSD_240927,ETH,2024-09-27 00:00:00+00:00,2024-05-27 00:00:00+00:00,4083.52
ETHUSD_240927,ETH,2024-09-27 00:00:00+00:00,2024-05-28 00:00:00+00:00,4028.66
ETHUSD_240927,ETH,2024-09-27 00:00:00+00:00,2024-05-29 00:00:00+00:00,3946.04
ETHUSD_240927,ETH,2024-09-27 00:00:00+00:00,2024-05-30 00:00:00+00:00,3925.16
ETHUSD_240927,ETH,2024-09-27 00:00:00+00:00,2024-05-31 00:00:00+00:00,3936.36
ETHUSD_240927,ETH,2024-09-27 00:00:00+00:00,2024-06-01 00:00:00+00:00,3995.23
ETHUSD_240927,ETH,2024-09-27 00:00:00+00:00,2024-06-02 00:00:00+00:00,3954.82
ETHUSD_240927,ETH,2024-09-27 00:00:00+00:00,2024-06-03 00:00:00+00:00,3938.17
ETHUSD_240927,ETH,2024-09-27 00:00:00+00:00,2024-06-04 00:00:00+00:00,3980.0
ETHUSD_240927,ETH,2024-09-27 00:00:00+00:00,2024-06-05 00:00:00+00:00,4043.13
ETHUSD_240927,ETH,2024-09-27 00:00:00+00:00,2024-06-06 00:00:00+00:00,3985.77
ETHUSD_240927,ETH,2024-09-27 00:00:00+00:00,2024-06-07 00:00:00+00:00,3847.66
ETHUSD_240927,ETH,2024-09-27 00:00:00+00:00,2024-06-08 00:00:00+00:00,3848.79
ETHUSD_240927,ETH,2024-09-27 00:00:00+00:00,2024-06-09 00:00:00+00:00,3872.37
ETHUSD_240927,ETH,2024-09-27 00:00:00+00:00,2024-06-10 00:00:00+00:00,3824.65
ETHUSD_240927,ETH,2024-09-27 00:00:00+00:00,2024-06-11 00:00:00+00:00,3620.27
ETHUSD_240927,ETH,2024-09-27 00:00:00+00:00,2024-06-12 00:00:00+00:00,3688.87
ETHUSD_240927,ETH,2024-09-27 00:00:00+00:00,2024-06-13 00:00:00+00:00,3597.76
ETHUSD_240927,ETH,2024-09-27 00:00:00+00:00,2024-06-14 00:00:00+00:00,3602.39
ETHUSD_240927,ETH,2024-09-27 00:00:00+00:00,2024-06-15 00:00:00+00:00,3689.9
ETHUSD_240927,ETH,2024-09-27 00:00:00+00:00,2024-06-16 00:00:00+00:00,3749.25
ETHUSD_240927,ETH,2024-09-27 00:00:00+00:00,2024-06-17 00:00:00+00:00,3633.27
ETHUSD_240927,ETH,2024-09-27 00:00:00+00:00,2024-06-18 00:00:00+00:00,3593.32
ETHUSD_240927,ETH,2024-09-27 00:00:00+00:00,2024-06-19 00:00:00+00:00,3675.08
ETHUSD_240927,ETH,2024-09-27 00:00:00+00:00,2024-06-20 00:00:00+00:00,3619.0
ETHUSD_240927,ETH,2024-09-27 00:00:00+00:00,2024-06-21 00:00:00+00:00,3624.88
ETHUSD_240927,ETH,2024-09-27 00:00:00+00:00,2024-06-22 00:00:00+00:00,3602.54
ETHUSD_240927,ETH,2024-09-27 00:00:00+00:00,2024-06-23 00:00:00+00:00,3523.13
ETHUSD_240927,ETH,2024-09-27 00:00:00+00:00,2024-06-24 00:00:00+00:00,3451.96
ETHUSD_240927,ETH,2024-09-27 00:00:00+00:00,2024-06-25 00:00:00+00:00,3496.26
ETHUSD_240927,ETH,2024-09-27 00:00:00+00:00,2024-06-26 00:00:00+00:00,3468.64
ETHUSD_240927,ETH,2024-09-27 00:00:00+00:00,2024-06-27 00:00:00+00:00,3550.59
ETHUSD_240927,ETH,2024-09-27 00:00:00+00:00,2024-06-28 00:00:00+00:00,3485.92
ETHUSD_240927,ETH,2024-09-27 00:00:00+00:00,2024-06-29 00:00:00+00:00,3481.37
ETHUSD_240927,ETH,2024-09-27 00:00:00+00:00,2024-06-30 00:00:00+00:00,3539.05
ETHUSD_240927,ETH,2024-09-27 00:00:00+00:00,2024-07-01 00:00:00+00:00,3544.51
ETHUSD_240927,ETH,2024-09-27 00:00:00+00:00,2024-07-02 00:00:00+00:00,3509.14
ETHUSD_240927,ETH,2024-09-27 00:00:00+00:00,2024-07-03 00:00:00+00:00,3375.28
ETHUSD_240927,ETH,2024-09-27 00:00:00+00:00,2024-07-04 00:00:00+00:00,3126.85
ETHUSD_240927,ETH,2024-09-27 00:00:00+00:00,2024-07-05 00:00:00+00:00,3049.72
ETHUSD_240927,ETH,2024-09-27 00:00:00+00:00,2024-07-06 00:00:00+00:00,3140.09
ETHUSD_240927,ETH,2024-09-27 00:00:00+00:00,2024-07-07 00:00:00+00:00,2993.67
ETHUSD_240927,ETH,2024-09-27 00:00:00+00:00,2024-07-08 00:00:00+00:00,3084.6
ETHUSD_240927,ETH,2024-09-27 00:00:00+00:00,2024-07-09 00:00:00+00:00,3132.57
ETHUSD_240927,ETH,2024-09-27 00:00:00+00:00,2024-07-10 00:00:00+00:00,3170.97
ETHUSD_240927,ETH,2024-09-27 00:00:00+00:00,2024-07-11 00:00:00+00:00,3165.68
ETHUSD_240927,ETH,2024-09-27 00:00:00+00:00,2024-07-12 00:00:00+00:00,3205.67
ETHUSD_240927,ETH,2024-09-27 00:00:00+00:00,2024-07-13 00:00:00+00:00,3243.17
ETHUSD_240927,ETH,2024-09-27 00:00:00+00:00,2024-07-14 00:00:00+00:00,3321.76
ETHUSD_240927,ETH,2024-09-27 00:00:00+00:00,2024-07-15 00:00:00+00:00,3565.29
ETHUSD_240927,ETH,2024-09-27 00:00:00+00:00,2024-07-16 00:00:00+00:00,3524.75
ETHUSD_240927,ETH,2024-09-27 00:00:00+00:00,2024-07-17 00:00:00+00:00,3458.74
ETHUSD_240927,ETH,2024-09-27 00:00:00+00:00,2024-07-18 00:00:00+00:00,3502.33
ETHUSD_240927,ETH,2024-09-27 00:00:00+00:00,2024-07-19 00:00:00+00:00,3586.93
ETHUSD_240927,ETH,2024-09-27 00:00:00+00:00,2024-07-20 00:00:00+00:00,3597.35
ETHUSD_240927,ETH,2024-09-27 00:00:00+00:00,2024-07-21 00:00:00+00:00,3619.14
ETHUSD_240927,ETH,2024-09-27 00:00:00+00:00,2024-07-22 00:00:00+00:00,3516.07
ETHUSD_240927,ETH,2024-09-27 00:00:00+00:00,2024-07-23 00:00:00+00:00,3552.54
ETHUSD_240927,ETH,2024-09-27 00:00:00+00:00,2024-07-24 00:00:00+00:00,3398.81
ETHUSD_240927,ETH,2024-09-27 00:00:00+00:00,2024-07-25 00:00:00+00:00,3233.86
ETHUSD_240927,ETH,2024-09-27 00:00:00+00:00,2024-07-26 00:00:00+00:00,3341.09
ETHUSD_240927,ETH,2024-09-27 00:00:00+00:00,2024-07-27 00:00:00+00:00,3314.44
ETHUSD_240927,ETH,2024-09-27 00:00:00+00:00,2024-07-28 00:00:00+00:00,3333.0
ETHUSD_240927,ETH,2024-09-27 00:00:00+00:00,2024-07-29 00:00:00+00:00,3374.45
ETHUSD_240927,ETH,2024-09-27 00:00:00+00:00,2024-07-30 00:00:00+00:00,3339.18
ETHUSD_240927,ETH,2024-09-27 00:00:00+00:00,2024-07-31 00:00:00+00:00,3289.63
ETHUSD_240927,ETH,2024-09-27 00:00:00+00:00,2024-08-01 00:00:00+00:00,3248.8
ETHUSD_240927,ETH,2024-09-27 00:00:00+00:00,2024-08-02 00:00:00+00:00,3027.68
ETHUSD_240927,ETH,2024-09-27 00:00:00+00:00,2024-08-03 00:00:00+00:00,2938.07
ETHUSD_240927,ETH,2024-09-27 00:00:00+00:00,2024-08-04 00:00:00+00:00,2717.72
ETHUSD_240927,ETH,2024-09-27 00:00:00+00:00,2024-08-05 00:00:00+00:00,2442.0
ETHUSD_240927,ETH,2024-09-27 00:00:00+00:00,2024-08-06 00:00:00+00:00,2484.4
ETHUSD_240927,ETH,2024-09-27 00:00:00+00:00,2024-08-07 00:00:00+00:00,2363.68
ETHUSD_240927,ETH,2024-09-27 00:00:00+00:00,2024-08-08 00:00:00+00:00,2709.29
ETHUSD_240927,ETH,2024-09-27 00:00:00+00:00,2024-08-09 00:00:00+00:00,2622.12
ETHUSD_240927,ETH,2024-09-27 00:00:00+00:00,2024-08-10 00:00:00+00:00,2633.15
ETHUSD_240927,ETH,2024-09-27 00:00:00+00:00,2024-08-11 00:00:00+00:00,2574.91
ETHUSD_240927,ETH,2024-09-27 00:00:00+00:00,2024-08-12 00:00:00+00:00,2746.0
ETHUSD_240927,ETH,2024-09-27 00:00:00+00:00,2024-08-13 00:00:00+00:00,2727.5
ETHUSD_240927,ETH,2024-09-27 00:00:00+00:00,2024-08-14 00:00:00+00:00,2681.19
ETHUSD_240927,ETH,2024-09-27 00:00:00+00:00,2024-08-15 00:00:00+00:00,2588.75
ETHUSD_240927,ETH,2024-09-27 00:00:00+00:00,2024-08-16 00:00:00+00:00,2609.34
ETHUSD_240927,ETH,2024-09-27 00:00:00+00:00,2024-08-17 00:00:00+00:00,2630.63
ETHUSD_240927,ETH,2024-09-27 00:00:00+00:00,2024-08-18 00:00:00+00:00,2624.0
ETHUSD_240927,ETH,2024-09-27 00:00:00+00:00,2024-08-19 00:00:00+00:00,2653.78
ETHUSD_240927,ETH,2024-09-27 00:00:00+00:00,2024-08-20 00:00:00+00:00,2585.65
ETHUSD_240927,ETH,2024-09-27 00:00:00+00:00,2024-08-21 00:00:00+00:00,2646.59
ETHUSD_240927,ETH,2024-09-27 00:00:00+00:00,2024-08-22 00:00:00+00:00,2635.98
ETHUSD_240927,ETH,2024-09-27 00:00:00+00:00,2024-08-23 00:00:00+00:00,2777.78
ETHUSD_240927,ETH,2024-09-27 00:00:00+00:00,2024-08-24 00:00:00+00:00,2783.24
ETHUSD_240927,ETH,2024-09-27 00:00:00+00:00,2024-08-25 00:00:00+00:00,2758.59
ETHUSD_240927,ETH,2024-09-27 00:00:00+00:00,2024-08-26 00:00:00+00:00,2691.73
ETHUSD_240927,ETH,2024-09-27 00:00:00+00:00,2024-08-27 00:00:00+00:00,2467.38
ETHUSD_240927,ETH,2024-09-27 00:00:00+00:00,2024-08-28 00:00:00+00:00,2536.74
ETHUSD_240927,ETH,2024-09-27 00:00:00+00:00,2024-08-29 00:00:00+00:00,2536.86
ETHUSD_240927,ETH,2024-09-27 00:00:00+00:00,2024-08-30 00:00:00+00:00,2535.13
ETHUSD_240927,ETH,2024-09-27 00:00:00+00:00,2024-08-31 00:00:00+00:00,2521.48
ETHUSD_240927,ETH,2024-09-27 00:00:00+00:00,2024-09-01 00:00:00+00:00,2433.56
ETHUSD_240927,ETH,2024-09-27 00:00:00+00:00,2024-09-02 00:00:00+00:00,2546.6
ETHUSD_240927,ETH,2024-09-27 00:00:00+00:00,2024-09-03 00:00:00+00:00,2431.63
ETHUSD_240927,ETH,2024-09-27 00:00:00+00:00,2024-09-04 00:00:00+00:00,2456.89
ETHUSD_240927,ETH,2024-09-27 00:00:00+00:00,2024-09-05 00:00:00+00:00,2374.82
ETHUSD_240927,ETH,2024-09-27 00:00:00+00:00,2024-09-06 00:00:00+00:00,2231.41
ETHUSD_240927,ETH,2024-09-27 00:00:00+00:00,2024-09-07 00:00:00+00:00,2280.02
ETHUSD_240927,ETH,2024-09-27 00:00:00+00:00,2024-09-08 00:00:00+00:00,2301.51
ETHUSD_240927,ETH,2024-09-27 00:00:00+00:00,2024-09-09 00:00:00+00:00,2365.97
ETHUSD_240927,ETH,2024-09-27 00:00:00+00:00,2024-09-10 00:00:00+00:00,2394.41
ETHUSD_240927,ETH,2024-09-27 00:00:00+00:00,2024-09-11 00:00:00+00:00,2347.3
ETHUSD_240927,ETH,2024-09-27 00:00:00+00:00,2024-09-12 00:00:00+00:00,2368.19
ETHUSD_240927,ETH,2024-09-27 00:00:00+00:00,2024-09-13 00:00:00+00:00,2448.5
ETHUSD_240927,ETH,2024-09-27 00:00:00+00:00,2024-09-14 00:00:00+00:00,2422.03
ETHUSD_240927,ETH,2024-09-27 00:00:00+00:00,2024-09-15 00:00:00+00:00,2319.92
ETHUSD_240927,ETH,2024-09-27 00:00:00+00:00,2024-09-16 00:00:00+00:00,2301.99
ETHUSD_240927,ETH,2024-09-27 00:00:00+00:00,2024-09-17 00:00:00+00:00,2344.86
ETHUSD_240927,ETH,2024-09-27 00:00:00+00:00,2024-09-18 00:00:00+00:00,2378.35
ETHUSD_240927,ETH,2024-09-27 00:00:00+00:00,2024-09-19 00:00:00+00:00,2467.58
ETHUSD_240927,ETH,2024-09-27 00:00:00+00:00,2024-09-20 00:00:00+00:00,2564.53
ETHUSD_240927,ETH,2024-09-27 00:00:00+00:00,2024-09-21 00:00:00+00:00,2614.85
ETHUSD_240927,ETH,2024-09-27 00:00:00+00:00,2024-09-22 00:00:00+00:00,2583.82
ETHUSD_240927,ETH,2024-09-27 00:00:00+00:00,2024-09-23 00:00:00+00:00,2648.98
ETHUSD_240927,ETH,2024-09-27 00:00:00+00:00,2024-09-24 00:00:00+00:00,2653.52
ETHUSD_240927,ETH,2024-09-27 00:00:00+00:00,2024-09-25 00:00:00+00:00,2579.46
ETHUSD_240927,ETH,2024-09-27 00:00:00+00:00,2024-09-26 00:00:00+00:00,2632.84
ETHUSD_241227,ETH,2024-12-27 00:00:00+00:00,2024-06-28 00:00:00+00:00,3571.26
ETHUSD_241227,ETH,2024-12-27 00:00:00+00:00,2024-06-29 00:00:00+00:00,3569.07
ETHUSD_241227,ETH,2024-12-27 00:00:00+00:00,2024-06-30 00:00:00+00:00,3638.63
ETHUSD_241227,ETH,2024-12-27 00:00:00+00:00,2024-07-01 00:00:00+00:00,3640.25
ETHUSD_241227,ETH,2024-12-27 00:00:00+00:00,2024-07-02 00:00:00+00:00,3611.45
ETHUSD_241227,ETH,2024-12-27 00:00:00+00:00,2024-07-03 00:00:00+00:00,3470.55
ETHUSD_241227,ETH,2024-12-27 00:00:00+00:00,2024-07-04 00:00:00+00:00,3212.7
ETHUSD_241227,ETH,2024-12-27 00:00:00+00:00,2024-07-05 00:00:00+00:00,3135.09
ETHUSD_241227,ETH,2024-12-27 00:00:00+00:00,2024-07-06 00:00:00+00:00,3221.24
ETHUSD_241227,ETH,2024-12-27 00:00:00+00:00,2024-07-07 00:00:00+00:00,3074.3
ETHUSD_241227,ETH,2024-12-27 00:00:00+00:00,2024-07-08 00:00:00+00:00,3168.43
ETHUSD_241227,ETH,2024-12-27 00:00:00+00:00,2024-07-09 00:00:00+00:00,3216.04
ETHUSD_241227,ETH,2024-12-27 00:00:00+00:00,2024-07-10 00:00:00+00:00,3252.66
ETHUSD_241227,ETH,2024-12-27 00:00:00+00:00,2024-07-11 00:00:00+00:00,3250.04
ETHUSD_241227,ETH,2024-12-27 00:00:00+00:00,2024-07-12 00:00:00+00:00,3283.79
ETHUSD_241227,ETH,2024-12-27 00:00:00+00:00,2024-07-13 00:00:00+00:00,3325.82
ETHUSD_241227,ETH,2024-12-27 00:00:00+00:00,2024-07-14 00:00:00+00:00,3409.33
ETHUSD_241227,ETH,2024-12-27 00:00:00+00:00,2024-07-15 00:00:00+00:00,3667.5
ETHUSD_241227,ETH,2024-12-27 00:00:00+00:00,2024-07-16 00:00:00+00:00,3618.21
ETHUSD_241227,ETH,2024-12-27 00:00:00+00:00,2024-07-17 00:00:00+00:00,3556.43
ETHUSD_241227,ETH,2024-12-27 00:00:00+00:00,2024-07-18 00:00:00+00:00,3599.16
ETHUSD_241227,ETH,2024-12-27 00:00:00+00:00,2024-07-19 00:00:00+00:00,3684.9
ETHUSD_241227,ETH,2024-12-27 00:00:00+00:00,2024-07-20 00:00:00+00:00,3697.74
ETHUSD_241227,ETH,2024-12-27 00:00:00+00:00,2024-07-21 00:00:00+00:00,3721.11
ETHUSD_241227,ETH,2024-12-27 00:00:00+00:00,2024-07-22 00:00:00+00:00,3617.27
ETHUSD_241227,ETH,2024-12-27 00:00:00+00:00,2024-07-23 00:00:00+00:00,3646.98
ETHUSD_241227,ETH,2024-12-27 00:00:00+00:00,2024-07-24 00:00:00+00:00,3493.7
ETHUSD_241227,ETH,2024-12-27 00:00:00+00:00,2024-07-25 00:00:00+00:00,3320.12
ETHUSD_241227,ETH,2024-12-27 00:00:00+00:00,2024-07-26 00:00:00+00:00,3429.97
ETHUSD_241227,ETH,2024-12-27 00:00:00+00:00,2024-07-27 00:00:00+00:00,3398.35
ETHUSD_241227,ETH,2024-12-27 00:00:00+00:00,2024-07-28 00:00:00+00:00,3423.57
ETHUSD_241227,ETH,2024-12-27 00:00:00+00:00,2024-07-29 00:00:00+00:00,3474.02
ETHUSD_241227,ETH,2024-12-27 00:00:00+00:00,2024-07-30 00:00:00+00:00,3433.37
ETHUSD_241227,ETH,2024-12-27 00:00:00+00:00,2024-07-31 00:00:00+00:00,3378.39
ETHUSD_241227,ETH,2024-12-27 00:00:00+00:00,2024-08-01 00:00:00+00:00,3328.05
ETHUSD_241227,ETH,2024-12-27 00:00:00+00:00,2024-08-02 00:00:00+00:00,3096.73
ETHUSD_241227,ETH,2024-12-27 00:00:00+00:00,2024-08-03 00:00:00+00:00,3010.04
ETHUSD_241227,ETH,2024-12-27 00:00:00+00:00,2024-08-04 00:00:00+00:00,2780.73
ETHUSD_241227,ETH,2024-12-27 00:00:00+00:00,2024-08-05 00:00:00+00:00,2492.86
ETHUSD_241227,ETH,2024-12-27 00:00:00+00:00,2024-08-06 00:00:00+00:00,2547.09
ETHUSD_241227,ETH,2024-12-27 00:00:00+00:00,2024-08-07 00:00:00+00:00,2416.01
ETHUSD_241227,ETH,2024-12-27 00:00:00+00:00,2024-08-08 00:00:00+00:00,2770.2
ETHUSD_241227,ETH,2024-12-27 00:00:00+00:00,2024-08-09 00:00:00+00:00,2680.72
ETHUSD_241227,ETH,2024-12-27 00:00:00+00:00,2024-08-10 00:00:00+00:00,2694.04
ETHUSD_241227,ETH,2024-12-27 00:00:00+00:00,2024-08-11 00:00:00+00:00,2635.58
ETHUSD_241227,ETH,2024-12-27 00:00:00+00:00,2024-08-12 00:00:00+00:00,2811.8
ETHUSD_241227,ETH,2024-12-27 00:00:00+00:00,2024-08-13 00:00:00+00:00,2794.36
ETHUSD_241227,ETH,2024-12-27 00:00:00+00:00,2024-08-14 00:00:00+00:00,2748.85
ETHUSD_241227,ETH,2024-12-27 00:00:00+00:00,2024-08-15 00:00:00+00:00,2651.48
ETHUSD_241227,ETH,2024-12-27 00:00:00+00:00,2024-08-16 00:00:00+00:00,2669.76
ETHUSD_241227,ETH,2024-12-27 00:00:00+00:00,2024-08-17 00:00:00+00:00,2691.53
ETHUSD_241227,ETH,2024-12-27 00:00:00+00:00,2024-08-18 00:00:00+00:00,2688.18
ETHUSD_241227,ETH,2024-12-27 00:00:00+00:00,2024-08-19 00:00:00+00:00,2715.39
ETHUSD_241227,ETH,2024-12-27 00:00:00+00:00,2024-08-20 00:00:00+00:00,2645.43
ETHUSD_241227,ETH,2024-12-27 00:00:00+00:00,2024-08-21 00:00:00+00:00,2707.07
ETHUSD_241227,ETH,2024-12-27 00:00:00+00:00,2024-08-22 00:00:00+00:00,2700.05
ETHUSD_241227,ETH,2024-12-27 00:00:00+00:00,2024-08-23 00:00:00+00:00,2840.56
ETHUSD_241227,ETH,2024-12-27 00:00:00+00:00,2024-08-24 00:00:00+00:00,2848.48
ETHUSD_241227,ETH,2024-12-27 00:00:00+00:00,2024-08-25 00:00:00+00:00,2826.09
ETHUSD_241227,ETH,2024-12-27 00:00:00+00:00,2024-08-26 00:00:00+00:00,2753.23
ETHUSD_241227,ETH,2024-12-27 00:00:00+00:00,2024-08-27 00:00:00+00:00,2513.5
ETHUSD_241227,ETH,2024-12-27 00:00:00+00:00,2024-08-28 00:00:00+00:00,2587.93
ETHUSD_241227,ETH,2024-12-27 00:00:00+00:00,2024-08-29 00:00:00+00:00,2586.19
ETHUSD_241227,ETH,2024-12-27 00:00:00+00:00,2024-08-30 00:00:00+00:00,2583.94
ETHUSD_241227,ETH,2024-12-27 00:00:00+00:00,2024-08-31 00:00:00+00:00,2568.38
ETHUSD_241227,ETH,2024-12-27 00:00:00+00:00,2024-09-01 00:00:00+00:00,2477.55
ETHUSD_241227,ETH,2024-12-27 00:00:00+00:00,2024-09-02 00:00:00+00:00,2593.5
ETHUSD_241227,ETH,2024-12-27 00:00:00+00:00,2024-09-03 00:00:00+00:00,2477.09
ETHUSD_241227,ETH,2024-12-27 00:00:00+00:00,2024-09-04 00:00:00+00:00,2501.21
ETHUSD_241227,ETH,2024-12-27 00:00:00+00:00,2024-09-05 00:00:00+00:00,2418.45
ETHUSD_241227,ETH,2024-12-27 00:00:00+00:00,2024-09-06 00:00:00+00:00,2270.54
ETHUSD_241227,ETH,2024-12-27 00:00:00+00:00,2024-09-07 00:00:00+00:00,2316.96
ETHUSD_241227,ETH,2024-12-27 00:00:00+00:00,2024-09-08 00:00:00+00:00,2337.72
ETHUSD_241227,ETH,2024-12-27 00:00:00+00:00,2024-09-09 00:00:00+00:00,2406.53
ETHUSD_241227,ETH,2024-12-27 00:00:00+00:00,2024-09-10 00:00:00+00:00,2435.04
ETHUSD_241227,ETH,2024-12-27 00:00:00+00:00,2024-09-11 00:00:00+00:00,2390.27
ETHUSD_241227,ETH,2024-12-27 00:00:00+00:00,2024-09-12 00:00:00+00:00,2406.11
ETHUSD_241227,ETH,2024-12-27 00:00:00+00:00,2024-09-13 00:00:00+00:00,2486.69
ETHUSD_241227,ETH,2024-12-27 00:00:00+00:00,2024-09-14 00:00:00+00:00,2461.2
ETHUSD_241227,ETH,2024-12-27 00:00:00+00:00,2024-09-15 00:00:00+00:00,2355.87
ETHUSD_241227,ETH,2024-12-27 00:00:00+00:00,2024-09-16 00:00:00+00:00,2336.22
ETHUSD_241227,ETH,2024-12-27 00:00:00+00:00,2024-09-17 00:00:00+00:00,2381.96
ETHUSD_241227,ETH,2024-12-27 00:00:00+00:00,2024-09-18 00:00:00+00:00,2415.73
ETHUSD_241227,ETH,2024-12-27 00:00:00+00:00,2024-09-19 00:00:00+00:00,2506.04
ETHUSD_241227,ETH,2024-12-27 00:00:00+00:00,2024-09-20 00:00:00+00:00,2605.96
ETHUSD_241227,ETH,2024-12-27 00:00:00+00:00,2024-09-21 00:00:00+00:00,2658.79
ETHUSD_241227,ETH,2024-12-27 00:00:00+00:00,2024-09-22 00:00:00+00:00,2626.07
ETHUSD_241227,ETH,2024-12-27 00:00:00+00:00,2024-09-23 00:00:00+00:00,2690.86
ETHUSD_241227,ETH,2024-12-27 00:00:00+00:00,2024-09-24 00:00:00+00:00,2696.46
ETHUSD_241227,ETH,2024-12-27 00:00:00+00:00,2024-09-25 00:00:00+00:00,2621.58
ETHUSD_241227,ETH,2024-12-27 00:00:00+00:00,2024-09-26 00:00:00+00:00,2675.8
ETHUSD_241227,ETH,2024-12-27 00:00:00+00:00,2024-09-27 00:00:00+00:00,2744.99
ETHUSD_241227,ETH,2024-12-27 00:00:00+00:00,2024-09-28 00:00:00+00:00,2724.51
ETHUSD_241227,ETH,2024-12-27 00:00:00+00:00,2024-09-29 00:00:00+00:00,2709.46
ETHUSD_241227,ETH,2024-12-27 00:00:00+00:00,2024-09-30 00:00:00+00:00,2645.53
ETHUSD_241227,ETH,2024-12-27 00:00:00+00:00,2024-10-01 00:00:00+00:00,2486.4
ETHUSD_241227,ETH,2024-12-27 00:00:00+00:00,2024-10-02 00:00:00+00:00,2402.3
ETHUSD_241227,ETH,2024-12-27 00:00:00+00:00,2024-10-03 00:00:00+00:00,2387.31
ETHUSD_241227,ETH,2024-12-27 00:00:00+00:00,2024-10-04 00:00:00+00:00,2453.41
ETHUSD_241227,ETH,2024-12-27 00:00:00+00:00,2024-10-05 00:00:00+00:00,2451.99
ETHUSD_241227,ETH,2024-12-27 00:00:00+00:00,2024-10-06 00:00:00+00:00,2480.13
ETHUSD_241227,ETH,2024-12-27 00:00:00+00:00,2024-10-07 00:00:00+00:00,2461.64
ETHUSD_241227,ETH,2024-12-27 00:00:00+00:00,2024-10-08 00:00:00+00:00,2477.85
ETHUSD_241227,ETH,2024-12-27 00:00:00+00:00,2024-10-09 00:00:00+00:00,2405.44
ETHUSD_241227,ETH,2024-12-27 00:00:00+00:00,2024-10-10 00:00:00+00:00,2418.29
ETHUSD_241227,ETH,2024-12-27 00:00:00+00:00,2024-10-11 00:00:00+00:00,2477.87
ETHUSD_241227,ETH,2024-12-27 00:00:00+00:00,2024-10-12 00:00:00+00:00,2516.45
ETHUSD_241227,ETH,2024-12-27 00:00:00+00:00,2024-10-13 00:00:00+00:00,2508.87
ETHUSD_241227,ETH,2024-12-27 00:00:00+00:00,2024-10-14 00:00:00+00:00,2674.77
ETHUSD_241227,ETH,2024-12-27 00:00:00+00:00,2024-10-15 00:00:00+00:00,2650.99
ETHUSD_241227,ETH,2024-12-27 00:00:00+00:00,2024-10-16 00:00:00+00:00,2653.37
ETHUSD_241227,ETH,2024-12-27 00:00:00+00:00,2024-10-17 00:00:00+00:00,2643.86
ETHUSD_241227,ETH,2024-12-27 00:00:00+00:00,2024-10-18 00:00:00+00:00,2683.0
ETHUSD_241227,ETH,2024-12-27 00:00:00+00:00,2024-10-19 00:00:00+00:00,2688.3
ETHUSD_241227,ETH,2024-12-27 00:00:00+00:00,2024-10-20 00:00:00+00:00,2795.39
ETHUSD_241227,ETH,2024-12-27 00:00:00+00:00,2024-10-21 00:00:00+00:00,2708.99
ETHUSD_241227,ETH,2024-12-27 00:00:00+00:00,2024-10-22 00:00:00+00:00,2664.54
ETHUSD_241227,ETH,2024-12-27 00:00:00+00:00,2024-10-23 00:00:00+00:00,2562.91
ETHUSD_241227,ETH,2024-12-27 00:00:00+00:00,2024-10-24 00:00:00+00:00,2577.55
ETHUSD_241227,ETH,2024-12-27 00:00:00+00:00,2024-10-25 00:00:00+00:00,2478.11
ETHUSD_241227,ETH,2024-12-27 00:00:00+00:00,2024-10-26 00:00:00+00:00,2518.59
ETHUSD_241227,ETH,2024-12-27 00:00:00+00:00,2024-10-27 00:00:00+00:00,2548.09
ETHUSD_241227,ETH,2024-12-27 00:00:00+00:00,2024-10-28 00:00:00+00:00,2609.54
ETHUSD_241227,ETH,2024-12-27 00:00:00+00:00,2024-10-29 00:00:00+00:00,2688.56
ETHUSD_241227,ETH,2024-12-27 00:00:00+00:00,2024-10-30 00:00:00+00:00,2706.52
ETHUSD_241227,ETH,2024-12-27 00:00:00+00:00,2024-10-31 00:00:00+00:00,2555.48
ETHUSD_241227,ETH,2024-12-27 00:00:00+00:00,2024-11-01 00:00:00+00:00,2548.58
ETHUSD_241227,ETH,2024-12-27 00:00:00+00:00,2024-11-02 00:00:00+00:00,2529.42
ETHUSD_241227,ETH,2024-12-27 00:00:00+00:00,2024-11-03 00:00:00+00:00,2489.87
ETHUSD_241227,ETH,2024-12-27 00:00:00+00:00,2024-11-04 00:00:00+00:00,2427.37
ETHUSD_241227,ETH,2024-12-27 00:00:00+00:00,2024-11-05 00:00:00+00:00,2454.71
ETHUSD_241227,ETH,2024-12-27 00:00:00+00:00,2024-11-06 00:00:00+00:00,2768.07
ETHUSD_241227,ETH,2024-12-27 00:00:00+00:00,2024-11-07 00:00:00+00:00,2942.0
ETHUSD_241227,ETH,2024-12-27 00:00:00+00:00,2024-11-08 00:00:00+00:00,3011.72
ETHUSD_241227,ETH,2024-12-27 00:00:00+00:00,2024-11-09 00:00:00+00:00,3176.49
ETHUSD_241227,ETH,2024-12-27 00:00:00+00:00,2024-11-10 00:00:00+00:00,3241.96
ETHUSD_241227,ETH,2024-12-27 00:00:00+00:00,2024-11-11 00:00:00+00:00,3437.03
ETHUSD_241227,ETH,2024-12-27 00:00:00+00:00,2024-11-12 00:00:00+00:00,3304.82
ETHUSD_241227,ETH,2024-12-27 00:00:00+00:00,2024-11-13 00:00:00+00:00,3240.75
ETHUSD_241227,ETH,2024-12-27 00:00:00+00:00,2024-11-14 00:00:00+00:00,3109.44
ETHUSD_241227,ETH,2024-12-27 00:00:00+00:00,2024-11-15 00:00:00+00:00,3139.98
ETHUSD_241227,ETH,2024-12-27 00:00:00+00:00,2024-11-16 00:00:00+00:00,3186.44
ETHUSD_241227,ETH,2024-12-27 00:00:00+00:00,2024-11-17 00:00:00+00:00,3127.51
ETHUSD_241227,ETH,2024-12-27 00:00:00+00:00,2024-11-18 00:00:00+00:00,3264.75
ETHUSD_241227,ETH,2024-12-27 00:00:00+00:00,2024-11-19 00:00:00+00:00,3162.76
ETHUSD_241227,ETH,2024-12-27 00:00:00+00:00,2024-11-20 00:00:00+00:00,3120.6
ETHUSD_241227,ETH,2024-12-27 00:00:00+00:00,2024-11-21 00:00:00+00:00,3418.36
ETHUSD_241227,ETH,2024-12-27 00:00:00+00:00,2024-11-22 00:00:00+00:00,3384.66
ETHUSD_241227,ETH,2024-12-27 00:00:00+00:00,2024-11-23 00:00:00+00:00,3453.31
ETHUSD_241227,ETH,2024-12-27 00:00:00+00:00,2024-11-24 00:00:00+00:00,3417.97
ETHUSD_241227,ETH,2024-12-27 00:00:00+00:00,2024-11-25 00:00:00+00:00,3467.28
ETHUSD_241227,ETH,2024-12-27 00:00:00+00:00,2024-11-26 00:00:00+00:00,3372.48
ETHUSD_241227,ETH,2024-12-27 00:00:00+00:00,2024-11-27 00:00:00+00:00,3710.41
ETHUSD_241227,ETH,2024-12-27 00:00:00+00:00,2024-11-28 00:00:00+00:00,3633.23
ETHUSD_241227,ETH,2024-12-27 00:00:00+00:00,2024-11-29 00:00:00+00:00,3643.62
ETHUSD_241227,ETH,2024-12-27 00:00:00+00:00,2024-11-30 00:00:00+00:00,3760.42
ETHUSD_241227,ETH,2024-12-27 00:00:00+00:00,2024-12-01 00:00:00+00:00,3762.45
ETHUSD_241227,ETH,2024-12-27 00:00:00+00:00,2024-12-02 00:00:00+00:00,3690.39
ETHUSD_241227,ETH,2024-12-27 00:00:00+00:00,2024-12-03 00:00:00+00:00,3660.94
ETHUSD_241227,ETH,2024-12-27 00:00:00+00:00,2024-12-04 00:00:00+00:00,3890.81
ETHUSD_241227,ETH,2024-12-27 00:00:00+00:00,2024-12-05 00:00:00+00:00,3839.86
ETHUSD_241227,ETH,2024-12-27 00:00:00+00:00,2024-12-06 00:00:00+00:00,4051.78
ETHUSD_241227,ETH,2024-12-27 00:00:00+00:00,2024-12-07 00:00:00+00:00,4048.21
ETHUSD_241227,ETH,2024-12-27 00:00:00+00:00,2024-12-08 00:00:00+00:00,4050.72
ETHUSD_241227,ETH,2024-12-27 00:00:00+00:00,2024-12-09 00:00:00+00:00,3749.31
ETHUSD_241227,ETH,2024-12-27 00:00:00+00:00,2024-12-10 00:00:00+00:00,3657.7
ETHUSD_241227,ETH,2024-12-27 00:00:00+00:00,2024-12-11 00:00:00+00:00,3861.45
ETHUSD_241227,ETH,2024-12-27 00:00:00+00:00,2024-12-12 00:00:00+00:00,3907.72
ETHUSD_241227,ETH,2024-12-27 00:00:00+00:00,2024-12-13 00:00:00+00:00,3929.23
ETHUSD_241227,ETH,2024-12-27 00:00:00+00:00,2024-12-14 00:00:00+00:00,3890.14
ETHUSD_241227,ETH,2024-12-27 00:00:00+00:00,2024-12-15 00:00:00+00:00,3984.73
ETHUSD_241227,ETH,2024-12-27 00:00:00+00:00,2024-12-16 00:00:00+00:00,4005.16
ETHUSD_241227,ETH,2024-12-27 00:00:00+00:00,2024-12-17 00:00:00+00:00,3910.23
ETHUSD_241227,ETH,2024-12-27 00:00:00+00:00,2024-12-18 00:00:00+00:00,3636.72
ETHUSD_241227,ETH,2024-12-27 00:00:00+00:00,2024-12-19 00:00:00+00:00,3425.23
ETHUSD_241227,ETH,2024-12-27 00:00:00+00:00,2024-12-20 00:00:00+00:00,3476.82
ETHUSD_241227,ETH,2024-12-27 00:00:00+00:00,2024-12-21 00:00:00+00:00,3342.56
ETHUSD_241227,ETH,2024-12-27 00:00:00+00:00,2024-12-22 00:00:00+00:00,3284.38
ETHUSD_241227,ETH,2024-12-27 00:00:00+00:00,2024-12-23 00:00:00+00:00,3425.41
ETHUSD_241227,ETH,2024-12-27 00:00:00+00:00,2024-12-24 00:00:00+00:00,3495.26
ETHUSD_241227,ETH,2024-12-27 00:00:00+00:00,2024-12-25 00:00:00+00:00,3498.33
ETHUSD_241227,ETH,2024-12-27 00:00:00+00:00,2024-12-26 00:00:00+00:00,3332.78
ETHUSD_250328,ETH,2025-03-28 00:00:00+00:00,2024-09-27 00:00:00+00:00,2804.22
ETHUSD_250328,ETH,2025-03-28 00:00:00+00:00,2024-09-28 00:00:00+00:00,2784.2
ETHUSD_250328,ETH,2025-03-28 00:00:00+00:00,2024-09-29 00:00:00+00:00,2765.89
ETHUSD_250328,ETH,2025-03-28 00:00:00+00:00,2024-09-30 00:00:00+00:00,2691.25
ETHUSD_250328,ETH,2025-03-28 00:00:00+00:00,2024-10-01 00:00:00+00:00,2529.91
ETHUSD_250328,ETH,2025-03-28 00:00:00+00:00,2024-10-02 00:00:00+00:00,2445.84
ETHUSD_250328,ETH,2025-03-28 00:00:00+00:00,2024-10-03 00:00:00+00:00,2428.51
ETHUSD_250328,ETH,2025-03-28 00:00:00+00:00,2024-10-04 00:00:00+00:00,2498.73
ETHUSD_250328,ETH,2025-03-28 00:00:00+00:00,2024-10-05 00:00:00+00:00,2501.6
ETHUSD_250328,ETH,2025-03-28 00:00:00+00:00,2024-10-06 00:00:00+00:00,2526.81
ETHUSD_250328,ETH,2025-03-28 00:00:00+00:00,2024-10-07 00:00:00+00:00,2508.65
ETHUSD_250328,ETH,2025-03-28 00:00:00+00:00,2024-10-08 00:00:00+00:00,2522.61
ETHUSD_250328,ETH,2025-03-28 00:00:00+00:00,2024-10-09 00:00:00+00:00,2448.0
ETHUSD_250328,ETH,2025-03-28 00:00:00+00:00,2024-10-10 00:00:00+00:00,2461.02
ETHUSD_250328,ETH,2025-03-28 00:00:00+00:00,2024-10-11 00:00:00+00:00,2523.25
ETHUSD_250328,ETH,2025-03-28 00:00:00+00:00,2024-10-12 00:00:00+00:00,2564.07
ETHUSD_250328,ETH,2025-03-28 00:00:00+00:00,2024-10-13 00:00:00+00:00,2554.5
ETHUSD_250328,ETH,2025-03-28 00:00:00+00:00,2024-10-14 00:00:00+00:00,2726.8
ETHUSD_250328,ETH,2025-03-28 00:00:00+00:00,2024-10-15 00:00:00+00:00,2698.47
ETHUSD_250328,ETH,2025-03-28 00:00:00+00:00,2024-10-16 00:00:00+00:00,2700.5
ETHUSD_250328,ETH,2025-03-28 00:00:00+00:00,2024-10-17 00:00:00+00:00,2692.5
ETHUSD_250328,ETH,2025-03-28 00:00:00+00:00,2024-10-18 00:00:00+00:00,2735.76
ETHUSD_250328,ETH,2025-03-28 00:00:00+00:00,2024-10-19 00:00:00+00:00,2742.16
ETHUSD_250328,ETH,2025-03-28 00:00:00+00:00,2024-10-20 00:00:00+00:00,2851.49
ETHUSD_250328,ETH,2025-03-28 00:00:00+00:00,2024-10-21 00:00:00+00:00,2765.98
ETHUSD_250328,ETH,2025-03-28 00:00:00+00:00,2024-10-22 00:00:00+00:00,2721.24
ETHUSD_250328,ETH,2025-03-28 00:00:00+00:00,2024-10-23 00:00:00+00:00,2613.91
ETHUSD_250328,ETH,2025-03-28 00:00:00+00:00,2024-10-24 00:00:00+00:00,2634.57
ETHUSD_250328,ETH,2025-03-28 00:00:00+00:00,2024-10-25 00:00:00+00:00,2532.66
ETHUSD_250328,ETH,2025-03-28 00:00:00+00:00,2024-10-26 00:00:00+00:00,2575.2
ETHUSD_250328,ETH,2025-03-28 00:00:00+00:00,2024-10-27 00:00:00+00:00,2604.86
ETHUSD_250328,ETH,2025-03-28 00:00:00+00:00,2024-10-28 00:00:00+00:00,2668.49
ETHUSD_250328,ETH,2025-03-28 00:00:00+00:00,2024-10-29 00:00:00+00:00,2753.21
ETHUSD_250328,ETH,2025-03-28 00:00:00+00:00,2024-10-30 00:00:00+00:00,2774.25
ETHUSD_250328,ETH,2025-03-28 00:00:00+00:00,2024-10-31 00:00:00+00:00,2619.0
ETHUSD_250328,ETH,2025-03-28 00:00:00+00:00,2024-11-01 00:00:00+00:00,2611.12
ETHUSD_250328,ETH,2025-03-28 00:00:00+00:00,2024-11-02 00:00:00+00:00,2587.17
ETHUSD_250328,ETH,2025-03-28 00:00:00+00:00,2024-11-03 00:00:00+00:00,2545.14
ETHUSD_250328,ETH,2025-03-28 00:00:00+00:00,2024-11-04 00:00:00+00:00,2484.27
ETHUSD_250328,ETH,2025-03-28 00:00:00+00:00,2024-11-05 00:00:00+00:00,2511.67
ETHUSD_250328,ETH,2025-03-28 00:00:00+00:00,2024-11-06 00:00:00+00:00,2831.42
ETHUSD_250328,ETH,2025-03-28 00:00:00+00:00,2024-11-07 00:00:00+00:00,3017.22
ETHUSD_250328,ETH,2025-03-28 00:00:00+00:00,2024-11-08 00:00:00+00:00,3087.53
ETHUSD_250328,ETH,2025-03-28 00:00:00+00:00,2024-11-09 00:00:00+00:00,3258.58
ETHUSD_250328,ETH,2025-03-28 00:00:00+00:00,2024-11-10 00:00:00+00:00,3330.5
ETHUSD_250328,ETH,2025-03-28 00:00:00+00:00,2024-11-11 00:00:00+00:00,3534.06
ETHUSD_250328,ETH,2025-03-28 00:00:00+00:00,2024-11-12 00:00:00+00:00,3396.71
ETHUSD_250328,ETH,2025-03-28 00:00:00+00:00,2024-11-13 00:00:00+00:00,3336.36
ETHUSD_250328,ETH,2025-03-28 00:00:00+00:00,2024-11-14 00:00:00+00:00,3198.1
ETHUSD_250328,ETH,2025-03-28 00:00:00+00:00,2024-11-15 00:00:00+00:00,3234.62
ETHUSD_250328,ETH,2025-03-28 00:00:00+00:00,2024-11-16 00:00:00+00:00,3286.47
ETHUSD_250328,ETH,2025-03-28 00:00:00+00:00,2024-11-17 00:00:00+00:00,3223.87
ETHUSD_250328,ETH,2025-03-28 00:00:00+00:00,2024-11-18 00:00:00+00:00,3372.42
ETHUSD_250328,ETH,2025-03-28 00:00:00+00:00,2024-11-19 00:00:00+00:00,3269.41
ETHUSD_250328,ETH,2025-03-28 00:00:00+00:00,2024-11-20 00:00:00+00:00,3223.66
ETHUSD_250328,ETH,2025-03-28 00:00:00+00:00,2024-11-21 00:00:00+00:00,3528.81
ETHUSD_250328,ETH,2025-03-28 00:00:00+00:00,2024-11-22 00:00:00+00:00,3492.79
ETHUSD_250328,ETH,2025-03-28 00:00:00+00:00,2024-11-23 00:00:00+00:00,3571.99
ETHUSD_250328,ETH,2025-03-28 00:00:00+00:00,2024-11-24 00:00:00+00:00,3534.23
ETHUSD_250328,ETH,2025-03-28 00:00:00+00:00,2024-11-25 00:00:00+00:00,3580.91
ETHUSD_250328,ETH,2025-03-28 00:00:00+00:00,2024-11-26 00:00:00+00:00,3489.43
ETHUSD_250328,ETH,2025-03-28 00:00:00+00:00,2024-11-27 00:00:00+00:00,3840.86
ETHUSD_250328,ETH,2025-03-28 00:00:00+00:00,2024-11-28 00:00:00+00:00,3761.32
ETHUSD_250328,ETH,2025-03-28 00:00:00+00:00,2024-11-29 00:00:00+00:00,3771.29
ETHUSD_250328,ETH,2025-03-28 00:00:00+00:00,2024-11-30 00:00:00+00:00,3895.4
ETHUSD_250328,ETH,2025-03-28 00:00:00+00:00,2024-12-01 00:00:00+00:00,3902.5
ETHUSD_250328,ETH,2025-03-28 00:00:00+00:00,2024-12-02 00:00:00+00:00,3823.56
ETHUSD_250328,ETH,2025-03-28 00:00:00+00:00,2024-12-03 00:00:00+00:00,3801.0
ETHUSD_250328,ETH,2025-03-28 00:00:00+00:00,2024-12-04 00:00:00+00:00,4037.86
ETHUSD_250328,ETH,2025-03-28 00:00:00+00:00,2024-12-05 00:00:00+00:00,3995.73
ETHUSD_250328,ETH,2025-03-28 00:00:00+00:00,2024-12-06 00:00:00+00:00,4215.62
ETHUSD_250328,ETH,2025-03-28 00:00:00+00:00,2024-12-07 00:00:00+00:00,4216.18
ETHUSD_250328,ETH,2025-03-28 00:00:00+00:00,2024-12-08 00:00:00+00:00,4215.22
ETHUSD_250328,ETH,2025-03-28 00:00:00+00:00,2024-12-09 00:00:00+00:00,3891.36
ETHUSD_250328,ETH,2025-03-28 00:00:00+00:00,2024-12-10 00:00:00+00:00,3792.93
ETHUSD_250328,ETH,2025-03-28 00:00:00+00:00,2024-12-11 00:00:00+00:00,4007.54
ETHUSD_250328,ETH,2025-03-28 00:00:00+00:00,2024-12-12 00:00:00+00:00,4054.4
ETHUSD_250328,ETH,2025-03-28 00:00:00+00:00,2024-12-13 00:00:00+00:00,4079.14
ETHUSD_250328,ETH,2025-03-28 00:00:00+00:00,2024-12-14 00:00:00+00:00,4028.91
ETHUSD_250328,ETH,2025-03-28 00:00:00+00:00,2024-12-15 00:00:00+00:00,4141.0
ETHUSD_250328,ETH,2025-03-28 00:00:00+00:00,2024-12-16 00:00:00+00:00,4161.42
ETHUSD_250328,ETH,2025-03-28 00:00:00+00:00,2024-12-17 00:00:00+00:00,4053.76
ETHUSD_250328,ETH,2025-03-28 00:00:00+00:00,2024-12-18 00:00:00+00:00,3767.77
ETHUSD_250328,ETH,2025-03-28 00:00:00+00:00,2024-12-19 00:00:00+00:00,3557.31
ETHUSD_250328,ETH,2025-03-28 00:00:00+00:00,2024-12-20 00:00:00+00:00,3597.0
ETHUSD_250328,ETH,2025-03-28 00:00:00+00:00,2024-12-21 00:00:00+00:00,3455.64
ETHUSD_250328,ETH,2025-03-28 00:00:00+00:00,2024-12-22 00:00:00+00:00,3387.72
ETHUSD_250328,ETH,2025-03-28 00:00:00+00:00,2024-12-23 00:00:00+00:00,3537.37
ETHUSD_250328,ETH,2025-03-28 00:00:00+00:00,2024-12-24 00:00:00+00:00,3610.94
ETHUSD_250328,ETH,2025-03-28 00:00:00+00:00,2024-12-25 00:00:00+00:00,3612.83
ETHUSD_250328,ETH,2025-03-28 00:00:00+00:00,2024-12-26 00:00:00+00:00,3436.84
ETHUSD_250328,ETH,2025-03-28 00:00:00+00:00,2024-12-27 00:00:00+00:00,3437.97
ETHUSD_250328,ETH,2025-03-28 00:00:00+00:00,2024-12-28 00:00:00+00:00,3508.79
ETHUSD_250328,ETH,2025-03-28 00:00:00+00:00,2024-12-29 00:00:00+00:00,3460.45
ETHUSD_250328,ETH,2025-03-28 00:00:00+00:00,2024-12-30 00:00:00+00:00,3461.78
ETHUSD_250328,ETH,2025-03-28 00:00:00+00:00,2024-12-31 00:00:00+00:00,3435.93
ETHUSD_250328,ETH,2025-03-28 00:00:00+00:00,2025-01-01 00:00:00+00:00,3462.98
ETHUSD_250328,ETH,2025-03-28 00:00:00+00:00,2025-01-02 00:00:00+00:00,3570.37
ETHUSD_250328,ETH,2025-03-28 00:00:00+00:00,2025-01-03 00:00:00+00:00,3724.16
ETHUSD_250328,ETH,2025-03-28 00:00:00+00:00,2025-01-04 00:00:00+00:00,3771.63
ETHUSD_250328,ETH,2025-03-28 00:00:00+00:00,2025-01-05 00:00:00+00:00,3740.66
ETHUSD_250328,ETH,2025-03-28 00:00:00+00:00,2025-01-06 00:00:00+00:00,3788.6
ETHUSD_250328,ETH,2025-03-28 00:00:00+00:00,2025-01-07 00:00:00+00:00,3470.93
ETHUSD_250328,ETH,2025-03-28 00:00:00+00:00,2025-01-08 00:00:00+00:00,3410.6
ETHUSD_250328,ETH,2025-03-28 00:00:00+00:00,2025-01-09 00:00:00+00:00,3298.42
ETHUSD_250328,ETH,2025-03-28 00:00:00+00:00,2025-01-10 00:00:00+00:00,3343.46
ETHUSD_250328,ETH,2025-03-28 00:00:00+00:00,2025-01-11 00:00:00+00:00,3353.3
ETHUSD_250328,ETH,2025-03-28 00:00:00+00:00,2025-01-12 00:00:00+00:00,3336.26
ETHUSD_250328,ETH,2025-03-28 00:00:00+00:00,2025-01-13 00:00:00+00:00,3207.7
ETHUSD_250328,ETH,2025-03-28 00:00:00+00:00,2025-01-14 00:00:00+00:00,3295.66
ETHUSD_250328,ETH,2025-03-28 00:00:00+00:00,2025-01-15 00:00:00+00:00,3532.06
ETHUSD_250328,ETH,2025-03-28 00:00:00+00:00,2025-01-16 00:00:00+00:00,3384.22
ETHUSD_250328,ETH,2025-03-28 00:00:00+00:00,2025-01-17 00:00:00+00:00,3563.36
ETHUSD_250328,ETH,2025-03-28 00:00:00+00:00,2025-01-18 00:00:00+00:00,3384.91
ETHUSD_250328,ETH,2025-03-28 00:00:00+00:00,2025-01-19 00:00:00+00:00,3289.69
ETHUSD_250328,ETH,2025-03-28 00:00:00+00:00,2025-01-20 00:00:00+00:00,3354.63
ETHUSD_250328,ETH,2025-03-28 00:00:00+00:00,2025-01-21 00:00:00+00:00,3400.88
ETHUSD_250328,ETH,2025-03-28 00:00:00+00:00,2025-01-22 00:00:00+00:00,3308.59
ETHUSD_250328,ETH,2025-03-28 00:00:00+00:00,2025-01-23 00:00:00+00:00,3405.32
ETHUSD_250328,ETH,2025-03-28 00:00:00+00:00,2025-01-24 00:00:00+00:00,3371.5
ETHUSD_250328,ETH,2025-03-28 00:00:00+00:00,2025-01-25 00:00:00+00:00,3382.06
ETHUSD_250328,ETH,2025-03-28 00:00:00+00:00,2025-01-26 00:00:00+00:00,3297.23
ETHUSD_250328,ETH,2025-03-28 00:00:00+00:00,2025-01-27 00:00:00+00:00,3236.94
ETHUSD_250328,ETH,2025-03-28 00:00:00+00:00,2025-01-28 00:00:00+00:00,3128.38
ETHUSD_250328,ETH,2025-03-28 00:00:00+00:00,2025-01-29 00:00:00+00:00,3167.23
ETHUSD_250328,ETH,2025-03-28 00:00:00+00:00,2025-01-30 00:00:00+00:00,3300.64
ETHUSD_250328,ETH,2025-03-28 00:00:00+00:00,2025-01-31 00:00:00+00:00,3348.66
ETHUSD_250328,ETH,2025-03-28 00:00:00+00:00,2025-02-01 00:00:00+00:00,3166.83
ETHUSD_250328,ETH,2025-03-28 00:00:00+00:00,2025-02-02 00:00:00+00:00,2909.58
ETHUSD_250328,ETH,2025-03-28 00:00:00+00:00,2025-02-03 00:00:00+00:00,2910.59
ETHUSD_250328,ETH,2025-03-28 00:00:00+00:00,2025-02-04 00:00:00+00:00,2758.83
ETHUSD_250328,ETH,2025-03-28 00:00:00+00:00,2025-02-05 00:00:00+00:00,2813.72
ETHUSD_250328,ETH,2025-03-28 00:00:00+00:00,2025-02-06 00:00:00+00:00,2714.73
ETHUSD_250328,ETH,2025-03-28 00:00:00+00:00,2025-02-07 00:00:00+00:00,2644.17
ETHUSD_250328,ETH,2025-03-28 00:00:00+00:00,2025-02-08 00:00:00+00:00,2652.63
ETHUSD_250328,ETH,2025-03-28 00:00:00+00:00,2025-02-09 00:00:00+00:00,2648.37
ETHUSD_250328,ETH,2025-03-28 00:00:00+00:00,2025-02-10 00:00:00+00:00,2681.14
ETHUSD_250328,ETH,2025-03-28 00:00:00+00:00,2025-02-11 00:00:00+00:00,2623.57
ETHUSD_250328,ETH,2025-03-28 00:00:00+00:00,2025-02-12 00:00:00+00:00,2758.98
ETHUSD_250328,ETH,2025-03-28 00:00:00+00:00,2025-02-13 00:00:00+00:00,2694.5
ETHUSD_250328,ETH,2025-03-28 00:00:00+00:00,2025-02-14 00:00:00+00:00,2744.96
ETHUSD_250328,ETH,2025-03-28 00:00:00+00:00,2025-02-15 00:00:00+00:00,2711.01
ETHUSD_250328,ETH,2025-03-28 00:00:00+00:00,2025-02-16 00:00:00+00:00,2679.31
ETHUSD_250328,ETH,2025-03-28 00:00:00+00:00,2025-02-17 00:00:00+00:00,2760.79
ETHUSD_250328,ETH,2025-03-28 00:00:00+00:00,2025-02-18 00:00:00+00:00,2683.9
ETHUSD_250328,ETH,2025-03-28 00:00:00+00:00,2025-02-19 00:00:00+00:00,2729.42
ETHUSD_250328,ETH,2025-03-28 00:00:00+00:00,2025-02-20 00:00:00+00:00,2753.59
ETHUSD_250328,ETH,2025-03-28 00:00:00+00:00,2025-02-21 00:00:00+00:00,2673.52
ETHUSD_250328,ETH,2025-03-28 00:00:00+00:00,2025-02-22 00:00:00+00:00,2777.69
ETHUSD_250328,ETH,2025-03-28 00:00:00+00:00,2025-02-23 00:00:00+00:00,2834.82
ETHUSD_250328,ETH,2025-03-28 00:00:00+00:00,2025-02-24 00:00:00+00:00,2526.8
ETHUSD_250328,ETH,2025-03-28 00:00:00+00:00,2025-02-25 00:00:00+00:00,2506.25
ETHUSD_250328,ETH,2025-03-28 00:00:00+00:00,2025-02-26 00:00:00+00:00,2345.88
ETHUSD_250328,ETH,2025-03-28 00:00:00+00:00,2025-02-27 00:00:00+00:00,2317.82
ETHUSD_250328,ETH,2025-03-28 00:00:00+00:00,2025-02-28 00:00:00+00:00,2245.73
ETHUSD_250328,ETH,2025-03-28 00:00:00+00:00,2025-03-01 00:00:00+00:00,2227.86
ETHUSD_250328,ETH,2025-03-28 00:00:00+00:00,2025-03-02 00:00:00+00:00,2527.31
ETHUSD_250328,ETH,2025-03-28 00:00:00+00:00,2025-03-03 00:00:00+00:00,2156.56
ETHUSD_250328,ETH,2025-03-28 00:00:00+00:00,2025-03-04 00:00:00+00:00,2179.46
ETHUSD_250328,ETH,2025-03-28 00:00:00+00:00,2025-03-05 00:00:00+00:00,2248.81
ETHUSD_250328,ETH,2025-03-28 00:00:00+00:00,2025-03-06 00:00:00+00:00,2209.71
ETHUSD_250328,ETH,2025-03-28 00:00:00+00:00,2025-03-07 00:00:00+00:00,2147.0
ETHUSD_250328,ETH,2025-03-28 00:00:00+00:00,2025-03-08 00:00:00+00:00,2209.75
ETHUSD_250328,ETH,2025-03-28 00:00:00+00:00,2025-03-09 00:00:00+00:00,2021.76
ETHUSD_250328,ETH,2025-03-28 00:00:00+00:00,2025-03-10 00:00:00+00:00,1868.18
ETHUSD_250328,ETH,2025-03-28 00:00:00+00:00,2025-03-11 00:00:00+00:00,1922.18
ETHUSD_250328,ETH,2025-03-28 00:00:00+00:00,2025-03-12 00:00:00+00:00,1910.79
ETHUSD_250328,ETH,2025-03-28 00:00:00+00:00,2025-03-13 00:00:00+00:00,1867.95
ETHUSD_250328,ETH,2025-03-28 00:00:00+00:00,2025-03-14 00:00:00+00:00,1915.26
ETHUSD_250328,ETH,2025-03-28 00:00:00+00:00,2025-03-15 00:00:00+00:00,1939.04
ETHUSD_250328,ETH,2025-03-28 00:00:00+00:00,2025-03-16 00:00:00+00:00,1888.9
ETHUSD_250328,ETH,2025-03-28 00:00:00+00:00,2025-03-17 00:00:00+00:00,1928.73
ETHUSD_250328,ETH,2025-03-28 00:00:00+00:00,2025-03-18 00:00:00+00:00,1933.19
ETHUSD_250328,ETH,2025-03-28 00:00:00+00:00,2025-03-19 00:00:00+00:00,2059.28
ETHUSD_250328,ETH,2025-03-28 00:00:00+00:00,2025-03-20 00:00:00+00:00,1985.85
ETHUSD_250328,ETH,2025-03-28 00:00:00+00:00,2025-03-21 00:00:00+00:00,1967.76
ETHUSD_250328,ETH,2025-03-28 00:00:00+00:00,2025-03-22 00:00:00+00:00,1983.69
ETHUSD_250328,ETH,2025-03-28 00:00:00+00:00,2025-03-23 00:00:00+00:00,2009.64
ETHUSD_250328,ETH,2025-03-28 00:00:00+00:00,2025-03-24 00:00:00+00:00,2083.73
ETHUSD_250328,ETH,2025-03-28 00:00:00+00:00,2025-03-25 00:00:00+00:00,2068.84
ETHUSD_250328,ETH,2025-03-28 00:00:00+00:00,2025-03-26 00:00:00+00:00,2011.03
ETHUSD_250328,ETH,2025-03-28 00:00:00+00:00,2025-03-27 00:00:00+00:00,2004.58
ETHUSD_250627,ETH,2025-06-27 00:00:00+00:00,2024-12-27 00:00:00+00:00,3532.46
ETHUSD_250627,ETH,2025-06-27 00:00:00+00:00,2024-12-28 00:00:00+00:00,3605.5
ETHUSD_250627,ETH,2025-06-27 00:00:00+00:00,2024-12-29 00:00:00+00:00,3552.55
ETHUSD_250627,ETH,2025-06-27 00:00:00+00:00,2024-12-30 00:00:00+00:00,3559.73
ETHUSD_250627,ETH,2025-06-27 00:00:00+00:00,2024-12-31 00:00:00+00:00,3531.96
ETHUSD_250627,ETH,2025-06-27 00:00:00+00:00,2025-01-01 00:00:00+00:00,3554.8
ETHUSD_250627,ETH,2025-06-27 00:00:00+00:00,2025-01-02 00:00:00+00:00,3662.82
ETHUSD_250627,ETH,2025-06-27 00:00:00+00:00,2025-01-03 00:00:00+00:00,3827.01
ETHUSD_250627,ETH,2025-06-27 00:00:00+00:00,2025-01-04 00:00:00+00:00,3887.86
ETHUSD_250627,ETH,2025-06-27 00:00:00+00:00,2025-01-05 00:00:00+00:00,3853.58
ETHUSD_250627,ETH,2025-06-27 00:00:00+00:00,2025-01-06 00:00:00+00:00,3906.4
ETHUSD_250627,ETH,2025-06-27 00:00:00+00:00,2025-01-07 00:00:00+00:00,3568.46
ETHUSD_250627,ETH,2025-06-27 00:00:00+00:00,2025-01-08 00:00:00+00:00,3512.0
ETHUSD_250627,ETH,2025-06-27 00:00:00+00:00,2025-01-09 00:00:00+00:00,3404.5
ETHUSD_250627,ETH,2025-06-27 00:00:00+00:00,2025-01-10 00:00:00+00:00,3445.0
ETHUSD_250627,ETH,2025-06-27 00:00:00+00:00,2025-01-11 00:00:00+00:00,3448.86
ETHUSD_250627,ETH,2025-06-27 00:00:00+00:00,2025-01-12 00:00:00+00:00,3434.78
ETHUSD_250627,ETH,2025-06-27 00:00:00+00:00,2025-01-13 00:00:00+00:00,3300.95
ETHUSD_250627,ETH,2025-06-27 00:00:00+00:00,2025-01-14 00:00:00+00:00,3388.9
ETHUSD_250627,ETH,2025-06-27 00:00:00+00:00,2025-01-15 00:00:00+00:00,3635.58
ETHUSD_250627,ETH,2025-06-27 00:00:00+00:00,2025-01-16 00:00:00+00:00,3484.07
ETHUSD_250627,ETH,2025-06-27 00:00:00+00:00,2025-01-17 00:00:00+00:00,3665.91
ETHUSD_250627,ETH,2025-06-27 00:00:00+00:00,2025-01-18 00:00:00+00:00,3478.96
ETHUSD_250627,ETH,2025-06-27 00:00:00+00:00,2025-01-19 00:00:00+00:00,3388.72
ETHUSD_250627,ETH,2025-06-27 00:00:00+00:00,2025-01-20 00:00:00+00:00,3455.57
ETHUSD_250627,ETH,2025-06-27 00:00:00+00:00,2025-01-21 00:00:00+00:00,3511.13
ETHUSD_250627,ETH,2025-06-27 00:00:00+00:00,2025-01-22 00:00:00+00:00,3411.63
ETHUSD_250627,ETH,2025-06-27 00:00:00+00:00,2025-01-23 00:00:00+00:00,3507.9
ETHUSD_250627,ETH,2025-06-27 00:00:00+00:00,2025-01-24 00:00:00+00:00,3475.75
ETHUSD_250627,ETH,2025-06-27 00:00:00+00:00,2025-01-25 00:00:00+00:00,3486.1
ETHUSD_250627,ETH,2025-06-27 00:00:00+00:00,2025-01-26 00:00:00+00:00,3395.17
ETHUSD_250627,ETH,2025-06-27 00:00:00+00:00,2025-01-27 00:00:00+00:00,3339.46
ETHUSD_250627,ETH,2025-06-27 00:00:00+00:00,2025-01-28 00:00:00+00:00,3228.32
ETHUSD_250627,ETH,2025-06-27 00:00:00+00:00,2025-01-29 00:00:00+00:00,3262.49
ETHUSD_250627,ETH,2025-06-27 00:00:00+00:00,2025-01-30 00:00:00+00:00,3392.7
ETHUSD_250627,ETH,2025-06-27 00:00:00+00:00,2025-01-31 00:00:00+00:00,3447.11
ETHUSD_250627,ETH,2025-06-27 00:00:00+00:00,2025-02-01 00:00:00+00:00,3256.4
ETHUSD_250627,ETH,2025-06-27 00:00:00+00:00,2025-02-02 00:00:00+00:00,2989.99
ETHUSD_250627,ETH,2025-06-27 00:00:00+00:00,2025-02-03 00:00:00+00:00,2990.24
ETHUSD_250627,ETH,2025-06-27 00:00:00+00:00,2025-02-04 00:00:00+00:00,2833.26
ETHUSD_250627,ETH,2025-06-27 00:00:00+00:00,2025-02-05 00:00:00+00:00,2886.92
ETHUSD_250627,ETH,2025-06-27 00:00:00+00:00,2025-02-06 00:00:00+00:00,2781.62
ETHUSD_250627,ETH,2025-06-27 00:00:00+00:00,2025-02-07 00:00:00+00:00,2705.97
ETHUSD_250627,ETH,2025-06-27 00:00:00+00:00,2025-02-08 00:00:00+00:00,2716.09
ETHUSD_250627,ETH,2025-06-27 00:00:00+00:00,2025-02-09 00:00:00+00:00,2710.43
ETHUSD_250627,ETH,2025-06-27 00:00:00+00:00,2025-02-10 00:00:00+00:00,2740.22
ETHUSD_250627,ETH,2025-06-27 00:00:00+00:00,2025-02-11 00:00:00+00:00,2680.62
ETHUSD_250627,ETH,2025-06-27 00:00:00+00:00,2025-02-12 00:00:00+00:00,2817.46
ETHUSD_250627,ETH,2025-06-27 00:00:00+00:00,2025-02-13 00:00:00+00:00,2752.36
ETHUSD_250627,ETH,2025-06-27 00:00:00+00:00,2025-02-14 00:00:00+00:00,2803.81
ETHUSD_250627,ETH,2025-06-27 00:00:00+00:00,2025-02-15 00:00:00+00:00,2768.02
ETHUSD_250627,ETH,2025-06-27 00:00:00+00:00,2025-02-16 00:00:00+00:00,2737.27
ETHUSD_250627,ETH,2025-06-27 00:00:00+00:00,2025-02-17 00:00:00+00:00,2815.36
ETHUSD_250627,ETH,2025-06-27 00:00:00+00:00,2025-02-18 00:00:00+00:00,2737.49
ETHUSD_250627,ETH,2025-06-27 00:00:00+00:00,2025-02-19 00:00:00+00:00,2782.02
ETHUSD_250627,ETH,2025-06-27 00:00:00+00:00,2025-02-20 00:00:00+00:00,2808.73
ETHUSD_250627,ETH,2025-06-27 00:00:00+00:00,2025-02-21 00:00:00+00:00,2727.86
ETHUSD_250627,ETH,2025-06-27 00:00:00+00:00,2025-02-22 00:00:00+00:00,2832.95
ETHUSD_250627,ETH,2025-06-27 00:00:00+00:00,2025-02-23 00:00:00+00:00,2899.55
ETHUSD_250627,ETH,2025-06-27 00:00:00+00:00,2025-02-24 00:00:00+00:00,2571.7
ETHUSD_250627,ETH,2025-06-27 00:00:00+00:00,2025-02-25 00:00:00+00:00,2551.98
ETHUSD_250627,ETH,2025-06-27 00:00:00+00:00,2025-02-26 00:00:00+00:00,2389.51
ETHUSD_250627,ETH,2025-06-27 00:00:00+00:00,2025-02-27 00:00:00+00:00,2359.77
ETHUSD_250627,ETH,2025-06-27 00:00:00+00:00,2025-02-28 00:00:00+00:00,2291.09
ETHUSD_250627,ETH,2025-06-27 00:00:00+00:00,2025-03-01 00:00:00+00:00,2268.19
ETHUSD_250627,ETH,2025-06-27 00:00:00+00:00,2025-03-02 00:00:00+00:00,2570.96
ETHUSD_250627,ETH,2025-06-27 00:00:00+00:00,2025-03-03 00:00:00+00:00,2193.36
ETHUSD_250627,ETH,2025-06-27 00:00:00+00:00,2025-03-04 00:00:00+00:00,2213.17
ETHUSD_250627,ETH,2025-06-27 00:00:00+00:00,2025-03-05 00:00:00+00:00,2288.06
ETHUSD_250627,ETH,2025-06-27 00:00:00+00:00,2025-03-06 00:00:00+00:00,2246.86
ETHUSD_250627,ETH,2025-06-27 00:00:00+00:00,2025-03-07 00:00:00+00:00,2183.13
ETHUSD_250627,ETH,2025-06-27 00:00:00+00:00,2025-03-08 00:00:00+00:00,2242.99
ETHUSD_250627,ETH,2025-06-27 00:00:00+00:00,2025-03-09 00:00:00+00:00,2055.09
ETHUSD_250627,ETH,2025-06-27 00:00:00+00:00,2025-03-10 00:00:00+00:00,1898.0
ETHUSD_250627,ETH,2025-06-27 00:00:00+00:00,2025-03-11 00:00:00+00:00,1953.26
ETHUSD_250627,ETH,2025-06-27 00:00:00+00:00,2025-03-12 00:00:00+00:00,1941.76
ETHUSD_250627,ETH,2025-06-27 00:00:00+00:00,2025-03-13 00:00:00+00:00,1894.46
ETHUSD_250627,ETH,2025-06-27 00:00:00+00:00,2025-03-14 00:00:00+00:00,1941.01
ETHUSD_250627,ETH,2025-06-27 00:00:00+00:00,2025-03-15 00:00:00+00:00,1966.73
ETHUSD_250627,ETH,2025-06-27 00:00:00+00:00,2025-03-16 00:00:00+00:00,1917.52
ETHUSD_250627,ETH,2025-06-27 00:00:00+00:00,2025-03-17 00:00:00+00:00,1957.79
ETHUSD_250627,ETH,2025-06-27 00:00:00+00:00,2025-03-18 00:00:00+00:00,1958.69
ETHUSD_250627,ETH,2025-06-27 00:00:00+00:00,2025-03-19 00:00:00+00:00,2087.25
ETHUSD_250627,ETH,2025-06-27 00:00:00+00:00,2025-03-20 00:00:00+00:00,2011.2
ETHUSD_250627,ETH,2025-06-27 00:00:00+00:00,2025-03-21 00:00:00+00:00,1993.34
ETHUSD_250627,ETH,2025-06-27 00:00:00+00:00,2025-03-22 00:00:00+00:00,2007.05
ETHUSD_250627,ETH,2025-06-27 00:00:00+00:00,2025-03-23 00:00:00+00:00,2033.18
ETHUSD_250627,ETH,2025-06-27 00:00:00+00:00,2025-03-24 00:00:00+00:00,2108.18
ETHUSD_250627,ETH,2025-06-27 00:00:00+00:00,2025-03-25 00:00:00+00:00,2094.78
ETHUSD_250627,ETH,2025-06-27 00:00:00+00:00,2025-03-26 00:00:00+00:00,2034.31
ETHUSD_250627,ETH,2025-06-27 00:00:00+00:00,2025-03-27 00:00:00+00:00,2025.84
ETHUSD_250627,ETH,2025-06-27 00:00:00+00:00,2025-03-28 00:00:00+00:00,1917.73
ETHUSD_250627,ETH,2025-06-27 00:00:00+00:00,2025-03-29 00:00:00+00:00,1845.07
ETHUSD_250627,ETH,2025-06-27 00:00:00+00:00,2025-03-30 00:00:00+00:00,1823.55
ETHUSD_250627,ETH,2025-06-27 00:00:00+00:00,2025-03-31 00:00:00+00:00,1839.85
ETHUSD_250627,ETH,2025-06-27 00:00:00+00:00,2025-04-01 00:00:00+00:00,1928.08
ETHUSD_250627,ETH,2025-06-27 00:00:00+00:00,2025-04-02 00:00:00+00:00,1814.36
ETHUSD_250627,ETH,2025-06-27 00:00:00+00:00,2025-04-03 00:00:00+00:00,1834.93
ETHUSD_250627,ETH,2025-06-27 00:00:00+00:00,2025-04-04 00:00:00+00:00,1834.98
ETHUSD_250627,ETH,2025-06-27 00:00:00+00:00,2025-04-05 00:00:00+00:00,1824.3
ETHUSD_250627,ETH,2025-06-27 00:00:00+00:00,2025-04-06 00:00:00+00:00,1592.48
ETHUSD_250627,ETH,2025-06-27 00:00:00+00:00,2025-04-07 00:00:00+00:00,1564.75
ETHUSD_250627,ETH,2025-06-27 00:00:00+00:00,2025-04-08 00:00:00+00:00,1487.48
ETHUSD_250627,ETH,2025-06-27 00:00:00+00:00,2025-04-09 00:00:00+00:00,1685.08
ETHUSD_250627,ETH,2025-06-27 00:00:00+00:00,2025-04-10 00:00:00+00:00,1532.98
ETHUSD_250627,ETH,2025-06-27 00:00:00+00:00,2025-04-11 00:00:00+00:00,1577.09
ETHUSD_250627,ETH,2025-06-27 00:00:00+00:00,2025-04-12 00:00:00+00:00,1656.37
ETHUSD_250627,ETH,2025-06-27 00:00:00+00:00,2025-04-13 00:00:00+00:00,1610.62
ETHUSD_250627,ETH,2025-06-27 00:00:00+00:00,2025-04-14 00:00:00+00:00,1634.25
ETHUSD_250627,ETH,2025-06-27 00:00:00+00:00,2025-04-15 00:00:00+00:00,1600.4
ETHUSD_250627,ETH,2025-06-27 00:00:00+00:00,2025-04-16 00:00:00+00:00,1590.47
ETHUSD_250627,ETH,2025-06-27 00:00:00+00:00,2025-04-17 00:00:00+00:00,1595.86
ETHUSD_250627,ETH,2025-06-27 00:00:00+00:00,2025-04-18 00:00:00+00:00,1600.6
ETHUSD_250627,ETH,2025-06-27 00:00:00+00:00,2025-04-19 00:00:00+00:00,1626.23
ETHUSD_250627,ETH,2025-06-27 00:00:00+00:00,2025-04-20 00:00:00+00:00,1598.73
ETHUSD_250627,ETH,2025-06-27 00:00:00+00:00,2025-04-21 00:00:00+00:00,1590.35
ETHUSD_250627,ETH,2025-06-27 00:00:00+00:00,2025-04-22 00:00:00+00:00,1769.86
ETHUSD_250627,ETH,2025-06-27 00:00:00+00:00,2025-04-23 00:00:00+00:00,1810.06
ETHUSD_250627,ETH,2025-06-27 00:00:00+00:00,2025-04-24 00:00:00+00:00,1783.45
ETHUSD_250627,ETH,2025-06-27 00:00:00+00:00,2025-04-25 00:00:00+00:00,1797.69
ETHUSD_250627,ETH,2025-06-27 00:00:00+00:00,2025-04-26 00:00:00+00:00,1837.39
ETHUSD_250627,ETH,2025-06-27 00:00:00+00:00,2025-04-27 00:00:00+00:00,1805.81
ETHUSD_250627,ETH,2025-06-27 00:00:00+00:00,2025-04-28 00:00:00+00:00,1813.45
ETHUSD_250627,ETH,2025-06-27 00:00:00+00:00,2025-04-29 00:00:00+00:00,1813.22
ETHUSD_250627,ETH,2025-06-27 00:00:00+00:00,2025-04-30 00:00:00+00:00,1807.47
ETHUSD_250627,ETH,2025-06-27 00:00:00+00:00,2025-05-01 00:00:00+00:00,1853.64
ETHUSD_250627,ETH,2025-06-27 00:00:00+00:00,2025-05-02 00:00:00+00:00,1856.11
ETHUSD_250627,ETH,2025-06-27 00:00:00+00:00,2025-05-03 00:00:00+00:00,1846.22
ETHUSD_250627,ETH,2025-06-27 00:00:00+00:00,2025-05-04 00:00:00+00:00,1818.48
ETHUSD_250627,ETH,2025-06-27 00:00:00+00:00,2025-05-05 00:00:00+00:00,1832.16
ETHUSD_250627,ETH,2025-06-27 00:00:00+00:00,2025-05-06 00:00:00+00:00,1826.3
ETHUSD_250627,ETH,2025-06-27 00:00:00+00:00,2025-05-07 00:00:00+00:00,1819.52
ETHUSD_250627,ETH,2025-06-27 00:00:00+00:00,2025-05-08 00:00:00+00:00,2221.86
ETHUSD_250627,ETH,2025-06-27 00:00:00+00:00,2025-05-09 00:00:00+00:00,2359.49
ETHUSD_250627,ETH,2025-06-27 00:00:00+00:00,2025-05-10 00:00:00+00:00,2596.87
ETHUSD_250627,ETH,2025-06-27 00:00:00+00:00,2025-05-11 00:00:00+00:00,2532.74
ETHUSD_250627,ETH,2025-06-27 00:00:00+00:00,2025-05-12 00:00:00+00:00,2511.01
ETHUSD_250627,ETH,2025-06-27 00:00:00+00:00,2025-05-13 00:00:00+00:00,2697.3
ETHUSD_250627,ETH,2025-06-27 00:00:00+00:00,2025-05-14 00:00:00+00:00,2626.81
ETHUSD_250627,ETH,2025-06-27 00:00:00+00:00,2025-05-15 00:00:00+00:00,2562.08
ETHUSD_250627,ETH,2025-06-27 00:00:00+00:00,2025-05-16 00:00:00+00:00,2551.6
ETHUSD_250627,ETH,2025-06-27 00:00:00+00:00,2025-05-17 00:00:00+00:00,2488.2
ETHUSD_250627,ETH,2025-06-27 00:00:00+00:00,2025-05-18 00:00:00+00:00,2513.37
ETHUSD_250627,ETH,2025-06-27 00:00:00+00:00,2025-05-19 00:00:00+00:00,2542.61
ETHUSD_250627,ETH,2025-06-27 00:00:00+00:00,2025-05-20 00:00:00+00:00,2540.03
ETHUSD_250627,ETH,2025-06-27 00:00:00+00:00,2025-05-21 00:00:00+00:00,2566.77
ETHUSD_250627,ETH,2025-06-27 00:00:00+00:00,2025-05-22 00:00:00+00:00,2684.33
ETHUSD_250627,ETH,2025-06-27 00:00:00+00:00,2025-05-23 00:00:00+00:00,2540.9
ETHUSD_250627,ETH,2025-06-27 00:00:00+00:00,2025-05-24 00:00:00+00:00,2544.58
ETHUSD_250627,ETH,2025-06-27 00:00:00+00:00,2025-05-25 00:00:00+00:00,2568.09
ETHUSD_250627,ETH,2025-06-27 00:00:00+00:00,2025-05-26 00:00:00+00:00,2578.36
ETHUSD_250627,ETH,2025-06-27 00:00:00+00:00,2025-05-27 00:00:00+00:00,2676.05
ETHUSD_250627,ETH,2025-06-27 00:00:00+00:00,2025-05-28 00:00:00+00:00,2696.05
ETHUSD_250627,ETH,2025-06-27 00:00:00+00:00,2025-05-29 00:00:00+00:00,2643.41
ETHUSD_250627,ETH,2025-06-27 00:00:00+00:00,2025-05-30 00:00:00+00:00,2541.73
ETHUSD_250627,ETH,2025-06-27 00:00:00+00:00,2025-05-31 00:00:00+00:00,2538.11
ETHUSD_250627,ETH,2025-06-27 00:00:00+00:00,2025-06-01 00:00:00+00:00,2550.32
ETHUSD_250627,ETH,2025-06-27 00:00:00+00:00,2025-06-02 00:00:00+00:00,2615.4
ETHUSD_250627,ETH,2025-06-27 00:00:00+00:00,2025-06-03 00:00:00+00:00,2603.05
ETHUSD_250627,ETH,2025-06-27 00:00:00+00:00,2025-06-04 00:00:00+00:00,2615.62
ETHUSD_250627,ETH,2025-06-27 00:00:00+00:00,2025-06-05 00:00:00+00:00,2422.44
ETHUSD_250627,ETH,2025-06-27 00:00:00+00:00,2025-06-06 00:00:00+00:00,2483.98
ETHUSD_250627,ETH,2025-06-27 00:00:00+00:00,2025-06-07 00:00:00+00:00,2532.11
ETHUSD_250627,ETH,2025-06-27 00:00:00+00:00,2025-06-08 00:00:00+00:00,2516.54
ETHUSD_250627,ETH,2025-06-27 00:00:00+00:00,2025-06-09 00:00:00+00:00,2687.6
ETHUSD_250627,ETH,2025-06-27 00:00:00+00:00,2025-06-10 00:00:00+00:00,2826.01
ETHUSD_250627,ETH,2025-06-27 00:00:00+00:00,2025-06-11 00:00:00+00:00,2778.77
ETHUSD_250627,ETH,2025-06-27 00:00:00+00:00,2025-06-12 00:00:00+00:00,2647.26
ETHUSD_250627,ETH,2025-06-27 00:00:00+00:00,2025-06-13 00:00:00+00:00,2584.28
ETHUSD_250627,ETH,2025-06-27 00:00:00+00:00,2025-06-14 00:00:00+00:00,2536.44
ETHUSD_250627,ETH,2025-06-27 00:00:00+00:00,2025-06-15 00:00:00+00:00,2552.48
ETHUSD_250627,ETH,2025-06-27 00:00:00+00:00,2025-06-16 00:00:00+00:00,2547.19
ETHUSD_250627,ETH,2025-06-27 00:00:00+00:00,2025-06-17 00:00:00+00:00,2514.47
ETHUSD_250627,ETH,2025-06-27 00:00:00+00:00,2025-06-18 00:00:00+00:00,2529.05
ETHUSD_250627,ETH,2025-06-27 00:00:00+00:00,2025-06-19 00:00:00+00:00,2524.68
ETHUSD_250627,ETH,2025-06-27 00:00:00+00:00,2025-06-20 00:00:00+00:00,2407.83
ETHUSD_250627,ETH,2025-06-27 00:00:00+00:00,2025-06-21 00:00:00+00:00,2297.4
ETHUSD_250627,ETH,2025-06-27 00:00:00+00:00,2025-06-22 00:00:00+00:00,2230.11
ETHUSD_250627,ETH,2025-06-27 00:00:00+00:00,2025-06-23 00:00:00+00:00,2411.31
ETHUSD_250627,ETH,2025-06-27 00:00:00+00:00,2025-06-24 00:00:00+00:00,2450.77
ETHUSD_250627,ETH,2025-06-27 00:00:00+00:00,2025-06-25 00:00:00+00:00,2420.0
ETHUSD_250627,ETH,2025-06-27 00:00:00+00:00,2025-06-26 00:00:00+00:00,2414.16
ETHUSD_250926,ETH,2025-09-26 00:00:00+00:00,2025-03-28 00:00:00+00:00,1943.28
ETHUSD_250926,ETH,2025-09-26 00:00:00+00:00,2025-03-29 00:00:00+00:00,1870.27
ETHUSD_250926,ETH,2025-09-26 00:00:00+00:00,2025-03-30 00:00:00+00:00,1847.7
ETHUSD_250926,ETH,2025-09-26 00:00:00+00:00,2025-03-31 00:00:00+00:00,1863.26
ETHUSD_250926,ETH,2025-09-26 00:00:00+00:00,2025-04-01 00:00:00+00:00,1953.83
ETHUSD_250926,ETH,2025-09-26 00:00:00+00:00,2025-04-02 00:00:00+00:00,1839.93
ETHUSD_250926,ETH,2025-09-26 00:00:00+00:00,2025-04-03 00:00:00+00:00,1862.1
ETHUSD_250926,ETH,2025-09-26 00:00:00+00:00,2025-04-04 00:00:00+00:00,1856.01
ETHUSD_250926,ETH,2025-09-26 00:00:00+00:00,2025-04-05 00:00:00+00:00,1854.06
ETHUSD_250926,ETH,2025-09-26 00:00:00+00:00,2025-04-06 00:00:00+00:00,1614.49
ETHUSD_250926,ETH,2025-09-26 00:00:00+00:00,2025-04-07 00:00:00+00:00,1589.2
ETHUSD_250926,ETH,2025-09-26 00:00:00+00:00,2025-04-08 00:00:00+00:00,1507.96
ETHUSD_250926,ETH,2025-09-26 00:00:00+00:00,2025-04-09 00:00:00+00:00,1713.35
ETHUSD_250926,ETH,2025-09-26 00:00:00+00:00,2025-04-10 00:00:00+00:00,1557.68
ETHUSD_250926,ETH,2025-09-26 00:00:00+00:00,2025-04-11 00:00:00+00:00,1597.26
ETHUSD_250926,ETH,2025-09-26 00:00:00+00:00,2025-04-12 00:00:00+00:00,1679.93
ETHUSD_250926,ETH,2025-09-26 00:00:00+00:00,2025-04-13 00:00:00+00:00,1633.06
ETHUSD_250926,ETH,2025-09-26 00:00:00+00:00,2025-04-14 00:00:00+00:00,1657.98
ETHUSD_250926,ETH,2025-09-26 00:00:00+00:00,2025-04-15 00:00:00+00:00,1622.52
ETHUSD_250926,ETH,2025-09-26 00:00:00+00:00,2025-04-16 00:00:00+00:00,1612.66
ETHUSD_250926,ETH,2025-09-26 00:00:00+00:00,2025-04-17 00:00:00+00:00,1617.94
ETHUSD_250926,ETH,2025-09-26 00:00:00+00:00,2025-04-18 00:00:00+00:00,1622.47
ETHUSD_250926,ETH,2025-09-26 00:00:00+00:00,2025-04-19 00:00:00+00:00,1648.54
ETHUSD_250926,ETH,2025-09-26 00:00:00+00:00,2025-04-20 00:00:00+00:00,1620.53
ETHUSD_250926,ETH,2025-09-26 00:00:00+00:00,2025-04-21 00:00:00+00:00,1613.43
ETHUSD_250926,ETH,2025-09-26 00:00:00+00:00,2025-04-22 00:00:00+00:00,1795.73
ETHUSD_250926,ETH,2025-09-26 00:00:00+00:00,2025-04-23 00:00:00+00:00,1835.6
ETHUSD_250926,ETH,2025-09-26 00:00:00+00:00,2025-04-24 00:00:00+00:00,1809.37
ETHUSD_250926,ETH,2025-09-26 00:00:00+00:00,2025-04-25 00:00:00+00:00,1823.03
ETHUSD_250926,ETH,2025-09-26 00:00:00+00:00,2025-04-26 00:00:00+00:00,1862.9
ETHUSD_250926,ETH,2025-09-26 00:00:00+00:00,2025-04-27 00:00:00+00:00,1832.1
ETHUSD_250926,ETH,2025-09-26 00:00:00+00:00,2025-04-28 00:00:00+00:00,1840.08
ETHUSD_250926,ETH,2025-09-26 00:00:00+00:00,2025-04-29 00:00:00+00:00,1839.89
ETHUSD_250926,ETH,2025-09-26 00:00:00+00:00,2025-04-30 00:00:00+00:00,1833.01
ETHUSD_250926,ETH,2025-09-26 00:00:00+00:00,2025-05-01 00:00:00+00:00,1879.57
ETHUSD_250926,ETH,2025-09-26 00:00:00+00:00,2025-05-02 00:00:00+00:00,1882.15
ETHUSD_250926,ETH,2025-09-26 00:00:00+00:00,2025-05-03 00:00:00+00:00,1870.88
ETHUSD_250926,ETH,2025-09-26 00:00:00+00:00,2025-05-04 00:00:00+00:00,1841.01
ETHUSD_250926,ETH,2025-09-26 00:00:00+00:00,2025-05-05 00:00:00+00:00,1855.73
ETHUSD_250926,ETH,2025-09-26 00:00:00+00:00,2025-05-06 00:00:00+00:00,1849.25
ETHUSD_250926,ETH,2025-09-26 00:00:00+00:00,2025-05-07 00:00:00+00:00,1842.72
ETHUSD_250926,ETH,2025-09-26 00:00:00+00:00,2025-05-08 00:00:00+00:00,2254.0
ETHUSD_250926,ETH,2025-09-26 00:00:00+00:00,2025-05-09 00:00:00+00:00,2393.3
ETHUSD_250926,ETH,2025-09-26 00:00:00+00:00,2025-05-10 00:00:00+00:00,2642.93
ETHUSD_250926,ETH,2025-09-26 00:00:00+00:00,2025-05-11 00:00:00+00:00,2576.22
ETHUSD_250926,ETH,2025-09-26 00:00:00+00:00,2025-05-12 00:00:00+00:00,2553.79
ETHUSD_250926,ETH,2025-09-26 00:00:00+00:00,2025-05-13 00:00:00+00:00,2742.76
ETHUSD_250926,ETH,2025-09-26 00:00:00+00:00,2025-05-14 00:00:00+00:00,2670.05
ETHUSD_250926,ETH,2025-09-26 00:00:00+00:00,2025-05-15 00:00:00+00:00,2602.84
ETHUSD_250926,ETH,2025-09-26 00:00:00+00:00,2025-05-16 00:00:00+00:00,2591.93
ETHUSD_250926,ETH,2025-09-26 00:00:00+00:00,2025-05-17 00:00:00+00:00,2529.56
ETHUSD_250926,ETH,2025-09-26 00:00:00+00:00,2025-05-18 00:00:00+00:00,2554.23
ETHUSD_250926,ETH,2025-09-26 00:00:00+00:00,2025-05-19 00:00:00+00:00,2584.03
ETHUSD_250926,ETH,2025-09-26 00:00:00+00:00,2025-05-20 00:00:00+00:00,2580.13
ETHUSD_250926,ETH,2025-09-26 00:00:00+00:00,2025-05-21 00:00:00+00:00,2611.2
ETHUSD_250926,ETH,2025-09-26 00:00:00+00:00,2025-05-22 00:00:00+00:00,2730.92
ETHUSD_250926,ETH,2025-09-26 00:00:00+00:00,2025-05-23 00:00:00+00:00,2584.98
ETHUSD_250926,ETH,2025-09-26 00:00:00+00:00,2025-05-24 00:00:00+00:00,2591.78
ETHUSD_250926,ETH,2025-09-26 00:00:00+00:00,2025-05-25 00:00:00+00:00,2610.65
ETHUSD_250926,ETH,2025-09-26 00:00:00+00:00,2025-05-26 00:00:00+00:00,2626.69
ETHUSD_250926,ETH,2025-09-26 00:00:00+00:00,2025-05-27 00:00:00+00:00,2727.18
ETHUSD_250926,ETH,2025-09-26 00:00:00+00:00,2025-05-28 00:00:00+00:00,2744.05
ETHUSD_250926,ETH,2025-09-26 00:00:00+00:00,2025-05-29 00:00:00+00:00,2688.58
ETHUSD_250926,ETH,2025-09-26 00:00:00+00:00,2025-05-30 00:00:00+00:00,2588.02
ETHUSD_250926,ETH,2025-09-26 00:00:00+00:00,2025-05-31 00:00:00+00:00,2582.46
ETHUSD_250926,ETH,2025-09-26 00:00:00+00:00,2025-06-01 00:00:00+00:00,2594.59
ETHUSD_250926,ETH,2025-09-26 00:00:00+00:00,2025-06-02 00:00:00+00:00,2661.55
ETHUSD_250926,ETH,2025-09-26 00:00:00+00:00,2025-06-03 00:00:00+00:00,2645.77
ETHUSD_250926,ETH,2025-09-26 00:00:00+00:00,2025-06-04 00:00:00+00:00,2657.27
ETHUSD_250926,ETH,2025-09-26 00:00:00+00:00,2025-06-05 00:00:00+00:00,2456.33
ETHUSD_250926,ETH,2025-09-26 00:00:00+00:00,2025-06-06 00:00:00+00:00,2519.13
ETHUSD_250926,ETH,2025-09-26 00:00:00+00:00,2025-06-07 00:00:00+00:00,2568.82
ETHUSD_250926,ETH,2025-09-26 00:00:00+00:00,2025-06-08 00:00:00+00:00,2553.43
ETHUSD_250926,ETH,2025-09-26 00:00:00+00:00,2025-06-09 00:00:00+00:00,2726.0
ETHUSD_250926,ETH,2025-09-26 00:00:00+00:00,2025-06-10 00:00:00+00:00,2868.81
ETHUSD_250926,ETH,2025-09-26 00:00:00+00:00,2025-06-11 00:00:00+00:00,2822.1
ETHUSD_250926,ETH,2025-09-26 00:00:00+00:00,2025-06-12 00:00:00+00:00,2685.49
ETHUSD_250926,ETH,2025-09-26 00:00:00+00:00,2025-06-13 00:00:00+00:00,2617.31
ETHUSD_250926,ETH,2025-09-26 00:00:00+00:00,2025-06-14 00:00:00+00:00,2571.65
ETHUSD_250926,ETH,2025-09-26 00:00:00+00:00,2025-06-15 00:00:00+00:00,2587.02
ETHUSD_250926,ETH,2025-09-26 00:00:00+00:00,2025-06-16 00:00:00+00:00,2580.49
ETHUSD_250926,ETH,2025-09-26 00:00:00+00:00,2025-06-17 00:00:00+00:00,2549.32
ETHUSD_250926,ETH,2025-09-26 00:00:00+00:00,2025-06-18 00:00:00+00:00,2562.17
ETHUSD_250926,ETH,2025-09-26 00:00:00+00:00,2025-06-19 00:00:00+00:00,2555.37
ETHUSD_250926,ETH,2025-09-26 00:00:00+00:00,2025-06-20 00:00:00+00:00,2441.35
ETHUSD_250926,ETH,2025-09-26 00:00:00+00:00,2025-06-21 00:00:00+00:00,2323.21
ETHUSD_250926,ETH,2025-09-26 00:00:00+00:00,2025-06-22 00:00:00+00:00,2254.97
ETHUSD_250926,ETH,2025-09-26 00:00:00+00:00,2025-06-23 00:00:00+00:00,2440.65
ETHUSD_250926,ETH,2025-09-26 00:00:00+00:00,2025-06-24 00:00:00+00:00,2482.26
ETHUSD_250926,ETH,2025-09-26 00:00:00+00:00,2025-06-25 00:00:00+00:00,2451.87
ETHUSD_250926,ETH,2025-09-26 00:00:00+00:00,2025-06-26 00:00:00+00:00,2444.97
ETHUSD_250926,ETH,2025-09-26 00:00:00+00:00,2025-06-27 00:00:00+00:00,2453.33
ETHUSD_250926,ETH,2025-09-26 00:00:00+00:00,2025-06-28 00:00:00+00:00,2465.64
ETHUSD_250926,ETH,2025-09-26 00:00:00+00:00,2025-06-29 00:00:00+00:00,2530.46
ETHUSD_250926,ETH,2025-09-26 00:00:00+00:00,2025-06-30 00:00:00+00:00,2513.38
ETHUSD_250926,ETH,2025-09-26 00:00:00+00:00,2025-07-01 00:00:00+00:00,2429.33
ETHUSD_250926,ETH,2025-09-26 00:00:00+00:00,2025-07-02 00:00:00+00:00,2599.61
ETHUSD_250926,ETH,2025-09-26 00:00:00+00:00,2025-07-03 00:00:00+00:00,2620.78
ETHUSD_250926,ETH,2025-09-26 00:00:00+00:00,2025-07-04 00:00:00+00:00,2535.12
ETHUSD_250926,ETH,2025-09-26 00:00:00+00:00,2025-07-05 00:00:00+00:00,2543.11
ETHUSD_250926,ETH,2025-09-26 00:00:00+00:00,2025-07-06 00:00:00+00:00,2599.28
ETHUSD_250926,ETH,2025-09-26 00:00:00+00:00,2025-07-07 00:00:00+00:00,2569.61
ETHUSD_250926,ETH,2025-09-26 00:00:00+00:00,2025-07-08 00:00:00+00:00,2644.17
ETHUSD_250926,ETH,2025-09-26 00:00:00+00:00,2025-07-09 00:00:00+00:00,2804.94
ETHUSD_250926,ETH,2025-09-26 00:00:00+00:00,2025-07-10 00:00:00+00:00,2987.68
ETHUSD_250926,ETH,2025-09-26 00:00:00+00:00,2025-07-11 00:00:00+00:00,3000.08
ETHUSD_250926,ETH,2025-09-26 00:00:00+00:00,2025-07-12 00:00:00+00:00,2988.49
ETHUSD_250926,ETH,2025-09-26 00:00:00+00:00,2025-07-13 00:00:00+00:00,3017.74
ETHUSD_250926,ETH,2025-09-26 00:00:00+00:00,2025-07-14 00:00:00+00:00,3059.8
ETHUSD_250926,ETH,2025-09-26 00:00:00+00:00,2025-07-15 00:00:00+00:00,3186.04
ETHUSD_250926,ETH,2025-09-26 00:00:00+00:00,2025-07-16 00:00:00+00:00,3420.0
ETHUSD_250926,ETH,2025-09-26 00:00:00+00:00,2025-07-17 00:00:00+00:00,3520.68
ETHUSD_250926,ETH,2025-09-26 00:00:00+00:00,2025-07-18 00:00:00+00:00,3593.19
ETHUSD_250926,ETH,2025-09-26 00:00:00+00:00,2025-07-19 00:00:00+00:00,3644.13
ETHUSD_250926,ETH,2025-09-26 00:00:00+00:00,2025-07-20 00:00:00+00:00,3813.57
ETHUSD_250926,ETH,2025-09-26 00:00:00+00:00,2025-07-21 00:00:00+00:00,3816.15
ETHUSD_250926,ETH,2025-09-26 00:00:00+00:00,2025-07-22 00:00:00+00:00,3798.29
ETHUSD_250926,ETH,2025-09-26 00:00:00+00:00,2025-07-23 00:00:00+00:00,3681.88
ETHUSD_250926,ETH,2025-09-26 00:00:00+00:00,2025-07-24 00:00:00+00:00,3758.71
ETHUSD_250926,ETH,2025-09-26 00:00:00+00:00,2025-07-25 00:00:00+00:00,3771.18
ETHUSD_250926,ETH,2025-09-26 00:00:00+00:00,2025-07-26 00:00:00+00:00,3795.62
ETHUSD_250926,ETH,2025-09-26 00:00:00+00:00,2025-07-27 00:00:00+00:00,3933.83
ETHUSD_250926,ETH,2025-09-26 00:00:00+00:00,2025-07-28 00:00:00+00:00,3854.71
ETHUSD_250926,ETH,2025-09-26 00:00:00+00:00,2025-07-29 00:00:00+00:00,3846.04
ETHUSD_250926,ETH,2025-09-26 00:00:00+00:00,2025-07-30 00:00:00+00:00,3851.98
ETHUSD_250926,ETH,2025-09-26 00:00:00+00:00,2025-07-31 00:00:00+00:00,3736.59
ETHUSD_250926,ETH,2025-09-26 00:00:00+00:00,2025-08-01 00:00:00+00:00,3511.39
ETHUSD_250926,ETH,2025-09-26 00:00:00+00:00,2025-08-02 00:00:00+00:00,3429.48
ETHUSD_250926,ETH,2025-09-26 00:00:00+00:00,2025-08-03 00:00:00+00:00,3529.5
ETHUSD_250926,ETH,2025-09-26 00:00:00+00:00,2025-08-04 00:00:00+00:00,3755.98
ETHUSD_250926,ETH,2025-09-26 00:00:00+00:00,2025-08-05 00:00:00+00:00,3647.9
ETHUSD_250926,ETH,2025-09-26 00:00:00+00:00,2025-08-06 00:00:00+00:00,3713.78
ETHUSD_250926,ETH,2025-09-26 00:00:00+00:00,2025-08-07 00:00:00+00:00,3950.72
ETHUSD_250926,ETH,2025-09-26 00:00:00+00:00,2025-08-08 00:00:00+00:00,4054.9
ETHUSD_250926,ETH,2025-09-26 00:00:00+00:00,2025-08-09 00:00:00+00:00,4319.37
ETHUSD_250926,ETH,2025-09-26 00:00:00+00:00,2025-08-10 00:00:00+00:00,4302.96
ETHUSD_250926,ETH,2025-09-26 00:00:00+00:00,2025-08-11 00:00:00+00:00,4271.9
ETHUSD_250926,ETH,2025-09-26 00:00:00+00:00,2025-08-12 00:00:00+00:00,4641.01
ETHUSD_250926,ETH,2025-09-26 00:00:00+00:00,2025-08-13 00:00:00+00:00,4802.0
ETHUSD_250926,ETH,2025-09-26 00:00:00+00:00,2025-08-14 00:00:00+00:00,4604.37
ETHUSD_250926,ETH,2025-09-26 00:00:00+00:00,2025-08-15 00:00:00+00:00,4485.65
ETHUSD_250926,ETH,2025-09-26 00:00:00+00:00,2025-08-16 00:00:00+00:00,4462.93
ETHUSD_250926,ETH,2025-09-26 00:00:00+00:00,2025-08-17 00:00:00+00:00,4510.39
ETHUSD_250926,ETH,2025-09-26 00:00:00+00:00,2025-08-18 00:00:00+00:00,4336.93
ETHUSD_250926,ETH,2025-09-26 00:00:00+00:00,2025-08-19 00:00:00+00:00,4090.49
ETHUSD_250926,ETH,2025-09-26 00:00:00+00:00,2025-08-20 00:00:00+00:00,4355.79
ETHUSD_250926,ETH,2025-09-26 00:00:00+00:00,2025-08-21 00:00:00+00:00,4244.66
ETHUSD_250926,ETH,2025-09-26 00:00:00+00:00,2025-08-22 00:00:00+00:00,4866.98
ETHUSD_250926,ETH,2025-09-26 00:00:00+00:00,2025-08-23 00:00:00+00:00,4813.23
ETHUSD_250926,ETH,2025-09-26 00:00:00+00:00,2025-08-24 00:00:00+00:00,4816.1
ETHUSD_250926,ETH,2025-09-26 00:00:00+00:00,2025-08-25 00:00:00+00:00,4397.99
ETHUSD_250926,ETH,2025-09-26 00:00:00+00:00,2025-08-26 00:00:00+00:00,4624.95
ETHUSD_250926,ETH,2025-09-26 00:00:00+00:00,2025-08-27 00:00:00+00:00,4527.47
ETHUSD_250926,ETH,2025-09-26 00:00:00+00:00,2025-08-28 00:00:00+00:00,4534.19
ETHUSD_250926,ETH,2025-09-26 00:00:00+00:00,2025-08-29 00:00:00+00:00,4376.44
ETHUSD_250926,ETH,2025-09-26 00:00:00+00:00,2025-08-30 00:00:00+00:00,4391.43
ETHUSD_250926,ETH,2025-09-26 00:00:00+00:00,2025-08-31 00:00:00+00:00,4406.57
ETHUSD_250926,ETH,2025-09-26 00:00:00+00:00,2025-09-01 00:00:00+00:00,4329.14
ETHUSD_250926,ETH,2025-09-26 00:00:00+00:00,2025-09-02 00:00:00+00:00,4339.94
ETHUSD_250926,ETH,2025-09-26 00:00:00+00:00,2025-09-03 00:00:00+00:00,4466.98
ETHUSD_250926,ETH,2025-09-26 00:00:00+00:00,2025-09-04 00:00:00+00:00,4308.97
ETHUSD_250926,ETH,2025-09-26 00:00:00+00:00,2025-09-05 00:00:00+00:00,4318.33
ETHUSD_250926,ETH,2025-09-26 00:00:00+00:00,2025-09-06 00:00:00+00:00,4283.15
ETHUSD_250926,ETH,2025-09-26 00:00:00+00:00,2025-09-07 00:00:00+00:00,4318.85
ETHUSD_250926,ETH,2025-09-26 00:00:00+00:00,2025-09-08 00:00:00+00:00,4322.15
ETHUSD_250926,ETH,2025-09-26 00:00:00+00:00,2025-09-09 00:00:00+00:00,4324.91
ETHUSD_250926,ETH,2025-09-26 00:00:00+00:00,2025-09-10 00:00:00+00:00,4359.51
ETHUSD_250926,ETH,2025-09-26 00:00:00+00:00,2025-09-11 00:00:00+00:00,4474.34
ETHUSD_250926,ETH,2025-09-26 00:00:00+00:00,2025-09-12 00:00:00+00:00,4729.92
ETHUSD_250926,ETH,2025-09-26 00:00:00+00:00,2025-09-13 00:00:00+00:00,4684.54
ETHUSD_250926,ETH,2025-09-26 00:00:00+00:00,2025-09-14 00:00:00+00:00,4620.87
ETHUSD_250926,ETH,2025-09-26 00:00:00+00:00,2025-09-15 00:00:00+00:00,4538.63
ETHUSD_250926,ETH,2025-09-26 00:00:00+00:00,2025-09-16 00:00:00+00:00,4515.26
ETHUSD_250926,ETH,2025-09-26 00:00:00+00:00,2025-09-17 00:00:00+00:00,4602.0
ETHUSD_250926,ETH,2025-09-26 00:00:00+00:00,2025-09-18 00:00:00+00:00,4599.33
ETHUSD_250926,ETH,2025-09-26 00:00:00+00:00,2025-09-19 00:00:00+00:00,4477.49
ETHUSD_250926,ETH,2025-09-26 00:00:00+00:00,2025-09-20 00:00:00+00:00,4489.5
ETHUSD_250926,ETH,2025-09-26 00:00:00+00:00,2025-09-21 00:00:00+00:00,4454.4
ETHUSD_250926,ETH,2025-09-26 00:00:00+00:00,2025-09-22 00:00:00+00:00,4202.31
ETHUSD_250926,ETH,2025-09-26 00:00:00+00:00,2025-09-23 00:00:00+00:00,4167.65
ETHUSD_250926,ETH,2025-09-26 00:00:00+00:00,2025-09-24 00:00:00+00:00,4154.19
ETHUSD_250926,ETH,2025-09-26 00:00:00+00:00,2025-09-25 00:00:00+00:00,3872.75
ETHUSD_251226,ETH,2025-12-26 00:00:00+00:00,2025-06-27 00:00:00+00:00,2486.53
ETHUSD_251226,ETH,2025-12-26 00:00:00+00:00,2025-06-28 00:00:00+00:00,2496.55
ETHUSD_251226,ETH,2025-12-26 00:00:00+00:00,2025-06-29 00:00:00+00:00,2564.68
ETHUSD_251226,ETH,2025-12-26 00:00:00+00:00,2025-06-30 00:00:00+00:00,2546.62
ETHUSD_251226,ETH,2025-12-26 00:00:00+00:00,2025-07-01 00:00:00+00:00,2461.56
ETHUSD_251226,ETH,2025-12-26 00:00:00+00:00,2025-07-02 00:00:00+00:00,2633.38
ETHUSD_251226,ETH,2025-12-26 00:00:00+00:00,2025-07-03 00:00:00+00:00,2652.68
ETHUSD_251226,ETH,2025-12-26 00:00:00+00:00,2025-07-04 00:00:00+00:00,2567.46
ETHUSD_251226,ETH,2025-12-26 00:00:00+00:00,2025-07-05 00:00:00+00:00,2576.67
ETHUSD_251226,ETH,2025-12-26 00:00:00+00:00,2025-07-06 00:00:00+00:00,2634.48
ETHUSD_251226,ETH,2025-12-26 00:00:00+00:00,2025-07-07 00:00:00+00:00,2603.34
ETHUSD_251226,ETH,2025-12-26 00:00:00+00:00,2025-07-08 00:00:00+00:00,2681.43
ETHUSD_251226,ETH,2025-12-26 00:00:00+00:00,2025-07-09 00:00:00+00:00,2846.89
ETHUSD_251226,ETH,2025-12-26 00:00:00+00:00,2025-07-10 00:00:00+00:00,3030.38
ETHUSD_251226,ETH,2025-12-26 00:00:00+00:00,2025-07-11 00:00:00+00:00,3043.35
ETHUSD_251226,ETH,2025-12-26 00:00:00+00:00,2025-07-12 00:00:00+00:00,3038.1
ETHUSD_251226,ETH,2025-12-26 00:00:00+00:00,2025-07-13 00:00:00+00:00,3069.06
ETHUSD_251226,ETH,2025-12-26 00:00:00+00:00,2025-07-14 00:00:00+00:00,3114.27
ETHUSD_251226,ETH,2025-12-26 00:00:00+00:00,2025-07-15 00:00:00+00:00,3243.56
ETHUSD_251226,ETH,2025-12-26 00:00:00+00:00,2025-07-16 00:00:00+00:00,3481.63
ETHUSD_251226,ETH,2025-12-26 00:00:00+00:00,2025-07-17 00:00:00+00:00,3577.81
ETHUSD_251226,ETH,2025-12-26 00:00:00+00:00,2025-07-18 00:00:00+00:00,3658.03
ETHUSD_251226,ETH,2025-12-26 00:00:00+00:00,2025-07-19 00:00:00+00:00,3708.45
ETHUSD_251226,ETH,2025-12-26 00:00:00+00:00,2025-07-20 00:00:00+00:00,3885.65
ETHUSD_251226,ETH,2025-12-26 00:00:00+00:00,2025-07-21 00:00:00+00:00,3883.85
ETHUSD_251226,ETH,2025-12-26 00:00:00+00:00,2025-07-22 00:00:00+00:00,3876.9
ETHUSD_251226,ETH,2025-12-26 00:00:00+00:00,2025-07-23 00:00:00+00:00,3747.65
ETHUSD_251226,ETH,2025-12-26 00:00:00+00:00,2025-07-24 00:00:00+00:00,3830.76
ETHUSD_251226,ETH,2025-12-26 00:00:00+00:00,2025-07-25 00:00:00+00:00,3840.55
ETHUSD_251226,ETH,2025-12-26 00:00:00+00:00,2025-07-26 00:00:00+00:00,3856.21
ETHUSD_251226,ETH,2025-12-26 00:00:00+00:00,2025-07-27 00:00:00+00:00,4009.59
ETHUSD_251226,ETH,2025-12-26 00:00:00+00:00,2025-07-28 00:00:00+00:00,3930.0
ETHUSD_251226,ETH,2025-12-26 00:00:00+00:00,2025-07-29 00:00:00+00:00,3918.18
ETHUSD_251226,ETH,2025-12-26 00:00:00+00:00,2025-07-30 00:00:00+00:00,3915.0
ETHUSD_251226,ETH,2025-12-26 00:00:00+00:00,2025-07-31 00:00:00+00:00,3798.2
ETHUSD_251226,ETH,2025-12-26 00:00:00+00:00,2025-08-01 00:00:00+00:00,3560.01
ETHUSD_251226,ETH,2025-12-26 00:00:00+00:00,2025-08-02 00:00:00+00:00,3478.91
ETHUSD_251226,ETH,2025-12-26 00:00:00+00:00,2025-08-03 00:00:00+00:00,3580.08
ETHUSD_251226,ETH,2025-12-26 00:00:00+00:00,2025-08-04 00:00:00+00:00,3819.35
ETHUSD_251226,ETH,2025-12-26 00:00:00+00:00,2025-08-05 00:00:00+00:00,3704.95
ETHUSD_251226,ETH,2025-12-26 00:00:00+00:00,2025-08-06 00:00:00+00:00,3778.32
ETHUSD_251226,ETH,2025-12-26 00:00:00+00:00,2025-08-07 00:00:00+00:00,4018.8
ETHUSD_251226,ETH,2025-12-26 00:00:00+00:00,2025-08-08 00:00:00+00:00,4128.23
ETHUSD_251226,ETH,2025-12-26 00:00:00+00:00,2025-08-09 00:00:00+00:00,4403.47
ETHUSD_251226,ETH,2025-12-26 00:00:00+00:00,2025-08-10 00:00:00+00:00,4390.74
ETHUSD_251226,ETH,2025-12-26 00:00:00+00:00,2025-08-11 00:00:00+00:00,4357.59
ETHUSD_251226,ETH,2025-12-26 00:00:00+00:00,2025-08-12 00:00:00+00:00,4755.11
ETHUSD_251226,ETH,2025-12-26 00:00:00+00:00,2025-08-13 00:00:00+00:00,4921.93
ETHUSD_251226,ETH,2025-12-26 00:00:00+00:00,2025-08-14 00:00:00+00:00,4715.48
ETHUSD_251226,ETH,2025-12-26 00:00:00+00:00,2025-08-15 00:00:00+00:00,4587.64
ETHUSD_251226,ETH,2025-12-26 00:00:00+00:00,2025-08-16 00:00:00+00:00,4561.47
ETHUSD_251226,ETH,2025-12-26 00:00:00+00:00,2025-08-17 00:00:00+00:00,4606.97
ETHUSD_251226,ETH,2025-12-26 00:00:00+00:00,2025-08-18 00:00:00+00:00,4423.82
ETHUSD_251226,ETH,2025-12-26 00:00:00+00:00,2025-08-19 00:00:00+00:00,4148.89
ETHUSD_251226,ETH,2025-12-26 00:00:00+00:00,2025-08-20 00:00:00+00:00,4421.76
ETHUSD_251226,ETH,2025-12-26 00:00:00+00:00,2025-08-21 00:00:00+00:00,4315.33
ETHUSD_251226,ETH,2025-12-26 00:00:00+00:00,2025-08-22 00:00:00+00:00,4949.02
ETHUSD_251226,ETH,2025-12-26 00:00:00+00:00,2025-08-23 00:00:00+00:00,4901.69
ETHUSD_251226,ETH,2025-12-26 00:00:00+00:00,2025-08-24 00:00:00+00:00,4908.37
ETHUSD_251226,ETH,2025-12-26 00:00:00+00:00,2025-08-25 00:00:00+00:00,4473.95
ETHUSD_251226,ETH,2025-12-26 00:00:00+00:00,2025-08-26 00:00:00+00:00,4707.29
ETHUSD_251226,ETH,2025-12-26 00:00:00+00:00,2025-08-27 00:00:00+00:00,4610.76
ETHUSD_251226,ETH,2025-12-26 00:00:00+00:00,2025-08-28 00:00:00+00:00,4614.84
ETHUSD_251226,ETH,2025-12-26 00:00:00+00:00,2025-08-29 00:00:00+00:00,4452.6
ETHUSD_251226,ETH,2025-12-26 00:00:00+00:00,2025-08-30 00:00:00+00:00,4460.0
ETHUSD_251226,ETH,2025-12-26 00:00:00+00:00,2025-08-31 00:00:00+00:00,4476.85
ETHUSD_251226,ETH,2025-12-26 00:00:00+00:00,2025-09-01 00:00:00+00:00,4401.66
ETHUSD_251226,ETH,2025-12-26 00:00:00+00:00,2025-09-02 00:00:00+00:00,4408.11
ETHUSD_251226,ETH,2025-12-26 00:00:00+00:00,2025-09-03 00:00:00+00:00,4540.32
ETHUSD_251226,ETH,2025-12-26 00:00:00+00:00,2025-09-04 00:00:00+00:00,4371.55
ETHUSD_251226,ETH,2025-12-26 00:00:00+00:00,2025-09-05 00:00:00+00:00,4385.13
ETHUSD_251226,ETH,2025-12-26 00:00:00+00:00,2025-09-06 00:00:00+00:00,4353.61
ETHUSD_251226,ETH,2025-12-26 00:00:00+00:00,2025-09-07 00:00:00+00:00,4386.85
ETHUSD_251226,ETH,2025-12-26 00:00:00+00:00,2025-09-08 00:00:00+00:00,4392.16
ETHUSD_251226,ETH,2025-12-26 00:00:00+00:00,2025-09-09 00:00:00+00:00,4390.94
ETHUSD_251226,ETH,2025-12-26 00:00:00+00:00,2025-09-10 00:00:00+00:00,4427.73
ETHUSD_251226,ETH,2025-12-26 00:00:00+00:00,2025-09-11 00:00:00+00:00,4546.44
ETHUSD_251226,ETH,2025-12-26 00:00:00+00:00,2025-09-12 00:00:00+00:00,4809.0
ETHUSD_251226,ETH,2025-12-26 00:00:00+00:00,2025-09-13 00:00:00+00:00,4772.9
ETHUSD_251226,ETH,2025-12-26 00:00:00+00:00,2025-09-14 00:00:00+00:00,4712.78
ETHUSD_251226,ETH,2025-12-26 00:00:00+00:00,2025-09-15 00:00:00+00:00,4617.37
ETHUSD_251226,ETH,2025-12-26 00:00:00+00:00,2025-09-16 00:00:00+00:00,4590.42
ETHUSD_251226,ETH,2025-12-26 00:00:00+00:00,2025-09-17 00:00:00+00:00,4679.42
ETHUSD_251226,ETH,2025-12-26 00:00:00+00:00,2025-09-18 00:00:00+00:00,4681.82
ETHUSD_251226,ETH,2025-12-26 00:00:00+00:00,2025-09-19 00:00:00+00:00,4564.29
ETHUSD_251226,ETH,2025-12-26 00:00:00+00:00,2025-09-20 00:00:00+00:00,4572.27
ETHUSD_251226,ETH,2025-12-26 00:00:00+00:00,2025-09-21 00:00:00+00:00,4534.99
ETHUSD_251226,ETH,2025-12-26 00:00:00+00:00,2025-09-22 00:00:00+00:00,4274.2
ETHUSD_251226,ETH,2025-12-26 00:00:00+00:00,2025-09-23 00:00:00+00:00,4237.62
ETHUSD_251226,ETH,2025-12-26 00:00:00+00:00,2025-09-24 00:00:00+00:00,4224.48
ETHUSD_251226,ETH,2025-12-26 00:00:00+00:00,2025-09-25 00:00:00+00:00,3936.54
ETHUSD_251226,ETH,2025-12-26 00:00:00+00:00,2025-09-26 00:00:00+00:00,4101.31
ETHUSD_251226,ETH,2025-12-26 00:00:00+00:00,2025-09-27 00:00:00+00:00,4084.35
ETHUSD_251226,ETH,2025-12-26 00:00:00+00:00,2025-09-28 00:00:00+00:00,4208.73
ETHUSD_251226,ETH,2025-12-26 00:00:00+00:00,2025-09-29 00:00:00+00:00,4286.08
ETHUSD_251226,ETH,2025-12-26 00:00:00+00:00,2025-09-30 00:00:00+00:00,4215.71
ETHUSD_251226,ETH,2025-12-26 00:00:00+00:00,2025-10-01 00:00:00+00:00,4421.22
ETHUSD_251226,ETH,2025-12-26 00:00:00+00:00,2025-10-02 00:00:00+00:00,4571.54
ETHUSD_251226,ETH,2025-12-26 00:00:00+00:00,2025-10-03 00:00:00+00:00,4592.73
ETHUSD_251226,ETH,2025-12-26 00:00:00+00:00,2025-10-04 00:00:00+00:00,4567.11
ETHUSD_251226,ETH,2025-12-26 00:00:00+00:00,2025-10-05 00:00:00+00:00,4593.2
ETHUSD_251226,ETH,2025-12-26 00:00:00+00:00,2025-10-06 00:00:00+00:00,4763.92
ETHUSD_251226,ETH,2025-12-26 00:00:00+00:00,2025-10-07 00:00:00+00:00,4520.62
ETHUSD_251226,ETH,2025-12-26 00:00:00+00:00,2025-10-08 00:00:00+00:00,4596.35
ETHUSD_251226,ETH,2025-12-26 00:00:00+00:00,2025-10-09 00:00:00+00:00,4428.72
ETHUSD_251226,ETH,2025-12-26 00:00:00+00:00,2025-10-10 00:00:00+00:00,3887.05
ETHUSD_251226,ETH,2025-12-26 00:00:00+00:00,2025-10-11 00:00:00+00:00,3797.56
ETHUSD_251226,ETH,2025-12-26 00:00:00+00:00,2025-10-12 00:00:00+00:00,4209.05
ETHUSD_251226,ETH,2025-12-26 00:00:00+00:00,2025-10-13 00:00:00+00:00,4295.29
ETHUSD_251226,ETH,2025-12-26 00:00:00+00:00,2025-10-14 00:00:00+00:00,4176.94
ETHUSD_251226,ETH,2025-12-26 00:00:00+00:00,2025-10-15 00:00:00+00:00,4033.16
ETHUSD_251226,ETH,2025-12-26 00:00:00+00:00,2025-10-16 00:00:00+00:00,3935.68
ETHUSD_251226,ETH,2025-12-26 00:00:00+00:00,2025-10-17 00:00:00+00:00,3867.5
ETHUSD_251226,ETH,2025-12-26 00:00:00+00:00,2025-10-18 00:00:00+00:00,3924.5
ETHUSD_251226,ETH,2025-12-26 00:00:00+00:00,2025-10-19 00:00:00+00:00,4016.09
ETHUSD_251226,ETH,2025-12-26 00:00:00+00:00,2025-10-20 00:00:00+00:00,4017.98
ETHUSD_251226,ETH,2025-12-26 00:00:00+00:00,2025-10-21 00:00:00+00:00,3905.82
ETHUSD_251226,ETH,2025-12-26 00:00:00+00:00,2025-10-22 00:00:00+00:00,3837.68
ETHUSD_251226,ETH,2025-12-26 00:00:00+00:00,2025-10-23 00:00:00+00:00,3889.11
ETHUSD_251226,ETH,2025-12-26 00:00:00+00:00,2025-10-24 00:00:00+00:00,3966.14
ETHUSD_251226,ETH,2025-12-26 00:00:00+00:00,2025-10-25 00:00:00+00:00,3985.9
ETHUSD_251226,ETH,2025-12-26 00:00:00+00:00,2025-10-26 00:00:00+00:00,4194.41
ETHUSD_251226,ETH,2025-12-26 00:00:00+00:00,2025-10-27 00:00:00+00:00,4154.92
ETHUSD_251226,ETH,2025-12-26 00:00:00+00:00,2025-10-28 00:00:00+00:00,4007.68
ETHUSD_251226,ETH,2025-12-26 00:00:00+00:00,2025-10-29 00:00:00+00:00,3928.57
ETHUSD_251226,ETH,2025-12-26 00:00:00+00:00,2025-10-30 00:00:00+00:00,3825.51
ETHUSD_251226,ETH,2025-12-26 00:00:00+00:00,2025-10-31 00:00:00+00:00,3875.31
ETHUSD_251226,ETH,2025-12-26 00:00:00+00:00,2025-11-01 00:00:00+00:00,3902.15
ETHUSD_251226,ETH,2025-12-26 00:00:00+00:00,2025-11-02 00:00:00+00:00,3932.29
ETHUSD_251226,ETH,2025-12-26 00:00:00+00:00,2025-11-03 00:00:00+00:00,3623.29
ETHUSD_251226,ETH,2025-12-26 00:00:00+00:00,2025-11-04 00:00:00+00:00,3291.79
ETHUSD_251226,ETH,2025-12-26 00:00:00+00:00,2025-11-05 00:00:00+00:00,3443.94
ETHUSD_251226,ETH,2025-12-26 00:00:00+00:00,2025-11-06 00:00:00+00:00,3329.52
ETHUSD_251226,ETH,2025-12-26 00:00:00+00:00,2025-11-07 00:00:00+00:00,3448.68
ETHUSD_251226,ETH,2025-12-26 00:00:00+00:00,2025-11-08 00:00:00+00:00,3410.91
ETHUSD_251226,ETH,2025-12-26 00:00:00+00:00,2025-11-09 00:00:00+00:00,3596.25
ETHUSD_251226,ETH,2025-12-26 00:00:00+00:00,2025-11-10 00:00:00+00:00,3587.47
ETHUSD_251226,ETH,2025-12-26 00:00:00+00:00,2025-11-11 00:00:00+00:00,3428.78
ETHUSD_251226,ETH,2025-12-26 00:00:00+00:00,2025-11-12 00:00:00+00:00,3425.03
ETHUSD_251226,ETH,2025-12-26 00:00:00+00:00,2025-11-13 00:00:00+00:00,3239.45
ETHUSD_251226,ETH,2025-12-26 00:00:00+00:00,2025-11-14 00:00:00+00:00,3122.54
ETHUSD_251226,ETH,2025-12-26 00:00:00+00:00,2025-11-15 00:00:00+00:00,3179.82
ETHUSD_251226,ETH,2025-12-26 00:00:00+00:00,2025-11-16 00:00:00+00:00,3101.93
ETHUSD_251226,ETH,2025-12-26 00:00:00+00:00,2025-11-17 00:00:00+00:00,3037.52
ETHUSD_251226,ETH,2025-12-26 00:00:00+00:00,2025-11-18 00:00:00+00:00,3132.28
ETHUSD_251226,ETH,2025-12-26 00:00:00+00:00,2025-11-19 00:00:00+00:00,3034.53
ETHUSD_251226,ETH,2025-12-26 00:00:00+00:00,2025-11-20 00:00:00+00:00,2841.36
ETHUSD_251226,ETH,2025-12-26 00:00:00+00:00,2025-11-21 00:00:00+00:00,2774.05
ETHUSD_251226,ETH,2025-12-26 00:00:00+00:00,2025-11-22 00:00:00+00:00,2777.6
ETHUSD_251226,ETH,2025-12-26 00:00:00+00:00,2025-11-23 00:00:00+00:00,2810.03
ETHUSD_251226,ETH,2025-12-26 00:00:00+00:00,2025-11-24 00:00:00+00:00,2961.99
ETHUSD_251226,ETH,2025-12-26 00:00:00+00:00,2025-11-25 00:00:00+00:00,2970.59
ETHUSD_251226,ETH,2025-12-26 00:00:00+00:00,2025-11-26 00:00:00+00:00,3037.35
ETHUSD_251226,ETH,2025-12-26 00:00:00+00:00,2025-11-27 00:00:00+00:00,3024.6
ETHUSD_251226,ETH,2025-12-26 00:00:00+00:00,2025-11-28 00:00:00+00:00,3040.2
ETHUSD_251226,ETH,2025-12-26 00:00:00+00:00,2025-11-29 00:00:00+00:00,2996.98
ETHUSD_251226,ETH,2025-12-26 00:00:00+00:00,2025-11-30 00:00:00+00:00,2998.52
ETHUSD_251226,ETH,2025-12-26 00:00:00+00:00,2025-12-01 00:00:00+00:00,2806.4
ETHUSD_251226,ETH,2025-12-26 00:00:00+00:00,2025-12-02 00:00:00+00:00,3004.16
ETHUSD_251226,ETH,2025-12-26 00:00:00+00:00,2025-12-03 00:00:00+00:00,3199.21
ETHUSD_251226,ETH,2025-12-26 00:00:00+00:00,2025-12-04 00:00:00+00:00,3140.73
ETHUSD_251226,ETH,2025-12-26 00:00:00+00:00,2025-12-05 00:00:00+00:00,3030.0
ETHUSD_251226,ETH,2025-12-26 00:00:00+00:00,2025-12-06 00:00:00+00:00,3044.07
ETHUSD_251226,ETH,2025-12-26 00:00:00+00:00,2025-12-07 00:00:00+00:00,3065.02
ETHUSD_251226,ETH,2025-12-26 00:00:00+00:00,2025-12-08 00:00:00+00:00,3129.79
ETHUSD_251226,ETH,2025-12-26 00:00:00+00:00,2025-12-09 00:00:00+00:00,3325.51
ETHUSD_251226,ETH,2025-12-26 00:00:00+00:00,2025-12-10 00:00:00+00:00,3329.47
ETHUSD_251226,ETH,2025-12-26 00:00:00+00:00,2025-12-11 00:00:00+00:00,3242.19
ETHUSD_251226,ETH,2025-12-26 00:00:00+00:00,2025-12-12 00:00:00+00:00,3088.19
ETHUSD_251226,ETH,2025-12-26 00:00:00+00:00,2025-12-13 00:00:00+00:00,3118.54
ETHUSD_251226,ETH,2025-12-26 00:00:00+00:00,2025-12-14 00:00:00+00:00,3066.16
ETHUSD_251226,ETH,2025-12-26 00:00:00+00:00,2025-12-15 00:00:00+00:00,2966.79
ETHUSD_251226,ETH,2025-12-26 00:00:00+00:00,2025-12-16 00:00:00+00:00,2966.99
ETHUSD_251226,ETH,2025-12-26 00:00:00+00:00,2025-12-17 00:00:00+00:00,2835.77
ETHUSD_251226,ETH,2025-12-26 00:00:00+00:00,2025-12-18 00:00:00+00:00,2829.53
ETHUSD_251226,ETH,2025-12-26 00:00:00+00:00,2025-12-19 00:00:00+00:00,2980.37
ETHUSD_251226,ETH,2025-12-26 00:00:00+00:00,2025-12-20 00:00:00+00:00,2979.18
ETHUSD_251226,ETH,2025-12-26 00:00:00+00:00,2025-12-21 00:00:00+00:00,3003.09
ETHUSD_251226,ETH,2025-12-26 00:00:00+00:00,2025-12-22 00:00:00+00:00,3009.1
ETHUSD_251226,ETH,2025-12-26 00:00:00+00:00,2025-12-23 00:00:00+00:00,2964.2
ETHUSD_251226,ETH,2025-12-26 00:00:00+00:00,2025-12-24 00:00:00+00:00,2947.2
ETHUSD_251226,ETH,2025-12-26 00:00:00+00:00,2025-12-25 00:00:00+00:00,2902.94
ETHUSD_260327,ETH,2026-03-27 00:00:00+00:00,2025-09-26 00:00:00+00:00,4155.69
ETHUSD_260327,ETH,2026-03-27 00:00:00+00:00,2025-09-27 00:00:00+00:00,4138.74
ETHUSD_260327,ETH,2026-03-27 00:00:00+00:00,2025-09-28 00:00:00+00:00,4271.85
ETHUSD_260327,ETH,2026-03-27 00:00:00+00:00,2025-09-29 00:00:00+00:00,4353.19
ETHUSD_260327,ETH,2026-03-27 00:00:00+00:00,2025-09-30 00:00:00+00:00,4278.87
ETHUSD_260327,ETH,2026-03-27 00:00:00+00:00,2025-10-01 00:00:00+00:00,4483.75
ETHUSD_260327,ETH,2026-03-27 00:00:00+00:00,2025-10-02 00:00:00+00:00,4635.85
ETHUSD_260327,ETH,2026-03-27 00:00:00+00:00,2025-10-03 00:00:00+00:00,4657.18
ETHUSD_260327,ETH,2026-03-27 00:00:00+00:00,2025-10-04 00:00:00+00:00,4628.83
ETHUSD_260327,ETH,2026-03-27 00:00:00+00:00,2025-10-05 00:00:00+00:00,4659.18
ETHUSD_260327,ETH,2026-03-27 00:00:00+00:00,2025-10-06 00:00:00+00:00,4835.19
ETHUSD_260327,ETH,2026-03-27 00:00:00+00:00,2025-10-07 00:00:00+00:00,4583.38
ETHUSD_260327,ETH,2026-03-27 00:00:00+00:00,2025-10-08 00:00:00+00:00,4664.13
ETHUSD_260327,ETH,2026-03-27 00:00:00+00:00,2025-10-09 00:00:00+00:00,4492.71
ETHUSD_260327,ETH,2026-03-27 00:00:00+00:00,2025-10-10 00:00:00+00:00,3951.62
ETHUSD_260327,ETH,2026-03-27 00:00:00+00:00,2025-10-11 00:00:00+00:00,3860.33
ETHUSD_260327,ETH,2026-03-27 00:00:00+00:00,2025-10-12 00:00:00+00:00,4286.71
ETHUSD_260327,ETH,2026-03-27 00:00:00+00:00,2025-10-13 00:00:00+00:00,4364.85
ETHUSD_260327,ETH,2026-03-27 00:00:00+00:00,2025-10-14 00:00:00+00:00,4240.34
ETHUSD_260327,ETH,2026-03-27 00:00:00+00:00,2025-10-15 00:00:00+00:00,4093.69
ETHUSD_260327,ETH,2026-03-27 00:00:00+00:00,2025-10-16 00:00:00+00:00,3994.03
ETHUSD_260327,ETH,2026-03-27 00:00:00+00:00,2025-10-17 00:00:00+00:00,3926.41
ETHUSD_260327,ETH,2026-03-27 00:00:00+00:00,2025-10-18 00:00:00+00:00,3984.59
ETHUSD_260327,ETH,2026-03-27 00:00:00+00:00,2025-10-19 00:00:00+00:00,4080.12
ETHUSD_260327,ETH,2026-03-27 00:00:00+00:00,2025-10-20 00:00:00+00:00,4078.06
ETHUSD_260327,ETH,2026-03-27 00:00:00+00:00,2025-10-21 00:00:00+00:00,3968.23
ETHUSD_260327,ETH,2026-03-27 00:00:00+00:00,2025-10-22 00:00:00+00:00,3894.85
ETHUSD_260327,ETH,2026-03-27 00:00:00+00:00,2025-10-23 00:00:00+00:00,3949.08
ETHUSD_260327,ETH,2026-03-27 00:00:00+00:00,2025-10-24 00:00:00+00:00,4029.34
ETHUSD_260327,ETH,2026-03-27 00:00:00+00:00,2025-10-25 00:00:00+00:00,4046.19
ETHUSD_260327,ETH,2026-03-27 00:00:00+00:00,2025-10-26 00:00:00+00:00,4260.28
ETHUSD_260327,ETH,2026-03-27 00:00:00+00:00,2025-10-27 00:00:00+00:00,4215.23
ETHUSD_260327,ETH,2026-03-27 00:00:00+00:00,2025-10-28 00:00:00+00:00,4071.58
ETHUSD_260327,ETH,2026-03-27 00:00:00+00:00,2025-10-29 00:00:00+00:00,3983.37
ETHUSD_260327,ETH,2026-03-27 00:00:00+00:00,2025-10-30 00:00:00+00:00,3880.72
ETHUSD_260327,ETH,2026-03-27 00:00:00+00:00,2025-10-31 00:00:00+00:00,3930.28
ETHUSD_260327,ETH,2026-03-27 00:00:00+00:00,2025-11-01 00:00:00+00:00,3956.03
ETHUSD_260327,ETH,2026-03-27 00:00:00+00:00,2025-11-02 00:00:00+00:00,3986.33
ETHUSD_260327,ETH,2026-03-27 00:00:00+00:00,2025-11-03 00:00:00+00:00,3667.99
ETHUSD_260327,ETH,2026-03-27 00:00:00+00:00,2025-11-04 00:00:00+00:00,3326.77
ETHUSD_260327,ETH,2026-03-27 00:00:00+00:00,2025-11-05 00:00:00+00:00,3483.07
ETHUSD_260327,ETH,2026-03-27 00:00:00+00:00,2025-11-06 00:00:00+00:00,3367.87
ETHUSD_260327,ETH,2026-03-27 00:00:00+00:00,2025-11-07 00:00:00+00:00,3481.95
ETHUSD_260327,ETH,2026-03-27 00:00:00+00:00,2025-11-08 00:00:00+00:00,3444.93
ETHUSD_260327,ETH,2026-03-27 00:00:00+00:00,2025-11-09 00:00:00+00:00,3630.96
ETHUSD_260327,ETH,2026-03-27 00:00:00+00:00,2025-11-10 00:00:00+00:00,3623.5
ETHUSD_260327,ETH,2026-03-27 00:00:00+00:00,2025-11-11 00:00:00+00:00,3460.1
ETHUSD_260327,ETH,2026-03-27 00:00:00+00:00,2025-11-12 00:00:00+00:00,3458.85
ETHUSD_260327,ETH,2026-03-27 00:00:00+00:00,2025-11-13 00:00:00+00:00,3270.86
ETHUSD_260327,ETH,2026-03-27 00:00:00+00:00,2025-11-14 00:00:00+00:00,3151.03
ETHUSD_260327,ETH,2026-03-27 00:00:00+00:00,2025-11-15 00:00:00+00:00,3201.9
ETHUSD_260327,ETH,2026-03-27 00:00:00+00:00,2025-11-16 00:00:00+00:00,3128.45
ETHUSD_260327,ETH,2026-03-27 00:00:00+00:00,2025-11-17 00:00:00+00:00,3063.07
ETHUSD_260327,ETH,2026-03-27 00:00:00+00:00,2025-11-18 00:00:00+00:00,3165.72
ETHUSD_260327,ETH,2026-03-27 00:00:00+00:00,2025-11-19 00:00:00+00:00,3061.77
ETHUSD_260327,ETH,2026-03-27 00:00:00+00:00,2025-11-20 00:00:00+00:00,2869.58
ETHUSD_260327,ETH,2026-03-27 00:00:00+00:00,2025-11-21 00:00:00+00:00,2802.27
ETHUSD_260327,ETH,2026-03-27 00:00:00+00:00,2025-11-22 00:00:00+00:00,2805.17
ETHUSD_260327,ETH,2026-03-27 00:00:00+00:00,2025-11-23 00:00:00+00:00,2839.55
ETHUSD_260327,ETH,2026-03-27 00:00:00+00:00,2025-11-24 00:00:00+00:00,2995.28
ETHUSD_260327,ETH,2026-03-27 00:00:00+00:00,2025-11-25 00:00:00+00:00,3003.33
ETHUSD_260327,ETH,2026-03-27 00:00:00+00:00,2025-11-26 00:00:00+00:00,3074.8
ETHUSD_260327,ETH,2026-03-27 00:00:00+00:00,2025-11-27 00:00:00+00:00,3060.49
ETHUSD_260327,ETH,2026-03-27 00:00:00+00:00,2025-11-28 00:00:00+00:00,3076.46
ETHUSD_260327,ETH,2026-03-27 00:00:00+00:00,2025-11-29 00:00:00+00:00,3031.89
ETHUSD_260327,ETH,2026-03-27 00:00:00+00:00,2025-11-30 00:00:00+00:00,3031.32
ETHUSD_260327,ETH,2026-03-27 00:00:00+00:00,2025-12-01 00:00:00+00:00,2836.47
ETHUSD_260327,ETH,2026-03-27 00:00:00+00:00,2025-12-02 00:00:00+00:00,3037.53
ETHUSD_260327,ETH,2026-03-27 00:00:00+00:00,2025-12-03 00:00:00+00:00,3232.6
ETHUSD_260327,ETH,2026-03-27 00:00:00+00:00,2025-12-04 00:00:00+00:00,3173.98
ETHUSD_260327,ETH,2026-03-27 00:00:00+00:00,2025-12-05 00:00:00+00:00,3060.01
ETHUSD_260327,ETH,2026-03-27 00:00:00+00:00,2025-12-06 00:00:00+00:00,3074.65
ETHUSD_260327,ETH,2026-03-27 00:00:00+00:00,2025-12-07 00:00:00+00:00,3097.0
ETHUSD_260327,ETH,2026-03-27 00:00:00+00:00,2025-12-08 00:00:00+00:00,3158.41
ETHUSD_260327,ETH,2026-03-27 00:00:00+00:00,2025-12-09 00:00:00+00:00,3356.39
ETHUSD_260327,ETH,2026-03-27 00:00:00+00:00,2025-12-10 00:00:00+00:00,3360.44
ETHUSD_260327,ETH,2026-03-27 00:00:00+00:00,2025-12-11 00:00:00+00:00,3270.09
ETHUSD_260327,ETH,2026-03-27 00:00:00+00:00,2025-12-12 00:00:00+00:00,3114.8
ETHUSD_260327,ETH,2026-03-27 00:00:00+00:00,2025-12-13 00:00:00+00:00,3141.15
ETHUSD_260327,ETH,2026-03-27 00:00:00+00:00,2025-12-14 00:00:00+00:00,3092.69
ETHUSD_260327,ETH,2026-03-27 00:00:00+00:00,2025-12-15 00:00:00+00:00,2988.61
ETHUSD_260327,ETH,2026-03-27 00:00:00+00:00,2025-12-16 00:00:00+00:00,2988.53
ETHUSD_260327,ETH,2026-03-27 00:00:00+00:00,2025-12-17 00:00:00+00:00,2858.08
ETHUSD_260327,ETH,2026-03-27 00:00:00+00:00,2025-12-18 00:00:00+00:00,2854.73
ETHUSD_260327,ETH,2026-03-27 00:00:00+00:00,2025-12-19 00:00:00+00:00,3008.42
ETHUSD_260327,ETH,2026-03-27 00:00:00+00:00,2025-12-20 00:00:00+00:00,3006.23
ETHUSD_260327,ETH,2026-03-27 00:00:00+00:00,2025-12-21 00:00:00+00:00,3033.82
ETHUSD_260327,ETH,2026-03-27 00:00:00+00:00,2025-12-22 00:00:00+00:00,3036.0
ETHUSD_260327,ETH,2026-03-27 00:00:00+00:00,2025-12-23 00:00:00+00:00,2990.81
ETHUSD_260327,ETH,2026-03-27 00:00:00+00:00,2025-12-24 00:00:00+00:00,2970.73
ETHUSD_260327,ETH,2026-03-27 00:00:00+00:00,2025-12-25 00:00:00+00:00,2929.91
ETHUSD_260327,ETH,2026-03-27 00:00:00+00:00,2025-12-26 00:00:00+00:00,2955.88
ETHUSD_260327,ETH,2026-03-27 00:00:00+00:00,2025-12-27 00:00:00+00:00,2976.88
ETHUSD_260327,ETH,2026-03-27 00:00:00+00:00,2025-12-28 00:00:00+00:00,2977.96
ETHUSD_260327,ETH,2026-03-27 00:00:00+00:00,2025-12-29 00:00:00+00:00,2962.36
ETHUSD_260327,ETH,2026-03-27 00:00:00+00:00,2025-12-30 00:00:00+00:00,2996.65
ETHUSD_260327,ETH,2026-03-27 00:00:00+00:00,2025-12-31 00:00:00+00:00,2992.59
ETHUSD_260327,ETH,2026-03-27 00:00:00+00:00,2026-01-01 00:00:00+00:00,3025.49
ETHUSD_260327,ETH,2026-03-27 00:00:00+00:00,2026-01-02 00:00:00+00:00,3151.6
ETHUSD_260327,ETH,2026-03-27 00:00:00+00:00,2026-01-03 00:00:00+00:00,3152.87
ETHUSD_260327,ETH,2026-03-27 00:00:00+00:00,2026-01-04 00:00:00+00:00,3172.5
ETHUSD_260327,ETH,2026-03-27 00:00:00+00:00,2026-01-05 00:00:00+00:00,3254.97
ETHUSD_260327,ETH,2026-03-27 00:00:00+00:00,2026-01-06 00:00:00+00:00,3324.85
ETHUSD_260327,ETH,2026-03-27 00:00:00+00:00,2026-01-07 00:00:00+00:00,3193.14
ETHUSD_260327,ETH,2026-03-27 00:00:00+00:00,2026-01-08 00:00:00+00:00,3131.82
ETHUSD_260327,ETH,2026-03-27 00:00:00+00:00,2026-01-09 00:00:00+00:00,3112.11
ETHUSD_260327,ETH,2026-03-27 00:00:00+00:00,2026-01-10 00:00:00+00:00,3109.38
ETHUSD_260327,ETH,2026-03-27 00:00:00+00:00,2026-01-11 00:00:00+00:00,3145.63
ETHUSD_260327,ETH,2026-03-27 00:00:00+00:00,2026-01-12 00:00:00+00:00,3115.98
ETHUSD_260327,ETH,2026-03-27 00:00:00+00:00,2026-01-13 00:00:00+00:00,3349.88
ETHUSD_260327,ETH,2026-03-27 00:00:00+00:00,2026-01-14 00:00:00+00:00,3379.22
ETHUSD_260327,ETH,2026-03-27 00:00:00+00:00,2026-01-15 00:00:00+00:00,3341.79
ETHUSD_260327,ETH,2026-03-27 00:00:00+00:00,2026-01-16 00:00:00+00:00,3317.09
ETHUSD_260327,ETH,2026-03-27 00:00:00+00:00,2026-01-17 00:00:00+00:00,3328.32
ETHUSD_260327,ETH,2026-03-27 00:00:00+00:00,2026-01-18 00:00:00+00:00,3303.17
ETHUSD_260327,ETH,2026-03-27 00:00:00+00:00,2026-01-19 00:00:00+00:00,3207.85
ETHUSD_260327,ETH,2026-03-27 00:00:00+00:00,2026-01-20 00:00:00+00:00,2953.13
ETHUSD_260327,ETH,2026-03-27 00:00:00+00:00,2026-01-21 00:00:00+00:00,2997.01
ETHUSD_260327,ETH,2026-03-27 00:00:00+00:00,2026-01-22 00:00:00+00:00,2969.29
ETHUSD_260327,ETH,2026-03-27 00:00:00+00:00,2026-01-23 00:00:00+00:00,2968.73
ETHUSD_260327,ETH,2026-03-27 00:00:00+00:00,2026-01-24 00:00:00+00:00,2968.37
ETHUSD_260327,ETH,2026-03-27 00:00:00+00:00,2026-01-25 00:00:00+00:00,2832.21
ETHUSD_260327,ETH,2026-03-27 00:00:00+00:00,2026-01-26 00:00:00+00:00,2944.45
ETHUSD_260327,ETH,2026-03-27 00:00:00+00:00,2026-01-27 00:00:00+00:00,3038.38
ETHUSD_260327,ETH,2026-03-27 00:00:00+00:00,2026-01-28 00:00:00+00:00,3021.68
ETHUSD_260327,ETH,2026-03-27 00:00:00+00:00,2026-01-29 00:00:00+00:00,2832.87
ETHUSD_260327,ETH,2026-03-27 00:00:00+00:00,2026-01-30 00:00:00+00:00,2719.71
ETHUSD_260327,ETH,2026-03-27 00:00:00+00:00,2026-01-31 00:00:00+00:00,2462.56
ETHUSD_260327,ETH,2026-03-27 00:00:00+00:00,2026-02-01 00:00:00+00:00,2277.52
ETHUSD_260327,ETH,2026-03-27 00:00:00+00:00,2026-02-02 00:00:00+00:00,2351.78
ETHUSD_260327,ETH,2026-03-27 00:00:00+00:00,2026-02-03 00:00:00+00:00,2242.5
ETHUSD_260327,ETH,2026-03-27 00:00:00+00:00,2026-02-04 00:00:00+00:00,2154.64
ETHUSD_260327,ETH,2026-03-27 00:00:00+00:00,2026-02-05 00:00:00+00:00,1830.91
ETHUSD_260327,ETH,2026-03-27 00:00:00+00:00,2026-02-06 00:00:00+00:00,2068.55
ETHUSD_260327,ETH,2026-03-27 00:00:00+00:00,2026-02-07 00:00:00+00:00,2097.56
ETHUSD_260327,ETH,2026-03-27 00:00:00+00:00,2026-02-08 00:00:00+00:00,2096.83
ETHUSD_260327,ETH,2026-03-27 00:00:00+00:00,2026-02-09 00:00:00+00:00,2109.81
ETHUSD_260327,ETH,2026-03-27 00:00:00+00:00,2026-02-10 00:00:00+00:00,2027.26
ETHUSD_260327,ETH,2026-03-27 00:00:00+00:00,2026-02-11 00:00:00+00:00,1945.84
ETHUSD_260327,ETH,2026-03-27 00:00:00+00:00,2026-02-12 00:00:00+00:00,1951.59
ETHUSD_260327,ETH,2026-03-27 00:00:00+00:00,2026-02-13 00:00:00+00:00,2052.1
ETHUSD_260327,ETH,2026-03-27 00:00:00+00:00,2026-02-14 00:00:00+00:00,2091.2
ETHUSD_260327,ETH,2026-03-27 00:00:00+00:00,2026-02-15 00:00:00+00:00,1971.46
ETHUSD_260327,ETH,2026-03-27 00:00:00+00:00,2026-02-16 00:00:00+00:00,2004.65
ETHUSD_260327,ETH,2026-03-27 00:00:00+00:00,2026-02-17 00:00:00+00:00,1997.99
ETHUSD_260327,ETH,2026-03-27 00:00:00+00:00,2026-02-18 00:00:00+00:00,1959.44
ETHUSD_260327,ETH,2026-03-27 00:00:00+00:00,2026-02-19 00:00:00+00:00,1952.42
ETHUSD_260327,ETH,2026-03-27 00:00:00+00:00,2026-02-20 00:00:00+00:00,1973.91
ETHUSD_260327,ETH,2026-03-27 00:00:00+00:00,2026-02-21 00:00:00+00:00,1979.83
ETHUSD_260327,ETH,2026-03-27 00:00:00+00:00,2026-02-22 00:00:00+00:00,1962.2
ETHUSD_260327,ETH,2026-03-27 00:00:00+00:00,2026-02-23 00:00:00+00:00,1859.81
ETHUSD_260327,ETH,2026-03-27 00:00:00+00:00,2026-02-24 00:00:00+00:00,1854.55
ETHUSD_260327,ETH,2026-03-27 00:00:00+00:00,2026-02-25 00:00:00+00:00,2060.0
ETHUSD_260327,ETH,2026-03-27 00:00:00+00:00,2026-02-26 00:00:00+00:00,2029.39
ETHUSD_260327,ETH,2026-03-27 00:00:00+00:00,2026-02-27 00:00:00+00:00,1932.67
ETHUSD_260327,ETH,2026-03-27 00:00:00+00:00,2026-02-28 00:00:00+00:00,1966.88
ETHUSD_260327,ETH,2026-03-27 00:00:00+00:00,2026-03-01 00:00:00+00:00,1941.65
ETHUSD_260327,ETH,2026-03-27 00:00:00+00:00,2026-03-02 00:00:00+00:00,2029.34
ETHUSD_260327,ETH,2026-03-27 00:00:00+00:00,2026-03-03 00:00:00+00:00,1985.18
ETHUSD_260327,ETH,2026-03-27 00:00:00+00:00,2026-03-04 00:00:00+00:00,2131.08
ETHUSD_260327,ETH,2026-03-27 00:00:00+00:00,2026-03-05 00:00:00+00:00,2075.68
ETHUSD_260327,ETH,2026-03-27 00:00:00+00:00,2026-03-06 00:00:00+00:00,1980.29
ETHUSD_260327,ETH,2026-03-27 00:00:00+00:00,2026-03-07 00:00:00+00:00,1971.25
ETHUSD_260327,ETH,2026-03-27 00:00:00+00:00,2026-03-08 00:00:00+00:00,1937.57
ETHUSD_260327,ETH,2026-03-27 00:00:00+00:00,2026-03-09 00:00:00+00:00,1997.55
ETHUSD_260327,ETH,2026-03-27 00:00:00+00:00,2026-03-10 00:00:00+00:00,2038.95
ETHUSD_260327,ETH,2026-03-27 00:00:00+00:00,2026-03-11 00:00:00+00:00,2053.5
ETHUSD_260327,ETH,2026-03-27 00:00:00+00:00,2026-03-12 00:00:00+00:00,2074.12
ETHUSD_260327,ETH,2026-03-27 00:00:00+00:00,2026-03-13 00:00:00+00:00,2093.69
ETHUSD_260327,ETH,2026-03-27 00:00:00+00:00,2026-03-14 00:00:00+00:00,2098.24
ETHUSD_260327,ETH,2026-03-27 00:00:00+00:00,2026-03-15 00:00:00+00:00,2179.27
ETHUSD_260327,ETH,2026-03-27 00:00:00+00:00,2026-03-16 00:00:00+00:00,2353.4
ETHUSD_260327,ETH,2026-03-27 00:00:00+00:00,2026-03-17 00:00:00+00:00,2319.88
ETHUSD_260327,ETH,2026-03-27 00:00:00+00:00,2026-03-18 00:00:00+00:00,2206.27
ETHUSD_260327,ETH,2026-03-27 00:00:00+00:00,2026-03-19 00:00:00+00:00,2138.85
ETHUSD_260327,ETH,2026-03-27 00:00:00+00:00,2026-03-20 00:00:00+00:00,2148.24
ETHUSD_260327,ETH,2026-03-27 00:00:00+00:00,2026-03-21 00:00:00+00:00,2086.53
ETHUSD_260327,ETH,2026-03-27 00:00:00+00:00,2026-03-22 00:00:00+00:00,2054.97
ETHUSD_260327,ETH,2026-03-27 00:00:00+00:00,2026-03-23 00:00:00+00:00,2152.83
ETHUSD_260327,ETH,2026-03-27 00:00:00+00:00,2026-03-24 00:00:00+00:00,2156.49
ETHUSD_260327,ETH,2026-03-27 00:00:00+00:00,2026-03-25 00:00:00+00:00,2169.27
ETHUSD_260327,ETH,2026-03-27 00:00:00+00:00,2026-03-26 00:00:00+00:00,2059.44
ETHUSD_260626,ETH,2026-06-26 00:00:00+00:00,2025-12-26 00:00:00+00:00,2987.13
ETHUSD_260626,ETH,2026-06-26 00:00:00+00:00,2025-12-27 00:00:00+00:00,3002.94
ETHUSD_260626,ETH,2026-06-26 00:00:00+00:00,2025-12-28 00:00:00+00:00,3006.99
ETHUSD_260626,ETH,2026-06-26 00:00:00+00:00,2025-12-29 00:00:00+00:00,2986.86
ETHUSD_260626,ETH,2026-06-26 00:00:00+00:00,2025-12-30 00:00:00+00:00,3020.31
ETHUSD_260626,ETH,2026-06-26 00:00:00+00:00,2025-12-31 00:00:00+00:00,3014.15
ETHUSD_260626,ETH,2026-06-26 00:00:00+00:00,2026-01-01 00:00:00+00:00,3046.92
ETHUSD_260626,ETH,2026-06-26 00:00:00+00:00,2026-01-02 00:00:00+00:00,3175.84
ETHUSD_260626,ETH,2026-06-26 00:00:00+00:00,2026-01-03 00:00:00+00:00,3178.05
ETHUSD_260626,ETH,2026-06-26 00:00:00+00:00,2026-01-04 00:00:00+00:00,3201.96
ETHUSD_260626,ETH,2026-06-26 00:00:00+00:00,2026-01-05 00:00:00+00:00,3284.74
ETHUSD_260626,ETH,2026-06-26 00:00:00+00:00,2026-01-06 00:00:00+00:00,3359.69
ETHUSD_260626,ETH,2026-06-26 00:00:00+00:00,2026-01-07 00:00:00+00:00,3223.65
ETHUSD_260626,ETH,2026-06-26 00:00:00+00:00,2026-01-08 00:00:00+00:00,3160.58
ETHUSD_260626,ETH,2026-06-26 00:00:00+00:00,2026-01-09 00:00:00+00:00,3139.02
ETHUSD_260626,ETH,2026-06-26 00:00:00+00:00,2026-01-10 00:00:00+00:00,3138.55
ETHUSD_260626,ETH,2026-06-26 00:00:00+00:00,2026-01-11 00:00:00+00:00,3173.86
ETHUSD_260626,ETH,2026-06-26 00:00:00+00:00,2026-01-12 00:00:00+00:00,3145.57
ETHUSD_260626,ETH,2026-06-26 00:00:00+00:00,2026-01-13 00:00:00+00:00,3381.66
ETHUSD_260626,ETH,2026-06-26 00:00:00+00:00,2026-01-14 00:00:00+00:00,3412.52
ETHUSD_260626,ETH,2026-06-26 00:00:00+00:00,2026-01-15 00:00:00+00:00,3376.29
ETHUSD_260626,ETH,2026-06-26 00:00:00+00:00,2026-01-16 00:00:00+00:00,3350.41
ETHUSD_260626,ETH,2026-06-26 00:00:00+00:00,2026-01-17 00:00:00+00:00,3363.56
ETHUSD_260626,ETH,2026-06-26 00:00:00+00:00,2026-01-18 00:00:00+00:00,3336.8
ETHUSD_260626,ETH,2026-06-26 00:00:00+00:00,2026-01-19 00:00:00+00:00,3237.31
ETHUSD_260626,ETH,2026-06-26 00:00:00+00:00,2026-01-20 00:00:00+00:00,2982.26
ETHUSD_260626,ETH,2026-06-26 00:00:00+00:00,2026-01-21 00:00:00+00:00,3025.12
ETHUSD_260626,ETH,2026-06-26 00:00:00+00:00,2026-01-22 00:00:00+00:00,2997.62
ETHUSD_260626,ETH,2026-06-26 00:00:00+00:00,2026-01-23 00:00:00+00:00,2998.26
ETHUSD_260626,ETH,2026-06-26 00:00:00+00:00,2026-01-24 00:00:00+00:00,2995.84
ETHUSD_260626,ETH,2026-06-26 00:00:00+00:00,2026-01-25 00:00:00+00:00,2859.49
ETHUSD_260626,ETH,2026-06-26 00:00:00+00:00,2026-01-26 00:00:00+00:00,2969.31
ETHUSD_260626,ETH,2026-06-26 00:00:00+00:00,2026-01-27 00:00:00+00:00,3066.82
ETHUSD_260626,ETH,2026-06-26 00:00:00+00:00,2026-01-28 00:00:00+00:00,3046.41
ETHUSD_260626,ETH,2026-06-26 00:00:00+00:00,2026-01-29 00:00:00+00:00,2858.02
ETHUSD_260626,ETH,2026-06-26 00:00:00+00:00,2026-01-30 00:00:00+00:00,2745.99
ETHUSD_260626,ETH,2026-06-26 00:00:00+00:00,2026-01-31 00:00:00+00:00,2482.76
ETHUSD_260626,ETH,2026-06-26 00:00:00+00:00,2026-02-01 00:00:00+00:00,2293.62
ETHUSD_260626,ETH,2026-06-26 00:00:00+00:00,2026-02-02 00:00:00+00:00,2369.66
ETHUSD_260626,ETH,2026-06-26 00:00:00+00:00,2026-02-03 00:00:00+00:00,2260.95
ETHUSD_260626,ETH,2026-06-26 00:00:00+00:00,2026-02-04 00:00:00+00:00,2172.96
ETHUSD_260626,ETH,2026-06-26 00:00:00+00:00,2026-02-05 00:00:00+00:00,1844.1
ETHUSD_260626,ETH,2026-06-26 00:00:00+00:00,2026-02-06 00:00:00+00:00,2083.09
ETHUSD_260626,ETH,2026-06-26 00:00:00+00:00,2026-02-07 00:00:00+00:00,2119.0
ETHUSD_260626,ETH,2026-06-26 00:00:00+00:00,2026-02-08 00:00:00+00:00,2116.06
ETHUSD_260626,ETH,2026-06-26 00:00:00+00:00,2026-02-09 00:00:00+00:00,2128.59
ETHUSD_260626,ETH,2026-06-26 00:00:00+00:00,2026-02-10 00:00:00+00:00,2044.75
ETHUSD_260626,ETH,2026-06-26 00:00:00+00:00,2026-02-11 00:00:00+00:00,1960.89
ETHUSD_260626,ETH,2026-06-26 00:00:00+00:00,2026-02-12 00:00:00+00:00,1967.14
ETHUSD_260626,ETH,2026-06-26 00:00:00+00:00,2026-02-13 00:00:00+00:00,2066.43
ETHUSD_260626,ETH,2026-06-26 00:00:00+00:00,2026-02-14 00:00:00+00:00,2104.55
ETHUSD_260626,ETH,2026-06-26 00:00:00+00:00,2026-02-15 00:00:00+00:00,1984.8
ETHUSD_260626,ETH,2026-06-26 00:00:00+00:00,2026-02-16 00:00:00+00:00,2020.54
ETHUSD_260626,ETH,2026-06-26 00:00:00+00:00,2026-02-17 00:00:00+00:00,2012.15
ETHUSD_260626,ETH,2026-06-26 00:00:00+00:00,2026-02-18 00:00:00+00:00,1973.87
ETHUSD_260626,ETH,2026-06-26 00:00:00+00:00,2026-02-19 00:00:00+00:00,1966.84
ETHUSD_260626,ETH,2026-06-26 00:00:00+00:00,2026-02-20 00:00:00+00:00,1987.93
ETHUSD_260626,ETH,2026-06-26 00:00:00+00:00,2026-02-21 00:00:00+00:00,1993.48
ETHUSD_260626,ETH,2026-06-26 00:00:00+00:00,2026-02-22 00:00:00+00:00,1977.97
ETHUSD_260626,ETH,2026-06-26 00:00:00+00:00,2026-02-23 00:00:00+00:00,1872.0
ETHUSD_260626,ETH,2026-06-26 00:00:00+00:00,2026-02-24 00:00:00+00:00,1867.1
ETHUSD_260626,ETH,2026-06-26 00:00:00+00:00,2026-02-25 00:00:00+00:00,2072.04
ETHUSD_260626,ETH,2026-06-26 00:00:00+00:00,2026-02-26 00:00:00+00:00,2042.97
ETHUSD_260626,ETH,2026-06-26 00:00:00+00:00,2026-02-27 00:00:00+00:00,1945.19
ETHUSD_260626,ETH,2026-06-26 00:00:00+00:00,2026-02-28 00:00:00+00:00,1979.45
ETHUSD_260626,ETH,2026-06-26 00:00:00+00:00,2026-03-01 00:00:00+00:00,1953.15
ETHUSD_260626,ETH,2026-06-26 00:00:00+00:00,2026-03-02 00:00:00+00:00,2041.32
ETHUSD_260626,ETH,2026-06-26 00:00:00+00:00,2026-03-03 00:00:00+00:00,1996.19
ETHUSD_260626,ETH,2026-06-26 00:00:00+00:00,2026-03-04 00:00:00+00:00,2144.5
ETHUSD_260626,ETH,2026-06-26 00:00:00+00:00,2026-03-05 00:00:00+00:00,2089.76
ETHUSD_260626,ETH,2026-06-26 00:00:00+00:00,2026-03-06 00:00:00+00:00,1991.54
ETHUSD_260626,ETH,2026-06-26 00:00:00+00:00,2026-03-07 00:00:00+00:00,1982.04
ETHUSD_260626,ETH,2026-06-26 00:00:00+00:00,2026-03-08 00:00:00+00:00,1947.63
ETHUSD_260626,ETH,2026-06-26 00:00:00+00:00,2026-03-09 00:00:00+00:00,2009.0
ETHUSD_260626,ETH,2026-06-26 00:00:00+00:00,2026-03-10 00:00:00+00:00,2051.18
ETHUSD_260626,ETH,2026-06-26 00:00:00+00:00,2026-03-11 00:00:00+00:00,2065.13
ETHUSD_260626,ETH,2026-06-26 00:00:00+00:00,2026-03-12 00:00:00+00:00,2085.89
ETHUSD_260626,ETH,2026-06-26 00:00:00+00:00,2026-03-13 00:00:00+00:00,2105.42
ETHUSD_260626,ETH,2026-06-26 00:00:00+00:00,2026-03-14 00:00:00+00:00,2107.57
ETHUSD_260626,ETH,2026-06-26 00:00:00+00:00,2026-03-15 00:00:00+00:00,2188.7
ETHUSD_260626,ETH,2026-06-26 00:00:00+00:00,2026-03-16 00:00:00+00:00,2369.94
ETHUSD_260626,ETH,2026-06-26 00:00:00+00:00,2026-03-17 00:00:00+00:00,2334.15
ETHUSD_260626,ETH,2026-06-26 00:00:00+00:00,2026-03-18 00:00:00+00:00,2217.94
ETHUSD_260626,ETH,2026-06-26 00:00:00+00:00,2026-03-19 00:00:00+00:00,2149.61
ETHUSD_260626,ETH,2026-06-26 00:00:00+00:00,2026-03-20 00:00:00+00:00,2159.44
ETHUSD_260626,ETH,2026-06-26 00:00:00+00:00,2026-03-21 00:00:00+00:00,2097.03
ETHUSD_260626,ETH,2026-06-26 00:00:00+00:00,2026-03-22 00:00:00+00:00,2062.47
ETHUSD_260626,ETH,2026-06-26 00:00:00+00:00,2026-03-23 00:00:00+00:00,2165.82
ETHUSD_260626,ETH,2026-06-26 00:00:00+00:00,2026-03-24 00:00:00+00:00,2169.56
ETHUSD_260626,ETH,2026-06-26 00:00:00+00:00,2026-03-25 00:00:00+00:00,2181.61
ETHUSD_260626,ETH,2026-06-26 00:00:00+00:00,2026-03-26 00:00:00+00:00,2069.16
ETHUSD_260626,ETH,2026-06-26 00:00:00+00:00,2026-03-27 00:00:00+00:00,2000.19
ETHUSD_260626,ETH,2026-06-26 00:00:00+00:00,2026-03-28 00:00:00+00:00,2001.16
ETHUSD_260626,ETH,2026-06-26 00:00:00+00:00,2026-03-29 00:00:00+00:00,1990.85
ETHUSD_260626,ETH,2026-06-26 00:00:00+00:00,2026-03-30 00:00:00+00:00,2033.3
ETHUSD_260626,ETH,2026-06-26 00:00:00+00:00,2026-03-31 00:00:00+00:00,2113.33
ETHUSD_260626,ETH,2026-06-26 00:00:00+00:00,2026-04-01 00:00:00+00:00,2148.54
ETHUSD_260626,ETH,2026-06-26 00:00:00+00:00,2026-04-02 00:00:00+00:00,2064.92
ETHUSD_260626,ETH,2026-06-26 00:00:00+00:00,2026-04-03 00:00:00+00:00,2063.05
ETHUSD_260626,ETH,2026-06-26 00:00:00+00:00,2026-04-04 00:00:00+00:00,2075.14
ETHUSD_260626,ETH,2026-06-26 00:00:00+00:00,2026-04-05 00:00:00+00:00,2119.43
ETHUSD_260626,ETH,2026-06-26 00:00:00+00:00,2026-04-06 00:00:00+00:00,2117.93
ETHUSD_260626,ETH,2026-06-26 00:00:00+00:00,2026-04-07 00:00:00+00:00,2253.09
ETHUSD_260626,ETH,2026-06-26 00:00:00+00:00,2026-04-08 00:00:00+00:00,2198.85
ETHUSD_260626,ETH,2026-06-26 00:00:00+00:00,2026-04-09 00:00:00+00:00,2198.29
ETHUSD_260626,ETH,2026-06-26 00:00:00+00:00,2026-04-10 00:00:00+00:00,2251.96
ETHUSD_260626,ETH,2026-06-26 00:00:00+00:00,2026-04-11 00:00:00+00:00,2293.96
ETHUSD_260626,ETH,2026-06-26 00:00:00+00:00,2026-04-12 00:00:00+00:00,2196.74
ETHUSD_260626,ETH,2026-06-26 00:00:00+00:00,2026-04-13 00:00:00+00:00,2375.87
ETHUSD_260626,ETH,2026-06-26 00:00:00+00:00,2026-04-14 00:00:00+00:00,2327.79
ETHUSD_260626,ETH,2026-06-26 00:00:00+00:00,2026-04-15 00:00:00+00:00,2365.71
ETHUSD_260626,ETH,2026-06-26 00:00:00+00:00,2026-04-16 00:00:00+00:00,2353.04
ETHUSD_260626,ETH,2026-06-26 00:00:00+00:00,2026-04-17 00:00:00+00:00,2423.36
ETHUSD_260626,ETH,2026-06-26 00:00:00+00:00,2026-04-18 00:00:00+00:00,2355.58
ETHUSD_260626,ETH,2026-06-26 00:00:00+00:00,2026-04-19 00:00:00+00:00,2266.32
ETHUSD_260626,ETH,2026-06-26 00:00:00+00:00,2026-04-20 00:00:00+00:00,2316.84
ETHUSD_260626,ETH,2026-06-26 00:00:00+00:00,2026-04-21 00:00:00+00:00,2330.08
ETHUSD_260626,ETH,2026-06-26 00:00:00+00:00,2026-04-22 00:00:00+00:00,2375.37
ETHUSD_260626,ETH,2026-06-26 00:00:00+00:00,2026-04-23 00:00:00+00:00,2332.01
ETHUSD_260626,ETH,2026-06-26 00:00:00+00:00,2026-04-24 00:00:00+00:00,2317.26
ETHUSD_260626,ETH,2026-06-26 00:00:00+00:00,2026-04-25 00:00:00+00:00,2320.56
ETHUSD_260626,ETH,2026-06-26 00:00:00+00:00,2026-04-26 00:00:00+00:00,2371.18
ETHUSD_260626,ETH,2026-06-26 00:00:00+00:00,2026-04-27 00:00:00+00:00,2303.88
ETHUSD_260626,ETH,2026-06-26 00:00:00+00:00,2026-04-28 00:00:00+00:00,2290.5
ETHUSD_260626,ETH,2026-06-26 00:00:00+00:00,2026-04-29 00:00:00+00:00,2253.54
ETHUSD_260626,ETH,2026-06-26 00:00:00+00:00,2026-04-30 00:00:00+00:00,2258.09
ETHUSD_260626,ETH,2026-06-26 00:00:00+00:00,2026-05-01 00:00:00+00:00,2297.2
ETHUSD_260626,ETH,2026-06-26 00:00:00+00:00,2026-05-02 00:00:00+00:00,2317.71
ETHUSD_260626,ETH,2026-06-26 00:00:00+00:00,2026-05-03 00:00:00+00:00,2323.98
ETHUSD_260626,ETH,2026-06-26 00:00:00+00:00,2026-05-04 00:00:00+00:00,2348.74
ETHUSD_260626,ETH,2026-06-26 00:00:00+00:00,2026-05-05 00:00:00+00:00,2362.5
ETHUSD_260626,ETH,2026-06-26 00:00:00+00:00,2026-05-06 00:00:00+00:00,2353.79
ETHUSD_260626,ETH,2026-06-26 00:00:00+00:00,2026-05-07 00:00:00+00:00,2294.43
ETHUSD_260626,ETH,2026-06-26 00:00:00+00:00,2026-05-08 00:00:00+00:00,2309.67
ETHUSD_260626,ETH,2026-06-26 00:00:00+00:00,2026-05-09 00:00:00+00:00,2330.06
ETHUSD_260626,ETH,2026-06-26 00:00:00+00:00,2026-05-10 00:00:00+00:00,2372.08
ETHUSD_260626,ETH,2026-06-26 00:00:00+00:00,2026-05-11 00:00:00+00:00,2343.27
ETHUSD_260626,ETH,2026-06-26 00:00:00+00:00,2026-05-12 00:00:00+00:00,2277.74
ETHUSD_260626,ETH,2026-06-26 00:00:00+00:00,2026-05-13 00:00:00+00:00,2261.63
ETHUSD_260626,ETH,2026-06-26 00:00:00+00:00,2026-05-14 00:00:00+00:00,2285.67
ETHUSD_260626,ETH,2026-06-26 00:00:00+00:00,2026-05-15 00:00:00+00:00,2225.46
ETHUSD_260626,ETH,2026-06-26 00:00:00+00:00,2026-05-16 00:00:00+00:00,2182.41
ETHUSD_260626,ETH,2026-06-26 00:00:00+00:00,2026-05-17 00:00:00+00:00,2131.32
ETHUSD_260626,ETH,2026-06-26 00:00:00+00:00,2026-05-18 00:00:00+00:00,2130.26
ETHUSD_260626,ETH,2026-06-26 00:00:00+00:00,2026-05-19 00:00:00+00:00,2111.56
ETHUSD_260626,ETH,2026-06-26 00:00:00+00:00,2026-05-20 00:00:00+00:00,2130.04
ETHUSD_260626,ETH,2026-06-26 00:00:00+00:00,2026-05-21 00:00:00+00:00,2133.53
ETHUSD_260626,ETH,2026-06-26 00:00:00+00:00,2026-05-22 00:00:00+00:00,2065.59
ETHUSD_260626,ETH,2026-06-26 00:00:00+00:00,2026-05-23 00:00:00+00:00,2116.08
ETHUSD_260626,ETH,2026-06-26 00:00:00+00:00,2026-05-24 00:00:00+00:00,2100.82
ETHUSD_260626,ETH,2026-06-26 00:00:00+00:00,2026-05-25 00:00:00+00:00,2114.5
ETHUSD_260626,ETH,2026-06-26 00:00:00+00:00,2026-05-26 00:00:00+00:00,2073.89
ETHUSD_260626,ETH,2026-06-26 00:00:00+00:00,2026-05-27 00:00:00+00:00,2025.94
ETHUSD_260626,ETH,2026-06-26 00:00:00+00:00,2026-05-28 00:00:00+00:00,2011.56
ETHUSD_260626,ETH,2026-06-26 00:00:00+00:00,2026-05-29 00:00:00+00:00,2016.93
ETHUSD_260626,ETH,2026-06-26 00:00:00+00:00,2026-05-30 00:00:00+00:00,2023.73
ETHUSD_260626,ETH,2026-06-26 00:00:00+00:00,2026-05-31 00:00:00+00:00,2010.02
ETHUSD_260925,ETH,2026-09-25 00:00:00+00:00,2026-03-27 00:00:00+00:00,2018.41
ETHUSD_260925,ETH,2026-09-25 00:00:00+00:00,2026-03-28 00:00:00+00:00,2019.49
ETHUSD_260925,ETH,2026-09-25 00:00:00+00:00,2026-03-29 00:00:00+00:00,2007.54
ETHUSD_260925,ETH,2026-09-25 00:00:00+00:00,2026-03-30 00:00:00+00:00,2051.03
ETHUSD_260925,ETH,2026-09-25 00:00:00+00:00,2026-03-31 00:00:00+00:00,2132.09
ETHUSD_260925,ETH,2026-09-25 00:00:00+00:00,2026-04-01 00:00:00+00:00,2168.27
ETHUSD_260925,ETH,2026-09-25 00:00:00+00:00,2026-04-02 00:00:00+00:00,2082.76
ETHUSD_260925,ETH,2026-09-25 00:00:00+00:00,2026-04-03 00:00:00+00:00,2082.0
ETHUSD_260925,ETH,2026-09-25 00:00:00+00:00,2026-04-04 00:00:00+00:00,2093.56
ETHUSD_260925,ETH,2026-09-25 00:00:00+00:00,2026-04-05 00:00:00+00:00,2137.32
ETHUSD_260925,ETH,2026-09-25 00:00:00+00:00,2026-04-06 00:00:00+00:00,2138.18
ETHUSD_260925,ETH,2026-09-25 00:00:00+00:00,2026-04-07 00:00:00+00:00,2271.61
ETHUSD_260925,ETH,2026-09-25 00:00:00+00:00,2026-04-08 00:00:00+00:00,2217.69
ETHUSD_260925,ETH,2026-09-25 00:00:00+00:00,2026-04-09 00:00:00+00:00,2217.7
ETHUSD_260925,ETH,2026-09-25 00:00:00+00:00,2026-04-10 00:00:00+00:00,2271.36
ETHUSD_260925,ETH,2026-09-25 00:00:00+00:00,2026-04-11 00:00:00+00:00,2310.85
ETHUSD_260925,ETH,2026-09-25 00:00:00+00:00,2026-04-12 00:00:00+00:00,2213.63
ETHUSD_260925,ETH,2026-09-25 00:00:00+00:00,2026-04-13 00:00:00+00:00,2394.16
ETHUSD_260925,ETH,2026-09-25 00:00:00+00:00,2026-04-14 00:00:00+00:00,2347.24
ETHUSD_260925,ETH,2026-09-25 00:00:00+00:00,2026-04-15 00:00:00+00:00,2385.8
ETHUSD_260925,ETH,2026-09-25 00:00:00+00:00,2026-04-16 00:00:00+00:00,2374.33
ETHUSD_260925,ETH,2026-09-25 00:00:00+00:00,2026-04-17 00:00:00+00:00,2444.25
ETHUSD_260925,ETH,2026-09-25 00:00:00+00:00,2026-04-18 00:00:00+00:00,2374.3
ETHUSD_260925,ETH,2026-09-25 00:00:00+00:00,2026-04-19 00:00:00+00:00,2286.0
ETHUSD_260925,ETH,2026-09-25 00:00:00+00:00,2026-04-20 00:00:00+00:00,2336.24
ETHUSD_260925,ETH,2026-09-25 00:00:00+00:00,2026-04-21 00:00:00+00:00,2350.0
ETHUSD_260925,ETH,2026-09-25 00:00:00+00:00,2026-04-22 00:00:00+00:00,2393.5
ETHUSD_260925,ETH,2026-09-25 00:00:00+00:00,2026-04-23 00:00:00+00:00,2348.85
ETHUSD_260925,ETH,2026-09-25 00:00:00+00:00,2026-04-24 00:00:00+00:00,2333.06
ETHUSD_260925,ETH,2026-09-25 00:00:00+00:00,2026-04-25 00:00:00+00:00,2336.83
ETHUSD_260925,ETH,2026-09-25 00:00:00+00:00,2026-04-26 00:00:00+00:00,2387.4
ETHUSD_260925,ETH,2026-09-25 00:00:00+00:00,2026-04-27 00:00:00+00:00,2321.3
ETHUSD_260925,ETH,2026-09-25 00:00:00+00:00,2026-04-28 00:00:00+00:00,2304.64
ETHUSD_260925,ETH,2026-09-25 00:00:00+00:00,2026-04-29 00:00:00+00:00,2268.46
ETHUSD_260925,ETH,2026-09-25 00:00:00+00:00,2026-04-30 00:00:00+00:00,2272.39
ETHUSD_260925,ETH,2026-09-25 00:00:00+00:00,2026-05-01 00:00:00+00:00,2310.81
ETHUSD_260925,ETH,2026-09-25 00:00:00+00:00,2026-05-02 00:00:00+00:00,2331.96
ETHUSD_260925,ETH,2026-09-25 00:00:00+00:00,2026-05-03 00:00:00+00:00,2338.06
ETHUSD_260925,ETH,2026-09-25 00:00:00+00:00,2026-05-04 00:00:00+00:00,2363.27
ETHUSD_260925,ETH,2026-09-25 00:00:00+00:00,2026-05-05 00:00:00+00:00,2377.27
ETHUSD_260925,ETH,2026-09-25 00:00:00+00:00,2026-05-06 00:00:00+00:00,2368.22
ETHUSD_260925,ETH,2026-09-25 00:00:00+00:00,2026-05-07 00:00:00+00:00,2308.09
ETHUSD_260925,ETH,2026-09-25 00:00:00+00:00,2026-05-08 00:00:00+00:00,2325.2
ETHUSD_260925,ETH,2026-09-25 00:00:00+00:00,2026-05-09 00:00:00+00:00,2343.74
ETHUSD_260925,ETH,2026-09-25 00:00:00+00:00,2026-05-10 00:00:00+00:00,2387.55
ETHUSD_260925,ETH,2026-09-25 00:00:00+00:00,2026-05-11 00:00:00+00:00,2358.72
ETHUSD_260925,ETH,2026-09-25 00:00:00+00:00,2026-05-12 00:00:00+00:00,2291.82
ETHUSD_260925,ETH,2026-09-25 00:00:00+00:00,2026-05-13 00:00:00+00:00,2272.8
ETHUSD_260925,ETH,2026-09-25 00:00:00+00:00,2026-05-14 00:00:00+00:00,2297.71
ETHUSD_260925,ETH,2026-09-25 00:00:00+00:00,2026-05-15 00:00:00+00:00,2239.88
ETHUSD_260925,ETH,2026-09-25 00:00:00+00:00,2026-05-16 00:00:00+00:00,2195.49
ETHUSD_260925,ETH,2026-09-25 00:00:00+00:00,2026-05-17 00:00:00+00:00,2144.62
ETHUSD_260925,ETH,2026-09-25 00:00:00+00:00,2026-05-18 00:00:00+00:00,2142.73
ETHUSD_260925,ETH,2026-09-25 00:00:00+00:00,2026-05-19 00:00:00+00:00,2125.18
ETHUSD_260925,ETH,2026-09-25 00:00:00+00:00,2026-05-20 00:00:00+00:00,2143.61
ETHUSD_260925,ETH,2026-09-25 00:00:00+00:00,2026-05-21 00:00:00+00:00,2146.27
ETHUSD_260925,ETH,2026-09-25 00:00:00+00:00,2026-05-22 00:00:00+00:00,2073.39
ETHUSD_260925,ETH,2026-09-25 00:00:00+00:00,2026-05-23 00:00:00+00:00,2122.09
ETHUSD_260925,ETH,2026-09-25 00:00:00+00:00,2026-05-24 00:00:00+00:00,2108.64
ETHUSD_260925,ETH,2026-09-25 00:00:00+00:00,2026-05-25 00:00:00+00:00,2122.79
ETHUSD_260925,ETH,2026-09-25 00:00:00+00:00,2026-05-26 00:00:00+00:00,2086.76
ETHUSD_260925,ETH,2026-09-25 00:00:00+00:00,2026-05-27 00:00:00+00:00,2036.18
ETHUSD_260925,ETH,2026-09-25 00:00:00+00:00,2026-05-28 00:00:00+00:00,2021.64
ETHUSD_260925,ETH,2026-09-25 00:00:00+00:00,2026-05-29 00:00:00+00:00,2027.36
ETHUSD_260925,ETH,2026-09-25 00:00:00+00:00,2026-05-30 00:00:00+00:00,2034.82
ETHUSD_260925,ETH,2026-09-25 00:00:00+00:00,2026-05-31 00:00:00+00:00,2020.76
