time,open,high,low,close,volume
2011-10-04 00:00:00+00:00,10.524999618530273,10.524999618530273,10.524999618530273,10.524999618530273,81200
2011-10-05 00:00:00+00:00,11.34749984741211,11.34749984741211,11.34749984741211,11.34749984741211,35600
2011-10-06 00:00:00+00:00,11.582500457763672,11.582500457763672,11.582500457763672,11.582500457763672,22400
2011-10-07 00:00:00+00:00,11.672499656677246,11.672499656677246,11.672499656677246,11.672499656677246,72800
2011-10-10 00:00:00+00:00,12.149999618530273,12.149999618530273,12.149999618530273,12.149999618530273,60000
2011-10-11 00:00:00+00:00,12.3149995803833,12.3149995803833,12.3149995803833,12.3149995803833,65600
2011-10-12 00:00:00+00:00,13.172499656677246,13.172499656677246,13.172499656677246,13.172499656677246,55200
2011-10-13 00:00:00+00:00,13.067500114440918,13.067500114440918,13.067500114440918,13.067500114440918,58400
2011-10-14 00:00:00+00:00,13.9375,13.9375,13.9375,13.9375,52800
2011-10-17 00:00:00+00:00,12.404999732971191,12.404999732971191,12.404999732971191,12.404999732971191,42400
2011-10-18 00:00:00+00:00,12.835000038146973,12.835000038146973,12.835000038146973,12.835000038146973,41600
2011-10-19 00:00:00+00:00,11.979999542236328,11.979999542236328,11.979999542236328,11.979999542236328,79200
2011-10-20 00:00:00+00:00,11.8774995803833,11.8774995803833,11.8774995803833,11.8774995803833,41200
2011-10-21 00:00:00+00:00,12.462499618530273,12.462499618530273,12.462499618530273,12.462499618530273,30000
2011-10-24 00:00:00+00:00,13.265000343322754,13.265000343322754,13.265000343322754,13.265000343322754,41200
2011-10-25 00:00:00+00:00,12.364999771118164,12.364999771118164,12.364999771118164,12.364999771118164,73600
2011-10-26 00:00:00+00:00,12.779999732971191,12.779999732971191,12.779999732971191,12.779999732971191,89600
2011-10-27 00:00:00+00:00,14.457500457763672,14.457500457763672,14.457500457763672,14.457500457763672,127600
2011-10-28 00:00:00+00:00,14.694999694824219,14.694999694824219,14.694999694824219,14.694999694824219,92400
2011-10-31 00:00:00+00:00,13.109999656677246,13.109999656677246,13.109999656677246,13.109999656677246,190800
2011-11-01 00:00:00+00:00,11.157500267028809,11.157500267028809,11.157500267028809,11.157500267028809,541600
2011-11-02 00:00:00+00:00,11.52750015258789,11.52750015258789,11.52750015258789,11.52750015258789,88800
2011-11-03 00:00:00+00:00,12.09000015258789,12.09000015258789,12.09000015258789,12.09000015258789,248800
2011-11-04 00:00:00+00:00,11.852499961853027,11.852499961853027,11.852499961853027,11.852499961853027,214400
2011-11-07 00:00:00+00:00,11.930000305175781,11.930000305175781,11.930000305175781,11.930000305175781,82400
2011-11-08 00:00:00+00:00,12.5024995803833,12.5024995803833,12.5024995803833,12.5024995803833,146800
2011-11-09 00:00:00+00:00,10.104999542236328,10.104999542236328,10.104999542236328,10.104999542236328,277200
2011-11-10 00:00:00+00:00,10.725000381469727,10.725000381469727,10.725000381469727,10.725000381469727,195600
2011-11-11 00:00:00+00:00,11.1875,11.1875,11.1875,11.1875,294800
2011-11-14 00:00:00+00:00,10.90999984741211,10.90999984741211,10.90999984741211,10.90999984741211,102000
2011-11-15 00:00:00+00:00,11.022500038146973,11.022500038146973,11.022500038146973,11.022500038146973,483200
2011-11-16 00:00:00+00:00,10.4975004196167,10.4975004196167,10.4975004196167,10.4975004196167,349600
2011-11-17 00:00:00+00:00,9.992500305175781,9.992500305175781,9.992500305175781,9.992500305175781,843600
2011-11-18 00:00:00+00:00,10.3125,10.3125,10.3125,10.3125,863600
2011-11-21 00:00:00+00:00,10.210000038146973,10.210000038146973,10.210000038146973,10.210000038146973,474800
2011-11-22 00:00:00+00:00,10.417499542236328,10.417499542236328,10.417499542236328,10.417499542236328,415600
2011-11-23 00:00:00+00:00,9.944999694824219,9.944999694824219,9.944999694824219,9.944999694824219,583600
2011-11-25 00:00:00+00:00,9.8125,9.8125,9.8125,9.8125,138400
2011-11-28 00:00:00+00:00,10.2524995803833,10.2524995803833,10.2524995803833,10.2524995803833,294000
2011-11-29 00:00:00+00:00,10.444999694824219,10.444999694824219,10.444999694824219,10.444999694824219,271600
2011-11-30 00:00:00+00:00,11.404999732971191,11.404999732971191,11.404999732971191,11.404999732971191,353600
2011-12-01 00:00:00+00:00,11.637499809265137,11.637499809265137,11.637499809265137,11.637499809265137,450400
2011-12-02 00:00:00+00:00,11.6899995803833,11.6899995803833,11.6899995803833,11.6899995803833,373600
2011-12-05 00:00:00+00:00,11.704999923706055,11.704999923706055,11.704999923706055,11.704999923706055,227600
2011-12-06 00:00:00+00:00,11.7524995803833,11.7524995803833,11.7524995803833,11.7524995803833,190800
2011-12-07 00:00:00+00:00,11.390000343322754,11.390000343322754,11.390000343322754,11.390000343322754,323600
2011-12-08 00:00:00+00:00,10.869999885559082,10.869999885559082,10.869999885559082,10.869999885559082,371200
2011-12-09 00:00:00+00:00,11.614999771118164,11.614999771118164,11.614999771118164,11.614999771118164,463200
2011-12-12 00:00:00+00:00,11.529999732971191,11.529999732971191,11.529999732971191,11.529999732971191,474000
2011-12-13 00:00:00+00:00,11.555000305175781,11.555000305175781,11.555000305175781,11.555000305175781,548400
2011-12-14 00:00:00+00:00,11.5600004196167,11.5600004196167,11.5600004196167,11.5600004196167,510000
2011-12-15 00:00:00+00:00,11.989999771118164,11.989999771118164,11.989999771118164,11.989999771118164,409200
2011-12-16 00:00:00+00:00,12.087499618530273,12.087499618530273,12.087499618530273,12.087499618530273,312400
2011-12-19 00:00:00+00:00,12.175000190734863,12.175000190734863,12.175000190734863,12.175000190734863,314000
2011-12-20 00:00:00+00:00,12.930000305175781,12.930000305175781,12.930000305175781,12.930000305175781,589600
2011-12-21 00:00:00+00:00,13.8100004196167,13.8100004196167,13.8100004196167,13.8100004196167,522800
2011-12-22 00:00:00+00:00,13.744999885559082,13.744999885559082,13.744999885559082,13.744999885559082,481200
2011-12-23 00:00:00+00:00,13.425000190734863,13.425000190734863,13.425000190734863,13.425000190734863,196400
2011-12-27 00:00:00+00:00,13.507499694824219,13.507499694824219,13.507499694824219,13.507499694824219,151200
2011-12-28 00:00:00+00:00,12.930000305175781,12.930000305175781,12.930000305175781,12.930000305175781,52000
2011-12-29 00:00:00+00:00,13.257499694824219,13.257499694824219,13.257499694824219,13.257499694824219,34000
2011-12-30 00:00:00+00:00,13.069999694824219,13.069999694824219,13.069999694824219,13.069999694824219,52800
2012-01-03 00:00:00+00:00,13.72249984741211,13.72249984741211,13.72249984741211,13.72249984741211,105200
2012-01-04 00:00:00+00:00,13.977499961853027,13.977499961853027,13.977499961853027,13.977499961853027,84800
2012-01-05 00:00:00+00:00,14.307499885559082,14.307499885559082,14.307499885559082,14.307499885559082,68800
2012-01-06 00:00:00+00:00,14.539999961853027,14.539999961853027,14.539999961853027,14.539999961853027,76800
2012-01-09 00:00:00+00:00,14.739999771118164,14.739999771118164,14.739999771118164,14.739999771118164,28400
2012-01-10 00:00:00+00:00,15.024999618530273,15.024999618530273,15.024999618530273,15.024999618530273,59200
2012-01-11 00:00:00+00:00,14.770000457763672,14.770000457763672,14.770000457763672,14.770000457763672,69600
2012-01-12 00:00:00+00:00,14.975000381469727,14.975000381469727,14.975000381469727,14.975000381469727,53200
2012-01-13 00:00:00+00:00,14.595000267028809,14.595000267028809,14.595000267028809,14.595000267028809,112400
2012-01-17 00:00:00+00:00,14.717499732971191,14.717499732971191,14.717499732971191,14.717499732971191,245600
2012-01-18 00:00:00+00:00,15.244999885559082,15.244999885559082,15.244999885559082,15.244999885559082,118000
2012-01-19 00:00:00+00:00,15.662500381469727,15.662500381469727,15.662500381469727,15.662500381469727,105200
2012-01-20 00:00:00+00:00,16.13249969482422,16.13249969482422,16.13249969482422,16.13249969482422,124000
2012-01-23 00:00:00+00:00,16.53499984741211,16.53499984741211,16.53499984741211,16.53499984741211,584800
2012-01-24 00:00:00+00:00,16.452499389648438,16.452499389648438,16.452499389648438,16.452499389648438,378800
2012-01-25 00:00:00+00:00,17.19499969482422,17.19499969482422,17.19499969482422,17.19499969482422,179200
2012-01-26 00:00:00+00:00,17.125,17.125,17.125,17.125,76800
2012-01-27 00:00:00+00:00,17.55500030517578,17.55500030517578,17.55500030517578,17.55500030517578,17200
2012-01-30 00:00:00+00:00,17.0,17.0,17.0,17.0,265600
2012-01-31 00:00:00+00:00,17.030000686645508,17.030000686645508,17.030000686645508,17.030000686645508,68800
2012-02-01 00:00:00+00:00,17.462499618530273,17.462499618530273,17.462499618530273,17.462499618530273,49200
2012-02-02 00:00:00+00:00,17.989999771118164,17.989999771118164,17.989999771118164,17.989999771118164,34400
2012-02-03 00:00:00+00:00,18.954999923706055,18.954999923706055,18.954999923706055,18.954999923706055,360400
2012-02-06 00:00:00+00:00,19.142499923706055,19.142499923706055,19.142499923706055,19.142499923706055,110800
2012-02-07 00:00:00+00:00,19.002500534057617,19.002500534057617,19.002500534057617,19.002500534057617,172800
2012-02-08 00:00:00+00:00,18.592500686645508,18.592500686645508,18.592500686645508,18.592500686645508,200000
2012-02-09 00:00:00+00:00,17.647499084472656,17.647499084472656,17.647499084472656,17.647499084472656,88400
2012-02-10 00:00:00+00:00,16.05500030517578,16.05500030517578,16.05500030517578,16.05500030517578,395600
2012-02-13 00:00:00+00:00,17.420000076293945,17.420000076293945,17.420000076293945,17.420000076293945,110400
2012-02-14 00:00:00+00:00,16.832500457763672,16.832500457763672,16.832500457763672,16.832500457763672,700400
2012-02-15 00:00:00+00:00,15.84749984741211,15.84749984741211,15.84749984741211,15.84749984741211,980800
2012-02-16 00:00:00+00:00,16.424999237060547,16.424999237060547,16.424999237060547,16.424999237060547,585200
2012-02-17 00:00:00+00:00,16.670000076293945,16.670000076293945,16.670000076293945,16.670000076293945,239200
2012-02-21 00:00:00+00:00,16.6825008392334,16.6825008392334,16.6825008392334,16.6825008392334,105200
2012-02-22 00:00:00+00:00,17.11750030517578,17.11750030517578,17.11750030517578,17.11750030517578,387200
2012-02-23 00:00:00+00:00,18.25,18.25,18.25,18.25,196000
2012-02-24 00:00:00+00:00,17.552499771118164,17.552499771118164,17.552499771118164,17.552499771118164,192000
2012-02-27 00:00:00+00:00,17.412500381469727,17.412500381469727,17.412500381469727,17.412500381469727,149600
2012-02-28 00:00:00+00:00,17.59000015258789,17.59000015258789,17.59000015258789,17.59000015258789,112400
2012-02-29 00:00:00+00:00,17.864999771118164,17.864999771118164,17.864999771118164,17.864999771118164,513600
2012-03-01 00:00:00+00:00,18.212499618530273,18.212499618530273,18.212499618530273,18.212499618530273,416000
2012-03-02 00:00:00+00:00,18.09000015258789,18.09000015258789,18.09000015258789,18.09000015258789,547200
2012-03-05 00:00:00+00:00,18.125,18.125,18.125,18.125,649200
2012-03-06 00:00:00+00:00,16.702499389648438,16.702499389648438,16.702499389648438,16.702499389648438,991200
2012-03-07 00:00:00+00:00,17.512500762939453,17.512500762939453,17.512500762939453,17.512500762939453,938000
2012-03-08 00:00:00+00:00,18.18000030517578,18.18000030517578,18.18000030517578,18.18000030517578,501200
2012-03-09 00:00:00+00:00,18.545000076293945,18.545000076293945,18.545000076293945,18.545000076293945,585200
2012-03-12 00:00:00+00:00,19.385000228881836,19.385000228881836,19.385000228881836,19.385000228881836,790400
2012-03-13 00:00:00+00:00,20.299999237060547,20.299999237060547,20.299999237060547,20.299999237060547,962400
2012-03-14 00:00:00+00:00,19.59749984741211,19.59749984741211,19.59749984741211,19.59749984741211,920800
2012-03-15 00:00:00+00:00,19.854999542236328,19.854999542236328,19.854999542236328,19.854999542236328,882000
2012-03-16 00:00:00+00:00,19.90999984741211,19.90999984741211,19.90999984741211,19.90999984741211,559200
2012-03-19 00:00:00+00:00,21.13249969482422,21.13249969482422,21.13249969482422,21.13249969482422,973600
2012-03-20 00:00:00+00:00,22.084999084472656,22.084999084472656,22.084999084472656,22.084999084472656,1360400
2012-03-21 00:00:00+00:00,23.149999618530273,23.149999618530273,23.149999618530273,23.149999618530273,506800
2012-03-22 00:00:00+00:00,22.834999084472656,22.834999084472656,22.834999084472656,22.834999084472656,1404400
2012-03-23 00:00:00+00:00,24.43000030517578,24.43000030517578,24.43000030517578,24.43000030517578,1141600
2012-03-26 00:00:00+00:00,26.752500534057617,26.752500534057617,26.752500534057617,26.752500534057617,1160800
2012-03-27 00:00:00+00:00,24.122499465942383,24.122499465942383,24.122499465942383,24.122499465942383,1340000
2012-03-28 00:00:00+00:00,23.8174991607666,23.8174991607666,23.8174991607666,23.8174991607666,1710400
2012-03-29 00:00:00+00:00,23.962499618530273,23.962499618530273,23.962499618530273,23.962499618530273,2267600
2012-03-30 00:00:00+00:00,24.532499313354492,24.532499313354492,24.532499313354492,24.532499313354492,1050400
2012-04-02 00:00:00+00:00,24.552499771118164,24.552499771118164,24.552499771118164,24.552499771118164,685200
2012-04-03 00:00:00+00:00,24.11750030517578,24.11750030517578,24.11750030517578,24.11750030517578,735200
2012-04-04 00:00:00+00:00,23.549999237060547,23.549999237060547,23.549999237060547,23.549999237060547,853200
2012-04-05 00:00:00+00:00,23.012500762939453,23.012500762939453,23.012500762939453,23.012500762939453,559600
2012-04-09 00:00:00+00:00,21.612499237060547,21.612499237060547,21.612499237060547,21.612499237060547,799600
2012-04-10 00:00:00+00:00,19.857500076293945,19.857500076293945,19.857500076293945,19.857500076293945,1550800
2012-04-11 00:00:00+00:00,20.352500915527344,20.352500915527344,20.352500915527344,20.352500915527344,1211200
2012-04-12 00:00:00+00:00,22.145000457763672,22.145000457763672,22.145000457763672,22.145000457763672,1084800
2012-04-13 00:00:00+00:00,20.774999618530273,20.774999618530273,20.774999618530273,20.774999618530273,1746800
2012-04-16 00:00:00+00:00,21.100000381469727,21.100000381469727,21.100000381469727,21.100000381469727,1183200
2012-04-17 00:00:00+00:00,22.25,22.25,22.25,22.25,1250800
2012-04-18 00:00:00+00:00,21.852500915527344,21.852500915527344,21.852500915527344,21.852500915527344,1011200
2012-04-19 00:00:00+00:00,21.690000534057617,21.690000534057617,21.690000534057617,21.690000534057617,1209200
2012-04-20 00:00:00+00:00,22.397499084472656,22.397499084472656,22.397499084472656,22.397499084472656,794000
2012-04-23 00:00:00+00:00,21.670000076293945,21.670000076293945,21.670000076293945,21.670000076293945,833200
2012-04-24 00:00:00+00:00,22.155000686645508,22.155000686645508,22.155000686645508,22.155000686645508,481200
2012-04-25 00:00:00+00:00,23.540000915527344,23.540000915527344,23.540000915527344,23.540000915527344,762000
2012-04-26 00:00:00+00:00,24.334999084472656,24.334999084472656,24.334999084472656,24.334999084472656,440000
2012-04-27 00:00:00+00:00,24.389999389648438,24.389999389648438,24.389999389648438,24.389999389648438,269600
2012-04-30 00:00:00+00:00,23.842500686645508,23.842500686645508,23.842500686645508,23.842500686645508,396000
2012-05-01 00:00:00+00:00,24.549999237060547,24.549999237060547,24.549999237060547,24.549999237060547,420800
2012-05-02 00:00:00+00:00,24.3700008392334,24.3700008392334,24.3700008392334,24.3700008392334,336000
2012-05-03 00:00:00+00:00,23.852500915527344,23.852500915527344,23.852500915527344,23.852500915527344,180000
2012-05-04 00:00:00+00:00,22.78499984741211,22.78499984741211,22.78499984741211,22.78499984741211,732400
2012-05-07 00:00:00+00:00,23.104999542236328,23.104999542236328,23.104999542236328,23.104999542236328,476000
2012-05-08 00:00:00+00:00,22.90999984741211,22.90999984741211,22.90999984741211,22.90999984741211,1066400
2012-05-09 00:00:00+00:00,22.0,22.0,22.0,22.0,1476800
2012-05-10 00:00:00+00:00,22.704999923706055,22.704999923706055,22.704999923706055,22.704999923706055,775600
2012-05-11 00:00:00+00:00,22.34000015258789,22.34000015258789,22.34000015258789,22.34000015258789,544000
2012-05-14 00:00:00+00:00,21.020000457763672,21.020000457763672,21.020000457763672,21.020000457763672,1149600
2012-05-15 00:00:00+00:00,20.0,20.0,20.0,20.0,1056000
2012-05-16 00:00:00+00:00,19.2549991607666,19.2549991607666,19.2549991607666,19.2549991607666,1092400
2012-05-17 00:00:00+00:00,18.329999923706055,18.329999923706055,18.329999923706055,18.329999923706055,832800
2012-05-18 00:00:00+00:00,17.100000381469727,17.100000381469727,17.100000381469727,17.100000381469727,1525200
2012-05-21 00:00:00+00:00,18.952499389648438,18.952499389648438,18.952499389648438,18.952499389648438,1548400
2012-05-22 00:00:00+00:00,18.190000534057617,18.190000534057617,18.190000534057617,18.190000534057617,2252400
2012-05-23 00:00:00+00:00,18.540000915527344,18.540000915527344,18.540000915527344,18.540000915527344,2640000
2012-05-24 00:00:00+00:00,18.375,18.375,18.375,18.375,1325600
2012-05-25 00:00:00+00:00,18.607500076293945,18.607500076293945,18.607500076293945,18.607500076293945,692800
2012-05-29 00:00:00+00:00,19.454999923706055,19.454999923706055,19.454999923706055,19.454999923706055,742400
2012-05-30 00:00:00+00:00,18.145000457763672,18.145000457763672,18.145000457763672,18.145000457763672,783200
2012-05-31 00:00:00+00:00,17.799999237060547,17.799999237060547,17.799999237060547,17.799999237060547,2833200
2012-06-01 00:00:00+00:00,16.327499389648438,16.327499389648438,16.327499389648438,16.327499389648438,2348000
2012-06-04 00:00:00+00:00,17.02750015258789,17.02750015258789,17.02750015258789,17.02750015258789,1874400
2012-06-05 00:00:00+00:00,17.350000381469727,17.350000381469727,17.350000381469727,17.350000381469727,1285600
2012-06-06 00:00:00+00:00,18.635000228881836,18.635000228881836,18.635000228881836,18.635000228881836,2108800
2012-06-07 00:00:00+00:00,18.827499389648438,18.827499389648438,18.827499389648438,18.827499389648438,1694400
2012-06-08 00:00:00+00:00,19.832500457763672,19.832500457763672,19.832500457763672,19.832500457763672,1412800
2012-06-11 00:00:00+00:00,18.110000610351562,18.110000610351562,18.110000610351562,18.110000610351562,2187200
2012-06-12 00:00:00+00:00,18.34000015258789,18.34000015258789,18.34000015258789,18.34000015258789,2156000
2012-06-13 00:00:00+00:00,17.38249969482422,17.38249969482422,17.38249969482422,17.38249969482422,1694000
2012-06-14 00:00:00+00:00,18.497499465942383,18.497499465942383,18.497499465942383,18.497499465942383,2153600
2012-06-15 00:00:00+00:00,19.229999542236328,19.229999542236328,19.229999542236328,19.229999542236328,1340800
2012-06-18 00:00:00+00:00,20.86750030517578,20.86750030517578,20.86750030517578,20.86750030517578,2260000
2012-06-19 00:00:00+00:00,21.239999771118164,21.239999771118164,21.239999771118164,21.239999771118164,1370800
2012-06-20 00:00:00+00:00,22.122499465942383,22.122499465942383,22.122499465942383,22.122499465942383,1962400
2012-06-21 00:00:00+00:00,19.459999084472656,19.459999084472656,19.459999084472656,19.459999084472656,1605600
2012-06-22 00:00:00+00:00,21.520000457763672,21.520000457763672,21.520000457763672,21.520000457763672,1264800
2012-06-25 00:00:00+00:00,19.9325008392334,19.9325008392334,19.9325008392334,19.9325008392334,2128400
2012-06-26 00:00:00+00:00,20.579999923706055,20.579999923706055,20.579999923706055,20.579999923706055,1910400
2012-06-27 00:00:00+00:00,20.389999389648438,20.389999389648438,20.389999389648438,20.389999389648438,1296000
2012-06-28 00:00:00+00:00,21.03499984741211,21.03499984741211,21.03499984741211,21.03499984741211,1249200
2012-06-29 00:00:00+00:00,22.457500457763672,22.457500457763672,22.457500457763672,22.457500457763672,2064000
2012-07-02 00:00:00+00:00,23.877500534057617,23.877500534057617,23.877500534057617,23.877500534057617,1253600
2012-07-03 00:00:00+00:00,24.357500076293945,24.357500076293945,24.357500076293945,24.357500076293945,744000
2012-07-05 00:00:00+00:00,23.459999084472656,23.459999084472656,23.459999084472656,23.459999084472656,1050000
2012-07-06 00:00:00+00:00,23.622499465942383,23.622499465942383,23.622499465942383,23.622499465942383,951200
2012-07-09 00:00:00+00:00,23.860000610351562,23.860000610351562,23.860000610351562,23.860000610351562,889600
2012-07-10 00:00:00+00:00,23.197500228881836,23.197500228881836,23.197500228881836,23.197500228881836,1168800
2012-07-11 00:00:00+00:00,23.887500762939453,23.887500762939453,23.887500762939453,23.887500762939453,937600
2012-07-12 00:00:00+00:00,23.657499313354492,23.657499313354492,23.657499313354492,23.657499313354492,1380000
2012-07-13 00:00:00+00:00,25.042499542236328,25.042499542236328,25.042499542236328,25.042499542236328,1507200
2012-07-16 00:00:00+00:00,25.322500228881836,25.322500228881836,25.322500228881836,25.322500228881836,1158800
2012-07-17 00:00:00+00:00,26.229999542236328,26.229999542236328,26.229999542236328,26.229999542236328,1881200
2012-07-18 00:00:00+00:00,25.947500228881836,25.947500228881836,25.947500228881836,25.947500228881836,1340000
2012-07-19 00:00:00+00:00,26.537500381469727,26.537500381469727,26.537500381469727,26.537500381469727,636000
2012-07-20 00:00:00+00:00,25.125,25.125,25.125,25.125,905200
2012-07-23 00:00:00+00:00,23.372499465942383,23.372499465942383,23.372499465942383,23.372499465942383,945600
2012-07-24 00:00:00+00:00,22.485000610351562,22.485000610351562,22.485000610351562,22.485000610351562,1174400
2012-07-25 00:00:00+00:00,22.707500457763672,22.707500457763672,22.707500457763672,22.707500457763672,1401600
2012-07-26 00:00:00+00:00,24.469999313354492,24.469999313354492,24.469999313354492,24.469999313354492,1227600
2012-07-27 00:00:00+00:00,25.065000534057617,25.065000534057617,25.065000534057617,25.065000534057617,980000
2012-07-30 00:00:00+00:00,24.542499542236328,24.542499542236328,24.542499542236328,24.542499542236328,1150800
2012-07-31 00:00:00+00:00,23.815000534057617,23.815000534057617,23.815000534057617,23.815000534057617,793200
2012-08-01 00:00:00+00:00,24.329999923706055,24.329999923706055,24.329999923706055,24.329999923706055,1726400
2012-08-02 00:00:00+00:00,24.875,24.875,24.875,24.875,1573600
2012-08-03 00:00:00+00:00,26.614999771118164,26.614999771118164,26.614999771118164,26.614999771118164,1267200
2012-08-06 00:00:00+00:00,27.22249984741211,27.22249984741211,27.22249984741211,27.22249984741211,786400
2012-08-07 00:00:00+00:00,26.424999237060547,26.424999237060547,26.424999237060547,26.424999237060547,904000
2012-08-08 00:00:00+00:00,27.502500534057617,27.502500534057617,27.502500534057617,27.502500534057617,588400
2012-08-09 00:00:00+00:00,27.612499237060547,27.612499237060547,27.612499237060547,27.612499237060547,619200
2012-08-10 00:00:00+00:00,28.104999542236328,28.104999542236328,28.104999542236328,28.104999542236328,899600
2012-08-13 00:00:00+00:00,28.872499465942383,28.872499465942383,28.872499465942383,28.872499465942383,2440800
2012-08-14 00:00:00+00:00,27.3799991607666,27.3799991607666,27.3799991607666,27.3799991607666,934800
2012-08-15 00:00:00+00:00,27.385000228881836,27.385000228881836,27.385000228881836,27.385000228881836,346800
2012-08-16 00:00:00+00:00,27.9325008392334,27.9325008392334,27.9325008392334,27.9325008392334,269200
2012-08-17 00:00:00+00:00,28.674999237060547,28.674999237060547,28.674999237060547,28.674999237060547,546000
2012-08-20 00:00:00+00:00,28.697500228881836,28.697500228881836,28.697500228881836,28.697500228881836,575200
2012-08-21 00:00:00+00:00,27.920000076293945,27.920000076293945,27.920000076293945,27.920000076293945,812400
2012-08-22 00:00:00+00:00,27.71500015258789,27.71500015258789,27.71500015258789,27.71500015258789,684800
2012-08-23 00:00:00+00:00,27.137500762939453,27.137500762939453,27.137500762939453,27.137500762939453,734000
2012-08-24 00:00:00+00:00,28.217500686645508,28.217500686645508,28.217500686645508,28.217500686645508,723200
2012-08-27 00:00:00+00:00,28.0575008392334,28.0575008392334,28.0575008392334,28.0575008392334,524800
2012-08-28 00:00:00+00:00,27.530000686645508,27.530000686645508,27.530000686645508,27.530000686645508,457600
2012-08-29 00:00:00+00:00,27.395000457763672,27.395000457763672,27.395000457763672,27.395000457763672,828000
2012-08-30 00:00:00+00:00,26.829999923706055,26.829999923706055,26.829999923706055,26.829999923706055,746400
2012-08-31 00:00:00+00:00,27.63249969482422,27.63249969482422,27.63249969482422,27.63249969482422,692800
2012-09-04 00:00:00+00:00,27.917499542236328,27.917499542236328,27.917499542236328,27.917499542236328,716400
2012-09-05 00:00:00+00:00,28.61750030517578,28.61750030517578,28.61750030517578,28.61750030517578,198400
2012-09-06 00:00:00+00:00,31.645000457763672,31.645000457763672,31.645000457763672,31.645000457763672,1185600
2012-09-07 00:00:00+00:00,33.43000030517578,33.43000030517578,33.43000030517578,33.43000030517578,1166400
2012-09-10 00:00:00+00:00,31.52750015258789,31.52750015258789,31.52750015258789,31.52750015258789,1366400
2012-09-11 00:00:00+00:00,31.670000076293945,31.670000076293945,31.670000076293945,31.670000076293945,1133200
2012-09-12 00:00:00+00:00,32.5,32.5,32.5,32.5,885600
2012-09-13 00:00:00+00:00,34.86000061035156,34.86000061035156,34.86000061035156,34.86000061035156,1394400
2012-09-14 00:00:00+00:00,33.665000915527344,33.665000915527344,33.665000915527344,33.665000915527344,1512800
2012-09-17 00:00:00+00:00,33.837501525878906,33.837501525878906,33.837501525878906,33.837501525878906,964800
2012-09-18 00:00:00+00:00,34.724998474121094,34.724998474121094,34.724998474121094,34.724998474121094,1108400
2012-09-19 00:00:00+00:00,34.78499984741211,34.78499984741211,34.78499984741211,34.78499984741211,1285200
2012-09-20 00:00:00+00:00,35.130001068115234,35.130001068115234,35.130001068115234,35.130001068115234,1542400
2012-09-21 00:00:00+00:00,35.342498779296875,35.342498779296875,35.342498779296875,35.342498779296875,1449200
2012-09-24 00:00:00+00:00,35.817501068115234,35.817501068115234,35.817501068115234,35.817501068115234,1426400
2012-09-25 00:00:00+00:00,33.13999938964844,33.13999938964844,33.13999938964844,33.13999938964844,1754800
2012-09-26 00:00:00+00:00,31.815000534057617,31.815000534057617,31.815000534057617,31.815000534057617,1484000
2012-09-27 00:00:00+00:00,34.73749923706055,34.73749923706055,34.73749923706055,34.73749923706055,1689200
2012-09-28 00:00:00+00:00,33.685001373291016,33.685001373291016,33.685001373291016,33.685001373291016,1663200
2012-10-01 00:00:00+00:00,33.3650016784668,33.3650016784668,33.3650016784668,33.3650016784668,1534800
2012-10-02 00:00:00+00:00,34.032501220703125,34.032501220703125,34.032501220703125,34.032501220703125,858000
2012-10-03 00:00:00+00:00,34.157501220703125,34.157501220703125,34.157501220703125,34.157501220703125,908800
2012-10-04 00:00:00+00:00,34.974998474121094,34.974998474121094,34.974998474121094,34.974998474121094,3480000
2012-10-05 00:00:00+00:00,35.435001373291016,35.435001373291016,35.435001373291016,35.435001373291016,1232000
2012-10-08 00:00:00+00:00,35.040000915527344,35.040000915527344,35.040000915527344,35.040000915527344,390400
2012-10-09 00:00:00+00:00,33.51499938964844,33.51499938964844,33.51499938964844,33.51499938964844,748600
2012-10-10 00:00:00+00:00,33.89500045776367,33.89500045776367,33.89500045776367,33.89500045776367,640800
2012-10-11 00:00:00+00:00,34.220001220703125,34.220001220703125,34.220001220703125,34.220001220703125,502400
2012-10-12 00:00:00+00:00,34.0,34.0,34.0,34.0,698800
2012-10-15 00:00:00+00:00,35.15999984741211,35.15999984741211,35.15999984741211,35.15999984741211,859600
2012-10-16 00:00:00+00:00,35.94499969482422,35.94499969482422,35.94499969482422,35.94499969482422,686400
2012-10-17 00:00:00+00:00,36.42499923706055,36.42499923706055,36.42499923706055,36.42499923706055,804200
2012-10-18 00:00:00+00:00,36.474998474121094,36.474998474121094,36.474998474121094,36.474998474121094,918800
2012-10-19 00:00:00+00:00,34.18000030517578,34.18000030517578,34.18000030517578,34.18000030517578,1822200
2012-10-22 00:00:00+00:00,34.619998931884766,34.619998931884766,34.619998931884766,34.619998931884766,1035800
2012-10-23 00:00:00+00:00,31.84000015258789,31.84000015258789,31.84000015258789,31.84000015258789,1109400
2012-10-24 00:00:00+00:00,31.56999969482422,31.56999969482422,31.56999969482422,31.56999969482422,969000
2012-10-25 00:00:00+00:00,32.3849983215332,32.3849983215332,32.3849983215332,32.3849983215332,692000
2012-10-26 00:00:00+00:00,32.470001220703125,32.470001220703125,32.470001220703125,32.470001220703125,692600
2012-10-31 00:00:00+00:00,31.774999618530273,31.774999618530273,31.774999618530273,31.774999618530273,669600
2012-11-01 00:00:00+00:00,34.34000015258789,34.34000015258789,34.34000015258789,34.34000015258789,831800
2012-11-02 00:00:00+00:00,33.439998626708984,33.439998626708984,33.439998626708984,33.439998626708984,803600
2012-11-05 00:00:00+00:00,32.79499816894531,32.79499816894531,32.79499816894531,32.79499816894531,902600
2012-11-06 00:00:00+00:00,33.93000030517578,33.93000030517578,33.93000030517578,33.93000030517578,838800
2012-11-07 00:00:00+00:00,31.229999542236328,31.229999542236328,31.229999542236328,31.229999542236328,1697400
2012-11-08 00:00:00+00:00,30.96500015258789,30.96500015258789,30.96500015258789,30.96500015258789,1574400
2012-11-09 00:00:00+00:00,30.985000610351562,30.985000610351562,30.985000610351562,30.985000610351562,1253600
2012-11-12 00:00:00+00:00,32.98500061035156,32.98500061035156,32.98500061035156,32.98500061035156,904800
2012-11-13 00:00:00+00:00,32.915000915527344,32.915000915527344,32.915000915527344,32.915000915527344,1048600
2012-11-14 00:00:00+00:00,31.799999237060547,31.799999237060547,31.799999237060547,31.799999237060547,1123600
2012-11-15 00:00:00+00:00,31.454999923706055,31.454999923706055,31.454999923706055,31.454999923706055,1178000
2012-11-16 00:00:00+00:00,32.90999984741211,32.90999984741211,32.90999984741211,32.90999984741211,1456600
2012-11-19 00:00:00+00:00,35.72999954223633,35.72999954223633,35.72999954223633,35.72999954223633,1266000
2012-11-20 00:00:00+00:00,36.310001373291016,36.310001373291016,36.310001373291016,36.310001373291016,1072800
2012-11-21 00:00:00+00:00,36.06999969482422,36.06999969482422,36.06999969482422,36.06999969482422,815000
2012-11-23 00:00:00+00:00,37.64500045776367,37.64500045776367,37.64500045776367,37.64500045776367,531000
2012-11-26 00:00:00+00:00,37.95500183105469,37.95500183105469,37.95500183105469,37.95500183105469,961000
2012-11-27 00:00:00+00:00,37.1150016784668,37.1150016784668,37.1150016784668,37.1150016784668,819000
2012-11-28 00:00:00+00:00,38.125,38.125,38.125,38.125,1016600
2012-11-29 00:00:00+00:00,38.63999938964844,38.63999938964844,38.63999938964844,38.63999938964844,555800
2012-11-30 00:00:00+00:00,37.8849983215332,37.8849983215332,37.8849983215332,37.8849983215332,718800
2012-12-03 00:00:00+00:00,37.18000030517578,37.18000030517578,37.18000030517578,37.18000030517578,683800
2012-12-04 00:00:00+00:00,36.47999954223633,36.47999954223633,36.47999954223633,36.47999954223633,733800
2012-12-05 00:00:00+00:00,37.084999084472656,37.084999084472656,37.084999084472656,37.084999084472656,752200
2012-12-06 00:00:00+00:00,36.654998779296875,36.654998779296875,36.654998779296875,36.654998779296875,540600
2012-12-07 00:00:00+00:00,37.915000915527344,37.915000915527344,37.915000915527344,37.915000915527344,546200
2012-12-10 00:00:00+00:00,37.45500183105469,37.45500183105469,37.45500183105469,37.45500183105469,322800
2012-12-11 00:00:00+00:00,38.685001373291016,38.685001373291016,38.685001373291016,38.685001373291016,574600
2012-12-12 00:00:00+00:00,37.724998474121094,37.724998474121094,37.724998474121094,37.724998474121094,617200
2012-12-13 00:00:00+00:00,37.005001068115234,37.005001068115234,37.005001068115234,37.005001068115234,710200
2012-12-14 00:00:00+00:00,36.7599983215332,36.7599983215332,36.7599983215332,36.7599983215332,576200
2012-12-17 00:00:00+00:00,38.0,38.0,38.0,38.0,623400
2012-12-18 00:00:00+00:00,39.41999816894531,39.41999816894531,39.41999816894531,39.41999816894531,1196800
2012-12-19 00:00:00+00:00,37.08000183105469,37.08000183105469,37.08000183105469,37.08000183105469,1669800
2012-12-20 00:00:00+00:00,36.224998474121094,36.224998474121094,36.224998474121094,36.224998474121094,1114200
2012-12-21 00:00:00+00:00,33.849998474121094,33.849998474121094,33.849998474121094,33.849998474121094,2003600
2012-12-24 00:00:00+00:00,34.474998474121094,34.474998474121094,34.474998474121094,34.474998474121094,492400
2012-12-26 00:00:00+00:00,32.625,32.625,32.625,32.625,1141600
2012-12-27 00:00:00+00:00,32.60499954223633,32.60499954223633,32.60499954223633,32.60499954223633,2332400
2012-12-28 00:00:00+00:00,30.924999237060547,30.924999237060547,30.924999237060547,30.924999237060547,1466200
2012-12-31 00:00:00+00:00,32.724998474121094,32.724998474121094,32.724998474121094,32.724998474121094,3365600
2013-01-02 00:00:00+00:00,36.72999954223633,36.72999954223633,36.72999954223633,36.72999954223633,2346800
2013-01-03 00:00:00+00:00,36.42499923706055,36.42499923706055,36.42499923706055,36.42499923706055,1174400
2013-01-04 00:00:00+00:00,37.165000915527344,37.165000915527344,37.165000915527344,37.165000915527344,685400
2013-01-07 00:00:00+00:00,37.150001525878906,37.150001525878906,37.150001525878906,37.150001525878906,518800
2013-01-08 00:00:00+00:00,37.57500076293945,37.57500076293945,37.57500076293945,37.57500076293945,723600
2013-01-09 00:00:00+00:00,37.52000045776367,37.52000045776367,37.52000045776367,37.52000045776367,849400
2013-01-10 00:00:00+00:00,38.45500183105469,38.45500183105469,38.45500183105469,38.45500183105469,799000
2013-01-11 00:00:00+00:00,38.56999969482422,38.56999969482422,38.56999969482422,38.56999969482422,724400
2013-01-14 00:00:00+00:00,39.2400016784668,39.2400016784668,39.2400016784668,39.2400016784668,865000
2013-01-15 00:00:00+00:00,39.224998474121094,39.224998474121094,39.224998474121094,39.224998474121094,772800
2013-01-16 00:00:00+00:00,40.10499954223633,40.10499954223633,40.10499954223633,40.10499954223633,1603200
2013-01-17 00:00:00+00:00,39.81999969482422,39.81999969482422,39.81999969482422,39.81999969482422,1115000
2013-01-18 00:00:00+00:00,42.31999969482422,42.31999969482422,42.31999969482422,42.31999969482422,1636400
2013-01-22 00:00:00+00:00,43.61000061035156,43.61000061035156,43.61000061035156,43.61000061035156,1348800
2013-01-23 00:00:00+00:00,44.744998931884766,44.744998931884766,44.744998931884766,44.744998931884766,2026400
2013-01-24 00:00:00+00:00,44.47999954223633,44.47999954223633,44.47999954223633,44.47999954223633,1730600
2013-01-25 00:00:00+00:00,44.13999938964844,44.13999938964844,44.13999938964844,44.13999938964844,1150200
2013-01-28 00:00:00+00:00,42.900001525878906,42.900001525878906,42.900001525878906,42.900001525878906,893600
2013-01-29 00:00:00+00:00,44.255001068115234,44.255001068115234,44.255001068115234,44.255001068115234,1081600
2013-01-30 00:00:00+00:00,41.470001220703125,41.470001220703125,41.470001220703125,41.470001220703125,1445200
2013-01-31 00:00:00+00:00,41.279998779296875,41.279998779296875,41.279998779296875,41.279998779296875,1139200
2013-02-01 00:00:00+00:00,43.3650016784668,43.3650016784668,43.3650016784668,43.3650016784668,1520600
2013-02-04 00:00:00+00:00,40.540000915527344,40.540000915527344,40.540000915527344,40.540000915527344,1525000
2013-02-05 00:00:00+00:00,42.29999923706055,42.29999923706055,42.29999923706055,42.29999923706055,1209800
2013-02-06 00:00:00+00:00,42.494998931884766,42.494998931884766,42.494998931884766,42.494998931884766,1155200
2013-02-07 00:00:00+00:00,42.64500045776367,42.64500045776367,42.64500045776367,42.64500045776367,1656800
2013-02-08 00:00:00+00:00,43.46500015258789,43.46500015258789,43.46500015258789,43.46500015258789,1003200
2013-02-11 00:00:00+00:00,44.07500076293945,44.07500076293945,44.07500076293945,44.07500076293945,900600
2013-02-12 00:00:00+00:00,44.650001525878906,44.650001525878906,44.650001525878906,44.650001525878906,1012200
2013-02-13 00:00:00+00:00,44.4900016784668,44.4900016784668,44.4900016784668,44.4900016784668,1276400
2013-02-14 00:00:00+00:00,45.1150016784668,45.1150016784668,45.1150016784668,45.1150016784668,1029800
2013-02-15 00:00:00+00:00,45.46500015258789,45.46500015258789,45.46500015258789,45.46500015258789,1279800
2013-02-19 00:00:00+00:00,47.369998931884766,47.369998931884766,47.369998931884766,47.369998931884766,1065200
2013-02-20 00:00:00+00:00,42.755001068115234,42.755001068115234,42.755001068115234,42.755001068115234,1381800
2013-02-21 00:00:00+00:00,42.36000061035156,42.36000061035156,42.36000061035156,42.36000061035156,1502200
2013-02-22 00:00:00+00:00,43.790000915527344,43.790000915527344,43.790000915527344,43.790000915527344,924600
2013-02-25 00:00:00+00:00,37.66999816894531,37.66999816894531,37.66999816894531,37.66999816894531,3373000
2013-02-26 00:00:00+00:00,38.310001373291016,38.310001373291016,38.310001373291016,38.310001373291016,2844000
2013-02-27 00:00:00+00:00,40.755001068115234,40.755001068115234,40.755001068115234,40.755001068115234,2667200
2013-02-28 00:00:00+00:00,39.560001373291016,39.560001373291016,39.560001373291016,39.560001373291016,2406400
2013-03-01 00:00:00+00:00,38.95000076293945,38.95000076293945,38.95000076293945,38.95000076293945,3054000
2013-03-04 00:00:00+00:00,40.96500015258789,40.96500015258789,40.96500015258789,40.96500015258789,2298000
2013-03-05 00:00:00+00:00,42.28499984741211,42.28499984741211,42.28499984741211,42.28499984741211,2020400
2013-03-06 00:00:00+00:00,42.02000045776367,42.02000045776367,42.02000045776367,42.02000045776367,1689200
2013-03-07 00:00:00+00:00,42.90999984741211,42.90999984741211,42.90999984741211,42.90999984741211,1248400
2013-03-08 00:00:00+00:00,43.474998474121094,43.474998474121094,43.474998474121094,43.474998474121094,1799800
2013-03-11 00:00:00+00:00,45.29499816894531,45.29499816894531,45.29499816894531,45.29499816894531,2021000
2013-03-12 00:00:00+00:00,44.494998931884766,44.494998931884766,44.494998931884766,44.494998931884766,2534800
2013-03-13 00:00:00+00:00,44.744998931884766,44.744998931884766,44.744998931884766,44.744998931884766,1262800
2013-03-14 00:00:00+00:00,45.584999084472656,45.584999084472656,45.584999084472656,45.584999084472656,974600
2013-03-15 00:00:00+00:00,45.625,45.625,45.625,45.625,979000
2013-03-18 00:00:00+00:00,43.26499938964844,43.26499938964844,43.26499938964844,43.26499938964844,2070000
2013-03-19 00:00:00+00:00,43.07500076293945,43.07500076293945,43.07500076293945,43.07500076293945,2964000
2013-03-20 00:00:00+00:00,45.505001068115234,45.505001068115234,45.505001068115234,45.505001068115234,1962400
2013-03-21 00:00:00+00:00,44.13999938964844,44.13999938964844,44.13999938964844,44.13999938964844,1601600
2013-03-22 00:00:00+00:00,44.28499984741211,44.28499984741211,44.28499984741211,44.28499984741211,1187800
2013-03-25 00:00:00+00:00,44.69499969482422,44.69499969482422,44.69499969482422,44.69499969482422,1970600
2013-03-26 00:00:00+00:00,45.9900016784668,45.9900016784668,45.9900016784668,45.9900016784668,1142000
2013-03-27 00:00:00+00:00,45.630001068115234,45.630001068115234,45.630001068115234,45.630001068115234,1470400
2013-03-28 00:00:00+00:00,45.540000915527344,45.540000915527344,45.540000915527344,45.540000915527344,877400
2013-04-01 00:00:00+00:00,45.59000015258789,45.59000015258789,45.59000015258789,45.59000015258789,1031200
2013-04-02 00:00:00+00:00,47.029998779296875,47.029998779296875,47.029998779296875,47.029998779296875,1170200
2013-04-03 00:00:00+00:00,45.30500030517578,45.30500030517578,45.30500030517578,45.30500030517578,1505400
2013-04-04 00:00:00+00:00,46.07500076293945,46.07500076293945,46.07500076293945,46.07500076293945,1217000
2013-04-05 00:00:00+00:00,45.89500045776367,45.89500045776367,45.89500045776367,45.89500045776367,1908400
2013-04-08 00:00:00+00:00,47.05500030517578,47.05500030517578,47.05500030517578,47.05500030517578,997200
2013-04-09 00:00:00+00:00,47.709999084472656,47.709999084472656,47.709999084472656,47.709999084472656,1213600
2013-04-10 00:00:00+00:00,48.904998779296875,48.904998779296875,48.904998779296875,48.904998779296875,1289800
2013-04-11 00:00:00+00:00,49.17499923706055,49.17499923706055,49.17499923706055,49.17499923706055,1076200
2013-04-12 00:00:00+00:00,50.04999923706055,50.04999923706055,50.04999923706055,50.04999923706055,993400
2013-04-15 00:00:00+00:00,44.25,44.25,44.25,44.25,4045400
2013-04-16 00:00:00+00:00,46.224998474121094,46.224998474121094,46.224998474121094,46.224998474121094,2141400
2013-04-17 00:00:00+00:00,41.220001220703125,41.220001220703125,41.220001220703125,41.220001220703125,4618200
2013-04-18 00:00:00+00:00,39.10499954223633,39.10499954223633,39.10499954223633,39.10499954223633,2955600
2013-04-19 00:00:00+00:00,41.685001373291016,41.685001373291016,41.685001373291016,41.685001373291016,2258400
2013-04-22 00:00:00+00:00,42.81999969482422,42.81999969482422,42.81999969482422,42.81999969482422,1856200
2013-04-23 00:00:00+00:00,44.89500045776367,44.89500045776367,44.89500045776367,44.89500045776367,2128400
2013-04-24 00:00:00+00:00,44.8650016784668,44.8650016784668,44.8650016784668,44.8650016784668,1058400
2013-04-25 00:00:00+00:00,44.33000183105469,44.33000183105469,44.33000183105469,44.33000183105469,653200
2013-04-26 00:00:00+00:00,44.29499816894531,44.29499816894531,44.29499816894531,44.29499816894531,915800
2013-04-29 00:00:00+00:00,44.53499984741211,44.53499984741211,44.53499984741211,44.53499984741211,646200
2013-04-30 00:00:00+00:00,44.9900016784668,44.9900016784668,44.9900016784668,44.9900016784668,1007600
2013-05-01 00:00:00+00:00,43.02000045776367,43.02000045776367,43.02000045776367,43.02000045776367,1178400
2013-05-02 00:00:00+00:00,44.56999969482422,44.56999969482422,44.56999969482422,44.56999969482422,968000
2013-05-03 00:00:00+00:00,45.525001525878906,45.525001525878906,45.525001525878906,45.525001525878906,970600
2013-05-06 00:00:00+00:00,46.28499984741211,46.28499984741211,46.28499984741211,46.28499984741211,1024200
2013-05-07 00:00:00+00:00,46.650001525878906,46.650001525878906,46.650001525878906,46.650001525878906,1007000
2013-05-08 00:00:00+00:00,46.39500045776367,46.39500045776367,46.39500045776367,46.39500045776367,960000
2013-05-09 00:00:00+00:00,45.5099983215332,45.5099983215332,45.5099983215332,45.5099983215332,1545000
2013-05-10 00:00:00+00:00,45.935001373291016,45.935001373291016,45.935001373291016,45.935001373291016,1232000
2013-05-13 00:00:00+00:00,46.28499984741211,46.28499984741211,46.28499984741211,46.28499984741211,887000
2013-05-14 00:00:00+00:00,46.6349983215332,46.6349983215332,46.6349983215332,46.6349983215332,984000
2013-05-15 00:00:00+00:00,46.314998626708984,46.314998626708984,46.314998626708984,46.314998626708984,1270000
2013-05-16 00:00:00+00:00,45.814998626708984,45.814998626708984,45.814998626708984,45.814998626708984,1262000
2013-05-17 00:00:00+00:00,47.029998779296875,47.029998779296875,47.029998779296875,47.029998779296875,1238600
2013-05-20 00:00:00+00:00,46.38999938964844,46.38999938964844,46.38999938964844,46.38999938964844,1063000
2013-05-21 00:00:00+00:00,46.05500030517578,46.05500030517578,46.05500030517578,46.05500030517578,1382600
2013-05-22 00:00:00+00:00,45.525001525878906,45.525001525878906,45.525001525878906,45.525001525878906,2234200
2013-05-23 00:00:00+00:00,45.095001220703125,45.095001220703125,45.095001220703125,45.095001220703125,1855000
2013-05-24 00:00:00+00:00,45.13999938964844,45.13999938964844,45.13999938964844,45.13999938964844,1115000
2013-05-28 00:00:00+00:00,46.39500045776367,46.39500045776367,46.39500045776367,46.39500045776367,1530400
2013-05-29 00:00:00+00:00,45.70500183105469,45.70500183105469,45.70500183105469,45.70500183105469,1719000
2013-05-30 00:00:00+00:00,45.75,45.75,45.75,45.75,1193200
2013-05-31 00:00:00+00:00,44.04999923706055,44.04999923706055,44.04999923706055,44.04999923706055,1874000
2013-06-03 00:00:00+00:00,44.224998474121094,44.224998474121094,44.224998474121094,44.224998474121094,3357800
2013-06-04 00:00:00+00:00,43.744998931884766,43.744998931884766,43.744998931884766,43.744998931884766,2788600
2013-06-05 00:00:00+00:00,41.775001525878906,41.775001525878906,41.775001525878906,41.775001525878906,4470800
2013-06-06 00:00:00+00:00,42.255001068115234,42.255001068115234,42.255001068115234,42.255001068115234,3537000
2013-06-07 00:00:00+00:00,44.275001525878906,44.275001525878906,44.275001525878906,44.275001525878906,2597000
2013-06-10 00:00:00+00:00,44.744998931884766,44.744998931884766,44.744998931884766,44.744998931884766,1802200
2013-06-11 00:00:00+00:00,41.845001220703125,41.845001220703125,41.845001220703125,41.845001220703125,2882600
2013-06-12 00:00:00+00:00,39.34000015258789,39.34000015258789,39.34000015258789,39.34000015258789,4799000
2013-06-13 00:00:00+00:00,41.209999084472656,41.209999084472656,41.209999084472656,41.209999084472656,3555200
2013-06-14 00:00:00+00:00,40.150001525878906,40.150001525878906,40.150001525878906,40.150001525878906,3569400
2013-06-17 00:00:00+00:00,40.744998931884766,40.744998931884766,40.744998931884766,40.744998931884766,2239800
2013-06-18 00:00:00+00:00,41.380001068115234,41.380001068115234,41.380001068115234,41.380001068115234,1654600
2013-06-19 00:00:00+00:00,41.26499938964844,41.26499938964844,41.26499938964844,41.26499938964844,3895600
2013-06-20 00:00:00+00:00,36.69499969482422,36.69499969482422,36.69499969482422,36.69499969482422,7203200
2013-06-21 00:00:00+00:00,37.915000915527344,37.915000915527344,37.915000915527344,37.915000915527344,3825400
2013-06-24 00:00:00+00:00,35.73500061035156,35.73500061035156,35.73500061035156,35.73500061035156,4688800
2013-06-25 00:00:00+00:00,36.65999984741211,36.65999984741211,36.65999984741211,36.65999984741211,4098400
2013-06-26 00:00:00+00:00,37.525001525878906,37.525001525878906,37.525001525878906,37.525001525878906,1463000
2013-06-27 00:00:00+00:00,39.01499938964844,39.01499938964844,39.01499938964844,39.01499938964844,1868000
2013-06-28 00:00:00+00:00,39.224998474121094,39.224998474121094,39.224998474121094,39.224998474121094,2066400
2013-07-01 00:00:00+00:00,40.525001525878906,40.525001525878906,40.525001525878906,40.525001525878906,1596000
2013-07-02 00:00:00+00:00,39.834999084472656,39.834999084472656,39.834999084472656,39.834999084472656,2061400
2013-07-03 00:00:00+00:00,40.43000030517578,40.43000030517578,40.43000030517578,40.43000030517578,855400
2013-07-05 00:00:00+00:00,42.505001068115234,42.505001068115234,42.505001068115234,42.505001068115234,1608800
2013-07-08 00:00:00+00:00,44.29999923706055,44.29999923706055,44.29999923706055,44.29999923706055,2369600
2013-07-09 00:00:00+00:00,45.255001068115234,45.255001068115234,45.255001068115234,45.255001068115234,1811200
2013-07-10 00:00:00+00:00,45.66999816894531,45.66999816894531,45.66999816894531,45.66999816894531,1598800
2013-07-11 00:00:00+00:00,46.974998474121094,46.974998474121094,46.974998474121094,46.974998474121094,1123800
2013-07-12 00:00:00+00:00,46.505001068115234,46.505001068115234,46.505001068115234,46.505001068115234,1385400
2013-07-15 00:00:00+00:00,47.48500061035156,47.48500061035156,47.48500061035156,47.48500061035156,1337600
2013-07-16 00:00:00+00:00,46.189998626708984,46.189998626708984,46.189998626708984,46.189998626708984,1902200
2013-07-17 00:00:00+00:00,47.720001220703125,47.720001220703125,47.720001220703125,47.720001220703125,1417400
2013-07-18 00:00:00+00:00,48.5099983215332,48.5099983215332,48.5099983215332,48.5099983215332,1089600
2013-07-19 00:00:00+00:00,49.54499816894531,49.54499816894531,49.54499816894531,49.54499816894531,1073200
2013-07-22 00:00:00+00:00,50.709999084472656,50.709999084472656,50.709999084472656,50.709999084472656,917400
2013-07-23 00:00:00+00:00,50.935001373291016,50.935001373291016,50.935001373291016,50.935001373291016,1025600
2013-07-24 00:00:00+00:00,50.345001220703125,50.345001220703125,50.345001220703125,50.345001220703125,1289400
2013-07-25 00:00:00+00:00,51.5099983215332,51.5099983215332,51.5099983215332,51.5099983215332,1139800
2013-07-26 00:00:00+00:00,51.625,51.625,51.625,51.625,1099800
2013-07-29 00:00:00+00:00,51.03499984741211,51.03499984741211,51.03499984741211,51.03499984741211,982800
2013-07-30 00:00:00+00:00,51.915000915527344,51.915000915527344,51.915000915527344,51.915000915527344,802200
2013-07-31 00:00:00+00:00,53.099998474121094,53.099998474121094,53.099998474121094,53.099998474121094,1073000
2013-08-01 00:00:00+00:00,54.810001373291016,54.810001373291016,54.810001373291016,54.810001373291016,990200
2013-08-02 00:00:00+00:00,56.2400016784668,56.2400016784668,56.2400016784668,56.2400016784668,947000
2013-08-05 00:00:00+00:00,56.880001068115234,56.880001068115234,56.880001068115234,56.880001068115234,615000
2013-08-06 00:00:00+00:00,55.20000076293945,55.20000076293945,55.20000076293945,55.20000076293945,1080600
2013-08-07 00:00:00+00:00,54.5,54.5,54.5,54.5,925800
2013-08-08 00:00:00+00:00,55.334999084472656,55.334999084472656,55.334999084472656,55.334999084472656,686800
2013-08-09 00:00:00+00:00,54.619998931884766,54.619998931884766,54.619998931884766,54.619998931884766,961400
2013-08-12 00:00:00+00:00,54.845001220703125,54.845001220703125,54.845001220703125,54.845001220703125,760000
2013-08-13 00:00:00+00:00,55.474998474121094,55.474998474121094,55.474998474121094,55.474998474121094,1026000
2013-08-14 00:00:00+00:00,54.84000015258789,54.84000015258789,54.84000015258789,54.84000015258789,779400
2013-08-15 00:00:00+00:00,52.05500030517578,52.05500030517578,52.05500030517578,52.05500030517578,1654800
2013-08-16 00:00:00+00:00,53.005001068115234,53.005001068115234,53.005001068115234,53.005001068115234,1258200
2013-08-19 00:00:00+00:00,51.70500183105469,51.70500183105469,51.70500183105469,51.70500183105469,998800
2013-08-20 00:00:00+00:00,52.040000915527344,52.040000915527344,52.040000915527344,52.040000915527344,1174000
2013-08-21 00:00:00+00:00,51.08000183105469,51.08000183105469,51.08000183105469,51.08000183105469,1811400
2013-08-22 00:00:00+00:00,52.3650016784668,52.3650016784668,52.3650016784668,52.3650016784668,1032000
2013-08-23 00:00:00+00:00,53.58000183105469,53.58000183105469,53.58000183105469,53.58000183105469,586200
2013-08-26 00:00:00+00:00,51.709999084472656,51.709999084472656,51.709999084472656,51.709999084472656,1106000
2013-08-27 00:00:00+00:00,47.47999954223633,47.47999954223633,47.47999954223633,47.47999954223633,2821800
2013-08-28 00:00:00+00:00,47.52000045776367,47.52000045776367,47.52000045776367,47.52000045776367,2099600
2013-08-29 00:00:00+00:00,46.6150016784668,46.6150016784668,46.6150016784668,46.6150016784668,1419200
2013-08-30 00:00:00+00:00,46.07500076293945,46.07500076293945,46.07500076293945,46.07500076293945,1838000
2013-09-03 00:00:00+00:00,47.70500183105469,47.70500183105469,47.70500183105469,47.70500183105469,1461200
2013-09-04 00:00:00+00:00,47.834999084472656,47.834999084472656,47.834999084472656,47.834999084472656,1030400
2013-09-05 00:00:00+00:00,48.98500061035156,48.98500061035156,48.98500061035156,48.98500061035156,622800
2013-09-06 00:00:00+00:00,48.61000061035156,48.61000061035156,48.61000061035156,48.61000061035156,1429800
2013-09-09 00:00:00+00:00,50.404998779296875,50.404998779296875,50.404998779296875,50.404998779296875,827800
2013-09-10 00:00:00+00:00,52.2400016784668,52.2400016784668,52.2400016784668,52.2400016784668,624000
2013-09-11 00:00:00+00:00,53.915000915527344,53.915000915527344,53.915000915527344,53.915000915527344,849800
2013-09-12 00:00:00+00:00,53.0,53.0,53.0,53.0,894200
2013-09-13 00:00:00+00:00,53.96500015258789,53.96500015258789,53.96500015258789,53.96500015258789,643400
2013-09-16 00:00:00+00:00,54.290000915527344,54.290000915527344,54.290000915527344,54.290000915527344,767800
2013-09-17 00:00:00+00:00,54.90999984741211,54.90999984741211,54.90999984741211,54.90999984741211,583800
2013-09-18 00:00:00+00:00,57.029998779296875,57.029998779296875,57.029998779296875,57.029998779296875,1393400
2013-09-19 00:00:00+00:00,57.25,57.25,57.25,57.25,885600
2013-09-20 00:00:00+00:00,56.09000015258789,56.09000015258789,56.09000015258789,56.09000015258789,1114800
2013-09-23 00:00:00+00:00,55.529998779296875,55.529998779296875,55.529998779296875,55.529998779296875,1160200
2013-09-24 00:00:00+00:00,55.57500076293945,55.57500076293945,55.57500076293945,55.57500076293945,810400
2013-09-25 00:00:00+00:00,55.915000915527344,55.915000915527344,55.915000915527344,55.915000915527344,936200
2013-09-26 00:00:00+00:00,56.88999938964844,56.88999938964844,56.88999938964844,56.88999938964844,896000
2013-09-27 00:00:00+00:00,54.599998474121094,54.599998474121094,54.599998474121094,54.599998474121094,1365400
2013-09-30 00:00:00+00:00,52.56999969482422,52.56999969482422,52.56999969482422,52.56999969482422,1303800
2013-10-01 00:00:00+00:00,54.400001525878906,54.400001525878906,54.400001525878906,54.400001525878906,880200
2013-10-02 00:00:00+00:00,52.76499938964844,52.76499938964844,52.76499938964844,52.76499938964844,1175200
2013-10-03 00:00:00+00:00,50.73500061035156,50.73500061035156,50.73500061035156,50.73500061035156,2259000
2013-10-04 00:00:00+00:00,50.92499923706055,50.92499923706055,50.92499923706055,50.92499923706055,1211200
2013-10-07 00:00:00+00:00,47.154998779296875,47.154998779296875,47.154998779296875,47.154998779296875,1648800
2013-10-08 00:00:00+00:00,44.810001373291016,44.810001373291016,44.810001373291016,44.810001373291016,2902000
2013-10-09 00:00:00+00:00,46.375,46.375,46.375,46.375,2852800
2013-10-10 00:00:00+00:00,50.779998779296875,50.779998779296875,50.779998779296875,50.779998779296875,2477000
2013-10-11 00:00:00+00:00,51.81999969482422,51.81999969482422,51.81999969482422,51.81999969482422,1604200
2013-10-14 00:00:00+00:00,51.165000915527344,51.165000915527344,51.165000915527344,51.165000915527344,2071400
2013-10-15 00:00:00+00:00,48.02000045776367,48.02000045776367,48.02000045776367,48.02000045776367,2930400
2013-10-16 00:00:00+00:00,53.720001220703125,53.720001220703125,53.720001220703125,53.720001220703125,2760000
2013-10-17 00:00:00+00:00,56.904998779296875,56.904998779296875,56.904998779296875,56.904998779296875,1923000
2013-10-18 00:00:00+00:00,57.165000915527344,57.165000915527344,57.165000915527344,57.165000915527344,1678600
2013-10-21 00:00:00+00:00,56.86000061035156,56.86000061035156,56.86000061035156,56.86000061035156,1119800
2013-10-22 00:00:00+00:00,56.76499938964844,56.76499938964844,56.76499938964844,56.76499938964844,1293200
2013-10-23 00:00:00+00:00,56.3650016784668,56.3650016784668,56.3650016784668,56.3650016784668,1251200
2013-10-24 00:00:00+00:00,57.14500045776367,57.14500045776367,57.14500045776367,57.14500045776367,726000
2013-10-25 00:00:00+00:00,57.375,57.375,57.375,57.375,693000
2013-10-28 00:00:00+00:00,56.94499969482422,56.94499969482422,56.94499969482422,56.94499969482422,604800
2013-10-29 00:00:00+00:00,57.44499969482422,57.44499969482422,57.44499969482422,57.44499969482422,539600
2013-10-30 00:00:00+00:00,56.69499969482422,56.69499969482422,56.69499969482422,56.69499969482422,942600
2013-10-31 00:00:00+00:00,56.994998931884766,56.994998931884766,56.994998931884766,56.994998931884766,1171200
2013-11-01 00:00:00+00:00,57.345001220703125,57.345001220703125,57.345001220703125,57.345001220703125,699600
2013-11-04 00:00:00+00:00,58.77000045776367,58.77000045776367,58.77000045776367,58.77000045776367,762400
2013-11-05 00:00:00+00:00,58.97999954223633,58.97999954223633,58.97999954223633,58.97999954223633,578000
2013-11-06 00:00:00+00:00,59.88999938964844,59.88999938964844,59.88999938964844,59.88999938964844,565000
2013-11-07 00:00:00+00:00,57.79499816894531,57.79499816894531,57.79499816894531,57.79499816894531,1174200
2013-11-08 00:00:00+00:00,60.125,60.125,60.125,60.125,1059200
2013-11-11 00:00:00+00:00,60.40999984741211,60.40999984741211,60.40999984741211,60.40999984741211,686400
2013-11-12 00:00:00+00:00,60.53499984741211,60.53499984741211,60.53499984741211,60.53499984741211,1016600
2013-11-13 00:00:00+00:00,60.744998931884766,60.744998931884766,60.744998931884766,60.744998931884766,976600
2013-11-14 00:00:00+00:00,61.45500183105469,61.45500183105469,61.45500183105469,61.45500183105469,1132000
2013-11-15 00:00:00+00:00,62.27000045776367,62.27000045776367,62.27000045776367,62.27000045776367,1072200
2013-11-18 00:00:00+00:00,62.18000030517578,62.18000030517578,62.18000030517578,62.18000030517578,1091600
2013-11-19 00:00:00+00:00,61.43000030517578,61.43000030517578,61.43000030517578,61.43000030517578,999800
2013-11-20 00:00:00+00:00,62.65999984741211,62.65999984741211,62.65999984741211,62.65999984741211,1714800
2013-11-21 00:00:00+00:00,64.81500244140625,64.81500244140625,64.81500244140625,64.81500244140625,1853800
2013-11-22 00:00:00+00:00,65.69999694824219,65.69999694824219,65.69999694824219,65.69999694824219,819600
2013-11-25 00:00:00+00:00,65.43000030517578,65.43000030517578,65.43000030517578,65.43000030517578,827400
2013-11-26 00:00:00+00:00,65.05999755859375,65.05999755859375,65.05999755859375,65.05999755859375,683800
2013-11-27 00:00:00+00:00,65.0250015258789,65.0250015258789,65.0250015258789,65.0250015258789,456000
2013-11-29 00:00:00+00:00,64.24500274658203,64.24500274658203,64.24500274658203,64.24500274658203,252800
2013-12-02 00:00:00+00:00,63.7599983215332,63.7599983215332,63.7599983215332,63.7599983215332,644400
2013-12-03 00:00:00+00:00,62.10499954223633,62.10499954223633,62.10499954223633,62.10499954223633,1488800
2013-12-04 00:00:00+00:00,62.779998779296875,62.779998779296875,62.779998779296875,62.779998779296875,1871800
2013-12-05 00:00:00+00:00,62.29499816894531,62.29499816894531,62.29499816894531,62.29499816894531,979400
2013-12-06 00:00:00+00:00,64.4749984741211,64.4749984741211,64.4749984741211,64.4749984741211,1034000
2013-12-09 00:00:00+00:00,64.94499969482422,64.94499969482422,64.94499969482422,64.94499969482422,804400
2013-12-10 00:00:00+00:00,64.625,64.625,64.625,64.625,705600
2013-12-11 00:00:00+00:00,61.59000015258789,61.59000015258789,61.59000015258789,61.59000015258789,1333600
2013-12-12 00:00:00+00:00,61.32500076293945,61.32500076293945,61.32500076293945,61.32500076293945,1359400
2013-12-13 00:00:00+00:00,61.185001373291016,61.185001373291016,61.185001373291016,61.185001373291016,1136600
2013-12-16 00:00:00+00:00,61.16999816894531,61.16999816894531,61.16999816894531,61.16999816894531,1503600
2013-12-17 00:00:00+00:00,61.334999084472656,61.334999084472656,61.334999084472656,61.334999084472656,1878600
2013-12-18 00:00:00+00:00,65.66500091552734,65.66500091552734,65.66500091552734,65.66500091552734,2244000
2013-12-19 00:00:00+00:00,65.01000213623047,65.01000213623047,65.01000213623047,65.01000213623047,1228200
2013-12-20 00:00:00+00:00,64.66999816894531,64.66999816894531,64.66999816894531,64.66999816894531,1764400
2013-12-23 00:00:00+00:00,67.01499938964844,67.01499938964844,67.01499938964844,67.01499938964844,1357400
2013-12-24 00:00:00+00:00,68.30500030517578,68.30500030517578,68.30500030517578,68.30500030517578,779600
2013-12-26 00:00:00+00:00,69.50499725341797,69.50499725341797,69.50499725341797,69.50499725341797,1042800
2013-12-27 00:00:00+00:00,68.48999786376953,68.48999786376953,68.48999786376953,68.48999786376953,1125400
2013-12-30 00:00:00+00:00,67.43000030517578,67.43000030517578,67.43000030517578,67.43000030517578,961800
2013-12-31 00:00:00+00:00,67.47000122070312,67.47000122070312,67.47000122070312,67.47000122070312,1002400
2014-01-02 00:00:00+00:00,66.11499786376953,66.11499786376953,66.11499786376953,66.11499786376953,1408400
2014-01-03 00:00:00+00:00,66.51499938964844,66.51499938964844,66.51499938964844,66.51499938964844,914200
2014-01-06 00:00:00+00:00,67.30999755859375,67.30999755859375,67.30999755859375,67.30999755859375,1262200
2014-01-07 00:00:00+00:00,68.88500213623047,68.88500213623047,68.88500213623047,68.88500213623047,956200
2014-01-08 00:00:00+00:00,68.7699966430664,68.7699966430664,68.7699966430664,68.7699966430664,1035800
2014-01-09 00:00:00+00:00,68.58999633789062,68.58999633789062,68.58999633789062,68.58999633789062,1180000
2014-01-10 00:00:00+00:00,70.19999694824219,70.19999694824219,70.19999694824219,70.19999694824219,1158200
2014-01-13 00:00:00+00:00,67.76499938964844,67.76499938964844,67.76499938964844,67.76499938964844,2426800
2014-01-14 00:00:00+00:00,70.46499633789062,70.46499633789062,70.46499633789062,70.46499633789062,1688200
2014-01-15 00:00:00+00:00,70.23999786376953,70.23999786376953,70.23999786376953,70.23999786376953,1072200
2014-01-16 00:00:00+00:00,69.875,69.875,69.875,69.875,983800
2014-01-17 00:00:00+00:00,69.75499725341797,69.75499725341797,69.75499725341797,69.75499725341797,1174000
2014-01-21 00:00:00+00:00,70.54499816894531,70.54499816894531,70.54499816894531,70.54499816894531,1459800
2014-01-22 00:00:00+00:00,71.62999725341797,71.62999725341797,71.62999725341797,71.62999725341797,1068400
2014-01-23 00:00:00+00:00,69.69000244140625,69.69000244140625,69.69000244140625,69.69000244140625,2051200
2014-01-24 00:00:00+00:00,63.38999938964844,63.38999938964844,63.38999938964844,63.38999938964844,2489300
2014-01-27 00:00:00+00:00,61.810001373291016,61.810001373291016,61.810001373291016,61.810001373291016,2707600
2014-01-28 00:00:00+00:00,64.31999969482422,64.31999969482422,64.31999969482422,64.31999969482422,1960800
2014-01-29 00:00:00+00:00,60.029998779296875,60.029998779296875,60.029998779296875,60.029998779296875,3135300
2014-01-30 00:00:00+00:00,60.86000061035156,60.86000061035156,60.86000061035156,60.86000061035156,1794400
2014-01-31 00:00:00+00:00,56.2599983215332,56.2599983215332,56.2599983215332,56.2599983215332,3557500
2014-02-03 00:00:00+00:00,52.220001220703125,52.220001220703125,52.220001220703125,52.220001220703125,4591000
2014-02-04 00:00:00+00:00,53.06999969482422,53.06999969482422,53.06999969482422,53.06999969482422,3319600
2014-02-05 00:00:00+00:00,51.18000030517578,51.18000030517578,51.18000030517578,51.18000030517578,3487400
2014-02-06 00:00:00+00:00,56.15999984741211,56.15999984741211,56.15999984741211,56.15999984741211,2665800
2014-02-07 00:00:00+00:00,59.52000045776367,59.52000045776367,59.52000045776367,59.52000045776367,2805300
2014-02-10 00:00:00+00:00,59.459999084472656,59.459999084472656,59.459999084472656,59.459999084472656,1473800
2014-02-11 00:00:00+00:00,61.709999084472656,61.709999084472656,61.709999084472656,61.709999084472656,1717700
2014-02-12 00:00:00+00:00,62.959999084472656,62.959999084472656,62.959999084472656,62.959999084472656,1893100
2014-02-13 00:00:00+00:00,63.459999084472656,63.459999084472656,63.459999084472656,63.459999084472656,1506300
2014-02-14 00:00:00+00:00,64.4000015258789,64.4000015258789,64.4000015258789,64.4000015258789,1254900
2014-02-18 00:00:00+00:00,65.2300033569336,65.2300033569336,65.2300033569336,65.2300033569336,1012700
2014-02-19 00:00:00+00:00,60.779998779296875,60.779998779296875,60.779998779296875,60.779998779296875,1817200
2014-02-20 00:00:00+00:00,63.099998474121094,63.099998474121094,63.099998474121094,63.099998474121094,1317000
2014-02-21 00:00:00+00:00,62.47999954223633,62.47999954223633,62.47999954223633,62.47999954223633,1463500
2014-02-24 00:00:00+00:00,62.91999816894531,62.91999816894531,62.91999816894531,62.91999816894531,969000
2014-02-25 00:00:00+00:00,62.880001068115234,62.880001068115234,62.880001068115234,62.880001068115234,891500
2014-02-26 00:00:00+00:00,62.04999923706055,62.04999923706055,62.04999923706055,62.04999923706055,1159000
2014-02-27 00:00:00+00:00,62.22999954223633,62.22999954223633,62.22999954223633,62.22999954223633,913700
2014-02-28 00:00:00+00:00,61.20000076293945,61.20000076293945,61.20000076293945,61.20000076293945,1149200
2014-03-03 00:00:00+00:00,57.72999954223633,57.72999954223633,57.72999954223633,57.72999954223633,1966100
2014-03-04 00:00:00+00:00,61.31999969482422,61.31999969482422,61.31999969482422,61.31999969482422,1077500
2014-03-05 00:00:00+00:00,61.25,61.25,61.25,61.25,728900
2014-03-06 00:00:00+00:00,61.70000076293945,61.70000076293945,61.70000076293945,61.70000076293945,1043200
2014-03-07 00:00:00+00:00,60.27000045776367,60.27000045776367,60.27000045776367,60.27000045776367,1190700
2014-03-10 00:00:00+00:00,60.59000015258789,60.59000015258789,60.59000015258789,60.59000015258789,686000
2014-03-11 00:00:00+00:00,59.72999954223633,59.72999954223633,59.72999954223633,59.72999954223633,868800
2014-03-12 00:00:00+00:00,59.83000183105469,59.83000183105469,59.83000183105469,59.83000183105469,940200
2014-03-13 00:00:00+00:00,57.349998474121094,57.349998474121094,57.349998474121094,57.349998474121094,1991500
2014-03-14 00:00:00+00:00,55.77000045776367,55.77000045776367,55.77000045776367,55.77000045776367,2106400
2014-03-17 00:00:00+00:00,58.279998779296875,58.279998779296875,58.279998779296875,58.279998779296875,1390300
2014-03-18 00:00:00+00:00,60.45000076293945,60.45000076293945,60.45000076293945,60.45000076293945,978700
2014-03-19 00:00:00+00:00,59.279998779296875,59.279998779296875,59.279998779296875,59.279998779296875,1244400
2014-03-20 00:00:00+00:00,59.68000030517578,59.68000030517578,59.68000030517578,59.68000030517578,648100
2014-03-21 00:00:00+00:00,59.2400016784668,59.2400016784668,59.2400016784668,59.2400016784668,980200
2014-03-24 00:00:00+00:00,59.08000183105469,59.08000183105469,59.08000183105469,59.08000183105469,1135300
2014-03-25 00:00:00+00:00,59.849998474121094,59.849998474121094,59.849998474121094,59.849998474121094,761000
2014-03-26 00:00:00+00:00,58.7599983215332,58.7599983215332,58.7599983215332,58.7599983215332,843700
2014-03-27 00:00:00+00:00,59.5099983215332,59.5099983215332,59.5099983215332,59.5099983215332,1019500
2014-03-28 00:00:00+00:00,60.11000061035156,60.11000061035156,60.11000061035156,60.11000061035156,978600
2014-03-31 00:00:00+00:00,61.970001220703125,61.970001220703125,61.970001220703125,61.970001220703125,711400
2014-04-01 00:00:00+00:00,64.06999969482422,64.06999969482422,64.06999969482422,64.06999969482422,797200
2014-04-02 00:00:00+00:00,63.619998931884766,63.619998931884766,63.619998931884766,63.619998931884766,609700
2014-04-03 00:00:00+00:00,63.709999084472656,63.709999084472656,63.709999084472656,63.709999084472656,917000
2014-04-04 00:00:00+00:00,62.36000061035156,62.36000061035156,62.36000061035156,62.36000061035156,1304300
2014-04-07 00:00:00+00:00,60.97999954223633,60.97999954223633,60.97999954223633,60.97999954223633,1379400
2014-04-08 00:00:00+00:00,62.09000015258789,62.09000015258789,62.09000015258789,62.09000015258789,792300
2014-04-09 00:00:00+00:00,63.56999969482422,63.56999969482422,63.56999969482422,63.56999969482422,688600
2014-04-10 00:00:00+00:00,59.7599983215332,59.7599983215332,59.7599983215332,59.7599983215332,1639300
2014-04-11 00:00:00+00:00,57.88999938964844,57.88999938964844,57.88999938964844,57.88999938964844,1479600
2014-04-14 00:00:00+00:00,58.369998931884766,58.369998931884766,58.369998931884766,58.369998931884766,1266900
2014-04-15 00:00:00+00:00,59.02000045776367,59.02000045776367,59.02000045776367,59.02000045776367,1723300
2014-04-16 00:00:00+00:00,61.11000061035156,61.11000061035156,61.11000061035156,61.11000061035156,976400
2014-04-17 00:00:00+00:00,61.9900016784668,61.9900016784668,61.9900016784668,61.9900016784668,768600
2014-04-21 00:00:00+00:00,63.18000030517578,63.18000030517578,63.18000030517578,63.18000030517578,606800
2014-04-22 00:00:00+00:00,63.349998474121094,63.349998474121094,63.349998474121094,63.349998474121094,605200
2014-04-23 00:00:00+00:00,63.02000045776367,63.02000045776367,63.02000045776367,63.02000045776367,510100
2014-04-24 00:00:00+00:00,62.279998779296875,62.279998779296875,62.279998779296875,62.279998779296875,696100
2014-04-25 00:00:00+00:00,61.83000183105469,61.83000183105469,61.83000183105469,61.83000183105469,925200
2014-04-28 00:00:00+00:00,63.16999816894531,63.16999816894531,63.16999816894531,63.16999816894531,905000
2014-04-29 00:00:00+00:00,64.30999755859375,64.30999755859375,64.30999755859375,64.30999755859375,403500
2014-04-30 00:00:00+00:00,64.22000122070312,64.22000122070312,64.22000122070312,64.22000122070312,472900
2014-05-01 00:00:00+00:00,64.29000091552734,64.29000091552734,64.29000091552734,64.29000091552734,299300
2014-05-02 00:00:00+00:00,64.6500015258789,64.6500015258789,64.6500015258789,64.6500015258789,746900
2014-05-05 00:00:00+00:00,65.30000305175781,65.30000305175781,65.30000305175781,65.30000305175781,367400
2014-05-06 00:00:00+00:00,64.72000122070312,64.72000122070312,64.72000122070312,64.72000122070312,350800
2014-05-07 00:00:00+00:00,66.08000183105469,66.08000183105469,66.08000183105469,66.08000183105469,462400
2014-05-08 00:00:00+00:00,65.88999938964844,65.88999938964844,65.88999938964844,65.88999938964844,527400
2014-05-09 00:00:00+00:00,67.3499984741211,67.3499984741211,67.3499984741211,67.3499984741211,479900
2014-05-12 00:00:00+00:00,69.29000091552734,69.29000091552734,69.29000091552734,69.29000091552734,571500
2014-05-13 00:00:00+00:00,69.12999725341797,69.12999725341797,69.12999725341797,69.12999725341797,279900
2014-05-14 00:00:00+00:00,69.5199966430664,69.5199966430664,69.5199966430664,69.5199966430664,427800
2014-05-15 00:00:00+00:00,68.69000244140625,68.69000244140625,68.69000244140625,68.69000244140625,1183300
2014-05-16 00:00:00+00:00,70.36000061035156,70.36000061035156,70.36000061035156,70.36000061035156,424200
2014-05-19 00:00:00+00:00,71.20999908447266,71.20999908447266,71.20999908447266,71.20999908447266,377000
2014-05-20 00:00:00+00:00,71.83000183105469,71.83000183105469,71.83000183105469,71.83000183105469,483300
2014-05-21 00:00:00+00:00,72.87999725341797,72.87999725341797,72.87999725341797,72.87999725341797,460600
2014-05-22 00:00:00+00:00,72.94999694824219,72.94999694824219,72.94999694824219,72.94999694824219,333900
2014-05-23 00:00:00+00:00,73.51000213623047,73.51000213623047,73.51000213623047,73.51000213623047,251200
2014-05-27 00:00:00+00:00,75.77999877929688,75.77999877929688,75.77999877929688,75.77999877929688,493600
2014-05-28 00:00:00+00:00,75.98999786376953,75.98999786376953,75.98999786376953,75.98999786376953,382700
2014-05-29 00:00:00+00:00,76.26000213623047,76.26000213623047,76.26000213623047,76.26000213623047,422800
2014-05-30 00:00:00+00:00,76.38999938964844,76.38999938964844,76.38999938964844,76.38999938964844,286100
2014-06-02 00:00:00+00:00,76.91999816894531,76.91999816894531,76.91999816894531,76.91999816894531,235900
2014-06-03 00:00:00+00:00,76.58000183105469,76.58000183105469,76.58000183105469,76.58000183105469,259000
2014-06-04 00:00:00+00:00,77.38999938964844,77.38999938964844,77.38999938964844,77.38999938964844,269000
2014-06-05 00:00:00+00:00,80.0999984741211,80.0999984741211,80.0999984741211,80.0999984741211,391200
2014-06-06 00:00:00+00:00,84.11000061035156,84.11000061035156,84.11000061035156,84.11000061035156,562600
2014-06-09 00:00:00+00:00,83.0,83.0,83.0,83.0,428700
2014-06-10 00:00:00+00:00,84.47000122070312,84.47000122070312,84.47000122070312,84.47000122070312,228900
2014-06-11 00:00:00+00:00,82.5999984741211,82.5999984741211,82.5999984741211,82.5999984741211,350900
2014-06-12 00:00:00+00:00,78.54000091552734,78.54000091552734,78.54000091552734,78.54000091552734,844100
2014-06-13 00:00:00+00:00,79.91000366210938,79.91000366210938,79.91000366210938,79.91000366210938,439200
2014-06-16 00:00:00+00:00,80.04000091552734,80.04000091552734,80.04000091552734,80.04000091552734,372300
2014-06-17 00:00:00+00:00,82.66000366210938,82.66000366210938,82.66000366210938,82.66000366210938,495100
2014-06-18 00:00:00+00:00,87.18000030517578,87.18000030517578,87.18000030517578,87.18000030517578,644000
2014-06-19 00:00:00+00:00,86.83000183105469,86.83000183105469,86.83000183105469,86.83000183105469,459800
2014-06-20 00:00:00+00:00,85.62000274658203,85.62000274658203,85.62000274658203,85.62000274658203,504800
2014-06-23 00:00:00+00:00,87.72000122070312,87.72000122070312,87.72000122070312,87.72000122070312,399800
2014-06-24 00:00:00+00:00,84.5,84.5,84.5,84.5,544200
2014-06-25 00:00:00+00:00,87.69000244140625,87.69000244140625,87.69000244140625,87.69000244140625,437400
2014-06-26 00:00:00+00:00,86.66000366210938,86.66000366210938,86.66000366210938,86.66000366210938,652100
2014-06-27 00:00:00+00:00,87.38999938964844,87.38999938964844,87.38999938964844,87.38999938964844,360100
2014-06-30 00:00:00+00:00,88.2699966430664,88.2699966430664,88.2699966430664,88.2699966430664,379800
2014-07-01 00:00:00+00:00,90.51000213623047,90.51000213623047,90.51000213623047,90.51000213623047,318300
2014-07-02 00:00:00+00:00,91.41000366210938,91.41000366210938,91.41000366210938,91.41000366210938,289700
2014-07-03 00:00:00+00:00,92.69999694824219,92.69999694824219,92.69999694824219,92.69999694824219,169900
2014-07-07 00:00:00+00:00,90.69999694824219,90.69999694824219,90.69999694824219,90.69999694824219,436100
2014-07-08 00:00:00+00:00,89.2699966430664,89.2699966430664,89.2699966430664,89.2699966430664,741000
2014-07-09 00:00:00+00:00,91.04000091552734,91.04000091552734,91.04000091552734,91.04000091552734,300300
2014-07-10 00:00:00+00:00,87.77999877929688,87.77999877929688,87.77999877929688,87.77999877929688,710400
2014-07-11 00:00:00+00:00,88.86000061035156,88.86000061035156,88.86000061035156,88.86000061035156,982600
2014-07-14 00:00:00+00:00,91.20999908447266,91.20999908447266,91.20999908447266,91.20999908447266,666000
2014-07-15 00:00:00+00:00,89.5199966430664,89.5199966430664,89.5199966430664,89.5199966430664,877400
2014-07-16 00:00:00+00:00,91.7699966430664,91.7699966430664,91.7699966430664,91.7699966430664,541500
2014-07-17 00:00:00+00:00,83.0999984741211,83.0999984741211,83.0999984741211,83.0999984741211,1691400
2014-07-18 00:00:00+00:00,89.0999984741211,89.0999984741211,89.0999984741211,89.0999984741211,751000
2014-07-21 00:00:00+00:00,87.04000091552734,87.04000091552734,87.04000091552734,87.04000091552734,1092100
2014-07-22 00:00:00+00:00,88.76000213623047,88.76000213623047,88.76000213623047,88.76000213623047,436800
2014-07-23 00:00:00+00:00,87.95999908447266,87.95999908447266,87.95999908447266,87.95999908447266,683300
2014-07-24 00:00:00+00:00,88.58999633789062,88.58999633789062,88.58999633789062,88.58999633789062,527900
2014-07-25 00:00:00+00:00,85.91999816894531,85.91999816894531,85.91999816894531,85.91999816894531,582600
2014-07-28 00:00:00+00:00,86.30999755859375,86.30999755859375,86.30999755859375,86.30999755859375,842900
2014-07-29 00:00:00+00:00,86.52999877929688,86.52999877929688,86.52999877929688,86.52999877929688,748700
2014-07-30 00:00:00+00:00,85.08999633789062,85.08999633789062,85.08999633789062,85.08999633789062,870800
2014-07-31 00:00:00+00:00,77.81999969482422,77.81999969482422,77.81999969482422,77.81999969482422,2589300
2014-08-01 00:00:00+00:00,74.01000213623047,74.01000213623047,74.01000213623047,74.01000213623047,3083400
2014-08-04 00:00:00+00:00,77.12999725341797,77.12999725341797,77.12999725341797,77.12999725341797,1592200
2014-08-05 00:00:00+00:00,71.73999786376953,71.73999786376953,71.73999786376953,71.73999786376953,3055000
2014-08-06 00:00:00+00:00,71.45999908447266,71.45999908447266,71.45999908447266,71.45999908447266,1557700
2014-08-07 00:00:00+00:00,69.98999786376953,69.98999786376953,69.98999786376953,69.98999786376953,2003100
2014-08-08 00:00:00+00:00,72.62999725341797,72.62999725341797,72.62999725341797,72.62999725341797,1932700
2014-08-11 00:00:00+00:00,75.62000274658203,75.62000274658203,75.62000274658203,75.62000274658203,1335700
2014-08-12 00:00:00+00:00,76.0999984741211,76.0999984741211,76.0999984741211,76.0999984741211,902900
2014-08-13 00:00:00+00:00,80.4000015258789,80.4000015258789,80.4000015258789,80.4000015258789,1521600
2014-08-14 00:00:00+00:00,82.93000030517578,82.93000030517578,82.93000030517578,82.93000030517578,783800
2014-08-15 00:00:00+00:00,82.94999694824219,82.94999694824219,82.94999694824219,82.94999694824219,2275600
2014-08-18 00:00:00+00:00,86.18000030517578,86.18000030517578,86.18000030517578,86.18000030517578,961500
2014-08-19 00:00:00+00:00,86.94000244140625,86.94000244140625,86.94000244140625,86.94000244140625,819500
2014-08-20 00:00:00+00:00,86.27999877929688,86.27999877929688,86.27999877929688,86.27999877929688,969400
2014-08-21 00:00:00+00:00,86.06999969482422,86.06999969482422,86.06999969482422,86.06999969482422,945700
2014-08-22 00:00:00+00:00,86.41999816894531,86.41999816894531,86.41999816894531,86.41999816894531,1171400
2014-08-25 00:00:00+00:00,87.25,87.25,87.25,87.25,683500
2014-08-26 00:00:00+00:00,86.43000030517578,86.43000030517578,86.43000030517578,86.43000030517578,437500
2014-08-27 00:00:00+00:00,85.91000366210938,85.91000366210938,85.91000366210938,85.91000366210938,466300
2014-08-28 00:00:00+00:00,84.47000122070312,84.47000122070312,84.47000122070312,84.47000122070312,570300
2014-08-29 00:00:00+00:00,85.02999877929688,85.02999877929688,85.02999877929688,85.02999877929688,457100
2014-09-02 00:00:00+00:00,84.45999908447266,84.45999908447266,84.45999908447266,84.45999908447266,420600
2014-09-03 00:00:00+00:00,85.44999694824219,85.44999694824219,85.44999694824219,85.44999694824219,373200
2014-09-04 00:00:00+00:00,85.29000091552734,85.29000091552734,85.29000091552734,85.29000091552734,452600
2014-09-05 00:00:00+00:00,87.01000213623047,87.01000213623047,87.01000213623047,87.01000213623047,481200
2014-09-08 00:00:00+00:00,86.83999633789062,86.83999633789062,86.83999633789062,86.83999633789062,483800
2014-09-09 00:00:00+00:00,84.45999908447266,84.45999908447266,84.45999908447266,84.45999908447266,683400
2014-09-10 00:00:00+00:00,85.05000305175781,85.05000305175781,85.05000305175781,85.05000305175781,635800
2014-09-11 00:00:00+00:00,85.29000091552734,85.29000091552734,85.29000091552734,85.29000091552734,786600
2014-09-12 00:00:00+00:00,83.43000030517578,83.43000030517578,83.43000030517578,83.43000030517578,1184600
2014-09-15 00:00:00+00:00,81.29000091552734,81.29000091552734,81.29000091552734,81.29000091552734,687900
2014-09-16 00:00:00+00:00,85.19999694824219,85.19999694824219,85.19999694824219,85.19999694824219,1166600
2014-09-17 00:00:00+00:00,85.94999694824219,85.94999694824219,85.94999694824219,85.94999694824219,1426700
2014-09-18 00:00:00+00:00,87.19000244140625,87.19000244140625,87.19000244140625,87.19000244140625,500800
2014-09-19 00:00:00+00:00,87.13999938964844,87.13999938964844,87.13999938964844,87.13999938964844,956700
2014-09-22 00:00:00+00:00,84.12000274658203,84.12000274658203,84.12000274658203,84.12000274658203,1011800
2014-09-23 00:00:00+00:00,81.0,81.0,81.0,81.0,1309600
2014-09-24 00:00:00+00:00,83.5199966430664,83.5199966430664,83.5199966430664,83.5199966430664,832500
2014-09-25 00:00:00+00:00,77.25,77.25,77.25,77.25,2179400
2014-09-26 00:00:00+00:00,79.9000015258789,79.9000015258789,79.9000015258789,79.9000015258789,1013500
2014-09-29 00:00:00+00:00,76.08000183105469,76.08000183105469,76.08000183105469,76.08000183105469,1636000
2014-09-30 00:00:00+00:00,74.94000244140625,74.94000244140625,74.94000244140625,74.94000244140625,1434900
2014-10-01 00:00:00+00:00,73.37999725341797,73.37999725341797,73.37999725341797,73.37999725341797,2436800
2014-10-02 00:00:00+00:00,73.94000244140625,73.94000244140625,73.94000244140625,73.94000244140625,1969100
2014-10-03 00:00:00+00:00,78.41999816894531,78.41999816894531,78.41999816894531,78.41999816894531,1731400
2014-10-06 00:00:00+00:00,77.05000305175781,77.05000305175781,77.05000305175781,77.05000305175781,1443800
2014-10-07 00:00:00+00:00,71.62000274658203,71.62000274658203,71.62000274658203,71.62000274658203,2096000
2014-10-08 00:00:00+00:00,77.44000244140625,77.44000244140625,77.44000244140625,77.44000244140625,2608500
2014-10-09 00:00:00+00:00,70.23999786376953,70.23999786376953,70.23999786376953,70.23999786376953,3815400
2014-10-10 00:00:00+00:00,62.459999084472656,62.459999084472656,62.459999084472656,62.459999084472656,4180300
2014-10-13 00:00:00+00:00,56.349998474121094,56.349998474121094,56.349998474121094,56.349998474121094,5108800
2014-10-14 00:00:00+00:00,56.709999084472656,56.709999084472656,56.709999084472656,56.709999084472656,5187500
2014-10-15 00:00:00+00:00,55.59000015258789,55.59000015258789,55.59000015258789,55.59000015258789,11595400
2014-10-16 00:00:00+00:00,53.2599983215332,53.2599983215332,53.2599983215332,53.2599983215332,9122600
2014-10-17 00:00:00+00:00,55.5099983215332,55.5099983215332,55.5099983215332,55.5099983215332,5076900
2014-10-20 00:00:00+00:00,59.79999923706055,59.79999923706055,59.79999923706055,59.79999923706055,3742100
2014-10-21 00:00:00+00:00,64.2300033569336,64.2300033569336,64.2300033569336,64.2300033569336,2602800
2014-10-22 00:00:00+00:00,59.040000915527344,59.040000915527344,59.040000915527344,59.040000915527344,3642400
2014-10-23 00:00:00+00:00,62.7599983215332,62.7599983215332,62.7599983215332,62.7599983215332,2843800
2014-10-24 00:00:00+00:00,63.43000030517578,63.43000030517578,63.43000030517578,63.43000030517578,2411600
2014-10-27 00:00:00+00:00,64.30000305175781,64.30000305175781,64.30000305175781,64.30000305175781,1979300
2014-10-28 00:00:00+00:00,68.58000183105469,68.58000183105469,68.58000183105469,68.58000183105469,2035400
2014-10-29 00:00:00+00:00,67.37999725341797,67.37999725341797,67.37999725341797,67.37999725341797,2969300
2014-10-30 00:00:00+00:00,67.05999755859375,67.05999755859375,67.05999755859375,67.05999755859375,1828500
2014-10-31 00:00:00+00:00,68.81999969482422,68.81999969482422,68.81999969482422,68.81999969482422,1587600
2014-11-03 00:00:00+00:00,67.68000030517578,67.68000030517578,67.68000030517578,67.68000030517578,1420000
2014-11-04 00:00:00+00:00,68.16000366210938,68.16000366210938,68.16000366210938,68.16000366210938,1440500
2014-11-05 00:00:00+00:00,69.05999755859375,69.05999755859375,69.05999755859375,69.05999755859375,1336400
2014-11-06 00:00:00+00:00,70.77999877929688,70.77999877929688,70.77999877929688,70.77999877929688,1424900
2014-11-07 00:00:00+00:00,71.80000305175781,71.80000305175781,71.80000305175781,71.80000305175781,1538300
2014-11-10 00:00:00+00:00,74.4800033569336,74.4800033569336,74.4800033569336,74.4800033569336,1172000
2014-11-11 00:00:00+00:00,74.58000183105469,74.58000183105469,74.58000183105469,74.58000183105469,1152700
2014-11-12 00:00:00+00:00,73.62000274658203,73.62000274658203,73.62000274658203,73.62000274658203,644600
2014-11-13 00:00:00+00:00,72.72000122070312,72.72000122070312,72.72000122070312,72.72000122070312,1569700
2014-11-14 00:00:00+00:00,72.5,72.5,72.5,72.5,837200
2014-11-17 00:00:00+00:00,72.5999984741211,72.5999984741211,72.5999984741211,72.5999984741211,831800
2014-11-18 00:00:00+00:00,73.95999908447266,73.95999908447266,73.95999908447266,73.95999908447266,673200
2014-11-19 00:00:00+00:00,72.11000061035156,72.11000061035156,72.11000061035156,72.11000061035156,875800
2014-11-20 00:00:00+00:00,72.87000274658203,72.87000274658203,72.87000274658203,72.87000274658203,726100
2014-11-21 00:00:00+00:00,74.33999633789062,74.33999633789062,74.33999633789062,74.33999633789062,1181600
2014-11-24 00:00:00+00:00,75.88999938964844,75.88999938964844,75.88999938964844,75.88999938964844,857700
2014-11-25 00:00:00+00:00,76.5,76.5,76.5,76.5,731100
2014-11-26 00:00:00+00:00,77.69999694824219,77.69999694824219,77.69999694824219,77.69999694824219,442100
2014-11-28 00:00:00+00:00,75.5999984741211,75.5999984741211,75.5999984741211,75.5999984741211,500200
2014-12-01 00:00:00+00:00,72.37999725341797,72.37999725341797,72.37999725341797,72.37999725341797,1215400
2014-12-02 00:00:00+00:00,76.19999694824219,76.19999694824219,76.19999694824219,76.19999694824219,951700
2014-12-03 00:00:00+00:00,77.37999725341797,77.37999725341797,77.37999725341797,77.37999725341797,1019100
2014-12-04 00:00:00+00:00,77.27999877929688,77.27999877929688,77.27999877929688,77.27999877929688,987300
2014-12-05 00:00:00+00:00,78.54000091552734,78.54000091552734,78.54000091552734,78.54000091552734,1129000
2014-12-08 00:00:00+00:00,75.41999816894531,75.41999816894531,75.41999816894531,75.41999816894531,1380100
2014-12-09 00:00:00+00:00,74.4800033569336,74.4800033569336,74.4800033569336,74.4800033569336,1943600
2014-12-10 00:00:00+00:00,66.83999633789062,66.83999633789062,66.83999633789062,66.83999633789062,2609800
2014-12-11 00:00:00+00:00,62.560001373291016,62.560001373291016,62.560001373291016,62.560001373291016,2428100
2014-12-12 00:00:00+00:00,59.0,59.0,59.0,59.0,5955600
2014-12-15 00:00:00+00:00,60.36000061035156,60.36000061035156,60.36000061035156,60.36000061035156,5154000
2014-12-16 00:00:00+00:00,57.56999969482422,57.56999969482422,57.56999969482422,57.56999969482422,4730900
2014-12-17 00:00:00+00:00,62.83000183105469,62.83000183105469,62.83000183105469,62.83000183105469,4467900
2014-12-18 00:00:00+00:00,64.8499984741211,64.8499984741211,64.8499984741211,64.8499984741211,2631100
2014-12-19 00:00:00+00:00,65.31999969482422,65.31999969482422,65.31999969482422,65.31999969482422,2311500
2014-12-22 00:00:00+00:00,68.5,68.5,68.5,68.5,1307600
2014-12-23 00:00:00+00:00,68.37000274658203,68.37000274658203,68.37000274658203,68.37000274658203,1086500
2014-12-24 00:00:00+00:00,68.87999725341797,68.87999725341797,68.87999725341797,68.87999725341797,534700
2014-12-26 00:00:00+00:00,68.22000122070312,68.22000122070312,68.22000122070312,68.22000122070312,875000
2014-12-29 00:00:00+00:00,68.33000183105469,68.33000183105469,68.33000183105469,68.33000183105469,1180600
2014-12-30 00:00:00+00:00,66.62999725341797,66.62999725341797,66.62999725341797,66.62999725341797,1147300
2014-12-31 00:00:00+00:00,61.15999984741211,61.15999984741211,61.15999984741211,61.15999984741211,3167600
2015-01-02 00:00:00+00:00,62.27000045776367,62.27000045776367,62.27000045776367,62.27000045776367,4062400
2015-01-05 00:00:00+00:00,57.959999084472656,57.959999084472656,57.959999084472656,57.959999084472656,4156800
2015-01-06 00:00:00+00:00,56.47999954223633,56.47999954223633,56.47999954223633,56.47999954223633,5629300
2015-01-07 00:00:00+00:00,58.31999969482422,58.31999969482422,58.31999969482422,58.31999969482422,2599500
2015-01-08 00:00:00+00:00,61.939998626708984,61.939998626708984,61.939998626708984,61.939998626708984,2248400
2015-01-09 00:00:00+00:00,59.65999984741211,59.65999984741211,59.65999984741211,59.65999984741211,2672300
2015-01-12 00:00:00+00:00,56.7599983215332,56.7599983215332,56.7599983215332,56.7599983215332,3021500
2015-01-13 00:00:00+00:00,55.119998931884766,55.119998931884766,55.119998931884766,55.119998931884766,3671100
2015-01-14 00:00:00+00:00,54.099998474121094,54.099998474121094,54.099998474121094,54.099998474121094,4784700
2015-01-15 00:00:00+00:00,52.47999954223633,52.47999954223633,52.47999954223633,52.47999954223633,3985600
2015-01-16 00:00:00+00:00,53.41999816894531,53.41999816894531,53.41999816894531,53.41999816894531,3580200
2015-01-20 00:00:00+00:00,53.91999816894531,53.91999816894531,53.91999816894531,53.91999816894531,3756100
2015-01-21 00:00:00+00:00,56.4900016784668,56.4900016784668,56.4900016784668,56.4900016784668,3136200
2015-01-22 00:00:00+00:00,60.16999816894531,60.16999816894531,60.16999816894531,60.16999816894531,2449100
2015-01-23 00:00:00+00:00,58.599998474121094,58.599998474121094,58.599998474121094,58.599998474121094,1947000
2015-01-26 00:00:00+00:00,61.22999954223633,61.22999954223633,61.22999954223633,61.22999954223633,1696800
2015-01-27 00:00:00+00:00,58.29999923706055,58.29999923706055,58.29999923706055,58.29999923706055,3296400
2015-01-28 00:00:00+00:00,53.2599983215332,53.2599983215332,53.2599983215332,53.2599983215332,4013900
2015-01-29 00:00:00+00:00,54.52000045776367,54.52000045776367,54.52000045776367,54.52000045776367,4366700
2015-01-30 00:00:00+00:00,48.849998474121094,48.849998474121094,48.849998474121094,48.849998474121094,5408700
2015-02-02 00:00:00+00:00,51.869998931884766,51.869998931884766,51.869998931884766,51.869998931884766,5080000
2015-02-03 00:00:00+00:00,54.380001068115234,54.380001068115234,54.380001068115234,54.380001068115234,2859100
2015-02-04 00:00:00+00:00,52.810001373291016,52.810001373291016,52.810001373291016,52.810001373291016,2430600
2015-02-05 00:00:00+00:00,54.619998931884766,54.619998931884766,54.619998931884766,54.619998931884766,1821300
2015-02-06 00:00:00+00:00,52.31999969482422,52.31999969482422,52.31999969482422,52.31999969482422,2913800
2015-02-09 00:00:00+00:00,52.060001373291016,52.060001373291016,52.060001373291016,52.060001373291016,2759400
2015-02-10 00:00:00+00:00,54.0099983215332,54.0099983215332,54.0099983215332,54.0099983215332,1850700
2015-02-11 00:00:00+00:00,53.630001068115234,53.630001068115234,53.630001068115234,53.630001068115234,1890700
2015-02-12 00:00:00+00:00,57.0099983215332,57.0099983215332,57.0099983215332,57.0099983215332,1849800
2015-02-13 00:00:00+00:00,57.7400016784668,57.7400016784668,57.7400016784668,57.7400016784668,2358600
2015-02-17 00:00:00+00:00,57.560001373291016,57.560001373291016,57.560001373291016,57.560001373291016,983400
2015-02-18 00:00:00+00:00,57.95000076293945,57.95000076293945,57.95000076293945,57.95000076293945,1010900
2015-02-19 00:00:00+00:00,59.38999938964844,59.38999938964844,59.38999938964844,59.38999938964844,1346000
2015-02-20 00:00:00+00:00,61.41999816894531,61.41999816894531,61.41999816894531,61.41999816894531,2136800
2015-02-23 00:00:00+00:00,61.119998931884766,61.119998931884766,61.119998931884766,61.119998931884766,1152800
2015-02-24 00:00:00+00:00,63.720001220703125,63.720001220703125,63.720001220703125,63.720001220703125,1375500
2015-02-25 00:00:00+00:00,63.220001220703125,63.220001220703125,63.220001220703125,63.220001220703125,1962700
2015-02-26 00:00:00+00:00,63.93000030517578,63.93000030517578,63.93000030517578,63.93000030517578,1638000
2015-02-27 00:00:00+00:00,64.33000183105469,64.33000183105469,64.33000183105469,64.33000183105469,1461800
2015-03-02 00:00:00+00:00,66.45999908447266,66.45999908447266,66.45999908447266,66.45999908447266,1351200
2015-03-03 00:00:00+00:00,64.9800033569336,64.9800033569336,64.9800033569336,64.9800033569336,1415300
2015-03-04 00:00:00+00:00,65.13999938964844,65.13999938964844,65.13999938964844,65.13999938964844,1293100
2015-03-05 00:00:00+00:00,65.93000030517578,65.93000030517578,65.93000030517578,65.93000030517578,1424400
2015-03-06 00:00:00+00:00,62.97999954223633,62.97999954223633,62.97999954223633,62.97999954223633,2210800
2015-03-09 00:00:00+00:00,63.880001068115234,63.880001068115234,63.880001068115234,63.880001068115234,1182000
2015-03-10 00:00:00+00:00,61.79999923706055,61.79999923706055,61.79999923706055,61.79999923706055,1607800
2015-03-11 00:00:00+00:00,60.2599983215332,60.2599983215332,60.2599983215332,60.2599983215332,1387900
2015-03-12 00:00:00+00:00,63.84000015258789,63.84000015258789,63.84000015258789,63.84000015258789,1299300
2015-03-13 00:00:00+00:00,62.380001068115234,62.380001068115234,62.380001068115234,62.380001068115234,1797600
2015-03-16 00:00:00+00:00,63.86000061035156,63.86000061035156,63.86000061035156,63.86000061035156,1339500
2015-03-17 00:00:00+00:00,64.16999816894531,64.16999816894531,64.16999816894531,64.16999816894531,1079400
2015-03-18 00:00:00+00:00,66.98999786376953,66.98999786376953,66.98999786376953,66.98999786376953,1959700
2015-03-19 00:00:00+00:00,66.86000061035156,66.86000061035156,66.86000061035156,66.86000061035156,1373300
2015-03-20 00:00:00+00:00,67.9800033569336,67.9800033569336,67.9800033569336,67.9800033569336,2582800
2015-03-23 00:00:00+00:00,69.19999694824219,69.19999694824219,69.19999694824219,69.19999694824219,1014300
2015-03-24 00:00:00+00:00,69.4800033569336,69.4800033569336,69.4800033569336,69.4800033569336,1117400
2015-03-25 00:00:00+00:00,66.36000061035156,66.36000061035156,66.36000061035156,66.36000061035156,1706600
2015-03-26 00:00:00+00:00,66.9000015258789,66.9000015258789,66.9000015258789,66.9000015258789,1714400
2015-03-27 00:00:00+00:00,67.7300033569336,67.7300033569336,67.7300033569336,67.7300033569336,1167200
2015-03-30 00:00:00+00:00,69.73999786376953,69.73999786376953,69.73999786376953,69.73999786376953,1326200
2015-03-31 00:00:00+00:00,68.04000091552734,68.04000091552734,68.04000091552734,68.04000091552734,1140000
2015-04-01 00:00:00+00:00,68.0199966430664,68.0199966430664,68.0199966430664,68.0199966430664,1164100
2015-04-02 00:00:00+00:00,69.44000244140625,69.44000244140625,69.44000244140625,69.44000244140625,1240900
2015-04-06 00:00:00+00:00,70.98999786376953,70.98999786376953,70.98999786376953,70.98999786376953,875400
2015-04-07 00:00:00+00:00,71.12000274658203,71.12000274658203,71.12000274658203,71.12000274658203,622800
2015-04-08 00:00:00+00:00,72.44000244140625,72.44000244140625,72.44000244140625,72.44000244140625,1017000
2015-04-09 00:00:00+00:00,74.86000061035156,74.86000061035156,74.86000061035156,74.86000061035156,1244600
2015-04-10 00:00:00+00:00,78.33999633789062,78.33999633789062,78.33999633789062,78.33999633789062,1327700
2015-04-13 00:00:00+00:00,75.91000366210938,75.91000366210938,75.91000366210938,75.91000366210938,1296100
2015-04-14 00:00:00+00:00,76.75,76.75,76.75,76.75,1036400
2015-04-15 00:00:00+00:00,78.44999694824219,78.44999694824219,78.44999694824219,78.44999694824219,859500
2015-04-16 00:00:00+00:00,80.01000213623047,80.01000213623047,80.01000213623047,80.01000213623047,869800
2015-04-17 00:00:00+00:00,77.19000244140625,77.19000244140625,77.19000244140625,77.19000244140625,1747100
2015-04-20 00:00:00+00:00,79.87999725341797,79.87999725341797,79.87999725341797,79.87999725341797,892000
2015-04-21 00:00:00+00:00,79.80999755859375,79.80999755859375,79.80999755859375,79.80999755859375,1036700
2015-04-22 00:00:00+00:00,80.73999786376953,80.73999786376953,80.73999786376953,80.73999786376953,1019200
2015-04-23 00:00:00+00:00,81.51000213623047,81.51000213623047,81.51000213623047,81.51000213623047,1021000
2015-04-24 00:00:00+00:00,82.30999755859375,82.30999755859375,82.30999755859375,82.30999755859375,690000
2015-04-27 00:00:00+00:00,79.91999816894531,79.91999816894531,79.91999816894531,79.91999816894531,848500
2015-04-28 00:00:00+00:00,82.66999816894531,82.66999816894531,82.66999816894531,82.66999816894531,1282400
2015-04-29 00:00:00+00:00,80.4000015258789,80.4000015258789,80.4000015258789,80.4000015258789,1177300
2015-04-30 00:00:00+00:00,78.18000030517578,78.18000030517578,78.18000030517578,78.18000030517578,1208600
2015-05-01 00:00:00+00:00,81.95999908447266,81.95999908447266,81.95999908447266,81.95999908447266,1081300
2015-05-04 00:00:00+00:00,81.87000274658203,81.87000274658203,81.87000274658203,81.87000274658203,847600
2015-05-05 00:00:00+00:00,79.05000305175781,79.05000305175781,79.05000305175781,79.05000305175781,1202800
2015-05-06 00:00:00+00:00,77.7300033569336,77.7300033569336,77.7300033569336,77.7300033569336,1549100
2015-05-07 00:00:00+00:00,78.33999633789062,78.33999633789062,78.33999633789062,78.33999633789062,1540400
2015-05-08 00:00:00+00:00,82.44999694824219,82.44999694824219,82.44999694824219,82.44999694824219,1479900
2015-05-11 00:00:00+00:00,80.19999694824219,80.19999694824219,80.19999694824219,80.19999694824219,882600
2015-05-12 00:00:00+00:00,80.55000305175781,80.55000305175781,80.55000305175781,80.55000305175781,731000
2015-05-13 00:00:00+00:00,81.97000122070312,81.97000122070312,81.97000122070312,81.97000122070312,1004500
2015-05-14 00:00:00+00:00,83.63999938964844,83.63999938964844,83.63999938964844,83.63999938964844,925200
2015-05-15 00:00:00+00:00,84.30000305175781,84.30000305175781,84.30000305175781,84.30000305175781,1012800
2015-05-18 00:00:00+00:00,87.1500015258789,87.1500015258789,87.1500015258789,87.1500015258789,911800
2015-05-19 00:00:00+00:00,88.29000091552734,88.29000091552734,88.29000091552734,88.29000091552734,1380000
2015-05-20 00:00:00+00:00,88.05000305175781,88.05000305175781,88.05000305175781,88.05000305175781,984600
2015-05-21 00:00:00+00:00,90.5,90.5,90.5,90.5,934300
2015-05-22 00:00:00+00:00,90.31999969482422,90.31999969482422,90.31999969482422,90.31999969482422,860900
2015-05-26 00:00:00+00:00,86.80999755859375,86.80999755859375,86.80999755859375,86.80999755859375,1689100
2015-05-27 00:00:00+00:00,90.05000305175781,90.05000305175781,90.05000305175781,90.05000305175781,986900
2015-05-28 00:00:00+00:00,89.19000244140625,89.19000244140625,89.19000244140625,89.19000244140625,1065600
2015-05-29 00:00:00+00:00,88.5,88.5,88.5,88.5,1275700
2015-06-01 00:00:00+00:00,89.4000015258789,89.4000015258789,89.4000015258789,89.4000015258789,844100
2015-06-02 00:00:00+00:00,88.04000091552734,88.04000091552734,88.04000091552734,88.04000091552734,1149400
2015-06-03 00:00:00+00:00,89.5,89.5,89.5,89.5,760000
2015-06-04 00:00:00+00:00,86.43000030517578,86.43000030517578,86.43000030517578,86.43000030517578,1421500
2015-06-05 00:00:00+00:00,87.81999969482422,87.81999969482422,87.81999969482422,87.81999969482422,1151400
2015-06-08 00:00:00+00:00,85.98999786376953,85.98999786376953,85.98999786376953,85.98999786376953,1074100
2015-06-09 00:00:00+00:00,87.02999877929688,87.02999877929688,87.02999877929688,87.02999877929688,1173600
2015-06-10 00:00:00+00:00,90.7699966430664,90.7699966430664,90.7699966430664,90.7699966430664,1395200
2015-06-11 00:00:00+00:00,92.66999816894531,92.66999816894531,92.66999816894531,92.66999816894531,766300
2015-06-12 00:00:00+00:00,91.55000305175781,91.55000305175781,91.55000305175781,91.55000305175781,1250100
2015-06-15 00:00:00+00:00,87.5199966430664,87.5199966430664,87.5199966430664,87.5199966430664,1469000
2015-06-16 00:00:00+00:00,89.11000061035156,89.11000061035156,89.11000061035156,89.11000061035156,1261400
2015-06-17 00:00:00+00:00,89.33000183105469,89.33000183105469,89.33000183105469,89.33000183105469,1319800
2015-06-18 00:00:00+00:00,91.91999816894531,91.91999816894531,91.91999816894531,91.91999816894531,1174200
2015-06-19 00:00:00+00:00,90.88999938964844,90.88999938964844,90.88999938964844,90.88999938964844,1084500
2015-06-22 00:00:00+00:00,94.88999938964844,94.88999938964844,94.88999938964844,94.88999938964844,1037300
2015-06-23 00:00:00+00:00,97.4000015258789,97.4000015258789,97.4000015258789,97.4000015258789,978700
2015-06-24 00:00:00+00:00,95.44999694824219,95.44999694824219,95.44999694824219,95.44999694824219,966000
2015-06-25 00:00:00+00:00,94.5999984741211,94.5999984741211,94.5999984741211,94.5999984741211,919100
2015-06-26 00:00:00+00:00,95.12999725341797,95.12999725341797,95.12999725341797,95.12999725341797,1038700
2015-06-29 00:00:00+00:00,79.44000244140625,79.44000244140625,79.44000244140625,79.44000244140625,4092100
2015-06-30 00:00:00+00:00,79.05999755859375,79.05999755859375,79.05999755859375,79.05999755859375,3354000
2015-07-01 00:00:00+00:00,84.73999786376953,84.73999786376953,84.73999786376953,84.73999786376953,2438100
2015-07-02 00:00:00+00:00,79.47000122070312,79.47000122070312,79.47000122070312,79.47000122070312,2545300
2015-07-06 00:00:00+00:00,77.45999908447266,77.45999908447266,77.45999908447266,77.45999908447266,2665800
2015-07-07 00:00:00+00:00,81.51000213623047,81.51000213623047,81.51000213623047,81.51000213623047,3942700
2015-07-08 00:00:00+00:00,73.33999633789062,73.33999633789062,73.33999633789062,73.33999633789062,3374900
2015-07-09 00:00:00+00:00,72.68000030517578,72.68000030517578,72.68000030517578,72.68000030517578,3094300
2015-07-10 00:00:00+00:00,78.08000183105469,78.08000183105469,78.08000183105469,78.08000183105469,2786300
2015-07-13 00:00:00+00:00,85.68000030517578,85.68000030517578,85.68000030517578,85.68000030517578,1984100
2015-07-14 00:00:00+00:00,86.30999755859375,86.30999755859375,86.30999755859375,86.30999755859375,1390600
2015-07-15 00:00:00+00:00,86.47000122070312,86.47000122070312,86.47000122070312,86.47000122070312,1098000
2015-07-16 00:00:00+00:00,92.4800033569336,92.4800033569336,92.4800033569336,92.4800033569336,1531700
2015-07-17 00:00:00+00:00,93.12000274658203,93.12000274658203,93.12000274658203,93.12000274658203,1208000
2015-07-20 00:00:00+00:00,93.45999908447266,93.45999908447266,93.45999908447266,93.45999908447266,1241600
2015-07-21 00:00:00+00:00,94.16999816894531,94.16999816894531,94.16999816894531,94.16999816894531,1026500
2015-07-22 00:00:00+00:00,94.58999633789062,94.58999633789062,94.58999633789062,94.58999633789062,1202000
2015-07-23 00:00:00+00:00,93.51000213623047,93.51000213623047,93.51000213623047,93.51000213623047,1498900
2015-07-24 00:00:00+00:00,90.22000122070312,90.22000122070312,90.22000122070312,90.22000122070312,1816400
2015-07-27 00:00:00+00:00,85.54000091552734,85.54000091552734,85.54000091552734,85.54000091552734,2406600
2015-07-28 00:00:00+00:00,91.86000061035156,91.86000061035156,91.86000061035156,91.86000061035156,2204100
2015-07-29 00:00:00+00:00,93.22000122070312,93.22000122070312,93.22000122070312,93.22000122070312,1391100
2015-07-30 00:00:00+00:00,93.94000244140625,93.94000244140625,93.94000244140625,93.94000244140625,1267700
2015-07-31 00:00:00+00:00,94.0199966430664,94.0199966430664,94.0199966430664,94.0199966430664,1328200
2015-08-03 00:00:00+00:00,95.52999877929688,95.52999877929688,95.52999877929688,95.52999877929688,1407900
2015-08-04 00:00:00+00:00,94.97000122070312,94.97000122070312,94.97000122070312,94.97000122070312,1206700
2015-08-05 00:00:00+00:00,95.83999633789062,95.83999633789062,95.83999633789062,95.83999633789062,1421400
2015-08-06 00:00:00+00:00,92.33000183105469,92.33000183105469,92.33000183105469,92.33000183105469,1522400
2015-08-07 00:00:00+00:00,93.27999877929688,93.27999877929688,93.27999877929688,93.27999877929688,1501600
2015-08-10 00:00:00+00:00,96.76000213623047,96.76000213623047,96.76000213623047,96.76000213623047,1161300
2015-08-11 00:00:00+00:00,92.30999755859375,92.30999755859375,92.30999755859375,92.30999755859375,2232200
2015-08-12 00:00:00+00:00,92.44000244140625,92.44000244140625,92.44000244140625,92.44000244140625,2900900
2015-08-13 00:00:00+00:00,93.44000244140625,93.44000244140625,93.44000244140625,93.44000244140625,1797400
2015-08-14 00:00:00+00:00,93.66000366210938,93.66000366210938,93.66000366210938,93.66000366210938,1210800
2015-08-17 00:00:00+00:00,94.79000091552734,94.79000091552734,94.79000091552734,94.79000091552734,948800
2015-08-18 00:00:00+00:00,93.66999816894531,93.66999816894531,93.66999816894531,93.66999816894531,1142000
2015-08-19 00:00:00+00:00,91.83999633789062,91.83999633789062,91.83999633789062,91.83999633789062,2557000
2015-08-20 00:00:00+00:00,84.0999984741211,84.0999984741211,84.0999984741211,84.0999984741211,3289700
2015-08-21 00:00:00+00:00,70.38999938964844,70.38999938964844,70.38999938964844,70.38999938964844,7865500
2015-08-24 00:00:00+00:00,57.13999938964844,57.13999938964844,57.13999938964844,57.13999938964844,11526900
2015-08-25 00:00:00+00:00,51.15999984741211,51.15999984741211,51.15999984741211,51.15999984741211,7393200
2015-08-26 00:00:00+00:00,56.02000045776367,56.02000045776367,56.02000045776367,56.02000045776367,9725800
2015-08-27 00:00:00+00:00,54.79999923706055,54.79999923706055,54.79999923706055,54.79999923706055,8551500
2015-08-28 00:00:00+00:00,52.119998931884766,52.119998931884766,52.119998931884766,52.119998931884766,5482200
2015-08-31 00:00:00+00:00,50.060001373291016,50.060001373291016,50.060001373291016,50.060001373291016,4559200
2015-09-01 00:00:00+00:00,42.880001068115234,42.880001068115234,42.880001068115234,42.880001068115234,10280100
2015-09-02 00:00:00+00:00,47.88999938964844,47.88999938964844,47.88999938964844,47.88999938964844,7288100
2015-09-03 00:00:00+00:00,47.91999816894531,47.91999816894531,47.91999816894531,47.91999816894531,12413400
2015-09-04 00:00:00+00:00,44.400001525878906,44.400001525878906,44.400001525878906,44.400001525878906,12506100
2015-09-08 00:00:00+00:00,48.22999954223633,48.22999954223633,48.22999954223633,48.22999954223633,7181700
2015-09-09 00:00:00+00:00,47.08000183105469,47.08000183105469,47.08000183105469,47.08000183105469,11690200
2015-09-10 00:00:00+00:00,48.279998779296875,48.279998779296875,48.279998779296875,48.279998779296875,10911500
2015-09-11 00:00:00+00:00,49.380001068115234,49.380001068115234,49.380001068115234,49.380001068115234,4767300
2015-09-14 00:00:00+00:00,49.27000045776367,49.27000045776367,49.27000045776367,49.27000045776367,3858500
2015-09-15 00:00:00+00:00,54.27000045776367,54.27000045776367,54.27000045776367,54.27000045776367,6921000
2015-09-16 00:00:00+00:00,57.529998779296875,57.529998779296875,57.529998779296875,57.529998779296875,6306400
2015-09-17 00:00:00+00:00,57.5,57.5,57.5,57.5,9126100
2015-09-18 00:00:00+00:00,50.63999938964844,50.63999938964844,50.63999938964844,50.63999938964844,9224600
2015-09-21 00:00:00+00:00,54.290000915527344,54.290000915527344,54.290000915527344,54.290000915527344,4894800
2015-09-22 00:00:00+00:00,50.650001525878906,50.650001525878906,50.650001525878906,50.650001525878906,7766700
2015-09-23 00:00:00+00:00,51.63999938964844,51.63999938964844,51.63999938964844,51.63999938964844,4284900
2015-09-24 00:00:00+00:00,50.380001068115234,50.380001068115234,50.380001068115234,50.380001068115234,9938400
2015-09-25 00:00:00+00:00,49.09000015258789,49.09000015258789,49.09000015258789,49.09000015258789,6994400
2015-09-28 00:00:00+00:00,45.560001373291016,45.560001373291016,45.560001373291016,45.560001373291016,7957800
2015-09-29 00:00:00+00:00,45.4900016784668,45.4900016784668,45.4900016784668,45.4900016784668,7727500
2015-09-30 00:00:00+00:00,47.63999938964844,47.63999938964844,47.63999938964844,47.63999938964844,4194700
2015-10-01 00:00:00+00:00,48.22999954223633,48.22999954223633,48.22999954223633,48.22999954223633,4969200
2015-10-02 00:00:00+00:00,50.75,50.75,50.75,50.75,5414500
2015-10-05 00:00:00+00:00,53.650001525878906,53.650001525878906,53.650001525878906,53.650001525878906,4418900
2015-10-06 00:00:00+00:00,53.0,53.0,53.0,53.0,3676900
2015-10-07 00:00:00+00:00,54.20000076293945,54.20000076293945,54.20000076293945,54.20000076293945,2840500
2015-10-08 00:00:00+00:00,56.880001068115234,56.880001068115234,56.880001068115234,56.880001068115234,5656900
2015-10-09 00:00:00+00:00,56.880001068115234,56.880001068115234,56.880001068115234,56.880001068115234,5206700
2015-10-12 00:00:00+00:00,60.40999984741211,60.40999984741211,60.40999984741211,60.40999984741211,4266200
2015-10-13 00:00:00+00:00,57.0099983215332,57.0099983215332,57.0099983215332,57.0099983215332,5611600
2015-10-14 00:00:00+00:00,55.68000030517578,55.68000030517578,55.68000030517578,55.68000030517578,4498800
2015-10-15 00:00:00+00:00,59.70000076293945,59.70000076293945,59.70000076293945,59.70000076293945,4160000
2015-10-16 00:00:00+00:00,60.15999984741211,60.15999984741211,60.15999984741211,60.15999984741211,4421000
2015-10-19 00:00:00+00:00,64.5,64.5,64.5,64.5,4797900
2015-10-20 00:00:00+00:00,61.970001220703125,61.970001220703125,61.970001220703125,61.970001220703125,4745500
2015-10-21 00:00:00+00:00,57.7599983215332,57.7599983215332,57.7599983215332,57.7599983215332,4547100
2015-10-22 00:00:00+00:00,62.54999923706055,62.54999923706055,62.54999923706055,62.54999923706055,4778400
2015-10-23 00:00:00+00:00,61.720001220703125,61.720001220703125,61.720001220703125,61.720001220703125,5431800
2015-10-26 00:00:00+00:00,59.75,59.75,59.75,59.75,3044300
2015-10-27 00:00:00+00:00,60.91999816894531,60.91999816894531,60.91999816894531,60.91999816894531,3514000
2015-10-28 00:00:00+00:00,62.720001220703125,62.720001220703125,62.720001220703125,62.720001220703125,4082000
2015-10-29 00:00:00+00:00,61.86000061035156,61.86000061035156,61.86000061035156,61.86000061035156,3239700
2015-10-30 00:00:00+00:00,60.849998474121094,60.849998474121094,60.849998474121094,60.849998474121094,2530900
2015-11-02 00:00:00+00:00,63.97999954223633,63.97999954223633,63.97999954223633,63.97999954223633,2782800
2015-11-03 00:00:00+00:00,62.7400016784668,62.7400016784668,62.7400016784668,62.7400016784668,2705000
2015-11-04 00:00:00+00:00,60.689998626708984,60.689998626708984,60.689998626708984,60.689998626708984,3106800
2015-11-05 00:00:00+00:00,61.900001525878906,61.900001525878906,61.900001525878906,61.900001525878906,3027300
2015-11-06 00:00:00+00:00,63.189998626708984,63.189998626708984,63.189998626708984,63.189998626708984,3531300
2015-11-09 00:00:00+00:00,59.7400016784668,59.7400016784668,59.7400016784668,59.7400016784668,4617600
2015-11-10 00:00:00+00:00,61.400001525878906,61.400001525878906,61.400001525878906,61.400001525878906,2348800
2015-11-11 00:00:00+00:00,59.97999954223633,59.97999954223633,59.97999954223633,59.97999954223633,2823900
2015-11-12 00:00:00+00:00,54.7400016784668,54.7400016784668,54.7400016784668,54.7400016784668,5255000
2015-11-13 00:00:00+00:00,50.959999084472656,50.959999084472656,50.959999084472656,50.959999084472656,6737600
2015-11-16 00:00:00+00:00,56.15999984741211,56.15999984741211,56.15999984741211,56.15999984741211,6205300
2015-11-17 00:00:00+00:00,53.0,53.0,53.0,53.0,8067300
2015-11-18 00:00:00+00:00,56.720001220703125,56.720001220703125,56.720001220703125,56.720001220703125,4190000
2015-11-19 00:00:00+00:00,54.83000183105469,54.83000183105469,54.83000183105469,54.83000183105469,3433900
2015-11-20 00:00:00+00:00,56.650001525878906,56.650001525878906,56.650001525878906,56.650001525878906,3186100
2015-11-23 00:00:00+00:00,58.15999984741211,58.15999984741211,58.15999984741211,58.15999984741211,3256300
2015-11-24 00:00:00+00:00,57.86000061035156,57.86000061035156,57.86000061035156,57.86000061035156,3612400
2015-11-25 00:00:00+00:00,58.63999938964844,58.63999938964844,58.63999938964844,58.63999938964844,2104300
2015-11-27 00:00:00+00:00,58.08000183105469,58.08000183105469,58.08000183105469,58.08000183105469,861600
2015-11-30 00:00:00+00:00,58.41999816894531,58.41999816894531,58.41999816894531,58.41999816894531,3227800
2015-12-01 00:00:00+00:00,60.900001525878906,60.900001525878906,60.900001525878906,60.900001525878906,2682500
2015-12-02 00:00:00+00:00,58.5,58.5,58.5,58.5,4493500
2015-12-03 00:00:00+00:00,54.20000076293945,54.20000076293945,54.20000076293945,54.20000076293945,6732100
2015-12-04 00:00:00+00:00,59.40999984741211,59.40999984741211,59.40999984741211,59.40999984741211,5051700
2015-12-07 00:00:00+00:00,57.7400016784668,57.7400016784668,57.7400016784668,57.7400016784668,4778700
2015-12-08 00:00:00+00:00,56.040000915527344,56.040000915527344,56.040000915527344,56.040000915527344,6174500
2015-12-09 00:00:00+00:00,53.66999816894531,53.66999816894531,53.66999816894531,53.66999816894531,7133300
2015-12-10 00:00:00+00:00,52.9900016784668,52.9900016784668,52.9900016784668,52.9900016784668,4957000
2015-12-11 00:00:00+00:00,45.13999938964844,45.13999938964844,45.13999938964844,45.13999938964844,9286000
2015-12-14 00:00:00+00:00,48.02000045776367,48.02000045776367,48.02000045776367,48.02000045776367,8263200
2015-12-15 00:00:00+00:00,50.060001373291016,50.060001373291016,50.060001373291016,50.060001373291016,6017300
2015-12-16 00:00:00+00:00,53.380001068115234,53.380001068115234,53.380001068115234,53.380001068115234,7564500
2015-12-17 00:00:00+00:00,51.20000076293945,51.20000076293945,51.20000076293945,51.20000076293945,6476400
2015-12-18 00:00:00+00:00,47.18000030517578,47.18000030517578,47.18000030517578,47.18000030517578,7668100
2015-12-21 00:00:00+00:00,49.22999954223633,49.22999954223633,49.22999954223633,49.22999954223633,6430000
2015-12-22 00:00:00+00:00,51.650001525878906,51.650001525878906,51.650001525878906,51.650001525878906,5108900
2015-12-23 00:00:00+00:00,52.810001373291016,52.810001373291016,52.810001373291016,52.810001373291016,3845200
2015-12-24 00:00:00+00:00,51.84000015258789,51.84000015258789,51.84000015258789,51.84000015258789,1712000
2015-12-28 00:00:00+00:00,52.400001525878906,52.400001525878906,52.400001525878906,52.400001525878906,3482000
2015-12-29 00:00:00+00:00,53.400001525878906,53.400001525878906,53.400001525878906,53.400001525878906,2135100
2015-12-30 00:00:00+00:00,51.709999084472656,51.709999084472656,51.709999084472656,51.709999084472656,2479100
2015-12-31 00:00:00+00:00,50.45000076293945,50.45000076293945,50.45000076293945,50.45000076293945,2961600
2016-01-04 00:00:00+00:00,47.2599983215332,47.2599983215332,47.2599983215332,47.2599983215332,8187400
2016-01-05 00:00:00+00:00,48.86000061035156,48.86000061035156,48.86000061035156,48.86000061035156,4732100
2016-01-06 00:00:00+00:00,47.38999938964844,47.38999938964844,47.38999938964844,47.38999938964844,6404900
2016-01-07 00:00:00+00:00,42.34000015258789,42.34000015258789,42.34000015258789,42.34000015258789,13007900
2016-01-08 00:00:00+00:00,39.869998931884766,39.869998931884766,39.869998931884766,39.869998931884766,8732400
2016-01-11 00:00:00+00:00,41.040000915527344,41.040000915527344,41.040000915527344,41.040000915527344,12763300
2016-01-12 00:00:00+00:00,43.0099983215332,43.0099983215332,43.0099983215332,43.0099983215332,12459600
2016-01-13 00:00:00+00:00,38.599998474121094,38.599998474121094,38.599998474121094,38.599998474121094,13753300
2016-01-14 00:00:00+00:00,40.029998779296875,40.029998779296875,40.029998779296875,40.029998779296875,11904100
2016-01-15 00:00:00+00:00,36.029998779296875,36.029998779296875,36.029998779296875,36.029998779296875,17398200
2016-01-19 00:00:00+00:00,36.0099983215332,36.0099983215332,36.0099983215332,36.0099983215332,12096500
2016-01-20 00:00:00+00:00,35.11000061035156,35.11000061035156,35.11000061035156,35.11000061035156,19858700
2016-01-21 00:00:00+00:00,35.25,35.25,35.25,35.25,12874500
2016-01-22 00:00:00+00:00,38.189998626708984,38.189998626708984,38.189998626708984,38.189998626708984,10201900
2016-01-25 00:00:00+00:00,36.209999084472656,36.209999084472656,36.209999084472656,36.209999084472656,9370500
2016-01-26 00:00:00+00:00,37.93000030517578,37.93000030517578,37.93000030517578,37.93000030517578,8822800
2016-01-27 00:00:00+00:00,36.380001068115234,36.380001068115234,36.380001068115234,36.380001068115234,12765500
2016-01-28 00:00:00+00:00,37.619998931884766,37.619998931884766,37.619998931884766,37.619998931884766,9109900
2016-01-29 00:00:00+00:00,39.119998931884766,39.119998931884766,39.119998931884766,39.119998931884766,7568400
2016-02-01 00:00:00+00:00,39.560001373291016,39.560001373291016,39.560001373291016,39.560001373291016,7473200
2016-02-02 00:00:00+00:00,36.86000061035156,36.86000061035156,36.86000061035156,36.86000061035156,11439100
2016-02-03 00:00:00+00:00,37.34000015258789,37.34000015258789,37.34000015258789,37.34000015258789,11075500
2016-02-04 00:00:00+00:00,36.93000030517578,36.93000030517578,36.93000030517578,36.93000030517578,7307400
2016-02-05 00:00:00+00:00,35.470001220703125,35.470001220703125,35.470001220703125,35.470001220703125,9633400
2016-02-08 00:00:00+00:00,33.7599983215332,33.7599983215332,33.7599983215332,33.7599983215332,11516300
2016-02-09 00:00:00+00:00,33.5099983215332,33.5099983215332,33.5099983215332,33.5099983215332,9388200
2016-02-10 00:00:00+00:00,33.25,33.25,33.25,33.25,6895500
2016-02-11 00:00:00+00:00,31.229999542236328,31.229999542236328,31.229999542236328,31.229999542236328,13141900
2016-02-12 00:00:00+00:00,32.58000183105469,32.58000183105469,32.58000183105469,32.58000183105469,6398000
2016-02-16 00:00:00+00:00,34.06999969482422,34.06999969482422,34.06999969482422,34.06999969482422,6704700
2016-02-17 00:00:00+00:00,35.400001525878906,35.400001525878906,35.400001525878906,35.400001525878906,5058500
2016-02-18 00:00:00+00:00,35.47999954223633,35.47999954223633,35.47999954223633,35.47999954223633,8096600
2016-02-19 00:00:00+00:00,36.43000030517578,36.43000030517578,36.43000030517578,36.43000030517578,10575700
2016-02-22 00:00:00+00:00,38.5,38.5,38.5,38.5,8469500
2016-02-23 00:00:00+00:00,36.56999969482422,36.56999969482422,36.56999969482422,36.56999969482422,6219300
2016-02-24 00:00:00+00:00,36.779998779296875,36.779998779296875,36.779998779296875,36.779998779296875,10021500
2016-02-25 00:00:00+00:00,38.060001373291016,38.060001373291016,38.060001373291016,38.060001373291016,6015700
2016-02-26 00:00:00+00:00,37.5,37.5,37.5,37.5,7333200
2016-02-29 00:00:00+00:00,36.880001068115234,36.880001068115234,36.880001068115234,36.880001068115234,6012700
2016-03-01 00:00:00+00:00,40.09000015258789,40.09000015258789,40.09000015258789,40.09000015258789,5830500
2016-03-02 00:00:00+00:00,40.7599983215332,40.7599983215332,40.7599983215332,40.7599983215332,5870700
2016-03-03 00:00:00+00:00,42.060001373291016,42.060001373291016,42.060001373291016,42.060001373291016,7491400
2016-03-04 00:00:00+00:00,41.54999923706055,41.54999923706055,41.54999923706055,41.54999923706055,7150900
2016-03-07 00:00:00+00:00,41.40999984741211,41.40999984741211,41.40999984741211,41.40999984741211,5589400
2016-03-08 00:00:00+00:00,39.790000915527344,39.790000915527344,39.790000915527344,39.790000915527344,6284700
2016-03-09 00:00:00+00:00,40.34000015258789,40.34000015258789,40.34000015258789,40.34000015258789,5470400
2016-03-10 00:00:00+00:00,41.040000915527344,41.040000915527344,41.040000915527344,41.040000915527344,11893100
2016-03-11 00:00:00+00:00,43.150001525878906,43.150001525878906,43.150001525878906,43.150001525878906,7340400
2016-03-14 00:00:00+00:00,43.83000183105469,43.83000183105469,43.83000183105469,43.83000183105469,6340100
2016-03-15 00:00:00+00:00,43.209999084472656,43.209999084472656,43.209999084472656,43.209999084472656,7154100
2016-03-16 00:00:00+00:00,44.779998779296875,44.779998779296875,44.779998779296875,44.779998779296875,9594100
2016-03-17 00:00:00+00:00,46.09000015258789,46.09000015258789,46.09000015258789,46.09000015258789,6559700
2016-03-18 00:00:00+00:00,46.45000076293945,46.45000076293945,46.45000076293945,46.45000076293945,7154000
2016-03-21 00:00:00+00:00,47.75,47.75,47.75,47.75,6018000
2016-03-22 00:00:00+00:00,48.369998931884766,48.369998931884766,48.369998931884766,48.369998931884766,6418800
2016-03-23 00:00:00+00:00,46.04999923706055,46.04999923706055,46.04999923706055,46.04999923706055,5620800
2016-03-24 00:00:00+00:00,46.290000915527344,46.290000915527344,46.290000915527344,46.290000915527344,4947600
2016-03-28 00:00:00+00:00,46.939998626708984,46.939998626708984,46.939998626708984,46.939998626708984,3752200
2016-03-29 00:00:00+00:00,49.65999984741211,49.65999984741211,49.65999984741211,49.65999984741211,4717500
2016-03-30 00:00:00+00:00,50.880001068115234,50.880001068115234,50.880001068115234,50.880001068115234,5960800
2016-03-31 00:00:00+00:00,50.529998779296875,50.529998779296875,50.529998779296875,50.529998779296875,4834600
2016-04-01 00:00:00+00:00,52.0,52.0,52.0,52.0,5771100
2016-04-04 00:00:00+00:00,50.560001373291016,50.560001373291016,50.560001373291016,50.560001373291016,5019600
2016-04-05 00:00:00+00:00,47.63999938964844,47.63999938964844,47.63999938964844,47.63999938964844,6779300
2016-04-06 00:00:00+00:00,50.79999923706055,50.79999923706055,50.79999923706055,50.79999923706055,6802800
2016-04-07 00:00:00+00:00,46.08000183105469,46.08000183105469,46.08000183105469,46.08000183105469,7828300
2016-04-08 00:00:00+00:00,47.31999969482422,47.31999969482422,47.31999969482422,47.31999969482422,4765200
2016-04-11 00:00:00+00:00,46.61000061035156,46.61000061035156,46.61000061035156,46.61000061035156,7945300
2016-04-12 00:00:00+00:00,48.13999938964844,48.13999938964844,48.13999938964844,48.13999938964844,6728400
2016-04-13 00:00:00+00:00,50.56999969482422,50.56999969482422,50.56999969482422,50.56999969482422,7916800
2016-04-14 00:00:00+00:00,50.7400016784668,50.7400016784668,50.7400016784668,50.7400016784668,7291600
2016-04-15 00:00:00+00:00,51.40999984741211,51.40999984741211,51.40999984741211,51.40999984741211,6777900
2016-04-18 00:00:00+00:00,54.630001068115234,54.630001068115234,54.630001068115234,54.630001068115234,6972400
2016-04-19 00:00:00+00:00,54.150001525878906,54.150001525878906,54.150001525878906,54.150001525878906,6980100
2016-04-20 00:00:00+00:00,53.86000061035156,53.86000061035156,53.86000061035156,53.86000061035156,4929800
2016-04-21 00:00:00+00:00,52.86000061035156,52.86000061035156,52.86000061035156,52.86000061035156,4519500
2016-04-22 00:00:00+00:00,54.18000030517578,54.18000030517578,54.18000030517578,54.18000030517578,4134300
2016-04-25 00:00:00+00:00,53.439998626708984,53.439998626708984,53.439998626708984,53.439998626708984,4276400
2016-04-26 00:00:00+00:00,54.63999938964844,54.63999938964844,54.63999938964844,54.63999938964844,3517300
2016-04-27 00:00:00+00:00,56.220001220703125,56.220001220703125,56.220001220703125,56.220001220703125,4944200
2016-04-28 00:00:00+00:00,52.88999938964844,52.88999938964844,52.88999938964844,52.88999938964844,6294100
2016-04-29 00:00:00+00:00,51.130001068115234,51.130001068115234,51.130001068115234,51.130001068115234,8566000
2016-05-02 00:00:00+00:00,54.29999923706055,54.29999923706055,54.29999923706055,54.29999923706055,4454700
2016-05-03 00:00:00+00:00,51.810001373291016,51.810001373291016,51.810001373291016,51.810001373291016,6410900
2016-05-04 00:00:00+00:00,51.150001525878906,51.150001525878906,51.150001525878906,51.150001525878906,5583300
2016-05-05 00:00:00+00:00,51.2400016784668,51.2400016784668,51.2400016784668,51.2400016784668,5186600
2016-05-06 00:00:00+00:00,53.560001373291016,53.560001373291016,53.560001373291016,53.560001373291016,5739400
2016-05-09 00:00:00+00:00,54.7599983215332,54.7599983215332,54.7599983215332,54.7599983215332,6123200
2016-05-10 00:00:00+00:00,57.459999084472656,57.459999084472656,57.459999084472656,57.459999084472656,5423600
2016-05-11 00:00:00+00:00,55.36000061035156,55.36000061035156,55.36000061035156,55.36000061035156,7167400
2016-05-12 00:00:00+00:00,56.0,56.0,56.0,56.0,6433800
2016-05-13 00:00:00+00:00,53.93000030517578,53.93000030517578,53.93000030517578,53.93000030517578,7469100
2016-05-16 00:00:00+00:00,56.45000076293945,56.45000076293945,56.45000076293945,56.45000076293945,5446300
2016-05-17 00:00:00+00:00,53.97999954223633,53.97999954223633,53.97999954223633,53.97999954223633,8224700
2016-05-18 00:00:00+00:00,54.209999084472656,54.209999084472656,54.209999084472656,54.209999084472656,10283900
2016-05-19 00:00:00+00:00,53.97999954223633,53.97999954223633,53.97999954223633,53.97999954223633,9624900
2016-05-20 00:00:00+00:00,55.86000061035156,55.86000061035156,55.86000061035156,55.86000061035156,7930300
2016-05-23 00:00:00+00:00,56.22999954223633,56.22999954223633,56.22999954223633,56.22999954223633,6384100
2016-05-24 00:00:00+00:00,58.45000076293945,58.45000076293945,58.45000076293945,58.45000076293945,7349400
2016-05-25 00:00:00+00:00,59.560001373291016,59.560001373291016,59.560001373291016,59.560001373291016,8078000
2016-05-26 00:00:00+00:00,60.16999816894531,60.16999816894531,60.16999816894531,60.16999816894531,5879000
2016-05-27 00:00:00+00:00,61.869998931884766,61.869998931884766,61.869998931884766,61.869998931884766,6192400
2016-05-31 00:00:00+00:00,61.91999816894531,61.91999816894531,61.91999816894531,61.91999816894531,7262000
2016-06-01 00:00:00+00:00,62.34000015258789,62.34000015258789,62.34000015258789,62.34000015258789,5988200
2016-06-02 00:00:00+00:00,64.06999969482422,64.06999969482422,64.06999969482422,64.06999969482422,5936900
2016-06-03 00:00:00+00:00,64.37999725341797,64.37999725341797,64.37999725341797,64.37999725341797,6367900
2016-06-06 00:00:00+00:00,65.19000244140625,65.19000244140625,65.19000244140625,65.19000244140625,6102900
2016-06-07 00:00:00+00:00,65.1500015258789,65.1500015258789,65.1500015258789,65.1500015258789,6625400
2016-06-08 00:00:00+00:00,64.72000122070312,64.72000122070312,64.72000122070312,64.72000122070312,6429400
2016-06-09 00:00:00+00:00,63.4900016784668,63.4900016784668,63.4900016784668,63.4900016784668,6110400
2016-06-10 00:00:00+00:00,57.75,57.75,57.75,57.75,8496400
2016-06-13 00:00:00+00:00,49.06999969482422,49.06999969482422,49.06999969482422,49.06999969482422,11212100
2016-06-14 00:00:00+00:00,50.119998931884766,50.119998931884766,50.119998931884766,50.119998931884766,15156100
2016-06-15 00:00:00+00:00,50.61000061035156,50.61000061035156,50.61000061035156,50.61000061035156,10235400
2016-06-16 00:00:00+00:00,51.970001220703125,51.970001220703125,51.970001220703125,51.970001220703125,17536900
2016-06-17 00:00:00+00:00,52.04999923706055,52.04999923706055,52.04999923706055,52.04999923706055,9162000
2016-06-20 00:00:00+00:00,55.540000915527344,55.540000915527344,55.540000915527344,55.540000915527344,9540400
2016-06-21 00:00:00+00:00,55.18000030517578,55.18000030517578,55.18000030517578,55.18000030517578,7292500
2016-06-22 00:00:00+00:00,53.36000061035156,53.36000061035156,53.36000061035156,53.36000061035156,9228700
2016-06-23 00:00:00+00:00,58.459999084472656,58.459999084472656,58.459999084472656,58.459999084472656,9355000
2016-06-24 00:00:00+00:00,43.0,43.0,43.0,43.0,22810600
2016-06-27 00:00:00+00:00,41.88999938964844,41.88999938964844,41.88999938964844,41.88999938964844,18497900
2016-06-28 00:00:00+00:00,45.43000030517578,45.43000030517578,45.43000030517578,45.43000030517578,17209600
2016-06-29 00:00:00+00:00,47.689998626708984,47.689998626708984,47.689998626708984,47.689998626708984,11813800
2016-06-30 00:00:00+00:00,49.060001373291016,49.060001373291016,49.060001373291016,49.060001373291016,9231500
2016-07-01 00:00:00+00:00,50.61000061035156,50.61000061035156,50.61000061035156,50.61000061035156,8972300
2016-07-05 00:00:00+00:00,49.630001068115234,49.630001068115234,49.630001068115234,49.630001068115234,10058200
2016-07-06 00:00:00+00:00,50.9900016784668,50.9900016784668,50.9900016784668,50.9900016784668,11390800
2016-07-07 00:00:00+00:00,51.810001373291016,51.810001373291016,51.810001373291016,51.810001373291016,9826900
2016-07-08 00:00:00+00:00,55.209999084472656,55.209999084472656,55.209999084472656,55.209999084472656,9319700
2016-07-11 00:00:00+00:00,55.20000076293945,55.20000076293945,55.20000076293945,55.20000076293945,7643800
2016-07-12 00:00:00+00:00,56.47999954223633,56.47999954223633,56.47999954223633,56.47999954223633,7720900
2016-07-13 00:00:00+00:00,57.40999984741211,57.40999984741211,57.40999984741211,57.40999984741211,5821800
2016-07-14 00:00:00+00:00,57.45000076293945,57.45000076293945,57.45000076293945,57.45000076293945,6930300
2016-07-15 00:00:00+00:00,57.72999954223633,57.72999954223633,57.72999954223633,57.72999954223633,6608300
2016-07-18 00:00:00+00:00,58.720001220703125,58.720001220703125,58.720001220703125,58.720001220703125,6215200
2016-07-19 00:00:00+00:00,58.77000045776367,58.77000045776367,58.77000045776367,58.77000045776367,7667400
2016-07-20 00:00:00+00:00,60.470001220703125,60.470001220703125,60.470001220703125,60.470001220703125,5946000
2016-07-21 00:00:00+00:00,58.72999954223633,58.72999954223633,58.72999954223633,58.72999954223633,6393100
2016-07-22 00:00:00+00:00,60.06999969482422,60.06999969482422,60.06999969482422,60.06999969482422,5117900
2016-07-25 00:00:00+00:00,60.439998626708984,60.439998626708984,60.439998626708984,60.439998626708984,7954600
2016-07-26 00:00:00+00:00,61.029998779296875,61.029998779296875,61.029998779296875,61.029998779296875,7058500
2016-07-27 00:00:00+00:00,62.380001068115234,62.380001068115234,62.380001068115234,62.380001068115234,6585400
2016-07-28 00:00:00+00:00,63.52000045776367,63.52000045776367,63.52000045776367,63.52000045776367,4761200
2016-07-29 00:00:00+00:00,65.72000122070312,65.72000122070312,65.72000122070312,65.72000122070312,5579200
2016-08-01 00:00:00+00:00,66.79000091552734,66.79000091552734,66.79000091552734,66.79000091552734,4899200
2016-08-02 00:00:00+00:00,64.27999877929688,64.27999877929688,64.27999877929688,64.27999877929688,9836000
2016-08-03 00:00:00+00:00,65.93000030517578,65.93000030517578,65.93000030517578,65.93000030517578,6127600
2016-08-04 00:00:00+00:00,67.7300033569336,67.7300033569336,67.7300033569336,67.7300033569336,4738200
2016-08-05 00:00:00+00:00,70.05000305175781,70.05000305175781,70.05000305175781,70.05000305175781,4567900
2016-08-08 00:00:00+00:00,71.5999984741211,71.5999984741211,71.5999984741211,71.5999984741211,4182000
2016-08-09 00:00:00+00:00,72.76000213623047,72.76000213623047,72.76000213623047,72.76000213623047,5182600
2016-08-10 00:00:00+00:00,71.0199966430664,71.0199966430664,71.0199966430664,71.0199966430664,5222600
2016-08-11 00:00:00+00:00,71.4000015258789,71.4000015258789,71.4000015258789,71.4000015258789,4167200
2016-08-12 00:00:00+00:00,72.11000061035156,72.11000061035156,72.11000061035156,72.11000061035156,4061300
2016-08-15 00:00:00+00:00,73.23999786376953,73.23999786376953,73.23999786376953,73.23999786376953,2610900
2016-08-16 00:00:00+00:00,70.73999786376953,70.73999786376953,70.73999786376953,70.73999786376953,3169800
2016-08-17 00:00:00+00:00,72.54000091552734,72.54000091552734,72.54000091552734,72.54000091552734,4619200
2016-08-18 00:00:00+00:00,73.81999969482422,73.81999969482422,73.81999969482422,73.81999969482422,2755400
2016-08-19 00:00:00+00:00,73.44000244140625,73.44000244140625,73.44000244140625,73.44000244140625,3698200
2016-08-22 00:00:00+00:00,73.20999908447266,73.20999908447266,73.20999908447266,73.20999908447266,3644800
2016-08-23 00:00:00+00:00,73.41000366210938,73.41000366210938,73.41000366210938,73.41000366210938,2645000
2016-08-24 00:00:00+00:00,71.73999786376953,71.73999786376953,71.73999786376953,71.73999786376953,3231600
2016-08-25 00:00:00+00:00,71.66999816894531,71.66999816894531,71.66999816894531,71.66999816894531,3023000
2016-08-26 00:00:00+00:00,71.44999694824219,71.44999694824219,71.44999694824219,71.44999694824219,6299700
2016-08-29 00:00:00+00:00,72.91999816894531,72.91999816894531,72.91999816894531,72.91999816894531,2641600
2016-08-30 00:00:00+00:00,73.4800033569336,73.4800033569336,73.4800033569336,73.4800033569336,3018400
2016-08-31 00:00:00+00:00,73.01000213623047,73.01000213623047,73.01000213623047,73.01000213623047,3438900
2016-09-01 00:00:00+00:00,73.41999816894531,73.41999816894531,73.41999816894531,73.41999816894531,5235500
2016-09-02 00:00:00+00:00,76.0999984741211,76.0999984741211,76.0999984741211,76.0999984741211,3295000
2016-09-06 00:00:00+00:00,78.08999633789062,78.08999633789062,78.08999633789062,78.08999633789062,2747700
2016-09-07 00:00:00+00:00,79.08000183105469,79.08000183105469,79.08000183105469,79.08000183105469,2642500
2016-09-08 00:00:00+00:00,78.80000305175781,78.80000305175781,78.80000305175781,78.80000305175781,3838100
2016-09-09 00:00:00+00:00,66.16999816894531,66.16999816894531,66.16999816894531,66.16999816894531,12314200
2016-09-12 00:00:00+00:00,70.69999694824219,70.69999694824219,70.69999694824219,70.69999694824219,7322200
2016-09-13 00:00:00+00:00,61.43000030517578,61.43000030517578,61.43000030517578,61.43000030517578,13519800
2016-09-14 00:00:00+00:00,62.040000915527344,62.040000915527344,62.040000915527344,62.040000915527344,7450000
2016-09-15 00:00:00+00:00,64.27999877929688,64.27999877929688,64.27999877929688,64.27999877929688,7070400
2016-09-16 00:00:00+00:00,65.08999633789062,65.08999633789062,65.08999633789062,65.08999633789062,6622000
2016-09-19 00:00:00+00:00,66.73999786376953,66.73999786376953,66.73999786376953,66.73999786376953,6587700
2016-09-20 00:00:00+00:00,67.2300033569336,67.2300033569336,67.2300033569336,67.2300033569336,4613900
2016-09-21 00:00:00+00:00,72.2300033569336,72.2300033569336,72.2300033569336,72.2300033569336,8387400
2016-09-22 00:00:00+00:00,74.77999877929688,74.77999877929688,74.77999877929688,74.77999877929688,4533600
2016-09-23 00:00:00+00:00,74.12999725341797,74.12999725341797,74.12999725341797,74.12999725341797,3934900
2016-09-26 00:00:00+00:00,70.18000030517578,70.18000030517578,70.18000030517578,70.18000030517578,5348300
2016-09-27 00:00:00+00:00,73.91999816894531,73.91999816894531,73.91999816894531,73.91999816894531,4729700
2016-09-28 00:00:00+00:00,74.72000122070312,74.72000122070312,74.72000122070312,74.72000122070312,4409800
2016-09-29 00:00:00+00:00,70.0199966430664,70.0199966430664,70.0199966430664,70.0199966430664,11443100
2016-09-30 00:00:00+00:00,73.20999908447266,73.20999908447266,73.20999908447266,73.20999908447266,4991900
2016-10-03 00:00:00+00:00,73.5199966430664,73.5199966430664,73.5199966430664,73.5199966430664,3672900
2016-10-04 00:00:00+00:00,73.72000122070312,73.72000122070312,73.72000122070312,73.72000122070312,6401200
2016-10-05 00:00:00+00:00,74.37999725341797,74.37999725341797,74.37999725341797,74.37999725341797,2802400
2016-10-06 00:00:00+00:00,74.95999908447266,74.95999908447266,74.95999908447266,74.95999908447266,2593400
2016-10-07 00:00:00+00:00,74.86000061035156,74.86000061035156,74.86000061035156,74.86000061035156,5093600
2016-10-10 00:00:00+00:00,76.44000244140625,76.44000244140625,76.44000244140625,76.44000244140625,2232900
2016-10-11 00:00:00+00:00,72.18000030517578,72.18000030517578,72.18000030517578,72.18000030517578,8115000
2016-10-12 00:00:00+00:00,72.11000061035156,72.11000061035156,72.11000061035156,72.11000061035156,5369300
2016-10-13 00:00:00+00:00,69.91999816894531,69.91999816894531,69.91999816894531,69.91999816894531,7738200
2016-10-14 00:00:00+00:00,70.70999908447266,70.70999908447266,70.70999908447266,70.70999908447266,5888500
2016-10-17 00:00:00+00:00,71.01000213623047,71.01000213623047,71.01000213623047,71.01000213623047,4506900
2016-10-18 00:00:00+00:00,73.91000366210938,73.91000366210938,73.91000366210938,73.91000366210938,3645800
2016-10-19 00:00:00+00:00,75.61000061035156,75.61000061035156,75.61000061035156,75.61000061035156,3738600
2016-10-20 00:00:00+00:00,76.55000305175781,76.55000305175781,76.55000305175781,76.55000305175781,3838700
2016-10-21 00:00:00+00:00,78.18000030517578,78.18000030517578,78.18000030517578,78.18000030517578,3471000
2016-10-24 00:00:00+00:00,80.94000244140625,80.94000244140625,80.94000244140625,80.94000244140625,2169500
2016-10-25 00:00:00+00:00,80.06999969482422,80.06999969482422,80.06999969482422,80.06999969482422,3318700
2016-10-26 00:00:00+00:00,78.0999984741211,78.0999984741211,78.0999984741211,78.0999984741211,4409100
2016-10-27 00:00:00+00:00,76.75,76.75,76.75,76.75,5306100
2016-10-28 00:00:00+00:00,73.45999908447266,73.45999908447266,73.45999908447266,73.45999908447266,9409800
2016-10-31 00:00:00+00:00,71.81999969482422,71.81999969482422,71.81999969482422,71.81999969482422,3734100
2016-11-01 00:00:00+00:00,69.83000183105469,69.83000183105469,69.83000183105469,69.83000183105469,10611500
2016-11-02 00:00:00+00:00,68.1500015258789,68.1500015258789,68.1500015258789,68.1500015258789,5277100
2016-11-03 00:00:00+00:00,64.47000122070312,64.47000122070312,64.47000122070312,64.47000122070312,6479900
2016-11-04 00:00:00+00:00,64.31999969482422,64.31999969482422,64.31999969482422,64.31999969482422,6489600
2016-11-07 00:00:00+00:00,72.4800033569336,72.4800033569336,72.4800033569336,72.4800033569336,6118100
2016-11-08 00:00:00+00:00,74.37000274658203,74.37000274658203,74.37000274658203,74.37000274658203,5960600
2016-11-09 00:00:00+00:00,76.16000366210938,76.16000366210938,76.16000366210938,76.16000366210938,10824200
2016-11-10 00:00:00+00:00,74.0,74.0,74.0,74.0,7989400
2016-11-11 00:00:00+00:00,75.79000091552734,75.79000091552734,75.79000091552734,75.79000091552734,4621600
2016-11-14 00:00:00+00:00,76.08000183105469,76.08000183105469,76.08000183105469,76.08000183105469,4999000
2016-11-15 00:00:00+00:00,79.33000183105469,79.33000183105469,79.33000183105469,79.33000183105469,4115400
2016-11-16 00:00:00+00:00,78.83000183105469,78.83000183105469,78.83000183105469,78.83000183105469,4270600
2016-11-17 00:00:00+00:00,81.0999984741211,81.0999984741211,81.0999984741211,81.0999984741211,4304000
2016-11-18 00:00:00+00:00,81.45999908447266,81.45999908447266,81.45999908447266,81.45999908447266,4291800
2016-11-21 00:00:00+00:00,85.16999816894531,85.16999816894531,85.16999816894531,85.16999816894531,2886500
2016-11-22 00:00:00+00:00,84.70999908447266,84.70999908447266,84.70999908447266,84.70999908447266,3286700
2016-11-23 00:00:00+00:00,84.51000213623047,84.51000213623047,84.51000213623047,84.51000213623047,2749800
2016-11-25 00:00:00+00:00,85.08999633789062,85.08999633789062,85.08999633789062,85.08999633789062,1346000
2016-11-28 00:00:00+00:00,84.31999969482422,84.31999969482422,84.31999969482422,84.31999969482422,3463600
2016-11-29 00:00:00+00:00,84.9000015258789,84.9000015258789,84.9000015258789,84.9000015258789,3046900
2016-11-30 00:00:00+00:00,84.66999816894531,84.66999816894531,84.66999816894531,84.66999816894531,3935400
2016-12-01 00:00:00+00:00,81.5,81.5,81.5,81.5,5602600
2016-12-02 00:00:00+00:00,81.58000183105469,81.58000183105469,81.58000183105469,81.58000183105469,4437700
2016-12-05 00:00:00+00:00,86.81999969482422,86.81999969482422,86.81999969482422,86.81999969482422,3898900
2016-12-06 00:00:00+00:00,89.61000061035156,89.61000061035156,89.61000061035156,89.61000061035156,3239800
2016-12-07 00:00:00+00:00,89.38999938964844,89.38999938964844,89.38999938964844,89.38999938964844,4069500
2016-12-08 00:00:00+00:00,89.12999725341797,89.12999725341797,89.12999725341797,89.12999725341797,4646500
2016-12-09 00:00:00+00:00,90.11000061035156,90.11000061035156,90.11000061035156,90.11000061035156,3450200
2016-12-12 00:00:00+00:00,89.4000015258789,89.4000015258789,89.4000015258789,89.4000015258789,3255400
2016-12-13 00:00:00+00:00,88.62999725341797,88.62999725341797,88.62999725341797,88.62999725341797,3457600
2016-12-14 00:00:00+00:00,88.79000091552734,88.79000091552734,88.79000091552734,88.79000091552734,5498700
2016-12-15 00:00:00+00:00,90.08000183105469,90.08000183105469,90.08000183105469,90.08000183105469,3298900
2016-12-16 00:00:00+00:00,91.16000366210938,91.16000366210938,91.16000366210938,91.16000366210938,2870200
2016-12-19 00:00:00+00:00,94.44000244140625,94.44000244140625,94.44000244140625,94.44000244140625,2468100
2016-12-20 00:00:00+00:00,96.2699966430664,96.2699966430664,96.2699966430664,96.2699966430664,2502600
2016-12-21 00:00:00+00:00,97.80000305175781,97.80000305175781,97.80000305175781,97.80000305175781,1744200
2016-12-22 00:00:00+00:00,96.05999755859375,96.05999755859375,96.05999755859375,96.05999755859375,2065200
2016-12-23 00:00:00+00:00,96.58000183105469,96.58000183105469,96.58000183105469,96.58000183105469,1112100
2016-12-27 00:00:00+00:00,97.81999969482422,97.81999969482422,97.81999969482422,97.81999969482422,1451200
2016-12-28 00:00:00+00:00,94.44000244140625,94.44000244140625,94.44000244140625,94.44000244140625,2759200
2016-12-29 00:00:00+00:00,92.91000366210938,92.91000366210938,92.91000366210938,92.91000366210938,2342200
2016-12-30 00:00:00+00:00,90.9800033569336,90.9800033569336,90.9800033569336,90.9800033569336,3281300
2017-01-03 00:00:00+00:00,97.44999694824219,97.44999694824219,97.44999694824219,97.44999694824219,3641300
2017-01-04 00:00:00+00:00,102.52999877929688,102.52999877929688,102.52999877929688,102.52999877929688,2813300
2017-01-05 00:00:00+00:00,102.86000061035156,102.86000061035156,102.86000061035156,102.86000061035156,2068000
2017-01-06 00:00:00+00:00,104.25,104.25,104.25,104.25,4075000
2017-01-09 00:00:00+00:00,104.45999908447266,104.45999908447266,104.45999908447266,104.45999908447266,2553500
2017-01-10 00:00:00+00:00,105.1500015258789,105.1500015258789,105.1500015258789,105.1500015258789,2378200
2017-01-11 00:00:00+00:00,107.44000244140625,107.44000244140625,107.44000244140625,107.44000244140625,3831400
2017-01-12 00:00:00+00:00,107.48999786376953,107.48999786376953,107.48999786376953,107.48999786376953,4760200
2017-01-13 00:00:00+00:00,107.19999694824219,107.19999694824219,107.19999694824219,107.19999694824219,3320700
2017-01-17 00:00:00+00:00,107.5,107.5,107.5,107.5,3437900
2017-01-18 00:00:00+00:00,108.0,108.0,108.0,108.0,3767900
2017-01-19 00:00:00+00:00,106.7699966430664,106.7699966430664,106.7699966430664,106.7699966430664,3527700
2017-01-20 00:00:00+00:00,110.94999694824219,110.94999694824219,110.94999694824219,110.94999694824219,3635000
2017-01-23 00:00:00+00:00,111.8499984741211,111.8499984741211,111.8499984741211,111.8499984741211,3458200
2017-01-24 00:00:00+00:00,117.04000091552734,117.04000091552734,117.04000091552734,117.04000091552734,2548100
2017-01-25 00:00:00+00:00,119.94000244140625,119.94000244140625,119.94000244140625,119.94000244140625,2346200
2017-01-26 00:00:00+00:00,119.31999969482422,119.31999969482422,119.31999969482422,119.31999969482422,2496800
2017-01-27 00:00:00+00:00,120.73999786376953,120.73999786376953,120.73999786376953,120.73999786376953,2192300
2017-01-30 00:00:00+00:00,117.30999755859375,117.30999755859375,117.30999755859375,117.30999755859375,5783700
2017-01-31 00:00:00+00:00,117.8499984741211,117.8499984741211,117.8499984741211,117.8499984741211,4171800
2017-02-01 00:00:00+00:00,119.91000366210938,119.91000366210938,119.91000366210938,119.91000366210938,3689100
2017-02-02 00:00:00+00:00,118.93000030517578,118.93000030517578,118.93000030517578,118.93000030517578,3178300
2017-02-03 00:00:00+00:00,121.36000061035156,121.36000061035156,121.36000061035156,121.36000061035156,2416000
2017-02-06 00:00:00+00:00,121.48999786376953,121.48999786376953,121.48999786376953,121.48999786376953,2604400
2017-02-07 00:00:00+00:00,120.52999877929688,120.52999877929688,120.52999877929688,120.52999877929688,2564700
2017-02-08 00:00:00+00:00,120.87999725341797,120.87999725341797,120.87999725341797,120.87999725341797,2382900
2017-02-09 00:00:00+00:00,123.41999816894531,123.41999816894531,123.41999816894531,123.41999816894531,1906500
2017-02-10 00:00:00+00:00,125.4000015258789,125.4000015258789,125.4000015258789,125.4000015258789,2230300
2017-02-13 00:00:00+00:00,129.3699951171875,129.3699951171875,129.3699951171875,129.3699951171875,2510300
2017-02-14 00:00:00+00:00,134.94000244140625,134.94000244140625,134.94000244140625,134.94000244140625,3450500
2017-02-15 00:00:00+00:00,129.97999572753906,129.97999572753906,129.97999572753906,129.97999572753906,4219700
2017-02-16 00:00:00+00:00,129.3000030517578,129.3000030517578,129.3000030517578,129.3000030517578,5323400
2017-02-17 00:00:00+00:00,129.0500030517578,129.0500030517578,129.0500030517578,129.0500030517578,3294500
2017-02-21 00:00:00+00:00,127.4800033569336,127.4800033569336,127.4800033569336,127.4800033569336,2821000
2017-02-22 00:00:00+00:00,126.94000244140625,126.94000244140625,126.94000244140625,126.94000244140625,2324600
2017-02-23 00:00:00+00:00,123.5999984741211,123.5999984741211,123.5999984741211,123.5999984741211,3232700
2017-02-24 00:00:00+00:00,125.25,125.25,125.25,125.25,4009700
2017-02-27 00:00:00+00:00,125.58999633789062,125.58999633789062,125.58999633789062,125.58999633789062,2234200
2017-02-28 00:00:00+00:00,122.5,122.5,122.5,122.5,2697300
2017-03-01 00:00:00+00:00,125.30000305175781,125.30000305175781,125.30000305175781,125.30000305175781,3202300
2017-03-02 00:00:00+00:00,124.9800033569336,124.9800033569336,124.9800033569336,124.9800033569336,3198500
2017-03-03 00:00:00+00:00,128.7899932861328,128.7899932861328,128.7899932861328,128.7899932861328,2350400
2017-03-06 00:00:00+00:00,131.17999267578125,131.17999267578125,131.17999267578125,131.17999267578125,2217800
2017-03-07 00:00:00+00:00,131.07000732421875,131.07000732421875,131.07000732421875,131.07000732421875,2244200
2017-03-08 00:00:00+00:00,130.11000061035156,130.11000061035156,130.11000061035156,130.11000061035156,1979500
2017-03-09 00:00:00+00:00,130.77999877929688,130.77999877929688,130.77999877929688,130.77999877929688,2539000
2017-03-10 00:00:00+00:00,132.5800018310547,132.5800018310547,132.5800018310547,132.5800018310547,2350500
2017-03-13 00:00:00+00:00,135.33999633789062,135.33999633789062,135.33999633789062,135.33999633789062,1723700
2017-03-14 00:00:00+00:00,132.75999450683594,132.75999450683594,132.75999450683594,132.75999450683594,2703300
2017-03-15 00:00:00+00:00,137.5,137.5,137.5,137.5,2267600
2017-03-16 00:00:00+00:00,140.44000244140625,140.44000244140625,140.44000244140625,140.44000244140625,2480500
2017-03-17 00:00:00+00:00,142.14999389648438,142.14999389648438,142.14999389648438,142.14999389648438,2247300
2017-03-20 00:00:00+00:00,142.0500030517578,142.0500030517578,142.0500030517578,142.0500030517578,2247000
2017-03-21 00:00:00+00:00,136.6300048828125,136.6300048828125,136.6300048828125,136.6300048828125,5992200
2017-03-22 00:00:00+00:00,135.9199981689453,135.9199981689453,135.9199981689453,135.9199981689453,4914900
2017-03-23 00:00:00+00:00,131.30999755859375,131.30999755859375,131.30999755859375,131.30999755859375,3606300
2017-03-24 00:00:00+00:00,133.82000732421875,133.82000732421875,133.82000732421875,133.82000732421875,5347300
2017-03-27 00:00:00+00:00,136.52999877929688,136.52999877929688,136.52999877929688,136.52999877929688,4568300
2017-03-28 00:00:00+00:00,143.89999389648438,143.89999389648438,143.89999389648438,143.89999389648438,2791900
2017-03-29 00:00:00+00:00,144.4499969482422,144.4499969482422,144.4499969482422,144.4499969482422,2487700
2017-03-30 00:00:00+00:00,143.77000427246094,143.77000427246094,143.77000427246094,143.77000427246094,1954900
2017-03-31 00:00:00+00:00,141.14999389648438,141.14999389648438,141.14999389648438,141.14999389648438,2040600
2017-04-03 00:00:00+00:00,140.4600067138672,140.4600067138672,140.4600067138672,140.4600067138672,2802800
2017-04-04 00:00:00+00:00,142.38999938964844,142.38999938964844,142.38999938964844,142.38999938964844,2034900
2017-04-05 00:00:00+00:00,137.61000061035156,137.61000061035156,137.61000061035156,137.61000061035156,2646600
2017-04-06 00:00:00+00:00,140.02999877929688,140.02999877929688,140.02999877929688,140.02999877929688,3967600
2017-04-07 00:00:00+00:00,134.89999389648438,134.89999389648438,134.89999389648438,134.89999389648438,3919300
2017-04-10 00:00:00+00:00,130.17999267578125,130.17999267578125,130.17999267578125,130.17999267578125,3528400
2017-04-11 00:00:00+00:00,124.08000183105469,124.08000183105469,124.08000183105469,124.08000183105469,5371700
2017-04-12 00:00:00+00:00,123.62000274658203,123.62000274658203,123.62000274658203,123.62000274658203,5567400
2017-04-13 00:00:00+00:00,121.31999969482422,121.31999969482422,121.31999969482422,121.31999969482422,4426900
2017-04-17 00:00:00+00:00,127.23999786376953,127.23999786376953,127.23999786376953,127.23999786376953,3015000
2017-04-18 00:00:00+00:00,128.22000122070312,128.22000122070312,128.22000122070312,128.22000122070312,4082300
2017-04-19 00:00:00+00:00,125.11000061035156,125.11000061035156,125.11000061035156,125.11000061035156,3790000
2017-04-20 00:00:00+00:00,128.36000061035156,128.36000061035156,128.36000061035156,128.36000061035156,3764500
2017-04-21 00:00:00+00:00,127.87999725341797,127.87999725341797,127.87999725341797,127.87999725341797,3470700
2017-04-24 00:00:00+00:00,141.6699981689453,141.6699981689453,141.6699981689453,141.6699981689453,4459900
2017-04-25 00:00:00+00:00,145.13999938964844,145.13999938964844,145.13999938964844,145.13999938964844,2745200
2017-04-26 00:00:00+00:00,143.5500030517578,143.5500030517578,143.5500030517578,143.5500030517578,3013700
2017-04-27 00:00:00+00:00,145.10000610351562,145.10000610351562,145.10000610351562,145.10000610351562,2409100
2017-04-28 00:00:00+00:00,145.0500030517578,145.0500030517578,145.0500030517578,145.0500030517578,1959700
2017-05-01 00:00:00+00:00,150.7899932861328,150.7899932861328,150.7899932861328,150.7899932861328,2460700
2017-05-02 00:00:00+00:00,150.17999267578125,150.17999267578125,150.17999267578125,150.17999267578125,2148700
2017-05-03 00:00:00+00:00,147.13999938964844,147.13999938964844,147.13999938964844,147.13999938964844,2376000
2017-05-04 00:00:00+00:00,150.9499969482422,150.9499969482422,150.9499969482422,150.9499969482422,2861600
2017-05-05 00:00:00+00:00,150.07000732421875,150.07000732421875,150.07000732421875,150.07000732421875,2275000
2017-05-08 00:00:00+00:00,154.07000732421875,154.07000732421875,154.07000732421875,154.07000732421875,1897000
2017-05-09 00:00:00+00:00,154.33999633789062,154.33999633789062,154.33999633789062,154.33999633789062,2472400
2017-05-10 00:00:00+00:00,153.75999450683594,153.75999450683594,153.75999450683594,153.75999450683594,1299700
2017-05-11 00:00:00+00:00,154.14999389648438,154.14999389648438,154.14999389648438,154.14999389648438,2662000
2017-05-12 00:00:00+00:00,154.4499969482422,154.4499969482422,154.4499969482422,154.4499969482422,1521300
2017-05-15 00:00:00+00:00,157.55999755859375,157.55999755859375,157.55999755859375,157.55999755859375,1340300
2017-05-16 00:00:00+00:00,159.11000061035156,159.11000061035156,159.11000061035156,159.11000061035156,2114600
2017-05-17 00:00:00+00:00,130.0500030517578,130.0500030517578,130.0500030517578,130.0500030517578,7911900
2017-05-18 00:00:00+00:00,133.5,133.5,133.5,133.5,5811700
2017-05-19 00:00:00+00:00,142.39999389648438,142.39999389648438,142.39999389648438,142.39999389648438,5862900
2017-05-22 00:00:00+00:00,148.55999755859375,148.55999755859375,148.55999755859375,148.55999755859375,3792400
2017-05-23 00:00:00+00:00,148.67999267578125,148.67999267578125,148.67999267578125,148.67999267578125,2828000
2017-05-24 00:00:00+00:00,152.6999969482422,152.6999969482422,152.6999969482422,152.6999969482422,2717000
2017-05-25 00:00:00+00:00,150.88999938964844,150.88999938964844,150.88999938964844,150.88999938964844,3068800
2017-05-26 00:00:00+00:00,153.49000549316406,153.49000549316406,153.49000549316406,153.49000549316406,2177800
2017-05-30 00:00:00+00:00,154.63999938964844,154.63999938964844,154.63999938964844,154.63999938964844,1801600
2017-05-31 00:00:00+00:00,153.35000610351562,153.35000610351562,153.35000610351562,153.35000610351562,3643000
2017-06-01 00:00:00+00:00,156.99000549316406,156.99000549316406,156.99000549316406,156.99000549316406,1896000
2017-06-02 00:00:00+00:00,156.64999389648438,156.64999389648438,156.64999389648438,156.64999389648438,2044600
2017-06-05 00:00:00+00:00,155.85000610351562,155.85000610351562,155.85000610351562,155.85000610351562,1527700
2017-06-06 00:00:00+00:00,152.47000122070312,152.47000122070312,152.47000122070312,152.47000122070312,3009200
2017-06-07 00:00:00+00:00,154.0500030517578,154.0500030517578,154.0500030517578,154.0500030517578,2891000
2017-06-08 00:00:00+00:00,157.7100067138672,157.7100067138672,157.7100067138672,157.7100067138672,2432200
2017-06-09 00:00:00+00:00,155.30999755859375,155.30999755859375,155.30999755859375,155.30999755859375,5372000
2017-06-12 00:00:00+00:00,153.6300048828125,153.6300048828125,153.6300048828125,153.6300048828125,4238500
2017-06-13 00:00:00+00:00,158.94000244140625,158.94000244140625,158.94000244140625,158.94000244140625,2656800
2017-06-14 00:00:00+00:00,159.42999267578125,159.42999267578125,159.42999267578125,159.42999267578125,4349500
2017-06-15 00:00:00+00:00,157.6199951171875,157.6199951171875,157.6199951171875,157.6199951171875,3338400
2017-06-16 00:00:00+00:00,159.35000610351562,159.35000610351562,159.35000610351562,159.35000610351562,3065700
2017-06-19 00:00:00+00:00,163.97999572753906,163.97999572753906,163.97999572753906,163.97999572753906,3351200
2017-06-20 00:00:00+00:00,159.77999877929688,159.77999877929688,159.77999877929688,159.77999877929688,3987000
2017-06-21 00:00:00+00:00,161.10000610351562,161.10000610351562,161.10000610351562,161.10000610351562,2979600
2017-06-22 00:00:00+00:00,162.8699951171875,162.8699951171875,162.8699951171875,162.8699951171875,2108700
2017-06-23 00:00:00+00:00,164.42999267578125,164.42999267578125,164.42999267578125,164.42999267578125,1831000
2017-06-26 00:00:00+00:00,168.05999755859375,168.05999755859375,168.05999755859375,168.05999755859375,2600700
2017-06-27 00:00:00+00:00,162.10000610351562,162.10000610351562,162.10000610351562,162.10000610351562,4553900
2017-06-28 00:00:00+00:00,167.10000610351562,167.10000610351562,167.10000610351562,167.10000610351562,2455700
2017-06-29 00:00:00+00:00,158.36000061035156,158.36000061035156,158.36000061035156,158.36000061035156,9619100
2017-06-30 00:00:00+00:00,161.27000427246094,161.27000427246094,161.27000427246094,161.27000427246094,3984900
2017-07-03 00:00:00+00:00,159.11000061035156,159.11000061035156,159.11000061035156,159.11000061035156,2039100
2017-07-05 00:00:00+00:00,159.0,159.0,159.0,159.0,3417800
2017-07-06 00:00:00+00:00,151.0,151.0,151.0,151.0,5224200
2017-07-07 00:00:00+00:00,156.36000061035156,156.36000061035156,156.36000061035156,156.36000061035156,3955800
2017-07-10 00:00:00+00:00,160.1699981689453,160.1699981689453,160.1699981689453,160.1699981689453,2262600
2017-07-11 00:00:00+00:00,160.86000061035156,160.86000061035156,160.86000061035156,160.86000061035156,4339500
2017-07-12 00:00:00+00:00,165.27000427246094,165.27000427246094,165.27000427246094,165.27000427246094,2750900
2017-07-13 00:00:00+00:00,167.08999633789062,167.08999633789062,167.08999633789062,167.08999633789062,2837700
2017-07-14 00:00:00+00:00,170.0,170.0,170.0,170.0,2445600
2017-07-17 00:00:00+00:00,174.44000244140625,174.44000244140625,174.44000244140625,174.44000244140625,1679600
2017-07-18 00:00:00+00:00,176.82000732421875,176.82000732421875,176.82000732421875,176.82000732421875,2355000
2017-07-19 00:00:00+00:00,178.75999450683594,178.75999450683594,178.75999450683594,178.75999450683594,2254850
2017-07-20 00:00:00+00:00,180.4600067138672,180.4600067138672,180.4600067138672,180.4600067138672,2217200
2017-07-21 00:00:00+00:00,181.9199981689453,181.9199981689453,181.9199981689453,181.9199981689453,1872300
2017-07-24 00:00:00+00:00,185.0399932861328,185.0399932861328,185.0399932861328,185.0399932861328,1471350
2017-07-25 00:00:00+00:00,184.17999267578125,184.17999267578125,184.17999267578125,184.17999267578125,1433550
2017-07-26 00:00:00+00:00,184.02000427246094,184.02000427246094,184.02000427246094,184.02000427246094,1124200
2017-07-27 00:00:00+00:00,182.32000732421875,182.32000732421875,182.32000732421875,182.32000732421875,3181650
2017-07-28 00:00:00+00:00,180.44000244140625,180.44000244140625,180.44000244140625,180.44000244140625,2074600
2017-07-31 00:00:00+00:00,181.89999389648438,181.89999389648438,181.89999389648438,181.89999389648438,1609800
2017-08-01 00:00:00+00:00,184.0,184.0,184.0,184.0,1208300
2017-08-02 00:00:00+00:00,183.4199981689453,183.4199981689453,183.4199981689453,183.4199981689453,1993150
2017-08-03 00:00:00+00:00,181.0399932861328,181.0399932861328,181.0399932861328,181.0399932861328,1596900
2017-08-04 00:00:00+00:00,181.5399932861328,181.5399932861328,181.5399932861328,181.5399932861328,1644300
2017-08-07 00:00:00+00:00,183.94000244140625,183.94000244140625,183.94000244140625,183.94000244140625,997550
2017-08-08 00:00:00+00:00,178.75999450683594,178.75999450683594,178.75999450683594,178.75999450683594,2754400
2017-08-09 00:00:00+00:00,173.83999633789062,173.83999633789062,173.83999633789062,173.83999633789062,3859250
2017-08-10 00:00:00+00:00,149.86000061035156,149.86000061035156,149.86000061035156,149.86000061035156,8247700
2017-08-11 00:00:00+00:00,143.36000061035156,143.36000061035156,143.36000061035156,143.36000061035156,5487450
2017-08-14 00:00:00+00:00,161.63999938964844,161.63999938964844,161.63999938964844,161.63999938964844,4007150
2017-08-15 00:00:00+00:00,162.44000244140625,162.44000244140625,162.44000244140625,162.44000244140625,3087400
2017-08-16 00:00:00+00:00,163.66000366210938,163.66000366210938,163.66000366210938,163.66000366210938,3285550
2017-08-17 00:00:00+00:00,136.47999572753906,136.47999572753906,136.47999572753906,136.47999572753906,11339600
2017-08-18 00:00:00+00:00,141.32000732421875,141.32000732421875,141.32000732421875,141.32000732421875,8927100
2017-08-21 00:00:00+00:00,146.94000244140625,146.94000244140625,146.94000244140625,146.94000244140625,4896700
2017-08-22 00:00:00+00:00,157.74000549316406,157.74000549316406,157.74000549316406,157.74000549316406,4375650
2017-08-23 00:00:00+00:00,155.83999633789062,155.83999633789062,155.83999633789062,155.83999633789062,5732600
2017-08-24 00:00:00+00:00,151.33999633789062,151.33999633789062,151.33999633789062,151.33999633789062,5986850
2017-08-25 00:00:00+00:00,155.9199981689453,155.9199981689453,155.9199981689453,155.9199981689453,4356400
2017-08-28 00:00:00+00:00,156.94000244140625,156.94000244140625,156.94000244140625,156.94000244140625,3445300
2017-08-29 00:00:00+00:00,155.22000122070312,155.22000122070312,155.22000122070312,155.22000122070312,5495500
2017-08-30 00:00:00+00:00,156.0,156.0,156.0,156.0,2589200
2017-08-31 00:00:00+00:00,160.39999389648438,160.39999389648438,160.39999389648438,160.39999389648438,3211500
2017-09-01 00:00:00+00:00,160.6199951171875,160.6199951171875,160.6199951171875,160.6199951171875,2214200
2017-09-05 00:00:00+00:00,151.44000244140625,151.44000244140625,151.44000244140625,151.44000244140625,9458400
2017-09-06 00:00:00+00:00,155.55999755859375,155.55999755859375,155.55999755859375,155.55999755859375,4160400
2017-09-07 00:00:00+00:00,156.3800048828125,156.3800048828125,156.3800048828125,156.3800048828125,3169750
2017-09-08 00:00:00+00:00,152.66000366210938,152.66000366210938,152.66000366210938,152.66000366210938,2860300
2017-09-11 00:00:00+00:00,161.3800048828125,161.3800048828125,161.3800048828125,161.3800048828125,3285150
2017-09-12 00:00:00+00:00,165.4600067138672,165.4600067138672,165.4600067138672,165.4600067138672,2403000
2017-09-13 00:00:00+00:00,171.24000549316406,171.24000549316406,171.24000549316406,171.24000549316406,2366100
2017-09-14 00:00:00+00:00,168.9199981689453,168.9199981689453,168.9199981689453,168.9199981689453,2477900
2017-09-15 00:00:00+00:00,172.0800018310547,172.0800018310547,172.0800018310547,172.0800018310547,2108200
2017-09-18 00:00:00+00:00,179.52000427246094,179.52000427246094,179.52000427246094,179.52000427246094,2933300
2017-09-19 00:00:00+00:00,179.4600067138672,179.4600067138672,179.4600067138672,179.4600067138672,2022850
2017-09-20 00:00:00+00:00,179.27999877929688,179.27999877929688,179.27999877929688,179.27999877929688,3100850
2017-09-21 00:00:00+00:00,179.44000244140625,179.44000244140625,179.44000244140625,179.44000244140625,2619700
2017-09-22 00:00:00+00:00,178.22000122070312,178.22000122070312,178.22000122070312,178.22000122070312,1660450
2017-09-25 00:00:00+00:00,178.13999938964844,178.13999938964844,178.13999938964844,178.13999938964844,3712500
2017-09-26 00:00:00+00:00,180.0,180.0,180.0,180.0,2306700
2017-09-27 00:00:00+00:00,181.5399932861328,181.5399932861328,181.5399932861328,181.5399932861328,2497200
2017-09-28 00:00:00+00:00,184.10000610351562,184.10000610351562,184.10000610351562,184.10000610351562,1599850
2017-09-29 00:00:00+00:00,187.5,187.5,187.5,187.5,1862300
2017-10-02 00:00:00+00:00,191.0399932861328,191.0399932861328,191.0399932861328,191.0399932861328,1994650
2017-10-03 00:00:00+00:00,191.8800048828125,191.8800048828125,191.8800048828125,191.8800048828125,1465350
2017-10-04 00:00:00+00:00,191.74000549316406,191.74000549316406,191.74000549316406,191.74000549316406,1585400
2017-10-05 00:00:00+00:00,197.72000122070312,197.72000122070312,197.72000122070312,197.72000122070312,1727750
2017-10-06 00:00:00+00:00,197.60000610351562,197.60000610351562,197.60000610351562,197.60000610351562,2855950
2017-10-09 00:00:00+00:00,193.8800048828125,193.8800048828125,193.8800048828125,193.8800048828125,2158550
2017-10-10 00:00:00+00:00,198.02000427246094,198.02000427246094,198.02000427246094,198.02000427246094,2266750
2017-10-11 00:00:00+00:00,202.13999938964844,202.13999938964844,202.13999938964844,202.13999938964844,1487700
2017-10-12 00:00:00+00:00,203.60000610351562,203.60000610351562,203.60000610351562,203.60000610351562,2014450
2017-10-13 00:00:00+00:00,207.32000732421875,207.32000732421875,207.32000732421875,207.32000732421875,1906550
2017-10-16 00:00:00+00:00,210.8000030517578,210.8000030517578,210.8000030517578,210.8000030517578,1782200
2017-10-17 00:00:00+00:00,210.4600067138672,210.4600067138672,210.4600067138672,210.4600067138672,2209900
2017-10-18 00:00:00+00:00,211.3000030517578,211.3000030517578,211.3000030517578,211.3000030517578,1832100
2017-10-19 00:00:00+00:00,212.6999969482422,212.6999969482422,212.6999969482422,212.6999969482422,3963200
2017-10-20 00:00:00+00:00,216.3800048828125,216.3800048828125,216.3800048828125,216.3800048828125,1720650
2017-10-23 00:00:00+00:00,209.75999450683594,209.75999450683594,209.75999450683594,209.75999450683594,3029800
2017-10-24 00:00:00+00:00,207.3800048828125,207.3800048828125,207.3800048828125,207.3800048828125,3761750
2017-10-25 00:00:00+00:00,200.44000244140625,200.44000244140625,200.44000244140625,200.44000244140625,9520400
2017-10-26 00:00:00+00:00,201.3000030517578,201.3000030517578,201.3000030517578,201.3000030517578,3317300
2017-10-27 00:00:00+00:00,212.66000366210938,212.66000366210938,212.66000366210938,212.66000366210938,3262000
2017-10-30 00:00:00+00:00,210.9199981689453,210.9199981689453,210.9199981689453,210.9199981689453,3511350
2017-10-31 00:00:00+00:00,214.6999969482422,214.6999969482422,214.6999969482422,214.6999969482422,1785350
2017-11-01 00:00:00+00:00,213.4199981689453,213.4199981689453,213.4199981689453,213.4199981689453,3238650
2017-11-02 00:00:00+00:00,215.75999450683594,215.75999450683594,215.75999450683594,215.75999450683594,2988500
2017-11-03 00:00:00+00:00,216.24000549316406,216.24000549316406,216.24000549316406,216.24000549316406,2229300
2017-11-06 00:00:00+00:00,218.05999755859375,218.05999755859375,218.05999755859375,218.05999755859375,1280350
2017-11-07 00:00:00+00:00,217.0,217.0,217.0,217.0,3549350
2017-11-08 00:00:00+00:00,216.74000549316406,216.74000549316406,216.74000549316406,216.74000549316406,1850050
2017-11-09 00:00:00+00:00,214.05999755859375,214.05999755859375,214.05999755859375,214.05999755859375,7972500
2017-11-10 00:00:00+00:00,208.6999969482422,208.6999969482422,208.6999969482422,208.6999969482422,3771550
2017-11-13 00:00:00+00:00,208.13999938964844,208.13999938964844,208.13999938964844,208.13999938964844,2257900
2017-11-14 00:00:00+00:00,206.3800048828125,206.3800048828125,206.3800048828125,206.3800048828125,3978600
2017-11-15 00:00:00+00:00,198.4600067138672,198.4600067138672,198.4600067138672,198.4600067138672,5608400
2017-11-16 00:00:00+00:00,207.17999267578125,207.17999267578125,207.17999267578125,207.17999267578125,2719850
2017-11-17 00:00:00+00:00,210.02000427246094,210.02000427246094,210.02000427246094,210.02000427246094,2951750
2017-11-20 00:00:00+00:00,216.89999389648438,216.89999389648438,216.89999389648438,216.89999389648438,2506750
2017-11-21 00:00:00+00:00,224.9600067138672,224.9600067138672,224.9600067138672,224.9600067138672,2546800
2017-11-22 00:00:00+00:00,227.0,227.0,227.0,227.0,2296700
2017-11-24 00:00:00+00:00,228.02000427246094,228.02000427246094,228.02000427246094,228.02000427246094,910900
2017-11-27 00:00:00+00:00,228.33999633789062,228.33999633789062,228.33999633789062,228.33999633789062,1445100
2017-11-28 00:00:00+00:00,231.44000244140625,231.44000244140625,231.44000244140625,231.44000244140625,2318900
2017-11-29 00:00:00+00:00,226.44000244140625,226.44000244140625,226.44000244140625,226.44000244140625,3873200
2017-11-30 00:00:00+00:00,225.66000366210938,225.66000366210938,225.66000366210938,225.66000366210938,3322350
2017-12-01 00:00:00+00:00,219.52000427246094,219.52000427246094,219.52000427246094,219.52000427246094,7781400
2017-12-04 00:00:00+00:00,221.36000061035156,221.36000061035156,221.36000061035156,221.36000061035156,4297550
2017-12-05 00:00:00+00:00,222.1999969482422,222.1999969482422,222.1999969482422,222.1999969482422,3258800
2017-12-06 00:00:00+00:00,222.47999572753906,222.47999572753906,222.47999572753906,222.47999572753906,2335600
2017-12-07 00:00:00+00:00,229.77999877929688,229.77999877929688,229.77999877929688,229.77999877929688,2075150
2017-12-08 00:00:00+00:00,236.82000732421875,236.82000732421875,236.82000732421875,236.82000732421875,2261550
2017-12-11 00:00:00+00:00,245.17999267578125,245.17999267578125,245.17999267578125,245.17999267578125,1585100
2017-12-12 00:00:00+00:00,244.55999755859375,244.55999755859375,244.55999755859375,244.55999755859375,1741100
2017-12-13 00:00:00+00:00,245.36000061035156,245.36000061035156,245.36000061035156,245.36000061035156,1851150
2017-12-14 00:00:00+00:00,246.66000366210938,246.66000366210938,246.66000366210938,246.66000366210938,2317600
2017-12-15 00:00:00+00:00,254.72000122070312,254.72000122070312,254.72000122070312,254.72000122070312,2253100
2017-12-18 00:00:00+00:00,258.4800109863281,258.4800109863281,258.4800109863281,258.4800109863281,2023200
2017-12-19 00:00:00+00:00,256.94000244140625,256.94000244140625,256.94000244140625,256.94000244140625,2286850
2017-12-20 00:00:00+00:00,258.0799865722656,258.0799865722656,258.0799865722656,258.0799865722656,1991950
2017-12-21 00:00:00+00:00,259.8599853515625,259.8599853515625,259.8599853515625,259.8599853515625,1675450
2017-12-22 00:00:00+00:00,258.3800048828125,258.3800048828125,258.3800048828125,258.3800048828125,1636650
2017-12-26 00:00:00+00:00,258.17999267578125,258.17999267578125,258.17999267578125,258.17999267578125,1237750
2017-12-27 00:00:00+00:00,256.7799987792969,256.7799987792969,256.7799987792969,256.7799987792969,1841550
2017-12-28 00:00:00+00:00,260.9599914550781,260.9599914550781,260.9599914550781,260.9599914550781,1210800
2017-12-29 00:00:00+00:00,256.4200134277344,256.4200134277344,256.4200134277344,256.4200134277344,1644550
2018-01-02 00:00:00+00:00,265.1600036621094,265.1600036621094,265.1600036621094,265.1600036621094,1678600
2018-01-03 00:00:00+00:00,271.0199890136719,271.0199890136719,271.0199890136719,271.0199890136719,1320400
2018-01-04 00:00:00+00:00,271.7799987792969,271.7799987792969,271.7799987792969,271.7799987792969,1418250
2018-01-05 00:00:00+00:00,271.8599853515625,271.8599853515625,271.8599853515625,271.8599853515625,1346200
2018-01-08 00:00:00+00:00,275.1000061035156,275.1000061035156,275.1000061035156,275.1000061035156,1112250
2018-01-09 00:00:00+00:00,272.1400146484375,272.1400146484375,272.1400146484375,272.1400146484375,1747350
2018-01-10 00:00:00+00:00,274.8599853515625,274.8599853515625,274.8599853515625,274.8599853515625,2499900
2018-01-11 00:00:00+00:00,276.4200134277344,276.4200134277344,276.4200134277344,276.4200134277344,1166350
2018-01-12 00:00:00+00:00,276.3800048828125,276.3800048828125,276.3800048828125,276.3800048828125,1666650
2018-01-16 00:00:00+00:00,259.4800109863281,259.4800109863281,259.4800109863281,259.4800109863281,5558750
2018-01-17 00:00:00+00:00,265.67999267578125,265.67999267578125,265.67999267578125,265.67999267578125,3597700
2018-01-18 00:00:00+00:00,264.6000061035156,264.6000061035156,264.6000061035156,264.6000061035156,3978650
2018-01-19 00:00:00+00:00,265.5400085449219,265.5400085449219,265.5400085449219,265.5400085449219,3110600
2018-01-22 00:00:00+00:00,271.8399963378906,271.8399963378906,271.8399963378906,271.8399963378906,2206150
2018-01-23 00:00:00+00:00,266.9599914550781,266.9599914550781,266.9599914550781,266.9599914550781,2672950
2018-01-24 00:00:00+00:00,260.0,260.0,260.0,260.0,4357000
2018-01-25 00:00:00+00:00,255.66000366210938,255.66000366210938,255.66000366210938,255.66000366210938,4327300
2018-01-26 00:00:00+00:00,257.739990234375,257.739990234375,257.739990234375,257.739990234375,2787100
2018-01-29 00:00:00+00:00,238.74000549316406,238.74000549316406,238.74000549316406,238.74000549316406,6725800
2018-01-30 00:00:00+00:00,231.1999969482422,231.1999969482422,231.1999969482422,231.1999969482422,10336900
2018-01-31 00:00:00+00:00,236.22000122070312,236.22000122070312,236.22000122070312,236.22000122070312,5450850
2018-02-01 00:00:00+00:00,243.33999633789062,243.33999633789062,243.33999633789062,243.33999633789062,6247400
2018-02-02 00:00:00+00:00,211.1999969482422,211.1999969482422,211.1999969482422,211.1999969482422,13624650
2018-02-05 00:00:00+00:00,143.63999938964844,143.63999938964844,143.63999938964844,143.63999938964844,33671700
2018-02-06 00:00:00+00:00,24.479999542236328,24.479999542236328,24.479999542236328,24.479999542236328,22042600
2018-02-07 00:00:00+00:00,24.65999984741211,24.65999984741211,24.65999984741211,24.65999984741211,18416550
2018-02-08 00:00:00+00:00,19.15999984741211,19.15999984741211,19.15999984741211,19.15999984741211,21864100
2018-02-09 00:00:00+00:00,21.719999313354492,21.719999313354492,21.719999313354492,21.719999313354492,23206600
2018-02-12 00:00:00+00:00,22.68000030517578,22.68000030517578,22.68000030517578,22.68000030517578,15726650
2018-02-13 00:00:00+00:00,22.579999923706055,22.579999923706055,22.579999923706055,22.579999923706055,7555150
2018-02-14 00:00:00+00:00,25.299999237060547,25.299999237060547,25.299999237060547,25.299999237060547,11410400
2018-02-15 00:00:00+00:00,25.81999969482422,25.81999969482422,25.81999969482422,25.81999969482422,11206150
2018-02-16 00:00:00+00:00,25.3799991607666,25.3799991607666,25.3799991607666,25.3799991607666,10180750
2018-02-20 00:00:00+00:00,24.239999771118164,24.239999771118164,24.239999771118164,24.239999771118164,7385600
2018-02-21 00:00:00+00:00,24.100000381469727,24.100000381469727,24.100000381469727,24.100000381469727,10502700
2018-02-22 00:00:00+00:00,24.440000534057617,24.440000534057617,24.440000534057617,24.440000534057617,8706850
2018-02-23 00:00:00+00:00,26.360000610351562,26.360000610351562,26.360000610351562,26.360000610351562,7965600
2018-02-26 00:00:00+00:00,27.299999237060547,27.299999237060547,27.299999237060547,27.299999237060547,7039050
2018-02-27 00:00:00+00:00,24.780000686645508,24.780000686645508,24.780000686645508,24.780000686645508,15328700
2018-02-28 00:00:00+00:00,24.459999084472656,24.459999084472656,24.459999084472656,24.459999084472656,9469150
2018-03-01 00:00:00+00:00,23.739999771118164,23.739999771118164,23.739999771118164,23.739999771118164,17859600
2018-03-02 00:00:00+00:00,24.219999313354492,24.219999313354492,24.219999313354492,24.219999313354492,9388600
2018-03-05 00:00:00+00:00,24.81999969482422,24.81999969482422,24.81999969482422,24.81999969482422,6913300
2018-03-06 00:00:00+00:00,24.739999771118164,24.739999771118164,24.739999771118164,24.739999771118164,6982300
2018-03-07 00:00:00+00:00,24.81999969482422,24.81999969482422,24.81999969482422,24.81999969482422,7086200
2018-03-08 00:00:00+00:00,25.280000686645508,25.280000686645508,25.280000686645508,25.280000686645508,7971750
2018-03-09 00:00:00+00:00,26.459999084472656,26.459999084472656,26.459999084472656,26.459999084472656,9602250
2018-03-12 00:00:00+00:00,25.700000762939453,25.700000762939453,25.700000762939453,25.700000762939453,8679000
2018-03-13 00:00:00+00:00,25.479999542236328,25.479999542236328,25.479999542236328,25.479999542236328,7164150
2018-03-14 00:00:00+00:00,25.239999771118164,25.239999771118164,25.239999771118164,25.239999771118164,7295350
2018-03-15 00:00:00+00:00,25.559999465942383,25.559999465942383,25.559999465942383,25.559999465942383,5214450
2018-03-16 00:00:00+00:00,25.81999969482422,25.81999969482422,25.81999969482422,25.81999969482422,4112850
2018-03-19 00:00:00+00:00,24.600000381469727,24.600000381469727,24.600000381469727,24.600000381469727,14182950
2018-03-20 00:00:00+00:00,24.940000534057617,24.940000534057617,24.940000534057617,24.940000534057617,5421650
2018-03-21 00:00:00+00:00,25.059999465942383,25.059999465942383,25.059999465942383,25.059999465942383,8318150
2018-03-22 00:00:00+00:00,23.3799991607666,23.3799991607666,23.3799991607666,23.3799991607666,17323850
2018-03-23 00:00:00+00:00,22.81999969482422,22.81999969482422,22.81999969482422,22.81999969482422,13517500
2018-03-26 00:00:00+00:00,23.65999984741211,23.65999984741211,23.65999984741211,23.65999984741211,7548600
2018-03-27 00:00:00+00:00,22.81999969482422,22.81999969482422,22.81999969482422,22.81999969482422,8435950
2018-03-28 00:00:00+00:00,22.579999923706055,22.579999923706055,22.579999923706055,22.579999923706055,8964200
2018-03-29 00:00:00+00:00,23.479999542236328,23.479999542236328,23.479999542236328,23.479999542236328,7930500
2018-04-02 00:00:00+00:00,22.299999237060547,22.299999237060547,22.299999237060547,22.299999237060547,11773250
2018-04-03 00:00:00+00:00,22.780000686645508,22.780000686645508,22.780000686645508,22.780000686645508,7539450
2018-04-04 00:00:00+00:00,22.979999542236328,22.979999542236328,22.979999542236328,22.979999542236328,8176850
2018-04-05 00:00:00+00:00,23.3799991607666,23.3799991607666,23.3799991607666,23.3799991607666,4654000
2018-04-06 00:00:00+00:00,22.760000228881836,22.760000228881836,22.760000228881836,22.760000228881836,7889350
2018-04-09 00:00:00+00:00,22.6200008392334,22.6200008392334,22.6200008392334,22.6200008392334,4676600
2018-04-10 00:00:00+00:00,22.959999084472656,22.959999084472656,22.959999084472656,22.959999084472656,4969700
2018-04-11 00:00:00+00:00,22.81999969482422,22.81999969482422,22.81999969482422,22.81999969482422,3037500
2018-04-12 00:00:00+00:00,23.31999969482422,23.31999969482422,23.31999969482422,23.31999969482422,3941500
2018-04-13 00:00:00+00:00,23.780000686645508,23.780000686645508,23.780000686645508,23.780000686645508,5045600
2018-04-16 00:00:00+00:00,24.31999969482422,24.31999969482422,24.31999969482422,24.31999969482422,5726550
2018-04-17 00:00:00+00:00,25.100000381469727,25.100000381469727,25.100000381469727,25.100000381469727,4654250
2018-04-18 00:00:00+00:00,25.059999465942383,25.059999465942383,25.059999465942383,25.059999465942383,7123250
2018-04-19 00:00:00+00:00,24.84000015258789,24.84000015258789,24.84000015258789,24.84000015258789,4884700
2018-04-20 00:00:00+00:00,24.479999542236328,24.479999542236328,24.479999542236328,24.479999542236328,6485500
2018-04-23 00:00:00+00:00,24.600000381469727,24.600000381469727,24.600000381469727,24.600000381469727,4641750
2018-04-24 00:00:00+00:00,23.979999542236328,23.979999542236328,23.979999542236328,23.979999542236328,9488500
2018-04-25 00:00:00+00:00,23.860000610351562,23.860000610351562,23.860000610351562,23.860000610351562,4811150
2018-04-26 00:00:00+00:00,24.5,24.5,24.5,24.5,5004400
2018-04-27 00:00:00+00:00,24.700000762939453,24.700000762939453,24.700000762939453,24.700000762939453,4509900
2018-04-30 00:00:00+00:00,24.65999984741211,24.65999984741211,24.65999984741211,24.65999984741211,3880050
2018-05-01 00:00:00+00:00,24.8799991607666,24.8799991607666,24.8799991607666,24.8799991607666,3226100
2018-05-02 00:00:00+00:00,24.940000534057617,24.940000534057617,24.940000534057617,24.940000534057617,3573200
2018-05-03 00:00:00+00:00,24.65999984741211,24.65999984741211,24.65999984741211,24.65999984741211,8284200
2018-05-04 00:00:00+00:00,25.059999465942383,25.059999465942383,25.059999465942383,25.059999465942383,4090700
2018-05-07 00:00:00+00:00,25.139999389648438,25.139999389648438,25.139999389648438,25.139999389648438,3029150
2018-05-08 00:00:00+00:00,25.15999984741211,25.15999984741211,25.15999984741211,25.15999984741211,2406900
2018-05-09 00:00:00+00:00,25.739999771118164,25.739999771118164,25.739999771118164,25.739999771118164,3943350
2018-05-10 00:00:00+00:00,26.360000610351562,26.360000610351562,26.360000610351562,26.360000610351562,4005400
2018-05-11 00:00:00+00:00,26.540000915527344,26.540000915527344,26.540000915527344,26.540000915527344,3130150
2018-05-14 00:00:00+00:00,26.959999084472656,26.959999084472656,26.959999084472656,26.959999084472656,3693200
2018-05-15 00:00:00+00:00,25.979999542236328,25.979999542236328,25.979999542236328,25.979999542236328,6972000
2018-05-16 00:00:00+00:00,26.420000076293945,26.420000076293945,26.420000076293945,26.420000076293945,4100500
2018-05-17 00:00:00+00:00,26.81999969482422,26.81999969482422,26.81999969482422,26.81999969482422,3674350
2018-05-18 00:00:00+00:00,26.65999984741211,26.65999984741211,26.65999984741211,26.65999984741211,3498350
2018-05-21 00:00:00+00:00,27.020000457763672,27.020000457763672,27.020000457763672,27.020000457763672,4049250
2018-05-22 00:00:00+00:00,26.920000076293945,26.920000076293945,26.920000076293945,26.920000076293945,2360650
2018-05-23 00:00:00+00:00,27.100000381469727,27.100000381469727,27.100000381469727,27.100000381469727,4063400
2018-05-24 00:00:00+00:00,27.18000030517578,27.18000030517578,27.18000030517578,27.18000030517578,5470400
2018-05-25 00:00:00+00:00,27.0,27.0,27.0,27.0,3812000
2018-05-29 00:00:00+00:00,25.399999618530273,25.399999618530273,25.399999618530273,25.399999618530273,10400500
2018-05-30 00:00:00+00:00,25.979999542236328,25.979999542236328,25.979999542236328,25.979999542236328,4929600
2018-05-31 00:00:00+00:00,25.860000610351562,25.860000610351562,25.860000610351562,25.860000610351562,6176900
2018-06-01 00:00:00+00:00,26.360000610351562,26.360000610351562,26.360000610351562,26.360000610351562,4731000
2018-06-04 00:00:00+00:00,26.979999542236328,26.979999542236328,26.979999542236328,26.979999542236328,3322600
2018-06-05 00:00:00+00:00,27.100000381469727,27.100000381469727,27.100000381469727,27.100000381469727,3218250
2018-06-06 00:00:00+00:00,27.540000915527344,27.540000915527344,27.540000915527344,27.540000915527344,3702850
2018-06-07 00:00:00+00:00,27.360000610351562,27.360000610351562,27.360000610351562,27.360000610351562,5824600
2018-06-08 00:00:00+00:00,27.440000534057617,27.440000534057617,27.440000534057617,27.440000534057617,3492500
2018-06-11 00:00:00+00:00,27.719999313354492,27.719999313354492,27.719999313354492,27.719999313354492,3596100
2018-06-12 00:00:00+00:00,27.719999313354492,27.719999313354492,27.719999313354492,27.719999313354492,3543750
2018-06-13 00:00:00+00:00,27.540000915527344,27.540000915527344,27.540000915527344,27.540000915527344,4026300
2018-06-14 00:00:00+00:00,28.020000457763672,28.020000457763672,28.020000457763672,28.020000457763672,4441150
2018-06-15 00:00:00+00:00,27.84000015258789,27.84000015258789,27.84000015258789,27.84000015258789,4522500
2018-06-18 00:00:00+00:00,28.079999923706055,28.079999923706055,28.079999923706055,28.079999923706055,4011700
2018-06-19 00:00:00+00:00,27.399999618530273,27.399999618530273,27.399999618530273,27.399999618530273,9554550
2018-06-20 00:00:00+00:00,27.65999984741211,27.65999984741211,27.65999984741211,27.65999984741211,5667500
2018-06-21 00:00:00+00:00,26.780000686645508,26.780000686645508,26.780000686645508,26.780000686645508,9999550
2018-06-22 00:00:00+00:00,27.059999465942383,27.059999465942383,27.059999465942383,27.059999465942383,4920800
2018-06-25 00:00:00+00:00,25.15999984741211,25.15999984741211,25.15999984741211,25.15999984741211,16051350
2018-06-26 00:00:00+00:00,25.65999984741211,25.65999984741211,25.65999984741211,25.65999984741211,7048200
2018-06-27 00:00:00+00:00,25.0,25.0,25.0,25.0,12811900
2018-06-28 00:00:00+00:00,25.18000030517578,25.18000030517578,25.18000030517578,25.18000030517578,9685050
2018-06-29 00:00:00+00:00,25.440000534057617,25.440000534057617,25.440000534057617,25.440000534057617,5686300
2018-07-02 00:00:00+00:00,25.440000534057617,25.440000534057617,25.440000534057617,25.440000534057617,7327800
2018-07-03 00:00:00+00:00,25.399999618530273,25.399999618530273,25.399999618530273,25.399999618530273,3951250
2018-07-05 00:00:00+00:00,25.760000228881836,25.760000228881836,25.760000228881836,25.760000228881836,3913350
2018-07-06 00:00:00+00:00,26.479999542236328,26.479999542236328,26.479999542236328,26.479999542236328,5749300
2018-07-09 00:00:00+00:00,27.139999389648438,27.139999389648438,27.139999389648438,27.139999389648438,4645600
2018-07-10 00:00:00+00:00,27.420000076293945,27.420000076293945,27.420000076293945,27.420000076293945,4182900
2018-07-11 00:00:00+00:00,26.940000534057617,26.940000534057617,26.940000534057617,26.940000534057617,5818550
2018-07-12 00:00:00+00:00,27.420000076293945,27.420000076293945,27.420000076293945,27.420000076293945,3757550
2018-07-13 00:00:00+00:00,27.540000915527344,27.540000915527344,27.540000915527344,27.540000915527344,3219550
2018-07-16 00:00:00+00:00,27.6200008392334,27.6200008392334,27.6200008392334,27.6200008392334,4056450
2018-07-17 00:00:00+00:00,27.760000228881836,27.760000228881836,27.760000228881836,27.760000228881836,3864650
2018-07-18 00:00:00+00:00,27.940000534057617,27.940000534057617,27.940000534057617,27.940000534057617,5420150
2018-07-19 00:00:00+00:00,27.6200008392334,27.6200008392334,27.6200008392334,27.6200008392334,4059450
2018-07-20 00:00:00+00:00,27.579999923706055,27.579999923706055,27.579999923706055,27.579999923706055,4152500
2018-07-23 00:00:00+00:00,27.6200008392334,27.6200008392334,27.6200008392334,27.6200008392334,3677950
2018-07-24 00:00:00+00:00,27.920000076293945,27.920000076293945,27.920000076293945,27.920000076293945,4987450
2018-07-25 00:00:00+00:00,27.940000534057617,27.940000534057617,27.940000534057617,27.940000534057617,4851350
2018-07-26 00:00:00+00:00,27.940000534057617,27.940000534057617,27.940000534057617,27.940000534057617,3692600
2018-07-27 00:00:00+00:00,27.5,27.5,27.5,27.5,7815400
2018-07-30 00:00:00+00:00,27.100000381469727,27.100000381469727,27.100000381469727,27.100000381469727,4544150
2018-07-31 00:00:00+00:00,27.479999542236328,27.479999542236328,27.479999542236328,27.479999542236328,4755850
2018-08-01 00:00:00+00:00,27.639999389648438,27.639999389648438,27.639999389648438,27.639999389648438,4669000
2018-08-02 00:00:00+00:00,27.799999237060547,27.799999237060547,27.799999237060547,27.799999237060547,5797800
2018-08-03 00:00:00+00:00,27.959999084472656,27.959999084472656,27.959999084472656,27.959999084472656,3588250
2018-08-06 00:00:00+00:00,28.479999542236328,28.479999542236328,28.479999542236328,28.479999542236328,3188700
2018-08-07 00:00:00+00:00,28.81999969482422,28.81999969482422,28.81999969482422,28.81999969482422,2922400
2018-08-08 00:00:00+00:00,29.020000457763672,29.020000457763672,29.020000457763672,29.020000457763672,2556600
2018-08-09 00:00:00+00:00,28.81999969482422,28.81999969482422,28.81999969482422,28.81999969482422,2411850
2018-08-10 00:00:00+00:00,28.100000381469727,28.100000381469727,28.100000381469727,28.100000381469727,7375600
2018-08-13 00:00:00+00:00,27.260000228881836,27.260000228881836,27.260000228881836,27.260000228881836,9116450
2018-08-14 00:00:00+00:00,27.959999084472656,27.959999084472656,27.959999084472656,27.959999084472656,5489800
2018-08-15 00:00:00+00:00,27.059999465942383,27.059999465942383,27.059999465942383,27.059999465942383,14823150
2018-08-16 00:00:00+00:00,27.81999969482422,27.81999969482422,27.81999969482422,27.81999969482422,5163350
2018-08-17 00:00:00+00:00,28.219999313354492,28.219999313354492,28.219999313354492,28.219999313354492,5510750
2018-08-20 00:00:00+00:00,28.479999542236328,28.479999542236328,28.479999542236328,28.479999542236328,3117200
2018-08-21 00:00:00+00:00,28.18000030517578,28.18000030517578,28.18000030517578,28.18000030517578,4606350
2018-08-22 00:00:00+00:00,28.360000610351562,28.360000610351562,28.360000610351562,28.360000610351562,4235200
2018-08-23 00:00:00+00:00,28.420000076293945,28.420000076293945,28.420000076293945,28.420000076293945,5372700
2018-08-24 00:00:00+00:00,28.5,28.5,28.5,28.5,3778300
2018-08-27 00:00:00+00:00,28.479999542236328,28.479999542236328,28.479999542236328,28.479999542236328,3170150
2018-08-28 00:00:00+00:00,28.440000534057617,28.440000534057617,28.440000534057617,28.440000534057617,2810850
2018-08-29 00:00:00+00:00,28.459999084472656,28.459999084472656,28.459999084472656,28.459999084472656,2653550
2018-08-30 00:00:00+00:00,28.15999984741211,28.15999984741211,28.15999984741211,28.15999984741211,4723550
2018-08-31 00:00:00+00:00,28.34000015258789,28.34000015258789,28.34000015258789,28.34000015258789,5096500
2018-09-04 00:00:00+00:00,28.31999969482422,28.31999969482422,28.31999969482422,28.31999969482422,5503100
2018-09-05 00:00:00+00:00,28.1200008392334,28.1200008392334,28.1200008392334,28.1200008392334,4962200
2018-09-06 00:00:00+00:00,27.739999771118164,27.739999771118164,27.739999771118164,27.739999771118164,6791050
2018-09-07 00:00:00+00:00,27.459999084472656,27.459999084472656,27.459999084472656,27.459999084472656,5962500
2018-09-10 00:00:00+00:00,27.860000610351562,27.860000610351562,27.860000610351562,27.860000610351562,4056000
2018-09-11 00:00:00+00:00,28.31999969482422,28.31999969482422,28.31999969482422,28.31999969482422,4323350
2018-09-12 00:00:00+00:00,28.459999084472656,28.459999084472656,28.459999084472656,28.459999084472656,4829750
2018-09-13 00:00:00+00:00,28.899999618530273,28.899999618530273,28.899999618530273,28.899999618530273,3115350
2018-09-14 00:00:00+00:00,29.18000030517578,29.18000030517578,29.18000030517578,29.18000030517578,3937550
2018-09-17 00:00:00+00:00,28.739999771118164,28.739999771118164,28.739999771118164,28.739999771118164,4344250
2018-09-18 00:00:00+00:00,28.674999237060547,28.674999237060547,28.674999237060547,28.674999237060547,7042800
2018-09-19 00:00:00+00:00,29.290000915527344,29.290000915527344,29.290000915527344,29.290000915527344,6509400
2018-09-20 00:00:00+00:00,29.625,29.625,29.625,29.625,5372200
2018-09-21 00:00:00+00:00,29.475000381469727,29.475000381469727,29.475000381469727,29.475000381469727,4361800
2018-09-24 00:00:00+00:00,29.510000228881836,29.510000228881836,29.510000228881836,29.510000228881836,3708600
2018-09-25 00:00:00+00:00,29.344999313354492,29.344999313354492,29.344999313354492,29.344999313354492,2322200
2018-09-26 00:00:00+00:00,29.19499969482422,29.19499969482422,29.19499969482422,29.19499969482422,4841800
2018-09-27 00:00:00+00:00,29.405000686645508,29.405000686645508,29.405000686645508,29.405000686645508,2760800
2018-09-28 00:00:00+00:00,29.545000076293945,29.545000076293945,29.545000076293945,29.545000076293945,2757200
2018-10-01 00:00:00+00:00,29.649999618530273,29.649999618530273,29.649999618530273,29.649999618530273,3122600
2018-10-02 00:00:00+00:00,29.6200008392334,29.6200008392334,29.6200008392334,29.6200008392334,2029000
2018-10-03 00:00:00+00:00,29.75,29.75,29.75,29.75,2626200
2018-10-04 00:00:00+00:00,28.850000381469727,28.850000381469727,28.850000381469727,28.850000381469727,8563800
2018-10-05 00:00:00+00:00,28.510000228881836,28.510000228881836,28.510000228881836,28.510000228881836,11813800
2018-10-08 00:00:00+00:00,28.3799991607666,28.3799991607666,28.3799991607666,28.3799991607666,6693600
2018-10-09 00:00:00+00:00,28.15999984741211,28.15999984741211,28.15999984741211,28.15999984741211,5008400
2018-10-10 00:00:00+00:00,25.81999969482422,25.81999969482422,25.81999969482422,25.81999969482422,12083800
2018-10-11 00:00:00+00:00,24.6299991607666,24.6299991607666,24.6299991607666,24.6299991607666,22344200
2018-10-12 00:00:00+00:00,25.75,25.75,25.75,25.75,18513200
2018-10-15 00:00:00+00:00,25.545000076293945,25.545000076293945,25.545000076293945,25.545000076293945,8009600
2018-10-16 00:00:00+00:00,26.46500015258789,26.46500015258789,26.46500015258789,26.46500015258789,7487200
2018-10-17 00:00:00+00:00,26.31999969482422,26.31999969482422,26.31999969482422,26.31999969482422,7644000
2018-10-18 00:00:00+00:00,25.389999389648438,25.389999389648438,25.389999389648438,25.389999389648438,10353400
2018-10-19 00:00:00+00:00,25.520000457763672,25.520000457763672,25.520000457763672,25.520000457763672,7476200
2018-10-22 00:00:00+00:00,25.420000076293945,25.420000076293945,25.420000076293945,25.420000076293945,7679200
2018-10-23 00:00:00+00:00,24.94499969482422,24.94499969482422,24.94499969482422,24.94499969482422,9154200
2018-10-24 00:00:00+00:00,23.774999618530273,23.774999618530273,23.774999618530273,23.774999618530273,9219600
2018-10-25 00:00:00+00:00,24.235000610351562,24.235000610351562,24.235000610351562,24.235000610351562,7585600
2018-10-26 00:00:00+00:00,23.53499984741211,23.53499984741211,23.53499984741211,23.53499984741211,9229400
2018-10-29 00:00:00+00:00,23.4950008392334,23.4950008392334,23.4950008392334,23.4950008392334,6318000
2018-10-30 00:00:00+00:00,23.90999984741211,23.90999984741211,23.90999984741211,23.90999984741211,6290800
2018-10-31 00:00:00+00:00,24.295000076293945,24.295000076293945,24.295000076293945,24.295000076293945,5828400
2018-11-01 00:00:00+00:00,24.690000534057617,24.690000534057617,24.690000534057617,24.690000534057617,5025400
2018-11-02 00:00:00+00:00,24.59000015258789,24.59000015258789,24.59000015258789,24.59000015258789,7267400
2018-11-05 00:00:00+00:00,24.700000762939453,24.700000762939453,24.700000762939453,24.700000762939453,2744800
2018-11-06 00:00:00+00:00,25.1200008392334,25.1200008392334,25.1200008392334,25.1200008392334,2943800
2018-11-07 00:00:00+00:00,26.049999237060547,26.049999237060547,26.049999237060547,26.049999237060547,4871000
2018-11-08 00:00:00+00:00,26.21500015258789,26.21500015258789,26.21500015258789,26.21500015258789,4193600
2018-11-09 00:00:00+00:00,25.71500015258789,25.71500015258789,25.71500015258789,25.71500015258789,4458400
2018-11-12 00:00:00+00:00,24.69499969482422,24.69499969482422,24.69499969482422,24.69499969482422,5509000
2018-11-13 00:00:00+00:00,24.565000534057617,24.565000534057617,24.565000534057617,24.565000534057617,6813400
2018-11-14 00:00:00+00:00,24.264999389648438,24.264999389648438,24.264999389648438,24.264999389648438,5760200
2018-11-15 00:00:00+00:00,24.399999618530273,24.399999618530273,24.399999618530273,24.399999618530273,7772400
2018-11-16 00:00:00+00:00,24.96500015258789,24.96500015258789,24.96500015258789,24.96500015258789,5669200
2018-11-19 00:00:00+00:00,24.350000381469727,24.350000381469727,24.350000381469727,24.350000381469727,7716800
2018-11-20 00:00:00+00:00,23.524999618530273,23.524999618530273,23.524999618530273,23.524999618530273,9900400
2018-11-21 00:00:00+00:00,23.80500030517578,23.80500030517578,23.80500030517578,23.80500030517578,5488400
2018-11-23 00:00:00+00:00,23.719999313354492,23.719999313354492,23.719999313354492,23.719999313354492,2652200
2018-11-26 00:00:00+00:00,24.375,24.375,24.375,24.375,5130400
2018-11-27 00:00:00+00:00,24.6200008392334,24.6200008392334,24.6200008392334,24.6200008392334,4449400
2018-11-28 00:00:00+00:00,24.96500015258789,24.96500015258789,24.96500015258789,24.96500015258789,4700200
2018-11-29 00:00:00+00:00,24.729999542236328,24.729999542236328,24.729999542236328,24.729999542236328,5308200
2018-11-30 00:00:00+00:00,25.05500030517578,25.05500030517578,25.05500030517578,25.05500030517578,3397000
2018-12-03 00:00:00+00:00,25.780000686645508,25.780000686645508,25.780000686645508,25.780000686645508,5408000
2018-12-04 00:00:00+00:00,24.155000686645508,24.155000686645508,24.155000686645508,24.155000686645508,8507800
2018-12-06 00:00:00+00:00,23.809999465942383,23.809999465942383,23.809999465942383,23.809999465942383,11272600
2018-12-07 00:00:00+00:00,22.954999923706055,22.954999923706055,22.954999923706055,22.954999923706055,9776000
2018-12-10 00:00:00+00:00,23.030000686645508,23.030000686645508,23.030000686645508,23.030000686645508,8737200
2018-12-11 00:00:00+00:00,23.065000534057617,23.065000534057617,23.065000534057617,23.065000534057617,6630400
2018-12-12 00:00:00+00:00,23.165000915527344,23.165000915527344,23.165000915527344,23.165000915527344,5887200
2018-12-13 00:00:00+00:00,23.34000015258789,23.34000015258789,23.34000015258789,23.34000015258789,5320400
2018-12-14 00:00:00+00:00,22.975000381469727,22.975000381469727,22.975000381469727,22.975000381469727,6365800
2018-12-17 00:00:00+00:00,22.299999237060547,22.299999237060547,22.299999237060547,22.299999237060547,9191400
2018-12-18 00:00:00+00:00,22.25,22.25,22.25,22.25,5164000
2018-12-19 00:00:00+00:00,22.315000534057617,22.315000534057617,22.315000534057617,22.315000534057617,10336600
2018-12-20 00:00:00+00:00,21.770000457763672,21.770000457763672,21.770000457763672,21.770000457763672,10087000
2018-12-21 00:00:00+00:00,21.209999084472656,21.209999084472656,21.209999084472656,21.209999084472656,8976400
2018-12-24 00:00:00+00:00,20.649999618530273,20.649999618530273,20.649999618530273,20.649999618530273,6270200
2018-12-26 00:00:00+00:00,21.174999237060547,21.174999237060547,21.174999237060547,21.174999237060547,8763600
2018-12-27 00:00:00+00:00,20.774999618530273,20.774999618530273,20.774999618530273,20.774999618530273,8394600
2018-12-28 00:00:00+00:00,20.770000457763672,20.770000457763672,20.770000457763672,20.770000457763672,7511200
2018-12-31 00:00:00+00:00,21.149999618530273,21.149999618530273,21.149999618530273,21.149999618530273,5250400
2019-01-02 00:00:00+00:00,21.4950008392334,21.4950008392334,21.4950008392334,21.4950008392334,4165000
2019-01-03 00:00:00+00:00,20.959999084472656,20.959999084472656,20.959999084472656,20.959999084472656,5203600
2019-01-04 00:00:00+00:00,21.829999923706055,21.829999923706055,21.829999923706055,21.829999923706055,4586000
2019-01-07 00:00:00+00:00,22.05500030517578,22.05500030517578,22.05500030517578,22.05500030517578,3899200
2019-01-08 00:00:00+00:00,22.290000915527344,22.290000915527344,22.290000915527344,22.290000915527344,3357400
2019-01-09 00:00:00+00:00,22.53499984741211,22.53499984741211,22.53499984741211,22.53499984741211,3941000
2019-01-10 00:00:00+00:00,22.65999984741211,22.65999984741211,22.65999984741211,22.65999984741211,4140400
2019-01-11 00:00:00+00:00,23.03499984741211,23.03499984741211,23.03499984741211,23.03499984741211,4104800
2019-01-14 00:00:00+00:00,22.9950008392334,22.9950008392334,22.9950008392334,22.9950008392334,4511600
2019-01-15 00:00:00+00:00,23.514999389648438,23.514999389648438,23.514999389648438,23.514999389648438,4703600
2019-01-16 00:00:00+00:00,23.295000076293945,23.295000076293945,23.295000076293945,23.295000076293945,4022800
2019-01-17 00:00:00+00:00,23.405000686645508,23.405000686645508,23.405000686645508,23.405000686645508,4003200
2019-01-18 00:00:00+00:00,23.78499984741211,23.78499984741211,23.78499984741211,23.78499984741211,5192600
2019-01-22 00:00:00+00:00,22.764999389648438,22.764999389648438,22.764999389648438,22.764999389648438,7044600
2019-01-23 00:00:00+00:00,22.725000381469727,22.725000381469727,22.725000381469727,22.725000381469727,7075600
2019-01-24 00:00:00+00:00,23.100000381469727,23.100000381469727,23.100000381469727,23.100000381469727,4106000
2019-01-25 00:00:00+00:00,23.53499984741211,23.53499984741211,23.53499984741211,23.53499984741211,4950000
2019-01-28 00:00:00+00:00,23.045000076293945,23.045000076293945,23.045000076293945,23.045000076293945,5283200
2019-01-29 00:00:00+00:00,23.075000762939453,23.075000762939453,23.075000762939453,23.075000762939453,3899400
2019-01-30 00:00:00+00:00,23.604999542236328,23.604999542236328,23.604999542236328,23.604999542236328,5602000
2019-01-31 00:00:00+00:00,24.094999313354492,24.094999313354492,24.094999313354492,24.094999313354492,7202600
2019-02-01 00:00:00+00:00,24.21500015258789,24.21500015258789,24.21500015258789,24.21500015258789,6762600
2019-02-04 00:00:00+00:00,24.614999771118164,24.614999771118164,24.614999771118164,24.614999771118164,5521400
2019-02-05 00:00:00+00:00,24.690000534057617,24.690000534057617,24.690000534057617,24.690000534057617,4609200
2019-02-06 00:00:00+00:00,24.774999618530273,24.774999618530273,24.774999618530273,24.774999618530273,3629000
2019-02-07 00:00:00+00:00,24.375,24.375,24.375,24.375,6254000
2019-02-08 00:00:00+00:00,24.5049991607666,24.5049991607666,24.5049991607666,24.5049991607666,5132800
2019-02-11 00:00:00+00:00,24.645000457763672,24.645000457763672,24.645000457763672,24.645000457763672,3993600
2019-02-12 00:00:00+00:00,24.850000381469727,24.850000381469727,24.850000381469727,24.850000381469727,4701800
2019-02-13 00:00:00+00:00,24.895000457763672,24.895000457763672,24.895000457763672,24.895000457763672,4672600
2019-02-14 00:00:00+00:00,24.665000915527344,24.665000915527344,24.665000915527344,24.665000915527344,6197800
2019-02-15 00:00:00+00:00,25.084999084472656,25.084999084472656,25.084999084472656,25.084999084472656,5278800
2019-02-19 00:00:00+00:00,25.05500030517578,25.05500030517578,25.05500030517578,25.05500030517578,3323200
2019-02-20 00:00:00+00:00,25.549999237060547,25.549999237060547,25.549999237060547,25.549999237060547,5923600
2019-02-21 00:00:00+00:00,25.395000457763672,25.395000457763672,25.395000457763672,25.395000457763672,8292400
2019-02-22 00:00:00+00:00,25.864999771118164,25.864999771118164,25.864999771118164,25.864999771118164,5164000
2019-02-25 00:00:00+00:00,25.6299991607666,25.6299991607666,25.6299991607666,25.6299991607666,5084600
2019-02-26 00:00:00+00:00,25.514999389648438,25.514999389648438,25.514999389648438,25.514999389648438,5248800
2019-02-27 00:00:00+00:00,25.4950008392334,25.4950008392334,25.4950008392334,25.4950008392334,5970800
2019-02-28 00:00:00+00:00,25.520000457763672,25.520000457763672,25.520000457763672,25.520000457763672,5405800
2019-03-01 00:00:00+00:00,26.09000015258789,26.09000015258789,26.09000015258789,26.09000015258789,6056600
2019-03-04 00:00:00+00:00,25.770000457763672,25.770000457763672,25.770000457763672,25.770000457763672,11940200
2019-03-05 00:00:00+00:00,25.700000762939453,25.700000762939453,25.700000762939453,25.700000762939453,5026800
2019-03-06 00:00:00+00:00,25.31999969482422,25.31999969482422,25.31999969482422,25.31999969482422,6425200
2019-03-07 00:00:00+00:00,24.860000610351562,24.860000610351562,24.860000610351562,24.860000610351562,8813000
2019-03-08 00:00:00+00:00,24.78499984741211,24.78499984741211,24.78499984741211,24.78499984741211,8770000
2019-03-11 00:00:00+00:00,25.700000762939453,25.700000762939453,25.700000762939453,25.700000762939453,5888800
2019-03-12 00:00:00+00:00,26.065000534057617,26.065000534057617,26.065000534057617,26.065000534057617,5875200
2019-03-13 00:00:00+00:00,26.190000534057617,26.190000534057617,26.190000534057617,26.190000534057617,4753400
2019-03-14 00:00:00+00:00,26.405000686645508,26.405000686645508,26.405000686645508,26.405000686645508,3956200
2019-03-15 00:00:00+00:00,26.65999984741211,26.65999984741211,26.65999984741211,26.65999984741211,4694000
2019-03-18 00:00:00+00:00,26.6200008392334,26.6200008392334,26.6200008392334,26.6200008392334,4733000
2019-03-19 00:00:00+00:00,26.5,26.5,26.5,26.5,7389200
2019-03-20 00:00:00+00:00,26.385000228881836,26.385000228881836,26.385000228881836,26.385000228881836,8583000
2019-03-21 00:00:00+00:00,26.55500030517578,26.55500030517578,26.55500030517578,26.55500030517578,5788400
2019-03-22 00:00:00+00:00,25.014999389648438,25.014999389648438,25.014999389648438,25.014999389648438,19156200
2019-03-25 00:00:00+00:00,25.010000228881836,25.010000228881836,25.010000228881836,25.010000228881836,10500200
2019-03-26 00:00:00+00:00,25.69499969482422,25.69499969482422,25.69499969482422,25.69499969482422,5336800
2019-03-27 00:00:00+00:00,25.510000228881836,25.510000228881836,25.510000228881836,25.510000228881836,7611400
2019-03-28 00:00:00+00:00,25.770000457763672,25.770000457763672,25.770000457763672,25.770000457763672,5158400
2019-03-29 00:00:00+00:00,26.18000030517578,26.18000030517578,26.18000030517578,26.18000030517578,5218200
2019-04-01 00:00:00+00:00,26.405000686645508,26.405000686645508,26.405000686645508,26.405000686645508,3824800
2019-04-02 00:00:00+00:00,26.44499969482422,26.44499969482422,26.44499969482422,26.44499969482422,2525400
2019-04-03 00:00:00+00:00,26.350000381469727,26.350000381469727,26.350000381469727,26.350000381469727,4095800
2019-04-04 00:00:00+00:00,26.46500015258789,26.46500015258789,26.46500015258789,26.46500015258789,3024400
2019-04-05 00:00:00+00:00,26.75,26.75,26.75,26.75,3370800
2019-04-08 00:00:00+00:00,26.81999969482422,26.81999969482422,26.81999969482422,26.81999969482422,3181200
2019-04-09 00:00:00+00:00,26.34000015258789,26.34000015258789,26.34000015258789,26.34000015258789,3513200
2019-04-10 00:00:00+00:00,26.69499969482422,26.69499969482422,26.69499969482422,26.69499969482422,2775800
2019-04-11 00:00:00+00:00,26.969999313354492,26.969999313354492,26.969999313354492,26.969999313354492,2686600
2019-04-12 00:00:00+00:00,27.575000762939453,27.575000762939453,27.575000762939453,27.575000762939453,3496200
2019-04-15 00:00:00+00:00,27.75,27.75,27.75,27.75,3798400
2019-04-16 00:00:00+00:00,27.825000762939453,27.825000762939453,27.825000762939453,27.825000762939453,4379600
2019-04-17 00:00:00+00:00,27.760000228881836,27.760000228881836,27.760000228881836,27.760000228881836,5250800
2019-04-18 00:00:00+00:00,27.979999542236328,27.979999542236328,27.979999542236328,27.979999542236328,3522400
2019-04-22 00:00:00+00:00,28.100000381469727,28.100000381469727,28.100000381469727,28.100000381469727,2761800
2019-04-23 00:00:00+00:00,28.200000762939453,28.200000762939453,28.200000762939453,28.200000762939453,2700200
2019-04-24 00:00:00+00:00,27.8700008392334,27.8700008392334,27.8700008392334,27.8700008392334,3440000
2019-04-25 00:00:00+00:00,27.584999084472656,27.584999084472656,27.584999084472656,27.584999084472656,5072400
2019-04-26 00:00:00+00:00,28.059999465942383,28.059999465942383,28.059999465942383,28.059999465942383,3346400
2019-04-29 00:00:00+00:00,27.84000015258789,27.84000015258789,27.84000015258789,27.84000015258789,2135200
2019-04-30 00:00:00+00:00,27.829999923706055,27.829999923706055,27.829999923706055,27.829999923706055,3391600
2019-05-01 00:00:00+00:00,27.295000076293945,27.295000076293945,27.295000076293945,27.295000076293945,5225200
2019-05-02 00:00:00+00:00,27.260000228881836,27.260000228881836,27.260000228881836,27.260000228881836,8044200
2019-05-03 00:00:00+00:00,27.93000030517578,27.93000030517578,27.93000030517578,27.93000030517578,3935800
2019-05-06 00:00:00+00:00,27.135000228881836,27.135000228881836,27.135000228881836,27.135000228881836,9818000
2019-05-07 00:00:00+00:00,24.905000686645508,24.905000686645508,24.905000686645508,24.905000686645508,22665600
2019-05-08 00:00:00+00:00,25.260000228881836,25.260000228881836,25.260000228881836,25.260000228881836,11968400
2019-05-09 00:00:00+00:00,25.315000534057617,25.315000534057617,25.315000534057617,25.315000534057617,12539200
2019-05-10 00:00:00+00:00,26.309999465942383,26.309999465942383,26.309999465942383,26.309999465942383,11545000
2019-05-13 00:00:00+00:00,24.360000610351562,24.360000610351562,24.360000610351562,24.360000610351562,13357200
2019-05-14 00:00:00+00:00,24.979999542236328,24.979999542236328,24.979999542236328,24.979999542236328,5743200
2019-05-15 00:00:00+00:00,25.510000228881836,25.510000228881836,25.510000228881836,25.510000228881836,6309600
2019-05-16 00:00:00+00:00,26.06999969482422,26.06999969482422,26.06999969482422,26.06999969482422,7188400
2019-05-17 00:00:00+00:00,25.8799991607666,25.8799991607666,25.8799991607666,25.8799991607666,7863200
2019-05-20 00:00:00+00:00,25.709999084472656,25.709999084472656,25.709999084472656,25.709999084472656,5801000
2019-05-21 00:00:00+00:00,26.325000762939453,26.325000762939453,26.325000762939453,26.325000762939453,6145000
2019-05-22 00:00:00+00:00,26.489999771118164,26.489999771118164,26.489999771118164,26.489999771118164,4550400
2019-05-23 00:00:00+00:00,25.56999969482422,25.56999969482422,25.56999969482422,25.56999969482422,10064800
2019-05-24 00:00:00+00:00,25.860000610351562,25.860000610351562,25.860000610351562,25.860000610351562,5429800
2019-05-28 00:00:00+00:00,25.459999084472656,25.459999084472656,25.459999084472656,25.459999084472656,4494000
2019-05-29 00:00:00+00:00,25.200000762939453,25.200000762939453,25.200000762939453,25.200000762939453,5008000
2019-05-30 00:00:00+00:00,25.454999923706055,25.454999923706055,25.454999923706055,25.454999923706055,4070600
2019-05-31 00:00:00+00:00,24.90999984741211,24.90999984741211,24.90999984741211,24.90999984741211,6228800
2019-06-03 00:00:00+00:00,24.825000762939453,24.825000762939453,24.825000762939453,24.825000762939453,5294400
2019-06-04 00:00:00+00:00,25.510000228881836,25.510000228881836,25.510000228881836,25.510000228881836,3644400
2019-06-05 00:00:00+00:00,25.795000076293945,25.795000076293945,25.795000076293945,25.795000076293945,4084200
2019-06-06 00:00:00+00:00,26.049999237060547,26.049999237060547,26.049999237060547,26.049999237060547,2875800
2019-06-07 00:00:00+00:00,25.940000534057617,25.940000534057617,25.940000534057617,25.940000534057617,2916600
2019-06-10 00:00:00+00:00,26.084999084472656,26.084999084472656,26.084999084472656,26.084999084472656,2585400
2019-06-11 00:00:00+00:00,26.020000457763672,26.020000457763672,26.020000457763672,26.020000457763672,3165200
2019-06-12 00:00:00+00:00,26.09000015258789,26.09000015258789,26.09000015258789,26.09000015258789,1956800
2019-06-13 00:00:00+00:00,26.170000076293945,26.170000076293945,26.170000076293945,26.170000076293945,2377400
2019-06-14 00:00:00+00:00,26.280000686645508,26.280000686645508,26.280000686645508,26.280000686645508,3412800
2019-06-17 00:00:00+00:00,26.450000762939453,26.450000762939453,26.450000762939453,26.450000762939453,1783800
2019-06-18 00:00:00+00:00,26.520000457763672,26.520000457763672,26.520000457763672,26.520000457763672,3196200
2019-06-19 00:00:00+00:00,26.969999313354492,26.969999313354492,26.969999313354492,26.969999313354492,4456000
2019-06-20 00:00:00+00:00,26.920000076293945,26.920000076293945,26.920000076293945,26.920000076293945,5559800
2019-06-21 00:00:00+00:00,26.604999542236328,26.604999542236328,26.604999542236328,26.604999542236328,4947800
2019-06-24 00:00:00+00:00,26.774999618530273,26.774999618530273,26.774999618530273,26.774999618530273,3029000
2019-06-25 00:00:00+00:00,26.375,26.375,26.375,26.375,2976000
2019-06-26 00:00:00+00:00,26.485000610351562,26.485000610351562,26.485000610351562,26.485000610351562,2616200
2019-06-27 00:00:00+00:00,26.709999084472656,26.709999084472656,26.709999084472656,26.709999084472656,2873200
2019-06-28 00:00:00+00:00,26.934999465942383,26.934999465942383,26.934999465942383,26.934999465942383,3422000
2019-07-01 00:00:00+00:00,27.68000030517578,27.68000030517578,27.68000030517578,27.68000030517578,3413800
2019-07-02 00:00:00+00:00,28.165000915527344,28.165000915527344,28.165000915527344,28.165000915527344,3258200
2019-07-03 00:00:00+00:00,28.28499984741211,28.28499984741211,28.28499984741211,28.28499984741211,1585000
2019-07-05 00:00:00+00:00,28.200000762939453,28.200000762939453,28.200000762939453,28.200000762939453,2928600
2019-07-08 00:00:00+00:00,27.809999465942383,27.809999465942383,27.809999465942383,27.809999465942383,2678600
2019-07-09 00:00:00+00:00,27.78499984741211,27.78499984741211,27.78499984741211,27.78499984741211,3478800
2019-07-10 00:00:00+00:00,28.174999237060547,28.174999237060547,28.174999237060547,28.174999237060547,3588200
2019-07-11 00:00:00+00:00,28.440000534057617,28.440000534057617,28.440000534057617,28.440000534057617,2972800
2019-07-12 00:00:00+00:00,28.690000534057617,28.690000534057617,28.690000534057617,28.690000534057617,2445200
2019-07-15 00:00:00+00:00,28.709999084472656,28.709999084472656,28.709999084472656,28.709999084472656,2339400
2019-07-16 00:00:00+00:00,28.655000686645508,28.655000686645508,28.655000686645508,28.655000686645508,3824400
2019-07-17 00:00:00+00:00,28.334999084472656,28.334999084472656,28.334999084472656,28.334999084472656,3346600
2019-07-18 00:00:00+00:00,28.44499969482422,28.44499969482422,28.44499969482422,28.44499969482422,4367400
2019-07-19 00:00:00+00:00,28.290000915527344,28.290000915527344,28.290000915527344,28.290000915527344,4415600
2019-07-22 00:00:00+00:00,28.53499984741211,28.53499984741211,28.53499984741211,28.53499984741211,2972800
2019-07-23 00:00:00+00:00,29.084999084472656,29.084999084472656,29.084999084472656,29.084999084472656,2692200
2019-07-24 00:00:00+00:00,29.454999923706055,29.454999923706055,29.454999923706055,29.454999923706055,2439200
2019-07-25 00:00:00+00:00,28.985000610351562,28.985000610351562,28.985000610351562,28.985000610351562,3516200
2019-07-26 00:00:00+00:00,29.3799991607666,29.3799991607666,29.3799991607666,29.3799991607666,2558800
2019-07-29 00:00:00+00:00,29.2450008392334,29.2450008392334,29.2450008392334,29.2450008392334,2383000
2019-07-30 00:00:00+00:00,28.8799991607666,28.8799991607666,28.8799991607666,28.8799991607666,3561800
2019-07-31 00:00:00+00:00,28.094999313354492,28.094999313354492,28.094999313354492,28.094999313354492,5923200
2019-08-01 00:00:00+00:00,26.979999542236328,26.979999542236328,26.979999542236328,26.979999542236328,12363600
2019-08-02 00:00:00+00:00,26.8799991607666,26.8799991607666,26.8799991607666,26.8799991607666,8858600
2019-08-05 00:00:00+00:00,24.975000381469727,24.975000381469727,24.975000381469727,24.975000381469727,11859200
2019-08-06 00:00:00+00:00,25.579999923706055,25.579999923706055,25.579999923706055,25.579999923706055,8064600
2019-08-07 00:00:00+00:00,25.575000762939453,25.575000762939453,25.575000762939453,25.575000762939453,9459200
2019-08-08 00:00:00+00:00,26.30500030517578,26.30500030517578,26.30500030517578,26.30500030517578,6568200
2019-08-09 00:00:00+00:00,25.844999313354492,25.844999313354492,25.844999313354492,25.844999313354492,6979600
2019-08-12 00:00:00+00:00,24.90999984741211,24.90999984741211,24.90999984741211,24.90999984741211,6427600
2019-08-13 00:00:00+00:00,25.780000686645508,25.780000686645508,25.780000686645508,25.780000686645508,8143800
2019-08-14 00:00:00+00:00,23.94499969482422,23.94499969482422,23.94499969482422,23.94499969482422,11853400
2019-08-15 00:00:00+00:00,24.34000015258789,24.34000015258789,24.34000015258789,24.34000015258789,7466400
2019-08-16 00:00:00+00:00,24.979999542236328,24.979999542236328,24.979999542236328,24.979999542236328,6361400
2019-08-19 00:00:00+00:00,25.950000762939453,25.950000762939453,25.950000762939453,25.950000762939453,5782800
2019-08-20 00:00:00+00:00,25.59000015258789,25.59000015258789,25.59000015258789,25.59000015258789,5601400
2019-08-21 00:00:00+00:00,26.280000686645508,26.280000686645508,26.280000686645508,26.280000686645508,6369000
2019-08-22 00:00:00+00:00,26.0,26.0,26.0,26.0,7134400
2019-08-23 00:00:00+00:00,24.420000076293945,24.420000076293945,24.420000076293945,24.420000076293945,16646000
2019-08-26 00:00:00+00:00,24.774999618530273,24.774999618530273,24.774999618530273,24.774999618530273,7126200
2019-08-27 00:00:00+00:00,24.559999465942383,24.559999465942383,24.559999465942383,24.559999465942383,5645000
2019-08-28 00:00:00+00:00,24.81999969482422,24.81999969482422,24.81999969482422,24.81999969482422,4741600
2019-08-29 00:00:00+00:00,25.344999313354492,25.344999313354492,25.344999313354492,25.344999313354492,4286800
2019-08-30 00:00:00+00:00,25.30500030517578,25.30500030517578,25.30500030517578,25.30500030517578,4066200
2019-09-03 00:00:00+00:00,24.719999313354492,24.719999313354492,24.719999313354492,24.719999313354492,6430000
2019-09-04 00:00:00+00:00,25.469999313354492,25.469999313354492,25.469999313354492,25.469999313354492,4923400
2019-09-05 00:00:00+00:00,26.010000228881836,26.010000228881836,26.010000228881836,26.010000228881836,4655200
2019-09-06 00:00:00+00:00,26.3799991607666,26.3799991607666,26.3799991607666,26.3799991607666,3668000
2019-09-09 00:00:00+00:00,26.454999923706055,26.454999923706055,26.454999923706055,26.454999923706055,4101000
2019-09-10 00:00:00+00:00,26.5049991607666,26.5049991607666,26.5049991607666,26.5049991607666,3813600
2019-09-11 00:00:00+00:00,26.704999923706055,26.704999923706055,26.704999923706055,26.704999923706055,3403800
2019-09-12 00:00:00+00:00,27.040000915527344,27.040000915527344,27.040000915527344,27.040000915527344,3997400
2019-09-13 00:00:00+00:00,27.225000381469727,27.225000381469727,27.225000381469727,27.225000381469727,4356200
2019-09-16 00:00:00+00:00,27.045000076293945,27.045000076293945,27.045000076293945,27.045000076293945,3529000
2019-09-17 00:00:00+00:00,27.135000228881836,27.135000228881836,27.135000228881836,27.135000228881836,3240600
2019-09-18 00:00:00+00:00,27.56999969482422,27.56999969482422,27.56999969482422,27.56999969482422,5755800
2019-09-19 00:00:00+00:00,27.78499984741211,27.78499984741211,27.78499984741211,27.78499984741211,3572400
2019-09-20 00:00:00+00:00,27.065000534057617,27.065000534057617,27.065000534057617,27.065000534057617,6337400
2019-09-23 00:00:00+00:00,27.155000686645508,27.155000686645508,27.155000686645508,27.155000686645508,4748000
2019-09-24 00:00:00+00:00,26.530000686645508,26.530000686645508,26.530000686645508,26.530000686645508,9669800
2019-09-25 00:00:00+00:00,26.80500030517578,26.80500030517578,26.80500030517578,26.80500030517578,5211000
2019-09-26 00:00:00+00:00,26.71500015258789,26.71500015258789,26.71500015258789,26.71500015258789,4738000
2019-09-27 00:00:00+00:00,26.360000610351562,26.360000610351562,26.360000610351562,26.360000610351562,6319800
2019-09-30 00:00:00+00:00,26.704999923706055,26.704999923706055,26.704999923706055,26.704999923706055,3162800
2019-10-01 00:00:00+00:00,26.1299991607666,26.1299991607666,26.1299991607666,26.1299991607666,4982000
2019-10-02 00:00:00+00:00,25.200000762939453,25.200000762939453,25.200000762939453,25.200000762939453,7851600
2019-10-03 00:00:00+00:00,25.684999465942383,25.684999465942383,25.684999465942383,25.684999465942383,5471400
2019-10-04 00:00:00+00:00,26.40999984741211,26.40999984741211,26.40999984741211,26.40999984741211,4890400
2019-10-07 00:00:00+00:00,26.2549991607666,26.2549991607666,26.2549991607666,26.2549991607666,4877000
2019-10-08 00:00:00+00:00,25.225000381469727,25.225000381469727,25.225000381469727,25.225000381469727,7068600
2019-10-09 00:00:00+00:00,25.4950008392334,25.4950008392334,25.4950008392334,25.4950008392334,4917800
2019-10-10 00:00:00+00:00,26.094999313354492,26.094999313354492,26.094999313354492,26.094999313354492,4386600
2019-10-11 00:00:00+00:00,26.90999984741211,26.90999984741211,26.90999984741211,26.90999984741211,9447800
2019-10-14 00:00:00+00:00,27.34000015258789,27.34000015258789,27.34000015258789,27.34000015258789,4254600
2019-10-15 00:00:00+00:00,27.625,27.625,27.625,27.625,4753200
2019-10-16 00:00:00+00:00,27.864999771118164,27.864999771118164,27.864999771118164,27.864999771118164,3559200
2019-10-17 00:00:00+00:00,27.924999237060547,27.924999237060547,27.924999237060547,27.924999237060547,4553000
2019-10-18 00:00:00+00:00,27.94499969482422,27.94499969482422,27.94499969482422,27.94499969482422,5272200
2019-10-21 00:00:00+00:00,28.329999923706055,28.329999923706055,28.329999923706055,28.329999923706055,2994000
2019-10-22 00:00:00+00:00,28.094999313354492,28.094999313354492,28.094999313354492,28.094999313354492,3595600
2019-10-23 00:00:00+00:00,28.274999618530273,28.274999618530273,28.274999618530273,28.274999618530273,3162800
2019-10-24 00:00:00+00:00,28.459999084472656,28.459999084472656,28.459999084472656,28.459999084472656,3070600
2019-10-25 00:00:00+00:00,28.915000915527344,28.915000915527344,28.915000915527344,28.915000915527344,2976200
2019-10-28 00:00:00+00:00,28.78499984741211,28.78499984741211,28.78499984741211,28.78499984741211,3088800
2019-10-29 00:00:00+00:00,28.790000915527344,28.790000915527344,28.790000915527344,28.790000915527344,2939000
2019-10-30 00:00:00+00:00,29.149999618530273,29.149999618530273,29.149999618530273,29.149999618530273,3505600
2019-10-31 00:00:00+00:00,28.8799991607666,28.8799991607666,28.8799991607666,28.8799991607666,3253000
2019-11-01 00:00:00+00:00,29.59000015258789,29.59000015258789,29.59000015258789,29.59000015258789,2795000
2019-11-04 00:00:00+00:00,29.545000076293945,29.545000076293945,29.545000076293945,29.545000076293945,3374200
2019-11-05 00:00:00+00:00,29.235000610351562,29.235000610351562,29.235000610351562,29.235000610351562,2623800
2019-11-06 00:00:00+00:00,29.30500030517578,29.30500030517578,29.30500030517578,29.30500030517578,2773400
2019-11-07 00:00:00+00:00,29.454999923706055,29.454999923706055,29.454999923706055,29.454999923706055,2975600
2019-11-08 00:00:00+00:00,29.719999313354492,29.719999313354492,29.719999313354492,29.719999313354492,2874600
2019-11-11 00:00:00+00:00,29.780000686645508,29.780000686645508,29.780000686645508,29.780000686645508,2761000
2019-11-12 00:00:00+00:00,29.959999084472656,29.959999084472656,29.959999084472656,29.959999084472656,2706000
2019-11-13 00:00:00+00:00,29.889999389648438,29.889999389648438,29.889999389648438,29.889999389648438,3597800
2019-11-14 00:00:00+00:00,30.09000015258789,30.09000015258789,30.09000015258789,30.09000015258789,2709200
2019-11-15 00:00:00+00:00,30.780000686645508,30.780000686645508,30.780000686645508,30.780000686645508,4574400
2019-11-18 00:00:00+00:00,30.780000686645508,30.780000686645508,30.780000686645508,30.780000686645508,1963400
2019-11-19 00:00:00+00:00,30.6200008392334,30.6200008392334,30.6200008392334,30.6200008392334,3816800
2019-11-20 00:00:00+00:00,30.485000610351562,30.485000610351562,30.485000610351562,30.485000610351562,6117600
2019-11-21 00:00:00+00:00,30.440000534057617,30.440000534057617,30.440000534057617,30.440000534057617,2824200
2019-11-22 00:00:00+00:00,30.899999618530273,30.899999618530273,30.899999618530273,30.899999618530273,2550800
2019-11-25 00:00:00+00:00,31.549999237060547,31.549999237060547,31.549999237060547,31.549999237060547,3431400
2019-11-26 00:00:00+00:00,31.80500030517578,31.80500030517578,31.80500030517578,31.80500030517578,2712200
2019-11-27 00:00:00+00:00,31.850000381469727,31.850000381469727,31.850000381469727,31.850000381469727,1507000
2019-11-29 00:00:00+00:00,31.524999618530273,31.524999618530273,31.524999618530273,31.524999618530273,1585000
2019-12-02 00:00:00+00:00,30.774999618530273,30.774999618530273,30.774999618530273,30.774999618530273,5339400
2019-12-03 00:00:00+00:00,29.575000762939453,29.575000762939453,29.575000762939453,29.575000762939453,5983800
2019-12-04 00:00:00+00:00,30.489999771118164,30.489999771118164,30.489999771118164,30.489999771118164,3649000
2019-12-05 00:00:00+00:00,30.690000534057617,30.690000534057617,30.690000534057617,30.690000534057617,4190200
2019-12-06 00:00:00+00:00,31.260000228881836,31.260000228881836,31.260000228881836,31.260000228881836,3229200
2019-12-09 00:00:00+00:00,30.424999237060547,30.424999237060547,30.424999237060547,30.424999237060547,3101200
2019-12-10 00:00:00+00:00,30.3799991607666,30.3799991607666,30.3799991607666,30.3799991607666,3255200
2019-12-11 00:00:00+00:00,30.700000762939453,30.700000762939453,30.700000762939453,30.700000762939453,2340000
2019-12-12 00:00:00+00:00,31.594999313354492,31.594999313354492,31.594999313354492,31.594999313354492,4861800
2019-12-13 00:00:00+00:00,32.29999923706055,32.29999923706055,32.29999923706055,32.29999923706055,5490800
2019-12-16 00:00:00+00:00,32.665000915527344,32.665000915527344,32.665000915527344,32.665000915527344,3465000
2019-12-17 00:00:00+00:00,32.7599983215332,32.7599983215332,32.7599983215332,32.7599983215332,3651000
2019-12-18 00:00:00+00:00,32.58000183105469,32.58000183105469,32.58000183105469,32.58000183105469,3943600
2019-12-19 00:00:00+00:00,33.0099983215332,33.0099983215332,33.0099983215332,33.0099983215332,2710000
2019-12-20 00:00:00+00:00,32.744998931884766,32.744998931884766,32.744998931884766,32.744998931884766,3914600
2019-12-23 00:00:00+00:00,32.71500015258789,32.71500015258789,32.71500015258789,32.71500015258789,2703600
2019-12-24 00:00:00+00:00,32.915000915527344,32.915000915527344,32.915000915527344,32.915000915527344,1103200
2019-12-26 00:00:00+00:00,32.915000915527344,32.915000915527344,32.915000915527344,32.915000915527344,1497000
2019-12-27 00:00:00+00:00,32.540000915527344,32.540000915527344,32.540000915527344,32.540000915527344,2625000
2019-12-30 00:00:00+00:00,31.96500015258789,31.96500015258789,31.96500015258789,31.96500015258789,4624800
2019-12-31 00:00:00+00:00,32.6150016784668,32.6150016784668,32.6150016784668,32.6150016784668,3189400
2020-01-02 00:00:00+00:00,33.32500076293945,33.32500076293945,33.32500076293945,33.32500076293945,4235200
2020-01-03 00:00:00+00:00,32.470001220703125,32.470001220703125,32.470001220703125,32.470001220703125,4674800
2020-01-06 00:00:00+00:00,32.625,32.625,32.625,32.625,3580600
2020-01-07 00:00:00+00:00,32.720001220703125,32.720001220703125,32.720001220703125,32.720001220703125,2345000
2020-01-08 00:00:00+00:00,33.040000915527344,33.040000915527344,33.040000915527344,33.040000915527344,3711600
2020-01-09 00:00:00+00:00,33.63999938964844,33.63999938964844,33.63999938964844,33.63999938964844,2253400
2020-01-10 00:00:00+00:00,33.71500015258789,33.71500015258789,33.71500015258789,33.71500015258789,2963200
2020-01-13 00:00:00+00:00,34.084999084472656,34.084999084472656,34.084999084472656,34.084999084472656,2023000
2020-01-14 00:00:00+00:00,34.23500061035156,34.23500061035156,34.23500061035156,34.23500061035156,4023200
2020-01-15 00:00:00+00:00,34.310001373291016,34.310001373291016,34.310001373291016,34.310001373291016,3458400
2020-01-16 00:00:00+00:00,34.73500061035156,34.73500061035156,34.73500061035156,34.73500061035156,4323600
2020-01-17 00:00:00+00:00,34.64500045776367,34.64500045776367,34.64500045776367,34.64500045776367,3689000
2020-01-21 00:00:00+00:00,34.53499984741211,34.53499984741211,34.53499984741211,34.53499984741211,3358600
2020-01-22 00:00:00+00:00,34.189998626708984,34.189998626708984,34.189998626708984,34.189998626708984,3191400
2020-01-23 00:00:00+00:00,34.45500183105469,34.45500183105469,34.45500183105469,34.45500183105469,4497400
2020-01-24 00:00:00+00:00,33.48500061035156,33.48500061035156,33.48500061035156,33.48500061035156,8591000
2020-01-27 00:00:00+00:00,31.704999923706055,31.704999923706055,31.704999923706055,31.704999923706055,8281600
2020-01-28 00:00:00+00:00,32.63999938964844,32.63999938964844,32.63999938964844,32.63999938964844,5177600
2020-01-29 00:00:00+00:00,32.595001220703125,32.595001220703125,32.595001220703125,32.595001220703125,3837800
2020-01-30 00:00:00+00:00,32.880001068115234,32.880001068115234,32.880001068115234,32.880001068115234,6601600
2020-01-31 00:00:00+00:00,30.969999313354492,30.969999313354492,30.969999313354492,30.969999313354492,8410200
2020-02-03 00:00:00+00:00,31.614999771118164,31.614999771118164,31.614999771118164,31.614999771118164,4868600
2020-02-04 00:00:00+00:00,32.439998626708984,32.439998626708984,32.439998626708984,32.439998626708984,5544600
2020-02-05 00:00:00+00:00,33.1150016784668,33.1150016784668,33.1150016784668,33.1150016784668,4164800
2020-02-06 00:00:00+00:00,33.26499938964844,33.26499938964844,33.26499938964844,33.26499938964844,3600400
2020-02-07 00:00:00+00:00,32.9900016784668,32.9900016784668,32.9900016784668,32.9900016784668,4423000
2020-02-10 00:00:00+00:00,33.189998626708984,33.189998626708984,33.189998626708984,33.189998626708984,3120800
2020-02-11 00:00:00+00:00,33.20500183105469,33.20500183105469,33.20500183105469,33.20500183105469,4607000
2020-02-12 00:00:00+00:00,34.03499984741211,34.03499984741211,34.03499984741211,34.03499984741211,4231600
2020-02-13 00:00:00+00:00,33.689998626708984,33.689998626708984,33.689998626708984,33.689998626708984,3444400
2020-02-14 00:00:00+00:00,33.91999816894531,33.91999816894531,33.91999816894531,33.91999816894531,3397600
2020-02-18 00:00:00+00:00,33.54999923706055,33.54999923706055,33.54999923706055,33.54999923706055,4769200
2020-02-19 00:00:00+00:00,33.83000183105469,33.83000183105469,33.83000183105469,33.83000183105469,3409400
2020-02-20 00:00:00+00:00,33.224998474121094,33.224998474121094,33.224998474121094,33.224998474121094,7769200
2020-02-21 00:00:00+00:00,32.189998626708984,32.189998626708984,32.189998626708984,32.189998626708984,8467400
2020-02-24 00:00:00+00:00,29.135000228881836,29.135000228881836,29.135000228881836,29.135000228881836,11395200
2020-02-25 00:00:00+00:00,27.815000534057617,27.815000534057617,27.815000534057617,27.815000534057617,13410800
2020-02-26 00:00:00+00:00,28.19499969482422,28.19499969482422,28.19499969482422,28.19499969482422,12445400
2020-02-27 00:00:00+00:00,25.969999313354492,25.969999313354492,25.969999313354492,25.969999313354492,12582800
2020-02-28 00:00:00+00:00,25.3700008392334,25.3700008392334,25.3700008392334,25.3700008392334,14879600
2020-03-02 00:00:00+00:00,25.885000228881836,25.885000228881836,25.885000228881836,25.885000228881836,10943400
2020-03-03 00:00:00+00:00,24.43000030517578,24.43000030517578,24.43000030517578,24.43000030517578,16041600
2020-03-04 00:00:00+00:00,25.104999542236328,25.104999542236328,25.104999542236328,25.104999542236328,13673000
2020-03-05 00:00:00+00:00,23.155000686645508,23.155000686645508,23.155000686645508,23.155000686645508,14629600
2020-03-06 00:00:00+00:00,21.934999465942383,21.934999465942383,21.934999465942383,21.934999465942383,21942200
2020-03-09 00:00:00+00:00,19.209999084472656,19.209999084472656,19.209999084472656,19.209999084472656,12849800
2020-03-10 00:00:00+00:00,20.155000686645508,20.155000686645508,20.155000686645508,20.155000686645508,22404600
2020-03-11 00:00:00+00:00,18.889999389648438,18.889999389648438,18.889999389648438,18.889999389648438,22478600
2020-03-12 00:00:00+00:00,16.649999618530273,16.649999618530273,16.649999618530273,16.649999618530273,22826200
2020-03-13 00:00:00+00:00,17.540000915527344,17.540000915527344,17.540000915527344,17.540000915527344,22250400
2020-03-16 00:00:00+00:00,14.114999771118164,14.114999771118164,14.114999771118164,14.114999771118164,19313600
2020-03-17 00:00:00+00:00,14.444999694824219,14.444999694824219,14.444999694824219,14.444999694824219,26613200
2020-03-18 00:00:00+00:00,13.135000228881836,13.135000228881836,13.135000228881836,13.135000228881836,33979800
2020-03-19 00:00:00+00:00,13.845000267028809,13.845000267028809,13.845000267028809,13.845000267028809,33498800
2020-03-20 00:00:00+00:00,14.055000305175781,14.055000305175781,14.055000305175781,14.055000305175781,43683400
2020-03-23 00:00:00+00:00,15.125,15.125,15.125,15.125,33305000
2020-03-24 00:00:00+00:00,15.65999984741211,15.65999984741211,15.65999984741211,15.65999984741211,37116000
2020-03-25 00:00:00+00:00,15.0649995803833,15.0649995803833,15.0649995803833,15.0649995803833,20306200
2020-03-26 00:00:00+00:00,15.675000190734863,15.675000190734863,15.675000190734863,15.675000190734863,20011400
2020-03-27 00:00:00+00:00,14.925000190734863,14.925000190734863,14.925000190734863,14.925000190734863,13974800
2020-03-30 00:00:00+00:00,15.125,15.125,15.125,15.125,14369200
2020-03-31 00:00:00+00:00,15.505000114440918,15.505000114440918,15.505000114440918,15.505000114440918,12479600
2020-04-01 00:00:00+00:00,14.850000381469727,14.850000381469727,14.850000381469727,14.850000381469727,9258200
2020-04-02 00:00:00+00:00,15.229999542236328,15.229999542236328,15.229999542236328,15.229999542236328,10448600
2020-04-03 00:00:00+00:00,15.555000305175781,15.555000305175781,15.555000305175781,15.555000305175781,8790600
2020-04-06 00:00:00+00:00,16.114999771118164,16.114999771118164,16.114999771118164,16.114999771118164,8260000
2020-04-07 00:00:00+00:00,15.864999771118164,15.864999771118164,15.864999771118164,15.864999771118164,8302000
2020-04-08 00:00:00+00:00,16.030000686645508,16.030000686645508,16.030000686645508,16.030000686645508,7467200
2020-04-09 00:00:00+00:00,16.174999237060547,16.174999237060547,16.174999237060547,16.174999237060547,6402000
2020-04-13 00:00:00+00:00,16.350000381469727,16.350000381469727,16.350000381469727,16.350000381469727,5917200
2020-04-14 00:00:00+00:00,17.03499984741211,17.03499984741211,17.03499984741211,17.03499984741211,4893600
2020-04-15 00:00:00+00:00,16.274999618530273,16.274999618530273,16.274999618530273,16.274999618530273,5459400
2020-04-16 00:00:00+00:00,16.235000610351562,16.235000610351562,16.235000610351562,16.235000610351562,4751600
2020-04-17 00:00:00+00:00,16.579999923706055,16.579999923706055,16.579999923706055,16.579999923706055,4668800
2020-04-20 00:00:00+00:00,15.704999923706055,15.704999923706055,15.704999923706055,15.704999923706055,5060000
2020-04-21 00:00:00+00:00,15.069999694824219,15.069999694824219,15.069999694824219,15.069999694824219,7305200
2020-04-22 00:00:00+00:00,15.430000305175781,15.430000305175781,15.430000305175781,15.430000305175781,3683000
2020-04-23 00:00:00+00:00,15.444999694824219,15.444999694824219,15.444999694824219,15.444999694824219,4808800
2020-04-24 00:00:00+00:00,15.864999771118164,15.864999771118164,15.864999771118164,15.864999771118164,4109200
2020-04-27 00:00:00+00:00,16.485000610351562,16.485000610351562,16.485000610351562,16.485000610351562,7203200
2020-04-28 00:00:00+00:00,16.31999969482422,16.31999969482422,16.31999969482422,16.31999969482422,7378800
2020-04-29 00:00:00+00:00,16.844999313354492,16.844999313354492,16.844999313354492,16.844999313354492,4845800
2020-04-30 00:00:00+00:00,16.559999465942383,16.559999465942383,16.559999465942383,16.559999465942383,4665200
2020-05-01 00:00:00+00:00,15.805000305175781,15.805000305175781,15.805000305175781,15.805000305175781,5453800
2020-05-04 00:00:00+00:00,15.96500015258789,15.96500015258789,15.96500015258789,15.96500015258789,3699000
2020-05-05 00:00:00+00:00,16.299999237060547,16.299999237060547,16.299999237060547,16.299999237060547,6863600
2020-05-06 00:00:00+00:00,16.15999984741211,16.15999984741211,16.15999984741211,16.15999984741211,5370600
2020-05-07 00:00:00+00:00,16.524999618530273,16.524999618530273,16.524999618530273,16.524999618530273,5455200
2020-05-08 00:00:00+00:00,17.104999542236328,17.104999542236328,17.104999542236328,17.104999542236328,5370800
2020-05-11 00:00:00+00:00,17.674999237060547,17.674999237060547,17.674999237060547,17.674999237060547,4677000
2020-05-12 00:00:00+00:00,16.75,16.75,16.75,16.75,11434200
2020-05-13 00:00:00+00:00,15.854999542236328,15.854999542236328,15.854999542236328,15.854999542236328,12966800
2020-05-14 00:00:00+00:00,16.270000457763672,16.270000457763672,16.270000457763672,16.270000457763672,12105000
2020-05-15 00:00:00+00:00,16.479999542236328,16.479999542236328,16.479999542236328,16.479999542236328,8228200
2020-05-18 00:00:00+00:00,16.9950008392334,16.9950008392334,16.9950008392334,16.9950008392334,7270200
2020-05-19 00:00:00+00:00,16.530000686645508,16.530000686645508,16.530000686645508,16.530000686645508,8223600
2020-05-20 00:00:00+00:00,17.03499984741211,17.03499984741211,17.03499984741211,17.03499984741211,8225400
2020-05-21 00:00:00+00:00,16.850000381469727,16.850000381469727,16.850000381469727,16.850000381469727,9414200
2020-05-22 00:00:00+00:00,16.899999618530273,16.899999618530273,16.899999618530273,16.899999618530273,5490600
2020-05-26 00:00:00+00:00,16.989999771118164,16.989999771118164,16.989999771118164,16.989999771118164,5816400
2020-05-27 00:00:00+00:00,17.190000534057617,17.190000534057617,17.190000534057617,17.190000534057617,5913000
2020-05-28 00:00:00+00:00,16.834999084472656,16.834999084472656,16.834999084472656,16.834999084472656,6420800
2020-05-29 00:00:00+00:00,17.15999984741211,17.15999984741211,17.15999984741211,17.15999984741211,8707400
2020-06-01 00:00:00+00:00,17.075000762939453,17.075000762939453,17.075000762939453,17.075000762939453,5813400
2020-06-02 00:00:00+00:00,17.309999465942383,17.309999465942383,17.309999465942383,17.309999465942383,7587000
2020-06-03 00:00:00+00:00,17.704999923706055,17.704999923706055,17.704999923706055,17.704999923706055,8481800
2020-06-04 00:00:00+00:00,17.770000457763672,17.770000457763672,17.770000457763672,17.770000457763672,7519600
2020-06-05 00:00:00+00:00,18.239999771118164,18.239999771118164,18.239999771118164,18.239999771118164,7058600
2020-06-08 00:00:00+00:00,18.03499984741211,18.03499984741211,18.03499984741211,18.03499984741211,5825800
2020-06-09 00:00:00+00:00,17.584999084472656,17.584999084472656,17.584999084472656,17.584999084472656,6128200
2020-06-10 00:00:00+00:00,17.6299991607666,17.6299991607666,17.6299991607666,17.6299991607666,9577400
2020-06-11 00:00:00+00:00,14.645000457763672,14.645000457763672,14.645000457763672,14.645000457763672,19650600
2020-06-12 00:00:00+00:00,14.899999618530273,14.899999618530273,14.899999618530273,14.899999618530273,32925000
2020-06-15 00:00:00+00:00,15.100000381469727,15.100000381469727,15.100000381469727,15.100000381469727,14875800
2020-06-16 00:00:00+00:00,15.270000457763672,15.270000457763672,15.270000457763672,15.270000457763672,11186400
2020-06-17 00:00:00+00:00,15.255000114440918,15.255000114440918,15.255000114440918,15.255000114440918,6212400
2020-06-18 00:00:00+00:00,15.380000114440918,15.380000114440918,15.380000114440918,15.380000114440918,4771600
2020-06-19 00:00:00+00:00,15.255000114440918,15.255000114440918,15.255000114440918,15.255000114440918,9434600
2020-06-22 00:00:00+00:00,15.595000267028809,15.595000267028809,15.595000267028809,15.595000267028809,9206400
2020-06-23 00:00:00+00:00,15.699999809265137,15.699999809265137,15.699999809265137,15.699999809265137,7543400
2020-06-24 00:00:00+00:00,15.164999961853027,15.164999961853027,15.164999961853027,15.164999961853027,17482600
2020-06-25 00:00:00+00:00,15.479999542236328,15.479999542236328,15.479999542236328,15.479999542236328,6183400
2020-06-26 00:00:00+00:00,15.015000343322754,15.015000343322754,15.015000343322754,15.015000343322754,9844600
2020-06-29 00:00:00+00:00,15.354999542236328,15.354999542236328,15.354999542236328,15.354999542236328,7425200
2020-06-30 00:00:00+00:00,15.75,15.75,15.75,15.75,7437000
2020-07-01 00:00:00+00:00,15.979999542236328,15.979999542236328,15.979999542236328,15.979999542236328,7021600
2020-07-02 00:00:00+00:00,16.1200008392334,16.1200008392334,16.1200008392334,16.1200008392334,9516200
2020-07-06 00:00:00+00:00,16.100000381469727,16.100000381469727,16.100000381469727,16.100000381469727,4625000
2020-07-07 00:00:00+00:00,15.824999809265137,15.824999809265137,15.824999809265137,15.824999809265137,6819200
2020-07-08 00:00:00+00:00,16.030000686645508,16.030000686645508,16.030000686645508,16.030000686645508,4123800
2020-07-09 00:00:00+00:00,15.895000457763672,15.895000457763672,15.895000457763672,15.895000457763672,10163200
2020-07-10 00:00:00+00:00,16.104999542236328,16.104999542236328,16.104999542236328,16.104999542236328,7691200
2020-07-13 00:00:00+00:00,15.34000015258789,15.34000015258789,15.34000015258789,15.34000015258789,9169200
2020-07-14 00:00:00+00:00,15.789999961853027,15.789999961853027,15.789999961853027,15.789999961853027,9512400
2020-07-15 00:00:00+00:00,16.010000228881836,16.010000228881836,16.010000228881836,16.010000228881836,8321800
2020-07-16 00:00:00+00:00,16.145000457763672,16.145000457763672,16.145000457763672,16.145000457763672,5211200
2020-07-17 00:00:00+00:00,16.424999237060547,16.424999237060547,16.424999237060547,16.424999237060547,5748000
2020-07-20 00:00:00+00:00,16.815000534057617,16.815000534057617,16.815000534057617,16.815000534057617,8554000
2020-07-21 00:00:00+00:00,16.709999084472656,16.709999084472656,16.709999084472656,16.709999084472656,8048200
2020-07-22 00:00:00+00:00,16.81999969482422,16.81999969482422,16.81999969482422,16.81999969482422,7756000
2020-07-23 00:00:00+00:00,16.530000686645508,16.530000686645508,16.530000686645508,16.530000686645508,12154600
2020-07-24 00:00:00+00:00,16.4950008392334,16.4950008392334,16.4950008392334,16.4950008392334,8809400
2020-07-27 00:00:00+00:00,16.739999771118164,16.739999771118164,16.739999771118164,16.739999771118164,5763400
2020-07-28 00:00:00+00:00,16.774999618530273,16.774999618530273,16.774999618530273,16.774999618530273,5206000
2020-07-29 00:00:00+00:00,16.93000030517578,16.93000030517578,16.93000030517578,16.93000030517578,3654800
2020-07-30 00:00:00+00:00,16.739999771118164,16.739999771118164,16.739999771118164,16.739999771118164,9099800
2020-07-31 00:00:00+00:00,16.969999313354492,16.969999313354492,16.969999313354492,16.969999313354492,12470800
2020-08-03 00:00:00+00:00,16.954999923706055,16.954999923706055,16.954999923706055,16.954999923706055,7071000
2020-08-04 00:00:00+00:00,17.21500015258789,17.21500015258789,17.21500015258789,17.21500015258789,6371000
2020-08-05 00:00:00+00:00,17.399999618530273,17.399999618530273,17.399999618530273,17.399999618530273,4529000
2020-08-06 00:00:00+00:00,17.4950008392334,17.4950008392334,17.4950008392334,17.4950008392334,4017400
2020-08-07 00:00:00+00:00,17.545000076293945,17.545000076293945,17.545000076293945,17.545000076293945,8122200
2020-08-10 00:00:00+00:00,17.78499984741211,17.78499984741211,17.78499984741211,17.78499984741211,5100200
2020-08-11 00:00:00+00:00,17.389999389648438,17.389999389648438,17.389999389648438,17.389999389648438,6603000
2020-08-12 00:00:00+00:00,17.8700008392334,17.8700008392334,17.8700008392334,17.8700008392334,4148000
2020-08-13 00:00:00+00:00,17.875,17.875,17.875,17.875,4058800
2020-08-14 00:00:00+00:00,17.8799991607666,17.8799991607666,17.8799991607666,17.8799991607666,4153600
2020-08-17 00:00:00+00:00,18.174999237060547,18.174999237060547,18.174999237060547,18.174999237060547,2847200
2020-08-18 00:00:00+00:00,18.270000457763672,18.270000457763672,18.270000457763672,18.270000457763672,3542600
2020-08-19 00:00:00+00:00,18.084999084472656,18.084999084472656,18.084999084472656,18.084999084472656,4247600
2020-08-20 00:00:00+00:00,18.19499969482422,18.19499969482422,18.19499969482422,18.19499969482422,4831200
2020-08-21 00:00:00+00:00,18.149999618530273,18.149999618530273,18.149999618530273,18.149999618530273,3965800
2020-08-24 00:00:00+00:00,18.18000030517578,18.18000030517578,18.18000030517578,18.18000030517578,4910800
2020-08-25 00:00:00+00:00,18.239999771118164,18.239999771118164,18.239999771118164,18.239999771118164,4727400
2020-08-26 00:00:00+00:00,18.024999618530273,18.024999618530273,18.024999618530273,18.024999618530273,4596000
2020-08-27 00:00:00+00:00,17.729999542236328,17.729999542236328,17.729999542236328,17.729999542236328,13339400
2020-08-28 00:00:00+00:00,17.780000686645508,17.780000686645508,17.780000686645508,17.780000686645508,7914800
2020-08-31 00:00:00+00:00,17.344999313354492,17.344999313354492,17.344999313354492,17.344999313354492,7840800
2020-09-01 00:00:00+00:00,17.209999084472656,17.209999084472656,17.209999084472656,17.209999084472656,6003800
2020-09-02 00:00:00+00:00,16.9950008392334,16.9950008392334,16.9950008392334,16.9950008392334,7084400
2020-09-03 00:00:00+00:00,15.845000267028809,15.845000267028809,15.845000267028809,15.845000267028809,27126800
2020-09-04 00:00:00+00:00,16.514999389648438,16.514999389648438,16.514999389648438,16.514999389648438,23887800
2020-09-08 00:00:00+00:00,16.725000381469727,16.725000381469727,16.725000381469727,16.725000381469727,14272800
2020-09-09 00:00:00+00:00,17.149999618530273,17.149999618530273,17.149999618530273,17.149999618530273,9080800
2020-09-10 00:00:00+00:00,17.040000915527344,17.040000915527344,17.040000915527344,17.040000915527344,13899400
2020-09-11 00:00:00+00:00,17.575000762939453,17.575000762939453,17.575000762939453,17.575000762939453,13450000
2020-09-14 00:00:00+00:00,17.739999771118164,17.739999771118164,17.739999771118164,17.739999771118164,6553000
2020-09-15 00:00:00+00:00,17.739999771118164,17.739999771118164,17.739999771118164,17.739999771118164,5781600
2020-09-16 00:00:00+00:00,17.774999618530273,17.774999618530273,17.774999618530273,17.774999618530273,5784200
2020-09-17 00:00:00+00:00,17.969999313354492,17.969999313354492,17.969999313354492,17.969999313354492,6718000
2020-09-18 00:00:00+00:00,17.979999542236328,17.979999542236328,17.979999542236328,17.979999542236328,6241200
2020-09-21 00:00:00+00:00,17.665000915527344,17.665000915527344,17.665000915527344,17.665000915527344,9386400
2020-09-22 00:00:00+00:00,17.600000381469727,17.600000381469727,17.600000381469727,17.600000381469727,5478800
2020-09-23 00:00:00+00:00,17.145000457763672,17.145000457763672,17.145000457763672,17.145000457763672,7334000
2020-09-24 00:00:00+00:00,17.309999465942383,17.309999465942383,17.309999465942383,17.309999465942383,6691800
2020-09-25 00:00:00+00:00,17.530000686645508,17.530000686645508,17.530000686645508,17.530000686645508,5686200
2020-09-28 00:00:00+00:00,17.559999465942383,17.559999465942383,17.559999465942383,17.559999465942383,4401600
2020-09-29 00:00:00+00:00,17.75,17.75,17.75,17.75,4620000
2020-09-30 00:00:00+00:00,17.75,17.75,17.75,17.75,4970400
2020-10-01 00:00:00+00:00,17.68000030517578,17.68000030517578,17.68000030517578,17.68000030517578,5708800
2020-10-02 00:00:00+00:00,17.434999465942383,17.434999465942383,17.434999465942383,17.434999465942383,7154200
2020-10-05 00:00:00+00:00,17.690000534057617,17.690000534057617,17.690000534057617,17.690000534057617,4052400
2020-10-06 00:00:00+00:00,17.575000762939453,17.575000762939453,17.575000762939453,17.575000762939453,5880000
2020-10-07 00:00:00+00:00,17.860000610351562,17.860000610351562,17.860000610351562,17.860000610351562,3770200
2020-10-08 00:00:00+00:00,18.21500015258789,18.21500015258789,18.21500015258789,18.21500015258789,5450200
2020-10-09 00:00:00+00:00,18.690000534057617,18.690000534057617,18.690000534057617,18.690000534057617,5140000
2020-10-12 00:00:00+00:00,18.854999542236328,18.854999542236328,18.854999542236328,18.854999542236328,4101800
2020-10-13 00:00:00+00:00,18.760000228881836,18.760000228881836,18.760000228881836,18.760000228881836,5849400
2020-10-14 00:00:00+00:00,18.81999969482422,18.81999969482422,18.81999969482422,18.81999969482422,6837200
2020-10-15 00:00:00+00:00,18.739999771118164,18.739999771118164,18.739999771118164,18.739999771118164,5937000
2020-10-16 00:00:00+00:00,18.690000534057617,18.690000534057617,18.690000534057617,18.690000534057617,5407800
2020-10-19 00:00:00+00:00,18.274999618530273,18.274999618530273,18.274999618530273,18.274999618530273,6185400
2020-10-20 00:00:00+00:00,18.270000457763672,18.270000457763672,18.270000457763672,18.270000457763672,7265200
2020-10-21 00:00:00+00:00,18.5,18.5,18.5,18.5,7180600
2020-10-22 00:00:00+00:00,18.709999084472656,18.709999084472656,18.709999084472656,18.709999084472656,6697600
2020-10-23 00:00:00+00:00,18.700000762939453,18.700000762939453,18.700000762939453,18.700000762939453,4974000
2020-10-26 00:00:00+00:00,17.739999771118164,17.739999771118164,17.739999771118164,17.739999771118164,9591600
2020-10-27 00:00:00+00:00,17.815000534057617,17.815000534057617,17.815000534057617,17.815000534057617,6773200
2020-10-28 00:00:00+00:00,16.53499984741211,16.53499984741211,16.53499984741211,16.53499984741211,12551800
2020-10-29 00:00:00+00:00,17.165000915527344,17.165000915527344,17.165000915527344,17.165000915527344,8269600
2020-10-30 00:00:00+00:00,16.864999771118164,16.864999771118164,16.864999771118164,16.864999771118164,10510200
2020-11-02 00:00:00+00:00,17.065000534057617,17.065000534057617,17.065000534057617,17.065000534057617,6956800
2020-11-03 00:00:00+00:00,17.520000457763672,17.520000457763672,17.520000457763672,17.520000457763672,5064800
2020-11-04 00:00:00+00:00,18.270000457763672,18.270000457763672,18.270000457763672,18.270000457763672,10404800
2020-11-05 00:00:00+00:00,18.43000030517578,18.43000030517578,18.43000030517578,18.43000030517578,6427800
2020-11-06 00:00:00+00:00,19.065000534057617,19.065000534057617,19.065000534057617,19.065000534057617,7719400
2020-11-09 00:00:00+00:00,19.260000228881836,19.260000228881836,19.260000228881836,19.260000228881836,14440200
2020-11-10 00:00:00+00:00,19.565000534057617,19.565000534057617,19.565000534057617,19.565000534057617,9074200
2020-11-11 00:00:00+00:00,19.78499984741211,19.78499984741211,19.78499984741211,19.78499984741211,6164200
2020-11-12 00:00:00+00:00,19.075000762939453,19.075000762939453,19.075000762939453,19.075000762939453,11944400
2020-11-13 00:00:00+00:00,19.69499969482422,19.69499969482422,19.69499969482422,19.69499969482422,5821200
2020-11-16 00:00:00+00:00,19.899999618530273,19.899999618530273,19.899999618530273,19.899999618530273,5524800
2020-11-17 00:00:00+00:00,20.09000015258789,20.09000015258789,20.09000015258789,20.09000015258789,5202000
2020-11-18 00:00:00+00:00,19.709999084472656,19.709999084472656,19.709999084472656,19.709999084472656,5428400
2020-11-19 00:00:00+00:00,19.889999389648438,19.889999389648438,19.889999389648438,19.889999389648438,4809400
2020-11-20 00:00:00+00:00,19.905000686645508,19.905000686645508,19.905000686645508,19.905000686645508,4500800
2020-11-23 00:00:00+00:00,20.020000457763672,20.020000457763672,20.020000457763672,20.020000457763672,4818400
2020-11-24 00:00:00+00:00,20.200000762939453,20.200000762939453,20.200000762939453,20.200000762939453,3771200
2020-11-25 00:00:00+00:00,20.575000762939453,20.575000762939453,20.575000762939453,20.575000762939453,3547800
2020-11-27 00:00:00+00:00,20.4950008392334,20.4950008392334,20.4950008392334,20.4950008392334,1780200
2020-11-30 00:00:00+00:00,20.674999237060547,20.674999237060547,20.674999237060547,20.674999237060547,4339200
2020-12-01 00:00:00+00:00,20.579999923706055,20.579999923706055,20.579999923706055,20.579999923706055,5383400
2020-12-02 00:00:00+00:00,20.665000915527344,20.665000915527344,20.665000915527344,20.665000915527344,3932600
2020-12-03 00:00:00+00:00,20.545000076293945,20.545000076293945,20.545000076293945,20.545000076293945,4080200
2020-12-04 00:00:00+00:00,20.709999084472656,20.709999084472656,20.709999084472656,20.709999084472656,3724400
2020-12-07 00:00:00+00:00,20.674999237060547,20.674999237060547,20.674999237060547,20.674999237060547,3066800
2020-12-08 00:00:00+00:00,21.024999618530273,21.024999618530273,21.024999618530273,21.024999618530273,2984800
2020-12-09 00:00:00+00:00,20.6200008392334,20.6200008392334,20.6200008392334,20.6200008392334,7292200
2020-12-10 00:00:00+00:00,20.530000686645508,20.530000686645508,20.530000686645508,20.530000686645508,4855400
2020-12-11 00:00:00+00:00,20.155000686645508,20.155000686645508,20.155000686645508,20.155000686645508,5613200
2020-12-14 00:00:00+00:00,19.924999237060547,19.924999237060547,19.924999237060547,19.924999237060547,4593200
2020-12-15 00:00:00+00:00,20.325000762939453,20.325000762939453,20.325000762939453,20.325000762939453,5216000
2020-12-16 00:00:00+00:00,20.700000762939453,20.700000762939453,20.700000762939453,20.700000762939453,3451400
2020-12-17 00:00:00+00:00,20.854999542236328,20.854999542236328,20.854999542236328,20.854999542236328,4116000
2020-12-18 00:00:00+00:00,20.614999771118164,20.614999771118164,20.614999771118164,20.614999771118164,5303400
2020-12-21 00:00:00+00:00,19.795000076293945,19.795000076293945,19.795000076293945,19.795000076293945,10413600
2020-12-22 00:00:00+00:00,20.0,20.0,20.0,20.0,4619000
2020-12-23 00:00:00+00:00,20.43000030517578,20.43000030517578,20.43000030517578,20.43000030517578,4048000
2020-12-24 00:00:00+00:00,20.75,20.75,20.75,20.75,1803800
2020-12-28 00:00:00+00:00,20.825000762939453,20.825000762939453,20.825000762939453,20.825000762939453,4050600
2020-12-29 00:00:00+00:00,20.34000015258789,20.34000015258789,20.34000015258789,20.34000015258789,4150400
2020-12-30 00:00:00+00:00,20.71500015258789,20.71500015258789,20.71500015258789,20.71500015258789,3951800
2020-12-31 00:00:00+00:00,20.719999313354492,20.719999313354492,20.719999313354492,20.719999313354492,3849200
2021-01-04 00:00:00+00:00,19.825000762939453,19.825000762939453,19.825000762939453,19.825000762939453,10715600
2021-01-05 00:00:00+00:00,20.139999389648438,20.139999389648438,20.139999389648438,20.139999389648438,5244200
2021-01-06 00:00:00+00:00,20.19499969482422,20.19499969482422,20.19499969482422,20.19499969482422,11385800
2021-01-07 00:00:00+00:00,20.78499984741211,20.78499984741211,20.78499984741211,20.78499984741211,5284800
2021-01-08 00:00:00+00:00,20.90999984741211,20.90999984741211,20.90999984741211,20.90999984741211,5154200
2021-01-11 00:00:00+00:00,20.424999237060547,20.424999237060547,20.424999237060547,20.424999237060547,5881400
2021-01-12 00:00:00+00:00,20.614999771118164,20.614999771118164,20.614999771118164,20.614999771118164,5382800
2021-01-13 00:00:00+00:00,20.790000915527344,20.790000915527344,20.790000915527344,20.790000915527344,3737000
2021-01-14 00:00:00+00:00,20.665000915527344,20.665000915527344,20.665000915527344,20.665000915527344,3628800
2021-01-15 00:00:00+00:00,20.364999771118164,20.364999771118164,20.364999771118164,20.364999771118164,6077400
2021-01-19 00:00:00+00:00,20.610000610351562,20.610000610351562,20.610000610351562,20.610000610351562,5683200
2021-01-20 00:00:00+00:00,20.84000015258789,20.84000015258789,20.84000015258789,20.84000015258789,4561600
2021-01-21 00:00:00+00:00,20.915000915527344,20.915000915527344,20.915000915527344,20.915000915527344,4548600
2021-01-22 00:00:00+00:00,20.795000076293945,20.795000076293945,20.795000076293945,20.795000076293945,3971800
2021-01-25 00:00:00+00:00,20.360000610351562,20.360000610351562,20.360000610351562,20.360000610351562,11385400
2021-01-26 00:00:00+00:00,20.399999618530273,20.399999618530273,20.399999618530273,20.399999618530273,6338200
2021-01-27 00:00:00+00:00,18.25,18.25,18.25,18.25,18363400
2021-01-28 00:00:00+00:00,18.43000030517578,18.43000030517578,18.43000030517578,18.43000030517578,10246000
2021-01-29 00:00:00+00:00,18.0049991607666,18.0049991607666,18.0049991607666,18.0049991607666,22676400
2021-02-01 00:00:00+00:00,18.4950008392334,18.4950008392334,18.4950008392334,18.4950008392334,10462600
2021-02-02 00:00:00+00:00,19.28499984741211,19.28499984741211,19.28499984741211,19.28499984741211,10398600
2021-02-03 00:00:00+00:00,19.78499984741211,19.78499984741211,19.78499984741211,19.78499984741211,6408000
2021-02-04 00:00:00+00:00,20.219999313354492,20.219999313354492,20.219999313354492,20.219999313354492,4847400
2021-02-05 00:00:00+00:00,20.2450008392334,20.2450008392334,20.2450008392334,20.2450008392334,4493800
2021-02-08 00:00:00+00:00,20.325000762939453,20.325000762939453,20.325000762939453,20.325000762939453,3589600
2021-02-09 00:00:00+00:00,20.274999618530273,20.274999618530273,20.274999618530273,20.274999618530273,3957600
2021-02-10 00:00:00+00:00,20.030000686645508,20.030000686645508,20.030000686645508,20.030000686645508,10136400
2021-02-11 00:00:00+00:00,20.325000762939453,20.325000762939453,20.325000762939453,20.325000762939453,6663800
2021-02-12 00:00:00+00:00,20.68000030517578,20.68000030517578,20.68000030517578,20.68000030517578,8229600
2021-02-16 00:00:00+00:00,20.549999237060547,20.549999237060547,20.549999237060547,20.549999237060547,7199800
2021-02-17 00:00:00+00:00,20.7549991607666,20.7549991607666,20.7549991607666,20.7549991607666,7182000
2021-02-18 00:00:00+00:00,20.704999923706055,20.704999923706055,20.704999923706055,20.704999923706055,6009000
2021-02-19 00:00:00+00:00,21.209999084472656,21.209999084472656,21.209999084472656,21.209999084472656,6628200
2021-02-22 00:00:00+00:00,20.639999389648438,20.639999389648438,20.639999389648438,20.639999389648438,5475000
2021-02-23 00:00:00+00:00,21.065000534057617,21.065000534057617,21.065000534057617,21.065000534057617,12125800
2021-02-24 00:00:00+00:00,21.459999084472656,21.459999084472656,21.459999084472656,21.459999084472656,9610600
2021-02-25 00:00:00+00:00,19.700000762939453,19.700000762939453,19.700000762939453,19.700000762939453,28689000
2021-02-26 00:00:00+00:00,20.19499969482422,20.19499969482422,20.19499969482422,20.19499969482422,24705200
2021-03-01 00:00:00+00:00,20.94499969482422,20.94499969482422,20.94499969482422,20.94499969482422,9725600
2021-03-02 00:00:00+00:00,20.864999771118164,20.864999771118164,20.864999771118164,20.864999771118164,9770800
2021-03-03 00:00:00+00:00,20.385000228881836,20.385000228881836,20.385000228881836,20.385000228881836,13634000
2021-03-04 00:00:00+00:00,19.985000610351562,19.985000610351562,19.985000610351562,19.985000610351562,26159400
2021-03-05 00:00:00+00:00,20.649999618530273,20.649999618530273,20.649999618530273,20.649999618530273,17661600
2021-03-08 00:00:00+00:00,20.65999984741211,20.65999984741211,20.65999984741211,20.65999984741211,10372800
2021-03-09 00:00:00+00:00,20.920000076293945,20.920000076293945,20.920000076293945,20.920000076293945,6346800
2021-03-10 00:00:00+00:00,21.040000915527344,21.040000915527344,21.040000915527344,21.040000915527344,7187600
2021-03-11 00:00:00+00:00,21.30500030517578,21.30500030517578,21.30500030517578,21.30500030517578,4428200
2021-03-12 00:00:00+00:00,21.31999969482422,21.31999969482422,21.31999969482422,21.31999969482422,4878000
2021-03-15 00:00:00+00:00,22.1200008392334,22.1200008392334,22.1200008392334,22.1200008392334,5857200
2021-03-16 00:00:00+00:00,22.25,22.25,22.25,22.25,6867400
2021-03-17 00:00:00+00:00,22.559999465942383,22.559999465942383,22.559999465942383,22.559999465942383,7407600
2021-03-18 00:00:00+00:00,21.829999923706055,21.829999923706055,21.829999923706055,21.829999923706055,8200400
2021-03-19 00:00:00+00:00,22.19499969482422,22.19499969482422,22.19499969482422,22.19499969482422,7913000
2021-03-22 00:00:00+00:00,23.104999542236328,23.104999542236328,23.104999542236328,23.104999542236328,5613200
2021-03-23 00:00:00+00:00,22.549999237060547,22.549999237060547,22.549999237060547,22.549999237060547,7812200
2021-03-24 00:00:00+00:00,22.434999465942383,22.434999465942383,22.434999465942383,22.434999465942383,6617000
2021-03-25 00:00:00+00:00,22.780000686645508,22.780000686645508,22.780000686645508,22.780000686645508,11664600
2021-03-26 00:00:00+00:00,23.399999618530273,23.399999618530273,23.399999618530273,23.399999618530273,8525000
2021-03-29 00:00:00+00:00,22.954999923706055,22.954999923706055,22.954999923706055,22.954999923706055,7270200
2021-03-30 00:00:00+00:00,23.440000534057617,23.440000534057617,23.440000534057617,23.440000534057617,4569400
2021-03-31 00:00:00+00:00,23.549999237060547,23.549999237060547,23.549999237060547,23.549999237060547,6515000
2021-04-01 00:00:00+00:00,24.059999465942383,24.059999465942383,24.059999465942383,24.059999465942383,6320200
2021-04-05 00:00:00+00:00,24.21500015258789,24.21500015258789,24.21500015258789,24.21500015258789,5866600
2021-04-06 00:00:00+00:00,24.18000030517578,24.18000030517578,24.18000030517578,24.18000030517578,6090000
2021-04-07 00:00:00+00:00,24.530000686645508,24.530000686645508,24.530000686645508,24.530000686645508,4660600
2021-04-08 00:00:00+00:00,24.71500015258789,24.71500015258789,24.71500015258789,24.71500015258789,5459000
2021-04-09 00:00:00+00:00,24.7450008392334,24.7450008392334,24.7450008392334,24.7450008392334,4572200
2021-04-12 00:00:00+00:00,24.989999771118164,24.989999771118164,24.989999771118164,24.989999771118164,4925200
2021-04-13 00:00:00+00:00,24.954999923706055,24.954999923706055,24.954999923706055,24.954999923706055,5092400
2021-04-14 00:00:00+00:00,24.825000762939453,24.825000762939453,24.825000762939453,24.825000762939453,6634000
2021-04-15 00:00:00+00:00,25.139999389648438,25.139999389648438,25.139999389648438,25.139999389648438,4987200
2021-04-16 00:00:00+00:00,25.334999084472656,25.334999084472656,25.334999084472656,25.334999084472656,5347200
2021-04-19 00:00:00+00:00,24.885000228881836,24.885000228881836,24.885000228881836,24.885000228881836,10688400
2021-04-20 00:00:00+00:00,24.575000762939453,24.575000762939453,24.575000762939453,24.575000762939453,11627400
2021-04-21 00:00:00+00:00,25.260000228881836,25.260000228881836,25.260000228881836,25.260000228881836,7402000
2021-04-22 00:00:00+00:00,24.485000610351562,24.485000610351562,24.485000610351562,24.485000610351562,15429000
2021-04-23 00:00:00+00:00,24.959999084472656,24.959999084472656,24.959999084472656,24.959999084472656,9342000
2021-04-26 00:00:00+00:00,25.045000076293945,25.045000076293945,25.045000076293945,25.045000076293945,7240600
2021-04-27 00:00:00+00:00,25.299999237060547,25.299999237060547,25.299999237060547,25.299999237060547,5834800
2021-04-28 00:00:00+00:00,25.225000381469727,25.225000381469727,25.225000381469727,25.225000381469727,5767200
2021-04-29 00:00:00+00:00,25.434999465942383,25.434999465942383,25.434999465942383,25.434999465942383,12586400
2021-04-30 00:00:00+00:00,24.905000686645508,24.905000686645508,24.905000686645508,24.905000686645508,13752600
2021-05-03 00:00:00+00:00,25.389999389648438,25.389999389648438,25.389999389648438,25.389999389648438,8975000
2021-05-04 00:00:00+00:00,24.844999313354492,24.844999313354492,24.844999313354492,24.844999313354492,14852800
2021-05-05 00:00:00+00:00,25.18000030517578,25.18000030517578,25.18000030517578,25.18000030517578,11584800
2021-05-06 00:00:00+00:00,25.260000228881836,25.260000228881836,25.260000228881836,25.260000228881836,14315000
2021-05-07 00:00:00+00:00,25.985000610351562,25.985000610351562,25.985000610351562,25.985000610351562,10473600
2021-05-10 00:00:00+00:00,25.420000076293945,25.420000076293945,25.420000076293945,25.420000076293945,13624600
2021-05-11 00:00:00+00:00,24.424999237060547,24.424999237060547,24.424999237060547,24.424999237060547,24154600
2021-05-12 00:00:00+00:00,22.309999465942383,22.309999465942383,22.309999465942383,22.309999465942383,31371200
2021-05-13 00:00:00+00:00,23.325000762939453,23.325000762939453,23.325000762939453,23.325000762939453,24712200
2021-05-14 00:00:00+00:00,24.7450008392334,24.7450008392334,24.7450008392334,24.7450008392334,17971400
2021-05-17 00:00:00+00:00,24.3700008392334,24.3700008392334,24.3700008392334,24.3700008392334,14498600
2021-05-18 00:00:00+00:00,24.219999313354492,24.219999313354492,24.219999313354492,24.219999313354492,11631000
2021-05-19 00:00:00+00:00,23.579999923706055,23.579999923706055,23.579999923706055,23.579999923706055,31108200
2021-05-20 00:00:00+00:00,24.25,24.25,24.25,24.25,14880800
2021-05-21 00:00:00+00:00,24.5,24.5,24.5,24.5,10376400
2021-05-24 00:00:00+00:00,24.979999542236328,24.979999542236328,24.979999542236328,24.979999542236328,7326400
2021-05-25 00:00:00+00:00,24.940000534057617,24.940000534057617,24.940000534057617,24.940000534057617,7244400
2021-05-26 00:00:00+00:00,25.559999465942383,25.559999465942383,25.559999465942383,25.559999465942383,8378400
2021-05-27 00:00:00+00:00,26.184999465942383,26.184999465942383,26.184999465942383,26.184999465942383,10021000
2021-05-28 00:00:00+00:00,25.924999237060547,25.924999237060547,25.924999237060547,25.924999237060547,7218600
2021-06-01 00:00:00+00:00,25.604999542236328,25.604999542236328,25.604999542236328,25.604999542236328,7281200
2021-06-02 00:00:00+00:00,25.950000762939453,25.950000762939453,25.950000762939453,25.950000762939453,8046200
2021-06-03 00:00:00+00:00,25.684999465942383,25.684999465942383,25.684999465942383,25.684999465942383,7342000
2021-06-04 00:00:00+00:00,26.395000457763672,26.395000457763672,26.395000457763672,26.395000457763672,8248800
2021-06-07 00:00:00+00:00,26.625,26.625,26.625,26.625,4296400
2021-06-08 00:00:00+00:00,26.440000534057617,26.440000534057617,26.440000534057617,26.440000534057617,6496000
2021-06-09 00:00:00+00:00,26.290000915527344,26.290000915527344,26.290000915527344,26.290000915527344,4989200
2021-06-10 00:00:00+00:00,27.045000076293945,27.045000076293945,27.045000076293945,27.045000076293945,7195800
2021-06-11 00:00:00+00:00,27.415000915527344,27.415000915527344,27.415000915527344,27.415000915527344,6542600
2021-06-14 00:00:00+00:00,27.28499984741211,27.28499984741211,27.28499984741211,27.28499984741211,5734200
2021-06-15 00:00:00+00:00,26.809999465942383,26.809999465942383,26.809999465942383,26.809999465942383,6507400
2021-06-16 00:00:00+00:00,26.774999618530273,26.774999618530273,26.774999618530273,26.774999618530273,14418400
2021-06-17 00:00:00+00:00,26.934999465942383,26.934999465942383,26.934999465942383,26.934999465942383,10494200
2021-06-18 00:00:00+00:00,25.709999084472656,25.709999084472656,25.709999084472656,25.709999084472656,16676400
2021-06-21 00:00:00+00:00,26.649999618530273,26.649999618530273,26.649999618530273,26.649999618530273,10266400
2021-06-22 00:00:00+00:00,27.209999084472656,27.209999084472656,27.209999084472656,27.209999084472656,6400200
2021-06-23 00:00:00+00:00,27.469999313354492,27.469999313354492,27.469999313354492,27.469999313354492,5025000
2021-06-24 00:00:00+00:00,27.790000915527344,27.790000915527344,27.790000915527344,27.790000915527344,4337200
2021-06-25 00:00:00+00:00,27.979999542236328,27.979999542236328,27.979999542236328,27.979999542236328,3769600
2021-06-28 00:00:00+00:00,27.895000457763672,27.895000457763672,27.895000457763672,27.895000457763672,3573200
2021-06-29 00:00:00+00:00,27.670000076293945,27.670000076293945,27.670000076293945,27.670000076293945,5682000
2021-06-30 00:00:00+00:00,27.774999618530273,27.774999618530273,27.774999618530273,27.774999618530273,5855000
2021-07-01 00:00:00+00:00,28.024999618530273,28.024999618530273,28.024999618530273,28.024999618530273,5588600
2021-07-02 00:00:00+00:00,28.045000076293945,28.045000076293945,28.045000076293945,28.045000076293945,5726200
2021-07-06 00:00:00+00:00,27.719999313354492,27.719999313354492,27.719999313354492,27.719999313354492,7074000
2021-07-07 00:00:00+00:00,27.700000762939453,27.700000762939453,27.700000762939453,27.700000762939453,4797000
2021-07-08 00:00:00+00:00,26.645000457763672,26.645000457763672,26.645000457763672,26.645000457763672,12023600
2021-07-09 00:00:00+00:00,27.709999084472656,27.709999084472656,27.709999084472656,27.709999084472656,7631600
2021-07-12 00:00:00+00:00,27.875,27.875,27.875,27.875,4611800
2021-07-13 00:00:00+00:00,27.6299991607666,27.6299991607666,27.6299991607666,27.6299991607666,6996000
2021-07-14 00:00:00+00:00,27.90999984741211,27.90999984741211,27.90999984741211,27.90999984741211,5654000
2021-07-15 00:00:00+00:00,27.735000610351562,27.735000610351562,27.735000610351562,27.735000610351562,7704800
2021-07-16 00:00:00+00:00,27.1299991607666,27.1299991607666,27.1299991607666,27.1299991607666,7546600
2021-07-19 00:00:00+00:00,25.200000762939453,25.200000762939453,25.200000762939453,25.200000762939453,24772600
2021-07-20 00:00:00+00:00,26.225000381469727,26.225000381469727,26.225000381469727,26.225000381469727,11979000
2021-07-21 00:00:00+00:00,27.075000762939453,27.075000762939453,27.075000762939453,27.075000762939453,7784800
2021-07-22 00:00:00+00:00,26.834999084472656,26.834999084472656,26.834999084472656,26.834999084472656,5953800
2021-07-23 00:00:00+00:00,26.844999313354492,26.844999313354492,26.844999313354492,26.844999313354492,5117200
2021-07-26 00:00:00+00:00,27.084999084472656,27.084999084472656,27.084999084472656,27.084999084472656,4413400
2021-07-27 00:00:00+00:00,26.639999389648438,26.639999389648438,26.639999389648438,26.639999389648438,10440800
2021-07-28 00:00:00+00:00,26.985000610351562,26.985000610351562,26.985000610351562,26.985000610351562,8827800
2021-07-29 00:00:00+00:00,27.229999542236328,27.229999542236328,27.229999542236328,27.229999542236328,5067800
2021-07-30 00:00:00+00:00,26.889999389648438,26.889999389648438,26.889999389648438,26.889999389648438,6923200
2021-08-02 00:00:00+00:00,26.385000228881836,26.385000228881836,26.385000228881836,26.385000228881836,6389200
2021-08-03 00:00:00+00:00,27.024999618530273,27.024999618530273,27.024999618530273,27.024999618530273,10018200
2021-08-04 00:00:00+00:00,27.045000076293945,27.045000076293945,27.045000076293945,27.045000076293945,5287600
2021-08-05 00:00:00+00:00,27.375,27.375,27.375,27.375,3520000
2021-08-06 00:00:00+00:00,27.725000381469727,27.725000381469727,27.725000381469727,27.725000381469727,3824000
2021-08-09 00:00:00+00:00,27.875,27.875,27.875,27.875,3410800
2021-08-10 00:00:00+00:00,28.0049991607666,28.0049991607666,28.0049991607666,28.0049991607666,3617800
2021-08-11 00:00:00+00:00,28.440000534057617,28.440000534057617,28.440000534057617,28.440000534057617,5227800
2021-08-12 00:00:00+00:00,28.739999771118164,28.739999771118164,28.739999771118164,28.739999771118164,3841400
2021-08-13 00:00:00+00:00,28.719999313354492,28.719999313354492,28.719999313354492,28.719999313354492,3812000
2021-08-16 00:00:00+00:00,28.684999465942383,28.684999465942383,28.684999465942383,28.684999465942383,5267400
2021-08-17 00:00:00+00:00,28.209999084472656,28.209999084472656,28.209999084472656,28.209999084472656,9940600
2021-08-18 00:00:00+00:00,27.25,27.25,27.25,27.25,9086400
2021-08-19 00:00:00+00:00,26.770000457763672,26.770000457763672,26.770000457763672,26.770000457763672,16321400
2021-08-20 00:00:00+00:00,27.815000534057617,27.815000534057617,27.815000534057617,27.815000534057617,9086000
2021-08-23 00:00:00+00:00,28.280000686645508,28.280000686645508,28.280000686645508,28.280000686645508,5604200
2021-08-24 00:00:00+00:00,28.31999969482422,28.31999969482422,28.31999969482422,28.31999969482422,3569200
2021-08-25 00:00:00+00:00,28.65999984741211,28.65999984741211,28.65999984741211,28.65999984741211,2987400
2021-08-26 00:00:00+00:00,28.020000457763672,28.020000457763672,28.020000457763672,28.020000457763672,6941200
2021-08-27 00:00:00+00:00,28.75,28.75,28.75,28.75,4833800
2021-08-30 00:00:00+00:00,28.8700008392334,28.8700008392334,28.8700008392334,28.8700008392334,3937400
2021-08-31 00:00:00+00:00,28.959999084472656,28.959999084472656,28.959999084472656,28.959999084472656,3745200
2021-09-01 00:00:00+00:00,29.309999465942383,29.309999465942383,29.309999465942383,29.309999465942383,3215200
2021-09-02 00:00:00+00:00,29.299999237060547,29.299999237060547,29.299999237060547,29.299999237060547,3198000
2021-09-03 00:00:00+00:00,29.21500015258789,29.21500015258789,29.21500015258789,29.21500015258789,4215800
2021-09-07 00:00:00+00:00,28.809999465942383,28.809999465942383,28.809999465942383,28.809999465942383,4703200
2021-09-08 00:00:00+00:00,28.885000228881836,28.885000228881836,28.885000228881836,28.885000228881836,6027000
2021-09-09 00:00:00+00:00,28.545000076293945,28.545000076293945,28.545000076293945,28.545000076293945,6284400
2021-09-10 00:00:00+00:00,28.0,28.0,28.0,28.0,8383400
2021-09-13 00:00:00+00:00,28.5,28.5,28.5,28.5,10168000
2021-09-14 00:00:00+00:00,28.315000534057617,28.315000534057617,28.315000534057617,28.315000534057617,10107800
2021-09-15 00:00:00+00:00,28.8700008392334,28.8700008392334,28.8700008392334,28.8700008392334,7236200
2021-09-16 00:00:00+00:00,29.030000686645508,29.030000686645508,29.030000686645508,29.030000686645508,8566400
2021-09-17 00:00:00+00:00,28.065000534057617,28.065000534057617,28.065000534057617,28.065000534057617,10006000
2021-09-20 00:00:00+00:00,26.450000762939453,26.450000762939453,26.450000762939453,26.450000762939453,26626000
2021-09-21 00:00:00+00:00,26.9950008392334,26.9950008392334,26.9950008392334,26.9950008392334,13970000
2021-09-22 00:00:00+00:00,27.774999618530273,27.774999618530273,27.774999618530273,27.774999618530273,17019200
2021-09-23 00:00:00+00:00,28.645000457763672,28.645000457763672,28.645000457763672,28.645000457763672,9230600
2021-09-24 00:00:00+00:00,29.075000762939453,29.075000762939453,29.075000762939453,29.075000762939453,5102000
2021-09-27 00:00:00+00:00,28.860000610351562,28.860000610351562,28.860000610351562,28.860000610351562,4390800
2021-09-28 00:00:00+00:00,27.3799991607666,27.3799991607666,27.3799991607666,27.3799991607666,12720400
2021-09-29 00:00:00+00:00,27.200000762939453,27.200000762939453,27.200000762939453,27.200000762939453,11233200
2021-09-30 00:00:00+00:00,27.19499969482422,27.19499969482422,27.19499969482422,27.19499969482422,10517800
2021-10-01 00:00:00+00:00,27.674999237060547,27.674999237060547,27.674999237060547,27.674999237060547,9446200
2021-10-04 00:00:00+00:00,27.299999237060547,27.299999237060547,27.299999237060547,27.299999237060547,10906400
2021-10-05 00:00:00+00:00,27.795000076293945,27.795000076293945,27.795000076293945,27.795000076293945,8077600
2021-10-06 00:00:00+00:00,27.950000762939453,27.950000762939453,27.950000762939453,27.950000762939453,13926800
2021-10-07 00:00:00+00:00,28.489999771118164,28.489999771118164,28.489999771118164,28.489999771118164,6438800
2021-10-08 00:00:00+00:00,28.75,28.75,28.75,28.75,5290000
2021-10-11 00:00:00+00:00,28.559999465942383,28.559999465942383,28.559999465942383,28.559999465942383,4329600
2021-10-12 00:00:00+00:00,28.834999084472656,28.834999084472656,28.834999084472656,28.834999084472656,6272400
2021-10-13 00:00:00+00:00,29.1299991607666,29.1299991607666,29.1299991607666,29.1299991607666,5493200
2021-10-14 00:00:00+00:00,29.895000457763672,29.895000457763672,29.895000457763672,29.895000457763672,5517200
2021-10-15 00:00:00+00:00,29.915000915527344,29.915000915527344,29.915000915527344,29.915000915527344,4695600
2021-10-18 00:00:00+00:00,30.184999465942383,30.184999465942383,30.184999465942383,30.184999465942383,4294200
2021-10-19 00:00:00+00:00,30.299999237060547,30.299999237060547,30.299999237060547,30.299999237060547,3408000
2021-10-20 00:00:00+00:00,30.485000610351562,30.485000610351562,30.485000610351562,30.485000610351562,4530800
2021-10-21 00:00:00+00:00,30.96500015258789,30.96500015258789,30.96500015258789,30.96500015258789,3910000
2021-10-22 00:00:00+00:00,30.614999771118164,30.614999771118164,30.614999771118164,30.614999771118164,4967400
2021-10-25 00:00:00+00:00,31.084999084472656,31.084999084472656,31.084999084472656,31.084999084472656,3584800
2021-10-26 00:00:00+00:00,30.799999237060547,30.799999237060547,30.799999237060547,30.799999237060547,4808400
2021-10-27 00:00:00+00:00,30.434999465942383,30.434999465942383,30.434999465942383,30.434999465942383,4771200
2021-10-28 00:00:00+00:00,30.885000228881836,30.885000228881836,30.885000228881836,30.885000228881836,4132000
2021-10-29 00:00:00+00:00,30.795000076293945,30.795000076293945,30.795000076293945,30.795000076293945,4151600
2021-11-01 00:00:00+00:00,31.020000457763672,31.020000457763672,31.020000457763672,31.020000457763672,2405800
2021-11-02 00:00:00+00:00,31.415000915527344,31.415000915527344,31.415000915527344,31.415000915527344,2382600
2021-11-03 00:00:00+00:00,31.954999923706055,31.954999923706055,31.954999923706055,31.954999923706055,3914200
2021-11-04 00:00:00+00:00,31.725000381469727,31.725000381469727,31.725000381469727,31.725000381469727,4232400
2021-11-05 00:00:00+00:00,31.1299991607666,31.1299991607666,31.1299991607666,31.1299991607666,4027800
2021-11-08 00:00:00+00:00,31.135000228881836,31.135000228881836,31.135000228881836,31.135000228881836,3818000
2021-11-09 00:00:00+00:00,30.850000381469727,30.850000381469727,30.850000381469727,30.850000381469727,7237400
2021-11-10 00:00:00+00:00,30.614999771118164,30.614999771118164,30.614999771118164,30.614999771118164,6433000
2021-11-11 00:00:00+00:00,30.864999771118164,30.864999771118164,30.864999771118164,30.864999771118164,3434400
2021-11-12 00:00:00+00:00,31.46500015258789,31.46500015258789,31.46500015258789,31.46500015258789,3557800
2021-11-15 00:00:00+00:00,31.684999465942383,31.684999465942383,31.684999465942383,31.684999465942383,3275400
2021-11-16 00:00:00+00:00,31.610000610351562,31.610000610351562,31.610000610351562,31.610000610351562,3260200
2021-11-17 00:00:00+00:00,31.315000534057617,31.315000534057617,31.315000534057617,31.315000534057617,3566400
2021-11-18 00:00:00+00:00,31.18000030517578,31.18000030517578,31.18000030517578,31.18000030517578,3416800
2021-11-19 00:00:00+00:00,31.010000228881836,31.010000228881836,31.010000228881836,31.010000228881836,4938000
2021-11-22 00:00:00+00:00,30.665000915527344,30.665000915527344,30.665000915527344,30.665000915527344,4751800
2021-11-23 00:00:00+00:00,31.059999465942383,31.059999465942383,31.059999465942383,31.059999465942383,6349600
2021-11-24 00:00:00+00:00,31.280000686645508,31.280000686645508,31.280000686645508,31.280000686645508,4957000
2021-11-26 00:00:00+00:00,27.280000686645508,27.280000686645508,27.280000686645508,27.280000686645508,12808000
2021-11-29 00:00:00+00:00,29.225000381469727,29.225000381469727,29.225000381469727,29.225000381469727,11039000
2021-11-30 00:00:00+00:00,26.8799991607666,26.8799991607666,26.8799991607666,26.8799991607666,20298200
2021-12-01 00:00:00+00:00,25.899999618530273,25.899999618530273,25.899999618530273,25.899999618530273,21144000
2021-12-02 00:00:00+00:00,26.68000030517578,26.68000030517578,26.68000030517578,26.68000030517578,15875200
2021-12-03 00:00:00+00:00,25.53499984741211,25.53499984741211,25.53499984741211,25.53499984741211,25137000
2021-12-06 00:00:00+00:00,26.55500030517578,26.55500030517578,26.55500030517578,26.55500030517578,18211800
2021-12-07 00:00:00+00:00,27.989999771118164,27.989999771118164,27.989999771118164,27.989999771118164,11495800
2021-12-08 00:00:00+00:00,28.815000534057617,28.815000534057617,28.815000534057617,28.815000534057617,6814400
2021-12-09 00:00:00+00:00,28.415000915527344,28.415000915527344,28.415000915527344,28.415000915527344,8063400
2021-12-10 00:00:00+00:00,29.264999389648438,29.264999389648438,29.264999389648438,29.264999389648438,7817400
2021-12-13 00:00:00+00:00,28.719999313354492,28.719999313354492,28.719999313354492,28.719999313354492,7516200
2021-12-14 00:00:00+00:00,28.489999771118164,28.489999771118164,28.489999771118164,28.489999771118164,8667800
2021-12-15 00:00:00+00:00,29.485000610351562,29.485000610351562,29.485000610351562,29.485000610351562,13846400
2021-12-16 00:00:00+00:00,28.829999923706055,28.829999923706055,28.829999923706055,28.829999923706055,11712000
2021-12-17 00:00:00+00:00,28.34000015258789,28.34000015258789,28.34000015258789,28.34000015258789,13467200
2021-12-20 00:00:00+00:00,27.8700008392334,27.8700008392334,27.8700008392334,27.8700008392334,15384800
2021-12-21 00:00:00+00:00,28.475000381469727,28.475000381469727,28.475000381469727,28.475000381469727,8171000
2021-12-22 00:00:00+00:00,29.360000610351562,29.360000610351562,29.360000610351562,29.360000610351562,6601600
2021-12-23 00:00:00+00:00,29.510000228881836,29.510000228881836,29.510000228881836,29.510000228881836,6279000
2021-12-27 00:00:00+00:00,29.860000610351562,29.860000610351562,29.860000610351562,29.860000610351562,5119800
2021-12-28 00:00:00+00:00,30.260000228881836,30.260000228881836,30.260000228881836,30.260000228881836,5505800
2021-12-29 00:00:00+00:00,30.604999542236328,30.604999542236328,30.604999542236328,30.604999542236328,3962600
2021-12-30 00:00:00+00:00,30.645000457763672,30.645000457763672,30.645000457763672,30.645000457763672,3410200
2021-12-31 00:00:00+00:00,30.774999618530273,30.774999618530273,30.774999618530273,30.774999618530273,3836600
2022-01-03 00:00:00+00:00,31.28499984741211,31.28499984741211,31.28499984741211,31.28499984741211,5417000
2022-01-04 00:00:00+00:00,31.295000076293945,31.295000076293945,31.295000076293945,31.295000076293945,4832600
2022-01-05 00:00:00+00:00,30.09000015258789,30.09000015258789,30.09000015258789,30.09000015258789,8690400
2022-01-06 00:00:00+00:00,30.0049991607666,30.0049991607666,30.0049991607666,30.0049991607666,8943800
2022-01-07 00:00:00+00:00,30.43000030517578,30.43000030517578,30.43000030517578,30.43000030517578,8019600
2022-01-10 00:00:00+00:00,30.65999984741211,30.65999984741211,30.65999984741211,30.65999984741211,15245400
2022-01-11 00:00:00+00:00,31.229999542236328,31.229999542236328,31.229999542236328,31.229999542236328,10177000
2022-01-12 00:00:00+00:00,31.389999389648438,31.389999389648438,31.389999389648438,31.389999389648438,7123000
2022-01-13 00:00:00+00:00,30.454999923706055,30.454999923706055,30.454999923706055,30.454999923706055,9097400
2022-01-14 00:00:00+00:00,30.625,30.625,30.625,30.625,11840800
2022-01-18 00:00:00+00:00,29.5049991607666,29.5049991607666,29.5049991607666,29.5049991607666,13911800
2022-01-19 00:00:00+00:00,29.09000015258789,29.09000015258789,29.09000015258789,29.09000015258789,13425200
2022-01-20 00:00:00+00:00,28.485000610351562,28.485000610351562,28.485000610351562,28.485000610351562,10511000
2022-01-21 00:00:00+00:00,27.155000686645508,27.155000686645508,27.155000686645508,27.155000686645508,22013200
2022-01-24 00:00:00+00:00,26.7450008392334,26.7450008392334,26.7450008392334,26.7450008392334,38847400
2022-01-25 00:00:00+00:00,26.725000381469727,26.725000381469727,26.725000381469727,26.725000381469727,23659400
2022-01-26 00:00:00+00:00,26.450000762939453,26.450000762939453,26.450000762939453,26.450000762939453,31533600
2022-01-27 00:00:00+00:00,26.375,26.375,26.375,26.375,18871800
2022-01-28 00:00:00+00:00,27.204999923706055,27.204999923706055,27.204999923706055,27.204999923706055,14649200
2022-01-31 00:00:00+00:00,28.110000610351562,28.110000610351562,28.110000610351562,28.110000610351562,7473200
2022-02-01 00:00:00+00:00,29.149999618530273,29.149999618530273,29.149999618530273,29.149999618530273,7295200
2022-02-02 00:00:00+00:00,29.485000610351562,29.485000610351562,29.485000610351562,29.485000610351562,8469200
2022-02-03 00:00:00+00:00,27.684999465942383,27.684999465942383,27.684999465942383,27.684999465942383,11698400
2022-02-04 00:00:00+00:00,28.094999313354492,28.094999313354492,28.094999313354492,28.094999313354492,10983200
2022-02-07 00:00:00+00:00,28.524999618530273,28.524999618530273,28.524999618530273,28.524999618530273,8569200
2022-02-08 00:00:00+00:00,29.200000762939453,29.200000762939453,29.200000762939453,29.200000762939453,6727000
2022-02-09 00:00:00+00:00,29.729999542236328,29.729999542236328,29.729999542236328,29.729999542236328,6911200
2022-02-10 00:00:00+00:00,28.280000686645508,28.280000686645508,28.280000686645508,28.280000686645508,13669200
2022-02-11 00:00:00+00:00,26.420000076293945,26.420000076293945,26.420000076293945,26.420000076293945,25964000
2022-02-14 00:00:00+00:00,26.415000915527344,26.415000915527344,26.415000915527344,26.415000915527344,17063800
2022-02-15 00:00:00+00:00,27.5,27.5,27.5,27.5,12914200
2022-02-16 00:00:00+00:00,28.03499984741211,28.03499984741211,28.03499984741211,28.03499984741211,9935600
2022-02-17 00:00:00+00:00,26.3799991607666,26.3799991607666,26.3799991607666,26.3799991607666,13254200
2022-02-18 00:00:00+00:00,26.059999465942383,26.059999465942383,26.059999465942383,26.059999465942383,11061600
2022-02-22 00:00:00+00:00,26.1200008392334,26.1200008392334,26.1200008392334,26.1200008392334,15178800
2022-02-23 00:00:00+00:00,25.389999389648438,25.389999389648438,25.389999389648438,25.389999389648438,10675000
2022-02-24 00:00:00+00:00,25.764999389648438,25.764999389648438,25.764999389648438,25.764999389648438,19311000
2022-02-25 00:00:00+00:00,26.290000915527344,26.290000915527344,26.290000915527344,26.290000915527344,10764600
2022-02-28 00:00:00+00:00,25.69499969482422,25.69499969482422,25.69499969482422,25.69499969482422,13182800
2022-03-01 00:00:00+00:00,24.270000457763672,24.270000457763672,24.270000457763672,24.270000457763672,12622400
2022-03-02 00:00:00+00:00,25.040000915527344,25.040000915527344,25.040000915527344,25.040000915527344,9930000
2022-03-03 00:00:00+00:00,24.969999313354492,24.969999313354492,24.969999313354492,24.969999313354492,8381800
2022-03-04 00:00:00+00:00,24.399999618530273,24.399999618530273,24.399999618530273,24.399999618530273,9312800
2022-03-07 00:00:00+00:00,23.530000686645508,23.530000686645508,23.530000686645508,23.530000686645508,9958000
2022-03-08 00:00:00+00:00,23.5049991607666,23.5049991607666,23.5049991607666,23.5049991607666,13337200
2022-03-09 00:00:00+00:00,23.959999084472656,23.959999084472656,23.959999084472656,23.959999084472656,9651600
2022-03-10 00:00:00+00:00,24.4950008392334,24.4950008392334,24.4950008392334,24.4950008392334,6650200
2022-03-11 00:00:00+00:00,24.239999771118164,24.239999771118164,24.239999771118164,24.239999771118164,7353600
2022-03-14 00:00:00+00:00,23.84000015258789,23.84000015258789,23.84000015258789,23.84000015258789,10903600
2022-03-15 00:00:00+00:00,24.25,24.25,24.25,24.25,13858400
2022-03-16 00:00:00+00:00,25.459999084472656,25.459999084472656,25.459999084472656,25.459999084472656,12329000
2022-03-17 00:00:00+00:00,25.670000076293945,25.670000076293945,25.670000076293945,25.670000076293945,7060400
2022-03-18 00:00:00+00:00,26.385000228881836,26.385000228881836,26.385000228881836,26.385000228881836,8189000
2022-03-21 00:00:00+00:00,26.40999984741211,26.40999984741211,26.40999984741211,26.40999984741211,9748000
2022-03-22 00:00:00+00:00,26.610000610351562,26.610000610351562,26.610000610351562,26.610000610351562,4683200
2022-03-23 00:00:00+00:00,26.655000686645508,26.655000686645508,26.655000686645508,26.655000686645508,7973600
2022-03-24 00:00:00+00:00,26.985000610351562,26.985000610351562,26.985000610351562,26.985000610351562,6027400
2022-03-25 00:00:00+00:00,27.364999771118164,27.364999771118164,27.364999771118164,27.364999771118164,9655000
2022-03-28 00:00:00+00:00,27.565000534057617,27.565000534057617,27.565000534057617,27.565000534057617,11734400
2022-03-29 00:00:00+00:00,28.21500015258789,28.21500015258789,28.21500015258789,28.21500015258789,8053000
2022-03-30 00:00:00+00:00,28.010000228881836,28.010000228881836,28.010000228881836,28.010000228881836,10365200
2022-03-31 00:00:00+00:00,27.280000686645508,27.280000686645508,27.280000686645508,27.280000686645508,10132800
2022-04-01 00:00:00+00:00,27.825000762939453,27.825000762939453,27.825000762939453,27.825000762939453,8328600
2022-04-04 00:00:00+00:00,28.53499984741211,28.53499984741211,28.53499984741211,28.53499984741211,6454400
2022-04-05 00:00:00+00:00,27.325000762939453,27.325000762939453,27.325000762939453,27.325000762939453,10063600
2022-04-06 00:00:00+00:00,27.024999618530273,27.024999618530273,27.024999618530273,27.024999618530273,20204400
2022-04-07 00:00:00+00:00,27.385000228881836,27.385000228881836,27.385000228881836,27.385000228881836,9508600
2022-04-08 00:00:00+00:00,27.415000915527344,27.415000915527344,27.415000915527344,27.415000915527344,9434000
2022-04-11 00:00:00+00:00,26.645000457763672,26.645000457763672,26.645000457763672,26.645000457763672,9459200
2022-04-12 00:00:00+00:00,26.479999542236328,26.479999542236328,26.479999542236328,26.479999542236328,12016400
2022-04-13 00:00:00+00:00,27.40999984741211,27.40999984741211,27.40999984741211,27.40999984741211,8839400
2022-04-14 00:00:00+00:00,27.045000076293945,27.045000076293945,27.045000076293945,27.045000076293945,9758200
2022-04-18 00:00:00+00:00,27.219999313354492,27.219999313354492,27.219999313354492,27.219999313354492,9671600
2022-04-19 00:00:00+00:00,27.90999984741211,27.90999984741211,27.90999984741211,27.90999984741211,8315200
2022-04-20 00:00:00+00:00,28.235000610351562,28.235000610351562,28.235000610351562,28.235000610351562,12386600
2022-04-21 00:00:00+00:00,27.184999465942383,27.184999465942383,27.184999465942383,27.184999465942383,15855800
2022-04-22 00:00:00+00:00,25.559999465942383,25.559999465942383,25.559999465942383,25.559999465942383,15846400
2022-04-25 00:00:00+00:00,25.780000686645508,25.780000686645508,25.780000686645508,25.780000686645508,21745400
2022-04-26 00:00:00+00:00,24.395000457763672,24.395000457763672,24.395000457763672,24.395000457763672,15981600
2022-04-27 00:00:00+00:00,24.190000534057617,24.190000534057617,24.190000534057617,24.190000534057617,16267200
2022-04-28 00:00:00+00:00,24.809999465942383,24.809999465942383,24.809999465942383,24.809999465942383,13918800
2022-04-29 00:00:00+00:00,23.829999923706055,23.829999923706055,23.829999923706055,23.829999923706055,14712600
2022-05-02 00:00:00+00:00,24.010000228881836,24.010000228881836,24.010000228881836,24.010000228881836,18689600
2022-05-03 00:00:00+00:00,24.719999313354492,24.719999313354492,24.719999313354492,24.719999313354492,15341400
2022-05-04 00:00:00+00:00,25.84000015258789,25.84000015258789,25.84000015258789,25.84000015258789,15863600
2022-05-05 00:00:00+00:00,23.575000762939453,23.575000762939453,23.575000762939453,23.575000762939453,18081200
2022-05-06 00:00:00+00:00,23.725000381469727,23.725000381469727,23.725000381469727,23.725000381469727,15051000
2022-05-09 00:00:00+00:00,22.7549991607666,22.7549991607666,22.7549991607666,22.7549991607666,20772000
2022-05-10 00:00:00+00:00,23.1299991607666,23.1299991607666,23.1299991607666,23.1299991607666,15750000
2022-05-11 00:00:00+00:00,23.184999465942383,23.184999465942383,23.184999465942383,23.184999465942383,17610600
2022-05-12 00:00:00+00:00,23.415000915527344,23.415000915527344,23.415000915527344,23.415000915527344,13191400
2022-05-13 00:00:00+00:00,24.155000686645508,24.155000686645508,24.155000686645508,24.155000686645508,9503000
2022-05-16 00:00:00+00:00,24.649999618530273,24.649999618530273,24.649999618530273,24.649999618530273,8818000
2022-05-17 00:00:00+00:00,24.959999084472656,24.959999084472656,24.959999084472656,24.959999084472656,9355600
2022-05-18 00:00:00+00:00,23.165000915527344,23.165000915527344,23.165000915527344,23.165000915527344,17613000
2022-05-19 00:00:00+00:00,23.8700008392334,23.8700008392334,23.8700008392334,23.8700008392334,13041000
2022-05-20 00:00:00+00:00,23.84000015258789,23.84000015258789,23.84000015258789,23.84000015258789,13881800
2022-05-23 00:00:00+00:00,24.010000228881836,24.010000228881836,24.010000228881836,24.010000228881836,9942400
2022-05-24 00:00:00+00:00,23.96500015258789,23.96500015258789,23.96500015258789,23.96500015258789,8941800
2022-05-25 00:00:00+00:00,24.21500015258789,24.21500015258789,24.21500015258789,24.21500015258789,6494400
2022-05-26 00:00:00+00:00,24.299999237060547,24.299999237060547,24.299999237060547,24.299999237060547,7960600
2022-05-27 00:00:00+00:00,24.790000915527344,24.790000915527344,24.790000915527344,24.790000915527344,7011600
2022-05-31 00:00:00+00:00,25.014999389648438,25.014999389648438,25.014999389648438,25.014999389648438,8082200
2022-06-01 00:00:00+00:00,25.100000381469727,25.100000381469727,25.100000381469727,25.100000381469727,6681000
2022-06-02 00:00:00+00:00,25.354999542236328,25.354999542236328,25.354999542236328,25.354999542236328,5045000
2022-06-03 00:00:00+00:00,25.225000381469727,25.225000381469727,25.225000381469727,25.225000381469727,6820400
2022-06-06 00:00:00+00:00,25.389999389648438,25.389999389648438,25.389999389648438,25.389999389648438,5470400
2022-06-07 00:00:00+00:00,25.704999923706055,25.704999923706055,25.704999923706055,25.704999923706055,4427600
2022-06-08 00:00:00+00:00,25.7549991607666,25.7549991607666,25.7549991607666,25.7549991607666,4308000
2022-06-09 00:00:00+00:00,25.104999542236328,25.104999542236328,25.104999542236328,25.104999542236328,5276800
2022-06-10 00:00:00+00:00,24.329999923706055,24.329999923706055,24.329999923706055,24.329999923706055,8909200
2022-06-13 00:00:00+00:00,22.6299991607666,22.6299991607666,22.6299991607666,22.6299991607666,11488400
2022-06-14 00:00:00+00:00,23.045000076293945,23.045000076293945,23.045000076293945,23.045000076293945,11831400
2022-06-15 00:00:00+00:00,23.68000030517578,23.68000030517578,23.68000030517578,23.68000030517578,10361000
2022-06-16 00:00:00+00:00,22.940000534057617,22.940000534057617,22.940000534057617,22.940000534057617,8574200
2022-06-17 00:00:00+00:00,23.290000915527344,23.290000915527344,23.290000915527344,23.290000915527344,7869000
2022-06-21 00:00:00+00:00,23.510000228881836,23.510000228881836,23.510000228881836,23.510000228881836,6201400
2022-06-22 00:00:00+00:00,23.985000610351562,23.985000610351562,23.985000610351562,23.985000610351562,4950400
2022-06-23 00:00:00+00:00,23.979999542236328,23.979999542236328,23.979999542236328,23.979999542236328,5907200
2022-06-24 00:00:00+00:00,24.204999923706055,24.204999923706055,24.204999923706055,24.204999923706055,4441800
2022-06-27 00:00:00+00:00,24.579999923706055,24.579999923706055,24.579999923706055,24.579999923706055,5985600
2022-06-28 00:00:00+00:00,24.229999542236328,24.229999542236328,24.229999542236328,24.229999542236328,4091400
2022-06-29 00:00:00+00:00,24.19499969482422,24.19499969482422,24.19499969482422,24.19499969482422,4172800
2022-06-30 00:00:00+00:00,24.104999542236328,24.104999542236328,24.104999542236328,24.104999542236328,5412800
2022-07-01 00:00:00+00:00,24.385000228881836,24.385000228881836,24.385000228881836,24.385000228881836,4389200
2022-07-05 00:00:00+00:00,24.3799991607666,24.3799991607666,24.3799991607666,24.3799991607666,3636000
2022-07-06 00:00:00+00:00,24.59000015258789,24.59000015258789,24.59000015258789,24.59000015258789,3047000
2022-07-07 00:00:00+00:00,24.725000381469727,24.725000381469727,24.725000381469727,24.725000381469727,2506400
2022-07-08 00:00:00+00:00,25.010000228881836,25.010000228881836,25.010000228881836,25.010000228881836,3641000
2022-07-11 00:00:00+00:00,24.6299991607666,24.6299991607666,24.6299991607666,24.6299991607666,3297200
2022-07-12 00:00:00+00:00,24.510000228881836,24.510000228881836,24.510000228881836,24.510000228881836,3483400
2022-07-13 00:00:00+00:00,24.719999313354492,24.719999313354492,24.719999313354492,24.719999313354492,5335800
2022-07-14 00:00:00+00:00,24.684999465942383,24.684999465942383,24.684999465942383,24.684999465942383,4215000
2022-07-15 00:00:00+00:00,25.30500030517578,25.30500030517578,25.30500030517578,25.30500030517578,3914400
2022-07-18 00:00:00+00:00,24.924999237060547,24.924999237060547,24.924999237060547,24.924999237060547,4859200
2022-07-19 00:00:00+00:00,25.104999542236328,25.104999542236328,25.104999542236328,25.104999542236328,5000400
2022-07-20 00:00:00+00:00,25.424999237060547,25.424999237060547,25.424999237060547,25.424999237060547,5014600
2022-07-21 00:00:00+00:00,25.704999923706055,25.704999923706055,25.704999923706055,25.704999923706055,4627200
2022-07-22 00:00:00+00:00,25.815000534057617,25.815000534057617,25.815000534057617,25.815000534057617,4580200
2022-07-25 00:00:00+00:00,25.934999465942383,25.934999465942383,25.934999465942383,25.934999465942383,5600400
2022-07-26 00:00:00+00:00,25.594999313354492,25.594999313354492,25.594999313354492,25.594999313354492,4765800
2022-07-27 00:00:00+00:00,26.049999237060547,26.049999237060547,26.049999237060547,26.049999237060547,4357200
2022-07-28 00:00:00+00:00,26.674999237060547,26.674999237060547,26.674999237060547,26.674999237060547,3602400
2022-07-29 00:00:00+00:00,26.864999771118164,26.864999771118164,26.864999771118164,26.864999771118164,3906800
2022-08-01 00:00:00+00:00,26.3700008392334,26.3700008392334,26.3700008392334,26.3700008392334,3778200
2022-08-02 00:00:00+00:00,26.21500015258789,26.21500015258789,26.21500015258789,26.21500015258789,4039400
2022-08-03 00:00:00+00:00,26.899999618530273,26.899999618530273,26.899999618530273,26.899999618530273,5004200
2022-08-04 00:00:00+00:00,26.8700008392334,26.8700008392334,26.8700008392334,26.8700008392334,3044400
2022-08-05 00:00:00+00:00,27.165000915527344,27.165000915527344,27.165000915527344,27.165000915527344,3561600
2022-08-08 00:00:00+00:00,27.125,27.125,27.125,27.125,4841000
2022-08-09 00:00:00+00:00,27.049999237060547,27.049999237060547,27.049999237060547,27.049999237060547,2008400
2022-08-10 00:00:00+00:00,27.780000686645508,27.780000686645508,27.780000686645508,27.780000686645508,4905400
2022-08-11 00:00:00+00:00,27.690000534057617,27.690000534057617,27.690000534057617,27.690000534057617,3668400
2022-08-12 00:00:00+00:00,27.84000015258789,27.84000015258789,27.84000015258789,27.84000015258789,3181000
2022-08-15 00:00:00+00:00,28.06999969482422,28.06999969482422,28.06999969482422,28.06999969482422,3146000
2022-08-16 00:00:00+00:00,27.969999313354492,27.969999313354492,27.969999313354492,27.969999313354492,4244800
2022-08-17 00:00:00+00:00,28.010000228881836,28.010000228881836,28.010000228881836,28.010000228881836,4171000
2022-08-18 00:00:00+00:00,28.229999542236328,28.229999542236328,28.229999542236328,28.229999542236328,2633800
2022-08-19 00:00:00+00:00,27.545000076293945,27.545000076293945,27.545000076293945,27.545000076293945,7577800
2022-08-22 00:00:00+00:00,26.625,26.625,26.625,26.625,7273800
2022-08-23 00:00:00+00:00,26.825000762939453,26.825000762939453,26.825000762939453,26.825000762939453,4416200
2022-08-24 00:00:00+00:00,27.299999237060547,27.299999237060547,27.299999237060547,27.299999237060547,2880200
2022-08-25 00:00:00+00:00,27.729999542236328,27.729999542236328,27.729999542236328,27.729999542236328,2490600
2022-08-26 00:00:00+00:00,26.385000228881836,26.385000228881836,26.385000228881836,26.385000228881836,4769800
2022-08-29 00:00:00+00:00,26.459999084472656,26.459999084472656,26.459999084472656,26.459999084472656,3799600
2022-08-30 00:00:00+00:00,26.25,26.25,26.25,26.25,3782800
2022-08-31 00:00:00+00:00,26.485000610351562,26.485000610351562,26.485000610351562,26.485000610351562,3160800
2022-09-01 00:00:00+00:00,26.6299991607666,26.6299991607666,26.6299991607666,26.6299991607666,6395000
2022-09-02 00:00:00+00:00,26.510000228881836,26.510000228881836,26.510000228881836,26.510000228881836,4536400
2022-09-06 00:00:00+00:00,26.21500015258789,26.21500015258789,26.21500015258789,26.21500015258789,5144400
2022-09-07 00:00:00+00:00,26.915000915527344,26.915000915527344,26.915000915527344,26.915000915527344,7265400
2022-09-08 00:00:00+00:00,27.135000228881836,27.135000228881836,27.135000228881836,27.135000228881836,3167600
2022-09-09 00:00:00+00:00,27.28499984741211,27.28499984741211,27.28499984741211,27.28499984741211,3672200
2022-09-12 00:00:00+00:00,27.315000534057617,27.315000534057617,27.315000534057617,27.315000534057617,4612200
2022-09-13 00:00:00+00:00,26.135000228881836,26.135000228881836,26.135000228881836,26.135000228881836,7687800
2022-09-14 00:00:00+00:00,26.155000686645508,26.155000686645508,26.155000686645508,26.155000686645508,5077400
2022-09-15 00:00:00+00:00,26.184999465942383,26.184999465942383,26.184999465942383,26.184999465942383,4317200
2022-09-16 00:00:00+00:00,26.209999084472656,26.209999084472656,26.209999084472656,26.209999084472656,4957600
2022-09-19 00:00:00+00:00,26.584999084472656,26.584999084472656,26.584999084472656,26.584999084472656,3858400
2022-09-20 00:00:00+00:00,26.165000915527344,26.165000915527344,26.165000915527344,26.165000915527344,4108000
2022-09-21 00:00:00+00:00,25.735000610351562,25.735000610351562,25.735000610351562,25.735000610351562,6449600
2022-09-22 00:00:00+00:00,25.780000686645508,25.780000686645508,25.780000686645508,25.780000686645508,4091000
2022-09-23 00:00:00+00:00,25.014999389648438,25.014999389648438,25.014999389648438,25.014999389648438,6431800
2022-09-26 00:00:00+00:00,24.584999084472656,24.584999084472656,24.584999084472656,24.584999084472656,5320000
2022-09-27 00:00:00+00:00,24.405000686645508,24.405000686645508,24.405000686645508,24.405000686645508,5312600
2022-09-28 00:00:00+00:00,24.889999389648438,24.889999389648438,24.889999389648438,24.889999389648438,3676000
2022-09-29 00:00:00+00:00,24.545000076293945,24.545000076293945,24.545000076293945,24.545000076293945,5310000
2022-09-30 00:00:00+00:00,24.295000076293945,24.295000076293945,24.295000076293945,24.295000076293945,4612800
2022-10-03 00:00:00+00:00,24.809999465942383,24.809999465942383,24.809999465942383,24.809999465942383,3560200
2022-10-04 00:00:00+00:00,25.2549991607666,25.2549991607666,25.2549991607666,25.2549991607666,6008800
2022-10-05 00:00:00+00:00,25.204999923706055,25.204999923706055,25.204999923706055,25.204999923706055,2569200
2022-10-06 00:00:00+00:00,24.809999465942383,24.809999465942383,24.809999465942383,24.809999465942383,3523200
2022-10-07 00:00:00+00:00,24.315000534057617,24.315000534057617,24.315000534057617,24.315000534057617,4310400
2022-10-10 00:00:00+00:00,24.020000457763672,24.020000457763672,24.020000457763672,24.020000457763672,4413000
2022-10-11 00:00:00+00:00,23.815000534057617,23.815000534057617,23.815000534057617,23.815000534057617,3520200
2022-10-12 00:00:00+00:00,23.940000534057617,23.940000534057617,23.940000534057617,23.940000534057617,2908400
2022-10-13 00:00:00+00:00,24.295000076293945,24.295000076293945,24.295000076293945,24.295000076293945,4896800
2022-10-14 00:00:00+00:00,24.014999389648438,24.014999389648438,24.014999389648438,24.014999389648438,6286000
2022-10-17 00:00:00+00:00,24.325000762939453,24.325000762939453,24.325000762939453,24.325000762939453,3674400
2022-10-18 00:00:00+00:00,24.56999969482422,24.56999969482422,24.56999969482422,24.56999969482422,3139200
2022-10-19 00:00:00+00:00,24.479999542236328,24.479999542236328,24.479999542236328,24.479999542236328,3199000
2022-10-20 00:00:00+00:00,24.6200008392334,24.6200008392334,24.6200008392334,24.6200008392334,3675400
2022-10-21 00:00:00+00:00,24.65999984741211,24.65999984741211,24.65999984741211,24.65999984741211,2956000
2022-10-24 00:00:00+00:00,24.8799991607666,24.8799991607666,24.8799991607666,24.8799991607666,3253600
2022-10-25 00:00:00+00:00,25.3799991607666,25.3799991607666,25.3799991607666,25.3799991607666,2857600
2022-10-26 00:00:00+00:00,25.665000915527344,25.665000915527344,25.665000915527344,25.665000915527344,4472400
2022-10-27 00:00:00+00:00,25.924999237060547,25.924999237060547,25.924999237060547,25.924999237060547,2019400
2022-10-28 00:00:00+00:00,26.229999542236328,26.229999542236328,26.229999542236328,26.229999542236328,5877800
2022-10-31 00:00:00+00:00,26.440000534057617,26.440000534057617,26.440000534057617,26.440000534057617,4436000
2022-11-01 00:00:00+00:00,26.584999084472656,26.584999084472656,26.584999084472656,26.584999084472656,2225000
2022-11-02 00:00:00+00:00,26.239999771118164,26.239999771118164,26.239999771118164,26.239999771118164,3684400
2022-11-03 00:00:00+00:00,26.520000457763672,26.520000457763672,26.520000457763672,26.520000457763672,2615200
2022-11-04 00:00:00+00:00,26.700000762939453,26.700000762939453,26.700000762939453,26.700000762939453,2654200
2022-11-07 00:00:00+00:00,26.829999923706055,26.829999923706055,26.829999923706055,26.829999923706055,2017400
2022-11-08 00:00:00+00:00,26.434999465942383,26.434999465942383,26.434999465942383,26.434999465942383,3886800
2022-11-09 00:00:00+00:00,26.030000686645508,26.030000686645508,26.030000686645508,26.030000686645508,3415800
2022-11-10 00:00:00+00:00,26.7450008392334,26.7450008392334,26.7450008392334,26.7450008392334,5316600
2022-11-11 00:00:00+00:00,26.895000457763672,26.895000457763672,26.895000457763672,26.895000457763672,3065200
2022-11-14 00:00:00+00:00,26.889999389648438,26.889999389648438,26.889999389648438,26.889999389648438,2904800
2022-11-15 00:00:00+00:00,26.760000228881836,26.760000228881836,26.760000228881836,26.760000228881836,6641000
2022-11-16 00:00:00+00:00,27.079999923706055,27.079999923706055,27.079999923706055,27.079999923706055,3819200
2022-11-17 00:00:00+00:00,27.219999313354492,27.219999313354492,27.219999313354492,27.219999313354492,2744400
2022-11-18 00:00:00+00:00,27.3799991607666,27.3799991607666,27.3799991607666,27.3799991607666,2487200
2022-11-21 00:00:00+00:00,27.729999542236328,27.729999542236328,27.729999542236328,27.729999542236328,2790200
2022-11-22 00:00:00+00:00,28.225000381469727,28.225000381469727,28.225000381469727,28.225000381469727,2665000
2022-11-23 00:00:00+00:00,28.524999618530273,28.524999618530273,28.524999618530273,28.524999618530273,3112400
2022-11-25 00:00:00+00:00,28.46500015258789,28.46500015258789,28.46500015258789,28.46500015258789,893400
2022-11-28 00:00:00+00:00,27.934999465942383,27.934999465942383,27.934999465942383,27.934999465942383,5442800
2022-11-29 00:00:00+00:00,28.149999618530273,28.149999618530273,28.149999618530273,28.149999618530273,3247200
2022-11-30 00:00:00+00:00,28.68000030517578,28.68000030517578,28.68000030517578,28.68000030517578,3766800
2022-12-01 00:00:00+00:00,28.93000030517578,28.93000030517578,28.93000030517578,28.93000030517578,2884400
2022-12-02 00:00:00+00:00,29.21500015258789,29.21500015258789,29.21500015258789,29.21500015258789,3084000
2022-12-05 00:00:00+00:00,28.924999237060547,28.924999237060547,28.924999237060547,28.924999237060547,2780000
2022-12-06 00:00:00+00:00,28.545000076293945,28.545000076293945,28.545000076293945,28.545000076293945,3217000
2022-12-07 00:00:00+00:00,28.329999923706055,28.329999923706055,28.329999923706055,28.329999923706055,2376000
2022-12-08 00:00:00+00:00,28.594999313354492,28.594999313354492,28.594999313354492,28.594999313354492,1650200
2022-12-09 00:00:00+00:00,28.264999389648438,28.264999389648438,28.264999389648438,28.264999389648438,6195600
2022-12-12 00:00:00+00:00,28.334999084472656,28.334999084472656,28.334999084472656,28.334999084472656,4922400
2022-12-13 00:00:00+00:00,28.959999084472656,28.959999084472656,28.959999084472656,28.959999084472656,4236600
2022-12-14 00:00:00+00:00,29.469999313354492,29.469999313354492,29.469999313354492,29.469999313354492,5133200
2022-12-15 00:00:00+00:00,28.510000228881836,28.510000228881836,28.510000228881836,28.510000228881836,6332400
2022-12-16 00:00:00+00:00,28.454999923706055,28.454999923706055,28.454999923706055,28.454999923706055,5791000
2022-12-19 00:00:00+00:00,28.825000762939453,28.825000762939453,28.825000762939453,28.825000762939453,4675200
2022-12-20 00:00:00+00:00,28.954999923706055,28.954999923706055,28.954999923706055,28.954999923706055,3962400
2022-12-21 00:00:00+00:00,29.469999313354492,29.469999313354492,29.469999313354492,29.469999313354492,4572200
2022-12-22 00:00:00+00:00,28.674999237060547,28.674999237060547,28.674999237060547,28.674999237060547,7840400
2022-12-23 00:00:00+00:00,29.104999542236328,29.104999542236328,29.104999542236328,29.104999542236328,3840200
2022-12-27 00:00:00+00:00,29.100000381469727,29.100000381469727,29.100000381469727,29.100000381469727,3151400
2022-12-28 00:00:00+00:00,29.135000228881836,29.135000228881836,29.135000228881836,29.135000228881836,4032400
2022-12-29 00:00:00+00:00,29.31999969482422,29.31999969482422,29.31999969482422,29.31999969482422,2872800
2022-12-30 00:00:00+00:00,29.34000015258789,29.34000015258789,29.34000015258789,29.34000015258789,4486600
2023-01-03 00:00:00+00:00,29.434999465942383,29.434999465942383,29.434999465942383,29.434999465942383,3342400
2023-01-04 00:00:00+00:00,29.895000457763672,29.895000457763672,29.895000457763672,29.895000457763672,3025800
2023-01-05 00:00:00+00:00,29.774999618530273,29.774999618530273,29.774999618530273,29.774999618530273,3579000
2023-01-06 00:00:00+00:00,30.135000228881836,30.135000228881836,30.135000228881836,30.135000228881836,3044600
2023-01-09 00:00:00+00:00,30.0049991607666,30.0049991607666,30.0049991607666,30.0049991607666,3065200
2023-01-10 00:00:00+00:00,30.700000762939453,30.700000762939453,30.700000762939453,30.700000762939453,2925200
2023-01-11 00:00:00+00:00,30.604999542236328,30.604999542236328,30.604999542236328,30.604999542236328,2957000
2023-01-12 00:00:00+00:00,31.360000610351562,31.360000610351562,31.360000610351562,31.360000610351562,4583200
2023-01-13 00:00:00+00:00,31.764999389648438,31.764999389648438,31.764999389648438,31.764999389648438,3806200
2023-01-17 00:00:00+00:00,31.6200008392334,31.6200008392334,31.6200008392334,31.6200008392334,4584600
2023-01-18 00:00:00+00:00,31.100000381469727,31.100000381469727,31.100000381469727,31.100000381469727,6494400
2023-01-19 00:00:00+00:00,31.0,31.0,31.0,31.0,4380200
2023-01-20 00:00:00+00:00,31.514999389648438,31.514999389648438,31.514999389648438,31.514999389648438,4127000
2023-01-23 00:00:00+00:00,31.719999313354492,31.719999313354492,31.719999313354492,31.719999313354492,2862800
2023-01-24 00:00:00+00:00,32.29999923706055,32.29999923706055,32.29999923706055,32.29999923706055,3055200
2023-01-25 00:00:00+00:00,32.290000915527344,32.290000915527344,32.290000915527344,32.290000915527344,4049600
2023-01-26 00:00:00+00:00,32.5,32.5,32.5,32.5,3031800
2023-01-27 00:00:00+00:00,32.80500030517578,32.80500030517578,32.80500030517578,32.80500030517578,3061800
2023-01-30 00:00:00+00:00,32.36000061035156,32.36000061035156,32.36000061035156,32.36000061035156,3983000
2023-01-31 00:00:00+00:00,32.71500015258789,32.71500015258789,32.71500015258789,32.71500015258789,2579400
2023-02-01 00:00:00+00:00,33.2599983215332,33.2599983215332,33.2599983215332,33.2599983215332,3617400
2023-02-02 00:00:00+00:00,32.880001068115234,32.880001068115234,32.880001068115234,32.880001068115234,4809600
2023-02-03 00:00:00+00:00,32.70000076293945,32.70000076293945,32.70000076293945,32.70000076293945,3655800
2023-02-06 00:00:00+00:00,32.349998474121094,32.349998474121094,32.349998474121094,32.349998474121094,2323200
2023-02-07 00:00:00+00:00,32.834999084472656,32.834999084472656,32.834999084472656,32.834999084472656,3324400
2023-02-08 00:00:00+00:00,32.185001373291016,32.185001373291016,32.185001373291016,32.185001373291016,2991400
2023-02-09 00:00:00+00:00,31.719999313354492,31.719999313354492,31.719999313354492,31.719999313354492,3488000
2023-02-10 00:00:00+00:00,31.43000030517578,31.43000030517578,31.43000030517578,31.43000030517578,3841800
2023-02-13 00:00:00+00:00,32.025001525878906,32.025001525878906,32.025001525878906,32.025001525878906,2819600
2023-02-14 00:00:00+00:00,32.69499969482422,32.69499969482422,32.69499969482422,32.69499969482422,3979000
2023-02-15 00:00:00+00:00,33.025001525878906,33.025001525878906,33.025001525878906,33.025001525878906,3267000
2023-02-16 00:00:00+00:00,32.13999938964844,32.13999938964844,32.13999938964844,32.13999938964844,4831200
2023-02-17 00:00:00+00:00,32.095001220703125,32.095001220703125,32.095001220703125,32.095001220703125,5745000
2023-02-21 00:00:00+00:00,30.899999618530273,30.899999618530273,30.899999618530273,30.899999618530273,5266000
2023-02-22 00:00:00+00:00,31.354999542236328,31.354999542236328,31.354999542236328,31.354999542236328,5140800
2023-02-23 00:00:00+00:00,31.860000610351562,31.860000610351562,31.860000610351562,31.860000610351562,5856200
2023-02-24 00:00:00+00:00,31.30500030517578,31.30500030517578,31.30500030517578,31.30500030517578,7153400
2023-02-27 00:00:00+00:00,31.864999771118164,31.864999771118164,31.864999771118164,31.864999771118164,3279800
2023-02-28 00:00:00+00:00,32.244998931884766,32.244998931884766,32.244998931884766,32.244998931884766,1870200
2023-03-01 00:00:00+00:00,32.04499816894531,32.04499816894531,32.04499816894531,32.04499816894531,3129400
2023-03-02 00:00:00+00:00,32.63999938964844,32.63999938964844,32.63999938964844,32.63999938964844,3264000
2023-03-03 00:00:00+00:00,33.15999984741211,33.15999984741211,33.15999984741211,33.15999984741211,4653800
2023-03-06 00:00:00+00:00,33.415000915527344,33.415000915527344,33.415000915527344,33.415000915527344,3713400
2023-03-07 00:00:00+00:00,33.04499816894531,33.04499816894531,33.04499816894531,33.04499816894531,7341600
2023-03-08 00:00:00+00:00,33.31999969482422,33.31999969482422,33.31999969482422,33.31999969482422,4604000
2023-03-09 00:00:00+00:00,31.579999923706055,31.579999923706055,31.579999923706055,31.579999923706055,8512800
2023-03-10 00:00:00+00:00,29.825000762939453,29.825000762939453,29.825000762939453,29.825000762939453,12026800
2023-03-13 00:00:00+00:00,29.354999542236328,29.354999542236328,29.354999542236328,29.354999542236328,5718600
2023-03-14 00:00:00+00:00,30.2450008392334,30.2450008392334,30.2450008392334,30.2450008392334,10006000
2023-03-15 00:00:00+00:00,29.094999313354492,29.094999313354492,29.094999313354492,29.094999313354492,14637200
2023-03-16 00:00:00+00:00,30.344999313354492,30.344999313354492,30.344999313354492,30.344999313354492,9652600
2023-03-17 00:00:00+00:00,28.690000534057617,28.690000534057617,28.690000534057617,28.690000534057617,11976600
2023-03-20 00:00:00+00:00,29.385000228881836,29.385000228881836,29.385000228881836,29.385000228881836,13475000
2023-03-21 00:00:00+00:00,30.670000076293945,30.670000076293945,30.670000076293945,30.670000076293945,10467000
2023-03-22 00:00:00+00:00,30.059999465942383,30.059999465942383,30.059999465942383,30.059999465942383,8299600
2023-03-23 00:00:00+00:00,29.709999084472656,29.709999084472656,29.709999084472656,29.709999084472656,11307000
2023-03-24 00:00:00+00:00,30.290000915527344,30.290000915527344,30.290000915527344,30.290000915527344,8086400
2023-03-27 00:00:00+00:00,30.854999542236328,30.854999542236328,30.854999542236328,30.854999542236328,3906000
2023-03-28 00:00:00+00:00,31.239999771118164,31.239999771118164,31.239999771118164,31.239999771118164,4650600
2023-03-29 00:00:00+00:00,31.795000076293945,31.795000076293945,31.795000076293945,31.795000076293945,3656400
2023-03-30 00:00:00+00:00,31.799999237060547,31.799999237060547,31.799999237060547,31.799999237060547,2850400
2023-03-31 00:00:00+00:00,31.875,31.875,31.875,31.875,3450800
2023-04-03 00:00:00+00:00,32.25,32.25,32.25,32.25,3408400
2023-04-04 00:00:00+00:00,31.975000381469727,31.975000381469727,31.975000381469727,31.975000381469727,4080000
2023-04-05 00:00:00+00:00,32.10499954223633,32.10499954223633,32.10499954223633,32.10499954223633,3592400
2023-04-06 00:00:00+00:00,32.3849983215332,32.3849983215332,32.3849983215332,32.3849983215332,4641200
2023-04-10 00:00:00+00:00,32.56999969482422,32.56999969482422,32.56999969482422,32.56999969482422,4882200
2023-04-11 00:00:00+00:00,32.76499938964844,32.76499938964844,32.76499938964844,32.76499938964844,4692600
2023-04-12 00:00:00+00:00,32.625,32.625,32.625,32.625,5080400
2023-04-13 00:00:00+00:00,33.209999084472656,33.209999084472656,33.209999084472656,33.209999084472656,5796400
2023-04-14 00:00:00+00:00,33.52000045776367,33.52000045776367,33.52000045776367,33.52000045776367,7554200
2023-04-17 00:00:00+00:00,33.98500061035156,33.98500061035156,33.98500061035156,33.98500061035156,5104800
2023-04-18 00:00:00+00:00,34.1349983215332,34.1349983215332,34.1349983215332,34.1349983215332,4633600
2023-04-19 00:00:00+00:00,34.130001068115234,34.130001068115234,34.130001068115234,34.130001068115234,6373400
2023-04-20 00:00:00+00:00,33.790000915527344,33.790000915527344,33.790000915527344,33.790000915527344,9089000
2023-04-21 00:00:00+00:00,34.10499954223633,34.10499954223633,34.10499954223633,34.10499954223633,6528800
2023-04-24 00:00:00+00:00,34.189998626708984,34.189998626708984,34.189998626708984,34.189998626708984,5549600
2023-04-25 00:00:00+00:00,32.76499938964844,32.76499938964844,32.76499938964844,32.76499938964844,9711600
2023-04-26 00:00:00+00:00,33.20500183105469,33.20500183105469,33.20500183105469,33.20500183105469,4226200
2023-04-27 00:00:00+00:00,33.89500045776367,33.89500045776367,33.89500045776367,33.89500045776367,4087000
2023-04-28 00:00:00+00:00,34.650001525878906,34.650001525878906,34.650001525878906,34.650001525878906,8332200
2023-05-01 00:00:00+00:00,34.8849983215332,34.8849983215332,34.8849983215332,34.8849983215332,4204000
2023-05-02 00:00:00+00:00,34.1150016784668,34.1150016784668,34.1150016784668,34.1150016784668,6739600
2023-05-03 00:00:00+00:00,33.58000183105469,33.58000183105469,33.58000183105469,33.58000183105469,5248800
2023-05-04 00:00:00+00:00,32.80500030517578,32.80500030517578,32.80500030517578,32.80500030517578,5657400
2023-05-05 00:00:00+00:00,34.07500076293945,34.07500076293945,34.07500076293945,34.07500076293945,3945400
2023-05-08 00:00:00+00:00,34.375,34.375,34.375,34.375,4377600
2023-05-09 00:00:00+00:00,34.03499984741211,34.03499984741211,34.03499984741211,34.03499984741211,5705800
2023-05-10 00:00:00+00:00,34.46500015258789,34.46500015258789,34.46500015258789,34.46500015258789,4574800
2023-05-11 00:00:00+00:00,34.70000076293945,34.70000076293945,34.70000076293945,34.70000076293945,2974400
2023-05-12 00:00:00+00:00,34.68000030517578,34.68000030517578,34.68000030517578,34.68000030517578,6555000
2023-05-15 00:00:00+00:00,35.125,35.125,35.125,35.125,4778800
2023-05-16 00:00:00+00:00,34.60499954223633,34.60499954223633,34.60499954223633,34.60499954223633,5391800
2023-05-17 00:00:00+00:00,35.17499923706055,35.17499923706055,35.17499923706055,35.17499923706055,5750600
2023-05-18 00:00:00+00:00,35.90999984741211,35.90999984741211,35.90999984741211,35.90999984741211,3854400
2023-05-19 00:00:00+00:00,35.404998779296875,35.404998779296875,35.404998779296875,35.404998779296875,5448800
2023-05-22 00:00:00+00:00,35.40999984741211,35.40999984741211,35.40999984741211,35.40999984741211,4699200
2023-05-23 00:00:00+00:00,35.060001373291016,35.060001373291016,35.060001373291016,35.060001373291016,4275800
2023-05-24 00:00:00+00:00,34.404998779296875,34.404998779296875,34.404998779296875,34.404998779296875,3174800
2023-05-25 00:00:00+00:00,34.755001068115234,34.755001068115234,34.755001068115234,34.755001068115234,2445400
2023-05-26 00:00:00+00:00,35.47999954223633,35.47999954223633,35.47999954223633,35.47999954223633,2462600
2023-05-30 00:00:00+00:00,35.959999084472656,35.959999084472656,35.959999084472656,35.959999084472656,1990600
2023-05-31 00:00:00+00:00,36.084999084472656,36.084999084472656,36.084999084472656,36.084999084472656,1761000
2023-06-01 00:00:00+00:00,37.1349983215332,37.1349983215332,37.1349983215332,37.1349983215332,1650400
2023-06-02 00:00:00+00:00,37.814998626708984,37.814998626708984,37.814998626708984,37.814998626708984,3708800
2023-06-05 00:00:00+00:00,38.27000045776367,38.27000045776367,38.27000045776367,38.27000045776367,2134000
2023-06-06 00:00:00+00:00,39.38999938964844,39.38999938964844,39.38999938964844,39.38999938964844,2049600
2023-06-07 00:00:00+00:00,39.32500076293945,39.32500076293945,39.32500076293945,39.32500076293945,2563400
2023-06-08 00:00:00+00:00,39.81999969482422,39.81999969482422,39.81999969482422,39.81999969482422,1535000
2023-06-09 00:00:00+00:00,39.65999984741211,39.65999984741211,39.65999984741211,39.65999984741211,2314200
2023-06-12 00:00:00+00:00,39.595001220703125,39.595001220703125,39.595001220703125,39.595001220703125,1860400
2023-06-13 00:00:00+00:00,39.654998779296875,39.654998779296875,39.654998779296875,39.654998779296875,2699400
2023-06-14 00:00:00+00:00,40.279998779296875,40.279998779296875,40.279998779296875,40.279998779296875,1632600
2023-06-15 00:00:00+00:00,39.724998474121094,39.724998474121094,39.724998474121094,39.724998474121094,1906400
2023-06-16 00:00:00+00:00,40.41999816894531,40.41999816894531,40.41999816894531,40.41999816894531,2209000
2023-06-20 00:00:00+00:00,40.415000915527344,40.415000915527344,40.415000915527344,40.415000915527344,2098000
2023-06-21 00:00:00+00:00,40.84000015258789,40.84000015258789,40.84000015258789,40.84000015258789,2026400
2023-06-22 00:00:00+00:00,41.33000183105469,41.33000183105469,41.33000183105469,41.33000183105469,1632800
2023-06-23 00:00:00+00:00,41.029998779296875,41.029998779296875,41.029998779296875,41.029998779296875,2003600
2023-06-26 00:00:00+00:00,41.084999084472656,41.084999084472656,41.084999084472656,41.084999084472656,1290000
2023-06-27 00:00:00+00:00,41.67499923706055,41.67499923706055,41.67499923706055,41.67499923706055,1423800
2023-06-28 00:00:00+00:00,42.39500045776367,42.39500045776367,42.39500045776367,42.39500045776367,1130800
2023-06-29 00:00:00+00:00,41.935001373291016,41.935001373291016,41.935001373291016,41.935001373291016,1211800
2023-06-30 00:00:00+00:00,42.34000015258789,42.34000015258789,42.34000015258789,42.34000015258789,1175400
2023-07-03 00:00:00+00:00,42.380001068115234,42.380001068115234,42.380001068115234,42.380001068115234,614600
2023-07-05 00:00:00+00:00,42.130001068115234,42.130001068115234,42.130001068115234,42.130001068115234,934400
2023-07-06 00:00:00+00:00,41.040000915527344,41.040000915527344,41.040000915527344,41.040000915527344,4234400
2023-07-07 00:00:00+00:00,41.42499923706055,41.42499923706055,41.42499923706055,41.42499923706055,2231600
2023-07-10 00:00:00+00:00,41.665000915527344,41.665000915527344,41.665000915527344,41.665000915527344,1540600
2023-07-11 00:00:00+00:00,41.86000061035156,41.86000061035156,41.86000061035156,41.86000061035156,1800200
2023-07-12 00:00:00+00:00,43.029998779296875,43.029998779296875,43.029998779296875,43.029998779296875,3333200
2023-07-13 00:00:00+00:00,42.8849983215332,42.8849983215332,42.8849983215332,42.8849983215332,2352800
2023-07-14 00:00:00+00:00,43.13999938964844,43.13999938964844,43.13999938964844,43.13999938964844,1943200
2023-07-17 00:00:00+00:00,43.20500183105469,43.20500183105469,43.20500183105469,43.20500183105469,1873800
2023-07-18 00:00:00+00:00,43.41999816894531,43.41999816894531,43.41999816894531,43.41999816894531,1738000
2023-07-19 00:00:00+00:00,43.095001220703125,43.095001220703125,43.095001220703125,43.095001220703125,2926800
2023-07-20 00:00:00+00:00,43.1150016784668,43.1150016784668,43.1150016784668,43.1150016784668,2465600
2023-07-21 00:00:00+00:00,43.345001220703125,43.345001220703125,43.345001220703125,43.345001220703125,3154600
2023-07-24 00:00:00+00:00,43.724998474121094,43.724998474121094,43.724998474121094,43.724998474121094,3662600
2023-07-25 00:00:00+00:00,43.77000045776367,43.77000045776367,43.77000045776367,43.77000045776367,2676200
2023-07-26 00:00:00+00:00,44.345001220703125,44.345001220703125,44.345001220703125,44.345001220703125,4143200
2023-07-27 00:00:00+00:00,43.2400016784668,43.2400016784668,43.2400016784668,43.2400016784668,8946000
2023-07-28 00:00:00+00:00,44.11000061035156,44.11000061035156,44.11000061035156,44.11000061035156,4693600
2023-07-31 00:00:00+00:00,44.439998626708984,44.439998626708984,44.439998626708984,44.439998626708984,1874800
2023-08-01 00:00:00+00:00,44.06999969482422,44.06999969482422,44.06999969482422,44.06999969482422,2137000
2023-08-02 00:00:00+00:00,42.05500030517578,42.05500030517578,42.05500030517578,42.05500030517578,4729800
2023-08-03 00:00:00+00:00,42.10499954223633,42.10499954223633,42.10499954223633,42.10499954223633,4491600
2023-08-04 00:00:00+00:00,41.42499923706055,41.42499923706055,41.42499923706055,41.42499923706055,4364000
2023-08-07 00:00:00+00:00,42.5099983215332,42.5099983215332,42.5099983215332,42.5099983215332,3908400
2023-08-08 00:00:00+00:00,42.064998626708984,42.064998626708984,42.064998626708984,42.064998626708984,6521000
2023-08-09 00:00:00+00:00,42.26499938964844,42.26499938964844,42.26499938964844,42.26499938964844,6627400
2023-08-10 00:00:00+00:00,42.185001373291016,42.185001373291016,42.185001373291016,42.185001373291016,7904800
2023-08-11 00:00:00+00:00,43.0099983215332,43.0099983215332,43.0099983215332,43.0099983215332,6252800
2023-08-14 00:00:00+00:00,43.39500045776367,43.39500045776367,43.39500045776367,43.39500045776367,3350600
2023-08-15 00:00:00+00:00,42.14500045776367,42.14500045776367,42.14500045776367,42.14500045776367,5675000
2023-08-16 00:00:00+00:00,41.814998626708984,41.814998626708984,41.814998626708984,41.814998626708984,4251600
2023-08-17 00:00:00+00:00,40.83000183105469,40.83000183105469,40.83000183105469,40.83000183105469,3709000
2023-08-18 00:00:00+00:00,41.34000015258789,41.34000015258789,41.34000015258789,41.34000015258789,6884000
2023-08-21 00:00:00+00:00,41.88999938964844,41.88999938964844,41.88999938964844,41.88999938964844,3514800
2023-08-22 00:00:00+00:00,41.810001373291016,41.810001373291016,41.810001373291016,41.810001373291016,2712800
2023-08-23 00:00:00+00:00,42.5099983215332,42.5099983215332,42.5099983215332,42.5099983215332,1989800
2023-08-24 00:00:00+00:00,41.69499969482422,41.69499969482422,41.69499969482422,41.69499969482422,2749600
2023-08-25 00:00:00+00:00,42.595001220703125,42.595001220703125,42.595001220703125,42.595001220703125,3003400
2023-08-28 00:00:00+00:00,43.41999816894531,43.41999816894531,43.41999816894531,43.41999816894531,1806800
2023-08-29 00:00:00+00:00,43.9900016784668,43.9900016784668,43.9900016784668,43.9900016784668,2634000
2023-08-30 00:00:00+00:00,44.70500183105469,44.70500183105469,44.70500183105469,44.70500183105469,1665000
2023-08-31 00:00:00+00:00,45.17499923706055,45.17499923706055,45.17499923706055,45.17499923706055,1845600
2023-09-01 00:00:00+00:00,45.474998474121094,45.474998474121094,45.474998474121094,45.474998474121094,1781600
2023-09-05 00:00:00+00:00,45.29499816894531,45.29499816894531,45.29499816894531,45.29499816894531,2629200
2023-09-06 00:00:00+00:00,44.915000915527344,44.915000915527344,44.915000915527344,44.915000915527344,3528400
2023-09-07 00:00:00+00:00,44.95000076293945,44.95000076293945,44.95000076293945,44.95000076293945,1811800
2023-09-08 00:00:00+00:00,45.40999984741211,45.40999984741211,45.40999984741211,45.40999984741211,1970400
2023-09-11 00:00:00+00:00,45.970001220703125,45.970001220703125,45.970001220703125,45.970001220703125,2497000
2023-09-12 00:00:00+00:00,45.834999084472656,45.834999084472656,45.834999084472656,45.834999084472656,2841200
2023-09-13 00:00:00+00:00,46.2400016784668,46.2400016784668,46.2400016784668,46.2400016784668,4992000
2023-09-14 00:00:00+00:00,46.97999954223633,46.97999954223633,46.97999954223633,46.97999954223633,2425600
2023-09-15 00:00:00+00:00,46.11000061035156,46.11000061035156,46.11000061035156,46.11000061035156,3312400
2023-09-18 00:00:00+00:00,46.255001068115234,46.255001068115234,46.255001068115234,46.255001068115234,3978800
2023-09-19 00:00:00+00:00,46.415000915527344,46.415000915527344,46.415000915527344,46.415000915527344,4718000
2023-09-20 00:00:00+00:00,45.51499938964844,45.51499938964844,45.51499938964844,45.51499938964844,5407000
2023-09-21 00:00:00+00:00,43.72999954223633,43.72999954223633,43.72999954223633,43.72999954223633,6224400
2023-09-22 00:00:00+00:00,43.71500015258789,43.71500015258789,43.71500015258789,43.71500015258789,5327800
2023-09-25 00:00:00+00:00,43.69499969482422,43.69499969482422,43.69499969482422,43.69499969482422,2977600
2023-09-26 00:00:00+00:00,41.720001220703125,41.720001220703125,41.720001220703125,41.720001220703125,7872600
2023-09-27 00:00:00+00:00,42.564998626708984,42.564998626708984,42.564998626708984,42.564998626708984,5132000
2023-09-28 00:00:00+00:00,43.54999923706055,43.54999923706055,43.54999923706055,43.54999923706055,5381400
2023-09-29 00:00:00+00:00,43.16999816894531,43.16999816894531,43.16999816894531,43.16999816894531,5967000
2023-10-02 00:00:00+00:00,43.08000183105469,43.08000183105469,43.08000183105469,43.08000183105469,4282800
2023-10-03 00:00:00+00:00,41.05500030517578,41.05500030517578,41.05500030517578,41.05500030517578,8065600
2023-10-04 00:00:00+00:00,42.1349983215332,42.1349983215332,42.1349983215332,42.1349983215332,5309600
2023-10-05 00:00:00+00:00,42.3849983215332,42.3849983215332,42.3849983215332,42.3849983215332,4117400
2023-10-06 00:00:00+00:00,42.70500183105469,42.70500183105469,42.70500183105469,42.70500183105469,5843400
2023-10-09 00:00:00+00:00,43.0,43.0,43.0,43.0,3502800
2023-10-10 00:00:00+00:00,43.69499969482422,43.69499969482422,43.69499969482422,43.69499969482422,3574400
2023-10-11 00:00:00+00:00,44.07500076293945,44.07500076293945,44.07500076293945,44.07500076293945,6168400
2023-10-12 00:00:00+00:00,43.650001525878906,43.650001525878906,43.650001525878906,43.650001525878906,4429400
2023-10-13 00:00:00+00:00,41.040000915527344,41.040000915527344,41.040000915527344,41.040000915527344,7363200
2023-10-16 00:00:00+00:00,42.9900016784668,42.9900016784668,42.9900016784668,42.9900016784668,8541000
2023-10-17 00:00:00+00:00,42.40999984741211,42.40999984741211,42.40999984741211,42.40999984741211,6894200
2023-10-18 00:00:00+00:00,41.03499984741211,41.03499984741211,41.03499984741211,41.03499984741211,6848000
2023-10-19 00:00:00+00:00,40.0099983215332,40.0099983215332,40.0099983215332,40.0099983215332,5772200
2023-10-20 00:00:00+00:00,39.915000915527344,39.915000915527344,39.915000915527344,39.915000915527344,6033200
2023-10-23 00:00:00+00:00,40.595001220703125,40.595001220703125,40.595001220703125,40.595001220703125,4520600
2023-10-24 00:00:00+00:00,41.4900016784668,41.4900016784668,41.4900016784668,41.4900016784668,5141200
2023-10-25 00:00:00+00:00,40.18000030517578,40.18000030517578,40.18000030517578,40.18000030517578,6332000
2023-10-26 00:00:00+00:00,40.03499984741211,40.03499984741211,40.03499984741211,40.03499984741211,5854600
2023-10-27 00:00:00+00:00,39.35499954223633,39.35499954223633,39.35499954223633,39.35499954223633,10497200
2023-10-30 00:00:00+00:00,40.79499816894531,40.79499816894531,40.79499816894531,40.79499816894531,3638400
2023-10-31 00:00:00+00:00,42.11000061035156,42.11000061035156,42.11000061035156,42.11000061035156,2779400
2023-11-01 00:00:00+00:00,43.060001373291016,43.060001373291016,43.060001373291016,43.060001373291016,4185600
2023-11-02 00:00:00+00:00,43.79999923706055,43.79999923706055,43.79999923706055,43.79999923706055,2932200
2023-11-03 00:00:00+00:00,44.290000915527344,44.290000915527344,44.290000915527344,44.290000915527344,3607200
2023-11-06 00:00:00+00:00,45.064998626708984,45.064998626708984,45.064998626708984,45.064998626708984,2165400
2023-11-07 00:00:00+00:00,45.20500183105469,45.20500183105469,45.20500183105469,45.20500183105469,2920600
2023-11-08 00:00:00+00:00,45.63999938964844,45.63999938964844,45.63999938964844,45.63999938964844,3025800
2023-11-09 00:00:00+00:00,44.755001068115234,44.755001068115234,44.755001068115234,44.755001068115234,2853200
2023-11-10 00:00:00+00:00,45.65999984741211,45.65999984741211,45.65999984741211,45.65999984741211,3153600
2023-11-13 00:00:00+00:00,45.935001373291016,45.935001373291016,45.935001373291016,45.935001373291016,2403400
2023-11-14 00:00:00+00:00,46.064998626708984,46.064998626708984,46.064998626708984,46.064998626708984,3462000
2023-11-15 00:00:00+00:00,46.58000183105469,46.58000183105469,46.58000183105469,46.58000183105469,2132400
2023-11-16 00:00:00+00:00,46.90999984741211,46.90999984741211,46.90999984741211,46.90999984741211,2602200
2023-11-17 00:00:00+00:00,47.31999969482422,47.31999969482422,47.31999969482422,47.31999969482422,2086000
2023-11-20 00:00:00+00:00,47.494998931884766,47.494998931884766,47.494998931884766,47.494998931884766,1795800
2023-11-21 00:00:00+00:00,47.97999954223633,47.97999954223633,47.97999954223633,47.97999954223633,1647400
2023-11-22 00:00:00+00:00,47.80500030517578,47.80500030517578,47.80500030517578,47.80500030517578,1992200
2023-11-24 00:00:00+00:00,48.790000915527344,48.790000915527344,48.790000915527344,48.790000915527344,663400
2023-11-27 00:00:00+00:00,48.70500183105469,48.70500183105469,48.70500183105469,48.70500183105469,1740000
2023-11-28 00:00:00+00:00,49.025001525878906,49.025001525878906,49.025001525878906,49.025001525878906,2056800
2023-11-29 00:00:00+00:00,48.68000030517578,48.68000030517578,48.68000030517578,48.68000030517578,2392600
2023-11-30 00:00:00+00:00,49.0099983215332,49.0099983215332,49.0099983215332,49.0099983215332,2477400
2023-12-01 00:00:00+00:00,49.1150016784668,49.1150016784668,49.1150016784668,49.1150016784668,3078200
2023-12-04 00:00:00+00:00,49.05500030517578,49.05500030517578,49.05500030517578,49.05500030517578,4313800
2023-12-05 00:00:00+00:00,49.22999954223633,49.22999954223633,49.22999954223633,49.22999954223633,2354200
2023-12-06 00:00:00+00:00,49.14500045776367,49.14500045776367,49.14500045776367,49.14500045776367,3798800
2023-12-07 00:00:00+00:00,49.13999938964844,49.13999938964844,49.13999938964844,49.13999938964844,1944800
2023-12-08 00:00:00+00:00,49.78499984741211,49.78499984741211,49.78499984741211,49.78499984741211,2841200
2023-12-11 00:00:00+00:00,50.44499969482422,50.44499969482422,50.44499969482422,50.44499969482422,2144000
2023-12-12 00:00:00+00:00,51.154998779296875,51.154998779296875,51.154998779296875,51.154998779296875,4574600
2023-12-13 00:00:00+00:00,51.54499816894531,51.54499816894531,51.54499816894531,51.54499816894531,4036600
2023-12-14 00:00:00+00:00,51.54499816894531,51.54499816894531,51.54499816894531,51.54499816894531,3122400
2023-12-15 00:00:00+00:00,50.810001373291016,50.810001373291016,50.810001373291016,50.810001373291016,3538600
2023-12-18 00:00:00+00:00,50.779998779296875,50.779998779296875,50.779998779296875,50.779998779296875,2429800
2023-12-19 00:00:00+00:00,50.39500045776367,50.39500045776367,50.39500045776367,50.39500045776367,3975200
2023-12-20 00:00:00+00:00,48.82500076293945,48.82500076293945,48.82500076293945,48.82500076293945,7567400
2023-12-21 00:00:00+00:00,49.29499816894531,49.29499816894531,49.29499816894531,49.29499816894531,4280000
2023-12-22 00:00:00+00:00,49.9900016784668,49.9900016784668,49.9900016784668,49.9900016784668,4823600
2023-12-26 00:00:00+00:00,50.6349983215332,50.6349983215332,50.6349983215332,50.6349983215332,1631200
2023-12-27 00:00:00+00:00,51.685001373291016,51.685001373291016,51.685001373291016,51.685001373291016,2018600
2023-12-28 00:00:00+00:00,51.755001068115234,51.755001068115234,51.755001068115234,51.755001068115234,1649000
2023-12-29 00:00:00+00:00,51.70000076293945,51.70000076293945,51.70000076293945,51.70000076293945,3151800
2024-01-02 00:00:00+00:00,51.709999084472656,51.709999084472656,51.709999084472656,51.709999084472656,3892400
2024-01-03 00:00:00+00:00,50.814998626708984,50.814998626708984,50.814998626708984,50.814998626708984,5046600
2024-01-04 00:00:00+00:00,50.88999938964844,50.88999938964844,50.88999938964844,50.88999938964844,3332000
2024-01-05 00:00:00+00:00,51.689998626708984,51.689998626708984,51.689998626708984,51.689998626708984,4389200
2024-01-08 00:00:00+00:00,52.28499984741211,52.28499984741211,52.28499984741211,52.28499984741211,3586800
2024-01-09 00:00:00+00:00,52.89500045776367,52.89500045776367,52.89500045776367,52.89500045776367,2850400
2024-01-10 00:00:00+00:00,53.15999984741211,53.15999984741211,53.15999984741211,53.15999984741211,2485200
2024-01-11 00:00:00+00:00,53.29999923706055,53.29999923706055,53.29999923706055,53.29999923706055,4067600
2024-01-12 00:00:00+00:00,52.939998626708984,52.939998626708984,52.939998626708984,52.939998626708984,2652600
2024-01-16 00:00:00+00:00,52.064998626708984,52.064998626708984,52.064998626708984,52.064998626708984,4827600
2024-01-17 00:00:00+00:00,51.05500030517578,51.05500030517578,51.05500030517578,51.05500030517578,4694000
2024-01-18 00:00:00+00:00,51.93000030517578,51.93000030517578,51.93000030517578,51.93000030517578,2372400
2024-01-19 00:00:00+00:00,52.584999084472656,52.584999084472656,52.584999084472656,52.584999084472656,3281600
2024-01-22 00:00:00+00:00,53.494998931884766,53.494998931884766,53.494998931884766,53.494998931884766,2810200
2024-01-23 00:00:00+00:00,54.244998931884766,54.244998931884766,54.244998931884766,54.244998931884766,1957000
2024-01-24 00:00:00+00:00,53.584999084472656,53.584999084472656,53.584999084472656,53.584999084472656,2170600
2024-01-25 00:00:00+00:00,53.224998474121094,53.224998474121094,53.224998474121094,53.224998474121094,2109000
2024-01-26 00:00:00+00:00,53.45500183105469,53.45500183105469,53.45500183105469,53.45500183105469,2256000
2024-01-29 00:00:00+00:00,53.2599983215332,53.2599983215332,53.2599983215332,53.2599983215332,2357000
2024-01-30 00:00:00+00:00,53.66999816894531,53.66999816894531,53.66999816894531,53.66999816894531,1544400
2024-01-31 00:00:00+00:00,52.30500030517578,52.30500030517578,52.30500030517578,52.30500030517578,2680800
2024-02-01 00:00:00+00:00,52.5099983215332,52.5099983215332,52.5099983215332,52.5099983215332,2326400
2024-02-02 00:00:00+00:00,52.60499954223633,52.60499954223633,52.60499954223633,52.60499954223633,1697600
2024-02-05 00:00:00+00:00,53.650001525878906,53.650001525878906,53.650001525878906,53.650001525878906,2054800
2024-02-06 00:00:00+00:00,54.314998626708984,54.314998626708984,54.314998626708984,54.314998626708984,1829400
2024-02-07 00:00:00+00:00,54.404998779296875,54.404998779296875,54.404998779296875,54.404998779296875,1525400
2024-02-08 00:00:00+00:00,54.630001068115234,54.630001068115234,54.630001068115234,54.630001068115234,3062600
2024-02-09 00:00:00+00:00,54.43000030517578,54.43000030517578,54.43000030517578,54.43000030517578,2710600
2024-02-12 00:00:00+00:00,53.83000183105469,53.83000183105469,53.83000183105469,53.83000183105469,2449400
2024-02-13 00:00:00+00:00,51.775001525878906,51.775001525878906,51.775001525878906,51.775001525878906,4660600
2024-02-14 00:00:00+00:00,53.290000915527344,53.290000915527344,53.290000915527344,53.290000915527344,4752400
2024-02-15 00:00:00+00:00,53.43000030517578,53.43000030517578,53.43000030517578,53.43000030517578,4810800
2024-02-16 00:00:00+00:00,53.57500076293945,53.57500076293945,53.57500076293945,53.57500076293945,4983000
2024-02-20 00:00:00+00:00,52.665000915527344,52.665000915527344,52.665000915527344,52.665000915527344,3529200
2024-02-21 00:00:00+00:00,52.88999938964844,52.88999938964844,52.88999938964844,52.88999938964844,2287800
2024-02-22 00:00:00+00:00,53.46500015258789,53.46500015258789,53.46500015258789,53.46500015258789,2617400
2024-02-23 00:00:00+00:00,54.3849983215332,54.3849983215332,54.3849983215332,54.3849983215332,2348600
2024-02-26 00:00:00+00:00,54.689998626708984,54.689998626708984,54.689998626708984,54.689998626708984,2100200
2024-02-27 00:00:00+00:00,55.22999954223633,55.22999954223633,55.22999954223633,55.22999954223633,2018200
2024-02-28 00:00:00+00:00,54.790000915527344,54.790000915527344,54.790000915527344,54.790000915527344,1672000
2024-02-29 00:00:00+00:00,55.18000030517578,55.18000030517578,55.18000030517578,55.18000030517578,2009000
2024-03-01 00:00:00+00:00,55.14500045776367,55.14500045776367,55.14500045776367,55.14500045776367,2908800
2024-03-04 00:00:00+00:00,55.16999816894531,55.16999816894531,55.16999816894531,55.16999816894531,2405200
2024-03-05 00:00:00+00:00,54.029998779296875,54.029998779296875,54.029998779296875,54.029998779296875,4173400
2024-03-06 00:00:00+00:00,53.970001220703125,53.970001220703125,53.970001220703125,53.970001220703125,2859200
2024-03-07 00:00:00+00:00,54.11000061035156,54.11000061035156,54.11000061035156,54.11000061035156,2852600
2024-03-08 00:00:00+00:00,53.439998626708984,53.439998626708984,53.439998626708984,53.439998626708984,3183000
2024-03-11 00:00:00+00:00,53.689998626708984,53.689998626708984,53.689998626708984,53.689998626708984,2433400
2024-03-12 00:00:00+00:00,55.029998779296875,55.029998779296875,55.029998779296875,55.029998779296875,3212600
2024-03-13 00:00:00+00:00,55.21500015258789,55.21500015258789,55.21500015258789,55.21500015258789,1946200
2024-03-14 00:00:00+00:00,54.48500061035156,54.48500061035156,54.48500061035156,54.48500061035156,4612200
2024-03-15 00:00:00+00:00,53.974998474121094,53.974998474121094,53.974998474121094,53.974998474121094,3235400
2024-03-18 00:00:00+00:00,54.564998626708984,54.564998626708984,54.564998626708984,54.564998626708984,3301600
2024-03-19 00:00:00+00:00,55.32500076293945,55.32500076293945,55.32500076293945,55.32500076293945,2719000
2024-03-20 00:00:00+00:00,55.959999084472656,55.959999084472656,55.959999084472656,55.959999084472656,2715000
2024-03-21 00:00:00+00:00,56.165000915527344,56.165000915527344,56.165000915527344,56.165000915527344,2310200
2024-03-22 00:00:00+00:00,56.07500076293945,56.07500076293945,56.07500076293945,56.07500076293945,2021200
2024-03-25 00:00:00+00:00,56.224998474121094,56.224998474121094,56.224998474121094,56.224998474121094,1870200
2024-03-26 00:00:00+00:00,56.3849983215332,56.3849983215332,56.3849983215332,56.3849983215332,1606000
2024-03-27 00:00:00+00:00,56.869998931884766,56.869998931884766,56.869998931884766,56.869998931884766,1724800
2024-03-28 00:00:00+00:00,56.369998931884766,56.369998931884766,56.369998931884766,56.369998931884766,2125800
2024-04-01 00:00:00+00:00,56.18000030517578,56.18000030517578,56.18000030517578,56.18000030517578,2106600
2024-04-02 00:00:00+00:00,55.369998931884766,55.369998931884766,55.369998931884766,55.369998931884766,2632200
2024-04-03 00:00:00+00:00,55.54499816894531,55.54499816894531,55.54499816894531,55.54499816894531,2302800
2024-04-04 00:00:00+00:00,54.32500076293945,54.32500076293945,54.32500076293945,54.32500076293945,2818200
2024-04-05 00:00:00+00:00,53.779998779296875,53.779998779296875,53.779998779296875,53.779998779296875,3138200
2024-04-08 00:00:00+00:00,54.85499954223633,54.85499954223633,54.85499954223633,54.85499954223633,3022000
2024-04-09 00:00:00+00:00,55.064998626708984,55.064998626708984,55.064998626708984,55.064998626708984,2895800
2024-04-10 00:00:00+00:00,54.584999084472656,54.584999084472656,54.584999084472656,54.584999084472656,3796200
2024-04-11 00:00:00+00:00,55.08000183105469,55.08000183105469,55.08000183105469,55.08000183105469,956800
2024-04-12 00:00:00+00:00,52.779998779296875,52.779998779296875,52.779998779296875,52.779998779296875,3014600
2024-04-15 00:00:00+00:00,51.27000045776367,51.27000045776367,51.27000045776367,51.27000045776367,2322800
2024-04-16 00:00:00+00:00,52.08000183105469,52.08000183105469,52.08000183105469,52.08000183105469,1919000
2024-04-17 00:00:00+00:00,52.40999984741211,52.40999984741211,52.40999984741211,52.40999984741211,1817100
2024-04-18 00:00:00+00:00,52.119998931884766,52.119998931884766,52.119998931884766,52.119998931884766,1251300
2024-04-19 00:00:00+00:00,51.47999954223633,51.47999954223633,51.47999954223633,51.47999954223633,1427800
2024-04-22 00:00:00+00:00,53.459999084472656,53.459999084472656,53.459999084472656,53.459999084472656,1419100
2024-04-23 00:00:00+00:00,54.5099983215332,54.5099983215332,54.5099983215332,54.5099983215332,1376900
2024-04-24 00:00:00+00:00,54.84000015258789,54.84000015258789,54.84000015258789,54.84000015258789,1616500
2024-04-25 00:00:00+00:00,54.209999084472656,54.209999084472656,54.209999084472656,54.209999084472656,1641500
2024-04-26 00:00:00+00:00,55.130001068115234,55.130001068115234,55.130001068115234,55.130001068115234,950600
2024-04-29 00:00:00+00:00,55.59000015258789,55.59000015258789,55.59000015258789,55.59000015258789,1142900
2024-04-30 00:00:00+00:00,54.779998779296875,54.779998779296875,54.779998779296875,54.779998779296875,1152800
2024-05-01 00:00:00+00:00,54.61000061035156,54.61000061035156,54.61000061035156,54.61000061035156,1477600
2024-05-02 00:00:00+00:00,55.52000045776367,55.52000045776367,55.52000045776367,55.52000045776367,1131500
2024-05-03 00:00:00+00:00,56.529998779296875,56.529998779296875,56.529998779296875,56.529998779296875,1423700
2024-05-06 00:00:00+00:00,57.20000076293945,57.20000076293945,57.20000076293945,57.20000076293945,1066500
2024-05-07 00:00:00+00:00,57.40999984741211,57.40999984741211,57.40999984741211,57.40999984741211,1017300
2024-05-08 00:00:00+00:00,57.630001068115234,57.630001068115234,57.630001068115234,57.630001068115234,769100
2024-05-09 00:00:00+00:00,57.83000183105469,57.83000183105469,57.83000183105469,57.83000183105469,1055300
2024-05-10 00:00:00+00:00,58.25,58.25,58.25,58.25,970500
2024-05-13 00:00:00+00:00,57.93000030517578,57.93000030517578,57.93000030517578,57.93000030517578,1086700
2024-05-14 00:00:00+00:00,58.349998474121094,58.349998474121094,58.349998474121094,58.349998474121094,841300
2024-05-15 00:00:00+00:00,59.54999923706055,59.54999923706055,59.54999923706055,59.54999923706055,1112500
2024-05-16 00:00:00+00:00,59.619998931884766,59.619998931884766,59.619998931884766,59.619998931884766,1234100
2024-05-17 00:00:00+00:00,59.90999984741211,59.90999984741211,59.90999984741211,59.90999984741211,916800
2024-05-20 00:00:00+00:00,59.900001525878906,59.900001525878906,59.900001525878906,59.900001525878906,586400
2024-05-21 00:00:00+00:00,60.45000076293945,60.45000076293945,60.45000076293945,60.45000076293945,799000
2024-05-22 00:00:00+00:00,59.84000015258789,59.84000015258789,59.84000015258789,59.84000015258789,1414900
2024-05-23 00:00:00+00:00,59.40999984741211,59.40999984741211,59.40999984741211,59.40999984741211,1951900
2024-05-24 00:00:00+00:00,60.34000015258789,60.34000015258789,60.34000015258789,60.34000015258789,907400
2024-05-28 00:00:00+00:00,59.70000076293945,59.70000076293945,59.70000076293945,59.70000076293945,1129000
2024-05-29 00:00:00+00:00,58.54999923706055,58.54999923706055,58.54999923706055,58.54999923706055,1061700
2024-05-30 00:00:00+00:00,58.630001068115234,58.630001068115234,58.630001068115234,58.630001068115234,1252400
2024-05-31 00:00:00+00:00,59.540000915527344,59.540000915527344,59.540000915527344,59.540000915527344,1652700
2024-06-03 00:00:00+00:00,59.7599983215332,59.7599983215332,59.7599983215332,59.7599983215332,996000
2024-06-04 00:00:00+00:00,59.599998474121094,59.599998474121094,59.599998474121094,59.599998474121094,913000
2024-06-05 00:00:00+00:00,60.189998626708984,60.189998626708984,60.189998626708984,60.189998626708984,712300
2024-06-06 00:00:00+00:00,60.439998626708984,60.439998626708984,60.439998626708984,60.439998626708984,886000
2024-06-07 00:00:00+00:00,60.72999954223633,60.72999954223633,60.72999954223633,60.72999954223633,755300
2024-06-10 00:00:00+00:00,60.779998779296875,60.779998779296875,60.779998779296875,60.779998779296875,898400
2024-06-11 00:00:00+00:00,60.75,60.75,60.75,60.75,924800
2024-06-12 00:00:00+00:00,61.400001525878906,61.400001525878906,61.400001525878906,61.400001525878906,944500
2024-06-13 00:00:00+00:00,61.400001525878906,61.400001525878906,61.400001525878906,61.400001525878906,989300
2024-06-14 00:00:00+00:00,60.459999084472656,60.459999084472656,60.459999084472656,60.459999084472656,1046100
2024-06-17 00:00:00+00:00,60.66999816894531,60.66999816894531,60.66999816894531,60.66999816894531,918900
2024-06-18 00:00:00+00:00,60.79999923706055,60.79999923706055,60.79999923706055,60.79999923706055,848700
2024-06-20 00:00:00+00:00,59.9900016784668,59.9900016784668,59.9900016784668,59.9900016784668,1710900
2024-06-21 00:00:00+00:00,60.36000061035156,60.36000061035156,60.36000061035156,60.36000061035156,992300
2024-06-24 00:00:00+00:00,60.470001220703125,60.470001220703125,60.470001220703125,60.470001220703125,819400
2024-06-25 00:00:00+00:00,61.20000076293945,61.20000076293945,61.20000076293945,61.20000076293945,571800
2024-06-26 00:00:00+00:00,61.459999084472656,61.459999084472656,61.459999084472656,61.459999084472656,885500
2024-06-27 00:00:00+00:00,61.790000915527344,61.790000915527344,61.790000915527344,61.790000915527344,952900
2024-06-28 00:00:00+00:00,61.38999938964844,61.38999938964844,61.38999938964844,61.38999938964844,1229700
2024-07-01 00:00:00+00:00,62.54999923706055,62.54999923706055,62.54999923706055,62.54999923706055,881000
2024-07-02 00:00:00+00:00,62.959999084472656,62.959999084472656,62.959999084472656,62.959999084472656,765300
2024-07-03 00:00:00+00:00,62.790000915527344,62.790000915527344,62.790000915527344,62.790000915527344,426000
2024-07-05 00:00:00+00:00,62.7400016784668,62.7400016784668,62.7400016784668,62.7400016784668,769300
2024-07-08 00:00:00+00:00,63.29999923706055,63.29999923706055,63.29999923706055,63.29999923706055,653800
2024-07-09 00:00:00+00:00,63.2599983215332,63.2599983215332,63.2599983215332,63.2599983215332,584000
2024-07-10 00:00:00+00:00,63.34000015258789,63.34000015258789,63.34000015258789,63.34000015258789,695900
2024-07-11 00:00:00+00:00,63.220001220703125,63.220001220703125,63.220001220703125,63.220001220703125,1740500
2024-07-12 00:00:00+00:00,63.75,63.75,63.75,63.75,848300
2024-07-15 00:00:00+00:00,63.220001220703125,63.220001220703125,63.220001220703125,63.220001220703125,1019900
2024-07-16 00:00:00+00:00,62.970001220703125,62.970001220703125,62.970001220703125,62.970001220703125,923300
2024-07-17 00:00:00+00:00,61.88999938964844,61.88999938964844,61.88999938964844,61.88999938964844,2753600
2024-07-18 00:00:00+00:00,60.97999954223633,60.97999954223633,60.97999954223633,60.97999954223633,2254200
2024-07-19 00:00:00+00:00,59.709999084472656,59.709999084472656,59.709999084472656,59.709999084472656,2640200
2024-07-22 00:00:00+00:00,61.41999816894531,61.41999816894531,61.41999816894531,61.41999816894531,1666800
2024-07-23 00:00:00+00:00,61.59000015258789,61.59000015258789,61.59000015258789,61.59000015258789,1182900
2024-07-24 00:00:00+00:00,57.38999938964844,57.38999938964844,57.38999938964844,57.38999938964844,3831200
2024-07-25 00:00:00+00:00,57.15999984741211,57.15999984741211,57.15999984741211,57.15999984741211,3218300
2024-07-26 00:00:00+00:00,58.79999923706055,58.79999923706055,58.79999923706055,58.79999923706055,1760300
2024-07-29 00:00:00+00:00,59.279998779296875,59.279998779296875,59.279998779296875,59.279998779296875,1435000
2024-07-30 00:00:00+00:00,58.400001525878906,58.400001525878906,58.400001525878906,58.400001525878906,1887900
2024-07-31 00:00:00+00:00,59.209999084472656,59.209999084472656,59.209999084472656,59.209999084472656,1310800
2024-08-01 00:00:00+00:00,56.599998474121094,56.599998474121094,56.599998474121094,56.599998474121094,2176700
2024-08-02 00:00:00+00:00,49.91999816894531,49.91999816894531,49.91999816894531,49.91999816894531,16126800
2024-08-05 00:00:00+00:00,39.220001220703125,39.220001220703125,39.220001220703125,39.220001220703125,13697000
2024-08-06 00:00:00+00:00,43.040000915527344,43.040000915527344,43.040000915527344,43.040000915527344,9578800
2024-08-07 00:00:00+00:00,44.0099983215332,44.0099983215332,44.0099983215332,44.0099983215332,6373300
2024-08-08 00:00:00+00:00,45.72999954223633,45.72999954223633,45.72999954223633,45.72999954223633,3797900
2024-08-09 00:00:00+00:00,48.72999954223633,48.72999954223633,48.72999954223633,48.72999954223633,3248000
2024-08-12 00:00:00+00:00,48.900001525878906,48.900001525878906,48.900001525878906,48.900001525878906,3914200
2024-08-13 00:00:00+00:00,50.790000915527344,50.790000915527344,50.790000915527344,50.790000915527344,2428200
2024-08-14 00:00:00+00:00,52.52000045776367,52.52000045776367,52.52000045776367,52.52000045776367,2434800
2024-08-15 00:00:00+00:00,53.560001373291016,53.560001373291016,53.560001373291016,53.560001373291016,3764500
2024-08-16 00:00:00+00:00,53.470001220703125,53.470001220703125,53.470001220703125,53.470001220703125,1795900
2024-08-19 00:00:00+00:00,54.150001525878906,54.150001525878906,54.150001525878906,54.150001525878906,2029900
2024-08-20 00:00:00+00:00,52.959999084472656,52.959999084472656,52.959999084472656,52.959999084472656,2739800
2024-08-21 00:00:00+00:00,52.65999984741211,52.65999984741211,52.65999984741211,52.65999984741211,2164200
2024-08-22 00:00:00+00:00,51.540000915527344,51.540000915527344,51.540000915527344,51.540000915527344,1515500
2024-08-23 00:00:00+00:00,53.029998779296875,53.029998779296875,53.029998779296875,53.029998779296875,1327700
2024-08-26 00:00:00+00:00,53.04999923706055,53.04999923706055,53.04999923706055,53.04999923706055,844500
2024-08-27 00:00:00+00:00,53.63999938964844,53.63999938964844,53.63999938964844,53.63999938964844,635000
2024-08-28 00:00:00+00:00,52.119998931884766,52.119998931884766,52.119998931884766,52.119998931884766,1066100
2024-08-29 00:00:00+00:00,53.0,53.0,53.0,53.0,1524600
2024-08-30 00:00:00+00:00,53.779998779296875,53.779998779296875,53.779998779296875,53.779998779296875,1313900
2024-09-03 00:00:00+00:00,48.33000183105469,48.33000183105469,48.33000183105469,48.33000183105469,5920500
2024-09-04 00:00:00+00:00,47.7599983215332,47.7599983215332,47.7599983215332,47.7599983215332,9403900
2024-09-05 00:00:00+00:00,48.88999938964844,48.88999938964844,48.88999938964844,48.88999938964844,2007100
2024-09-06 00:00:00+00:00,47.18000030517578,47.18000030517578,47.18000030517578,47.18000030517578,3021900
2024-09-09 00:00:00+00:00,48.650001525878906,48.650001525878906,48.650001525878906,48.650001525878906,1914200
2024-09-10 00:00:00+00:00,49.18000030517578,49.18000030517578,49.18000030517578,49.18000030517578,1179300
2024-09-11 00:00:00+00:00,50.16999816894531,50.16999816894531,50.16999816894531,50.16999816894531,2132400
2024-09-12 00:00:00+00:00,50.400001525878906,50.400001525878906,50.400001525878906,50.400001525878906,1206400
2024-09-13 00:00:00+00:00,50.529998779296875,50.529998779296875,50.529998779296875,50.529998779296875,1212500
2024-09-16 00:00:00+00:00,50.279998779296875,50.279998779296875,50.279998779296875,50.279998779296875,938600
2024-09-17 00:00:00+00:00,49.75,49.75,49.75,49.75,1031500
2024-09-18 00:00:00+00:00,49.95000076293945,49.95000076293945,49.95000076293945,49.95000076293945,2141800
2024-09-19 00:00:00+00:00,51.060001373291016,51.060001373291016,51.060001373291016,51.060001373291016,1578700
2024-09-20 00:00:00+00:00,51.15999984741211,51.15999984741211,51.15999984741211,51.15999984741211,1263600
2024-09-23 00:00:00+00:00,51.09000015258789,51.09000015258789,51.09000015258789,51.09000015258789,930000
2024-09-24 00:00:00+00:00,51.06999969482422,51.06999969482422,51.06999969482422,51.06999969482422,1007300
2024-09-25 00:00:00+00:00,50.7599983215332,50.7599983215332,50.7599983215332,50.7599983215332,825100
2024-09-26 00:00:00+00:00,50.7599983215332,50.7599983215332,50.7599983215332,50.7599983215332,831300
2024-09-27 00:00:00+00:00,49.540000915527344,49.540000915527344,49.540000915527344,49.540000915527344,989100
2024-09-30 00:00:00+00:00,50.11000061035156,50.11000061035156,50.11000061035156,50.11000061035156,896400
2024-10-01 00:00:00+00:00,48.189998626708984,48.189998626708984,48.189998626708984,48.189998626708984,2339700
2024-10-02 00:00:00+00:00,48.54999923706055,48.54999923706055,48.54999923706055,48.54999923706055,1295700
2024-10-03 00:00:00+00:00,47.40999984741211,47.40999984741211,47.40999984741211,47.40999984741211,1330700
2024-10-04 00:00:00+00:00,48.36000061035156,48.36000061035156,48.36000061035156,48.36000061035156,1435600
2024-10-07 00:00:00+00:00,46.2400016784668,46.2400016784668,46.2400016784668,46.2400016784668,1531300
2024-10-08 00:00:00+00:00,47.099998474121094,47.099998474121094,47.099998474121094,47.099998474121094,1004000
2024-10-09 00:00:00+00:00,47.72999954223633,47.72999954223633,47.72999954223633,47.72999954223633,700600
2024-10-10 00:00:00+00:00,47.459999084472656,47.459999084472656,47.459999084472656,47.459999084472656,971700
2024-10-11 00:00:00+00:00,47.689998626708984,47.689998626708984,47.689998626708984,47.689998626708984,825700
2024-10-14 00:00:00+00:00,48.54999923706055,48.54999923706055,48.54999923706055,48.54999923706055,693800
2024-10-15 00:00:00+00:00,47.77000045776367,47.77000045776367,47.77000045776367,47.77000045776367,1077600
2024-10-16 00:00:00+00:00,48.029998779296875,48.029998779296875,48.029998779296875,48.029998779296875,721200
2024-10-17 00:00:00+00:00,48.400001525878906,48.400001525878906,48.400001525878906,48.400001525878906,791000
2024-10-18 00:00:00+00:00,48.970001220703125,48.970001220703125,48.970001220703125,48.970001220703125,674300
2024-10-21 00:00:00+00:00,48.95000076293945,48.95000076293945,48.95000076293945,48.95000076293945,762400
2024-10-22 00:00:00+00:00,49.040000915527344,49.040000915527344,49.040000915527344,49.040000915527344,772400
2024-10-23 00:00:00+00:00,47.83000183105469,47.83000183105469,47.83000183105469,47.83000183105469,1173500
2024-10-24 00:00:00+00:00,48.25,48.25,48.25,48.25,742000
2024-10-25 00:00:00+00:00,47.06999969482422,47.06999969482422,47.06999969482422,47.06999969482422,1069800
2024-10-28 00:00:00+00:00,48.189998626708984,48.189998626708984,48.189998626708984,48.189998626708984,731900
2024-10-29 00:00:00+00:00,48.33000183105469,48.33000183105469,48.33000183105469,48.33000183105469,560600
2024-10-30 00:00:00+00:00,47.75,47.75,47.75,47.75,564900
2024-10-31 00:00:00+00:00,45.90999984741211,45.90999984741211,45.90999984741211,45.90999984741211,1805400
2024-11-01 00:00:00+00:00,46.29999923706055,46.29999923706055,46.29999923706055,46.29999923706055,1102700
2024-11-04 00:00:00+00:00,47.369998931884766,47.369998931884766,47.369998931884766,47.369998931884766,803300
2024-11-05 00:00:00+00:00,48.599998474121094,48.599998474121094,48.599998474121094,48.599998474121094,1117300
2024-11-06 00:00:00+00:00,51.09000015258789,51.09000015258789,51.09000015258789,51.09000015258789,6646800
2024-11-07 00:00:00+00:00,51.88999938964844,51.88999938964844,51.88999938964844,51.88999938964844,3650200
2024-11-08 00:00:00+00:00,51.9900016784668,51.9900016784668,51.9900016784668,51.9900016784668,1352600
2024-11-11 00:00:00+00:00,52.060001373291016,52.060001373291016,52.060001373291016,52.060001373291016,768400
2024-11-12 00:00:00+00:00,52.09000015258789,52.09000015258789,52.09000015258789,52.09000015258789,1297900
2024-11-13 00:00:00+00:00,52.70000076293945,52.70000076293945,52.70000076293945,52.70000076293945,1225500
2024-11-14 00:00:00+00:00,52.68000030517578,52.68000030517578,52.68000030517578,52.68000030517578,1130200
2024-11-15 00:00:00+00:00,50.81999969482422,50.81999969482422,50.81999969482422,50.81999969482422,4909700
2024-11-18 00:00:00+00:00,51.81999969482422,51.81999969482422,51.81999969482422,51.81999969482422,900300
2024-11-19 00:00:00+00:00,50.900001525878906,50.900001525878906,50.900001525878906,50.900001525878906,3750200
2024-11-20 00:00:00+00:00,50.040000915527344,50.040000915527344,50.040000915527344,50.040000915527344,2482900
2024-11-21 00:00:00+00:00,50.27000045776367,50.27000045776367,50.27000045776367,50.27000045776367,2317200
2024-11-22 00:00:00+00:00,51.209999084472656,51.209999084472656,51.209999084472656,51.209999084472656,976600
2024-11-25 00:00:00+00:00,52.22999954223633,52.22999954223633,52.22999954223633,52.22999954223633,799700
2024-11-26 00:00:00+00:00,52.5,52.5,52.5,52.5,728300
2024-11-27 00:00:00+00:00,52.58000183105469,52.58000183105469,52.58000183105469,52.58000183105469,679100
2024-11-29 00:00:00+00:00,52.91999816894531,52.91999816894531,52.91999816894531,52.91999816894531,464100
2024-12-02 00:00:00+00:00,53.459999084472656,53.459999084472656,53.459999084472656,53.459999084472656,564100
2024-12-03 00:00:00+00:00,53.529998779296875,53.529998779296875,53.529998779296875,53.529998779296875,651600
2024-12-04 00:00:00+00:00,53.38999938964844,53.38999938964844,53.38999938964844,53.38999938964844,750300
2024-12-05 00:00:00+00:00,53.279998779296875,53.279998779296875,53.279998779296875,53.279998779296875,493100
2024-12-06 00:00:00+00:00,53.75,53.75,53.75,53.75,792300
2024-12-09 00:00:00+00:00,53.189998626708984,53.189998626708984,53.189998626708984,53.189998626708984,789800
2024-12-10 00:00:00+00:00,53.2599983215332,53.2599983215332,53.2599983215332,53.2599983215332,502400
2024-12-11 00:00:00+00:00,53.5,53.5,53.5,53.5,450200
2024-12-12 00:00:00+00:00,53.33000183105469,53.33000183105469,53.33000183105469,53.33000183105469,703000
2024-12-13 00:00:00+00:00,53.290000915527344,53.290000915527344,53.290000915527344,53.290000915527344,508500
2024-12-16 00:00:00+00:00,52.83000183105469,52.83000183105469,52.83000183105469,52.83000183105469,508100
2024-12-17 00:00:00+00:00,52.209999084472656,52.209999084472656,52.209999084472656,52.209999084472656,832100
2024-12-18 00:00:00+00:00,47.689998626708984,47.689998626708984,47.689998626708984,47.689998626708984,1955100
2024-12-19 00:00:00+00:00,45.599998474121094,45.599998474121094,45.599998474121094,45.599998474121094,3643900
2024-12-20 00:00:00+00:00,49.119998931884766,49.119998931884766,49.119998931884766,49.119998931884766,2835500
2024-12-23 00:00:00+00:00,50.65999984741211,50.65999984741211,50.65999984741211,50.65999984741211,1295000
2024-12-24 00:00:00+00:00,52.029998779296875,52.029998779296875,52.029998779296875,52.029998779296875,924800
2024-12-26 00:00:00+00:00,51.970001220703125,51.970001220703125,51.970001220703125,51.970001220703125,1028500
2024-12-27 00:00:00+00:00,50.72999954223633,50.72999954223633,50.72999954223633,50.72999954223633,2166900
2024-12-30 00:00:00+00:00,50.209999084472656,50.209999084472656,50.209999084472656,50.209999084472656,1300600
2024-12-31 00:00:00+00:00,50.060001373291016,50.060001373291016,50.060001373291016,50.060001373291016,796200
2025-01-02 00:00:00+00:00,49.5099983215332,49.5099983215332,49.5099983215332,49.5099983215332,1320200
2025-01-03 00:00:00+00:00,50.869998931884766,50.869998931884766,50.869998931884766,50.869998931884766,1034800
2025-01-06 00:00:00+00:00,51.119998931884766,51.119998931884766,51.119998931884766,51.119998931884766,1450600
2025-01-07 00:00:00+00:00,49.650001525878906,49.650001525878906,49.650001525878906,49.650001525878906,1197900
2025-01-08 00:00:00+00:00,49.63999938964844,49.63999938964844,49.63999938964844,49.63999938964844,1154600
2025-01-10 00:00:00+00:00,48.02000045776367,48.02000045776367,48.02000045776367,48.02000045776367,1700500
2025-01-13 00:00:00+00:00,48.5099983215332,48.5099983215332,48.5099983215332,48.5099983215332,890100
2025-01-14 00:00:00+00:00,49.0099983215332,49.0099983215332,49.0099983215332,49.0099983215332,835000
2025-01-15 00:00:00+00:00,51.040000915527344,51.040000915527344,51.040000915527344,51.040000915527344,1383400
2025-01-16 00:00:00+00:00,51.0,51.0,51.0,51.0,766800
2025-01-17 00:00:00+00:00,50.880001068115234,50.880001068115234,50.880001068115234,50.880001068115234,1157400
2025-01-21 00:00:00+00:00,51.959999084472656,51.959999084472656,51.959999084472656,51.959999084472656,1051600
2025-01-22 00:00:00+00:00,51.56999969482422,51.56999969482422,51.56999969482422,51.56999969482422,916400
2025-01-23 00:00:00+00:00,52.0,52.0,52.0,52.0,1040000
2025-01-24 00:00:00+00:00,52.11000061035156,52.11000061035156,52.11000061035156,52.11000061035156,686400
2025-01-27 00:00:00+00:00,50.31999969482422,50.31999969482422,50.31999969482422,50.31999969482422,2622100
2025-01-28 00:00:00+00:00,51.220001220703125,51.220001220703125,51.220001220703125,51.220001220703125,1022200
2025-01-29 00:00:00+00:00,51.369998931884766,51.369998931884766,51.369998931884766,51.369998931884766,1025200
2025-01-30 00:00:00+00:00,51.5,51.5,51.5,51.5,940700
2025-01-31 00:00:00+00:00,50.599998474121094,50.599998474121094,50.599998474121094,50.599998474121094,872400
2025-02-03 00:00:00+00:00,50.0099983215332,50.0099983215332,50.0099983215332,50.0099983215332,1701600
2025-02-04 00:00:00+00:00,50.779998779296875,50.779998779296875,50.779998779296875,50.779998779296875,799700
2025-02-05 00:00:00+00:00,51.34000015258789,51.34000015258789,51.34000015258789,51.34000015258789,922700
2025-02-06 00:00:00+00:00,51.56999969482422,51.56999969482422,51.56999969482422,51.56999969482422,869300
2025-02-07 00:00:00+00:00,50.619998931884766,50.619998931884766,50.619998931884766,50.619998931884766,989300
2025-02-10 00:00:00+00:00,51.31999969482422,51.31999969482422,51.31999969482422,51.31999969482422,425300
2025-02-11 00:00:00+00:00,51.2400016784668,51.2400016784668,51.2400016784668,51.2400016784668,492600
2025-02-12 00:00:00+00:00,51.369998931884766,51.369998931884766,51.369998931884766,51.369998931884766,704400
2025-02-13 00:00:00+00:00,51.779998779296875,51.779998779296875,51.779998779296875,51.779998779296875,809900
2025-02-14 00:00:00+00:00,51.900001525878906,51.900001525878906,51.900001525878906,51.900001525878906,800300
2025-02-18 00:00:00+00:00,52.029998779296875,52.029998779296875,52.029998779296875,52.029998779296875,817100
2025-02-19 00:00:00+00:00,52.31999969482422,52.31999969482422,52.31999969482422,52.31999969482422,697000
2025-02-20 00:00:00+00:00,52.2400016784668,52.2400016784668,52.2400016784668,52.2400016784668,1364500
2025-02-21 00:00:00+00:00,50.380001068115234,50.380001068115234,50.380001068115234,50.380001068115234,2421600
2025-02-24 00:00:00+00:00,50.20000076293945,50.20000076293945,50.20000076293945,50.20000076293945,1538100
2025-02-25 00:00:00+00:00,50.08000183105469,50.08000183105469,50.08000183105469,50.08000183105469,2254800
2025-02-26 00:00:00+00:00,50.56999969482422,50.56999969482422,50.56999969482422,50.56999969482422,1579800
2025-02-27 00:00:00+00:00,49.029998779296875,49.029998779296875,49.029998779296875,49.029998779296875,2402200
2025-02-28 00:00:00+00:00,49.7599983215332,49.7599983215332,49.7599983215332,49.7599983215332,1510200
2025-03-03 00:00:00+00:00,47.529998779296875,47.529998779296875,47.529998779296875,47.529998779296875,1768800
2025-03-04 00:00:00+00:00,46.970001220703125,46.970001220703125,46.970001220703125,46.970001220703125,3135400
2025-03-05 00:00:00+00:00,48.0099983215332,48.0099983215332,48.0099983215332,48.0099983215332,2071300
2025-03-06 00:00:00+00:00,45.40999984741211,45.40999984741211,45.40999984741211,45.40999984741211,2911000
2025-03-07 00:00:00+00:00,46.43000030517578,46.43000030517578,46.43000030517578,46.43000030517578,2228100
2025-03-10 00:00:00+00:00,43.900001525878906,43.900001525878906,43.900001525878906,43.900001525878906,4647600
2025-03-11 00:00:00+00:00,43.95000076293945,43.95000076293945,43.95000076293945,43.95000076293945,3664200
2025-03-12 00:00:00+00:00,45.040000915527344,45.040000915527344,45.040000915527344,45.040000915527344,2473400
2025-03-13 00:00:00+00:00,44.029998779296875,44.029998779296875,44.029998779296875,44.029998779296875,1681600
2025-03-14 00:00:00+00:00,46.0,46.0,46.0,46.0,1722600
2025-03-17 00:00:00+00:00,46.869998931884766,46.869998931884766,46.869998931884766,46.869998931884766,1689900
2025-03-18 00:00:00+00:00,46.220001220703125,46.220001220703125,46.220001220703125,46.220001220703125,1369600
2025-03-19 00:00:00+00:00,46.970001220703125,46.970001220703125,46.970001220703125,46.970001220703125,1492800
2025-03-20 00:00:00+00:00,47.41999816894531,47.41999816894531,47.41999816894531,47.41999816894531,1215100
2025-03-21 00:00:00+00:00,47.43000030517578,47.43000030517578,47.43000030517578,47.43000030517578,1267400
2025-03-24 00:00:00+00:00,48.90999984741211,48.90999984741211,48.90999984741211,48.90999984741211,1350400
2025-03-25 00:00:00+00:00,48.7599983215332,48.7599983215332,48.7599983215332,48.7599983215332,650600
2025-03-26 00:00:00+00:00,47.959999084472656,47.959999084472656,47.959999084472656,47.959999084472656,977100
2025-03-27 00:00:00+00:00,47.849998474121094,47.849998474121094,47.849998474121094,47.849998474121094,616500
2025-03-28 00:00:00+00:00,45.7400016784668,45.7400016784668,45.7400016784668,45.7400016784668,1389200
2025-03-31 00:00:00+00:00,45.7599983215332,45.7599983215332,45.7599983215332,45.7599983215332,1106900
2025-04-01 00:00:00+00:00,45.70000076293945,45.70000076293945,45.70000076293945,45.70000076293945,1054300
2025-04-02 00:00:00+00:00,46.45000076293945,46.45000076293945,46.45000076293945,46.45000076293945,3721500
2025-04-03 00:00:00+00:00,40.65999984741211,40.65999984741211,40.65999984741211,40.65999984741211,10026500
2025-04-04 00:00:00+00:00,36.650001525878906,36.650001525878906,36.650001525878906,36.650001525878906,12280100
2025-04-07 00:00:00+00:00,36.560001373291016,36.560001373291016,36.560001373291016,36.560001373291016,9560600
2025-04-08 00:00:00+00:00,34.13999938964844,34.13999938964844,34.13999938964844,34.13999938964844,9712300
2025-04-09 00:00:00+00:00,37.790000915527344,37.790000915527344,37.790000915527344,37.790000915527344,11088200
2025-04-10 00:00:00+00:00,34.18000030517578,34.18000030517578,34.18000030517578,34.18000030517578,9885100
2025-04-11 00:00:00+00:00,34.630001068115234,34.630001068115234,34.630001068115234,34.630001068115234,4006600
2025-04-14 00:00:00+00:00,36.560001373291016,36.560001373291016,36.560001373291016,36.560001373291016,4256500
2025-04-15 00:00:00+00:00,36.709999084472656,36.709999084472656,36.709999084472656,36.709999084472656,2862700
2025-04-16 00:00:00+00:00,35.16999816894531,35.16999816894531,35.16999816894531,35.16999816894531,3075400
2025-04-17 00:00:00+00:00,35.65999984741211,35.65999984741211,35.65999984741211,35.65999984741211,1797200
2025-04-21 00:00:00+00:00,34.58000183105469,34.58000183105469,34.58000183105469,34.58000183105469,2180700
2025-04-22 00:00:00+00:00,35.70000076293945,35.70000076293945,35.70000076293945,35.70000076293945,2173400
2025-04-23 00:00:00+00:00,36.349998474121094,36.349998474121094,36.349998474121094,36.349998474121094,2464600
2025-04-24 00:00:00+00:00,37.02000045776367,37.02000045776367,37.02000045776367,37.02000045776367,1093100
2025-04-25 00:00:00+00:00,37.810001373291016,37.810001373291016,37.810001373291016,37.810001373291016,1378300
2025-04-28 00:00:00+00:00,37.650001525878906,37.650001525878906,37.650001525878906,37.650001525878906,1424900
2025-04-29 00:00:00+00:00,37.880001068115234,37.880001068115234,37.880001068115234,37.880001068115234,1047000
2025-04-30 00:00:00+00:00,37.40999984741211,37.40999984741211,37.40999984741211,37.40999984741211,3976400
2025-05-01 00:00:00+00:00,37.709999084472656,37.709999084472656,37.709999084472656,37.709999084472656,1185900
2025-05-02 00:00:00+00:00,38.52000045776367,38.52000045776367,38.52000045776367,38.52000045776367,1563200
2025-05-05 00:00:00+00:00,38.16999816894531,38.16999816894531,38.16999816894531,38.16999816894531,1259300
2025-05-06 00:00:00+00:00,37.40999984741211,37.40999984741211,37.40999984741211,37.40999984741211,1445800
2025-05-07 00:00:00+00:00,37.91999816894531,37.91999816894531,37.91999816894531,37.91999816894531,1861400
2025-05-08 00:00:00+00:00,38.65999984741211,38.65999984741211,38.65999984741211,38.65999984741211,1670600
2025-05-09 00:00:00+00:00,38.77000045776367,38.77000045776367,38.77000045776367,38.77000045776367,1159300
2025-05-12 00:00:00+00:00,41.33000183105469,41.33000183105469,41.33000183105469,41.33000183105469,5238300
2025-05-13 00:00:00+00:00,41.47999954223633,41.47999954223633,41.47999954223633,41.47999954223633,2215600
2025-05-14 00:00:00+00:00,41.029998779296875,41.029998779296875,41.029998779296875,41.029998779296875,1249700
2025-05-15 00:00:00+00:00,41.400001525878906,41.400001525878906,41.400001525878906,41.400001525878906,812500
2025-05-16 00:00:00+00:00,41.47999954223633,41.47999954223633,41.47999954223633,41.47999954223633,1238400
2025-05-19 00:00:00+00:00,41.2400016784668,41.2400016784668,41.2400016784668,41.2400016784668,1044900
2025-05-20 00:00:00+00:00,41.45000076293945,41.45000076293945,41.45000076293945,41.45000076293945,1170000
2025-05-21 00:00:00+00:00,39.97999954223633,39.97999954223633,39.97999954223633,39.97999954223633,2210300
2025-05-22 00:00:00+00:00,40.130001068115234,40.130001068115234,40.130001068115234,40.130001068115234,1795300
2025-05-23 00:00:00+00:00,38.83000183105469,38.83000183105469,38.83000183105469,38.83000183105469,3152600
2025-05-27 00:00:00+00:00,40.779998779296875,40.779998779296875,40.779998779296875,40.779998779296875,1347200
2025-05-28 00:00:00+00:00,40.61000061035156,40.61000061035156,40.61000061035156,40.61000061035156,1285000
2025-05-29 00:00:00+00:00,40.58000183105469,40.58000183105469,40.58000183105469,40.58000183105469,1116700
2025-05-30 00:00:00+00:00,40.43000030517578,40.43000030517578,40.43000030517578,40.43000030517578,1413900
2025-06-02 00:00:00+00:00,40.689998626708984,40.689998626708984,40.689998626708984,40.689998626708984,949200
2025-06-03 00:00:00+00:00,41.13999938964844,41.13999938964844,41.13999938964844,41.13999938964844,891100
2025-06-04 00:00:00+00:00,41.18000030517578,41.18000030517578,41.18000030517578,41.18000030517578,847600
2025-06-05 00:00:00+00:00,40.810001373291016,40.810001373291016,40.810001373291016,40.810001373291016,1233600
2025-06-06 00:00:00+00:00,41.65999984741211,41.65999984741211,41.65999984741211,41.65999984741211,1157100
2025-06-09 00:00:00+00:00,41.849998474121094,41.849998474121094,41.849998474121094,41.849998474121094,1025100
2025-06-10 00:00:00+00:00,41.95000076293945,41.95000076293945,41.95000076293945,41.95000076293945,1174600
2025-06-11 00:00:00+00:00,41.7599983215332,41.7599983215332,41.7599983215332,41.7599983215332,1799100
2025-06-12 00:00:00+00:00,41.54999923706055,41.54999923706055,41.54999923706055,41.54999923706055,1325200
2025-06-13 00:00:00+00:00,39.880001068115234,39.880001068115234,39.880001068115234,39.880001068115234,4040800
2025-06-16 00:00:00+00:00,41.29999923706055,41.29999923706055,41.29999923706055,41.29999923706055,1513100
2025-06-17 00:00:00+00:00,40.130001068115234,40.130001068115234,40.130001068115234,40.130001068115234,2499900
2025-06-18 00:00:00+00:00,40.599998474121094,40.599998474121094,40.599998474121094,40.599998474121094,1467400
2025-06-20 00:00:00+00:00,40.380001068115234,40.380001068115234,40.380001068115234,40.380001068115234,1384000
2025-06-23 00:00:00+00:00,40.70000076293945,40.70000076293945,40.70000076293945,40.70000076293945,2075800
2025-06-24 00:00:00+00:00,42.220001220703125,42.220001220703125,42.220001220703125,42.220001220703125,1478600
2025-06-25 00:00:00+00:00,42.29999923706055,42.29999923706055,42.29999923706055,42.29999923706055,1076300
2025-06-26 00:00:00+00:00,42.40999984741211,42.40999984741211,42.40999984741211,42.40999984741211,703100
2025-06-27 00:00:00+00:00,42.41999816894531,42.41999816894531,42.41999816894531,42.41999816894531,892400
2025-06-30 00:00:00+00:00,42.599998474121094,42.599998474121094,42.599998474121094,42.599998474121094,933500
2025-07-01 00:00:00+00:00,42.59000015258789,42.59000015258789,42.59000015258789,42.59000015258789,966300
2025-07-02 00:00:00+00:00,42.689998626708984,42.689998626708984,42.689998626708984,42.689998626708984,910900
2025-07-03 00:00:00+00:00,42.81999969482422,42.81999969482422,42.81999969482422,42.81999969482422,680500
2025-07-07 00:00:00+00:00,42.61000061035156,42.61000061035156,42.61000061035156,42.61000061035156,1061300
2025-07-08 00:00:00+00:00,43.099998474121094,43.099998474121094,43.099998474121094,43.099998474121094,988400
2025-07-09 00:00:00+00:00,43.849998474121094,43.849998474121094,43.849998474121094,43.849998474121094,1243300
2025-07-10 00:00:00+00:00,44.029998779296875,44.029998779296875,44.029998779296875,44.029998779296875,656700
2025-07-11 00:00:00+00:00,43.939998626708984,43.939998626708984,43.939998626708984,43.939998626708984,994000
2025-07-14 00:00:00+00:00,43.61000061035156,43.61000061035156,43.61000061035156,43.61000061035156,1058300
2025-07-15 00:00:00+00:00,43.75,43.75,43.75,43.75,1415500
2025-07-16 00:00:00+00:00,43.599998474121094,43.599998474121094,43.599998474121094,43.599998474121094,3369900
2025-07-17 00:00:00+00:00,43.68000030517578,43.68000030517578,43.68000030517578,43.68000030517578,956700
2025-07-18 00:00:00+00:00,44.0099983215332,44.0099983215332,44.0099983215332,44.0099983215332,700800
2025-07-21 00:00:00+00:00,44.15999984741211,44.15999984741211,44.15999984741211,44.15999984741211,757500
2025-07-22 00:00:00+00:00,44.2599983215332,44.2599983215332,44.2599983215332,44.2599983215332,1118700
2025-07-23 00:00:00+00:00,45.16999816894531,45.16999816894531,45.16999816894531,45.16999816894531,900700
2025-07-24 00:00:00+00:00,45.22999954223633,45.22999954223633,45.22999954223633,45.22999954223633,1075200
2025-07-25 00:00:00+00:00,45.43000030517578,45.43000030517578,45.43000030517578,45.43000030517578,667900
2025-07-28 00:00:00+00:00,46.040000915527344,46.040000915527344,46.040000915527344,46.040000915527344,979300
2025-07-29 00:00:00+00:00,45.5,45.5,45.5,45.5,1543100
2025-07-30 00:00:00+00:00,45.43000030517578,45.43000030517578,45.43000030517578,45.43000030517578,2686700
2025-07-31 00:00:00+00:00,45.33000183105469,45.33000183105469,45.33000183105469,45.33000183105469,2019100
2025-08-01 00:00:00+00:00,43.459999084472656,43.459999084472656,43.459999084472656,43.459999084472656,3641600
2025-08-04 00:00:00+00:00,44.959999084472656,44.959999084472656,44.959999084472656,44.959999084472656,1324200
2025-08-05 00:00:00+00:00,44.77000045776367,44.77000045776367,44.77000045776367,44.77000045776367,1587000
2025-08-06 00:00:00+00:00,45.4900016784668,45.4900016784668,45.4900016784668,45.4900016784668,881400
2025-08-07 00:00:00+00:00,45.279998779296875,45.279998779296875,45.279998779296875,45.279998779296875,1376800
2025-08-08 00:00:00+00:00,46.08000183105469,46.08000183105469,46.08000183105469,46.08000183105469,1113400
2025-08-11 00:00:00+00:00,46.0,46.0,46.0,46.0,1066500
2025-08-12 00:00:00+00:00,46.95000076293945,46.95000076293945,46.95000076293945,46.95000076293945,975500
2025-08-13 00:00:00+00:00,47.11000061035156,47.11000061035156,47.11000061035156,47.11000061035156,772900
2025-08-14 00:00:00+00:00,47.0099983215332,47.0099983215332,47.0099983215332,47.0099983215332,831100
2025-08-15 00:00:00+00:00,47.09000015258789,47.09000015258789,47.09000015258789,47.09000015258789,734100
2025-08-18 00:00:00+00:00,47.689998626708984,47.689998626708984,47.689998626708984,47.689998626708984,942600
2025-08-19 00:00:00+00:00,47.18000030517578,47.18000030517578,47.18000030517578,47.18000030517578,1470400
2025-08-20 00:00:00+00:00,47.29999923706055,47.29999923706055,47.29999923706055,47.29999923706055,2340400
2025-08-21 00:00:00+00:00,46.959999084472656,46.959999084472656,46.959999084472656,46.959999084472656,1594900
2025-08-22 00:00:00+00:00,48.93000030517578,48.93000030517578,48.93000030517578,48.93000030517578,2015200
2025-08-25 00:00:00+00:00,48.84000015258789,48.84000015258789,48.84000015258789,48.84000015258789,913000
2025-08-26 00:00:00+00:00,49.0,49.0,49.0,49.0,828800
2025-08-27 00:00:00+00:00,48.959999084472656,48.959999084472656,48.959999084472656,48.959999084472656,925700
2025-08-28 00:00:00+00:00,49.209999084472656,49.209999084472656,49.209999084472656,49.209999084472656,908700
2025-08-29 00:00:00+00:00,48.7400016784668,48.7400016784668,48.7400016784668,48.7400016784668,1302200
2025-09-02 00:00:00+00:00,47.9900016784668,47.9900016784668,47.9900016784668,47.9900016784668,2714000
2025-09-03 00:00:00+00:00,48.619998931884766,48.619998931884766,48.619998931884766,48.619998931884766,1803200
2025-09-04 00:00:00+00:00,49.29999923706055,49.29999923706055,49.29999923706055,49.29999923706055,1005200
2025-09-05 00:00:00+00:00,49.29999923706055,49.29999923706055,49.29999923706055,49.29999923706055,1557800
2025-09-08 00:00:00+00:00,49.75,49.75,49.75,49.75,1011700
2025-09-09 00:00:00+00:00,49.88999938964844,49.88999938964844,49.88999938964844,49.88999938964844,877600
2025-09-10 00:00:00+00:00,49.959999084472656,49.959999084472656,49.959999084472656,49.959999084472656,1018000
2025-09-11 00:00:00+00:00,50.599998474121094,50.599998474121094,50.599998474121094,50.599998474121094,736500
2025-09-12 00:00:00+00:00,50.619998931884766,50.619998931884766,50.619998931884766,50.619998931884766,665600
2025-09-15 00:00:00+00:00,50.400001525878906,50.400001525878906,50.400001525878906,50.400001525878906,1088400
2025-09-16 00:00:00+00:00,49.970001220703125,49.970001220703125,49.970001220703125,49.970001220703125,1104300
2025-09-17 00:00:00+00:00,50.90999984741211,50.90999984741211,50.90999984741211,50.90999984741211,1939700
2025-09-18 00:00:00+00:00,50.84000015258789,50.84000015258789,50.84000015258789,50.84000015258789,1101300
2025-09-19 00:00:00+00:00,50.88999938964844,50.88999938964844,50.88999938964844,50.88999938964844,850700
2025-09-22 00:00:00+00:00,50.4900016784668,50.4900016784668,50.4900016784668,50.4900016784668,886400
2025-09-23 00:00:00+00:00,50.150001525878906,50.150001525878906,50.150001525878906,50.150001525878906,1159900
2025-09-24 00:00:00+00:00,50.47999954223633,50.47999954223633,50.47999954223633,50.47999954223633,944400
2025-09-25 00:00:00+00:00,50.099998474121094,50.099998474121094,50.099998474121094,50.099998474121094,1255100
2025-09-26 00:00:00+00:00,51.209999084472656,51.209999084472656,51.209999084472656,51.209999084472656,1077000
2025-09-29 00:00:00+00:00,50.83000183105469,50.83000183105469,50.83000183105469,50.83000183105469,892300
2025-09-30 00:00:00+00:00,50.939998626708984,50.939998626708984,50.939998626708984,50.939998626708984,752700
2025-10-01 00:00:00+00:00,51.06999969482422,51.06999969482422,51.06999969482422,51.06999969482422,618800
2025-10-02 00:00:00+00:00,50.709999084472656,50.709999084472656,50.709999084472656,50.709999084472656,744900
2025-10-03 00:00:00+00:00,50.959999084472656,50.959999084472656,50.959999084472656,50.959999084472656,719900
2025-10-06 00:00:00+00:00,51.040000915527344,51.040000915527344,51.040000915527344,51.040000915527344,788300
2025-10-07 00:00:00+00:00,50.470001220703125,50.470001220703125,50.470001220703125,50.470001220703125,1299300
2025-10-08 00:00:00+00:00,50.959999084472656,50.959999084472656,50.959999084472656,50.959999084472656,677800
2025-10-09 00:00:00+00:00,50.900001525878906,50.900001525878906,50.900001525878906,50.900001525878906,1117500
2025-10-10 00:00:00+00:00,47.66999816894531,47.66999816894531,47.66999816894531,47.66999816894531,6741800
2025-10-13 00:00:00+00:00,49.470001220703125,49.470001220703125,49.470001220703125,49.470001220703125,2620000
2025-10-14 00:00:00+00:00,48.34000015258789,48.34000015258789,48.34000015258789,48.34000015258789,3549100
2025-10-15 00:00:00+00:00,48.13999938964844,48.13999938964844,48.13999938964844,48.13999938964844,2087500
2025-10-16 00:00:00+00:00,45.77000045776367,45.77000045776367,45.77000045776367,45.77000045776367,5082600
2025-10-17 00:00:00+00:00,47.720001220703125,47.720001220703125,47.720001220703125,47.720001220703125,4857100
2025-10-20 00:00:00+00:00,49.58000183105469,49.58000183105469,49.58000183105469,49.58000183105469,2281000
2025-10-21 00:00:00+00:00,49.720001220703125,49.720001220703125,49.720001220703125,49.720001220703125,1727400
2025-10-22 00:00:00+00:00,49.33000183105469,49.33000183105469,49.33000183105469,49.33000183105469,3951100
2025-10-23 00:00:00+00:00,49.88999938964844,49.88999938964844,49.88999938964844,49.88999938964844,1543900
2025-10-24 00:00:00+00:00,50.27000045776367,50.27000045776367,50.27000045776367,50.27000045776367,1641000
2025-10-27 00:00:00+00:00,50.959999084472656,50.959999084472656,50.959999084472656,50.959999084472656,1219500
2025-10-28 00:00:00+00:00,50.25,50.25,50.25,50.25,1283400
2025-10-29 00:00:00+00:00,49.83000183105469,49.83000183105469,49.83000183105469,49.83000183105469,2508500
2025-10-30 00:00:00+00:00,49.65999984741211,49.65999984741211,49.65999984741211,49.65999984741211,1905100
2025-10-31 00:00:00+00:00,49.68000030517578,49.68000030517578,49.68000030517578,49.68000030517578,1904100
2025-11-03 00:00:00+00:00,49.88999938964844,49.88999938964844,49.88999938964844,49.88999938964844,994600
2025-11-04 00:00:00+00:00,48.86000061035156,48.86000061035156,48.86000061035156,48.86000061035156,2125900
2025-11-05 00:00:00+00:00,49.779998779296875,49.779998779296875,49.779998779296875,49.779998779296875,1531500
2025-11-06 00:00:00+00:00,48.720001220703125,48.720001220703125,48.720001220703125,48.720001220703125,3273800
2025-11-07 00:00:00+00:00,48.90999984741211,48.90999984741211,48.90999984741211,48.90999984741211,3379700
2025-11-10 00:00:00+00:00,50.34000015258789,50.34000015258789,50.34000015258789,50.34000015258789,2182400
2025-11-11 00:00:00+00:00,50.400001525878906,50.400001525878906,50.400001525878906,50.400001525878906,909300
2025-11-12 00:00:00+00:00,50.20000076293945,50.20000076293945,50.20000076293945,50.20000076293945,1198700
2025-11-13 00:00:00+00:00,48.619998931884766,48.619998931884766,48.619998931884766,48.619998931884766,3048300
2025-11-14 00:00:00+00:00,48.83000183105469,48.83000183105469,48.83000183105469,48.83000183105469,2943400
2025-11-17 00:00:00+00:00,47.54999923706055,47.54999923706055,47.54999923706055,47.54999923706055,3159800
2025-11-18 00:00:00+00:00,46.72999954223633,46.72999954223633,46.72999954223633,46.72999954223633,6281000
2025-11-19 00:00:00+00:00,47.380001068115234,47.380001068115234,47.380001068115234,47.380001068115234,3052600
2025-11-20 00:00:00+00:00,45.619998931884766,45.619998931884766,45.619998931884766,45.619998931884766,8025400
2025-11-21 00:00:00+00:00,46.849998474121094,46.849998474121094,46.849998474121094,46.849998474121094,6196000
2025-11-24 00:00:00+00:00,48.560001373291016,48.560001373291016,48.560001373291016,48.560001373291016,2513900
2025-11-25 00:00:00+00:00,49.2599983215332,49.2599983215332,49.2599983215332,49.2599983215332,1847600
2025-11-26 00:00:00+00:00,50.0099983215332,50.0099983215332,50.0099983215332,50.0099983215332,1942800
2025-11-28 00:00:00+00:00,50.34000015258789,50.34000015258789,50.34000015258789,50.34000015258789,693800
2025-12-01 00:00:00+00:00,50.52000045776367,50.52000045776367,50.52000045776367,50.52000045776367,1116000
2025-12-02 00:00:00+00:00,50.880001068115234,50.880001068115234,50.880001068115234,50.880001068115234,1121500
2025-12-03 00:00:00+00:00,51.02000045776367,51.02000045776367,51.02000045776367,51.02000045776367,1116200
2025-12-04 00:00:00+00:00,51.279998779296875,51.279998779296875,51.279998779296875,51.279998779296875,1018900
2025-12-05 00:00:00+00:00,51.599998474121094,51.599998474121094,51.599998474121094,51.599998474121094,848300
2025-12-08 00:00:00+00:00,51.25,51.25,51.25,51.25,1390100
2025-12-09 00:00:00+00:00,51.18000030517578,51.18000030517578,51.18000030517578,51.18000030517578,1161000
2025-12-10 00:00:00+00:00,52.220001220703125,52.220001220703125,52.220001220703125,52.220001220703125,2038900
2025-12-11 00:00:00+00:00,52.540000915527344,52.540000915527344,52.540000915527344,52.540000915527344,1481900
2025-12-12 00:00:00+00:00,52.619998931884766,52.619998931884766,52.619998931884766,52.619998931884766,3697100
2025-12-15 00:00:00+00:00,52.619998931884766,52.619998931884766,52.619998931884766,52.619998931884766,1615900
2025-12-16 00:00:00+00:00,52.66999816894531,52.66999816894531,52.66999816894531,52.66999816894531,2198900
2025-12-17 00:00:00+00:00,52.380001068115234,52.380001068115234,52.380001068115234,52.380001068115234,1690200
2025-12-18 00:00:00+00:00,53.099998474121094,53.099998474121094,53.099998474121094,53.099998474121094,1317100
2025-12-19 00:00:00+00:00,54.11000061035156,54.11000061035156,54.11000061035156,54.11000061035156,847500
2025-12-22 00:00:00+00:00,54.9900016784668,54.9900016784668,54.9900016784668,54.9900016784668,863100
2025-12-23 00:00:00+00:00,54.91999816894531,54.91999816894531,54.91999816894531,54.91999816894531,797100
2025-12-24 00:00:00+00:00,54.93000030517578,54.93000030517578,54.93000030517578,54.93000030517578,549300
2025-12-26 00:00:00+00:00,55.0,55.0,55.0,55.0,949100
2025-12-29 00:00:00+00:00,55.369998931884766,55.369998931884766,55.369998931884766,55.369998931884766,2156600
2025-12-30 00:00:00+00:00,55.689998626708984,55.689998626708984,55.689998626708984,55.689998626708984,829600
2025-12-31 00:00:00+00:00,55.380001068115234,55.380001068115234,55.380001068115234,55.380001068115234,876800
2026-01-02 00:00:00+00:00,55.81999969482422,55.81999969482422,55.81999969482422,55.81999969482422,1448800
2026-01-05 00:00:00+00:00,55.689998626708984,55.689998626708984,55.689998626708984,55.689998626708984,1059300
2026-01-06 00:00:00+00:00,56.08000183105469,56.08000183105469,56.08000183105469,56.08000183105469,945300
2026-01-07 00:00:00+00:00,55.540000915527344,55.540000915527344,55.540000915527344,55.540000915527344,1561000
2026-01-08 00:00:00+00:00,55.880001068115234,55.880001068115234,55.880001068115234,55.880001068115234,1248600
2026-01-09 00:00:00+00:00,56.369998931884766,56.369998931884766,56.369998931884766,56.369998931884766,1557700
2026-01-12 00:00:00+00:00,56.34000015258789,56.34000015258789,56.34000015258789,56.34000015258789,777100
2026-01-13 00:00:00+00:00,55.540000915527344,55.540000915527344,55.540000915527344,55.540000915527344,1949100
2026-01-14 00:00:00+00:00,54.849998474121094,54.849998474121094,54.849998474121094,54.849998474121094,2739000
2026-01-15 00:00:00+00:00,55.650001525878906,55.650001525878906,55.650001525878906,55.650001525878906,1276600
2026-01-16 00:00:00+00:00,55.56999969482422,55.56999969482422,55.56999969482422,55.56999969482422,1283600
2026-01-20 00:00:00+00:00,52.29999923706055,52.29999923706055,52.29999923706055,52.29999923706055,3611400
2026-01-21 00:00:00+00:00,54.959999084472656,54.959999084472656,54.959999084472656,54.959999084472656,3543000
2026-01-22 00:00:00+00:00,55.56999969482422,55.56999969482422,55.56999969482422,55.56999969482422,1956600
2026-01-23 00:00:00+00:00,55.040000915527344,55.040000915527344,55.040000915527344,55.040000915527344,1286100
2026-01-26 00:00:00+00:00,55.060001373291016,55.060001373291016,55.060001373291016,55.060001373291016,934100
2026-01-27 00:00:00+00:00,54.599998474121094,54.599998474121094,54.599998474121094,54.599998474121094,992500
2026-01-28 00:00:00+00:00,54.470001220703125,54.470001220703125,54.470001220703125,54.470001220703125,1425300
2026-01-29 00:00:00+00:00,54.220001220703125,54.220001220703125,54.220001220703125,54.220001220703125,3065500
2026-01-30 00:00:00+00:00,54.099998474121094,54.099998474121094,54.099998474121094,54.099998474121094,2486300
2026-02-02 00:00:00+00:00,55.349998474121094,55.349998474121094,55.349998474121094,55.349998474121094,1750200
2026-02-03 00:00:00+00:00,54.16999816894531,54.16999816894531,54.16999816894531,54.16999816894531,3544700
2026-02-04 00:00:00+00:00,53.70000076293945,53.70000076293945,53.70000076293945,53.70000076293945,4680300
2026-02-05 00:00:00+00:00,52.06999969482422,52.06999969482422,52.06999969482422,52.06999969482422,5529000
2026-02-06 00:00:00+00:00,53.869998931884766,53.869998931884766,53.869998931884766,53.869998931884766,2625900
2026-02-09 00:00:00+00:00,54.7400016784668,54.7400016784668,54.7400016784668,54.7400016784668,1814800
2026-02-10 00:00:00+00:00,54.16999816894531,54.16999816894531,54.16999816894531,54.16999816894531,1656000
2026-02-11 00:00:00+00:00,54.15999984741211,54.15999984741211,54.15999984741211,54.15999984741211,1442600
2026-02-12 00:00:00+00:00,52.41999816894531,52.41999816894531,52.41999816894531,52.41999816894531,4327600
2026-02-13 00:00:00+00:00,52.08000183105469,52.08000183105469,52.08000183105469,52.08000183105469,4568000
2026-02-17 00:00:00+00:00,52.959999084472656,52.959999084472656,52.959999084472656,52.959999084472656,4219800
2026-02-18 00:00:00+00:00,52.95000076293945,52.95000076293945,52.95000076293945,52.95000076293945,2171200
2026-02-19 00:00:00+00:00,52.33000183105469,52.33000183105469,52.33000183105469,52.33000183105469,2163500
2026-02-20 00:00:00+00:00,52.95000076293945,52.95000076293945,52.95000076293945,52.95000076293945,3133700
2026-02-23 00:00:00+00:00,51.77000045776367,51.77000045776367,51.77000045776367,51.77000045776367,2457800
2026-02-24 00:00:00+00:00,52.7599983215332,52.7599983215332,52.7599983215332,52.7599983215332,1155400
2026-02-25 00:00:00+00:00,53.79999923706055,53.79999923706055,53.79999923706055,53.79999923706055,1357900
2026-02-26 00:00:00+00:00,53.369998931884766,53.369998931884766,53.369998931884766,53.369998931884766,2831900
2026-02-27 00:00:00+00:00,52.279998779296875,52.279998779296875,52.279998779296875,52.279998779296875,2797000
2026-03-02 00:00:00+00:00,51.88999938964844,51.88999938964844,51.88999938964844,51.88999938964844,3097600
2026-03-03 00:00:00+00:00,50.84000015258789,50.84000015258789,50.84000015258789,50.84000015258789,7505400
2026-03-04 00:00:00+00:00,51.790000915527344,51.790000915527344,51.790000915527344,51.790000915527344,3058000
2026-03-05 00:00:00+00:00,49.97999954223633,49.97999954223633,49.97999954223633,49.97999954223633,4912800
2026-03-06 00:00:00+00:00,46.58000183105469,46.58000183105469,46.58000183105469,46.58000183105469,6074600
2026-03-09 00:00:00+00:00,48.959999084472656,48.959999084472656,48.959999084472656,48.959999084472656,7921700
2026-03-10 00:00:00+00:00,47.720001220703125,47.720001220703125,47.720001220703125,47.720001220703125,3361600
2026-03-11 00:00:00+00:00,48.79999923706055,48.79999923706055,48.79999923706055,48.79999923706055,3828700
2026-03-12 00:00:00+00:00,47.099998474121094,47.099998474121094,47.099998474121094,47.099998474121094,2358500
2026-03-13 00:00:00+00:00,46.68000030517578,46.68000030517578,46.68000030517578,46.68000030517578,3061300
2026-03-16 00:00:00+00:00,48.529998779296875,48.529998779296875,48.529998779296875,48.529998779296875,1823800
2026-03-17 00:00:00+00:00,48.720001220703125,48.720001220703125,48.720001220703125,48.720001220703125,2060700
2026-03-18 00:00:00+00:00,46.779998779296875,46.779998779296875,46.779998779296875,46.779998779296875,3416000
2026-03-19 00:00:00+00:00,47.43000030517578,47.43000030517578,47.43000030517578,47.43000030517578,3266800
2026-03-20 00:00:00+00:00,45.790000915527344,45.790000915527344,45.790000915527344,45.790000915527344,3805200
2026-03-23 00:00:00+00:00,46.869998931884766,46.869998931884766,46.869998931884766,46.869998931884766,4661400
2026-03-24 00:00:00+00:00,46.290000915527344,46.290000915527344,46.290000915527344,46.290000915527344,3355300
2026-03-25 00:00:00+00:00,47.02000045776367,47.02000045776367,47.02000045776367,47.02000045776367,1966800
2026-03-26 00:00:00+00:00,45.189998626708984,45.189998626708984,45.189998626708984,45.189998626708984,3734600
2026-03-27 00:00:00+00:00,43.439998626708984,43.439998626708984,43.439998626708984,43.439998626708984,4100700
2026-03-30 00:00:00+00:00,43.65999984741211,43.65999984741211,43.65999984741211,43.65999984741211,2072000
2026-03-31 00:00:00+00:00,45.79999923706055,45.79999923706055,45.79999923706055,45.79999923706055,3733000
2026-04-01 00:00:00+00:00,46.27000045776367,46.27000045776367,46.27000045776367,46.27000045776367,2689900
2026-04-02 00:00:00+00:00,46.22999954223633,46.22999954223633,46.22999954223633,46.22999954223633,2125400
2026-04-06 00:00:00+00:00,46.880001068115234,46.880001068115234,46.880001068115234,46.880001068115234,1274200
2026-04-07 00:00:00+00:00,45.9900016784668,45.9900016784668,45.9900016784668,45.9900016784668,3012500
2026-04-08 00:00:00+00:00,48.279998779296875,48.279998779296875,48.279998779296875,48.279998779296875,2361600
2026-04-09 00:00:00+00:00,49.29999923706055,49.29999923706055,49.29999923706055,49.29999923706055,1537800
2026-04-10 00:00:00+00:00,48.869998931884766,48.869998931884766,48.869998931884766,48.869998931884766,1206200
2026-04-13 00:00:00+00:00,49.86000061035156,49.86000061035156,49.86000061035156,49.86000061035156,1558100
2026-04-14 00:00:00+00:00,50.2599983215332,50.2599983215332,50.2599983215332,50.2599983215332,2310300
2026-04-15 00:00:00+00:00,50.119998931884766,50.119998931884766,50.119998931884766,50.119998931884766,1184200
2026-04-16 00:00:00+00:00,50.11000061035156,50.11000061035156,50.11000061035156,50.11000061035156,1546700
2026-04-17 00:00:00+00:00,50.45000076293945,50.45000076293945,50.45000076293945,50.45000076293945,1455300
2026-04-20 00:00:00+00:00,50.13999938964844,50.13999938964844,50.13999938964844,50.13999938964844,1259200
2026-04-21 00:00:00+00:00,49.66999816894531,49.66999816894531,49.66999816894531,49.66999816894531,1979700
2026-04-22 00:00:00+00:00,49.9900016784668,49.9900016784668,49.9900016784668,49.9900016784668,662600
2026-04-23 00:00:00+00:00,50.099998474121094,50.099998474121094,50.099998474121094,50.099998474121094,2084800
2026-04-24 00:00:00+00:00,49.7400016784668,49.7400016784668,49.7400016784668,49.7400016784668,1091900
2026-04-27 00:00:00+00:00,50.58000183105469,50.58000183105469,50.58000183105469,50.58000183105469,809900
2026-04-28 00:00:00+00:00,50.91999816894531,50.91999816894531,50.91999816894531,50.91999816894531,1124700
2026-04-29 00:00:00+00:00,50.439998626708984,50.439998626708984,50.439998626708984,50.439998626708984,1771400
2026-04-30 00:00:00+00:00,51.22999954223633,51.22999954223633,51.22999954223633,51.22999954223633,1081300
2026-05-01 00:00:00+00:00,50.970001220703125,50.970001220703125,50.970001220703125,50.970001220703125,963400
2026-05-04 00:00:00+00:00,50.599998474121094,50.599998474121094,50.599998474121094,50.599998474121094,1325300
2026-05-05 00:00:00+00:00,50.77000045776367,50.77000045776367,50.77000045776367,50.77000045776367,858400
2026-05-06 00:00:00+00:00,51.220001220703125,51.220001220703125,51.220001220703125,51.220001220703125,1051300
2026-05-07 00:00:00+00:00,51.36000061035156,51.36000061035156,51.36000061035156,51.36000061035156,1078300
2026-05-08 00:00:00+00:00,51.209999084472656,51.209999084472656,51.209999084472656,51.209999084472656,1002200
2026-05-11 00:00:00+00:00,50.939998626708984,50.939998626708984,50.939998626708984,50.939998626708984,1053500
2026-05-12 00:00:00+00:00,51.400001525878906,51.400001525878906,51.400001525878906,51.400001525878906,1447300
2026-05-13 00:00:00+00:00,50.97999954223633,50.97999954223633,50.97999954223633,50.97999954223633,1062700
2026-05-14 00:00:00+00:00,51.540000915527344,51.540000915527344,51.540000915527344,51.540000915527344,1432100
2026-05-15 00:00:00+00:00,51.369998931884766,51.369998931884766,51.369998931884766,51.369998931884766,1730400
2026-05-18 00:00:00+00:00,51.869998931884766,51.869998931884766,51.869998931884766,51.869998931884766,2215800
2026-05-19 00:00:00+00:00,51.77000045776367,51.77000045776367,51.77000045776367,51.77000045776367,1909100
2026-05-20 00:00:00+00:00,52.220001220703125,52.220001220703125,52.220001220703125,52.220001220703125,1867100
2026-05-21 00:00:00+00:00,53.06999969482422,53.06999969482422,53.06999969482422,53.06999969482422,1871600
2026-05-22 00:00:00+00:00,52.77000045776367,52.77000045776367,52.77000045776367,52.77000045776367,1317800
2026-05-26 00:00:00+00:00,53.599998474121094,53.599998474121094,53.599998474121094,53.599998474121094,1583300
2026-05-27 00:00:00+00:00,54.220001220703125,54.220001220703125,54.220001220703125,54.220001220703125,1145600
2026-05-28 00:00:00+00:00,54.779998779296875,54.779998779296875,54.779998779296875,54.779998779296875,1190500
2026-05-29 00:00:00+00:00,55.189998626708984,55.189998626708984,55.189998626708984,55.189998626708984,1283100
2026-06-01 00:00:00+00:00,54.4900016784668,54.4900016784668,54.4900016784668,54.4900016784668,1265500
2026-06-02 00:00:00+00:00,54.97999954223633,54.97999954223633,54.97999954223633,54.97999954223633,1082900
2026-06-03 00:00:00+00:00,54.869998931884766,54.869998931884766,54.869998931884766,54.869998931884766,1209300
2026-06-04 00:00:00+00:00,55.849998474121094,55.849998474121094,55.849998474121094,55.849998474121094,1469400
2026-06-05 00:00:00+00:00,53.77000045776367,53.77000045776367,53.77000045776367,53.77000045776367,2674900
2026-06-08 00:00:00+00:00,54.349998474121094,54.349998474121094,54.349998474121094,54.349998474121094,2610200
2026-06-09 00:00:00+00:00,53.869998931884766,53.869998931884766,53.869998931884766,53.869998931884766,3108800
2026-06-10 00:00:00+00:00,52.38999938964844,52.38999938964844,52.38999938964844,52.38999938964844,2047400
2026-06-11 00:00:00+00:00,53.58000183105469,53.58000183105469,53.58000183105469,53.58000183105469,2024000
2026-06-12 00:00:00+00:00,54.900001525878906,54.900001525878906,54.900001525878906,54.900001525878906,1715049
