time,open,high,low,close,volume
2006-07-17 00:00:00+00:00,18.049999237060547,18.049999237060547,18.049999237060547,18.049999237060547,0.0
2006-07-18 00:00:00+00:00,17.219999313354492,17.219999313354492,17.219999313354492,17.219999313354492,0.0
2006-07-19 00:00:00+00:00,15.600000381469727,15.600000381469727,15.600000381469727,15.600000381469727,0.0
2006-07-20 00:00:00+00:00,16.309999465942383,16.309999465942383,16.309999465942383,16.309999465942383,0.0
2006-07-21 00:00:00+00:00,17.040000915527344,17.040000915527344,17.040000915527344,17.040000915527344,0.0
2006-07-24 00:00:00+00:00,15.40999984741211,15.40999984741211,15.40999984741211,15.40999984741211,0.0
2006-07-25 00:00:00+00:00,14.609999656677246,14.609999656677246,14.609999656677246,14.609999656677246,0.0
2006-07-26 00:00:00+00:00,14.579999923706055,14.579999923706055,14.579999923706055,14.579999923706055,0.0
2006-07-27 00:00:00+00:00,15.15999984741211,15.15999984741211,15.15999984741211,15.15999984741211,0.0
2006-07-28 00:00:00+00:00,14.630000114440918,14.630000114440918,14.630000114440918,14.630000114440918,0.0
2006-07-31 00:00:00+00:00,15.25,15.25,15.25,15.25,0.0
2006-08-01 00:00:00+00:00,15.390000343322754,15.390000343322754,15.390000343322754,15.390000343322754,0.0
2006-08-02 00:00:00+00:00,15.0600004196167,15.0600004196167,15.0600004196167,15.0600004196167,0.0
2006-08-03 00:00:00+00:00,15.050000190734863,15.050000190734863,15.050000190734863,15.050000190734863,0.0
2006-08-04 00:00:00+00:00,15.09000015258789,15.09000015258789,15.09000015258789,15.09000015258789,0.0
2006-08-07 00:00:00+00:00,15.350000381469727,15.350000381469727,15.350000381469727,15.350000381469727,0.0
2006-08-08 00:00:00+00:00,15.470000267028809,15.470000267028809,15.470000267028809,15.470000267028809,0.0
2006-08-09 00:00:00+00:00,15.579999923706055,15.579999923706055,15.579999923706055,15.579999923706055,0.0
2006-08-10 00:00:00+00:00,15.279999732971191,15.279999732971191,15.279999732971191,15.279999732971191,0.0
2006-08-11 00:00:00+00:00,15.279999732971191,15.279999732971191,15.279999732971191,15.279999732971191,0.0
2006-08-14 00:00:00+00:00,15.279999732971191,15.279999732971191,15.279999732971191,15.279999732971191,0.0
2006-08-15 00:00:00+00:00,14.520000457763672,14.520000457763672,14.520000457763672,14.520000457763672,0.0
2006-08-16 00:00:00+00:00,14.029999732971191,14.029999732971191,14.029999732971191,14.029999732971191,0.0
2006-08-17 00:00:00+00:00,13.380000114440918,13.380000114440918,13.380000114440918,13.380000114440918,0.0
2006-08-18 00:00:00+00:00,13.100000381469727,13.100000381469727,13.100000381469727,13.100000381469727,0.0
2006-08-21 00:00:00+00:00,13.420000076293945,13.420000076293945,13.420000076293945,13.420000076293945,0.0
2006-08-22 00:00:00+00:00,13.430000305175781,13.430000305175781,13.430000305175781,13.430000305175781,0.0
2006-08-23 00:00:00+00:00,13.5600004196167,13.5600004196167,13.5600004196167,13.5600004196167,0.0
2006-08-24 00:00:00+00:00,13.579999923706055,13.579999923706055,13.579999923706055,13.579999923706055,0.0
2006-08-25 00:00:00+00:00,13.510000228881836,13.510000228881836,13.510000228881836,13.510000228881836,0.0
2006-08-28 00:00:00+00:00,13.359999656677246,13.359999656677246,13.359999656677246,13.359999656677246,0.0
2006-08-29 00:00:00+00:00,13.380000114440918,13.380000114440918,13.380000114440918,13.380000114440918,0.0
2006-08-30 00:00:00+00:00,13.319999694824219,13.319999694824219,13.319999694824219,13.319999694824219,0.0
2006-08-31 00:00:00+00:00,13.300000190734863,13.300000190734863,13.300000190734863,13.300000190734863,0.0
2006-09-01 00:00:00+00:00,13.1899995803833,13.1899995803833,13.1899995803833,13.1899995803833,0.0
2006-09-05 00:00:00+00:00,13.359999656677246,13.359999656677246,13.359999656677246,13.359999656677246,0.0
2006-09-06 00:00:00+00:00,14.319999694824219,14.319999694824219,14.319999694824219,14.319999694824219,0.0
2006-09-07 00:00:00+00:00,14.470000267028809,14.470000267028809,14.470000267028809,14.470000267028809,0.0
2006-09-08 00:00:00+00:00,14.1899995803833,14.1899995803833,14.1899995803833,14.1899995803833,0.0
2006-09-11 00:00:00+00:00,14.199999809265137,14.199999809265137,14.199999809265137,14.199999809265137,0.0
2006-09-12 00:00:00+00:00,13.520000457763672,13.520000457763672,13.520000457763672,13.520000457763672,0.0
2006-09-13 00:00:00+00:00,13.34000015258789,13.34000015258789,13.34000015258789,13.34000015258789,0.0
2006-09-14 00:00:00+00:00,13.550000190734863,13.550000190734863,13.550000190734863,13.550000190734863,0.0
2006-09-15 00:00:00+00:00,13.40999984741211,13.40999984741211,13.40999984741211,13.40999984741211,0.0
2006-09-18 00:00:00+00:00,13.399999618530273,13.399999618530273,13.399999618530273,13.399999618530273,0.0
2006-09-19 00:00:00+00:00,13.550000190734863,13.550000190734863,13.550000190734863,13.550000190734863,0.0
2006-09-20 00:00:00+00:00,13.279999732971191,13.279999732971191,13.279999732971191,13.279999732971191,0.0
2006-09-21 00:00:00+00:00,13.609999656677246,13.609999656677246,13.609999656677246,13.609999656677246,0.0
2006-09-22 00:00:00+00:00,14.09000015258789,14.09000015258789,14.09000015258789,14.09000015258789,0.0
2006-09-25 00:00:00+00:00,13.460000038146973,13.460000038146973,13.460000038146973,13.460000038146973,0.0
2006-09-26 00:00:00+00:00,13.100000381469727,13.100000381469727,13.100000381469727,13.100000381469727,0.0
2006-09-27 00:00:00+00:00,13.220000267028809,13.220000267028809,13.220000267028809,13.220000267028809,0.0
2006-09-28 00:00:00+00:00,13.289999961853027,13.289999961853027,13.289999961853027,13.289999961853027,0.0
2006-09-29 00:00:00+00:00,13.449999809265137,13.449999809265137,13.449999809265137,13.449999809265137,0.0
2006-10-02 00:00:00+00:00,13.59000015258789,13.59000015258789,13.59000015258789,13.59000015258789,0.0
2006-10-03 00:00:00+00:00,13.5,13.5,13.5,13.5,0.0
2006-10-04 00:00:00+00:00,13.239999771118164,13.239999771118164,13.239999771118164,13.239999771118164,0.0
2006-10-05 00:00:00+00:00,13.279999732971191,13.279999732971191,13.279999732971191,13.279999732971191,0.0
2006-10-06 00:00:00+00:00,13.079999923706055,13.079999923706055,13.079999923706055,13.079999923706055,0.0
2006-10-09 00:00:00+00:00,13.0600004196167,13.0600004196167,13.0600004196167,13.0600004196167,0.0
2006-10-10 00:00:00+00:00,13.050000190734863,13.050000190734863,13.050000190734863,13.050000190734863,0.0
2006-10-11 00:00:00+00:00,13.100000381469727,13.100000381469727,13.100000381469727,13.100000381469727,0.0
2006-10-12 00:00:00+00:00,12.420000076293945,12.420000076293945,12.420000076293945,12.420000076293945,0.0
2006-10-13 00:00:00+00:00,12.199999809265137,12.199999809265137,12.199999809265137,12.199999809265137,0.0
2006-10-16 00:00:00+00:00,12.350000381469727,12.350000381469727,12.350000381469727,12.350000381469727,0.0
2006-10-17 00:00:00+00:00,12.630000114440918,12.630000114440918,12.630000114440918,12.630000114440918,0.0
2006-10-18 00:00:00+00:00,12.470000267028809,12.470000267028809,12.470000267028809,12.470000267028809,0.0
2006-10-19 00:00:00+00:00,12.3100004196167,12.3100004196167,12.3100004196167,12.3100004196167,0.0
2006-10-20 00:00:00+00:00,12.0600004196167,12.0600004196167,12.0600004196167,12.0600004196167,0.0
2006-10-23 00:00:00+00:00,12.210000038146973,12.210000038146973,12.210000038146973,12.210000038146973,0.0
2006-10-24 00:00:00+00:00,11.510000228881836,11.510000228881836,11.510000228881836,11.510000228881836,0.0
2006-10-25 00:00:00+00:00,11.359999656677246,11.359999656677246,11.359999656677246,11.359999656677246,0.0
2006-10-26 00:00:00+00:00,11.229999542236328,11.229999542236328,11.229999542236328,11.229999542236328,0.0
2006-10-27 00:00:00+00:00,11.369999885559082,11.369999885559082,11.369999885559082,11.369999885559082,0.0
2006-10-30 00:00:00+00:00,12.039999961853027,12.039999961853027,12.039999961853027,12.039999961853027,0.0
2006-10-31 00:00:00+00:00,11.399999618530273,11.399999618530273,11.399999618530273,11.399999618530273,0.0
2006-11-01 00:00:00+00:00,12.079999923706055,12.079999923706055,12.079999923706055,12.079999923706055,0.0
2006-11-02 00:00:00+00:00,12.119999885559082,12.119999885559082,12.119999885559082,12.119999885559082,0.0
2006-11-03 00:00:00+00:00,12.079999923706055,12.079999923706055,12.079999923706055,12.079999923706055,0.0
2006-11-06 00:00:00+00:00,11.399999618530273,11.399999618530273,11.399999618530273,11.399999618530273,0.0
2006-11-07 00:00:00+00:00,11.350000381469727,11.350000381469727,11.350000381469727,11.350000381469727,0.0
2006-11-08 00:00:00+00:00,11.1899995803833,11.1899995803833,11.1899995803833,11.1899995803833,0.0
2006-11-09 00:00:00+00:00,11.369999885559082,11.369999885559082,11.369999885559082,11.369999885559082,0.0
2006-11-10 00:00:00+00:00,11.489999771118164,11.489999771118164,11.489999771118164,11.489999771118164,0.0
2006-11-13 00:00:00+00:00,11.380000114440918,11.380000114440918,11.380000114440918,11.380000114440918,0.0
2006-11-14 00:00:00+00:00,11.170000076293945,11.170000076293945,11.170000076293945,11.170000076293945,0.0
2006-11-15 00:00:00+00:00,11.119999885559082,11.119999885559082,11.119999885559082,11.119999885559082,0.0
2006-11-16 00:00:00+00:00,11.029999732971191,11.029999732971191,11.029999732971191,11.029999732971191,0.0
2006-11-17 00:00:00+00:00,11.0600004196167,11.0600004196167,11.0600004196167,11.0600004196167,0.0
2006-11-20 00:00:00+00:00,11.180000305175781,11.180000305175781,11.180000305175781,11.180000305175781,0.0
2006-11-21 00:00:00+00:00,11.1899995803833,11.1899995803833,11.1899995803833,11.1899995803833,0.0
2006-11-22 00:00:00+00:00,11.520000457763672,11.520000457763672,11.520000457763672,11.520000457763672,0.0
2006-11-24 00:00:00+00:00,12.279999732971191,12.279999732971191,12.279999732971191,12.279999732971191,0.0
2006-11-27 00:00:00+00:00,13.270000457763672,13.270000457763672,13.270000457763672,13.270000457763672,0.0
2006-11-28 00:00:00+00:00,12.630000114440918,12.630000114440918,12.630000114440918,12.630000114440918,0.0
2006-11-29 00:00:00+00:00,12.199999809265137,12.199999809265137,12.199999809265137,12.199999809265137,0.0
2006-11-30 00:00:00+00:00,12.3100004196167,12.3100004196167,12.3100004196167,12.3100004196167,0.0
2006-12-01 00:00:00+00:00,12.59000015258789,12.59000015258789,12.59000015258789,12.59000015258789,0.0
2006-12-04 00:00:00+00:00,12.399999618530273,12.399999618530273,12.399999618530273,12.399999618530273,0.0
2006-12-05 00:00:00+00:00,12.4399995803833,12.4399995803833,12.4399995803833,12.4399995803833,0.0
2006-12-06 00:00:00+00:00,12.510000228881836,12.510000228881836,12.510000228881836,12.510000228881836,0.0
2006-12-07 00:00:00+00:00,13.479999542236328,13.479999542236328,13.479999542236328,13.479999542236328,0.0
2006-12-08 00:00:00+00:00,13.3100004196167,13.3100004196167,13.3100004196167,13.3100004196167,0.0
2006-12-11 00:00:00+00:00,13.25,13.25,13.25,13.25,0.0
2006-12-12 00:00:00+00:00,13.170000076293945,13.170000076293945,13.170000076293945,13.170000076293945,0.0
2006-12-13 00:00:00+00:00,13.0600004196167,13.0600004196167,13.0600004196167,13.0600004196167,0.0
2006-12-14 00:00:00+00:00,13.010000228881836,13.010000228881836,13.010000228881836,13.010000228881836,0.0
2006-12-15 00:00:00+00:00,13.130000114440918,13.130000114440918,13.130000114440918,13.130000114440918,0.0
2006-12-18 00:00:00+00:00,13.1899995803833,13.1899995803833,13.1899995803833,13.1899995803833,0.0
2006-12-19 00:00:00+00:00,12.630000114440918,12.630000114440918,12.630000114440918,12.630000114440918,0.0
2006-12-20 00:00:00+00:00,12.529999732971191,12.529999732971191,12.529999732971191,12.529999732971191,0.0
2006-12-21 00:00:00+00:00,13.100000381469727,13.100000381469727,13.100000381469727,13.100000381469727,0.0
2006-12-22 00:00:00+00:00,13.300000190734863,13.300000190734863,13.300000190734863,13.300000190734863,0.0
2006-12-26 00:00:00+00:00,13.130000114440918,13.130000114440918,13.130000114440918,13.130000114440918,0.0
2006-12-27 00:00:00+00:00,12.59000015258789,12.59000015258789,12.59000015258789,12.59000015258789,0.0
2006-12-28 00:00:00+00:00,13.100000381469727,13.100000381469727,13.100000381469727,13.100000381469727,0.0
2006-12-29 00:00:00+00:00,13.289999961853027,13.289999961853027,13.289999961853027,13.289999961853027,0.0
2007-01-03 00:00:00+00:00,13.380000114440918,13.380000114440918,13.380000114440918,13.380000114440918,0.0
2007-01-04 00:00:00+00:00,13.130000114440918,13.130000114440918,13.130000114440918,13.130000114440918,0.0
2007-01-05 00:00:00+00:00,13.40999984741211,13.40999984741211,13.40999984741211,13.40999984741211,0.0
2007-01-08 00:00:00+00:00,13.279999732971191,13.279999732971191,13.279999732971191,13.279999732971191,0.0
2007-01-09 00:00:00+00:00,13.260000228881836,13.260000228881836,13.260000228881836,13.260000228881836,0.0
2007-01-10 00:00:00+00:00,13.020000457763672,13.020000457763672,13.020000457763672,13.020000457763672,0.0
2007-01-11 00:00:00+00:00,12.380000114440918,12.380000114440918,12.380000114440918,12.380000114440918,0.0
2007-01-12 00:00:00+00:00,12.069999694824219,12.069999694824219,12.069999694824219,12.069999694824219,0.0
2007-01-16 00:00:00+00:00,12.220000267028809,12.220000267028809,12.220000267028809,12.220000267028809,0.0
2007-01-17 00:00:00+00:00,12.079999923706055,12.079999923706055,12.079999923706055,12.079999923706055,0.0
2007-01-18 00:00:00+00:00,12.100000381469727,12.100000381469727,12.100000381469727,12.100000381469727,0.0
2007-01-19 00:00:00+00:00,11.609999656677246,11.609999656677246,11.609999656677246,11.609999656677246,0.0
2007-01-22 00:00:00+00:00,12.170000076293945,12.170000076293945,12.170000076293945,12.170000076293945,0.0
2007-01-23 00:00:00+00:00,11.539999961853027,11.539999961853027,11.539999961853027,11.539999961853027,0.0
2007-01-24 00:00:00+00:00,11.229999542236328,11.229999542236328,11.229999542236328,11.229999542236328,0.0
2007-01-25 00:00:00+00:00,12.119999885559082,12.119999885559082,12.119999885559082,12.119999885559082,0.0
2007-01-26 00:00:00+00:00,12.09000015258789,12.09000015258789,12.09000015258789,12.09000015258789,0.0
2007-01-29 00:00:00+00:00,12.170000076293945,12.170000076293945,12.170000076293945,12.170000076293945,0.0
2007-01-30 00:00:00+00:00,11.600000381469727,11.600000381469727,11.600000381469727,11.600000381469727,0.0
2007-01-31 00:00:00+00:00,11.329999923706055,11.329999923706055,11.329999923706055,11.329999923706055,0.0
2007-02-01 00:00:00+00:00,11.289999961853027,11.289999961853027,11.289999961853027,11.289999961853027,0.0
2007-02-02 00:00:00+00:00,11.239999771118164,11.239999771118164,11.239999771118164,11.239999771118164,0.0
2007-02-05 00:00:00+00:00,11.420000076293945,11.420000076293945,11.420000076293945,11.420000076293945,0.0
2007-02-06 00:00:00+00:00,11.399999618530273,11.399999618530273,11.399999618530273,11.399999618530273,0.0
2007-02-07 00:00:00+00:00,11.3100004196167,11.3100004196167,11.3100004196167,11.3100004196167,0.0
2007-02-08 00:00:00+00:00,11.420000076293945,11.420000076293945,11.420000076293945,11.420000076293945,0.0
2007-02-09 00:00:00+00:00,12.149999618530273,12.149999618530273,12.149999618530273,12.149999618530273,0.0
2007-02-12 00:00:00+00:00,12.369999885559082,12.369999885559082,12.369999885559082,12.369999885559082,0.0
2007-02-13 00:00:00+00:00,11.449999809265137,11.449999809265137,11.449999809265137,11.449999809265137,0.0
2007-02-14 00:00:00+00:00,11.260000228881836,11.260000228881836,11.260000228881836,11.260000228881836,0.0
2007-02-15 00:00:00+00:00,11.260000228881836,11.260000228881836,11.260000228881836,11.260000228881836,0.0
2007-02-16 00:00:00+00:00,11.199999809265137,11.199999809265137,11.199999809265137,11.199999809265137,0.0
2007-02-20 00:00:00+00:00,11.359999656677246,11.359999656677246,11.359999656677246,11.359999656677246,0.0
2007-02-21 00:00:00+00:00,11.380000114440918,11.380000114440918,11.380000114440918,11.380000114440918,0.0
2007-02-22 00:00:00+00:00,11.34000015258789,11.34000015258789,11.34000015258789,11.34000015258789,0.0
2007-02-23 00:00:00+00:00,12.0,12.0,12.0,12.0,0.0
2007-02-26 00:00:00+00:00,12.180000305175781,12.180000305175781,12.180000305175781,12.180000305175781,0.0
2007-02-27 00:00:00+00:00,17.059999465942383,17.059999465942383,17.059999465942383,17.059999465942383,0.0
2007-02-28 00:00:00+00:00,14.470000267028809,14.470000267028809,14.470000267028809,14.470000267028809,0.0
2007-03-01 00:00:00+00:00,14.579999923706055,14.579999923706055,14.579999923706055,14.579999923706055,0.0
2007-03-02 00:00:00+00:00,16.469999313354492,16.469999313354492,16.469999313354492,16.469999313354492,0.0
2007-03-05 00:00:00+00:00,17.360000610351562,17.360000610351562,17.360000610351562,17.360000610351562,0.0
2007-03-06 00:00:00+00:00,15.34000015258789,15.34000015258789,15.34000015258789,15.34000015258789,0.0
2007-03-07 00:00:00+00:00,15.029999732971191,15.029999732971191,15.029999732971191,15.029999732971191,0.0
2007-03-08 00:00:00+00:00,14.300000190734863,14.300000190734863,14.300000190734863,14.300000190734863,0.0
2007-03-09 00:00:00+00:00,14.260000228881836,14.260000228881836,14.260000228881836,14.260000228881836,0.0
2007-03-12 00:00:00+00:00,14.149999618530273,14.149999618530273,14.149999618530273,14.149999618530273,0.0
2007-03-13 00:00:00+00:00,16.3799991607666,16.3799991607666,16.3799991607666,16.3799991607666,0.0
2007-03-14 00:00:00+00:00,16.15999984741211,16.15999984741211,16.15999984741211,16.15999984741211,0.0
2007-03-15 00:00:00+00:00,16.020000457763672,16.020000457763672,16.020000457763672,16.020000457763672,0.0
2007-03-16 00:00:00+00:00,16.549999237060547,16.549999237060547,16.549999237060547,16.549999237060547,0.0
2007-03-19 00:00:00+00:00,15.130000114440918,15.130000114440918,15.130000114440918,15.130000114440918,0.0
2007-03-20 00:00:00+00:00,14.289999961853027,14.289999961853027,14.289999961853027,14.289999961853027,0.0
2007-03-21 00:00:00+00:00,13.109999656677246,13.109999656677246,13.109999656677246,13.109999656677246,0.0
2007-03-22 00:00:00+00:00,13.359999656677246,13.359999656677246,13.359999656677246,13.359999656677246,0.0
2007-03-23 00:00:00+00:00,13.449999809265137,13.449999809265137,13.449999809265137,13.449999809265137,0.0
2007-03-26 00:00:00+00:00,13.579999923706055,13.579999923706055,13.579999923706055,13.579999923706055,0.0
2007-03-27 00:00:00+00:00,14.119999885559082,14.119999885559082,14.119999885559082,14.119999885559082,0.0
2007-03-28 00:00:00+00:00,15.130000114440918,15.130000114440918,15.130000114440918,15.130000114440918,0.0
2007-03-29 00:00:00+00:00,15.239999771118164,15.239999771118164,15.239999771118164,15.239999771118164,0.0
2007-03-30 00:00:00+00:00,15.100000381469727,15.100000381469727,15.100000381469727,15.100000381469727,0.0
2007-04-02 00:00:00+00:00,15.039999961853027,15.039999961853027,15.039999961853027,15.039999961853027,0.0
2007-04-03 00:00:00+00:00,14.239999771118164,14.239999771118164,14.239999771118164,14.239999771118164,0.0
2007-04-04 00:00:00+00:00,14.25,14.25,14.25,14.25,0.0
2007-04-05 00:00:00+00:00,14.0600004196167,14.0600004196167,14.0600004196167,14.0600004196167,0.0
2007-04-09 00:00:00+00:00,14.029999732971191,14.029999732971191,14.029999732971191,14.029999732971191,0.0
2007-04-10 00:00:00+00:00,13.5,13.5,13.5,13.5,0.0
2007-04-11 00:00:00+00:00,14.1899995803833,14.1899995803833,14.1899995803833,14.1899995803833,0.0
2007-04-12 00:00:00+00:00,13.539999961853027,13.539999961853027,13.539999961853027,13.539999961853027,0.0
2007-04-13 00:00:00+00:00,13.3100004196167,13.3100004196167,13.3100004196167,13.3100004196167,0.0
2007-04-16 00:00:00+00:00,13.170000076293945,13.170000076293945,13.170000076293945,13.170000076293945,0.0
2007-04-17 00:00:00+00:00,13.09000015258789,13.09000015258789,13.09000015258789,13.09000015258789,0.0
2007-04-18 00:00:00+00:00,13.180000305175781,13.180000305175781,13.180000305175781,13.180000305175781,0.0
2007-04-19 00:00:00+00:00,13.300000190734863,13.300000190734863,13.300000190734863,13.300000190734863,0.0
2007-04-20 00:00:00+00:00,12.579999923706055,12.579999923706055,12.579999923706055,12.579999923706055,0.0
2007-04-23 00:00:00+00:00,13.079999923706055,13.079999923706055,13.079999923706055,13.079999923706055,0.0
2007-04-24 00:00:00+00:00,13.100000381469727,13.100000381469727,13.100000381469727,13.100000381469727,0.0
2007-04-25 00:00:00+00:00,13.050000190734863,13.050000190734863,13.050000190734863,13.050000190734863,0.0
2007-04-26 00:00:00+00:00,12.600000381469727,12.600000381469727,12.600000381469727,12.600000381469727,0.0
2007-04-27 00:00:00+00:00,12.489999771118164,12.489999771118164,12.489999771118164,12.489999771118164,0.0
2007-04-30 00:00:00+00:00,14.010000228881836,14.010000228881836,14.010000228881836,14.010000228881836,0.0
2007-05-01 00:00:00+00:00,13.390000343322754,13.390000343322754,13.390000343322754,13.390000343322754,0.0
2007-05-02 00:00:00+00:00,13.25,13.25,13.25,13.25,0.0
2007-05-03 00:00:00+00:00,13.220000267028809,13.220000267028809,13.220000267028809,13.220000267028809,0.0
2007-05-04 00:00:00+00:00,13.260000228881836,13.260000228881836,13.260000228881836,13.260000228881836,0.0
2007-05-07 00:00:00+00:00,13.329999923706055,13.329999923706055,13.329999923706055,13.329999923706055,0.0
2007-05-08 00:00:00+00:00,13.420000076293945,13.420000076293945,13.420000076293945,13.420000076293945,0.0
2007-05-09 00:00:00+00:00,13.239999771118164,13.239999771118164,13.239999771118164,13.239999771118164,0.0
2007-05-10 00:00:00+00:00,14.09000015258789,14.09000015258789,14.09000015258789,14.09000015258789,0.0
2007-05-11 00:00:00+00:00,13.4399995803833,13.4399995803833,13.4399995803833,13.4399995803833,0.0
2007-05-14 00:00:00+00:00,14.239999771118164,14.239999771118164,14.239999771118164,14.239999771118164,0.0
2007-05-15 00:00:00+00:00,14.239999771118164,14.239999771118164,14.239999771118164,14.239999771118164,0.0
2007-05-16 00:00:00+00:00,14.039999961853027,14.039999961853027,14.039999961853027,14.039999961853027,0.0
2007-05-17 00:00:00+00:00,14.170000076293945,14.170000076293945,14.170000076293945,14.170000076293945,0.0
2007-05-18 00:00:00+00:00,13.5,13.5,13.5,13.5,0.0
2007-05-21 00:00:00+00:00,13.609999656677246,13.609999656677246,13.609999656677246,13.609999656677246,0.0
2007-05-22 00:00:00+00:00,13.520000457763672,13.520000457763672,13.520000457763672,13.520000457763672,0.0
2007-05-23 00:00:00+00:00,13.600000381469727,13.600000381469727,13.600000381469727,13.600000381469727,0.0
2007-05-24 00:00:00+00:00,14.369999885559082,14.369999885559082,14.369999885559082,14.369999885559082,0.0
2007-05-25 00:00:00+00:00,14.140000343322754,14.140000343322754,14.140000343322754,14.140000343322754,0.0
2007-05-29 00:00:00+00:00,14.079999923706055,14.079999923706055,14.079999923706055,14.079999923706055,0.0
2007-05-30 00:00:00+00:00,13.449999809265137,13.449999809265137,13.449999809265137,13.449999809265137,0.0
2007-05-31 00:00:00+00:00,13.470000267028809,13.470000267028809,13.470000267028809,13.470000267028809,0.0
2007-06-01 00:00:00+00:00,13.489999771118164,13.489999771118164,13.489999771118164,13.489999771118164,0.0
2007-06-04 00:00:00+00:00,14.079999923706055,14.079999923706055,14.079999923706055,14.079999923706055,0.0
2007-06-05 00:00:00+00:00,14.260000228881836,14.260000228881836,14.260000228881836,14.260000228881836,0.0
2007-06-06 00:00:00+00:00,15.260000228881836,15.260000228881836,15.260000228881836,15.260000228881836,0.0
2007-06-07 00:00:00+00:00,16.450000762939453,16.450000762939453,16.450000762939453,16.450000762939453,0.0
2007-06-08 00:00:00+00:00,15.130000114440918,15.130000114440918,15.130000114440918,15.130000114440918,0.0
2007-06-11 00:00:00+00:00,15.100000381469727,15.100000381469727,15.100000381469727,15.100000381469727,0.0
2007-06-12 00:00:00+00:00,16.020000457763672,16.020000457763672,16.020000457763672,16.020000457763672,0.0
2007-06-13 00:00:00+00:00,15.079999923706055,15.079999923706055,15.079999923706055,15.079999923706055,0.0
2007-06-14 00:00:00+00:00,14.460000038146973,14.460000038146973,14.460000038146973,14.460000038146973,0.0
2007-06-15 00:00:00+00:00,15.010000228881836,15.010000228881836,15.010000228881836,15.010000228881836,0.0
2007-06-18 00:00:00+00:00,14.5600004196167,14.5600004196167,14.5600004196167,14.5600004196167,0.0
2007-06-19 00:00:00+00:00,14.289999961853027,14.289999961853027,14.289999961853027,14.289999961853027,0.0
2007-06-20 00:00:00+00:00,15.470000267028809,15.470000267028809,15.470000267028809,15.470000267028809,0.0
2007-06-21 00:00:00+00:00,15.289999961853027,15.289999961853027,15.289999961853027,15.289999961853027,0.0
2007-06-22 00:00:00+00:00,16.260000228881836,16.260000228881836,16.260000228881836,16.260000228881836,0.0
2007-06-25 00:00:00+00:00,16.479999542236328,16.479999542236328,16.479999542236328,16.479999542236328,0.0
2007-06-26 00:00:00+00:00,18.059999465942383,18.059999465942383,18.059999465942383,18.059999465942383,0.0
2007-06-27 00:00:00+00:00,16.040000915527344,16.040000915527344,16.040000915527344,16.040000915527344,0.0
2007-06-28 00:00:00+00:00,16.010000228881836,16.010000228881836,16.010000228881836,16.010000228881836,0.0
2007-06-29 00:00:00+00:00,16.399999618530273,16.399999618530273,16.399999618530273,16.399999618530273,0.0
2007-07-02 00:00:00+00:00,16.100000381469727,16.100000381469727,16.100000381469727,16.100000381469727,0.0
2007-07-03 00:00:00+00:00,15.609999656677246,15.609999656677246,15.609999656677246,15.609999656677246,0.0
2007-07-05 00:00:00+00:00,16.110000610351562,16.110000610351562,16.110000610351562,16.110000610351562,0.0
2007-07-06 00:00:00+00:00,15.529999732971191,15.529999732971191,15.529999732971191,15.529999732971191,0.0
2007-07-09 00:00:00+00:00,16.079999923706055,16.079999923706055,16.079999923706055,16.079999923706055,0.0
2007-07-10 00:00:00+00:00,17.3799991607666,17.3799991607666,17.3799991607666,17.3799991607666,0.0
2007-07-11 00:00:00+00:00,17.040000915527344,17.040000915527344,17.040000915527344,17.040000915527344,0.0
2007-07-12 00:00:00+00:00,16.350000381469727,16.350000381469727,16.350000381469727,16.350000381469727,0.0
2007-07-13 00:00:00+00:00,16.31999969482422,16.31999969482422,16.31999969482422,16.31999969482422,0.0
2007-07-16 00:00:00+00:00,16.450000762939453,16.450000762939453,16.450000762939453,16.450000762939453,0.0
2007-07-17 00:00:00+00:00,16.5,16.5,16.5,16.5,0.0
2007-07-18 00:00:00+00:00,17.049999237060547,17.049999237060547,17.049999237060547,17.049999237060547,0.0
2007-07-19 00:00:00+00:00,16.399999618530273,16.399999618530273,16.399999618530273,16.399999618530273,0.0
2007-07-20 00:00:00+00:00,17.440000534057617,17.440000534057617,17.440000534057617,17.440000534057617,0.0
2007-07-23 00:00:00+00:00,17.190000534057617,17.190000534057617,17.190000534057617,17.190000534057617,0.0
2007-07-24 00:00:00+00:00,18.329999923706055,18.329999923706055,18.329999923706055,18.329999923706055,0.0
2007-07-25 00:00:00+00:00,18.06999969482422,18.06999969482422,18.06999969482422,18.06999969482422,0.0
2007-07-26 00:00:00+00:00,19.010000228881836,19.010000228881836,19.010000228881836,19.010000228881836,0.0
2007-07-27 00:00:00+00:00,21.149999618530273,21.149999618530273,21.149999618530273,21.149999618530273,0.0
2007-07-30 00:00:00+00:00,19.329999923706055,19.329999923706055,19.329999923706055,19.329999923706055,0.0
2007-07-31 00:00:00+00:00,21.350000381469727,21.350000381469727,21.350000381469727,21.350000381469727,0.0
2007-08-01 00:00:00+00:00,21.600000381469727,21.600000381469727,21.600000381469727,21.600000381469727,0.0
2007-08-02 00:00:00+00:00,20.479999542236328,20.479999542236328,20.479999542236328,20.479999542236328,0.0
2007-08-03 00:00:00+00:00,22.6200008392334,22.6200008392334,22.6200008392334,22.6200008392334,0.0
2007-08-06 00:00:00+00:00,21.31999969482422,21.31999969482422,21.31999969482422,21.31999969482422,0.0
2007-08-07 00:00:00+00:00,20.610000610351562,20.610000610351562,20.610000610351562,20.610000610351562,0.0
2007-08-08 00:00:00+00:00,20.389999389648438,20.389999389648438,20.389999389648438,20.389999389648438,0.0
2007-08-09 00:00:00+00:00,24.440000534057617,24.440000534057617,24.440000534057617,24.440000534057617,0.0
2007-08-10 00:00:00+00:00,25.399999618530273,25.399999618530273,25.399999618530273,25.399999618530273,0.0
2007-08-13 00:00:00+00:00,23.540000915527344,23.540000915527344,23.540000915527344,23.540000915527344,0.0
2007-08-14 00:00:00+00:00,24.540000915527344,24.540000915527344,24.540000915527344,24.540000915527344,0.0
2007-08-15 00:00:00+00:00,26.479999542236328,26.479999542236328,26.479999542236328,26.479999542236328,0.0
2007-08-16 00:00:00+00:00,27.059999465942383,27.059999465942383,27.059999465942383,27.059999465942383,0.0
2007-08-17 00:00:00+00:00,26.15999984741211,26.15999984741211,26.15999984741211,26.15999984741211,0.0
2007-08-20 00:00:00+00:00,23.229999542236328,23.229999542236328,23.229999542236328,23.229999542236328,0.0
2007-08-21 00:00:00+00:00,22.600000381469727,22.600000381469727,22.600000381469727,22.600000381469727,0.0
2007-08-22 00:00:00+00:00,21.239999771118164,21.239999771118164,21.239999771118164,21.239999771118164,0.0
2007-08-23 00:00:00+00:00,21.170000076293945,21.170000076293945,21.170000076293945,21.170000076293945,0.0
2007-08-24 00:00:00+00:00,20.290000915527344,20.290000915527344,20.290000915527344,20.290000915527344,0.0
2007-08-27 00:00:00+00:00,21.420000076293945,21.420000076293945,21.420000076293945,21.420000076293945,0.0
2007-08-28 00:00:00+00:00,25.030000686645508,25.030000686645508,25.030000686645508,25.030000686645508,0.0
2007-08-29 00:00:00+00:00,23.170000076293945,23.170000076293945,23.170000076293945,23.170000076293945,0.0
2007-08-30 00:00:00+00:00,23.40999984741211,23.40999984741211,23.40999984741211,23.40999984741211,0.0
2007-08-31 00:00:00+00:00,22.440000534057617,22.440000534057617,22.440000534057617,22.440000534057617,0.0
2007-09-04 00:00:00+00:00,22.010000228881836,22.010000228881836,22.010000228881836,22.010000228881836,0.0
2007-09-05 00:00:00+00:00,23.229999542236328,23.229999542236328,23.229999542236328,23.229999542236328,0.0
2007-09-06 00:00:00+00:00,23.1299991607666,23.1299991607666,23.1299991607666,23.1299991607666,0.0
2007-09-07 00:00:00+00:00,24.520000457763672,24.520000457763672,24.520000457763672,24.520000457763672,0.0
2007-09-10 00:00:00+00:00,25.260000228881836,25.260000228881836,25.260000228881836,25.260000228881836,0.0
2007-09-11 00:00:00+00:00,23.600000381469727,23.600000381469727,23.600000381469727,23.600000381469727,0.0
2007-09-12 00:00:00+00:00,23.469999313354492,23.469999313354492,23.469999313354492,23.469999313354492,0.0
2007-09-13 00:00:00+00:00,23.420000076293945,23.420000076293945,23.420000076293945,23.420000076293945,0.0
2007-09-14 00:00:00+00:00,23.479999542236328,23.479999542236328,23.479999542236328,23.479999542236328,0.0
2007-09-17 00:00:00+00:00,24.31999969482422,24.31999969482422,24.31999969482422,24.31999969482422,0.0
2007-09-18 00:00:00+00:00,20.6299991607666,20.6299991607666,20.6299991607666,20.6299991607666,0.0
2007-09-19 00:00:00+00:00,20.280000686645508,20.280000686645508,20.280000686645508,20.280000686645508,0.0
2007-09-20 00:00:00+00:00,20.510000228881836,20.510000228881836,20.510000228881836,20.510000228881836,0.0
2007-09-21 00:00:00+00:00,20.010000228881836,20.010000228881836,20.010000228881836,20.010000228881836,0.0
2007-09-24 00:00:00+00:00,19.59000015258789,19.59000015258789,19.59000015258789,19.59000015258789,0.0
2007-09-25 00:00:00+00:00,19.450000762939453,19.450000762939453,19.450000762939453,19.450000762939453,0.0
2007-09-26 00:00:00+00:00,19.010000228881836,19.010000228881836,19.010000228881836,19.010000228881836,0.0
2007-09-27 00:00:00+00:00,18.229999542236328,18.229999542236328,18.229999542236328,18.229999542236328,0.0
2007-09-28 00:00:00+00:00,18.6299991607666,18.6299991607666,18.6299991607666,18.6299991607666,0.0
2007-10-01 00:00:00+00:00,18.610000610351562,18.610000610351562,18.610000610351562,18.610000610351562,0.0
2007-10-02 00:00:00+00:00,19.219999313354492,19.219999313354492,19.219999313354492,19.219999313354492,0.0
2007-10-03 00:00:00+00:00,19.530000686645508,19.530000686645508,19.530000686645508,19.530000686645508,0.0
2007-10-04 00:00:00+00:00,19.43000030517578,19.43000030517578,19.43000030517578,19.43000030517578,0.0
2007-10-05 00:00:00+00:00,18.34000015258789,18.34000015258789,18.34000015258789,18.34000015258789,0.0
2007-10-08 00:00:00+00:00,18.600000381469727,18.600000381469727,18.600000381469727,18.600000381469727,0.0
2007-10-09 00:00:00+00:00,17.6299991607666,17.6299991607666,17.6299991607666,17.6299991607666,0.0
2007-10-10 00:00:00+00:00,18.31999969482422,18.31999969482422,18.31999969482422,18.31999969482422,0.0
2007-10-11 00:00:00+00:00,19.579999923706055,19.579999923706055,19.579999923706055,19.579999923706055,0.0
2007-10-12 00:00:00+00:00,19.149999618530273,19.149999618530273,19.149999618530273,19.149999618530273,0.0
2007-10-15 00:00:00+00:00,20.389999389648438,20.389999389648438,20.389999389648438,20.389999389648438,0.0
2007-10-16 00:00:00+00:00,21.200000762939453,21.200000762939453,21.200000762939453,21.200000762939453,0.0
2007-10-17 00:00:00+00:00,20.360000610351562,20.360000610351562,20.360000610351562,20.360000610351562,0.0
2007-10-18 00:00:00+00:00,20.229999542236328,20.229999542236328,20.229999542236328,20.229999542236328,0.0
2007-10-19 00:00:00+00:00,23.219999313354492,23.219999313354492,23.219999313354492,23.219999313354492,0.0
2007-10-22 00:00:00+00:00,21.520000457763672,21.520000457763672,21.520000457763672,21.520000457763672,0.0
2007-10-23 00:00:00+00:00,21.010000228881836,21.010000228881836,21.010000228881836,21.010000228881836,0.0
2007-10-24 00:00:00+00:00,21.290000915527344,21.290000915527344,21.290000915527344,21.290000915527344,0.0
2007-10-25 00:00:00+00:00,21.3799991607666,21.3799991607666,21.3799991607666,21.3799991607666,0.0
2007-10-26 00:00:00+00:00,20.389999389648438,20.389999389648438,20.389999389648438,20.389999389648438,0.0
2007-10-29 00:00:00+00:00,20.399999618530273,20.399999618530273,20.399999618530273,20.399999618530273,0.0
2007-10-30 00:00:00+00:00,21.290000915527344,21.290000915527344,21.290000915527344,21.290000915527344,0.0
2007-10-31 00:00:00+00:00,19.520000457763672,19.520000457763672,19.520000457763672,19.520000457763672,0.0
2007-11-01 00:00:00+00:00,22.6299991607666,22.6299991607666,22.6299991607666,22.6299991607666,0.0
2007-11-02 00:00:00+00:00,23.139999389648438,23.139999389648438,23.139999389648438,23.139999389648438,0.0
2007-11-05 00:00:00+00:00,24.030000686645508,24.030000686645508,24.030000686645508,24.030000686645508,0.0
2007-11-06 00:00:00+00:00,22.170000076293945,22.170000076293945,22.170000076293945,22.170000076293945,0.0
2007-11-07 00:00:00+00:00,25.239999771118164,25.239999771118164,25.239999771118164,25.239999771118164,0.0
2007-11-08 00:00:00+00:00,25.360000610351562,25.360000610351562,25.360000610351562,25.360000610351562,0.0
2007-11-09 00:00:00+00:00,27.030000686645508,27.030000686645508,27.030000686645508,27.030000686645508,0.0
2007-11-12 00:00:00+00:00,27.350000381469727,27.350000381469727,27.350000381469727,27.350000381469727,0.0
2007-11-13 00:00:00+00:00,24.65999984741211,24.65999984741211,24.65999984741211,24.65999984741211,0.0
2007-11-14 00:00:00+00:00,25.649999618530273,25.649999618530273,25.649999618530273,25.649999618530273,0.0
2007-11-15 00:00:00+00:00,27.440000534057617,27.440000534057617,27.440000534057617,27.440000534057617,0.0
2007-11-16 00:00:00+00:00,26.440000534057617,26.440000534057617,26.440000534057617,26.440000534057617,0.0
2007-11-19 00:00:00+00:00,25.65999984741211,25.65999984741211,25.65999984741211,25.65999984741211,0.0
2007-11-20 00:00:00+00:00,26.09000015258789,26.09000015258789,26.09000015258789,26.09000015258789,0.0
2007-11-21 00:00:00+00:00,27.420000076293945,27.420000076293945,27.420000076293945,27.420000076293945,0.0
2007-11-23 00:00:00+00:00,25.969999313354492,25.969999313354492,25.969999313354492,25.969999313354492,0.0
2007-11-26 00:00:00+00:00,28.440000534057617,28.440000534057617,28.440000534057617,28.440000534057617,0.0
2007-11-27 00:00:00+00:00,26.59000015258789,26.59000015258789,26.59000015258789,26.59000015258789,0.0
2007-11-28 00:00:00+00:00,24.25,24.25,24.25,24.25,0.0
2007-11-29 00:00:00+00:00,24.5,24.5,24.5,24.5,0.0
2007-11-30 00:00:00+00:00,23.93000030517578,23.93000030517578,23.93000030517578,23.93000030517578,0.0
2007-12-03 00:00:00+00:00,24.299999237060547,24.299999237060547,24.299999237060547,24.299999237060547,0.0
2007-12-04 00:00:00+00:00,24.649999618530273,24.649999618530273,24.649999618530273,24.649999618530273,0.0
2007-12-05 00:00:00+00:00,23.329999923706055,23.329999923706055,23.329999923706055,23.329999923706055,0.0
2007-12-06 00:00:00+00:00,22.100000381469727,22.100000381469727,22.100000381469727,22.100000381469727,0.0
2007-12-07 00:00:00+00:00,22.18000030517578,22.18000030517578,22.18000030517578,22.18000030517578,0.0
2007-12-10 00:00:00+00:00,21.93000030517578,21.93000030517578,21.93000030517578,21.93000030517578,0.0
2007-12-11 00:00:00+00:00,24.1200008392334,24.1200008392334,24.1200008392334,24.1200008392334,0.0
2007-12-12 00:00:00+00:00,23.290000915527344,23.290000915527344,23.290000915527344,23.290000915527344,0.0
2007-12-13 00:00:00+00:00,23.520000457763672,23.520000457763672,23.520000457763672,23.520000457763672,0.0
2007-12-14 00:00:00+00:00,24.209999084472656,24.209999084472656,24.209999084472656,24.209999084472656,0.0
2007-12-17 00:00:00+00:00,25.530000686645508,25.530000686645508,25.530000686645508,25.530000686645508,0.0
2007-12-18 00:00:00+00:00,24.670000076293945,24.670000076293945,24.670000076293945,24.670000076293945,0.0
2007-12-19 00:00:00+00:00,23.809999465942383,23.809999465942383,23.809999465942383,23.809999465942383,0.0
2007-12-20 00:00:00+00:00,22.8700008392334,22.8700008392334,22.8700008392334,22.8700008392334,0.0
2007-12-21 00:00:00+00:00,21.5,21.5,21.5,21.5,0.0
2007-12-24 00:00:00+00:00,21.139999389648438,21.139999389648438,21.139999389648438,21.139999389648438,0.0
2007-12-26 00:00:00+00:00,20.93000030517578,20.93000030517578,20.93000030517578,20.93000030517578,0.0
2007-12-27 00:00:00+00:00,22.049999237060547,22.049999237060547,22.049999237060547,22.049999237060547,0.0
2007-12-28 00:00:00+00:00,22.559999465942383,22.559999465942383,22.559999465942383,22.559999465942383,0.0
2007-12-31 00:00:00+00:00,23.309999465942383,23.309999465942383,23.309999465942383,23.309999465942383,0.0
2008-01-02 00:00:00+00:00,23.600000381469727,23.600000381469727,23.600000381469727,23.600000381469727,0.0
2008-01-03 00:00:00+00:00,22.809999465942383,22.809999465942383,22.809999465942383,22.809999465942383,0.0
2008-01-04 00:00:00+00:00,23.690000534057617,23.690000534057617,23.690000534057617,23.690000534057617,0.0
2008-01-07 00:00:00+00:00,23.219999313354492,23.219999313354492,23.219999313354492,23.219999313354492,0.0
2008-01-08 00:00:00+00:00,25.489999771118164,25.489999771118164,25.489999771118164,25.489999771118164,0.0
2008-01-09 00:00:00+00:00,24.5,24.5,24.5,24.5,0.0
2008-01-10 00:00:00+00:00,23.950000762939453,23.950000762939453,23.950000762939453,23.950000762939453,0.0
2008-01-11 00:00:00+00:00,24.5,24.5,24.5,24.5,0.0
2008-01-14 00:00:00+00:00,23.670000076293945,23.670000076293945,23.670000076293945,23.670000076293945,0.0
2008-01-15 00:00:00+00:00,24.389999389648438,24.389999389648438,24.389999389648438,24.389999389648438,0.0
2008-01-16 00:00:00+00:00,24.360000610351562,24.360000610351562,24.360000610351562,24.360000610351562,0.0
2008-01-17 00:00:00+00:00,26.440000534057617,26.440000534057617,26.440000534057617,26.440000534057617,0.0
2008-01-18 00:00:00+00:00,25.989999771118164,25.989999771118164,25.989999771118164,25.989999771118164,0.0
2008-01-22 00:00:00+00:00,27.389999389648438,27.389999389648438,27.389999389648438,27.389999389648438,0.0
2008-01-23 00:00:00+00:00,26.25,26.25,26.25,26.25,0.0
2008-01-24 00:00:00+00:00,26.0,26.0,26.0,26.0,0.0
2008-01-25 00:00:00+00:00,26.860000610351562,26.860000610351562,26.860000610351562,26.860000610351562,0.0
2008-01-28 00:00:00+00:00,25.969999313354492,25.969999313354492,25.969999313354492,25.969999313354492,0.0
2008-01-29 00:00:00+00:00,25.649999618530273,25.649999618530273,25.649999618530273,25.649999618530273,0.0
2008-01-30 00:00:00+00:00,26.079999923706055,26.079999923706055,26.079999923706055,26.079999923706055,0.0
2008-01-31 00:00:00+00:00,25.209999084472656,25.209999084472656,25.209999084472656,25.209999084472656,0.0
2008-02-01 00:00:00+00:00,24.110000610351562,24.110000610351562,24.110000610351562,24.110000610351562,0.0
2008-02-04 00:00:00+00:00,25.360000610351562,25.360000610351562,25.360000610351562,25.360000610351562,0.0
2008-02-05 00:00:00+00:00,26.989999771118164,26.989999771118164,26.989999771118164,26.989999771118164,0.0
2008-02-06 00:00:00+00:00,27.610000610351562,27.610000610351562,27.610000610351562,27.610000610351562,0.0
2008-02-07 00:00:00+00:00,26.739999771118164,26.739999771118164,26.739999771118164,26.739999771118164,0.0
2008-02-08 00:00:00+00:00,27.059999465942383,27.059999465942383,27.059999465942383,27.059999465942383,0.0
2008-02-11 00:00:00+00:00,26.670000076293945,26.670000076293945,26.670000076293945,26.670000076293945,0.0
2008-02-12 00:00:00+00:00,26.110000610351562,26.110000610351562,26.110000610351562,26.110000610351562,0.0
2008-02-13 00:00:00+00:00,25.290000915527344,25.290000915527344,25.290000915527344,25.290000915527344,0.0
2008-02-14 00:00:00+00:00,25.469999313354492,25.469999313354492,25.469999313354492,25.469999313354492,0.0
2008-02-15 00:00:00+00:00,25.440000534057617,25.440000534057617,25.440000534057617,25.440000534057617,0.0
2008-02-19 00:00:00+00:00,25.469999313354492,25.469999313354492,25.469999313354492,25.469999313354492,0.0
2008-02-20 00:00:00+00:00,24.670000076293945,24.670000076293945,24.670000076293945,24.670000076293945,0.0
2008-02-21 00:00:00+00:00,25.09000015258789,25.09000015258789,25.09000015258789,25.09000015258789,0.0
2008-02-22 00:00:00+00:00,24.399999618530273,24.399999618530273,24.399999618530273,24.399999618530273,0.0
2008-02-25 00:00:00+00:00,23.93000030517578,23.93000030517578,23.93000030517578,23.93000030517578,0.0
2008-02-26 00:00:00+00:00,23.110000610351562,23.110000610351562,23.110000610351562,23.110000610351562,0.0
2008-02-27 00:00:00+00:00,23.690000534057617,23.690000534057617,23.690000534057617,23.690000534057617,0.0
2008-02-28 00:00:00+00:00,24.290000915527344,24.290000915527344,24.290000915527344,24.290000915527344,0.0
2008-02-29 00:00:00+00:00,26.389999389648438,26.389999389648438,26.389999389648438,26.389999389648438,0.0
2008-03-03 00:00:00+00:00,26.079999923706055,26.079999923706055,26.079999923706055,26.079999923706055,0.0
2008-03-04 00:00:00+00:00,25.760000228881836,25.760000228881836,25.760000228881836,25.760000228881836,0.0
2008-03-05 00:00:00+00:00,24.90999984741211,24.90999984741211,24.90999984741211,24.90999984741211,0.0
2008-03-06 00:00:00+00:00,27.0,27.0,27.0,27.0,0.0
2008-03-07 00:00:00+00:00,27.110000610351562,27.110000610351562,27.110000610351562,27.110000610351562,0.0
2008-03-10 00:00:00+00:00,28.329999923706055,28.329999923706055,28.329999923706055,28.329999923706055,0.0
2008-03-11 00:00:00+00:00,26.09000015258789,26.09000015258789,26.09000015258789,26.09000015258789,0.0
2008-03-12 00:00:00+00:00,27.3700008392334,27.3700008392334,27.3700008392334,27.3700008392334,0.0
2008-03-13 00:00:00+00:00,27.18000030517578,27.18000030517578,27.18000030517578,27.18000030517578,0.0
2008-03-14 00:00:00+00:00,29.360000610351562,29.360000610351562,29.360000610351562,29.360000610351562,0.0
2008-03-17 00:00:00+00:00,29.579999923706055,29.579999923706055,29.579999923706055,29.579999923706055,0.0
2008-03-18 00:00:00+00:00,26.010000228881836,26.010000228881836,26.010000228881836,26.010000228881836,0.0
2008-03-19 00:00:00+00:00,28.780000686645508,28.780000686645508,28.780000686645508,28.780000686645508,0.0
2008-03-20 00:00:00+00:00,27.290000915527344,27.290000915527344,27.290000915527344,27.290000915527344,0.0
2008-03-24 00:00:00+00:00,25.959999084472656,25.959999084472656,25.959999084472656,25.959999084472656,0.0
2008-03-25 00:00:00+00:00,26.18000030517578,26.18000030517578,26.18000030517578,26.18000030517578,0.0
2008-03-26 00:00:00+00:00,26.610000610351562,26.610000610351562,26.610000610351562,26.610000610351562,0.0
2008-03-27 00:00:00+00:00,26.280000686645508,26.280000686645508,26.280000686645508,26.280000686645508,0.0
2008-03-28 00:00:00+00:00,26.239999771118164,26.239999771118164,26.239999771118164,26.239999771118164,0.0
2008-03-31 00:00:00+00:00,25.639999389648438,25.639999389648438,25.639999389648438,25.639999389648438,0.0
2008-04-01 00:00:00+00:00,23.610000610351562,23.610000610351562,23.610000610351562,23.610000610351562,0.0
2008-04-02 00:00:00+00:00,24.299999237060547,24.299999237060547,24.299999237060547,24.299999237060547,0.0
2008-04-03 00:00:00+00:00,24.1200008392334,24.1200008392334,24.1200008392334,24.1200008392334,0.0
2008-04-04 00:00:00+00:00,23.520000457763672,23.520000457763672,23.520000457763672,23.520000457763672,0.0
2008-04-07 00:00:00+00:00,23.200000762939453,23.200000762939453,23.200000762939453,23.200000762939453,0.0
2008-04-08 00:00:00+00:00,23.06999969482422,23.06999969482422,23.06999969482422,23.06999969482422,0.0
2008-04-09 00:00:00+00:00,23.549999237060547,23.549999237060547,23.549999237060547,23.549999237060547,0.0
2008-04-10 00:00:00+00:00,23.059999465942383,23.059999465942383,23.059999465942383,23.059999465942383,0.0
2008-04-11 00:00:00+00:00,24.190000534057617,24.190000534057617,24.190000534057617,24.190000534057617,0.0
2008-04-14 00:00:00+00:00,24.40999984741211,24.40999984741211,24.40999984741211,24.40999984741211,0.0
2008-04-15 00:00:00+00:00,23.700000762939453,23.700000762939453,23.700000762939453,23.700000762939453,0.0
2008-04-16 00:00:00+00:00,21.81999969482422,21.81999969482422,21.81999969482422,21.81999969482422,0.0
2008-04-17 00:00:00+00:00,21.75,21.75,21.75,21.75,0.0
2008-04-18 00:00:00+00:00,21.3700008392334,21.3700008392334,21.3700008392334,21.3700008392334,0.0
2008-04-21 00:00:00+00:00,21.459999084472656,21.459999084472656,21.459999084472656,21.459999084472656,0.0
2008-04-22 00:00:00+00:00,21.799999237060547,21.799999237060547,21.799999237060547,21.799999237060547,0.0
2008-04-23 00:00:00+00:00,21.579999923706055,21.579999923706055,21.579999923706055,21.579999923706055,0.0
2008-04-24 00:00:00+00:00,21.18000030517578,21.18000030517578,21.18000030517578,21.18000030517578,0.0
2008-04-25 00:00:00+00:00,20.579999923706055,20.579999923706055,20.579999923706055,20.579999923706055,0.0
2008-04-28 00:00:00+00:00,20.40999984741211,20.40999984741211,20.40999984741211,20.40999984741211,0.0
2008-04-29 00:00:00+00:00,20.81999969482422,20.81999969482422,20.81999969482422,20.81999969482422,0.0
2008-04-30 00:00:00+00:00,21.25,21.25,21.25,21.25,0.0
2008-05-01 00:00:00+00:00,19.780000686645508,19.780000686645508,19.780000686645508,19.780000686645508,0.0
2008-05-02 00:00:00+00:00,19.530000686645508,19.530000686645508,19.530000686645508,19.530000686645508,0.0
2008-05-05 00:00:00+00:00,20.020000457763672,20.020000457763672,20.020000457763672,20.020000457763672,0.0
2008-05-06 00:00:00+00:00,19.75,19.75,19.75,19.75,0.0
2008-05-07 00:00:00+00:00,20.959999084472656,20.959999084472656,20.959999084472656,20.959999084472656,0.0
2008-05-08 00:00:00+00:00,20.8799991607666,20.8799991607666,20.8799991607666,20.8799991607666,0.0
2008-05-09 00:00:00+00:00,20.8700008392334,20.8700008392334,20.8700008392334,20.8700008392334,0.0
2008-05-12 00:00:00+00:00,20.239999771118164,20.239999771118164,20.239999771118164,20.239999771118164,0.0
2008-05-13 00:00:00+00:00,20.149999618530273,20.149999618530273,20.149999618530273,20.149999618530273,0.0
2008-05-14 00:00:00+00:00,20.0,20.0,20.0,20.0,0.0
2008-05-15 00:00:00+00:00,19.280000686645508,19.280000686645508,19.280000686645508,19.280000686645508,0.0
2008-05-16 00:00:00+00:00,19.56999969482422,19.56999969482422,19.56999969482422,19.56999969482422,0.0
2008-05-19 00:00:00+00:00,19.84000015258789,19.84000015258789,19.84000015258789,19.84000015258789,0.0
2008-05-20 00:00:00+00:00,20.809999465942383,20.809999465942383,20.809999465942383,20.809999465942383,0.0
2008-05-21 00:00:00+00:00,22.110000610351562,22.110000610351562,22.110000610351562,22.110000610351562,0.0
2008-05-22 00:00:00+00:00,21.520000457763672,21.520000457763672,21.520000457763672,21.520000457763672,0.0
2008-05-23 00:00:00+00:00,22.510000228881836,22.510000228881836,22.510000228881836,22.510000228881836,0.0
2008-05-27 00:00:00+00:00,22.15999984741211,22.15999984741211,22.15999984741211,22.15999984741211,0.0
2008-05-28 00:00:00+00:00,21.65999984741211,21.65999984741211,21.65999984741211,21.65999984741211,0.0
2008-05-29 00:00:00+00:00,20.799999237060547,20.799999237060547,20.799999237060547,20.799999237060547,0.0
2008-05-30 00:00:00+00:00,20.530000686645508,20.530000686645508,20.530000686645508,20.530000686645508,0.0
2008-06-02 00:00:00+00:00,21.719999313354492,21.719999313354492,21.719999313354492,21.719999313354492,0.0
2008-06-03 00:00:00+00:00,22.110000610351562,22.110000610351562,22.110000610351562,22.110000610351562,0.0
2008-06-04 00:00:00+00:00,22.59000015258789,22.59000015258789,22.59000015258789,22.59000015258789,0.0
2008-06-05 00:00:00+00:00,21.079999923706055,21.079999923706055,21.079999923706055,21.079999923706055,0.0
2008-06-06 00:00:00+00:00,24.200000762939453,24.200000762939453,24.200000762939453,24.200000762939453,0.0
2008-06-09 00:00:00+00:00,23.850000381469727,23.850000381469727,23.850000381469727,23.850000381469727,0.0
2008-06-10 00:00:00+00:00,23.84000015258789,23.84000015258789,23.84000015258789,23.84000015258789,0.0
2008-06-11 00:00:00+00:00,24.31999969482422,24.31999969482422,24.31999969482422,24.31999969482422,0.0
2008-06-12 00:00:00+00:00,23.700000762939453,23.700000762939453,23.700000762939453,23.700000762939453,0.0
2008-06-13 00:00:00+00:00,22.600000381469727,22.600000381469727,22.600000381469727,22.600000381469727,0.0
2008-06-16 00:00:00+00:00,22.43000030517578,22.43000030517578,22.43000030517578,22.43000030517578,0.0
2008-06-17 00:00:00+00:00,22.479999542236328,22.479999542236328,22.479999542236328,22.479999542236328,0.0
2008-06-18 00:00:00+00:00,23.549999237060547,23.549999237060547,23.549999237060547,23.549999237060547,0.0
2008-06-19 00:00:00+00:00,22.84000015258789,22.84000015258789,22.84000015258789,22.84000015258789,0.0
2008-06-20 00:00:00+00:00,23.56999969482422,23.56999969482422,23.56999969482422,23.56999969482422,0.0
2008-06-23 00:00:00+00:00,23.299999237060547,23.299999237060547,23.299999237060547,23.299999237060547,0.0
2008-06-24 00:00:00+00:00,23.209999084472656,23.209999084472656,23.209999084472656,23.209999084472656,0.0
2008-06-25 00:00:00+00:00,22.31999969482422,22.31999969482422,22.31999969482422,22.31999969482422,0.0
2008-06-26 00:00:00+00:00,24.309999465942383,24.309999465942383,24.309999465942383,24.309999465942383,0.0
2008-06-27 00:00:00+00:00,23.93000030517578,23.93000030517578,23.93000030517578,23.93000030517578,0.0
2008-06-30 00:00:00+00:00,23.770000457763672,23.770000457763672,23.770000457763672,23.770000457763672,0.0
2008-07-01 00:00:00+00:00,23.670000076293945,23.670000076293945,23.670000076293945,23.670000076293945,0.0
2008-07-02 00:00:00+00:00,25.020000457763672,25.020000457763672,25.020000457763672,25.020000457763672,0.0
2008-07-03 00:00:00+00:00,24.420000076293945,24.420000076293945,24.420000076293945,24.420000076293945,0.0
2008-07-07 00:00:00+00:00,24.75,24.75,24.75,24.75,0.0
2008-07-08 00:00:00+00:00,23.059999465942383,23.059999465942383,23.059999465942383,23.059999465942383,0.0
2008-07-09 00:00:00+00:00,24.360000610351562,24.360000610351562,24.360000610351562,24.360000610351562,0.0
2008-07-10 00:00:00+00:00,24.389999389648438,24.389999389648438,24.389999389648438,24.389999389648438,0.0
2008-07-11 00:00:00+00:00,25.520000457763672,25.520000457763672,25.520000457763672,25.520000457763672,0.0
2008-07-14 00:00:00+00:00,25.8799991607666,25.8799991607666,25.8799991607666,25.8799991607666,0.0
2008-07-15 00:00:00+00:00,25.969999313354492,25.969999313354492,25.969999313354492,25.969999313354492,0.0
2008-07-16 00:00:00+00:00,24.559999465942383,24.559999465942383,24.559999465942383,24.559999465942383,0.0
2008-07-17 00:00:00+00:00,24.3700008392334,24.3700008392334,24.3700008392334,24.3700008392334,0.0
2008-07-18 00:00:00+00:00,23.799999237060547,23.799999237060547,23.799999237060547,23.799999237060547,0.0
2008-07-21 00:00:00+00:00,23.18000030517578,23.18000030517578,23.18000030517578,23.18000030517578,0.0
2008-07-22 00:00:00+00:00,22.059999465942383,22.059999465942383,22.059999465942383,22.059999465942383,0.0
2008-07-23 00:00:00+00:00,22.200000762939453,22.200000762939453,22.200000762939453,22.200000762939453,0.0
2008-07-24 00:00:00+00:00,23.760000228881836,23.760000228881836,23.760000228881836,23.760000228881836,0.0
2008-07-25 00:00:00+00:00,23.290000915527344,23.290000915527344,23.290000915527344,23.290000915527344,0.0
2008-07-28 00:00:00+00:00,23.989999771118164,23.989999771118164,23.989999771118164,23.989999771118164,0.0
2008-07-29 00:00:00+00:00,22.219999313354492,22.219999313354492,22.219999313354492,22.219999313354492,0.0
2008-07-30 00:00:00+00:00,21.440000534057617,21.440000534057617,21.440000534057617,21.440000534057617,0.0
2008-07-31 00:00:00+00:00,22.670000076293945,22.670000076293945,22.670000076293945,22.670000076293945,0.0
2008-08-01 00:00:00+00:00,22.75,22.75,22.75,22.75,0.0
2008-08-04 00:00:00+00:00,23.09000015258789,23.09000015258789,23.09000015258789,23.09000015258789,0.0
2008-08-05 00:00:00+00:00,21.5,21.5,21.5,21.5,0.0
2008-08-06 00:00:00+00:00,21.18000030517578,21.18000030517578,21.18000030517578,21.18000030517578,0.0
2008-08-07 00:00:00+00:00,21.860000610351562,21.860000610351562,21.860000610351562,21.860000610351562,0.0
2008-08-08 00:00:00+00:00,21.649999618530273,21.649999618530273,21.649999618530273,21.649999618530273,0.0
2008-08-11 00:00:00+00:00,21.440000534057617,21.440000534057617,21.440000534057617,21.440000534057617,0.0
2008-08-12 00:00:00+00:00,22.200000762939453,22.200000762939453,22.200000762939453,22.200000762939453,0.0
2008-08-13 00:00:00+00:00,22.540000915527344,22.540000915527344,22.540000915527344,22.540000915527344,0.0
2008-08-14 00:00:00+00:00,21.65999984741211,21.65999984741211,21.65999984741211,21.65999984741211,0.0
2008-08-15 00:00:00+00:00,21.3799991607666,21.3799991607666,21.3799991607666,21.3799991607666,0.0
2008-08-18 00:00:00+00:00,22.110000610351562,22.110000610351562,22.110000610351562,22.110000610351562,0.0
2008-08-19 00:00:00+00:00,22.420000076293945,22.420000076293945,22.420000076293945,22.420000076293945,0.0
2008-08-20 00:00:00+00:00,22.459999084472656,22.459999084472656,22.459999084472656,22.459999084472656,0.0
2008-08-21 00:00:00+00:00,22.079999923706055,22.079999923706055,22.079999923706055,22.079999923706055,0.0
2008-08-22 00:00:00+00:00,21.479999542236328,21.479999542236328,21.479999542236328,21.479999542236328,0.0
2008-08-25 00:00:00+00:00,22.809999465942383,22.809999465942383,22.809999465942383,22.809999465942383,0.0
2008-08-26 00:00:00+00:00,22.520000457763672,22.520000457763672,22.520000457763672,22.520000457763672,0.0
2008-08-27 00:00:00+00:00,21.940000534057617,21.940000534057617,21.940000534057617,21.940000534057617,0.0
2008-08-28 00:00:00+00:00,21.540000915527344,21.540000915527344,21.540000915527344,21.540000915527344,0.0
2008-08-29 00:00:00+00:00,22.520000457763672,22.520000457763672,22.520000457763672,22.520000457763672,0.0
2008-09-02 00:00:00+00:00,23.110000610351562,23.110000610351562,23.110000610351562,23.110000610351562,0.0
2008-09-03 00:00:00+00:00,22.799999237060547,22.799999237060547,22.799999237060547,22.799999237060547,0.0
2008-09-04 00:00:00+00:00,24.350000381469727,24.350000381469727,24.350000381469727,24.350000381469727,0.0
2008-09-05 00:00:00+00:00,23.729999542236328,23.729999542236328,23.729999542236328,23.729999542236328,0.0
2008-09-08 00:00:00+00:00,23.149999618530273,23.149999618530273,23.149999618530273,23.149999618530273,0.0
2008-09-09 00:00:00+00:00,25.149999618530273,25.149999618530273,25.149999618530273,25.149999618530273,0.0
2008-09-10 00:00:00+00:00,24.540000915527344,24.540000915527344,24.540000915527344,24.540000915527344,0.0
2008-09-11 00:00:00+00:00,24.360000610351562,24.360000610351562,24.360000610351562,24.360000610351562,0.0
2008-09-12 00:00:00+00:00,25.020000457763672,25.020000457763672,25.020000457763672,25.020000457763672,0.0
2008-09-15 00:00:00+00:00,27.93000030517578,27.93000030517578,27.93000030517578,27.93000030517578,0.0
2008-09-16 00:00:00+00:00,26.8799991607666,26.8799991607666,26.8799991607666,26.8799991607666,0.0
2008-09-17 00:00:00+00:00,30.239999771118164,30.239999771118164,30.239999771118164,30.239999771118164,0.0
2008-09-18 00:00:00+00:00,28.579999923706055,28.579999923706055,28.579999923706055,28.579999923706055,0.0
2008-09-19 00:00:00+00:00,28.040000915527344,28.040000915527344,28.040000915527344,28.040000915527344,0.0
2008-09-22 00:00:00+00:00,29.729999542236328,29.729999542236328,29.729999542236328,29.729999542236328,0.0
2008-09-23 00:00:00+00:00,31.260000228881836,31.260000228881836,31.260000228881836,31.260000228881836,0.0
2008-09-24 00:00:00+00:00,30.559999465942383,30.559999465942383,30.559999465942383,30.559999465942383,0.0
2008-09-25 00:00:00+00:00,29.100000381469727,29.100000381469727,29.100000381469727,29.100000381469727,0.0
2008-09-26 00:00:00+00:00,29.739999771118164,29.739999771118164,29.739999771118164,29.739999771118164,0.0
2008-09-29 00:00:00+00:00,36.27000045776367,36.27000045776367,36.27000045776367,36.27000045776367,0.0
2008-09-30 00:00:00+00:00,33.029998779296875,33.029998779296875,33.029998779296875,33.029998779296875,0.0
2008-10-01 00:00:00+00:00,33.439998626708984,33.439998626708984,33.439998626708984,33.439998626708984,0.0
2008-10-02 00:00:00+00:00,36.4900016784668,36.4900016784668,36.4900016784668,36.4900016784668,0.0
2008-10-03 00:00:00+00:00,37.29999923706055,37.29999923706055,37.29999923706055,37.29999923706055,0.0
2008-10-06 00:00:00+00:00,39.130001068115234,39.130001068115234,39.130001068115234,39.130001068115234,0.0
2008-10-07 00:00:00+00:00,40.54999923706055,40.54999923706055,40.54999923706055,40.54999923706055,0.0
2008-10-08 00:00:00+00:00,42.220001220703125,42.220001220703125,42.220001220703125,42.220001220703125,0.0
2008-10-09 00:00:00+00:00,48.0099983215332,48.0099983215332,48.0099983215332,48.0099983215332,0.0
2008-10-10 00:00:00+00:00,50.90999984741211,50.90999984741211,50.90999984741211,50.90999984741211,0.0
2008-10-13 00:00:00+00:00,42.380001068115234,42.380001068115234,42.380001068115234,42.380001068115234,0.0
2008-10-14 00:00:00+00:00,42.9900016784668,42.9900016784668,42.9900016784668,42.9900016784668,0.0
2008-10-15 00:00:00+00:00,49.45000076293945,49.45000076293945,49.45000076293945,49.45000076293945,0.0
2008-10-16 00:00:00+00:00,48.7400016784668,48.7400016784668,48.7400016784668,48.7400016784668,0.0
2008-10-17 00:00:00+00:00,51.130001068115234,51.130001068115234,51.130001068115234,51.130001068115234,0.0
2008-10-20 00:00:00+00:00,43.619998931884766,43.619998931884766,43.619998931884766,43.619998931884766,0.0
2008-10-21 00:00:00+00:00,43.790000915527344,43.790000915527344,43.790000915527344,43.790000915527344,0.0
2008-10-22 00:00:00+00:00,49.83000183105469,49.83000183105469,49.83000183105469,49.83000183105469,0.0
2008-10-23 00:00:00+00:00,49.7599983215332,49.7599983215332,49.7599983215332,49.7599983215332,0.0
2008-10-24 00:00:00+00:00,55.29999923706055,55.29999923706055,55.29999923706055,55.29999923706055,0.0
2008-10-27 00:00:00+00:00,62.84000015258789,62.84000015258789,62.84000015258789,62.84000015258789,0.0
2008-10-28 00:00:00+00:00,54.380001068115234,54.380001068115234,54.380001068115234,54.380001068115234,0.0
2008-10-29 00:00:00+00:00,57.81999969482422,57.81999969482422,57.81999969482422,57.81999969482422,0.0
2008-10-30 00:00:00+00:00,53.75,53.75,53.75,53.75,0.0
2008-10-31 00:00:00+00:00,53.56999969482422,53.56999969482422,53.56999969482422,53.56999969482422,0.0
2008-11-03 00:00:00+00:00,51.20000076293945,51.20000076293945,51.20000076293945,51.20000076293945,0.0
2008-11-04 00:00:00+00:00,46.2599983215332,46.2599983215332,46.2599983215332,46.2599983215332,0.0
2008-11-05 00:00:00+00:00,49.720001220703125,49.720001220703125,49.720001220703125,49.720001220703125,0.0
2008-11-06 00:00:00+00:00,56.13999938964844,56.13999938964844,56.13999938964844,56.13999938964844,0.0
2008-11-07 00:00:00+00:00,52.61000061035156,52.61000061035156,52.61000061035156,52.61000061035156,0.0
2008-11-10 00:00:00+00:00,54.04999923706055,54.04999923706055,54.04999923706055,54.04999923706055,0.0
2008-11-11 00:00:00+00:00,55.630001068115234,55.630001068115234,55.630001068115234,55.630001068115234,0.0
2008-11-12 00:00:00+00:00,59.099998474121094,59.099998474121094,59.099998474121094,59.099998474121094,0.0
2008-11-13 00:00:00+00:00,54.099998474121094,54.099998474121094,54.099998474121094,54.099998474121094,0.0
2008-11-14 00:00:00+00:00,59.290000915527344,59.290000915527344,59.290000915527344,59.290000915527344,0.0
2008-11-17 00:00:00+00:00,62.5099983215332,62.5099983215332,62.5099983215332,62.5099983215332,0.0
2008-11-18 00:00:00+00:00,61.38999938964844,61.38999938964844,61.38999938964844,61.38999938964844,0.0
2008-11-19 00:00:00+00:00,66.48999786376953,66.48999786376953,66.48999786376953,66.48999786376953,0.0
2008-11-20 00:00:00+00:00,69.23999786376953,69.23999786376953,69.23999786376953,69.23999786376953,0.0
2008-11-21 00:00:00+00:00,64.3499984741211,64.3499984741211,64.3499984741211,64.3499984741211,0.0
2008-11-24 00:00:00+00:00,59.5,59.5,59.5,59.5,0.0
2008-11-25 00:00:00+00:00,57.9900016784668,57.9900016784668,57.9900016784668,57.9900016784668,0.0
2008-11-26 00:00:00+00:00,53.72999954223633,53.72999954223633,53.72999954223633,53.72999954223633,0.0
2008-11-28 00:00:00+00:00,54.18000030517578,54.18000030517578,54.18000030517578,54.18000030517578,0.0
2008-12-01 00:00:00+00:00,62.38999938964844,62.38999938964844,62.38999938964844,62.38999938964844,0.0
2008-12-02 00:00:00+00:00,59.650001525878906,59.650001525878906,59.650001525878906,59.650001525878906,0.0
2008-12-03 00:00:00+00:00,58.5,58.5,58.5,58.5,0.0
2008-12-04 00:00:00+00:00,61.290000915527344,61.290000915527344,61.290000915527344,61.290000915527344,0.0
2008-12-05 00:00:00+00:00,58.060001373291016,58.060001373291016,58.060001373291016,58.060001373291016,0.0
2008-12-08 00:00:00+00:00,56.599998474121094,56.599998474121094,56.599998474121094,56.599998474121094,0.0
2008-12-09 00:00:00+00:00,57.77000045776367,57.77000045776367,57.77000045776367,57.77000045776367,0.0
2008-12-10 00:00:00+00:00,56.15999984741211,56.15999984741211,56.15999984741211,56.15999984741211,0.0
2008-12-11 00:00:00+00:00,56.09000015258789,56.09000015258789,56.09000015258789,56.09000015258789,0.0
2008-12-12 00:00:00+00:00,55.13999938964844,55.13999938964844,55.13999938964844,55.13999938964844,0.0
2008-12-15 00:00:00+00:00,56.40999984741211,56.40999984741211,56.40999984741211,56.40999984741211,0.0
2008-12-16 00:00:00+00:00,52.90999984741211,52.90999984741211,52.90999984741211,52.90999984741211,0.0
2008-12-17 00:00:00+00:00,51.56999969482422,51.56999969482422,51.56999969482422,51.56999969482422,0.0
2008-12-18 00:00:00+00:00,49.79999923706055,49.79999923706055,49.79999923706055,49.79999923706055,0.0
2008-12-19 00:00:00+00:00,43.400001525878906,43.400001525878906,43.400001525878906,43.400001525878906,0.0
2008-12-22 00:00:00+00:00,43.709999084472656,43.709999084472656,43.709999084472656,43.709999084472656,0.0
2008-12-23 00:00:00+00:00,44.47999954223633,44.47999954223633,44.47999954223633,44.47999954223633,0.0
2008-12-24 00:00:00+00:00,43.959999084472656,43.959999084472656,43.959999084472656,43.959999084472656,0.0
2008-12-26 00:00:00+00:00,46.11000061035156,46.11000061035156,46.11000061035156,46.11000061035156,0.0
2008-12-29 00:00:00+00:00,46.540000915527344,46.540000915527344,46.540000915527344,46.540000915527344,0.0
2008-12-30 00:00:00+00:00,44.40999984741211,44.40999984741211,44.40999984741211,44.40999984741211,0.0
2008-12-31 00:00:00+00:00,43.18000030517578,43.18000030517578,43.18000030517578,43.18000030517578,0.0
2009-01-02 00:00:00+00:00,40.560001373291016,40.560001373291016,40.560001373291016,40.560001373291016,0.0
2009-01-05 00:00:00+00:00,40.81999969482422,40.81999969482422,40.81999969482422,40.81999969482422,0.0
2009-01-06 00:00:00+00:00,40.310001373291016,40.310001373291016,40.310001373291016,40.310001373291016,0.0
2009-01-07 00:00:00+00:00,43.810001373291016,43.810001373291016,43.810001373291016,43.810001373291016,0.0
2009-01-08 00:00:00+00:00,43.16999816894531,43.16999816894531,43.16999816894531,43.16999816894531,0.0
2009-01-09 00:00:00+00:00,44.880001068115234,44.880001068115234,44.880001068115234,44.880001068115234,0.0
2009-01-12 00:00:00+00:00,47.349998474121094,47.349998474121094,47.349998474121094,47.349998474121094,0.0
2009-01-13 00:00:00+00:00,47.13999938964844,47.13999938964844,47.13999938964844,47.13999938964844,0.0
2009-01-14 00:00:00+00:00,50.68000030517578,50.68000030517578,50.68000030517578,50.68000030517578,0.0
2009-01-15 00:00:00+00:00,51.709999084472656,51.709999084472656,51.709999084472656,51.709999084472656,0.0
2009-01-16 00:00:00+00:00,48.95000076293945,48.95000076293945,48.95000076293945,48.95000076293945,0.0
2009-01-20 00:00:00+00:00,54.869998931884766,54.869998931884766,54.869998931884766,54.869998931884766,0.0
2009-01-21 00:00:00+00:00,49.959999084472656,49.959999084472656,49.959999084472656,49.959999084472656,0.0
2009-01-22 00:00:00+00:00,50.130001068115234,50.130001068115234,50.130001068115234,50.130001068115234,0.0
2009-01-23 00:00:00+00:00,49.36000061035156,49.36000061035156,49.36000061035156,49.36000061035156,0.0
2009-01-26 00:00:00+00:00,47.470001220703125,47.470001220703125,47.470001220703125,47.470001220703125,0.0
2009-01-27 00:00:00+00:00,45.18000030517578,45.18000030517578,45.18000030517578,45.18000030517578,0.0
2009-01-28 00:00:00+00:00,42.20000076293945,42.20000076293945,42.20000076293945,42.20000076293945,0.0
2009-01-29 00:00:00+00:00,43.529998779296875,43.529998779296875,43.529998779296875,43.529998779296875,0.0
2009-01-30 00:00:00+00:00,44.599998474121094,44.599998474121094,44.599998474121094,44.599998474121094,0.0
2009-02-02 00:00:00+00:00,43.90999984741211,43.90999984741211,43.90999984741211,43.90999984741211,0.0
2009-02-03 00:00:00+00:00,42.2400016784668,42.2400016784668,42.2400016784668,42.2400016784668,0.0
2009-02-04 00:00:00+00:00,42.130001068115234,42.130001068115234,42.130001068115234,42.130001068115234,0.0
2009-02-05 00:00:00+00:00,42.599998474121094,42.599998474121094,42.599998474121094,42.599998474121094,0.0
2009-02-06 00:00:00+00:00,43.380001068115234,43.380001068115234,43.380001068115234,43.380001068115234,0.0
2009-02-09 00:00:00+00:00,43.43000030517578,43.43000030517578,43.43000030517578,43.43000030517578,0.0
2009-02-10 00:00:00+00:00,46.060001373291016,46.060001373291016,46.060001373291016,46.060001373291016,0.0
2009-02-11 00:00:00+00:00,45.06999969482422,45.06999969482422,45.06999969482422,45.06999969482422,0.0
2009-02-12 00:00:00+00:00,42.65999984741211,42.65999984741211,42.65999984741211,42.65999984741211,0.0
2009-02-13 00:00:00+00:00,42.470001220703125,42.470001220703125,42.470001220703125,42.470001220703125,0.0
2009-02-17 00:00:00+00:00,46.0,46.0,46.0,46.0,0.0
2009-02-18 00:00:00+00:00,46.970001220703125,46.970001220703125,46.970001220703125,46.970001220703125,0.0
2009-02-19 00:00:00+00:00,45.630001068115234,45.630001068115234,45.630001068115234,45.630001068115234,0.0
2009-02-20 00:00:00+00:00,47.029998779296875,47.029998779296875,47.029998779296875,47.029998779296875,0.0
2009-02-23 00:00:00+00:00,50.43000030517578,50.43000030517578,50.43000030517578,50.43000030517578,0.0
2009-02-24 00:00:00+00:00,45.11000061035156,45.11000061035156,45.11000061035156,45.11000061035156,0.0
2009-02-25 00:00:00+00:00,44.400001525878906,44.400001525878906,44.400001525878906,44.400001525878906,0.0
2009-02-26 00:00:00+00:00,44.18000030517578,44.18000030517578,44.18000030517578,44.18000030517578,0.0
2009-02-27 00:00:00+00:00,45.209999084472656,45.209999084472656,45.209999084472656,45.209999084472656,0.0
2009-03-02 00:00:00+00:00,48.66999816894531,48.66999816894531,48.66999816894531,48.66999816894531,0.0
2009-03-03 00:00:00+00:00,48.5099983215332,48.5099983215332,48.5099983215332,48.5099983215332,0.0
2009-03-04 00:00:00+00:00,44.720001220703125,44.720001220703125,44.720001220703125,44.720001220703125,0.0
2009-03-05 00:00:00+00:00,46.70000076293945,46.70000076293945,46.70000076293945,46.70000076293945,0.0
2009-03-06 00:00:00+00:00,46.47999954223633,46.47999954223633,46.47999954223633,46.47999954223633,0.0
2009-03-09 00:00:00+00:00,46.529998779296875,46.529998779296875,46.529998779296875,46.529998779296875,0.0
2009-03-10 00:00:00+00:00,42.40999984741211,42.40999984741211,42.40999984741211,42.40999984741211,0.0
2009-03-11 00:00:00+00:00,42.5,42.5,42.5,42.5,0.0
2009-03-12 00:00:00+00:00,40.70000076293945,40.70000076293945,40.70000076293945,40.70000076293945,0.0
2009-03-13 00:00:00+00:00,41.83000183105469,41.83000183105469,41.83000183105469,41.83000183105469,0.0
2009-03-16 00:00:00+00:00,42.2400016784668,42.2400016784668,42.2400016784668,42.2400016784668,0.0
2009-03-17 00:00:00+00:00,39.97999954223633,39.97999954223633,39.97999954223633,39.97999954223633,0.0
2009-03-18 00:00:00+00:00,39.900001525878906,39.900001525878906,39.900001525878906,39.900001525878906,0.0
2009-03-19 00:00:00+00:00,43.150001525878906,43.150001525878906,43.150001525878906,43.150001525878906,0.0
2009-03-20 00:00:00+00:00,46.279998779296875,46.279998779296875,46.279998779296875,46.279998779296875,0.0
2009-03-23 00:00:00+00:00,42.33000183105469,42.33000183105469,42.33000183105469,42.33000183105469,0.0
2009-03-24 00:00:00+00:00,43.63999938964844,43.63999938964844,43.63999938964844,43.63999938964844,0.0
2009-03-25 00:00:00+00:00,41.900001525878906,41.900001525878906,41.900001525878906,41.900001525878906,0.0
2009-03-26 00:00:00+00:00,40.68000030517578,40.68000030517578,40.68000030517578,40.68000030517578,0.0
2009-03-27 00:00:00+00:00,42.09000015258789,42.09000015258789,42.09000015258789,42.09000015258789,0.0
2009-03-30 00:00:00+00:00,44.9900016784668,44.9900016784668,44.9900016784668,44.9900016784668,0.0
2009-03-31 00:00:00+00:00,44.59000015258789,44.59000015258789,44.59000015258789,44.59000015258789,0.0
2009-04-01 00:00:00+00:00,43.029998779296875,43.029998779296875,43.029998779296875,43.029998779296875,0.0
2009-04-02 00:00:00+00:00,42.2400016784668,42.2400016784668,42.2400016784668,42.2400016784668,0.0
2009-04-03 00:00:00+00:00,41.06999969482422,41.06999969482422,41.06999969482422,41.06999969482422,0.0
2009-04-06 00:00:00+00:00,41.16999816894531,41.16999816894531,41.16999816894531,41.16999816894531,0.0
2009-04-07 00:00:00+00:00,41.66999816894531,41.66999816894531,41.66999816894531,41.66999816894531,0.0
2009-04-08 00:00:00+00:00,40.20000076293945,40.20000076293945,40.20000076293945,40.20000076293945,0.0
2009-04-09 00:00:00+00:00,38.529998779296875,38.529998779296875,38.529998779296875,38.529998779296875,0.0
2009-04-13 00:00:00+00:00,38.54999923706055,38.54999923706055,38.54999923706055,38.54999923706055,0.0
2009-04-14 00:00:00+00:00,38.689998626708984,38.689998626708984,38.689998626708984,38.689998626708984,0.0
2009-04-15 00:00:00+00:00,37.970001220703125,37.970001220703125,37.970001220703125,37.970001220703125,0.0
2009-04-16 00:00:00+00:00,36.959999084472656,36.959999084472656,36.959999084472656,36.959999084472656,0.0
2009-04-17 00:00:00+00:00,36.59000015258789,36.59000015258789,36.59000015258789,36.59000015258789,0.0
2009-04-20 00:00:00+00:00,39.40999984741211,39.40999984741211,39.40999984741211,39.40999984741211,0.0
2009-04-21 00:00:00+00:00,37.779998779296875,37.779998779296875,37.779998779296875,37.779998779296875,0.0
2009-04-22 00:00:00+00:00,38.5,38.5,38.5,38.5,0.0
2009-04-23 00:00:00+00:00,37.97999954223633,37.97999954223633,37.97999954223633,37.97999954223633,0.0
2009-04-24 00:00:00+00:00,37.810001373291016,37.810001373291016,37.810001373291016,37.810001373291016,0.0
2009-04-27 00:00:00+00:00,38.630001068115234,38.630001068115234,38.630001068115234,38.630001068115234,0.0
2009-04-28 00:00:00+00:00,38.400001525878906,38.400001525878906,38.400001525878906,38.400001525878906,0.0
2009-04-29 00:00:00+00:00,36.4900016784668,36.4900016784668,36.4900016784668,36.4900016784668,0.0
2009-04-30 00:00:00+00:00,36.72999954223633,36.72999954223633,36.72999954223633,36.72999954223633,0.0
2009-05-01 00:00:00+00:00,35.84000015258789,35.84000015258789,35.84000015258789,35.84000015258789,0.0
2009-05-04 00:00:00+00:00,34.79999923706055,34.79999923706055,34.79999923706055,34.79999923706055,0.0
2009-05-05 00:00:00+00:00,34.18000030517578,34.18000030517578,34.18000030517578,34.18000030517578,0.0
2009-05-06 00:00:00+00:00,33.36000061035156,33.36000061035156,33.36000061035156,33.36000061035156,0.0
2009-05-07 00:00:00+00:00,34.040000915527344,34.040000915527344,34.040000915527344,34.040000915527344,0.0
2009-05-08 00:00:00+00:00,32.81999969482422,32.81999969482422,32.81999969482422,32.81999969482422,0.0
2009-05-11 00:00:00+00:00,33.38999938964844,33.38999938964844,33.38999938964844,33.38999938964844,0.0
2009-05-12 00:00:00+00:00,32.77000045776367,32.77000045776367,32.77000045776367,32.77000045776367,0.0
2009-05-13 00:00:00+00:00,33.83000183105469,33.83000183105469,33.83000183105469,33.83000183105469,0.0
2009-05-14 00:00:00+00:00,32.25,32.25,32.25,32.25,0.0
2009-05-15 00:00:00+00:00,33.220001220703125,33.220001220703125,33.220001220703125,33.220001220703125,0.0
2009-05-18 00:00:00+00:00,31.229999542236328,31.229999542236328,31.229999542236328,31.229999542236328,0.0
2009-05-19 00:00:00+00:00,30.420000076293945,30.420000076293945,30.420000076293945,30.420000076293945,0.0
2009-05-20 00:00:00+00:00,30.739999771118164,30.739999771118164,30.739999771118164,30.739999771118164,0.0
2009-05-21 00:00:00+00:00,32.38999938964844,32.38999938964844,32.38999938964844,32.38999938964844,0.0
2009-05-22 00:00:00+00:00,33.040000915527344,33.040000915527344,33.040000915527344,33.040000915527344,0.0
2009-05-26 00:00:00+00:00,31.530000686645508,31.530000686645508,31.530000686645508,31.530000686645508,0.0
2009-05-27 00:00:00+00:00,32.470001220703125,32.470001220703125,32.470001220703125,32.470001220703125,0.0
2009-05-28 00:00:00+00:00,32.04999923706055,32.04999923706055,32.04999923706055,32.04999923706055,0.0
2009-05-29 00:00:00+00:00,30.43000030517578,30.43000030517578,30.43000030517578,30.43000030517578,0.0
2009-06-01 00:00:00+00:00,30.600000381469727,30.600000381469727,30.600000381469727,30.600000381469727,0.0
2009-06-02 00:00:00+00:00,30.579999923706055,30.579999923706055,30.579999923706055,30.579999923706055,0.0
2009-06-03 00:00:00+00:00,32.189998626708984,32.189998626708984,32.189998626708984,32.189998626708984,0.0
2009-06-04 00:00:00+00:00,31.579999923706055,31.579999923706055,31.579999923706055,31.579999923706055,0.0
2009-06-05 00:00:00+00:00,31.600000381469727,31.600000381469727,31.600000381469727,31.600000381469727,0.0
2009-06-08 00:00:00+00:00,31.770000457763672,31.770000457763672,31.770000457763672,31.770000457763672,0.0
2009-06-09 00:00:00+00:00,30.670000076293945,30.670000076293945,30.670000076293945,30.670000076293945,0.0
2009-06-10 00:00:00+00:00,30.610000610351562,30.610000610351562,30.610000610351562,30.610000610351562,0.0
2009-06-11 00:00:00+00:00,29.93000030517578,29.93000030517578,29.93000030517578,29.93000030517578,0.0
2009-06-12 00:00:00+00:00,29.5,29.5,29.5,29.5,0.0
2009-06-15 00:00:00+00:00,31.34000015258789,31.34000015258789,31.34000015258789,31.34000015258789,0.0
2009-06-16 00:00:00+00:00,32.790000915527344,32.790000915527344,32.790000915527344,32.790000915527344,0.0
2009-06-17 00:00:00+00:00,32.88999938964844,32.88999938964844,32.88999938964844,32.88999938964844,0.0
2009-06-18 00:00:00+00:00,31.510000228881836,31.510000228881836,31.510000228881836,31.510000228881836,0.0
2009-06-19 00:00:00+00:00,30.639999389648438,30.639999389648438,30.639999389648438,30.639999389648438,0.0
2009-06-22 00:00:00+00:00,33.0099983215332,33.0099983215332,33.0099983215332,33.0099983215332,0.0
2009-06-23 00:00:00+00:00,32.41999816894531,32.41999816894531,32.41999816894531,32.41999816894531,0.0
2009-06-24 00:00:00+00:00,31.06999969482422,31.06999969482422,31.06999969482422,31.06999969482422,0.0
2009-06-25 00:00:00+00:00,29.40999984741211,29.40999984741211,29.40999984741211,29.40999984741211,0.0
2009-06-26 00:00:00+00:00,29.280000686645508,29.280000686645508,29.280000686645508,29.280000686645508,0.0
2009-06-29 00:00:00+00:00,28.200000762939453,28.200000762939453,28.200000762939453,28.200000762939453,0.0
2009-06-30 00:00:00+00:00,28.760000228881836,28.760000228881836,28.760000228881836,28.760000228881836,0.0
2009-07-01 00:00:00+00:00,28.959999084472656,28.959999084472656,28.959999084472656,28.959999084472656,0.0
2009-07-02 00:00:00+00:00,30.530000686645508,30.530000686645508,30.530000686645508,30.530000686645508,0.0
2009-07-06 00:00:00+00:00,30.790000915527344,30.790000915527344,30.790000915527344,30.790000915527344,0.0
2009-07-07 00:00:00+00:00,32.09000015258789,32.09000015258789,32.09000015258789,32.09000015258789,0.0
2009-07-08 00:00:00+00:00,32.41999816894531,32.41999816894531,32.41999816894531,32.41999816894531,0.0
2009-07-09 00:00:00+00:00,31.670000076293945,31.670000076293945,31.670000076293945,31.670000076293945,0.0
2009-07-10 00:00:00+00:00,31.709999084472656,31.709999084472656,31.709999084472656,31.709999084472656,0.0
2009-07-13 00:00:00+00:00,30.100000381469727,30.100000381469727,30.100000381469727,30.100000381469727,0.0
2009-07-14 00:00:00+00:00,29.579999923706055,29.579999923706055,29.579999923706055,29.579999923706055,0.0
2009-07-15 00:00:00+00:00,29.110000610351562,29.110000610351562,29.110000610351562,29.110000610351562,0.0
2009-07-16 00:00:00+00:00,28.610000610351562,28.610000610351562,28.610000610351562,28.610000610351562,0.0
2009-07-17 00:00:00+00:00,28.649999618530273,28.649999618530273,28.649999618530273,28.649999618530273,0.0
2009-07-20 00:00:00+00:00,27.59000015258789,27.59000015258789,27.59000015258789,27.59000015258789,0.0
2009-07-21 00:00:00+00:00,27.440000534057617,27.440000534057617,27.440000534057617,27.440000534057617,0.0
2009-07-22 00:00:00+00:00,27.219999313354492,27.219999313354492,27.219999313354492,27.219999313354492,0.0
2009-07-23 00:00:00+00:00,26.959999084472656,26.959999084472656,26.959999084472656,26.959999084472656,0.0
2009-07-24 00:00:00+00:00,26.3700008392334,26.3700008392334,26.3700008392334,26.3700008392334,0.0
2009-07-27 00:00:00+00:00,26.989999771118164,26.989999771118164,26.989999771118164,26.989999771118164,0.0
2009-07-28 00:00:00+00:00,27.959999084472656,27.959999084472656,27.959999084472656,27.959999084472656,0.0
2009-07-29 00:00:00+00:00,28.420000076293945,28.420000076293945,28.420000076293945,28.420000076293945,0.0
2009-07-30 00:00:00+00:00,28.190000534057617,28.190000534057617,28.190000534057617,28.190000534057617,0.0
2009-07-31 00:00:00+00:00,28.399999618530273,28.399999618530273,28.399999618530273,28.399999618530273,0.0
2009-08-03 00:00:00+00:00,27.709999084472656,27.709999084472656,27.709999084472656,27.709999084472656,0.0
2009-08-04 00:00:00+00:00,27.219999313354492,27.219999313354492,27.219999313354492,27.219999313354492,0.0
2009-08-05 00:00:00+00:00,27.170000076293945,27.170000076293945,27.170000076293945,27.170000076293945,0.0
2009-08-06 00:00:00+00:00,27.979999542236328,27.979999542236328,27.979999542236328,27.979999542236328,0.0
2009-08-07 00:00:00+00:00,27.110000610351562,27.110000610351562,27.110000610351562,27.110000610351562,0.0
2009-08-10 00:00:00+00:00,27.059999465942383,27.059999465942383,27.059999465942383,27.059999465942383,0.0
2009-08-11 00:00:00+00:00,28.100000381469727,28.100000381469727,28.100000381469727,28.100000381469727,0.0
2009-08-12 00:00:00+00:00,27.739999771118164,27.739999771118164,27.739999771118164,27.739999771118164,0.0
2009-08-13 00:00:00+00:00,27.280000686645508,27.280000686645508,27.280000686645508,27.280000686645508,0.0
2009-08-14 00:00:00+00:00,27.110000610351562,27.110000610351562,27.110000610351562,27.110000610351562,0.0
2009-08-17 00:00:00+00:00,29.93000030517578,29.93000030517578,29.93000030517578,29.93000030517578,0.0
2009-08-18 00:00:00+00:00,28.899999618530273,28.899999618530273,28.899999618530273,28.899999618530273,0.0
2009-08-19 00:00:00+00:00,28.479999542236328,28.479999542236328,28.479999542236328,28.479999542236328,0.0
2009-08-20 00:00:00+00:00,28.290000915527344,28.290000915527344,28.290000915527344,28.290000915527344,0.0
2009-08-21 00:00:00+00:00,27.770000457763672,27.770000457763672,27.770000457763672,27.770000457763672,0.0
2009-08-24 00:00:00+00:00,28.15999984741211,28.15999984741211,28.15999984741211,28.15999984741211,0.0
2009-08-25 00:00:00+00:00,28.15999984741211,28.15999984741211,28.15999984741211,28.15999984741211,0.0
2009-08-26 00:00:00+00:00,28.360000610351562,28.360000610351562,28.360000610351562,28.360000610351562,0.0
2009-08-27 00:00:00+00:00,28.40999984741211,28.40999984741211,28.40999984741211,28.40999984741211,0.0
2009-08-28 00:00:00+00:00,28.5,28.5,28.5,28.5,0.0
2009-08-31 00:00:00+00:00,29.170000076293945,29.170000076293945,29.170000076293945,29.170000076293945,0.0
2009-09-01 00:00:00+00:00,30.8799991607666,30.8799991607666,30.8799991607666,30.8799991607666,0.0
2009-09-02 00:00:00+00:00,31.040000915527344,31.040000915527344,31.040000915527344,31.040000915527344,0.0
2009-09-03 00:00:00+00:00,29.600000381469727,29.600000381469727,29.600000381469727,29.600000381469727,0.0
2009-09-04 00:00:00+00:00,28.479999542236328,28.479999542236328,28.479999542236328,28.479999542236328,0.0
2009-09-08 00:00:00+00:00,28.209999084472656,28.209999084472656,28.209999084472656,28.209999084472656,0.0
2009-09-09 00:00:00+00:00,27.290000915527344,27.290000915527344,27.290000915527344,27.290000915527344,0.0
2009-09-10 00:00:00+00:00,26.510000228881836,26.510000228881836,26.510000228881836,26.510000228881836,0.0
2009-09-11 00:00:00+00:00,26.559999465942383,26.559999465942383,26.559999465942383,26.559999465942383,0.0
2009-09-14 00:00:00+00:00,26.40999984741211,26.40999984741211,26.40999984741211,26.40999984741211,0.0
2009-09-15 00:00:00+00:00,26.329999923706055,26.329999923706055,26.329999923706055,26.329999923706055,0.0
2009-09-16 00:00:00+00:00,25.8700008392334,25.8700008392334,25.8700008392334,25.8700008392334,0.0
2009-09-17 00:00:00+00:00,25.940000534057617,25.940000534057617,25.940000534057617,25.940000534057617,0.0
2009-09-18 00:00:00+00:00,26.540000915527344,26.540000915527344,26.540000915527344,26.540000915527344,0.0
2009-09-21 00:00:00+00:00,26.229999542236328,26.229999542236328,26.229999542236328,26.229999542236328,0.0
2009-09-22 00:00:00+00:00,25.690000534057617,25.690000534057617,25.690000534057617,25.690000534057617,0.0
2009-09-23 00:00:00+00:00,26.09000015258789,26.09000015258789,26.09000015258789,26.09000015258789,0.0
2009-09-24 00:00:00+00:00,27.1299991607666,27.1299991607666,27.1299991607666,27.1299991607666,0.0
2009-09-25 00:00:00+00:00,27.209999084472656,27.209999084472656,27.209999084472656,27.209999084472656,0.0
2009-09-28 00:00:00+00:00,26.270000457763672,26.270000457763672,26.270000457763672,26.270000457763672,0.0
2009-09-29 00:00:00+00:00,26.479999542236328,26.479999542236328,26.479999542236328,26.479999542236328,0.0
2009-09-30 00:00:00+00:00,26.65999984741211,26.65999984741211,26.65999984741211,26.65999984741211,0.0
2009-10-01 00:00:00+00:00,28.329999923706055,28.329999923706055,28.329999923706055,28.329999923706055,0.0
2009-10-02 00:00:00+00:00,28.799999237060547,28.799999237060547,28.799999237060547,28.799999237060547,0.0
2009-10-05 00:00:00+00:00,27.610000610351562,27.610000610351562,27.610000610351562,27.610000610351562,0.0
2009-10-06 00:00:00+00:00,26.729999542236328,26.729999542236328,26.729999542236328,26.729999542236328,0.0
2009-10-07 00:00:00+00:00,26.1200008392334,26.1200008392334,26.1200008392334,26.1200008392334,0.0
2009-10-08 00:00:00+00:00,25.739999771118164,25.739999771118164,25.739999771118164,25.739999771118164,0.0
2009-10-09 00:00:00+00:00,25.079999923706055,25.079999923706055,25.079999923706055,25.079999923706055,0.0
2009-10-12 00:00:00+00:00,25.170000076293945,25.170000076293945,25.170000076293945,25.170000076293945,0.0
2009-10-13 00:00:00+00:00,25.09000015258789,25.09000015258789,25.09000015258789,25.09000015258789,0.0
2009-10-14 00:00:00+00:00,24.579999923706055,24.579999923706055,24.579999923706055,24.579999923706055,0.0
2009-10-15 00:00:00+00:00,24.219999313354492,24.219999313354492,24.219999313354492,24.219999313354492,0.0
2009-10-16 00:00:00+00:00,24.399999618530273,24.399999618530273,24.399999618530273,24.399999618530273,0.0
2009-10-19 00:00:00+00:00,24.149999618530273,24.149999618530273,24.149999618530273,24.149999618530273,0.0
2009-10-20 00:00:00+00:00,23.719999313354492,23.719999313354492,23.719999313354492,23.719999313354492,0.0
2009-10-21 00:00:00+00:00,24.549999237060547,24.549999237060547,24.549999237060547,24.549999237060547,0.0
2009-10-22 00:00:00+00:00,23.350000381469727,23.350000381469727,23.350000381469727,23.350000381469727,0.0
2009-10-23 00:00:00+00:00,24.309999465942383,24.309999465942383,24.309999465942383,24.309999465942383,0.0
2009-10-26 00:00:00+00:00,25.3700008392334,25.3700008392334,25.3700008392334,25.3700008392334,0.0
2009-10-27 00:00:00+00:00,25.459999084472656,25.459999084472656,25.459999084472656,25.459999084472656,0.0
2009-10-28 00:00:00+00:00,27.420000076293945,27.420000076293945,27.420000076293945,27.420000076293945,0.0
2009-10-29 00:00:00+00:00,25.65999984741211,25.65999984741211,25.65999984741211,25.65999984741211,0.0
2009-10-30 00:00:00+00:00,29.06999969482422,29.06999969482422,29.06999969482422,29.06999969482422,0.0
2009-11-02 00:00:00+00:00,28.81999969482422,28.81999969482422,28.81999969482422,28.81999969482422,0.0
2009-11-03 00:00:00+00:00,28.8700008392334,28.8700008392334,28.8700008392334,28.8700008392334,0.0
2009-11-04 00:00:00+00:00,28.18000030517578,28.18000030517578,28.18000030517578,28.18000030517578,0.0
2009-11-05 00:00:00+00:00,26.610000610351562,26.610000610351562,26.610000610351562,26.610000610351562,0.0
2009-11-06 00:00:00+00:00,25.8799991607666,25.8799991607666,25.8799991607666,25.8799991607666,0.0
2009-11-09 00:00:00+00:00,24.40999984741211,24.40999984741211,24.40999984741211,24.40999984741211,0.0
2009-11-10 00:00:00+00:00,24.709999084472656,24.709999084472656,24.709999084472656,24.709999084472656,0.0
2009-11-11 00:00:00+00:00,24.969999313354492,24.969999313354492,24.969999313354492,24.969999313354492,0.0
2009-11-12 00:00:00+00:00,26.06999969482422,26.06999969482422,26.06999969482422,26.06999969482422,0.0
2009-11-13 00:00:00+00:00,25.600000381469727,25.600000381469727,25.600000381469727,25.600000381469727,0.0
2009-11-16 00:00:00+00:00,25.149999618530273,25.149999618530273,25.149999618530273,25.149999618530273,0.0
2009-11-17 00:00:00+00:00,25.040000915527344,25.040000915527344,25.040000915527344,25.040000915527344,0.0
2009-11-18 00:00:00+00:00,24.719999313354492,24.719999313354492,24.719999313354492,24.719999313354492,0.0
2009-11-19 00:00:00+00:00,25.110000610351562,25.110000610351562,25.110000610351562,25.110000610351562,0.0
2009-11-20 00:00:00+00:00,24.65999984741211,24.65999984741211,24.65999984741211,24.65999984741211,0.0
2009-11-23 00:00:00+00:00,24.110000610351562,24.110000610351562,24.110000610351562,24.110000610351562,0.0
2009-11-24 00:00:00+00:00,23.739999771118164,23.739999771118164,23.739999771118164,23.739999771118164,0.0
2009-11-25 00:00:00+00:00,23.65999984741211,23.65999984741211,23.65999984741211,23.65999984741211,0.0
2009-11-27 00:00:00+00:00,26.149999618530273,26.149999618530273,26.149999618530273,26.149999618530273,0.0
2009-11-30 00:00:00+00:00,26.239999771118164,26.239999771118164,26.239999771118164,26.239999771118164,0.0
2009-12-01 00:00:00+00:00,24.940000534057617,24.940000534057617,24.940000534057617,24.940000534057617,0.0
2009-12-02 00:00:00+00:00,24.799999237060547,24.799999237060547,24.799999237060547,24.799999237060547,0.0
2009-12-03 00:00:00+00:00,25.510000228881836,25.510000228881836,25.510000228881836,25.510000228881836,0.0
2009-12-04 00:00:00+00:00,24.760000228881836,24.760000228881836,24.760000228881836,24.760000228881836,0.0
2009-12-07 00:00:00+00:00,25.299999237060547,25.299999237060547,25.299999237060547,25.299999237060547,0.0
2009-12-08 00:00:00+00:00,26.1299991607666,26.1299991607666,26.1299991607666,26.1299991607666,0.0
2009-12-09 00:00:00+00:00,25.799999237060547,25.799999237060547,25.799999237060547,25.799999237060547,0.0
2009-12-10 00:00:00+00:00,25.34000015258789,25.34000015258789,25.34000015258789,25.34000015258789,0.0
2009-12-11 00:00:00+00:00,25.1200008392334,25.1200008392334,25.1200008392334,25.1200008392334,0.0
2009-12-14 00:00:00+00:00,24.559999465942383,24.559999465942383,24.559999465942383,24.559999465942383,0.0
2009-12-15 00:00:00+00:00,24.729999542236328,24.729999542236328,24.729999542236328,24.729999542236328,0.0
2009-12-16 00:00:00+00:00,24.25,24.25,24.25,24.25,0.0
2009-12-17 00:00:00+00:00,24.780000686645508,24.780000686645508,24.780000686645508,24.780000686645508,0.0
2009-12-18 00:00:00+00:00,24.520000457763672,24.520000457763672,24.520000457763672,24.520000457763672,0.0
2009-12-21 00:00:00+00:00,23.530000686645508,23.530000686645508,23.530000686645508,23.530000686645508,0.0
2009-12-22 00:00:00+00:00,22.760000228881836,22.760000228881836,22.760000228881836,22.760000228881836,0.0
2009-12-23 00:00:00+00:00,22.68000030517578,22.68000030517578,22.68000030517578,22.68000030517578,0.0
2009-12-24 00:00:00+00:00,22.43000030517578,22.43000030517578,22.43000030517578,22.43000030517578,0.0
2009-12-28 00:00:00+00:00,22.489999771118164,22.489999771118164,22.489999771118164,22.489999771118164,0.0
2009-12-29 00:00:00+00:00,22.6299991607666,22.6299991607666,22.6299991607666,22.6299991607666,0.0
2009-12-30 00:00:00+00:00,22.65999984741211,22.65999984741211,22.65999984741211,22.65999984741211,0.0
2009-12-31 00:00:00+00:00,23.889999389648438,23.889999389648438,23.889999389648438,23.889999389648438,0.0
2010-01-04 00:00:00+00:00,22.770000457763672,22.770000457763672,22.770000457763672,22.770000457763672,0.0
2010-01-05 00:00:00+00:00,22.389999389648438,22.389999389648438,22.389999389648438,22.389999389648438,0.0
2010-01-06 00:00:00+00:00,21.799999237060547,21.799999237060547,21.799999237060547,21.799999237060547,0.0
2010-01-07 00:00:00+00:00,21.600000381469727,21.600000381469727,21.600000381469727,21.600000381469727,0.0
2010-01-08 00:00:00+00:00,21.0,21.0,21.0,21.0,0.0
2010-01-11 00:00:00+00:00,21.270000457763672,21.270000457763672,21.270000457763672,21.270000457763672,0.0
2010-01-12 00:00:00+00:00,21.790000915527344,21.790000915527344,21.790000915527344,21.790000915527344,0.0
2010-01-13 00:00:00+00:00,21.290000915527344,21.290000915527344,21.290000915527344,21.290000915527344,0.0
2010-01-14 00:00:00+00:00,20.709999084472656,20.709999084472656,20.709999084472656,20.709999084472656,0.0
2010-01-15 00:00:00+00:00,21.479999542236328,21.479999542236328,21.479999542236328,21.479999542236328,0.0
2010-01-19 00:00:00+00:00,20.889999389648438,20.889999389648438,20.889999389648438,20.889999389648438,0.0
2010-01-20 00:00:00+00:00,21.399999618530273,21.399999618530273,21.399999618530273,21.399999618530273,0.0
2010-01-21 00:00:00+00:00,23.149999618530273,23.149999618530273,23.149999618530273,23.149999618530273,0.0
2010-01-22 00:00:00+00:00,26.290000915527344,26.290000915527344,26.290000915527344,26.290000915527344,0.0
2010-01-25 00:00:00+00:00,25.190000534057617,25.190000534057617,25.190000534057617,25.190000534057617,0.0
2010-01-26 00:00:00+00:00,25.170000076293945,25.170000076293945,25.170000076293945,25.170000076293945,0.0
2010-01-27 00:00:00+00:00,24.1299991607666,24.1299991607666,24.1299991607666,24.1299991607666,0.0
2010-01-28 00:00:00+00:00,24.670000076293945,24.670000076293945,24.670000076293945,24.670000076293945,0.0
2010-01-29 00:00:00+00:00,25.3799991607666,25.3799991607666,25.3799991607666,25.3799991607666,0.0
2010-02-01 00:00:00+00:00,23.639999389648438,23.639999389648438,23.639999389648438,23.639999389648438,0.0
2010-02-02 00:00:00+00:00,22.93000030517578,22.93000030517578,22.93000030517578,22.93000030517578,0.0
2010-02-03 00:00:00+00:00,23.0,23.0,23.0,23.0,0.0
2010-02-04 00:00:00+00:00,25.979999542236328,25.979999542236328,25.979999542236328,25.979999542236328,0.0
2010-02-05 00:00:00+00:00,26.0,26.0,26.0,26.0,0.0
2010-02-08 00:00:00+00:00,26.43000030517578,26.43000030517578,26.43000030517578,26.43000030517578,0.0
2010-02-09 00:00:00+00:00,26.040000915527344,26.040000915527344,26.040000915527344,26.040000915527344,0.0
2010-02-10 00:00:00+00:00,25.8700008392334,25.8700008392334,25.8700008392334,25.8700008392334,0.0
2010-02-11 00:00:00+00:00,24.56999969482422,24.56999969482422,24.56999969482422,24.56999969482422,0.0
2010-02-12 00:00:00+00:00,24.459999084472656,24.459999084472656,24.459999084472656,24.459999084472656,0.0
2010-02-16 00:00:00+00:00,23.56999969482422,23.56999969482422,23.56999969482422,23.56999969482422,0.0
2010-02-17 00:00:00+00:00,23.290000915527344,23.290000915527344,23.290000915527344,23.290000915527344,0.0
2010-02-18 00:00:00+00:00,22.780000686645508,22.780000686645508,22.780000686645508,22.780000686645508,0.0
2010-02-19 00:00:00+00:00,22.309999465942383,22.309999465942383,22.309999465942383,22.309999465942383,0.0
2010-02-22 00:00:00+00:00,21.729999542236328,21.729999542236328,21.729999542236328,21.729999542236328,0.0
2010-02-23 00:00:00+00:00,22.6200008392334,22.6200008392334,22.6200008392334,22.6200008392334,0.0
2010-02-24 00:00:00+00:00,22.079999923706055,22.079999923706055,22.079999923706055,22.079999923706055,0.0
2010-02-25 00:00:00+00:00,22.06999969482422,22.06999969482422,22.06999969482422,22.06999969482422,0.0
2010-02-26 00:00:00+00:00,21.649999618530273,21.649999618530273,21.649999618530273,21.649999618530273,0.0
2010-03-01 00:00:00+00:00,21.440000534057617,21.440000534057617,21.440000534057617,21.440000534057617,0.0
2010-03-02 00:00:00+00:00,21.18000030517578,21.18000030517578,21.18000030517578,21.18000030517578,0.0
2010-03-03 00:00:00+00:00,20.969999313354492,20.969999313354492,20.969999313354492,20.969999313354492,0.0
2010-03-04 00:00:00+00:00,21.030000686645508,21.030000686645508,21.030000686645508,21.030000686645508,0.0
2010-03-05 00:00:00+00:00,20.229999542236328,20.229999542236328,20.229999542236328,20.229999542236328,0.0
2010-03-08 00:00:00+00:00,20.260000228881836,20.260000228881836,20.260000228881836,20.260000228881836,0.0
2010-03-09 00:00:00+00:00,20.15999984741211,20.15999984741211,20.15999984741211,20.15999984741211,0.0
2010-03-10 00:00:00+00:00,20.510000228881836,20.510000228881836,20.510000228881836,20.510000228881836,0.0
2010-03-11 00:00:00+00:00,20.700000762939453,20.700000762939453,20.700000762939453,20.700000762939453,0.0
2010-03-12 00:00:00+00:00,20.270000457763672,20.270000457763672,20.270000457763672,20.270000457763672,0.0
2010-03-15 00:00:00+00:00,20.719999313354492,20.719999313354492,20.719999313354492,20.719999313354492,0.0
2010-03-16 00:00:00+00:00,20.15999984741211,20.15999984741211,20.15999984741211,20.15999984741211,0.0
2010-03-17 00:00:00+00:00,19.719999313354492,19.719999313354492,19.719999313354492,19.719999313354492,0.0
2010-03-18 00:00:00+00:00,19.479999542236328,19.479999542236328,19.479999542236328,19.479999542236328,0.0
2010-03-19 00:00:00+00:00,19.950000762939453,19.950000762939453,19.950000762939453,19.950000762939453,0.0
2010-03-22 00:00:00+00:00,20.110000610351562,20.110000610351562,20.110000610351562,20.110000610351562,0.0
2010-03-23 00:00:00+00:00,19.68000030517578,19.68000030517578,19.68000030517578,19.68000030517578,0.0
2010-03-24 00:00:00+00:00,20.079999923706055,20.079999923706055,20.079999923706055,20.079999923706055,0.0
2010-03-25 00:00:00+00:00,20.579999923706055,20.579999923706055,20.579999923706055,20.579999923706055,0.0
2010-03-26 00:00:00+00:00,20.059999465942383,20.059999465942383,20.059999465942383,20.059999465942383,0.0
2010-03-29 00:00:00+00:00,19.850000381469727,19.850000381469727,19.850000381469727,19.850000381469727,0.0
2010-03-30 00:00:00+00:00,19.540000915527344,19.540000915527344,19.540000915527344,19.540000915527344,0.0
2010-03-31 00:00:00+00:00,19.920000076293945,19.920000076293945,19.920000076293945,19.920000076293945,0.0
2010-04-01 00:00:00+00:00,19.899999618530273,19.899999618530273,19.899999618530273,19.899999618530273,0.0
2010-04-05 00:00:00+00:00,19.350000381469727,19.350000381469727,19.350000381469727,19.350000381469727,0.0
2010-04-06 00:00:00+00:00,18.84000015258789,18.84000015258789,18.84000015258789,18.84000015258789,0.0
2010-04-07 00:00:00+00:00,19.190000534057617,19.190000534057617,19.190000534057617,19.190000534057617,0.0
2010-04-08 00:00:00+00:00,19.079999923706055,19.079999923706055,19.079999923706055,19.079999923706055,0.0
2010-04-09 00:00:00+00:00,18.6200008392334,18.6200008392334,18.6200008392334,18.6200008392334,0.0
2010-04-12 00:00:00+00:00,18.959999084472656,18.959999084472656,18.959999084472656,18.959999084472656,0.0
2010-04-13 00:00:00+00:00,18.989999771118164,18.989999771118164,18.989999771118164,18.989999771118164,0.0
2010-04-14 00:00:00+00:00,18.770000457763672,18.770000457763672,18.770000457763672,18.770000457763672,0.0
2010-04-15 00:00:00+00:00,18.899999618530273,18.899999618530273,18.899999618530273,18.899999618530273,0.0
2010-04-16 00:00:00+00:00,20.229999542236328,20.229999542236328,20.229999542236328,20.229999542236328,0.0
2010-04-19 00:00:00+00:00,19.790000915527344,19.790000915527344,19.790000915527344,19.790000915527344,0.0
2010-04-20 00:00:00+00:00,18.989999771118164,18.989999771118164,18.989999771118164,18.989999771118164,0.0
2010-04-21 00:00:00+00:00,19.299999237060547,19.299999237060547,19.299999237060547,19.299999237060547,0.0
2010-04-22 00:00:00+00:00,19.59000015258789,19.59000015258789,19.59000015258789,19.59000015258789,0.0
2010-04-23 00:00:00+00:00,19.389999389648438,19.389999389648438,19.389999389648438,19.389999389648438,0.0
2010-04-26 00:00:00+00:00,19.860000610351562,19.860000610351562,19.860000610351562,19.860000610351562,0.0
2010-04-27 00:00:00+00:00,22.719999313354492,22.719999313354492,22.719999313354492,22.719999313354492,0.0
2010-04-28 00:00:00+00:00,22.309999465942383,22.309999465942383,22.309999465942383,22.309999465942383,0.0
2010-04-29 00:00:00+00:00,20.959999084472656,20.959999084472656,20.959999084472656,20.959999084472656,0.0
2010-04-30 00:00:00+00:00,23.670000076293945,23.670000076293945,23.670000076293945,23.670000076293945,0.0
2010-05-03 00:00:00+00:00,22.579999923706055,22.579999923706055,22.579999923706055,22.579999923706055,0.0
2010-05-04 00:00:00+00:00,25.06999969482422,25.06999969482422,25.06999969482422,25.06999969482422,0.0
2010-05-05 00:00:00+00:00,26.3700008392334,26.3700008392334,26.3700008392334,26.3700008392334,0.0
2010-05-06 00:00:00+00:00,26.3700008392334,26.3700008392334,26.3700008392334,26.3700008392334,0.0
2010-05-07 00:00:00+00:00,36.619998931884766,36.619998931884766,36.619998931884766,36.619998931884766,0.0
2010-05-10 00:00:00+00:00,28.979999542236328,28.979999542236328,28.979999542236328,28.979999542236328,0.0
2010-05-11 00:00:00+00:00,28.8700008392334,28.8700008392334,28.8700008392334,28.8700008392334,0.0
2010-05-12 00:00:00+00:00,26.649999618530273,26.649999618530273,26.649999618530273,26.649999618530273,0.0
2010-05-13 00:00:00+00:00,27.610000610351562,27.610000610351562,27.610000610351562,27.610000610351562,0.0
2010-05-14 00:00:00+00:00,30.799999237060547,30.799999237060547,30.799999237060547,30.799999237060547,0.0
2010-05-17 00:00:00+00:00,30.510000228881836,30.510000228881836,30.510000228881836,30.510000228881836,0.0
2010-05-18 00:00:00+00:00,32.810001373291016,32.810001373291016,32.810001373291016,32.810001373291016,0.0
2010-05-19 00:00:00+00:00,34.18000030517578,34.18000030517578,34.18000030517578,34.18000030517578,0.0
2010-05-20 00:00:00+00:00,40.83000183105469,40.83000183105469,40.83000183105469,40.83000183105469,0.0
2010-05-21 00:00:00+00:00,37.400001525878906,37.400001525878906,37.400001525878906,37.400001525878906,0.0
2010-05-24 00:00:00+00:00,36.90999984741211,36.90999984741211,36.90999984741211,36.90999984741211,0.0
2010-05-25 00:00:00+00:00,34.900001525878906,34.900001525878906,34.900001525878906,34.900001525878906,0.0
2010-05-26 00:00:00+00:00,33.95000076293945,33.95000076293945,33.95000076293945,33.95000076293945,0.0
2010-05-27 00:00:00+00:00,30.639999389648438,30.639999389648438,30.639999389648438,30.639999389648438,0.0
2010-05-28 00:00:00+00:00,32.0,32.0,32.0,32.0,0.0
2010-06-01 00:00:00+00:00,34.02000045776367,34.02000045776367,34.02000045776367,34.02000045776367,0.0
2010-06-02 00:00:00+00:00,30.59000015258789,30.59000015258789,30.59000015258789,30.59000015258789,0.0
2010-06-03 00:00:00+00:00,30.239999771118164,30.239999771118164,30.239999771118164,30.239999771118164,0.0
2010-06-04 00:00:00+00:00,34.369998931884766,34.369998931884766,34.369998931884766,34.369998931884766,0.0
2010-06-07 00:00:00+00:00,35.29999923706055,35.29999923706055,35.29999923706055,35.29999923706055,0.0
2010-06-08 00:00:00+00:00,33.650001525878906,33.650001525878906,33.650001525878906,33.650001525878906,0.0
2010-06-09 00:00:00+00:00,33.79999923706055,33.79999923706055,33.79999923706055,33.79999923706055,0.0
2010-06-10 00:00:00+00:00,31.469999313354492,31.469999313354492,31.469999313354492,31.469999313354492,0.0
2010-06-11 00:00:00+00:00,30.950000762939453,30.950000762939453,30.950000762939453,30.950000762939453,0.0
2010-06-14 00:00:00+00:00,30.68000030517578,30.68000030517578,30.68000030517578,30.68000030517578,0.0
2010-06-15 00:00:00+00:00,28.450000762939453,28.450000762939453,28.450000762939453,28.450000762939453,0.0
2010-06-16 00:00:00+00:00,28.780000686645508,28.780000686645508,28.780000686645508,28.780000686645508,0.0
2010-06-17 00:00:00+00:00,28.209999084472656,28.209999084472656,28.209999084472656,28.209999084472656,0.0
2010-06-18 00:00:00+00:00,27.959999084472656,27.959999084472656,27.959999084472656,27.959999084472656,0.0
2010-06-21 00:00:00+00:00,27.540000915527344,27.540000915527344,27.540000915527344,27.540000915527344,0.0
2010-06-22 00:00:00+00:00,29.09000015258789,29.09000015258789,29.09000015258789,29.09000015258789,0.0
2010-06-23 00:00:00+00:00,29.260000228881836,29.260000228881836,29.260000228881836,29.260000228881836,0.0
2010-06-24 00:00:00+00:00,31.360000610351562,31.360000610351562,31.360000610351562,31.360000610351562,0.0
2010-06-25 00:00:00+00:00,30.700000762939453,30.700000762939453,30.700000762939453,30.700000762939453,0.0
2010-06-28 00:00:00+00:00,30.959999084472656,30.959999084472656,30.959999084472656,30.959999084472656,0.0
2010-06-29 00:00:00+00:00,34.380001068115234,34.380001068115234,34.380001068115234,34.380001068115234,0.0
2010-06-30 00:00:00+00:00,35.22999954223633,35.22999954223633,35.22999954223633,35.22999954223633,0.0
2010-07-01 00:00:00+00:00,34.4900016784668,34.4900016784668,34.4900016784668,34.4900016784668,0.0
2010-07-02 00:00:00+00:00,33.290000915527344,33.290000915527344,33.290000915527344,33.290000915527344,0.0
2010-07-06 00:00:00+00:00,32.0099983215332,32.0099983215332,32.0099983215332,32.0099983215332,0.0
2010-07-07 00:00:00+00:00,29.719999313354492,29.719999313354492,29.719999313354492,29.719999313354492,0.0
2010-07-08 00:00:00+00:00,28.829999923706055,28.829999923706055,28.829999923706055,28.829999923706055,0.0
2010-07-09 00:00:00+00:00,28.170000076293945,28.170000076293945,28.170000076293945,28.170000076293945,0.0
2010-07-12 00:00:00+00:00,28.389999389648438,28.389999389648438,28.389999389648438,28.389999389648438,0.0
2010-07-13 00:00:00+00:00,28.31999969482422,28.31999969482422,28.31999969482422,28.31999969482422,0.0
2010-07-14 00:00:00+00:00,28.829999923706055,28.829999923706055,28.829999923706055,28.829999923706055,0.0
2010-07-15 00:00:00+00:00,29.229999542236328,29.229999542236328,29.229999542236328,29.229999542236328,0.0
2010-07-16 00:00:00+00:00,30.600000381469727,30.600000381469727,30.600000381469727,30.600000381469727,0.0
2010-07-19 00:00:00+00:00,30.079999923706055,30.079999923706055,30.079999923706055,30.079999923706055,0.0
2010-07-20 00:00:00+00:00,28.219999313354492,28.219999313354492,28.219999313354492,28.219999313354492,0.0
2010-07-21 00:00:00+00:00,29.079999923706055,29.079999923706055,29.079999923706055,29.079999923706055,0.0
2010-07-22 00:00:00+00:00,27.899999618530273,27.899999618530273,27.899999618530273,27.899999618530273,0.0
2010-07-23 00:00:00+00:00,26.989999771118164,26.989999771118164,26.989999771118164,26.989999771118164,0.0
2010-07-26 00:00:00+00:00,26.440000534057617,26.440000534057617,26.440000534057617,26.440000534057617,0.0
2010-07-27 00:00:00+00:00,26.3700008392334,26.3700008392334,26.3700008392334,26.3700008392334,0.0
2010-07-28 00:00:00+00:00,26.709999084472656,26.709999084472656,26.709999084472656,26.709999084472656,0.0
2010-07-29 00:00:00+00:00,27.1200008392334,27.1200008392334,27.1200008392334,27.1200008392334,0.0
2010-07-30 00:00:00+00:00,27.139999389648438,27.139999389648438,27.139999389648438,27.139999389648438,0.0
2010-08-02 00:00:00+00:00,25.399999618530273,25.399999618530273,25.399999618530273,25.399999618530273,0.0
2010-08-03 00:00:00+00:00,26.010000228881836,26.010000228881836,26.010000228881836,26.010000228881836,0.0
2010-08-04 00:00:00+00:00,25.959999084472656,25.959999084472656,25.959999084472656,25.959999084472656,0.0
2010-08-05 00:00:00+00:00,26.15999984741211,26.15999984741211,26.15999984741211,26.15999984741211,0.0
2010-08-06 00:00:00+00:00,26.1200008392334,26.1200008392334,26.1200008392334,26.1200008392334,0.0
2010-08-09 00:00:00+00:00,26.030000686645508,26.030000686645508,26.030000686645508,26.030000686645508,0.0
2010-08-10 00:00:00+00:00,26.309999465942383,26.309999465942383,26.309999465942383,26.309999465942383,0.0
2010-08-11 00:00:00+00:00,28.690000534057617,28.690000534057617,28.690000534057617,28.690000534057617,0.0
2010-08-12 00:00:00+00:00,29.25,29.25,29.25,29.25,0.0
2010-08-13 00:00:00+00:00,29.969999313354492,29.969999313354492,29.969999313354492,29.969999313354492,0.0
2010-08-16 00:00:00+00:00,29.799999237060547,29.799999237060547,29.799999237060547,29.799999237060547,0.0
2010-08-17 00:00:00+00:00,28.56999969482422,28.56999969482422,28.56999969482422,28.56999969482422,0.0
2010-08-18 00:00:00+00:00,28.579999923706055,28.579999923706055,28.579999923706055,28.579999923706055,0.0
2010-08-19 00:00:00+00:00,29.6299991607666,29.6299991607666,29.6299991607666,29.6299991607666,0.0
2010-08-20 00:00:00+00:00,29.540000915527344,29.540000915527344,29.540000915527344,29.540000915527344,0.0
2010-08-23 00:00:00+00:00,29.290000915527344,29.290000915527344,29.290000915527344,29.290000915527344,0.0
2010-08-24 00:00:00+00:00,30.309999465942383,30.309999465942383,30.309999465942383,30.309999465942383,3000.0
2010-08-25 00:00:00+00:00,29.850000381469727,29.850000381469727,29.850000381469727,29.850000381469727,3800.0
2010-08-26 00:00:00+00:00,30.3700008392334,30.3700008392334,30.3700008392334,30.3700008392334,0.0
2010-08-27 00:00:00+00:00,28.399999618530273,28.399999618530273,28.399999618530273,28.399999618530273,0.0
2010-08-30 00:00:00+00:00,30.010000228881836,30.010000228881836,30.010000228881836,30.010000228881836,0.0
2010-08-31 00:00:00+00:00,29.040000915527344,29.040000915527344,29.040000915527344,29.040000915527344,0.0
2010-09-01 00:00:00+00:00,27.290000915527344,27.290000915527344,27.290000915527344,27.290000915527344,0.0
2010-09-02 00:00:00+00:00,26.6200008392334,26.6200008392334,26.6200008392334,26.6200008392334,0.0
2010-09-03 00:00:00+00:00,25.309999465942383,25.309999465942383,25.309999465942383,25.309999465942383,0.0
2010-09-07 00:00:00+00:00,26.770000457763672,26.770000457763672,26.770000457763672,26.770000457763672,0.0
2010-09-08 00:00:00+00:00,26.299999237060547,26.299999237060547,26.299999237060547,26.299999237060547,0.0
2010-09-09 00:00:00+00:00,26.100000381469727,26.100000381469727,26.100000381469727,26.100000381469727,0.0
2010-09-10 00:00:00+00:00,25.59000015258789,25.59000015258789,25.59000015258789,25.59000015258789,0.0
2010-09-13 00:00:00+00:00,24.75,24.75,24.75,24.75,0.0
2010-09-14 00:00:00+00:00,24.739999771118164,24.739999771118164,24.739999771118164,24.739999771118164,0.0
2010-09-15 00:00:00+00:00,24.93000030517578,24.93000030517578,24.93000030517578,24.93000030517578,0.0
2010-09-16 00:00:00+00:00,24.959999084472656,24.959999084472656,24.959999084472656,24.959999084472656,0.0
2010-09-17 00:00:00+00:00,25.1200008392334,25.1200008392334,25.1200008392334,25.1200008392334,0.0
2010-09-20 00:00:00+00:00,24.59000015258789,24.59000015258789,24.59000015258789,24.59000015258789,0.0
2010-09-21 00:00:00+00:00,24.940000534057617,24.940000534057617,24.940000534057617,24.940000534057617,0.0
2010-09-22 00:00:00+00:00,25.15999984741211,25.15999984741211,25.15999984741211,25.15999984741211,0.0
2010-09-23 00:00:00+00:00,26.15999984741211,26.15999984741211,26.15999984741211,26.15999984741211,0.0
2010-09-24 00:00:00+00:00,24.75,24.75,24.75,24.75,0.0
2010-09-27 00:00:00+00:00,25.200000762939453,25.200000762939453,25.200000762939453,25.200000762939453,0.0
2010-09-28 00:00:00+00:00,25.34000015258789,25.34000015258789,25.34000015258789,25.34000015258789,0.0
2010-09-29 00:00:00+00:00,25.90999984741211,25.90999984741211,25.90999984741211,25.90999984741211,0.0
2010-09-30 00:00:00+00:00,26.399999618530273,26.399999618530273,26.399999618530273,26.399999618530273,0.0
2010-10-01 00:00:00+00:00,25.700000762939453,25.700000762939453,25.700000762939453,25.700000762939453,0.0
2010-10-04 00:00:00+00:00,26.31999969482422,26.31999969482422,26.31999969482422,26.31999969482422,0.0
2010-10-05 00:00:00+00:00,25.079999923706055,25.079999923706055,25.079999923706055,25.079999923706055,0.0
2010-10-06 00:00:00+00:00,24.90999984741211,24.90999984741211,24.90999984741211,24.90999984741211,0.0
2010-10-07 00:00:00+00:00,24.889999389648438,24.889999389648438,24.889999389648438,24.889999389648438,0.0
2010-10-08 00:00:00+00:00,24.059999465942383,24.059999465942383,24.059999465942383,24.059999465942383,0.0
2010-10-11 00:00:00+00:00,23.979999542236328,23.979999542236328,23.979999542236328,23.979999542236328,0.0
2010-10-12 00:00:00+00:00,23.3700008392334,23.3700008392334,23.3700008392334,23.3700008392334,0.0
2010-10-13 00:00:00+00:00,22.979999542236328,22.979999542236328,22.979999542236328,22.979999542236328,0.0
2010-10-14 00:00:00+00:00,23.559999465942383,23.559999465942383,23.559999465942383,23.559999465942383,0.0
2010-10-15 00:00:00+00:00,23.200000762939453,23.200000762939453,23.200000762939453,23.200000762939453,0.0
2010-10-18 00:00:00+00:00,22.799999237060547,22.799999237060547,22.799999237060547,22.799999237060547,0.0
2010-10-19 00:00:00+00:00,23.59000015258789,23.59000015258789,23.59000015258789,23.59000015258789,0.0
2010-10-20 00:00:00+00:00,22.65999984741211,22.65999984741211,22.65999984741211,22.65999984741211,0.0
2010-10-21 00:00:00+00:00,22.219999313354492,22.219999313354492,22.219999313354492,22.219999313354492,0.0
2010-10-22 00:00:00+00:00,21.649999618530273,21.649999618530273,21.649999618530273,21.649999618530273,0.0
2010-10-25 00:00:00+00:00,21.90999984741211,21.90999984741211,21.90999984741211,21.90999984741211,0.0
2010-10-26 00:00:00+00:00,22.200000762939453,22.200000762939453,22.200000762939453,22.200000762939453,0.0
2010-10-27 00:00:00+00:00,22.600000381469727,22.600000381469727,22.600000381469727,22.600000381469727,0.0
2010-10-28 00:00:00+00:00,22.809999465942383,22.809999465942383,22.809999465942383,22.809999465942383,0.0
2010-10-29 00:00:00+00:00,22.950000762939453,22.950000762939453,22.950000762939453,22.950000762939453,0.0
2010-11-01 00:00:00+00:00,23.290000915527344,23.290000915527344,23.290000915527344,23.290000915527344,0.0
2010-11-02 00:00:00+00:00,23.020000457763672,23.020000457763672,23.020000457763672,23.020000457763672,0.0
2010-11-03 00:00:00+00:00,21.649999618530273,21.649999618530273,21.649999618530273,21.649999618530273,0.0
2010-11-04 00:00:00+00:00,20.56999969482422,20.56999969482422,20.56999969482422,20.56999969482422,0.0
2010-11-05 00:00:00+00:00,20.65999984741211,20.65999984741211,20.65999984741211,20.65999984741211,0.0
2010-11-08 00:00:00+00:00,20.729999542236328,20.729999542236328,20.729999542236328,20.729999542236328,0.0
2010-11-09 00:00:00+00:00,21.530000686645508,21.530000686645508,21.530000686645508,21.530000686645508,0.0
2010-11-10 00:00:00+00:00,21.280000686645508,21.280000686645508,21.280000686645508,21.280000686645508,0.0
2010-11-11 00:00:00+00:00,21.469999313354492,21.469999313354492,21.469999313354492,21.469999313354492,0.0
2010-11-12 00:00:00+00:00,22.93000030517578,22.93000030517578,22.93000030517578,22.93000030517578,0.0
2010-11-15 00:00:00+00:00,22.809999465942383,22.809999465942383,22.809999465942383,22.809999465942383,0.0
2010-11-16 00:00:00+00:00,24.079999923706055,24.079999923706055,24.079999923706055,24.079999923706055,0.0
2010-11-17 00:00:00+00:00,23.829999923706055,23.829999923706055,23.829999923706055,23.829999923706055,0.0
2010-11-18 00:00:00+00:00,22.43000030517578,22.43000030517578,22.43000030517578,22.43000030517578,0.0
2010-11-19 00:00:00+00:00,21.399999618530273,21.399999618530273,21.399999618530273,21.399999618530273,0.0
2010-11-22 00:00:00+00:00,21.329999923706055,21.329999923706055,21.329999923706055,21.329999923706055,0.0
2010-11-23 00:00:00+00:00,22.59000015258789,22.59000015258789,22.59000015258789,22.59000015258789,0.0
2010-11-24 00:00:00+00:00,21.809999465942383,21.809999465942383,21.809999465942383,21.809999465942383,0.0
2010-11-26 00:00:00+00:00,21.809999465942383,21.809999465942383,21.809999465942383,21.809999465942383,0.0
2010-11-29 00:00:00+00:00,23.350000381469727,23.350000381469727,23.350000381469727,23.350000381469727,0.0
2010-11-30 00:00:00+00:00,25.190000534057617,25.190000534057617,25.190000534057617,25.190000534057617,0.0
2010-12-01 00:00:00+00:00,23.989999771118164,23.989999771118164,23.989999771118164,23.989999771118164,0.0
2010-12-02 00:00:00+00:00,21.989999771118164,21.989999771118164,21.989999771118164,21.989999771118164,0.0
2010-12-03 00:00:00+00:00,21.0,21.0,21.0,21.0,0.0
2010-12-06 00:00:00+00:00,21.040000915527344,21.040000915527344,21.040000915527344,21.040000915527344,0.0
2010-12-07 00:00:00+00:00,20.969999313354492,20.969999313354492,20.969999313354492,20.969999313354492,0.0
2010-12-08 00:00:00+00:00,20.3799991607666,20.3799991607666,20.3799991607666,20.3799991607666,0.0
2010-12-09 00:00:00+00:00,19.979999542236328,19.979999542236328,19.979999542236328,19.979999542236328,0.0
2010-12-10 00:00:00+00:00,19.84000015258789,19.84000015258789,19.84000015258789,19.84000015258789,0.0
2010-12-13 00:00:00+00:00,20.459999084472656,20.459999084472656,20.459999084472656,20.459999084472656,0.0
2010-12-14 00:00:00+00:00,20.389999389648438,20.389999389648438,20.389999389648438,20.389999389648438,0.0
2010-12-15 00:00:00+00:00,20.739999771118164,20.739999771118164,20.739999771118164,20.739999771118164,0.0
2010-12-16 00:00:00+00:00,20.81999969482422,20.81999969482422,20.81999969482422,20.81999969482422,0.0
2010-12-17 00:00:00+00:00,20.290000915527344,20.290000915527344,20.290000915527344,20.290000915527344,0.0
2010-12-20 00:00:00+00:00,20.100000381469727,20.100000381469727,20.100000381469727,20.100000381469727,0.0
2010-12-21 00:00:00+00:00,19.90999984741211,19.90999984741211,19.90999984741211,19.90999984741211,0.0
2010-12-22 00:00:00+00:00,19.56999969482422,19.56999969482422,19.56999969482422,19.56999969482422,0.0
2010-12-23 00:00:00+00:00,20.440000534057617,20.440000534057617,20.440000534057617,20.440000534057617,0.0
2010-12-27 00:00:00+00:00,21.040000915527344,21.040000915527344,21.040000915527344,21.040000915527344,0.0
2010-12-28 00:00:00+00:00,21.18000030517578,21.18000030517578,21.18000030517578,21.18000030517578,0.0
2010-12-29 00:00:00+00:00,20.84000015258789,20.84000015258789,20.84000015258789,20.84000015258789,0.0
2010-12-30 00:00:00+00:00,21.010000228881836,21.010000228881836,21.010000228881836,21.010000228881836,0.0
2010-12-31 00:00:00+00:00,20.899999618530273,20.899999618530273,20.899999618530273,20.899999618530273,0.0
2011-01-03 00:00:00+00:00,20.6200008392334,20.6200008392334,20.6200008392334,20.6200008392334,0.0
2011-01-04 00:00:00+00:00,20.610000610351562,20.610000610351562,20.610000610351562,20.610000610351562,0.0
2011-01-05 00:00:00+00:00,20.049999237060547,20.049999237060547,20.049999237060547,20.049999237060547,0.0
2011-01-06 00:00:00+00:00,20.350000381469727,20.350000381469727,20.350000381469727,20.350000381469727,0.0
2011-01-07 00:00:00+00:00,20.290000915527344,20.290000915527344,20.290000915527344,20.290000915527344,0.0
2011-01-10 00:00:00+00:00,20.479999542236328,20.479999542236328,20.479999542236328,20.479999542236328,0.0
2011-01-11 00:00:00+00:00,20.139999389648438,20.139999389648438,20.139999389648438,20.139999389648438,0.0
2011-01-12 00:00:00+00:00,19.229999542236328,19.229999542236328,19.229999542236328,19.229999542236328,0.0
2011-01-13 00:00:00+00:00,19.200000762939453,19.200000762939453,19.200000762939453,19.200000762939453,0.0
2011-01-14 00:00:00+00:00,18.3700008392334,18.3700008392334,18.3700008392334,18.3700008392334,0.0
2011-01-18 00:00:00+00:00,18.3799991607666,18.3799991607666,18.3799991607666,18.3799991607666,0.0
2011-01-19 00:00:00+00:00,19.639999389648438,19.639999389648438,19.639999389648438,19.639999389648438,0.0
2011-01-20 00:00:00+00:00,19.899999618530273,19.899999618530273,19.899999618530273,19.899999618530273,0.0
2011-01-21 00:00:00+00:00,19.969999313354492,19.969999313354492,19.969999313354492,19.969999313354492,0.0
2011-01-24 00:00:00+00:00,19.579999923706055,19.579999923706055,19.579999923706055,19.579999923706055,0.0
2011-01-25 00:00:00+00:00,19.34000015258789,19.34000015258789,19.34000015258789,19.34000015258789,0.0
2011-01-26 00:00:00+00:00,18.81999969482422,18.81999969482422,18.81999969482422,18.81999969482422,0.0
2011-01-27 00:00:00+00:00,18.479999542236328,18.479999542236328,18.479999542236328,18.479999542236328,0.0
2011-01-28 00:00:00+00:00,20.59000015258789,20.59000015258789,20.59000015258789,20.59000015258789,0.0
2011-01-31 00:00:00+00:00,20.149999618530273,20.149999618530273,20.149999618530273,20.149999618530273,0.0
2011-02-01 00:00:00+00:00,18.969999313354492,18.969999313354492,18.969999313354492,18.969999313354492,0.0
2011-02-02 00:00:00+00:00,19.09000015258789,19.09000015258789,19.09000015258789,19.09000015258789,0.0
2011-02-03 00:00:00+00:00,18.920000076293945,18.920000076293945,18.920000076293945,18.920000076293945,0.0
2011-02-04 00:00:00+00:00,18.329999923706055,18.329999923706055,18.329999923706055,18.329999923706055,0.0
2011-02-07 00:00:00+00:00,18.260000228881836,18.260000228881836,18.260000228881836,18.260000228881836,0.0
2011-02-08 00:00:00+00:00,17.850000381469727,17.850000381469727,17.850000381469727,17.850000381469727,3400.0
2011-02-09 00:00:00+00:00,17.860000610351562,17.860000610351562,17.860000610351562,17.860000610351562,3100.0
2011-02-10 00:00:00+00:00,18.100000381469727,18.100000381469727,18.100000381469727,18.100000381469727,0.0
2011-02-11 00:00:00+00:00,17.860000610351562,17.860000610351562,17.860000610351562,17.860000610351562,0.0
2011-02-14 00:00:00+00:00,17.940000534057617,17.940000534057617,17.940000534057617,17.940000534057617,0.0
2011-02-15 00:00:00+00:00,18.270000457763672,18.270000457763672,18.270000457763672,18.270000457763672,0.0
2011-02-16 00:00:00+00:00,18.31999969482422,18.31999969482422,18.31999969482422,18.31999969482422,0.0
2011-02-17 00:00:00+00:00,18.6299991607666,18.6299991607666,18.6299991607666,18.6299991607666,0.0
2011-02-18 00:00:00+00:00,18.899999618530273,18.899999618530273,18.899999618530273,18.899999618530273,0.0
2011-02-22 00:00:00+00:00,21.31999969482422,21.31999969482422,21.31999969482422,21.31999969482422,0.0
2011-02-23 00:00:00+00:00,22.469999313354492,22.469999313354492,22.469999313354492,22.469999313354492,0.0
2011-02-24 00:00:00+00:00,22.260000228881836,22.260000228881836,22.260000228881836,22.260000228881836,0.0
2011-02-25 00:00:00+00:00,20.56999969482422,20.56999969482422,20.56999969482422,20.56999969482422,0.0
2011-02-28 00:00:00+00:00,20.0,20.0,20.0,20.0,0.0
2011-03-01 00:00:00+00:00,21.899999618530273,21.899999618530273,21.899999618530273,21.899999618530273,0.0
2011-03-02 00:00:00+00:00,21.68000030517578,21.68000030517578,21.68000030517578,21.68000030517578,0.0
2011-03-03 00:00:00+00:00,20.440000534057617,20.440000534057617,20.440000534057617,20.440000534057617,0.0
2011-03-04 00:00:00+00:00,20.799999237060547,20.799999237060547,20.799999237060547,20.799999237060547,0.0
2011-03-07 00:00:00+00:00,21.850000381469727,21.850000381469727,21.850000381469727,21.850000381469727,0.0
2011-03-08 00:00:00+00:00,21.450000762939453,21.450000762939453,21.450000762939453,21.450000762939453,0.0
2011-03-09 00:00:00+00:00,21.81999969482422,21.81999969482422,21.81999969482422,21.81999969482422,0.0
2011-03-10 00:00:00+00:00,22.760000228881836,22.760000228881836,22.760000228881836,22.760000228881836,0.0
2011-03-11 00:00:00+00:00,21.8700008392334,21.8700008392334,21.8700008392334,21.8700008392334,0.0
2011-03-14 00:00:00+00:00,22.489999771118164,22.489999771118164,22.489999771118164,22.489999771118164,0.0
2011-03-15 00:00:00+00:00,24.030000686645508,24.030000686645508,24.030000686645508,24.030000686645508,0.0
2011-03-16 00:00:00+00:00,26.90999984741211,26.90999984741211,26.90999984741211,26.90999984741211,0.0
2011-03-17 00:00:00+00:00,25.440000534057617,25.440000534057617,25.440000534057617,25.440000534057617,0.0
2011-03-18 00:00:00+00:00,24.34000015258789,24.34000015258789,24.34000015258789,24.34000015258789,0.0
2011-03-21 00:00:00+00:00,21.950000762939453,21.950000762939453,21.950000762939453,21.950000762939453,0.0
2011-03-22 00:00:00+00:00,21.700000762939453,21.700000762939453,21.700000762939453,21.700000762939453,0.0
2011-03-23 00:00:00+00:00,20.93000030517578,20.93000030517578,20.93000030517578,20.93000030517578,0.0
2011-03-24 00:00:00+00:00,20.079999923706055,20.079999923706055,20.079999923706055,20.079999923706055,0.0
2011-03-25 00:00:00+00:00,20.030000686645508,20.030000686645508,20.030000686645508,20.030000686645508,0.0
2011-03-28 00:00:00+00:00,20.860000610351562,20.860000610351562,20.860000610351562,20.860000610351562,0.0
2011-03-29 00:00:00+00:00,19.969999313354492,19.969999313354492,19.969999313354492,19.969999313354492,0.0
2011-03-30 00:00:00+00:00,19.75,19.75,19.75,19.75,0.0
2011-03-31 00:00:00+00:00,19.84000015258789,19.84000015258789,19.84000015258789,19.84000015258789,0.0
2011-04-01 00:00:00+00:00,19.59000015258789,19.59000015258789,19.59000015258789,19.59000015258789,0.0
2011-04-04 00:00:00+00:00,19.389999389648438,19.389999389648438,19.389999389648438,19.389999389648438,0.0
2011-04-05 00:00:00+00:00,19.399999618530273,19.399999618530273,19.399999618530273,19.399999618530273,0.0
2011-04-06 00:00:00+00:00,19.3799991607666,19.3799991607666,19.3799991607666,19.3799991607666,0.0
2011-04-07 00:00:00+00:00,19.5,19.5,19.5,19.5,0.0
2011-04-08 00:00:00+00:00,20.049999237060547,20.049999237060547,20.049999237060547,20.049999237060547,0.0
2011-04-11 00:00:00+00:00,20.010000228881836,20.010000228881836,20.010000228881836,20.010000228881836,0.0
2011-04-12 00:00:00+00:00,20.329999923706055,20.329999923706055,20.329999923706055,20.329999923706055,0.0
2011-04-13 00:00:00+00:00,19.989999771118164,19.989999771118164,19.989999771118164,19.989999771118164,0.0
2011-04-14 00:00:00+00:00,19.959999084472656,19.959999084472656,19.959999084472656,19.959999084472656,0.0
2011-04-15 00:00:00+00:00,19.170000076293945,19.170000076293945,19.170000076293945,19.170000076293945,0.0
2011-04-18 00:00:00+00:00,19.920000076293945,19.920000076293945,19.920000076293945,19.920000076293945,0.0
2011-04-19 00:00:00+00:00,19.18000030517578,19.18000030517578,19.18000030517578,19.18000030517578,0.0
2011-04-20 00:00:00+00:00,18.479999542236328,18.479999542236328,18.479999542236328,18.479999542236328,0.0
2011-04-21 00:00:00+00:00,18.350000381469727,18.350000381469727,18.350000381469727,18.350000381469727,0.0
2011-04-25 00:00:00+00:00,18.549999237060547,18.549999237060547,18.549999237060547,18.549999237060547,0.0
2011-04-26 00:00:00+00:00,18.270000457763672,18.270000457763672,18.270000457763672,18.270000457763672,0.0
2011-04-27 00:00:00+00:00,17.899999618530273,17.899999618530273,17.899999618530273,17.899999618530273,0.0
2011-04-28 00:00:00+00:00,17.520000457763672,17.520000457763672,17.520000457763672,17.520000457763672,0.0
2011-04-29 00:00:00+00:00,17.5,17.5,17.5,17.5,0.0
2011-05-02 00:00:00+00:00,18.389999389648438,18.389999389648438,18.389999389648438,18.389999389648438,0.0
2011-05-03 00:00:00+00:00,19.110000610351562,19.110000610351562,19.110000610351562,19.110000610351562,0.0
2011-05-04 00:00:00+00:00,19.440000534057617,19.440000534057617,19.440000534057617,19.440000534057617,0.0
2011-05-05 00:00:00+00:00,19.84000015258789,19.84000015258789,19.84000015258789,19.84000015258789,0.0
2011-05-06 00:00:00+00:00,19.90999984741211,19.90999984741211,19.90999984741211,19.90999984741211,0.0
2011-05-09 00:00:00+00:00,19.200000762939453,19.200000762939453,19.200000762939453,19.200000762939453,0.0
2011-05-10 00:00:00+00:00,18.3700008392334,18.3700008392334,18.3700008392334,18.3700008392334,0.0
2011-05-11 00:00:00+00:00,19.049999237060547,19.049999237060547,19.049999237060547,19.049999237060547,0.0
2011-05-12 00:00:00+00:00,18.440000534057617,18.440000534057617,18.440000534057617,18.440000534057617,0.0
2011-05-13 00:00:00+00:00,19.06999969482422,19.06999969482422,19.06999969482422,19.06999969482422,0.0
2011-05-16 00:00:00+00:00,19.8700008392334,19.8700008392334,19.8700008392334,19.8700008392334,0.0
2011-05-17 00:00:00+00:00,19.450000762939453,19.450000762939453,19.450000762939453,19.450000762939453,0.0
2011-05-18 00:00:00+00:00,18.530000686645508,18.530000686645508,18.530000686645508,18.530000686645508,0.0
2011-05-19 00:00:00+00:00,18.170000076293945,18.170000076293945,18.170000076293945,18.170000076293945,0.0
2011-05-20 00:00:00+00:00,19.049999237060547,19.049999237060547,19.049999237060547,19.049999237060547,0.0
2011-05-23 00:00:00+00:00,19.790000915527344,19.790000915527344,19.790000915527344,19.790000915527344,0.0
2011-05-24 00:00:00+00:00,19.170000076293945,19.170000076293945,19.170000076293945,19.170000076293945,0.0
2011-05-25 00:00:00+00:00,18.8700008392334,18.8700008392334,18.8700008392334,18.8700008392334,0.0
2011-05-26 00:00:00+00:00,18.190000534057617,18.190000534057617,18.190000534057617,18.190000534057617,0.0
2011-05-27 00:00:00+00:00,18.1299991607666,18.1299991607666,18.1299991607666,18.1299991607666,0.0
2011-05-31 00:00:00+00:00,17.559999465942383,17.559999465942383,17.559999465942383,17.559999465942383,0.0
2011-06-01 00:00:00+00:00,19.360000610351562,19.360000610351562,19.360000610351562,19.360000610351562,0.0
2011-06-02 00:00:00+00:00,19.31999969482422,19.31999969482422,19.31999969482422,19.31999969482422,0.0
2011-06-03 00:00:00+00:00,19.469999313354492,19.469999313354492,19.469999313354492,19.469999313354492,0.0
2011-06-06 00:00:00+00:00,19.959999084472656,19.959999084472656,19.959999084472656,19.959999084472656,0.0
2011-06-07 00:00:00+00:00,19.5,19.5,19.5,19.5,0.0
2011-06-08 00:00:00+00:00,19.950000762939453,19.950000762939453,19.950000762939453,19.950000762939453,0.0
2011-06-09 00:00:00+00:00,19.260000228881836,19.260000228881836,19.260000228881836,19.260000228881836,0.0
2011-06-10 00:00:00+00:00,20.110000610351562,20.110000610351562,20.110000610351562,20.110000610351562,0.0
2011-06-13 00:00:00+00:00,20.440000534057617,20.440000534057617,20.440000534057617,20.440000534057617,0.0
2011-06-14 00:00:00+00:00,19.43000030517578,19.43000030517578,19.43000030517578,19.43000030517578,0.0
2011-06-15 00:00:00+00:00,21.3799991607666,21.3799991607666,21.3799991607666,21.3799991607666,0.0
2011-06-16 00:00:00+00:00,22.610000610351562,22.610000610351562,22.610000610351562,22.610000610351562,0.0
2011-06-17 00:00:00+00:00,22.440000534057617,22.440000534057617,22.440000534057617,22.440000534057617,0.0
2011-06-20 00:00:00+00:00,21.219999313354492,21.219999313354492,21.219999313354492,21.219999313354492,0.0
2011-06-21 00:00:00+00:00,20.5,20.5,20.5,20.5,0.0
2011-06-22 00:00:00+00:00,20.719999313354492,20.719999313354492,20.719999313354492,20.719999313354492,0.0
2011-06-23 00:00:00+00:00,20.93000030517578,20.93000030517578,20.93000030517578,20.93000030517578,0.0
2011-06-24 00:00:00+00:00,21.920000076293945,21.920000076293945,21.920000076293945,21.920000076293945,0.0
2011-06-27 00:00:00+00:00,21.5,21.5,21.5,21.5,0.0
2011-06-28 00:00:00+00:00,20.520000457763672,20.520000457763672,20.520000457763672,20.520000457763672,0.0
2011-06-29 00:00:00+00:00,19.420000076293945,19.420000076293945,19.420000076293945,19.420000076293945,0.0
2011-06-30 00:00:00+00:00,18.90999984741211,18.90999984741211,18.90999984741211,18.90999984741211,0.0
2011-07-01 00:00:00+00:00,17.93000030517578,17.93000030517578,17.93000030517578,17.93000030517578,0.0
2011-07-05 00:00:00+00:00,18.110000610351562,18.110000610351562,18.110000610351562,18.110000610351562,0.0
2011-07-06 00:00:00+00:00,18.40999984741211,18.40999984741211,18.40999984741211,18.40999984741211,0.0
2011-07-07 00:00:00+00:00,17.770000457763672,17.770000457763672,17.770000457763672,17.770000457763672,0.0
2011-07-08 00:00:00+00:00,17.959999084472656,17.959999084472656,17.959999084472656,17.959999084472656,0.0
2011-07-11 00:00:00+00:00,19.979999542236328,19.979999542236328,19.979999542236328,19.979999542236328,0.0
2011-07-12 00:00:00+00:00,20.93000030517578,20.93000030517578,20.93000030517578,20.93000030517578,0.0
2011-07-13 00:00:00+00:00,20.850000381469727,20.850000381469727,20.850000381469727,20.850000381469727,0.0
2011-07-14 00:00:00+00:00,21.59000015258789,21.59000015258789,21.59000015258789,21.59000015258789,0.0
2011-07-15 00:00:00+00:00,20.940000534057617,20.940000534057617,20.940000534057617,20.940000534057617,0.0
2011-07-18 00:00:00+00:00,21.84000015258789,21.84000015258789,21.84000015258789,21.84000015258789,0.0
2011-07-19 00:00:00+00:00,20.5,20.5,20.5,20.5,0.0
2011-07-20 00:00:00+00:00,20.3700008392334,20.3700008392334,20.3700008392334,20.3700008392334,0.0
2011-07-21 00:00:00+00:00,19.200000762939453,19.200000762939453,19.200000762939453,19.200000762939453,0.0
2011-07-22 00:00:00+00:00,19.200000762939453,19.200000762939453,19.200000762939453,19.200000762939453,0.0
2011-07-25 00:00:00+00:00,20.260000228881836,20.260000228881836,20.260000228881836,20.260000228881836,0.0
2011-07-26 00:00:00+00:00,20.889999389648438,20.889999389648438,20.889999389648438,20.889999389648438,0.0
2011-07-27 00:00:00+00:00,22.690000534057617,22.690000534057617,22.690000534057617,22.690000534057617,0.0
2011-07-28 00:00:00+00:00,22.950000762939453,22.950000762939453,22.950000762939453,22.950000762939453,0.0
2011-07-29 00:00:00+00:00,22.90999984741211,22.90999984741211,22.90999984741211,22.90999984741211,0.0
2011-08-01 00:00:00+00:00,22.3799991607666,22.3799991607666,22.3799991607666,22.3799991607666,0.0
2011-08-02 00:00:00+00:00,23.600000381469727,23.600000381469727,23.600000381469727,23.600000381469727,0.0
2011-08-03 00:00:00+00:00,23.1200008392334,23.1200008392334,23.1200008392334,23.1200008392334,0.0
2011-08-04 00:00:00+00:00,28.559999465942383,28.559999465942383,28.559999465942383,28.559999465942383,0.0
2011-08-05 00:00:00+00:00,29.59000015258789,29.59000015258789,29.59000015258789,29.59000015258789,0.0
2011-08-08 00:00:00+00:00,38.099998474121094,38.099998474121094,38.099998474121094,38.099998474121094,0.0
2011-08-09 00:00:00+00:00,31.06999969482422,31.06999969482422,31.06999969482422,31.06999969482422,0.0
2011-08-10 00:00:00+00:00,36.58000183105469,36.58000183105469,36.58000183105469,36.58000183105469,0.0
2011-08-11 00:00:00+00:00,33.81999969482422,33.81999969482422,33.81999969482422,33.81999969482422,0.0
2011-08-12 00:00:00+00:00,32.75,32.75,32.75,32.75,0.0
2011-08-15 00:00:00+00:00,30.079999923706055,30.079999923706055,30.079999923706055,30.079999923706055,0.0
2011-08-16 00:00:00+00:00,30.440000534057617,30.440000534057617,30.440000534057617,30.440000534057617,0.0
2011-08-17 00:00:00+00:00,30.030000686645508,30.030000686645508,30.030000686645508,30.030000686645508,0.0
2011-08-18 00:00:00+00:00,36.599998474121094,36.599998474121094,36.599998474121094,36.599998474121094,0.0
2011-08-19 00:00:00+00:00,37.900001525878906,37.900001525878906,37.900001525878906,37.900001525878906,0.0
2011-08-22 00:00:00+00:00,38.2599983215332,38.2599983215332,38.2599983215332,38.2599983215332,0.0
2011-08-23 00:00:00+00:00,34.790000915527344,34.790000915527344,34.790000915527344,34.790000915527344,0.0
2011-08-24 00:00:00+00:00,34.79999923706055,34.79999923706055,34.79999923706055,34.79999923706055,0.0
2011-08-25 00:00:00+00:00,36.61000061035156,36.61000061035156,36.61000061035156,36.61000061035156,0.0
2011-08-26 00:00:00+00:00,34.40999984741211,34.40999984741211,34.40999984741211,34.40999984741211,0.0
2011-08-29 00:00:00+00:00,31.979999542236328,31.979999542236328,31.979999542236328,31.979999542236328,0.0
2011-08-30 00:00:00+00:00,32.470001220703125,32.470001220703125,32.470001220703125,32.470001220703125,0.0
2011-08-31 00:00:00+00:00,31.670000076293945,31.670000076293945,31.670000076293945,31.670000076293945,0.0
2011-09-01 00:00:00+00:00,31.989999771118164,31.989999771118164,31.989999771118164,31.989999771118164,0.0
2011-09-02 00:00:00+00:00,33.790000915527344,33.790000915527344,33.790000915527344,33.790000915527344,0.0
2011-09-06 00:00:00+00:00,35.380001068115234,35.380001068115234,35.380001068115234,35.380001068115234,0.0
2011-09-07 00:00:00+00:00,32.959999084472656,32.959999084472656,32.959999084472656,32.959999084472656,0.0
2011-09-08 00:00:00+00:00,33.709999084472656,33.709999084472656,33.709999084472656,33.709999084472656,0.0
2011-09-09 00:00:00+00:00,36.63999938964844,36.63999938964844,36.63999938964844,36.63999938964844,0.0
2011-09-12 00:00:00+00:00,37.060001373291016,37.060001373291016,37.060001373291016,37.060001373291016,0.0
2011-09-13 00:00:00+00:00,36.060001373291016,36.060001373291016,36.060001373291016,36.060001373291016,0.0
2011-09-14 00:00:00+00:00,34.959999084472656,34.959999084472656,34.959999084472656,34.959999084472656,0.0
2011-09-15 00:00:00+00:00,33.52000045776367,33.52000045776367,33.52000045776367,33.52000045776367,0.0
2011-09-16 00:00:00+00:00,32.95000076293945,32.95000076293945,32.95000076293945,32.95000076293945,0.0
2011-09-19 00:00:00+00:00,33.810001373291016,33.810001373291016,33.810001373291016,33.810001373291016,0.0
2011-09-20 00:00:00+00:00,33.619998931884766,33.619998931884766,33.619998931884766,33.619998931884766,0.0
2011-09-21 00:00:00+00:00,36.189998626708984,36.189998626708984,36.189998626708984,36.189998626708984,0.0
2011-09-22 00:00:00+00:00,39.150001525878906,39.150001525878906,39.150001525878906,39.150001525878906,0.0
2011-09-23 00:00:00+00:00,39.54999923706055,39.54999923706055,39.54999923706055,39.54999923706055,0.0
2011-09-26 00:00:00+00:00,38.029998779296875,38.029998779296875,38.029998779296875,38.029998779296875,0.0
2011-09-27 00:00:00+00:00,37.209999084472656,37.209999084472656,37.209999084472656,37.209999084472656,0.0
2011-09-28 00:00:00+00:00,39.52000045776367,39.52000045776367,39.52000045776367,39.52000045776367,0.0
2011-09-29 00:00:00+00:00,38.18000030517578,38.18000030517578,38.18000030517578,38.18000030517578,0.0
2011-09-30 00:00:00+00:00,41.2400016784668,41.2400016784668,41.2400016784668,41.2400016784668,0.0
2011-10-03 00:00:00+00:00,43.380001068115234,43.380001068115234,43.380001068115234,43.380001068115234,0.0
2011-10-04 00:00:00+00:00,40.45000076293945,40.45000076293945,40.45000076293945,40.45000076293945,0.0
2011-10-05 00:00:00+00:00,38.310001373291016,38.310001373291016,38.310001373291016,38.310001373291016,0.0
2011-10-06 00:00:00+00:00,37.040000915527344,37.040000915527344,37.040000915527344,37.040000915527344,0.0
2011-10-07 00:00:00+00:00,37.310001373291016,37.310001373291016,37.310001373291016,37.310001373291016,0.0
2011-10-10 00:00:00+00:00,34.790000915527344,34.790000915527344,34.790000915527344,34.790000915527344,0.0
2011-10-11 00:00:00+00:00,34.060001373291016,34.060001373291016,34.060001373291016,34.060001373291016,0.0
2011-10-12 00:00:00+00:00,32.970001220703125,32.970001220703125,32.970001220703125,32.970001220703125,0.0
2011-10-13 00:00:00+00:00,32.709999084472656,32.709999084472656,32.709999084472656,32.709999084472656,0.0
2011-10-14 00:00:00+00:00,30.389999389648438,30.389999389648438,30.389999389648438,30.389999389648438,0.0
2011-10-17 00:00:00+00:00,33.599998474121094,33.599998474121094,33.599998474121094,33.599998474121094,0.0
2011-10-18 00:00:00+00:00,31.979999542236328,31.979999542236328,31.979999542236328,31.979999542236328,0.0
2011-10-19 00:00:00+00:00,34.38999938964844,34.38999938964844,34.38999938964844,34.38999938964844,0.0
2011-10-20 00:00:00+00:00,34.20000076293945,34.20000076293945,34.20000076293945,34.20000076293945,0.0
2011-10-21 00:00:00+00:00,31.969999313354492,31.969999313354492,31.969999313354492,31.969999313354492,0.0
2011-10-24 00:00:00+00:00,30.469999313354492,30.469999313354492,30.469999313354492,30.469999313354492,0.0
2011-10-25 00:00:00+00:00,32.36000061035156,32.36000061035156,32.36000061035156,32.36000061035156,0.0
2011-10-26 00:00:00+00:00,30.940000534057617,30.940000534057617,30.940000534057617,30.940000534057617,0.0
2011-10-27 00:00:00+00:00,27.030000686645508,27.030000686645508,27.030000686645508,27.030000686645508,0.0
2011-10-28 00:00:00+00:00,26.520000457763672,26.520000457763672,26.520000457763672,26.520000457763672,0.0
2011-10-31 00:00:00+00:00,30.3700008392334,30.3700008392334,30.3700008392334,30.3700008392334,0.0
2011-11-01 00:00:00+00:00,34.02000045776367,34.02000045776367,34.02000045776367,34.02000045776367,0.0
2011-11-02 00:00:00+00:00,32.880001068115234,32.880001068115234,32.880001068115234,32.880001068115234,0.0
2011-11-03 00:00:00+00:00,31.6200008392334,31.6200008392334,31.6200008392334,31.6200008392334,0.0
2011-11-04 00:00:00+00:00,31.229999542236328,31.229999542236328,31.229999542236328,31.229999542236328,0.0
2011-11-07 00:00:00+00:00,31.3799991607666,31.3799991607666,31.3799991607666,31.3799991607666,0.0
2011-11-08 00:00:00+00:00,29.520000457763672,29.520000457763672,29.520000457763672,29.520000457763672,0.0
2011-11-09 00:00:00+00:00,35.4900016784668,35.4900016784668,35.4900016784668,35.4900016784668,0.0
2011-11-10 00:00:00+00:00,33.75,33.75,33.75,33.75,0.0
2011-11-11 00:00:00+00:00,31.600000381469727,31.600000381469727,31.600000381469727,31.600000381469727,0.0
2011-11-14 00:00:00+00:00,32.720001220703125,32.720001220703125,32.720001220703125,32.720001220703125,0.0
2011-11-15 00:00:00+00:00,32.52000045776367,32.52000045776367,32.52000045776367,32.52000045776367,0.0
2011-11-16 00:00:00+00:00,34.38999938964844,34.38999938964844,34.38999938964844,34.38999938964844,0.0
2011-11-17 00:00:00+00:00,35.31999969482422,35.31999969482422,35.31999969482422,35.31999969482422,0.0
2011-11-18 00:00:00+00:00,34.20000076293945,34.20000076293945,34.20000076293945,34.20000076293945,0.0
2011-11-21 00:00:00+00:00,34.779998779296875,34.779998779296875,34.779998779296875,34.779998779296875,0.0
2011-11-22 00:00:00+00:00,34.2400016784668,34.2400016784668,34.2400016784668,34.2400016784668,0.0
2011-11-23 00:00:00+00:00,35.869998931884766,35.869998931884766,35.869998931884766,35.869998931884766,0.0
2011-11-25 00:00:00+00:00,36.45000076293945,36.45000076293945,36.45000076293945,36.45000076293945,0.0
2011-11-28 00:00:00+00:00,33.939998626708984,33.939998626708984,33.939998626708984,33.939998626708984,0.0
2011-11-29 00:00:00+00:00,33.209999084472656,33.209999084472656,33.209999084472656,33.209999084472656,0.0
2011-11-30 00:00:00+00:00,30.579999923706055,30.579999923706055,30.579999923706055,30.579999923706055,0.0
2011-12-01 00:00:00+00:00,30.030000686645508,30.030000686645508,30.030000686645508,30.030000686645508,0.0
2011-12-02 00:00:00+00:00,29.850000381469727,29.850000381469727,29.850000381469727,29.850000381469727,0.0
2011-12-05 00:00:00+00:00,29.899999618530273,29.899999618530273,29.899999618530273,29.899999618530273,0.0
2011-12-06 00:00:00+00:00,30.15999984741211,30.15999984741211,30.15999984741211,30.15999984741211,0.0
2011-12-07 00:00:00+00:00,30.6200008392334,30.6200008392334,30.6200008392334,30.6200008392334,0.0
2011-12-08 00:00:00+00:00,32.09000015258789,32.09000015258789,32.09000015258789,32.09000015258789,0.0
2011-12-09 00:00:00+00:00,29.530000686645508,29.530000686645508,29.530000686645508,29.530000686645508,0.0
2011-12-12 00:00:00+00:00,30.170000076293945,30.170000076293945,30.170000076293945,30.170000076293945,0.0
2011-12-13 00:00:00+00:00,30.170000076293945,30.170000076293945,30.170000076293945,30.170000076293945,0.0
2011-12-14 00:00:00+00:00,30.420000076293945,30.420000076293945,30.420000076293945,30.420000076293945,0.0
2011-12-15 00:00:00+00:00,29.459999084472656,29.459999084472656,29.459999084472656,29.459999084472656,0.0
2011-12-16 00:00:00+00:00,29.030000686645508,29.030000686645508,29.030000686645508,29.030000686645508,0.0
2011-12-19 00:00:00+00:00,28.739999771118164,28.739999771118164,28.739999771118164,28.739999771118164,0.0
2011-12-20 00:00:00+00:00,26.8700008392334,26.8700008392334,26.8700008392334,26.8700008392334,0.0
2011-12-21 00:00:00+00:00,25.559999465942383,25.559999465942383,25.559999465942383,25.559999465942383,0.0
2011-12-22 00:00:00+00:00,25.280000686645508,25.280000686645508,25.280000686645508,25.280000686645508,0.0
2011-12-23 00:00:00+00:00,25.219999313354492,25.219999313354492,25.219999313354492,25.219999313354492,0.0
2011-12-27 00:00:00+00:00,25.540000915527344,25.540000915527344,25.540000915527344,25.540000915527344,0.0
2011-12-28 00:00:00+00:00,26.75,26.75,26.75,26.75,0.0
2011-12-29 00:00:00+00:00,26.25,26.25,26.25,26.25,0.0
2011-12-30 00:00:00+00:00,26.860000610351562,26.860000610351562,26.860000610351562,26.860000610351562,0.0
2012-01-03 00:00:00+00:00,26.049999237060547,26.049999237060547,26.049999237060547,26.049999237060547,0.0
2012-01-04 00:00:00+00:00,25.309999465942383,25.309999465942383,25.309999465942383,25.309999465942383,0.0
2012-01-05 00:00:00+00:00,24.700000762939453,24.700000762939453,24.700000762939453,24.700000762939453,0.0
2012-01-06 00:00:00+00:00,24.09000015258789,24.09000015258789,24.09000015258789,24.09000015258789,0.0
2012-01-09 00:00:00+00:00,24.1200008392334,24.1200008392334,24.1200008392334,24.1200008392334,0.0
2012-01-10 00:00:00+00:00,23.68000030517578,23.68000030517578,23.68000030517578,23.68000030517578,0.0
2012-01-11 00:00:00+00:00,24.110000610351562,24.110000610351562,24.110000610351562,24.110000610351562,0.0
2012-01-12 00:00:00+00:00,24.040000915527344,24.040000915527344,24.040000915527344,24.040000915527344,0.0
2012-01-13 00:00:00+00:00,24.670000076293945,24.670000076293945,24.670000076293945,24.670000076293945,0.0
2012-01-17 00:00:00+00:00,25.0,25.0,25.0,25.0,0.0
2012-01-18 00:00:00+00:00,24.18000030517578,24.18000030517578,24.18000030517578,24.18000030517578,0.0
2012-01-19 00:00:00+00:00,23.649999618530273,23.649999618530273,23.649999618530273,23.649999618530273,0.0
2012-01-20 00:00:00+00:00,22.81999969482422,22.81999969482422,22.81999969482422,22.81999969482422,0.0
2012-01-23 00:00:00+00:00,22.31999969482422,22.31999969482422,22.31999969482422,22.31999969482422,0.0
2012-01-24 00:00:00+00:00,22.030000686645508,22.030000686645508,22.030000686645508,22.030000686645508,0.0
2012-01-25 00:00:00+00:00,21.360000610351562,21.360000610351562,21.360000610351562,21.360000610351562,0.0
2012-01-26 00:00:00+00:00,21.68000030517578,21.68000030517578,21.68000030517578,21.68000030517578,0.0
2012-01-27 00:00:00+00:00,21.399999618530273,21.399999618530273,21.399999618530273,21.399999618530273,0.0
2012-01-30 00:00:00+00:00,21.920000076293945,21.920000076293945,21.920000076293945,21.920000076293945,0.0
2012-01-31 00:00:00+00:00,22.09000015258789,22.09000015258789,22.09000015258789,22.09000015258789,0.0
2012-02-01 00:00:00+00:00,21.540000915527344,21.540000915527344,21.540000915527344,21.540000915527344,0.0
2012-02-02 00:00:00+00:00,21.010000228881836,21.010000228881836,21.010000228881836,21.010000228881836,0.0
2012-02-03 00:00:00+00:00,20.049999237060547,20.049999237060547,20.049999237060547,20.049999237060547,0.0
2012-02-06 00:00:00+00:00,20.389999389648438,20.389999389648438,20.389999389648438,20.389999389648438,0.0
2012-02-07 00:00:00+00:00,20.139999389648438,20.139999389648438,20.139999389648438,20.139999389648438,0.0
2012-02-08 00:00:00+00:00,20.68000030517578,20.68000030517578,20.68000030517578,20.68000030517578,0.0
2012-02-09 00:00:00+00:00,21.34000015258789,21.34000015258789,21.34000015258789,21.34000015258789,0.0
2012-02-10 00:00:00+00:00,23.280000686645508,23.280000686645508,23.280000686645508,23.280000686645508,0.0
2012-02-13 00:00:00+00:00,22.1200008392334,22.1200008392334,22.1200008392334,22.1200008392334,0.0
2012-02-14 00:00:00+00:00,22.81999969482422,22.81999969482422,22.81999969482422,22.81999969482422,0.0
2012-02-15 00:00:00+00:00,24.1200008392334,24.1200008392334,24.1200008392334,24.1200008392334,0.0
2012-02-16 00:00:00+00:00,23.170000076293945,23.170000076293945,23.170000076293945,23.170000076293945,0.0
2012-02-17 00:00:00+00:00,22.389999389648438,22.389999389648438,22.389999389648438,22.389999389648438,0.0
2012-02-21 00:00:00+00:00,22.350000381469727,22.350000381469727,22.350000381469727,22.350000381469727,0.0
2012-02-22 00:00:00+00:00,22.09000015258789,22.09000015258789,22.09000015258789,22.09000015258789,0.0
2012-02-23 00:00:00+00:00,20.780000686645508,20.780000686645508,20.780000686645508,20.780000686645508,0.0
2012-02-24 00:00:00+00:00,21.18000030517578,21.18000030517578,21.18000030517578,21.18000030517578,0.0
2012-02-27 00:00:00+00:00,21.8700008392334,21.8700008392334,21.8700008392334,21.8700008392334,0.0
2012-02-28 00:00:00+00:00,21.600000381469727,21.600000381469727,21.600000381469727,21.600000381469727,0.0
2012-02-29 00:00:00+00:00,21.799999237060547,21.799999237060547,21.799999237060547,21.799999237060547,0.0
2012-03-01 00:00:00+00:00,21.030000686645508,21.030000686645508,21.030000686645508,21.030000686645508,0.0
2012-03-02 00:00:00+00:00,21.260000228881836,21.260000228881836,21.260000228881836,21.260000228881836,0.0
2012-03-05 00:00:00+00:00,21.989999771118164,21.989999771118164,21.989999771118164,21.989999771118164,0.0
2012-03-06 00:00:00+00:00,23.899999618530273,23.899999618530273,23.899999618530273,23.899999618530273,0.0
2012-03-07 00:00:00+00:00,22.719999313354492,22.719999313354492,22.719999313354492,22.719999313354492,0.0
2012-03-08 00:00:00+00:00,21.84000015258789,21.84000015258789,21.84000015258789,21.84000015258789,0.0
2012-03-09 00:00:00+00:00,21.219999313354492,21.219999313354492,21.219999313354492,21.219999313354492,0.0
2012-03-12 00:00:00+00:00,20.809999465942383,20.809999465942383,20.809999465942383,20.809999465942383,0.0
2012-03-13 00:00:00+00:00,19.600000381469727,19.600000381469727,19.600000381469727,19.600000381469727,0.0
2012-03-14 00:00:00+00:00,20.75,20.75,20.75,20.75,0.0
2012-03-15 00:00:00+00:00,20.540000915527344,20.540000915527344,20.540000915527344,20.540000915527344,0.0
2012-03-16 00:00:00+00:00,20.3700008392334,20.3700008392334,20.3700008392334,20.3700008392334,0.0
2012-03-19 00:00:00+00:00,19.940000534057617,19.940000534057617,19.940000534057617,19.940000534057617,0.0
2012-03-20 00:00:00+00:00,19.959999084472656,19.959999084472656,19.959999084472656,19.959999084472656,0.0
2012-03-21 00:00:00+00:00,19.25,19.25,19.25,19.25,0.0
2012-03-22 00:00:00+00:00,19.549999237060547,19.549999237060547,19.549999237060547,19.549999237060547,0.0
2012-03-23 00:00:00+00:00,18.639999389648438,18.639999389648438,18.639999389648438,18.639999389648438,0.0
2012-03-26 00:00:00+00:00,17.43000030517578,17.43000030517578,17.43000030517578,17.43000030517578,0.0
2012-03-27 00:00:00+00:00,18.56999969482422,18.56999969482422,18.56999969482422,18.56999969482422,0.0
2012-03-28 00:00:00+00:00,18.790000915527344,18.790000915527344,18.790000915527344,18.790000915527344,0.0
2012-03-29 00:00:00+00:00,18.84000015258789,18.84000015258789,18.84000015258789,18.84000015258789,0.0
2012-03-30 00:00:00+00:00,18.610000610351562,18.610000610351562,18.610000610351562,18.610000610351562,0.0
2012-04-02 00:00:00+00:00,18.459999084472656,18.459999084472656,18.459999084472656,18.459999084472656,0.0
2012-04-03 00:00:00+00:00,18.809999465942383,18.809999465942383,18.809999465942383,18.809999465942383,0.0
2012-04-04 00:00:00+00:00,19.450000762939453,19.450000762939453,19.450000762939453,19.450000762939453,0.0
2012-04-05 00:00:00+00:00,19.81999969482422,19.81999969482422,19.81999969482422,19.81999969482422,0.0
2012-04-09 00:00:00+00:00,21.209999084472656,21.209999084472656,21.209999084472656,21.209999084472656,0.0
2012-04-10 00:00:00+00:00,22.6200008392334,22.6200008392334,22.6200008392334,22.6200008392334,0.0
2012-04-11 00:00:00+00:00,22.469999313354492,22.469999313354492,22.469999313354492,22.469999313354492,0.0
2012-04-12 00:00:00+00:00,20.25,20.25,20.25,20.25,0.0
2012-04-13 00:00:00+00:00,21.989999771118164,21.989999771118164,21.989999771118164,21.989999771118164,0.0
2012-04-16 00:00:00+00:00,22.040000915527344,22.040000915527344,22.040000915527344,22.040000915527344,0.0
2012-04-17 00:00:00+00:00,20.850000381469727,20.850000381469727,20.850000381469727,20.850000381469727,0.0
2012-04-18 00:00:00+00:00,21.1200008392334,21.1200008392334,21.1200008392334,21.1200008392334,0.0
2012-04-19 00:00:00+00:00,21.229999542236328,21.229999542236328,21.229999542236328,21.229999542236328,0.0
2012-04-20 00:00:00+00:00,20.479999542236328,20.479999542236328,20.479999542236328,20.479999542236328,0.0
2012-04-23 00:00:00+00:00,21.389999389648438,21.389999389648438,21.389999389648438,21.389999389648438,0.0
2012-04-24 00:00:00+00:00,20.510000228881836,20.510000228881836,20.510000228881836,20.510000228881836,0.0
2012-04-25 00:00:00+00:00,19.459999084472656,19.459999084472656,19.459999084472656,19.459999084472656,0.0
2012-04-26 00:00:00+00:00,18.549999237060547,18.549999237060547,18.549999237060547,18.549999237060547,0.0
2012-04-27 00:00:00+00:00,18.739999771118164,18.739999771118164,18.739999771118164,18.739999771118164,0.0
2012-04-30 00:00:00+00:00,19.31999969482422,19.31999969482422,19.31999969482422,19.31999969482422,0.0
2012-05-01 00:00:00+00:00,19.1299991607666,19.1299991607666,19.1299991607666,19.1299991607666,0.0
2012-05-02 00:00:00+00:00,19.010000228881836,19.010000228881836,19.010000228881836,19.010000228881836,0.0
2012-05-03 00:00:00+00:00,19.5,19.5,19.5,19.5,0.0
2012-05-04 00:00:00+00:00,20.719999313354492,20.719999313354492,20.719999313354492,20.719999313354492,0.0
2012-05-07 00:00:00+00:00,20.450000762939453,20.450000762939453,20.450000762939453,20.450000762939453,0.0
2012-05-08 00:00:00+00:00,20.809999465942383,20.809999465942383,20.809999465942383,20.809999465942383,0.0
2012-05-09 00:00:00+00:00,21.530000686645508,21.530000686645508,21.530000686645508,21.530000686645508,0.0
2012-05-10 00:00:00+00:00,20.8700008392334,20.8700008392334,20.8700008392334,20.8700008392334,0.0
2012-05-11 00:00:00+00:00,21.549999237060547,21.549999237060547,21.549999237060547,21.549999237060547,0.0
2012-05-14 00:00:00+00:00,22.969999313354492,22.969999313354492,22.969999313354492,22.969999313354492,0.0
2012-05-15 00:00:00+00:00,23.920000076293945,23.920000076293945,23.920000076293945,23.920000076293945,0.0
2012-05-16 00:00:00+00:00,24.920000076293945,24.920000076293945,24.920000076293945,24.920000076293945,0.0
2012-05-17 00:00:00+00:00,26.40999984741211,26.40999984741211,26.40999984741211,26.40999984741211,0.0
2012-05-18 00:00:00+00:00,27.65999984741211,27.65999984741211,27.65999984741211,27.65999984741211,0.0
2012-05-21 00:00:00+00:00,24.709999084472656,24.709999084472656,24.709999084472656,24.709999084472656,0.0
2012-05-22 00:00:00+00:00,25.229999542236328,25.229999542236328,25.229999542236328,25.229999542236328,0.0
2012-05-23 00:00:00+00:00,25.110000610351562,25.110000610351562,25.110000610351562,25.110000610351562,0.0
2012-05-24 00:00:00+00:00,24.780000686645508,24.780000686645508,24.780000686645508,24.780000686645508,0.0
2012-05-25 00:00:00+00:00,24.93000030517578,24.93000030517578,24.93000030517578,24.93000030517578,0.0
2012-05-29 00:00:00+00:00,23.889999389648438,23.889999389648438,23.889999389648438,23.889999389648438,0.0
2012-05-30 00:00:00+00:00,26.190000534057617,26.190000534057617,26.190000534057617,26.190000534057617,0.0
2012-05-31 00:00:00+00:00,26.219999313354492,26.219999313354492,26.219999313354492,26.219999313354492,0.0
2012-06-01 00:00:00+00:00,28.469999313354492,28.469999313354492,28.469999313354492,28.469999313354492,0.0
2012-06-04 00:00:00+00:00,28.1200008392334,28.1200008392334,28.1200008392334,28.1200008392334,0.0
2012-06-05 00:00:00+00:00,26.8700008392334,26.8700008392334,26.8700008392334,26.8700008392334,0.0
2012-06-06 00:00:00+00:00,24.709999084472656,24.709999084472656,24.709999084472656,24.709999084472656,0.0
2012-06-07 00:00:00+00:00,24.469999313354492,24.469999313354492,24.469999313354492,24.469999313354492,0.0
2012-06-08 00:00:00+00:00,23.639999389648438,23.639999389648438,23.639999389648438,23.639999389648438,0.0
2012-06-11 00:00:00+00:00,25.5,25.5,25.5,25.5,0.0
2012-06-12 00:00:00+00:00,24.940000534057617,24.940000534057617,24.940000534057617,24.940000534057617,0.0
2012-06-13 00:00:00+00:00,26.5,26.5,26.5,26.5,0.0
2012-06-14 00:00:00+00:00,25.0,25.0,25.0,25.0,0.0
2012-06-15 00:00:00+00:00,23.670000076293945,23.670000076293945,23.670000076293945,23.670000076293945,0.0
2012-06-18 00:00:00+00:00,22.1299991607666,22.1299991607666,22.1299991607666,22.1299991607666,0.0
2012-06-19 00:00:00+00:00,21.920000076293945,21.920000076293945,21.920000076293945,21.920000076293945,0.0
2012-06-20 00:00:00+00:00,20.84000015258789,20.84000015258789,20.84000015258789,20.84000015258789,0.0
2012-06-21 00:00:00+00:00,23.15999984741211,23.15999984741211,23.15999984741211,23.15999984741211,0.0
2012-06-22 00:00:00+00:00,21.510000228881836,21.510000228881836,21.510000228881836,21.510000228881836,0.0
2012-06-25 00:00:00+00:00,23.030000686645508,23.030000686645508,23.030000686645508,23.030000686645508,0.0
2012-06-26 00:00:00+00:00,22.469999313354492,22.469999313354492,22.469999313354492,22.469999313354492,0.0
2012-06-27 00:00:00+00:00,22.360000610351562,22.360000610351562,22.360000610351562,22.360000610351562,0.0
2012-06-28 00:00:00+00:00,22.25,22.25,22.25,22.25,0.0
2012-06-29 00:00:00+00:00,20.31999969482422,20.31999969482422,20.31999969482422,20.31999969482422,0.0
2012-07-02 00:00:00+00:00,19.790000915527344,19.790000915527344,19.790000915527344,19.790000915527344,0.0
2012-07-03 00:00:00+00:00,19.31999969482422,19.31999969482422,19.31999969482422,19.31999969482422,0.0
2012-07-05 00:00:00+00:00,20.110000610351562,20.110000610351562,20.110000610351562,20.110000610351562,0.0
2012-07-06 00:00:00+00:00,20.040000915527344,20.040000915527344,20.040000915527344,20.040000915527344,0.0
2012-07-09 00:00:00+00:00,20.3700008392334,20.3700008392334,20.3700008392334,20.3700008392334,0.0
2012-07-10 00:00:00+00:00,20.8700008392334,20.8700008392334,20.8700008392334,20.8700008392334,0.0
2012-07-11 00:00:00+00:00,20.25,20.25,20.25,20.25,0.0
2012-07-12 00:00:00+00:00,20.690000534057617,20.690000534057617,20.690000534057617,20.690000534057617,0.0
2012-07-13 00:00:00+00:00,19.389999389648438,19.389999389648438,19.389999389648438,19.389999389648438,0.0
2012-07-16 00:00:00+00:00,19.610000610351562,19.610000610351562,19.610000610351562,19.610000610351562,0.0
2012-07-17 00:00:00+00:00,18.920000076293945,18.920000076293945,18.920000076293945,18.920000076293945,0.0
2012-07-18 00:00:00+00:00,18.940000534057617,18.940000534057617,18.940000534057617,18.940000534057617,0.0
2012-07-19 00:00:00+00:00,18.610000610351562,18.610000610351562,18.610000610351562,18.610000610351562,0.0
2012-07-20 00:00:00+00:00,19.639999389648438,19.639999389648438,19.639999389648438,19.639999389648438,0.0
2012-07-23 00:00:00+00:00,21.18000030517578,21.18000030517578,21.18000030517578,21.18000030517578,0.0
2012-07-24 00:00:00+00:00,22.260000228881836,22.260000228881836,22.260000228881836,22.260000228881836,0.0
2012-07-25 00:00:00+00:00,21.8799991607666,21.8799991607666,21.8799991607666,21.8799991607666,0.0
2012-07-26 00:00:00+00:00,20.239999771118164,20.239999771118164,20.239999771118164,20.239999771118164,0.0
2012-07-27 00:00:00+00:00,19.65999984741211,19.65999984741211,19.65999984741211,19.65999984741211,0.0
2012-07-30 00:00:00+00:00,20.1299991607666,20.1299991607666,20.1299991607666,20.1299991607666,0.0
2012-07-31 00:00:00+00:00,20.780000686645508,20.780000686645508,20.780000686645508,20.780000686645508,0.0
2012-08-01 00:00:00+00:00,20.670000076293945,20.670000076293945,20.670000076293945,20.670000076293945,0.0
2012-08-02 00:00:00+00:00,20.229999542236328,20.229999542236328,20.229999542236328,20.229999542236328,0.0
2012-08-03 00:00:00+00:00,18.68000030517578,18.68000030517578,18.68000030517578,18.68000030517578,0.0
2012-08-06 00:00:00+00:00,18.739999771118164,18.739999771118164,18.739999771118164,18.739999771118164,0.0
2012-08-07 00:00:00+00:00,18.809999465942383,18.809999465942383,18.809999465942383,18.809999465942383,0.0
2012-08-08 00:00:00+00:00,18.579999923706055,18.579999923706055,18.579999923706055,18.579999923706055,0.0
2012-08-09 00:00:00+00:00,18.229999542236328,18.229999542236328,18.229999542236328,18.229999542236328,0.0
2012-08-10 00:00:00+00:00,18.139999389648438,18.139999389648438,18.139999389648438,18.139999389648438,0.0
2012-08-13 00:00:00+00:00,18.06999969482422,18.06999969482422,18.06999969482422,18.06999969482422,0.0
2012-08-14 00:00:00+00:00,18.510000228881836,18.510000228881836,18.510000228881836,18.510000228881836,0.0
2012-08-15 00:00:00+00:00,18.860000610351562,18.860000610351562,18.860000610351562,18.860000610351562,0.0
2012-08-16 00:00:00+00:00,18.549999237060547,18.549999237060547,18.549999237060547,18.549999237060547,0.0
2012-08-17 00:00:00+00:00,18.350000381469727,18.350000381469727,18.350000381469727,18.350000381469727,0.0
2012-08-20 00:00:00+00:00,18.59000015258789,18.59000015258789,18.59000015258789,18.59000015258789,0.0
2012-08-21 00:00:00+00:00,18.799999237060547,18.799999237060547,18.799999237060547,18.799999237060547,0.0
2012-08-22 00:00:00+00:00,19.420000076293945,19.420000076293945,19.420000076293945,19.420000076293945,0.0
2012-08-23 00:00:00+00:00,20.09000015258789,20.09000015258789,20.09000015258789,20.09000015258789,0.0
2012-08-24 00:00:00+00:00,19.239999771118164,19.239999771118164,19.239999771118164,19.239999771118164,0.0
2012-08-27 00:00:00+00:00,19.920000076293945,19.920000076293945,19.920000076293945,19.920000076293945,0.0
2012-08-28 00:00:00+00:00,19.81999969482422,19.81999969482422,19.81999969482422,19.81999969482422,0.0
2012-08-29 00:00:00+00:00,20.459999084472656,20.459999084472656,20.459999084472656,20.459999084472656,0.0
2012-08-30 00:00:00+00:00,20.920000076293945,20.920000076293945,20.920000076293945,20.920000076293945,0.0
2012-08-31 00:00:00+00:00,20.6200008392334,20.6200008392334,20.6200008392334,20.6200008392334,0.0
2012-09-04 00:00:00+00:00,20.68000030517578,20.68000030517578,20.68000030517578,20.68000030517578,0.0
2012-09-05 00:00:00+00:00,19.989999771118164,19.989999771118164,19.989999771118164,19.989999771118164,0.0
2012-09-06 00:00:00+00:00,18.6200008392334,18.6200008392334,18.6200008392334,18.6200008392334,0.0
2012-09-07 00:00:00+00:00,17.59000015258789,17.59000015258789,17.59000015258789,17.59000015258789,0.0
2012-09-10 00:00:00+00:00,18.299999237060547,18.299999237060547,18.299999237060547,18.299999237060547,0.0
2012-09-11 00:00:00+00:00,18.290000915527344,18.290000915527344,18.290000915527344,18.290000915527344,0.0
2012-09-12 00:00:00+00:00,17.600000381469727,17.600000381469727,17.600000381469727,17.600000381469727,0.0
2012-09-13 00:00:00+00:00,16.450000762939453,16.450000762939453,16.450000762939453,16.450000762939453,0.0
2012-09-14 00:00:00+00:00,16.899999618530273,16.899999618530273,16.899999618530273,16.899999618530273,0.0
2012-09-17 00:00:00+00:00,17.1299991607666,17.1299991607666,17.1299991607666,17.1299991607666,0.0
2012-09-18 00:00:00+00:00,16.6299991607666,16.6299991607666,16.6299991607666,16.6299991607666,0.0
2012-09-19 00:00:00+00:00,16.489999771118164,16.489999771118164,16.489999771118164,16.489999771118164,0.0
2012-09-20 00:00:00+00:00,16.75,16.75,16.75,16.75,0.0
2012-09-21 00:00:00+00:00,16.790000915527344,16.790000915527344,16.790000915527344,16.790000915527344,0.0
2012-09-24 00:00:00+00:00,16.59000015258789,16.59000015258789,16.59000015258789,16.59000015258789,0.0
2012-09-25 00:00:00+00:00,17.600000381469727,17.600000381469727,17.600000381469727,17.600000381469727,0.0
2012-09-26 00:00:00+00:00,18.5,18.5,18.5,18.5,0.0
2012-09-27 00:00:00+00:00,17.06999969482422,17.06999969482422,17.06999969482422,17.06999969482422,0.0
2012-09-28 00:00:00+00:00,17.610000610351562,17.610000610351562,17.610000610351562,17.610000610351562,0.0
2012-10-01 00:00:00+00:00,17.920000076293945,17.920000076293945,17.920000076293945,17.920000076293945,0.0
2012-10-02 00:00:00+00:00,17.739999771118164,17.739999771118164,17.739999771118164,17.739999771118164,0.0
2012-10-03 00:00:00+00:00,17.579999923706055,17.579999923706055,17.579999923706055,17.579999923706055,0.0
2012-10-04 00:00:00+00:00,17.059999465942383,17.059999465942383,17.059999465942383,17.059999465942383,0.0
2012-10-05 00:00:00+00:00,16.93000030517578,16.93000030517578,16.93000030517578,16.93000030517578,0.0
2012-10-08 00:00:00+00:00,17.360000610351562,17.360000610351562,17.360000610351562,17.360000610351562,0.0
2012-10-09 00:00:00+00:00,18.010000228881836,18.010000228881836,18.010000228881836,18.010000228881836,0.0
2012-10-10 00:00:00+00:00,18.1299991607666,18.1299991607666,18.1299991607666,18.1299991607666,0.0
2012-10-11 00:00:00+00:00,17.56999969482422,17.56999969482422,17.56999969482422,17.56999969482422,0.0
2012-10-12 00:00:00+00:00,17.739999771118164,17.739999771118164,17.739999771118164,17.739999771118164,0.0
2012-10-15 00:00:00+00:00,17.110000610351562,17.110000610351562,17.110000610351562,17.110000610351562,0.0
2012-10-16 00:00:00+00:00,16.969999313354492,16.969999313354492,16.969999313354492,16.969999313354492,0.0
2012-10-17 00:00:00+00:00,16.610000610351562,16.610000610351562,16.610000610351562,16.610000610351562,0.0
2012-10-18 00:00:00+00:00,16.579999923706055,16.579999923706055,16.579999923706055,16.579999923706055,0.0
2012-10-19 00:00:00+00:00,18.1200008392334,18.1200008392334,18.1200008392334,18.1200008392334,0.0
2012-10-22 00:00:00+00:00,17.8700008392334,17.8700008392334,17.8700008392334,17.8700008392334,0.0
2012-10-23 00:00:00+00:00,19.450000762939453,19.450000762939453,19.450000762939453,19.450000762939453,0.0
2012-10-24 00:00:00+00:00,19.270000457763672,19.270000457763672,19.270000457763672,19.270000457763672,0.0
2012-10-25 00:00:00+00:00,19.110000610351562,19.110000610351562,19.110000610351562,19.110000610351562,0.0
2012-10-26 00:00:00+00:00,19.020000457763672,19.020000457763672,19.020000457763672,19.020000457763672,0.0
2012-10-31 00:00:00+00:00,19.309999465942383,19.309999465942383,19.309999465942383,19.309999465942383,0.0
2012-11-01 00:00:00+00:00,17.729999542236328,17.729999542236328,17.729999542236328,17.729999542236328,0.0
2012-11-02 00:00:00+00:00,18.549999237060547,18.549999237060547,18.549999237060547,18.549999237060547,0.0
2012-11-05 00:00:00+00:00,18.969999313354492,18.969999313354492,18.969999313354492,18.969999313354492,0.0
2012-11-06 00:00:00+00:00,18.239999771118164,18.239999771118164,18.239999771118164,18.239999771118164,0.0
2012-11-07 00:00:00+00:00,19.809999465942383,19.809999465942383,19.809999465942383,19.809999465942383,0.0
2012-11-08 00:00:00+00:00,19.829999923706055,19.829999923706055,19.829999923706055,19.829999923706055,0.0
2012-11-09 00:00:00+00:00,20.06999969482422,20.06999969482422,20.06999969482422,20.06999969482422,0.0
2012-11-12 00:00:00+00:00,19.149999618530273,19.149999618530273,19.149999618530273,19.149999618530273,0.0
2012-11-13 00:00:00+00:00,18.969999313354492,18.969999313354492,18.969999313354492,18.969999313354492,0.0
2012-11-14 00:00:00+00:00,19.8700008392334,19.8700008392334,19.8700008392334,19.8700008392334,0.0
2012-11-15 00:00:00+00:00,19.790000915527344,19.790000915527344,19.790000915527344,19.790000915527344,0.0
2012-11-16 00:00:00+00:00,18.93000030517578,18.93000030517578,18.93000030517578,18.93000030517578,0.0
2012-11-19 00:00:00+00:00,17.59000015258789,17.59000015258789,17.59000015258789,17.59000015258789,0.0
2012-11-20 00:00:00+00:00,17.280000686645508,17.280000686645508,17.280000686645508,17.280000686645508,0.0
2012-11-21 00:00:00+00:00,17.579999923706055,17.579999923706055,17.579999923706055,17.579999923706055,0.0
2012-11-23 00:00:00+00:00,17.579999923706055,17.579999923706055,17.579999923706055,17.579999923706055,0.0
2012-11-26 00:00:00+00:00,17.309999465942383,17.309999465942383,17.309999465942383,17.309999465942383,0.0
2012-11-27 00:00:00+00:00,17.6200008392334,17.6200008392334,17.6200008392334,17.6200008392334,0.0
2012-11-28 00:00:00+00:00,17.200000762939453,17.200000762939453,17.200000762939453,17.200000762939453,0.0
2012-11-29 00:00:00+00:00,16.81999969482422,16.81999969482422,16.81999969482422,16.81999969482422,0.0
2012-11-30 00:00:00+00:00,17.270000457763672,17.270000457763672,17.270000457763672,17.270000457763672,0.0
2012-12-03 00:00:00+00:00,17.81999969482422,17.81999969482422,17.81999969482422,17.81999969482422,0.0
2012-12-04 00:00:00+00:00,18.190000534057617,18.190000534057617,18.190000534057617,18.190000534057617,0.0
2012-12-05 00:00:00+00:00,17.829999923706055,17.829999923706055,17.829999923706055,17.829999923706055,0.0
2012-12-06 00:00:00+00:00,17.84000015258789,17.84000015258789,17.84000015258789,17.84000015258789,0.0
2012-12-07 00:00:00+00:00,17.290000915527344,17.290000915527344,17.290000915527344,17.290000915527344,0.0
2012-12-10 00:00:00+00:00,17.350000381469727,17.350000381469727,17.350000381469727,17.350000381469727,0.0
2012-12-11 00:00:00+00:00,17.0,17.0,17.0,17.0,0.0
2012-12-12 00:00:00+00:00,17.43000030517578,17.43000030517578,17.43000030517578,17.43000030517578,0.0
2012-12-13 00:00:00+00:00,17.8799991607666,17.8799991607666,17.8799991607666,17.8799991607666,0.0
2012-12-14 00:00:00+00:00,18.030000686645508,18.030000686645508,18.030000686645508,18.030000686645508,0.0
2012-12-17 00:00:00+00:00,17.5,17.5,17.5,17.5,0.0
2012-12-18 00:00:00+00:00,16.809999465942383,16.809999465942383,16.809999465942383,16.809999465942383,0.0
2012-12-19 00:00:00+00:00,17.860000610351562,17.860000610351562,17.860000610351562,17.860000610351562,0.0
2012-12-20 00:00:00+00:00,18.139999389648438,18.139999389648438,18.139999389648438,18.139999389648438,0.0
2012-12-21 00:00:00+00:00,18.8700008392334,18.8700008392334,18.8700008392334,18.8700008392334,0.0
2012-12-24 00:00:00+00:00,18.8700008392334,18.8700008392334,18.8700008392334,18.8700008392334,0.0
2012-12-26 00:00:00+00:00,19.93000030517578,19.93000030517578,19.93000030517578,19.93000030517578,0.0
2012-12-27 00:00:00+00:00,19.920000076293945,19.920000076293945,19.920000076293945,19.920000076293945,0.0
2012-12-28 00:00:00+00:00,21.8799991607666,21.8799991607666,21.8799991607666,21.8799991607666,0.0
2012-12-31 00:00:00+00:00,18.729999542236328,18.729999542236328,18.729999542236328,18.729999542236328,0.0
2013-01-02 00:00:00+00:00,16.690000534057617,16.690000534057617,16.690000534057617,16.690000534057617,0.0
2013-01-03 00:00:00+00:00,16.739999771118164,16.739999771118164,16.739999771118164,16.739999771118164,0.0
2013-01-04 00:00:00+00:00,16.34000015258789,16.34000015258789,16.34000015258789,16.34000015258789,0.0
2013-01-07 00:00:00+00:00,16.450000762939453,16.450000762939453,16.450000762939453,16.450000762939453,0.0
2013-01-08 00:00:00+00:00,16.450000762939453,16.450000762939453,16.450000762939453,16.450000762939453,0.0
2013-01-09 00:00:00+00:00,16.5,16.5,16.5,16.5,0.0
2013-01-10 00:00:00+00:00,16.1200008392334,16.1200008392334,16.1200008392334,16.1200008392334,0.0
2013-01-11 00:00:00+00:00,16.010000228881836,16.010000228881836,16.010000228881836,16.010000228881836,0.0
2013-01-14 00:00:00+00:00,16.290000915527344,16.290000915527344,16.290000915527344,16.290000915527344,0.0
2013-01-15 00:00:00+00:00,16.329999923706055,16.329999923706055,16.329999923706055,16.329999923706055,0.0
2013-01-16 00:00:00+00:00,16.239999771118164,16.239999771118164,16.239999771118164,16.239999771118164,0.0
2013-01-17 00:00:00+00:00,16.079999923706055,16.079999923706055,16.079999923706055,16.079999923706055,0.0
2013-01-18 00:00:00+00:00,15.289999961853027,15.289999961853027,15.289999961853027,15.289999961853027,0.0
2013-01-22 00:00:00+00:00,14.720000267028809,14.720000267028809,14.720000267028809,14.720000267028809,0.0
2013-01-23 00:00:00+00:00,14.5,14.5,14.5,14.5,0.0
2013-01-24 00:00:00+00:00,14.670000076293945,14.670000076293945,14.670000076293945,14.670000076293945,0.0
2013-01-25 00:00:00+00:00,14.65999984741211,14.65999984741211,14.65999984741211,14.65999984741211,0.0
2013-01-28 00:00:00+00:00,15.069999694824219,15.069999694824219,15.069999694824219,15.069999694824219,0.0
2013-01-29 00:00:00+00:00,14.739999771118164,14.739999771118164,14.739999771118164,14.739999771118164,0.0
2013-01-30 00:00:00+00:00,15.420000076293945,15.420000076293945,15.420000076293945,15.420000076293945,0.0
2013-01-31 00:00:00+00:00,15.550000190734863,15.550000190734863,15.550000190734863,15.550000190734863,0.0
2013-02-01 00:00:00+00:00,14.789999961853027,14.789999961853027,14.789999961853027,14.789999961853027,0.0
2013-02-04 00:00:00+00:00,15.789999961853027,15.789999961853027,15.789999961853027,15.789999961853027,0.0
2013-02-05 00:00:00+00:00,15.300000190734863,15.300000190734863,15.300000190734863,15.300000190734863,0.0
2013-02-06 00:00:00+00:00,15.140000343322754,15.140000343322754,15.140000343322754,15.140000343322754,0.0
2013-02-07 00:00:00+00:00,15.1899995803833,15.1899995803833,15.1899995803833,15.1899995803833,0.0
2013-02-08 00:00:00+00:00,14.800000190734863,14.800000190734863,14.800000190734863,14.800000190734863,0.0
2013-02-11 00:00:00+00:00,14.680000305175781,14.680000305175781,14.680000305175781,14.680000305175781,0.0
2013-02-12 00:00:00+00:00,14.529999732971191,14.529999732971191,14.529999732971191,14.529999732971191,0.0
2013-02-13 00:00:00+00:00,14.630000114440918,14.630000114440918,14.630000114440918,14.630000114440918,0.0
2013-02-14 00:00:00+00:00,14.430000305175781,14.430000305175781,14.430000305175781,14.430000305175781,0.0
2013-02-15 00:00:00+00:00,14.260000228881836,14.260000228881836,14.260000228881836,14.260000228881836,0.0
2013-02-19 00:00:00+00:00,13.989999771118164,13.989999771118164,13.989999771118164,13.989999771118164,0.0
2013-02-20 00:00:00+00:00,15.40999984741211,15.40999984741211,15.40999984741211,15.40999984741211,0.0
2013-02-21 00:00:00+00:00,15.710000038146973,15.710000038146973,15.710000038146973,15.710000038146973,0.0
2013-02-22 00:00:00+00:00,14.979999542236328,14.979999542236328,14.979999542236328,14.979999542236328,0.0
2013-02-25 00:00:00+00:00,17.940000534057617,17.940000534057617,17.940000534057617,17.940000534057617,0.0
2013-02-26 00:00:00+00:00,17.25,17.25,17.25,17.25,0.0
2013-02-27 00:00:00+00:00,15.65999984741211,15.65999984741211,15.65999984741211,15.65999984741211,0.0
2013-02-28 00:00:00+00:00,16.18000030517578,16.18000030517578,16.18000030517578,16.18000030517578,0.0
2013-03-01 00:00:00+00:00,16.290000915527344,16.290000915527344,16.290000915527344,16.290000915527344,0.0
2013-03-04 00:00:00+00:00,15.420000076293945,15.420000076293945,15.420000076293945,15.420000076293945,0.0
2013-03-05 00:00:00+00:00,14.949999809265137,14.949999809265137,14.949999809265137,14.949999809265137,0.0
2013-03-06 00:00:00+00:00,15.029999732971191,15.029999732971191,15.029999732971191,15.029999732971191,0.0
2013-03-07 00:00:00+00:00,14.739999771118164,14.739999771118164,14.739999771118164,14.739999771118164,0.0
2013-03-08 00:00:00+00:00,14.520000457763672,14.520000457763672,14.520000457763672,14.520000457763672,0.0
2013-03-11 00:00:00+00:00,14.300000190734863,14.300000190734863,14.300000190734863,14.300000190734863,0.0
2013-03-12 00:00:00+00:00,14.579999923706055,14.579999923706055,14.579999923706055,14.579999923706055,0.0
2013-03-13 00:00:00+00:00,14.510000228881836,14.510000228881836,14.510000228881836,14.510000228881836,0.0
2013-03-14 00:00:00+00:00,14.100000381469727,14.100000381469727,14.100000381469727,14.100000381469727,0.0
2013-03-15 00:00:00+00:00,14.260000228881836,14.260000228881836,14.260000228881836,14.260000228881836,0.0
2013-03-18 00:00:00+00:00,15.390000343322754,15.390000343322754,15.390000343322754,15.390000343322754,0.0
2013-03-19 00:00:00+00:00,15.710000038146973,15.710000038146973,15.710000038146973,15.710000038146973,0.0
2013-03-20 00:00:00+00:00,14.930000305175781,14.930000305175781,14.930000305175781,14.930000305175781,0.0
2013-03-21 00:00:00+00:00,15.529999732971191,15.529999732971191,15.529999732971191,15.529999732971191,0.0
2013-03-22 00:00:00+00:00,15.260000228881836,15.260000228881836,15.260000228881836,15.260000228881836,0.0
2013-03-25 00:00:00+00:00,15.300000190734863,15.300000190734863,15.300000190734863,15.300000190734863,0.0
2013-03-26 00:00:00+00:00,14.75,14.75,14.75,14.75,0.0
2013-03-27 00:00:00+00:00,14.930000305175781,14.930000305175781,14.930000305175781,14.930000305175781,0.0
2013-03-28 00:00:00+00:00,14.640000343322754,14.640000343322754,14.640000343322754,14.640000343322754,0.0
2013-04-01 00:00:00+00:00,15.279999732971191,15.279999732971191,15.279999732971191,15.279999732971191,0.0
2013-04-02 00:00:00+00:00,14.710000038146973,14.710000038146973,14.710000038146973,14.710000038146973,0.0
2013-04-03 00:00:00+00:00,15.489999771118164,15.489999771118164,15.489999771118164,15.489999771118164,0.0
2013-04-04 00:00:00+00:00,15.300000190734863,15.300000190734863,15.300000190734863,15.300000190734863,0.0
2013-04-05 00:00:00+00:00,15.380000114440918,15.380000114440918,15.380000114440918,15.380000114440918,0.0
2013-04-08 00:00:00+00:00,14.710000038146973,14.710000038146973,14.710000038146973,14.710000038146973,0.0
2013-04-09 00:00:00+00:00,14.460000038146973,14.460000038146973,14.460000038146973,14.460000038146973,0.0
2013-04-10 00:00:00+00:00,14.119999885559082,14.119999885559082,14.119999885559082,14.119999885559082,0.0
2013-04-11 00:00:00+00:00,14.170000076293945,14.170000076293945,14.170000076293945,14.170000076293945,0.0
2013-04-12 00:00:00+00:00,14.020000457763672,14.020000457763672,14.020000457763672,14.020000457763672,0.0
2013-04-15 00:00:00+00:00,17.030000686645508,17.030000686645508,17.030000686645508,17.030000686645508,0.0
2013-04-16 00:00:00+00:00,15.100000381469727,15.100000381469727,15.100000381469727,15.100000381469727,0.0
2013-04-17 00:00:00+00:00,16.93000030517578,16.93000030517578,16.93000030517578,16.93000030517578,0.0
2013-04-18 00:00:00+00:00,17.520000457763672,17.520000457763672,17.520000457763672,17.520000457763672,0.0
2013-04-19 00:00:00+00:00,16.170000076293945,16.170000076293945,16.170000076293945,16.170000076293945,0.0
2013-04-22 00:00:00+00:00,15.65999984741211,15.65999984741211,15.65999984741211,15.65999984741211,0.0
2013-04-23 00:00:00+00:00,14.829999923706055,14.829999923706055,14.829999923706055,14.829999923706055,0.0
2013-04-24 00:00:00+00:00,14.970000267028809,14.970000267028809,14.970000267028809,14.970000267028809,0.0
2013-04-25 00:00:00+00:00,14.960000038146973,14.960000038146973,14.960000038146973,14.960000038146973,0.0
2013-04-26 00:00:00+00:00,14.890000343322754,14.890000343322754,14.890000343322754,14.890000343322754,0.0
2013-04-29 00:00:00+00:00,14.920000076293945,14.920000076293945,14.920000076293945,14.920000076293945,0.0
2013-04-30 00:00:00+00:00,14.779999732971191,14.779999732971191,14.779999732971191,14.779999732971191,0.0
2013-05-01 00:00:00+00:00,15.609999656677246,15.609999656677246,15.609999656677246,15.609999656677246,0.0
2013-05-02 00:00:00+00:00,14.869999885559082,14.869999885559082,14.869999885559082,14.869999885559082,0.0
2013-05-03 00:00:00+00:00,14.449999809265137,14.449999809265137,14.449999809265137,14.449999809265137,0.0
2013-05-06 00:00:00+00:00,14.3100004196167,14.3100004196167,14.3100004196167,14.3100004196167,0.0
2013-05-07 00:00:00+00:00,14.350000381469727,14.350000381469727,14.350000381469727,14.350000381469727,0.0
2013-05-08 00:00:00+00:00,14.399999618530273,14.399999618530273,14.399999618530273,14.399999618530273,0.0
2013-05-09 00:00:00+00:00,14.8100004196167,14.8100004196167,14.8100004196167,14.8100004196167,0.0
2013-05-10 00:00:00+00:00,14.710000038146973,14.710000038146973,14.710000038146973,14.710000038146973,0.0
2013-05-13 00:00:00+00:00,15.050000190734863,15.050000190734863,15.050000190734863,15.050000190734863,0.0
2013-05-14 00:00:00+00:00,14.979999542236328,14.979999542236328,14.979999542236328,14.979999542236328,0.0
2013-05-15 00:00:00+00:00,15.050000190734863,15.050000190734863,15.050000190734863,15.050000190734863,0.0
2013-05-16 00:00:00+00:00,15.449999809265137,15.449999809265137,15.449999809265137,15.449999809265137,0.0
2013-05-17 00:00:00+00:00,15.170000076293945,15.170000076293945,15.170000076293945,15.170000076293945,0.0
2013-05-20 00:00:00+00:00,15.3100004196167,15.3100004196167,15.3100004196167,15.3100004196167,0.0
2013-05-21 00:00:00+00:00,15.779999732971191,15.779999732971191,15.779999732971191,15.779999732971191,0.0
2013-05-22 00:00:00+00:00,15.819999694824219,15.819999694824219,15.819999694824219,15.819999694824219,0.0
2013-05-23 00:00:00+00:00,16.0,16.0,16.0,16.0,0.0
2013-05-24 00:00:00+00:00,15.920000076293945,15.920000076293945,15.920000076293945,15.920000076293945,0.0
2013-05-28 00:00:00+00:00,15.869999885559082,15.869999885559082,15.869999885559082,15.869999885559082,0.0
2013-05-29 00:00:00+00:00,16.149999618530273,16.149999618530273,16.149999618530273,16.149999618530273,0.0
2013-05-30 00:00:00+00:00,16.010000228881836,16.010000228881836,16.010000228881836,16.010000228881836,0.0
2013-05-31 00:00:00+00:00,17.1299991607666,17.1299991607666,17.1299991607666,17.1299991607666,0.0
2013-06-03 00:00:00+00:00,17.219999313354492,17.219999313354492,17.219999313354492,17.219999313354492,0.0
2013-06-04 00:00:00+00:00,17.260000228881836,17.260000228881836,17.260000228881836,17.260000228881836,0.0
2013-06-05 00:00:00+00:00,18.0,18.0,18.0,18.0,0.0
2013-06-06 00:00:00+00:00,17.549999237060547,17.549999237060547,17.549999237060547,17.549999237060547,0.0
2013-06-07 00:00:00+00:00,16.719999313354492,16.719999313354492,16.719999313354492,16.719999313354492,0.0
2013-06-10 00:00:00+00:00,16.729999542236328,16.729999542236328,16.729999542236328,16.729999542236328,0.0
2013-06-11 00:00:00+00:00,17.90999984741211,17.90999984741211,17.90999984741211,17.90999984741211,0.0
2013-06-12 00:00:00+00:00,19.06999969482422,19.06999969482422,19.06999969482422,19.06999969482422,0.0
2013-06-13 00:00:00+00:00,17.829999923706055,17.829999923706055,17.829999923706055,17.829999923706055,0.0
2013-06-14 00:00:00+00:00,18.299999237060547,18.299999237060547,18.299999237060547,18.299999237060547,0.0
2013-06-17 00:00:00+00:00,17.989999771118164,17.989999771118164,17.989999771118164,17.989999771118164,0.0
2013-06-18 00:00:00+00:00,17.75,17.75,17.75,17.75,0.0
2013-06-19 00:00:00+00:00,17.780000686645508,17.780000686645508,17.780000686645508,17.780000686645508,0.0
2013-06-20 00:00:00+00:00,20.34000015258789,20.34000015258789,20.34000015258789,20.34000015258789,0.0
2013-06-21 00:00:00+00:00,19.489999771118164,19.489999771118164,19.489999771118164,19.489999771118164,0.0
2013-06-24 00:00:00+00:00,20.729999542236328,20.729999542236328,20.729999542236328,20.729999542236328,0.0
2013-06-25 00:00:00+00:00,19.670000076293945,19.670000076293945,19.670000076293945,19.670000076293945,0.0
2013-06-26 00:00:00+00:00,18.81999969482422,18.81999969482422,18.81999969482422,18.81999969482422,0.0
2013-06-27 00:00:00+00:00,18.559999465942383,18.559999465942383,18.559999465942383,18.559999465942383,0.0
2013-06-28 00:00:00+00:00,18.389999389648438,18.389999389648438,18.389999389648438,18.389999389648438,0.0
2013-07-01 00:00:00+00:00,17.920000076293945,17.920000076293945,17.920000076293945,17.920000076293945,0.0
2013-07-02 00:00:00+00:00,18.020000457763672,18.020000457763672,18.020000457763672,18.020000457763672,0.0
2013-07-03 00:00:00+00:00,17.809999465942383,17.809999465942383,17.809999465942383,17.809999465942383,0.0
2013-07-05 00:00:00+00:00,16.8799991607666,16.8799991607666,16.8799991607666,16.8799991607666,0.0
2013-07-08 00:00:00+00:00,16.40999984741211,16.40999984741211,16.40999984741211,16.40999984741211,0.0
2013-07-09 00:00:00+00:00,15.90999984741211,15.90999984741211,15.90999984741211,15.90999984741211,0.0
2013-07-10 00:00:00+00:00,15.770000457763672,15.770000457763672,15.770000457763672,15.770000457763672,0.0
2013-07-11 00:00:00+00:00,15.5,15.5,15.5,15.5,0.0
2013-07-12 00:00:00+00:00,15.649999618530273,15.649999618530273,15.649999618530273,15.649999618530273,0.0
2013-07-15 00:00:00+00:00,15.619999885559082,15.619999885559082,15.619999885559082,15.619999885559082,0.0
2013-07-16 00:00:00+00:00,16.010000228881836,16.010000228881836,16.010000228881836,16.010000228881836,0.0
2013-07-17 00:00:00+00:00,15.5600004196167,15.5600004196167,15.5600004196167,15.5600004196167,0.0
2013-07-18 00:00:00+00:00,15.5600004196167,15.5600004196167,15.5600004196167,15.5600004196167,0.0
2013-07-19 00:00:00+00:00,15.039999961853027,15.039999961853027,15.039999961853027,15.039999961853027,0.0
2013-07-22 00:00:00+00:00,14.6899995803833,14.6899995803833,14.6899995803833,14.6899995803833,0.0
2013-07-23 00:00:00+00:00,14.880000114440918,14.880000114440918,14.880000114440918,14.880000114440918,0.0
2013-07-24 00:00:00+00:00,15.1899995803833,15.1899995803833,15.1899995803833,15.1899995803833,0.0
2013-07-25 00:00:00+00:00,15.0,15.0,15.0,15.0,0.0
2013-07-26 00:00:00+00:00,14.800000190734863,14.800000190734863,14.800000190734863,14.800000190734863,0.0
2013-07-29 00:00:00+00:00,15.109999656677246,15.109999656677246,15.109999656677246,15.109999656677246,0.0
2013-07-30 00:00:00+00:00,14.979999542236328,14.979999542236328,14.979999542236328,14.979999542236328,0.0
2013-07-31 00:00:00+00:00,14.920000076293945,14.920000076293945,14.920000076293945,14.920000076293945,0.0
2013-08-01 00:00:00+00:00,14.550000190734863,14.550000190734863,14.550000190734863,14.550000190734863,0.0
2013-08-02 00:00:00+00:00,14.029999732971191,14.029999732971191,14.029999732971191,14.029999732971191,0.0
2013-08-05 00:00:00+00:00,13.859999656677246,13.859999656677246,13.859999656677246,13.859999656677246,0.0
2013-08-06 00:00:00+00:00,14.5600004196167,14.5600004196167,14.5600004196167,14.5600004196167,0.0
2013-08-07 00:00:00+00:00,14.8100004196167,14.8100004196167,14.8100004196167,14.8100004196167,0.0
2013-08-08 00:00:00+00:00,14.670000076293945,14.670000076293945,14.670000076293945,14.670000076293945,0.0
2013-08-09 00:00:00+00:00,15.100000381469727,15.100000381469727,15.100000381469727,15.100000381469727,0.0
2013-08-12 00:00:00+00:00,15.170000076293945,15.170000076293945,15.170000076293945,15.170000076293945,0.0
2013-08-13 00:00:00+00:00,14.859999656677246,14.859999656677246,14.859999656677246,14.859999656677246,0.0
2013-08-14 00:00:00+00:00,15.239999771118164,15.239999771118164,15.239999771118164,15.239999771118164,0.0
2013-08-15 00:00:00+00:00,16.239999771118164,16.239999771118164,16.239999771118164,16.239999771118164,0.0
2013-08-16 00:00:00+00:00,15.9399995803833,15.9399995803833,15.9399995803833,15.9399995803833,0.0
2013-08-19 00:00:00+00:00,16.399999618530273,16.399999618530273,16.399999618530273,16.399999618530273,0.0
2013-08-20 00:00:00+00:00,16.309999465942383,16.309999465942383,16.309999465942383,16.309999465942383,0.0
2013-08-21 00:00:00+00:00,16.790000915527344,16.790000915527344,16.790000915527344,16.790000915527344,0.0
2013-08-22 00:00:00+00:00,15.989999771118164,15.989999771118164,15.989999771118164,15.989999771118164,0.0
2013-08-23 00:00:00+00:00,15.550000190734863,15.550000190734863,15.550000190734863,15.550000190734863,0.0
2013-08-26 00:00:00+00:00,16.209999084472656,16.209999084472656,16.209999084472656,16.209999084472656,0.0
2013-08-27 00:00:00+00:00,17.68000030517578,17.68000030517578,17.68000030517578,17.68000030517578,0.0
2013-08-28 00:00:00+00:00,17.6200008392334,17.6200008392334,17.6200008392334,17.6200008392334,0.0
2013-08-29 00:00:00+00:00,17.899999618530273,17.899999618530273,17.899999618530273,17.899999618530273,0.0
2013-08-30 00:00:00+00:00,18.049999237060547,18.049999237060547,18.049999237060547,18.049999237060547,0.0
2013-09-03 00:00:00+00:00,17.639999389648438,17.639999389648438,17.639999389648438,17.639999389648438,0.0
2013-09-04 00:00:00+00:00,17.299999237060547,17.299999237060547,17.299999237060547,17.299999237060547,0.0
2013-09-05 00:00:00+00:00,17.139999389648438,17.139999389648438,17.139999389648438,17.139999389648438,0.0
2013-09-06 00:00:00+00:00,17.170000076293945,17.170000076293945,17.170000076293945,17.170000076293945,0.0
2013-09-09 00:00:00+00:00,16.829999923706055,16.829999923706055,16.829999923706055,16.829999923706055,0.0
2013-09-10 00:00:00+00:00,16.110000610351562,16.110000610351562,16.110000610351562,16.110000610351562,0.0
2013-09-11 00:00:00+00:00,15.609999656677246,15.609999656677246,15.609999656677246,15.609999656677246,0.0
2013-09-12 00:00:00+00:00,15.850000381469727,15.850000381469727,15.850000381469727,15.850000381469727,0.0
2013-09-13 00:00:00+00:00,15.699999809265137,15.699999809265137,15.699999809265137,15.699999809265137,0.0
2013-09-16 00:00:00+00:00,15.579999923706055,15.579999923706055,15.579999923706055,15.579999923706055,0.0
2013-09-17 00:00:00+00:00,15.65999984741211,15.65999984741211,15.65999984741211,15.65999984741211,0.0
2013-09-18 00:00:00+00:00,15.180000305175781,15.180000305175781,15.180000305175781,15.180000305175781,0.0
2013-09-19 00:00:00+00:00,15.020000457763672,15.020000457763672,15.020000457763672,15.020000457763672,0.0
2013-09-20 00:00:00+00:00,15.319999694824219,15.319999694824219,15.319999694824219,15.319999694824219,0.0
2013-09-23 00:00:00+00:00,15.920000076293945,15.920000076293945,15.920000076293945,15.920000076293945,0.0
2013-09-24 00:00:00+00:00,15.640000343322754,15.640000343322754,15.640000343322754,15.640000343322754,0.0
2013-09-25 00:00:00+00:00,15.5600004196167,15.5600004196167,15.5600004196167,15.5600004196167,0.0
2013-09-26 00:00:00+00:00,15.40999984741211,15.40999984741211,15.40999984741211,15.40999984741211,0.0
2013-09-27 00:00:00+00:00,16.040000915527344,16.040000915527344,16.040000915527344,16.040000915527344,0.0
2013-09-30 00:00:00+00:00,16.799999237060547,16.799999237060547,16.799999237060547,16.799999237060547,0.0
2013-10-01 00:00:00+00:00,16.1299991607666,16.1299991607666,16.1299991607666,16.1299991607666,0.0
2013-10-02 00:00:00+00:00,16.809999465942383,16.809999465942383,16.809999465942383,16.809999465942383,0.0
2013-10-03 00:00:00+00:00,17.700000762939453,17.700000762939453,17.700000762939453,17.700000762939453,0.0
2013-10-04 00:00:00+00:00,17.209999084472656,17.209999084472656,17.209999084472656,17.209999084472656,0.0
2013-10-07 00:00:00+00:00,19.06999969482422,19.06999969482422,19.06999969482422,19.06999969482422,0.0
2013-10-08 00:00:00+00:00,19.84000015258789,19.84000015258789,19.84000015258789,19.84000015258789,0.0
2013-10-09 00:00:00+00:00,19.290000915527344,19.290000915527344,19.290000915527344,19.290000915527344,0.0
2013-10-10 00:00:00+00:00,17.209999084472656,17.209999084472656,17.209999084472656,17.209999084472656,0.0
2013-10-11 00:00:00+00:00,16.56999969482422,16.56999969482422,16.56999969482422,16.56999969482422,0.0
2013-10-14 00:00:00+00:00,16.920000076293945,16.920000076293945,16.920000076293945,16.920000076293945,0.0
2013-10-15 00:00:00+00:00,18.40999984741211,18.40999984741211,18.40999984741211,18.40999984741211,0.0
2013-10-16 00:00:00+00:00,16.260000228881836,16.260000228881836,16.260000228881836,16.260000228881836,0.0
2013-10-17 00:00:00+00:00,15.4399995803833,15.4399995803833,15.4399995803833,15.4399995803833,0.0
2013-10-18 00:00:00+00:00,14.920000076293945,14.920000076293945,14.920000076293945,14.920000076293945,0.0
2013-10-21 00:00:00+00:00,15.140000343322754,15.140000343322754,15.140000343322754,15.140000343322754,0.0
2013-10-22 00:00:00+00:00,15.020000457763672,15.020000457763672,15.020000457763672,15.020000457763672,0.0
2013-10-23 00:00:00+00:00,15.109999656677246,15.109999656677246,15.109999656677246,15.109999656677246,0.0
2013-10-24 00:00:00+00:00,14.899999618530273,14.899999618530273,14.899999618530273,14.899999618530273,0.0
2013-10-25 00:00:00+00:00,14.869999885559082,14.869999885559082,14.869999885559082,14.869999885559082,0.0
2013-10-28 00:00:00+00:00,14.869999885559082,14.869999885559082,14.869999885559082,14.869999885559082,0.0
2013-10-29 00:00:00+00:00,15.029999732971191,15.029999732971191,15.029999732971191,15.029999732971191,0.0
2013-10-30 00:00:00+00:00,15.130000114440918,15.130000114440918,15.130000114440918,15.130000114440918,0.0
2013-10-31 00:00:00+00:00,15.25,15.25,15.25,15.25,0.0
2013-11-01 00:00:00+00:00,15.0600004196167,15.0600004196167,15.0600004196167,15.0600004196167,0.0
2013-11-04 00:00:00+00:00,14.680000305175781,14.680000305175781,14.680000305175781,14.680000305175781,0.0
2013-11-05 00:00:00+00:00,14.920000076293945,14.920000076293945,14.920000076293945,14.920000076293945,0.0
2013-11-06 00:00:00+00:00,14.65999984741211,14.65999984741211,14.65999984741211,14.65999984741211,0.0
2013-11-07 00:00:00+00:00,15.359999656677246,15.359999656677246,15.359999656677246,15.359999656677246,0.0
2013-11-08 00:00:00+00:00,14.630000114440918,14.630000114440918,14.630000114440918,14.630000114440918,0.0
2013-11-11 00:00:00+00:00,14.729999542236328,14.729999542236328,14.729999542236328,14.729999542236328,0.0
2013-11-12 00:00:00+00:00,14.880000114440918,14.880000114440918,14.880000114440918,14.880000114440918,0.0
2013-11-13 00:00:00+00:00,14.829999923706055,14.829999923706055,14.829999923706055,14.829999923706055,0.0
2013-11-14 00:00:00+00:00,14.880000114440918,14.880000114440918,14.880000114440918,14.880000114440918,0.0
2013-11-15 00:00:00+00:00,14.800000190734863,14.800000190734863,14.800000190734863,14.800000190734863,0.0
2013-11-18 00:00:00+00:00,14.930000305175781,14.930000305175781,14.930000305175781,14.930000305175781,0.0
2013-11-19 00:00:00+00:00,15.25,15.25,15.25,15.25,0.0
2013-11-20 00:00:00+00:00,14.989999771118164,14.989999771118164,14.989999771118164,14.989999771118164,0.0
2013-11-21 00:00:00+00:00,14.520000457763672,14.520000457763672,14.520000457763672,14.520000457763672,0.0
2013-11-22 00:00:00+00:00,14.149999618530273,14.149999618530273,14.149999618530273,14.149999618530273,0.0
2013-11-25 00:00:00+00:00,14.430000305175781,14.430000305175781,14.430000305175781,14.430000305175781,0.0
2013-11-26 00:00:00+00:00,14.550000190734863,14.550000190734863,14.550000190734863,14.550000190734863,0.0
2013-11-27 00:00:00+00:00,14.600000381469727,14.600000381469727,14.600000381469727,14.600000381469727,0.0
2013-11-29 00:00:00+00:00,15.029999732971191,15.029999732971191,15.029999732971191,15.029999732971191,0.0
2013-12-02 00:00:00+00:00,15.1899995803833,15.1899995803833,15.1899995803833,15.1899995803833,0.0
2013-12-03 00:00:00+00:00,15.489999771118164,15.489999771118164,15.489999771118164,15.489999771118164,0.0
2013-12-04 00:00:00+00:00,15.569999694824219,15.569999694824219,15.569999694824219,15.569999694824219,0.0
2013-12-05 00:00:00+00:00,15.779999732971191,15.779999732971191,15.779999732971191,15.779999732971191,0.0
2013-12-06 00:00:00+00:00,14.949999809265137,14.949999809265137,14.949999809265137,14.949999809265137,0.0
2013-12-09 00:00:00+00:00,14.930000305175781,14.930000305175781,14.930000305175781,14.930000305175781,0.0
2013-12-10 00:00:00+00:00,15.220000267028809,15.220000267028809,15.220000267028809,15.220000267028809,0.0
2013-12-11 00:00:00+00:00,15.989999771118164,15.989999771118164,15.989999771118164,15.989999771118164,0.0
2013-12-12 00:00:00+00:00,16.1200008392334,16.1200008392334,16.1200008392334,16.1200008392334,0.0
2013-12-13 00:00:00+00:00,16.270000457763672,16.270000457763672,16.270000457763672,16.270000457763672,0.0
2013-12-16 00:00:00+00:00,16.389999389648438,16.389999389648438,16.389999389648438,16.389999389648438,0.0
2013-12-17 00:00:00+00:00,16.5,16.5,16.5,16.5,0.0
2013-12-18 00:00:00+00:00,14.989999771118164,14.989999771118164,14.989999771118164,14.989999771118164,0.0
2013-12-19 00:00:00+00:00,15.279999732971191,15.279999732971191,15.279999732971191,15.279999732971191,0.0
2013-12-20 00:00:00+00:00,15.010000228881836,15.010000228881836,15.010000228881836,15.010000228881836,0.0
2013-12-23 00:00:00+00:00,14.520000457763672,14.520000457763672,14.520000457763672,14.520000457763672,0.0
2013-12-24 00:00:00+00:00,14.239999771118164,14.239999771118164,14.239999771118164,14.239999771118164,0.0
2013-12-26 00:00:00+00:00,14.029999732971191,14.029999732971191,14.029999732971191,14.029999732971191,0.0
2013-12-27 00:00:00+00:00,13.979999542236328,13.979999542236328,13.979999542236328,13.979999542236328,0.0
2013-12-30 00:00:00+00:00,14.770000457763672,14.770000457763672,14.770000457763672,14.770000457763672,0.0
2013-12-31 00:00:00+00:00,14.770000457763672,14.770000457763672,14.770000457763672,14.770000457763672,0.0
2014-01-02 00:00:00+00:00,15.260000228881836,15.260000228881836,15.260000228881836,15.260000228881836,0.0
2014-01-03 00:00:00+00:00,15.09000015258789,15.09000015258789,15.09000015258789,15.09000015258789,0.0
2014-01-06 00:00:00+00:00,14.819999694824219,14.819999694824219,14.819999694824219,14.819999694824219,0.0
2014-01-07 00:00:00+00:00,14.40999984741211,14.40999984741211,14.40999984741211,14.40999984741211,0.0
2014-01-08 00:00:00+00:00,14.289999961853027,14.289999961853027,14.289999961853027,14.289999961853027,0.0
2014-01-09 00:00:00+00:00,14.289999961853027,14.289999961853027,14.289999961853027,14.289999961853027,0.0
2014-01-10 00:00:00+00:00,13.9399995803833,13.9399995803833,13.9399995803833,13.9399995803833,0.0
2014-01-13 00:00:00+00:00,14.979999542236328,14.979999542236328,14.979999542236328,14.979999542236328,0.0
2014-01-14 00:00:00+00:00,14.489999771118164,14.489999771118164,14.489999771118164,14.489999771118164,0.0
2014-01-15 00:00:00+00:00,14.460000038146973,14.460000038146973,14.460000038146973,14.460000038146973,0.0
2014-01-16 00:00:00+00:00,14.6899995803833,14.6899995803833,14.6899995803833,14.6899995803833,0.0
2014-01-17 00:00:00+00:00,14.630000114440918,14.630000114440918,14.630000114440918,14.630000114440918,0.0
2014-01-21 00:00:00+00:00,14.619999885559082,14.619999885559082,14.619999885559082,14.619999885559082,0.0
2014-01-22 00:00:00+00:00,14.470000267028809,14.470000267028809,14.470000267028809,14.470000267028809,0.0
2014-01-23 00:00:00+00:00,14.979999542236328,14.979999542236328,14.979999542236328,14.979999542236328,0.0
2014-01-24 00:00:00+00:00,17.399999618530273,17.399999618530273,17.399999618530273,17.399999618530273,0.0
2014-01-27 00:00:00+00:00,17.1299991607666,17.1299991607666,17.1299991607666,17.1299991607666,0.0
2014-01-28 00:00:00+00:00,16.200000762939453,16.200000762939453,16.200000762939453,16.200000762939453,0.0
2014-01-29 00:00:00+00:00,17.239999771118164,17.239999771118164,17.239999771118164,17.239999771118164,0.0
2014-01-30 00:00:00+00:00,17.3700008392334,17.3700008392334,17.3700008392334,17.3700008392334,0.0
2014-01-31 00:00:00+00:00,18.09000015258789,18.09000015258789,18.09000015258789,18.09000015258789,0.0
2014-02-03 00:00:00+00:00,20.139999389648438,20.139999389648438,20.139999389648438,20.139999389648438,0.0
2014-02-04 00:00:00+00:00,19.079999923706055,19.079999923706055,19.079999923706055,19.079999923706055,0.0
2014-02-05 00:00:00+00:00,19.670000076293945,19.670000076293945,19.670000076293945,19.670000076293945,0.0
2014-02-06 00:00:00+00:00,17.790000915527344,17.790000915527344,17.790000915527344,17.790000915527344,0.0
2014-02-07 00:00:00+00:00,16.34000015258789,16.34000015258789,16.34000015258789,16.34000015258789,0.0
2014-02-10 00:00:00+00:00,16.31999969482422,16.31999969482422,16.31999969482422,16.31999969482422,0.0
2014-02-11 00:00:00+00:00,15.75,15.75,15.75,15.75,0.0
2014-02-12 00:00:00+00:00,15.649999618530273,15.649999618530273,15.649999618530273,15.649999618530273,0.0
2014-02-13 00:00:00+00:00,15.5,15.5,15.5,15.5,0.0
2014-02-14 00:00:00+00:00,15.170000076293945,15.170000076293945,15.170000076293945,15.170000076293945,0.0
2014-02-18 00:00:00+00:00,15.220000267028809,15.220000267028809,15.220000267028809,15.220000267028809,0.0
2014-02-19 00:00:00+00:00,16.290000915527344,16.290000915527344,16.290000915527344,16.290000915527344,0.0
2014-02-20 00:00:00+00:00,15.720000267028809,15.720000267028809,15.720000267028809,15.720000267028809,0.0
2014-02-21 00:00:00+00:00,15.640000343322754,15.640000343322754,15.640000343322754,15.640000343322754,0.0
2014-02-24 00:00:00+00:00,15.5,15.5,15.5,15.5,0.0
2014-02-25 00:00:00+00:00,15.5,15.5,15.5,15.5,0.0
2014-02-26 00:00:00+00:00,15.90999984741211,15.90999984741211,15.90999984741211,15.90999984741211,0.0
2014-02-27 00:00:00+00:00,15.630000114440918,15.630000114440918,15.630000114440918,15.630000114440918,0.0
2014-02-28 00:00:00+00:00,15.800000190734863,15.800000190734863,15.800000190734863,15.800000190734863,0.0
2014-03-03 00:00:00+00:00,16.920000076293945,16.920000076293945,16.920000076293945,16.920000076293945,0.0
2014-03-04 00:00:00+00:00,15.6899995803833,15.6899995803833,15.6899995803833,15.6899995803833,0.0
2014-03-05 00:00:00+00:00,15.770000457763672,15.770000457763672,15.770000457763672,15.770000457763672,0.0
2014-03-06 00:00:00+00:00,15.829999923706055,15.829999923706055,15.829999923706055,15.829999923706055,0.0
2014-03-07 00:00:00+00:00,15.869999885559082,15.869999885559082,15.869999885559082,15.869999885559082,0.0
2014-03-10 00:00:00+00:00,15.970000267028809,15.970000267028809,15.970000267028809,15.970000267028809,0.0
2014-03-11 00:00:00+00:00,16.350000381469727,16.350000381469727,16.350000381469727,16.350000381469727,0.0
2014-03-12 00:00:00+00:00,16.079999923706055,16.079999923706055,16.079999923706055,16.079999923706055,0.0
2014-03-13 00:00:00+00:00,17.1299991607666,17.1299991607666,17.1299991607666,17.1299991607666,0.0
2014-03-14 00:00:00+00:00,17.93000030517578,17.93000030517578,17.93000030517578,17.93000030517578,0.0
2014-03-17 00:00:00+00:00,16.690000534057617,16.690000534057617,16.690000534057617,16.690000534057617,0.0
2014-03-18 00:00:00+00:00,16.15999984741211,16.15999984741211,16.15999984741211,16.15999984741211,0.0
2014-03-19 00:00:00+00:00,16.31999969482422,16.31999969482422,16.31999969482422,16.31999969482422,0.0
2014-03-20 00:00:00+00:00,15.859999656677246,15.859999656677246,15.859999656677246,15.859999656677246,0.0
2014-03-21 00:00:00+00:00,16.18000030517578,16.18000030517578,16.18000030517578,16.18000030517578,0.0
2014-03-24 00:00:00+00:00,16.100000381469727,16.100000381469727,16.100000381469727,16.100000381469727,0.0
2014-03-25 00:00:00+00:00,15.529999732971191,15.529999732971191,15.529999732971191,15.529999732971191,0.0
2014-03-26 00:00:00+00:00,16.079999923706055,16.079999923706055,16.079999923706055,16.079999923706055,0.0
2014-03-27 00:00:00+00:00,15.869999885559082,15.869999885559082,15.869999885559082,15.869999885559082,0.0
2014-03-28 00:00:00+00:00,15.460000038146973,15.460000038146973,15.460000038146973,15.460000038146973,0.0
2014-03-31 00:00:00+00:00,15.079999923706055,15.079999923706055,15.079999923706055,15.079999923706055,0.0
2014-04-01 00:00:00+00:00,14.399999618530273,14.399999618530273,14.399999618530273,14.399999618530273,0.0
2014-04-02 00:00:00+00:00,14.449999809265137,14.449999809265137,14.449999809265137,14.449999809265137,0.0
2014-04-03 00:00:00+00:00,14.5,14.5,14.5,14.5,0.0
2014-04-04 00:00:00+00:00,14.960000038146973,14.960000038146973,14.960000038146973,14.960000038146973,0.0
2014-04-07 00:00:00+00:00,15.899999618530273,15.899999618530273,15.899999618530273,15.899999618530273,0.0
2014-04-08 00:00:00+00:00,15.529999732971191,15.529999732971191,15.529999732971191,15.529999732971191,0.0
2014-04-09 00:00:00+00:00,14.829999923706055,14.829999923706055,14.829999923706055,14.829999923706055,0.0
2014-04-10 00:00:00+00:00,16.06999969482422,16.06999969482422,16.06999969482422,16.06999969482422,0.0
2014-04-11 00:00:00+00:00,16.790000915527344,16.790000915527344,16.790000915527344,16.790000915527344,0.0
2014-04-14 00:00:00+00:00,16.3700008392334,16.3700008392334,16.3700008392334,16.3700008392334,0.0
2014-04-15 00:00:00+00:00,15.989999771118164,15.989999771118164,15.989999771118164,15.989999771118164,0.0
2014-04-16 00:00:00+00:00,15.229999542236328,15.229999542236328,15.229999542236328,15.229999542236328,0.0
2014-04-17 00:00:00+00:00,14.84000015258789,14.84000015258789,14.84000015258789,14.84000015258789,0.0
2014-04-21 00:00:00+00:00,14.75,14.75,14.75,14.75,0.0
2014-04-22 00:00:00+00:00,14.609999656677246,14.609999656677246,14.609999656677246,14.609999656677246,0.0
2014-04-23 00:00:00+00:00,14.829999923706055,14.829999923706055,14.829999923706055,14.829999923706055,0.0
2014-04-24 00:00:00+00:00,14.770000457763672,14.770000457763672,14.770000457763672,14.770000457763672,0.0
2014-04-25 00:00:00+00:00,15.180000305175781,15.180000305175781,15.180000305175781,15.180000305175781,0.0
2014-04-28 00:00:00+00:00,14.930000305175781,14.930000305175781,14.930000305175781,14.930000305175781,0.0
2014-04-29 00:00:00+00:00,14.829999923706055,14.829999923706055,14.829999923706055,14.829999923706055,0.0
2014-04-30 00:00:00+00:00,14.699999809265137,14.699999809265137,14.699999809265137,14.699999809265137,0.0
2014-05-01 00:00:00+00:00,14.670000076293945,14.670000076293945,14.670000076293945,14.670000076293945,0.0
2014-05-02 00:00:00+00:00,14.680000305175781,14.680000305175781,14.680000305175781,14.680000305175781,0.0
2014-05-05 00:00:00+00:00,14.75,14.75,14.75,14.75,0.0
2014-05-06 00:00:00+00:00,15.119999885559082,15.119999885559082,15.119999885559082,15.119999885559082,0.0
2014-05-07 00:00:00+00:00,14.619999885559082,14.619999885559082,14.619999885559082,14.619999885559082,0.0
2014-05-08 00:00:00+00:00,14.579999923706055,14.579999923706055,14.579999923706055,14.579999923706055,0.0
2014-05-09 00:00:00+00:00,14.380000114440918,14.380000114440918,14.380000114440918,14.380000114440918,0.0
2014-05-12 00:00:00+00:00,13.880000114440918,13.880000114440918,13.880000114440918,13.880000114440918,0.0
2014-05-13 00:00:00+00:00,14.039999961853027,14.039999961853027,14.039999961853027,14.039999961853027,0.0
2014-05-14 00:00:00+00:00,14.180000305175781,14.180000305175781,14.180000305175781,14.180000305175781,0.0
2014-05-15 00:00:00+00:00,14.859999656677246,14.859999656677246,14.859999656677246,14.859999656677246,0.0
2014-05-16 00:00:00+00:00,14.329999923706055,14.329999923706055,14.329999923706055,14.329999923706055,0.0
2014-05-19 00:00:00+00:00,14.109999656677246,14.109999656677246,14.109999656677246,14.109999656677246,0.0
2014-05-20 00:00:00+00:00,14.40999984741211,14.40999984741211,14.40999984741211,14.40999984741211,0.0
2014-05-21 00:00:00+00:00,13.869999885559082,13.869999885559082,13.869999885559082,13.869999885559082,0.0
2014-05-22 00:00:00+00:00,13.829999923706055,13.829999923706055,13.829999923706055,13.829999923706055,0.0
2014-05-23 00:00:00+00:00,13.619999885559082,13.619999885559082,13.619999885559082,13.619999885559082,0.0
2014-05-27 00:00:00+00:00,13.640000343322754,13.640000343322754,13.640000343322754,13.640000343322754,0.0
2014-05-28 00:00:00+00:00,13.770000457763672,13.770000457763672,13.770000457763672,13.770000457763672,0.0
2014-05-29 00:00:00+00:00,13.710000038146973,13.710000038146973,13.710000038146973,13.710000038146973,0.0
2014-05-30 00:00:00+00:00,13.75,13.75,13.75,13.75,0.0
2014-06-02 00:00:00+00:00,13.880000114440918,13.880000114440918,13.880000114440918,13.880000114440918,0.0
2014-06-03 00:00:00+00:00,13.819999694824219,13.819999694824219,13.819999694824219,13.819999694824219,0.0
2014-06-04 00:00:00+00:00,13.770000457763672,13.770000457763672,13.770000457763672,13.770000457763672,0.0
2014-06-05 00:00:00+00:00,13.579999923706055,13.579999923706055,13.579999923706055,13.579999923706055,0.0
2014-06-06 00:00:00+00:00,12.829999923706055,12.829999923706055,12.829999923706055,12.829999923706055,0.0
2014-06-09 00:00:00+00:00,13.020000457763672,13.020000457763672,13.020000457763672,13.020000457763672,0.0
2014-06-10 00:00:00+00:00,13.010000228881836,13.010000228881836,13.010000228881836,13.010000228881836,0.0
2014-06-11 00:00:00+00:00,13.289999961853027,13.289999961853027,13.289999961853027,13.289999961853027,0.0
2014-06-12 00:00:00+00:00,14.109999656677246,14.109999656677246,14.109999656677246,14.109999656677246,0.0
2014-06-13 00:00:00+00:00,13.789999961853027,13.789999961853027,13.789999961853027,13.789999961853027,0.0
2014-06-16 00:00:00+00:00,13.970000267028809,13.970000267028809,13.970000267028809,13.970000267028809,0.0
2014-06-17 00:00:00+00:00,13.65999984741211,13.65999984741211,13.65999984741211,13.65999984741211,0.0
2014-06-18 00:00:00+00:00,12.619999885559082,12.619999885559082,12.619999885559082,12.619999885559082,0.0
2014-06-19 00:00:00+00:00,12.699999809265137,12.699999809265137,12.699999809265137,12.699999809265137,0.0
2014-06-20 00:00:00+00:00,12.869999885559082,12.869999885559082,12.869999885559082,12.869999885559082,0.0
2014-06-23 00:00:00+00:00,12.920000076293945,12.920000076293945,12.920000076293945,12.920000076293945,0.0
2014-06-24 00:00:00+00:00,13.380000114440918,13.380000114440918,13.380000114440918,13.380000114440918,0.0
2014-06-25 00:00:00+00:00,13.109999656677246,13.109999656677246,13.109999656677246,13.109999656677246,0.0
2014-06-26 00:00:00+00:00,13.069999694824219,13.069999694824219,13.069999694824219,13.069999694824219,0.0
2014-06-27 00:00:00+00:00,12.819999694824219,12.819999694824219,12.819999694824219,12.819999694824219,0.0
2014-06-30 00:00:00+00:00,13.010000228881836,13.010000228881836,13.010000228881836,13.010000228881836,0.0
2014-07-01 00:00:00+00:00,12.739999771118164,12.739999771118164,12.739999771118164,12.739999771118164,0.0
2014-07-02 00:00:00+00:00,12.489999771118164,12.489999771118164,12.489999771118164,12.489999771118164,0.0
2014-07-03 00:00:00+00:00,12.239999771118164,12.239999771118164,12.239999771118164,12.239999771118164,0.0
2014-07-07 00:00:00+00:00,12.869999885559082,12.869999885559082,12.869999885559082,12.869999885559082,0.0
2014-07-08 00:00:00+00:00,13.210000038146973,13.210000038146973,13.210000038146973,13.210000038146973,0.0
2014-07-09 00:00:00+00:00,12.989999771118164,12.989999771118164,12.989999771118164,12.989999771118164,0.0
2014-07-10 00:00:00+00:00,13.649999618530273,13.649999618530273,13.649999618530273,13.649999618530273,0.0
2014-07-11 00:00:00+00:00,13.279999732971191,13.279999732971191,13.279999732971191,13.279999732971191,0.0
2014-07-14 00:00:00+00:00,12.930000305175781,12.930000305175781,12.930000305175781,12.930000305175781,0.0
2014-07-15 00:00:00+00:00,13.15999984741211,13.15999984741211,13.15999984741211,13.15999984741211,0.0
2014-07-16 00:00:00+00:00,12.630000114440918,12.630000114440918,12.630000114440918,12.630000114440918,0.0
2014-07-17 00:00:00+00:00,14.970000267028809,14.970000267028809,14.970000267028809,14.970000267028809,0.0
2014-07-18 00:00:00+00:00,13.359999656677246,13.359999656677246,13.359999656677246,13.359999656677246,0.0
2014-07-21 00:00:00+00:00,13.800000190734863,13.800000190734863,13.800000190734863,13.800000190734863,0.0
2014-07-22 00:00:00+00:00,13.5,13.5,13.5,13.5,0.0
2014-07-23 00:00:00+00:00,13.380000114440918,13.380000114440918,13.380000114440918,13.380000114440918,0.0
2014-07-24 00:00:00+00:00,13.449999809265137,13.449999809265137,13.449999809265137,13.449999809265137,0.0
2014-07-25 00:00:00+00:00,14.0,14.0,14.0,14.0,0.0
2014-07-28 00:00:00+00:00,13.920000076293945,13.920000076293945,13.920000076293945,13.920000076293945,0.0
2014-07-29 00:00:00+00:00,14.220000267028809,14.220000267028809,14.220000267028809,14.220000267028809,0.0
2014-07-30 00:00:00+00:00,14.260000228881836,14.260000228881836,14.260000228881836,14.260000228881836,0.0
2014-07-31 00:00:00+00:00,16.3799991607666,16.3799991607666,16.3799991607666,16.3799991607666,0.0
2014-08-01 00:00:00+00:00,16.780000686645508,16.780000686645508,16.780000686645508,16.780000686645508,0.0
2014-08-04 00:00:00+00:00,15.8100004196167,15.8100004196167,15.8100004196167,15.8100004196167,0.0
2014-08-05 00:00:00+00:00,17.139999389648438,17.139999389648438,17.139999389648438,17.139999389648438,0.0
2014-08-06 00:00:00+00:00,16.93000030517578,16.93000030517578,16.93000030517578,16.93000030517578,0.0
2014-08-07 00:00:00+00:00,17.219999313354492,17.219999313354492,17.219999313354492,17.219999313354492,0.0
2014-08-08 00:00:00+00:00,16.690000534057617,16.690000534057617,16.690000534057617,16.690000534057617,0.0
2014-08-11 00:00:00+00:00,15.760000228881836,15.760000228881836,15.760000228881836,15.760000228881836,0.0
2014-08-12 00:00:00+00:00,15.699999809265137,15.699999809265137,15.699999809265137,15.699999809265137,0.0
2014-08-13 00:00:00+00:00,14.850000381469727,14.850000381469727,14.850000381469727,14.850000381469727,0.0
2014-08-14 00:00:00+00:00,14.430000305175781,14.430000305175781,14.430000305175781,14.430000305175781,0.0
2014-08-15 00:00:00+00:00,14.420000076293945,14.420000076293945,14.420000076293945,14.420000076293945,0.0
2014-08-18 00:00:00+00:00,13.90999984741211,13.90999984741211,13.90999984741211,13.90999984741211,0.0
2014-08-19 00:00:00+00:00,13.789999961853027,13.789999961853027,13.789999961853027,13.789999961853027,0.0
2014-08-20 00:00:00+00:00,13.760000228881836,13.760000228881836,13.760000228881836,13.760000228881836,0.0
2014-08-21 00:00:00+00:00,13.529999732971191,13.529999732971191,13.529999732971191,13.529999732971191,0.0
2014-08-22 00:00:00+00:00,13.510000228881836,13.510000228881836,13.510000228881836,13.510000228881836,0.0
2014-08-25 00:00:00+00:00,13.569999694824219,13.569999694824219,13.569999694824219,13.569999694824219,0.0
2014-08-26 00:00:00+00:00,13.710000038146973,13.710000038146973,13.710000038146973,13.710000038146973,0.0
2014-08-27 00:00:00+00:00,13.920000076293945,13.920000076293945,13.920000076293945,13.920000076293945,0.0
2014-08-28 00:00:00+00:00,14.130000114440918,14.130000114440918,14.130000114440918,14.130000114440918,0.0
2014-08-29 00:00:00+00:00,14.260000228881836,14.260000228881836,14.260000228881836,14.260000228881836,0.0
2014-09-02 00:00:00+00:00,14.460000038146973,14.460000038146973,14.460000038146973,14.460000038146973,0.0
2014-09-03 00:00:00+00:00,14.390000343322754,14.390000343322754,14.390000343322754,14.390000343322754,0.0
2014-09-04 00:00:00+00:00,14.539999961853027,14.539999961853027,14.539999961853027,14.539999961853027,0.0
2014-09-05 00:00:00+00:00,14.079999923706055,14.079999923706055,14.079999923706055,14.079999923706055,0.0
2014-09-08 00:00:00+00:00,14.390000343322754,14.390000343322754,14.390000343322754,14.390000343322754,0.0
2014-09-09 00:00:00+00:00,14.84000015258789,14.84000015258789,14.84000015258789,14.84000015258789,0.0
2014-09-10 00:00:00+00:00,14.630000114440918,14.630000114440918,14.630000114440918,14.630000114440918,0.0
2014-09-11 00:00:00+00:00,14.680000305175781,14.680000305175781,14.680000305175781,14.680000305175781,0.0
2014-09-12 00:00:00+00:00,15.039999961853027,15.039999961853027,15.039999961853027,15.039999961853027,0.0
2014-09-15 00:00:00+00:00,15.579999923706055,15.579999923706055,15.579999923706055,15.579999923706055,0.0
2014-09-16 00:00:00+00:00,14.850000381469727,14.850000381469727,14.850000381469727,14.850000381469727,0.0
2014-09-17 00:00:00+00:00,14.619999885559082,14.619999885559082,14.619999885559082,14.619999885559082,0.0
2014-09-18 00:00:00+00:00,14.229999542236328,14.229999542236328,14.229999542236328,14.229999542236328,0.0
2014-09-19 00:00:00+00:00,14.380000114440918,14.380000114440918,14.380000114440918,14.380000114440918,0.0
2014-09-22 00:00:00+00:00,15.260000228881836,15.260000228881836,15.260000228881836,15.260000228881836,0.0
2014-09-23 00:00:00+00:00,16.06999969482422,16.06999969482422,16.06999969482422,16.06999969482422,0.0
2014-09-24 00:00:00+00:00,15.220000267028809,15.220000267028809,15.220000267028809,15.220000267028809,0.0
2014-09-25 00:00:00+00:00,16.59000015258789,16.59000015258789,16.59000015258789,16.59000015258789,0.0
2014-09-26 00:00:00+00:00,16.020000457763672,16.020000457763672,16.020000457763672,16.020000457763672,0.0
2014-09-29 00:00:00+00:00,16.81999969482422,16.81999969482422,16.81999969482422,16.81999969482422,0.0
2014-09-30 00:00:00+00:00,17.079999923706055,17.079999923706055,17.079999923706055,17.079999923706055,0.0
2014-10-01 00:00:00+00:00,17.6200008392334,17.6200008392334,17.6200008392334,17.6200008392334,0.0
2014-10-02 00:00:00+00:00,17.239999771118164,17.239999771118164,17.239999771118164,17.239999771118164,0.0
2014-10-03 00:00:00+00:00,16.040000915527344,16.040000915527344,16.040000915527344,16.040000915527344,0.0
2014-10-06 00:00:00+00:00,16.549999237060547,16.549999237060547,16.549999237060547,16.549999237060547,0.0
2014-10-07 00:00:00+00:00,17.68000030517578,17.68000030517578,17.68000030517578,17.68000030517578,0.0
2014-10-08 00:00:00+00:00,16.280000686645508,16.280000686645508,16.280000686645508,16.280000686645508,0.0
2014-10-09 00:00:00+00:00,18.09000015258789,18.09000015258789,18.09000015258789,18.09000015258789,0.0
2014-10-10 00:00:00+00:00,19.93000030517578,19.93000030517578,19.93000030517578,19.93000030517578,0.0
2014-10-13 00:00:00+00:00,22.1200008392334,22.1200008392334,22.1200008392334,22.1200008392334,0.0
2014-10-14 00:00:00+00:00,21.3700008392334,21.3700008392334,21.3700008392334,21.3700008392334,0.0
2014-10-15 00:00:00+00:00,22.770000457763672,22.770000457763672,22.770000457763672,22.770000457763672,0.0
2014-10-16 00:00:00+00:00,22.850000381469727,22.850000381469727,22.850000381469727,22.850000381469727,0.0
2014-10-17 00:00:00+00:00,21.25,21.25,21.25,21.25,0.0
2014-10-20 00:00:00+00:00,19.670000076293945,19.670000076293945,19.670000076293945,19.670000076293945,0.0
2014-10-21 00:00:00+00:00,17.8700008392334,17.8700008392334,17.8700008392334,17.8700008392334,0.0
2014-10-22 00:00:00+00:00,19.059999465942383,19.059999465942383,19.059999465942383,19.059999465942383,0.0
2014-10-23 00:00:00+00:00,18.219999313354492,18.219999313354492,18.219999313354492,18.219999313354492,0.0
2014-10-24 00:00:00+00:00,17.920000076293945,17.920000076293945,17.920000076293945,17.920000076293945,0.0
2014-10-27 00:00:00+00:00,17.860000610351562,17.860000610351562,17.860000610351562,17.860000610351562,0.0
2014-10-28 00:00:00+00:00,16.459999084472656,16.459999084472656,16.459999084472656,16.459999084472656,0.0
2014-10-29 00:00:00+00:00,16.889999389648438,16.889999389648438,16.889999389648438,16.889999389648438,0.0
2014-10-30 00:00:00+00:00,16.739999771118164,16.739999771118164,16.739999771118164,16.739999771118164,0.0
2014-10-31 00:00:00+00:00,16.510000228881836,16.510000228881836,16.510000228881836,16.510000228881836,0.0
2014-11-03 00:00:00+00:00,16.809999465942383,16.809999465942383,16.809999465942383,16.809999465942383,0.0
2014-11-04 00:00:00+00:00,16.93000030517578,16.93000030517578,16.93000030517578,16.93000030517578,0.0
2014-11-05 00:00:00+00:00,16.56999969482422,16.56999969482422,16.56999969482422,16.56999969482422,0.0
2014-11-06 00:00:00+00:00,16.260000228881836,16.260000228881836,16.260000228881836,16.260000228881836,0.0
2014-11-07 00:00:00+00:00,15.829999923706055,15.829999923706055,15.829999923706055,15.829999923706055,0.0
2014-11-10 00:00:00+00:00,15.039999961853027,15.039999961853027,15.039999961853027,15.039999961853027,0.0
2014-11-11 00:00:00+00:00,15.359999656677246,15.359999656677246,15.359999656677246,15.359999656677246,0.0
2014-11-12 00:00:00+00:00,15.739999771118164,15.739999771118164,15.739999771118164,15.739999771118164,0.0
2014-11-13 00:00:00+00:00,15.890000343322754,15.890000343322754,15.890000343322754,15.890000343322754,0.0
2014-11-14 00:00:00+00:00,15.960000038146973,15.960000038146973,15.960000038146973,15.960000038146973,0.0
2014-11-17 00:00:00+00:00,15.930000305175781,15.930000305175781,15.930000305175781,15.930000305175781,0.0
2014-11-18 00:00:00+00:00,15.699999809265137,15.699999809265137,15.699999809265137,15.699999809265137,0.0
2014-11-19 00:00:00+00:00,15.970000267028809,15.970000267028809,15.970000267028809,15.970000267028809,0.0
2014-11-20 00:00:00+00:00,16.010000228881836,16.010000228881836,16.010000228881836,16.010000228881836,0.0
2014-11-21 00:00:00+00:00,15.789999961853027,15.789999961853027,15.789999961853027,15.789999961853027,0.0
2014-11-24 00:00:00+00:00,15.550000190734863,15.550000190734863,15.550000190734863,15.550000190734863,0.0
2014-11-25 00:00:00+00:00,15.40999984741211,15.40999984741211,15.40999984741211,15.40999984741211,0.0
2014-11-26 00:00:00+00:00,15.319999694824219,15.319999694824219,15.319999694824219,15.319999694824219,0.0
2014-11-28 00:00:00+00:00,15.930000305175781,15.930000305175781,15.930000305175781,15.930000305175781,0.0
2014-12-01 00:00:00+00:00,16.65999984741211,16.65999984741211,16.65999984741211,16.65999984741211,0.0
2014-12-02 00:00:00+00:00,15.960000038146973,15.960000038146973,15.960000038146973,15.960000038146973,0.0
2014-12-03 00:00:00+00:00,15.529999732971191,15.529999732971191,15.529999732971191,15.529999732971191,0.0
2014-12-04 00:00:00+00:00,15.640000343322754,15.640000343322754,15.640000343322754,15.640000343322754,0.0
2014-12-05 00:00:00+00:00,15.300000190734863,15.300000190734863,15.300000190734863,15.300000190734863,0.0
2014-12-08 00:00:00+00:00,16.780000686645508,16.780000686645508,16.780000686645508,16.780000686645508,0.0
2014-12-09 00:00:00+00:00,17.229999542236328,17.229999542236328,17.229999542236328,17.229999542236328,0.0
2014-12-10 00:00:00+00:00,19.139999389648438,19.139999389648438,19.139999389648438,19.139999389648438,0.0
2014-12-11 00:00:00+00:00,20.719999313354492,20.719999313354492,20.719999313354492,20.719999313354492,0.0
2014-12-12 00:00:00+00:00,21.0,21.0,21.0,21.0,0.0
2014-12-15 00:00:00+00:00,21.059999465942383,21.059999465942383,21.059999465942383,21.059999465942383,0.0
2014-12-16 00:00:00+00:00,23.09000015258789,23.09000015258789,23.09000015258789,23.09000015258789,0.0
2014-12-17 00:00:00+00:00,20.43000030517578,20.43000030517578,20.43000030517578,20.43000030517578,0.0
2014-12-18 00:00:00+00:00,18.479999542236328,18.479999542236328,18.479999542236328,18.479999542236328,0.0
2014-12-19 00:00:00+00:00,18.469999313354492,18.469999313354492,18.469999313354492,18.469999313354492,0.0
2014-12-22 00:00:00+00:00,17.59000015258789,17.59000015258789,17.59000015258789,17.59000015258789,0.0
2014-12-23 00:00:00+00:00,17.940000534057617,17.940000534057617,17.940000534057617,17.940000534057617,0.0
2014-12-24 00:00:00+00:00,17.260000228881836,17.260000228881836,17.260000228881836,17.260000228881836,0.0
2014-12-26 00:00:00+00:00,17.15999984741211,17.15999984741211,17.15999984741211,17.15999984741211,0.0
2014-12-29 00:00:00+00:00,17.270000457763672,17.270000457763672,17.270000457763672,17.270000457763672,0.0
2014-12-30 00:00:00+00:00,18.020000457763672,18.020000457763672,18.020000457763672,18.020000457763672,0.0
2014-12-31 00:00:00+00:00,19.739999771118164,19.739999771118164,19.739999771118164,19.739999771118164,0.0
2015-01-02 00:00:00+00:00,19.459999084472656,19.459999084472656,19.459999084472656,19.459999084472656,0.0
2015-01-05 00:00:00+00:00,20.790000915527344,20.790000915527344,20.790000915527344,20.790000915527344,0.0
2015-01-06 00:00:00+00:00,21.420000076293945,21.420000076293945,21.420000076293945,21.420000076293945,0.0
2015-01-07 00:00:00+00:00,20.079999923706055,20.079999923706055,20.079999923706055,20.079999923706055,0.0
2015-01-08 00:00:00+00:00,18.65999984741211,18.65999984741211,18.65999984741211,18.65999984741211,0.0
2015-01-09 00:00:00+00:00,19.31999969482422,19.31999969482422,19.31999969482422,19.31999969482422,0.0
2015-01-12 00:00:00+00:00,20.479999542236328,20.479999542236328,20.479999542236328,20.479999542236328,0.0
2015-01-13 00:00:00+00:00,21.270000457763672,21.270000457763672,21.270000457763672,21.270000457763672,0.0
2015-01-14 00:00:00+00:00,20.93000030517578,20.93000030517578,20.93000030517578,20.93000030517578,0.0
2015-01-15 00:00:00+00:00,22.110000610351562,22.110000610351562,22.110000610351562,22.110000610351562,0.0
2015-01-16 00:00:00+00:00,21.149999618530273,21.149999618530273,21.149999618530273,21.149999618530273,0.0
2015-01-20 00:00:00+00:00,20.8700008392334,20.8700008392334,20.8700008392334,20.8700008392334,0.0
2015-01-21 00:00:00+00:00,20.040000915527344,20.040000915527344,20.040000915527344,20.040000915527344,0.0
2015-01-22 00:00:00+00:00,18.600000381469727,18.600000381469727,18.600000381469727,18.600000381469727,0.0
2015-01-23 00:00:00+00:00,19.0,19.0,19.0,19.0,0.0
2015-01-26 00:00:00+00:00,18.030000686645508,18.030000686645508,18.030000686645508,18.030000686645508,0.0
2015-01-27 00:00:00+00:00,19.110000610351562,19.110000610351562,19.110000610351562,19.110000610351562,0.0
2015-01-28 00:00:00+00:00,21.440000534057617,21.440000534057617,21.440000534057617,21.440000534057617,0.0
2015-01-29 00:00:00+00:00,20.0,20.0,20.0,20.0,0.0
2015-01-30 00:00:00+00:00,21.81999969482422,21.81999969482422,21.81999969482422,21.81999969482422,0.0
2015-02-02 00:00:00+00:00,20.90999984741211,20.90999984741211,20.90999984741211,20.90999984741211,0.0
2015-02-03 00:00:00+00:00,19.489999771118164,19.489999771118164,19.489999771118164,19.489999771118164,0.0
2015-02-04 00:00:00+00:00,20.43000030517578,20.43000030517578,20.43000030517578,20.43000030517578,0.0
2015-02-05 00:00:00+00:00,19.270000457763672,19.270000457763672,19.270000457763672,19.270000457763672,0.0
2015-02-06 00:00:00+00:00,19.8799991607666,19.8799991607666,19.8799991607666,19.8799991607666,0.0
2015-02-09 00:00:00+00:00,20.670000076293945,20.670000076293945,20.670000076293945,20.670000076293945,0.0
2015-02-10 00:00:00+00:00,19.729999542236328,19.729999542236328,19.729999542236328,19.729999542236328,0.0
2015-02-11 00:00:00+00:00,19.709999084472656,19.709999084472656,19.709999084472656,19.709999084472656,0.0
2015-02-12 00:00:00+00:00,18.34000015258789,18.34000015258789,18.34000015258789,18.34000015258789,0.0
2015-02-13 00:00:00+00:00,18.1299991607666,18.1299991607666,18.1299991607666,18.1299991607666,0.0
2015-02-17 00:00:00+00:00,18.3799991607666,18.3799991607666,18.3799991607666,18.3799991607666,0.0
2015-02-18 00:00:00+00:00,18.65999984741211,18.65999984741211,18.65999984741211,18.65999984741211,0.0
2015-02-19 00:00:00+00:00,18.010000228881836,18.010000228881836,18.010000228881836,18.010000228881836,0.0
2015-02-20 00:00:00+00:00,17.290000915527344,17.290000915527344,17.290000915527344,17.290000915527344,0.0
2015-02-23 00:00:00+00:00,17.540000915527344,17.540000915527344,17.540000915527344,17.540000915527344,0.0
2015-02-24 00:00:00+00:00,16.709999084472656,16.709999084472656,16.709999084472656,16.709999084472656,0.0
2015-02-25 00:00:00+00:00,16.8700008392334,16.8700008392334,16.8700008392334,16.8700008392334,0.0
2015-02-26 00:00:00+00:00,16.850000381469727,16.850000381469727,16.850000381469727,16.850000381469727,0.0
2015-02-27 00:00:00+00:00,16.889999389648438,16.889999389648438,16.889999389648438,16.889999389648438,0.0
2015-03-02 00:00:00+00:00,16.459999084472656,16.459999084472656,16.459999084472656,16.459999084472656,0.0
2015-03-03 00:00:00+00:00,16.780000686645508,16.780000686645508,16.780000686645508,16.780000686645508,0.0
2015-03-04 00:00:00+00:00,16.90999984741211,16.90999984741211,16.90999984741211,16.90999984741211,0.0
2015-03-05 00:00:00+00:00,16.639999389648438,16.639999389648438,16.639999389648438,16.639999389648438,0.0
2015-03-06 00:00:00+00:00,17.510000228881836,17.510000228881836,17.510000228881836,17.510000228881836,0.0
2015-03-09 00:00:00+00:00,17.309999465942383,17.309999465942383,17.309999465942383,17.309999465942383,0.0
2015-03-10 00:00:00+00:00,18.260000228881836,18.260000228881836,18.260000228881836,18.260000228881836,0.0
2015-03-11 00:00:00+00:00,18.530000686645508,18.530000686645508,18.530000686645508,18.530000686645508,0.0
2015-03-12 00:00:00+00:00,17.389999389648438,17.389999389648438,17.389999389648438,17.389999389648438,0.0
2015-03-13 00:00:00+00:00,17.889999389648438,17.889999389648438,17.889999389648438,17.889999389648438,0.0
2015-03-16 00:00:00+00:00,17.399999618530273,17.399999618530273,17.399999618530273,17.399999618530273,0.0
2015-03-17 00:00:00+00:00,17.479999542236328,17.479999542236328,17.479999542236328,17.479999542236328,0.0
2015-03-18 00:00:00+00:00,16.43000030517578,16.43000030517578,16.43000030517578,16.43000030517578,0.0
2015-03-19 00:00:00+00:00,16.969999313354492,16.969999313354492,16.969999313354492,16.969999313354492,0.0
2015-03-20 00:00:00+00:00,16.709999084472656,16.709999084472656,16.709999084472656,16.709999084472656,0.0
2015-03-23 00:00:00+00:00,16.530000686645508,16.530000686645508,16.530000686645508,16.530000686645508,0.0
2015-03-24 00:00:00+00:00,16.59000015258789,16.59000015258789,16.59000015258789,16.59000015258789,0.0
2015-03-25 00:00:00+00:00,17.56999969482422,17.56999969482422,17.56999969482422,17.56999969482422,0.0
2015-03-26 00:00:00+00:00,17.56999969482422,17.56999969482422,17.56999969482422,17.56999969482422,0.0
2015-03-27 00:00:00+00:00,17.389999389648438,17.389999389648438,17.389999389648438,17.389999389648438,0.0
2015-03-30 00:00:00+00:00,16.920000076293945,16.920000076293945,16.920000076293945,16.920000076293945,0.0
2015-03-31 00:00:00+00:00,17.540000915527344,17.540000915527344,17.540000915527344,17.540000915527344,0.0
2015-04-01 00:00:00+00:00,17.34000015258789,17.34000015258789,17.34000015258789,17.34000015258789,0.0
2015-04-02 00:00:00+00:00,17.219999313354492,17.219999313354492,17.219999313354492,17.219999313354492,0.0
2015-04-06 00:00:00+00:00,16.81999969482422,16.81999969482422,16.81999969482422,16.81999969482422,0.0
2015-04-07 00:00:00+00:00,16.799999237060547,16.799999237060547,16.799999237060547,16.799999237060547,0.0
2015-04-08 00:00:00+00:00,16.399999618530273,16.399999618530273,16.399999618530273,16.399999618530273,0.0
2015-04-09 00:00:00+00:00,16.020000457763672,16.020000457763672,16.020000457763672,16.020000457763672,0.0
2015-04-10 00:00:00+00:00,15.460000038146973,15.460000038146973,15.460000038146973,15.460000038146973,0.0
2015-04-13 00:00:00+00:00,16.31999969482422,16.31999969482422,16.31999969482422,16.31999969482422,0.0
2015-04-14 00:00:00+00:00,15.850000381469727,15.850000381469727,15.850000381469727,15.850000381469727,0.0
2015-04-15 00:00:00+00:00,15.6899995803833,15.6899995803833,15.6899995803833,15.6899995803833,0.0
2015-04-16 00:00:00+00:00,15.329999923706055,15.329999923706055,15.329999923706055,15.329999923706055,0.0
2015-04-17 00:00:00+00:00,16.139999389648438,16.139999389648438,16.139999389648438,16.139999389648438,0.0
2015-04-20 00:00:00+00:00,15.579999923706055,15.579999923706055,15.579999923706055,15.579999923706055,0.0
2015-04-21 00:00:00+00:00,15.520000457763672,15.520000457763672,15.520000457763672,15.520000457763672,0.0
2015-04-22 00:00:00+00:00,15.460000038146973,15.460000038146973,15.460000038146973,15.460000038146973,0.0
2015-04-23 00:00:00+00:00,15.170000076293945,15.170000076293945,15.170000076293945,15.170000076293945,0.0
2015-04-24 00:00:00+00:00,15.260000228881836,15.260000228881836,15.260000228881836,15.260000228881836,0.0
2015-04-27 00:00:00+00:00,15.930000305175781,15.930000305175781,15.930000305175781,15.930000305175781,0.0
2015-04-28 00:00:00+00:00,15.3100004196167,15.3100004196167,15.3100004196167,15.3100004196167,0.0
2015-04-29 00:00:00+00:00,15.970000267028809,15.970000267028809,15.970000267028809,15.970000267028809,0.0
2015-04-30 00:00:00+00:00,16.479999542236328,16.479999542236328,16.479999542236328,16.479999542236328,0.0
2015-05-01 00:00:00+00:00,15.380000114440918,15.380000114440918,15.380000114440918,15.380000114440918,0.0
2015-05-04 00:00:00+00:00,15.430000305175781,15.430000305175781,15.430000305175781,15.430000305175781,0.0
2015-05-05 00:00:00+00:00,16.31999969482422,16.31999969482422,16.31999969482422,16.31999969482422,0.0
2015-05-06 00:00:00+00:00,16.719999313354492,16.719999313354492,16.719999313354492,16.719999313354492,0.0
2015-05-07 00:00:00+00:00,16.739999771118164,16.739999771118164,16.739999771118164,16.739999771118164,0.0
2015-05-08 00:00:00+00:00,15.5600004196167,15.5600004196167,15.5600004196167,15.5600004196167,0.0
2015-05-11 00:00:00+00:00,16.100000381469727,16.100000381469727,16.100000381469727,16.100000381469727,0.0
2015-05-12 00:00:00+00:00,16.399999618530273,16.399999618530273,16.399999618530273,16.399999618530273,0.0
2015-05-13 00:00:00+00:00,16.290000915527344,16.290000915527344,16.290000915527344,16.290000915527344,0.0
2015-05-14 00:00:00+00:00,15.90999984741211,15.90999984741211,15.90999984741211,15.90999984741211,0.0
2015-05-15 00:00:00+00:00,15.569999694824219,15.569999694824219,15.569999694824219,15.569999694824219,0.0
2015-05-18 00:00:00+00:00,15.229999542236328,15.229999542236328,15.229999542236328,15.229999542236328,0.0
2015-05-19 00:00:00+00:00,15.279999732971191,15.279999732971191,15.279999732971191,15.279999732971191,0.0
2015-05-20 00:00:00+00:00,15.149999618530273,15.149999618530273,15.149999618530273,15.149999618530273,0.0
2015-05-21 00:00:00+00:00,14.609999656677246,14.609999656677246,14.609999656677246,14.609999656677246,0.0
2015-05-22 00:00:00+00:00,14.479999542236328,14.479999542236328,14.479999542236328,14.479999542236328,0.0
2015-05-26 00:00:00+00:00,15.479999542236328,15.479999542236328,15.479999542236328,15.479999542236328,0.0
2015-05-27 00:00:00+00:00,14.989999771118164,14.989999771118164,14.989999771118164,14.989999771118164,0.0
2015-05-28 00:00:00+00:00,15.010000228881836,15.010000228881836,15.010000228881836,15.010000228881836,0.0
2015-05-29 00:00:00+00:00,15.380000114440918,15.380000114440918,15.380000114440918,15.380000114440918,0.0
2015-06-01 00:00:00+00:00,15.40999984741211,15.40999984741211,15.40999984741211,15.40999984741211,0.0
2015-06-02 00:00:00+00:00,15.710000038146973,15.710000038146973,15.710000038146973,15.710000038146973,0.0
2015-06-03 00:00:00+00:00,15.359999656677246,15.359999656677246,15.359999656677246,15.359999656677246,0.0
2015-06-04 00:00:00+00:00,16.280000686645508,16.280000686645508,16.280000686645508,16.280000686645508,0.0
2015-06-05 00:00:00+00:00,15.960000038146973,15.960000038146973,15.960000038146973,15.960000038146973,0.0
2015-06-08 00:00:00+00:00,16.600000381469727,16.600000381469727,16.600000381469727,16.600000381469727,0.0
2015-06-09 00:00:00+00:00,16.25,16.25,16.25,16.25,0.0
2015-06-10 00:00:00+00:00,15.329999923706055,15.329999923706055,15.329999923706055,15.329999923706055,0.0
2015-06-11 00:00:00+00:00,15.100000381469727,15.100000381469727,15.100000381469727,15.100000381469727,0.0
2015-06-12 00:00:00+00:00,15.609999656677246,15.609999656677246,15.609999656677246,15.609999656677246,0.0
2015-06-15 00:00:00+00:00,16.6200008392334,16.6200008392334,16.6200008392334,16.6200008392334,0.0
2015-06-16 00:00:00+00:00,16.200000762939453,16.200000762939453,16.200000762939453,16.200000762939453,0.0
2015-06-17 00:00:00+00:00,16.219999313354492,16.219999313354492,16.219999313354492,16.219999313354492,0.0
2015-06-18 00:00:00+00:00,15.4399995803833,15.4399995803833,15.4399995803833,15.4399995803833,0.0
2015-06-19 00:00:00+00:00,15.90999984741211,15.90999984741211,15.90999984741211,15.90999984741211,0.0
2015-06-22 00:00:00+00:00,14.989999771118164,14.989999771118164,14.989999771118164,14.989999771118164,0.0
2015-06-23 00:00:00+00:00,14.539999961853027,14.539999961853027,14.539999961853027,14.539999961853027,0.0
2015-06-24 00:00:00+00:00,15.180000305175781,15.180000305175781,15.180000305175781,15.180000305175781,0.0
2015-06-25 00:00:00+00:00,15.520000457763672,15.520000457763672,15.520000457763672,15.520000457763672,0.0
2015-06-26 00:00:00+00:00,15.460000038146973,15.460000038146973,15.460000038146973,15.460000038146973,0.0
2015-06-29 00:00:00+00:00,18.719999313354492,18.719999313354492,18.719999313354492,18.719999313354492,0.0
2015-06-30 00:00:00+00:00,18.469999313354492,18.469999313354492,18.469999313354492,18.469999313354492,0.0
2015-07-01 00:00:00+00:00,16.790000915527344,16.790000915527344,16.790000915527344,16.790000915527344,0.0
2015-07-02 00:00:00+00:00,17.68000030517578,17.68000030517578,17.68000030517578,17.68000030517578,0.0
2015-07-06 00:00:00+00:00,18.040000915527344,18.040000915527344,18.040000915527344,18.040000915527344,0.0
2015-07-07 00:00:00+00:00,17.020000457763672,17.020000457763672,17.020000457763672,17.020000457763672,0.0
2015-07-08 00:00:00+00:00,19.25,19.25,19.25,19.25,0.0
2015-07-09 00:00:00+00:00,19.780000686645508,19.780000686645508,19.780000686645508,19.780000686645508,0.0
2015-07-10 00:00:00+00:00,17.729999542236328,17.729999542236328,17.729999542236328,17.729999542236328,0.0
2015-07-13 00:00:00+00:00,15.9399995803833,15.9399995803833,15.9399995803833,15.9399995803833,0.0
2015-07-14 00:00:00+00:00,15.460000038146973,15.460000038146973,15.460000038146973,15.460000038146973,0.0
2015-07-15 00:00:00+00:00,15.600000381469727,15.600000381469727,15.600000381469727,15.600000381469727,0.0
2015-07-16 00:00:00+00:00,14.729999542236328,14.729999542236328,14.729999542236328,14.729999542236328,0.0
2015-07-17 00:00:00+00:00,14.609999656677246,14.609999656677246,14.609999656677246,14.609999656677246,0.0
2015-07-20 00:00:00+00:00,14.850000381469727,14.850000381469727,14.850000381469727,14.850000381469727,0.0
2015-07-21 00:00:00+00:00,14.75,14.75,14.75,14.75,0.0
2015-07-22 00:00:00+00:00,14.8100004196167,14.8100004196167,14.8100004196167,14.8100004196167,0.0
2015-07-23 00:00:00+00:00,14.920000076293945,14.920000076293945,14.920000076293945,14.920000076293945,0.0
2015-07-24 00:00:00+00:00,15.649999618530273,15.649999618530273,15.649999618530273,15.649999618530273,0.0
2015-07-27 00:00:00+00:00,16.780000686645508,16.780000686645508,16.780000686645508,16.780000686645508,0.0
2015-07-28 00:00:00+00:00,15.430000305175781,15.430000305175781,15.430000305175781,15.430000305175781,0.0
2015-07-29 00:00:00+00:00,14.920000076293945,14.920000076293945,14.920000076293945,14.920000076293945,0.0
2015-07-30 00:00:00+00:00,14.710000038146973,14.710000038146973,14.710000038146973,14.710000038146973,0.0
2015-07-31 00:00:00+00:00,14.899999618530273,14.899999618530273,14.899999618530273,14.899999618530273,0.0
2015-08-03 00:00:00+00:00,14.84000015258789,14.84000015258789,14.84000015258789,14.84000015258789,0.0
2015-08-04 00:00:00+00:00,15.130000114440918,15.130000114440918,15.130000114440918,15.130000114440918,0.0
2015-08-05 00:00:00+00:00,14.880000114440918,14.880000114440918,14.880000114440918,14.880000114440918,0.0
2015-08-06 00:00:00+00:00,15.550000190734863,15.550000190734863,15.550000190734863,15.550000190734863,0.0
2015-08-07 00:00:00+00:00,15.420000076293945,15.420000076293945,15.420000076293945,15.420000076293945,0.0
2015-08-10 00:00:00+00:00,14.989999771118164,14.989999771118164,14.989999771118164,14.989999771118164,0.0
2015-08-11 00:00:00+00:00,15.9399995803833,15.9399995803833,15.9399995803833,15.9399995803833,0.0
2015-08-12 00:00:00+00:00,15.869999885559082,15.869999885559082,15.869999885559082,15.869999885559082,0.0
2015-08-13 00:00:00+00:00,15.75,15.75,15.75,15.75,0.0
2015-08-14 00:00:00+00:00,15.510000228881836,15.510000228881836,15.510000228881836,15.510000228881836,0.0
2015-08-17 00:00:00+00:00,15.210000038146973,15.210000038146973,15.210000038146973,15.210000038146973,0.0
2015-08-18 00:00:00+00:00,15.609999656677246,15.609999656677246,15.609999656677246,15.609999656677246,0.0
2015-08-19 00:00:00+00:00,16.5,16.5,16.5,16.5,0.0
2015-08-20 00:00:00+00:00,18.829999923706055,18.829999923706055,18.829999923706055,18.829999923706055,0.0
2015-08-21 00:00:00+00:00,23.469999313354492,23.469999313354492,23.469999313354492,23.469999313354492,0.0
2015-08-24 00:00:00+00:00,31.139999389648438,31.139999389648438,31.139999389648438,31.139999389648438,0.0
2015-08-25 00:00:00+00:00,29.579999923706055,29.579999923706055,29.579999923706055,29.579999923706055,0.0
2015-08-26 00:00:00+00:00,25.649999618530273,25.649999618530273,25.649999618530273,25.649999618530273,0.0
2015-08-27 00:00:00+00:00,24.860000610351562,24.860000610351562,24.860000610351562,24.860000610351562,0.0
2015-08-28 00:00:00+00:00,25.34000015258789,25.34000015258789,25.34000015258789,25.34000015258789,0.0
2015-08-31 00:00:00+00:00,26.530000686645508,26.530000686645508,26.530000686645508,26.530000686645508,0.0
2015-09-01 00:00:00+00:00,29.530000686645508,29.530000686645508,29.530000686645508,29.530000686645508,0.0
2015-09-02 00:00:00+00:00,26.190000534057617,26.190000534057617,26.190000534057617,26.190000534057617,0.0
2015-09-03 00:00:00+00:00,26.200000762939453,26.200000762939453,26.200000762939453,26.200000762939453,0.0
2015-09-04 00:00:00+00:00,28.06999969482422,28.06999969482422,28.06999969482422,28.06999969482422,0.0
2015-09-08 00:00:00+00:00,25.690000534057617,25.690000534057617,25.690000534057617,25.690000534057617,0.0
2015-09-09 00:00:00+00:00,26.309999465942383,26.309999465942383,26.309999465942383,26.309999465942383,0.0
2015-09-10 00:00:00+00:00,25.649999618530273,25.649999618530273,25.649999618530273,25.649999618530273,0.0
2015-09-11 00:00:00+00:00,24.68000030517578,24.68000030517578,24.68000030517578,24.68000030517578,0.0
2015-09-14 00:00:00+00:00,23.700000762939453,23.700000762939453,23.700000762939453,23.700000762939453,0.0
2015-09-15 00:00:00+00:00,23.1200008392334,23.1200008392334,23.1200008392334,23.1200008392334,0.0
2015-09-16 00:00:00+00:00,22.329999923706055,22.329999923706055,22.329999923706055,22.329999923706055,0.0
2015-09-17 00:00:00+00:00,21.139999389648438,21.139999389648438,21.139999389648438,21.139999389648438,0.0
2015-09-18 00:00:00+00:00,23.200000762939453,23.200000762939453,23.200000762939453,23.200000762939453,0.0
2015-09-21 00:00:00+00:00,21.59000015258789,21.59000015258789,21.59000015258789,21.59000015258789,0.0
2015-09-22 00:00:00+00:00,23.280000686645508,23.280000686645508,23.280000686645508,23.280000686645508,0.0
2015-09-23 00:00:00+00:00,22.8799991607666,22.8799991607666,22.8799991607666,22.8799991607666,0.0
2015-09-24 00:00:00+00:00,23.459999084472656,23.459999084472656,23.459999084472656,23.459999084472656,0.0
2015-09-25 00:00:00+00:00,24.399999618530273,24.399999618530273,24.399999618530273,24.399999618530273,0.0
2015-09-28 00:00:00+00:00,26.3799991607666,26.3799991607666,26.3799991607666,26.3799991607666,0.0
2015-09-29 00:00:00+00:00,26.0,26.0,26.0,26.0,0.0
2015-09-30 00:00:00+00:00,24.75,24.75,24.75,24.75,0.0
2015-10-01 00:00:00+00:00,23.829999923706055,23.829999923706055,23.829999923706055,23.829999923706055,0.0
2015-10-02 00:00:00+00:00,22.600000381469727,22.600000381469727,22.600000381469727,22.600000381469727,0.0
2015-10-05 00:00:00+00:00,21.329999923706055,21.329999923706055,21.329999923706055,21.329999923706055,0.0
2015-10-06 00:00:00+00:00,21.59000015258789,21.59000015258789,21.59000015258789,21.59000015258789,0.0
2015-10-07 00:00:00+00:00,20.709999084472656,20.709999084472656,20.709999084472656,20.709999084472656,0.0
2015-10-08 00:00:00+00:00,20.09000015258789,20.09000015258789,20.09000015258789,20.09000015258789,0.0
2015-10-09 00:00:00+00:00,19.850000381469727,19.850000381469727,19.850000381469727,19.850000381469727,0.0
2015-10-12 00:00:00+00:00,19.260000228881836,19.260000228881836,19.260000228881836,19.260000228881836,0.0
2015-10-13 00:00:00+00:00,20.5,20.5,20.5,20.5,0.0
2015-10-14 00:00:00+00:00,20.809999465942383,20.809999465942383,20.809999465942383,20.809999465942383,0.0
2015-10-15 00:00:00+00:00,19.43000030517578,19.43000030517578,19.43000030517578,19.43000030517578,0.0
2015-10-16 00:00:00+00:00,18.670000076293945,18.670000076293945,18.670000076293945,18.670000076293945,0.0
2015-10-19 00:00:00+00:00,17.860000610351562,17.860000610351562,17.860000610351562,17.860000610351562,0.0
2015-10-20 00:00:00+00:00,18.600000381469727,18.600000381469727,18.600000381469727,18.600000381469727,0.0
2015-10-21 00:00:00+00:00,19.459999084472656,19.459999084472656,19.459999084472656,19.459999084472656,0.0
2015-10-22 00:00:00+00:00,17.15999984741211,17.15999984741211,17.15999984741211,17.15999984741211,0.0
2015-10-23 00:00:00+00:00,17.479999542236328,17.479999542236328,17.479999542236328,17.479999542236328,0.0
2015-10-26 00:00:00+00:00,17.989999771118164,17.989999771118164,17.989999771118164,17.989999771118164,0.0
2015-10-27 00:00:00+00:00,18.139999389648438,18.139999389648438,18.139999389648438,18.139999389648438,0.0
2015-10-28 00:00:00+00:00,17.489999771118164,17.489999771118164,17.489999771118164,17.489999771118164,0.0
2015-10-29 00:00:00+00:00,17.809999465942383,17.809999465942383,17.809999465942383,17.809999465942383,0.0
2015-10-30 00:00:00+00:00,18.399999618530273,18.399999618530273,18.399999618530273,18.399999618530273,0.0
2015-11-02 00:00:00+00:00,17.420000076293945,17.420000076293945,17.420000076293945,17.420000076293945,0.0
2015-11-03 00:00:00+00:00,17.469999313354492,17.469999313354492,17.469999313354492,17.469999313354492,0.0
2015-11-04 00:00:00+00:00,18.309999465942383,18.309999465942383,18.309999465942383,18.309999465942383,0.0
2015-11-05 00:00:00+00:00,17.809999465942383,17.809999465942383,17.809999465942383,17.809999465942383,0.0
2015-11-06 00:00:00+00:00,17.450000762939453,17.450000762939453,17.450000762939453,17.450000762939453,0.0
2015-11-09 00:00:00+00:00,18.850000381469727,18.850000381469727,18.850000381469727,18.850000381469727,0.0
2015-11-10 00:00:00+00:00,18.020000457763672,18.020000457763672,18.020000457763672,18.020000457763672,0.0
2015-11-11 00:00:00+00:00,18.450000762939453,18.450000762939453,18.450000762939453,18.450000762939453,0.0
2015-11-12 00:00:00+00:00,20.170000076293945,20.170000076293945,20.170000076293945,20.170000076293945,0.0
2015-11-13 00:00:00+00:00,21.579999923706055,21.579999923706055,21.579999923706055,21.579999923706055,0.0
2015-11-16 00:00:00+00:00,19.979999542236328,19.979999542236328,19.979999542236328,19.979999542236328,0.0
2015-11-17 00:00:00+00:00,20.43000030517578,20.43000030517578,20.43000030517578,20.43000030517578,0.0
2015-11-18 00:00:00+00:00,19.219999313354492,19.219999313354492,19.219999313354492,19.219999313354492,0.0
2015-11-19 00:00:00+00:00,19.639999389648438,19.639999389648438,19.639999389648438,19.639999389648438,0.0
2015-11-20 00:00:00+00:00,18.940000534057617,18.940000534057617,18.940000534057617,18.940000534057617,0.0
2015-11-23 00:00:00+00:00,18.6299991607666,18.6299991607666,18.6299991607666,18.6299991607666,0.0
2015-11-24 00:00:00+00:00,18.709999084472656,18.709999084472656,18.709999084472656,18.709999084472656,0.0
2015-11-25 00:00:00+00:00,18.190000534057617,18.190000534057617,18.190000534057617,18.190000534057617,0.0
2015-11-27 00:00:00+00:00,17.350000381469727,17.350000381469727,17.350000381469727,17.350000381469727,0.0
2015-11-30 00:00:00+00:00,18.489999771118164,18.489999771118164,18.489999771118164,18.489999771118164,0.0
2015-12-01 00:00:00+00:00,17.579999923706055,17.579999923706055,17.579999923706055,17.579999923706055,0.0
2015-12-02 00:00:00+00:00,18.329999923706055,18.329999923706055,18.329999923706055,18.329999923706055,0.0
2015-12-03 00:00:00+00:00,20.110000610351562,20.110000610351562,20.110000610351562,20.110000610351562,0.0
2015-12-04 00:00:00+00:00,18.170000076293945,18.170000076293945,18.170000076293945,18.170000076293945,0.0
2015-12-07 00:00:00+00:00,18.649999618530273,18.649999618530273,18.649999618530273,18.649999618530273,0.0
2015-12-08 00:00:00+00:00,20.059999465942383,20.059999465942383,20.059999465942383,20.059999465942383,0.0
2015-12-09 00:00:00+00:00,21.049999237060547,21.049999237060547,21.049999237060547,21.049999237060547,0.0
2015-12-10 00:00:00+00:00,20.760000228881836,20.760000228881836,20.760000228881836,20.760000228881836,0.0
2015-12-11 00:00:00+00:00,24.3799991607666,24.3799991607666,24.3799991607666,24.3799991607666,0.0
2015-12-14 00:00:00+00:00,23.299999237060547,23.299999237060547,23.299999237060547,23.299999237060547,0.0
2015-12-15 00:00:00+00:00,21.860000610351562,21.860000610351562,21.860000610351562,21.860000610351562,0.0
2015-12-16 00:00:00+00:00,19.56999969482422,19.56999969482422,19.56999969482422,19.56999969482422,0.0
2015-12-17 00:00:00+00:00,20.3700008392334,20.3700008392334,20.3700008392334,20.3700008392334,0.0
2015-12-18 00:00:00+00:00,21.260000228881836,21.260000228881836,21.260000228881836,21.260000228881836,0.0
2015-12-21 00:00:00+00:00,21.110000610351562,21.110000610351562,21.110000610351562,21.110000610351562,0.0
2015-12-22 00:00:00+00:00,19.84000015258789,19.84000015258789,19.84000015258789,19.84000015258789,0.0
2015-12-23 00:00:00+00:00,19.329999923706055,19.329999923706055,19.329999923706055,19.329999923706055,0.0
2015-12-24 00:00:00+00:00,19.690000534057617,19.690000534057617,19.690000534057617,19.690000534057617,0.0
2015-12-28 00:00:00+00:00,19.68000030517578,19.68000030517578,19.68000030517578,19.68000030517578,0.0
2015-12-29 00:00:00+00:00,19.100000381469727,19.100000381469727,19.100000381469727,19.100000381469727,0.0
2015-12-30 00:00:00+00:00,19.59000015258789,19.59000015258789,19.59000015258789,19.59000015258789,0.0
2015-12-31 00:00:00+00:00,19.799999237060547,19.799999237060547,19.799999237060547,19.799999237060547,0.0
2016-01-04 00:00:00+00:00,22.010000228881836,22.010000228881836,22.010000228881836,22.010000228881836,0.0
2016-01-05 00:00:00+00:00,20.520000457763672,20.520000457763672,20.520000457763672,20.520000457763672,0.0
2016-01-06 00:00:00+00:00,21.270000457763672,21.270000457763672,21.270000457763672,21.270000457763672,0.0
2016-01-07 00:00:00+00:00,24.6200008392334,24.6200008392334,24.6200008392334,24.6200008392334,0.0
2016-01-08 00:00:00+00:00,26.229999542236328,26.229999542236328,26.229999542236328,26.229999542236328,0.0
2016-01-11 00:00:00+00:00,24.729999542236328,24.729999542236328,24.729999542236328,24.729999542236328,0.0
2016-01-12 00:00:00+00:00,22.530000686645508,22.530000686645508,22.530000686645508,22.530000686645508,0.0
2016-01-13 00:00:00+00:00,24.889999389648438,24.889999389648438,24.889999389648438,24.889999389648438,0.0
2016-01-14 00:00:00+00:00,23.530000686645508,23.530000686645508,23.530000686645508,23.530000686645508,0.0
2016-01-15 00:00:00+00:00,26.8799991607666,26.8799991607666,26.8799991607666,26.8799991607666,0.0
2016-01-19 00:00:00+00:00,26.440000534057617,26.440000534057617,26.440000534057617,26.440000534057617,0.0
2016-01-20 00:00:00+00:00,27.809999465942383,27.809999465942383,27.809999465942383,27.809999465942383,0.0
2016-01-21 00:00:00+00:00,26.709999084472656,26.709999084472656,26.709999084472656,26.709999084472656,0.0
2016-01-22 00:00:00+00:00,24.280000686645508,24.280000686645508,24.280000686645508,24.280000686645508,0.0
2016-01-25 00:00:00+00:00,25.25,25.25,25.25,25.25,0.0
2016-01-26 00:00:00+00:00,23.290000915527344,23.290000915527344,23.290000915527344,23.290000915527344,0.0
2016-01-27 00:00:00+00:00,24.469999313354492,24.469999313354492,24.469999313354492,24.469999313354492,0.0
2016-01-28 00:00:00+00:00,24.020000457763672,24.020000457763672,24.020000457763672,24.020000457763672,0.0
2016-01-29 00:00:00+00:00,22.65999984741211,22.65999984741211,22.65999984741211,22.65999984741211,0.0
2016-02-01 00:00:00+00:00,22.010000228881836,22.010000228881836,22.010000228881836,22.010000228881836,0.0
2016-02-02 00:00:00+00:00,23.40999984741211,23.40999984741211,23.40999984741211,23.40999984741211,0.0
2016-02-03 00:00:00+00:00,23.200000762939453,23.200000762939453,23.200000762939453,23.200000762939453,0.0
2016-02-04 00:00:00+00:00,23.65999984741211,23.65999984741211,23.65999984741211,23.65999984741211,0.0
2016-02-05 00:00:00+00:00,24.479999542236328,24.479999542236328,24.479999542236328,24.479999542236328,0.0
2016-02-08 00:00:00+00:00,25.979999542236328,25.979999542236328,25.979999542236328,25.979999542236328,0.0
2016-02-09 00:00:00+00:00,26.799999237060547,26.799999237060547,26.799999237060547,26.799999237060547,0.0
2016-02-10 00:00:00+00:00,26.719999313354492,26.719999313354492,26.719999313354492,26.719999313354492,0.0
2016-02-11 00:00:00+00:00,27.719999313354492,27.719999313354492,27.719999313354492,27.719999313354492,0.0
2016-02-12 00:00:00+00:00,26.229999542236328,26.229999542236328,26.229999542236328,26.229999542236328,0.0
2016-02-16 00:00:00+00:00,25.010000228881836,25.010000228881836,25.010000228881836,25.010000228881836,0.0
2016-02-17 00:00:00+00:00,23.549999237060547,23.549999237060547,23.549999237060547,23.549999237060547,0.0
2016-02-18 00:00:00+00:00,23.200000762939453,23.200000762939453,23.200000762939453,23.200000762939453,0.0
2016-02-19 00:00:00+00:00,22.799999237060547,22.799999237060547,22.799999237060547,22.799999237060547,0.0
2016-02-22 00:00:00+00:00,21.6200008392334,21.6200008392334,21.6200008392334,21.6200008392334,0.0
2016-02-23 00:00:00+00:00,22.440000534057617,22.440000534057617,22.440000534057617,22.440000534057617,0.0
2016-02-24 00:00:00+00:00,22.34000015258789,22.34000015258789,22.34000015258789,22.34000015258789,0.0
2016-02-25 00:00:00+00:00,21.239999771118164,21.239999771118164,21.239999771118164,21.239999771118164,0.0
2016-02-26 00:00:00+00:00,21.860000610351562,21.860000610351562,21.860000610351562,21.860000610351562,0.0
2016-02-29 00:00:00+00:00,22.389999389648438,22.389999389648438,22.389999389648438,22.389999389648438,0.0
2016-03-01 00:00:00+00:00,20.280000686645508,20.280000686645508,20.280000686645508,20.280000686645508,0.0
2016-03-02 00:00:00+00:00,19.920000076293945,19.920000076293945,19.920000076293945,19.920000076293945,0.0
2016-03-03 00:00:00+00:00,19.489999771118164,19.489999771118164,19.489999771118164,19.489999771118164,0.0
2016-03-04 00:00:00+00:00,19.6299991607666,19.6299991607666,19.6299991607666,19.6299991607666,0.0
2016-03-07 00:00:00+00:00,19.899999618530273,19.899999618530273,19.899999618530273,19.899999618530273,0.0
2016-03-08 00:00:00+00:00,21.040000915527344,21.040000915527344,21.040000915527344,21.040000915527344,0.0
2016-03-09 00:00:00+00:00,20.75,20.75,20.75,20.75,0.0
2016-03-10 00:00:00+00:00,20.709999084472656,20.709999084472656,20.709999084472656,20.709999084472656,0.0
2016-03-11 00:00:00+00:00,19.469999313354492,19.469999313354492,19.469999313354492,19.469999313354492,0.0
2016-03-14 00:00:00+00:00,19.420000076293945,19.420000076293945,19.420000076293945,19.420000076293945,0.0
2016-03-15 00:00:00+00:00,19.329999923706055,19.329999923706055,19.329999923706055,19.329999923706055,0.0
2016-03-16 00:00:00+00:00,18.479999542236328,18.479999542236328,18.479999542236328,18.479999542236328,0.0
2016-03-17 00:00:00+00:00,18.139999389648438,18.139999389648438,18.139999389648438,18.139999389648438,0.0
2016-03-18 00:00:00+00:00,17.93000030517578,17.93000030517578,17.93000030517578,17.93000030517578,0.0
2016-03-21 00:00:00+00:00,17.59000015258789,17.59000015258789,17.59000015258789,17.59000015258789,0.0
2016-03-22 00:00:00+00:00,17.75,17.75,17.75,17.75,0.0
2016-03-23 00:00:00+00:00,18.299999237060547,18.299999237060547,18.299999237060547,18.299999237060547,0.0
2016-03-24 00:00:00+00:00,18.270000457763672,18.270000457763672,18.270000457763672,18.270000457763672,0.0
2016-03-28 00:00:00+00:00,18.299999237060547,18.299999237060547,18.299999237060547,18.299999237060547,0.0
2016-03-29 00:00:00+00:00,17.239999771118164,17.239999771118164,17.239999771118164,17.239999771118164,0.0
2016-03-30 00:00:00+00:00,16.920000076293945,16.920000076293945,16.920000076293945,16.920000076293945,0.0
2016-03-31 00:00:00+00:00,17.079999923706055,17.079999923706055,17.079999923706055,17.079999923706055,0.0
2016-04-01 00:00:00+00:00,16.5,16.5,16.5,16.5,0.0
2016-04-04 00:00:00+00:00,17.229999542236328,17.229999542236328,17.229999542236328,17.229999542236328,0.0
2016-04-05 00:00:00+00:00,18.3799991607666,18.3799991607666,18.3799991607666,18.3799991607666,0.0
2016-04-06 00:00:00+00:00,17.280000686645508,17.280000686645508,17.280000686645508,17.280000686645508,0.0
2016-04-07 00:00:00+00:00,18.860000610351562,18.860000610351562,18.860000610351562,18.860000610351562,0.0
2016-04-08 00:00:00+00:00,18.31999969482422,18.31999969482422,18.31999969482422,18.31999969482422,0.0
2016-04-11 00:00:00+00:00,18.889999389648438,18.889999389648438,18.889999389648438,18.889999389648438,0.0
2016-04-12 00:00:00+00:00,17.969999313354492,17.969999313354492,17.969999313354492,17.969999313354492,0.0
2016-04-13 00:00:00+00:00,17.260000228881836,17.260000228881836,17.260000228881836,17.260000228881836,0.0
2016-04-14 00:00:00+00:00,17.239999771118164,17.239999771118164,17.239999771118164,17.239999771118164,0.0
2016-04-15 00:00:00+00:00,17.15999984741211,17.15999984741211,17.15999984741211,17.15999984741211,0.0
2016-04-18 00:00:00+00:00,16.510000228881836,16.510000228881836,16.510000228881836,16.510000228881836,0.0
2016-04-19 00:00:00+00:00,16.469999313354492,16.469999313354492,16.469999313354492,16.469999313354492,0.0
2016-04-20 00:00:00+00:00,16.600000381469727,16.600000381469727,16.600000381469727,16.600000381469727,0.0
2016-04-21 00:00:00+00:00,17.139999389648438,17.139999389648438,17.139999389648438,17.139999389648438,0.0
2016-04-22 00:00:00+00:00,16.639999389648438,16.639999389648438,16.639999389648438,16.639999389648438,0.0
2016-04-25 00:00:00+00:00,17.219999313354492,17.219999313354492,17.219999313354492,17.219999313354492,0.0
2016-04-26 00:00:00+00:00,16.920000076293945,16.920000076293945,16.920000076293945,16.920000076293945,0.0
2016-04-27 00:00:00+00:00,16.770000457763672,16.770000457763672,16.770000457763672,16.770000457763672,0.0
2016-04-28 00:00:00+00:00,17.780000686645508,17.780000686645508,17.780000686645508,17.780000686645508,0.0
2016-04-29 00:00:00+00:00,18.450000762939453,18.450000762939453,18.450000762939453,18.450000762939453,0.0
2016-05-02 00:00:00+00:00,17.780000686645508,17.780000686645508,17.780000686645508,17.780000686645508,0.0
2016-05-03 00:00:00+00:00,18.56999969482422,18.56999969482422,18.56999969482422,18.56999969482422,0.0
2016-05-04 00:00:00+00:00,18.90999984741211,18.90999984741211,18.90999984741211,18.90999984741211,0.0
2016-05-05 00:00:00+00:00,18.920000076293945,18.920000076293945,18.920000076293945,18.920000076293945,0.0
2016-05-06 00:00:00+00:00,18.270000457763672,18.270000457763672,18.270000457763672,18.270000457763672,0.0
2016-05-09 00:00:00+00:00,18.049999237060547,18.049999237060547,18.049999237060547,18.049999237060547,0.0
2016-05-10 00:00:00+00:00,17.18000030517578,17.18000030517578,17.18000030517578,17.18000030517578,0.0
2016-05-11 00:00:00+00:00,18.020000457763672,18.020000457763672,18.020000457763672,18.020000457763672,0.0
2016-05-12 00:00:00+00:00,17.75,17.75,17.75,17.75,0.0
2016-05-13 00:00:00+00:00,18.25,18.25,18.25,18.25,0.0
2016-05-16 00:00:00+00:00,17.700000762939453,17.700000762939453,17.700000762939453,17.700000762939453,0.0
2016-05-17 00:00:00+00:00,18.43000030517578,18.43000030517578,18.43000030517578,18.43000030517578,0.0
2016-05-18 00:00:00+00:00,18.540000915527344,18.540000915527344,18.540000915527344,18.540000915527344,0.0
2016-05-19 00:00:00+00:00,18.770000457763672,18.770000457763672,18.770000457763672,18.770000457763672,0.0
2016-05-20 00:00:00+00:00,18.049999237060547,18.049999237060547,18.049999237060547,18.049999237060547,0.0
2016-05-23 00:00:00+00:00,18.149999618530273,18.149999618530273,18.149999618530273,18.149999618530273,0.0
2016-05-24 00:00:00+00:00,17.079999923706055,17.079999923706055,17.079999923706055,17.079999923706055,0.0
2016-05-25 00:00:00+00:00,16.770000457763672,16.770000457763672,16.770000457763672,16.770000457763672,0.0
2016-05-26 00:00:00+00:00,16.559999465942383,16.559999465942383,16.559999465942383,16.559999465942383,0.0
2016-05-27 00:00:00+00:00,16.309999465942383,16.309999465942383,16.309999465942383,16.309999465942383,0.0
2016-05-31 00:00:00+00:00,16.6299991607666,16.6299991607666,16.6299991607666,16.6299991607666,0.0
2016-06-01 00:00:00+00:00,16.700000762939453,16.700000762939453,16.700000762939453,16.700000762939453,0.0
2016-06-02 00:00:00+00:00,16.3700008392334,16.3700008392334,16.3700008392334,16.3700008392334,0.0
2016-06-03 00:00:00+00:00,16.489999771118164,16.489999771118164,16.489999771118164,16.489999771118164,0.0
2016-06-06 00:00:00+00:00,16.440000534057617,16.440000534057617,16.440000534057617,16.440000534057617,0.0
2016-06-07 00:00:00+00:00,16.6299991607666,16.6299991607666,16.6299991607666,16.6299991607666,0.0
2016-06-08 00:00:00+00:00,16.790000915527344,16.790000915527344,16.790000915527344,16.790000915527344,0.0
2016-06-09 00:00:00+00:00,17.31999969482422,17.31999969482422,17.31999969482422,17.31999969482422,0.0
2016-06-10 00:00:00+00:00,18.940000534057617,18.940000534057617,18.940000534057617,18.940000534057617,0.0
2016-06-13 00:00:00+00:00,21.8700008392334,21.8700008392334,21.8700008392334,21.8700008392334,0.0
2016-06-14 00:00:00+00:00,21.940000534057617,21.940000534057617,21.940000534057617,21.940000534057617,0.0
2016-06-15 00:00:00+00:00,21.809999465942383,21.809999465942383,21.809999465942383,21.809999465942383,0.0
2016-06-16 00:00:00+00:00,21.15999984741211,21.15999984741211,21.15999984741211,21.15999984741211,0.0
2016-06-17 00:00:00+00:00,21.309999465942383,21.309999465942383,21.309999465942383,21.309999465942383,0.0
2016-06-20 00:00:00+00:00,19.809999465942383,19.809999465942383,19.809999465942383,19.809999465942383,0.0
2016-06-21 00:00:00+00:00,19.690000534057617,19.690000534057617,19.690000534057617,19.690000534057617,0.0
2016-06-22 00:00:00+00:00,21.079999923706055,21.079999923706055,21.079999923706055,21.079999923706055,0.0
2016-06-23 00:00:00+00:00,18.420000076293945,18.420000076293945,18.420000076293945,18.420000076293945,0.0
2016-06-24 00:00:00+00:00,23.93000030517578,23.93000030517578,23.93000030517578,23.93000030517578,0.0
2016-06-27 00:00:00+00:00,23.68000030517578,23.68000030517578,23.68000030517578,23.68000030517578,0.0
2016-06-28 00:00:00+00:00,20.260000228881836,20.260000228881836,20.260000228881836,20.260000228881836,0.0
2016-06-29 00:00:00+00:00,18.729999542236328,18.729999542236328,18.729999542236328,18.729999542236328,0.0
2016-06-30 00:00:00+00:00,18.09000015258789,18.09000015258789,18.09000015258789,18.09000015258789,0.0
2016-07-01 00:00:00+00:00,17.649999618530273,17.649999618530273,17.649999618530273,17.649999618530273,0.0
2016-07-05 00:00:00+00:00,18.239999771118164,18.239999771118164,18.239999771118164,18.239999771118164,0.0
2016-07-06 00:00:00+00:00,17.739999771118164,17.739999771118164,17.739999771118164,17.739999771118164,0.0
2016-07-07 00:00:00+00:00,17.760000228881836,17.760000228881836,17.760000228881836,17.760000228881836,0.0
2016-07-08 00:00:00+00:00,16.489999771118164,16.489999771118164,16.489999771118164,16.489999771118164,0.0
2016-07-11 00:00:00+00:00,16.489999771118164,16.489999771118164,16.489999771118164,16.489999771118164,0.0
2016-07-12 00:00:00+00:00,16.170000076293945,16.170000076293945,16.170000076293945,16.170000076293945,0.0
2016-07-13 00:00:00+00:00,15.970000267028809,15.970000267028809,15.970000267028809,15.970000267028809,0.0
2016-07-14 00:00:00+00:00,15.859999656677246,15.859999656677246,15.859999656677246,15.859999656677246,0.0
2016-07-15 00:00:00+00:00,15.989999771118164,15.989999771118164,15.989999771118164,15.989999771118164,0.0
2016-07-18 00:00:00+00:00,15.770000457763672,15.770000457763672,15.770000457763672,15.770000457763672,0.0
2016-07-19 00:00:00+00:00,15.739999771118164,15.739999771118164,15.739999771118164,15.739999771118164,0.0
2016-07-20 00:00:00+00:00,15.4399995803833,15.4399995803833,15.4399995803833,15.4399995803833,0.0
2016-07-21 00:00:00+00:00,16.100000381469727,16.100000381469727,16.100000381469727,16.100000381469727,0.0
2016-07-22 00:00:00+00:00,15.800000190734863,15.800000190734863,15.800000190734863,15.800000190734863,0.0
2016-07-25 00:00:00+00:00,16.270000457763672,16.270000457763672,16.270000457763672,16.270000457763672,0.0
2016-07-26 00:00:00+00:00,16.31999969482422,16.31999969482422,16.31999969482422,16.31999969482422,0.0
2016-07-27 00:00:00+00:00,16.100000381469727,16.100000381469727,16.100000381469727,16.100000381469727,0.0
2016-07-28 00:00:00+00:00,16.0,16.0,16.0,16.0,0.0
2016-07-29 00:00:00+00:00,15.420000076293945,15.420000076293945,15.420000076293945,15.420000076293945,0.0
2016-08-01 00:00:00+00:00,15.699999809265137,15.699999809265137,15.699999809265137,15.699999809265137,0.0
2016-08-02 00:00:00+00:00,16.389999389648438,16.389999389648438,16.389999389648438,16.389999389648438,0.0
2016-08-03 00:00:00+00:00,16.079999923706055,16.079999923706055,16.079999923706055,16.079999923706055,0.0
2016-08-04 00:00:00+00:00,15.710000038146973,15.710000038146973,15.710000038146973,15.710000038146973,0.0
2016-08-05 00:00:00+00:00,15.140000343322754,15.140000343322754,15.140000343322754,15.140000343322754,0.0
2016-08-08 00:00:00+00:00,15.15999984741211,15.15999984741211,15.15999984741211,15.15999984741211,0.0
2016-08-09 00:00:00+00:00,15.109999656677246,15.109999656677246,15.109999656677246,15.109999656677246,0.0
2016-08-10 00:00:00+00:00,15.40999984741211,15.40999984741211,15.40999984741211,15.40999984741211,0.0
2016-08-11 00:00:00+00:00,15.300000190734863,15.300000190734863,15.300000190734863,15.300000190734863,0.0
2016-08-12 00:00:00+00:00,15.260000228881836,15.260000228881836,15.260000228881836,15.260000228881836,0.0
2016-08-15 00:00:00+00:00,15.380000114440918,15.380000114440918,15.380000114440918,15.380000114440918,0.0
2016-08-16 00:00:00+00:00,16.020000457763672,16.020000457763672,16.020000457763672,16.020000457763672,0.0
2016-08-17 00:00:00+00:00,15.520000457763672,15.520000457763672,15.520000457763672,15.520000457763672,0.0
2016-08-18 00:00:00+00:00,15.15999984741211,15.15999984741211,15.15999984741211,15.15999984741211,0.0
2016-08-19 00:00:00+00:00,15.130000114440918,15.130000114440918,15.130000114440918,15.130000114440918,0.0
2016-08-22 00:00:00+00:00,15.5,15.5,15.5,15.5,0.0
2016-08-23 00:00:00+00:00,15.420000076293945,15.420000076293945,15.420000076293945,15.420000076293945,0.0
2016-08-24 00:00:00+00:00,16.0,16.0,16.0,16.0,0.0
2016-08-25 00:00:00+00:00,16.1299991607666,16.1299991607666,16.1299991607666,16.1299991607666,0.0
2016-08-26 00:00:00+00:00,16.239999771118164,16.239999771118164,16.239999771118164,16.239999771118164,0.0
2016-08-29 00:00:00+00:00,15.930000305175781,15.930000305175781,15.930000305175781,15.930000305175781,0.0
2016-08-30 00:00:00+00:00,16.030000686645508,16.030000686645508,16.030000686645508,16.030000686645508,0.0
2016-08-31 00:00:00+00:00,16.139999389648438,16.139999389648438,16.139999389648438,16.139999389648438,0.0
2016-09-01 00:00:00+00:00,16.309999465942383,16.309999465942383,16.309999465942383,16.309999465942383,0.0
2016-09-02 00:00:00+00:00,15.649999618530273,15.649999618530273,15.649999618530273,15.649999618530273,0.0
2016-09-06 00:00:00+00:00,15.5600004196167,15.5600004196167,15.5600004196167,15.5600004196167,0.0
2016-09-07 00:00:00+00:00,15.489999771118164,15.489999771118164,15.489999771118164,15.489999771118164,0.0
2016-09-08 00:00:00+00:00,15.8100004196167,15.8100004196167,15.8100004196167,15.8100004196167,0.0
2016-09-09 00:00:00+00:00,18.829999923706055,18.829999923706055,18.829999923706055,18.829999923706055,0.0
2016-09-12 00:00:00+00:00,17.270000457763672,17.270000457763672,17.270000457763672,17.270000457763672,0.0
2016-09-13 00:00:00+00:00,19.049999237060547,19.049999237060547,19.049999237060547,19.049999237060547,0.0
2016-09-14 00:00:00+00:00,19.350000381469727,19.350000381469727,19.350000381469727,19.350000381469727,0.0
2016-09-15 00:00:00+00:00,18.190000534057617,18.190000534057617,18.190000534057617,18.190000534057617,0.0
2016-09-16 00:00:00+00:00,17.8799991607666,17.8799991607666,17.8799991607666,17.8799991607666,0.0
2016-09-19 00:00:00+00:00,17.780000686645508,17.780000686645508,17.780000686645508,17.780000686645508,0.0
2016-09-20 00:00:00+00:00,17.989999771118164,17.989999771118164,17.989999771118164,17.989999771118164,0.0
2016-09-21 00:00:00+00:00,16.65999984741211,16.65999984741211,16.65999984741211,16.65999984741211,0.0
2016-09-22 00:00:00+00:00,15.9399995803833,15.9399995803833,15.9399995803833,15.9399995803833,0.0
2016-09-23 00:00:00+00:00,16.049999237060547,16.049999237060547,16.049999237060547,16.049999237060547,0.0
2016-09-26 00:00:00+00:00,17.280000686645508,17.280000686645508,17.280000686645508,17.280000686645508,0.0
2016-09-27 00:00:00+00:00,16.450000762939453,16.450000762939453,16.450000762939453,16.450000762939453,0.0
2016-09-28 00:00:00+00:00,16.010000228881836,16.010000228881836,16.010000228881836,16.010000228881836,0.0
2016-09-29 00:00:00+00:00,16.8700008392334,16.8700008392334,16.8700008392334,16.8700008392334,0.0
2016-09-30 00:00:00+00:00,16.3700008392334,16.3700008392334,16.3700008392334,16.3700008392334,0.0
2016-10-03 00:00:00+00:00,16.399999618530273,16.399999618530273,16.399999618530273,16.399999618530273,0.0
2016-10-04 00:00:00+00:00,16.469999313354492,16.469999313354492,16.469999313354492,16.469999313354492,0.0
2016-10-05 00:00:00+00:00,16.219999313354492,16.219999313354492,16.219999313354492,16.219999313354492,0.0
2016-10-06 00:00:00+00:00,16.06999969482422,16.06999969482422,16.06999969482422,16.06999969482422,0.0
2016-10-07 00:00:00+00:00,16.440000534057617,16.440000534057617,16.440000534057617,16.440000534057617,0.0
2016-10-10 00:00:00+00:00,15.949999809265137,15.949999809265137,15.949999809265137,15.949999809265137,0.0
2016-10-11 00:00:00+00:00,16.940000534057617,16.940000534057617,16.940000534057617,16.940000534057617,0.0
2016-10-12 00:00:00+00:00,17.020000457763672,17.020000457763672,17.020000457763672,17.020000457763672,0.0
2016-10-13 00:00:00+00:00,17.59000015258789,17.59000015258789,17.59000015258789,17.59000015258789,0.0
2016-10-14 00:00:00+00:00,17.420000076293945,17.420000076293945,17.420000076293945,17.420000076293945,0.0
2016-10-17 00:00:00+00:00,17.469999313354492,17.469999313354492,17.469999313354492,17.469999313354492,0.0
2016-10-18 00:00:00+00:00,16.920000076293945,16.920000076293945,16.920000076293945,16.920000076293945,0.0
2016-10-19 00:00:00+00:00,16.459999084472656,16.459999084472656,16.459999084472656,16.459999084472656,0.0
2016-10-20 00:00:00+00:00,16.229999542236328,16.229999542236328,16.229999542236328,16.229999542236328,0.0
2016-10-21 00:00:00+00:00,16.040000915527344,16.040000915527344,16.040000915527344,16.040000915527344,0.0
2016-10-24 00:00:00+00:00,15.609999656677246,15.609999656677246,15.609999656677246,15.609999656677246,0.0
2016-10-25 00:00:00+00:00,15.8100004196167,15.8100004196167,15.8100004196167,15.8100004196167,0.0
2016-10-26 00:00:00+00:00,16.25,16.25,16.25,16.25,0.0
2016-10-27 00:00:00+00:00,16.93000030517578,16.93000030517578,16.93000030517578,16.93000030517578,0.0
2016-10-28 00:00:00+00:00,17.3700008392334,17.3700008392334,17.3700008392334,17.3700008392334,0.0
2016-10-31 00:00:00+00:00,17.850000381469727,17.850000381469727,17.850000381469727,17.850000381469727,0.0
2016-11-01 00:00:00+00:00,18.739999771118164,18.739999771118164,18.739999771118164,18.739999771118164,0.0
2016-11-02 00:00:00+00:00,19.18000030517578,19.18000030517578,19.18000030517578,19.18000030517578,0.0
2016-11-03 00:00:00+00:00,20.700000762939453,20.700000762939453,20.700000762939453,20.700000762939453,0.0
2016-11-04 00:00:00+00:00,21.1299991607666,21.1299991607666,21.1299991607666,21.1299991607666,0.0
2016-11-07 00:00:00+00:00,18.149999618530273,18.149999618530273,18.149999618530273,18.149999618530273,0.0
2016-11-08 00:00:00+00:00,18.100000381469727,18.100000381469727,18.100000381469727,18.100000381469727,0.0
2016-11-09 00:00:00+00:00,16.280000686645508,16.280000686645508,16.280000686645508,16.280000686645508,0.0
2016-11-10 00:00:00+00:00,16.75,16.75,16.75,16.75,0.0
2016-11-11 00:00:00+00:00,16.489999771118164,16.489999771118164,16.489999771118164,16.489999771118164,0.0
2016-11-14 00:00:00+00:00,16.700000762939453,16.700000762939453,16.700000762939453,16.700000762939453,0.0
2016-11-15 00:00:00+00:00,15.75,15.75,15.75,15.75,0.0
2016-11-16 00:00:00+00:00,16.06999969482422,16.06999969482422,16.06999969482422,16.06999969482422,0.0
2016-11-17 00:00:00+00:00,15.640000343322754,15.640000343322754,15.640000343322754,15.640000343322754,0.0
2016-11-18 00:00:00+00:00,15.520000457763672,15.520000457763672,15.520000457763672,15.520000457763672,0.0
2016-11-21 00:00:00+00:00,15.319999694824219,15.319999694824219,15.319999694824219,15.319999694824219,0.0
2016-11-22 00:00:00+00:00,15.350000381469727,15.350000381469727,15.350000381469727,15.350000381469727,0.0
2016-11-23 00:00:00+00:00,15.430000305175781,15.430000305175781,15.430000305175781,15.430000305175781,0.0
2016-11-25 00:00:00+00:00,15.510000228881836,15.510000228881836,15.510000228881836,15.510000228881836,0.0
2016-11-28 00:00:00+00:00,16.020000457763672,16.020000457763672,16.020000457763672,16.020000457763672,0.0
2016-11-29 00:00:00+00:00,15.899999618530273,15.899999618530273,15.899999618530273,15.899999618530273,0.0
2016-11-30 00:00:00+00:00,16.100000381469727,16.100000381469727,16.100000381469727,16.100000381469727,0.0
2016-12-01 00:00:00+00:00,16.670000076293945,16.670000076293945,16.670000076293945,16.670000076293945,0.0
2016-12-02 00:00:00+00:00,16.780000686645508,16.780000686645508,16.780000686645508,16.780000686645508,0.0
2016-12-05 00:00:00+00:00,15.770000457763672,15.770000457763672,15.770000457763672,15.770000457763672,0.0
2016-12-06 00:00:00+00:00,15.479999542236328,15.479999542236328,15.479999542236328,15.479999542236328,0.0
2016-12-07 00:00:00+00:00,15.479999542236328,15.479999542236328,15.479999542236328,15.479999542236328,0.0
2016-12-08 00:00:00+00:00,15.720000267028809,15.720000267028809,15.720000267028809,15.720000267028809,0.0
2016-12-09 00:00:00+00:00,15.220000267028809,15.220000267028809,15.220000267028809,15.220000267028809,0.0
2016-12-12 00:00:00+00:00,15.729999542236328,15.729999542236328,15.729999542236328,15.729999542236328,0.0
2016-12-13 00:00:00+00:00,15.699999809265137,15.699999809265137,15.699999809265137,15.699999809265137,0.0
2016-12-14 00:00:00+00:00,15.869999885559082,15.869999885559082,15.869999885559082,15.869999885559082,0.0
2016-12-15 00:00:00+00:00,15.75,15.75,15.75,15.75,0.0
2016-12-16 00:00:00+00:00,15.569999694824219,15.569999694824219,15.569999694824219,15.569999694824219,0.0
2016-12-19 00:00:00+00:00,15.3100004196167,15.3100004196167,15.3100004196167,15.3100004196167,0.0
2016-12-20 00:00:00+00:00,15.140000343322754,15.140000343322754,15.140000343322754,15.140000343322754,0.0
2016-12-21 00:00:00+00:00,15.09000015258789,15.09000015258789,15.09000015258789,15.09000015258789,0.0
2016-12-22 00:00:00+00:00,15.289999961853027,15.289999961853027,15.289999961853027,15.289999961853027,0.0
2016-12-23 00:00:00+00:00,15.25,15.25,15.25,15.25,0.0
2016-12-27 00:00:00+00:00,15.359999656677246,15.359999656677246,15.359999656677246,15.359999656677246,0.0
2016-12-28 00:00:00+00:00,15.930000305175781,15.930000305175781,15.930000305175781,15.930000305175781,0.0
2016-12-29 00:00:00+00:00,16.15999984741211,16.15999984741211,16.15999984741211,16.15999984741211,0.0
2016-12-30 00:00:00+00:00,16.540000915527344,16.540000915527344,16.540000915527344,16.540000915527344,0.0
2017-01-03 00:00:00+00:00,15.5600004196167,15.5600004196167,15.5600004196167,15.5600004196167,0.0
2017-01-04 00:00:00+00:00,14.84000015258789,14.84000015258789,14.84000015258789,14.84000015258789,0.0
2017-01-05 00:00:00+00:00,14.699999809265137,14.699999809265137,14.699999809265137,14.699999809265137,0.0
2017-01-06 00:00:00+00:00,14.5600004196167,14.5600004196167,14.5600004196167,14.5600004196167,0.0
2017-01-09 00:00:00+00:00,14.630000114440918,14.630000114440918,14.630000114440918,14.630000114440918,0.0
2017-01-10 00:00:00+00:00,14.65999984741211,14.65999984741211,14.65999984741211,14.65999984741211,0.0
2017-01-11 00:00:00+00:00,14.470000267028809,14.470000267028809,14.470000267028809,14.470000267028809,0.0
2017-01-12 00:00:00+00:00,14.579999923706055,14.579999923706055,14.579999923706055,14.579999923706055,0.0
2017-01-13 00:00:00+00:00,14.539999961853027,14.539999961853027,14.539999961853027,14.539999961853027,0.0
2017-01-17 00:00:00+00:00,14.890000343322754,14.890000343322754,14.890000343322754,14.890000343322754,0.0
2017-01-18 00:00:00+00:00,14.9399995803833,14.9399995803833,14.9399995803833,14.9399995803833,0.0
2017-01-19 00:00:00+00:00,15.020000457763672,15.020000457763672,15.020000457763672,15.020000457763672,0.0
2017-01-20 00:00:00+00:00,14.489999771118164,14.489999771118164,14.489999771118164,14.489999771118164,0.0
2017-01-23 00:00:00+00:00,14.539999961853027,14.539999961853027,14.539999961853027,14.539999961853027,0.0
2017-01-24 00:00:00+00:00,13.869999885559082,13.869999885559082,13.869999885559082,13.869999885559082,0.0
2017-01-25 00:00:00+00:00,13.609999656677246,13.609999656677246,13.609999656677246,13.609999656677246,0.0
2017-01-26 00:00:00+00:00,13.630000114440918,13.630000114440918,13.630000114440918,13.630000114440918,0.0
2017-01-27 00:00:00+00:00,13.680000305175781,13.680000305175781,13.680000305175781,13.680000305175781,0.0
2017-01-30 00:00:00+00:00,14.40999984741211,14.40999984741211,14.40999984741211,14.40999984741211,0.0
2017-01-31 00:00:00+00:00,14.479999542236328,14.479999542236328,14.479999542236328,14.479999542236328,0.0
2017-02-01 00:00:00+00:00,14.289999961853027,14.289999961853027,14.289999961853027,14.289999961853027,0.0
2017-02-02 00:00:00+00:00,14.59000015258789,14.59000015258789,14.59000015258789,14.59000015258789,0.0
2017-02-03 00:00:00+00:00,14.050000190734863,14.050000190734863,14.050000190734863,14.050000190734863,0.0
2017-02-06 00:00:00+00:00,14.239999771118164,14.239999771118164,14.239999771118164,14.239999771118164,0.0
2017-02-07 00:00:00+00:00,14.350000381469727,14.350000381469727,14.350000381469727,14.350000381469727,0.0
2017-02-08 00:00:00+00:00,14.5600004196167,14.5600004196167,14.5600004196167,14.5600004196167,0.0
2017-02-09 00:00:00+00:00,14.170000076293945,14.170000076293945,14.170000076293945,14.170000076293945,0.0
2017-02-10 00:00:00+00:00,13.90999984741211,13.90999984741211,13.90999984741211,13.90999984741211,0.0
2017-02-13 00:00:00+00:00,13.680000305175781,13.680000305175781,13.680000305175781,13.680000305175781,0.0
2017-02-14 00:00:00+00:00,13.1899995803833,13.1899995803833,13.1899995803833,13.1899995803833,0.0
2017-02-15 00:00:00+00:00,13.40999984741211,13.40999984741211,13.40999984741211,13.40999984741211,0.0
2017-02-16 00:00:00+00:00,13.630000114440918,13.630000114440918,13.630000114440918,13.630000114440918,0.0
2017-02-17 00:00:00+00:00,13.720000267028809,13.720000267028809,13.720000267028809,13.720000267028809,0.0
2017-02-21 00:00:00+00:00,14.039999961853027,14.039999961853027,14.039999961853027,14.039999961853027,0.0
2017-02-22 00:00:00+00:00,14.390000343322754,14.390000343322754,14.390000343322754,14.390000343322754,0.0
2017-02-23 00:00:00+00:00,14.739999771118164,14.739999771118164,14.739999771118164,14.739999771118164,0.0
2017-02-24 00:00:00+00:00,14.760000228881836,14.760000228881836,14.760000228881836,14.760000228881836,0.0
2017-02-27 00:00:00+00:00,14.90999984741211,14.90999984741211,14.90999984741211,14.90999984741211,0.0
2017-02-28 00:00:00+00:00,15.279999732971191,15.279999732971191,15.279999732971191,15.279999732971191,0.0
2017-03-01 00:00:00+00:00,14.859999656677246,14.859999656677246,14.859999656677246,14.859999656677246,0.0
2017-03-02 00:00:00+00:00,14.770000457763672,14.770000457763672,14.770000457763672,14.770000457763672,0.0
2017-03-03 00:00:00+00:00,14.260000228881836,14.260000228881836,14.260000228881836,14.260000228881836,0.0
2017-03-06 00:00:00+00:00,14.34000015258789,14.34000015258789,14.34000015258789,14.34000015258789,0.0
2017-03-07 00:00:00+00:00,14.40999984741211,14.40999984741211,14.40999984741211,14.40999984741211,0.0
2017-03-08 00:00:00+00:00,14.539999961853027,14.539999961853027,14.539999961853027,14.539999961853027,0.0
2017-03-09 00:00:00+00:00,14.779999732971191,14.779999732971191,14.779999732971191,14.779999732971191,0.0
2017-03-10 00:00:00+00:00,14.380000114440918,14.380000114440918,14.380000114440918,14.380000114440918,0.0
2017-03-13 00:00:00+00:00,14.359999656677246,14.359999656677246,14.359999656677246,14.359999656677246,0.0
2017-03-14 00:00:00+00:00,14.630000114440918,14.630000114440918,14.630000114440918,14.630000114440918,0.0
2017-03-15 00:00:00+00:00,14.199999809265137,14.199999809265137,14.199999809265137,14.199999809265137,0.0
2017-03-16 00:00:00+00:00,13.779999732971191,13.779999732971191,13.779999732971191,13.779999732971191,0.0
2017-03-17 00:00:00+00:00,13.920000076293945,13.920000076293945,13.920000076293945,13.920000076293945,0.0
2017-03-20 00:00:00+00:00,13.899999618530273,13.899999618530273,13.899999618530273,13.899999618530273,0.0
2017-03-21 00:00:00+00:00,14.619999885559082,14.619999885559082,14.619999885559082,14.619999885559082,0.0
2017-03-22 00:00:00+00:00,14.680000305175781,14.680000305175781,14.680000305175781,14.680000305175781,0.0
2017-03-23 00:00:00+00:00,14.90999984741211,14.90999984741211,14.90999984741211,14.90999984741211,0.0
2017-03-24 00:00:00+00:00,14.550000190734863,14.550000190734863,14.550000190734863,14.550000190734863,0.0
2017-03-27 00:00:00+00:00,14.229999542236328,14.229999542236328,14.229999542236328,14.229999542236328,0.0
2017-03-28 00:00:00+00:00,13.680000305175781,13.680000305175781,13.680000305175781,13.680000305175781,0.0
2017-03-29 00:00:00+00:00,13.430000305175781,13.430000305175781,13.430000305175781,13.430000305175781,0.0
2017-03-30 00:00:00+00:00,13.369999885559082,13.369999885559082,13.369999885559082,13.369999885559082,0.0
2017-03-31 00:00:00+00:00,13.600000381469727,13.600000381469727,13.600000381469727,13.600000381469727,0.0
2017-04-03 00:00:00+00:00,13.670000076293945,13.670000076293945,13.670000076293945,13.670000076293945,0.0
2017-04-04 00:00:00+00:00,13.369999885559082,13.369999885559082,13.369999885559082,13.369999885559082,0.0
2017-04-05 00:00:00+00:00,14.119999885559082,14.119999885559082,14.119999885559082,14.119999885559082,0.0
2017-04-06 00:00:00+00:00,13.65999984741211,13.65999984741211,13.65999984741211,13.65999984741211,0.0
2017-04-07 00:00:00+00:00,14.0600004196167,14.0600004196167,14.0600004196167,14.0600004196167,0.0
2017-04-10 00:00:00+00:00,14.579999923706055,14.579999923706055,14.579999923706055,14.579999923706055,0.0
2017-04-11 00:00:00+00:00,15.15999984741211,15.15999984741211,15.15999984741211,15.15999984741211,0.0
2017-04-12 00:00:00+00:00,15.279999732971191,15.279999732971191,15.279999732971191,15.279999732971191,0.0
2017-04-13 00:00:00+00:00,15.75,15.75,15.75,15.75,0.0
2017-04-17 00:00:00+00:00,14.859999656677246,14.859999656677246,14.859999656677246,14.859999656677246,0.0
2017-04-18 00:00:00+00:00,14.760000228881836,14.760000228881836,14.760000228881836,14.760000228881836,0.0
2017-04-19 00:00:00+00:00,15.079999923706055,15.079999923706055,15.079999923706055,15.079999923706055,0.0
2017-04-20 00:00:00+00:00,14.529999732971191,14.529999732971191,14.529999732971191,14.529999732971191,0.0
2017-04-21 00:00:00+00:00,14.75,14.75,14.75,14.75,0.0
2017-04-24 00:00:00+00:00,12.899999618530273,12.899999618530273,12.899999618530273,12.899999618530273,0.0
2017-04-25 00:00:00+00:00,12.850000381469727,12.850000381469727,12.850000381469727,12.850000381469727,0.0
2017-04-26 00:00:00+00:00,12.979999542236328,12.979999542236328,12.979999542236328,12.979999542236328,0.0
2017-04-27 00:00:00+00:00,12.800000190734863,12.800000190734863,12.800000190734863,12.800000190734863,0.0
2017-04-28 00:00:00+00:00,12.930000305175781,12.930000305175781,12.930000305175781,12.930000305175781,0.0
2017-05-01 00:00:00+00:00,12.630000114440918,12.630000114440918,12.630000114440918,12.630000114440918,0.0
2017-05-02 00:00:00+00:00,12.829999923706055,12.829999923706055,12.829999923706055,12.829999923706055,0.0
2017-05-03 00:00:00+00:00,13.09000015258789,13.09000015258789,13.09000015258789,13.09000015258789,0.0
2017-05-04 00:00:00+00:00,12.829999923706055,12.829999923706055,12.829999923706055,12.829999923706055,0.0
2017-05-05 00:00:00+00:00,12.850000381469727,12.850000381469727,12.850000381469727,12.850000381469727,0.0
2017-05-08 00:00:00+00:00,12.59000015258789,12.59000015258789,12.59000015258789,12.59000015258789,0.0
2017-05-09 00:00:00+00:00,12.710000038146973,12.710000038146973,12.710000038146973,12.710000038146973,0.0
2017-05-10 00:00:00+00:00,12.90999984741211,12.90999984741211,12.90999984741211,12.90999984741211,0.0
2017-05-11 00:00:00+00:00,13.010000228881836,13.010000228881836,13.010000228881836,13.010000228881836,0.0
2017-05-12 00:00:00+00:00,12.970000267028809,12.970000267028809,12.970000267028809,12.970000267028809,0.0
2017-05-15 00:00:00+00:00,12.779999732971191,12.779999732971191,12.779999732971191,12.779999732971191,0.0
2017-05-16 00:00:00+00:00,12.649999618530273,12.649999618530273,12.649999618530273,12.649999618530273,0.0
2017-05-17 00:00:00+00:00,15.600000381469727,15.600000381469727,15.600000381469727,15.600000381469727,0.0
2017-05-18 00:00:00+00:00,14.970000267028809,14.970000267028809,14.970000267028809,14.970000267028809,0.0
2017-05-19 00:00:00+00:00,13.489999771118164,13.489999771118164,13.489999771118164,13.489999771118164,0.0
2017-05-22 00:00:00+00:00,12.960000038146973,12.960000038146973,12.960000038146973,12.960000038146973,0.0
2017-05-23 00:00:00+00:00,12.899999618530273,12.899999618530273,12.899999618530273,12.899999618530273,0.0
2017-05-24 00:00:00+00:00,12.59000015258789,12.59000015258789,12.59000015258789,12.59000015258789,0.0
2017-05-25 00:00:00+00:00,12.510000228881836,12.510000228881836,12.510000228881836,12.510000228881836,0.0
2017-05-26 00:00:00+00:00,12.4399995803833,12.4399995803833,12.4399995803833,12.4399995803833,0.0
2017-05-30 00:00:00+00:00,12.739999771118164,12.739999771118164,12.739999771118164,12.739999771118164,0.0
2017-05-31 00:00:00+00:00,12.630000114440918,12.630000114440918,12.630000114440918,12.630000114440918,0.0
2017-06-01 00:00:00+00:00,12.420000076293945,12.420000076293945,12.420000076293945,12.420000076293945,0.0
2017-06-02 00:00:00+00:00,12.460000038146973,12.460000038146973,12.460000038146973,12.460000038146973,0.0
2017-06-05 00:00:00+00:00,12.850000381469727,12.850000381469727,12.850000381469727,12.850000381469727,0.0
2017-06-06 00:00:00+00:00,13.079999923706055,13.079999923706055,13.079999923706055,13.079999923706055,0.0
2017-06-07 00:00:00+00:00,13.09000015258789,13.09000015258789,13.09000015258789,13.09000015258789,0.0
2017-06-08 00:00:00+00:00,12.760000228881836,12.760000228881836,12.760000228881836,12.760000228881836,0.0
2017-06-09 00:00:00+00:00,12.960000038146973,12.960000038146973,12.960000038146973,12.960000038146973,0.0
2017-06-12 00:00:00+00:00,13.300000190734863,13.300000190734863,13.300000190734863,13.300000190734863,0.0
2017-06-13 00:00:00+00:00,12.729999542236328,12.729999542236328,12.729999542236328,12.729999542236328,0.0
2017-06-14 00:00:00+00:00,12.770000457763672,12.770000457763672,12.770000457763672,12.770000457763672,0.0
2017-06-15 00:00:00+00:00,12.90999984741211,12.90999984741211,12.90999984741211,12.90999984741211,0.0
2017-06-16 00:00:00+00:00,12.710000038146973,12.710000038146973,12.710000038146973,12.710000038146973,0.0
2017-06-19 00:00:00+00:00,12.399999618530273,12.399999618530273,12.399999618530273,12.399999618530273,0.0
2017-06-20 00:00:00+00:00,12.6899995803833,12.6899995803833,12.6899995803833,12.6899995803833,0.0
2017-06-21 00:00:00+00:00,12.760000228881836,12.760000228881836,12.760000228881836,12.760000228881836,0.0
2017-06-22 00:00:00+00:00,12.619999885559082,12.619999885559082,12.619999885559082,12.619999885559082,0.0
2017-06-23 00:00:00+00:00,12.359999656677246,12.359999656677246,12.359999656677246,12.359999656677246,0.0
2017-06-26 00:00:00+00:00,12.270000457763672,12.270000457763672,12.270000457763672,12.270000457763672,0.0
2017-06-27 00:00:00+00:00,12.960000038146973,12.960000038146973,12.960000038146973,12.960000038146973,0.0
2017-06-28 00:00:00+00:00,12.399999618530273,12.399999618530273,12.399999618530273,12.399999618530273,0.0
2017-06-29 00:00:00+00:00,13.149999618530273,13.149999618530273,13.149999618530273,13.149999618530273,0.0
2017-06-30 00:00:00+00:00,13.140000343322754,13.140000343322754,13.140000343322754,13.140000343322754,0.0
2017-07-03 00:00:00+00:00,13.3100004196167,13.3100004196167,13.3100004196167,13.3100004196167,0.0
2017-07-05 00:00:00+00:00,13.3100004196167,13.3100004196167,13.3100004196167,13.3100004196167,0.0
2017-07-06 00:00:00+00:00,14.109999656677246,14.109999656677246,14.109999656677246,14.109999656677246,0.0
2017-07-07 00:00:00+00:00,13.520000457763672,13.520000457763672,13.520000457763672,13.520000457763672,0.0
2017-07-10 00:00:00+00:00,13.350000381469727,13.350000381469727,13.350000381469727,13.350000381469727,0.0
2017-07-11 00:00:00+00:00,13.15999984741211,13.15999984741211,13.15999984741211,13.15999984741211,0.0
2017-07-12 00:00:00+00:00,12.779999732971191,12.779999732971191,12.779999732971191,12.779999732971191,0.0
2017-07-13 00:00:00+00:00,12.550000190734863,12.550000190734863,12.550000190734863,12.550000190734863,0.0
2017-07-14 00:00:00+00:00,12.229999542236328,12.229999542236328,12.229999542236328,12.229999542236328,0.0
2017-07-17 00:00:00+00:00,12.279999732971191,12.279999732971191,12.279999732971191,12.279999732971191,0.0
2017-07-18 00:00:00+00:00,12.25,12.25,12.25,12.25,0.0
2017-07-19 00:00:00+00:00,12.0,12.0,12.0,12.0,0.0
2017-07-20 00:00:00+00:00,12.039999961853027,12.039999961853027,12.039999961853027,12.039999961853027,0.0
2017-07-21 00:00:00+00:00,12.0600004196167,12.0600004196167,12.0600004196167,12.0600004196167,0.0
2017-07-24 00:00:00+00:00,12.039999961853027,12.039999961853027,12.039999961853027,12.039999961853027,0.0
2017-07-25 00:00:00+00:00,12.050000190734863,12.050000190734863,12.050000190734863,12.050000190734863,0.0
2017-07-26 00:00:00+00:00,12.109999656677246,12.109999656677246,12.109999656677246,12.109999656677246,0.0
2017-07-27 00:00:00+00:00,12.420000076293945,12.420000076293945,12.420000076293945,12.420000076293945,0.0
2017-07-28 00:00:00+00:00,12.579999923706055,12.579999923706055,12.579999923706055,12.579999923706055,0.0
2017-07-31 00:00:00+00:00,12.470000267028809,12.470000267028809,12.470000267028809,12.470000267028809,0.0
2017-08-01 00:00:00+00:00,12.399999618530273,12.399999618530273,12.399999618530273,12.399999618530273,0.0
2017-08-02 00:00:00+00:00,12.5600004196167,12.5600004196167,12.5600004196167,12.5600004196167,0.0
2017-08-03 00:00:00+00:00,12.739999771118164,12.739999771118164,12.739999771118164,12.739999771118164,0.0
2017-08-04 00:00:00+00:00,12.75,12.75,12.75,12.75,0.0
2017-08-07 00:00:00+00:00,12.65999984741211,12.65999984741211,12.65999984741211,12.65999984741211,0.0
2017-08-08 00:00:00+00:00,13.199999809265137,13.199999809265137,13.199999809265137,13.199999809265137,0.0
2017-08-09 00:00:00+00:00,13.489999771118164,13.489999771118164,13.489999771118164,13.489999771118164,0.0
2017-08-10 00:00:00+00:00,16.209999084472656,16.209999084472656,16.209999084472656,16.209999084472656,0.0
2017-08-11 00:00:00+00:00,16.389999389648438,16.389999389648438,16.389999389648438,16.389999389648438,0.0
2017-08-14 00:00:00+00:00,13.920000076293945,13.920000076293945,13.920000076293945,13.920000076293945,0.0
2017-08-15 00:00:00+00:00,13.899999618530273,13.899999618530273,13.899999618530273,13.899999618530273,0.0
2017-08-16 00:00:00+00:00,13.579999923706055,13.579999923706055,13.579999923706055,13.579999923706055,0.0
2017-08-17 00:00:00+00:00,16.139999389648438,16.139999389648438,16.139999389648438,16.139999389648438,0.0
2017-08-18 00:00:00+00:00,15.649999618530273,15.649999618530273,15.649999618530273,15.649999618530273,0.0
2017-08-21 00:00:00+00:00,14.989999771118164,14.989999771118164,14.989999771118164,14.989999771118164,0.0
2017-08-22 00:00:00+00:00,13.630000114440918,13.630000114440918,13.630000114440918,13.630000114440918,0.0
2017-08-23 00:00:00+00:00,14.329999923706055,14.329999923706055,14.329999923706055,14.329999923706055,0.0
2017-08-24 00:00:00+00:00,14.390000343322754,14.390000343322754,14.390000343322754,14.390000343322754,0.0
2017-08-25 00:00:00+00:00,13.989999771118164,13.989999771118164,13.989999771118164,13.989999771118164,0.0
2017-08-28 00:00:00+00:00,13.989999771118164,13.989999771118164,13.989999771118164,13.989999771118164,0.0
2017-08-29 00:00:00+00:00,14.119999885559082,14.119999885559082,14.119999885559082,14.119999885559082,0.0
2017-08-30 00:00:00+00:00,14.140000343322754,14.140000343322754,14.140000343322754,14.140000343322754,0.0
2017-08-31 00:00:00+00:00,13.800000190734863,13.800000190734863,13.800000190734863,13.800000190734863,0.0
2017-09-01 00:00:00+00:00,13.59000015258789,13.59000015258789,13.59000015258789,13.59000015258789,0.0
2017-09-05 00:00:00+00:00,14.579999923706055,14.579999923706055,14.579999923706055,14.579999923706055,0.0
2017-09-06 00:00:00+00:00,14.399999618530273,14.399999618530273,14.399999618530273,14.399999618530273,0.0
2017-09-07 00:00:00+00:00,14.319999694824219,14.319999694824219,14.319999694824219,14.319999694824219,0.0
2017-09-08 00:00:00+00:00,14.6899995803833,14.6899995803833,14.6899995803833,14.6899995803833,0.0
2017-09-11 00:00:00+00:00,13.859999656677246,13.859999656677246,13.859999656677246,13.859999656677246,0.0
2017-09-12 00:00:00+00:00,13.5600004196167,13.5600004196167,13.5600004196167,13.5600004196167,0.0
2017-09-13 00:00:00+00:00,13.229999542236328,13.229999542236328,13.229999542236328,13.229999542236328,0.0
2017-09-14 00:00:00+00:00,13.15999984741211,13.15999984741211,13.15999984741211,13.15999984741211,0.0
2017-09-15 00:00:00+00:00,12.960000038146973,12.960000038146973,12.960000038146973,12.960000038146973,0.0
2017-09-18 00:00:00+00:00,12.6899995803833,12.6899995803833,12.6899995803833,12.6899995803833,0.0
2017-09-19 00:00:00+00:00,12.729999542236328,12.729999542236328,12.729999542236328,12.729999542236328,0.0
2017-09-20 00:00:00+00:00,12.65999984741211,12.65999984741211,12.65999984741211,12.65999984741211,0.0
2017-09-21 00:00:00+00:00,12.65999984741211,12.65999984741211,12.65999984741211,12.65999984741211,0.0
2017-09-22 00:00:00+00:00,12.850000381469727,12.850000381469727,12.850000381469727,12.850000381469727,0.0
2017-09-25 00:00:00+00:00,13.0600004196167,13.0600004196167,13.0600004196167,13.0600004196167,0.0
2017-09-26 00:00:00+00:00,13.020000457763672,13.020000457763672,13.020000457763672,13.020000457763672,0.0
2017-09-27 00:00:00+00:00,12.90999984741211,12.90999984741211,12.90999984741211,12.90999984741211,0.0
2017-09-28 00:00:00+00:00,12.760000228881836,12.760000228881836,12.760000228881836,12.760000228881836,0.0
2017-09-29 00:00:00+00:00,12.489999771118164,12.489999771118164,12.489999771118164,12.489999771118164,0.0
2017-10-02 00:00:00+00:00,12.359999656677246,12.359999656677246,12.359999656677246,12.359999656677246,0.0
2017-10-03 00:00:00+00:00,12.3100004196167,12.3100004196167,12.3100004196167,12.3100004196167,0.0
2017-10-04 00:00:00+00:00,12.380000114440918,12.380000114440918,12.380000114440918,12.380000114440918,0.0
2017-10-05 00:00:00+00:00,12.180000305175781,12.180000305175781,12.180000305175781,12.180000305175781,0.0
2017-10-06 00:00:00+00:00,12.4399995803833,12.4399995803833,12.4399995803833,12.4399995803833,0.0
2017-10-09 00:00:00+00:00,12.729999542236328,12.729999542236328,12.729999542236328,12.729999542236328,0.0
2017-10-10 00:00:00+00:00,12.470000267028809,12.470000267028809,12.470000267028809,12.470000267028809,0.0
2017-10-11 00:00:00+00:00,12.239999771118164,12.239999771118164,12.239999771118164,12.239999771118164,0.0
2017-10-12 00:00:00+00:00,12.260000228881836,12.260000228881836,12.260000228881836,12.260000228881836,0.0
2017-10-13 00:00:00+00:00,11.979999542236328,11.979999542236328,11.979999542236328,11.979999542236328,0.0
2017-10-16 00:00:00+00:00,11.9399995803833,11.9399995803833,11.9399995803833,11.9399995803833,0.0
2017-10-17 00:00:00+00:00,12.050000190734863,12.050000190734863,12.050000190734863,12.050000190734863,0.0
2017-10-18 00:00:00+00:00,11.920000076293945,11.920000076293945,11.920000076293945,11.920000076293945,0.0
2017-10-19 00:00:00+00:00,11.960000038146973,11.960000038146973,11.960000038146973,11.960000038146973,0.0
2017-10-20 00:00:00+00:00,11.850000381469727,11.850000381469727,11.850000381469727,11.850000381469727,0.0
2017-10-23 00:00:00+00:00,12.550000190734863,12.550000190734863,12.550000190734863,12.550000190734863,0.0
2017-10-24 00:00:00+00:00,12.670000076293945,12.670000076293945,12.670000076293945,12.670000076293945,0.0
2017-10-25 00:00:00+00:00,12.949999809265137,12.949999809265137,12.949999809265137,12.949999809265137,0.0
2017-10-26 00:00:00+00:00,12.930000305175781,12.930000305175781,12.930000305175781,12.930000305175781,0.0
2017-10-27 00:00:00+00:00,12.229999542236328,12.229999542236328,12.229999542236328,12.229999542236328,0.0
2017-10-30 00:00:00+00:00,12.569999694824219,12.569999694824219,12.569999694824219,12.569999694824219,0.0
2017-10-31 00:00:00+00:00,12.380000114440918,12.380000114440918,12.380000114440918,12.380000114440918,0.0
2017-11-01 00:00:00+00:00,12.569999694824219,12.569999694824219,12.569999694824219,12.569999694824219,0.0
2017-11-02 00:00:00+00:00,12.680000305175781,12.680000305175781,12.680000305175781,12.680000305175781,0.0
2017-11-03 00:00:00+00:00,12.420000076293945,12.420000076293945,12.420000076293945,12.420000076293945,0.0
2017-11-06 00:00:00+00:00,12.569999694824219,12.569999694824219,12.569999694824219,12.569999694824219,0.0
2017-11-07 00:00:00+00:00,12.760000228881836,12.760000228881836,12.760000228881836,12.760000228881836,0.0
2017-11-08 00:00:00+00:00,12.880000114440918,12.880000114440918,12.880000114440918,12.880000114440918,0.0
2017-11-09 00:00:00+00:00,13.140000343322754,13.140000343322754,13.140000343322754,13.140000343322754,0.0
2017-11-10 00:00:00+00:00,13.609999656677246,13.609999656677246,13.609999656677246,13.609999656677246,0.0
2017-11-13 00:00:00+00:00,13.75,13.75,13.75,13.75,0.0
2017-11-14 00:00:00+00:00,13.930000305175781,13.930000305175781,13.930000305175781,13.930000305175781,0.0
2017-11-15 00:00:00+00:00,14.65999984741211,14.65999984741211,14.65999984741211,14.65999984741211,0.0
2017-11-16 00:00:00+00:00,13.960000038146973,13.960000038146973,13.960000038146973,13.960000038146973,0.0
2017-11-17 00:00:00+00:00,13.800000190734863,13.800000190734863,13.800000190734863,13.800000190734863,0.0
2017-11-20 00:00:00+00:00,13.279999732971191,13.279999732971191,13.279999732971191,13.279999732971191,0.0
2017-11-21 00:00:00+00:00,12.550000190734863,12.550000190734863,12.550000190734863,12.550000190734863,0.0
2017-11-22 00:00:00+00:00,12.4399995803833,12.4399995803833,12.4399995803833,12.4399995803833,0.0
2017-11-24 00:00:00+00:00,12.420000076293945,12.420000076293945,12.420000076293945,12.420000076293945,0.0
2017-11-27 00:00:00+00:00,12.569999694824219,12.569999694824219,12.569999694824219,12.569999694824219,0.0
2017-11-28 00:00:00+00:00,12.270000457763672,12.270000457763672,12.270000457763672,12.270000457763672,0.0
2017-11-29 00:00:00+00:00,12.819999694824219,12.819999694824219,12.819999694824219,12.819999694824219,0.0
2017-11-30 00:00:00+00:00,13.039999961853027,13.039999961853027,13.039999961853027,13.039999961853027,0.0
2017-12-01 00:00:00+00:00,13.279999732971191,13.279999732971191,13.279999732971191,13.279999732971191,0.0
2017-12-04 00:00:00+00:00,13.550000190734863,13.550000190734863,13.550000190734863,13.550000190734863,0.0
2017-12-05 00:00:00+00:00,13.539999961853027,13.539999961853027,13.539999961853027,13.539999961853027,0.0
2017-12-06 00:00:00+00:00,13.449999809265137,13.449999809265137,13.449999809265137,13.449999809265137,0.0
2017-12-07 00:00:00+00:00,12.930000305175781,12.930000305175781,12.930000305175781,12.930000305175781,0.0
2017-12-08 00:00:00+00:00,12.460000038146973,12.460000038146973,12.460000038146973,12.460000038146973,0.0
2017-12-11 00:00:00+00:00,12.279999732971191,12.279999732971191,12.279999732971191,12.279999732971191,0.0
2017-12-12 00:00:00+00:00,12.479999542236328,12.479999542236328,12.479999542236328,12.479999542236328,0.0
2017-12-13 00:00:00+00:00,12.5,12.5,12.5,12.5,0.0
2017-12-14 00:00:00+00:00,12.800000190734863,12.800000190734863,12.800000190734863,12.800000190734863,0.0
2017-12-15 00:00:00+00:00,12.079999923706055,12.079999923706055,12.079999923706055,12.079999923706055,0.0
2017-12-18 00:00:00+00:00,12.069999694824219,12.069999694824219,12.069999694824219,12.069999694824219,0.0
2017-12-19 00:00:00+00:00,12.510000228881836,12.510000228881836,12.510000228881836,12.510000228881836,0.0
2017-12-20 00:00:00+00:00,12.369999885559082,12.369999885559082,12.369999885559082,12.369999885559082,0.0
2017-12-21 00:00:00+00:00,12.350000381469727,12.350000381469727,12.350000381469727,12.350000381469727,0.0
2017-12-22 00:00:00+00:00,12.489999771118164,12.489999771118164,12.489999771118164,12.489999771118164,0.0
2017-12-26 00:00:00+00:00,12.619999885559082,12.619999885559082,12.619999885559082,12.619999885559082,0.0
2017-12-27 00:00:00+00:00,12.649999618530273,12.649999618530273,12.649999618530273,12.649999618530273,0.0
2017-12-28 00:00:00+00:00,12.760000228881836,12.760000228881836,12.760000228881836,12.760000228881836,0.0
2017-12-29 00:00:00+00:00,13.09000015258789,13.09000015258789,13.09000015258789,13.09000015258789,0.0
2018-01-02 00:00:00+00:00,12.609999656677246,12.609999656677246,12.609999656677246,12.609999656677246,0.0
2018-01-03 00:00:00+00:00,12.319999694824219,12.319999694824219,12.319999694824219,12.319999694824219,0.0
2018-01-04 00:00:00+00:00,12.239999771118164,12.239999771118164,12.239999771118164,12.239999771118164,0.0
2018-01-05 00:00:00+00:00,12.0600004196167,12.0600004196167,12.0600004196167,12.0600004196167,0.0
2018-01-08 00:00:00+00:00,12.149999618530273,12.149999618530273,12.149999618530273,12.149999618530273,0.0
2018-01-09 00:00:00+00:00,12.40999984741211,12.40999984741211,12.40999984741211,12.40999984741211,0.0
2018-01-10 00:00:00+00:00,12.359999656677246,12.359999656677246,12.359999656677246,12.359999656677246,0.0
2018-01-11 00:00:00+00:00,12.15999984741211,12.15999984741211,12.15999984741211,12.15999984741211,0.0
2018-01-12 00:00:00+00:00,12.199999809265137,12.199999809265137,12.199999809265137,12.199999809265137,0.0
2018-01-16 00:00:00+00:00,13.229999542236328,13.229999542236328,13.229999542236328,13.229999542236328,0.0
2018-01-17 00:00:00+00:00,13.25,13.25,13.25,13.25,0.0
2018-01-18 00:00:00+00:00,13.579999923706055,13.579999923706055,13.579999923706055,13.579999923706055,0.0
2018-01-19 00:00:00+00:00,13.039999961853027,13.039999961853027,13.039999961853027,13.039999961853027,0.0
2018-01-22 00:00:00+00:00,12.989999771118164,12.989999771118164,12.989999771118164,12.989999771118164,0.0
2018-01-23 00:00:00+00:00,13.220000267028809,13.220000267028809,13.220000267028809,13.220000267028809,0.0
2018-01-24 00:00:00+00:00,13.529999732971191,13.529999732971191,13.529999732971191,13.529999732971191,0.0
2018-01-25 00:00:00+00:00,13.680000305175781,13.680000305175781,13.680000305175781,13.680000305175781,0.0
2018-01-26 00:00:00+00:00,13.460000038146973,13.460000038146973,13.460000038146973,13.460000038146973,0.0
2018-01-29 00:00:00+00:00,14.989999771118164,14.989999771118164,14.989999771118164,14.989999771118164,0.0
2018-01-30 00:00:00+00:00,15.829999923706055,15.829999923706055,15.829999923706055,15.829999923706055,0.0
2018-01-31 00:00:00+00:00,14.899999618530273,14.899999618530273,14.899999618530273,14.899999618530273,0.0
2018-02-01 00:00:00+00:00,14.720000267028809,14.720000267028809,14.720000267028809,14.720000267028809,0.0
2018-02-02 00:00:00+00:00,17.030000686645508,17.030000686645508,17.030000686645508,17.030000686645508,0.0
2018-02-05 00:00:00+00:00,28.1299991607666,28.1299991607666,28.1299991607666,28.1299991607666,0.0
2018-02-06 00:00:00+00:00,23.75,23.75,23.75,23.75,0.0
2018-02-07 00:00:00+00:00,23.030000686645508,23.030000686645508,23.030000686645508,23.030000686645508,0.0
2018-02-08 00:00:00+00:00,27.329999923706055,27.329999923706055,27.329999923706055,27.329999923706055,0.0
2018-02-09 00:00:00+00:00,24.920000076293945,24.920000076293945,24.920000076293945,24.920000076293945,0.0
2018-02-12 00:00:00+00:00,22.860000610351562,22.860000610351562,22.860000610351562,22.860000610351562,0.0
2018-02-13 00:00:00+00:00,22.649999618530273,22.649999618530273,22.649999618530273,22.649999618530273,0.0
2018-02-14 00:00:00+00:00,19.34000015258789,19.34000015258789,19.34000015258789,19.34000015258789,0.0
2018-02-15 00:00:00+00:00,19.079999923706055,19.079999923706055,19.079999923706055,19.079999923706055,0.0
2018-02-16 00:00:00+00:00,19.170000076293945,19.170000076293945,19.170000076293945,19.170000076293945,0.0
2018-02-20 00:00:00+00:00,20.010000228881836,20.010000228881836,20.010000228881836,20.010000228881836,0.0
2018-02-21 00:00:00+00:00,20.030000686645508,20.030000686645508,20.030000686645508,20.030000686645508,0.0
2018-02-22 00:00:00+00:00,19.059999465942383,19.059999465942383,19.059999465942383,19.059999465942383,0.0
2018-02-23 00:00:00+00:00,17.5,17.5,17.5,17.5,0.0
2018-02-26 00:00:00+00:00,16.920000076293945,16.920000076293945,16.920000076293945,16.920000076293945,0.0
2018-02-27 00:00:00+00:00,19.020000457763672,19.020000457763672,19.020000457763672,19.020000457763672,0.0
2018-02-28 00:00:00+00:00,19.889999389648438,19.889999389648438,19.889999389648438,19.889999389648438,0.0
2018-03-01 00:00:00+00:00,21.420000076293945,21.420000076293945,21.420000076293945,21.420000076293945,0.0
2018-03-02 00:00:00+00:00,19.860000610351562,19.860000610351562,19.860000610351562,19.860000610351562,0.0
2018-03-05 00:00:00+00:00,19.209999084472656,19.209999084472656,19.209999084472656,19.209999084472656,0.0
2018-03-06 00:00:00+00:00,19.239999771118164,19.239999771118164,19.239999771118164,19.239999771118164,0.0
2018-03-07 00:00:00+00:00,18.84000015258789,18.84000015258789,18.84000015258789,18.84000015258789,0.0
2018-03-08 00:00:00+00:00,18.18000030517578,18.18000030517578,18.18000030517578,18.18000030517578,0.0
2018-03-09 00:00:00+00:00,17.010000228881836,17.010000228881836,17.010000228881836,17.010000228881836,0.0
2018-03-12 00:00:00+00:00,17.799999237060547,17.799999237060547,17.799999237060547,17.799999237060547,0.0
2018-03-13 00:00:00+00:00,18.049999237060547,18.049999237060547,18.049999237060547,18.049999237060547,0.0
2018-03-14 00:00:00+00:00,18.780000686645508,18.780000686645508,18.780000686645508,18.780000686645508,0.0
2018-03-15 00:00:00+00:00,18.209999084472656,18.209999084472656,18.209999084472656,18.209999084472656,0.0
2018-03-16 00:00:00+00:00,17.739999771118164,17.739999771118164,17.739999771118164,17.739999771118164,0.0
2018-03-19 00:00:00+00:00,19.3799991607666,19.3799991607666,19.3799991607666,19.3799991607666,0.0
2018-03-20 00:00:00+00:00,18.8799991607666,18.8799991607666,18.8799991607666,18.8799991607666,0.0
2018-03-21 00:00:00+00:00,18.709999084472656,18.709999084472656,18.709999084472656,18.709999084472656,0.0
2018-03-22 00:00:00+00:00,21.65999984741211,21.65999984741211,21.65999984741211,21.65999984741211,0.0
2018-03-23 00:00:00+00:00,22.790000915527344,22.790000915527344,22.790000915527344,22.790000915527344,0.0
2018-03-26 00:00:00+00:00,20.700000762939453,20.700000762939453,20.700000762939453,20.700000762939453,0.0
2018-03-27 00:00:00+00:00,21.940000534057617,21.940000534057617,21.940000534057617,21.940000534057617,0.0
2018-03-28 00:00:00+00:00,22.309999465942383,22.309999465942383,22.309999465942383,22.309999465942383,0.0
2018-03-29 00:00:00+00:00,20.549999237060547,20.549999237060547,20.549999237060547,20.549999237060547,0.0
2018-04-02 00:00:00+00:00,22.56999969482422,22.56999969482422,22.56999969482422,22.56999969482422,0.0
2018-04-03 00:00:00+00:00,21.020000457763672,21.020000457763672,21.020000457763672,21.020000457763672,0.0
2018-04-04 00:00:00+00:00,20.420000076293945,20.420000076293945,20.420000076293945,20.420000076293945,0.0
2018-04-05 00:00:00+00:00,19.610000610351562,19.610000610351562,19.610000610351562,19.610000610351562,0.0
2018-04-06 00:00:00+00:00,21.200000762939453,21.200000762939453,21.200000762939453,21.200000762939453,0.0
2018-04-09 00:00:00+00:00,21.229999542236328,21.229999542236328,21.229999542236328,21.229999542236328,0.0
2018-04-10 00:00:00+00:00,20.399999618530273,20.399999618530273,20.399999618530273,20.399999618530273,0.0
2018-04-11 00:00:00+00:00,20.3700008392334,20.3700008392334,20.3700008392334,20.3700008392334,0.0
2018-04-12 00:00:00+00:00,19.280000686645508,19.280000686645508,19.280000686645508,19.280000686645508,0.0
2018-04-13 00:00:00+00:00,18.549999237060547,18.549999237060547,18.549999237060547,18.549999237060547,0.0
2018-04-16 00:00:00+00:00,17.81999969482422,17.81999969482422,17.81999969482422,17.81999969482422,0.0
2018-04-17 00:00:00+00:00,16.799999237060547,16.799999237060547,16.799999237060547,16.799999237060547,0.0
2018-04-18 00:00:00+00:00,16.799999237060547,16.799999237060547,16.799999237060547,16.799999237060547,0.0
2018-04-19 00:00:00+00:00,17.1200008392334,17.1200008392334,17.1200008392334,17.1200008392334,0.0
2018-04-20 00:00:00+00:00,17.719999313354492,17.719999313354492,17.719999313354492,17.719999313354492,0.0
2018-04-23 00:00:00+00:00,17.350000381469727,17.350000381469727,17.350000381469727,17.350000381469727,0.0
2018-04-24 00:00:00+00:00,18.229999542236328,18.229999542236328,18.229999542236328,18.229999542236328,0.0
2018-04-25 00:00:00+00:00,18.229999542236328,18.229999542236328,18.229999542236328,18.229999542236328,0.0
2018-04-26 00:00:00+00:00,17.290000915527344,17.290000915527344,17.290000915527344,17.290000915527344,0.0
2018-04-27 00:00:00+00:00,17.079999923706055,17.079999923706055,17.079999923706055,17.079999923706055,0.0
2018-04-30 00:00:00+00:00,17.34000015258789,17.34000015258789,17.34000015258789,17.34000015258789,0.0
2018-05-01 00:00:00+00:00,16.90999984741211,16.90999984741211,16.90999984741211,16.90999984741211,0.0
2018-05-02 00:00:00+00:00,17.260000228881836,17.260000228881836,17.260000228881836,17.260000228881836,0.0
2018-05-03 00:00:00+00:00,17.030000686645508,17.030000686645508,17.030000686645508,17.030000686645508,0.0
2018-05-04 00:00:00+00:00,16.649999618530273,16.649999618530273,16.649999618530273,16.649999618530273,0.0
2018-05-07 00:00:00+00:00,16.649999618530273,16.649999618530273,16.649999618530273,16.649999618530273,0.0
2018-05-08 00:00:00+00:00,16.479999542236328,16.479999542236328,16.479999542236328,16.479999542236328,0.0
2018-05-09 00:00:00+00:00,15.779999732971191,15.779999732971191,15.779999732971191,15.779999732971191,0.0
2018-05-10 00:00:00+00:00,15.239999771118164,15.239999771118164,15.239999771118164,15.239999771118164,0.0
2018-05-11 00:00:00+00:00,14.819999694824219,14.819999694824219,14.819999694824219,14.819999694824219,0.0
2018-05-14 00:00:00+00:00,14.529999732971191,14.529999732971191,14.529999732971191,14.529999732971191,0.0
2018-05-15 00:00:00+00:00,15.789999961853027,15.789999961853027,15.789999961853027,15.789999961853027,0.0
2018-05-16 00:00:00+00:00,15.140000343322754,15.140000343322754,15.140000343322754,15.140000343322754,0.0
2018-05-17 00:00:00+00:00,15.020000457763672,15.020000457763672,15.020000457763672,15.020000457763672,0.0
2018-05-18 00:00:00+00:00,15.1899995803833,15.1899995803833,15.1899995803833,15.1899995803833,0.0
2018-05-21 00:00:00+00:00,14.6899995803833,14.6899995803833,14.6899995803833,14.6899995803833,0.0
2018-05-22 00:00:00+00:00,14.880000114440918,14.880000114440918,14.880000114440918,14.880000114440918,0.0
2018-05-23 00:00:00+00:00,14.479999542236328,14.479999542236328,14.479999542236328,14.479999542236328,0.0
2018-05-24 00:00:00+00:00,14.430000305175781,14.430000305175781,14.430000305175781,14.430000305175781,0.0
2018-05-25 00:00:00+00:00,14.829999923706055,14.829999923706055,14.829999923706055,14.829999923706055,0.0
2018-05-29 00:00:00+00:00,17.1299991607666,17.1299991607666,17.1299991607666,17.1299991607666,0.0
2018-05-30 00:00:00+00:00,16.0,16.0,16.0,16.0,0.0
2018-05-31 00:00:00+00:00,16.329999923706055,16.329999923706055,16.329999923706055,16.329999923706055,0.0
2018-06-01 00:00:00+00:00,15.270000457763672,15.270000457763672,15.270000457763672,15.270000457763672,0.0
2018-06-04 00:00:00+00:00,14.899999618530273,14.899999618530273,14.899999618530273,14.899999618530273,0.0
2018-06-05 00:00:00+00:00,14.720000267028809,14.720000267028809,14.720000267028809,14.720000267028809,0.0
2018-06-06 00:00:00+00:00,14.1899995803833,14.1899995803833,14.1899995803833,14.1899995803833,0.0
2018-06-07 00:00:00+00:00,14.430000305175781,14.430000305175781,14.430000305175781,14.430000305175781,0.0
2018-06-08 00:00:00+00:00,14.600000381469727,14.600000381469727,14.600000381469727,14.600000381469727,0.0
2018-06-11 00:00:00+00:00,14.550000190734863,14.550000190734863,14.550000190734863,14.550000190734863,0.0
2018-06-12 00:00:00+00:00,14.59000015258789,14.59000015258789,14.59000015258789,14.59000015258789,0.0
2018-06-13 00:00:00+00:00,14.920000076293945,14.920000076293945,14.920000076293945,14.920000076293945,0.0
2018-06-14 00:00:00+00:00,14.399999618530273,14.399999618530273,14.399999618530273,14.399999618530273,0.0
2018-06-15 00:00:00+00:00,14.420000076293945,14.420000076293945,14.420000076293945,14.420000076293945,0.0
2018-06-18 00:00:00+00:00,14.479999542236328,14.479999542236328,14.479999542236328,14.479999542236328,0.0
2018-06-19 00:00:00+00:00,15.170000076293945,15.170000076293945,15.170000076293945,15.170000076293945,0.0
2018-06-20 00:00:00+00:00,14.789999961853027,14.789999961853027,14.789999961853027,14.789999961853027,0.0
2018-06-21 00:00:00+00:00,15.869999885559082,15.869999885559082,15.869999885559082,15.869999885559082,0.0
2018-06-22 00:00:00+00:00,15.5,15.5,15.5,15.5,0.0
2018-06-25 00:00:00+00:00,17.520000457763672,17.520000457763672,17.520000457763672,17.520000457763672,0.0
2018-06-26 00:00:00+00:00,16.8700008392334,16.8700008392334,16.8700008392334,16.8700008392334,0.0
2018-06-27 00:00:00+00:00,18.049999237060547,18.049999237060547,18.049999237060547,18.049999237060547,0.0
2018-06-28 00:00:00+00:00,17.520000457763672,17.520000457763672,17.520000457763672,17.520000457763672,0.0
2018-06-29 00:00:00+00:00,17.139999389648438,17.139999389648438,17.139999389648438,17.139999389648438,0.0
2018-07-02 00:00:00+00:00,16.950000762939453,16.950000762939453,16.950000762939453,16.950000762939453,0.0
2018-07-03 00:00:00+00:00,17.350000381469727,17.350000381469727,17.350000381469727,17.350000381469727,0.0
2018-07-05 00:00:00+00:00,16.530000686645508,16.530000686645508,16.530000686645508,16.530000686645508,0.0
2018-07-06 00:00:00+00:00,15.710000038146973,15.710000038146973,15.710000038146973,15.710000038146973,0.0
2018-07-09 00:00:00+00:00,14.869999885559082,14.869999885559082,14.869999885559082,14.869999885559082,0.0
2018-07-10 00:00:00+00:00,14.710000038146973,14.710000038146973,14.710000038146973,14.710000038146973,0.0
2018-07-11 00:00:00+00:00,15.380000114440918,15.380000114440918,15.380000114440918,15.380000114440918,0.0
2018-07-12 00:00:00+00:00,14.760000228881836,14.760000228881836,14.760000228881836,14.760000228881836,0.0
2018-07-13 00:00:00+00:00,14.539999961853027,14.539999961853027,14.539999961853027,14.539999961853027,0.0
2018-07-16 00:00:00+00:00,14.850000381469727,14.850000381469727,14.850000381469727,14.850000381469727,0.0
2018-07-17 00:00:00+00:00,14.399999618530273,14.399999618530273,14.399999618530273,14.399999618530273,0.0
2018-07-18 00:00:00+00:00,14.390000343322754,14.390000343322754,14.390000343322754,14.390000343322754,0.0
2018-07-19 00:00:00+00:00,14.970000267028809,14.970000267028809,14.970000267028809,14.970000267028809,0.0
2018-07-20 00:00:00+00:00,15.079999923706055,15.079999923706055,15.079999923706055,15.079999923706055,0.0
2018-07-23 00:00:00+00:00,14.859999656677246,14.859999656677246,14.859999656677246,14.859999656677246,0.0
2018-07-24 00:00:00+00:00,14.699999809265137,14.699999809265137,14.699999809265137,14.699999809265137,0.0
2018-07-25 00:00:00+00:00,14.550000190734863,14.550000190734863,14.550000190734863,14.550000190734863,0.0
2018-07-26 00:00:00+00:00,14.399999618530273,14.399999618530273,14.399999618530273,14.399999618530273,0.0
2018-07-27 00:00:00+00:00,15.0,15.0,15.0,15.0,0.0
2018-07-30 00:00:00+00:00,15.65999984741211,15.65999984741211,15.65999984741211,15.65999984741211,0.0
2018-07-31 00:00:00+00:00,14.869999885559082,14.869999885559082,14.869999885559082,14.869999885559082,0.0
2018-08-01 00:00:00+00:00,15.220000267028809,15.220000267028809,15.220000267028809,15.220000267028809,0.0
2018-08-02 00:00:00+00:00,14.760000228881836,14.760000228881836,14.760000228881836,14.760000228881836,0.0
2018-08-03 00:00:00+00:00,14.489999771118164,14.489999771118164,14.489999771118164,14.489999771118164,0.0
2018-08-06 00:00:00+00:00,14.229999542236328,14.229999542236328,14.229999542236328,14.229999542236328,0.0
2018-08-07 00:00:00+00:00,13.930000305175781,13.930000305175781,13.930000305175781,13.930000305175781,0.0
2018-08-08 00:00:00+00:00,13.960000038146973,13.960000038146973,13.960000038146973,13.960000038146973,0.0
2018-08-09 00:00:00+00:00,14.130000114440918,14.130000114440918,14.130000114440918,14.130000114440918,0.0
2018-08-10 00:00:00+00:00,15.220000267028809,15.220000267028809,15.220000267028809,15.220000267028809,0.0
2018-08-13 00:00:00+00:00,16.209999084472656,16.209999084472656,16.209999084472656,16.209999084472656,0.0
2018-08-14 00:00:00+00:00,15.350000381469727,15.350000381469727,15.350000381469727,15.350000381469727,0.0
2018-08-15 00:00:00+00:00,16.190000534057617,16.190000534057617,16.190000534057617,16.190000534057617,0.0
2018-08-16 00:00:00+00:00,15.510000228881836,15.510000228881836,15.510000228881836,15.510000228881836,0.0
2018-08-17 00:00:00+00:00,15.170000076293945,15.170000076293945,15.170000076293945,15.170000076293945,0.0
2018-08-20 00:00:00+00:00,15.0,15.0,15.0,15.0,0.0
2018-08-21 00:00:00+00:00,15.1899995803833,15.1899995803833,15.1899995803833,15.1899995803833,0.0
2018-08-22 00:00:00+00:00,15.079999923706055,15.079999923706055,15.079999923706055,15.079999923706055,0.0
2018-08-23 00:00:00+00:00,15.0600004196167,15.0600004196167,15.0600004196167,15.0600004196167,0.0
2018-08-24 00:00:00+00:00,14.819999694824219,14.819999694824219,14.819999694824219,14.819999694824219,0.0
2018-08-27 00:00:00+00:00,14.789999961853027,14.789999961853027,14.789999961853027,14.789999961853027,0.0
2018-08-28 00:00:00+00:00,15.109999656677246,15.109999656677246,15.109999656677246,15.109999656677246,0.0
2018-08-29 00:00:00+00:00,14.949999809265137,14.949999809265137,14.949999809265137,14.949999809265137,0.0
2018-08-30 00:00:00+00:00,15.539999961853027,15.539999961853027,15.539999961853027,15.539999961853027,0.0
2018-08-31 00:00:00+00:00,15.149999618530273,15.149999618530273,15.149999618530273,15.149999618530273,0.0
2018-09-04 00:00:00+00:00,15.449999809265137,15.449999809265137,15.449999809265137,15.449999809265137,0.0
2018-09-05 00:00:00+00:00,15.920000076293945,15.920000076293945,15.920000076293945,15.920000076293945,0.0
2018-09-06 00:00:00+00:00,16.34000015258789,16.34000015258789,16.34000015258789,16.34000015258789,0.0
2018-09-07 00:00:00+00:00,16.59000015258789,16.59000015258789,16.59000015258789,16.59000015258789,0.0
2018-09-10 00:00:00+00:00,16.170000076293945,16.170000076293945,16.170000076293945,16.170000076293945,0.0
2018-09-11 00:00:00+00:00,15.539999961853027,15.539999961853027,15.539999961853027,15.539999961853027,0.0
2018-09-12 00:00:00+00:00,15.319999694824219,15.319999694824219,15.319999694824219,15.319999694824219,0.0
2018-09-13 00:00:00+00:00,14.770000457763672,14.770000457763672,14.770000457763672,14.770000457763672,0.0
2018-09-14 00:00:00+00:00,14.369999885559082,14.369999885559082,14.369999885559082,14.369999885559082,0.0
2018-09-17 00:00:00+00:00,15.279999732971191,15.279999732971191,15.279999732971191,15.279999732971191,0.0
2018-09-18 00:00:00+00:00,15.039999961853027,15.039999961853027,15.039999961853027,15.039999961853027,0.0
2018-09-19 00:00:00+00:00,14.649999618530273,14.649999618530273,14.649999618530273,14.649999618530273,0.0
2018-09-20 00:00:00+00:00,14.510000228881836,14.510000228881836,14.510000228881836,14.510000228881836,0.0
2018-09-21 00:00:00+00:00,14.579999923706055,14.579999923706055,14.579999923706055,14.579999923706055,0.0
2018-09-24 00:00:00+00:00,14.770000457763672,14.770000457763672,14.770000457763672,14.770000457763672,0.0
2018-09-25 00:00:00+00:00,14.920000076293945,14.920000076293945,14.920000076293945,14.920000076293945,0.0
2018-09-26 00:00:00+00:00,15.149999618530273,15.149999618530273,15.149999618530273,15.149999618530273,0.0
2018-09-27 00:00:00+00:00,14.890000343322754,14.890000343322754,14.890000343322754,14.890000343322754,0.0
2018-09-28 00:00:00+00:00,14.770000457763672,14.770000457763672,14.770000457763672,14.770000457763672,0.0
2018-10-01 00:00:00+00:00,14.739999771118164,14.739999771118164,14.739999771118164,14.739999771118164,0.0
2018-10-02 00:00:00+00:00,14.84000015258789,14.84000015258789,14.84000015258789,14.84000015258789,0.0
2018-10-03 00:00:00+00:00,14.680000305175781,14.680000305175781,14.680000305175781,14.680000305175781,0.0
2018-10-04 00:00:00+00:00,15.84000015258789,15.84000015258789,15.84000015258789,15.84000015258789,0.0
2018-10-05 00:00:00+00:00,16.25,16.25,16.25,16.25,0.0
2018-10-08 00:00:00+00:00,16.510000228881836,16.510000228881836,16.510000228881836,16.510000228881836,0.0
2018-10-09 00:00:00+00:00,16.6299991607666,16.6299991607666,16.6299991607666,16.6299991607666,0.0
2018-10-10 00:00:00+00:00,20.700000762939453,20.700000762939453,20.700000762939453,20.700000762939453,0.0
2018-10-11 00:00:00+00:00,21.559999465942383,21.559999465942383,21.559999465942383,21.559999465942383,0.0
2018-10-12 00:00:00+00:00,19.84000015258789,19.84000015258789,19.84000015258789,19.84000015258789,0.0
2018-10-15 00:00:00+00:00,20.290000915527344,20.290000915527344,20.290000915527344,20.290000915527344,0.0
2018-10-16 00:00:00+00:00,17.959999084472656,17.959999084472656,17.959999084472656,17.959999084472656,0.0
2018-10-17 00:00:00+00:00,18.100000381469727,18.100000381469727,18.100000381469727,18.100000381469727,0.0
2018-10-18 00:00:00+00:00,19.860000610351562,19.860000610351562,19.860000610351562,19.860000610351562,0.0
2018-10-19 00:00:00+00:00,19.84000015258789,19.84000015258789,19.84000015258789,19.84000015258789,0.0
2018-10-22 00:00:00+00:00,19.81999969482422,19.81999969482422,19.81999969482422,19.81999969482422,0.0
2018-10-23 00:00:00+00:00,20.280000686645508,20.280000686645508,20.280000686645508,20.280000686645508,0.0
2018-10-24 00:00:00+00:00,22.6200008392334,22.6200008392334,22.6200008392334,22.6200008392334,0.0
2018-10-25 00:00:00+00:00,22.440000534057617,22.440000534057617,22.440000534057617,22.440000534057617,0.0
2018-10-26 00:00:00+00:00,22.479999542236328,22.479999542236328,22.479999542236328,22.479999542236328,0.0
2018-10-29 00:00:00+00:00,23.059999465942383,23.059999465942383,23.059999465942383,23.059999465942383,0.0
2018-10-30 00:00:00+00:00,22.229999542236328,22.229999542236328,22.229999542236328,22.229999542236328,0.0
2018-10-31 00:00:00+00:00,21.149999618530273,21.149999618530273,21.149999618530273,21.149999618530273,0.0
2018-11-01 00:00:00+00:00,20.06999969482422,20.06999969482422,20.06999969482422,20.06999969482422,0.0
2018-11-02 00:00:00+00:00,20.299999237060547,20.299999237060547,20.299999237060547,20.299999237060547,0.0
2018-11-05 00:00:00+00:00,20.200000762939453,20.200000762939453,20.200000762939453,20.200000762939453,0.0
2018-11-06 00:00:00+00:00,19.579999923706055,19.579999923706055,19.579999923706055,19.579999923706055,0.0
2018-11-07 00:00:00+00:00,17.6200008392334,17.6200008392334,17.6200008392334,17.6200008392334,0.0
2018-11-08 00:00:00+00:00,17.68000030517578,17.68000030517578,17.68000030517578,17.68000030517578,0.0
2018-11-09 00:00:00+00:00,18.459999084472656,18.459999084472656,18.459999084472656,18.459999084472656,0.0
2018-11-12 00:00:00+00:00,20.229999542236328,20.229999542236328,20.229999542236328,20.229999542236328,0.0
2018-11-13 00:00:00+00:00,20.270000457763672,20.270000457763672,20.270000457763672,20.270000457763672,0.0
2018-11-14 00:00:00+00:00,21.219999313354492,21.219999313354492,21.219999313354492,21.219999313354492,0.0
2018-11-15 00:00:00+00:00,20.309999465942383,20.309999465942383,20.309999465942383,20.309999465942383,0.0
2018-11-16 00:00:00+00:00,19.350000381469727,19.350000381469727,19.350000381469727,19.350000381469727,0.0
2018-11-19 00:00:00+00:00,20.639999389648438,20.639999389648438,20.639999389648438,20.639999389648438,0.0
2018-11-20 00:00:00+00:00,22.270000457763672,22.270000457763672,22.270000457763672,22.270000457763672,0.0
2018-11-21 00:00:00+00:00,21.31999969482422,21.31999969482422,21.31999969482422,21.31999969482422,0.0
2018-11-23 00:00:00+00:00,21.75,21.75,21.75,21.75,0.0
2018-11-26 00:00:00+00:00,20.110000610351562,20.110000610351562,20.110000610351562,20.110000610351562,0.0
2018-11-27 00:00:00+00:00,19.940000534057617,19.940000534057617,19.940000534057617,19.940000534057617,0.0
2018-11-28 00:00:00+00:00,19.280000686645508,19.280000686645508,19.280000686645508,19.280000686645508,0.0
2018-11-29 00:00:00+00:00,19.59000015258789,19.59000015258789,19.59000015258789,19.59000015258789,0.0
2018-11-30 00:00:00+00:00,18.889999389648438,18.889999389648438,18.889999389648438,18.889999389648438,0.0
2018-12-03 00:00:00+00:00,17.950000762939453,17.950000762939453,17.950000762939453,17.950000762939453,0.0
2018-12-04 00:00:00+00:00,20.75,20.75,20.75,20.75,0.0
2018-12-06 00:00:00+00:00,21.059999465942383,21.059999465942383,21.059999465942383,21.059999465942383,0.0
2018-12-07 00:00:00+00:00,22.440000534057617,22.440000534057617,22.440000534057617,22.440000534057617,0.0
2018-12-10 00:00:00+00:00,22.010000228881836,22.010000228881836,22.010000228881836,22.010000228881836,0.0
2018-12-11 00:00:00+00:00,21.719999313354492,21.719999313354492,21.719999313354492,21.719999313354492,0.0
2018-12-12 00:00:00+00:00,21.59000015258789,21.59000015258789,21.59000015258789,21.59000015258789,0.0
2018-12-13 00:00:00+00:00,21.350000381469727,21.350000381469727,21.350000381469727,21.350000381469727,0.0
2018-12-14 00:00:00+00:00,21.959999084472656,21.959999084472656,21.959999084472656,21.959999084472656,0.0
2018-12-17 00:00:00+00:00,23.40999984741211,23.40999984741211,23.40999984741211,23.40999984741211,0.0
2018-12-18 00:00:00+00:00,23.899999618530273,23.899999618530273,23.899999618530273,23.899999618530273,0.0
2018-12-19 00:00:00+00:00,24.020000457763672,24.020000457763672,24.020000457763672,24.020000457763672,0.0
2018-12-20 00:00:00+00:00,25.239999771118164,25.239999771118164,25.239999771118164,25.239999771118164,0.0
2018-12-21 00:00:00+00:00,26.229999542236328,26.229999542236328,26.229999542236328,26.229999542236328,0.0
2018-12-24 00:00:00+00:00,28.84000015258789,28.84000015258789,28.84000015258789,28.84000015258789,0.0
2018-12-26 00:00:00+00:00,25.690000534057617,25.690000534057617,25.690000534057617,25.690000534057617,0.0
2018-12-27 00:00:00+00:00,25.889999389648438,25.889999389648438,25.889999389648438,25.889999389648438,0.0
2018-12-28 00:00:00+00:00,25.31999969482422,25.31999969482422,25.31999969482422,25.31999969482422,0.0
2018-12-31 00:00:00+00:00,23.729999542236328,23.729999542236328,23.729999542236328,23.729999542236328,0.0
2019-01-02 00:00:00+00:00,22.75,22.75,22.75,22.75,0.0
2019-01-03 00:00:00+00:00,24.110000610351562,24.110000610351562,24.110000610351562,24.110000610351562,0.0
2019-01-04 00:00:00+00:00,21.860000610351562,21.860000610351562,21.860000610351562,21.860000610351562,0.0
2019-01-07 00:00:00+00:00,21.6200008392334,21.6200008392334,21.6200008392334,21.6200008392334,0.0
2019-01-08 00:00:00+00:00,21.139999389648438,21.139999389648438,21.139999389648438,21.139999389648438,0.0
2019-01-09 00:00:00+00:00,20.690000534057617,20.690000534057617,20.690000534057617,20.690000534057617,0.0
2019-01-10 00:00:00+00:00,20.520000457763672,20.520000457763672,20.520000457763672,20.520000457763672,0.0
2019-01-11 00:00:00+00:00,19.739999771118164,19.739999771118164,19.739999771118164,19.739999771118164,0.0
2019-01-14 00:00:00+00:00,19.93000030517578,19.93000030517578,19.93000030517578,19.93000030517578,0.0
2019-01-15 00:00:00+00:00,19.239999771118164,19.239999771118164,19.239999771118164,19.239999771118164,0.0
2019-01-16 00:00:00+00:00,19.530000686645508,19.530000686645508,19.530000686645508,19.530000686645508,0.0
2019-01-17 00:00:00+00:00,19.170000076293945,19.170000076293945,19.170000076293945,19.170000076293945,0.0
2019-01-18 00:00:00+00:00,18.84000015258789,18.84000015258789,18.84000015258789,18.84000015258789,0.0
2019-01-22 00:00:00+00:00,20.690000534057617,20.690000534057617,20.690000534057617,20.690000534057617,0.0
2019-01-23 00:00:00+00:00,20.079999923706055,20.079999923706055,20.079999923706055,20.079999923706055,0.0
2019-01-24 00:00:00+00:00,19.670000076293945,19.670000076293945,19.670000076293945,19.670000076293945,0.0
2019-01-25 00:00:00+00:00,18.81999969482422,18.81999969482422,18.81999969482422,18.81999969482422,0.0
2019-01-28 00:00:00+00:00,19.579999923706055,19.579999923706055,19.579999923706055,19.579999923706055,0.0
2019-01-29 00:00:00+00:00,19.600000381469727,19.600000381469727,19.600000381469727,19.600000381469727,0.0
2019-01-30 00:00:00+00:00,18.68000030517578,18.68000030517578,18.68000030517578,18.68000030517578,0.0
2019-01-31 00:00:00+00:00,17.8799991607666,17.8799991607666,17.8799991607666,17.8799991607666,0.0
2019-02-01 00:00:00+00:00,17.59000015258789,17.59000015258789,17.59000015258789,17.59000015258789,0.0
2019-02-04 00:00:00+00:00,17.190000534057617,17.190000534057617,17.190000534057617,17.190000534057617,0.0
2019-02-05 00:00:00+00:00,17.06999969482422,17.06999969482422,17.06999969482422,17.06999969482422,0.0
2019-02-06 00:00:00+00:00,16.899999618530273,16.899999618530273,16.899999618530273,16.899999618530273,0.0
2019-02-07 00:00:00+00:00,17.520000457763672,17.520000457763672,17.520000457763672,17.520000457763672,0.0
2019-02-08 00:00:00+00:00,17.260000228881836,17.260000228881836,17.260000228881836,17.260000228881836,0.0
2019-02-11 00:00:00+00:00,17.219999313354492,17.219999313354492,17.219999313354492,17.219999313354492,0.0
2019-02-12 00:00:00+00:00,16.81999969482422,16.81999969482422,16.81999969482422,16.81999969482422,0.0
2019-02-13 00:00:00+00:00,16.959999084472656,16.959999084472656,16.959999084472656,16.959999084472656,0.0
2019-02-14 00:00:00+00:00,17.31999969482422,17.31999969482422,17.31999969482422,17.31999969482422,0.0
2019-02-15 00:00:00+00:00,16.479999542236328,16.479999542236328,16.479999542236328,16.479999542236328,0.0
2019-02-19 00:00:00+00:00,16.450000762939453,16.450000762939453,16.450000762939453,16.450000762939453,0.0
2019-02-20 00:00:00+00:00,15.819999694824219,15.819999694824219,15.819999694824219,15.819999694824219,0.0
2019-02-21 00:00:00+00:00,16.15999984741211,16.15999984741211,16.15999984741211,16.15999984741211,0.0
2019-02-22 00:00:00+00:00,15.460000038146973,15.460000038146973,15.460000038146973,15.460000038146973,0.0
2019-02-25 00:00:00+00:00,16.0,16.0,16.0,16.0,0.0
2019-02-26 00:00:00+00:00,16.299999237060547,16.299999237060547,16.299999237060547,16.299999237060547,0.0
2019-02-27 00:00:00+00:00,15.989999771118164,15.989999771118164,15.989999771118164,15.989999771118164,0.0
2019-02-28 00:00:00+00:00,16.100000381469727,16.100000381469727,16.100000381469727,16.100000381469727,0.0
2019-03-01 00:00:00+00:00,15.380000114440918,15.380000114440918,15.380000114440918,15.380000114440918,0.0
2019-03-04 00:00:00+00:00,16.030000686645508,16.030000686645508,16.030000686645508,16.030000686645508,0.0
2019-03-05 00:00:00+00:00,16.149999618530273,16.149999618530273,16.149999618530273,16.149999618530273,0.0
2019-03-06 00:00:00+00:00,16.739999771118164,16.739999771118164,16.739999771118164,16.739999771118164,0.0
2019-03-07 00:00:00+00:00,17.299999237060547,17.299999237060547,17.299999237060547,17.299999237060547,0.0
2019-03-08 00:00:00+00:00,17.110000610351562,17.110000610351562,17.110000610351562,17.110000610351562,0.0
2019-03-11 00:00:00+00:00,16.010000228881836,16.010000228881836,16.010000228881836,16.010000228881836,0.0
2019-03-12 00:00:00+00:00,15.649999618530273,15.649999618530273,15.649999618530273,15.649999618530273,0.0
2019-03-13 00:00:00+00:00,15.329999923706055,15.329999923706055,15.329999923706055,15.329999923706055,0.0
2019-03-14 00:00:00+00:00,15.300000190734863,15.300000190734863,15.300000190734863,15.300000190734863,0.0
2019-03-15 00:00:00+00:00,14.979999542236328,14.979999542236328,14.979999542236328,14.979999542236328,0.0
2019-03-18 00:00:00+00:00,15.239999771118164,15.239999771118164,15.239999771118164,15.239999771118164,0.0
2019-03-19 00:00:00+00:00,15.5600004196167,15.5600004196167,15.5600004196167,15.5600004196167,0.0
2019-03-20 00:00:00+00:00,15.789999961853027,15.789999961853027,15.789999961853027,15.789999961853027,0.0
2019-03-21 00:00:00+00:00,15.510000228881836,15.510000228881836,15.510000228881836,15.510000228881836,0.0
2019-03-22 00:00:00+00:00,17.3700008392334,17.3700008392334,17.3700008392334,17.3700008392334,0.0
2019-03-25 00:00:00+00:00,17.450000762939453,17.450000762939453,17.450000762939453,17.450000762939453,0.0
2019-03-26 00:00:00+00:00,16.450000762939453,16.450000762939453,16.450000762939453,16.450000762939453,0.0
2019-03-27 00:00:00+00:00,16.780000686645508,16.780000686645508,16.780000686645508,16.780000686645508,0.0
2019-03-28 00:00:00+00:00,16.299999237060547,16.299999237060547,16.299999237060547,16.299999237060547,0.0
2019-03-29 00:00:00+00:00,15.800000190734863,15.800000190734863,15.800000190734863,15.800000190734863,0.0
2019-04-01 00:00:00+00:00,15.460000038146973,15.460000038146973,15.460000038146973,15.460000038146973,0.0
2019-04-02 00:00:00+00:00,15.539999961853027,15.539999961853027,15.539999961853027,15.539999961853027,0.0
2019-04-03 00:00:00+00:00,15.630000114440918,15.630000114440918,15.630000114440918,15.630000114440918,0.0
2019-04-04 00:00:00+00:00,15.479999542236328,15.479999542236328,15.479999542236328,15.479999542236328,0.0
2019-04-05 00:00:00+00:00,15.0600004196167,15.0600004196167,15.0600004196167,15.0600004196167,0.0
2019-04-08 00:00:00+00:00,15.279999732971191,15.279999732971191,15.279999732971191,15.279999732971191,0.0
2019-04-09 00:00:00+00:00,15.989999771118164,15.989999771118164,15.989999771118164,15.989999771118164,0.0
2019-04-10 00:00:00+00:00,15.380000114440918,15.380000114440918,15.380000114440918,15.380000114440918,0.0
2019-04-11 00:00:00+00:00,15.25,15.25,15.25,15.25,0.0
2019-04-12 00:00:00+00:00,14.460000038146973,14.460000038146973,14.460000038146973,14.460000038146973,0.0
2019-04-15 00:00:00+00:00,14.529999732971191,14.529999732971191,14.529999732971191,14.529999732971191,0.0
2019-04-16 00:00:00+00:00,14.470000267028809,14.470000267028809,14.470000267028809,14.470000267028809,0.0
2019-04-17 00:00:00+00:00,14.819999694824219,14.819999694824219,14.819999694824219,14.819999694824219,0.0
2019-04-18 00:00:00+00:00,14.569999694824219,14.569999694824219,14.569999694824219,14.569999694824219,0.0
2019-04-22 00:00:00+00:00,14.720000267028809,14.720000267028809,14.720000267028809,14.720000267028809,0.0
2019-04-23 00:00:00+00:00,14.539999961853027,14.539999961853027,14.539999961853027,14.539999961853027,0.0
2019-04-24 00:00:00+00:00,15.039999961853027,15.039999961853027,15.039999961853027,15.039999961853027,0.0
2019-04-25 00:00:00+00:00,15.210000038146973,15.210000038146973,15.210000038146973,15.210000038146973,0.0
2019-04-26 00:00:00+00:00,14.890000343322754,14.890000343322754,14.890000343322754,14.890000343322754,0.0
2019-04-29 00:00:00+00:00,15.229999542236328,15.229999542236328,15.229999542236328,15.229999542236328,0.0
2019-04-30 00:00:00+00:00,15.229999542236328,15.229999542236328,15.229999542236328,15.229999542236328,0.0
2019-05-01 00:00:00+00:00,16.190000534057617,16.190000534057617,16.190000534057617,16.190000534057617,0.0
2019-05-02 00:00:00+00:00,16.030000686645508,16.030000686645508,16.030000686645508,16.030000686645508,0.0
2019-05-03 00:00:00+00:00,15.069999694824219,15.069999694824219,15.069999694824219,15.069999694824219,0.0
2019-05-06 00:00:00+00:00,16.399999618530273,16.399999618530273,16.399999618530273,16.399999618530273,0.0
2019-05-07 00:00:00+00:00,18.780000686645508,18.780000686645508,18.780000686645508,18.780000686645508,0.0
2019-05-08 00:00:00+00:00,18.75,18.75,18.75,18.75,0.0
2019-05-09 00:00:00+00:00,18.440000534057617,18.440000534057617,18.440000534057617,18.440000534057617,0.0
2019-05-10 00:00:00+00:00,16.899999618530273,16.899999618530273,16.899999618530273,16.899999618530273,0.0
2019-05-13 00:00:00+00:00,19.790000915527344,19.790000915527344,19.790000915527344,19.790000915527344,0.0
2019-05-14 00:00:00+00:00,18.290000915527344,18.290000915527344,18.290000915527344,18.290000915527344,0.0
2019-05-15 00:00:00+00:00,17.489999771118164,17.489999771118164,17.489999771118164,17.489999771118164,0.0
2019-05-16 00:00:00+00:00,16.739999771118164,16.739999771118164,16.739999771118164,16.739999771118164,0.0
2019-05-17 00:00:00+00:00,17.059999465942383,17.059999465942383,17.059999465942383,17.059999465942383,0.0
2019-05-20 00:00:00+00:00,17.290000915527344,17.290000915527344,17.290000915527344,17.290000915527344,0.0
2019-05-21 00:00:00+00:00,16.420000076293945,16.420000076293945,16.420000076293945,16.420000076293945,0.0
2019-05-22 00:00:00+00:00,16.420000076293945,16.420000076293945,16.420000076293945,16.420000076293945,0.0
2019-05-23 00:00:00+00:00,17.690000534057617,17.690000534057617,17.690000534057617,17.690000534057617,0.0
2019-05-24 00:00:00+00:00,17.09000015258789,17.09000015258789,17.09000015258789,17.09000015258789,0.0
2019-05-28 00:00:00+00:00,17.899999618530273,17.899999618530273,17.899999618530273,17.899999618530273,0.0
2019-05-29 00:00:00+00:00,18.239999771118164,18.239999771118164,18.239999771118164,18.239999771118164,0.0
2019-05-30 00:00:00+00:00,17.959999084472656,17.959999084472656,17.959999084472656,17.959999084472656,0.0
2019-05-31 00:00:00+00:00,18.829999923706055,18.829999923706055,18.829999923706055,18.829999923706055,0.0
2019-06-03 00:00:00+00:00,18.770000457763672,18.770000457763672,18.770000457763672,18.770000457763672,0.0
2019-06-04 00:00:00+00:00,17.59000015258789,17.59000015258789,17.59000015258789,17.59000015258789,0.0
2019-06-05 00:00:00+00:00,17.1299991607666,17.1299991607666,17.1299991607666,17.1299991607666,0.0
2019-06-06 00:00:00+00:00,16.920000076293945,16.920000076293945,16.920000076293945,16.920000076293945,0.0
2019-06-07 00:00:00+00:00,17.149999618530273,17.149999618530273,17.149999618530273,17.149999618530273,0.0
2019-06-10 00:00:00+00:00,16.8799991607666,16.8799991607666,16.8799991607666,16.8799991607666,0.0
2019-06-11 00:00:00+00:00,16.989999771118164,16.989999771118164,16.989999771118164,16.989999771118164,0.0
2019-06-12 00:00:00+00:00,17.049999237060547,17.049999237060547,17.049999237060547,17.049999237060547,0.0
2019-06-13 00:00:00+00:00,16.860000610351562,16.860000610351562,16.860000610351562,16.860000610351562,0.0
2019-06-14 00:00:00+00:00,16.600000381469727,16.600000381469727,16.600000381469727,16.600000381469727,0.0
2019-06-17 00:00:00+00:00,16.610000610351562,16.610000610351562,16.610000610351562,16.610000610351562,0.0
2019-06-18 00:00:00+00:00,16.5,16.5,16.5,16.5,0.0
2019-06-19 00:00:00+00:00,16.100000381469727,16.100000381469727,16.100000381469727,16.100000381469727,0.0
2019-06-20 00:00:00+00:00,16.139999389648438,16.139999389648438,16.139999389648438,16.139999389648438,0.0
2019-06-21 00:00:00+00:00,16.670000076293945,16.670000076293945,16.670000076293945,16.670000076293945,0.0
2019-06-24 00:00:00+00:00,16.469999313354492,16.469999313354492,16.469999313354492,16.469999313354492,0.0
2019-06-25 00:00:00+00:00,17.1200008392334,17.1200008392334,17.1200008392334,17.1200008392334,0.0
2019-06-26 00:00:00+00:00,17.049999237060547,17.049999237060547,17.049999237060547,17.049999237060547,0.0
2019-06-27 00:00:00+00:00,16.760000228881836,16.760000228881836,16.760000228881836,16.760000228881836,0.0
2019-06-28 00:00:00+00:00,16.059999465942383,16.059999465942383,16.059999465942383,16.059999465942383,0.0
2019-07-01 00:00:00+00:00,15.430000305175781,15.430000305175781,15.430000305175781,15.430000305175781,0.0
2019-07-02 00:00:00+00:00,14.720000267028809,14.720000267028809,14.720000267028809,14.720000267028809,0.0
2019-07-03 00:00:00+00:00,14.529999732971191,14.529999732971191,14.529999732971191,14.529999732971191,0.0
2019-07-05 00:00:00+00:00,14.979999542236328,14.979999542236328,14.979999542236328,14.979999542236328,0.0
2019-07-08 00:00:00+00:00,15.479999542236328,15.479999542236328,15.479999542236328,15.479999542236328,0.0
2019-07-09 00:00:00+00:00,15.569999694824219,15.569999694824219,15.569999694824219,15.569999694824219,0.0
2019-07-10 00:00:00+00:00,15.1899995803833,15.1899995803833,15.1899995803833,15.1899995803833,0.0
2019-07-11 00:00:00+00:00,14.979999542236328,14.979999542236328,14.979999542236328,14.979999542236328,0.0
2019-07-12 00:00:00+00:00,14.800000190734863,14.800000190734863,14.800000190734863,14.800000190734863,0.0
2019-07-15 00:00:00+00:00,15.039999961853027,15.039999961853027,15.039999961853027,15.039999961853027,0.0
2019-07-16 00:00:00+00:00,15.220000267028809,15.220000267028809,15.220000267028809,15.220000267028809,0.0
2019-07-17 00:00:00+00:00,15.819999694824219,15.819999694824219,15.819999694824219,15.819999694824219,0.0
2019-07-18 00:00:00+00:00,15.539999961853027,15.539999961853027,15.539999961853027,15.539999961853027,0.0
2019-07-19 00:00:00+00:00,15.930000305175781,15.930000305175781,15.930000305175781,15.930000305175781,0.0
2019-07-22 00:00:00+00:00,15.470000267028809,15.470000267028809,15.470000267028809,15.470000267028809,0.0
2019-07-23 00:00:00+00:00,14.930000305175781,14.930000305175781,14.930000305175781,14.930000305175781,0.0
2019-07-24 00:00:00+00:00,14.5600004196167,14.5600004196167,14.5600004196167,14.5600004196167,0.0
2019-07-25 00:00:00+00:00,15.050000190734863,15.050000190734863,15.050000190734863,15.050000190734863,0.0
2019-07-26 00:00:00+00:00,14.6899995803833,14.6899995803833,14.6899995803833,14.6899995803833,0.0
2019-07-29 00:00:00+00:00,15.0,15.0,15.0,15.0,0.0
2019-07-30 00:00:00+00:00,15.699999809265137,15.699999809265137,15.699999809265137,15.699999809265137,0.0
2019-07-31 00:00:00+00:00,16.90999984741211,16.90999984741211,16.90999984741211,16.90999984741211,0.0
2019-08-01 00:00:00+00:00,17.989999771118164,17.989999771118164,17.989999771118164,17.989999771118164,0.0
2019-08-02 00:00:00+00:00,17.889999389648438,17.889999389648438,17.889999389648438,17.889999389648438,0.0
2019-08-05 00:00:00+00:00,21.899999618530273,21.899999618530273,21.899999618530273,21.899999618530273,0.0
2019-08-06 00:00:00+00:00,19.690000534057617,19.690000534057617,19.690000534057617,19.690000534057617,0.0
2019-08-07 00:00:00+00:00,19.5,19.5,19.5,19.5,0.0
2019-08-08 00:00:00+00:00,17.860000610351562,17.860000610351562,17.860000610351562,17.860000610351562,0.0
2019-08-09 00:00:00+00:00,18.559999465942383,18.559999465942383,18.559999465942383,18.559999465942383,0.0
2019-08-12 00:00:00+00:00,20.5,20.5,20.5,20.5,0.0
2019-08-13 00:00:00+00:00,18.530000686645508,18.530000686645508,18.530000686645508,18.530000686645508,0.0
2019-08-14 00:00:00+00:00,21.299999237060547,21.299999237060547,21.299999237060547,21.299999237060547,0.0
2019-08-15 00:00:00+00:00,21.06999969482422,21.06999969482422,21.06999969482422,21.06999969482422,0.0
2019-08-16 00:00:00+00:00,19.700000762939453,19.700000762939453,19.700000762939453,19.700000762939453,0.0
2019-08-19 00:00:00+00:00,18.360000610351562,18.360000610351562,18.360000610351562,18.360000610351562,0.0
2019-08-20 00:00:00+00:00,18.8700008392334,18.8700008392334,18.8700008392334,18.8700008392334,0.0
2019-08-21 00:00:00+00:00,17.719999313354492,17.719999313354492,17.719999313354492,17.719999313354492,0.0
2019-08-22 00:00:00+00:00,18.229999542236328,18.229999542236328,18.229999542236328,18.229999542236328,0.0
2019-08-23 00:00:00+00:00,20.360000610351562,20.360000610351562,20.360000610351562,20.360000610351562,0.0
2019-08-26 00:00:00+00:00,19.81999969482422,19.81999969482422,19.81999969482422,19.81999969482422,0.0
2019-08-27 00:00:00+00:00,20.639999389648438,20.639999389648438,20.639999389648438,20.639999389648438,0.0
2019-08-28 00:00:00+00:00,20.049999237060547,20.049999237060547,20.049999237060547,20.049999237060547,0.0
2019-08-29 00:00:00+00:00,19.030000686645508,19.030000686645508,19.030000686645508,19.030000686645508,0.0
2019-08-30 00:00:00+00:00,19.540000915527344,19.540000915527344,19.540000915527344,19.540000915527344,0.0
2019-09-03 00:00:00+00:00,20.1200008392334,20.1200008392334,20.1200008392334,20.1200008392334,0.0
2019-09-04 00:00:00+00:00,18.809999465942383,18.809999465942383,18.809999465942383,18.809999465942383,0.0
2019-09-05 00:00:00+00:00,18.079999923706055,18.079999923706055,18.079999923706055,18.079999923706055,0.0
2019-09-06 00:00:00+00:00,17.459999084472656,17.459999084472656,17.459999084472656,17.459999084472656,0.0
2019-09-09 00:00:00+00:00,17.549999237060547,17.549999237060547,17.549999237060547,17.549999237060547,0.0
2019-09-10 00:00:00+00:00,17.40999984741211,17.40999984741211,17.40999984741211,17.40999984741211,0.0
2019-09-11 00:00:00+00:00,17.100000381469727,17.100000381469727,17.100000381469727,17.100000381469727,0.0
2019-09-12 00:00:00+00:00,16.809999465942383,16.809999465942383,16.809999465942383,16.809999465942383,0.0
2019-09-13 00:00:00+00:00,16.670000076293945,16.670000076293945,16.670000076293945,16.670000076293945,0.0
2019-09-16 00:00:00+00:00,17.200000762939453,17.200000762939453,17.200000762939453,17.200000762939453,0.0
2019-09-17 00:00:00+00:00,17.229999542236328,17.229999542236328,17.229999542236328,17.229999542236328,0.0
2019-09-18 00:00:00+00:00,16.860000610351562,16.860000610351562,16.860000610351562,16.860000610351562,0.0
2019-09-19 00:00:00+00:00,16.790000915527344,16.790000915527344,16.790000915527344,16.790000915527344,0.0
2019-09-20 00:00:00+00:00,17.709999084472656,17.709999084472656,17.709999084472656,17.709999084472656,0.0
2019-09-23 00:00:00+00:00,17.8700008392334,17.8700008392334,17.8700008392334,17.8700008392334,0.0
2019-09-24 00:00:00+00:00,18.549999237060547,18.549999237060547,18.549999237060547,18.549999237060547,0.0
2019-09-25 00:00:00+00:00,18.0,18.0,18.0,18.0,0.0
2019-09-26 00:00:00+00:00,18.1200008392334,18.1200008392334,18.1200008392334,18.1200008392334,0.0
2019-09-27 00:00:00+00:00,18.75,18.75,18.75,18.75,0.0
2019-09-30 00:00:00+00:00,17.959999084472656,17.959999084472656,17.959999084472656,17.959999084472656,0.0
2019-10-01 00:00:00+00:00,19.350000381469727,19.350000381469727,19.350000381469727,19.350000381469727,0.0
2019-10-02 00:00:00+00:00,20.739999771118164,20.739999771118164,20.739999771118164,20.739999771118164,0.0
2019-10-03 00:00:00+00:00,19.780000686645508,19.780000686645508,19.780000686645508,19.780000686645508,0.0
2019-10-04 00:00:00+00:00,18.59000015258789,18.59000015258789,18.59000015258789,18.59000015258789,0.0
2019-10-07 00:00:00+00:00,18.90999984741211,18.90999984741211,18.90999984741211,18.90999984741211,0.0
2019-10-08 00:00:00+00:00,20.389999389648438,20.389999389648438,20.389999389648438,20.389999389648438,0.0
2019-10-09 00:00:00+00:00,19.510000228881836,19.510000228881836,19.510000228881836,19.510000228881836,0.0
2019-10-10 00:00:00+00:00,18.790000915527344,18.790000915527344,18.790000915527344,18.790000915527344,0.0
2019-10-11 00:00:00+00:00,17.549999237060547,17.549999237060547,17.549999237060547,17.549999237060547,0.0
2019-10-14 00:00:00+00:00,17.1200008392334,17.1200008392334,17.1200008392334,17.1200008392334,0.0
2019-10-15 00:00:00+00:00,16.479999542236328,16.479999542236328,16.479999542236328,16.479999542236328,0.0
2019-10-16 00:00:00+00:00,16.479999542236328,16.479999542236328,16.479999542236328,16.479999542236328,0.0
2019-10-17 00:00:00+00:00,16.440000534057617,16.440000534057617,16.440000534057617,16.440000534057617,0.0
2019-10-18 00:00:00+00:00,16.649999618530273,16.649999618530273,16.649999618530273,16.649999618530273,0.0
2019-10-21 00:00:00+00:00,16.280000686645508,16.280000686645508,16.280000686645508,16.280000686645508,0.0
2019-10-22 00:00:00+00:00,16.549999237060547,16.549999237060547,16.549999237060547,16.549999237060547,0.0
2019-10-23 00:00:00+00:00,16.290000915527344,16.290000915527344,16.290000915527344,16.290000915527344,0.0
2019-10-24 00:00:00+00:00,16.25,16.25,16.25,16.25,0.0
2019-10-25 00:00:00+00:00,15.710000038146973,15.710000038146973,15.710000038146973,15.710000038146973,0.0
2019-10-28 00:00:00+00:00,15.989999771118164,15.989999771118164,15.989999771118164,15.989999771118164,0.0
2019-10-29 00:00:00+00:00,16.09000015258789,16.09000015258789,16.09000015258789,16.09000015258789,0.0
2019-10-30 00:00:00+00:00,15.6899995803833,15.6899995803833,15.6899995803833,15.6899995803833,0.0
2019-10-31 00:00:00+00:00,16.049999237060547,16.049999237060547,16.049999237060547,16.049999237060547,0.0
2019-11-01 00:00:00+00:00,15.420000076293945,15.420000076293945,15.420000076293945,15.420000076293945,0.0
2019-11-04 00:00:00+00:00,15.619999885559082,15.619999885559082,15.619999885559082,15.619999885559082,0.0
2019-11-05 00:00:00+00:00,15.90999984741211,15.90999984741211,15.90999984741211,15.90999984741211,0.0
2019-11-06 00:00:00+00:00,15.829999923706055,15.829999923706055,15.829999923706055,15.829999923706055,0.0
2019-11-07 00:00:00+00:00,15.800000190734863,15.800000190734863,15.800000190734863,15.800000190734863,0.0
2019-11-08 00:00:00+00:00,15.529999732971191,15.529999732971191,15.529999732971191,15.529999732971191,0.0
2019-11-11 00:00:00+00:00,15.600000381469727,15.600000381469727,15.600000381469727,15.600000381469727,0.0
2019-11-12 00:00:00+00:00,15.489999771118164,15.489999771118164,15.489999771118164,15.489999771118164,0.0
2019-11-13 00:00:00+00:00,15.619999885559082,15.619999885559082,15.619999885559082,15.619999885559082,0.0
2019-11-14 00:00:00+00:00,15.600000381469727,15.600000381469727,15.600000381469727,15.600000381469727,0.0
2019-11-15 00:00:00+00:00,14.989999771118164,14.989999771118164,14.989999771118164,14.989999771118164,0.0
2019-11-18 00:00:00+00:00,15.170000076293945,15.170000076293945,15.170000076293945,15.170000076293945,0.0
2019-11-19 00:00:00+00:00,15.5,15.5,15.5,15.5,0.0
2019-11-20 00:00:00+00:00,15.640000343322754,15.640000343322754,15.640000343322754,15.640000343322754,0.0
2019-11-21 00:00:00+00:00,15.819999694824219,15.819999694824219,15.819999694824219,15.819999694824219,0.0
2019-11-22 00:00:00+00:00,15.399999618530273,15.399999618530273,15.399999618530273,15.399999618530273,0.0
2019-11-25 00:00:00+00:00,14.989999771118164,14.989999771118164,14.989999771118164,14.989999771118164,0.0
2019-11-26 00:00:00+00:00,14.850000381469727,14.850000381469727,14.850000381469727,14.850000381469727,0.0
2019-11-27 00:00:00+00:00,14.960000038146973,14.960000038146973,14.960000038146973,14.960000038146973,0.0
2019-11-29 00:00:00+00:00,15.510000228881836,15.510000228881836,15.510000228881836,15.510000228881836,0.0
2019-12-02 00:00:00+00:00,16.84000015258789,16.84000015258789,16.84000015258789,16.84000015258789,0.0
2019-12-03 00:00:00+00:00,17.6299991607666,17.6299991607666,17.6299991607666,17.6299991607666,0.0
2019-12-04 00:00:00+00:00,16.979999542236328,16.979999542236328,16.979999542236328,16.979999542236328,0.0
2019-12-05 00:00:00+00:00,16.780000686645508,16.780000686645508,16.780000686645508,16.780000686645508,0.0
2019-12-06 00:00:00+00:00,16.209999084472656,16.209999084472656,16.209999084472656,16.209999084472656,0.0
2019-12-09 00:00:00+00:00,17.299999237060547,17.299999237060547,17.299999237060547,17.299999237060547,0.0
2019-12-10 00:00:00+00:00,17.1299991607666,17.1299991607666,17.1299991607666,17.1299991607666,0.0
2019-12-11 00:00:00+00:00,16.90999984741211,16.90999984741211,16.90999984741211,16.90999984741211,0.0
2019-12-12 00:00:00+00:00,16.09000015258789,16.09000015258789,16.09000015258789,16.09000015258789,0.0
2019-12-13 00:00:00+00:00,15.279999732971191,15.279999732971191,15.279999732971191,15.279999732971191,0.0
2019-12-16 00:00:00+00:00,14.979999542236328,14.979999542236328,14.979999542236328,14.979999542236328,0.0
2019-12-17 00:00:00+00:00,15.149999618530273,15.149999618530273,15.149999618530273,15.149999618530273,0.0
2019-12-18 00:00:00+00:00,15.199999809265137,15.199999809265137,15.199999809265137,15.199999809265137,0.0
2019-12-19 00:00:00+00:00,15.140000343322754,15.140000343322754,15.140000343322754,15.140000343322754,0.0
2019-12-20 00:00:00+00:00,15.319999694824219,15.319999694824219,15.319999694824219,15.319999694824219,0.0
2019-12-23 00:00:00+00:00,15.5,15.5,15.5,15.5,0.0
2019-12-24 00:00:00+00:00,15.520000457763672,15.520000457763672,15.520000457763672,15.520000457763672,0.0
2019-12-26 00:00:00+00:00,15.520000457763672,15.520000457763672,15.520000457763672,15.520000457763672,0.0
2019-12-27 00:00:00+00:00,15.949999809265137,15.949999809265137,15.949999809265137,15.949999809265137,0.0
2019-12-30 00:00:00+00:00,16.68000030517578,16.68000030517578,16.68000030517578,16.68000030517578,0.0
2019-12-31 00:00:00+00:00,15.869999885559082,15.869999885559082,15.869999885559082,15.869999885559082,0.0
2020-01-02 00:00:00+00:00,15.1899995803833,15.1899995803833,15.1899995803833,15.1899995803833,0.0
2020-01-03 00:00:00+00:00,16.010000228881836,16.010000228881836,16.010000228881836,16.010000228881836,0.0
2020-01-06 00:00:00+00:00,15.920000076293945,15.920000076293945,15.920000076293945,15.920000076293945,0.0
2020-01-07 00:00:00+00:00,15.859999656677246,15.859999656677246,15.859999656677246,15.859999656677246,0.0
2020-01-08 00:00:00+00:00,15.399999618530273,15.399999618530273,15.399999618530273,15.399999618530273,0.0
2020-01-09 00:00:00+00:00,14.949999809265137,14.949999809265137,14.949999809265137,14.949999809265137,0.0
2020-01-10 00:00:00+00:00,14.949999809265137,14.949999809265137,14.949999809265137,14.949999809265137,0.0
2020-01-13 00:00:00+00:00,14.640000343322754,14.640000343322754,14.640000343322754,14.640000343322754,0.0
2020-01-14 00:00:00+00:00,14.640000343322754,14.640000343322754,14.640000343322754,14.640000343322754,0.0
2020-01-15 00:00:00+00:00,14.630000114440918,14.630000114440918,14.630000114440918,14.630000114440918,0.0
2020-01-16 00:00:00+00:00,14.449999809265137,14.449999809265137,14.449999809265137,14.449999809265137,0.0
2020-01-17 00:00:00+00:00,14.40999984741211,14.40999984741211,14.40999984741211,14.40999984741211,0.0
2020-01-21 00:00:00+00:00,14.869999885559082,14.869999885559082,14.869999885559082,14.869999885559082,0.0
2020-01-22 00:00:00+00:00,14.979999542236328,14.979999542236328,14.979999542236328,14.979999542236328,0.0
2020-01-23 00:00:00+00:00,14.989999771118164,14.989999771118164,14.989999771118164,14.989999771118164,0.0
2020-01-24 00:00:00+00:00,16.06999969482422,16.06999969482422,16.06999969482422,16.06999969482422,0.0
2020-01-27 00:00:00+00:00,18.15999984741211,18.15999984741211,18.15999984741211,18.15999984741211,0.0
2020-01-28 00:00:00+00:00,17.030000686645508,17.030000686645508,17.030000686645508,17.030000686645508,0.0
2020-01-29 00:00:00+00:00,17.030000686645508,17.030000686645508,17.030000686645508,17.030000686645508,0.0
2020-01-30 00:00:00+00:00,16.59000015258789,16.59000015258789,16.59000015258789,16.59000015258789,0.0
2020-01-31 00:00:00+00:00,18.6299991607666,18.6299991607666,18.6299991607666,18.6299991607666,0.0
2020-02-03 00:00:00+00:00,18.040000915527344,18.040000915527344,18.040000915527344,18.040000915527344,0.0
2020-02-04 00:00:00+00:00,16.700000762939453,16.700000762939453,16.700000762939453,16.700000762939453,0.0
2020-02-05 00:00:00+00:00,16.110000610351562,16.110000610351562,16.110000610351562,16.110000610351562,0.0
2020-02-06 00:00:00+00:00,15.890000343322754,15.890000343322754,15.890000343322754,15.890000343322754,0.0
2020-02-07 00:00:00+00:00,16.290000915527344,16.290000915527344,16.290000915527344,16.290000915527344,0.0
2020-02-10 00:00:00+00:00,16.1299991607666,16.1299991607666,16.1299991607666,16.1299991607666,0.0
2020-02-11 00:00:00+00:00,16.139999389648438,16.139999389648438,16.139999389648438,16.139999389648438,0.0
2020-02-12 00:00:00+00:00,15.359999656677246,15.359999656677246,15.359999656677246,15.359999656677246,0.0
2020-02-13 00:00:00+00:00,15.680000305175781,15.680000305175781,15.680000305175781,15.680000305175781,0.0
2020-02-14 00:00:00+00:00,15.5,15.5,15.5,15.5,0.0
2020-02-18 00:00:00+00:00,16.100000381469727,16.100000381469727,16.100000381469727,16.100000381469727,0.0
2020-02-19 00:00:00+00:00,15.819999694824219,15.819999694824219,15.819999694824219,15.819999694824219,0.0
2020-02-20 00:00:00+00:00,16.600000381469727,16.600000381469727,16.600000381469727,16.600000381469727,0.0
2020-02-21 00:00:00+00:00,17.610000610351562,17.610000610351562,17.610000610351562,17.610000610351562,0.0
2020-02-24 00:00:00+00:00,21.920000076293945,21.920000076293945,21.920000076293945,21.920000076293945,0.0
2020-02-25 00:00:00+00:00,23.860000610351562,23.860000610351562,23.860000610351562,23.860000610351562,0.0
2020-02-26 00:00:00+00:00,23.700000762939453,23.700000762939453,23.700000762939453,23.700000762939453,0.0
2020-02-27 00:00:00+00:00,29.920000076293945,29.920000076293945,29.920000076293945,29.920000076293945,0.0
2020-02-28 00:00:00+00:00,29.850000381469727,29.850000381469727,29.850000381469727,29.850000381469727,0.0
2020-03-02 00:00:00+00:00,27.700000762939453,27.700000762939453,27.700000762939453,27.700000762939453,0.0
2020-03-03 00:00:00+00:00,30.170000076293945,30.170000076293945,30.170000076293945,30.170000076293945,0.0
2020-03-04 00:00:00+00:00,27.510000228881836,27.510000228881836,27.510000228881836,27.510000228881836,0.0
2020-03-05 00:00:00+00:00,32.56999969482422,32.56999969482422,32.56999969482422,32.56999969482422,0.0
2020-03-06 00:00:00+00:00,35.459999084472656,35.459999084472656,35.459999084472656,35.459999084472656,0.0
2020-03-09 00:00:00+00:00,43.04999923706055,43.04999923706055,43.04999923706055,43.04999923706055,0.0
2020-03-10 00:00:00+00:00,39.439998626708984,39.439998626708984,39.439998626708984,39.439998626708984,0.0
2020-03-11 00:00:00+00:00,44.369998931884766,44.369998931884766,44.369998931884766,44.369998931884766,0.0
2020-03-12 00:00:00+00:00,57.2400016784668,57.2400016784668,57.2400016784668,57.2400016784668,0.0
2020-03-13 00:00:00+00:00,48.310001373291016,48.310001373291016,48.310001373291016,48.310001373291016,0.0
2020-03-16 00:00:00+00:00,67.69999694824219,67.69999694824219,67.69999694824219,67.69999694824219,0.0
2020-03-17 00:00:00+00:00,65.2699966430664,65.2699966430664,65.2699966430664,65.2699966430664,0.0
2020-03-18 00:00:00+00:00,72.9800033569336,72.9800033569336,72.9800033569336,72.9800033569336,0.0
2020-03-19 00:00:00+00:00,69.47000122070312,69.47000122070312,69.47000122070312,69.47000122070312,0.0
2020-03-20 00:00:00+00:00,65.58999633789062,65.58999633789062,65.58999633789062,65.58999633789062,0.0
2020-03-23 00:00:00+00:00,56.63999938964844,56.63999938964844,56.63999938964844,56.63999938964844,0.0
2020-03-24 00:00:00+00:00,52.11000061035156,52.11000061035156,52.11000061035156,52.11000061035156,0.0
2020-03-25 00:00:00+00:00,53.849998474121094,53.849998474121094,53.849998474121094,53.849998474121094,0.0
2020-03-26 00:00:00+00:00,49.790000915527344,49.790000915527344,49.790000915527344,49.790000915527344,0.0
2020-03-27 00:00:00+00:00,55.75,55.75,55.75,55.75,0.0
2020-03-30 00:00:00+00:00,51.2599983215332,51.2599983215332,51.2599983215332,51.2599983215332,0.0
2020-03-31 00:00:00+00:00,48.31999969482422,48.31999969482422,48.31999969482422,48.31999969482422,0.0
2020-04-01 00:00:00+00:00,51.16999816894531,51.16999816894531,51.16999816894531,51.16999816894531,0.0
2020-04-02 00:00:00+00:00,47.29999923706055,47.29999923706055,47.29999923706055,47.29999923706055,0.0
2020-04-03 00:00:00+00:00,44.84000015258789,44.84000015258789,44.84000015258789,44.84000015258789,0.0
2020-04-06 00:00:00+00:00,43.09000015258789,43.09000015258789,43.09000015258789,43.09000015258789,0.0
2020-04-07 00:00:00+00:00,43.41999816894531,43.41999816894531,43.41999816894531,43.41999816894531,0.0
2020-04-08 00:00:00+00:00,41.59000015258789,41.59000015258789,41.59000015258789,41.59000015258789,0.0
2020-04-09 00:00:00+00:00,40.61000061035156,40.61000061035156,40.61000061035156,40.61000061035156,0.0
2020-04-13 00:00:00+00:00,39.970001220703125,39.970001220703125,39.970001220703125,39.970001220703125,0.0
2020-04-14 00:00:00+00:00,36.459999084472656,36.459999084472656,36.459999084472656,36.459999084472656,0.0
2020-04-15 00:00:00+00:00,39.279998779296875,39.279998779296875,39.279998779296875,39.279998779296875,0.0
2020-04-16 00:00:00+00:00,39.209999084472656,39.209999084472656,39.209999084472656,39.209999084472656,0.0
2020-04-17 00:00:00+00:00,37.279998779296875,37.279998779296875,37.279998779296875,37.279998779296875,0.0
2020-04-20 00:00:00+00:00,40.970001220703125,40.970001220703125,40.970001220703125,40.970001220703125,0.0
2020-04-21 00:00:00+00:00,43.279998779296875,43.279998779296875,43.279998779296875,43.279998779296875,0.0
2020-04-22 00:00:00+00:00,40.91999816894531,40.91999816894531,40.91999816894531,40.91999816894531,0.0
2020-04-23 00:00:00+00:00,40.86000061035156,40.86000061035156,40.86000061035156,40.86000061035156,0.0
2020-04-24 00:00:00+00:00,37.810001373291016,37.810001373291016,37.810001373291016,37.810001373291016,0.0
2020-04-27 00:00:00+00:00,35.33000183105469,35.33000183105469,35.33000183105469,35.33000183105469,0.0
2020-04-28 00:00:00+00:00,35.369998931884766,35.369998931884766,35.369998931884766,35.369998931884766,0.0
2020-04-29 00:00:00+00:00,33.33000183105469,33.33000183105469,33.33000183105469,33.33000183105469,0.0
2020-04-30 00:00:00+00:00,35.04999923706055,35.04999923706055,35.04999923706055,35.04999923706055,0.0
2020-05-01 00:00:00+00:00,37.970001220703125,37.970001220703125,37.970001220703125,37.970001220703125,0.0
2020-05-04 00:00:00+00:00,37.0,37.0,37.0,37.0,0.0
2020-05-05 00:00:00+00:00,35.52000045776367,35.52000045776367,35.52000045776367,35.52000045776367,0.0
2020-05-06 00:00:00+00:00,35.68000030517578,35.68000030517578,35.68000030517578,35.68000030517578,0.0
2020-05-07 00:00:00+00:00,34.0099983215332,34.0099983215332,34.0099983215332,34.0099983215332,0.0
2020-05-08 00:00:00+00:00,31.639999389648438,31.639999389648438,31.639999389648438,31.639999389648438,0.0
2020-05-11 00:00:00+00:00,30.389999389648438,30.389999389648438,30.389999389648438,30.389999389648438,0.0
2020-05-12 00:00:00+00:00,34.2599983215332,34.2599983215332,34.2599983215332,34.2599983215332,0.0
2020-05-13 00:00:00+00:00,36.5099983215332,36.5099983215332,36.5099983215332,36.5099983215332,0.0
2020-05-14 00:00:00+00:00,34.900001525878906,34.900001525878906,34.900001525878906,34.900001525878906,0.0
2020-05-15 00:00:00+00:00,34.5099983215332,34.5099983215332,34.5099983215332,34.5099983215332,0.0
2020-05-18 00:00:00+00:00,31.770000457763672,31.770000457763672,31.770000457763672,31.770000457763672,0.0
2020-05-19 00:00:00+00:00,32.810001373291016,32.810001373291016,32.810001373291016,32.810001373291016,0.0
2020-05-20 00:00:00+00:00,31.110000610351562,31.110000610351562,31.110000610351562,31.110000610351562,0.0
2020-05-21 00:00:00+00:00,32.380001068115234,32.380001068115234,32.380001068115234,32.380001068115234,0.0
2020-05-22 00:00:00+00:00,31.540000915527344,31.540000915527344,31.540000915527344,31.540000915527344,0.0
2020-05-26 00:00:00+00:00,30.850000381469727,30.850000381469727,30.850000381469727,30.850000381469727,0.0
2020-05-27 00:00:00+00:00,30.190000534057617,30.190000534057617,30.190000534057617,30.190000534057617,0.0
2020-05-28 00:00:00+00:00,31.209999084472656,31.209999084472656,31.209999084472656,31.209999084472656,0.0
2020-05-29 00:00:00+00:00,30.270000457763672,30.270000457763672,30.270000457763672,30.270000457763672,0.0
2020-06-01 00:00:00+00:00,30.920000076293945,30.920000076293945,30.920000076293945,30.920000076293945,0.0
2020-06-02 00:00:00+00:00,29.93000030517578,29.93000030517578,29.93000030517578,29.93000030517578,0.0
2020-06-03 00:00:00+00:00,28.90999984741211,28.90999984741211,28.90999984741211,28.90999984741211,0.0
2020-06-04 00:00:00+00:00,28.850000381469727,28.850000381469727,28.850000381469727,28.850000381469727,0.0
2020-06-05 00:00:00+00:00,27.420000076293945,27.420000076293945,27.420000076293945,27.420000076293945,0.0
2020-06-08 00:00:00+00:00,28.079999923706055,28.079999923706055,28.079999923706055,28.079999923706055,0.0
2020-06-09 00:00:00+00:00,29.670000076293945,29.670000076293945,29.670000076293945,29.670000076293945,0.0
2020-06-10 00:00:00+00:00,29.56999969482422,29.56999969482422,29.56999969482422,29.56999969482422,0.0
2020-06-11 00:00:00+00:00,40.43000030517578,40.43000030517578,40.43000030517578,40.43000030517578,0.0
2020-06-12 00:00:00+00:00,38.04999923706055,38.04999923706055,38.04999923706055,38.04999923706055,0.0
2020-06-15 00:00:00+00:00,36.43000030517578,36.43000030517578,36.43000030517578,36.43000030517578,0.0
2020-06-16 00:00:00+00:00,35.79999923706055,35.79999923706055,35.79999923706055,35.79999923706055,0.0
2020-06-17 00:00:00+00:00,35.720001220703125,35.720001220703125,35.720001220703125,35.720001220703125,0.0
2020-06-18 00:00:00+00:00,35.13999938964844,35.13999938964844,35.13999938964844,35.13999938964844,0.0
2020-06-19 00:00:00+00:00,36.68000030517578,36.68000030517578,36.68000030517578,36.68000030517578,0.0
2020-06-22 00:00:00+00:00,33.75,33.75,33.75,33.75,0.0
2020-06-23 00:00:00+00:00,33.060001373291016,33.060001373291016,33.060001373291016,33.060001373291016,0.0
2020-06-24 00:00:00+00:00,35.38999938964844,35.38999938964844,35.38999938964844,35.38999938964844,0.0
2020-06-25 00:00:00+00:00,34.09000015258789,34.09000015258789,34.09000015258789,34.09000015258789,0.0
2020-06-26 00:00:00+00:00,35.79999923706055,35.79999923706055,35.79999923706055,35.79999923706055,0.0
2020-06-29 00:00:00+00:00,33.90999984741211,33.90999984741211,33.90999984741211,33.90999984741211,0.0
2020-06-30 00:00:00+00:00,32.52000045776367,32.52000045776367,32.52000045776367,32.52000045776367,0.0
2020-07-01 00:00:00+00:00,31.68000030517578,31.68000030517578,31.68000030517578,31.68000030517578,0.0
2020-07-02 00:00:00+00:00,30.8700008392334,30.8700008392334,30.8700008392334,30.8700008392334,0.0
2020-07-06 00:00:00+00:00,30.979999542236328,30.979999542236328,30.979999542236328,30.979999542236328,0.0
2020-07-07 00:00:00+00:00,32.06999969482422,32.06999969482422,32.06999969482422,32.06999969482422,0.0
2020-07-08 00:00:00+00:00,31.190000534057617,31.190000534057617,31.190000534057617,31.190000534057617,0.0
2020-07-09 00:00:00+00:00,32.060001373291016,32.060001373291016,32.060001373291016,32.060001373291016,0.0
2020-07-10 00:00:00+00:00,31.020000457763672,31.020000457763672,31.020000457763672,31.020000457763672,0.0
2020-07-13 00:00:00+00:00,34.540000915527344,34.540000915527344,34.540000915527344,34.540000915527344,0.0
2020-07-14 00:00:00+00:00,32.560001373291016,32.560001373291016,32.560001373291016,32.560001373291016,0.0
2020-07-15 00:00:00+00:00,31.559999465942383,31.559999465942383,31.559999465942383,31.559999465942383,0.0
2020-07-16 00:00:00+00:00,31.549999237060547,31.549999237060547,31.549999237060547,31.549999237060547,0.0
2020-07-17 00:00:00+00:00,30.3700008392334,30.3700008392334,30.3700008392334,30.3700008392334,0.0
2020-07-20 00:00:00+00:00,29.100000381469727,29.100000381469727,29.100000381469727,29.100000381469727,0.0
2020-07-21 00:00:00+00:00,29.469999313354492,29.469999313354492,29.469999313354492,29.469999313354492,0.0
2020-07-22 00:00:00+00:00,29.049999237060547,29.049999237060547,29.049999237060547,29.049999237060547,0.0
2020-07-23 00:00:00+00:00,30.25,30.25,30.25,30.25,0.0
2020-07-24 00:00:00+00:00,30.559999465942383,30.559999465942383,30.559999465942383,30.559999465942383,0.0
2020-07-27 00:00:00+00:00,30.0,30.0,30.0,30.0,0.0
2020-07-28 00:00:00+00:00,30.100000381469727,30.100000381469727,30.100000381469727,30.100000381469727,0.0
2020-07-29 00:00:00+00:00,29.290000915527344,29.290000915527344,29.290000915527344,29.290000915527344,0.0
2020-07-30 00:00:00+00:00,29.760000228881836,29.760000228881836,29.760000228881836,29.760000228881836,0.0
2020-07-31 00:00:00+00:00,29.709999084472656,29.709999084472656,29.709999084472656,29.709999084472656,0.0
2020-08-03 00:00:00+00:00,29.65999984741211,29.65999984741211,29.65999984741211,29.65999984741211,0.0
2020-08-04 00:00:00+00:00,29.09000015258789,29.09000015258789,29.09000015258789,29.09000015258789,0.0
2020-08-05 00:00:00+00:00,28.600000381469727,28.600000381469727,28.600000381469727,28.600000381469727,0.0
2020-08-06 00:00:00+00:00,28.200000762939453,28.200000762939453,28.200000762939453,28.200000762939453,0.0
2020-08-07 00:00:00+00:00,28.280000686645508,28.280000686645508,28.280000686645508,28.280000686645508,0.0
2020-08-10 00:00:00+00:00,28.049999237060547,28.049999237060547,28.049999237060547,28.049999237060547,0.0
2020-08-11 00:00:00+00:00,29.170000076293945,29.170000076293945,29.170000076293945,29.170000076293945,0.0
2020-08-12 00:00:00+00:00,28.1200008392334,28.1200008392334,28.1200008392334,28.1200008392334,0.0
2020-08-13 00:00:00+00:00,28.170000076293945,28.170000076293945,28.170000076293945,28.170000076293945,0.0
2020-08-14 00:00:00+00:00,28.3700008392334,28.3700008392334,28.3700008392334,28.3700008392334,0.0
2020-08-17 00:00:00+00:00,27.450000762939453,27.450000762939453,27.450000762939453,27.450000762939453,0.0
2020-08-18 00:00:00+00:00,27.350000381469727,27.350000381469727,27.350000381469727,27.350000381469727,0.0
2020-08-19 00:00:00+00:00,28.110000610351562,28.110000610351562,28.110000610351562,28.110000610351562,0.0
2020-08-20 00:00:00+00:00,28.1299991607666,28.1299991607666,28.1299991607666,28.1299991607666,0.0
2020-08-21 00:00:00+00:00,28.170000076293945,28.170000076293945,28.170000076293945,28.170000076293945,0.0
2020-08-24 00:00:00+00:00,28.100000381469727,28.100000381469727,28.100000381469727,28.100000381469727,0.0
2020-08-25 00:00:00+00:00,27.90999984741211,27.90999984741211,27.90999984741211,27.90999984741211,0.0
2020-08-26 00:00:00+00:00,28.700000762939453,28.700000762939453,28.700000762939453,28.700000762939453,0.0
2020-08-27 00:00:00+00:00,29.93000030517578,29.93000030517578,29.93000030517578,29.93000030517578,0.0
2020-08-28 00:00:00+00:00,29.6200008392334,29.6200008392334,29.6200008392334,29.6200008392334,0.0
2020-08-31 00:00:00+00:00,31.850000381469727,31.850000381469727,31.850000381469727,31.850000381469727,0.0
2020-09-01 00:00:00+00:00,32.099998474121094,32.099998474121094,32.099998474121094,32.099998474121094,0.0
2020-09-02 00:00:00+00:00,32.66999816894531,32.66999816894531,32.66999816894531,32.66999816894531,0.0
2020-09-03 00:00:00+00:00,37.630001068115234,37.630001068115234,37.630001068115234,37.630001068115234,0.0
2020-09-04 00:00:00+00:00,34.75,34.75,34.75,34.75,0.0
2020-09-08 00:00:00+00:00,34.310001373291016,34.310001373291016,34.310001373291016,34.310001373291016,0.0
2020-09-09 00:00:00+00:00,32.119998931884766,32.119998931884766,32.119998931884766,32.119998931884766,0.0
2020-09-10 00:00:00+00:00,32.91999816894531,32.91999816894531,32.91999816894531,32.91999816894531,0.0
2020-09-11 00:00:00+00:00,31.1299991607666,31.1299991607666,31.1299991607666,31.1299991607666,0.0
2020-09-14 00:00:00+00:00,30.479999542236328,30.479999542236328,30.479999542236328,30.479999542236328,0.0
2020-09-15 00:00:00+00:00,30.270000457763672,30.270000457763672,30.270000457763672,30.270000457763672,0.0
2020-09-16 00:00:00+00:00,30.56999969482422,30.56999969482422,30.56999969482422,30.56999969482422,0.0
2020-09-17 00:00:00+00:00,30.75,30.75,30.75,30.75,0.0
2020-09-18 00:00:00+00:00,30.459999084472656,30.459999084472656,30.459999084472656,30.459999084472656,0.0
2020-09-21 00:00:00+00:00,31.639999389648438,31.639999389648438,31.639999389648438,31.639999389648438,0.0
2020-09-22 00:00:00+00:00,31.670000076293945,31.670000076293945,31.670000076293945,31.670000076293945,0.0
2020-09-23 00:00:00+00:00,33.279998779296875,33.279998779296875,33.279998779296875,33.279998779296875,0.0
2020-09-24 00:00:00+00:00,33.060001373291016,33.060001373291016,33.060001373291016,33.060001373291016,0.0
2020-09-25 00:00:00+00:00,32.029998779296875,32.029998779296875,32.029998779296875,32.029998779296875,0.0
2020-09-28 00:00:00+00:00,31.739999771118164,31.739999771118164,31.739999771118164,31.739999771118164,0.0
2020-09-29 00:00:00+00:00,31.09000015258789,31.09000015258789,31.09000015258789,31.09000015258789,0.0
2020-09-30 00:00:00+00:00,31.639999389648438,31.639999389648438,31.639999389648438,31.639999389648438,0.0
2020-10-01 00:00:00+00:00,31.719999313354492,31.719999313354492,31.719999313354492,31.719999313354492,0.0
2020-10-02 00:00:00+00:00,32.38999938964844,32.38999938964844,32.38999938964844,32.38999938964844,0.0
2020-10-05 00:00:00+00:00,31.280000686645508,31.280000686645508,31.280000686645508,31.280000686645508,0.0
2020-10-06 00:00:00+00:00,31.8799991607666,31.8799991607666,31.8799991607666,31.8799991607666,0.0
2020-10-07 00:00:00+00:00,30.700000762939453,30.700000762939453,30.700000762939453,30.700000762939453,0.0
2020-10-08 00:00:00+00:00,29.489999771118164,29.489999771118164,29.489999771118164,29.489999771118164,0.0
2020-10-09 00:00:00+00:00,28.280000686645508,28.280000686645508,28.280000686645508,28.280000686645508,0.0
2020-10-12 00:00:00+00:00,27.979999542236328,27.979999542236328,27.979999542236328,27.979999542236328,0.0
2020-10-13 00:00:00+00:00,28.350000381469727,28.350000381469727,28.350000381469727,28.350000381469727,0.0
2020-10-14 00:00:00+00:00,28.239999771118164,28.239999771118164,28.239999771118164,28.239999771118164,0.0
2020-10-15 00:00:00+00:00,28.719999313354492,28.719999313354492,28.719999313354492,28.719999313354492,0.0
2020-10-16 00:00:00+00:00,29.209999084472656,29.209999084472656,29.209999084472656,29.209999084472656,0.0
2020-10-19 00:00:00+00:00,30.399999618530273,30.399999618530273,30.399999618530273,30.399999618530273,0.0
2020-10-20 00:00:00+00:00,30.110000610351562,30.110000610351562,30.110000610351562,30.110000610351562,0.0
2020-10-21 00:00:00+00:00,29.610000610351562,29.610000610351562,29.610000610351562,29.610000610351562,0.0
2020-10-22 00:00:00+00:00,29.299999237060547,29.299999237060547,29.299999237060547,29.299999237060547,0.0
2020-10-23 00:00:00+00:00,28.989999771118164,28.989999771118164,28.989999771118164,28.989999771118164,0.0
2020-10-26 00:00:00+00:00,32.06999969482422,32.06999969482422,32.06999969482422,32.06999969482422,0.0
2020-10-27 00:00:00+00:00,32.720001220703125,32.720001220703125,32.720001220703125,32.720001220703125,0.0
2020-10-28 00:00:00+00:00,37.75,37.75,37.75,37.75,0.0
2020-10-29 00:00:00+00:00,35.84000015258789,35.84000015258789,35.84000015258789,35.84000015258789,0.0
2020-10-30 00:00:00+00:00,36.27000045776367,36.27000045776367,36.27000045776367,36.27000045776367,0.0
2020-11-02 00:00:00+00:00,35.060001373291016,35.060001373291016,35.060001373291016,35.060001373291016,0.0
2020-11-03 00:00:00+00:00,33.52000045776367,33.52000045776367,33.52000045776367,33.52000045776367,0.0
2020-11-04 00:00:00+00:00,29.979999542236328,29.979999542236328,29.979999542236328,29.979999542236328,0.0
2020-11-05 00:00:00+00:00,29.049999237060547,29.049999237060547,29.049999237060547,29.049999237060547,0.0
2020-11-06 00:00:00+00:00,27.3700008392334,27.3700008392334,27.3700008392334,27.3700008392334,0.0
2020-11-09 00:00:00+00:00,26.8799991607666,26.8799991607666,26.8799991607666,26.8799991607666,0.0
2020-11-10 00:00:00+00:00,26.489999771118164,26.489999771118164,26.489999771118164,26.489999771118164,0.0
2020-11-11 00:00:00+00:00,25.6200008392334,25.6200008392334,25.6200008392334,25.6200008392334,0.0
2020-11-12 00:00:00+00:00,27.219999313354492,27.219999313354492,27.219999313354492,27.219999313354492,0.0
2020-11-13 00:00:00+00:00,25.690000534057617,25.690000534057617,25.690000534057617,25.690000534057617,0.0
2020-11-16 00:00:00+00:00,25.350000381469727,25.350000381469727,25.350000381469727,25.350000381469727,0.0
2020-11-17 00:00:00+00:00,25.3799991607666,25.3799991607666,25.3799991607666,25.3799991607666,0.0
2020-11-18 00:00:00+00:00,26.389999389648438,26.389999389648438,26.389999389648438,26.389999389648438,0.0
2020-11-19 00:00:00+00:00,25.799999237060547,25.799999237060547,25.799999237060547,25.799999237060547,0.0
2020-11-20 00:00:00+00:00,26.059999465942383,26.059999465942383,26.059999465942383,26.059999465942383,0.0
2020-11-23 00:00:00+00:00,25.43000030517578,25.43000030517578,25.43000030517578,25.43000030517578,0.0
2020-11-24 00:00:00+00:00,24.84000015258789,24.84000015258789,24.84000015258789,24.84000015258789,0.0
2020-11-25 00:00:00+00:00,24.420000076293945,24.420000076293945,24.420000076293945,24.420000076293945,0.0
2020-11-27 00:00:00+00:00,24.43000030517578,24.43000030517578,24.43000030517578,24.43000030517578,0.0
2020-11-30 00:00:00+00:00,24.329999923706055,24.329999923706055,24.329999923706055,24.329999923706055,0.0
2020-12-01 00:00:00+00:00,24.489999771118164,24.489999771118164,24.489999771118164,24.489999771118164,0.0
2020-12-02 00:00:00+00:00,24.540000915527344,24.540000915527344,24.540000915527344,24.540000915527344,0.0
2020-12-03 00:00:00+00:00,24.559999465942383,24.559999465942383,24.559999465942383,24.559999465942383,0.0
2020-12-04 00:00:00+00:00,24.290000915527344,24.290000915527344,24.290000915527344,24.290000915527344,0.0
2020-12-07 00:00:00+00:00,24.520000457763672,24.520000457763672,24.520000457763672,24.520000457763672,0.0
2020-12-08 00:00:00+00:00,23.8700008392334,23.8700008392334,23.8700008392334,23.8700008392334,0.0
2020-12-09 00:00:00+00:00,24.729999542236328,24.729999542236328,24.729999542236328,24.729999542236328,0.0
2020-12-10 00:00:00+00:00,25.049999237060547,25.049999237060547,25.049999237060547,25.049999237060547,0.0
2020-12-11 00:00:00+00:00,26.049999237060547,26.049999237060547,26.049999237060547,26.049999237060547,0.0
2020-12-14 00:00:00+00:00,27.110000610351562,27.110000610351562,27.110000610351562,27.110000610351562,0.0
2020-12-15 00:00:00+00:00,25.8700008392334,25.8700008392334,25.8700008392334,25.8700008392334,0.0
2020-12-16 00:00:00+00:00,25.469999313354492,25.469999313354492,25.469999313354492,25.469999313354492,0.0
2020-12-17 00:00:00+00:00,25.149999618530273,25.149999618530273,25.149999618530273,25.149999618530273,0.0
2020-12-18 00:00:00+00:00,25.170000076293945,25.170000076293945,25.170000076293945,25.170000076293945,0.0
2020-12-21 00:00:00+00:00,27.579999923706055,27.579999923706055,27.579999923706055,27.579999923706055,0.0
2020-12-22 00:00:00+00:00,27.25,27.25,27.25,27.25,0.0
2020-12-23 00:00:00+00:00,26.260000228881836,26.260000228881836,26.260000228881836,26.260000228881836,0.0
2020-12-24 00:00:00+00:00,25.3700008392334,25.3700008392334,25.3700008392334,25.3700008392334,0.0
2020-12-28 00:00:00+00:00,25.149999618530273,25.149999618530273,25.149999618530273,25.149999618530273,0.0
2020-12-29 00:00:00+00:00,26.239999771118164,26.239999771118164,26.239999771118164,26.239999771118164,0.0
2020-12-30 00:00:00+00:00,25.440000534057617,25.440000534057617,25.440000534057617,25.440000534057617,0.0
2020-12-31 00:00:00+00:00,25.280000686645508,25.280000686645508,25.280000686645508,25.280000686645508,0.0
2021-01-04 00:00:00+00:00,28.260000228881836,28.260000228881836,28.260000228881836,28.260000228881836,0.0
2021-01-05 00:00:00+00:00,27.25,27.25,27.25,27.25,0.0
2021-01-06 00:00:00+00:00,26.790000915527344,26.790000915527344,26.790000915527344,26.790000915527344,0.0
2021-01-07 00:00:00+00:00,25.020000457763672,25.020000457763672,25.020000457763672,25.020000457763672,0.0
2021-01-08 00:00:00+00:00,24.899999618530273,24.899999618530273,24.899999618530273,24.899999618530273,0.0
2021-01-11 00:00:00+00:00,26.700000762939453,26.700000762939453,26.700000762939453,26.700000762939453,0.0
2021-01-12 00:00:00+00:00,26.200000762939453,26.200000762939453,26.200000762939453,26.200000762939453,0.0
2021-01-13 00:00:00+00:00,25.549999237060547,25.549999237060547,25.549999237060547,25.549999237060547,0.0
2021-01-14 00:00:00+00:00,26.31999969482422,26.31999969482422,26.31999969482422,26.31999969482422,0.0
2021-01-15 00:00:00+00:00,27.260000228881836,27.260000228881836,27.260000228881836,27.260000228881836,0.0
2021-01-19 00:00:00+00:00,26.690000534057617,26.690000534057617,26.690000534057617,26.690000534057617,0.0
2021-01-20 00:00:00+00:00,25.719999313354492,25.719999313354492,25.719999313354492,25.719999313354492,0.0
2021-01-21 00:00:00+00:00,25.700000762939453,25.700000762939453,25.700000762939453,25.700000762939453,0.0
2021-01-22 00:00:00+00:00,25.989999771118164,25.989999771118164,25.989999771118164,25.989999771118164,0.0
2021-01-25 00:00:00+00:00,26.8799991607666,26.8799991607666,26.8799991607666,26.8799991607666,0.0
2021-01-26 00:00:00+00:00,26.889999389648438,26.889999389648438,26.889999389648438,26.889999389648438,0.0
2021-01-27 00:00:00+00:00,35.72999954223633,35.72999954223633,35.72999954223633,35.72999954223633,0.0
2021-01-28 00:00:00+00:00,31.770000457763672,31.770000457763672,31.770000457763672,31.770000457763672,0.0
2021-01-29 00:00:00+00:00,33.880001068115234,33.880001068115234,33.880001068115234,33.880001068115234,0.0
2021-02-01 00:00:00+00:00,32.529998779296875,32.529998779296875,32.529998779296875,32.529998779296875,0.0
2021-02-02 00:00:00+00:00,29.360000610351562,29.360000610351562,29.360000610351562,29.360000610351562,0.0
2021-02-03 00:00:00+00:00,27.56999969482422,27.56999969482422,27.56999969482422,27.56999969482422,0.0
2021-02-04 00:00:00+00:00,26.790000915527344,26.790000915527344,26.790000915527344,26.790000915527344,0.0
2021-02-05 00:00:00+00:00,26.520000457763672,26.520000457763672,26.520000457763672,26.520000457763672,0.0
2021-02-08 00:00:00+00:00,26.649999618530273,26.649999618530273,26.649999618530273,26.649999618530273,0.0
2021-02-09 00:00:00+00:00,27.110000610351562,27.110000610351562,27.110000610351562,27.110000610351562,0.0
2021-02-10 00:00:00+00:00,27.489999771118164,27.489999771118164,27.489999771118164,27.489999771118164,0.0
2021-02-11 00:00:00+00:00,27.219999313354492,27.219999313354492,27.219999313354492,27.219999313354492,0.0
2021-02-12 00:00:00+00:00,26.5,26.5,26.5,26.5,0.0
2021-02-16 00:00:00+00:00,27.549999237060547,27.549999237060547,27.549999237060547,27.549999237060547,0.0
2021-02-17 00:00:00+00:00,27.520000457763672,27.520000457763672,27.520000457763672,27.520000457763672,0.0
2021-02-18 00:00:00+00:00,27.860000610351562,27.860000610351562,27.860000610351562,27.860000610351562,0.0
2021-02-19 00:00:00+00:00,27.09000015258789,27.09000015258789,27.09000015258789,27.09000015258789,0.0
2021-02-22 00:00:00+00:00,27.809999465942383,27.809999465942383,27.809999465942383,27.809999465942383,0.0
2021-02-23 00:00:00+00:00,27.1200008392334,27.1200008392334,27.1200008392334,27.1200008392334,0.0
2021-02-24 00:00:00+00:00,25.889999389648438,25.889999389648438,25.889999389648438,25.889999389648438,0.0
2021-02-25 00:00:00+00:00,30.239999771118164,30.239999771118164,30.239999771118164,30.239999771118164,0.0
2021-02-26 00:00:00+00:00,29.600000381469727,29.600000381469727,29.600000381469727,29.600000381469727,0.0
2021-03-01 00:00:00+00:00,26.780000686645508,26.780000686645508,26.780000686645508,26.780000686645508,0.0
2021-03-02 00:00:00+00:00,27.15999984741211,27.15999984741211,27.15999984741211,27.15999984741211,0.0
2021-03-03 00:00:00+00:00,28.790000915527344,28.790000915527344,28.790000915527344,28.790000915527344,0.0
2021-03-04 00:00:00+00:00,30.079999923706055,30.079999923706055,30.079999923706055,30.079999923706055,0.0
2021-03-05 00:00:00+00:00,27.889999389648438,27.889999389648438,27.889999389648438,27.889999389648438,0.0
2021-03-08 00:00:00+00:00,28.1299991607666,28.1299991607666,28.1299991607666,28.1299991607666,0.0
2021-03-09 00:00:00+00:00,27.280000686645508,27.280000686645508,27.280000686645508,27.280000686645508,0.0
2021-03-10 00:00:00+00:00,26.68000030517578,26.68000030517578,26.68000030517578,26.68000030517578,0.0
2021-03-11 00:00:00+00:00,26.09000015258789,26.09000015258789,26.09000015258789,26.09000015258789,0.0
2021-03-12 00:00:00+00:00,25.739999771118164,25.739999771118164,25.739999771118164,25.739999771118164,0.0
2021-03-15 00:00:00+00:00,24.889999389648438,24.889999389648438,24.889999389648438,24.889999389648438,0.0
2021-03-16 00:00:00+00:00,24.709999084472656,24.709999084472656,24.709999084472656,24.709999084472656,0.0
2021-03-17 00:00:00+00:00,23.8799991607666,23.8799991607666,23.8799991607666,23.8799991607666,0.0
2021-03-18 00:00:00+00:00,25.280000686645508,25.280000686645508,25.280000686645508,25.280000686645508,0.0
2021-03-19 00:00:00+00:00,24.989999771118164,24.989999771118164,24.989999771118164,24.989999771118164,0.0
2021-03-22 00:00:00+00:00,22.940000534057617,22.940000534057617,22.940000534057617,22.940000534057617,0.0
2021-03-23 00:00:00+00:00,23.799999237060547,23.799999237060547,23.799999237060547,23.799999237060547,0.0
2021-03-24 00:00:00+00:00,24.399999618530273,24.399999618530273,24.399999618530273,24.399999618530273,0.0
2021-03-25 00:00:00+00:00,23.3700008392334,23.3700008392334,23.3700008392334,23.3700008392334,0.0
2021-03-26 00:00:00+00:00,22.31999969482422,22.31999969482422,22.31999969482422,22.31999969482422,0.0
2021-03-29 00:00:00+00:00,23.200000762939453,23.200000762939453,23.200000762939453,23.200000762939453,0.0
2021-03-30 00:00:00+00:00,22.309999465942383,22.309999465942383,22.309999465942383,22.309999465942383,0.0
2021-03-31 00:00:00+00:00,22.149999618530273,22.149999618530273,22.149999618530273,22.149999618530273,0.0
2021-04-01 00:00:00+00:00,20.969999313354492,20.969999313354492,20.969999313354492,20.969999313354492,0.0
2021-04-05 00:00:00+00:00,20.959999084472656,20.959999084472656,20.959999084472656,20.959999084472656,0.0
2021-04-06 00:00:00+00:00,21.15999984741211,21.15999984741211,21.15999984741211,21.15999984741211,0.0
2021-04-07 00:00:00+00:00,20.65999984741211,20.65999984741211,20.65999984741211,20.65999984741211,0.0
2021-04-08 00:00:00+00:00,20.59000015258789,20.59000015258789,20.59000015258789,20.59000015258789,0.0
2021-04-09 00:00:00+00:00,20.739999771118164,20.739999771118164,20.739999771118164,20.739999771118164,0.0
2021-04-12 00:00:00+00:00,20.81999969482422,20.81999969482422,20.81999969482422,20.81999969482422,0.0
2021-04-13 00:00:00+00:00,20.780000686645508,20.780000686645508,20.780000686645508,20.780000686645508,0.0
2021-04-14 00:00:00+00:00,21.059999465942383,21.059999465942383,21.059999465942383,21.059999465942383,0.0
2021-04-15 00:00:00+00:00,20.760000228881836,20.760000228881836,20.760000228881836,20.760000228881836,0.0
2021-04-16 00:00:00+00:00,20.530000686645508,20.530000686645508,20.530000686645508,20.530000686645508,0.0
2021-04-19 00:00:00+00:00,21.3700008392334,21.3700008392334,21.3700008392334,21.3700008392334,0.0
2021-04-20 00:00:00+00:00,22.350000381469727,22.350000381469727,22.350000381469727,22.350000381469727,0.0
2021-04-21 00:00:00+00:00,21.489999771118164,21.489999771118164,21.489999771118164,21.489999771118164,0.0
2021-04-22 00:00:00+00:00,22.520000457763672,22.520000457763672,22.520000457763672,22.520000457763672,0.0
2021-04-23 00:00:00+00:00,21.56999969482422,21.56999969482422,21.56999969482422,21.56999969482422,0.0
2021-04-26 00:00:00+00:00,21.540000915527344,21.540000915527344,21.540000915527344,21.540000915527344,0.0
2021-04-27 00:00:00+00:00,21.31999969482422,21.31999969482422,21.31999969482422,21.31999969482422,0.0
2021-04-28 00:00:00+00:00,21.1299991607666,21.1299991607666,21.1299991607666,21.1299991607666,0.0
2021-04-29 00:00:00+00:00,21.309999465942383,21.309999465942383,21.309999465942383,21.309999465942383,0.0
2021-04-30 00:00:00+00:00,22.06999969482422,22.06999969482422,22.06999969482422,22.06999969482422,0.0
2021-05-03 00:00:00+00:00,21.739999771118164,21.739999771118164,21.739999771118164,21.739999771118164,0.0
2021-05-04 00:00:00+00:00,22.670000076293945,22.670000076293945,22.670000076293945,22.670000076293945,0.0
2021-05-05 00:00:00+00:00,22.260000228881836,22.260000228881836,22.260000228881836,22.260000228881836,0.0
2021-05-06 00:00:00+00:00,21.8799991607666,21.8799991607666,21.8799991607666,21.8799991607666,0.0
2021-05-07 00:00:00+00:00,20.790000915527344,20.790000915527344,20.790000915527344,20.790000915527344,0.0
2021-05-10 00:00:00+00:00,22.399999618530273,22.399999618530273,22.399999618530273,22.399999618530273,0.0
2021-05-11 00:00:00+00:00,24.229999542236328,24.229999542236328,24.229999542236328,24.229999542236328,0.0
2021-05-12 00:00:00+00:00,28.18000030517578,28.18000030517578,28.18000030517578,28.18000030517578,0.0
2021-05-13 00:00:00+00:00,25.260000228881836,25.260000228881836,25.260000228881836,25.260000228881836,0.0
2021-05-14 00:00:00+00:00,22.260000228881836,22.260000228881836,22.260000228881836,22.260000228881836,0.0
2021-05-17 00:00:00+00:00,23.139999389648438,23.139999389648438,23.139999389648438,23.139999389648438,0.0
2021-05-18 00:00:00+00:00,24.219999313354492,24.219999313354492,24.219999313354492,24.219999313354492,0.0
2021-05-19 00:00:00+00:00,25.270000457763672,25.270000457763672,25.270000457763672,25.270000457763672,0.0
2021-05-20 00:00:00+00:00,23.809999465942383,23.809999465942383,23.809999465942383,23.809999465942383,0.0
2021-05-21 00:00:00+00:00,23.489999771118164,23.489999771118164,23.489999771118164,23.489999771118164,0.0
2021-05-24 00:00:00+00:00,22.229999542236328,22.229999542236328,22.229999542236328,22.229999542236328,0.0
2021-05-25 00:00:00+00:00,22.399999618530273,22.399999618530273,22.399999618530273,22.399999618530273,0.0
2021-05-26 00:00:00+00:00,21.299999237060547,21.299999237060547,21.299999237060547,21.299999237060547,0.0
2021-05-27 00:00:00+00:00,20.309999465942383,20.309999465942383,20.309999465942383,20.309999465942383,0.0
2021-05-28 00:00:00+00:00,20.479999542236328,20.479999542236328,20.479999542236328,20.479999542236328,0.0
2021-06-01 00:00:00+00:00,21.34000015258789,21.34000015258789,21.34000015258789,21.34000015258789,0.0
2021-06-02 00:00:00+00:00,21.420000076293945,21.420000076293945,21.420000076293945,21.420000076293945,0.0
2021-06-03 00:00:00+00:00,21.81999969482422,21.81999969482422,21.81999969482422,21.81999969482422,0.0
2021-06-04 00:00:00+00:00,20.6200008392334,20.6200008392334,20.6200008392334,20.6200008392334,0.0
2021-06-07 00:00:00+00:00,20.549999237060547,20.549999237060547,20.549999237060547,20.549999237060547,0.0
2021-06-08 00:00:00+00:00,20.850000381469727,20.850000381469727,20.850000381469727,20.850000381469727,0.0
2021-06-09 00:00:00+00:00,21.280000686645508,21.280000686645508,21.280000686645508,21.280000686645508,0.0
2021-06-10 00:00:00+00:00,20.079999923706055,20.079999923706055,20.079999923706055,20.079999923706055,0.0
2021-06-11 00:00:00+00:00,19.639999389648438,19.639999389648438,19.639999389648438,19.639999389648438,0.0
2021-06-14 00:00:00+00:00,20.139999389648438,20.139999389648438,20.139999389648438,20.139999389648438,0.0
2021-06-15 00:00:00+00:00,20.68000030517578,20.68000030517578,20.68000030517578,20.68000030517578,0.0
2021-06-16 00:00:00+00:00,21.260000228881836,21.260000228881836,21.260000228881836,21.260000228881836,0.0
2021-06-17 00:00:00+00:00,20.979999542236328,20.979999542236328,20.979999542236328,20.979999542236328,0.0
2021-06-18 00:00:00+00:00,22.93000030517578,22.93000030517578,22.93000030517578,22.93000030517578,0.0
2021-06-21 00:00:00+00:00,21.1200008392334,21.1200008392334,21.1200008392334,21.1200008392334,0.0
2021-06-22 00:00:00+00:00,20.06999969482422,20.06999969482422,20.06999969482422,20.06999969482422,0.0
2021-06-23 00:00:00+00:00,19.700000762939453,19.700000762939453,19.700000762939453,19.700000762939453,0.0
2021-06-24 00:00:00+00:00,19.260000228881836,19.260000228881836,19.260000228881836,19.260000228881836,0.0
2021-06-25 00:00:00+00:00,19.0,19.0,19.0,19.0,0.0
2021-06-28 00:00:00+00:00,19.020000457763672,19.020000457763672,19.020000457763672,19.020000457763672,0.0
2021-06-29 00:00:00+00:00,19.489999771118164,19.489999771118164,19.489999771118164,19.489999771118164,0.0
2021-06-30 00:00:00+00:00,19.510000228881836,19.510000228881836,19.510000228881836,19.510000228881836,0.0
2021-07-01 00:00:00+00:00,19.450000762939453,19.450000762939453,19.450000762939453,19.450000762939453,0.0
2021-07-02 00:00:00+00:00,19.299999237060547,19.299999237060547,19.299999237060547,19.299999237060547,0.0
2021-07-06 00:00:00+00:00,20.260000228881836,20.260000228881836,20.260000228881836,20.260000228881836,0.0
2021-07-07 00:00:00+00:00,20.40999984741211,20.40999984741211,20.40999984741211,20.40999984741211,0.0
2021-07-08 00:00:00+00:00,21.979999542236328,21.979999542236328,21.979999542236328,21.979999542236328,0.0
2021-07-09 00:00:00+00:00,20.440000534057617,20.440000534057617,20.440000534057617,20.440000534057617,0.0
2021-07-12 00:00:00+00:00,20.459999084472656,20.459999084472656,20.459999084472656,20.459999084472656,0.0
2021-07-13 00:00:00+00:00,21.1299991607666,21.1299991607666,21.1299991607666,21.1299991607666,0.0
2021-07-14 00:00:00+00:00,20.6200008392334,20.6200008392334,20.6200008392334,20.6200008392334,0.0
2021-07-15 00:00:00+00:00,21.09000015258789,21.09000015258789,21.09000015258789,21.09000015258789,0.0
2021-07-16 00:00:00+00:00,22.06999969482422,22.06999969482422,22.06999969482422,22.06999969482422,0.0
2021-07-19 00:00:00+00:00,24.899999618530273,24.899999618530273,24.899999618530273,24.899999618530273,0.0
2021-07-20 00:00:00+00:00,23.200000762939453,23.200000762939453,23.200000762939453,23.200000762939453,0.0
2021-07-21 00:00:00+00:00,21.8700008392334,21.8700008392334,21.8700008392334,21.8700008392334,0.0
2021-07-22 00:00:00+00:00,21.860000610351562,21.860000610351562,21.860000610351562,21.860000610351562,0.0
2021-07-23 00:00:00+00:00,21.649999618530273,21.649999618530273,21.649999618530273,21.649999618530273,0.0
2021-07-26 00:00:00+00:00,21.739999771118164,21.739999771118164,21.739999771118164,21.739999771118164,0.0
2021-07-27 00:00:00+00:00,23.0,23.0,23.0,23.0,0.0
2021-07-28 00:00:00+00:00,22.350000381469727,22.350000381469727,22.350000381469727,22.350000381469727,0.0
2021-07-29 00:00:00+00:00,21.8799991607666,21.8799991607666,21.8799991607666,21.8799991607666,0.0
2021-07-30 00:00:00+00:00,22.18000030517578,22.18000030517578,22.18000030517578,22.18000030517578,0.0
2021-08-02 00:00:00+00:00,23.049999237060547,23.049999237060547,23.049999237060547,23.049999237060547,0.0
2021-08-03 00:00:00+00:00,22.18000030517578,22.18000030517578,22.18000030517578,22.18000030517578,0.0
2021-08-04 00:00:00+00:00,22.170000076293945,22.170000076293945,22.170000076293945,22.170000076293945,0.0
2021-08-05 00:00:00+00:00,21.520000457763672,21.520000457763672,21.520000457763672,21.520000457763672,0.0
2021-08-06 00:00:00+00:00,20.8700008392334,20.8700008392334,20.8700008392334,20.8700008392334,0.0
2021-08-09 00:00:00+00:00,21.270000457763672,21.270000457763672,21.270000457763672,21.270000457763672,0.0
2021-08-10 00:00:00+00:00,21.209999084472656,21.209999084472656,21.209999084472656,21.209999084472656,0.0
2021-08-11 00:00:00+00:00,20.81999969482422,20.81999969482422,20.81999969482422,20.81999969482422,0.0
2021-08-12 00:00:00+00:00,20.25,20.25,20.25,20.25,0.0
2021-08-13 00:00:00+00:00,20.260000228881836,20.260000228881836,20.260000228881836,20.260000228881836,0.0
2021-08-16 00:00:00+00:00,20.639999389648438,20.639999389648438,20.639999389648438,20.639999389648438,0.0
2021-08-17 00:00:00+00:00,21.700000762939453,21.700000762939453,21.700000762939453,21.700000762939453,0.0
2021-08-18 00:00:00+00:00,23.799999237060547,23.799999237060547,23.799999237060547,23.799999237060547,0.0
2021-08-19 00:00:00+00:00,24.200000762939453,24.200000762939453,24.200000762939453,24.200000762939453,0.0
2021-08-20 00:00:00+00:00,22.40999984741211,22.40999984741211,22.40999984741211,22.40999984741211,0.0
2021-08-23 00:00:00+00:00,21.200000762939453,21.200000762939453,21.200000762939453,21.200000762939453,0.0
2021-08-24 00:00:00+00:00,21.219999313354492,21.219999313354492,21.219999313354492,21.219999313354492,0.0
2021-08-25 00:00:00+00:00,20.790000915527344,20.790000915527344,20.790000915527344,20.790000915527344,0.0
2021-08-26 00:00:00+00:00,21.860000610351562,21.860000610351562,21.860000610351562,21.860000610351562,0.0
2021-08-27 00:00:00+00:00,20.610000610351562,20.610000610351562,20.610000610351562,20.610000610351562,0.0
2021-08-30 00:00:00+00:00,20.399999618530273,20.399999618530273,20.399999618530273,20.399999618530273,0.0
2021-08-31 00:00:00+00:00,20.420000076293945,20.420000076293945,20.420000076293945,20.420000076293945,0.0
2021-09-01 00:00:00+00:00,20.079999923706055,20.079999923706055,20.079999923706055,20.079999923706055,0.0
2021-09-02 00:00:00+00:00,20.1299991607666,20.1299991607666,20.1299991607666,20.1299991607666,0.0
2021-09-03 00:00:00+00:00,20.31999969482422,20.31999969482422,20.31999969482422,20.31999969482422,0.0
2021-09-07 00:00:00+00:00,21.530000686645508,21.530000686645508,21.530000686645508,21.530000686645508,0.0
2021-09-08 00:00:00+00:00,21.59000015258789,21.59000015258789,21.59000015258789,21.59000015258789,0.0
2021-09-09 00:00:00+00:00,22.059999465942383,22.059999465942383,22.059999465942383,22.059999465942383,0.0
2021-09-10 00:00:00+00:00,23.309999465942383,23.309999465942383,23.309999465942383,23.309999465942383,0.0
2021-09-13 00:00:00+00:00,22.469999313354492,22.469999313354492,22.469999313354492,22.469999313354492,0.0
2021-09-14 00:00:00+00:00,22.549999237060547,22.549999237060547,22.549999237060547,22.549999237060547,0.0
2021-09-15 00:00:00+00:00,21.760000228881836,21.760000228881836,21.760000228881836,21.760000228881836,0.0
2021-09-16 00:00:00+00:00,21.809999465942383,21.809999465942383,21.809999465942383,21.809999465942383,0.0
2021-09-17 00:00:00+00:00,23.219999313354492,23.219999313354492,23.219999313354492,23.219999313354492,0.0
2021-09-20 00:00:00+00:00,26.399999618530273,26.399999618530273,26.399999618530273,26.399999618530273,0.0
2021-09-21 00:00:00+00:00,25.469999313354492,25.469999313354492,25.469999313354492,25.469999313354492,0.0
2021-09-22 00:00:00+00:00,23.049999237060547,23.049999237060547,23.049999237060547,23.049999237060547,0.0
2021-09-23 00:00:00+00:00,21.3700008392334,21.3700008392334,21.3700008392334,21.3700008392334,0.0
2021-09-24 00:00:00+00:00,20.81999969482422,20.81999969482422,20.81999969482422,20.81999969482422,0.0
2021-09-27 00:00:00+00:00,21.399999618530273,21.399999618530273,21.399999618530273,21.399999618530273,0.0
2021-09-28 00:00:00+00:00,24.030000686645508,24.030000686645508,24.030000686645508,24.030000686645508,0.0
2021-09-29 00:00:00+00:00,23.719999313354492,23.719999313354492,23.719999313354492,23.719999313354492,0.0
2021-09-30 00:00:00+00:00,23.8700008392334,23.8700008392334,23.8700008392334,23.8700008392334,0.0
2021-10-01 00:00:00+00:00,22.950000762939453,22.950000762939453,22.950000762939453,22.950000762939453,0.0
2021-10-04 00:00:00+00:00,24.110000610351562,24.110000610351562,24.110000610351562,24.110000610351562,0.0
2021-10-05 00:00:00+00:00,23.110000610351562,23.110000610351562,23.110000610351562,23.110000610351562,0.0
2021-10-06 00:00:00+00:00,22.84000015258789,22.84000015258789,22.84000015258789,22.84000015258789,0.0
2021-10-07 00:00:00+00:00,22.1200008392334,22.1200008392334,22.1200008392334,22.1200008392334,0.0
2021-10-08 00:00:00+00:00,21.8799991607666,21.8799991607666,21.8799991607666,21.8799991607666,0.0
2021-10-11 00:00:00+00:00,22.389999389648438,22.389999389648438,22.389999389648438,22.389999389648438,0.0
2021-10-12 00:00:00+00:00,22.329999923706055,22.329999923706055,22.329999923706055,22.329999923706055,0.0
2021-10-13 00:00:00+00:00,21.540000915527344,21.540000915527344,21.540000915527344,21.540000915527344,0.0
2021-10-14 00:00:00+00:00,20.3700008392334,20.3700008392334,20.3700008392334,20.3700008392334,0.0
2021-10-15 00:00:00+00:00,20.299999237060547,20.299999237060547,20.299999237060547,20.299999237060547,0.0
2021-10-18 00:00:00+00:00,20.290000915527344,20.290000915527344,20.290000915527344,20.290000915527344,0.0
2021-10-19 00:00:00+00:00,19.979999542236328,19.979999542236328,19.979999542236328,19.979999542236328,0.0
2021-10-20 00:00:00+00:00,19.8700008392334,19.8700008392334,19.8700008392334,19.8700008392334,0.0
2021-10-21 00:00:00+00:00,19.479999542236328,19.479999542236328,19.479999542236328,19.479999542236328,0.0
2021-10-22 00:00:00+00:00,20.010000228881836,20.010000228881836,20.010000228881836,20.010000228881836,0.0
2021-10-25 00:00:00+00:00,19.559999465942383,19.559999465942383,19.559999465942383,19.559999465942383,0.0
2021-10-26 00:00:00+00:00,20.110000610351562,20.110000610351562,20.110000610351562,20.110000610351562,0.0
2021-10-27 00:00:00+00:00,20.889999389648438,20.889999389648438,20.889999389648438,20.889999389648438,0.0
2021-10-28 00:00:00+00:00,20.479999542236328,20.479999542236328,20.479999542236328,20.479999542236328,0.0
2021-10-29 00:00:00+00:00,20.3700008392334,20.3700008392334,20.3700008392334,20.3700008392334,0.0
2021-11-01 00:00:00+00:00,20.389999389648438,20.389999389648438,20.389999389648438,20.389999389648438,0.0
2021-11-02 00:00:00+00:00,20.100000381469727,20.100000381469727,20.100000381469727,20.100000381469727,0.0
2021-11-03 00:00:00+00:00,19.5,19.5,19.5,19.5,0.0
2021-11-04 00:00:00+00:00,19.700000762939453,19.700000762939453,19.700000762939453,19.700000762939453,0.0
2021-11-05 00:00:00+00:00,20.489999771118164,20.489999771118164,20.489999771118164,20.489999771118164,0.0
2021-11-08 00:00:00+00:00,20.979999542236328,20.979999542236328,20.979999542236328,20.979999542236328,0.0
2021-11-09 00:00:00+00:00,21.40999984741211,21.40999984741211,21.40999984741211,21.40999984741211,0.0
2021-11-10 00:00:00+00:00,22.0,22.0,22.0,22.0,0.0
2021-11-11 00:00:00+00:00,21.3799991607666,21.3799991607666,21.3799991607666,21.3799991607666,0.0
2021-11-12 00:00:00+00:00,20.690000534057617,20.690000534057617,20.690000534057617,20.690000534057617,0.0
2021-11-15 00:00:00+00:00,20.8700008392334,20.8700008392334,20.8700008392334,20.8700008392334,0.0
2021-11-16 00:00:00+00:00,20.899999618530273,20.899999618530273,20.899999618530273,20.899999618530273,0.0
2021-11-17 00:00:00+00:00,21.579999923706055,21.579999923706055,21.579999923706055,21.579999923706055,0.0
2021-11-18 00:00:00+00:00,21.899999618530273,21.899999618530273,21.899999618530273,21.899999618530273,0.0
2021-11-19 00:00:00+00:00,21.920000076293945,21.920000076293945,21.920000076293945,21.920000076293945,0.0
2021-11-22 00:00:00+00:00,22.6299991607666,22.6299991607666,22.6299991607666,22.6299991607666,0.0
2021-11-23 00:00:00+00:00,22.450000762939453,22.450000762939453,22.450000762939453,22.450000762939453,0.0
2021-11-24 00:00:00+00:00,21.899999618530273,21.899999618530273,21.899999618530273,21.899999618530273,0.0
2021-11-26 00:00:00+00:00,29.170000076293945,29.170000076293945,29.170000076293945,29.170000076293945,0.0
2021-11-29 00:00:00+00:00,25.040000915527344,25.040000915527344,25.040000915527344,25.040000915527344,0.0
2021-11-30 00:00:00+00:00,28.1299991607666,28.1299991607666,28.1299991607666,28.1299991607666,0.0
2021-12-01 00:00:00+00:00,30.790000915527344,30.790000915527344,30.790000915527344,30.790000915527344,0.0
2021-12-02 00:00:00+00:00,29.149999618530273,29.149999618530273,29.149999618530273,29.149999618530273,0.0
2021-12-03 00:00:00+00:00,31.780000686645508,31.780000686645508,31.780000686645508,31.780000686645508,0.0
2021-12-06 00:00:00+00:00,28.8799991607666,28.8799991607666,28.8799991607666,28.8799991607666,0.0
2021-12-07 00:00:00+00:00,24.959999084472656,24.959999084472656,24.959999084472656,24.959999084472656,0.0
2021-12-08 00:00:00+00:00,23.6299991607666,23.6299991607666,23.6299991607666,23.6299991607666,0.0
2021-12-09 00:00:00+00:00,24.65999984741211,24.65999984741211,24.65999984741211,24.65999984741211,0.0
2021-12-10 00:00:00+00:00,23.18000030517578,23.18000030517578,23.18000030517578,23.18000030517578,0.0
2021-12-13 00:00:00+00:00,24.31999969482422,24.31999969482422,24.31999969482422,24.31999969482422,0.0
2021-12-14 00:00:00+00:00,25.350000381469727,25.350000381469727,25.350000381469727,25.350000381469727,0.0
2021-12-15 00:00:00+00:00,23.299999237060547,23.299999237060547,23.299999237060547,23.299999237060547,0.0
2021-12-16 00:00:00+00:00,24.3700008392334,24.3700008392334,24.3700008392334,24.3700008392334,0.0
2021-12-17 00:00:00+00:00,25.3799991607666,25.3799991607666,25.3799991607666,25.3799991607666,0.0
2021-12-20 00:00:00+00:00,26.309999465942383,26.309999465942383,26.309999465942383,26.309999465942383,0.0
2021-12-21 00:00:00+00:00,25.0,25.0,25.0,25.0,0.0
2021-12-22 00:00:00+00:00,23.559999465942383,23.559999465942383,23.559999465942383,23.559999465942383,0.0
2021-12-23 00:00:00+00:00,23.239999771118164,23.239999771118164,23.239999771118164,23.239999771118164,0.0
2021-12-27 00:00:00+00:00,22.739999771118164,22.739999771118164,22.739999771118164,22.739999771118164,0.0
2021-12-28 00:00:00+00:00,22.329999923706055,22.329999923706055,22.329999923706055,22.329999923706055,0.0
2021-12-29 00:00:00+00:00,21.829999923706055,21.829999923706055,21.829999923706055,21.829999923706055,0.0
2021-12-30 00:00:00+00:00,21.8799991607666,21.8799991607666,21.8799991607666,21.8799991607666,0.0
2021-12-31 00:00:00+00:00,21.8799991607666,21.8799991607666,21.8799991607666,21.8799991607666,0.0
2022-01-03 00:00:00+00:00,21.530000686645508,21.530000686645508,21.530000686645508,21.530000686645508,0.0
2022-01-04 00:00:00+00:00,21.6200008392334,21.6200008392334,21.6200008392334,21.6200008392334,0.0
2022-01-05 00:00:00+00:00,23.469999313354492,23.469999313354492,23.469999313354492,23.469999313354492,0.0
2022-01-06 00:00:00+00:00,23.5,23.5,23.5,23.5,0.0
2022-01-07 00:00:00+00:00,22.8700008392334,22.8700008392334,22.8700008392334,22.8700008392334,0.0
2022-01-10 00:00:00+00:00,22.68000030517578,22.68000030517578,22.68000030517578,22.68000030517578,0.0
2022-01-11 00:00:00+00:00,21.979999542236328,21.979999542236328,21.979999542236328,21.979999542236328,0.0
2022-01-12 00:00:00+00:00,21.579999923706055,21.579999923706055,21.579999923706055,21.579999923706055,0.0
2022-01-13 00:00:00+00:00,23.40999984741211,23.40999984741211,23.40999984741211,23.40999984741211,0.0
2022-01-14 00:00:00+00:00,22.81999969482422,22.81999969482422,22.81999969482422,22.81999969482422,0.0
2022-01-18 00:00:00+00:00,25.1200008392334,25.1200008392334,25.1200008392334,25.1200008392334,0.0
2022-01-19 00:00:00+00:00,25.809999465942383,25.809999465942383,25.809999465942383,25.809999465942383,0.0
2022-01-20 00:00:00+00:00,27.25,27.25,27.25,27.25,0.0
2022-01-21 00:00:00+00:00,29.950000762939453,29.950000762939453,29.950000762939453,29.950000762939453,0.0
2022-01-24 00:00:00+00:00,30.81999969482422,30.81999969482422,30.81999969482422,30.81999969482422,0.0
2022-01-25 00:00:00+00:00,31.760000228881836,31.760000228881836,31.760000228881836,31.760000228881836,0.0
2022-01-26 00:00:00+00:00,31.950000762939453,31.950000762939453,31.950000762939453,31.950000762939453,0.0
2022-01-27 00:00:00+00:00,30.8700008392334,30.8700008392334,30.8700008392334,30.8700008392334,0.0
2022-01-28 00:00:00+00:00,28.81999969482422,28.81999969482422,28.81999969482422,28.81999969482422,0.0
2022-01-31 00:00:00+00:00,26.850000381469727,26.850000381469727,26.850000381469727,26.850000381469727,0.0
2022-02-01 00:00:00+00:00,24.760000228881836,24.760000228881836,24.760000228881836,24.760000228881836,0.0
2022-02-02 00:00:00+00:00,25.139999389648438,25.139999389648438,25.139999389648438,25.139999389648438,0.0
2022-02-03 00:00:00+00:00,26.670000076293945,26.670000076293945,26.670000076293945,26.670000076293945,0.0
2022-02-04 00:00:00+00:00,26.25,26.25,26.25,26.25,0.0
2022-02-07 00:00:00+00:00,25.690000534057617,25.690000534057617,25.690000534057617,25.690000534057617,0.0
2022-02-08 00:00:00+00:00,24.540000915527344,24.540000915527344,24.540000915527344,24.540000915527344,0.0
2022-02-09 00:00:00+00:00,23.489999771118164,23.489999771118164,23.489999771118164,23.489999771118164,0.0
2022-02-10 00:00:00+00:00,26.06999969482422,26.06999969482422,26.06999969482422,26.06999969482422,0.0
2022-02-11 00:00:00+00:00,28.829999923706055,28.829999923706055,28.829999923706055,28.829999923706055,0.0
2022-02-14 00:00:00+00:00,29.440000534057617,29.440000534057617,29.440000534057617,29.440000534057617,0.0
2022-02-15 00:00:00+00:00,27.280000686645508,27.280000686645508,27.280000686645508,27.280000686645508,0.0
2022-02-16 00:00:00+00:00,26.260000228881836,26.260000228881836,26.260000228881836,26.260000228881836,0.0
2022-02-17 00:00:00+00:00,29.31999969482422,29.31999969482422,29.31999969482422,29.31999969482422,0.0
2022-02-18 00:00:00+00:00,29.219999313354492,29.219999313354492,29.219999313354492,29.219999313354492,0.0
2022-02-22 00:00:00+00:00,29.110000610351562,29.110000610351562,29.110000610351562,29.110000610351562,0.0
2022-02-23 00:00:00+00:00,30.8799991607666,30.8799991607666,30.8799991607666,30.8799991607666,0.0
2022-02-24 00:00:00+00:00,30.049999237060547,30.049999237060547,30.049999237060547,30.049999237060547,0.0
2022-02-25 00:00:00+00:00,28.040000915527344,28.040000915527344,28.040000915527344,28.040000915527344,0.0
2022-02-28 00:00:00+00:00,29.649999618530273,29.649999618530273,29.649999618530273,29.649999618530273,0.0
2022-03-01 00:00:00+00:00,32.59000015258789,32.59000015258789,32.59000015258789,32.59000015258789,0.0
2022-03-02 00:00:00+00:00,30.969999313354492,30.969999313354492,30.969999313354492,30.969999313354492,0.0
2022-03-03 00:00:00+00:00,30.799999237060547,30.799999237060547,30.799999237060547,30.799999237060547,0.0
2022-03-04 00:00:00+00:00,32.34000015258789,32.34000015258789,32.34000015258789,32.34000015258789,0.0
2022-03-07 00:00:00+00:00,35.7400016784668,35.7400016784668,35.7400016784668,35.7400016784668,0.0
2022-03-08 00:00:00+00:00,35.0,35.0,35.0,35.0,0.0
2022-03-09 00:00:00+00:00,33.060001373291016,33.060001373291016,33.060001373291016,33.060001373291016,0.0
2022-03-10 00:00:00+00:00,31.520000457763672,31.520000457763672,31.520000457763672,31.520000457763672,0.0
2022-03-11 00:00:00+00:00,32.34000015258789,32.34000015258789,32.34000015258789,32.34000015258789,0.0
2022-03-14 00:00:00+00:00,33.31999969482422,33.31999969482422,33.31999969482422,33.31999969482422,0.0
2022-03-15 00:00:00+00:00,31.959999084472656,31.959999084472656,31.959999084472656,31.959999084472656,0.0
2022-03-16 00:00:00+00:00,28.959999084472656,28.959999084472656,28.959999084472656,28.959999084472656,0.0
2022-03-17 00:00:00+00:00,28.219999313354492,28.219999313354492,28.219999313354492,28.219999313354492,0.0
2022-03-18 00:00:00+00:00,26.549999237060547,26.549999237060547,26.549999237060547,26.549999237060547,0.0
2022-03-21 00:00:00+00:00,26.3799991607666,26.3799991607666,26.3799991607666,26.3799991607666,0.0
2022-03-22 00:00:00+00:00,25.850000381469727,25.850000381469727,25.850000381469727,25.850000381469727,0.0
2022-03-23 00:00:00+00:00,26.40999984741211,26.40999984741211,26.40999984741211,26.40999984741211,0.0
2022-03-24 00:00:00+00:00,25.299999237060547,25.299999237060547,25.299999237060547,25.299999237060547,0.0
2022-03-25 00:00:00+00:00,24.719999313354492,24.719999313354492,24.719999313354492,24.719999313354492,0.0
2022-03-28 00:00:00+00:00,24.18000030517578,24.18000030517578,24.18000030517578,24.18000030517578,0.0
2022-03-29 00:00:00+00:00,23.190000534057617,23.190000534057617,23.190000534057617,23.190000534057617,0.0
2022-03-30 00:00:00+00:00,23.56999969482422,23.56999969482422,23.56999969482422,23.56999969482422,0.0
2022-03-31 00:00:00+00:00,24.459999084472656,24.459999084472656,24.459999084472656,24.459999084472656,0.0
2022-04-01 00:00:00+00:00,24.209999084472656,24.209999084472656,24.209999084472656,24.209999084472656,0.0
2022-04-04 00:00:00+00:00,23.030000686645508,23.030000686645508,23.030000686645508,23.030000686645508,0.0
2022-04-05 00:00:00+00:00,24.899999618530273,24.899999618530273,24.899999618530273,24.899999618530273,0.0
2022-04-06 00:00:00+00:00,25.799999237060547,25.799999237060547,25.799999237060547,25.799999237060547,0.0
2022-04-07 00:00:00+00:00,25.229999542236328,25.229999542236328,25.229999542236328,25.229999542236328,0.0
2022-04-08 00:00:00+00:00,25.170000076293945,25.170000076293945,25.170000076293945,25.170000076293945,0.0
2022-04-11 00:00:00+00:00,27.0,27.0,27.0,27.0,0.0
2022-04-12 00:00:00+00:00,27.170000076293945,27.170000076293945,27.170000076293945,27.170000076293945,0.0
2022-04-13 00:00:00+00:00,25.540000915527344,25.540000915527344,25.540000915527344,25.540000915527344,0.0
2022-04-14 00:00:00+00:00,26.030000686645508,26.030000686645508,26.030000686645508,26.030000686645508,0.0
2022-04-18 00:00:00+00:00,25.75,25.75,25.75,25.75,0.0
2022-04-19 00:00:00+00:00,25.059999465942383,25.059999465942383,25.059999465942383,25.059999465942383,0.0
2022-04-20 00:00:00+00:00,24.149999618530273,24.149999618530273,24.149999618530273,24.149999618530273,0.0
2022-04-21 00:00:00+00:00,26.110000610351562,26.110000610351562,26.110000610351562,26.110000610351562,0.0
2022-04-22 00:00:00+00:00,29.8700008392334,29.8700008392334,29.8700008392334,29.8700008392334,0.0
2022-04-25 00:00:00+00:00,29.06999969482422,29.06999969482422,29.06999969482422,29.06999969482422,0.0
2022-04-26 00:00:00+00:00,33.13999938964844,33.13999938964844,33.13999938964844,33.13999938964844,0.0
2022-04-27 00:00:00+00:00,32.20000076293945,32.20000076293945,32.20000076293945,32.20000076293945,0.0
2022-04-28 00:00:00+00:00,31.149999618530273,31.149999618530273,31.149999618530273,31.149999618530273,0.0
2022-04-29 00:00:00+00:00,33.18000030517578,33.18000030517578,33.18000030517578,33.18000030517578,0.0
2022-05-02 00:00:00+00:00,33.0099983215332,33.0099983215332,33.0099983215332,33.0099983215332,0.0
2022-05-03 00:00:00+00:00,30.809999465942383,30.809999465942383,30.809999465942383,30.809999465942383,0.0
2022-05-04 00:00:00+00:00,28.09000015258789,28.09000015258789,28.09000015258789,28.09000015258789,0.0
2022-05-05 00:00:00+00:00,32.68000030517578,32.68000030517578,32.68000030517578,32.68000030517578,0.0
2022-05-06 00:00:00+00:00,32.310001373291016,32.310001373291016,32.310001373291016,32.310001373291016,0.0
2022-05-09 00:00:00+00:00,35.04999923706055,35.04999923706055,35.04999923706055,35.04999923706055,0.0
2022-05-10 00:00:00+00:00,33.970001220703125,33.970001220703125,33.970001220703125,33.970001220703125,0.0
2022-05-11 00:00:00+00:00,33.630001068115234,33.630001068115234,33.630001068115234,33.630001068115234,0.0
2022-05-12 00:00:00+00:00,33.08000183105469,33.08000183105469,33.08000183105469,33.08000183105469,0.0
2022-05-13 00:00:00+00:00,30.700000762939453,30.700000762939453,30.700000762939453,30.700000762939453,0.0
2022-05-16 00:00:00+00:00,29.510000228881836,29.510000228881836,29.510000228881836,29.510000228881836,0.0
2022-05-17 00:00:00+00:00,28.3700008392334,28.3700008392334,28.3700008392334,28.3700008392334,0.0
2022-05-18 00:00:00+00:00,32.79999923706055,32.79999923706055,32.79999923706055,32.79999923706055,0.0
2022-05-19 00:00:00+00:00,30.790000915527344,30.790000915527344,30.790000915527344,30.790000915527344,0.0
2022-05-20 00:00:00+00:00,31.139999389648438,31.139999389648438,31.139999389648438,31.139999389648438,0.0
2022-05-23 00:00:00+00:00,30.290000915527344,30.290000915527344,30.290000915527344,30.290000915527344,0.0
2022-05-24 00:00:00+00:00,30.739999771118164,30.739999771118164,30.739999771118164,30.739999771118164,0.0
2022-05-25 00:00:00+00:00,29.729999542236328,29.729999542236328,29.729999542236328,29.729999542236328,0.0
2022-05-26 00:00:00+00:00,29.280000686645508,29.280000686645508,29.280000686645508,29.280000686645508,0.0
2022-05-27 00:00:00+00:00,28.020000457763672,28.020000457763672,28.020000457763672,28.020000457763672,0.0
2022-05-31 00:00:00+00:00,27.989999771118164,27.989999771118164,27.989999771118164,27.989999771118164,0.0
2022-06-01 00:00:00+00:00,27.719999313354492,27.719999313354492,27.719999313354492,27.719999313354492,0.0
2022-06-02 00:00:00+00:00,27.059999465942383,27.059999465942383,27.059999465942383,27.059999465942383,0.0
2022-06-03 00:00:00+00:00,27.329999923706055,27.329999923706055,27.329999923706055,27.329999923706055,0.0
2022-06-06 00:00:00+00:00,27.219999313354492,27.219999313354492,27.219999313354492,27.219999313354492,0.0
2022-06-07 00:00:00+00:00,26.520000457763672,26.520000457763672,26.520000457763672,26.520000457763672,0.0
2022-06-08 00:00:00+00:00,26.540000915527344,26.540000915527344,26.540000915527344,26.540000915527344,0.0
2022-06-09 00:00:00+00:00,28.010000228881836,28.010000228881836,28.010000228881836,28.010000228881836,0.0
2022-06-10 00:00:00+00:00,29.719999313354492,29.719999313354492,29.719999313354492,29.719999313354492,0.0
2022-06-13 00:00:00+00:00,34.2400016784668,34.2400016784668,34.2400016784668,34.2400016784668,0.0
2022-06-14 00:00:00+00:00,33.279998779296875,33.279998779296875,33.279998779296875,33.279998779296875,0.0
2022-06-15 00:00:00+00:00,30.780000686645508,30.780000686645508,30.780000686645508,30.780000686645508,0.0
2022-06-16 00:00:00+00:00,33.4900016784668,33.4900016784668,33.4900016784668,33.4900016784668,0.0
2022-06-17 00:00:00+00:00,32.36000061035156,32.36000061035156,32.36000061035156,32.36000061035156,0.0
2022-06-21 00:00:00+00:00,31.25,31.25,31.25,31.25,0.0
2022-06-22 00:00:00+00:00,30.239999771118164,30.239999771118164,30.239999771118164,30.239999771118164,0.0
2022-06-23 00:00:00+00:00,30.190000534057617,30.190000534057617,30.190000534057617,30.190000534057617,0.0
2022-06-24 00:00:00+00:00,28.950000762939453,28.950000762939453,28.950000762939453,28.950000762939453,0.0
2022-06-27 00:00:00+00:00,28.18000030517578,28.18000030517578,28.18000030517578,28.18000030517578,0.0
2022-06-28 00:00:00+00:00,29.149999618530273,29.149999618530273,29.149999618530273,29.149999618530273,0.0
2022-06-29 00:00:00+00:00,29.0,29.0,29.0,29.0,0.0
2022-06-30 00:00:00+00:00,29.709999084472656,29.709999084472656,29.709999084472656,29.709999084472656,0.0
2022-07-01 00:00:00+00:00,28.520000457763672,28.520000457763672,28.520000457763672,28.520000457763672,0.0
2022-07-05 00:00:00+00:00,28.899999618530273,28.899999618530273,28.899999618530273,28.899999618530273,0.0
2022-07-06 00:00:00+00:00,28.389999389648438,28.389999389648438,28.389999389648438,28.389999389648438,0.0
2022-07-07 00:00:00+00:00,28.030000686645508,28.030000686645508,28.030000686645508,28.030000686645508,0.0
2022-07-08 00:00:00+00:00,27.299999237060547,27.299999237060547,27.299999237060547,27.299999237060547,0.0
2022-07-11 00:00:00+00:00,28.25,28.25,28.25,28.25,0.0
2022-07-12 00:00:00+00:00,28.81999969482422,28.81999969482422,28.81999969482422,28.81999969482422,0.0
2022-07-13 00:00:00+00:00,28.559999465942383,28.559999465942383,28.559999465942383,28.559999465942383,0.0
2022-07-14 00:00:00+00:00,28.610000610351562,28.610000610351562,28.610000610351562,28.610000610351562,0.0
2022-07-15 00:00:00+00:00,27.079999923706055,27.079999923706055,27.079999923706055,27.079999923706055,0.0
2022-07-18 00:00:00+00:00,27.81999969482422,27.81999969482422,27.81999969482422,27.81999969482422,0.0
2022-07-19 00:00:00+00:00,27.309999465942383,27.309999465942383,27.309999465942383,27.309999465942383,0.0
2022-07-20 00:00:00+00:00,26.700000762939453,26.700000762939453,26.700000762939453,26.700000762939453,0.0
2022-07-21 00:00:00+00:00,26.219999313354492,26.219999313354492,26.219999313354492,26.219999313354492,0.0
2022-07-22 00:00:00+00:00,25.969999313354492,25.969999313354492,25.969999313354492,25.969999313354492,0.0
2022-07-25 00:00:00+00:00,25.799999237060547,25.799999237060547,25.799999237060547,25.799999237060547,0.0
2022-07-26 00:00:00+00:00,26.420000076293945,26.420000076293945,26.420000076293945,26.420000076293945,0.0
2022-07-27 00:00:00+00:00,25.309999465942383,25.309999465942383,25.309999465942383,25.309999465942383,0.0
2022-07-28 00:00:00+00:00,24.329999923706055,24.329999923706055,24.329999923706055,24.329999923706055,0.0
2022-07-29 00:00:00+00:00,23.790000915527344,23.790000915527344,23.790000915527344,23.790000915527344,0.0
2022-08-01 00:00:00+00:00,24.860000610351562,24.860000610351562,24.860000610351562,24.860000610351562,0.0
2022-08-02 00:00:00+00:00,25.65999984741211,25.65999984741211,25.65999984741211,25.65999984741211,0.0
2022-08-03 00:00:00+00:00,24.3700008392334,24.3700008392334,24.3700008392334,24.3700008392334,0.0
2022-08-04 00:00:00+00:00,24.31999969482422,24.31999969482422,24.31999969482422,24.31999969482422,0.0
2022-08-05 00:00:00+00:00,24.18000030517578,24.18000030517578,24.18000030517578,24.18000030517578,0.0
2022-08-08 00:00:00+00:00,24.479999542236328,24.479999542236328,24.479999542236328,24.479999542236328,0.0
2022-08-09 00:00:00+00:00,24.690000534057617,24.690000534057617,24.690000534057617,24.690000534057617,0.0
2022-08-10 00:00:00+00:00,23.459999084472656,23.459999084472656,23.459999084472656,23.459999084472656,0.0
2022-08-11 00:00:00+00:00,23.709999084472656,23.709999084472656,23.709999084472656,23.709999084472656,0.0
2022-08-12 00:00:00+00:00,23.309999465942383,23.309999465942383,23.309999465942383,23.309999465942383,0.0
2022-08-15 00:00:00+00:00,23.31999969482422,23.31999969482422,23.31999969482422,23.31999969482422,0.0
2022-08-16 00:00:00+00:00,23.31999969482422,23.31999969482422,23.31999969482422,23.31999969482422,0.0
2022-08-17 00:00:00+00:00,23.600000381469727,23.600000381469727,23.600000381469727,23.600000381469727,0.0
2022-08-18 00:00:00+00:00,23.389999389648438,23.389999389648438,23.389999389648438,23.389999389648438,0.0
2022-08-19 00:00:00+00:00,24.31999969482422,24.31999969482422,24.31999969482422,24.31999969482422,0.0
2022-08-22 00:00:00+00:00,26.0,26.0,26.0,26.0,0.0
2022-08-23 00:00:00+00:00,25.920000076293945,25.920000076293945,25.920000076293945,25.920000076293945,0.0
2022-08-24 00:00:00+00:00,24.889999389648438,24.889999389648438,24.889999389648438,24.889999389648438,0.0
2022-08-25 00:00:00+00:00,24.1299991607666,24.1299991607666,24.1299991607666,24.1299991607666,0.0
2022-08-26 00:00:00+00:00,26.559999465942383,26.559999465942383,26.559999465942383,26.559999465942383,0.0
2022-08-29 00:00:00+00:00,26.81999969482422,26.81999969482422,26.81999969482422,26.81999969482422,0.0
2022-08-30 00:00:00+00:00,26.90999984741211,26.90999984741211,26.90999984741211,26.90999984741211,0.0
2022-08-31 00:00:00+00:00,26.649999618530273,26.649999618530273,26.649999618530273,26.649999618530273,0.0
2022-09-01 00:00:00+00:00,26.43000030517578,26.43000030517578,26.43000030517578,26.43000030517578,0.0
2022-09-02 00:00:00+00:00,26.479999542236328,26.479999542236328,26.479999542236328,26.479999542236328,0.0
2022-09-06 00:00:00+00:00,27.59000015258789,27.59000015258789,27.59000015258789,27.59000015258789,0.0
2022-09-07 00:00:00+00:00,26.100000381469727,26.100000381469727,26.100000381469727,26.100000381469727,0.0
2022-09-08 00:00:00+00:00,25.520000457763672,25.520000457763672,25.520000457763672,25.520000457763672,0.0
2022-09-09 00:00:00+00:00,25.139999389648438,25.139999389648438,25.139999389648438,25.139999389648438,0.0
2022-09-12 00:00:00+00:00,25.3700008392334,25.3700008392334,25.3700008392334,25.3700008392334,0.0
2022-09-13 00:00:00+00:00,27.950000762939453,27.950000762939453,27.950000762939453,27.950000762939453,0.0
2022-09-14 00:00:00+00:00,27.459999084472656,27.459999084472656,27.459999084472656,27.459999084472656,0.0
2022-09-15 00:00:00+00:00,27.600000381469727,27.600000381469727,27.600000381469727,27.600000381469727,0.0
2022-09-16 00:00:00+00:00,27.6299991607666,27.6299991607666,27.6299991607666,27.6299991607666,0.0
2022-09-19 00:00:00+00:00,27.010000228881836,27.010000228881836,27.010000228881836,27.010000228881836,0.0
2022-09-20 00:00:00+00:00,27.8799991607666,27.8799991607666,27.8799991607666,27.8799991607666,0.0
2022-09-21 00:00:00+00:00,28.760000228881836,28.760000228881836,28.760000228881836,28.760000228881836,0.0
2022-09-22 00:00:00+00:00,28.219999313354492,28.219999313354492,28.219999313354492,28.219999313354492,0.0
2022-09-23 00:00:00+00:00,30.31999969482422,30.31999969482422,30.31999969482422,30.31999969482422,0.0
2022-09-26 00:00:00+00:00,31.770000457763672,31.770000457763672,31.770000457763672,31.770000457763672,0.0
2022-09-27 00:00:00+00:00,32.119998931884766,32.119998931884766,32.119998931884766,32.119998931884766,0.0
2022-09-28 00:00:00+00:00,30.579999923706055,30.579999923706055,30.579999923706055,30.579999923706055,0.0
2022-09-29 00:00:00+00:00,31.739999771118164,31.739999771118164,31.739999771118164,31.739999771118164,0.0
2022-09-30 00:00:00+00:00,31.860000610351562,31.860000610351562,31.860000610351562,31.860000610351562,0.0
2022-10-03 00:00:00+00:00,30.690000534057617,30.690000534057617,30.690000534057617,30.690000534057617,0.0
2022-10-04 00:00:00+00:00,29.670000076293945,29.670000076293945,29.670000076293945,29.670000076293945,0.0
2022-10-05 00:00:00+00:00,29.43000030517578,29.43000030517578,29.43000030517578,29.43000030517578,0.0
2022-10-06 00:00:00+00:00,30.790000915527344,30.790000915527344,30.790000915527344,30.790000915527344,0.0
2022-10-07 00:00:00+00:00,32.099998474121094,32.099998474121094,32.099998474121094,32.099998474121094,0.0
2022-10-10 00:00:00+00:00,32.72999954223633,32.72999954223633,32.72999954223633,32.72999954223633,0.0
2022-10-11 00:00:00+00:00,33.36000061035156,33.36000061035156,33.36000061035156,33.36000061035156,0.0
2022-10-12 00:00:00+00:00,33.130001068115234,33.130001068115234,33.130001068115234,33.130001068115234,0.0
2022-10-13 00:00:00+00:00,31.799999237060547,31.799999237060547,31.799999237060547,31.799999237060547,0.0
2022-10-14 00:00:00+00:00,32.45000076293945,32.45000076293945,32.45000076293945,32.45000076293945,0.0
2022-10-17 00:00:00+00:00,31.739999771118164,31.739999771118164,31.739999771118164,31.739999771118164,0.0
2022-10-18 00:00:00+00:00,30.979999542236328,30.979999542236328,30.979999542236328,30.979999542236328,0.0
2022-10-19 00:00:00+00:00,31.350000381469727,31.350000381469727,31.350000381469727,31.350000381469727,0.0
2022-10-20 00:00:00+00:00,30.809999465942383,30.809999465942383,30.809999465942383,30.809999465942383,0.0
2022-10-21 00:00:00+00:00,30.469999313354492,30.469999313354492,30.469999313354492,30.469999313354492,0.0
2022-10-24 00:00:00+00:00,30.329999923706055,30.329999923706055,30.329999923706055,30.329999923706055,0.0
2022-10-25 00:00:00+00:00,29.290000915527344,29.290000915527344,29.290000915527344,29.290000915527344,0.0
2022-10-26 00:00:00+00:00,28.459999084472656,28.459999084472656,28.459999084472656,28.459999084472656,0.0
2022-10-27 00:00:00+00:00,28.280000686645508,28.280000686645508,28.280000686645508,28.280000686645508,0.0
2022-10-28 00:00:00+00:00,26.899999618530273,26.899999618530273,26.899999618530273,26.899999618530273,0.0
2022-10-31 00:00:00+00:00,26.920000076293945,26.920000076293945,26.920000076293945,26.920000076293945,0.0
2022-11-01 00:00:00+00:00,26.690000534057617,26.690000534057617,26.690000534057617,26.690000534057617,0.0
2022-11-02 00:00:00+00:00,27.219999313354492,27.219999313354492,27.219999313354492,27.219999313354492,0.0
2022-11-03 00:00:00+00:00,26.700000762939453,26.700000762939453,26.700000762939453,26.700000762939453,0.0
2022-11-04 00:00:00+00:00,26.389999389648438,26.389999389648438,26.389999389648438,26.389999389648438,0.0
2022-11-07 00:00:00+00:00,26.260000228881836,26.260000228881836,26.260000228881836,26.260000228881836,0.0
2022-11-08 00:00:00+00:00,27.100000381469727,27.100000381469727,27.100000381469727,27.100000381469727,0.0
2022-11-09 00:00:00+00:00,27.90999984741211,27.90999984741211,27.90999984741211,27.90999984741211,0.0
2022-11-10 00:00:00+00:00,26.18000030517578,26.18000030517578,26.18000030517578,26.18000030517578,0.0
2022-11-11 00:00:00+00:00,25.739999771118164,25.739999771118164,25.739999771118164,25.739999771118164,0.0
2022-11-14 00:00:00+00:00,26.1299991607666,26.1299991607666,26.1299991607666,26.1299991607666,0.0
2022-11-15 00:00:00+00:00,26.59000015258789,26.59000015258789,26.59000015258789,26.59000015258789,0.0
2022-11-16 00:00:00+00:00,26.030000686645508,26.030000686645508,26.030000686645508,26.030000686645508,0.0
2022-11-17 00:00:00+00:00,25.829999923706055,25.829999923706055,25.829999923706055,25.829999923706055,0.0
2022-11-18 00:00:00+00:00,25.329999923706055,25.329999923706055,25.329999923706055,25.329999923706055,0.0
2022-11-21 00:00:00+00:00,24.719999313354492,24.719999313354492,24.719999313354492,24.719999313354492,0.0
2022-11-22 00:00:00+00:00,23.829999923706055,23.829999923706055,23.829999923706055,23.829999923706055,0.0
2022-11-23 00:00:00+00:00,23.3799991607666,23.3799991607666,23.3799991607666,23.3799991607666,0.0
2022-11-25 00:00:00+00:00,23.59000015258789,23.59000015258789,23.59000015258789,23.59000015258789,0.0
2022-11-28 00:00:00+00:00,24.899999618530273,24.899999618530273,24.899999618530273,24.899999618530273,0.0
2022-11-29 00:00:00+00:00,24.649999618530273,24.649999618530273,24.649999618530273,24.649999618530273,0.0
2022-11-30 00:00:00+00:00,23.530000686645508,23.530000686645508,23.530000686645508,23.530000686645508,0.0
2022-12-01 00:00:00+00:00,23.309999465942383,23.309999465942383,23.309999465942383,23.309999465942383,0.0
2022-12-02 00:00:00+00:00,22.959999084472656,22.959999084472656,22.959999084472656,22.959999084472656,0.0
2022-12-05 00:00:00+00:00,23.889999389648438,23.889999389648438,23.889999389648438,23.889999389648438,0.0
2022-12-06 00:00:00+00:00,24.719999313354492,24.719999313354492,24.719999313354492,24.719999313354492,0.0
2022-12-07 00:00:00+00:00,25.18000030517578,25.18000030517578,25.18000030517578,25.18000030517578,0.0
2022-12-08 00:00:00+00:00,24.729999542236328,24.729999542236328,24.729999542236328,24.729999542236328,0.0
2022-12-09 00:00:00+00:00,25.209999084472656,25.209999084472656,25.209999084472656,25.209999084472656,0.0
2022-12-12 00:00:00+00:00,25.670000076293945,25.670000076293945,25.670000076293945,25.670000076293945,0.0
2022-12-13 00:00:00+00:00,24.290000915527344,24.290000915527344,24.290000915527344,24.290000915527344,0.0
2022-12-14 00:00:00+00:00,23.459999084472656,23.459999084472656,23.459999084472656,23.459999084472656,0.0
2022-12-15 00:00:00+00:00,25.079999923706055,25.079999923706055,25.079999923706055,25.079999923706055,0.0
2022-12-16 00:00:00+00:00,25.149999618530273,25.149999618530273,25.149999618530273,25.149999618530273,0.0
2022-12-19 00:00:00+00:00,25.079999923706055,25.079999923706055,25.079999923706055,25.079999923706055,0.0
2022-12-20 00:00:00+00:00,24.399999618530273,24.399999618530273,24.399999618530273,24.399999618530273,0.0
2022-12-21 00:00:00+00:00,23.350000381469727,23.350000381469727,23.350000381469727,23.350000381469727,0.0
2022-12-22 00:00:00+00:00,24.780000686645508,24.780000686645508,24.780000686645508,24.780000686645508,0.0
2022-12-23 00:00:00+00:00,24.1299991607666,24.1299991607666,24.1299991607666,24.1299991607666,0.0
2022-12-27 00:00:00+00:00,24.43000030517578,24.43000030517578,24.43000030517578,24.43000030517578,0.0
2022-12-28 00:00:00+00:00,24.579999923706055,24.579999923706055,24.579999923706055,24.579999923706055,0.0
2022-12-29 00:00:00+00:00,23.950000762939453,23.950000762939453,23.950000762939453,23.950000762939453,0.0
2022-12-30 00:00:00+00:00,24.290000915527344,24.290000915527344,24.290000915527344,24.290000915527344,0.0
2023-01-03 00:00:00+00:00,24.579999923706055,24.579999923706055,24.579999923706055,24.579999923706055,0.0
2023-01-04 00:00:00+00:00,23.809999465942383,23.809999465942383,23.809999465942383,23.809999465942383,0.0
2023-01-05 00:00:00+00:00,24.06999969482422,24.06999969482422,24.06999969482422,24.06999969482422,0.0
2023-01-06 00:00:00+00:00,23.18000030517578,23.18000030517578,23.18000030517578,23.18000030517578,0.0
2023-01-09 00:00:00+00:00,23.739999771118164,23.739999771118164,23.739999771118164,23.739999771118164,0.0
2023-01-10 00:00:00+00:00,22.739999771118164,22.739999771118164,22.739999771118164,22.739999771118164,0.0
2023-01-11 00:00:00+00:00,22.739999771118164,22.739999771118164,22.739999771118164,22.739999771118164,0.0
2023-01-12 00:00:00+00:00,21.579999923706055,21.579999923706055,21.579999923706055,21.579999923706055,0.0
2023-01-13 00:00:00+00:00,21.139999389648438,21.139999389648438,21.139999389648438,21.139999389648438,0.0
2023-01-17 00:00:00+00:00,21.450000762939453,21.450000762939453,21.450000762939453,21.450000762939453,0.0
2023-01-18 00:00:00+00:00,22.270000457763672,22.270000457763672,22.270000457763672,22.270000457763672,0.0
2023-01-19 00:00:00+00:00,22.450000762939453,22.450000762939453,22.450000762939453,22.450000762939453,0.0
2023-01-20 00:00:00+00:00,21.719999313354492,21.719999313354492,21.719999313354492,21.719999313354492,0.0
2023-01-23 00:00:00+00:00,21.600000381469727,21.600000381469727,21.600000381469727,21.600000381469727,0.0
2023-01-24 00:00:00+00:00,20.90999984741211,20.90999984741211,20.90999984741211,20.90999984741211,0.0
2023-01-25 00:00:00+00:00,20.940000534057617,20.940000534057617,20.940000534057617,20.940000534057617,0.0
2023-01-26 00:00:00+00:00,20.700000762939453,20.700000762939453,20.700000762939453,20.700000762939453,0.0
2023-01-27 00:00:00+00:00,20.469999313354492,20.469999313354492,20.469999313354492,20.469999313354492,0.0
2023-01-30 00:00:00+00:00,21.3700008392334,21.3700008392334,21.3700008392334,21.3700008392334,0.0
2023-01-31 00:00:00+00:00,20.809999465942383,20.809999465942383,20.809999465942383,20.809999465942383,0.0
2023-02-01 00:00:00+00:00,19.969999313354492,19.969999313354492,19.969999313354492,19.969999313354492,0.0
2023-02-02 00:00:00+00:00,20.84000015258789,20.84000015258789,20.84000015258789,20.84000015258789,0.0
2023-02-03 00:00:00+00:00,20.780000686645508,20.780000686645508,20.780000686645508,20.780000686645508,0.0
2023-02-06 00:00:00+00:00,21.43000030517578,21.43000030517578,21.43000030517578,21.43000030517578,0.0
2023-02-07 00:00:00+00:00,20.780000686645508,20.780000686645508,20.780000686645508,20.780000686645508,0.0
2023-02-08 00:00:00+00:00,21.81999969482422,21.81999969482422,21.81999969482422,21.81999969482422,0.0
2023-02-09 00:00:00+00:00,22.5,22.5,22.5,22.5,0.0
2023-02-10 00:00:00+00:00,22.549999237060547,22.549999237060547,22.549999237060547,22.549999237060547,0.0
2023-02-13 00:00:00+00:00,21.969999313354492,21.969999313354492,21.969999313354492,21.969999313354492,0.0
2023-02-14 00:00:00+00:00,21.139999389648438,21.139999389648438,21.139999389648438,21.139999389648438,0.0
2023-02-15 00:00:00+00:00,20.68000030517578,20.68000030517578,20.68000030517578,20.68000030517578,0.0
2023-02-16 00:00:00+00:00,21.8799991607666,21.8799991607666,21.8799991607666,21.8799991607666,0.0
2023-02-17 00:00:00+00:00,21.770000457763672,21.770000457763672,21.770000457763672,21.770000457763672,0.0
2023-02-21 00:00:00+00:00,23.3799991607666,23.3799991607666,23.3799991607666,23.3799991607666,0.0
2023-02-22 00:00:00+00:00,22.68000030517578,22.68000030517578,22.68000030517578,22.68000030517578,0.0
2023-02-23 00:00:00+00:00,21.739999771118164,21.739999771118164,21.739999771118164,21.739999771118164,0.0
2023-02-24 00:00:00+00:00,22.43000030517578,22.43000030517578,22.43000030517578,22.43000030517578,0.0
2023-02-27 00:00:00+00:00,21.59000015258789,21.59000015258789,21.59000015258789,21.59000015258789,0.0
2023-02-28 00:00:00+00:00,21.31999969482422,21.31999969482422,21.31999969482422,21.31999969482422,0.0
2023-03-01 00:00:00+00:00,21.360000610351562,21.360000610351562,21.360000610351562,21.360000610351562,0.0
2023-03-02 00:00:00+00:00,20.6299991607666,20.6299991607666,20.6299991607666,20.6299991607666,0.0
2023-03-03 00:00:00+00:00,19.979999542236328,19.979999542236328,19.979999542236328,19.979999542236328,0.0
2023-03-06 00:00:00+00:00,19.989999771118164,19.989999771118164,19.989999771118164,19.989999771118164,0.0
2023-03-07 00:00:00+00:00,20.59000015258789,20.59000015258789,20.59000015258789,20.59000015258789,0.0
2023-03-08 00:00:00+00:00,20.190000534057617,20.190000534057617,20.190000534057617,20.190000534057617,0.0
2023-03-09 00:00:00+00:00,22.8700008392334,22.8700008392334,22.8700008392334,22.8700008392334,0.0
2023-03-10 00:00:00+00:00,25.389999389648438,25.389999389648438,25.389999389648438,25.389999389648438,0.0
2023-03-13 00:00:00+00:00,26.639999389648438,26.639999389648438,26.639999389648438,26.639999389648438,0.0
2023-03-14 00:00:00+00:00,24.8700008392334,24.8700008392334,24.8700008392334,24.8700008392334,0.0
2023-03-15 00:00:00+00:00,27.200000762939453,27.200000762939453,27.200000762939453,27.200000762939453,0.0
2023-03-16 00:00:00+00:00,24.559999465942383,24.559999465942383,24.559999465942383,24.559999465942383,0.0
2023-03-17 00:00:00+00:00,27.420000076293945,27.420000076293945,27.420000076293945,27.420000076293945,0.0
2023-03-20 00:00:00+00:00,25.850000381469727,25.850000381469727,25.850000381469727,25.850000381469727,0.0
2023-03-21 00:00:00+00:00,23.56999969482422,23.56999969482422,23.56999969482422,23.56999969482422,0.0
2023-03-22 00:00:00+00:00,24.3799991607666,24.3799991607666,24.3799991607666,24.3799991607666,0.0
2023-03-23 00:00:00+00:00,24.530000686645508,24.530000686645508,24.530000686645508,24.530000686645508,0.0
2023-03-24 00:00:00+00:00,23.959999084472656,23.959999084472656,23.959999084472656,23.959999084472656,0.0
2023-03-27 00:00:00+00:00,22.8700008392334,22.8700008392334,22.8700008392334,22.8700008392334,0.0
2023-03-28 00:00:00+00:00,22.3799991607666,22.3799991607666,22.3799991607666,22.3799991607666,0.0
2023-03-29 00:00:00+00:00,21.489999771118164,21.489999771118164,21.489999771118164,21.489999771118164,0.0
2023-03-30 00:00:00+00:00,21.450000762939453,21.450000762939453,21.450000762939453,21.450000762939453,0.0
2023-03-31 00:00:00+00:00,21.229999542236328,21.229999542236328,21.229999542236328,21.229999542236328,0.0
2023-04-03 00:00:00+00:00,20.829999923706055,20.829999923706055,20.829999923706055,20.829999923706055,0.0
2023-04-04 00:00:00+00:00,21.34000015258789,21.34000015258789,21.34000015258789,21.34000015258789,0.0
2023-04-05 00:00:00+00:00,21.479999542236328,21.479999542236328,21.479999542236328,21.479999542236328,0.0
2023-04-06 00:00:00+00:00,21.0,21.0,21.0,21.0,0.0
2023-04-10 00:00:00+00:00,21.06999969482422,21.06999969482422,21.06999969482422,21.06999969482422,0.0
2023-04-11 00:00:00+00:00,21.010000228881836,21.010000228881836,21.010000228881836,21.010000228881836,0.0
2023-04-12 00:00:00+00:00,21.049999237060547,21.049999237060547,21.049999237060547,21.049999237060547,0.0
2023-04-13 00:00:00+00:00,20.260000228881836,20.260000228881836,20.260000228881836,20.260000228881836,0.0
2023-04-14 00:00:00+00:00,20.030000686645508,20.030000686645508,20.030000686645508,20.030000686645508,0.0
2023-04-17 00:00:00+00:00,19.649999618530273,19.649999618530273,19.649999618530273,19.649999618530273,0.0
2023-04-18 00:00:00+00:00,19.81999969482422,19.81999969482422,19.81999969482422,19.81999969482422,0.0
2023-04-19 00:00:00+00:00,20.020000457763672,20.020000457763672,20.020000457763672,20.020000457763672,0.0
2023-04-20 00:00:00+00:00,20.549999237060547,20.549999237060547,20.549999237060547,20.549999237060547,0.0
2023-04-21 00:00:00+00:00,20.389999389648438,20.389999389648438,20.389999389648438,20.389999389648438,0.0
2023-04-24 00:00:00+00:00,20.399999618530273,20.399999618530273,20.399999618530273,20.399999618530273,0.0
2023-04-25 00:00:00+00:00,21.649999618530273,21.649999618530273,21.649999618530273,21.649999618530273,0.0
2023-04-26 00:00:00+00:00,21.540000915527344,21.540000915527344,21.540000915527344,21.540000915527344,0.0
2023-04-27 00:00:00+00:00,20.3700008392334,20.3700008392334,20.3700008392334,20.3700008392334,0.0
2023-04-28 00:00:00+00:00,19.540000915527344,19.540000915527344,19.540000915527344,19.540000915527344,0.0
2023-05-01 00:00:00+00:00,19.670000076293945,19.670000076293945,19.670000076293945,19.670000076293945,0.0
2023-05-02 00:00:00+00:00,20.75,20.75,20.75,20.75,0.0
2023-05-03 00:00:00+00:00,21.290000915527344,21.290000915527344,21.290000915527344,21.290000915527344,0.0
2023-05-04 00:00:00+00:00,22.770000457763672,22.770000457763672,22.770000457763672,22.770000457763672,0.0
2023-05-05 00:00:00+00:00,20.780000686645508,20.780000686645508,20.780000686645508,20.780000686645508,0.0
2023-05-08 00:00:00+00:00,20.709999084472656,20.709999084472656,20.709999084472656,20.709999084472656,0.0
2023-05-09 00:00:00+00:00,21.170000076293945,21.170000076293945,21.170000076293945,21.170000076293945,0.0
2023-05-10 00:00:00+00:00,20.690000534057617,20.690000534057617,20.690000534057617,20.690000534057617,0.0
2023-05-11 00:00:00+00:00,20.6200008392334,20.6200008392334,20.6200008392334,20.6200008392334,0.0
2023-05-12 00:00:00+00:00,20.65999984741211,20.65999984741211,20.65999984741211,20.65999984741211,0.0
2023-05-15 00:00:00+00:00,20.309999465942383,20.309999465942383,20.309999465942383,20.309999465942383,0.0
2023-05-16 00:00:00+00:00,20.899999618530273,20.899999618530273,20.899999618530273,20.899999618530273,0.0
2023-05-17 00:00:00+00:00,20.049999237060547,20.049999237060547,20.049999237060547,20.049999237060547,0.0
2023-05-18 00:00:00+00:00,19.329999923706055,19.329999923706055,19.329999923706055,19.329999923706055,0.0
2023-05-19 00:00:00+00:00,20.040000915527344,20.040000915527344,20.040000915527344,20.040000915527344,0.0
2023-05-22 00:00:00+00:00,20.360000610351562,20.360000610351562,20.360000610351562,20.360000610351562,0.0
2023-05-23 00:00:00+00:00,21.059999465942383,21.059999465942383,21.059999465942383,21.059999465942383,0.0
2023-05-24 00:00:00+00:00,22.020000457763672,22.020000457763672,22.020000457763672,22.020000457763672,0.0
2023-05-25 00:00:00+00:00,21.3799991607666,21.3799991607666,21.3799991607666,21.3799991607666,0.0
2023-05-26 00:00:00+00:00,20.440000534057617,20.440000534057617,20.440000534057617,20.440000534057617,0.0
2023-05-30 00:00:00+00:00,20.1299991607666,20.1299991607666,20.1299991607666,20.1299991607666,0.0
2023-05-31 00:00:00+00:00,20.209999084472656,20.209999084472656,20.209999084472656,20.209999084472656,0.0
2023-06-01 00:00:00+00:00,18.75,18.75,18.75,18.75,0.0
2023-06-02 00:00:00+00:00,17.920000076293945,17.920000076293945,17.920000076293945,17.920000076293945,0.0
2023-06-05 00:00:00+00:00,17.899999618530273,17.899999618530273,17.899999618530273,17.899999618530273,0.0
2023-06-06 00:00:00+00:00,17.040000915527344,17.040000915527344,17.040000915527344,17.040000915527344,0.0
2023-06-07 00:00:00+00:00,17.139999389648438,17.139999389648438,17.139999389648438,17.139999389648438,0.0
2023-06-08 00:00:00+00:00,16.860000610351562,16.860000610351562,16.860000610351562,16.860000610351562,0.0
2023-06-09 00:00:00+00:00,16.959999084472656,16.959999084472656,16.959999084472656,16.959999084472656,0.0
2023-06-12 00:00:00+00:00,17.280000686645508,17.280000686645508,17.280000686645508,17.280000686645508,0.0
2023-06-13 00:00:00+00:00,17.229999542236328,17.229999542236328,17.229999542236328,17.229999542236328,0.0
2023-06-14 00:00:00+00:00,16.860000610351562,16.860000610351562,16.860000610351562,16.860000610351562,0.0
2023-06-15 00:00:00+00:00,17.18000030517578,17.18000030517578,17.18000030517578,17.18000030517578,0.0
2023-06-16 00:00:00+00:00,16.75,16.75,16.75,16.75,0.0
2023-06-20 00:00:00+00:00,17.299999237060547,17.299999237060547,17.299999237060547,17.299999237060547,0.0
2023-06-21 00:00:00+00:00,16.889999389648438,16.889999389648438,16.889999389648438,16.889999389648438,0.0
2023-06-22 00:00:00+00:00,16.559999465942383,16.559999465942383,16.559999465942383,16.559999465942383,0.0
2023-06-23 00:00:00+00:00,16.8700008392334,16.8700008392334,16.8700008392334,16.8700008392334,0.0
2023-06-26 00:00:00+00:00,17.049999237060547,17.049999237060547,17.049999237060547,17.049999237060547,0.0
2023-06-27 00:00:00+00:00,16.440000534057617,16.440000534057617,16.440000534057617,16.440000534057617,0.0
2023-06-28 00:00:00+00:00,15.899999618530273,15.899999618530273,15.899999618530273,15.899999618530273,0.0
2023-06-29 00:00:00+00:00,16.100000381469727,16.100000381469727,16.100000381469727,16.100000381469727,0.0
2023-06-30 00:00:00+00:00,16.020000457763672,16.020000457763672,16.020000457763672,16.020000457763672,0.0
2023-07-03 00:00:00+00:00,16.06999969482422,16.06999969482422,16.06999969482422,16.06999969482422,0.0
2023-07-05 00:00:00+00:00,16.510000228881836,16.510000228881836,16.510000228881836,16.510000228881836,0.0
2023-07-06 00:00:00+00:00,17.520000457763672,17.520000457763672,17.520000457763672,17.520000457763672,0.0
2023-07-07 00:00:00+00:00,17.239999771118164,17.239999771118164,17.239999771118164,17.239999771118164,0.0
2023-07-10 00:00:00+00:00,17.25,17.25,17.25,17.25,0.0
2023-07-11 00:00:00+00:00,16.969999313354492,16.969999313354492,16.969999313354492,16.969999313354492,0.0
2023-07-12 00:00:00+00:00,16.110000610351562,16.110000610351562,16.110000610351562,16.110000610351562,0.0
2023-07-13 00:00:00+00:00,16.1200008392334,16.1200008392334,16.1200008392334,16.1200008392334,0.0
2023-07-14 00:00:00+00:00,16.040000915527344,16.040000915527344,16.040000915527344,16.040000915527344,0.0
2023-07-17 00:00:00+00:00,16.270000457763672,16.270000457763672,16.270000457763672,16.270000457763672,0.0
2023-07-18 00:00:00+00:00,16.1299991607666,16.1299991607666,16.1299991607666,16.1299991607666,0.0
2023-07-19 00:00:00+00:00,16.559999465942383,16.559999465942383,16.559999465942383,16.559999465942383,0.0
2023-07-20 00:00:00+00:00,16.65999984741211,16.65999984741211,16.65999984741211,16.65999984741211,0.0
2023-07-21 00:00:00+00:00,16.399999618530273,16.399999618530273,16.399999618530273,16.399999618530273,0.0
2023-07-24 00:00:00+00:00,16.260000228881836,16.260000228881836,16.260000228881836,16.260000228881836,0.0
2023-07-25 00:00:00+00:00,16.219999313354492,16.219999313354492,16.219999313354492,16.219999313354492,0.0
2023-07-26 00:00:00+00:00,15.789999961853027,15.789999961853027,15.789999961853027,15.789999961853027,0.0
2023-07-27 00:00:00+00:00,16.6299991607666,16.6299991607666,16.6299991607666,16.6299991607666,0.0
2023-07-28 00:00:00+00:00,15.920000076293945,15.920000076293945,15.920000076293945,15.920000076293945,0.0
2023-07-31 00:00:00+00:00,16.010000228881836,16.010000228881836,16.010000228881836,16.010000228881836,0.0
2023-08-01 00:00:00+00:00,16.34000015258789,16.34000015258789,16.34000015258789,16.34000015258789,0.0
2023-08-02 00:00:00+00:00,17.959999084472656,17.959999084472656,17.959999084472656,17.959999084472656,0.0
2023-08-03 00:00:00+00:00,17.719999313354492,17.719999313354492,17.719999313354492,17.719999313354492,0.0
2023-08-04 00:00:00+00:00,18.610000610351562,18.610000610351562,18.610000610351562,18.610000610351562,0.0
2023-08-07 00:00:00+00:00,17.719999313354492,17.719999313354492,17.719999313354492,17.719999313354492,0.0
2023-08-08 00:00:00+00:00,18.1299991607666,18.1299991607666,18.1299991607666,18.1299991607666,0.0
2023-08-09 00:00:00+00:00,18.049999237060547,18.049999237060547,18.049999237060547,18.049999237060547,0.0
2023-08-10 00:00:00+00:00,18.15999984741211,18.15999984741211,18.15999984741211,18.15999984741211,0.0
2023-08-11 00:00:00+00:00,17.559999465942383,17.559999465942383,17.559999465942383,17.559999465942383,0.0
2023-08-14 00:00:00+00:00,17.40999984741211,17.40999984741211,17.40999984741211,17.40999984741211,0.0
2023-08-15 00:00:00+00:00,18.59000015258789,18.59000015258789,18.59000015258789,18.59000015258789,0.0
2023-08-16 00:00:00+00:00,18.969999313354492,18.969999313354492,18.969999313354492,18.969999313354492,0.0
2023-08-17 00:00:00+00:00,19.829999923706055,19.829999923706055,19.829999923706055,19.829999923706055,0.0
2023-08-18 00:00:00+00:00,19.239999771118164,19.239999771118164,19.239999771118164,19.239999771118164,0.0
2023-08-21 00:00:00+00:00,18.770000457763672,18.770000457763672,18.770000457763672,18.770000457763672,0.0
2023-08-22 00:00:00+00:00,18.719999313354492,18.719999313354492,18.719999313354492,18.719999313354492,0.0
2023-08-23 00:00:00+00:00,17.940000534057617,17.940000534057617,17.940000534057617,17.940000534057617,0.0
2023-08-24 00:00:00+00:00,18.75,18.75,18.75,18.75,0.0
2023-08-25 00:00:00+00:00,17.719999313354492,17.719999313354492,17.719999313354492,17.719999313354492,0.0
2023-08-28 00:00:00+00:00,17.1200008392334,17.1200008392334,17.1200008392334,17.1200008392334,0.0
2023-08-29 00:00:00+00:00,16.559999465942383,16.559999465942383,16.559999465942383,16.559999465942383,0.0
2023-08-30 00:00:00+00:00,16.18000030517578,16.18000030517578,16.18000030517578,16.18000030517578,0.0
2023-08-31 00:00:00+00:00,15.920000076293945,15.920000076293945,15.920000076293945,15.920000076293945,0.0
2023-09-01 00:00:00+00:00,15.739999771118164,15.739999771118164,15.739999771118164,15.739999771118164,0.0
2023-09-05 00:00:00+00:00,16.239999771118164,16.239999771118164,16.239999771118164,16.239999771118164,0.0
2023-09-06 00:00:00+00:00,16.610000610351562,16.610000610351562,16.610000610351562,16.610000610351562,0.0
2023-09-07 00:00:00+00:00,16.579999923706055,16.579999923706055,16.579999923706055,16.579999923706055,0.0
2023-09-08 00:00:00+00:00,16.139999389648438,16.139999389648438,16.139999389648438,16.139999389648438,0.0
2023-09-11 00:00:00+00:00,16.020000457763672,16.020000457763672,16.020000457763672,16.020000457763672,0.0
2023-09-12 00:00:00+00:00,16.25,16.25,16.25,16.25,0.0
2023-09-13 00:00:00+00:00,15.920000076293945,15.920000076293945,15.920000076293945,15.920000076293945,0.0
2023-09-14 00:00:00+00:00,15.34000015258789,15.34000015258789,15.34000015258789,15.34000015258789,0.0
2023-09-15 00:00:00+00:00,16.020000457763672,16.020000457763672,16.020000457763672,16.020000457763672,0.0
2023-09-18 00:00:00+00:00,16.1299991607666,16.1299991607666,16.1299991607666,16.1299991607666,0.0
2023-09-19 00:00:00+00:00,16.1299991607666,16.1299991607666,16.1299991607666,16.1299991607666,0.0
2023-09-20 00:00:00+00:00,16.809999465942383,16.809999465942383,16.809999465942383,16.809999465942383,0.0
2023-09-21 00:00:00+00:00,18.239999771118164,18.239999771118164,18.239999771118164,18.239999771118164,0.0
2023-09-22 00:00:00+00:00,18.09000015258789,18.09000015258789,18.09000015258789,18.09000015258789,0.0
2023-09-25 00:00:00+00:00,18.020000457763672,18.020000457763672,18.020000457763672,18.020000457763672,0.0
2023-09-26 00:00:00+00:00,19.719999313354492,19.719999313354492,19.719999313354492,19.719999313354492,0.0
2023-09-27 00:00:00+00:00,19.110000610351562,19.110000610351562,19.110000610351562,19.110000610351562,0.0
2023-09-28 00:00:00+00:00,18.3799991607666,18.3799991607666,18.3799991607666,18.3799991607666,0.0
2023-09-29 00:00:00+00:00,18.510000228881836,18.510000228881836,18.510000228881836,18.510000228881836,0.0
2023-10-02 00:00:00+00:00,18.6200008392334,18.6200008392334,18.6200008392334,18.6200008392334,0.0
2023-10-03 00:00:00+00:00,20.40999984741211,20.40999984741211,20.40999984741211,20.40999984741211,0.0
2023-10-04 00:00:00+00:00,19.520000457763672,19.520000457763672,19.520000457763672,19.520000457763672,0.0
2023-10-05 00:00:00+00:00,19.5,19.5,19.5,19.5,0.0
2023-10-06 00:00:00+00:00,18.729999542236328,18.729999542236328,18.729999542236328,18.729999542236328,0.0
2023-10-09 00:00:00+00:00,18.809999465942383,18.809999465942383,18.809999465942383,18.809999465942383,0.0
2023-10-10 00:00:00+00:00,18.270000457763672,18.270000457763672,18.270000457763672,18.270000457763672,0.0
2023-10-11 00:00:00+00:00,17.6299991607666,17.6299991607666,17.6299991607666,17.6299991607666,0.0
2023-10-12 00:00:00+00:00,18.09000015258789,18.09000015258789,18.09000015258789,18.09000015258789,0.0
2023-10-13 00:00:00+00:00,20.56999969482422,20.56999969482422,20.56999969482422,20.56999969482422,0.0
2023-10-16 00:00:00+00:00,18.790000915527344,18.790000915527344,18.790000915527344,18.790000915527344,0.0
2023-10-17 00:00:00+00:00,19.260000228881836,19.260000228881836,19.260000228881836,19.260000228881836,0.0
2023-10-18 00:00:00+00:00,20.469999313354492,20.469999313354492,20.469999313354492,20.469999313354492,0.0
2023-10-19 00:00:00+00:00,22.190000534057617,22.190000534057617,22.190000534057617,22.190000534057617,0.0
2023-10-20 00:00:00+00:00,22.440000534057617,22.440000534057617,22.440000534057617,22.440000534057617,0.0
2023-10-23 00:00:00+00:00,21.329999923706055,21.329999923706055,21.329999923706055,21.329999923706055,0.0
2023-10-24 00:00:00+00:00,20.209999084472656,20.209999084472656,20.209999084472656,20.209999084472656,0.0
2023-10-25 00:00:00+00:00,21.329999923706055,21.329999923706055,21.329999923706055,21.329999923706055,0.0
2023-10-26 00:00:00+00:00,21.56999969482422,21.56999969482422,21.56999969482422,21.56999969482422,0.0
2023-10-27 00:00:00+00:00,22.270000457763672,22.270000457763672,22.270000457763672,22.270000457763672,0.0
2023-10-30 00:00:00+00:00,20.799999237060547,20.799999237060547,20.799999237060547,20.799999237060547,0.0
2023-10-31 00:00:00+00:00,19.489999771118164,19.489999771118164,19.489999771118164,19.489999771118164,0.0
2023-11-01 00:00:00+00:00,18.549999237060547,18.549999237060547,18.549999237060547,18.549999237060547,0.0
2023-11-02 00:00:00+00:00,17.799999237060547,17.799999237060547,17.799999237060547,17.799999237060547,0.0
2023-11-03 00:00:00+00:00,17.219999313354492,17.219999313354492,17.219999313354492,17.219999313354492,0.0
2023-11-06 00:00:00+00:00,17.030000686645508,17.030000686645508,17.030000686645508,17.030000686645508,0.0
2023-11-07 00:00:00+00:00,16.920000076293945,16.920000076293945,16.920000076293945,16.920000076293945,0.0
2023-11-08 00:00:00+00:00,16.639999389648438,16.639999389648438,16.639999389648438,16.639999389648438,0.0
2023-11-09 00:00:00+00:00,17.299999237060547,17.299999237060547,17.299999237060547,17.299999237060547,0.0
2023-11-10 00:00:00+00:00,16.520000457763672,16.520000457763672,16.520000457763672,16.520000457763672,0.0
2023-11-13 00:00:00+00:00,16.610000610351562,16.610000610351562,16.610000610351562,16.610000610351562,0.0
2023-11-14 00:00:00+00:00,16.290000915527344,16.290000915527344,16.290000915527344,16.290000915527344,0.0
2023-11-15 00:00:00+00:00,16.280000686645508,16.280000686645508,16.280000686645508,16.280000686645508,0.0
2023-11-16 00:00:00+00:00,16.139999389648438,16.139999389648438,16.139999389648438,16.139999389648438,0.0
2023-11-17 00:00:00+00:00,15.850000381469727,15.850000381469727,15.850000381469727,15.850000381469727,0.0
2023-11-20 00:00:00+00:00,15.6899995803833,15.6899995803833,15.6899995803833,15.6899995803833,0.0
2023-11-21 00:00:00+00:00,15.5,15.5,15.5,15.5,0.0
2023-11-22 00:00:00+00:00,15.479999542236328,15.479999542236328,15.479999542236328,15.479999542236328,0.0
2023-11-24 00:00:00+00:00,15.119999885559082,15.119999885559082,15.119999885559082,15.119999885559082,0.0
2023-11-27 00:00:00+00:00,15.34000015258789,15.34000015258789,15.34000015258789,15.34000015258789,0.0
2023-11-28 00:00:00+00:00,15.239999771118164,15.239999771118164,15.239999771118164,15.239999771118164,0.0
2023-11-29 00:00:00+00:00,15.510000228881836,15.510000228881836,15.510000228881836,15.510000228881836,0.0
2023-11-30 00:00:00+00:00,15.4399995803833,15.4399995803833,15.4399995803833,15.4399995803833,0.0
2023-12-01 00:00:00+00:00,15.359999656677246,15.359999656677246,15.359999656677246,15.359999656677246,0.0
2023-12-04 00:00:00+00:00,15.680000305175781,15.680000305175781,15.680000305175781,15.680000305175781,0.0
2023-12-05 00:00:00+00:00,15.569999694824219,15.569999694824219,15.569999694824219,15.569999694824219,0.0
2023-12-06 00:00:00+00:00,15.739999771118164,15.739999771118164,15.739999771118164,15.739999771118164,0.0
2023-12-07 00:00:00+00:00,15.649999618530273,15.649999618530273,15.649999618530273,15.649999618530273,0.0
2023-12-08 00:00:00+00:00,15.15999984741211,15.15999984741211,15.15999984741211,15.15999984741211,0.0
2023-12-11 00:00:00+00:00,15.1899995803833,15.1899995803833,15.1899995803833,15.1899995803833,0.0
2023-12-12 00:00:00+00:00,14.829999923706055,14.829999923706055,14.829999923706055,14.829999923706055,0.0
2023-12-13 00:00:00+00:00,14.65999984741211,14.65999984741211,14.65999984741211,14.65999984741211,0.0
2023-12-14 00:00:00+00:00,14.789999961853027,14.789999961853027,14.789999961853027,14.789999961853027,0.0
2023-12-15 00:00:00+00:00,15.130000114440918,15.130000114440918,15.130000114440918,15.130000114440918,0.0
2023-12-18 00:00:00+00:00,15.470000267028809,15.470000267028809,15.470000267028809,15.470000267028809,0.0
2023-12-19 00:00:00+00:00,15.640000343322754,15.640000343322754,15.640000343322754,15.640000343322754,0.0
2023-12-20 00:00:00+00:00,16.579999923706055,16.579999923706055,16.579999923706055,16.579999923706055,0.0
2023-12-21 00:00:00+00:00,16.299999237060547,16.299999237060547,16.299999237060547,16.299999237060547,0.0
2023-12-22 00:00:00+00:00,15.989999771118164,15.989999771118164,15.989999771118164,15.989999771118164,0.0
2023-12-26 00:00:00+00:00,15.880000114440918,15.880000114440918,15.880000114440918,15.880000114440918,0.0
2023-12-27 00:00:00+00:00,15.270000457763672,15.270000457763672,15.270000457763672,15.270000457763672,0.0
2023-12-28 00:00:00+00:00,15.229999542236328,15.229999542236328,15.229999542236328,15.229999542236328,0.0
2023-12-29 00:00:00+00:00,15.260000228881836,15.260000228881836,15.260000228881836,15.260000228881836,0.0
2024-01-02 00:00:00+00:00,15.479999542236328,15.479999542236328,15.479999542236328,15.479999542236328,0.0
2024-01-03 00:00:00+00:00,16.040000915527344,16.040000915527344,16.040000915527344,16.040000915527344,0.0
2024-01-04 00:00:00+00:00,16.040000915527344,16.040000915527344,16.040000915527344,16.040000915527344,0.0
2024-01-05 00:00:00+00:00,15.510000228881836,15.510000228881836,15.510000228881836,15.510000228881836,0.0
2024-01-08 00:00:00+00:00,15.140000343322754,15.140000343322754,15.140000343322754,15.140000343322754,0.0
2024-01-09 00:00:00+00:00,14.899999618530273,14.899999618530273,14.899999618530273,14.899999618530273,0.0
2024-01-10 00:00:00+00:00,14.729999542236328,14.729999542236328,14.729999542236328,14.729999542236328,0.0
2024-01-11 00:00:00+00:00,14.5600004196167,14.5600004196167,14.5600004196167,14.5600004196167,0.0
2024-01-12 00:00:00+00:00,14.9399995803833,14.9399995803833,14.9399995803833,14.9399995803833,0.0
2024-01-16 00:00:00+00:00,15.739999771118164,15.739999771118164,15.739999771118164,15.739999771118164,0.0
2024-01-17 00:00:00+00:00,16.3799991607666,16.3799991607666,16.3799991607666,16.3799991607666,0.0
2024-01-18 00:00:00+00:00,15.84000015258789,15.84000015258789,15.84000015258789,15.84000015258789,0.0
2024-01-19 00:00:00+00:00,15.260000228881836,15.260000228881836,15.260000228881836,15.260000228881836,0.0
2024-01-22 00:00:00+00:00,14.970000267028809,14.970000267028809,14.970000267028809,14.970000267028809,0.0
2024-01-23 00:00:00+00:00,14.520000457763672,14.520000457763672,14.520000457763672,14.520000457763672,0.0
2024-01-24 00:00:00+00:00,14.970000267028809,14.970000267028809,14.970000267028809,14.970000267028809,0.0
2024-01-25 00:00:00+00:00,15.100000381469727,15.100000381469727,15.100000381469727,15.100000381469727,0.0
2024-01-26 00:00:00+00:00,15.029999732971191,15.029999732971191,15.029999732971191,15.029999732971191,0.0
2024-01-29 00:00:00+00:00,15.220000267028809,15.220000267028809,15.220000267028809,15.220000267028809,0.0
2024-01-30 00:00:00+00:00,15.140000343322754,15.140000343322754,15.140000343322754,15.140000343322754,0.0
2024-01-31 00:00:00+00:00,15.960000038146973,15.960000038146973,15.960000038146973,15.960000038146973,0.0
2024-02-01 00:00:00+00:00,15.5,15.5,15.5,15.5,0.0
2024-02-02 00:00:00+00:00,15.609999656677246,15.609999656677246,15.609999656677246,15.609999656677246,0.0
2024-02-05 00:00:00+00:00,15.329999923706055,15.329999923706055,15.329999923706055,15.329999923706055,0.0
2024-02-06 00:00:00+00:00,14.989999771118164,14.989999771118164,14.989999771118164,14.989999771118164,0.0
2024-02-07 00:00:00+00:00,14.850000381469727,14.850000381469727,14.850000381469727,14.850000381469727,0.0
2024-02-08 00:00:00+00:00,14.930000305175781,14.930000305175781,14.930000305175781,14.930000305175781,0.0
2024-02-09 00:00:00+00:00,15.079999923706055,15.079999923706055,15.079999923706055,15.079999923706055,0.0
2024-02-12 00:00:00+00:00,15.670000076293945,15.670000076293945,15.670000076293945,15.670000076293945,0.0
2024-02-13 00:00:00+00:00,16.81999969482422,16.81999969482422,16.81999969482422,16.81999969482422,0.0
2024-02-14 00:00:00+00:00,15.930000305175781,15.930000305175781,15.930000305175781,15.930000305175781,0.0
2024-02-15 00:00:00+00:00,15.760000228881836,15.760000228881836,15.760000228881836,15.760000228881836,0.0
2024-02-16 00:00:00+00:00,15.859999656677246,15.859999656677246,15.859999656677246,15.859999656677246,0.0
2024-02-20 00:00:00+00:00,16.40999984741211,16.40999984741211,16.40999984741211,16.40999984741211,0.0
2024-02-21 00:00:00+00:00,16.229999542236328,16.229999542236328,16.229999542236328,16.229999542236328,0.0
2024-02-22 00:00:00+00:00,15.770000457763672,15.770000457763672,15.770000457763672,15.770000457763672,0.0
2024-02-23 00:00:00+00:00,15.25,15.25,15.25,15.25,0.0
2024-02-26 00:00:00+00:00,15.220000267028809,15.220000267028809,15.220000267028809,15.220000267028809,0.0
2024-02-27 00:00:00+00:00,14.890000343322754,14.890000343322754,14.890000343322754,14.890000343322754,0.0
2024-02-28 00:00:00+00:00,15.220000267028809,15.220000267028809,15.220000267028809,15.220000267028809,0.0
2024-02-29 00:00:00+00:00,14.930000305175781,14.930000305175781,14.930000305175781,14.930000305175781,0.0
2024-03-01 00:00:00+00:00,14.930000305175781,14.930000305175781,14.930000305175781,14.930000305175781,0.0
2024-03-04 00:00:00+00:00,15.229999542236328,15.229999542236328,15.229999542236328,15.229999542236328,0.0
2024-03-05 00:00:00+00:00,15.90999984741211,15.90999984741211,15.90999984741211,15.90999984741211,0.0
2024-03-06 00:00:00+00:00,15.970000267028809,15.970000267028809,15.970000267028809,15.970000267028809,0.0
2024-03-07 00:00:00+00:00,15.90999984741211,15.90999984741211,15.90999984741211,15.90999984741211,0.0
2024-03-08 00:00:00+00:00,16.299999237060547,16.299999237060547,16.299999237060547,16.299999237060547,0.0
2024-03-11 00:00:00+00:00,16.459999084472656,16.459999084472656,16.459999084472656,16.459999084472656,0.0
2024-03-12 00:00:00+00:00,15.65999984741211,15.65999984741211,15.65999984741211,15.65999984741211,0.0
2024-03-13 00:00:00+00:00,15.600000381469727,15.600000381469727,15.600000381469727,15.600000381469727,0.0
2024-03-14 00:00:00+00:00,16.1200008392334,16.1200008392334,16.1200008392334,16.1200008392334,0.0
2024-03-15 00:00:00+00:00,16.40999984741211,16.40999984741211,16.40999984741211,16.40999984741211,0.0
2024-03-18 00:00:00+00:00,16.219999313354492,16.219999313354492,16.219999313354492,16.219999313354492,0.0
2024-03-19 00:00:00+00:00,15.770000457763672,15.770000457763672,15.770000457763672,15.770000457763672,0.0
2024-03-20 00:00:00+00:00,15.279999732971191,15.279999732971191,15.279999732971191,15.279999732971191,0.0
2024-03-21 00:00:00+00:00,15.180000305175781,15.180000305175781,15.180000305175781,15.180000305175781,0.0
2024-03-22 00:00:00+00:00,15.300000190734863,15.300000190734863,15.300000190734863,15.300000190734863,0.0
2024-03-25 00:00:00+00:00,15.380000114440918,15.380000114440918,15.380000114440918,15.380000114440918,0.0
2024-03-26 00:00:00+00:00,15.289999961853027,15.289999961853027,15.289999961853027,15.289999961853027,0.0
2024-03-27 00:00:00+00:00,15.010000228881836,15.010000228881836,15.010000228881836,15.010000228881836,0.0
2024-03-28 00:00:00+00:00,15.1899995803833,15.1899995803833,15.1899995803833,15.1899995803833,0.0
2024-04-01 00:00:00+00:00,15.520000457763672,15.520000457763672,15.520000457763672,15.520000457763672,0.0
2024-04-02 00:00:00+00:00,16.09000015258789,16.09000015258789,16.09000015258789,16.09000015258789,0.0
2024-04-03 00:00:00+00:00,15.90999984741211,15.90999984741211,15.90999984741211,15.90999984741211,0.0
2024-04-04 00:00:00+00:00,17.15999984741211,17.15999984741211,17.15999984741211,17.15999984741211,0.0
2024-04-05 00:00:00+00:00,17.18000030517578,17.18000030517578,17.18000030517578,17.18000030517578,0.0
2024-04-08 00:00:00+00:00,16.559999465942383,16.559999465942383,16.559999465942383,16.559999465942383,0.0
2024-04-09 00:00:00+00:00,16.420000076293945,16.420000076293945,16.420000076293945,16.420000076293945,0.0
2024-04-10 00:00:00+00:00,17.040000915527344,17.040000915527344,17.040000915527344,17.040000915527344,0.0
2024-04-11 00:00:00+00:00,16.489999771118164,16.489999771118164,16.489999771118164,16.489999771118164,0.0
2024-04-12 00:00:00+00:00,18.200000762939453,18.200000762939453,18.200000762939453,18.200000762939453,0.0
2024-04-15 00:00:00+00:00,19.549999237060547,19.549999237060547,19.549999237060547,19.549999237060547,0.0
2024-04-16 00:00:00+00:00,18.84000015258789,18.84000015258789,18.84000015258789,18.84000015258789,0.0
2024-04-17 00:00:00+00:00,18.770000457763672,18.770000457763672,18.770000457763672,18.770000457763672,0.0
2024-04-18 00:00:00+00:00,18.65999984741211,18.65999984741211,18.65999984741211,18.65999984741211,0.0
2024-04-19 00:00:00+00:00,19.25,19.25,19.25,19.25,0.0
2024-04-22 00:00:00+00:00,17.6299991607666,17.6299991607666,17.6299991607666,17.6299991607666,0.0
2024-04-23 00:00:00+00:00,16.68000030517578,16.68000030517578,16.68000030517578,16.68000030517578,0.0
2024-04-24 00:00:00+00:00,16.84000015258789,16.84000015258789,16.84000015258789,16.84000015258789,0.0
2024-04-25 00:00:00+00:00,16.3700008392334,16.3700008392334,16.3700008392334,16.3700008392334,0.0
2024-04-26 00:00:00+00:00,16.270000457763672,16.270000457763672,16.270000457763672,16.270000457763672,0.0
2024-04-29 00:00:00+00:00,16.0,16.0,16.0,16.0,0.0
2024-04-30 00:00:00+00:00,16.59000015258789,16.59000015258789,16.59000015258789,16.59000015258789,0.0
2024-05-01 00:00:00+00:00,16.56999969482422,16.56999969482422,16.56999969482422,16.56999969482422,0.0
2024-05-02 00:00:00+00:00,16.049999237060547,16.049999237060547,16.049999237060547,16.049999237060547,0.0
2024-05-03 00:00:00+00:00,15.270000457763672,15.270000457763672,15.270000457763672,15.270000457763672,0.0
2024-05-06 00:00:00+00:00,15.020000457763672,15.020000457763672,15.020000457763672,15.020000457763672,0.0
2024-05-07 00:00:00+00:00,14.949999809265137,14.949999809265137,14.949999809265137,14.949999809265137,0.0
2024-05-08 00:00:00+00:00,14.899999618530273,14.899999618530273,14.899999618530273,14.899999618530273,0.0
2024-05-09 00:00:00+00:00,14.710000038146973,14.710000038146973,14.710000038146973,14.710000038146973,0.0
2024-05-10 00:00:00+00:00,14.65999984741211,14.65999984741211,14.65999984741211,14.65999984741211,0.0
2024-05-13 00:00:00+00:00,14.890000343322754,14.890000343322754,14.890000343322754,14.890000343322754,0.0
2024-05-14 00:00:00+00:00,14.699999809265137,14.699999809265137,14.699999809265137,14.699999809265137,0.0
2024-05-15 00:00:00+00:00,14.079999923706055,14.079999923706055,14.079999923706055,14.079999923706055,0.0
2024-05-16 00:00:00+00:00,14.220000267028809,14.220000267028809,14.220000267028809,14.220000267028809,0.0
2024-05-17 00:00:00+00:00,13.989999771118164,13.989999771118164,13.989999771118164,13.989999771118164,0.0
2024-05-20 00:00:00+00:00,14.109999656677246,14.109999656677246,14.109999656677246,14.109999656677246,0.0
2024-05-21 00:00:00+00:00,13.949999809265137,13.949999809265137,13.949999809265137,13.949999809265137,0.0
2024-05-22 00:00:00+00:00,14.3100004196167,14.3100004196167,14.3100004196167,14.3100004196167,0.0
2024-05-23 00:00:00+00:00,14.670000076293945,14.670000076293945,14.670000076293945,14.670000076293945,0.0
2024-05-24 00:00:00+00:00,14.170000076293945,14.170000076293945,14.170000076293945,14.170000076293945,0.0
2024-05-28 00:00:00+00:00,14.720000267028809,14.720000267028809,14.720000267028809,14.720000267028809,0.0
2024-05-29 00:00:00+00:00,15.449999809265137,15.449999809265137,15.449999809265137,15.449999809265137,0.0
2024-05-30 00:00:00+00:00,15.59000015258789,15.59000015258789,15.59000015258789,15.59000015258789,0.0
2024-05-31 00:00:00+00:00,14.65999984741211,14.65999984741211,14.65999984741211,14.65999984741211,0.0
2024-06-03 00:00:00+00:00,14.800000190734863,14.800000190734863,14.800000190734863,14.800000190734863,0.0
2024-06-04 00:00:00+00:00,14.880000114440918,14.880000114440918,14.880000114440918,14.880000114440918,0.0
2024-06-05 00:00:00+00:00,14.539999961853027,14.539999961853027,14.539999961853027,14.539999961853027,0.0
2024-06-06 00:00:00+00:00,14.539999961853027,14.539999961853027,14.539999961853027,14.539999961853027,0.0
2024-06-07 00:00:00+00:00,14.40999984741211,14.40999984741211,14.40999984741211,14.40999984741211,0.0
2024-06-10 00:00:00+00:00,14.600000381469727,14.600000381469727,14.600000381469727,14.600000381469727,0.0
2024-06-11 00:00:00+00:00,14.489999771118164,14.489999771118164,14.489999771118164,14.489999771118164,0.0
2024-06-12 00:00:00+00:00,14.119999885559082,14.119999885559082,14.119999885559082,14.119999885559082,0.0
2024-06-13 00:00:00+00:00,14.170000076293945,14.170000076293945,14.170000076293945,14.170000076293945,0.0
2024-06-14 00:00:00+00:00,14.84000015258789,14.84000015258789,14.84000015258789,14.84000015258789,0.0
2024-06-17 00:00:00+00:00,14.789999961853027,14.789999961853027,14.789999961853027,14.789999961853027,0.0
2024-06-18 00:00:00+00:00,14.6899995803833,14.6899995803833,14.6899995803833,14.6899995803833,0.0
2024-06-20 00:00:00+00:00,15.40999984741211,15.40999984741211,15.40999984741211,15.40999984741211,0.0
2024-06-21 00:00:00+00:00,15.170000076293945,15.170000076293945,15.170000076293945,15.170000076293945,0.0
2024-06-24 00:00:00+00:00,15.229999542236328,15.229999542236328,15.229999542236328,15.229999542236328,0.0
2024-06-25 00:00:00+00:00,14.859999656677246,14.859999656677246,14.859999656677246,14.859999656677246,0.0
2024-06-26 00:00:00+00:00,14.710000038146973,14.710000038146973,14.710000038146973,14.710000038146973,0.0
2024-06-27 00:00:00+00:00,14.420000076293945,14.420000076293945,14.420000076293945,14.420000076293945,0.0
2024-06-28 00:00:00+00:00,14.520000457763672,14.520000457763672,14.520000457763672,14.520000457763672,0.0
2024-07-01 00:00:00+00:00,14.1899995803833,14.1899995803833,14.1899995803833,14.1899995803833,0.0
2024-07-02 00:00:00+00:00,14.010000228881836,14.010000228881836,14.010000228881836,14.010000228881836,0.0
2024-07-03 00:00:00+00:00,14.020000457763672,14.020000457763672,14.020000457763672,14.020000457763672,0.0
2024-07-05 00:00:00+00:00,14.350000381469727,14.350000381469727,14.350000381469727,14.350000381469727,0.0
2024-07-08 00:00:00+00:00,14.289999961853027,14.289999961853027,14.289999961853027,14.289999961853027,0.0
2024-07-09 00:00:00+00:00,14.390000343322754,14.390000343322754,14.390000343322754,14.390000343322754,0.0
2024-07-10 00:00:00+00:00,14.5,14.5,14.5,14.5,0.0
2024-07-11 00:00:00+00:00,14.670000076293945,14.670000076293945,14.670000076293945,14.670000076293945,0.0
2024-07-12 00:00:00+00:00,14.369999885559082,14.369999885559082,14.369999885559082,14.369999885559082,0.0
2024-07-15 00:00:00+00:00,14.869999885559082,14.869999885559082,14.869999885559082,14.869999885559082,0.0
2024-07-16 00:00:00+00:00,14.90999984741211,14.90999984741211,14.90999984741211,14.90999984741211,0.0
2024-07-17 00:00:00+00:00,15.789999961853027,15.789999961853027,15.789999961853027,15.789999961853027,0.0
2024-07-18 00:00:00+00:00,16.559999465942383,16.559999465942383,16.559999465942383,16.559999465942383,0.0
2024-07-19 00:00:00+00:00,17.15999984741211,17.15999984741211,17.15999984741211,17.15999984741211,0.0
2024-07-22 00:00:00+00:00,16.09000015258789,16.09000015258789,16.09000015258789,16.09000015258789,0.0
2024-07-23 00:00:00+00:00,16.010000228881836,16.010000228881836,16.010000228881836,16.010000228881836,0.0
2024-07-24 00:00:00+00:00,18.43000030517578,18.43000030517578,18.43000030517578,18.43000030517578,0.0
2024-07-25 00:00:00+00:00,18.690000534057617,18.690000534057617,18.690000534057617,18.690000534057617,0.0
2024-07-26 00:00:00+00:00,17.239999771118164,17.239999771118164,17.239999771118164,17.239999771118164,0.0
2024-07-29 00:00:00+00:00,17.15999984741211,17.15999984741211,17.15999984741211,17.15999984741211,0.0
2024-07-30 00:00:00+00:00,18.010000228881836,18.010000228881836,18.010000228881836,18.010000228881836,0.0
2024-07-31 00:00:00+00:00,16.969999313354492,16.969999313354492,16.969999313354492,16.969999313354492,0.0
2024-08-01 00:00:00+00:00,19.139999389648438,19.139999389648438,19.139999389648438,19.139999389648438,0.0
2024-08-02 00:00:00+00:00,23.34000015258789,23.34000015258789,23.34000015258789,23.34000015258789,0.0
2024-08-05 00:00:00+00:00,33.709999084472656,33.709999084472656,33.709999084472656,33.709999084472656,0.0
2024-08-06 00:00:00+00:00,26.760000228881836,26.760000228881836,26.760000228881836,26.760000228881836,0.0
2024-08-07 00:00:00+00:00,27.010000228881836,27.010000228881836,27.010000228881836,27.010000228881836,0.0
2024-08-08 00:00:00+00:00,24.1299991607666,24.1299991607666,24.1299991607666,24.1299991607666,0.0
2024-08-09 00:00:00+00:00,21.18000030517578,21.18000030517578,21.18000030517578,21.18000030517578,0.0
2024-08-12 00:00:00+00:00,21.6299991607666,21.6299991607666,21.6299991607666,21.6299991607666,0.0
2024-08-13 00:00:00+00:00,19.860000610351562,19.860000610351562,19.860000610351562,19.860000610351562,0.0
2024-08-14 00:00:00+00:00,18.450000762939453,18.450000762939453,18.450000762939453,18.450000762939453,0.0
2024-08-15 00:00:00+00:00,17.8799991607666,17.8799991607666,17.8799991607666,17.8799991607666,0.0
2024-08-16 00:00:00+00:00,17.809999465942383,17.809999465942383,17.809999465942383,17.809999465942383,0.0
2024-08-19 00:00:00+00:00,17.59000015258789,17.59000015258789,17.59000015258789,17.59000015258789,0.0
2024-08-20 00:00:00+00:00,18.280000686645508,18.280000686645508,18.280000686645508,18.280000686645508,0.0
2024-08-21 00:00:00+00:00,18.579999923706055,18.579999923706055,18.579999923706055,18.579999923706055,0.0
2024-08-22 00:00:00+00:00,19.360000610351562,19.360000610351562,19.360000610351562,19.360000610351562,0.0
2024-08-23 00:00:00+00:00,18.190000534057617,18.190000534057617,18.190000534057617,18.190000534057617,0.0
2024-08-26 00:00:00+00:00,18.25,18.25,18.25,18.25,0.0
2024-08-27 00:00:00+00:00,17.729999542236328,17.729999542236328,17.729999542236328,17.729999542236328,0.0
2024-08-28 00:00:00+00:00,18.899999618530273,18.899999618530273,18.899999618530273,18.899999618530273,0.0
2024-08-29 00:00:00+00:00,18.0,18.0,18.0,18.0,0.0
2024-08-30 00:00:00+00:00,17.43000030517578,17.43000030517578,17.43000030517578,17.43000030517578,0.0
2024-09-03 00:00:00+00:00,21.700000762939453,21.700000762939453,21.700000762939453,21.700000762939453,0.0
2024-09-04 00:00:00+00:00,22.06999969482422,22.06999969482422,22.06999969482422,22.06999969482422,0.0
2024-09-05 00:00:00+00:00,20.93000030517578,20.93000030517578,20.93000030517578,20.93000030517578,0.0
2024-09-06 00:00:00+00:00,22.739999771118164,22.739999771118164,22.739999771118164,22.739999771118164,0.0
2024-09-09 00:00:00+00:00,20.8799991607666,20.8799991607666,20.8799991607666,20.8799991607666,0.0
2024-09-10 00:00:00+00:00,20.549999237060547,20.549999237060547,20.549999237060547,20.549999237060547,0.0
2024-09-11 00:00:00+00:00,19.59000015258789,19.59000015258789,19.59000015258789,19.59000015258789,0.0
2024-09-12 00:00:00+00:00,19.479999542236328,19.479999542236328,19.479999542236328,19.479999542236328,0.0
2024-09-13 00:00:00+00:00,19.280000686645508,19.280000686645508,19.280000686645508,19.280000686645508,0.0
2024-09-16 00:00:00+00:00,19.809999465942383,19.809999465942383,19.809999465942383,19.809999465942383,0.0
2024-09-17 00:00:00+00:00,20.1299991607666,20.1299991607666,20.1299991607666,20.1299991607666,0.0
2024-09-18 00:00:00+00:00,20.350000381469727,20.350000381469727,20.350000381469727,20.350000381469727,0.0
2024-09-19 00:00:00+00:00,19.06999969482422,19.06999969482422,19.06999969482422,19.06999969482422,0.0
2024-09-20 00:00:00+00:00,18.940000534057617,18.940000534057617,18.940000534057617,18.940000534057617,0.0
2024-09-23 00:00:00+00:00,18.700000762939453,18.700000762939453,18.700000762939453,18.700000762939453,0.0
2024-09-24 00:00:00+00:00,18.469999313354492,18.469999313354492,18.469999313354492,18.469999313354492,0.0
2024-09-25 00:00:00+00:00,18.56999969482422,18.56999969482422,18.56999969482422,18.56999969482422,0.0
2024-09-26 00:00:00+00:00,18.450000762939453,18.450000762939453,18.450000762939453,18.450000762939453,0.0
2024-09-27 00:00:00+00:00,19.540000915527344,19.540000915527344,19.540000915527344,19.540000915527344,0.0
2024-09-30 00:00:00+00:00,19.219999313354492,19.219999313354492,19.219999313354492,19.219999313354492,0.0
2024-10-01 00:00:00+00:00,20.889999389648438,20.889999389648438,20.889999389648438,20.889999389648438,0.0
2024-10-02 00:00:00+00:00,20.59000015258789,20.59000015258789,20.59000015258789,20.59000015258789,0.0
2024-10-03 00:00:00+00:00,21.6299991607666,21.6299991607666,21.6299991607666,21.6299991607666,0.0
2024-10-04 00:00:00+00:00,20.649999618530273,20.649999618530273,20.649999618530273,20.649999618530273,0.0
2024-10-07 00:00:00+00:00,22.59000015258789,22.59000015258789,22.59000015258789,22.59000015258789,0.0
2024-10-08 00:00:00+00:00,21.520000457763672,21.520000457763672,21.520000457763672,21.520000457763672,0.0
2024-10-09 00:00:00+00:00,20.90999984741211,20.90999984741211,20.90999984741211,20.90999984741211,0.0
2024-10-10 00:00:00+00:00,21.020000457763672,21.020000457763672,21.020000457763672,21.020000457763672,0.0
2024-10-11 00:00:00+00:00,20.770000457763672,20.770000457763672,20.770000457763672,20.770000457763672,0.0
2024-10-14 00:00:00+00:00,20.1200008392334,20.1200008392334,20.1200008392334,20.1200008392334,0.0
2024-10-15 00:00:00+00:00,20.799999237060547,20.799999237060547,20.799999237060547,20.799999237060547,0.0
2024-10-16 00:00:00+00:00,20.31999969482422,20.31999969482422,20.31999969482422,20.31999969482422,0.0
2024-10-17 00:00:00+00:00,19.809999465942383,19.809999465942383,19.809999465942383,19.809999465942383,0.0
2024-10-18 00:00:00+00:00,19.190000534057617,19.190000534057617,19.190000534057617,19.190000534057617,0.0
2024-10-21 00:00:00+00:00,19.239999771118164,19.239999771118164,19.239999771118164,19.239999771118164,0.0
2024-10-22 00:00:00+00:00,19.170000076293945,19.170000076293945,19.170000076293945,19.170000076293945,0.0
2024-10-23 00:00:00+00:00,20.040000915527344,20.040000915527344,20.040000915527344,20.040000915527344,0.0
2024-10-24 00:00:00+00:00,19.850000381469727,19.850000381469727,19.850000381469727,19.850000381469727,0.0
2024-10-25 00:00:00+00:00,20.940000534057617,20.940000534057617,20.940000534057617,20.940000534057617,0.0
2024-10-28 00:00:00+00:00,20.170000076293945,20.170000076293945,20.170000076293945,20.170000076293945,0.0
2024-10-29 00:00:00+00:00,19.959999084472656,19.959999084472656,19.959999084472656,19.959999084472656,0.0
2024-10-30 00:00:00+00:00,20.760000228881836,20.760000228881836,20.760000228881836,20.760000228881836,0.0
2024-10-31 00:00:00+00:00,22.639999389648438,22.639999389648438,22.639999389648438,22.639999389648438,0.0
2024-11-01 00:00:00+00:00,21.90999984741211,21.90999984741211,21.90999984741211,21.90999984741211,0.0
2024-11-04 00:00:00+00:00,21.56999969482422,21.56999969482422,21.56999969482422,21.56999969482422,0.0
2024-11-05 00:00:00+00:00,20.190000534057617,20.190000534057617,20.190000534057617,20.190000534057617,0.0
2024-11-06 00:00:00+00:00,17.670000076293945,17.670000076293945,17.670000076293945,17.670000076293945,0.0
2024-11-07 00:00:00+00:00,16.950000762939453,16.950000762939453,16.950000762939453,16.950000762939453,0.0
2024-11-08 00:00:00+00:00,16.829999923706055,16.829999923706055,16.829999923706055,16.829999923706055,0.0
2024-11-11 00:00:00+00:00,16.799999237060547,16.799999237060547,16.799999237060547,16.799999237060547,0.0
2024-11-12 00:00:00+00:00,16.709999084472656,16.709999084472656,16.709999084472656,16.709999084472656,0.0
2024-11-13 00:00:00+00:00,16.510000228881836,16.510000228881836,16.510000228881836,16.510000228881836,0.0
2024-11-14 00:00:00+00:00,16.68000030517578,16.68000030517578,16.68000030517578,16.68000030517578,0.0
2024-11-15 00:00:00+00:00,17.809999465942383,17.809999465942383,17.809999465942383,17.809999465942383,0.0
2024-11-18 00:00:00+00:00,17.190000534057617,17.190000534057617,17.190000534057617,17.190000534057617,0.0
2024-11-19 00:00:00+00:00,17.690000534057617,17.690000534057617,17.690000534057617,17.690000534057617,0.0
2024-11-20 00:00:00+00:00,18.260000228881836,18.260000228881836,18.260000228881836,18.260000228881836,0.0
2024-11-21 00:00:00+00:00,18.18000030517578,18.18000030517578,18.18000030517578,18.18000030517578,0.0
2024-11-22 00:00:00+00:00,17.299999237060547,17.299999237060547,17.299999237060547,17.299999237060547,0.0
2024-11-25 00:00:00+00:00,16.8700008392334,16.8700008392334,16.8700008392334,16.8700008392334,0.0
2024-11-26 00:00:00+00:00,16.530000686645508,16.530000686645508,16.530000686645508,16.530000686645508,0.0
2024-11-27 00:00:00+00:00,16.600000381469727,16.600000381469727,16.600000381469727,16.600000381469727,0.0
2024-11-29 00:00:00+00:00,16.260000228881836,16.260000228881836,16.260000228881836,16.260000228881836,0.0
2024-12-02 00:00:00+00:00,16.34000015258789,16.34000015258789,16.34000015258789,16.34000015258789,0.0
2024-12-03 00:00:00+00:00,16.239999771118164,16.239999771118164,16.239999771118164,16.239999771118164,0.0
2024-12-04 00:00:00+00:00,16.389999389648438,16.389999389648438,16.389999389648438,16.389999389648438,0.0
2024-12-05 00:00:00+00:00,16.579999923706055,16.579999923706055,16.579999923706055,16.579999923706055,0.0
2024-12-06 00:00:00+00:00,16.31999969482422,16.31999969482422,16.31999969482422,16.31999969482422,0.0
2024-12-09 00:00:00+00:00,17.09000015258789,17.09000015258789,17.09000015258789,17.09000015258789,0.0
2024-12-10 00:00:00+00:00,16.979999542236328,16.979999542236328,16.979999542236328,16.979999542236328,0.0
2024-12-11 00:00:00+00:00,16.8799991607666,16.8799991607666,16.8799991607666,16.8799991607666,0.0
2024-12-12 00:00:00+00:00,17.350000381469727,17.350000381469727,17.350000381469727,17.350000381469727,0.0
2024-12-13 00:00:00+00:00,17.149999618530273,17.149999618530273,17.149999618530273,17.149999618530273,0.0
2024-12-16 00:00:00+00:00,17.56999969482422,17.56999969482422,17.56999969482422,17.56999969482422,0.0
2024-12-17 00:00:00+00:00,18.1299991607666,18.1299991607666,18.1299991607666,18.1299991607666,0.0
2024-12-18 00:00:00+00:00,24.239999771118164,24.239999771118164,24.239999771118164,24.239999771118164,0.0
2024-12-19 00:00:00+00:00,24.139999389648438,24.139999389648438,24.139999389648438,24.139999389648438,0.0
2024-12-20 00:00:00+00:00,20.100000381469727,20.100000381469727,20.100000381469727,20.100000381469727,0.0
2024-12-23 00:00:00+00:00,18.649999618530273,18.649999618530273,18.649999618530273,18.649999618530273,0.0
2024-12-24 00:00:00+00:00,17.200000762939453,17.200000762939453,17.200000762939453,17.200000762939453,0.0
2024-12-26 00:00:00+00:00,17.360000610351562,17.360000610351562,17.360000610351562,17.360000610351562,0.0
2024-12-27 00:00:00+00:00,18.06999969482422,18.06999969482422,18.06999969482422,18.06999969482422,0.0
2024-12-30 00:00:00+00:00,18.940000534057617,18.940000534057617,18.940000534057617,18.940000534057617,0.0
2024-12-31 00:00:00+00:00,18.979999542236328,18.979999542236328,18.979999542236328,18.979999542236328,0.0
2025-01-02 00:00:00+00:00,19.329999923706055,19.329999923706055,19.329999923706055,19.329999923706055,0.0
2025-01-03 00:00:00+00:00,18.139999389648438,18.139999389648438,18.139999389648438,18.139999389648438,0.0
2025-01-06 00:00:00+00:00,18.030000686645508,18.030000686645508,18.030000686645508,18.030000686645508,0.0
2025-01-07 00:00:00+00:00,19.190000534057617,19.190000534057617,19.190000534057617,19.190000534057617,0.0
2025-01-08 00:00:00+00:00,19.34000015258789,19.34000015258789,19.34000015258789,19.34000015258789,0.0
2025-01-10 00:00:00+00:00,20.969999313354492,20.969999313354492,20.969999313354492,20.969999313354492,0.0
2025-01-13 00:00:00+00:00,20.43000030517578,20.43000030517578,20.43000030517578,20.43000030517578,0.0
2025-01-14 00:00:00+00:00,19.989999771118164,19.989999771118164,19.989999771118164,19.989999771118164,0.0
2025-01-15 00:00:00+00:00,18.229999542236328,18.229999542236328,18.229999542236328,18.229999542236328,0.0
2025-01-16 00:00:00+00:00,18.350000381469727,18.350000381469727,18.350000381469727,18.350000381469727,0.0
2025-01-17 00:00:00+00:00,18.190000534057617,18.190000534057617,18.190000534057617,18.190000534057617,0.0
2025-01-21 00:00:00+00:00,17.5,17.5,17.5,17.5,0.0
2025-01-22 00:00:00+00:00,17.809999465942383,17.809999465942383,17.809999465942383,17.809999465942383,0.0
2025-01-23 00:00:00+00:00,17.520000457763672,17.520000457763672,17.520000457763672,17.520000457763672,0.0
2025-01-24 00:00:00+00:00,17.549999237060547,17.549999237060547,17.549999237060547,17.549999237060547,0.0
2025-01-27 00:00:00+00:00,18.969999313354492,18.969999313354492,18.969999313354492,18.969999313354492,0.0
2025-01-28 00:00:00+00:00,18.1299991607666,18.1299991607666,18.1299991607666,18.1299991607666,0.0
2025-01-29 00:00:00+00:00,18.149999618530273,18.149999618530273,18.149999618530273,18.149999618530273,0.0
2025-01-30 00:00:00+00:00,17.90999984741211,17.90999984741211,17.90999984741211,17.90999984741211,0.0
2025-01-31 00:00:00+00:00,18.43000030517578,18.43000030517578,18.43000030517578,18.43000030517578,0.0
2025-02-03 00:00:00+00:00,19.549999237060547,19.549999237060547,19.549999237060547,19.549999237060547,0.0
2025-02-04 00:00:00+00:00,18.639999389648438,18.639999389648438,18.639999389648438,18.639999389648438,0.0
2025-02-05 00:00:00+00:00,17.959999084472656,17.959999084472656,17.959999084472656,17.959999084472656,0.0
2025-02-06 00:00:00+00:00,17.940000534057617,17.940000534057617,17.940000534057617,17.940000534057617,0.0
2025-02-07 00:00:00+00:00,18.6299991607666,18.6299991607666,18.6299991607666,18.6299991607666,0.0
2025-02-10 00:00:00+00:00,18.229999542236328,18.229999542236328,18.229999542236328,18.229999542236328,0.0
2025-02-11 00:00:00+00:00,18.280000686645508,18.280000686645508,18.280000686645508,18.280000686645508,0.0
2025-02-12 00:00:00+00:00,18.309999465942383,18.309999465942383,18.309999465942383,18.309999465942383,0.0
2025-02-13 00:00:00+00:00,17.84000015258789,17.84000015258789,17.84000015258789,17.84000015258789,0.0
2025-02-14 00:00:00+00:00,17.809999465942383,17.809999465942383,17.809999465942383,17.809999465942383,0.0
2025-02-18 00:00:00+00:00,17.81999969482422,17.81999969482422,17.81999969482422,17.81999969482422,0.0
2025-02-19 00:00:00+00:00,17.93000030517578,17.93000030517578,17.93000030517578,17.93000030517578,0.0
2025-02-20 00:00:00+00:00,18.010000228881836,18.010000228881836,18.010000228881836,18.010000228881836,0.0
2025-02-21 00:00:00+00:00,19.479999542236328,19.479999542236328,19.479999542236328,19.479999542236328,0.0
2025-02-24 00:00:00+00:00,19.860000610351562,19.860000610351562,19.860000610351562,19.860000610351562,0.0
2025-02-25 00:00:00+00:00,20.030000686645508,20.030000686645508,20.030000686645508,20.030000686645508,0.0
2025-02-26 00:00:00+00:00,19.75,19.75,19.75,19.75,0.0
2025-02-27 00:00:00+00:00,21.219999313354492,21.219999313354492,21.219999313354492,21.219999313354492,0.0
2025-02-28 00:00:00+00:00,20.18000030517578,20.18000030517578,20.18000030517578,20.18000030517578,0.0
2025-03-03 00:00:00+00:00,22.18000030517578,22.18000030517578,22.18000030517578,22.18000030517578,0.0
2025-03-04 00:00:00+00:00,22.780000686645508,22.780000686645508,22.780000686645508,22.780000686645508,0.0
2025-03-05 00:00:00+00:00,21.719999313354492,21.719999313354492,21.719999313354492,21.719999313354492,0.0
2025-03-06 00:00:00+00:00,23.700000762939453,23.700000762939453,23.700000762939453,23.700000762939453,0.0
2025-03-07 00:00:00+00:00,22.59000015258789,22.59000015258789,22.59000015258789,22.59000015258789,0.0
2025-03-10 00:00:00+00:00,25.719999313354492,25.719999313354492,25.719999313354492,25.719999313354492,0.0
2025-03-11 00:00:00+00:00,25.34000015258789,25.34000015258789,25.34000015258789,25.34000015258789,0.0
2025-03-12 00:00:00+00:00,23.670000076293945,23.670000076293945,23.670000076293945,23.670000076293945,0.0
2025-03-13 00:00:00+00:00,24.059999465942383,24.059999465942383,24.059999465942383,24.059999465942383,0.0
2025-03-14 00:00:00+00:00,22.170000076293945,22.170000076293945,22.170000076293945,22.170000076293945,0.0
2025-03-17 00:00:00+00:00,21.299999237060547,21.299999237060547,21.299999237060547,21.299999237060547,0.0
2025-03-18 00:00:00+00:00,21.969999313354492,21.969999313354492,21.969999313354492,21.969999313354492,0.0
2025-03-19 00:00:00+00:00,20.829999923706055,20.829999923706055,20.829999923706055,20.829999923706055,0.0
2025-03-20 00:00:00+00:00,20.709999084472656,20.709999084472656,20.709999084472656,20.709999084472656,0.0
2025-03-21 00:00:00+00:00,20.350000381469727,20.350000381469727,20.350000381469727,20.350000381469727,0.0
2025-03-24 00:00:00+00:00,19.040000915527344,19.040000915527344,19.040000915527344,19.040000915527344,0.0
2025-03-25 00:00:00+00:00,19.049999237060547,19.049999237060547,19.049999237060547,19.049999237060547,0.0
2025-03-26 00:00:00+00:00,19.84000015258789,19.84000015258789,19.84000015258789,19.84000015258789,0.0
2025-03-27 00:00:00+00:00,19.889999389648438,19.889999389648438,19.889999389648438,19.889999389648438,0.0
2025-03-28 00:00:00+00:00,22.010000228881836,22.010000228881836,22.010000228881836,22.010000228881836,0.0
2025-03-31 00:00:00+00:00,21.969999313354492,21.969999313354492,21.969999313354492,21.969999313354492,0.0
2025-04-01 00:00:00+00:00,21.81999969482422,21.81999969482422,21.81999969482422,21.81999969482422,0.0
2025-04-02 00:00:00+00:00,21.450000762939453,21.450000762939453,21.450000762939453,21.450000762939453,0.0
2025-04-03 00:00:00+00:00,27.3799991607666,27.3799991607666,27.3799991607666,27.3799991607666,0.0
2025-04-04 00:00:00+00:00,36.709999084472656,36.709999084472656,36.709999084472656,36.709999084472656,0.0
2025-04-07 00:00:00+00:00,36.880001068115234,36.880001068115234,36.880001068115234,36.880001068115234,0.0
2025-04-08 00:00:00+00:00,41.5,41.5,41.5,41.5,0.0
2025-04-09 00:00:00+00:00,29.920000076293945,29.920000076293945,29.920000076293945,29.920000076293945,0.0
2025-04-10 00:00:00+00:00,35.709999084472656,35.709999084472656,35.709999084472656,35.709999084472656,0.0
2025-04-11 00:00:00+00:00,33.90999984741211,33.90999984741211,33.90999984741211,33.90999984741211,0.0
2025-04-14 00:00:00+00:00,29.6299991607666,29.6299991607666,29.6299991607666,29.6299991607666,0.0
2025-04-15 00:00:00+00:00,29.0,29.0,29.0,29.0,0.0
2025-04-16 00:00:00+00:00,30.940000534057617,30.940000534057617,30.940000534057617,30.940000534057617,0.0
2025-04-17 00:00:00+00:00,29.350000381469727,29.350000381469727,29.350000381469727,29.350000381469727,0.0
2025-04-21 00:00:00+00:00,31.829999923706055,31.829999923706055,31.829999923706055,31.829999923706055,0.0
2025-04-22 00:00:00+00:00,29.450000762939453,29.450000762939453,29.450000762939453,29.450000762939453,0.0
2025-04-23 00:00:00+00:00,28.020000457763672,28.020000457763672,28.020000457763672,28.020000457763672,0.0
2025-04-24 00:00:00+00:00,26.440000534057617,26.440000534057617,26.440000534057617,26.440000534057617,0.0
2025-04-25 00:00:00+00:00,25.3700008392334,25.3700008392334,25.3700008392334,25.3700008392334,0.0
2025-04-28 00:00:00+00:00,25.729999542236328,25.729999542236328,25.729999542236328,25.729999542236328,0.0
2025-04-29 00:00:00+00:00,25.219999313354492,25.219999313354492,25.219999313354492,25.219999313354492,0.0
2025-04-30 00:00:00+00:00,25.540000915527344,25.540000915527344,25.540000915527344,25.540000915527344,0.0
2025-05-01 00:00:00+00:00,25.489999771118164,25.489999771118164,25.489999771118164,25.489999771118164,0.0
2025-05-02 00:00:00+00:00,24.0,24.0,24.0,24.0,0.0
2025-05-05 00:00:00+00:00,24.549999237060547,24.549999237060547,24.549999237060547,24.549999237060547,0.0
2025-05-06 00:00:00+00:00,25.40999984741211,25.40999984741211,25.40999984741211,25.40999984741211,0.0
2025-05-07 00:00:00+00:00,24.700000762939453,24.700000762939453,24.700000762939453,24.700000762939453,0.0
2025-05-08 00:00:00+00:00,23.760000228881836,23.760000228881836,23.760000228881836,23.760000228881836,0.0
2025-05-09 00:00:00+00:00,23.3799991607666,23.3799991607666,23.3799991607666,23.3799991607666,0.0
2025-05-12 00:00:00+00:00,20.219999313354492,20.219999313354492,20.219999313354492,20.219999313354492,0.0
2025-05-13 00:00:00+00:00,20.09000015258789,20.09000015258789,20.09000015258789,20.09000015258789,0.0
2025-05-14 00:00:00+00:00,20.579999923706055,20.579999923706055,20.579999923706055,20.579999923706055,0.0
2025-05-15 00:00:00+00:00,20.25,20.25,20.25,20.25,0.0
2025-05-16 00:00:00+00:00,20.079999923706055,20.079999923706055,20.079999923706055,20.079999923706055,0.0
2025-05-19 00:00:00+00:00,20.690000534057617,20.690000534057617,20.690000534057617,20.690000534057617,0.0
2025-05-20 00:00:00+00:00,20.719999313354492,20.719999313354492,20.719999313354492,20.719999313354492,0.0
2025-05-21 00:00:00+00:00,22.65999984741211,22.65999984741211,22.65999984741211,22.65999984741211,0.0
2025-05-22 00:00:00+00:00,22.31999969482422,22.31999969482422,22.31999969482422,22.31999969482422,0.0
2025-05-23 00:00:00+00:00,23.799999237060547,23.799999237060547,23.799999237060547,23.799999237060547,0.0
2025-05-27 00:00:00+00:00,21.290000915527344,21.290000915527344,21.290000915527344,21.290000915527344,0.0
2025-05-28 00:00:00+00:00,21.670000076293945,21.670000076293945,21.670000076293945,21.670000076293945,0.0
2025-05-29 00:00:00+00:00,21.6200008392334,21.6200008392334,21.6200008392334,21.6200008392334,0.0
2025-05-30 00:00:00+00:00,21.3799991607666,21.3799991607666,21.3799991607666,21.3799991607666,0.0
2025-06-02 00:00:00+00:00,21.09000015258789,21.09000015258789,21.09000015258789,21.09000015258789,0.0
2025-06-03 00:00:00+00:00,20.719999313354492,20.719999313354492,20.719999313354492,20.719999313354492,0.0
2025-06-04 00:00:00+00:00,20.65999984741211,20.65999984741211,20.65999984741211,20.65999984741211,0.0
2025-06-05 00:00:00+00:00,21.110000610351562,21.110000610351562,21.110000610351562,21.110000610351562,0.0
2025-06-06 00:00:00+00:00,20.020000457763672,20.020000457763672,20.020000457763672,20.020000457763672,0.0
2025-06-09 00:00:00+00:00,20.09000015258789,20.09000015258789,20.09000015258789,20.09000015258789,0.0
2025-06-10 00:00:00+00:00,19.940000534057617,19.940000534057617,19.940000534057617,19.940000534057617,0.0
2025-06-11 00:00:00+00:00,20.299999237060547,20.299999237060547,20.299999237060547,20.299999237060547,0.0
2025-06-12 00:00:00+00:00,20.649999618530273,20.649999618530273,20.649999618530273,20.649999618530273,0.0
2025-06-13 00:00:00+00:00,22.6200008392334,22.6200008392334,22.6200008392334,22.6200008392334,0.0
2025-06-16 00:00:00+00:00,21.229999542236328,21.229999542236328,21.229999542236328,21.229999542236328,0.0
2025-06-17 00:00:00+00:00,22.90999984741211,22.90999984741211,22.90999984741211,22.90999984741211,0.0
2025-06-18 00:00:00+00:00,21.969999313354492,21.969999313354492,21.969999313354492,21.969999313354492,0.0
2025-06-20 00:00:00+00:00,22.479999542236328,22.479999542236328,22.479999542236328,22.479999542236328,0.0
2025-06-23 00:00:00+00:00,21.81999969482422,21.81999969482422,21.81999969482422,21.81999969482422,0.0
2025-06-24 00:00:00+00:00,20.049999237060547,20.049999237060547,20.049999237060547,20.049999237060547,0.0
2025-06-25 00:00:00+00:00,19.670000076293945,19.670000076293945,19.670000076293945,19.670000076293945,0.0
2025-06-26 00:00:00+00:00,19.450000762939453,19.450000762939453,19.450000762939453,19.450000762939453,0.0
2025-06-27 00:00:00+00:00,19.450000762939453,19.450000762939453,19.450000762939453,19.450000762939453,0.0
2025-06-30 00:00:00+00:00,19.440000534057617,19.440000534057617,19.440000534057617,19.440000534057617,0.0
2025-07-01 00:00:00+00:00,19.510000228881836,19.510000228881836,19.510000228881836,19.510000228881836,0.0
2025-07-02 00:00:00+00:00,19.350000381469727,19.350000381469727,19.350000381469727,19.350000381469727,0.0
2025-07-03 00:00:00+00:00,19.209999084472656,19.209999084472656,19.209999084472656,19.209999084472656,0.0
2025-07-07 00:00:00+00:00,20.209999084472656,20.209999084472656,20.209999084472656,20.209999084472656,0.0
2025-07-08 00:00:00+00:00,19.579999923706055,19.579999923706055,19.579999923706055,19.579999923706055,0.0
2025-07-09 00:00:00+00:00,19.020000457763672,19.020000457763672,19.020000457763672,19.020000457763672,0.0
2025-07-10 00:00:00+00:00,18.920000076293945,18.920000076293945,18.920000076293945,18.920000076293945,0.0
2025-07-11 00:00:00+00:00,19.3700008392334,19.3700008392334,19.3700008392334,19.3700008392334,0.0
2025-07-14 00:00:00+00:00,19.84000015258789,19.84000015258789,19.84000015258789,19.84000015258789,0.0
2025-07-15 00:00:00+00:00,20.059999465942383,20.059999465942383,20.059999465942383,20.059999465942383,0.0
2025-07-16 00:00:00+00:00,20.09000015258789,20.09000015258789,20.09000015258789,20.09000015258789,0.0
2025-07-17 00:00:00+00:00,19.690000534057617,19.690000534057617,19.690000534057617,19.690000534057617,0.0
2025-07-18 00:00:00+00:00,19.579999923706055,19.579999923706055,19.579999923706055,19.579999923706055,0.0
2025-07-21 00:00:00+00:00,19.510000228881836,19.510000228881836,19.510000228881836,19.510000228881836,0.0
2025-07-22 00:00:00+00:00,19.530000686645508,19.530000686645508,19.530000686645508,19.530000686645508,0.0
2025-07-23 00:00:00+00:00,18.559999465942383,18.559999465942383,18.559999465942383,18.559999465942383,0.0
2025-07-24 00:00:00+00:00,18.559999465942383,18.559999465942383,18.559999465942383,18.559999465942383,0.0
2025-07-25 00:00:00+00:00,18.31999969482422,18.31999969482422,18.31999969482422,18.31999969482422,0.0
2025-07-28 00:00:00+00:00,18.15999984741211,18.15999984741211,18.15999984741211,18.15999984741211,0.0
2025-07-29 00:00:00+00:00,18.770000457763672,18.770000457763672,18.770000457763672,18.770000457763672,0.0
2025-07-30 00:00:00+00:00,18.350000381469727,18.350000381469727,18.350000381469727,18.350000381469727,0.0
2025-07-31 00:00:00+00:00,19.139999389648438,19.139999389648438,19.139999389648438,19.139999389648438,0.0
2025-08-01 00:00:00+00:00,21.239999771118164,21.239999771118164,21.239999771118164,21.239999771118164,0.0
2025-08-04 00:00:00+00:00,19.610000610351562,19.610000610351562,19.610000610351562,19.610000610351562,0.0
2025-08-05 00:00:00+00:00,20.030000686645508,20.030000686645508,20.030000686645508,20.030000686645508,0.0
2025-08-06 00:00:00+00:00,19.469999313354492,19.469999313354492,19.469999313354492,19.469999313354492,0.0
2025-08-07 00:00:00+00:00,19.350000381469727,19.350000381469727,19.350000381469727,19.350000381469727,0.0
2025-08-08 00:00:00+00:00,18.700000762939453,18.700000762939453,18.700000762939453,18.700000762939453,0.0
2025-08-11 00:00:00+00:00,19.25,19.25,19.25,19.25,0.0
2025-08-12 00:00:00+00:00,18.34000015258789,18.34000015258789,18.34000015258789,18.34000015258789,0.0
2025-08-13 00:00:00+00:00,18.329999923706055,18.329999923706055,18.329999923706055,18.329999923706055,0.0
2025-08-14 00:00:00+00:00,18.489999771118164,18.489999771118164,18.489999771118164,18.489999771118164,0.0
2025-08-15 00:00:00+00:00,18.639999389648438,18.639999389648438,18.639999389648438,18.639999389648438,0.0
2025-08-18 00:00:00+00:00,18.450000762939453,18.450000762939453,18.450000762939453,18.450000762939453,0.0
2025-08-19 00:00:00+00:00,18.899999618530273,18.899999618530273,18.899999618530273,18.899999618530273,0.0
2025-08-20 00:00:00+00:00,19.100000381469727,19.100000381469727,19.100000381469727,19.100000381469727,0.0
2025-08-21 00:00:00+00:00,19.40999984741211,19.40999984741211,19.40999984741211,19.40999984741211,0.0
2025-08-22 00:00:00+00:00,17.760000228881836,17.760000228881836,17.760000228881836,17.760000228881836,0.0
2025-08-25 00:00:00+00:00,18.020000457763672,18.020000457763672,18.020000457763672,18.020000457763672,0.0
2025-08-26 00:00:00+00:00,17.899999618530273,17.899999618530273,17.899999618530273,17.899999618530273,0.0
2025-08-27 00:00:00+00:00,17.940000534057617,17.940000534057617,17.940000534057617,17.940000534057617,0.0
2025-08-28 00:00:00+00:00,17.719999313354492,17.719999313354492,17.719999313354492,17.719999313354492,0.0
2025-08-29 00:00:00+00:00,18.350000381469727,18.350000381469727,18.350000381469727,18.350000381469727,0.0
2025-09-02 00:00:00+00:00,19.3799991607666,19.3799991607666,19.3799991607666,19.3799991607666,0.0
2025-09-03 00:00:00+00:00,18.93000030517578,18.93000030517578,18.93000030517578,18.93000030517578,0.0
2025-09-04 00:00:00+00:00,18.389999389648438,18.389999389648438,18.389999389648438,18.389999389648438,0.0
2025-09-05 00:00:00+00:00,18.420000076293945,18.420000076293945,18.420000076293945,18.420000076293945,0.0
2025-09-08 00:00:00+00:00,18.290000915527344,18.290000915527344,18.290000915527344,18.290000915527344,0.0
2025-09-09 00:00:00+00:00,18.270000457763672,18.270000457763672,18.270000457763672,18.270000457763672,0.0
2025-09-10 00:00:00+00:00,18.440000534057617,18.440000534057617,18.440000534057617,18.440000534057617,0.0
2025-09-11 00:00:00+00:00,18.030000686645508,18.030000686645508,18.030000686645508,18.030000686645508,0.0
2025-09-12 00:00:00+00:00,18.059999465942383,18.059999465942383,18.059999465942383,18.059999465942383,0.0
2025-09-15 00:00:00+00:00,18.530000686645508,18.530000686645508,18.530000686645508,18.530000686645508,0.0
2025-09-16 00:00:00+00:00,18.90999984741211,18.90999984741211,18.90999984741211,18.90999984741211,0.0
2025-09-17 00:00:00+00:00,18.440000534057617,18.440000534057617,18.440000534057617,18.440000534057617,0.0
2025-09-18 00:00:00+00:00,18.520000457763672,18.520000457763672,18.520000457763672,18.520000457763672,0.0
2025-09-19 00:00:00+00:00,18.479999542236328,18.479999542236328,18.479999542236328,18.479999542236328,0.0
2025-09-22 00:00:00+00:00,18.950000762939453,18.950000762939453,18.950000762939453,18.950000762939453,0.0
2025-09-23 00:00:00+00:00,19.440000534057617,19.440000534057617,19.440000534057617,19.440000534057617,0.0
2025-09-24 00:00:00+00:00,19.139999389648438,19.139999389648438,19.139999389648438,19.139999389648438,0.0
2025-09-25 00:00:00+00:00,19.459999084472656,19.459999084472656,19.459999084472656,19.459999084472656,0.0
2025-09-26 00:00:00+00:00,18.40999984741211,18.40999984741211,18.40999984741211,18.40999984741211,0.0
2025-09-29 00:00:00+00:00,18.760000228881836,18.760000228881836,18.760000228881836,18.760000228881836,0.0
2025-09-30 00:00:00+00:00,18.770000457763672,18.770000457763672,18.770000457763672,18.770000457763672,0.0
2025-10-01 00:00:00+00:00,18.760000228881836,18.760000228881836,18.760000228881836,18.760000228881836,0.0
2025-10-02 00:00:00+00:00,18.889999389648438,18.889999389648438,18.889999389648438,18.889999389648438,0.0
2025-10-03 00:00:00+00:00,19.079999923706055,19.079999923706055,19.079999923706055,19.079999923706055,0.0
2025-10-06 00:00:00+00:00,19.1200008392334,19.1200008392334,19.1200008392334,19.1200008392334,0.0
2025-10-07 00:00:00+00:00,19.709999084472656,19.709999084472656,19.709999084472656,19.709999084472656,0.0
2025-10-08 00:00:00+00:00,19.260000228881836,19.260000228881836,19.260000228881836,19.260000228881836,0.0
2025-10-09 00:00:00+00:00,19.3799991607666,19.3799991607666,19.3799991607666,19.3799991607666,0.0
2025-10-10 00:00:00+00:00,22.809999465942383,22.809999465942383,22.809999465942383,22.809999465942383,0.0
2025-10-13 00:00:00+00:00,20.93000030517578,20.93000030517578,20.93000030517578,20.93000030517578,0.0
2025-10-14 00:00:00+00:00,22.030000686645508,22.030000686645508,22.030000686645508,22.030000686645508,0.0
2025-10-15 00:00:00+00:00,21.940000534057617,21.940000534057617,21.940000534057617,21.940000534057617,0.0
2025-10-16 00:00:00+00:00,24.8700008392334,24.8700008392334,24.8700008392334,24.8700008392334,0.0
2025-10-17 00:00:00+00:00,22.09000015258789,22.09000015258789,22.09000015258789,22.09000015258789,0.0
2025-10-20 00:00:00+00:00,20.309999465942383,20.309999465942383,20.309999465942383,20.309999465942383,0.0
2025-10-21 00:00:00+00:00,19.989999771118164,19.989999771118164,19.989999771118164,19.989999771118164,0.0
2025-10-22 00:00:00+00:00,20.309999465942383,20.309999465942383,20.309999465942383,20.309999465942383,0.0
2025-10-23 00:00:00+00:00,19.649999618530273,19.649999618530273,19.649999618530273,19.649999618530273,0.0
2025-10-24 00:00:00+00:00,19.200000762939453,19.200000762939453,19.200000762939453,19.200000762939453,0.0
2025-10-27 00:00:00+00:00,18.989999771118164,18.989999771118164,18.989999771118164,18.989999771118164,0.0
2025-10-28 00:00:00+00:00,19.549999237060547,19.549999237060547,19.549999237060547,19.549999237060547,0.0
2025-10-29 00:00:00+00:00,19.829999923706055,19.829999923706055,19.829999923706055,19.829999923706055,0.0
2025-10-30 00:00:00+00:00,19.979999542236328,19.979999542236328,19.979999542236328,19.979999542236328,0.0
2025-10-31 00:00:00+00:00,20.489999771118164,20.489999771118164,20.489999771118164,20.489999771118164,0.0
2025-11-03 00:00:00+00:00,20.3799991607666,20.3799991607666,20.3799991607666,20.3799991607666,0.0
2025-11-04 00:00:00+00:00,21.290000915527344,21.290000915527344,21.290000915527344,21.290000915527344,0.0
2025-11-05 00:00:00+00:00,20.600000381469727,20.600000381469727,20.600000381469727,20.600000381469727,0.0
2025-11-06 00:00:00+00:00,21.350000381469727,21.350000381469727,21.350000381469727,21.350000381469727,0.0
2025-11-07 00:00:00+00:00,21.190000534057617,21.190000534057617,21.190000534057617,21.190000534057617,0.0
2025-11-10 00:00:00+00:00,20.239999771118164,20.239999771118164,20.239999771118164,20.239999771118164,0.0
2025-11-11 00:00:00+00:00,20.190000534057617,20.190000534057617,20.190000534057617,20.190000534057617,0.0
2025-11-12 00:00:00+00:00,20.34000015258789,20.34000015258789,20.34000015258789,20.34000015258789,0.0
2025-11-13 00:00:00+00:00,21.850000381469727,21.850000381469727,21.850000381469727,21.850000381469727,0.0
2025-11-14 00:00:00+00:00,21.579999923706055,21.579999923706055,21.579999923706055,21.579999923706055,0.0
2025-11-17 00:00:00+00:00,23.18000030517578,23.18000030517578,23.18000030517578,23.18000030517578,0.0
2025-11-18 00:00:00+00:00,24.540000915527344,24.540000915527344,24.540000915527344,24.540000915527344,0.0
2025-11-19 00:00:00+00:00,23.989999771118164,23.989999771118164,23.989999771118164,23.989999771118164,0.0
2025-11-20 00:00:00+00:00,25.760000228881836,25.760000228881836,25.760000228881836,25.760000228881836,0.0
2025-11-21 00:00:00+00:00,23.959999084472656,23.959999084472656,23.959999084472656,23.959999084472656,0.0
2025-11-24 00:00:00+00:00,21.850000381469727,21.850000381469727,21.850000381469727,21.850000381469727,0.0
2025-11-25 00:00:00+00:00,20.729999542236328,20.729999542236328,20.729999542236328,20.729999542236328,0.0
2025-11-26 00:00:00+00:00,20.020000457763672,20.020000457763672,20.020000457763672,20.020000457763672,0.0
2025-11-28 00:00:00+00:00,19.639999389648438,19.639999389648438,19.639999389648438,19.639999389648438,0.0
2025-12-01 00:00:00+00:00,20.219999313354492,20.219999313354492,20.219999313354492,20.219999313354492,0.0
2025-12-02 00:00:00+00:00,19.84000015258789,19.84000015258789,19.84000015258789,19.84000015258789,0.0
2025-12-03 00:00:00+00:00,19.709999084472656,19.709999084472656,19.709999084472656,19.709999084472656,0.0
2025-12-04 00:00:00+00:00,19.489999771118164,19.489999771118164,19.489999771118164,19.489999771118164,0.0
2025-12-05 00:00:00+00:00,19.270000457763672,19.270000457763672,19.270000457763672,19.270000457763672,0.0
2025-12-08 00:00:00+00:00,19.90999984741211,19.90999984741211,19.90999984741211,19.90999984741211,0.0
2025-12-09 00:00:00+00:00,20.079999923706055,20.079999923706055,20.079999923706055,20.079999923706055,0.0
2025-12-10 00:00:00+00:00,19.350000381469727,19.350000381469727,19.350000381469727,19.350000381469727,0.0
2025-12-11 00:00:00+00:00,19.049999237060547,19.049999237060547,19.049999237060547,19.049999237060547,0.0
2025-12-12 00:00:00+00:00,19.25,19.25,19.25,19.25,0.0
2025-12-15 00:00:00+00:00,19.68000030517578,19.68000030517578,19.68000030517578,19.68000030517578,0.0
2025-12-16 00:00:00+00:00,19.670000076293945,19.670000076293945,19.670000076293945,19.670000076293945,0.0
2025-12-17 00:00:00+00:00,20.079999923706055,20.079999923706055,20.079999923706055,20.079999923706055,0.0
2025-12-18 00:00:00+00:00,19.59000015258789,19.59000015258789,19.59000015258789,19.59000015258789,0.0
2025-12-19 00:00:00+00:00,18.25,18.25,18.25,18.25,0.0
2025-12-22 00:00:00+00:00,17.790000915527344,17.790000915527344,17.790000915527344,17.790000915527344,0.0
2025-12-23 00:00:00+00:00,17.84000015258789,17.84000015258789,17.84000015258789,17.84000015258789,0.0
2025-12-24 00:00:00+00:00,17.770000457763672,17.770000457763672,17.770000457763672,17.770000457763672,0.0
2025-12-26 00:00:00+00:00,17.770000457763672,17.770000457763672,17.770000457763672,17.770000457763672,0.0
2025-12-29 00:00:00+00:00,17.81999969482422,17.81999969482422,17.81999969482422,17.81999969482422,0.0
2025-12-30 00:00:00+00:00,17.770000457763672,17.770000457763672,17.770000457763672,17.770000457763672,0.0
2025-12-31 00:00:00+00:00,18.18000030517578,18.18000030517578,18.18000030517578,18.18000030517578,0.0
2026-01-02 00:00:00+00:00,18.020000457763672,18.020000457763672,18.020000457763672,18.020000457763672,0.0
2026-01-05 00:00:00+00:00,18.31999969482422,18.31999969482422,18.31999969482422,18.31999969482422,0.0
2026-01-06 00:00:00+00:00,18.149999618530273,18.149999618530273,18.149999618530273,18.149999618530273,0.0
2026-01-07 00:00:00+00:00,18.59000015258789,18.59000015258789,18.59000015258789,18.59000015258789,0.0
2026-01-08 00:00:00+00:00,18.389999389648438,18.389999389648438,18.389999389648438,18.389999389648438,0.0
2026-01-09 00:00:00+00:00,17.8799991607666,17.8799991607666,17.8799991607666,17.8799991607666,0.0
2026-01-12 00:00:00+00:00,18.229999542236328,18.229999542236328,18.229999542236328,18.229999542236328,0.0
2026-01-13 00:00:00+00:00,18.850000381469727,18.850000381469727,18.850000381469727,18.850000381469727,0.0
2026-01-14 00:00:00+00:00,19.3700008392334,19.3700008392334,19.3700008392334,19.3700008392334,0.0
2026-01-15 00:00:00+00:00,18.899999618530273,18.899999618530273,18.899999618530273,18.899999618530273,0.0
2026-01-16 00:00:00+00:00,18.989999771118164,18.989999771118164,18.989999771118164,18.989999771118164,0.0
2026-01-20 00:00:00+00:00,21.280000686645508,21.280000686645508,21.280000686645508,21.280000686645508,0.0
2026-01-21 00:00:00+00:00,19.360000610351562,19.360000610351562,19.360000610351562,19.360000610351562,0.0
2026-01-22 00:00:00+00:00,18.75,18.75,18.75,18.75,0.0
2026-01-23 00:00:00+00:00,19.149999618530273,19.149999618530273,19.149999618530273,19.149999618530273,0.0
2026-01-26 00:00:00+00:00,19.06999969482422,19.06999969482422,19.06999969482422,19.06999969482422,0.0
2026-01-27 00:00:00+00:00,19.219999313354492,19.219999313354492,19.219999313354492,19.219999313354492,0.0
2026-01-28 00:00:00+00:00,19.299999237060547,19.299999237060547,19.299999237060547,19.299999237060547,0.0
2026-01-29 00:00:00+00:00,19.670000076293945,19.670000076293945,19.670000076293945,19.670000076293945,0.0
2026-01-30 00:00:00+00:00,20.06999969482422,20.06999969482422,20.06999969482422,20.06999969482422,0.0
2026-02-02 00:00:00+00:00,19.3700008392334,19.3700008392334,19.3700008392334,19.3700008392334,0.0
2026-02-03 00:00:00+00:00,20.350000381469727,20.350000381469727,20.350000381469727,20.350000381469727,0.0
2026-02-04 00:00:00+00:00,20.6200008392334,20.6200008392334,20.6200008392334,20.6200008392334,0.0
2026-02-05 00:00:00+00:00,22.450000762939453,22.450000762939453,22.450000762939453,22.450000762939453,0.0
2026-02-06 00:00:00+00:00,20.3700008392334,20.3700008392334,20.3700008392334,20.3700008392334,0.0
2026-02-09 00:00:00+00:00,20.09000015258789,20.09000015258789,20.09000015258789,20.09000015258789,0.0
2026-02-10 00:00:00+00:00,20.43000030517578,20.43000030517578,20.43000030517578,20.43000030517578,0.0
2026-02-11 00:00:00+00:00,20.3700008392334,20.3700008392334,20.3700008392334,20.3700008392334,0.0
2026-02-12 00:00:00+00:00,22.170000076293945,22.170000076293945,22.170000076293945,22.170000076293945,0.0
2026-02-13 00:00:00+00:00,22.170000076293945,22.170000076293945,22.170000076293945,22.170000076293945,0.0
2026-02-17 00:00:00+00:00,21.600000381469727,21.600000381469727,21.600000381469727,21.600000381469727,0.0
2026-02-18 00:00:00+00:00,21.389999389648438,21.389999389648438,21.389999389648438,21.389999389648438,0.0
2026-02-19 00:00:00+00:00,21.8799991607666,21.8799991607666,21.8799991607666,21.8799991607666,0.0
2026-02-20 00:00:00+00:00,21.09000015258789,21.09000015258789,21.09000015258789,21.09000015258789,0.0
2026-02-23 00:00:00+00:00,22.139999389648438,22.139999389648438,22.139999389648438,22.139999389648438,0.0
2026-02-24 00:00:00+00:00,21.34000015258789,21.34000015258789,21.34000015258789,21.34000015258789,0.0
2026-02-25 00:00:00+00:00,20.360000610351562,20.360000610351562,20.360000610351562,20.360000610351562,0.0
2026-02-26 00:00:00+00:00,20.809999465942383,20.809999465942383,20.809999465942383,20.809999465942383,0.0
2026-02-27 00:00:00+00:00,21.559999465942383,21.559999465942383,21.559999465942383,21.559999465942383,0.0
2026-03-02 00:00:00+00:00,22.440000534057617,22.440000534057617,22.440000534057617,22.440000534057617,0.0
2026-03-03 00:00:00+00:00,23.540000915527344,23.540000915527344,23.540000915527344,23.540000915527344,0.0
2026-03-04 00:00:00+00:00,22.290000915527344,22.290000915527344,22.290000915527344,22.290000915527344,0.0
2026-03-05 00:00:00+00:00,23.860000610351562,23.860000610351562,23.860000610351562,23.860000610351562,0.0
2026-03-06 00:00:00+00:00,27.559999465942383,27.559999465942383,27.559999465942383,27.559999465942383,0.0
2026-03-09 00:00:00+00:00,25.34000015258789,25.34000015258789,25.34000015258789,25.34000015258789,0.0
2026-03-10 00:00:00+00:00,25.510000228881836,25.510000228881836,25.510000228881836,25.510000228881836,0.0
2026-03-11 00:00:00+00:00,24.969999313354492,24.969999313354492,24.969999313354492,24.969999313354492,0.0
2026-03-12 00:00:00+00:00,26.950000762939453,26.950000762939453,26.950000762939453,26.950000762939453,0.0
2026-03-13 00:00:00+00:00,27.280000686645508,27.280000686645508,27.280000686645508,27.280000686645508,0.0
2026-03-16 00:00:00+00:00,24.920000076293945,24.920000076293945,24.920000076293945,24.920000076293945,0.0
2026-03-17 00:00:00+00:00,24.329999923706055,24.329999923706055,24.329999923706055,24.329999923706055,0.0
2026-03-18 00:00:00+00:00,26.559999465942383,26.559999465942383,26.559999465942383,26.559999465942383,0.0
2026-03-19 00:00:00+00:00,25.540000915527344,25.540000915527344,25.540000915527344,25.540000915527344,0.0
2026-03-20 00:00:00+00:00,27.43000030517578,27.43000030517578,27.43000030517578,27.43000030517578,0.0
2026-03-23 00:00:00+00:00,26.100000381469727,26.100000381469727,26.100000381469727,26.100000381469727,0.0
2026-03-24 00:00:00+00:00,26.559999465942383,26.559999465942383,26.559999465942383,26.559999465942383,0.0
2026-03-25 00:00:00+00:00,25.6299991607666,25.6299991607666,25.6299991607666,25.6299991607666,0.0
2026-03-26 00:00:00+00:00,27.15999984741211,27.15999984741211,27.15999984741211,27.15999984741211,0.0
2026-03-27 00:00:00+00:00,29.270000457763672,29.270000457763672,29.270000457763672,29.270000457763672,0.0
2026-03-30 00:00:00+00:00,29.1299991607666,29.1299991607666,29.1299991607666,29.1299991607666,0.0
2026-03-31 00:00:00+00:00,25.549999237060547,25.549999237060547,25.549999237060547,25.549999237060547,0.0
2026-04-01 00:00:00+00:00,24.860000610351562,24.860000610351562,24.860000610351562,24.860000610351562,0.0
2026-04-02 00:00:00+00:00,24.719999313354492,24.719999313354492,24.719999313354492,24.719999313354492,0.0
2026-04-06 00:00:00+00:00,24.770000457763672,24.770000457763672,24.770000457763672,24.770000457763672,0.0
2026-04-07 00:00:00+00:00,25.56999969482422,25.56999969482422,25.56999969482422,25.56999969482422,0.0
2026-04-08 00:00:00+00:00,22.68000030517578,22.68000030517578,22.68000030517578,22.68000030517578,0.0
2026-04-09 00:00:00+00:00,21.809999465942383,21.809999465942383,21.809999465942383,21.809999465942383,0.0
2026-04-10 00:00:00+00:00,21.860000610351562,21.860000610351562,21.860000610351562,21.860000610351562,0.0
2026-04-13 00:00:00+00:00,21.34000015258789,21.34000015258789,21.34000015258789,21.34000015258789,0.0
2026-04-14 00:00:00+00:00,20.81999969482422,20.81999969482422,20.81999969482422,20.81999969482422,0.0
2026-04-15 00:00:00+00:00,20.780000686645508,20.780000686645508,20.780000686645508,20.780000686645508,0.0
2026-04-16 00:00:00+00:00,20.770000457763672,20.770000457763672,20.770000457763672,20.770000457763672,0.0
2026-04-17 00:00:00+00:00,20.510000228881836,20.510000228881836,20.510000228881836,20.510000228881836,0.0
2026-04-20 00:00:00+00:00,21.239999771118164,21.239999771118164,21.239999771118164,21.239999771118164,0.0
2026-04-21 00:00:00+00:00,21.510000228881836,21.510000228881836,21.510000228881836,21.510000228881836,0.0
2026-04-22 00:00:00+00:00,21.239999771118164,21.239999771118164,21.239999771118164,21.239999771118164,0.0
2026-04-23 00:00:00+00:00,21.479999542236328,21.479999542236328,21.479999542236328,21.479999542236328,0.0
2026-04-24 00:00:00+00:00,21.299999237060547,21.299999237060547,21.299999237060547,21.299999237060547,0.0
2026-04-27 00:00:00+00:00,20.770000457763672,20.770000457763672,20.770000457763672,20.770000457763672,0.0
2026-04-28 00:00:00+00:00,20.489999771118164,20.489999771118164,20.489999771118164,20.489999771118164,0.0
2026-04-29 00:00:00+00:00,21.190000534057617,21.190000534057617,21.190000534057617,21.190000534057617,0.0
2026-04-30 00:00:00+00:00,20.079999923706055,20.079999923706055,20.079999923706055,20.079999923706055,0.0
2026-05-01 00:00:00+00:00,20.3700008392334,20.3700008392334,20.3700008392334,20.3700008392334,0.0
2026-05-04 00:00:00+00:00,21.049999237060547,21.049999237060547,21.049999237060547,21.049999237060547,0.0
2026-05-05 00:00:00+00:00,20.81999969482422,20.81999969482422,20.81999969482422,20.81999969482422,0.0
2026-05-06 00:00:00+00:00,20.56999969482422,20.56999969482422,20.56999969482422,20.56999969482422,0.0
2026-05-07 00:00:00+00:00,20.350000381469727,20.350000381469727,20.350000381469727,20.350000381469727,0.0
2026-05-08 00:00:00+00:00,20.5,20.5,20.5,20.5,0.0
2026-05-11 00:00:00+00:00,21.239999771118164,21.239999771118164,21.239999771118164,21.239999771118164,0.0
2026-05-12 00:00:00+00:00,21.040000915527344,21.040000915527344,21.040000915527344,21.040000915527344,0.0
2026-05-13 00:00:00+00:00,21.18000030517578,21.18000030517578,21.18000030517578,21.18000030517578,0.0
2026-05-14 00:00:00+00:00,20.850000381469727,20.850000381469727,20.850000381469727,20.850000381469727,0.0
2026-05-15 00:00:00+00:00,21.360000610351562,21.360000610351562,21.360000610351562,21.360000610351562,0.0
2026-05-18 00:00:00+00:00,20.920000076293945,20.920000076293945,20.920000076293945,20.920000076293945,0.0
2026-05-19 00:00:00+00:00,21.1200008392334,21.1200008392334,21.1200008392334,21.1200008392334,0.0
2026-05-20 00:00:00+00:00,20.760000228881836,20.760000228881836,20.760000228881836,20.760000228881836,0.0
2026-05-21 00:00:00+00:00,20.0,20.0,20.0,20.0,0.0
2026-05-22 00:00:00+00:00,20.030000686645508,20.030000686645508,20.030000686645508,20.030000686645508,0.0
2026-05-26 00:00:00+00:00,19.889999389648438,19.889999389648438,19.889999389648438,19.889999389648438,0.0
2026-05-27 00:00:00+00:00,19.450000762939453,19.450000762939453,19.450000762939453,19.450000762939453,0.0
2026-05-28 00:00:00+00:00,19.110000610351562,19.110000610351562,19.110000610351562,19.110000610351562,0.0
2026-05-29 00:00:00+00:00,18.65999984741211,18.65999984741211,18.65999984741211,18.65999984741211,0.0
2026-06-01 00:00:00+00:00,19.43000030517578,19.43000030517578,19.43000030517578,19.43000030517578,0.0
2026-06-02 00:00:00+00:00,19.489999771118164,19.489999771118164,19.489999771118164,19.489999771118164,0.0
2026-06-03 00:00:00+00:00,19.760000228881836,19.760000228881836,19.760000228881836,19.760000228881836,0.0
2026-06-04 00:00:00+00:00,19.229999542236328,19.229999542236328,19.229999542236328,19.229999542236328,0.0
2026-06-05 00:00:00+00:00,21.81999969482422,21.81999969482422,21.81999969482422,21.81999969482422,0.0
2026-06-08 00:00:00+00:00,20.790000915527344,20.790000915527344,20.790000915527344,20.790000915527344,0.0
2026-06-09 00:00:00+00:00,21.309999465942383,21.309999465942383,21.309999465942383,21.309999465942383,0.0
2026-06-10 00:00:00+00:00,22.889999389648438,22.889999389648438,22.889999389648438,22.889999389648438,0.0
2026-06-11 00:00:00+00:00,21.420000076293945,21.420000076293945,21.420000076293945,21.420000076293945,0.0
2026-06-12 00:00:00+00:00,20.510000228881836,20.510000228881836,20.510000228881836,20.510000228881836,0.0
