time,open,high,low,close,volume
2018-01-25 00:00:00+00:00,1770.239990234375,1770.239990234375,1770.239990234375,1770.239990234375,0.0
2018-01-26 00:00:00+00:00,1770.239990234375,1770.239990234375,1770.239990234375,1770.239990234375,0.0
2018-01-29 00:00:00+00:00,1893.1199951171875,1893.1199951171875,1893.1199951171875,1893.1199951171875,22.0
2018-01-30 00:00:00+00:00,1955.199951171875,1955.199951171875,1955.199951171875,1955.199951171875,989.0
2018-01-31 00:00:00+00:00,1961.5999755859375,1961.5999755859375,1961.5999755859375,1961.5999755859375,144.0
2018-02-01 00:00:00+00:00,1862.8480224609375,1862.8480224609375,1862.8480224609375,1862.8480224609375,169.0
2018-02-02 00:00:00+00:00,2102.39990234375,2102.39990234375,2102.39990234375,2102.39990234375,456.0
2018-02-05 00:00:00+00:00,2807.0400390625,2807.0400390625,2807.0400390625,2807.0400390625,817.0
2018-02-06 00:00:00+00:00,2759.424072265625,2759.424072265625,2759.424072265625,2759.424072265625,194.0
2018-02-07 00:00:00+00:00,2850.56005859375,2850.56005859375,2850.56005859375,2850.56005859375,434.0
2018-02-08 00:00:00+00:00,3531.52001953125,3531.52001953125,3531.52001953125,3531.52001953125,1575.0
2018-02-09 00:00:00+00:00,3217.919921875,3217.919921875,3217.919921875,3217.919921875,695.0
2018-02-12 00:00:00+00:00,3107.199951171875,3107.199951171875,3107.199951171875,3107.199951171875,228.0
2018-02-13 00:00:00+00:00,3070.080078125,3070.080078125,3070.080078125,3070.080078125,572.0
2018-02-14 00:00:00+00:00,2718.719970703125,2718.719970703125,2718.719970703125,2718.719970703125,1395.0
2018-02-15 00:00:00+00:00,2656.0,2656.0,2656.0,2656.0,211.0
2018-02-16 00:00:00+00:00,2695.679931640625,2695.679931640625,2695.679931640625,2695.679931640625,291.0
2018-02-20 00:00:00+00:00,2805.760009765625,2805.760009765625,2805.760009765625,2805.760009765625,686.0
2018-02-21 00:00:00+00:00,2848.0,2848.0,2848.0,2848.0,2230.0
2018-02-22 00:00:00+00:00,2810.8798828125,2810.8798828125,2810.8798828125,2810.8798828125,872.0
2018-02-23 00:00:00+00:00,2591.360107421875,2591.360107421875,2591.360107421875,2591.360107421875,869.0
2018-02-26 00:00:00+00:00,2513.919921875,2513.919921875,2513.919921875,2513.919921875,64.0
2018-02-27 00:00:00+00:00,2714.239990234375,2714.239990234375,2714.239990234375,2714.239990234375,1086.0
2018-02-28 00:00:00+00:00,2826.239990234375,2826.239990234375,2826.239990234375,2826.239990234375,1130.0
2018-03-01 00:00:00+00:00,3020.800048828125,3020.800048828125,3020.800048828125,3020.800048828125,708.0
2018-03-02 00:00:00+00:00,2887.679931640625,2887.679931640625,2887.679931640625,2887.679931640625,873.0
2018-03-05 00:00:00+00:00,2781.43994140625,2781.43994140625,2781.43994140625,2781.43994140625,548.0
2018-03-06 00:00:00+00:00,2796.159912109375,2796.159912109375,2796.159912109375,2796.159912109375,328.0
2018-03-07 00:00:00+00:00,2754.56005859375,2754.56005859375,2754.56005859375,2754.56005859375,50.0
2018-03-08 00:00:00+00:00,2725.760009765625,2725.760009765625,2725.760009765625,2725.760009765625,872.0
2018-03-09 00:00:00+00:00,2448.0,2448.0,2448.0,2448.0,231.0
2018-03-12 00:00:00+00:00,2544.639892578125,2544.639892578125,2544.639892578125,2544.639892578125,30.0
2018-03-13 00:00:00+00:00,2605.43994140625,2605.43994140625,2605.43994140625,2605.43994140625,25.0
2018-03-14 00:00:00+00:00,2662.39990234375,2662.39990234375,2662.39990234375,2662.39990234375,375.0
2018-03-15 00:00:00+00:00,2588.159912109375,2588.159912109375,2588.159912109375,2588.159912109375,13.0
2018-03-16 00:00:00+00:00,2515.199951171875,2515.199951171875,2515.199951171875,2515.199951171875,16.0
2018-03-19 00:00:00+00:00,2775.679931640625,2775.679931640625,2775.679931640625,2775.679931640625,272.0
2018-03-20 00:00:00+00:00,2722.56005859375,2722.56005859375,2722.56005859375,2722.56005859375,30.0
2018-03-21 00:00:00+00:00,2623.360107421875,2623.360107421875,2623.360107421875,2623.360107421875,239.0
2018-03-22 00:00:00+00:00,3020.800048828125,3020.800048828125,3020.800048828125,3020.800048828125,431.0
2018-03-23 00:00:00+00:00,3200.0,3200.0,3200.0,3200.0,489.0
2018-03-26 00:00:00+00:00,2963.199951171875,2963.199951171875,2963.199951171875,2963.199951171875,528.0
2018-03-27 00:00:00+00:00,3185.919921875,3185.919921875,3185.919921875,3185.919921875,528.0
2018-03-28 00:00:00+00:00,3206.080078125,3206.080078125,3206.080078125,3206.080078125,820.0
2018-03-29 00:00:00+00:00,3136.0,3136.0,3136.0,3136.0,6.0
2018-04-02 00:00:00+00:00,3317.760009765625,3317.760009765625,3317.760009765625,3317.760009765625,70.0
2018-04-03 00:00:00+00:00,3175.679931640625,3175.679931640625,3175.679931640625,3175.679931640625,9.0
2018-04-04 00:00:00+00:00,3115.52001953125,3115.52001953125,3115.52001953125,3115.52001953125,44.0
2018-04-05 00:00:00+00:00,3031.679931640625,3031.679931640625,3031.679931640625,3031.679931640625,31.0
2018-04-06 00:00:00+00:00,3187.199951171875,3187.199951171875,3187.199951171875,3187.199951171875,14.0
2018-04-09 00:00:00+00:00,3187.199951171875,3187.199951171875,3187.199951171875,3187.199951171875,16.0
2018-04-10 00:00:00+00:00,3187.199951171875,3187.199951171875,3187.199951171875,3187.199951171875,2.0
2018-04-11 00:00:00+00:00,3187.199951171875,3187.199951171875,3187.199951171875,3187.199951171875,2.0
2018-04-12 00:00:00+00:00,3077.760009765625,3077.760009765625,3077.760009765625,3077.760009765625,13.0
2018-04-13 00:00:00+00:00,2942.719970703125,2942.719970703125,2942.719970703125,2942.719970703125,13.0
2018-04-16 00:00:00+00:00,2793.60009765625,2793.60009765625,2793.60009765625,2793.60009765625,9.0
2018-04-17 00:00:00+00:00,2579.199951171875,2579.199951171875,2579.199951171875,2579.199951171875,11.0
2018-04-18 00:00:00+00:00,2595.840087890625,2595.840087890625,2595.840087890625,2595.840087890625,30.0
2018-04-19 00:00:00+00:00,2622.080078125,2622.080078125,2622.080078125,2622.080078125,367.0
2018-04-20 00:00:00+00:00,2695.0400390625,2695.0400390625,2695.0400390625,2695.0400390625,20.0
2018-04-23 00:00:00+00:00,2662.39990234375,2662.39990234375,2662.39990234375,2662.39990234375,23.0
2018-04-24 00:00:00+00:00,2661.760009765625,2661.760009765625,2661.760009765625,2661.760009765625,13.0
2018-04-25 00:00:00+00:00,2851.199951171875,2851.199951171875,2851.199951171875,2851.199951171875,72.0
2018-04-26 00:00:00+00:00,2717.43994140625,2717.43994140625,2717.43994140625,2717.43994140625,20.0
2018-04-27 00:00:00+00:00,2651.199951171875,2651.199951171875,2651.199951171875,2651.199951171875,5.0
2018-04-30 00:00:00+00:00,2625.280029296875,2625.280029296875,2625.280029296875,2625.280029296875,2.0
2018-05-01 00:00:00+00:00,2711.0400390625,2711.0400390625,2711.0400390625,2711.0400390625,5.0
2018-05-02 00:00:00+00:00,2544.639892578125,2544.639892578125,2544.639892578125,2544.639892578125,9.0
2018-05-03 00:00:00+00:00,2752.0,2752.0,2752.0,2752.0,36.0
2018-05-04 00:00:00+00:00,2579.199951171875,2579.199951171875,2579.199951171875,2579.199951171875,3.0
2018-05-07 00:00:00+00:00,2544.0,2544.0,2544.0,2544.0,17.0
2018-05-08 00:00:00+00:00,2544.0,2544.0,2544.0,2544.0,0.0
2018-05-09 00:00:00+00:00,2482.56005859375,2482.56005859375,2482.56005859375,2482.56005859375,45.0
2018-05-10 00:00:00+00:00,2349.43994140625,2349.43994140625,2349.43994140625,2349.43994140625,13.0
2018-05-11 00:00:00+00:00,2293.1201171875,2293.1201171875,2293.1201171875,2293.1201171875,1167.0
2018-05-14 00:00:00+00:00,2225.919921875,2225.919921875,2225.919921875,2225.919921875,5.0
2018-05-15 00:00:00+00:00,2387.199951171875,2387.199951171875,2387.199951171875,2387.199951171875,27.0
2018-05-16 00:00:00+00:00,2308.159912109375,2308.159912109375,2308.159912109375,2308.159912109375,13.0
2018-05-17 00:00:00+00:00,2250.8798828125,2250.8798828125,2250.8798828125,2250.8798828125,23.0
2018-05-18 00:00:00+00:00,2266.8798828125,2266.8798828125,2266.8798828125,2266.8798828125,25.0
2018-05-21 00:00:00+00:00,2176.0,2176.0,2176.0,2176.0,52.0
2018-05-22 00:00:00+00:00,2191.488037109375,2191.488037109375,2191.488037109375,2191.488037109375,6.0
2018-05-23 00:00:00+00:00,2174.719970703125,2174.719970703125,2174.719970703125,2174.719970703125,25.0
2018-05-24 00:00:00+00:00,2187.52001953125,2187.52001953125,2187.52001953125,2187.52001953125,106.0
2018-05-25 00:00:00+00:00,2164.47998046875,2164.47998046875,2164.47998046875,2164.47998046875,13.0
2018-05-29 00:00:00+00:00,2458.8798828125,2458.8798828125,2458.8798828125,2458.8798828125,150.0
2018-05-30 00:00:00+00:00,2339.840087890625,2339.840087890625,2339.840087890625,2339.840087890625,45.0
2018-05-31 00:00:00+00:00,2364.159912109375,2364.159912109375,2364.159912109375,2364.159912109375,59.0
2018-06-01 00:00:00+00:00,2248.320068359375,2248.320068359375,2248.320068359375,2248.320068359375,163.0
2018-06-04 00:00:00+00:00,2248.320068359375,2248.320068359375,2248.320068359375,2248.320068359375,3.0
2018-06-05 00:00:00+00:00,2177.280029296875,2177.280029296875,2177.280029296875,2177.280029296875,5.0
2018-06-06 00:00:00+00:00,2076.159912109375,2076.159912109375,2076.159912109375,2076.159912109375,22.0
2018-06-07 00:00:00+00:00,2100.47998046875,2100.47998046875,2100.47998046875,2100.47998046875,188.0
2018-06-08 00:00:00+00:00,2075.52001953125,2075.52001953125,2075.52001953125,2075.52001953125,3.0
2018-06-11 00:00:00+00:00,2053.1201171875,2053.1201171875,2053.1201171875,2053.1201171875,73.0
2018-06-12 00:00:00+00:00,2046.719970703125,2046.719970703125,2046.719970703125,2046.719970703125,22.0
2018-06-13 00:00:00+00:00,2056.9599609375,2056.9599609375,2056.9599609375,2056.9599609375,23.0
2018-06-14 00:00:00+00:00,2001.407958984375,2001.407958984375,2001.407958984375,2001.407958984375,42.0
2018-06-15 00:00:00+00:00,2023.6800537109375,2023.6800537109375,2023.6800537109375,2023.6800537109375,34.0
2018-06-18 00:00:00+00:00,1999.93603515625,1999.93603515625,1999.93603515625,1999.93603515625,273.0
2018-06-19 00:00:00+00:00,2101.696044921875,2101.696044921875,2101.696044921875,2101.696044921875,75.0
2018-06-20 00:00:00+00:00,2053.760009765625,2053.760009765625,2053.760009765625,2053.760009765625,820.0
2018-06-21 00:00:00+00:00,2189.43994140625,2189.43994140625,2189.43994140625,2189.43994140625,584.0
2018-06-22 00:00:00+00:00,2132.47998046875,2132.47998046875,2132.47998046875,2132.47998046875,27.0
2018-06-25 00:00:00+00:00,2438.39990234375,2438.39990234375,2438.39990234375,2438.39990234375,1641.0
2018-06-26 00:00:00+00:00,2338.56005859375,2338.56005859375,2338.56005859375,2338.56005859375,23.0
2018-06-27 00:00:00+00:00,2464.0,2464.0,2464.0,2464.0,89.0
2018-06-28 00:00:00+00:00,2508.800048828125,2508.800048828125,2508.800048828125,2508.800048828125,31.0
2018-06-29 00:00:00+00:00,2362.8798828125,2362.8798828125,2362.8798828125,2362.8798828125,30.0
2018-07-02 00:00:00+00:00,2415.360107421875,2415.360107421875,2415.360107421875,2415.360107421875,48.0
2018-07-03 00:00:00+00:00,2415.360107421875,2415.360107421875,2415.360107421875,2415.360107421875,2.0
2018-07-05 00:00:00+00:00,2314.239990234375,2314.239990234375,2314.239990234375,2314.239990234375,3.0
2018-07-06 00:00:00+00:00,2199.360107421875,2199.360107421875,2199.360107421875,2199.360107421875,14.0
2018-07-09 00:00:00+00:00,2078.719970703125,2078.719970703125,2078.719970703125,2078.719970703125,880.0
2018-07-10 00:00:00+00:00,2034.56005859375,2034.56005859375,2034.56005859375,2034.56005859375,245.0
2018-07-11 00:00:00+00:00,2101.760009765625,2101.760009765625,2101.760009765625,2101.760009765625,27.0
2018-07-12 00:00:00+00:00,2048.0,2048.0,2048.0,2048.0,42.0
2018-07-13 00:00:00+00:00,2030.656005859375,2030.656005859375,2030.656005859375,2030.656005859375,167.0
2018-07-16 00:00:00+00:00,1999.3599853515625,1999.3599853515625,1999.3599853515625,1999.3599853515625,436.0
2018-07-17 00:00:00+00:00,1966.0799560546875,1966.0799560546875,1966.0799560546875,1966.0799560546875,159.0
2018-07-18 00:00:00+00:00,1955.8399658203125,1955.8399658203125,1955.8399658203125,1955.8399658203125,80.0
2018-07-19 00:00:00+00:00,1996.800048828125,1996.800048828125,1996.800048828125,1996.800048828125,39.0
2018-07-20 00:00:00+00:00,2001.0880126953125,2001.0880126953125,2001.0880126953125,2001.0880126953125,42.0
2018-07-23 00:00:00+00:00,2019.8399658203125,2019.8399658203125,2019.8399658203125,2019.8399658203125,55.0
2018-07-24 00:00:00+00:00,1967.3599853515625,1967.3599853515625,1967.3599853515625,1967.3599853515625,191.0
2018-07-25 00:00:00+00:00,1949.43994140625,1949.43994140625,1949.43994140625,1949.43994140625,467.0
2018-07-26 00:00:00+00:00,1954.56005859375,1954.56005859375,1954.56005859375,1954.56005859375,94.0
2018-07-27 00:00:00+00:00,2018.56005859375,2018.56005859375,2018.56005859375,2018.56005859375,48.0
2018-07-30 00:00:00+00:00,2056.320068359375,2056.320068359375,2056.320068359375,2056.320068359375,58.0
2018-07-31 00:00:00+00:00,2008.3199462890625,2008.3199462890625,2008.3199462890625,2008.3199462890625,16.0
2018-08-01 00:00:00+00:00,1984.0,1984.0,1984.0,1984.0,30.0
2018-08-02 00:00:00+00:00,1963.52001953125,1963.52001953125,1963.52001953125,1963.52001953125,16.0
2018-08-03 00:00:00+00:00,1928.9599609375,1928.9599609375,1928.9599609375,1928.9599609375,34.0
2018-08-06 00:00:00+00:00,1873.1519775390625,1873.1519775390625,1873.1519775390625,1873.1519775390625,409.0
2018-08-07 00:00:00+00:00,1827.8399658203125,1827.8399658203125,1827.8399658203125,1827.8399658203125,514.0
2018-08-08 00:00:00+00:00,1794.0479736328125,1794.0479736328125,1794.0479736328125,1794.0479736328125,34.0
2018-08-09 00:00:00+00:00,1825.9200439453125,1825.9200439453125,1825.9200439453125,1825.9200439453125,213.0
2018-08-10 00:00:00+00:00,1917.43994140625,1917.43994140625,1917.43994140625,1917.43994140625,811.0
2018-08-13 00:00:00+00:00,2028.800048828125,2028.800048828125,2028.800048828125,2028.800048828125,684.0
2018-08-14 00:00:00+00:00,1926.4000244140625,1926.4000244140625,1926.4000244140625,1926.4000244140625,870.0
2018-08-15 00:00:00+00:00,2046.719970703125,2046.719970703125,2046.719970703125,2046.719970703125,1853.0
2018-08-16 00:00:00+00:00,1934.719970703125,1934.719970703125,1934.719970703125,1934.719970703125,503.0
2018-08-17 00:00:00+00:00,1887.3599853515625,1887.3599853515625,1887.3599853515625,1887.3599853515625,669.0
2018-08-20 00:00:00+00:00,1848.3199462890625,1848.3199462890625,1848.3199462890625,1848.3199462890625,70.0
2018-08-21 00:00:00+00:00,1885.43994140625,1885.43994140625,1885.43994140625,1885.43994140625,125.0
2018-08-22 00:00:00+00:00,1852.800048828125,1852.800048828125,1852.800048828125,1852.800048828125,280.0
2018-08-23 00:00:00+00:00,1857.9200439453125,1857.9200439453125,1857.9200439453125,1857.9200439453125,78.0
2018-08-24 00:00:00+00:00,1847.0400390625,1847.0400390625,1847.0400390625,1847.0400390625,303.0
2018-08-27 00:00:00+00:00,1849.5999755859375,1849.5999755859375,1849.5999755859375,1849.5999755859375,95.0
2018-08-28 00:00:00+00:00,1851.52001953125,1851.52001953125,1851.52001953125,1851.52001953125,52.0
2018-08-29 00:00:00+00:00,1833.5999755859375,1833.5999755859375,1833.5999755859375,1833.5999755859375,102.0
2018-08-30 00:00:00+00:00,1888.6400146484375,1888.6400146484375,1888.6400146484375,1888.6400146484375,41.0
2018-08-31 00:00:00+00:00,1900.1600341796875,1900.1600341796875,1900.1600341796875,1900.1600341796875,209.0
2018-09-04 00:00:00+00:00,1873.9200439453125,1873.9200439453125,1873.9200439453125,1873.9200439453125,303.0
2018-09-05 00:00:00+00:00,1885.43994140625,1885.43994140625,1885.43994140625,1885.43994140625,91.0
2018-09-06 00:00:00+00:00,1943.0400390625,1943.0400390625,1943.0400390625,1943.0400390625,766.0
2018-09-07 00:00:00+00:00,1971.8399658203125,1971.8399658203125,1971.8399658203125,1971.8399658203125,123.0
2018-09-10 00:00:00+00:00,1918.719970703125,1918.719970703125,1918.719970703125,1918.719970703125,155.0
2018-09-11 00:00:00+00:00,1862.4000244140625,1862.4000244140625,1862.4000244140625,1862.4000244140625,39.0
2018-09-12 00:00:00+00:00,1838.0799560546875,1838.0799560546875,1838.0799560546875,1838.0799560546875,98.0
2018-09-13 00:00:00+00:00,1788.1600341796875,1788.1600341796875,1788.1600341796875,1788.1600341796875,42.0
2018-09-14 00:00:00+00:00,1750.4000244140625,1750.4000244140625,1750.4000244140625,1750.4000244140625,75.0
2018-09-17 00:00:00+00:00,1804.800048828125,1804.800048828125,1804.800048828125,1804.800048828125,597.0
2018-09-18 00:00:00+00:00,1795.199951171875,1795.199951171875,1795.199951171875,1795.199951171875,147.0
2018-09-19 00:00:00+00:00,1733.1199951171875,1733.1199951171875,1733.1199951171875,1733.1199951171875,164.0
2018-09-20 00:00:00+00:00,1704.9599609375,1704.9599609375,1704.9599609375,1704.9599609375,341.0
2018-09-21 00:00:00+00:00,1700.2239990234375,1700.2239990234375,1700.2239990234375,1700.2239990234375,169.0
2018-09-24 00:00:00+00:00,1706.8800048828125,1706.8800048828125,1706.8800048828125,1706.8800048828125,56.0
2018-09-25 00:00:00+00:00,1722.8800048828125,1722.8800048828125,1722.8800048828125,1722.8800048828125,59.0
2018-09-26 00:00:00+00:00,1728.0,1728.0,1728.0,1728.0,44.0
2018-09-27 00:00:00+00:00,1711.3599853515625,1711.3599853515625,1711.3599853515625,1711.3599853515625,442.0
2018-09-28 00:00:00+00:00,1708.800048828125,1708.800048828125,1708.800048828125,1708.800048828125,105.0
2018-10-01 00:00:00+00:00,1689.5999755859375,1689.5999755859375,1689.5999755859375,1689.5999755859375,72.0
2018-10-02 00:00:00+00:00,1689.5999755859375,1689.5999755859375,1689.5999755859375,1689.5999755859375,73.0
2018-10-03 00:00:00+00:00,1676.800048828125,1676.800048828125,1676.800048828125,1676.800048828125,356.0
2018-10-04 00:00:00+00:00,1779.199951171875,1779.199951171875,1779.199951171875,1779.199951171875,291.0
2018-10-05 00:00:00+00:00,1807.3599853515625,1807.3599853515625,1807.3599853515625,1807.3599853515625,406.0
2018-10-08 00:00:00+00:00,1832.9599609375,1832.9599609375,1832.9599609375,1832.9599609375,352.0
2018-10-09 00:00:00+00:00,1861.1199951171875,1861.1199951171875,1861.1199951171875,1861.1199951171875,34.0
2018-10-10 00:00:00+00:00,2172.800048828125,2172.800048828125,2172.800048828125,2172.800048828125,1161.0
2018-10-11 00:00:00+00:00,2359.0400390625,2359.0400390625,2359.0400390625,2359.0400390625,1517.0
2018-10-12 00:00:00+00:00,2180.47998046875,2180.47998046875,2180.47998046875,2180.47998046875,261.0
2018-10-15 00:00:00+00:00,2193.280029296875,2193.280029296875,2193.280029296875,2193.280029296875,373.0
2018-10-16 00:00:00+00:00,2053.1201171875,2053.1201171875,2053.1201171875,2053.1201171875,4148.0
2018-10-17 00:00:00+00:00,2077.43994140625,2077.43994140625,2077.43994140625,2077.43994140625,1141.0
2018-10-18 00:00:00+00:00,2230.39990234375,2230.39990234375,2230.39990234375,2230.39990234375,225.0
2018-10-19 00:00:00+00:00,2193.280029296875,2193.280029296875,2193.280029296875,2193.280029296875,386.0
2018-10-22 00:00:00+00:00,2213.1201171875,2213.1201171875,2213.1201171875,2213.1201171875,289.0
2018-10-23 00:00:00+00:00,2296.9599609375,2296.9599609375,2296.9599609375,2296.9599609375,830.0
2018-10-24 00:00:00+00:00,2474.239990234375,2474.239990234375,2474.239990234375,2474.239990234375,300.0
2018-10-25 00:00:00+00:00,2423.0400390625,2423.0400390625,2423.0400390625,2423.0400390625,688.0
2018-10-26 00:00:00+00:00,2559.360107421875,2559.360107421875,2559.360107421875,2559.360107421875,1898.0
2018-10-29 00:00:00+00:00,2581.760009765625,2581.760009765625,2581.760009765625,2581.760009765625,720.0
2018-10-30 00:00:00+00:00,2483.840087890625,2483.840087890625,2483.840087890625,2483.840087890625,669.0
2018-10-31 00:00:00+00:00,2405.1201171875,2405.1201171875,2405.1201171875,2405.1201171875,417.0
2018-11-01 00:00:00+00:00,2327.679931640625,2327.679931640625,2327.679931640625,2327.679931640625,639.0
2018-11-02 00:00:00+00:00,2346.239990234375,2346.239990234375,2346.239990234375,2346.239990234375,559.0
2018-11-05 00:00:00+00:00,2323.840087890625,2323.840087890625,2323.840087890625,2323.840087890625,142.0
2018-11-06 00:00:00+00:00,2245.1201171875,2245.1201171875,2245.1201171875,2245.1201171875,227.0
2018-11-07 00:00:00+00:00,2089.60009765625,2089.60009765625,2089.60009765625,2089.60009765625,956.0
2018-11-08 00:00:00+00:00,2080.0,2080.0,2080.0,2080.0,161.0
2018-11-09 00:00:00+00:00,2126.912109375,2126.912109375,2126.912109375,2126.912109375,377.0
2018-11-12 00:00:00+00:00,2307.840087890625,2307.840087890625,2307.840087890625,2307.840087890625,955.0
2018-11-13 00:00:00+00:00,2325.1201171875,2325.1201171875,2325.1201171875,2325.1201171875,581.0
2018-11-14 00:00:00+00:00,2385.280029296875,2385.280029296875,2385.280029296875,2385.280029296875,431.0
2018-11-15 00:00:00+00:00,2360.320068359375,2360.320068359375,2360.320068359375,2360.320068359375,580.0
2018-11-16 00:00:00+00:00,2252.159912109375,2252.159912109375,2252.159912109375,2252.159912109375,372.0
2018-11-19 00:00:00+00:00,2384.0,2384.0,2384.0,2384.0,1067.0
2018-11-20 00:00:00+00:00,2517.1201171875,2517.1201171875,2517.1201171875,2517.1201171875,1625.0
2018-11-21 00:00:00+00:00,2458.239990234375,2458.239990234375,2458.239990234375,2458.239990234375,952.0
2018-11-23 00:00:00+00:00,2479.360107421875,2479.360107421875,2479.360107421875,2479.360107421875,167.0
2018-11-26 00:00:00+00:00,2339.199951171875,2339.199951171875,2339.199951171875,2339.199951171875,358.0
2018-11-27 00:00:00+00:00,2297.60009765625,2297.60009765625,2297.60009765625,2297.60009765625,364.0
2018-11-28 00:00:00+00:00,2229.760009765625,2229.760009765625,2229.760009765625,2229.760009765625,770.0
2018-11-29 00:00:00+00:00,2270.080078125,2270.080078125,2270.080078125,2270.080078125,470.0
2018-11-30 00:00:00+00:00,2206.080078125,2206.080078125,2206.080078125,2206.080078125,297.0
2018-12-03 00:00:00+00:00,2086.39990234375,2086.39990234375,2086.39990234375,2086.39990234375,47431.0
2018-12-04 00:00:00+00:00,2357.760009765625,2357.760009765625,2357.760009765625,2357.760009765625,1881.0
2018-12-06 00:00:00+00:00,2418.56005859375,2418.56005859375,2418.56005859375,2418.56005859375,4655.0
2018-12-07 00:00:00+00:00,2580.47998046875,2580.47998046875,2580.47998046875,2580.47998046875,6398.0
2018-12-10 00:00:00+00:00,2555.52001953125,2555.52001953125,2555.52001953125,2555.52001953125,1569.0
2018-12-11 00:00:00+00:00,2555.968017578125,2555.968017578125,2555.968017578125,2555.968017578125,15608.0
2018-12-12 00:00:00+00:00,2535.679931640625,2535.679931640625,2535.679931640625,2535.679931640625,1667.0
2018-12-13 00:00:00+00:00,2496.639892578125,2496.639892578125,2496.639892578125,2496.639892578125,17303.0
2018-12-14 00:00:00+00:00,2598.39990234375,2598.39990234375,2598.39990234375,2598.39990234375,1231.0
2018-12-17 00:00:00+00:00,2725.760009765625,2725.760009765625,2725.760009765625,2725.760009765625,58178.0
2018-12-18 00:00:00+00:00,2738.56005859375,2738.56005859375,2738.56005859375,2738.56005859375,80678.0
2018-12-19 00:00:00+00:00,2728.9599609375,2728.9599609375,2728.9599609375,2728.9599609375,3606.0
2018-12-20 00:00:00+00:00,2867.840087890625,2867.840087890625,2867.840087890625,2867.840087890625,3322.0
2018-12-21 00:00:00+00:00,3012.47998046875,3012.47998046875,3012.47998046875,3012.47998046875,34920.0
2018-12-24 00:00:00+00:00,3163.52001953125,3163.52001953125,3163.52001953125,3163.52001953125,6775.0
2018-12-26 00:00:00+00:00,2995.840087890625,2995.840087890625,2995.840087890625,2995.840087890625,9244.0
2018-12-27 00:00:00+00:00,3122.56005859375,3122.56005859375,3122.56005859375,3122.56005859375,15858.0
2018-12-28 00:00:00+00:00,3117.43994140625,3117.43994140625,3117.43994140625,3117.43994140625,19491.0
2018-12-31 00:00:00+00:00,3007.360107421875,3007.360107421875,3007.360107421875,3007.360107421875,12619.0
2019-01-02 00:00:00+00:00,2927.360107421875,2927.360107421875,2927.360107421875,2927.360107421875,32108.0
2019-01-03 00:00:00+00:00,3048.9599609375,3048.9599609375,3048.9599609375,3048.9599609375,15936.0
2019-01-04 00:00:00+00:00,2807.0400390625,2807.0400390625,2807.0400390625,2807.0400390625,20398.0
2019-01-07 00:00:00+00:00,2744.320068359375,2744.320068359375,2744.320068359375,2744.320068359375,40055.0
2019-01-08 00:00:00+00:00,2688.639892578125,2688.639892578125,2688.639892578125,2688.639892578125,14770.0
2019-01-09 00:00:00+00:00,2625.280029296875,2625.280029296875,2625.280029296875,2625.280029296875,62386.0
2019-01-10 00:00:00+00:00,2597.760009765625,2597.760009765625,2597.760009765625,2597.760009765625,28311.0
2019-01-11 00:00:00+00:00,2513.280029296875,2513.280029296875,2513.280029296875,2513.280029296875,85358.0
2019-01-14 00:00:00+00:00,2520.320068359375,2520.320068359375,2520.320068359375,2520.320068359375,18545.0
2019-01-15 00:00:00+00:00,2410.8798828125,2410.8798828125,2410.8798828125,2410.8798828125,35283.0
2019-01-16 00:00:00+00:00,2459.52001953125,2459.52001953125,2459.52001953125,2459.52001953125,72688.0
2019-01-17 00:00:00+00:00,2432.0,2432.0,2432.0,2432.0,38989.0
2019-01-18 00:00:00+00:00,2371.840087890625,2371.840087890625,2371.840087890625,2371.840087890625,40542.0
2019-01-22 00:00:00+00:00,2580.47998046875,2580.47998046875,2580.47998046875,2580.47998046875,92678.0
2019-01-23 00:00:00+00:00,2566.39990234375,2566.39990234375,2566.39990234375,2566.39990234375,100403.0
2019-01-24 00:00:00+00:00,2475.52001953125,2475.52001953125,2475.52001953125,2475.52001953125,114259.0
2019-01-25 00:00:00+00:00,2382.719970703125,2382.719970703125,2382.719970703125,2382.719970703125,189888.0
2019-01-28 00:00:00+00:00,2481.280029296875,2481.280029296875,2481.280029296875,2481.280029296875,310367.0
2019-01-29 00:00:00+00:00,2474.239990234375,2474.239990234375,2474.239990234375,2474.239990234375,249119.0
2019-01-30 00:00:00+00:00,2365.43994140625,2365.43994140625,2365.43994140625,2365.43994140625,327552.0
2019-01-31 00:00:00+00:00,2267.52001953125,2267.52001953125,2267.52001953125,2267.52001953125,345211.0
2019-02-01 00:00:00+00:00,2245.760009765625,2245.760009765625,2245.760009765625,2245.760009765625,390572.0
2019-02-04 00:00:00+00:00,2176.0,2176.0,2176.0,2176.0,288778.0
2019-02-05 00:00:00+00:00,2157.43994140625,2157.43994140625,2157.43994140625,2157.43994140625,323081.0
2019-02-06 00:00:00+00:00,2145.919921875,2145.919921875,2145.919921875,2145.919921875,262475.0
2019-02-07 00:00:00+00:00,2217.60009765625,2217.60009765625,2217.60009765625,2217.60009765625,465414.0
2019-02-08 00:00:00+00:00,2190.719970703125,2190.719970703125,2190.719970703125,2190.719970703125,300423.0
2019-02-11 00:00:00+00:00,2167.0400390625,2167.0400390625,2167.0400390625,2167.0400390625,212477.0
2019-02-12 00:00:00+00:00,2128.0,2128.0,2128.0,2128.0,327608.0
2019-02-13 00:00:00+00:00,2122.8798828125,2122.8798828125,2122.8798828125,2122.8798828125,287720.0
2019-02-14 00:00:00+00:00,2161.280029296875,2161.280029296875,2161.280029296875,2161.280029296875,411405.0
2019-02-15 00:00:00+00:00,2085.760009765625,2085.760009765625,2085.760009765625,2085.760009765625,376513.0
2019-02-19 00:00:00+00:00,2092.159912109375,2092.159912109375,2092.159912109375,2092.159912109375,249556.0
2019-02-20 00:00:00+00:00,2008.3199462890625,2008.3199462890625,2008.3199462890625,2008.3199462890625,361075.0
2019-02-21 00:00:00+00:00,2034.56005859375,2034.56005859375,2034.56005859375,2034.56005859375,370278.0
2019-02-22 00:00:00+00:00,1957.760009765625,1957.760009765625,1957.760009765625,1957.760009765625,302864.0
2019-02-25 00:00:00+00:00,1992.9599609375,1992.9599609375,1992.9599609375,1992.9599609375,319381.0
2019-02-26 00:00:00+00:00,2009.5999755859375,2009.5999755859375,2009.5999755859375,2009.5999755859375,236500.0
2019-02-27 00:00:00+00:00,2011.52001953125,2011.52001953125,2011.52001953125,2011.52001953125,307789.0
2019-02-28 00:00:00+00:00,2010.239990234375,2010.239990234375,2010.239990234375,2010.239990234375,236413.0
2019-03-01 00:00:00+00:00,1918.719970703125,1918.719970703125,1918.719970703125,1918.719970703125,336428.0
2019-03-04 00:00:00+00:00,1965.43994140625,1965.43994140625,1965.43994140625,1965.43994140625,698753.0
2019-03-05 00:00:00+00:00,1976.9599609375,1976.9599609375,1976.9599609375,1976.9599609375,308233.0
2019-03-06 00:00:00+00:00,2035.199951171875,2035.199951171875,2035.199951171875,2035.199951171875,402467.0
2019-03-07 00:00:00+00:00,2112.639892578125,2112.639892578125,2112.639892578125,2112.639892578125,620270.0
2019-03-08 00:00:00+00:00,2126.719970703125,2126.719970703125,2126.719970703125,2126.719970703125,609606.0
2019-03-11 00:00:00+00:00,1971.8399658203125,1971.8399658203125,1971.8399658203125,1971.8399658203125,416347.0
2019-03-12 00:00:00+00:00,1916.1600341796875,1916.1600341796875,1916.1600341796875,1916.1600341796875,347006.0
2019-03-13 00:00:00+00:00,1895.6800537109375,1895.6800537109375,1895.6800537109375,1895.6800537109375,349311.0
2019-03-14 00:00:00+00:00,1864.3199462890625,1864.3199462890625,1864.3199462890625,1864.3199462890625,308408.0
2019-03-15 00:00:00+00:00,1829.760009765625,1829.760009765625,1829.760009765625,1829.760009765625,364855.0
2019-03-18 00:00:00+00:00,1834.239990234375,1834.239990234375,1834.239990234375,1834.239990234375,332277.0
2019-03-19 00:00:00+00:00,1846.4000244140625,1846.4000244140625,1846.4000244140625,1846.4000244140625,488056.0
2019-03-20 00:00:00+00:00,1866.239990234375,1866.239990234375,1866.239990234375,1866.239990234375,543556.0
2019-03-21 00:00:00+00:00,1841.9200439453125,1841.9200439453125,1841.9200439453125,1841.9200439453125,380027.0
2019-03-22 00:00:00+00:00,2053.1201171875,2053.1201171875,2053.1201171875,2053.1201171875,1100116.0
2019-03-25 00:00:00+00:00,2063.360107421875,2063.360107421875,2063.360107421875,2063.360107421875,698819.0
2019-03-26 00:00:00+00:00,1946.8800048828125,1946.8800048828125,1946.8800048828125,1946.8800048828125,414492.0
2019-03-27 00:00:00+00:00,1976.3199462890625,1976.3199462890625,1976.3199462890625,1976.3199462890625,616588.0
2019-03-28 00:00:00+00:00,1932.1600341796875,1932.1600341796875,1932.1600341796875,1932.1600341796875,408650.0
2019-03-29 00:00:00+00:00,1872.6400146484375,1872.6400146484375,1872.6400146484375,1872.6400146484375,420966.0
2019-04-01 00:00:00+00:00,1839.3599853515625,1839.3599853515625,1839.3599853515625,1839.3599853515625,339645.0
2019-04-02 00:00:00+00:00,1834.239990234375,1834.239990234375,1834.239990234375,1834.239990234375,293642.0
2019-04-03 00:00:00+00:00,1847.0400390625,1847.0400390625,1847.0400390625,1847.0400390625,367339.0
2019-04-04 00:00:00+00:00,1828.47998046875,1828.47998046875,1828.47998046875,1828.47998046875,296258.0
2019-04-05 00:00:00+00:00,1792.0,1792.0,1792.0,1792.0,328320.0
2019-04-08 00:00:00+00:00,1783.6800537109375,1783.6800537109375,1783.6800537109375,1783.6800537109375,286189.0
2019-04-09 00:00:00+00:00,1847.0400390625,1847.0400390625,1847.0400390625,1847.0400390625,311291.0
2019-04-10 00:00:00+00:00,1795.199951171875,1795.199951171875,1795.199951171875,1795.199951171875,259753.0
2019-04-11 00:00:00+00:00,1760.0,1760.0,1760.0,1760.0,301689.0
2019-04-12 00:00:00+00:00,1680.6400146484375,1680.6400146484375,1680.6400146484375,1680.6400146484375,392453.0
2019-04-15 00:00:00+00:00,1658.8800048828125,1658.8800048828125,1658.8800048828125,1658.8800048828125,402023.0
2019-04-16 00:00:00+00:00,1645.43994140625,1645.43994140625,1645.43994140625,1645.43994140625,285641.0
2019-04-17 00:00:00+00:00,1656.9599609375,1656.9599609375,1656.9599609375,1656.9599609375,409636.0
2019-04-18 00:00:00+00:00,1630.719970703125,1630.719970703125,1630.719970703125,1630.719970703125,402620.0
2019-04-22 00:00:00+00:00,1616.0,1616.0,1616.0,1616.0,238442.0
2019-04-23 00:00:00+00:00,1603.199951171875,1603.199951171875,1603.199951171875,1603.199951171875,311613.0
2019-04-24 00:00:00+00:00,1644.800048828125,1644.800048828125,1644.800048828125,1644.800048828125,375180.0
2019-04-25 00:00:00+00:00,1676.800048828125,1676.800048828125,1676.800048828125,1676.800048828125,443588.0
2019-04-26 00:00:00+00:00,1618.56005859375,1618.56005859375,1618.56005859375,1618.56005859375,298939.0
2019-04-29 00:00:00+00:00,1643.52001953125,1643.52001953125,1643.52001953125,1643.52001953125,238844.0
2019-04-30 00:00:00+00:00,1643.52001953125,1643.52001953125,1643.52001953125,1643.52001953125,302609.0
2019-05-01 00:00:00+00:00,1705.5999755859375,1705.5999755859375,1705.5999755859375,1705.5999755859375,406883.0
2019-05-02 00:00:00+00:00,1708.1600341796875,1708.1600341796875,1708.1600341796875,1708.1600341796875,373995.0
2019-05-03 00:00:00+00:00,1626.8800048828125,1626.8800048828125,1626.8800048828125,1626.8800048828125,252877.0
2019-05-06 00:00:00+00:00,1719.0400390625,1719.0400390625,1719.0400390625,1719.0400390625,681411.0
2019-05-07 00:00:00+00:00,2005.1199951171875,2005.1199951171875,2005.1199951171875,2005.1199951171875,1335839.0
2019-05-08 00:00:00+00:00,1965.43994140625,1965.43994140625,1965.43994140625,1965.43994140625,698200.0
2019-05-09 00:00:00+00:00,1955.199951171875,1955.199951171875,1955.199951171875,1955.199951171875,944547.0
2019-05-10 00:00:00+00:00,1804.1600341796875,1804.1600341796875,1804.1600341796875,1804.1600341796875,952434.0
2019-05-13 00:00:00+00:00,2076.800048828125,2076.800048828125,2076.800048828125,2076.800048828125,938363.0
2019-05-14 00:00:00+00:00,1961.5999755859375,1961.5999755859375,1961.5999755859375,1961.5999755859375,575850.0
2019-05-15 00:00:00+00:00,1879.0400390625,1879.0400390625,1879.0400390625,1879.0400390625,501380.0
2019-05-16 00:00:00+00:00,1798.4000244140625,1798.4000244140625,1798.4000244140625,1798.4000244140625,486389.0
2019-05-17 00:00:00+00:00,1825.280029296875,1825.280029296875,1825.280029296875,1825.280029296875,683473.0
2019-05-20 00:00:00+00:00,1852.1600341796875,1852.1600341796875,1852.1600341796875,1852.1600341796875,511520.0
2019-05-21 00:00:00+00:00,1758.719970703125,1758.719970703125,1758.719970703125,1758.719970703125,366488.0
2019-05-22 00:00:00+00:00,1742.0799560546875,1742.0799560546875,1742.0799560546875,1742.0799560546875,438678.0
2019-05-23 00:00:00+00:00,1857.280029296875,1857.280029296875,1857.280029296875,1857.280029296875,667902.0
2019-05-24 00:00:00+00:00,1818.8800048828125,1818.8800048828125,1818.8800048828125,1818.8800048828125,384209.0
2019-05-28 00:00:00+00:00,1873.280029296875,1873.280029296875,1873.280029296875,1873.280029296875,345911.0
2019-05-29 00:00:00+00:00,1909.760009765625,1909.760009765625,1909.760009765625,1909.760009765625,515953.0
2019-05-30 00:00:00+00:00,1875.8399658203125,1875.8399658203125,1875.8399658203125,1875.8399658203125,316831.0
2019-05-31 00:00:00+00:00,1946.8800048828125,1946.8800048828125,1946.8800048828125,1946.8800048828125,451956.0
2019-06-03 00:00:00+00:00,1966.719970703125,1966.719970703125,1966.719970703125,1966.719970703125,453708.0
2019-06-04 00:00:00+00:00,1857.280029296875,1857.280029296875,1857.280029296875,1857.280029296875,377680.0
2019-06-05 00:00:00+00:00,1821.43994140625,1821.43994140625,1821.43994140625,1821.43994140625,366875.0
2019-06-06 00:00:00+00:00,1782.4000244140625,1782.4000244140625,1782.4000244140625,1782.4000244140625,288661.0
2019-06-07 00:00:00+00:00,1795.8399658203125,1795.8399658203125,1795.8399658203125,1795.8399658203125,364483.0
2019-06-10 00:00:00+00:00,1783.0400390625,1783.0400390625,1783.0400390625,1783.0400390625,226045.0
2019-06-11 00:00:00+00:00,1786.239990234375,1786.239990234375,1786.239990234375,1786.239990234375,294398.0
2019-06-12 00:00:00+00:00,1777.9200439453125,1777.9200439453125,1777.9200439453125,1777.9200439453125,222269.0
2019-06-13 00:00:00+00:00,1767.0400390625,1767.0400390625,1767.0400390625,1767.0400390625,266436.0
2019-06-14 00:00:00+00:00,1748.47998046875,1748.47998046875,1748.47998046875,1748.47998046875,213797.0
2019-06-17 00:00:00+00:00,1729.9200439453125,1729.9200439453125,1729.9200439453125,1729.9200439453125,226097.0
2019-06-18 00:00:00+00:00,1716.47998046875,1716.47998046875,1716.47998046875,1716.47998046875,388902.0
2019-06-19 00:00:00+00:00,1659.52001953125,1659.52001953125,1659.52001953125,1659.52001953125,463613.0
2019-06-20 00:00:00+00:00,1664.6400146484375,1664.6400146484375,1664.6400146484375,1664.6400146484375,538191.0
2019-06-21 00:00:00+00:00,1703.6800537109375,1703.6800537109375,1703.6800537109375,1703.6800537109375,308448.0
2019-06-24 00:00:00+00:00,1688.3199462890625,1688.3199462890625,1688.3199462890625,1688.3199462890625,197422.0
2019-06-25 00:00:00+00:00,1731.199951171875,1731.199951171875,1731.199951171875,1731.199951171875,269308.0
2019-06-26 00:00:00+00:00,1717.760009765625,1717.760009765625,1717.760009765625,1717.760009765625,212291.0
2019-06-27 00:00:00+00:00,1690.8800048828125,1690.8800048828125,1690.8800048828125,1690.8800048828125,232669.0
2019-06-28 00:00:00+00:00,1664.0,1664.0,1664.0,1664.0,275386.0
2019-07-01 00:00:00+00:00,1571.8399658203125,1571.8399658203125,1571.8399658203125,1571.8399658203125,471841.0
2019-07-02 00:00:00+00:00,1513.5999755859375,1513.5999755859375,1513.5999755859375,1513.5999755859375,406602.0
2019-07-03 00:00:00+00:00,1504.6400146484375,1504.6400146484375,1504.6400146484375,1504.6400146484375,247020.0
2019-07-05 00:00:00+00:00,1509.1199951171875,1509.1199951171875,1509.1199951171875,1509.1199951171875,376952.0
2019-07-08 00:00:00+00:00,1550.719970703125,1550.719970703125,1550.719970703125,1550.719970703125,281475.0
2019-07-09 00:00:00+00:00,1555.199951171875,1555.199951171875,1555.199951171875,1555.199951171875,234753.0
2019-07-10 00:00:00+00:00,1507.8399658203125,1507.8399658203125,1507.8399658203125,1507.8399658203125,310438.0
2019-07-11 00:00:00+00:00,1482.8800048828125,1482.8800048828125,1482.8800048828125,1482.8800048828125,329081.0
2019-07-12 00:00:00+00:00,1459.199951171875,1459.199951171875,1459.199951171875,1459.199951171875,287903.0
2019-07-15 00:00:00+00:00,1453.43994140625,1453.43994140625,1453.43994140625,1453.43994140625,249147.0
2019-07-16 00:00:00+00:00,1457.9200439453125,1457.9200439453125,1457.9200439453125,1457.9200439453125,397117.0
2019-07-17 00:00:00+00:00,1495.0400390625,1495.0400390625,1495.0400390625,1495.0400390625,454014.0
2019-07-18 00:00:00+00:00,1479.3599853515625,1479.3599853515625,1479.3599853515625,1479.3599853515625,420370.0
2019-07-19 00:00:00+00:00,1496.3199462890625,1496.3199462890625,1496.3199462890625,1496.3199462890625,409700.0
2019-07-22 00:00:00+00:00,1466.239990234375,1466.239990234375,1466.239990234375,1466.239990234375,342320.0
2019-07-23 00:00:00+00:00,1414.4000244140625,1414.4000244140625,1414.4000244140625,1414.4000244140625,295991.0
2019-07-24 00:00:00+00:00,1378.56005859375,1378.56005859375,1378.56005859375,1378.56005859375,294145.0
2019-07-25 00:00:00+00:00,1420.800048828125,1420.800048828125,1420.800048828125,1420.800048828125,466598.0
2019-07-26 00:00:00+00:00,1384.9599609375,1384.9599609375,1384.9599609375,1384.9599609375,295336.0
2019-07-29 00:00:00+00:00,1397.1199951171875,1397.1199951171875,1397.1199951171875,1397.1199951171875,259623.0
2019-07-30 00:00:00+00:00,1429.760009765625,1429.760009765625,1429.760009765625,1429.760009765625,366573.0
2019-07-31 00:00:00+00:00,1509.760009765625,1509.760009765625,1509.760009765625,1509.760009765625,828720.0
2019-08-01 00:00:00+00:00,1628.800048828125,1628.800048828125,1628.800048828125,1628.800048828125,1704488.0
2019-08-02 00:00:00+00:00,1642.239990234375,1642.239990234375,1642.239990234375,1642.239990234375,1114227.0
2019-08-05 00:00:00+00:00,1875.199951171875,1875.199951171875,1875.199951171875,1875.199951171875,1354116.0
2019-08-06 00:00:00+00:00,1758.719970703125,1758.719970703125,1758.719970703125,1758.719970703125,935147.0
2019-08-07 00:00:00+00:00,1767.6800537109375,1767.6800537109375,1767.6800537109375,1767.6800537109375,852094.0
2019-08-08 00:00:00+00:00,1662.719970703125,1662.719970703125,1662.719970703125,1662.719970703125,537017.0
2019-08-09 00:00:00+00:00,1723.52001953125,1723.52001953125,1723.52001953125,1723.52001953125,598408.0
2019-08-12 00:00:00+00:00,1848.9599609375,1848.9599609375,1848.9599609375,1848.9599609375,404119.0
2019-08-13 00:00:00+00:00,1712.6400146484375,1712.6400146484375,1712.6400146484375,1712.6400146484375,653458.0
2019-08-14 00:00:00+00:00,1949.760009765625,1949.760009765625,1949.760009765625,1949.760009765625,1048608.0
2019-08-15 00:00:00+00:00,1898.8800048828125,1898.8800048828125,1898.8800048828125,1898.8800048828125,543184.0
2019-08-16 00:00:00+00:00,1793.9200439453125,1793.9200439453125,1793.9200439453125,1793.9200439453125,427428.0
2019-08-19 00:00:00+00:00,1662.719970703125,1662.719970703125,1662.719970703125,1662.719970703125,443152.0
2019-08-20 00:00:00+00:00,1702.4000244140625,1702.4000244140625,1702.4000244140625,1702.4000244140625,429652.0
2019-08-21 00:00:00+00:00,1619.199951171875,1619.199951171875,1619.199951171875,1619.199951171875,445153.0
2019-08-22 00:00:00+00:00,1648.0,1648.0,1648.0,1648.0,486491.0
2019-08-23 00:00:00+00:00,1853.43994140625,1853.43994140625,1853.43994140625,1853.43994140625,1213298.0
2019-08-26 00:00:00+00:00,1798.4000244140625,1798.4000244140625,1798.4000244140625,1798.4000244140625,505427.0
2019-08-27 00:00:00+00:00,1834.8800048828125,1834.8800048828125,1834.8800048828125,1834.8800048828125,415688.0
2019-08-28 00:00:00+00:00,1793.280029296875,1793.280029296875,1793.280029296875,1793.280029296875,436702.0
2019-08-29 00:00:00+00:00,1718.4000244140625,1718.4000244140625,1718.4000244140625,1718.4000244140625,448467.0
2019-08-30 00:00:00+00:00,1728.0,1728.0,1728.0,1728.0,438800.0
2019-09-03 00:00:00+00:00,1804.1600341796875,1804.1600341796875,1804.1600341796875,1804.1600341796875,562634.0
2019-09-04 00:00:00+00:00,1692.800048828125,1692.800048828125,1692.800048828125,1692.800048828125,570616.0
2019-09-05 00:00:00+00:00,1630.0799560546875,1630.0799560546875,1630.0799560546875,1630.0799560546875,648522.0
2019-09-06 00:00:00+00:00,1582.0799560546875,1582.0799560546875,1582.0799560546875,1582.0799560546875,477694.0
2019-09-09 00:00:00+00:00,1566.719970703125,1566.719970703125,1566.719970703125,1566.719970703125,487856.0
2019-09-10 00:00:00+00:00,1561.5999755859375,1561.5999755859375,1561.5999755859375,1561.5999755859375,467411.0
2019-09-11 00:00:00+00:00,1537.280029296875,1537.280029296875,1537.280029296875,1537.280029296875,524170.0
2019-09-12 00:00:00+00:00,1500.800048828125,1500.800048828125,1500.800048828125,1500.800048828125,670227.0
2019-09-13 00:00:00+00:00,1477.1199951171875,1477.1199951171875,1477.1199951171875,1477.1199951171875,509366.0
2019-09-16 00:00:00+00:00,1498.8800048828125,1498.8800048828125,1498.8800048828125,1498.8800048828125,436620.0
2019-09-17 00:00:00+00:00,1491.8399658203125,1491.8399658203125,1491.8399658203125,1491.8399658203125,392489.0
2019-09-18 00:00:00+00:00,1443.8399658203125,1443.8399658203125,1443.8399658203125,1443.8399658203125,812522.0
2019-09-19 00:00:00+00:00,1417.5999755859375,1417.5999755859375,1417.5999755859375,1417.5999755859375,514069.0
2019-09-20 00:00:00+00:00,1490.56005859375,1490.56005859375,1490.56005859375,1490.56005859375,590363.0
2019-09-23 00:00:00+00:00,1477.760009765625,1477.760009765625,1477.760009765625,1477.760009765625,359792.0
2019-09-24 00:00:00+00:00,1546.239990234375,1546.239990234375,1546.239990234375,1546.239990234375,994005.0
2019-09-25 00:00:00+00:00,1511.0400390625,1511.0400390625,1511.0400390625,1511.0400390625,667847.0
2019-09-26 00:00:00+00:00,1523.8399658203125,1523.8399658203125,1523.8399658203125,1523.8399658203125,489608.0
2019-09-27 00:00:00+00:00,1565.43994140625,1565.43994140625,1565.43994140625,1565.43994140625,844923.0
2019-09-30 00:00:00+00:00,1519.3599853515625,1519.3599853515625,1519.3599853515625,1519.3599853515625,373844.0
2019-10-01 00:00:00+00:00,1586.56005859375,1586.56005859375,1586.56005859375,1586.56005859375,735250.0
2019-10-02 00:00:00+00:00,1692.800048828125,1692.800048828125,1692.800048828125,1692.800048828125,1285869.0
2019-10-03 00:00:00+00:00,1628.1600341796875,1628.1600341796875,1628.1600341796875,1628.1600341796875,763856.0
2019-10-04 00:00:00+00:00,1541.760009765625,1541.760009765625,1541.760009765625,1541.760009765625,463995.0
2019-10-07 00:00:00+00:00,1553.280029296875,1553.280029296875,1553.280029296875,1553.280029296875,453303.0
2019-10-08 00:00:00+00:00,1679.3599853515625,1679.3599853515625,1679.3599853515625,1679.3599853515625,770133.0
2019-10-09 00:00:00+00:00,1623.0400390625,1623.0400390625,1623.0400390625,1623.0400390625,464173.0
2019-10-10 00:00:00+00:00,1563.52001953125,1563.52001953125,1563.52001953125,1563.52001953125,539647.0
2019-10-11 00:00:00+00:00,1473.280029296875,1473.280029296875,1473.280029296875,1473.280029296875,1149078.0
2019-10-14 00:00:00+00:00,1425.280029296875,1425.280029296875,1425.280029296875,1425.280029296875,440520.0
2019-10-15 00:00:00+00:00,1388.1600341796875,1388.1600341796875,1388.1600341796875,1388.1600341796875,685845.0
2019-10-16 00:00:00+00:00,1370.8800048828125,1370.8800048828125,1370.8800048828125,1370.8800048828125,442189.0
2019-10-17 00:00:00+00:00,1362.56005859375,1362.56005859375,1362.56005859375,1362.56005859375,403184.0
2019-10-18 00:00:00+00:00,1359.3599853515625,1359.3599853515625,1359.3599853515625,1359.3599853515625,508502.0
2019-10-21 00:00:00+00:00,1323.52001953125,1323.52001953125,1323.52001953125,1323.52001953125,284736.0
2019-10-22 00:00:00+00:00,1344.6400146484375,1344.6400146484375,1344.6400146484375,1344.6400146484375,315038.0
2019-10-23 00:00:00+00:00,1328.0,1328.0,1328.0,1328.0,275986.0
2019-10-24 00:00:00+00:00,1309.43994140625,1309.43994140625,1309.43994140625,1309.43994140625,389172.0
2019-10-25 00:00:00+00:00,1266.56005859375,1266.56005859375,1266.56005859375,1266.56005859375,405947.0
2019-10-28 00:00:00+00:00,1278.719970703125,1278.719970703125,1278.719970703125,1278.719970703125,406180.0
2019-10-29 00:00:00+00:00,1277.43994140625,1277.43994140625,1277.43994140625,1277.43994140625,360914.0
2019-10-30 00:00:00+00:00,1246.0799560546875,1246.0799560546875,1246.0799560546875,1246.0799560546875,605688.0
2019-10-31 00:00:00+00:00,1264.0,1264.0,1264.0,1264.0,472597.0
2019-11-01 00:00:00+00:00,1207.6800537109375,1207.6800537109375,1207.6800537109375,1207.6800537109375,480303.0
2019-11-04 00:00:00+00:00,1209.5999755859375,1209.5999755859375,1209.5999755859375,1209.5999755859375,344936.0
2019-11-05 00:00:00+00:00,1234.56005859375,1234.56005859375,1234.56005859375,1234.56005859375,355603.0
2019-11-06 00:00:00+00:00,1230.0799560546875,1230.0799560546875,1230.0799560546875,1230.0799560546875,447114.0
2019-11-07 00:00:00+00:00,1218.56005859375,1218.56005859375,1218.56005859375,1218.56005859375,482964.0
2019-11-08 00:00:00+00:00,1192.9599609375,1192.9599609375,1192.9599609375,1192.9599609375,422731.0
2019-11-11 00:00:00+00:00,1188.47998046875,1188.47998046875,1188.47998046875,1188.47998046875,346038.0
2019-11-12 00:00:00+00:00,1174.4000244140625,1174.4000244140625,1174.4000244140625,1174.4000244140625,420948.0
2019-11-13 00:00:00+00:00,1182.719970703125,1182.719970703125,1182.719970703125,1182.719970703125,423105.0
2019-11-14 00:00:00+00:00,1163.52001953125,1163.52001953125,1163.52001953125,1163.52001953125,348256.0
2019-11-15 00:00:00+00:00,1113.5999755859375,1113.5999755859375,1113.5999755859375,1113.5999755859375,585538.0
2019-11-18 00:00:00+00:00,1112.3199462890625,1112.3199462890625,1112.3199462890625,1112.3199462890625,382522.0
2019-11-19 00:00:00+00:00,1124.47998046875,1124.47998046875,1124.47998046875,1124.47998046875,471272.0
2019-11-20 00:00:00+00:00,1136.0,1136.0,1136.0,1136.0,711905.0
2019-11-21 00:00:00+00:00,1138.56005859375,1138.56005859375,1138.56005859375,1138.56005859375,482494.0
2019-11-22 00:00:00+00:00,1105.9200439453125,1105.9200439453125,1105.9200439453125,1105.9200439453125,414439.0
2019-11-25 00:00:00+00:00,1057.9200439453125,1057.9200439453125,1057.9200439453125,1057.9200439453125,424141.0
2019-11-26 00:00:00+00:00,1042.56005859375,1042.56005859375,1042.56005859375,1042.56005859375,447494.0
2019-11-27 00:00:00+00:00,1037.43994140625,1037.43994140625,1037.43994140625,1037.43994140625,296294.0
2019-11-29 00:00:00+00:00,1058.56005859375,1058.56005859375,1058.56005859375,1058.56005859375,269983.0
2019-12-02 00:00:00+00:00,1113.5999755859375,1113.5999755859375,1113.5999755859375,1113.5999755859375,848731.0
2019-12-03 00:00:00+00:00,1178.239990234375,1178.239990234375,1178.239990234375,1178.239990234375,1465205.0
2019-12-04 00:00:00+00:00,1123.8399658203125,1123.8399658203125,1123.8399658203125,1123.8399658203125,665109.0
2019-12-05 00:00:00+00:00,1109.1199951171875,1109.1199951171875,1109.1199951171875,1109.1199951171875,521720.0
2019-12-06 00:00:00+00:00,1070.719970703125,1070.719970703125,1070.719970703125,1070.719970703125,612116.0
2019-12-09 00:00:00+00:00,1126.4000244140625,1126.4000244140625,1126.4000244140625,1126.4000244140625,590969.0
2019-12-10 00:00:00+00:00,1128.3199462890625,1128.3199462890625,1128.3199462890625,1128.3199462890625,555648.0
2019-12-11 00:00:00+00:00,1102.0799560546875,1102.0799560546875,1102.0799560546875,1102.0799560546875,454664.0
2019-12-12 00:00:00+00:00,1036.800048828125,1036.800048828125,1036.800048828125,1036.800048828125,1001617.0
2019-12-13 00:00:00+00:00,993.9199829101562,993.9199829101562,993.9199829101562,993.9199829101562,1151745.0
2019-12-16 00:00:00+00:00,972.7999877929688,972.7999877929688,972.7999877929688,972.7999877929688,534159.0
2019-12-17 00:00:00+00:00,965.760009765625,965.760009765625,965.760009765625,965.760009765625,473234.0
2019-12-18 00:00:00+00:00,975.3599853515625,975.3599853515625,975.3599853515625,975.3599853515625,464750.0
2019-12-19 00:00:00+00:00,951.0399780273438,951.0399780273438,951.0399780273438,951.0399780273438,451969.0
2019-12-20 00:00:00+00:00,962.5599975585938,962.5599975585938,962.5599975585938,962.5599975585938,393283.0
2019-12-23 00:00:00+00:00,965.760009765625,965.760009765625,965.760009765625,965.760009765625,236178.0
2019-12-24 00:00:00+00:00,956.1599731445312,956.1599731445312,956.1599731445312,956.1599731445312,161180.0
2019-12-26 00:00:00+00:00,954.8800048828125,954.8800048828125,954.8800048828125,954.8800048828125,211825.0
2019-12-27 00:00:00+00:00,974.719970703125,974.719970703125,974.719970703125,974.719970703125,412875.0
2019-12-30 00:00:00+00:00,1008.6400146484375,1008.6400146484375,1008.6400146484375,1008.6400146484375,535064.0
2019-12-31 00:00:00+00:00,967.6799926757812,967.6799926757812,967.6799926757812,967.6799926757812,517598.0
2020-01-02 00:00:00+00:00,928.6400146484375,928.6400146484375,928.6400146484375,928.6400146484375,442381.0
2020-01-03 00:00:00+00:00,978.5599975585938,978.5599975585938,978.5599975585938,978.5599975585938,752447.0
2020-01-06 00:00:00+00:00,965.1199951171875,965.1199951171875,965.1199951171875,965.1199951171875,407144.0
2020-01-07 00:00:00+00:00,960.6400146484375,960.6400146484375,960.6400146484375,960.6400146484375,427111.0
2020-01-08 00:00:00+00:00,947.2000122070312,947.2000122070312,947.2000122070312,947.2000122070312,753945.0
2020-01-09 00:00:00+00:00,907.52001953125,907.52001953125,907.52001953125,907.52001953125,501358.0
2020-01-10 00:00:00+00:00,903.6799926757812,903.6799926757812,903.6799926757812,903.6799926757812,514298.0
2020-01-13 00:00:00+00:00,880.6400146484375,880.6400146484375,880.6400146484375,880.6400146484375,440020.0
2020-01-14 00:00:00+00:00,874.239990234375,874.239990234375,874.239990234375,874.239990234375,521280.0
2020-01-15 00:00:00+00:00,871.6799926757812,871.6799926757812,871.6799926757812,871.6799926757812,474861.0
2020-01-16 00:00:00+00:00,850.5599975585938,850.5599975585938,850.5599975585938,850.5599975585938,430677.0
2020-01-17 00:00:00+00:00,852.47998046875,852.47998046875,852.47998046875,852.47998046875,523288.0
2020-01-21 00:00:00+00:00,859.52001953125,859.52001953125,859.52001953125,859.52001953125,646997.0
2020-01-22 00:00:00+00:00,866.5599975585938,866.5599975585938,866.5599975585938,866.5599975585938,569870.0
2020-01-23 00:00:00+00:00,863.3599853515625,863.3599853515625,863.3599853515625,863.3599853515625,545772.0
2020-01-24 00:00:00+00:00,911.3599853515625,911.3599853515625,911.3599853515625,911.3599853515625,1602141.0
2020-01-27 00:00:00+00:00,1005.4400024414062,1005.4400024414062,1005.4400024414062,1005.4400024414062,1292236.0
2020-01-28 00:00:00+00:00,949.1199951171875,949.1199951171875,949.1199951171875,949.1199951171875,839828.0
2020-01-29 00:00:00+00:00,950.4000244140625,950.4000244140625,950.4000244140625,950.4000244140625,652542.0
2020-01-30 00:00:00+00:00,934.4000244140625,934.4000244140625,934.4000244140625,934.4000244140625,1050109.0
2020-01-31 00:00:00+00:00,1036.800048828125,1036.800048828125,1036.800048828125,1036.800048828125,1680916.0
2020-02-03 00:00:00+00:00,997.1199951171875,997.1199951171875,997.1199951171875,997.1199951171875,807856.0
2020-02-04 00:00:00+00:00,949.1199951171875,949.1199951171875,949.1199951171875,949.1199951171875,739220.0
2020-02-05 00:00:00+00:00,908.7999877929688,908.7999877929688,908.7999877929688,908.7999877929688,740552.0
2020-02-06 00:00:00+00:00,901.760009765625,901.760009765625,901.760009765625,901.760009765625,604681.0
2020-02-07 00:00:00+00:00,920.3200073242188,920.3200073242188,920.3200073242188,920.3200073242188,727981.0
2020-02-10 00:00:00+00:00,902.4000244140625,902.4000244140625,902.4000244140625,902.4000244140625,557675.0
2020-02-11 00:00:00+00:00,903.6799926757812,903.6799926757812,903.6799926757812,903.6799926757812,576872.0
2020-02-12 00:00:00+00:00,857.5999755859375,857.5999755859375,857.5999755859375,857.5999755859375,623883.0
2020-02-13 00:00:00+00:00,876.1599731445312,876.1599731445312,876.1599731445312,876.1599731445312,527550.0
2020-02-14 00:00:00+00:00,865.280029296875,865.280029296875,865.280029296875,865.280029296875,524564.0
2020-02-18 00:00:00+00:00,880.6400146484375,880.6400146484375,880.6400146484375,880.6400146484375,638261.0
2020-02-19 00:00:00+00:00,867.8400268554688,867.8400268554688,867.8400268554688,867.8400268554688,565133.0
2020-02-20 00:00:00+00:00,898.5599975585938,898.5599975585938,898.5599975585938,898.5599975585938,1293078.0
2020-02-21 00:00:00+00:00,953.5999755859375,953.5999755859375,953.5999755859375,953.5999755859375,1350458.0
2020-02-24 00:00:00+00:00,1130.8800048828125,1130.8800048828125,1130.8800048828125,1130.8800048828125,2263708.0
2020-02-25 00:00:00+00:00,1237.760009765625,1237.760009765625,1237.760009765625,1237.760009765625,2811241.0
2020-02-26 00:00:00+00:00,1211.52001953125,1211.52001953125,1211.52001953125,1211.52001953125,2084186.0
2020-02-27 00:00:00+00:00,1408.0,1408.0,1408.0,1408.0,2641470.0
2020-02-28 00:00:00+00:00,1459.8399658203125,1459.8399658203125,1459.8399658203125,1459.8399658203125,2281550.0
2020-03-02 00:00:00+00:00,1409.9200439453125,1409.9200439453125,1409.9200439453125,1409.9200439453125,1750975.0
2020-03-03 00:00:00+00:00,1564.800048828125,1564.800048828125,1564.800048828125,1564.800048828125,1960070.0
2020-03-04 00:00:00+00:00,1472.0,1472.0,1472.0,1472.0,1365989.0
2020-03-05 00:00:00+00:00,1707.52001953125,1707.52001953125,1707.52001953125,1707.52001953125,1901491.0
2020-03-06 00:00:00+00:00,1908.47998046875,1908.47998046875,1908.47998046875,1908.47998046875,2200347.0
2020-03-09 00:00:00+00:00,2365.43994140625,2365.43994140625,2365.43994140625,2365.43994140625,1168313.0
2020-03-10 00:00:00+00:00,2183.0400390625,2183.0400390625,2183.0400390625,2183.0400390625,936198.0
2020-03-11 00:00:00+00:00,2474.239990234375,2474.239990234375,2474.239990234375,2474.239990234375,767388.0
2020-03-12 00:00:00+00:00,3031.0400390625,3031.0400390625,3031.0400390625,3031.0400390625,1017314.0
2020-03-13 00:00:00+00:00,2764.800048828125,2764.800048828125,2764.800048828125,2764.800048828125,1029836.0
2020-03-16 00:00:00+00:00,3789.43994140625,3789.43994140625,3789.43994140625,3789.43994140625,759377.0
2020-03-17 00:00:00+00:00,3744.639892578125,3744.639892578125,3744.639892578125,3744.639892578125,768623.0
2020-03-18 00:00:00+00:00,4416.0,4416.0,4416.0,4416.0,1184722.0
2020-03-19 00:00:00+00:00,3968.0,3968.0,3968.0,3968.0,1294214.0
2020-03-20 00:00:00+00:00,3875.199951171875,3875.199951171875,3875.199951171875,3875.199951171875,922716.0
2020-03-23 00:00:00+00:00,3272.320068359375,3272.320068359375,3272.320068359375,3272.320068359375,615591.0
2020-03-24 00:00:00+00:00,3017.60009765625,3017.60009765625,3017.60009765625,3017.60009765625,569266.0
2020-03-25 00:00:00+00:00,3257.60009765625,3257.60009765625,3257.60009765625,3257.60009765625,396209.0
2020-03-26 00:00:00+00:00,2919.679931640625,2919.679931640625,2919.679931640625,2919.679931640625,488084.0
2020-03-27 00:00:00+00:00,3238.39990234375,3238.39990234375,3238.39990234375,3238.39990234375,366077.0
2020-03-30 00:00:00+00:00,3112.320068359375,3112.320068359375,3112.320068359375,3112.320068359375,499692.0
2020-03-31 00:00:00+00:00,2960.0,2960.0,2960.0,2960.0,492463.0
2020-04-01 00:00:00+00:00,3214.080078125,3214.080078125,3214.080078125,3214.080078125,297730.0
2020-04-02 00:00:00+00:00,3031.0400390625,3031.0400390625,3031.0400390625,3031.0400390625,336484.0
2020-04-03 00:00:00+00:00,2908.800048828125,2908.800048828125,2908.800048828125,2908.800048828125,417597.0
2020-04-06 00:00:00+00:00,2701.43994140625,2701.43994140625,2701.43994140625,2701.43994140625,309653.0
2020-04-07 00:00:00+00:00,2778.239990234375,2778.239990234375,2778.239990234375,2778.239990234375,438230.0
2020-04-08 00:00:00+00:00,2713.60009765625,2713.60009765625,2713.60009765625,2713.60009765625,326292.0
2020-04-09 00:00:00+00:00,2660.47998046875,2660.47998046875,2660.47998046875,2660.47998046875,365741.0
2020-04-13 00:00:00+00:00,2605.43994140625,2605.43994140625,2605.43994140625,2605.43994140625,231661.0
2020-04-14 00:00:00+00:00,2394.239990234375,2394.239990234375,2394.239990234375,2394.239990234375,280914.0
2020-04-15 00:00:00+00:00,2586.239990234375,2586.239990234375,2586.239990234375,2586.239990234375,325723.0
2020-04-16 00:00:00+00:00,2607.360107421875,2607.360107421875,2607.360107421875,2607.360107421875,291647.0
2020-04-17 00:00:00+00:00,2499.199951171875,2499.199951171875,2499.199951171875,2499.199951171875,280730.0
2020-04-20 00:00:00+00:00,2741.760009765625,2741.760009765625,2741.760009765625,2741.760009765625,301517.0
2020-04-21 00:00:00+00:00,2970.8798828125,2970.8798828125,2970.8798828125,2970.8798828125,408331.0
2020-04-22 00:00:00+00:00,2828.159912109375,2828.159912109375,2828.159912109375,2828.159912109375,251098.0
2020-04-23 00:00:00+00:00,2819.840087890625,2819.840087890625,2819.840087890625,2819.840087890625,290083.0
2020-04-24 00:00:00+00:00,2657.280029296875,2657.280029296875,2657.280029296875,2657.280029296875,230666.0
2020-04-27 00:00:00+00:00,2461.43994140625,2461.43994140625,2461.43994140625,2461.43994140625,360908.0
2020-04-28 00:00:00+00:00,2500.47998046875,2500.47998046875,2500.47998046875,2500.47998046875,354519.0
2020-04-29 00:00:00+00:00,2349.1201171875,2349.1201171875,2349.1201171875,2349.1201171875,315722.0
2020-04-30 00:00:00+00:00,2423.679931640625,2423.679931640625,2423.679931640625,2423.679931640625,266639.0
2020-05-01 00:00:00+00:00,2636.159912109375,2636.159912109375,2636.159912109375,2636.159912109375,322772.0
2020-05-04 00:00:00+00:00,2576.639892578125,2576.639892578125,2576.639892578125,2576.639892578125,211133.0
2020-05-05 00:00:00+00:00,2474.8798828125,2474.8798828125,2474.8798828125,2474.8798828125,278514.0
2020-05-06 00:00:00+00:00,2509.43994140625,2509.43994140625,2509.43994140625,2509.43994140625,236645.0
2020-05-07 00:00:00+00:00,2398.080078125,2398.080078125,2398.080078125,2398.080078125,275656.0
2020-05-08 00:00:00+00:00,2236.800048828125,2236.800048828125,2236.800048828125,2236.800048828125,304244.0
2020-05-11 00:00:00+00:00,2087.679931640625,2087.679931640625,2087.679931640625,2087.679931640625,295866.0
2020-05-12 00:00:00+00:00,2297.60009765625,2297.60009765625,2297.60009765625,2297.60009765625,381756.0
2020-05-13 00:00:00+00:00,2537.60009765625,2537.60009765625,2537.60009765625,2537.60009765625,676986.0
2020-05-14 00:00:00+00:00,2398.080078125,2398.080078125,2398.080078125,2398.080078125,542373.0
2020-05-15 00:00:00+00:00,2342.39990234375,2342.39990234375,2342.39990234375,2342.39990234375,394489.0
2020-05-18 00:00:00+00:00,2191.360107421875,2191.360107421875,2191.360107421875,2191.360107421875,395064.0
2020-05-19 00:00:00+00:00,2305.919921875,2305.919921875,2305.919921875,2305.919921875,359766.0
2020-05-20 00:00:00+00:00,2156.800048828125,2156.800048828125,2156.800048828125,2156.800048828125,506863.0
2020-05-21 00:00:00+00:00,2219.52001953125,2219.52001953125,2219.52001953125,2219.52001953125,380230.0
2020-05-22 00:00:00+00:00,2198.39990234375,2198.39990234375,2198.39990234375,2198.39990234375,240020.0
2020-05-26 00:00:00+00:00,2165.1201171875,2165.1201171875,2165.1201171875,2165.1201171875,299913.0
2020-05-27 00:00:00+00:00,2121.60009765625,2121.60009765625,2121.60009765625,2121.60009765625,415955.0
2020-05-28 00:00:00+00:00,2206.719970703125,2206.719970703125,2206.719970703125,2206.719970703125,362836.0
2020-05-29 00:00:00+00:00,2120.320068359375,2120.320068359375,2120.320068359375,2120.320068359375,508941.0
2020-06-01 00:00:00+00:00,2138.8798828125,2138.8798828125,2138.8798828125,2138.8798828125,241877.0
2020-06-02 00:00:00+00:00,2079.360107421875,2079.360107421875,2079.360107421875,2079.360107421875,356188.0
2020-06-03 00:00:00+00:00,1989.760009765625,1989.760009765625,1989.760009765625,1989.760009765625,387809.0
2020-06-04 00:00:00+00:00,1973.760009765625,1973.760009765625,1973.760009765625,1973.760009765625,453102.0
2020-06-05 00:00:00+00:00,1866.8800048828125,1866.8800048828125,1866.8800048828125,1866.8800048828125,432436.0
2020-06-08 00:00:00+00:00,1908.47998046875,1908.47998046875,1908.47998046875,1908.47998046875,259175.0
2020-06-09 00:00:00+00:00,2001.280029296875,2001.280029296875,2001.280029296875,2001.280029296875,374445.0
2020-06-10 00:00:00+00:00,1992.3199462890625,1992.3199462890625,1992.3199462890625,1992.3199462890625,471180.0
2020-06-11 00:00:00+00:00,2663.0400390625,2663.0400390625,2663.0400390625,2663.0400390625,1620261.0
2020-06-12 00:00:00+00:00,2477.43994140625,2477.43994140625,2477.43994140625,2477.43994140625,1063156.0
2020-06-15 00:00:00+00:00,2414.080078125,2414.080078125,2414.080078125,2414.080078125,627677.0
2020-06-16 00:00:00+00:00,2359.679931640625,2359.679931640625,2359.679931640625,2359.679931640625,835025.0
2020-06-17 00:00:00+00:00,2366.719970703125,2366.719970703125,2366.719970703125,2366.719970703125,532475.0
2020-06-18 00:00:00+00:00,2323.840087890625,2323.840087890625,2323.840087890625,2323.840087890625,406366.0
2020-06-19 00:00:00+00:00,2360.9599609375,2360.9599609375,2360.9599609375,2360.9599609375,673206.0
2020-06-22 00:00:00+00:00,2245.760009765625,2245.760009765625,2245.760009765625,2245.760009765625,534747.0
2020-06-23 00:00:00+00:00,2204.800048828125,2204.800048828125,2204.800048828125,2204.800048828125,470089.0
2020-06-24 00:00:00+00:00,2350.080078125,2350.080078125,2350.080078125,2350.080078125,1005800.0
2020-06-25 00:00:00+00:00,2264.9599609375,2264.9599609375,2264.9599609375,2264.9599609375,559922.0
2020-06-26 00:00:00+00:00,2400.0,2400.0,2400.0,2400.0,698370.0
2020-06-29 00:00:00+00:00,2283.52001953125,2283.52001953125,2283.52001953125,2283.52001953125,390108.0
2020-06-30 00:00:00+00:00,2172.800048828125,2172.800048828125,2172.800048828125,2172.800048828125,421150.0
2020-07-01 00:00:00+00:00,2104.9599609375,2104.9599609375,2104.9599609375,2104.9599609375,387845.0
2020-07-02 00:00:00+00:00,2068.47998046875,2068.47998046875,2068.47998046875,2068.47998046875,436498.0
2020-07-06 00:00:00+00:00,2065.919921875,2065.919921875,2065.919921875,2065.919921875,368839.0
2020-07-07 00:00:00+00:00,2136.9599609375,2136.9599609375,2136.9599609375,2136.9599609375,384744.0
2020-07-08 00:00:00+00:00,2083.199951171875,2083.199951171875,2083.199951171875,2083.199951171875,386917.0
2020-07-09 00:00:00+00:00,2115.840087890625,2115.840087890625,2115.840087890625,2115.840087890625,504686.0
2020-07-10 00:00:00+00:00,2057.60009765625,2057.60009765625,2057.60009765625,2057.60009765625,357544.0
2020-07-13 00:00:00+00:00,2255.360107421875,2255.360107421875,2255.360107421875,2255.360107421875,538967.0
2020-07-14 00:00:00+00:00,2125.43994140625,2125.43994140625,2125.43994140625,2125.43994140625,720678.0
2020-07-15 00:00:00+00:00,2064.639892578125,2064.639892578125,2064.639892578125,2064.639892578125,446011.0
2020-07-16 00:00:00+00:00,2032.6400146484375,2032.6400146484375,2032.6400146484375,2032.6400146484375,430481.0
2020-07-17 00:00:00+00:00,1959.6800537109375,1959.6800537109375,1959.6800537109375,1959.6800537109375,299213.0
2020-07-20 00:00:00+00:00,1870.719970703125,1870.719970703125,1870.719970703125,1870.719970703125,419866.0
2020-07-21 00:00:00+00:00,1887.3599853515625,1887.3599853515625,1887.3599853515625,1887.3599853515625,561672.0
2020-07-22 00:00:00+00:00,1866.239990234375,1866.239990234375,1866.239990234375,1866.239990234375,352027.0
2020-07-23 00:00:00+00:00,1924.47998046875,1924.47998046875,1924.47998046875,1924.47998046875,549448.0
2020-07-24 00:00:00+00:00,1930.8800048828125,1930.8800048828125,1930.8800048828125,1930.8800048828125,515517.0
2020-07-27 00:00:00+00:00,1877.760009765625,1877.760009765625,1877.760009765625,1877.760009765625,325844.0
2020-07-28 00:00:00+00:00,1866.8800048828125,1866.8800048828125,1866.8800048828125,1866.8800048828125,400967.0
2020-07-29 00:00:00+00:00,1828.47998046875,1828.47998046875,1828.47998046875,1828.47998046875,327286.0
2020-07-30 00:00:00+00:00,1868.800048828125,1868.800048828125,1868.800048828125,1868.800048828125,508164.0
2020-07-31 00:00:00+00:00,1825.280029296875,1825.280029296875,1825.280029296875,1825.280029296875,480391.0
2020-08-03 00:00:00+00:00,1821.43994140625,1821.43994140625,1821.43994140625,1821.43994140625,313211.0
2020-08-04 00:00:00+00:00,1767.6800537109375,1767.6800537109375,1767.6800537109375,1767.6800537109375,307770.0
2020-08-05 00:00:00+00:00,1730.56005859375,1730.56005859375,1730.56005859375,1730.56005859375,319075.0
2020-08-06 00:00:00+00:00,1711.3599853515625,1711.3599853515625,1711.3599853515625,1711.3599853515625,338088.0
2020-08-07 00:00:00+00:00,1697.9200439453125,1697.9200439453125,1697.9200439453125,1697.9200439453125,461205.0
2020-08-10 00:00:00+00:00,1648.0,1648.0,1648.0,1648.0,402547.0
2020-08-11 00:00:00+00:00,1724.800048828125,1724.800048828125,1724.800048828125,1724.800048828125,564245.0
2020-08-12 00:00:00+00:00,1633.9200439453125,1633.9200439453125,1633.9200439453125,1633.9200439453125,442794.0
2020-08-13 00:00:00+00:00,1632.6400146484375,1632.6400146484375,1632.6400146484375,1632.6400146484375,445584.0
2020-08-14 00:00:00+00:00,1628.1600341796875,1628.1600341796875,1628.1600341796875,1628.1600341796875,422734.0
2020-08-17 00:00:00+00:00,1573.760009765625,1573.760009765625,1573.760009765625,1573.760009765625,306331.0
2020-08-18 00:00:00+00:00,1557.1199951171875,1557.1199951171875,1557.1199951171875,1557.1199951171875,345927.0
2020-08-19 00:00:00+00:00,1585.280029296875,1585.280029296875,1585.280029296875,1585.280029296875,556634.0
2020-08-20 00:00:00+00:00,1568.0,1568.0,1568.0,1568.0,553784.0
2020-08-21 00:00:00+00:00,1576.3199462890625,1576.3199462890625,1576.3199462890625,1576.3199462890625,401838.0
2020-08-24 00:00:00+00:00,1569.280029296875,1569.280029296875,1569.280029296875,1569.280029296875,430206.0
2020-08-25 00:00:00+00:00,1560.9599609375,1560.9599609375,1560.9599609375,1560.9599609375,410045.0
2020-08-26 00:00:00+00:00,1595.52001953125,1595.52001953125,1595.52001953125,1595.52001953125,463642.0
2020-08-27 00:00:00+00:00,1646.0799560546875,1646.0799560546875,1646.0799560546875,1646.0799560546875,841497.0
2020-08-28 00:00:00+00:00,1637.1199951171875,1637.1199951171875,1637.1199951171875,1637.1199951171875,544402.0
2020-08-31 00:00:00+00:00,1718.4000244140625,1718.4000244140625,1718.4000244140625,1718.4000244140625,567763.0
2020-09-01 00:00:00+00:00,1745.280029296875,1745.280029296875,1745.280029296875,1745.280029296875,451203.0
2020-09-02 00:00:00+00:00,1788.1600341796875,1788.1600341796875,1788.1600341796875,1788.1600341796875,633261.0
2020-09-03 00:00:00+00:00,2029.43994140625,2029.43994140625,2029.43994140625,2029.43994140625,1859850.0
2020-09-04 00:00:00+00:00,1850.8800048828125,1850.8800048828125,1850.8800048828125,1850.8800048828125,1732702.0
2020-09-08 00:00:00+00:00,1809.9200439453125,1809.9200439453125,1809.9200439453125,1809.9200439453125,998730.0
2020-09-09 00:00:00+00:00,1717.1199951171875,1717.1199951171875,1717.1199951171875,1717.1199951171875,592436.0
2020-09-10 00:00:00+00:00,1736.3199462890625,1736.3199462890625,1736.3199462890625,1736.3199462890625,612588.0
2020-09-11 00:00:00+00:00,1633.280029296875,1633.280029296875,1633.280029296875,1633.280029296875,665370.0
2020-09-14 00:00:00+00:00,1604.47998046875,1604.47998046875,1604.47998046875,1604.47998046875,473258.0
2020-09-15 00:00:00+00:00,1601.9200439453125,1601.9200439453125,1601.9200439453125,1601.9200439453125,398505.0
2020-09-16 00:00:00+00:00,1597.43994140625,1597.43994140625,1597.43994140625,1597.43994140625,464727.0
2020-09-17 00:00:00+00:00,1560.9599609375,1560.9599609375,1560.9599609375,1560.9599609375,486047.0
2020-09-18 00:00:00+00:00,1559.6800537109375,1559.6800537109375,1559.6800537109375,1559.6800537109375,540902.0
2020-09-21 00:00:00+00:00,1610.239990234375,1610.239990234375,1610.239990234375,1610.239990234375,623206.0
2020-09-22 00:00:00+00:00,1623.0400390625,1623.0400390625,1623.0400390625,1623.0400390625,363981.0
2020-09-23 00:00:00+00:00,1708.800048828125,1708.800048828125,1708.800048828125,1708.800048828125,457802.0
2020-09-24 00:00:00+00:00,1676.1600341796875,1676.1600341796875,1676.1600341796875,1676.1600341796875,428444.0
2020-09-25 00:00:00+00:00,1634.56005859375,1634.56005859375,1634.56005859375,1634.56005859375,369253.0
2020-09-28 00:00:00+00:00,1623.0400390625,1623.0400390625,1623.0400390625,1623.0400390625,285333.0
2020-09-29 00:00:00+00:00,1596.1600341796875,1596.1600341796875,1596.1600341796875,1596.1600341796875,353497.0
2020-09-30 00:00:00+00:00,1593.5999755859375,1593.5999755859375,1593.5999755859375,1593.5999755859375,401991.0
2020-10-01 00:00:00+00:00,1600.6400146484375,1600.6400146484375,1600.6400146484375,1600.6400146484375,377352.0
2020-10-02 00:00:00+00:00,1649.9200439453125,1649.9200439453125,1649.9200439453125,1649.9200439453125,467725.0
2020-10-05 00:00:00+00:00,1598.0799560546875,1598.0799560546875,1598.0799560546875,1598.0799560546875,325734.0
2020-10-06 00:00:00+00:00,1620.47998046875,1620.47998046875,1620.47998046875,1620.47998046875,543850.0
2020-10-07 00:00:00+00:00,1567.3599853515625,1567.3599853515625,1567.3599853515625,1567.3599853515625,303894.0
2020-10-08 00:00:00+00:00,1504.6400146484375,1504.6400146484375,1504.6400146484375,1504.6400146484375,394359.0
2020-10-09 00:00:00+00:00,1426.56005859375,1426.56005859375,1426.56005859375,1426.56005859375,455220.0
2020-10-12 00:00:00+00:00,1398.4000244140625,1398.4000244140625,1398.4000244140625,1398.4000244140625,488391.0
2020-10-13 00:00:00+00:00,1417.5999755859375,1417.5999755859375,1417.5999755859375,1417.5999755859375,365552.0
2020-10-14 00:00:00+00:00,1402.8800048828125,1402.8800048828125,1402.8800048828125,1402.8800048828125,462108.0
2020-10-15 00:00:00+00:00,1415.0400390625,1415.0400390625,1415.0400390625,1415.0400390625,509478.0
2020-10-16 00:00:00+00:00,1425.280029296875,1425.280029296875,1425.280029296875,1425.280029296875,366239.0
2020-10-19 00:00:00+00:00,1487.3599853515625,1487.3599853515625,1487.3599853515625,1487.3599853515625,434466.0
2020-10-20 00:00:00+00:00,1486.719970703125,1486.719970703125,1486.719970703125,1486.719970703125,464870.0
2020-10-21 00:00:00+00:00,1451.52001953125,1451.52001953125,1451.52001953125,1451.52001953125,424597.0
2020-10-22 00:00:00+00:00,1417.5999755859375,1417.5999755859375,1417.5999755859375,1417.5999755859375,354292.0
2020-10-23 00:00:00+00:00,1418.8800048828125,1418.8800048828125,1418.8800048828125,1418.8800048828125,295706.0
2020-10-26 00:00:00+00:00,1546.8800048828125,1546.8800048828125,1546.8800048828125,1546.8800048828125,795198.0
2020-10-27 00:00:00+00:00,1553.280029296875,1553.280029296875,1553.280029296875,1553.280029296875,532884.0
2020-10-28 00:00:00+00:00,1774.719970703125,1774.719970703125,1774.719970703125,1774.719970703125,1205505.0
2020-10-29 00:00:00+00:00,1648.0,1648.0,1648.0,1648.0,734402.0
2020-10-30 00:00:00+00:00,1697.9200439453125,1697.9200439453125,1697.9200439453125,1697.9200439453125,625348.0
2020-11-02 00:00:00+00:00,1660.1600341796875,1660.1600341796875,1660.1600341796875,1660.1600341796875,648958.0
2020-11-03 00:00:00+00:00,1568.6400146484375,1568.6400146484375,1568.6400146484375,1568.6400146484375,608527.0
2020-11-04 00:00:00+00:00,1430.4000244140625,1430.4000244140625,1430.4000244140625,1430.4000244140625,1018869.0
2020-11-05 00:00:00+00:00,1406.719970703125,1406.719970703125,1406.719970703125,1406.719970703125,570570.0
2020-11-06 00:00:00+00:00,1313.280029296875,1313.280029296875,1313.280029296875,1313.280029296875,665716.0
2020-11-09 00:00:00+00:00,1284.47998046875,1284.47998046875,1284.47998046875,1284.47998046875,936411.0
2020-11-10 00:00:00+00:00,1246.0799560546875,1246.0799560546875,1246.0799560546875,1246.0799560546875,530817.0
2020-11-11 00:00:00+00:00,1215.3599853515625,1215.3599853515625,1215.3599853515625,1215.3599853515625,513580.0
2020-11-12 00:00:00+00:00,1301.1199951171875,1301.1199951171875,1301.1199951171875,1301.1199951171875,1044855.0
2020-11-13 00:00:00+00:00,1221.1199951171875,1221.1199951171875,1221.1199951171875,1221.1199951171875,591438.0
2020-11-16 00:00:00+00:00,1186.56005859375,1186.56005859375,1186.56005859375,1186.56005859375,506870.0
2020-11-17 00:00:00+00:00,1171.199951171875,1171.199951171875,1171.199951171875,1171.199951171875,511142.0
2020-11-18 00:00:00+00:00,1205.760009765625,1205.760009765625,1205.760009765625,1205.760009765625,569977.0
2020-11-19 00:00:00+00:00,1192.9599609375,1192.9599609375,1192.9599609375,1192.9599609375,445481.0
2020-11-20 00:00:00+00:00,1190.4000244140625,1190.4000244140625,1190.4000244140625,1190.4000244140625,452755.0
2020-11-23 00:00:00+00:00,1175.0400390625,1175.0400390625,1175.0400390625,1175.0400390625,509545.0
2020-11-24 00:00:00+00:00,1155.199951171875,1155.199951171875,1155.199951171875,1155.199951171875,528152.0
2020-11-25 00:00:00+00:00,1112.9599609375,1112.9599609375,1112.9599609375,1112.9599609375,389697.0
2020-11-27 00:00:00+00:00,1120.6400146484375,1120.6400146484375,1120.6400146484375,1120.6400146484375,257728.0
2020-11-30 00:00:00+00:00,1099.52001953125,1099.52001953125,1099.52001953125,1099.52001953125,444425.0
2020-12-01 00:00:00+00:00,1110.4000244140625,1110.4000244140625,1110.4000244140625,1110.4000244140625,593234.0
2020-12-02 00:00:00+00:00,1104.6400146484375,1104.6400146484375,1104.6400146484375,1104.6400146484375,478311.0
2020-12-03 00:00:00+00:00,1114.8800048828125,1114.8800048828125,1114.8800048828125,1114.8800048828125,537302.0
2020-12-04 00:00:00+00:00,1095.0400390625,1095.0400390625,1095.0400390625,1095.0400390625,541025.0
2020-12-07 00:00:00+00:00,1101.43994140625,1101.43994140625,1101.43994140625,1101.43994140625,468116.0
2020-12-08 00:00:00+00:00,1061.760009765625,1061.760009765625,1061.760009765625,1061.760009765625,466092.0
2020-12-09 00:00:00+00:00,1100.800048828125,1100.800048828125,1100.800048828125,1100.800048828125,1047852.0
2020-12-10 00:00:00+00:00,1111.0400390625,1111.0400390625,1111.0400390625,1111.0400390625,721930.0
2020-12-11 00:00:00+00:00,1152.0,1152.0,1152.0,1152.0,878634.0
2020-12-14 00:00:00+00:00,1178.239990234375,1178.239990234375,1178.239990234375,1178.239990234375,615527.0
2020-12-15 00:00:00+00:00,1123.8399658203125,1123.8399658203125,1123.8399658203125,1123.8399658203125,662006.0
2020-12-16 00:00:00+00:00,1087.3599853515625,1087.3599853515625,1087.3599853515625,1087.3599853515625,651361.0
2020-12-17 00:00:00+00:00,1072.0,1072.0,1072.0,1072.0,612564.0
2020-12-18 00:00:00+00:00,1093.1199951171875,1093.1199951171875,1093.1199951171875,1093.1199951171875,811192.0
2020-12-21 00:00:00+00:00,1180.1600341796875,1180.1600341796875,1180.1600341796875,1180.1600341796875,1394855.0
2020-12-22 00:00:00+00:00,1159.0400390625,1159.0400390625,1159.0400390625,1159.0400390625,564231.0
2020-12-23 00:00:00+00:00,1112.3199462890625,1112.3199462890625,1112.3199462890625,1112.3199462890625,516392.0
2020-12-24 00:00:00+00:00,1080.3199462890625,1080.3199462890625,1080.3199462890625,1080.3199462890625,219339.0
2020-12-28 00:00:00+00:00,1076.47998046875,1076.47998046875,1076.47998046875,1076.47998046875,313984.0
2020-12-29 00:00:00+00:00,1115.52001953125,1115.52001953125,1115.52001953125,1115.52001953125,567998.0
2020-12-30 00:00:00+00:00,1075.199951171875,1075.199951171875,1075.199951171875,1075.199951171875,430819.0
2020-12-31 00:00:00+00:00,1074.56005859375,1074.56005859375,1074.56005859375,1074.56005859375,458573.0
2021-01-04 00:00:00+00:00,1168.0,1168.0,1168.0,1168.0,1105622.0
2021-01-05 00:00:00+00:00,1128.9599609375,1128.9599609375,1128.9599609375,1128.9599609375,728286.0
2021-01-06 00:00:00+00:00,1123.199951171875,1123.199951171875,1123.199951171875,1123.199951171875,1160375.0
2021-01-07 00:00:00+00:00,1056.0,1056.0,1056.0,1056.0,610442.0
2021-01-08 00:00:00+00:00,1046.4000244140625,1046.4000244140625,1046.4000244140625,1046.4000244140625,694117.0
2021-01-11 00:00:00+00:00,1109.760009765625,1109.760009765625,1109.760009765625,1109.760009765625,645055.0
2021-01-12 00:00:00+00:00,1072.0,1072.0,1072.0,1072.0,525502.0
2021-01-13 00:00:00+00:00,1055.3599853515625,1055.3599853515625,1055.3599853515625,1055.3599853515625,457492.0
2021-01-14 00:00:00+00:00,1067.52001953125,1067.52001953125,1067.52001953125,1067.52001953125,588606.0
2021-01-15 00:00:00+00:00,1095.0400390625,1095.0400390625,1095.0400390625,1095.0400390625,902302.0
2021-01-19 00:00:00+00:00,1064.3199462890625,1064.3199462890625,1064.3199462890625,1064.3199462890625,677184.0
2021-01-20 00:00:00+00:00,1043.8399658203125,1043.8399658203125,1043.8399658203125,1043.8399658203125,545517.0
2021-01-21 00:00:00+00:00,1035.52001953125,1035.52001953125,1035.52001953125,1035.52001953125,668666.0
2021-01-22 00:00:00+00:00,1049.5999755859375,1049.5999755859375,1049.5999755859375,1049.5999755859375,671280.0
2021-01-25 00:00:00+00:00,1091.8399658203125,1091.8399658203125,1091.8399658203125,1091.8399658203125,1157409.0
2021-01-26 00:00:00+00:00,1100.800048828125,1100.800048828125,1100.800048828125,1100.800048828125,760280.0
2021-01-27 00:00:00+00:00,1296.0,1296.0,1296.0,1296.0,1943634.0
2021-01-28 00:00:00+00:00,1266.56005859375,1266.56005859375,1266.56005859375,1266.56005859375,1198392.0
2021-01-29 00:00:00+00:00,1349.1199951171875,1349.1199951171875,1349.1199951171875,1349.1199951171875,1924180.0
2021-02-01 00:00:00+00:00,1272.3199462890625,1272.3199462890625,1272.3199462890625,1272.3199462890625,1017656.0
2021-02-02 00:00:00+00:00,1164.1600341796875,1164.1600341796875,1164.1600341796875,1164.1600341796875,662261.0
2021-02-03 00:00:00+00:00,1104.0,1104.0,1104.0,1104.0,585467.0
2021-02-04 00:00:00+00:00,1056.0,1056.0,1056.0,1056.0,476994.0
2021-02-05 00:00:00+00:00,1054.0799560546875,1054.0799560546875,1054.0799560546875,1054.0799560546875,541817.0
2021-02-08 00:00:00+00:00,1045.1199951171875,1045.1199951171875,1045.1199951171875,1045.1199951171875,407542.0
2021-02-09 00:00:00+00:00,1049.5999755859375,1049.5999755859375,1049.5999755859375,1049.5999755859375,535333.0
2021-02-10 00:00:00+00:00,1066.8800048828125,1066.8800048828125,1066.8800048828125,1066.8800048828125,1046180.0
2021-02-11 00:00:00+00:00,1041.9200439453125,1041.9200439453125,1041.9200439453125,1041.9200439453125,769494.0
2021-02-12 00:00:00+00:00,1007.3599853515625,1007.3599853515625,1007.3599853515625,1007.3599853515625,767356.0
2021-02-16 00:00:00+00:00,1018.239990234375,1018.239990234375,1018.239990234375,1018.239990234375,837214.0
2021-02-17 00:00:00+00:00,997.1199951171875,997.1199951171875,997.1199951171875,997.1199951171875,862472.0
2021-02-18 00:00:00+00:00,1002.239990234375,1002.239990234375,1002.239990234375,1002.239990234375,857328.0
2021-02-19 00:00:00+00:00,966.4000244140625,966.4000244140625,966.4000244140625,966.4000244140625,973395.0
2021-02-22 00:00:00+00:00,1006.719970703125,1006.719970703125,1006.719970703125,1006.719970703125,861638.0
2021-02-23 00:00:00+00:00,965.1199951171875,965.1199951171875,965.1199951171875,965.1199951171875,1457566.0
2021-02-24 00:00:00+00:00,926.719970703125,926.719970703125,926.719970703125,926.719970703125,932717.0
2021-02-25 00:00:00+00:00,1074.56005859375,1074.56005859375,1074.56005859375,1074.56005859375,2431491.0
2021-02-26 00:00:00+00:00,1025.9200439453125,1025.9200439453125,1025.9200439453125,1025.9200439453125,1896020.0
2021-03-01 00:00:00+00:00,949.760009765625,949.760009765625,949.760009765625,949.760009765625,840713.0
2021-03-02 00:00:00+00:00,958.0800170898438,958.0800170898438,958.0800170898438,958.0800170898438,778555.0
2021-03-03 00:00:00+00:00,999.0399780273438,999.0399780273438,999.0399780273438,999.0399780273438,1595847.0
2021-03-04 00:00:00+00:00,1041.280029296875,1041.280029296875,1041.280029296875,1041.280029296875,1915178.0
2021-03-05 00:00:00+00:00,967.6799926757812,967.6799926757812,967.6799926757812,967.6799926757812,1623081.0
2021-03-08 00:00:00+00:00,984.9600219726562,984.9600219726562,984.9600219726562,984.9600219726562,1093294.0
2021-03-09 00:00:00+00:00,945.280029296875,945.280029296875,945.280029296875,945.280029296875,826097.0
2021-03-10 00:00:00+00:00,933.1199951171875,933.1199951171875,933.1199951171875,933.1199951171875,713338.0
2021-03-11 00:00:00+00:00,910.0800170898438,910.0800170898438,910.0800170898438,910.0800170898438,667836.0
2021-03-12 00:00:00+00:00,892.7999877929688,892.7999877929688,892.7999877929688,892.7999877929688,740752.0
2021-03-15 00:00:00+00:00,842.239990234375,842.239990234375,842.239990234375,842.239990234375,785709.0
2021-03-16 00:00:00+00:00,842.239990234375,842.239990234375,842.239990234375,842.239990234375,800419.0
2021-03-17 00:00:00+00:00,805.760009765625,805.760009765625,805.760009765625,805.760009765625,1026473.0
2021-03-18 00:00:00+00:00,850.5599975585938,850.5599975585938,850.5599975585938,850.5599975585938,975373.0
2021-03-19 00:00:00+00:00,817.280029296875,817.280029296875,817.280029296875,817.280029296875,897453.0
2021-03-22 00:00:00+00:00,764.1599731445312,764.1599731445312,764.1599731445312,764.1599731445312,753539.0
2021-03-23 00:00:00+00:00,800.0,800.0,800.0,800.0,959341.0
2021-03-24 00:00:00+00:00,807.0399780273438,807.0399780273438,807.0399780273438,807.0399780273438,748220.0
2021-03-25 00:00:00+00:00,782.719970703125,782.719970703125,782.719970703125,782.719970703125,1166875.0
2021-03-26 00:00:00+00:00,751.3599853515625,751.3599853515625,751.3599853515625,751.3599853515625,1233822.0
2021-03-29 00:00:00+00:00,768.6400146484375,768.6400146484375,768.6400146484375,768.6400146484375,990709.0
2021-03-30 00:00:00+00:00,735.3599853515625,735.3599853515625,735.3599853515625,735.3599853515625,738689.0
2021-03-31 00:00:00+00:00,729.5999755859375,729.5999755859375,729.5999755859375,729.5999755859375,917783.0
2021-04-01 00:00:00+00:00,707.2000122070312,707.2000122070312,707.2000122070312,707.2000122070312,749677.0
2021-04-05 00:00:00+00:00,689.280029296875,689.280029296875,689.280029296875,689.280029296875,825091.0
2021-04-06 00:00:00+00:00,689.280029296875,689.280029296875,689.280029296875,689.280029296875,695769.0
2021-04-07 00:00:00+00:00,671.3599853515625,671.3599853515625,671.3599853515625,671.3599853515625,628225.0
2021-04-08 00:00:00+00:00,661.1199951171875,661.1199951171875,661.1199951171875,661.1199951171875,666502.0
2021-04-09 00:00:00+00:00,659.8400268554688,659.8400268554688,659.8400268554688,659.8400268554688,748838.0
2021-04-12 00:00:00+00:00,650.239990234375,650.239990234375,650.239990234375,650.239990234375,651722.0
2021-04-13 00:00:00+00:00,645.760009765625,645.760009765625,645.760009765625,645.760009765625,760255.0
2021-04-14 00:00:00+00:00,659.8400268554688,659.8400268554688,659.8400268554688,659.8400268554688,932934.0
2021-04-15 00:00:00+00:00,638.0800170898438,638.0800170898438,638.0800170898438,638.0800170898438,830586.0
2021-04-16 00:00:00+00:00,627.8400268554688,627.8400268554688,627.8400268554688,627.8400268554688,771922.0
2021-04-19 00:00:00+00:00,650.8800048828125,650.8800048828125,650.8800048828125,650.8800048828125,1294267.0
2021-04-20 00:00:00+00:00,665.5999755859375,665.5999755859375,665.5999755859375,665.5999755859375,1354161.0
2021-04-21 00:00:00+00:00,629.760009765625,629.760009765625,629.760009765625,629.760009765625,848359.0
2021-04-22 00:00:00+00:00,668.7999877929688,668.7999877929688,668.7999877929688,668.7999877929688,1752644.0
2021-04-23 00:00:00+00:00,642.719970703125,642.719970703125,642.719970703125,642.719970703125,1950931.0
2021-04-26 00:00:00+00:00,637.1199951171875,637.1199951171875,637.1199951171875,637.1199951171875,720650.0
2021-04-27 00:00:00+00:00,624.1599731445312,624.1599731445312,624.1599731445312,624.1599731445312,866394.0
2021-04-28 00:00:00+00:00,621.9199829101562,621.9199829101562,621.9199829101562,621.9199829101562,897313.0
2021-04-29 00:00:00+00:00,617.1199951171875,617.1199951171875,617.1199951171875,617.1199951171875,1354738.0
2021-04-30 00:00:00+00:00,642.5599975585938,642.5599975585938,642.5599975585938,642.5599975585938,1218138.0
2021-05-03 00:00:00+00:00,620.0,620.0,620.0,620.0,969288.0
2021-05-04 00:00:00+00:00,643.3599853515625,643.3599853515625,643.3599853515625,643.3599853515625,2219706.0
2021-05-05 00:00:00+00:00,627.0399780273438,627.0399780273438,627.0399780273438,627.0399780273438,1271450.0
2021-05-06 00:00:00+00:00,623.2000122070312,623.2000122070312,623.2000122070312,623.2000122070312,1380363.0
2021-05-07 00:00:00+00:00,587.8400268554688,587.8400268554688,587.8400268554688,587.8400268554688,1151944.0
2021-05-10 00:00:00+00:00,613.5999755859375,613.5999755859375,613.5999755859375,613.5999755859375,1538150.0
2021-05-11 00:00:00+00:00,659.3599853515625,659.3599853515625,659.3599853515625,659.3599853515625,2521569.0
2021-05-12 00:00:00+00:00,774.3200073242188,774.3200073242188,774.3200073242188,774.3200073242188,4511294.0
2021-05-13 00:00:00+00:00,700.0,700.0,700.0,700.0,2703588.0
2021-05-14 00:00:00+00:00,617.6799926757812,617.6799926757812,617.6799926757812,617.6799926757812,1413650.0
2021-05-17 00:00:00+00:00,637.9199829101562,637.9199829101562,637.9199829101562,637.9199829101562,2115431.0
2021-05-18 00:00:00+00:00,647.2000122070312,647.2000122070312,647.2000122070312,647.2000122070312,1766119.0
2021-05-19 00:00:00+00:00,677.5999755859375,677.5999755859375,677.5999755859375,677.5999755859375,4050863.0
2021-05-20 00:00:00+00:00,639.8400268554688,639.8400268554688,639.8400268554688,639.8400268554688,1847294.0
2021-05-21 00:00:00+00:00,631.6799926757812,631.6799926757812,631.6799926757812,631.6799926757812,1541688.0
2021-05-24 00:00:00+00:00,603.6799926757812,603.6799926757812,603.6799926757812,603.6799926757812,978788.0
2021-05-25 00:00:00+00:00,603.2000122070312,603.2000122070312,603.2000122070312,603.2000122070312,1173869.0
2021-05-26 00:00:00+00:00,574.4000244140625,574.4000244140625,574.4000244140625,574.4000244140625,1430038.0
2021-05-27 00:00:00+00:00,546.5599975585938,546.5599975585938,546.5599975585938,546.5599975585938,1182138.0
2021-05-28 00:00:00+00:00,555.2000122070312,555.2000122070312,555.2000122070312,555.2000122070312,1057806.0
2021-06-01 00:00:00+00:00,568.47998046875,568.47998046875,568.47998046875,568.47998046875,1201838.0
2021-06-02 00:00:00+00:00,553.760009765625,553.760009765625,553.760009765625,553.760009765625,1245775.0
2021-06-03 00:00:00+00:00,564.0,564.0,564.0,564.0,1544600.0
2021-06-04 00:00:00+00:00,534.239990234375,534.239990234375,534.239990234375,534.239990234375,1236400.0
2021-06-07 00:00:00+00:00,524.6400146484375,524.6400146484375,524.6400146484375,524.6400146484375,883581.0
2021-06-08 00:00:00+00:00,530.239990234375,530.239990234375,530.239990234375,530.239990234375,1283581.0
2021-06-09 00:00:00+00:00,538.8800048828125,538.8800048828125,538.8800048828125,538.8800048828125,1007850.0
2021-06-10 00:00:00+00:00,507.67999267578125,507.67999267578125,507.67999267578125,507.67999267578125,1520319.0
2021-06-11 00:00:00+00:00,493.1199951171875,493.1199951171875,493.1199951171875,493.1199951171875,1240444.0
2021-06-14 00:00:00+00:00,497.760009765625,497.760009765625,497.760009765625,497.760009765625,1267538.0
2021-06-15 00:00:00+00:00,508.6400146484375,508.6400146484375,508.6400146484375,508.6400146484375,1345388.0
2021-06-16 00:00:00+00:00,513.1199951171875,513.1199951171875,513.1199951171875,513.1199951171875,3075131.0
2021-06-17 00:00:00+00:00,510.239990234375,510.239990234375,510.239990234375,510.239990234375,1948688.0
2021-06-18 00:00:00+00:00,555.0399780273438,555.0399780273438,555.0399780273438,555.0399780273438,3143375.0
2021-06-21 00:00:00+00:00,520.6400146484375,520.6400146484375,520.6400146484375,520.6400146484375,1444369.0
2021-06-22 00:00:00+00:00,493.9200134277344,493.9200134277344,493.9200134277344,493.9200134277344,1156556.0
2021-06-23 00:00:00+00:00,484.6400146484375,484.6400146484375,484.6400146484375,484.6400146484375,940025.0
2021-06-24 00:00:00+00:00,475.20001220703125,475.20001220703125,475.20001220703125,475.20001220703125,892819.0
2021-06-25 00:00:00+00:00,466.3999938964844,466.3999938964844,466.3999938964844,466.3999938964844,995575.0
2021-06-28 00:00:00+00:00,466.3999938964844,466.3999938964844,466.3999938964844,466.3999938964844,1065619.0
2021-06-29 00:00:00+00:00,476.32000732421875,476.32000732421875,476.32000732421875,476.32000732421875,889331.0
2021-06-30 00:00:00+00:00,471.3599853515625,471.3599853515625,471.3599853515625,471.3599853515625,1193494.0
2021-07-01 00:00:00+00:00,463.67999267578125,463.67999267578125,463.67999267578125,463.67999267578125,1121550.0
2021-07-02 00:00:00+00:00,462.55999755859375,462.55999755859375,462.55999755859375,462.55999755859375,1697231.0
2021-07-06 00:00:00+00:00,473.1199951171875,473.1199951171875,473.1199951171875,473.1199951171875,1582456.0
2021-07-07 00:00:00+00:00,474.0799865722656,474.0799865722656,474.0799865722656,474.0799865722656,1224744.0
2021-07-08 00:00:00+00:00,504.79998779296875,504.79998779296875,504.79998779296875,504.79998779296875,2308044.0
2021-07-09 00:00:00+00:00,470.8800048828125,470.8800048828125,470.8800048828125,470.8800048828125,1459144.0
2021-07-12 00:00:00+00:00,467.8399963378906,467.8399963378906,467.8399963378906,467.8399963378906,878544.0
2021-07-13 00:00:00+00:00,473.44000244140625,473.44000244140625,473.44000244140625,473.44000244140625,1377281.0
2021-07-14 00:00:00+00:00,462.55999755859375,462.55999755859375,462.55999755859375,462.55999755859375,1687800.0
2021-07-15 00:00:00+00:00,469.2799987792969,469.2799987792969,469.2799987792969,469.2799987792969,2050456.0
2021-07-16 00:00:00+00:00,488.79998779296875,488.79998779296875,488.79998779296875,488.79998779296875,1667581.0
2021-07-19 00:00:00+00:00,558.5599975585938,558.5599975585938,558.5599975585938,558.5599975585938,4945519.0
2021-07-20 00:00:00+00:00,511.5199890136719,511.5199890136719,511.5199890136719,511.5199890136719,2213469.0
2021-07-21 00:00:00+00:00,479.0400085449219,479.0400085449219,479.0400085449219,479.0400085449219,1521044.0
2021-07-22 00:00:00+00:00,487.5199890136719,487.5199890136719,487.5199890136719,487.5199890136719,1537850.0
2021-07-23 00:00:00+00:00,485.2799987792969,485.2799987792969,485.2799987792969,485.2799987792969,1451300.0
2021-07-26 00:00:00+00:00,477.6000061035156,477.6000061035156,477.6000061035156,477.6000061035156,1293363.0
2021-07-27 00:00:00+00:00,493.760009765625,493.760009765625,493.760009765625,493.760009765625,2487575.0
2021-07-28 00:00:00+00:00,479.8399963378906,479.8399963378906,479.8399963378906,479.8399963378906,1890263.0
2021-07-29 00:00:00+00:00,471.8399963378906,471.8399963378906,471.8399963378906,471.8399963378906,982344.0
2021-07-30 00:00:00+00:00,483.3599853515625,483.3599853515625,483.3599853515625,483.3599853515625,1368244.0
2021-08-02 00:00:00+00:00,502.0799865722656,502.0799865722656,502.0799865722656,502.0799865722656,1425000.0
2021-08-03 00:00:00+00:00,476.9599914550781,476.9599914550781,476.9599914550781,476.9599914550781,1810613.0
2021-08-04 00:00:00+00:00,476.32000732421875,476.32000732421875,476.32000732421875,476.32000732421875,1092969.0
2021-08-05 00:00:00+00:00,464.79998779296875,464.79998779296875,464.79998779296875,464.79998779296875,1136313.0
2021-08-06 00:00:00+00:00,452.79998779296875,452.79998779296875,452.79998779296875,452.79998779296875,1189150.0
2021-08-09 00:00:00+00:00,448.1600036621094,448.1600036621094,448.1600036621094,448.1600036621094,1301825.0
2021-08-10 00:00:00+00:00,440.4800109863281,440.4800109863281,440.4800109863281,440.4800109863281,1093725.0
2021-08-11 00:00:00+00:00,428.4800109863281,428.4800109863281,428.4800109863281,428.4800109863281,1232156.0
2021-08-12 00:00:00+00:00,419.8399963378906,419.8399963378906,419.8399963378906,419.8399963378906,1149256.0
2021-08-13 00:00:00+00:00,420.4800109863281,420.4800109863281,420.4800109863281,420.4800109863281,1060650.0
2021-08-16 00:00:00+00:00,421.1199951171875,421.1199951171875,421.1199951171875,421.1199951171875,2029388.0
2021-08-17 00:00:00+00:00,435.20001220703125,435.20001220703125,435.20001220703125,435.20001220703125,3250038.0
2021-08-18 00:00:00+00:00,465.1199951171875,465.1199951171875,465.1199951171875,465.1199951171875,2385469.0
2021-08-19 00:00:00+00:00,480.239990234375,480.239990234375,480.239990234375,480.239990234375,4621925.0
2021-08-20 00:00:00+00:00,444.1600036621094,444.1600036621094,444.1600036621094,444.1600036621094,2141019.0
2021-08-23 00:00:00+00:00,428.9599914550781,428.9599914550781,428.9599914550781,428.9599914550781,1484725.0
2021-08-24 00:00:00+00:00,427.3599853515625,427.3599853515625,427.3599853515625,427.3599853515625,1053800.0
2021-08-25 00:00:00+00:00,418.0799865722656,418.0799865722656,418.0799865722656,418.0799865722656,920719.0
2021-08-26 00:00:00+00:00,436.0,436.0,436.0,436.0,2245988.0
2021-08-27 00:00:00+00:00,413.6000061035156,413.6000061035156,413.6000061035156,413.6000061035156,1667206.0
2021-08-30 00:00:00+00:00,409.44000244140625,409.44000244140625,409.44000244140625,409.44000244140625,1181994.0
2021-08-31 00:00:00+00:00,407.8399963378906,407.8399963378906,407.8399963378906,407.8399963378906,996888.0
2021-09-01 00:00:00+00:00,397.1199951171875,397.1199951171875,397.1199951171875,397.1199951171875,1200900.0
2021-09-02 00:00:00+00:00,396.32000732421875,396.32000732421875,396.32000732421875,396.32000732421875,1528488.0
2021-09-03 00:00:00+00:00,399.0400085449219,399.0400085449219,399.0400085449219,399.0400085449219,1707431.0
2021-09-07 00:00:00+00:00,408.79998779296875,408.79998779296875,408.79998779296875,408.79998779296875,1463063.0
2021-09-08 00:00:00+00:00,408.1600036621094,408.1600036621094,408.1600036621094,408.1600036621094,1768363.0
2021-09-09 00:00:00+00:00,416.79998779296875,416.79998779296875,416.79998779296875,416.79998779296875,1827100.0
2021-09-10 00:00:00+00:00,432.9599914550781,432.9599914550781,432.9599914550781,432.9599914550781,2318656.0
2021-09-13 00:00:00+00:00,417.44000244140625,417.44000244140625,417.44000244140625,417.44000244140625,2849056.0
2021-09-14 00:00:00+00:00,423.3599853515625,423.3599853515625,423.3599853515625,423.3599853515625,2619588.0
2021-09-15 00:00:00+00:00,406.8800048828125,406.8800048828125,406.8800048828125,406.8800048828125,2089275.0
2021-09-16 00:00:00+00:00,402.8800048828125,402.8800048828125,402.8800048828125,402.8800048828125,2279444.0
2021-09-17 00:00:00+00:00,428.9599914550781,428.9599914550781,428.9599914550781,428.9599914550781,2846894.0
2021-09-20 00:00:00+00:00,475.8399963378906,475.8399963378906,475.8399963378906,475.8399963378906,6365925.0
2021-09-21 00:00:00+00:00,461.760009765625,461.760009765625,461.760009765625,461.760009765625,3379475.0
2021-09-22 00:00:00+00:00,433.1199951171875,433.1199951171875,433.1199951171875,433.1199951171875,3437738.0
2021-09-23 00:00:00+00:00,405.760009765625,405.760009765625,405.760009765625,405.760009765625,2943175.0
2021-09-24 00:00:00+00:00,393.2799987792969,393.2799987792969,393.2799987792969,393.2799987792969,2138594.0
2021-09-27 00:00:00+00:00,397.1199951171875,397.1199951171875,397.1199951171875,397.1199951171875,1627744.0
2021-09-28 00:00:00+00:00,438.55999755859375,438.55999755859375,438.55999755859375,438.55999755859375,4762125.0
2021-09-29 00:00:00+00:00,444.9599914550781,444.9599914550781,444.9599914550781,444.9599914550781,2849888.0
2021-09-30 00:00:00+00:00,445.2799987792969,445.2799987792969,445.2799987792969,445.2799987792969,3716206.0
2021-10-01 00:00:00+00:00,429.1199951171875,429.1199951171875,429.1199951171875,429.1199951171875,2633094.0
2021-10-04 00:00:00+00:00,441.1199951171875,441.1199951171875,441.1199951171875,441.1199951171875,3547931.0
2021-10-05 00:00:00+00:00,424.79998779296875,424.79998779296875,424.79998779296875,424.79998779296875,2049713.0
2021-10-06 00:00:00+00:00,419.3599853515625,419.3599853515625,419.3599853515625,419.3599853515625,3283119.0
2021-10-07 00:00:00+00:00,404.1600036621094,404.1600036621094,404.1600036621094,404.1600036621094,1691869.0
2021-10-08 00:00:00+00:00,396.6400146484375,396.6400146484375,396.6400146484375,396.6400146484375,2043156.0
2021-10-11 00:00:00+00:00,401.9200134277344,401.9200134277344,401.9200134277344,401.9200134277344,1675813.0
2021-10-12 00:00:00+00:00,393.760009765625,393.760009765625,393.760009765625,393.760009765625,1544875.0
2021-10-13 00:00:00+00:00,386.239990234375,386.239990234375,386.239990234375,386.239990234375,2408588.0
2021-10-14 00:00:00+00:00,364.9599914550781,364.9599914550781,364.9599914550781,364.9599914550781,2121931.0
2021-10-15 00:00:00+00:00,364.6400146484375,364.6400146484375,364.6400146484375,364.6400146484375,1838288.0
2021-10-18 00:00:00+00:00,357.9200134277344,357.9200134277344,357.9200134277344,357.9200134277344,1321744.0
2021-10-19 00:00:00+00:00,354.3999938964844,354.3999938964844,354.3999938964844,354.3999938964844,1567806.0
2021-10-20 00:00:00+00:00,351.20001220703125,351.20001220703125,351.20001220703125,351.20001220703125,1602988.0
2021-10-21 00:00:00+00:00,339.5199890136719,339.5199890136719,339.5199890136719,339.5199890136719,1618906.0
2021-10-22 00:00:00+00:00,347.20001220703125,347.20001220703125,347.20001220703125,347.20001220703125,2276163.0
2021-10-25 00:00:00+00:00,336.9599914550781,336.9599914550781,336.9599914550781,336.9599914550781,1782881.0
2021-10-26 00:00:00+00:00,343.5199890136719,343.5199890136719,343.5199890136719,343.5199890136719,1949856.0
2021-10-27 00:00:00+00:00,351.20001220703125,351.20001220703125,351.20001220703125,351.20001220703125,2134206.0
2021-10-28 00:00:00+00:00,340.32000732421875,340.32000732421875,340.32000732421875,340.32000732421875,1284525.0
2021-10-29 00:00:00+00:00,343.0400085449219,343.0400085449219,343.0400085449219,343.0400085449219,1664156.0
2021-11-01 00:00:00+00:00,337.6000061035156,337.6000061035156,337.6000061035156,337.6000061035156,1365019.0
2021-11-02 00:00:00+00:00,328.4800109863281,328.4800109863281,328.4800109863281,328.4800109863281,1292094.0
2021-11-03 00:00:00+00:00,317.1199951171875,317.1199951171875,317.1199951171875,317.1199951171875,2484113.0
2021-11-04 00:00:00+00:00,320.79998779296875,320.79998779296875,320.79998779296875,320.79998779296875,2049406.0
2021-11-05 00:00:00+00:00,333.2799987792969,333.2799987792969,333.2799987792969,333.2799987792969,2274750.0
2021-11-08 00:00:00+00:00,333.760009765625,333.760009765625,333.760009765625,333.760009765625,1570138.0
2021-11-09 00:00:00+00:00,339.3599853515625,339.3599853515625,339.3599853515625,339.3599853515625,2311494.0
2021-11-10 00:00:00+00:00,345.6000061035156,345.6000061035156,345.6000061035156,345.6000061035156,3360850.0
2021-11-11 00:00:00+00:00,338.239990234375,338.239990234375,338.239990234375,338.239990234375,1149981.0
2021-11-12 00:00:00+00:00,325.760009765625,325.760009765625,325.760009765625,325.760009765625,1384431.0
2021-11-15 00:00:00+00:00,321.9200134277344,321.9200134277344,321.9200134277344,321.9200134277344,1269794.0
2021-11-16 00:00:00+00:00,323.0400085449219,323.0400085449219,323.0400085449219,323.0400085449219,1212606.0
2021-11-17 00:00:00+00:00,328.32000732421875,328.32000732421875,328.32000732421875,328.32000732421875,1456419.0
2021-11-18 00:00:00+00:00,331.3599853515625,331.3599853515625,331.3599853515625,331.3599853515625,1556794.0
2021-11-19 00:00:00+00:00,335.3599853515625,335.3599853515625,335.3599853515625,335.3599853515625,1969938.0
2021-11-22 00:00:00+00:00,341.2799987792969,341.2799987792969,341.2799987792969,341.2799987792969,2476106.0
2021-11-23 00:00:00+00:00,333.6000061035156,333.6000061035156,333.6000061035156,333.6000061035156,2634963.0
2021-11-24 00:00:00+00:00,328.79998779296875,328.79998779296875,328.79998779296875,328.79998779296875,2172413.0
2021-11-26 00:00:00+00:00,418.55999755859375,418.55999755859375,418.55999755859375,418.55999755859375,5184338.0
2021-11-29 00:00:00+00:00,352.79998779296875,352.79998779296875,352.79998779296875,352.79998779296875,3103444.0
2021-11-30 00:00:00+00:00,407.3599853515625,407.3599853515625,407.3599853515625,407.3599853515625,4459263.0
2021-12-01 00:00:00+00:00,436.79998779296875,436.79998779296875,436.79998779296875,436.79998779296875,4375619.0
2021-12-02 00:00:00+00:00,411.5199890136719,411.5199890136719,411.5199890136719,411.5199890136719,3566875.0
2021-12-03 00:00:00+00:00,447.3599853515625,447.3599853515625,447.3599853515625,447.3599853515625,8289638.0
2021-12-06 00:00:00+00:00,412.4800109863281,412.4800109863281,412.4800109863281,412.4800109863281,4454806.0
2021-12-07 00:00:00+00:00,366.3999938964844,366.3999938964844,366.3999938964844,366.3999938964844,2758581.0
2021-12-08 00:00:00+00:00,344.32000732421875,344.32000732421875,344.32000732421875,344.32000732421875,1579675.0
2021-12-09 00:00:00+00:00,355.20001220703125,355.20001220703125,355.20001220703125,355.20001220703125,3084800.0
2021-12-10 00:00:00+00:00,332.4800109863281,332.4800109863281,332.4800109863281,332.4800109863281,2893019.0
2021-12-13 00:00:00+00:00,346.239990234375,346.239990234375,346.239990234375,346.239990234375,2637044.0
2021-12-14 00:00:00+00:00,350.8800048828125,350.8800048828125,350.8800048828125,350.8800048828125,3198425.0
2021-12-15 00:00:00+00:00,326.8800048828125,326.8800048828125,326.8800048828125,326.8800048828125,4538931.0
2021-12-16 00:00:00+00:00,340.6400146484375,340.6400146484375,340.6400146484375,340.6400146484375,4969181.0
2021-12-17 00:00:00+00:00,351.5199890136719,351.5199890136719,351.5199890136719,351.5199890136719,4352919.0
2021-12-20 00:00:00+00:00,364.4800109863281,364.4800109863281,364.4800109863281,364.4800109863281,4578706.0
2021-12-21 00:00:00+00:00,346.55999755859375,346.55999755859375,346.55999755859375,346.55999755859375,2373575.0
2021-12-22 00:00:00+00:00,326.55999755859375,326.55999755859375,326.55999755859375,326.55999755859375,1961475.0
2021-12-23 00:00:00+00:00,322.8800048828125,322.8800048828125,322.8800048828125,322.8800048828125,1978444.0
2021-12-27 00:00:00+00:00,315.20001220703125,315.20001220703125,315.20001220703125,315.20001220703125,1668519.0
2021-12-28 00:00:00+00:00,307.3599853515625,307.3599853515625,307.3599853515625,307.3599853515625,1922200.0
2021-12-29 00:00:00+00:00,299.3599853515625,299.3599853515625,299.3599853515625,299.3599853515625,1561875.0
2021-12-30 00:00:00+00:00,299.3599853515625,299.3599853515625,299.3599853515625,299.3599853515625,1296363.0
2021-12-31 00:00:00+00:00,296.4800109863281,296.4800109863281,296.4800109863281,296.4800109863281,1460638.0
2022-01-03 00:00:00+00:00,286.3999938964844,286.3999938964844,286.3999938964844,286.3999938964844,2412319.0
2022-01-04 00:00:00+00:00,286.0799865722656,286.0799865722656,286.0799865722656,286.0799865722656,2586025.0
2022-01-05 00:00:00+00:00,308.6400146484375,308.6400146484375,308.6400146484375,308.6400146484375,4891438.0
2022-01-06 00:00:00+00:00,310.0799865722656,310.0799865722656,310.0799865722656,310.0799865722656,4079613.0
2022-01-07 00:00:00+00:00,301.1199951171875,301.1199951171875,301.1199951171875,301.1199951171875,3269444.0
2022-01-10 00:00:00+00:00,295.5199890136719,295.5199890136719,295.5199890136719,295.5199890136719,5773669.0
2022-01-11 00:00:00+00:00,285.1199951171875,285.1199951171875,285.1199951171875,285.1199951171875,3284456.0
2022-01-12 00:00:00+00:00,282.0799865722656,282.0799865722656,282.0799865722656,282.0799865722656,2704388.0
2022-01-13 00:00:00+00:00,299.8399963378906,299.8399963378906,299.8399963378906,299.8399963378906,3694444.0
2022-01-14 00:00:00+00:00,295.20001220703125,295.20001220703125,295.20001220703125,295.20001220703125,5414388.0
2022-01-18 00:00:00+00:00,318.239990234375,318.239990234375,318.239990234375,318.239990234375,4314944.0
2022-01-19 00:00:00+00:00,325.760009765625,325.760009765625,325.760009765625,325.760009765625,4457856.0
2022-01-20 00:00:00+00:00,339.8399963378906,339.8399963378906,339.8399963378906,339.8399963378906,4420225.0
2022-01-21 00:00:00+00:00,371.20001220703125,371.20001220703125,371.20001220703125,371.20001220703125,8544544.0
2022-01-24 00:00:00+00:00,379.5199890136719,379.5199890136719,379.5199890136719,379.5199890136719,11660800.0
2022-01-25 00:00:00+00:00,381.760009765625,381.760009765625,381.760009765625,381.760009765625,8894238.0
2022-01-26 00:00:00+00:00,389.1199951171875,389.1199951171875,389.1199951171875,389.1199951171875,9090406.0
2022-01-27 00:00:00+00:00,391.8399963378906,391.8399963378906,391.8399963378906,391.8399963378906,7546038.0
2022-01-28 00:00:00+00:00,367.20001220703125,367.20001220703125,367.20001220703125,367.20001220703125,6398544.0
2022-01-31 00:00:00+00:00,342.55999755859375,342.55999755859375,342.55999755859375,342.55999755859375,3935350.0
2022-02-01 00:00:00+00:00,317.44000244140625,317.44000244140625,317.44000244140625,317.44000244140625,3346169.0
2022-02-02 00:00:00+00:00,310.7200012207031,310.7200012207031,310.7200012207031,310.7200012207031,2775400.0
2022-02-03 00:00:00+00:00,348.4800109863281,348.4800109863281,348.4800109863281,348.4800109863281,4386450.0
2022-02-04 00:00:00+00:00,336.0,336.0,336.0,336.0,4072425.0
2022-02-07 00:00:00+00:00,326.7200012207031,326.7200012207031,326.7200012207031,326.7200012207031,2799881.0
2022-02-08 00:00:00+00:00,312.0,312.0,312.0,312.0,2611881.0
2022-02-09 00:00:00+00:00,299.3599853515625,299.3599853515625,299.3599853515625,299.3599853515625,2692125.0
2022-02-10 00:00:00+00:00,327.3599853515625,327.3599853515625,327.3599853515625,327.3599853515625,5385113.0
2022-02-11 00:00:00+00:00,371.8399963378906,371.8399963378906,371.8399963378906,371.8399963378906,7311806.0
2022-02-14 00:00:00+00:00,372.9599914550781,372.9599914550781,372.9599914550781,372.9599914550781,6475975.0
2022-02-15 00:00:00+00:00,342.239990234375,342.239990234375,342.239990234375,342.239990234375,3479888.0
2022-02-16 00:00:00+00:00,328.4800109863281,328.4800109863281,328.4800109863281,328.4800109863281,3584225.0
2022-02-17 00:00:00+00:00,367.3599853515625,367.3599853515625,367.3599853515625,367.3599853515625,4199669.0
2022-02-18 00:00:00+00:00,375.20001220703125,375.20001220703125,375.20001220703125,375.20001220703125,4742106.0
2022-02-22 00:00:00+00:00,373.760009765625,373.760009765625,373.760009765625,373.760009765625,5429838.0
2022-02-23 00:00:00+00:00,395.20001220703125,395.20001220703125,395.20001220703125,395.20001220703125,4758344.0
2022-02-24 00:00:00+00:00,382.79998779296875,382.79998779296875,382.79998779296875,382.79998779296875,6915856.0
2022-02-25 00:00:00+00:00,367.20001220703125,367.20001220703125,367.20001220703125,367.20001220703125,4072094.0
2022-02-28 00:00:00+00:00,384.0,384.0,384.0,384.0,4636175.0
2022-03-01 00:00:00+00:00,426.7200012207031,426.7200012207031,426.7200012207031,426.7200012207031,4538300.0
2022-03-02 00:00:00+00:00,399.3599853515625,399.3599853515625,399.3599853515625,399.3599853515625,3335156.0
2022-03-03 00:00:00+00:00,401.760009765625,401.760009765625,401.760009765625,401.760009765625,3265438.0
2022-03-04 00:00:00+00:00,419.20001220703125,419.20001220703125,419.20001220703125,419.20001220703125,3845331.0
2022-03-07 00:00:00+00:00,455.8399963378906,455.8399963378906,455.8399963378906,455.8399963378906,4186456.0
2022-03-08 00:00:00+00:00,450.3999938964844,450.3999938964844,450.3999938964844,450.3999938964844,5541731.0
2022-03-09 00:00:00+00:00,432.4800109863281,432.4800109863281,432.4800109863281,432.4800109863281,3945044.0
2022-03-10 00:00:00+00:00,413.2799987792969,413.2799987792969,413.2799987792969,413.2799987792969,3065313.0
2022-03-11 00:00:00+00:00,421.44000244140625,421.44000244140625,421.44000244140625,421.44000244140625,3194788.0
2022-03-14 00:00:00+00:00,460.9599914550781,460.9599914550781,460.9599914550781,460.9599914550781,4160669.0
2022-03-15 00:00:00+00:00,459.20001220703125,459.20001220703125,459.20001220703125,459.20001220703125,3286825.0
2022-03-16 00:00:00+00:00,415.20001220703125,415.20001220703125,415.20001220703125,415.20001220703125,977750.0
2022-03-17 00:00:00+00:00,418.3999938964844,418.3999938964844,418.3999938964844,418.3999938964844,540481.0
2022-03-18 00:00:00+00:00,400.0,400.0,400.0,400.0,607344.0
2022-03-21 00:00:00+00:00,416.1600036621094,416.1600036621094,416.1600036621094,416.1600036621094,604956.0
2022-03-22 00:00:00+00:00,407.1199951171875,407.1199951171875,407.1199951171875,407.1199951171875,305650.0
2022-03-23 00:00:00+00:00,407.8399963378906,407.8399963378906,407.8399963378906,407.8399963378906,308419.0
2022-03-24 00:00:00+00:00,403.20001220703125,403.20001220703125,403.20001220703125,403.20001220703125,224438.0
2022-03-25 00:00:00+00:00,403.20001220703125,403.20001220703125,403.20001220703125,403.20001220703125,280094.0
2022-03-28 00:00:00+00:00,411.67999267578125,411.67999267578125,411.67999267578125,411.67999267578125,681450.0
2022-03-29 00:00:00+00:00,397.6000061035156,397.6000061035156,397.6000061035156,397.6000061035156,323281.0
2022-03-30 00:00:00+00:00,400.0,400.0,400.0,400.0,249150.0
2022-03-31 00:00:00+00:00,411.20001220703125,411.20001220703125,411.20001220703125,411.20001220703125,185400.0
2022-04-01 00:00:00+00:00,400.4800109863281,400.4800109863281,400.4800109863281,400.4800109863281,192094.0
2022-04-04 00:00:00+00:00,390.8800048828125,390.8800048828125,390.8800048828125,390.8800048828125,227619.0
2022-04-05 00:00:00+00:00,396.9599914550781,396.9599914550781,396.9599914550781,396.9599914550781,281394.0
2022-04-06 00:00:00+00:00,390.0799865722656,390.0799865722656,390.0799865722656,390.0799865722656,296694.0
2022-04-07 00:00:00+00:00,384.79998779296875,384.79998779296875,384.79998779296875,384.79998779296875,205325.0
2022-04-08 00:00:00+00:00,394.7200012207031,394.7200012207031,394.7200012207031,394.7200012207031,173838.0
2022-04-11 00:00:00+00:00,417.6000061035156,417.6000061035156,417.6000061035156,417.6000061035156,219056.0
2022-04-12 00:00:00+00:00,411.8399963378906,411.8399963378906,411.8399963378906,411.8399963378906,270606.0
2022-04-13 00:00:00+00:00,393.44000244140625,393.44000244140625,393.44000244140625,393.44000244140625,184481.0
2022-04-14 00:00:00+00:00,399.8399963378906,399.8399963378906,399.8399963378906,399.8399963378906,183288.0
2022-04-18 00:00:00+00:00,404.9599914550781,404.9599914550781,404.9599914550781,404.9599914550781,157394.0
2022-04-19 00:00:00+00:00,395.67999267578125,395.67999267578125,395.67999267578125,395.67999267578125,159613.0
2022-04-20 00:00:00+00:00,390.239990234375,390.239990234375,390.239990234375,390.239990234375,106800.0
2022-04-21 00:00:00+00:00,397.760009765625,397.760009765625,397.760009765625,397.760009765625,164494.0
2022-04-22 00:00:00+00:00,418.3999938964844,418.3999938964844,418.3999938964844,418.3999938964844,277275.0
2022-04-25 00:00:00+00:00,396.79998779296875,396.79998779296875,396.79998779296875,396.79998779296875,338913.0
2022-04-26 00:00:00+00:00,421.6000061035156,421.6000061035156,421.6000061035156,421.6000061035156,296856.0
2022-04-27 00:00:00+00:00,435.20001220703125,435.20001220703125,435.20001220703125,435.20001220703125,379369.0
2022-04-28 00:00:00+00:00,416.6400146484375,416.6400146484375,416.6400146484375,416.6400146484375,315931.0
2022-04-29 00:00:00+00:00,443.3599853515625,443.3599853515625,443.3599853515625,443.3599853515625,385738.0
2022-05-02 00:00:00+00:00,440.0,440.0,440.0,440.0,329700.0
2022-05-03 00:00:00+00:00,432.79998779296875,432.79998779296875,432.79998779296875,432.79998779296875,153856.0
2022-05-04 00:00:00+00:00,397.6000061035156,397.6000061035156,397.6000061035156,397.6000061035156,293819.0
2022-05-05 00:00:00+00:00,432.0,432.0,432.0,432.0,483019.0
2022-05-06 00:00:00+00:00,433.1199951171875,433.1199951171875,433.1199951171875,433.1199951171875,366569.0
2022-05-09 00:00:00+00:00,448.1600036621094,448.1600036621094,448.1600036621094,448.1600036621094,279594.0
2022-05-10 00:00:00+00:00,432.8800048828125,432.8800048828125,432.8800048828125,432.8800048828125,284281.0
2022-05-11 00:00:00+00:00,436.4800109863281,436.4800109863281,436.4800109863281,436.4800109863281,171506.0
2022-05-12 00:00:00+00:00,430.8800048828125,430.8800048828125,430.8800048828125,430.8800048828125,228694.0
2022-05-13 00:00:00+00:00,415.5199890136719,415.5199890136719,415.5199890136719,415.5199890136719,198406.0
2022-05-16 00:00:00+00:00,395.0400085449219,395.0400085449219,395.0400085449219,395.0400085449219,260406.0
2022-05-17 00:00:00+00:00,396.6400146484375,396.6400146484375,396.6400146484375,396.6400146484375,224913.0
2022-05-18 00:00:00+00:00,417.44000244140625,417.44000244140625,417.44000244140625,417.44000244140625,327181.0
2022-05-19 00:00:00+00:00,405.67999267578125,405.67999267578125,405.67999267578125,405.67999267578125,275481.0
2022-05-20 00:00:00+00:00,400.79998779296875,400.79998779296875,400.79998779296875,400.79998779296875,421694.0
2022-05-23 00:00:00+00:00,384.9599914550781,384.9599914550781,384.9599914550781,384.9599914550781,366525.0
2022-05-24 00:00:00+00:00,384.4800109863281,384.4800109863281,384.4800109863281,384.4800109863281,313738.0
2022-05-25 00:00:00+00:00,378.3999938964844,378.3999938964844,378.3999938964844,378.3999938964844,188781.0
2022-05-26 00:00:00+00:00,372.1600036621094,372.1600036621094,372.1600036621094,372.1600036621094,202994.0
2022-05-27 00:00:00+00:00,359.3599853515625,359.3599853515625,359.3599853515625,359.3599853515625,205163.0
2022-05-31 00:00:00+00:00,360.9599914550781,360.9599914550781,360.9599914550781,360.9599914550781,227038.0
2022-06-01 00:00:00+00:00,356.1600036621094,356.1600036621094,356.1600036621094,356.1600036621094,197369.0
2022-06-02 00:00:00+00:00,347.20001220703125,347.20001220703125,347.20001220703125,347.20001220703125,215256.0
2022-06-03 00:00:00+00:00,350.239990234375,350.239990234375,350.239990234375,350.239990234375,202188.0
2022-06-06 00:00:00+00:00,352.4800109863281,352.4800109863281,352.4800109863281,352.4800109863281,241294.0
2022-06-07 00:00:00+00:00,346.7200012207031,346.7200012207031,346.7200012207031,346.7200012207031,180100.0
2022-06-08 00:00:00+00:00,348.79998779296875,348.79998779296875,348.79998779296875,348.79998779296875,142213.0
2022-06-09 00:00:00+00:00,370.0799865722656,370.0799865722656,370.0799865722656,370.0799865722656,268081.0
2022-06-10 00:00:00+00:00,373.2799987792969,373.2799987792969,373.2799987792969,373.2799987792969,457844.0
2022-06-13 00:00:00+00:00,413.44000244140625,413.44000244140625,413.44000244140625,413.44000244140625,464050.0
2022-06-14 00:00:00+00:00,405.2799987792969,405.2799987792969,405.2799987792969,405.2799987792969,206969.0
2022-06-15 00:00:00+00:00,383.5199890136719,383.5199890136719,383.5199890136719,383.5199890136719,353875.0
2022-06-16 00:00:00+00:00,406.3999938964844,406.3999938964844,406.3999938964844,406.3999938964844,298444.0
2022-06-17 00:00:00+00:00,394.55999755859375,394.55999755859375,394.55999755859375,394.55999755859375,197875.0
2022-06-21 00:00:00+00:00,392.0,392.0,392.0,392.0,206569.0
2022-06-22 00:00:00+00:00,381.44000244140625,381.44000244140625,381.44000244140625,381.44000244140625,211700.0
2022-06-23 00:00:00+00:00,374.3999938964844,374.3999938964844,374.3999938964844,374.3999938964844,480813.0
2022-06-24 00:00:00+00:00,369.9200134277344,369.9200134277344,369.9200134277344,369.9200134277344,508306.0
2022-06-27 00:00:00+00:00,361.6000061035156,361.6000061035156,361.6000061035156,361.6000061035156,148075.0
2022-06-28 00:00:00+00:00,364.4800109863281,364.4800109863281,364.4800109863281,364.4800109863281,197063.0
2022-06-29 00:00:00+00:00,365.44000244140625,365.44000244140625,365.44000244140625,365.44000244140625,137144.0
2022-06-30 00:00:00+00:00,369.2799987792969,369.2799987792969,369.2799987792969,369.2799987792969,162400.0
2022-07-01 00:00:00+00:00,360.6400146484375,360.6400146484375,360.6400146484375,360.6400146484375,140594.0
2022-07-05 00:00:00+00:00,360.79998779296875,360.79998779296875,360.79998779296875,360.79998779296875,159050.0
2022-07-06 00:00:00+00:00,354.55999755859375,354.55999755859375,354.55999755859375,354.55999755859375,111700.0
2022-07-07 00:00:00+00:00,357.2799987792969,357.2799987792969,357.2799987792969,357.2799987792969,146788.0
2022-07-08 00:00:00+00:00,351.8399963378906,351.8399963378906,351.8399963378906,351.8399963378906,120438.0
2022-07-11 00:00:00+00:00,355.3599853515625,355.3599853515625,355.3599853515625,355.3599853515625,142263.0
2022-07-12 00:00:00+00:00,359.67999267578125,359.67999267578125,359.67999267578125,359.67999267578125,130913.0
2022-07-13 00:00:00+00:00,358.55999755859375,358.55999755859375,358.55999755859375,358.55999755859375,148863.0
2022-07-14 00:00:00+00:00,357.1199951171875,357.1199951171875,357.1199951171875,357.1199951171875,199131.0
2022-07-15 00:00:00+00:00,344.6400146484375,344.6400146484375,344.6400146484375,344.6400146484375,212400.0
2022-07-18 00:00:00+00:00,350.55999755859375,350.55999755859375,350.55999755859375,350.55999755859375,139588.0
2022-07-19 00:00:00+00:00,349.6000061035156,349.6000061035156,349.6000061035156,349.6000061035156,112188.0
2022-07-20 00:00:00+00:00,345.1199951171875,345.1199951171875,345.1199951171875,345.1199951171875,133631.0
2022-07-21 00:00:00+00:00,339.20001220703125,339.20001220703125,339.20001220703125,339.20001220703125,152131.0
2022-07-22 00:00:00+00:00,342.3999938964844,342.3999938964844,342.3999938964844,342.3999938964844,169938.0
2022-07-25 00:00:00+00:00,338.3999938964844,338.3999938964844,338.3999938964844,338.3999938964844,319219.0
2022-07-26 00:00:00+00:00,346.7200012207031,346.7200012207031,346.7200012207031,346.7200012207031,188069.0
2022-07-27 00:00:00+00:00,340.9599914550781,340.9599914550781,340.9599914550781,340.9599914550781,163756.0
2022-07-28 00:00:00+00:00,333.1199951171875,333.1199951171875,333.1199951171875,333.1199951171875,141038.0
2022-07-29 00:00:00+00:00,335.0400085449219,335.0400085449219,335.0400085449219,335.0400085449219,111419.0
2022-08-01 00:00:00+00:00,348.79998779296875,348.79998779296875,348.79998779296875,348.79998779296875,159313.0
2022-08-02 00:00:00+00:00,346.3999938964844,346.3999938964844,346.3999938964844,346.3999938964844,116125.0
2022-08-03 00:00:00+00:00,351.20001220703125,351.20001220703125,351.20001220703125,351.20001220703125,133056.0
2022-08-04 00:00:00+00:00,341.1199951171875,341.1199951171875,341.1199951171875,341.1199951171875,108394.0
2022-08-05 00:00:00+00:00,344.0,344.0,344.0,344.0,109163.0
2022-08-08 00:00:00+00:00,353.1199951171875,353.1199951171875,353.1199951171875,353.1199951171875,126706.0
2022-08-09 00:00:00+00:00,351.0400085449219,351.0400085449219,351.0400085449219,351.0400085449219,51750.0
2022-08-10 00:00:00+00:00,343.0400085449219,343.0400085449219,343.0400085449219,343.0400085449219,96431.0
2022-08-11 00:00:00+00:00,347.0400085449219,347.0400085449219,347.0400085449219,347.0400085449219,95119.0
2022-08-12 00:00:00+00:00,352.79998779296875,352.79998779296875,352.79998779296875,352.79998779296875,95500.0
2022-08-15 00:00:00+00:00,343.8399963378906,343.8399963378906,343.8399963378906,343.8399963378906,125819.0
2022-08-16 00:00:00+00:00,340.6400146484375,340.6400146484375,340.6400146484375,340.6400146484375,98713.0
2022-08-17 00:00:00+00:00,337.6000061035156,337.6000061035156,337.6000061035156,337.6000061035156,91956.0
2022-08-18 00:00:00+00:00,338.239990234375,338.239990234375,338.239990234375,338.239990234375,67106.0
2022-08-19 00:00:00+00:00,338.55999755859375,338.55999755859375,338.55999755859375,338.55999755859375,94831.0
2022-08-22 00:00:00+00:00,339.5199890136719,339.5199890136719,339.5199890136719,339.5199890136719,150056.0
2022-08-23 00:00:00+00:00,322.239990234375,322.239990234375,322.239990234375,322.239990234375,210906.0
2022-08-24 00:00:00+00:00,316.79998779296875,316.79998779296875,316.79998779296875,316.79998779296875,93444.0
2022-08-25 00:00:00+00:00,315.20001220703125,315.20001220703125,315.20001220703125,315.20001220703125,77869.0
2022-08-26 00:00:00+00:00,322.3999938964844,322.3999938964844,322.3999938964844,322.3999938964844,207138.0
2022-08-29 00:00:00+00:00,315.3599853515625,315.3599853515625,315.3599853515625,315.3599853515625,142050.0
2022-08-30 00:00:00+00:00,311.67999267578125,311.67999267578125,311.67999267578125,311.67999267578125,96931.0
2022-08-31 00:00:00+00:00,307.8399963378906,307.8399963378906,307.8399963378906,307.8399963378906,88238.0
2022-09-01 00:00:00+00:00,311.0400085449219,311.0400085449219,311.0400085449219,311.0400085449219,107088.0
2022-09-02 00:00:00+00:00,305.44000244140625,305.44000244140625,305.44000244140625,305.44000244140625,139263.0
2022-09-06 00:00:00+00:00,308.0,308.0,308.0,308.0,82413.0
2022-09-07 00:00:00+00:00,296.79998779296875,296.79998779296875,296.79998779296875,296.79998779296875,101406.0
2022-09-08 00:00:00+00:00,291.5199890136719,291.5199890136719,291.5199890136719,291.5199890136719,133369.0
2022-09-09 00:00:00+00:00,295.5199890136719,295.5199890136719,295.5199890136719,295.5199890136719,96281.0
2022-09-12 00:00:00+00:00,290.3999938964844,290.3999938964844,290.3999938964844,290.3999938964844,118838.0
2022-09-13 00:00:00+00:00,304.1600036621094,304.1600036621094,304.1600036621094,304.1600036621094,174344.0
2022-09-14 00:00:00+00:00,305.44000244140625,305.44000244140625,305.44000244140625,305.44000244140625,90138.0
2022-09-15 00:00:00+00:00,306.3999938964844,306.3999938964844,306.3999938964844,306.3999938964844,123138.0
2022-09-16 00:00:00+00:00,316.9599914550781,316.9599914550781,316.9599914550781,316.9599914550781,166931.0
2022-09-19 00:00:00+00:00,287.8399963378906,287.8399963378906,287.8399963378906,287.8399963378906,406988.0
2022-09-20 00:00:00+00:00,294.55999755859375,294.55999755859375,294.55999755859375,294.55999755859375,153869.0
2022-09-21 00:00:00+00:00,301.760009765625,301.760009765625,301.760009765625,301.760009765625,205238.0
2022-09-22 00:00:00+00:00,302.55999755859375,302.55999755859375,302.55999755859375,302.55999755859375,151250.0
2022-09-23 00:00:00+00:00,317.1199951171875,317.1199951171875,317.1199951171875,317.1199951171875,352581.0
2022-09-26 00:00:00+00:00,328.9599914550781,328.9599914550781,328.9599914550781,328.9599914550781,396569.0
2022-09-27 00:00:00+00:00,335.20001220703125,335.20001220703125,335.20001220703125,335.20001220703125,213200.0
2022-09-28 00:00:00+00:00,321.1199951171875,321.1199951171875,321.1199951171875,321.1199951171875,263475.0
2022-09-29 00:00:00+00:00,329.9200134277344,329.9200134277344,329.9200134277344,329.9200134277344,294869.0
2022-09-30 00:00:00+00:00,339.3599853515625,339.3599853515625,339.3599853515625,339.3599853515625,189338.0
2022-10-03 00:00:00+00:00,322.3999938964844,322.3999938964844,322.3999938964844,322.3999938964844,230588.0
2022-10-04 00:00:00+00:00,310.239990234375,310.239990234375,310.239990234375,310.239990234375,220856.0
2022-10-05 00:00:00+00:00,312.32000732421875,312.32000732421875,312.32000732421875,312.32000732421875,154019.0
2022-10-06 00:00:00+00:00,321.44000244140625,321.44000244140625,321.44000244140625,321.44000244140625,107975.0
2022-10-07 00:00:00+00:00,334.55999755859375,334.55999755859375,334.55999755859375,334.55999755859375,195088.0
2022-10-10 00:00:00+00:00,342.8800048828125,342.8800048828125,342.8800048828125,342.8800048828125,146525.0
2022-10-11 00:00:00+00:00,348.1600036621094,348.1600036621094,348.1600036621094,348.1600036621094,169619.0
2022-10-12 00:00:00+00:00,344.6400146484375,344.6400146484375,344.6400146484375,344.6400146484375,197713.0
2022-10-13 00:00:00+00:00,335.67999267578125,335.67999267578125,335.67999267578125,335.67999267578125,318381.0
2022-10-14 00:00:00+00:00,343.20001220703125,343.20001220703125,343.20001220703125,343.20001220703125,303431.0
2022-10-17 00:00:00+00:00,333.44000244140625,333.44000244140625,333.44000244140625,333.44000244140625,214606.0
2022-10-18 00:00:00+00:00,327.0400085449219,327.0400085449219,327.0400085449219,327.0400085449219,191800.0
2022-10-19 00:00:00+00:00,329.6000061035156,329.6000061035156,329.6000061035156,329.6000061035156,197431.0
2022-10-20 00:00:00+00:00,325.2799987792969,325.2799987792969,325.2799987792969,325.2799987792969,162744.0
2022-10-21 00:00:00+00:00,324.0,324.0,324.0,324.0,170256.0
2022-10-24 00:00:00+00:00,319.0400085449219,319.0400085449219,319.0400085449219,319.0400085449219,116450.0
2022-10-25 00:00:00+00:00,306.7200012207031,306.7200012207031,306.7200012207031,306.7200012207031,156606.0
2022-10-26 00:00:00+00:00,299.67999267578125,299.67999267578125,299.67999267578125,299.67999267578125,181856.0
2022-10-27 00:00:00+00:00,293.760009765625,293.760009765625,293.760009765625,293.760009765625,152056.0
2022-10-28 00:00:00+00:00,286.8800048828125,286.8800048828125,286.8800048828125,286.8800048828125,238619.0
2022-10-31 00:00:00+00:00,282.55999755859375,282.55999755859375,282.55999755859375,282.55999755859375,130469.0
2022-11-01 00:00:00+00:00,279.8399963378906,279.8399963378906,279.8399963378906,279.8399963378906,154881.0
2022-11-02 00:00:00+00:00,287.0400085449219,287.0400085449219,287.0400085449219,287.0400085449219,234150.0
2022-11-03 00:00:00+00:00,281.1199951171875,281.1199951171875,281.1199951171875,281.1199951171875,179450.0
2022-11-04 00:00:00+00:00,277.6000061035156,277.6000061035156,277.6000061035156,277.6000061035156,329250.0
2022-11-07 00:00:00+00:00,274.55999755859375,274.55999755859375,274.55999755859375,274.55999755859375,187031.0
2022-11-08 00:00:00+00:00,282.55999755859375,282.55999755859375,282.55999755859375,282.55999755859375,349381.0
2022-11-09 00:00:00+00:00,291.3599853515625,291.3599853515625,291.3599853515625,291.3599853515625,273200.0
2022-11-10 00:00:00+00:00,275.3599853515625,275.3599853515625,275.3599853515625,275.3599853515625,423844.0
2022-11-11 00:00:00+00:00,271.67999267578125,271.67999267578125,271.67999267578125,271.67999267578125,280888.0
2022-11-14 00:00:00+00:00,271.67999267578125,271.67999267578125,271.67999267578125,271.67999267578125,255581.0
2022-11-15 00:00:00+00:00,275.20001220703125,275.20001220703125,275.20001220703125,275.20001220703125,553163.0
2022-11-16 00:00:00+00:00,267.8399963378906,267.8399963378906,267.8399963378906,267.8399963378906,248594.0
2022-11-17 00:00:00+00:00,265.2799987792969,265.2799987792969,265.2799987792969,265.2799987792969,262656.0
2022-11-18 00:00:00+00:00,262.55999755859375,262.55999755859375,262.55999755859375,262.55999755859375,315906.0
2022-11-21 00:00:00+00:00,255.52000427246094,255.52000427246094,255.52000427246094,255.52000427246094,215744.0
2022-11-22 00:00:00+00:00,246.72000122070312,246.72000122070312,246.72000122070312,246.72000122070312,226550.0
2022-11-23 00:00:00+00:00,241.27999877929688,241.27999877929688,241.27999877929688,241.27999877929688,304838.0
2022-11-25 00:00:00+00:00,242.55999755859375,242.55999755859375,242.55999755859375,242.55999755859375,117388.0
2022-11-28 00:00:00+00:00,251.52000427246094,251.52000427246094,251.52000427246094,251.52000427246094,329863.0
2022-11-29 00:00:00+00:00,247.83999633789062,247.83999633789062,247.83999633789062,247.83999633789062,232400.0
2022-11-30 00:00:00+00:00,238.72000122070312,238.72000122070312,238.72000122070312,238.72000122070312,493081.0
2022-12-01 00:00:00+00:00,234.24000549316406,234.24000549316406,234.24000549316406,234.24000549316406,373506.0
2022-12-02 00:00:00+00:00,230.0800018310547,230.0800018310547,230.0800018310547,230.0800018310547,496075.0
2022-12-05 00:00:00+00:00,234.0800018310547,234.0800018310547,234.0800018310547,234.0800018310547,430906.0
2022-12-06 00:00:00+00:00,241.1199951171875,241.1199951171875,241.1199951171875,241.1199951171875,503806.0
2022-12-07 00:00:00+00:00,244.63999938964844,244.63999938964844,244.63999938964844,244.63999938964844,507763.0
2022-12-08 00:00:00+00:00,239.67999267578125,239.67999267578125,239.67999267578125,239.67999267578125,292494.0
2022-12-09 00:00:00+00:00,244.8000030517578,244.8000030517578,244.8000030517578,244.8000030517578,296650.0
2022-12-12 00:00:00+00:00,243.36000061035156,243.36000061035156,243.36000061035156,243.36000061035156,365188.0
2022-12-13 00:00:00+00:00,233.27999877929688,233.27999877929688,233.27999877929688,233.27999877929688,477156.0
2022-12-14 00:00:00+00:00,225.27999877929688,225.27999877929688,225.27999877929688,225.27999877929688,494888.0
2022-12-15 00:00:00+00:00,239.36000061035156,239.36000061035156,239.36000061035156,239.36000061035156,674706.0
2022-12-16 00:00:00+00:00,240.16000366210938,240.16000366210938,240.16000366210938,240.16000366210938,493119.0
2022-12-19 00:00:00+00:00,234.39999389648438,234.39999389648438,234.39999389648438,234.39999389648438,516013.0
2022-12-20 00:00:00+00:00,232.63999938964844,232.63999938964844,232.63999938964844,232.63999938964844,307831.0
2022-12-21 00:00:00+00:00,223.83999633789062,223.83999633789062,223.83999633789062,223.83999633789062,339656.0
2022-12-22 00:00:00+00:00,236.0,236.0,236.0,236.0,705344.0
2022-12-23 00:00:00+00:00,229.60000610351562,229.60000610351562,229.60000610351562,229.60000610351562,390069.0
2022-12-27 00:00:00+00:00,229.44000244140625,229.44000244140625,229.44000244140625,229.44000244140625,314000.0
2022-12-28 00:00:00+00:00,228.9600067138672,228.9600067138672,228.9600067138672,228.9600067138672,337038.0
2022-12-29 00:00:00+00:00,226.0800018310547,226.0800018310547,226.0800018310547,226.0800018310547,234294.0
2022-12-30 00:00:00+00:00,225.9199981689453,225.9199981689453,225.9199981689453,225.9199981689453,408956.0
2023-01-03 00:00:00+00:00,223.83999633789062,223.83999633789062,223.83999633789062,223.83999633789062,378475.0
2023-01-04 00:00:00+00:00,217.75999450683594,217.75999450683594,217.75999450683594,217.75999450683594,340731.0
2023-01-05 00:00:00+00:00,219.52000427246094,219.52000427246094,219.52000427246094,219.52000427246094,384188.0
2023-01-06 00:00:00+00:00,214.39999389648438,214.39999389648438,214.39999389648438,214.39999389648438,445200.0
2023-01-09 00:00:00+00:00,215.52000427246094,215.52000427246094,215.52000427246094,215.52000427246094,384794.0
2023-01-10 00:00:00+00:00,206.55999755859375,206.55999755859375,206.55999755859375,206.55999755859375,371200.0
2023-01-11 00:00:00+00:00,207.52000427246094,207.52000427246094,207.52000427246094,207.52000427246094,407625.0
2023-01-12 00:00:00+00:00,197.27999877929688,197.27999877929688,197.27999877929688,197.27999877929688,668475.0
2023-01-13 00:00:00+00:00,192.32000732421875,192.32000732421875,192.32000732421875,192.32000732421875,598888.0
2023-01-17 00:00:00+00:00,193.9199981689453,193.9199981689453,193.9199981689453,193.9199981689453,428388.0
2023-01-18 00:00:00+00:00,200.8000030517578,200.8000030517578,200.8000030517578,200.8000030517578,713144.0
2023-01-19 00:00:00+00:00,201.9199981689453,201.9199981689453,201.9199981689453,201.9199981689453,660900.0
2023-01-20 00:00:00+00:00,194.72000122070312,194.72000122070312,194.72000122070312,194.72000122070312,523875.0
2023-01-23 00:00:00+00:00,193.27999877929688,193.27999877929688,193.27999877929688,193.27999877929688,438331.0
2023-01-24 00:00:00+00:00,185.75999450683594,185.75999450683594,185.75999450683594,185.75999450683594,525575.0
2023-01-25 00:00:00+00:00,186.0800018310547,186.0800018310547,186.0800018310547,186.0800018310547,723763.0
2023-01-26 00:00:00+00:00,183.1999969482422,183.1999969482422,183.1999969482422,183.1999969482422,501669.0
2023-01-27 00:00:00+00:00,180.8000030517578,180.8000030517578,180.8000030517578,180.8000030517578,591400.0
2023-01-30 00:00:00+00:00,185.27999877929688,185.27999877929688,185.27999877929688,185.27999877929688,575813.0
2023-01-31 00:00:00+00:00,181.1199951171875,181.1199951171875,181.1199951171875,181.1199951171875,426713.0
2023-02-01 00:00:00+00:00,175.67999267578125,175.67999267578125,175.67999267578125,175.67999267578125,659331.0
2023-02-02 00:00:00+00:00,179.36000061035156,179.36000061035156,179.36000061035156,179.36000061035156,791450.0
2023-02-03 00:00:00+00:00,181.1199951171875,181.1199951171875,181.1199951171875,181.1199951171875,717475.0
2023-02-06 00:00:00+00:00,185.60000610351562,185.60000610351562,185.60000610351562,185.60000610351562,380163.0
2023-02-07 00:00:00+00:00,179.83999633789062,179.83999633789062,179.83999633789062,179.83999633789062,543394.0
2023-02-08 00:00:00+00:00,186.55999755859375,186.55999755859375,186.55999755859375,186.55999755859375,593588.0
2023-02-09 00:00:00+00:00,192.47999572753906,192.47999572753906,192.47999572753906,192.47999572753906,588406.0
2023-02-10 00:00:00+00:00,194.72000122070312,194.72000122070312,194.72000122070312,194.72000122070312,658131.0
2023-02-13 00:00:00+00:00,187.0399932861328,187.0399932861328,187.0399932861328,187.0399932861328,447538.0
2023-02-14 00:00:00+00:00,180.8000030517578,180.8000030517578,180.8000030517578,180.8000030517578,638956.0
2023-02-15 00:00:00+00:00,177.1199951171875,177.1199951171875,177.1199951171875,177.1199951171875,432313.0
2023-02-16 00:00:00+00:00,186.8800048828125,186.8800048828125,186.8800048828125,186.8800048828125,865688.0
2023-02-17 00:00:00+00:00,186.72000122070312,186.72000122070312,186.72000122070312,186.72000122070312,729819.0
2023-02-21 00:00:00+00:00,201.27999877929688,201.27999877929688,201.27999877929688,201.27999877929688,807094.0
2023-02-22 00:00:00+00:00,195.52000427246094,195.52000427246094,195.52000427246094,195.52000427246094,755944.0
2023-02-23 00:00:00+00:00,188.63999938964844,188.63999938964844,188.63999938964844,188.63999938964844,711406.0
2023-02-24 00:00:00+00:00,196.0,196.0,196.0,196.0,797931.0
2023-02-27 00:00:00+00:00,188.47999572753906,188.47999572753906,188.47999572753906,188.47999572753906,566513.0
2023-02-28 00:00:00+00:00,184.63999938964844,184.63999938964844,184.63999938964844,184.63999938964844,427156.0
2023-03-01 00:00:00+00:00,186.39999389648438,186.39999389648438,186.39999389648438,186.39999389648438,594788.0
2023-03-02 00:00:00+00:00,179.52000427246094,179.52000427246094,179.52000427246094,179.52000427246094,571231.0
2023-03-03 00:00:00+00:00,174.39999389648438,174.39999389648438,174.39999389648438,174.39999389648438,679513.0
2023-03-06 00:00:00+00:00,171.36000061035156,171.36000061035156,171.36000061035156,171.36000061035156,537031.0
2023-03-07 00:00:00+00:00,175.0800018310547,175.0800018310547,175.0800018310547,175.0800018310547,733450.0
2023-03-08 00:00:00+00:00,172.1999969482422,172.1999969482422,172.1999969482422,172.1999969482422,624800.0
2023-03-09 00:00:00+00:00,190.0399932861328,190.0399932861328,190.0399932861328,190.0399932861328,1001400.0
2023-03-10 00:00:00+00:00,211.72000122070312,211.72000122070312,211.72000122070312,211.72000122070312,4262775.0
2023-03-13 00:00:00+00:00,218.16000366210938,218.16000366210938,218.16000366210938,218.16000366210938,2347575.0
2023-03-14 00:00:00+00:00,206.63999938964844,206.63999938964844,206.63999938964844,206.63999938964844,1951500.0
2023-03-15 00:00:00+00:00,219.83999633789062,219.83999633789062,219.83999633789062,219.83999633789062,1948525.0
2023-03-16 00:00:00+00:00,201.83999633789062,201.83999633789062,201.83999633789062,201.83999633789062,1903425.0
2023-03-17 00:00:00+00:00,223.83999633789062,223.83999633789062,223.83999633789062,223.83999633789062,2437225.0
2023-03-20 00:00:00+00:00,212.39999389648438,212.39999389648438,212.39999389648438,212.39999389648438,1749475.0
2023-03-21 00:00:00+00:00,193.83999633789062,193.83999633789062,193.83999633789062,193.83999633789062,1974550.0
2023-03-22 00:00:00+00:00,202.16000366210938,202.16000366210938,202.16000366210938,202.16000366210938,3078850.0
2023-03-23 00:00:00+00:00,207.55999755859375,207.55999755859375,207.55999755859375,207.55999755859375,2251600.0
2023-03-24 00:00:00+00:00,198.9600067138672,198.9600067138672,198.9600067138672,198.9600067138672,1565450.0
2023-03-27 00:00:00+00:00,191.8800048828125,191.8800048828125,191.8800048828125,191.8800048828125,849025.0
2023-03-28 00:00:00+00:00,186.55999755859375,186.55999755859375,186.55999755859375,186.55999755859375,759050.0
2023-03-29 00:00:00+00:00,180.44000244140625,180.44000244140625,180.44000244140625,180.44000244140625,689825.0
2023-03-30 00:00:00+00:00,180.44000244140625,180.44000244140625,180.44000244140625,180.44000244140625,644600.0
2023-03-31 00:00:00+00:00,179.63999938964844,179.63999938964844,179.63999938964844,179.63999938964844,644400.0
2023-04-03 00:00:00+00:00,175.63999938964844,175.63999938964844,175.63999938964844,175.63999938964844,1074700.0
2023-04-04 00:00:00+00:00,178.67999267578125,178.67999267578125,178.67999267578125,178.67999267578125,1608625.0
2023-04-05 00:00:00+00:00,177.0399932861328,177.0399932861328,177.0399932861328,177.0399932861328,1499300.0
2023-04-06 00:00:00+00:00,173.9199981689453,173.9199981689453,173.9199981689453,173.9199981689453,1536650.0
2023-04-10 00:00:00+00:00,172.24000549316406,172.24000549316406,172.24000549316406,172.24000549316406,767800.0
2023-04-11 00:00:00+00:00,170.55999755859375,170.55999755859375,170.55999755859375,170.55999755859375,803075.0
2023-04-12 00:00:00+00:00,171.60000610351562,171.60000610351562,171.60000610351562,171.60000610351562,990025.0
2023-04-13 00:00:00+00:00,165.36000061035156,165.36000061035156,165.36000061035156,165.36000061035156,1292375.0
2023-04-14 00:00:00+00:00,162.44000244140625,162.44000244140625,162.44000244140625,162.44000244140625,1235550.0
2023-04-17 00:00:00+00:00,158.0,158.0,158.0,158.0,949825.0
2023-04-18 00:00:00+00:00,156.9600067138672,156.9600067138672,156.9600067138672,156.9600067138672,1144750.0
2023-04-19 00:00:00+00:00,156.36000061035156,156.36000061035156,156.36000061035156,156.36000061035156,1205375.0
2023-04-20 00:00:00+00:00,159.8000030517578,159.8000030517578,159.8000030517578,159.8000030517578,1286675.0
2023-04-21 00:00:00+00:00,156.8000030517578,156.8000030517578,156.8000030517578,156.8000030517578,1093475.0
2023-04-24 00:00:00+00:00,155.9600067138672,155.9600067138672,155.9600067138672,155.9600067138672,1221425.0
2023-04-25 00:00:00+00:00,169.16000366210938,169.16000366210938,169.16000366210938,169.16000366210938,2160900.0
2023-04-26 00:00:00+00:00,164.8800048828125,164.8800048828125,164.8800048828125,164.8800048828125,1275825.0
2023-04-27 00:00:00+00:00,157.72000122070312,157.72000122070312,157.72000122070312,157.72000122070312,1793300.0
2023-04-28 00:00:00+00:00,151.44000244140625,151.44000244140625,151.44000244140625,151.44000244140625,2638925.0
2023-05-01 00:00:00+00:00,148.9600067138672,148.9600067138672,148.9600067138672,148.9600067138672,1707550.0
2023-05-02 00:00:00+00:00,155.55999755859375,155.55999755859375,155.55999755859375,155.55999755859375,3437575.0
2023-05-03 00:00:00+00:00,160.39999389648438,160.39999389648438,160.39999389648438,160.39999389648438,3150775.0
2023-05-04 00:00:00+00:00,168.24000549316406,168.24000549316406,168.24000549316406,168.24000549316406,2402125.0
2023-05-05 00:00:00+00:00,155.0,155.0,155.0,155.0,1817075.0
2023-05-08 00:00:00+00:00,152.44000244140625,152.44000244140625,152.44000244140625,152.44000244140625,1104500.0
2023-05-09 00:00:00+00:00,156.1199951171875,156.1199951171875,156.1199951171875,156.1199951171875,1268175.0
2023-05-10 00:00:00+00:00,151.36000061035156,151.36000061035156,151.36000061035156,151.36000061035156,1826725.0
2023-05-11 00:00:00+00:00,149.8800048828125,149.8800048828125,149.8800048828125,149.8800048828125,1563800.0
2023-05-12 00:00:00+00:00,150.0399932861328,150.0399932861328,150.0399932861328,150.0399932861328,1894450.0
2023-05-15 00:00:00+00:00,146.0,146.0,146.0,146.0,1244250.0
2023-05-16 00:00:00+00:00,150.44000244140625,150.44000244140625,150.44000244140625,150.44000244140625,1543250.0
2023-05-17 00:00:00+00:00,145.44000244140625,145.44000244140625,145.44000244140625,145.44000244140625,1909550.0
2023-05-18 00:00:00+00:00,139.60000610351562,139.60000610351562,139.60000610351562,139.60000610351562,1604775.0
2023-05-19 00:00:00+00:00,143.0800018310547,143.0800018310547,143.0800018310547,143.0800018310547,2265400.0
2023-05-22 00:00:00+00:00,143.24000549316406,143.24000549316406,143.24000549316406,143.24000549316406,1387225.0
2023-05-23 00:00:00+00:00,145.9600067138672,145.9600067138672,145.9600067138672,145.9600067138672,1313375.0
2023-05-24 00:00:00+00:00,151.83999633789062,151.83999633789062,151.83999633789062,151.83999633789062,2024575.0
2023-05-25 00:00:00+00:00,148.27999877929688,148.27999877929688,148.27999877929688,148.27999877929688,1257000.0
2023-05-26 00:00:00+00:00,142.60000610351562,142.60000610351562,142.60000610351562,142.60000610351562,1694225.0
2023-05-30 00:00:00+00:00,138.9199981689453,138.9199981689453,138.9199981689453,138.9199981689453,1762450.0
2023-05-31 00:00:00+00:00,137.83999633789062,137.83999633789062,137.83999633789062,137.83999633789062,1529925.0
2023-06-01 00:00:00+00:00,129.9600067138672,129.9600067138672,129.9600067138672,129.9600067138672,2119575.0
2023-06-02 00:00:00+00:00,124.72000122070312,124.72000122070312,124.72000122070312,124.72000122070312,2313325.0
2023-06-05 00:00:00+00:00,122.44000244140625,122.44000244140625,122.44000244140625,122.44000244140625,1381750.0
2023-06-06 00:00:00+00:00,115.12000274658203,115.12000274658203,115.12000274658203,115.12000274658203,1725925.0
2023-06-07 00:00:00+00:00,115.63999938964844,115.63999938964844,115.63999938964844,115.63999938964844,1881275.0
2023-06-08 00:00:00+00:00,112.83999633789062,112.83999633789062,112.83999633789062,112.83999633789062,1693225.0
2023-06-09 00:00:00+00:00,113.44000244140625,113.44000244140625,113.44000244140625,113.44000244140625,1791875.0
2023-06-12 00:00:00+00:00,113.95999908447266,113.95999908447266,113.95999908447266,113.95999908447266,1252275.0
2023-06-13 00:00:00+00:00,113.68000030517578,113.68000030517578,113.68000030517578,113.68000030517578,1439675.0
2023-06-14 00:00:00+00:00,110.27999877929688,110.27999877929688,110.27999877929688,110.27999877929688,2511800.0
2023-06-15 00:00:00+00:00,113.19999694824219,113.19999694824219,113.19999694824219,113.19999694824219,1504025.0
2023-06-16 00:00:00+00:00,109.19999694824219,109.19999694824219,109.19999694824219,109.19999694824219,1889100.0
2023-06-20 00:00:00+00:00,109.4000015258789,109.4000015258789,109.4000015258789,109.4000015258789,1610250.0
2023-06-21 00:00:00+00:00,107.16000366210938,107.16000366210938,107.16000366210938,107.16000366210938,1898475.0
2023-06-22 00:00:00+00:00,104.5999984741211,104.5999984741211,104.5999984741211,104.5999984741211,1461825.0
2023-06-23 00:00:00+00:00,105.91999816894531,105.91999816894531,105.91999816894531,105.91999816894531,1924975.0
2023-06-26 00:00:00+00:00,105.72000122070312,105.72000122070312,105.72000122070312,105.72000122070312,1468200.0
2023-06-27 00:00:00+00:00,103.08000183105469,103.08000183105469,103.08000183105469,103.08000183105469,1668675.0
2023-06-28 00:00:00+00:00,99.31999969482422,99.31999969482422,99.31999969482422,99.31999969482422,1618075.0
2023-06-29 00:00:00+00:00,101.4800033569336,101.4800033569336,101.4800033569336,101.4800033569336,1864700.0
2023-06-30 00:00:00+00:00,100.0,100.0,100.0,100.0,1521175.0
2023-07-03 00:00:00+00:00,98.95999908447266,98.95999908447266,98.95999908447266,98.95999908447266,714250.0
2023-07-05 00:00:00+00:00,100.27999877929688,100.27999877929688,100.27999877929688,100.27999877929688,1486875.0
2023-07-06 00:00:00+00:00,106.04000091552734,106.04000091552734,106.04000091552734,106.04000091552734,3924150.0
2023-07-07 00:00:00+00:00,103.31999969482422,103.31999969482422,103.31999969482422,103.31999969482422,2047600.0
2023-07-10 00:00:00+00:00,102.63999938964844,102.63999938964844,102.63999938964844,102.63999938964844,1710000.0
2023-07-11 00:00:00+00:00,101.87999725341797,101.87999725341797,101.87999725341797,101.87999725341797,2007300.0
2023-07-12 00:00:00+00:00,96.27999877929688,96.27999877929688,96.27999877929688,96.27999877929688,2614550.0
2023-07-13 00:00:00+00:00,96.83999633789062,96.83999633789062,96.83999633789062,96.83999633789062,1834200.0
2023-07-14 00:00:00+00:00,95.68000030517578,95.68000030517578,95.68000030517578,95.68000030517578,1863600.0
2023-07-17 00:00:00+00:00,95.4800033569336,95.4800033569336,95.4800033569336,95.4800033569336,1387125.0
2023-07-18 00:00:00+00:00,93.91999816894531,93.91999816894531,93.91999816894531,93.91999816894531,1479175.0
2023-07-19 00:00:00+00:00,95.5999984741211,95.5999984741211,95.5999984741211,95.5999984741211,1996325.0
2023-07-20 00:00:00+00:00,95.95999908447266,95.95999908447266,95.95999908447266,95.95999908447266,2121950.0
2023-07-21 00:00:00+00:00,94.80000305175781,94.80000305175781,94.80000305175781,94.80000305175781,2329975.0
2023-07-24 00:00:00+00:00,93.19999694824219,93.19999694824219,93.19999694824219,93.19999694824219,2048075.0
2023-07-25 00:00:00+00:00,93.16000366210938,93.16000366210938,93.16000366210938,93.16000366210938,1778975.0
2023-07-26 00:00:00+00:00,90.68000030517578,90.68000030517578,90.68000030517578,90.68000030517578,2365200.0
2023-07-27 00:00:00+00:00,95.19999694824219,95.19999694824219,95.19999694824219,95.19999694824219,4229175.0
2023-07-28 00:00:00+00:00,91.5999984741211,91.5999984741211,91.5999984741211,91.5999984741211,2236900.0
2023-07-31 00:00:00+00:00,90.4000015258789,90.4000015258789,90.4000015258789,90.4000015258789,1667750.0
2023-08-01 00:00:00+00:00,91.80000305175781,91.80000305175781,91.80000305175781,91.80000305175781,1603925.0
2023-08-02 00:00:00+00:00,100.08000183105469,100.08000183105469,100.08000183105469,100.08000183105469,4544025.0
2023-08-03 00:00:00+00:00,99.76000213623047,99.76000213623047,99.76000213623047,99.76000213623047,3481425.0
2023-08-04 00:00:00+00:00,103.31999969482422,103.31999969482422,103.31999969482422,103.31999969482422,3833025.0
2023-08-07 00:00:00+00:00,97.91999816894531,97.91999816894531,97.91999816894531,97.91999816894531,2513650.0
2023-08-08 00:00:00+00:00,99.63999938964844,99.63999938964844,99.63999938964844,99.63999938964844,4046275.0
2023-08-09 00:00:00+00:00,98.76000213623047,98.76000213623047,98.76000213623047,98.76000213623047,3374450.0
2023-08-10 00:00:00+00:00,99.19999694824219,99.19999694824219,99.19999694824219,99.19999694824219,4063075.0
2023-08-11 00:00:00+00:00,95.31999969482422,95.31999969482422,95.31999969482422,95.31999969482422,2667550.0
2023-08-14 00:00:00+00:00,93.68000030517578,93.68000030517578,93.68000030517578,93.68000030517578,2429850.0
2023-08-15 00:00:00+00:00,99.08000183105469,99.08000183105469,99.08000183105469,99.08000183105469,3892600.0
2023-08-16 00:00:00+00:00,100.68000030517578,100.68000030517578,100.68000030517578,100.68000030517578,3622950.0
2023-08-17 00:00:00+00:00,105.5199966430664,105.5199966430664,105.5199966430664,105.5199966430664,3620050.0
2023-08-18 00:00:00+00:00,102.83999633789062,102.83999633789062,102.83999633789062,102.83999633789062,3457525.0
2023-08-21 00:00:00+00:00,100.12000274658203,100.12000274658203,100.12000274658203,100.12000274658203,3258550.0
2023-08-22 00:00:00+00:00,100.55999755859375,100.55999755859375,100.55999755859375,100.55999755859375,2588625.0
2023-08-23 00:00:00+00:00,97.22000122070312,97.22000122070312,97.22000122070312,97.22000122070312,1987000.0
2023-08-24 00:00:00+00:00,101.19999694824219,101.19999694824219,101.19999694824219,101.19999694824219,2683150.0
2023-08-25 00:00:00+00:00,96.80000305175781,96.80000305175781,96.80000305175781,96.80000305175781,3419250.0
2023-08-28 00:00:00+00:00,93.0,93.0,93.0,93.0,2140950.0
2023-08-29 00:00:00+00:00,90.68000030517578,90.68000030517578,90.68000030517578,90.68000030517578,2867200.0
2023-08-30 00:00:00+00:00,87.95999908447266,87.95999908447266,87.95999908447266,87.95999908447266,2170975.0
2023-08-31 00:00:00+00:00,86.0,86.0,86.0,86.0,2115575.0
2023-09-01 00:00:00+00:00,84.83999633789062,84.83999633789062,84.83999633789062,84.83999633789062,2443975.0
2023-09-05 00:00:00+00:00,85.4000015258789,85.4000015258789,85.4000015258789,85.4000015258789,1703950.0
2023-09-06 00:00:00+00:00,86.95999908447266,86.95999908447266,86.95999908447266,86.95999908447266,1950250.0
2023-09-07 00:00:00+00:00,86.83999633789062,86.83999633789062,86.83999633789062,86.83999633789062,2012350.0
2023-09-08 00:00:00+00:00,85.12000274658203,85.12000274658203,85.12000274658203,85.12000274658203,2313875.0
2023-09-11 00:00:00+00:00,83.12000274658203,83.12000274658203,83.12000274658203,83.12000274658203,1804700.0
2023-09-12 00:00:00+00:00,83.72000122070312,83.72000122070312,83.72000122070312,83.72000122070312,2016375.0
2023-09-13 00:00:00+00:00,82.04000091552734,82.04000091552734,82.04000091552734,82.04000091552734,2488750.0
2023-09-14 00:00:00+00:00,79.63999938964844,79.63999938964844,79.63999938964844,79.63999938964844,2758425.0
2023-09-15 00:00:00+00:00,82.72000122070312,82.72000122070312,82.72000122070312,82.72000122070312,3201725.0
2023-09-18 00:00:00+00:00,82.04000091552734,82.04000091552734,82.04000091552734,82.04000091552734,2050025.0
2023-09-19 00:00:00+00:00,81.63999938964844,81.63999938964844,81.63999938964844,81.63999938964844,2835875.0
2023-09-20 00:00:00+00:00,84.72000122070312,84.72000122070312,84.72000122070312,84.72000122070312,3320775.0
2023-09-21 00:00:00+00:00,91.23999786376953,91.23999786376953,91.23999786376953,91.23999786376953,4277375.0
2023-09-22 00:00:00+00:00,91.4800033569336,91.4800033569336,91.4800033569336,91.4800033569336,2970725.0
2023-09-25 00:00:00+00:00,91.5999984741211,91.5999984741211,91.5999984741211,91.5999984741211,2611850.0
2023-09-26 00:00:00+00:00,100.16000366210938,100.16000366210938,100.16000366210938,100.16000366210938,4081875.0
2023-09-27 00:00:00+00:00,95.87999725341797,95.87999725341797,95.87999725341797,95.87999725341797,3659425.0
2023-09-28 00:00:00+00:00,91.4800033569336,91.4800033569336,91.4800033569336,91.4800033569336,2878825.0
2023-09-29 00:00:00+00:00,93.27999877929688,93.27999877929688,93.27999877929688,93.27999877929688,2886425.0
2023-10-02 00:00:00+00:00,93.44000244140625,93.44000244140625,93.44000244140625,93.44000244140625,2863850.0
2023-10-03 00:00:00+00:00,102.23999786376953,102.23999786376953,102.23999786376953,102.23999786376953,3806450.0
2023-10-04 00:00:00+00:00,97.12000274658203,97.12000274658203,97.12000274658203,97.12000274658203,3565125.0
2023-10-05 00:00:00+00:00,95.76000213623047,95.76000213623047,95.76000213623047,95.76000213623047,2716775.0
2023-10-06 00:00:00+00:00,94.55999755859375,94.55999755859375,94.55999755859375,94.55999755859375,3140875.0
2023-10-09 00:00:00+00:00,93.23999786376953,93.23999786376953,93.23999786376953,93.23999786376953,2010525.0
2023-10-10 00:00:00+00:00,90.12000274658203,90.12000274658203,90.12000274658203,90.12000274658203,2126900.0
2023-10-11 00:00:00+00:00,88.4800033569336,88.4800033569336,88.4800033569336,88.4800033569336,2246550.0
2023-10-12 00:00:00+00:00,90.4000015258789,90.4000015258789,90.4000015258789,90.4000015258789,3407975.0
2023-10-13 00:00:00+00:00,101.27999877929688,101.27999877929688,101.27999877929688,101.27999877929688,5685525.0
2023-10-16 00:00:00+00:00,91.63999938964844,91.63999938964844,91.63999938964844,91.63999938964844,3386525.0
2023-10-17 00:00:00+00:00,94.19999694824219,94.19999694824219,94.19999694824219,94.19999694824219,3284975.0
2023-10-18 00:00:00+00:00,100.23999786376953,100.23999786376953,100.23999786376953,100.23999786376953,3701950.0
2023-10-19 00:00:00+00:00,105.19999694824219,105.19999694824219,105.19999694824219,105.19999694824219,5093800.0
2023-10-20 00:00:00+00:00,105.83999633789062,105.83999633789062,105.83999633789062,105.83999633789062,4048450.0
2023-10-23 00:00:00+00:00,102.19999694824219,102.19999694824219,102.19999694824219,102.19999694824219,2948725.0
2023-10-24 00:00:00+00:00,97.55999755859375,97.55999755859375,97.55999755859375,97.55999755859375,2746400.0
2023-10-25 00:00:00+00:00,103.91999816894531,103.91999816894531,103.91999816894531,103.91999816894531,3776875.0
2023-10-26 00:00:00+00:00,104.83999633789062,104.83999633789062,104.83999633789062,104.83999633789062,3716550.0
2023-10-27 00:00:00+00:00,108.31999969482422,108.31999969482422,108.31999969482422,108.31999969482422,3631100.0
2023-10-30 00:00:00+00:00,100.23999786376953,100.23999786376953,100.23999786376953,100.23999786376953,2150175.0
2023-10-31 00:00:00+00:00,93.80000305175781,93.80000305175781,93.80000305175781,93.80000305175781,2727725.0
2023-11-01 00:00:00+00:00,89.83999633789062,89.83999633789062,89.83999633789062,89.83999633789062,3451275.0
2023-11-02 00:00:00+00:00,86.76000213623047,86.76000213623047,86.76000213623047,86.76000213623047,2519475.0
2023-11-03 00:00:00+00:00,84.72000122070312,84.72000122070312,84.72000122070312,84.72000122070312,2668500.0
2023-11-06 00:00:00+00:00,81.91999816894531,81.91999816894531,81.91999816894531,81.91999816894531,2273600.0
2023-11-07 00:00:00+00:00,81.5199966430664,81.5199966430664,81.5199966430664,81.5199966430664,1344700.0
2023-11-08 00:00:00+00:00,80.0,80.0,80.0,80.0,2077525.0
2023-11-09 00:00:00+00:00,83.08000183105469,83.08000183105469,83.08000183105469,83.08000183105469,2764975.0
2023-11-10 00:00:00+00:00,79.72000122070312,79.72000122070312,79.72000122070312,79.72000122070312,2655425.0
2023-11-13 00:00:00+00:00,78.83999633789062,78.83999633789062,78.83999633789062,78.83999633789062,1659400.0
2023-11-14 00:00:00+00:00,78.23999786376953,78.23999786376953,78.23999786376953,78.23999786376953,2388050.0
2023-11-15 00:00:00+00:00,76.5999984741211,76.5999984741211,76.5999984741211,76.5999984741211,2266450.0
2023-11-16 00:00:00+00:00,75.4000015258789,75.4000015258789,75.4000015258789,75.4000015258789,2327975.0
2023-11-17 00:00:00+00:00,74.23999786376953,74.23999786376953,74.23999786376953,74.23999786376953,1635550.0
2023-11-20 00:00:00+00:00,73.68000030517578,73.68000030517578,73.68000030517578,73.68000030517578,1455650.0
2023-11-21 00:00:00+00:00,72.23999786376953,72.23999786376953,72.23999786376953,72.23999786376953,2196925.0
2023-11-22 00:00:00+00:00,72.80000305175781,72.80000305175781,72.80000305175781,72.80000305175781,1743025.0
2023-11-24 00:00:00+00:00,69.68000030517578,69.68000030517578,69.68000030517578,69.68000030517578,1165975.0
2023-11-27 00:00:00+00:00,70.16000366210938,70.16000366210938,70.16000366210938,70.16000366210938,1394400.0
2023-11-28 00:00:00+00:00,69.23999786376953,69.23999786376953,69.23999786376953,69.23999786376953,1716300.0
2023-11-29 00:00:00+00:00,70.23999786376953,70.23999786376953,70.23999786376953,70.23999786376953,1959375.0
2023-11-30 00:00:00+00:00,69.16000366210938,69.16000366210938,69.16000366210938,69.16000366210938,1757675.0
2023-12-01 00:00:00+00:00,68.91999816894531,68.91999816894531,68.91999816894531,68.91999816894531,2256025.0
2023-12-04 00:00:00+00:00,69.12000274658203,69.12000274658203,69.12000274658203,69.12000274658203,1879375.0
2023-12-05 00:00:00+00:00,68.63999938964844,68.63999938964844,68.63999938964844,68.63999938964844,1492025.0
2023-12-06 00:00:00+00:00,68.95999908447266,68.95999908447266,68.95999908447266,68.95999908447266,1591525.0
2023-12-07 00:00:00+00:00,69.0,69.0,69.0,69.0,1176950.0
2023-12-08 00:00:00+00:00,67.0,67.0,67.0,67.0,1759400.0
2023-12-11 00:00:00+00:00,65.4800033569336,65.4800033569336,65.4800033569336,65.4800033569336,1878200.0
2023-12-12 00:00:00+00:00,63.599998474121094,63.599998474121094,63.599998474121094,63.599998474121094,2386700.0
2023-12-13 00:00:00+00:00,62.84000015258789,62.84000015258789,62.84000015258789,62.84000015258789,3038450.0
2023-12-14 00:00:00+00:00,62.47999954223633,62.47999954223633,62.47999954223633,62.47999954223633,3836825.0
2023-12-15 00:00:00+00:00,64.55999755859375,64.55999755859375,64.55999755859375,64.55999755859375,2741850.0
2023-12-18 00:00:00+00:00,64.72000122070312,64.72000122070312,64.72000122070312,64.72000122070312,1500225.0
2023-12-19 00:00:00+00:00,65.68000030517578,65.68000030517578,65.68000030517578,65.68000030517578,1358450.0
2023-12-20 00:00:00+00:00,69.68000030517578,69.68000030517578,69.68000030517578,69.68000030517578,4580750.0
2023-12-21 00:00:00+00:00,68.23999786376953,68.23999786376953,68.23999786376953,68.23999786376953,2902075.0
2023-12-22 00:00:00+00:00,66.44000244140625,66.44000244140625,66.44000244140625,66.44000244140625,2251375.0
2023-12-26 00:00:00+00:00,64.87999725341797,64.87999725341797,64.87999725341797,64.87999725341797,1090500.0
2023-12-27 00:00:00+00:00,62.08000183105469,62.08000183105469,62.08000183105469,62.08000183105469,1864550.0
2023-12-28 00:00:00+00:00,61.91999816894531,61.91999816894531,61.91999816894531,61.91999816894531,1554975.0
2023-12-29 00:00:00+00:00,62.08000183105469,62.08000183105469,62.08000183105469,62.08000183105469,2554100.0
2024-01-02 00:00:00+00:00,62.08000183105469,62.08000183105469,62.08000183105469,62.08000183105469,2972650.0
2024-01-03 00:00:00+00:00,64.4000015258789,64.4000015258789,64.4000015258789,64.4000015258789,3911775.0
2024-01-04 00:00:00+00:00,64.31999969482422,64.31999969482422,64.31999969482422,64.31999969482422,1841525.0
2024-01-05 00:00:00+00:00,62.20000076293945,62.20000076293945,62.20000076293945,62.20000076293945,3274175.0
2024-01-08 00:00:00+00:00,60.7599983215332,60.7599983215332,60.7599983215332,60.7599983215332,2247200.0
2024-01-09 00:00:00+00:00,59.36000061035156,59.36000061035156,59.36000061035156,59.36000061035156,1744875.0
2024-01-10 00:00:00+00:00,58.720001220703125,58.720001220703125,58.720001220703125,58.720001220703125,2050700.0
2024-01-11 00:00:00+00:00,58.400001525878906,58.400001525878906,58.400001525878906,58.400001525878906,3160675.0
2024-01-12 00:00:00+00:00,59.36000061035156,59.36000061035156,59.36000061035156,59.36000061035156,2455275.0
2024-01-16 00:00:00+00:00,61.439998626708984,61.439998626708984,61.439998626708984,61.439998626708984,3302600.0
2024-01-17 00:00:00+00:00,63.7599983215332,63.7599983215332,63.7599983215332,63.7599983215332,3771400.0
2024-01-18 00:00:00+00:00,61.560001373291016,61.560001373291016,61.560001373291016,61.560001373291016,2631125.0
2024-01-19 00:00:00+00:00,60.0,60.0,60.0,60.0,2722475.0
2024-01-22 00:00:00+00:00,58.0,58.0,58.0,58.0,2473425.0
2024-01-23 00:00:00+00:00,56.31999969482422,56.31999969482422,56.31999969482422,56.31999969482422,1944675.0
2024-01-24 00:00:00+00:00,57.79999923706055,57.79999923706055,57.79999923706055,57.79999923706055,2860975.0
2024-01-25 00:00:00+00:00,58.439998626708984,58.439998626708984,58.439998626708984,58.439998626708984,2132100.0
2024-01-26 00:00:00+00:00,58.119998931884766,58.119998931884766,58.119998931884766,58.119998931884766,2106675.0
2024-01-29 00:00:00+00:00,58.36000061035156,58.36000061035156,58.36000061035156,58.36000061035156,2120950.0
2024-01-30 00:00:00+00:00,57.599998474121094,57.599998474121094,57.599998474121094,57.599998474121094,1854800.0
2024-01-31 00:00:00+00:00,60.52000045776367,60.52000045776367,60.52000045776367,60.52000045776367,5029550.0
2024-02-01 00:00:00+00:00,60.040000915527344,60.040000915527344,60.040000915527344,60.040000915527344,2881425.0
2024-02-02 00:00:00+00:00,59.959999084472656,59.959999084472656,59.959999084472656,59.959999084472656,2486275.0
2024-02-05 00:00:00+00:00,57.599998474121094,57.599998474121094,57.599998474121094,57.599998474121094,2795125.0
2024-02-06 00:00:00+00:00,56.20000076293945,56.20000076293945,56.20000076293945,56.20000076293945,2097600.0
2024-02-07 00:00:00+00:00,56.0,56.0,56.0,56.0,2277700.0
2024-02-08 00:00:00+00:00,55.68000030517578,55.68000030517578,55.68000030517578,55.68000030517578,1803575.0
2024-02-09 00:00:00+00:00,56.08000183105469,56.08000183105469,56.08000183105469,56.08000183105469,1980350.0
2024-02-12 00:00:00+00:00,57.279998779296875,57.279998779296875,57.279998779296875,57.279998779296875,3088575.0
2024-02-13 00:00:00+00:00,61.31999969482422,61.31999969482422,61.31999969482422,61.31999969482422,7684850.0
2024-02-14 00:00:00+00:00,58.279998779296875,58.279998779296875,58.279998779296875,58.279998779296875,5570925.0
2024-02-15 00:00:00+00:00,57.68000030517578,57.68000030517578,57.68000030517578,57.68000030517578,3149375.0
2024-02-16 00:00:00+00:00,57.599998474121094,57.599998474121094,57.599998474121094,57.599998474121094,3162375.0
2024-02-20 00:00:00+00:00,59.47999954223633,59.47999954223633,59.47999954223633,59.47999954223633,4758025.0
2024-02-21 00:00:00+00:00,58.959999084472656,58.959999084472656,58.959999084472656,58.959999084472656,3730075.0
2024-02-22 00:00:00+00:00,57.84000015258789,57.84000015258789,57.84000015258789,57.84000015258789,3068325.0
2024-02-23 00:00:00+00:00,55.720001220703125,55.720001220703125,55.720001220703125,55.720001220703125,2614675.0
2024-02-26 00:00:00+00:00,55.15999984741211,55.15999984741211,55.15999984741211,55.15999984741211,1720125.0
2024-02-27 00:00:00+00:00,54.119998931884766,54.119998931884766,54.119998931884766,54.119998931884766,1821725.0
2024-02-28 00:00:00+00:00,55.0,55.0,55.0,55.0,1864950.0
2024-02-29 00:00:00+00:00,54.2400016784668,54.2400016784668,54.2400016784668,54.2400016784668,2811150.0
2024-03-01 00:00:00+00:00,54.400001525878906,54.400001525878906,54.400001525878906,54.400001525878906,2654925.0
2024-03-04 00:00:00+00:00,54.279998779296875,54.279998779296875,54.279998779296875,54.279998779296875,1411750.0
2024-03-05 00:00:00+00:00,56.52000045776367,56.52000045776367,56.52000045776367,56.52000045776367,5452625.0
2024-03-06 00:00:00+00:00,56.720001220703125,56.720001220703125,56.720001220703125,56.720001220703125,3620075.0
2024-03-07 00:00:00+00:00,56.439998626708984,56.439998626708984,56.439998626708984,56.439998626708984,2594475.0
2024-03-08 00:00:00+00:00,57.91999816894531,57.91999816894531,57.91999816894531,57.91999816894531,5088775.0
2024-03-11 00:00:00+00:00,57.31999969482422,57.31999969482422,57.31999969482422,57.31999969482422,2853650.0
2024-03-12 00:00:00+00:00,54.52000045776367,54.52000045776367,54.52000045776367,54.52000045776367,3712525.0
2024-03-13 00:00:00+00:00,54.2400016784668,54.2400016784668,54.2400016784668,54.2400016784668,1880950.0
2024-03-14 00:00:00+00:00,55.63999938964844,55.63999938964844,55.63999938964844,55.63999938964844,7349650.0
2024-03-15 00:00:00+00:00,56.7599983215332,56.7599983215332,56.7599983215332,56.7599983215332,5613400.0
2024-03-18 00:00:00+00:00,55.439998626708984,55.439998626708984,55.439998626708984,55.439998626708984,3045650.0
2024-03-19 00:00:00+00:00,53.880001068115234,53.880001068115234,53.880001068115234,53.880001068115234,2943625.0
2024-03-20 00:00:00+00:00,52.7599983215332,52.7599983215332,52.7599983215332,52.7599983215332,4367825.0
2024-03-21 00:00:00+00:00,52.279998779296875,52.279998779296875,52.279998779296875,52.279998779296875,3155675.0
2024-03-22 00:00:00+00:00,52.52000045776367,52.52000045776367,52.52000045776367,52.52000045776367,2363700.0
2024-03-25 00:00:00+00:00,52.31999969482422,52.31999969482422,52.31999969482422,52.31999969482422,1645850.0
2024-03-26 00:00:00+00:00,52.040000915527344,52.040000915527344,52.040000915527344,52.040000915527344,2631600.0
2024-03-27 00:00:00+00:00,51.08000183105469,51.08000183105469,51.08000183105469,51.08000183105469,2454375.0
2024-03-28 00:00:00+00:00,51.880001068115234,51.880001068115234,51.880001068115234,51.880001068115234,2704350.0
2024-04-01 00:00:00+00:00,52.560001373291016,52.560001373291016,52.560001373291016,52.560001373291016,2865450.0
2024-04-02 00:00:00+00:00,53.79999923706055,53.79999923706055,53.79999923706055,53.79999923706055,5405700.0
2024-04-03 00:00:00+00:00,53.439998626708984,53.439998626708984,53.439998626708984,53.439998626708984,3775800.0
2024-04-04 00:00:00+00:00,55.97999954223633,55.97999954223633,55.97999954223633,55.97999954223633,9011825.0
2024-04-05 00:00:00+00:00,57.040000915527344,57.040000915527344,57.040000915527344,57.040000915527344,8183550.0
2024-04-08 00:00:00+00:00,54.79999923706055,54.79999923706055,54.79999923706055,54.79999923706055,4333400.0
2024-04-09 00:00:00+00:00,54.400001525878906,54.400001525878906,54.400001525878906,54.400001525878906,5583450.0
2024-04-10 00:00:00+00:00,55.439998626708984,55.439998626708984,55.439998626708984,55.439998626708984,9044250.0
2024-04-11 00:00:00+00:00,54.36000061035156,54.36000061035156,54.36000061035156,54.36000061035156,4807525.0
2024-04-12 00:00:00+00:00,59.15999984741211,59.15999984741211,59.15999984741211,59.15999984741211,12628475.0
2024-04-15 00:00:00+00:00,62.439998626708984,62.439998626708984,62.439998626708984,62.439998626708984,9149900.0
2024-04-16 00:00:00+00:00,60.31999969482422,60.31999969482422,60.31999969482422,60.31999969482422,8245225.0
2024-04-17 00:00:00+00:00,59.720001220703125,59.720001220703125,59.720001220703125,59.720001220703125,5622925.0
2024-04-18 00:00:00+00:00,59.880001068115234,59.880001068115234,59.880001068115234,59.880001068115234,4777350.0
2024-04-19 00:00:00+00:00,61.84000015258789,61.84000015258789,61.84000015258789,61.84000015258789,6294450.0
2024-04-22 00:00:00+00:00,57.08000183105469,57.08000183105469,57.08000183105469,57.08000183105469,4063600.0
2024-04-23 00:00:00+00:00,54.84000015258789,54.84000015258789,54.84000015258789,54.84000015258789,3242025.0
2024-04-24 00:00:00+00:00,54.279998779296875,54.279998779296875,54.279998779296875,54.279998779296875,4047550.0
2024-04-25 00:00:00+00:00,55.52000045776367,55.52000045776367,55.52000045776367,55.52000045776367,5529275.0
2024-04-26 00:00:00+00:00,53.720001220703125,53.720001220703125,53.720001220703125,53.720001220703125,2951250.0
2024-04-29 00:00:00+00:00,52.79999923706055,52.79999923706055,52.79999923706055,52.79999923706055,2189925.0
2024-04-30 00:00:00+00:00,54.439998626708984,54.439998626708984,54.439998626708984,54.439998626708984,2786875.0
2024-05-01 00:00:00+00:00,54.7599983215332,54.7599983215332,54.7599983215332,54.7599983215332,4846650.0
2024-05-02 00:00:00+00:00,52.959999084472656,52.959999084472656,52.959999084472656,52.959999084472656,2399375.0
2024-05-03 00:00:00+00:00,51.15999984741211,51.15999984741211,51.15999984741211,51.15999984741211,3770350.0
2024-05-06 00:00:00+00:00,49.63999938964844,49.63999938964844,49.63999938964844,49.63999938964844,2138500.0
2024-05-07 00:00:00+00:00,49.63999938964844,49.63999938964844,49.63999938964844,49.63999938964844,2569775.0
2024-05-08 00:00:00+00:00,49.119998931884766,49.119998931884766,49.119998931884766,49.119998931884766,1889975.0
2024-05-09 00:00:00+00:00,48.91999816894531,48.91999816894531,48.91999816894531,48.91999816894531,2890825.0
2024-05-10 00:00:00+00:00,48.2400016784668,48.2400016784668,48.2400016784668,48.2400016784668,2155200.0
2024-05-13 00:00:00+00:00,48.7599983215332,48.7599983215332,48.7599983215332,48.7599983215332,2416200.0
2024-05-14 00:00:00+00:00,47.959999084472656,47.959999084472656,47.959999084472656,47.959999084472656,1726725.0
2024-05-15 00:00:00+00:00,46.08000183105469,46.08000183105469,46.08000183105469,46.08000183105469,2222450.0
2024-05-16 00:00:00+00:00,46.040000915527344,46.040000915527344,46.040000915527344,46.040000915527344,2733525.0
2024-05-17 00:00:00+00:00,45.439998626708984,45.439998626708984,45.439998626708984,45.439998626708984,2322650.0
2024-05-20 00:00:00+00:00,45.52000045776367,45.52000045776367,45.52000045776367,45.52000045776367,2238800.0
2024-05-21 00:00:00+00:00,44.7599983215332,44.7599983215332,44.7599983215332,44.7599983215332,2097625.0
2024-05-22 00:00:00+00:00,45.720001220703125,45.720001220703125,45.720001220703125,45.720001220703125,4482125.0
2024-05-23 00:00:00+00:00,46.36000061035156,46.36000061035156,46.36000061035156,46.36000061035156,5584000.0
2024-05-24 00:00:00+00:00,45.0,45.0,45.0,45.0,2897775.0
2024-05-28 00:00:00+00:00,45.959999084472656,45.959999084472656,45.959999084472656,45.959999084472656,3940675.0
2024-05-29 00:00:00+00:00,47.720001220703125,47.720001220703125,47.720001220703125,47.720001220703125,3462000.0
2024-05-30 00:00:00+00:00,47.560001373291016,47.560001373291016,47.560001373291016,47.560001373291016,3165925.0
2024-05-31 00:00:00+00:00,46.119998931884766,46.119998931884766,46.119998931884766,46.119998931884766,4577675.0
2024-06-03 00:00:00+00:00,45.84000015258789,45.84000015258789,45.84000015258789,45.84000015258789,3611200.0
2024-06-04 00:00:00+00:00,46.08000183105469,46.08000183105469,46.08000183105469,46.08000183105469,4044375.0
2024-06-05 00:00:00+00:00,45.2400016784668,45.2400016784668,45.2400016784668,45.2400016784668,2406275.0
2024-06-06 00:00:00+00:00,45.0,45.0,45.0,45.0,2207275.0
2024-06-07 00:00:00+00:00,44.52000045776367,44.52000045776367,44.52000045776367,44.52000045776367,3279200.0
2024-06-10 00:00:00+00:00,44.400001525878906,44.400001525878906,44.400001525878906,44.400001525878906,1977700.0
2024-06-11 00:00:00+00:00,44.439998626708984,44.439998626708984,44.439998626708984,44.439998626708984,2292375.0
2024-06-12 00:00:00+00:00,43.560001373291016,43.560001373291016,43.560001373291016,43.560001373291016,3319900.0
2024-06-13 00:00:00+00:00,43.439998626708984,43.439998626708984,43.439998626708984,43.439998626708984,2641775.0
2024-06-14 00:00:00+00:00,44.84000015258789,44.84000015258789,44.84000015258789,44.84000015258789,3800075.0
2024-06-17 00:00:00+00:00,44.7599983215332,44.7599983215332,44.7599983215332,44.7599983215332,3703450.0
2024-06-18 00:00:00+00:00,44.52000045776367,44.52000045776367,44.52000045776367,44.52000045776367,2059125.0
2024-06-20 00:00:00+00:00,46.20000076293945,46.20000076293945,46.20000076293945,46.20000076293945,3247550.0
2024-06-21 00:00:00+00:00,45.15999984741211,45.15999984741211,45.15999984741211,45.15999984741211,2858700.0
2024-06-24 00:00:00+00:00,44.79999923706055,44.79999923706055,44.79999923706055,44.79999923706055,2741850.0
2024-06-25 00:00:00+00:00,44.0,44.0,44.0,44.0,1813250.0
2024-06-26 00:00:00+00:00,43.52000045776367,43.52000045776367,43.52000045776367,43.52000045776367,1854100.0
2024-06-27 00:00:00+00:00,43.2400016784668,43.2400016784668,43.2400016784668,43.2400016784668,1770750.0
2024-06-28 00:00:00+00:00,43.68000030517578,43.68000030517578,43.68000030517578,43.68000030517578,2017425.0
2024-07-01 00:00:00+00:00,41.959999084472656,41.959999084472656,41.959999084472656,41.959999084472656,2351450.0
2024-07-02 00:00:00+00:00,41.47999954223633,41.47999954223633,41.47999954223633,41.47999954223633,1265975.0
2024-07-03 00:00:00+00:00,41.68000030517578,41.68000030517578,41.68000030517578,41.68000030517578,1128500.0
2024-07-05 00:00:00+00:00,41.84000015258789,41.84000015258789,41.84000015258789,41.84000015258789,1744150.0
2024-07-08 00:00:00+00:00,41.08000183105469,41.08000183105469,41.08000183105469,41.08000183105469,1716025.0
2024-07-09 00:00:00+00:00,41.20000076293945,41.20000076293945,41.20000076293945,41.20000076293945,1290750.0
2024-07-10 00:00:00+00:00,41.119998931884766,41.119998931884766,41.119998931884766,41.119998931884766,2107600.0
2024-07-11 00:00:00+00:00,41.36000061035156,41.36000061035156,41.36000061035156,41.36000061035156,4569925.0
2024-07-12 00:00:00+00:00,40.63999938964844,40.63999938964844,40.63999938964844,40.63999938964844,2987975.0
2024-07-15 00:00:00+00:00,41.2400016784668,41.2400016784668,41.2400016784668,41.2400016784668,2597375.0
2024-07-16 00:00:00+00:00,41.63999938964844,41.63999938964844,41.63999938964844,41.63999938964844,2382200.0
2024-07-17 00:00:00+00:00,43.0,43.0,43.0,43.0,6436200.0
2024-07-18 00:00:00+00:00,44.2400016784668,44.2400016784668,44.2400016784668,44.2400016784668,5880600.0
2024-07-19 00:00:00+00:00,46.119998931884766,46.119998931884766,46.119998931884766,46.119998931884766,6748275.0
2024-07-22 00:00:00+00:00,43.68000030517578,43.68000030517578,43.68000030517578,43.68000030517578,4132675.0
2024-07-23 00:00:00+00:00,43.31999969482422,43.31999969482422,43.31999969482422,43.31999969482422,3291525.0
2024-07-24 00:00:00+00:00,49.189998626708984,49.189998626708984,49.189998626708984,49.189998626708984,15192000.0
2024-07-25 00:00:00+00:00,49.59000015258789,49.59000015258789,49.59000015258789,49.59000015258789,17223400.0
2024-07-26 00:00:00+00:00,46.779998779296875,46.779998779296875,46.779998779296875,46.779998779296875,8958500.0
2024-07-29 00:00:00+00:00,45.90999984741211,45.90999984741211,45.90999984741211,45.90999984741211,5320100.0
2024-07-30 00:00:00+00:00,47.369998931884766,47.369998931884766,47.369998931884766,47.369998931884766,7642200.0
2024-07-31 00:00:00+00:00,46.25,46.25,46.25,46.25,6750800.0
2024-08-01 00:00:00+00:00,50.5099983215332,50.5099983215332,50.5099983215332,50.5099983215332,10034700.0
2024-08-02 00:00:00+00:00,62.68000030517578,62.68000030517578,62.68000030517578,62.68000030517578,34052000.0
2024-08-05 00:00:00+00:00,87.26000213623047,87.26000213623047,87.26000213623047,87.26000213623047,34747600.0
2024-08-06 00:00:00+00:00,70.47000122070312,70.47000122070312,70.47000122070312,70.47000122070312,17972800.0
2024-08-07 00:00:00+00:00,68.95500183105469,68.95500183105469,68.95500183105469,68.95500183105469,12113300.0
2024-08-08 00:00:00+00:00,63.470001220703125,63.470001220703125,63.470001220703125,63.470001220703125,6181800.0
2024-08-09 00:00:00+00:00,55.779998779296875,55.779998779296875,55.779998779296875,55.779998779296875,8224400.0
2024-08-12 00:00:00+00:00,54.7599983215332,54.7599983215332,54.7599983215332,54.7599983215332,6186500.0
2024-08-13 00:00:00+00:00,50.41999816894531,50.41999816894531,50.41999816894531,50.41999816894531,5265800.0
2024-08-14 00:00:00+00:00,47.13999938964844,47.13999938964844,47.13999938964844,47.13999938964844,5644600.0
2024-08-15 00:00:00+00:00,45.334999084472656,45.334999084472656,45.334999084472656,45.334999084472656,6014300.0
2024-08-16 00:00:00+00:00,45.22999954223633,45.22999954223633,45.22999954223633,45.22999954223633,4001800.0
2024-08-19 00:00:00+00:00,44.43000030517578,44.43000030517578,44.43000030517578,44.43000030517578,5124200.0
2024-08-20 00:00:00+00:00,46.16999816894531,46.16999816894531,46.16999816894531,46.16999816894531,6027900.0
2024-08-21 00:00:00+00:00,46.88999938964844,46.88999938964844,46.88999938964844,46.88999938964844,5104900.0
2024-08-22 00:00:00+00:00,48.8650016784668,48.8650016784668,48.8650016784668,48.8650016784668,5196900.0
2024-08-23 00:00:00+00:00,45.939998626708984,45.939998626708984,45.939998626708984,45.939998626708984,6822900.0
2024-08-26 00:00:00+00:00,45.900001525878906,45.900001525878906,45.900001525878906,45.900001525878906,3060600.0
2024-08-27 00:00:00+00:00,44.9900016784668,44.9900016784668,44.9900016784668,44.9900016784668,2718300.0
2024-08-28 00:00:00+00:00,47.58000183105469,47.58000183105469,47.58000183105469,47.58000183105469,5544000.0
2024-08-29 00:00:00+00:00,45.8849983215332,45.8849983215332,45.8849983215332,45.8849983215332,5392000.0
2024-08-30 00:00:00+00:00,44.5,44.5,44.5,44.5,4818100.0
2024-09-03 00:00:00+00:00,53.540000915527344,53.540000915527344,53.540000915527344,53.540000915527344,10683500.0
2024-09-04 00:00:00+00:00,54.970001220703125,54.970001220703125,54.970001220703125,54.970001220703125,8746000.0
2024-09-05 00:00:00+00:00,52.2400016784668,52.2400016784668,52.2400016784668,52.2400016784668,7605100.0
2024-09-06 00:00:00+00:00,56.11000061035156,56.11000061035156,56.11000061035156,56.11000061035156,9680000.0
2024-09-09 00:00:00+00:00,52.45000076293945,52.45000076293945,52.45000076293945,52.45000076293945,6143000.0
2024-09-10 00:00:00+00:00,51.52000045776367,51.52000045776367,51.52000045776367,51.52000045776367,5116700.0
2024-09-11 00:00:00+00:00,49.33000183105469,49.33000183105469,49.33000183105469,49.33000183105469,7399800.0
2024-09-12 00:00:00+00:00,48.939998626708984,48.939998626708984,48.939998626708984,48.939998626708984,4295600.0
2024-09-13 00:00:00+00:00,48.790000915527344,48.790000915527344,48.790000915527344,48.790000915527344,4374700.0
2024-09-16 00:00:00+00:00,49.2400016784668,49.2400016784668,49.2400016784668,49.2400016784668,4137900.0
2024-09-17 00:00:00+00:00,50.29999923706055,50.29999923706055,50.29999923706055,50.29999923706055,4633500.0
2024-09-18 00:00:00+00:00,49.880001068115234,49.880001068115234,49.880001068115234,49.880001068115234,7650400.0
2024-09-19 00:00:00+00:00,47.720001220703125,47.720001220703125,47.720001220703125,47.720001220703125,4122400.0
2024-09-20 00:00:00+00:00,47.43000030517578,47.43000030517578,47.43000030517578,47.43000030517578,3999200.0
2024-09-23 00:00:00+00:00,47.72999954223633,47.72999954223633,47.72999954223633,47.72999954223633,3110100.0
2024-09-24 00:00:00+00:00,47.7599983215332,47.7599983215332,47.7599983215332,47.7599983215332,2841300.0
2024-09-25 00:00:00+00:00,48.40999984741211,48.40999984741211,48.40999984741211,48.40999984741211,2901600.0
2024-09-26 00:00:00+00:00,48.47999954223633,48.47999954223633,48.47999954223633,48.47999954223633,2758300.0
2024-09-27 00:00:00+00:00,50.72999954223633,50.72999954223633,50.72999954223633,50.72999954223633,3286500.0
2024-09-30 00:00:00+00:00,49.599998474121094,49.599998474121094,49.599998474121094,49.599998474121094,3831200.0
2024-10-01 00:00:00+00:00,53.43000030517578,53.43000030517578,53.43000030517578,53.43000030517578,11330800.0
2024-10-02 00:00:00+00:00,52.709999084472656,52.709999084472656,52.709999084472656,52.709999084472656,4441500.0
2024-10-03 00:00:00+00:00,55.09000015258789,55.09000015258789,55.09000015258789,55.09000015258789,4488300.0
2024-10-04 00:00:00+00:00,53.0,53.0,53.0,53.0,4287000.0
2024-10-07 00:00:00+00:00,57.720001220703125,57.720001220703125,57.720001220703125,57.720001220703125,5437800.0
2024-10-08 00:00:00+00:00,55.38999938964844,55.38999938964844,55.38999938964844,55.38999938964844,4079400.0
2024-10-09 00:00:00+00:00,54.029998779296875,54.029998779296875,54.029998779296875,54.029998779296875,3568300.0
2024-10-10 00:00:00+00:00,54.709999084472656,54.709999084472656,54.709999084472656,54.709999084472656,3561600.0
2024-10-11 00:00:00+00:00,54.06999969482422,54.06999969482422,54.06999969482422,54.06999969482422,3442200.0
2024-10-14 00:00:00+00:00,52.150001525878906,52.150001525878906,52.150001525878906,52.150001525878906,2861600.0
2024-10-15 00:00:00+00:00,53.849998474121094,53.849998474121094,53.849998474121094,53.849998474121094,5534000.0
2024-10-16 00:00:00+00:00,53.33000183105469,53.33000183105469,53.33000183105469,53.33000183105469,2986500.0
2024-10-17 00:00:00+00:00,52.45000076293945,52.45000076293945,52.45000076293945,52.45000076293945,2145700.0
2024-10-18 00:00:00+00:00,51.209999084472656,51.209999084472656,51.209999084472656,51.209999084472656,2487300.0
2024-10-21 00:00:00+00:00,51.349998474121094,51.349998474121094,51.349998474121094,51.349998474121094,2856600.0
2024-10-22 00:00:00+00:00,51.150001525878906,51.150001525878906,51.150001525878906,51.150001525878906,2799300.0
2024-10-23 00:00:00+00:00,53.720001220703125,53.720001220703125,53.720001220703125,53.720001220703125,5477600.0
2024-10-24 00:00:00+00:00,52.810001373291016,52.810001373291016,52.810001373291016,52.810001373291016,3981100.0
2024-10-25 00:00:00+00:00,55.290000915527344,55.290000915527344,55.290000915527344,55.290000915527344,4707800.0
2024-10-28 00:00:00+00:00,52.709999084472656,52.709999084472656,52.709999084472656,52.709999084472656,3931000.0
2024-10-29 00:00:00+00:00,52.47999954223633,52.47999954223633,52.47999954223633,52.47999954223633,2947200.0
2024-10-30 00:00:00+00:00,53.7599983215332,53.7599983215332,53.7599983215332,53.7599983215332,3054700.0
2024-10-31 00:00:00+00:00,57.869998931884766,57.869998931884766,57.869998931884766,57.869998931884766,7310100.0
2024-11-01 00:00:00+00:00,56.849998474121094,56.849998474121094,56.849998474121094,56.849998474121094,6145100.0
2024-11-04 00:00:00+00:00,54.470001220703125,54.470001220703125,54.470001220703125,54.470001220703125,4552900.0
2024-11-05 00:00:00+00:00,51.54999923706055,51.54999923706055,51.54999923706055,51.54999923706055,6254700.0
2024-11-06 00:00:00+00:00,46.7400016784668,46.7400016784668,46.7400016784668,46.7400016784668,7839000.0
2024-11-07 00:00:00+00:00,45.09000015258789,45.09000015258789,45.09000015258789,45.09000015258789,4386700.0
2024-11-08 00:00:00+00:00,44.77000045776367,44.77000045776367,44.77000045776367,44.77000045776367,3230200.0
2024-11-11 00:00:00+00:00,44.650001525878906,44.650001525878906,44.650001525878906,44.650001525878906,3168900.0
2024-11-12 00:00:00+00:00,44.52000045776367,44.52000045776367,44.52000045776367,44.52000045776367,3233400.0
2024-11-13 00:00:00+00:00,43.53499984741211,43.53499984741211,43.53499984741211,43.53499984741211,3026100.0
2024-11-14 00:00:00+00:00,43.47999954223633,43.47999954223633,43.47999954223633,43.47999954223633,3466700.0
2024-11-15 00:00:00+00:00,46.59000015258789,46.59000015258789,46.59000015258789,46.59000015258789,8239900.0
2024-11-18 00:00:00+00:00,44.88999938964844,44.88999938964844,44.88999938964844,44.88999938964844,4348400.0
2024-11-19 00:00:00+00:00,46.380001068115234,46.380001068115234,46.380001068115234,46.380001068115234,6250700.0
2024-11-20 00:00:00+00:00,48.029998779296875,48.029998779296875,48.029998779296875,48.029998779296875,7870500.0
2024-11-21 00:00:00+00:00,47.650001525878906,47.650001525878906,47.650001525878906,47.650001525878906,5656200.0
2024-11-22 00:00:00+00:00,45.7599983215332,45.7599983215332,45.7599983215332,45.7599983215332,4059500.0
2024-11-25 00:00:00+00:00,43.880001068115234,43.880001068115234,43.880001068115234,43.880001068115234,3644300.0
2024-11-26 00:00:00+00:00,43.61000061035156,43.61000061035156,43.61000061035156,43.61000061035156,2997200.0
2024-11-27 00:00:00+00:00,43.45000076293945,43.45000076293945,43.45000076293945,43.45000076293945,2625000.0
2024-11-29 00:00:00+00:00,42.584999084472656,42.584999084472656,42.584999084472656,42.584999084472656,2111800.0
2024-12-02 00:00:00+00:00,42.29999923706055,42.29999923706055,42.29999923706055,42.29999923706055,1993400.0
2024-12-03 00:00:00+00:00,42.06999969482422,42.06999969482422,42.06999969482422,42.06999969482422,2801400.0
2024-12-04 00:00:00+00:00,42.33000183105469,42.33000183105469,42.33000183105469,42.33000183105469,2802400.0
2024-12-05 00:00:00+00:00,42.41999816894531,42.41999816894531,42.41999816894531,42.41999816894531,2279400.0
2024-12-06 00:00:00+00:00,41.7599983215332,41.7599983215332,41.7599983215332,41.7599983215332,3308900.0
2024-12-09 00:00:00+00:00,42.88999938964844,42.88999938964844,42.88999938964844,42.88999938964844,3579400.0
2024-12-10 00:00:00+00:00,42.459999084472656,42.459999084472656,42.459999084472656,42.459999084472656,2799800.0
2024-12-11 00:00:00+00:00,42.130001068115234,42.130001068115234,42.130001068115234,42.130001068115234,3377400.0
2024-12-12 00:00:00+00:00,42.470001220703125,42.470001220703125,42.470001220703125,42.470001220703125,3060400.0
2024-12-13 00:00:00+00:00,42.5,42.5,42.5,42.5,2853000.0
2024-12-16 00:00:00+00:00,43.220001220703125,43.220001220703125,43.220001220703125,43.220001220703125,3032300.0
2024-12-17 00:00:00+00:00,44.290000915527344,44.290000915527344,44.290000915527344,44.290000915527344,4126300.0
2024-12-18 00:00:00+00:00,51.720001220703125,51.720001220703125,51.720001220703125,51.720001220703125,8144100.0
2024-12-19 00:00:00+00:00,56.13999938964844,56.13999938964844,56.13999938964844,56.13999938964844,11428200.0
2024-12-20 00:00:00+00:00,48.08000183105469,48.08000183105469,48.08000183105469,48.08000183105469,10973900.0
2024-12-23 00:00:00+00:00,44.380001068115234,44.380001068115234,44.380001068115234,44.380001068115234,4045900.0
2024-12-24 00:00:00+00:00,42.279998779296875,42.279998779296875,42.279998779296875,42.279998779296875,2884300.0
2024-12-26 00:00:00+00:00,42.54999923706055,42.54999923706055,42.54999923706055,42.54999923706055,3616100.0
2024-12-27 00:00:00+00:00,44.43000030517578,44.43000030517578,44.43000030517578,44.43000030517578,5905700.0
2024-12-30 00:00:00+00:00,45.529998779296875,45.529998779296875,45.529998779296875,45.529998779296875,5877400.0
2024-12-31 00:00:00+00:00,45.79999923706055,45.79999923706055,45.79999923706055,45.79999923706055,3119700.0
2025-01-02 00:00:00+00:00,46.84000015258789,46.84000015258789,46.84000015258789,46.84000015258789,4286400.0
2025-01-03 00:00:00+00:00,44.099998474121094,44.099998474121094,44.099998474121094,44.099998474121094,4058100.0
2025-01-06 00:00:00+00:00,43.900001525878906,43.900001525878906,43.900001525878906,43.900001525878906,3990200.0
2025-01-07 00:00:00+00:00,46.40999984741211,46.40999984741211,46.40999984741211,46.40999984741211,6018700.0
2025-01-08 00:00:00+00:00,46.34000015258789,46.34000015258789,46.34000015258789,46.34000015258789,6497500.0
2025-01-10 00:00:00+00:00,49.45000076293945,49.45000076293945,49.45000076293945,49.45000076293945,7039600.0
2025-01-13 00:00:00+00:00,48.52000045776367,48.52000045776367,48.52000045776367,48.52000045776367,6044300.0
2025-01-14 00:00:00+00:00,47.41999816894531,47.41999816894531,47.41999816894531,47.41999816894531,4712800.0
2025-01-15 00:00:00+00:00,43.54999923706055,43.54999923706055,43.54999923706055,43.54999923706055,8376200.0
2025-01-16 00:00:00+00:00,43.619998931884766,43.619998931884766,43.619998931884766,43.619998931884766,4314200.0
2025-01-17 00:00:00+00:00,43.959999084472656,43.959999084472656,43.959999084472656,43.959999084472656,5609600.0
2025-01-21 00:00:00+00:00,42.11000061035156,42.11000061035156,42.11000061035156,42.11000061035156,5739500.0
2025-01-22 00:00:00+00:00,42.75,42.75,42.75,42.75,6643100.0
2025-01-23 00:00:00+00:00,41.93000030517578,41.93000030517578,41.93000030517578,41.93000030517578,6331500.0
2025-01-24 00:00:00+00:00,41.7400016784668,41.7400016784668,41.7400016784668,41.7400016784668,4121100.0
2025-01-27 00:00:00+00:00,44.4900016784668,44.4900016784668,44.4900016784668,44.4900016784668,15686400.0
2025-01-28 00:00:00+00:00,43.02000045776367,43.02000045776367,43.02000045776367,43.02000045776367,5986700.0
2025-01-29 00:00:00+00:00,42.90999984741211,42.90999984741211,42.90999984741211,42.90999984741211,4453100.0
2025-01-30 00:00:00+00:00,42.68000030517578,42.68000030517578,42.68000030517578,42.68000030517578,3757500.0
2025-01-31 00:00:00+00:00,44.119998931884766,44.119998931884766,44.119998931884766,44.119998931884766,7280700.0
2025-02-03 00:00:00+00:00,45.06999969482422,45.06999969482422,45.06999969482422,45.06999969482422,11995500.0
2025-02-04 00:00:00+00:00,43.689998626708984,43.689998626708984,43.689998626708984,43.689998626708984,4992400.0
2025-02-05 00:00:00+00:00,42.79999923706055,42.79999923706055,42.79999923706055,42.79999923706055,3788800.0
2025-02-06 00:00:00+00:00,42.529998779296875,42.529998779296875,42.529998779296875,42.529998779296875,3461100.0
2025-02-07 00:00:00+00:00,43.959999084472656,43.959999084472656,43.959999084472656,43.959999084472656,5003000.0
2025-02-10 00:00:00+00:00,42.849998474121094,42.849998474121094,42.849998474121094,42.849998474121094,4524100.0
2025-02-11 00:00:00+00:00,42.900001525878906,42.900001525878906,42.900001525878906,42.900001525878906,4022800.0
2025-02-12 00:00:00+00:00,42.869998931884766,42.869998931884766,42.869998931884766,42.869998931884766,5264200.0
2025-02-13 00:00:00+00:00,42.060001373291016,42.060001373291016,42.060001373291016,42.060001373291016,5243700.0
2025-02-14 00:00:00+00:00,42.0,42.0,42.0,42.0,4106700.0
2025-02-18 00:00:00+00:00,41.79999923706055,41.79999923706055,41.79999923706055,41.79999923706055,5824200.0
2025-02-19 00:00:00+00:00,41.27000045776367,41.27000045776367,41.27000045776367,41.27000045776367,4511600.0
2025-02-20 00:00:00+00:00,41.4900016784668,41.4900016784668,41.4900016784668,41.4900016784668,6614700.0
2025-02-21 00:00:00+00:00,44.33000183105469,44.33000183105469,44.33000183105469,44.33000183105469,13516900.0
2025-02-24 00:00:00+00:00,44.70000076293945,44.70000076293945,44.70000076293945,44.70000076293945,8911100.0
2025-02-25 00:00:00+00:00,45.13999938964844,45.13999938964844,45.13999938964844,45.13999938964844,13493500.0
2025-02-26 00:00:00+00:00,44.099998474121094,44.099998474121094,44.099998474121094,44.099998474121094,6515200.0
2025-02-27 00:00:00+00:00,46.56999969482422,46.56999969482422,46.56999969482422,46.56999969482422,9470200.0
2025-02-28 00:00:00+00:00,45.83000183105469,45.83000183105469,45.83000183105469,45.83000183105469,6939900.0
2025-03-03 00:00:00+00:00,49.290000915527344,49.290000915527344,49.290000915527344,49.290000915527344,8262200.0
2025-03-04 00:00:00+00:00,50.59000015258789,50.59000015258789,50.59000015258789,50.59000015258789,13644800.0
2025-03-05 00:00:00+00:00,48.45000076293945,48.45000076293945,48.45000076293945,48.45000076293945,12953700.0
2025-03-06 00:00:00+00:00,53.72999954223633,53.72999954223633,53.72999954223633,53.72999954223633,13126200.0
2025-03-07 00:00:00+00:00,51.22999954223633,51.22999954223633,51.22999954223633,51.22999954223633,8451100.0
2025-03-10 00:00:00+00:00,56.47999954223633,56.47999954223633,56.47999954223633,56.47999954223633,13192700.0
2025-03-11 00:00:00+00:00,56.939998626708984,56.939998626708984,56.939998626708984,56.939998626708984,11258100.0
2025-03-12 00:00:00+00:00,53.970001220703125,53.970001220703125,53.970001220703125,53.970001220703125,7671800.0
2025-03-13 00:00:00+00:00,56.279998779296875,56.279998779296875,56.279998779296875,56.279998779296875,10396900.0
2025-03-14 00:00:00+00:00,51.529998779296875,51.529998779296875,51.529998779296875,51.529998779296875,5744300.0
2025-03-17 00:00:00+00:00,49.5099983215332,49.5099983215332,49.5099983215332,49.5099983215332,7345600.0
2025-03-18 00:00:00+00:00,50.79999923706055,50.79999923706055,50.79999923706055,50.79999923706055,5664900.0
2025-03-19 00:00:00+00:00,49.18000030517578,49.18000030517578,49.18000030517578,49.18000030517578,5609500.0
2025-03-20 00:00:00+00:00,48.33000183105469,48.33000183105469,48.33000183105469,48.33000183105469,5634600.0
2025-03-21 00:00:00+00:00,48.099998474121094,48.099998474121094,48.099998474121094,48.099998474121094,4138600.0
2025-03-24 00:00:00+00:00,45.45000076293945,45.45000076293945,45.45000076293945,45.45000076293945,6154900.0
2025-03-25 00:00:00+00:00,45.79999923706055,45.79999923706055,45.79999923706055,45.79999923706055,4381900.0
2025-03-26 00:00:00+00:00,46.939998626708984,46.939998626708984,46.939998626708984,46.939998626708984,5806100.0
2025-03-27 00:00:00+00:00,47.18000030517578,47.18000030517578,47.18000030517578,47.18000030517578,4392100.0
2025-03-28 00:00:00+00:00,51.41999816894531,51.41999816894531,51.41999816894531,51.41999816894531,7170200.0
2025-03-31 00:00:00+00:00,51.470001220703125,51.470001220703125,51.470001220703125,51.470001220703125,7029900.0
2025-04-01 00:00:00+00:00,51.47999954223633,51.47999954223633,51.47999954223633,51.47999954223633,4972500.0
2025-04-02 00:00:00+00:00,50.09000015258789,50.09000015258789,50.09000015258789,50.09000015258789,6785300.0
2025-04-03 00:00:00+00:00,62.4900016784668,62.4900016784668,62.4900016784668,62.4900016784668,17355500.0
2025-04-04 00:00:00+00:00,74.8499984741211,74.8499984741211,74.8499984741211,74.8499984741211,27055000.0
2025-04-07 00:00:00+00:00,74.3499984741211,74.3499984741211,74.3499984741211,74.3499984741211,20805300.0
2025-04-08 00:00:00+00:00,85.41999816894531,85.41999816894531,85.41999816894531,85.41999816894531,17692900.0
2025-04-09 00:00:00+00:00,67.79000091552734,67.79000091552734,67.79000091552734,67.79000091552734,19785800.0
2025-04-10 00:00:00+00:00,79.19999694824219,79.19999694824219,79.19999694824219,79.19999694824219,25099900.0
2025-04-11 00:00:00+00:00,77.12000274658203,77.12000274658203,77.12000274658203,77.12000274658203,13651400.0
2025-04-14 00:00:00+00:00,68.02999877929688,68.02999877929688,68.02999877929688,68.02999877929688,9896000.0
2025-04-15 00:00:00+00:00,68.31999969482422,68.31999969482422,68.31999969482422,68.31999969482422,8451200.0
2025-04-16 00:00:00+00:00,73.36000061035156,73.36000061035156,73.36000061035156,73.36000061035156,8144100.0
2025-04-17 00:00:00+00:00,71.33999633789062,71.33999633789062,71.33999633789062,71.33999633789062,5546900.0
2025-04-21 00:00:00+00:00,76.5199966430664,76.5199966430664,76.5199966430664,76.5199966430664,6494400.0
2025-04-22 00:00:00+00:00,70.94000244140625,70.94000244140625,70.94000244140625,70.94000244140625,4699100.0
2025-04-23 00:00:00+00:00,68.37999725341797,68.37999725341797,68.37999725341797,68.37999725341797,8140600.0
2025-04-24 00:00:00+00:00,65.86000061035156,65.86000061035156,65.86000061035156,65.86000061035156,5997500.0
2025-04-25 00:00:00+00:00,63.34000015258789,63.34000015258789,63.34000015258789,63.34000015258789,6882800.0
2025-04-28 00:00:00+00:00,63.68000030517578,63.68000030517578,63.68000030517578,63.68000030517578,4265200.0
2025-04-29 00:00:00+00:00,63.02000045776367,63.02000045776367,63.02000045776367,63.02000045776367,3191600.0
2025-04-30 00:00:00+00:00,64.63999938964844,64.63999938964844,64.63999938964844,64.63999938964844,6234200.0
2025-05-01 00:00:00+00:00,63.41999816894531,63.41999816894531,63.41999816894531,63.41999816894531,4003600.0
2025-05-02 00:00:00+00:00,61.0099983215332,61.0099983215332,61.0099983215332,61.0099983215332,3950800.0
2025-05-05 00:00:00+00:00,62.130001068115234,62.130001068115234,62.130001068115234,62.130001068115234,3092000.0
2025-05-06 00:00:00+00:00,64.55000305175781,64.55000305175781,64.55000305175781,64.55000305175781,3943900.0
2025-05-07 00:00:00+00:00,62.83000183105469,62.83000183105469,62.83000183105469,62.83000183105469,3326900.0
2025-05-08 00:00:00+00:00,60.439998626708984,60.439998626708984,60.439998626708984,60.439998626708984,3659500.0
2025-05-09 00:00:00+00:00,59.95000076293945,59.95000076293945,59.95000076293945,59.95000076293945,2719500.0
2025-05-12 00:00:00+00:00,52.16999816894531,52.16999816894531,52.16999816894531,52.16999816894531,7075400.0
2025-05-13 00:00:00+00:00,51.81999969482422,51.81999969482422,51.81999969482422,51.81999969482422,4850200.0
2025-05-14 00:00:00+00:00,52.939998626708984,52.939998626708984,52.939998626708984,52.939998626708984,4444600.0
2025-05-15 00:00:00+00:00,52.06999969482422,52.06999969482422,52.06999969482422,52.06999969482422,4480700.0
2025-05-16 00:00:00+00:00,51.83000183105469,51.83000183105469,51.83000183105469,51.83000183105469,5464000.0
2025-05-19 00:00:00+00:00,52.470001220703125,52.470001220703125,52.470001220703125,52.470001220703125,4176600.0
2025-05-20 00:00:00+00:00,52.09000015258789,52.09000015258789,52.09000015258789,52.09000015258789,4851100.0
2025-05-21 00:00:00+00:00,55.65999984741211,55.65999984741211,55.65999984741211,55.65999984741211,6869700.0
2025-05-22 00:00:00+00:00,55.099998474121094,55.099998474121094,55.099998474121094,55.099998474121094,3475000.0
2025-05-23 00:00:00+00:00,58.790000915527344,58.790000915527344,58.790000915527344,58.790000915527344,6660900.0
2025-05-27 00:00:00+00:00,52.880001068115234,52.880001068115234,52.880001068115234,52.880001068115234,5036500.0
2025-05-28 00:00:00+00:00,53.4900016784668,53.4900016784668,53.4900016784668,53.4900016784668,2390800.0
2025-05-29 00:00:00+00:00,53.54999923706055,53.54999923706055,53.54999923706055,53.54999923706055,2797400.0
2025-05-30 00:00:00+00:00,53.83000183105469,53.83000183105469,53.83000183105469,53.83000183105469,4629700.0
2025-06-02 00:00:00+00:00,53.279998779296875,53.279998779296875,53.279998779296875,53.279998779296875,3247100.0
2025-06-03 00:00:00+00:00,52.11000061035156,52.11000061035156,52.11000061035156,52.11000061035156,2445600.0
2025-06-04 00:00:00+00:00,52.02000045776367,52.02000045776367,52.02000045776367,52.02000045776367,2289200.0
2025-06-05 00:00:00+00:00,53.02000045776367,53.02000045776367,53.02000045776367,53.02000045776367,5422100.0
2025-06-06 00:00:00+00:00,50.810001373291016,50.810001373291016,50.810001373291016,50.810001373291016,3668700.0
2025-06-09 00:00:00+00:00,50.31999969482422,50.31999969482422,50.31999969482422,50.31999969482422,2380700.0
2025-06-10 00:00:00+00:00,50.08000183105469,50.08000183105469,50.08000183105469,50.08000183105469,3588200.0
2025-06-11 00:00:00+00:00,50.5099983215332,50.5099983215332,50.5099983215332,50.5099983215332,5716100.0
2025-06-12 00:00:00+00:00,51.15999984741211,51.15999984741211,51.15999984741211,51.15999984741211,4864100.0
2025-06-13 00:00:00+00:00,55.150001525878906,55.150001525878906,55.150001525878906,55.150001525878906,12315600.0
2025-06-16 00:00:00+00:00,51.290000915527344,51.290000915527344,51.290000915527344,51.290000915527344,7065200.0
2025-06-17 00:00:00+00:00,54.220001220703125,54.220001220703125,54.220001220703125,54.220001220703125,7635500.0
2025-06-18 00:00:00+00:00,52.900001525878906,52.900001525878906,52.900001525878906,52.900001525878906,6302800.0
2025-06-20 00:00:00+00:00,53.459999084472656,53.459999084472656,53.459999084472656,53.459999084472656,5593200.0
2025-06-23 00:00:00+00:00,52.790000915527344,52.790000915527344,52.790000915527344,52.790000915527344,6670000.0
2025-06-24 00:00:00+00:00,49.150001525878906,49.150001525878906,49.150001525878906,49.150001525878906,4735800.0
2025-06-25 00:00:00+00:00,48.52000045776367,48.52000045776367,48.52000045776367,48.52000045776367,3228900.0
2025-06-26 00:00:00+00:00,48.40999984741211,48.40999984741211,48.40999984741211,48.40999984741211,2976700.0
2025-06-27 00:00:00+00:00,48.27000045776367,48.27000045776367,48.27000045776367,48.27000045776367,3870800.0
2025-06-30 00:00:00+00:00,48.04999923706055,48.04999923706055,48.04999923706055,48.04999923706055,3297100.0
2025-07-01 00:00:00+00:00,48.040000915527344,48.040000915527344,48.040000915527344,48.040000915527344,3418200.0
2025-07-02 00:00:00+00:00,47.90999984741211,47.90999984741211,47.90999984741211,47.90999984741211,3403700.0
2025-07-03 00:00:00+00:00,47.56999969482422,47.56999969482422,47.56999969482422,47.56999969482422,2672600.0
2025-07-07 00:00:00+00:00,48.13999938964844,48.13999938964844,48.13999938964844,48.13999938964844,4525200.0
2025-07-08 00:00:00+00:00,46.849998474121094,46.849998474121094,46.849998474121094,46.849998474121094,3864300.0
2025-07-09 00:00:00+00:00,45.2599983215332,45.2599983215332,45.2599983215332,45.2599983215332,4529700.0
2025-07-10 00:00:00+00:00,44.95000076293945,44.95000076293945,44.95000076293945,44.95000076293945,3183900.0
2025-07-11 00:00:00+00:00,45.20000076293945,45.20000076293945,45.20000076293945,45.20000076293945,3455300.0
2025-07-14 00:00:00+00:00,45.869998931884766,45.869998931884766,45.869998931884766,45.869998931884766,3997400.0
2025-07-15 00:00:00+00:00,45.61000061035156,45.61000061035156,45.61000061035156,45.61000061035156,4746600.0
2025-07-16 00:00:00+00:00,45.90999984741211,45.90999984741211,45.90999984741211,45.90999984741211,8578700.0
2025-07-17 00:00:00+00:00,45.849998474121094,45.849998474121094,45.849998474121094,45.849998474121094,2799900.0
2025-07-18 00:00:00+00:00,45.0099983215332,45.0099983215332,45.0099983215332,45.0099983215332,4893800.0
2025-07-21 00:00:00+00:00,44.86000061035156,44.86000061035156,44.86000061035156,44.86000061035156,5082500.0
2025-07-22 00:00:00+00:00,44.650001525878906,44.650001525878906,44.650001525878906,44.650001525878906,3731300.0
2025-07-23 00:00:00+00:00,42.810001373291016,42.810001373291016,42.810001373291016,42.810001373291016,6670800.0
2025-07-24 00:00:00+00:00,42.68000030517578,42.68000030517578,42.68000030517578,42.68000030517578,3718400.0
2025-07-25 00:00:00+00:00,42.33000183105469,42.33000183105469,42.33000183105469,42.33000183105469,3470400.0
2025-07-28 00:00:00+00:00,41.150001525878906,41.150001525878906,41.150001525878906,41.150001525878906,4809800.0
2025-07-29 00:00:00+00:00,42.099998474121094,42.099998474121094,42.099998474121094,42.099998474121094,5370100.0
2025-07-30 00:00:00+00:00,42.38999938964844,42.38999938964844,42.38999938964844,42.38999938964844,5531200.0
2025-07-31 00:00:00+00:00,42.459999084472656,42.459999084472656,42.459999084472656,42.459999084472656,7016500.0
2025-08-01 00:00:00+00:00,45.90999984741211,45.90999984741211,45.90999984741211,45.90999984741211,17797200.0
2025-08-04 00:00:00+00:00,42.91999816894531,42.91999816894531,42.91999816894531,42.91999816894531,6242200.0
2025-08-05 00:00:00+00:00,43.25,43.25,43.25,43.25,5201200.0
2025-08-06 00:00:00+00:00,41.93000030517578,41.93000030517578,41.93000030517578,41.93000030517578,4312800.0
2025-08-07 00:00:00+00:00,42.209999084472656,42.209999084472656,42.209999084472656,42.209999084472656,4716600.0
2025-08-08 00:00:00+00:00,40.810001373291016,40.810001373291016,40.810001373291016,40.810001373291016,5894600.0
2025-08-11 00:00:00+00:00,41.0,41.0,41.0,41.0,4450100.0
2025-08-12 00:00:00+00:00,39.29999923706055,39.29999923706055,39.29999923706055,39.29999923706055,9653700.0
2025-08-13 00:00:00+00:00,39.02000045776367,39.02000045776367,39.02000045776367,39.02000045776367,4947900.0
2025-08-14 00:00:00+00:00,39.18000030517578,39.18000030517578,39.18000030517578,39.18000030517578,5257800.0
2025-08-15 00:00:00+00:00,39.040000915527344,39.040000915527344,39.040000915527344,39.040000915527344,6855000.0
2025-08-18 00:00:00+00:00,38.099998474121094,38.099998474121094,38.099998474121094,38.099998474121094,5746300.0
2025-08-19 00:00:00+00:00,38.81999969482422,38.81999969482422,38.81999969482422,38.81999969482422,7862300.0
2025-08-20 00:00:00+00:00,38.66999816894531,38.66999816894531,38.66999816894531,38.66999816894531,8378900.0
2025-08-21 00:00:00+00:00,39.27000045776367,39.27000045776367,39.27000045776367,39.27000045776367,5172200.0
2025-08-22 00:00:00+00:00,35.97999954223633,35.97999954223633,35.97999954223633,35.97999954223633,17176300.0
2025-08-25 00:00:00+00:00,36.13999938964844,36.13999938964844,36.13999938964844,36.13999938964844,4390700.0
2025-08-26 00:00:00+00:00,35.86000061035156,35.86000061035156,35.86000061035156,35.86000061035156,3032300.0
2025-08-27 00:00:00+00:00,36.0099983215332,36.0099983215332,36.0099983215332,36.0099983215332,5319800.0
2025-08-28 00:00:00+00:00,35.45000076293945,35.45000076293945,35.45000076293945,35.45000076293945,3863500.0
2025-08-29 00:00:00+00:00,36.27000045776367,36.27000045776367,36.27000045776367,36.27000045776367,6043800.0
2025-09-02 00:00:00+00:00,37.38999938964844,37.38999938964844,37.38999938964844,37.38999938964844,10111400.0
2025-09-03 00:00:00+00:00,36.459999084472656,36.459999084472656,36.459999084472656,36.459999084472656,6683300.0
2025-09-04 00:00:00+00:00,35.380001068115234,35.380001068115234,35.380001068115234,35.380001068115234,8664300.0
2025-09-05 00:00:00+00:00,35.470001220703125,35.470001220703125,35.470001220703125,35.470001220703125,13420100.0
2025-09-08 00:00:00+00:00,34.810001373291016,34.810001373291016,34.810001373291016,34.810001373291016,4253600.0
2025-09-09 00:00:00+00:00,34.63999938964844,34.63999938964844,34.63999938964844,34.63999938964844,5134600.0
2025-09-10 00:00:00+00:00,34.439998626708984,34.439998626708984,34.439998626708984,34.439998626708984,5955400.0
2025-09-11 00:00:00+00:00,33.68000030517578,33.68000030517578,33.68000030517578,33.68000030517578,6014700.0
2025-09-12 00:00:00+00:00,33.68000030517578,33.68000030517578,33.68000030517578,33.68000030517578,4624400.0
2025-09-15 00:00:00+00:00,33.90999984741211,33.90999984741211,33.90999984741211,33.90999984741211,6386000.0
2025-09-16 00:00:00+00:00,34.529998779296875,34.529998779296875,34.529998779296875,34.529998779296875,6227200.0
2025-09-17 00:00:00+00:00,33.31999969482422,33.31999969482422,33.31999969482422,33.31999969482422,10687600.0
2025-09-18 00:00:00+00:00,33.16999816894531,33.16999816894531,33.16999816894531,33.16999816894531,5043300.0
2025-09-19 00:00:00+00:00,33.18000030517578,33.18000030517578,33.18000030517578,33.18000030517578,4540500.0
2025-09-22 00:00:00+00:00,33.79999923706055,33.79999923706055,33.79999923706055,33.79999923706055,4452400.0
2025-09-23 00:00:00+00:00,34.20000076293945,34.20000076293945,34.20000076293945,34.20000076293945,7647700.0
2025-09-24 00:00:00+00:00,33.86000061035156,33.86000061035156,33.86000061035156,33.86000061035156,5547100.0
2025-09-25 00:00:00+00:00,34.29999923706055,34.29999923706055,34.29999923706055,34.29999923706055,8925100.0
2025-09-26 00:00:00+00:00,32.84000015258789,32.84000015258789,32.84000015258789,32.84000015258789,6549300.0
2025-09-29 00:00:00+00:00,33.27000045776367,33.27000045776367,33.27000045776367,33.27000045776367,5358400.0
2025-09-30 00:00:00+00:00,33.15999984741211,33.15999984741211,33.15999984741211,33.15999984741211,5086900.0
2025-10-01 00:00:00+00:00,32.970001220703125,32.970001220703125,32.970001220703125,32.970001220703125,5662800.0
2025-10-02 00:00:00+00:00,33.439998626708984,33.439998626708984,33.439998626708984,33.439998626708984,5370300.0
2025-10-03 00:00:00+00:00,33.25,33.25,33.25,33.25,7328000.0
2025-10-06 00:00:00+00:00,33.04999923706055,33.04999923706055,33.04999923706055,33.04999923706055,4569100.0
2025-10-07 00:00:00+00:00,33.77000045776367,33.77000045776367,33.77000045776367,33.77000045776367,6923600.0
2025-10-08 00:00:00+00:00,33.2400016784668,33.2400016784668,33.2400016784668,33.2400016784668,4665100.0
2025-10-09 00:00:00+00:00,33.22999954223633,33.22999954223633,33.22999954223633,33.22999954223633,6321600.0
2025-10-10 00:00:00+00:00,37.470001220703125,37.470001220703125,37.470001220703125,37.470001220703125,43848400.0
2025-10-13 00:00:00+00:00,34.619998931884766,34.619998931884766,34.619998931884766,34.619998931884766,11007400.0
2025-10-14 00:00:00+00:00,36.150001525878906,36.150001525878906,36.150001525878906,36.150001525878906,13616500.0
2025-10-15 00:00:00+00:00,36.58000183105469,36.58000183105469,36.58000183105469,36.58000183105469,10753800.0
2025-10-16 00:00:00+00:00,39.970001220703125,39.970001220703125,39.970001220703125,39.970001220703125,26356300.0
2025-10-17 00:00:00+00:00,36.95000076293945,36.95000076293945,36.95000076293945,36.95000076293945,19695600.0
2025-10-20 00:00:00+00:00,33.9900016784668,33.9900016784668,33.9900016784668,33.9900016784668,11361100.0
2025-10-21 00:00:00+00:00,33.720001220703125,33.720001220703125,33.720001220703125,33.720001220703125,7986300.0
2025-10-22 00:00:00+00:00,34.25,34.25,34.25,34.25,13318500.0
2025-10-23 00:00:00+00:00,33.470001220703125,33.470001220703125,33.470001220703125,33.470001220703125,5250600.0
2025-10-24 00:00:00+00:00,33.08000183105469,33.08000183105469,33.08000183105469,33.08000183105469,5955700.0
2025-10-27 00:00:00+00:00,32.0,32.0,32.0,32.0,7534700.0
2025-10-28 00:00:00+00:00,32.93000030517578,32.93000030517578,32.93000030517578,32.93000030517578,4983500.0
2025-10-29 00:00:00+00:00,33.56999969482422,33.56999969482422,33.56999969482422,33.56999969482422,7326600.0
2025-10-30 00:00:00+00:00,33.83000183105469,33.83000183105469,33.83000183105469,33.83000183105469,6679700.0
2025-10-31 00:00:00+00:00,34.0,34.0,34.0,34.0,6449900.0
2025-11-03 00:00:00+00:00,33.68000030517578,33.68000030517578,33.68000030517578,33.68000030517578,4859200.0
2025-11-04 00:00:00+00:00,34.88999938964844,34.88999938964844,34.88999938964844,34.88999938964844,8222300.0
2025-11-05 00:00:00+00:00,33.65999984741211,33.65999984741211,33.65999984741211,33.65999984741211,6234800.0
2025-11-06 00:00:00+00:00,34.9900016784668,34.9900016784668,34.9900016784668,34.9900016784668,10235600.0
2025-11-07 00:00:00+00:00,34.810001373291016,34.810001373291016,34.810001373291016,34.810001373291016,12329600.0
2025-11-10 00:00:00+00:00,32.849998474121094,32.849998474121094,32.849998474121094,32.849998474121094,7636500.0
2025-11-11 00:00:00+00:00,32.779998779296875,32.779998779296875,32.779998779296875,32.779998779296875,3932800.0
2025-11-12 00:00:00+00:00,32.90999984741211,32.90999984741211,32.90999984741211,32.90999984741211,5002900.0
2025-11-13 00:00:00+00:00,35.220001220703125,35.220001220703125,35.220001220703125,35.220001220703125,12786800.0
2025-11-14 00:00:00+00:00,34.56999969482422,34.56999969482422,34.56999969482422,34.56999969482422,13789200.0
2025-11-17 00:00:00+00:00,36.349998474121094,36.349998474121094,36.349998474121094,36.349998474121094,10113700.0
2025-11-18 00:00:00+00:00,37.529998779296875,37.529998779296875,37.529998779296875,37.529998779296875,17193600.0
2025-11-19 00:00:00+00:00,36.83000183105469,36.83000183105469,36.83000183105469,36.83000183105469,11104200.0
2025-11-20 00:00:00+00:00,39.47999954223633,39.47999954223633,39.47999954223633,39.47999954223633,32809500.0
2025-11-21 00:00:00+00:00,37.31999969482422,37.31999969482422,37.31999969482422,37.31999969482422,23538700.0
2025-11-24 00:00:00+00:00,34.779998779296875,34.779998779296875,34.779998779296875,34.779998779296875,10013400.0
2025-11-25 00:00:00+00:00,33.68000030517578,33.68000030517578,33.68000030517578,33.68000030517578,9886000.0
2025-11-26 00:00:00+00:00,32.77000045776367,32.77000045776367,32.77000045776367,32.77000045776367,7117600.0
2025-11-28 00:00:00+00:00,32.099998474121094,32.099998474121094,32.099998474121094,32.099998474121094,4377900.0
2025-12-01 00:00:00+00:00,32.060001373291016,32.060001373291016,32.060001373291016,32.060001373291016,8179300.0
2025-12-02 00:00:00+00:00,31.700000762939453,31.700000762939453,31.700000762939453,31.700000762939453,4374100.0
2025-12-03 00:00:00+00:00,31.420000076293945,31.420000076293945,31.420000076293945,31.420000076293945,5378800.0
2025-12-04 00:00:00+00:00,31.09000015258789,31.09000015258789,31.09000015258789,31.09000015258789,4981800.0
2025-12-05 00:00:00+00:00,30.719999313354492,30.719999313354492,30.719999313354492,30.719999313354492,5045100.0
2025-12-08 00:00:00+00:00,31.079999923706055,31.079999923706055,31.079999923706055,31.079999923706055,5622700.0
2025-12-09 00:00:00+00:00,31.239999771118164,31.239999771118164,31.239999771118164,31.239999771118164,4237000.0
2025-12-10 00:00:00+00:00,30.020000457763672,30.020000457763672,30.020000457763672,30.020000457763672,8398100.0
2025-12-11 00:00:00+00:00,29.479999542236328,29.479999542236328,29.479999542236328,29.479999542236328,7341100.0
2025-12-12 00:00:00+00:00,29.530000686645508,29.530000686645508,29.530000686645508,29.530000686645508,12513400.0
2025-12-15 00:00:00+00:00,29.559999465942383,29.559999465942383,29.559999465942383,29.559999465942383,8595200.0
2025-12-16 00:00:00+00:00,29.530000686645508,29.530000686645508,29.530000686645508,29.530000686645508,10719400.0
2025-12-17 00:00:00+00:00,29.989999771118164,29.989999771118164,29.989999771118164,29.989999771118164,9189300.0
2025-12-18 00:00:00+00:00,28.940000534057617,28.940000534057617,28.940000534057617,28.940000534057617,9015800.0
2025-12-19 00:00:00+00:00,27.860000610351562,27.860000610351562,27.860000610351562,27.860000610351562,6556900.0
2025-12-22 00:00:00+00:00,26.989999771118164,26.989999771118164,26.989999771118164,26.989999771118164,10513700.0
2025-12-23 00:00:00+00:00,27.100000381469727,27.100000381469727,27.100000381469727,27.100000381469727,5799300.0
2025-12-24 00:00:00+00:00,27.059999465942383,27.059999465942383,27.059999465942383,27.059999465942383,3381300.0
2025-12-26 00:00:00+00:00,26.969999313354492,26.969999313354492,26.969999313354492,26.969999313354492,4957800.0
2025-12-29 00:00:00+00:00,26.670000076293945,26.670000076293945,26.670000076293945,26.670000076293945,7684900.0
2025-12-30 00:00:00+00:00,26.280000686645508,26.280000686645508,26.280000686645508,26.280000686645508,6284500.0
2025-12-31 00:00:00+00:00,26.469999313354492,26.469999313354492,26.469999313354492,26.469999313354492,5690500.0
2026-01-02 00:00:00+00:00,26.100000381469727,26.100000381469727,26.100000381469727,26.100000381469727,6190600.0
2026-01-05 00:00:00+00:00,26.3799991607666,26.3799991607666,26.3799991607666,26.3799991607666,5819000.0
2026-01-06 00:00:00+00:00,26.020000457763672,26.020000457763672,26.020000457763672,26.020000457763672,6015900.0
2026-01-07 00:00:00+00:00,26.440000534057617,26.440000534057617,26.440000534057617,26.440000534057617,7639800.0
2026-01-08 00:00:00+00:00,26.25,26.25,26.25,26.25,6358200.0
2026-01-09 00:00:00+00:00,25.75,25.75,25.75,25.75,8010900.0
2026-01-12 00:00:00+00:00,25.84000015258789,25.84000015258789,25.84000015258789,25.84000015258789,6117600.0
2026-01-13 00:00:00+00:00,26.530000686645508,26.530000686645508,26.530000686645508,26.530000686645508,11550900.0
2026-01-14 00:00:00+00:00,27.1299991607666,27.1299991607666,27.1299991607666,27.1299991607666,28125600.0
2026-01-15 00:00:00+00:00,26.31999969482422,26.31999969482422,26.31999969482422,26.31999969482422,10545300.0
2026-01-16 00:00:00+00:00,26.420000076293945,26.420000076293945,26.420000076293945,26.420000076293945,9557200.0
2026-01-20 00:00:00+00:00,29.3799991607666,29.3799991607666,29.3799991607666,29.3799991607666,24210500.0
2026-01-21 00:00:00+00:00,26.760000228881836,26.760000228881836,26.760000228881836,26.760000228881836,22859700.0
2026-01-22 00:00:00+00:00,26.0,26.0,26.0,26.0,8426900.0
2026-01-23 00:00:00+00:00,26.530000686645508,26.530000686645508,26.530000686645508,26.530000686645508,9285000.0
2026-01-26 00:00:00+00:00,26.56999969482422,26.56999969482422,26.56999969482422,26.56999969482422,7703300.0
2026-01-27 00:00:00+00:00,26.940000534057617,26.940000534057617,26.940000534057617,26.940000534057617,5843800.0
2026-01-28 00:00:00+00:00,26.8700008392334,26.8700008392334,26.8700008392334,26.8700008392334,9218100.0
2026-01-29 00:00:00+00:00,27.229999542236328,27.229999542236328,27.229999542236328,27.229999542236328,12094100.0
2026-01-30 00:00:00+00:00,27.5,27.5,27.5,27.5,9084200.0
2026-02-02 00:00:00+00:00,26.1200008392334,26.1200008392334,26.1200008392334,26.1200008392334,7952700.0
2026-02-03 00:00:00+00:00,27.270000457763672,27.270000457763672,27.270000457763672,27.270000457763672,12651700.0
2026-02-04 00:00:00+00:00,27.649999618530273,27.649999618530273,27.649999618530273,27.649999618530273,15820300.0
2026-02-05 00:00:00+00:00,29.350000381469727,29.350000381469727,29.350000381469727,29.350000381469727,17614800.0
2026-02-06 00:00:00+00:00,27.6200008392334,27.6200008392334,27.6200008392334,27.6200008392334,9953100.0
2026-02-09 00:00:00+00:00,26.600000381469727,26.600000381469727,26.600000381469727,26.600000381469727,7463500.0
2026-02-10 00:00:00+00:00,27.170000076293945,27.170000076293945,27.170000076293945,27.170000076293945,7656400.0
2026-02-11 00:00:00+00:00,27.1200008392334,27.1200008392334,27.1200008392334,27.1200008392334,8203800.0
2026-02-12 00:00:00+00:00,28.790000915527344,28.790000915527344,28.790000915527344,28.790000915527344,15055800.0
2026-02-13 00:00:00+00:00,29.25,29.25,29.25,29.25,18748200.0
2026-02-17 00:00:00+00:00,28.270000457763672,28.270000457763672,28.270000457763672,28.270000457763672,15670700.0
2026-02-18 00:00:00+00:00,28.260000228881836,28.260000228881836,28.260000228881836,28.260000228881836,9409400.0
2026-02-19 00:00:00+00:00,28.979999542236328,28.979999542236328,28.979999542236328,28.979999542236328,9434000.0
2026-02-20 00:00:00+00:00,28.3700008392334,28.3700008392334,28.3700008392334,28.3700008392334,13984800.0
2026-02-23 00:00:00+00:00,29.440000534057617,29.440000534057617,29.440000534057617,29.440000534057617,10478400.0
2026-02-24 00:00:00+00:00,28.489999771118164,28.489999771118164,28.489999771118164,28.489999771118164,5821200.0
2026-02-25 00:00:00+00:00,27.3799991607666,27.3799991607666,27.3799991607666,27.3799991607666,5718400.0
2026-02-26 00:00:00+00:00,27.719999313354492,27.719999313354492,27.719999313354492,27.719999313354492,10284700.0
2026-02-27 00:00:00+00:00,28.899999618530273,28.899999618530273,28.899999618530273,28.899999618530273,10343600.0
2026-03-02 00:00:00+00:00,29.260000228881836,29.260000228881836,29.260000228881836,29.260000228881836,12948600.0
2026-03-03 00:00:00+00:00,30.479999542236328,30.479999542236328,30.479999542236328,30.479999542236328,25075000.0
2026-03-04 00:00:00+00:00,29.469999313354492,29.469999313354492,29.469999313354492,29.469999313354492,10336000.0
2026-03-05 00:00:00+00:00,31.3700008392334,31.3700008392334,31.3700008392334,31.3700008392334,17878400.0
2026-03-06 00:00:00+00:00,35.66999816894531,35.66999816894531,35.66999816894531,35.66999816894531,24467800.0
2026-03-09 00:00:00+00:00,32.279998779296875,32.279998779296875,32.279998779296875,32.279998779296875,27264600.0
2026-03-10 00:00:00+00:00,33.709999084472656,33.709999084472656,33.709999084472656,33.709999084472656,15221200.0
2026-03-11 00:00:00+00:00,32.2599983215332,32.2599983215332,32.2599983215332,32.2599983215332,10828300.0
2026-03-12 00:00:00+00:00,34.45000076293945,34.45000076293945,34.45000076293945,34.45000076293945,16725700.0
2026-03-13 00:00:00+00:00,35.099998474121094,35.099998474121094,35.099998474121094,35.099998474121094,14501000.0
2026-03-16 00:00:00+00:00,32.459999084472656,32.459999084472656,32.459999084472656,32.459999084472656,13499400.0
2026-03-17 00:00:00+00:00,31.989999771118164,31.989999771118164,31.989999771118164,31.989999771118164,10365100.0
2026-03-18 00:00:00+00:00,34.68000030517578,34.68000030517578,34.68000030517578,34.68000030517578,15420700.0
2026-03-19 00:00:00+00:00,33.77000045776367,33.77000045776367,33.77000045776367,33.77000045776367,20071200.0
2026-03-20 00:00:00+00:00,35.970001220703125,35.970001220703125,35.970001220703125,35.970001220703125,19075300.0
2026-03-23 00:00:00+00:00,34.33000183105469,34.33000183105469,34.33000183105469,34.33000183105469,17507600.0
2026-03-24 00:00:00+00:00,35.0099983215332,35.0099983215332,35.0099983215332,35.0099983215332,16083100.0
2026-03-25 00:00:00+00:00,34.25,34.25,34.25,34.25,11185600.0
2026-03-26 00:00:00+00:00,36.619998931884766,36.619998931884766,36.619998931884766,36.619998931884766,13237100.0
2026-03-27 00:00:00+00:00,39.40999984741211,39.40999984741211,39.40999984741211,39.40999984741211,16448900.0
2026-03-30 00:00:00+00:00,39.15999984741211,39.15999984741211,39.15999984741211,39.15999984741211,15820700.0
2026-03-31 00:00:00+00:00,35.70000076293945,35.70000076293945,35.70000076293945,35.70000076293945,18398300.0
2026-04-01 00:00:00+00:00,34.72999954223633,34.72999954223633,34.72999954223633,34.72999954223633,15107900.0
2026-04-02 00:00:00+00:00,34.70000076293945,34.70000076293945,34.70000076293945,34.70000076293945,13084500.0
2026-04-06 00:00:00+00:00,33.880001068115234,33.880001068115234,33.880001068115234,33.880001068115234,6897500.0
2026-04-07 00:00:00+00:00,35.02000045776367,35.02000045776367,35.02000045776367,35.02000045776367,16380100.0
2026-04-08 00:00:00+00:00,31.65999984741211,31.65999984741211,31.65999984741211,31.65999984741211,12218300.0
2026-04-09 00:00:00+00:00,30.389999389648438,30.389999389648438,30.389999389648438,30.389999389648438,8156800.0
2026-04-10 00:00:00+00:00,30.770000457763672,30.770000457763672,30.770000457763672,30.770000457763672,5934600.0
2026-04-13 00:00:00+00:00,29.579999923706055,29.579999923706055,29.579999923706055,29.579999923706055,7447100.0
2026-04-14 00:00:00+00:00,29.219999313354492,29.219999313354492,29.219999313354492,29.219999313354492,7636100.0
2026-04-15 00:00:00+00:00,29.329999923706055,29.329999923706055,29.329999923706055,29.329999923706055,5209600.0
2026-04-16 00:00:00+00:00,29.299999237060547,29.299999237060547,29.299999237060547,29.299999237060547,7107400.0
2026-04-17 00:00:00+00:00,28.979999542236328,28.979999542236328,28.979999542236328,28.979999542236328,8326700.0
2026-04-20 00:00:00+00:00,29.329999923706055,29.329999923706055,29.329999923706055,29.329999923706055,7598100.0
2026-04-21 00:00:00+00:00,29.889999389648438,29.889999389648438,29.889999389648438,29.889999389648438,7331500.0
2026-04-22 00:00:00+00:00,29.549999237060547,29.549999237060547,29.549999237060547,29.549999237060547,5285700.0
2026-04-23 00:00:00+00:00,29.5,29.5,29.5,29.5,11414500.0
2026-04-24 00:00:00+00:00,29.790000915527344,29.790000915527344,29.790000915527344,29.790000915527344,8311300.0
2026-04-27 00:00:00+00:00,28.889999389648438,28.889999389648438,28.889999389648438,28.889999389648438,5219400.0
2026-04-28 00:00:00+00:00,28.329999923706055,28.329999923706055,28.329999923706055,28.329999923706055,7146900.0
2026-04-29 00:00:00+00:00,29.020000457763672,29.020000457763672,29.020000457763672,29.020000457763672,5929300.0
2026-04-30 00:00:00+00:00,28.190000534057617,28.190000534057617,28.190000534057617,28.190000534057617,6203000.0
2026-05-01 00:00:00+00:00,28.399999618530273,28.399999618530273,28.399999618530273,28.399999618530273,4758000.0
2026-05-04 00:00:00+00:00,28.670000076293945,28.670000076293945,28.670000076293945,28.670000076293945,8944200.0
2026-05-05 00:00:00+00:00,28.709999084472656,28.709999084472656,28.709999084472656,28.709999084472656,6213400.0
2026-05-06 00:00:00+00:00,28.06999969482422,28.06999969482422,28.06999969482422,28.06999969482422,7180900.0
2026-05-07 00:00:00+00:00,27.899999618530273,27.899999618530273,27.899999618530273,27.899999618530273,6985000.0
2026-05-08 00:00:00+00:00,28.059999465942383,28.059999465942383,28.059999465942383,28.059999465942383,9358600.0
2026-05-11 00:00:00+00:00,28.469999313354492,28.469999313354492,28.469999313354492,28.469999313354492,8584800.0
2026-05-12 00:00:00+00:00,27.780000686645508,27.780000686645508,27.780000686645508,27.780000686645508,10633200.0
2026-05-13 00:00:00+00:00,28.3700008392334,28.3700008392334,28.3700008392334,28.3700008392334,9096800.0
2026-05-14 00:00:00+00:00,27.649999618530273,27.649999618530273,27.649999618530273,27.649999618530273,8580700.0
2026-05-15 00:00:00+00:00,27.8700008392334,27.8700008392334,27.8700008392334,27.8700008392334,12612800.0
2026-05-18 00:00:00+00:00,27.200000762939453,27.200000762939453,27.200000762939453,27.200000762939453,12364600.0
2026-05-19 00:00:00+00:00,27.579999923706055,27.579999923706055,27.579999923706055,27.579999923706055,8610800.0
2026-05-20 00:00:00+00:00,27.0,27.0,27.0,27.0,8836100.0
2026-05-21 00:00:00+00:00,26.209999084472656,26.209999084472656,26.209999084472656,26.209999084472656,10815900.0
2026-05-22 00:00:00+00:00,26.420000076293945,26.420000076293945,26.420000076293945,26.420000076293945,7981600.0
2026-05-26 00:00:00+00:00,25.639999389648438,25.639999389648438,25.639999389648438,25.639999389648438,9868600.0
2026-05-27 00:00:00+00:00,25.020000457763672,25.020000457763672,25.020000457763672,25.020000457763672,5822500.0
2026-05-28 00:00:00+00:00,24.559999465942383,24.559999465942383,24.559999465942383,24.559999465942383,6764300.0
2026-05-29 00:00:00+00:00,24.139999389648438,24.139999389648438,24.139999389648438,24.139999389648438,7298600.0
2026-06-01 00:00:00+00:00,24.780000686645508,24.780000686645508,24.780000686645508,24.780000686645508,11524000.0
2026-06-02 00:00:00+00:00,24.3700008392334,24.3700008392334,24.3700008392334,24.3700008392334,8933200.0
2026-06-03 00:00:00+00:00,24.309999465942383,24.309999465942383,24.309999465942383,24.309999465942383,8751400.0
2026-06-04 00:00:00+00:00,23.5,23.5,23.5,23.5,9405000.0
2026-06-05 00:00:00+00:00,25.209999084472656,25.209999084472656,25.209999084472656,25.209999084472656,19384300.0
2026-06-08 00:00:00+00:00,24.760000228881836,24.760000228881836,24.760000228881836,24.760000228881836,7691600.0
2026-06-09 00:00:00+00:00,25.170000076293945,25.170000076293945,25.170000076293945,25.170000076293945,16594100.0
2026-06-10 00:00:00+00:00,26.600000381469727,26.600000381469727,26.600000381469727,26.600000381469727,11408800.0
2026-06-11 00:00:00+00:00,25.31999969482422,25.31999969482422,25.31999969482422,25.31999969482422,14304600.0
2026-06-12 00:00:00+00:00,24.200000762939453,24.200000762939453,24.200000762939453,24.200000762939453,8748369.0
