time,open,high,low,close,volume
2020-09-23 00:00:00+00:00,3.93,4.6092,3.3778,3.5136,57783882.5364
2020-09-24 00:00:00+00:00,3.5123,4.86,3.4171,4.6133,52652127.9493
2020-09-25 00:00:00+00:00,4.6129,5.0295,4.189,4.6867,54781116.7189
2020-09-26 00:00:00+00:00,4.6892,4.8025,4.3459,4.5203,31539237.6436
2020-09-27 00:00:00+00:00,4.5244,4.7,4.0976,4.6391,26364401.8666
2020-09-28 00:00:00+00:00,4.6383,4.687,4.15,4.1955,24187083.3222
2020-09-29 00:00:00+00:00,4.195,4.2786,3.95,4.1314,21310800.3766
2020-09-30 00:00:00+00:00,4.1334,4.3976,3.99,4.321,23592804.2131
2020-10-01 00:00:00+00:00,4.3246,4.5269,4.0,4.1477,26818734.9518
2020-10-02 00:00:00+00:00,4.1471,4.2137,3.6414,3.8972,34606557.0588
2020-10-03 00:00:00+00:00,3.8952,4.1864,3.8554,4.0169,21083943.0344
2020-10-04 00:00:00+00:00,4.0102,4.0691,3.8143,3.9608,20731884.1484
2020-10-05 00:00:00+00:00,3.956,4.0456,3.8675,3.976,18539976.2725
2020-10-06 00:00:00+00:00,3.978,3.9928,3.48,3.5338,22639016.9881
2020-10-07 00:00:00+00:00,3.536,3.5397,3.1893,3.4413,22359156.056
2020-10-08 00:00:00+00:00,3.4445,3.9534,3.3088,3.9034,25644568.4936
2020-10-09 00:00:00+00:00,3.9024,4.3209,3.7964,4.2356,22550807.3011
2020-10-10 00:00:00+00:00,4.2327,4.2689,3.9765,4.0142,20558433.9991
2020-10-11 00:00:00+00:00,4.0143,4.1896,3.9279,4.0924,19442846.2136
2020-10-12 00:00:00+00:00,4.0917,4.6939,4.0503,4.4123,26795547.7172
2020-10-13 00:00:00+00:00,4.4137,4.5481,4.3252,4.4774,19039215.4851
2020-10-14 00:00:00+00:00,4.4785,4.4879,4.0105,4.1513,19457256.6885
2020-10-15 00:00:00+00:00,4.1517,4.2283,3.9922,4.1266,15075134.2366
2020-10-16 00:00:00+00:00,4.1262,4.1368,3.8578,4.0281,18158244.6281
2020-10-17 00:00:00+00:00,4.0324,4.2024,3.9559,4.189,15970612.4026
2020-10-18 00:00:00+00:00,4.1927,4.2464,4.072,4.1186,14093987.6692
2020-10-19 00:00:00+00:00,4.1197,4.1689,3.982,4.0401,14903699.3391
2020-10-20 00:00:00+00:00,4.0397,4.0787,3.6789,3.7938,17626636.1943
2020-10-21 00:00:00+00:00,3.7909,4.0958,3.7724,3.9601,17838001.7101
2020-10-22 00:00:00+00:00,3.9612,4.4853,3.9608,4.3346,20407703.0373
2020-10-23 00:00:00+00:00,4.3336,4.4724,4.1338,4.2541,17242850.4525
2020-10-24 00:00:00+00:00,4.2538,4.36,4.1586,4.1815,14304796.0938
2020-10-25 00:00:00+00:00,4.1802,4.2548,4.1021,4.1429,14748234.5728
2020-10-26 00:00:00+00:00,4.1422,4.4907,4.026,4.142,22743174.8692
2020-10-27 00:00:00+00:00,4.1419,4.3497,4.0302,4.1245,18052257.6016
2020-10-28 00:00:00+00:00,4.1229,4.182,3.9213,4.0505,17055188.2543
2020-10-29 00:00:00+00:00,4.0504,4.1074,3.7272,3.7776,17666200.5993
2020-10-30 00:00:00+00:00,3.7767,3.826,3.5757,3.716,19124118.3985
2020-10-31 00:00:00+00:00,3.7215,3.7619,3.5811,3.6403,15197053.2682
2020-11-01 00:00:00+00:00,3.64,3.7118,3.5433,3.6866,13557392.6508
2020-11-02 00:00:00+00:00,3.6891,3.8747,3.6026,3.6079,16380289.1856
2020-11-03 00:00:00+00:00,3.607,3.649,3.2485,3.3318,16005200.4507
2020-11-04 00:00:00+00:00,3.3335,3.3802,2.996,3.1748,16364221.3332
2020-11-05 00:00:00+00:00,3.1757,3.3925,3.0121,3.337,18466713.6012
2020-11-06 00:00:00+00:00,3.3389,3.6757,3.3213,3.5966,24498636.7179
2020-11-07 00:00:00+00:00,3.5998,3.92,3.3534,3.4209,26298931.8399
2020-11-08 00:00:00+00:00,3.4226,3.676,3.3615,3.475,19455271.4644
2020-11-09 00:00:00+00:00,3.4731,3.5424,3.2632,3.4189,20585121.0131
2020-11-10 00:00:00+00:00,3.421,3.6396,3.3735,3.5736,18595387.3506
2020-11-11 00:00:00+00:00,3.5754,3.8193,3.4575,3.4865,18747564.6295
2020-11-12 00:00:00+00:00,3.4865,3.5746,3.3142,3.4219,18231891.3739
2020-11-13 00:00:00+00:00,3.4255,3.7041,3.3894,3.6781,20029740.0561
2020-11-14 00:00:00+00:00,3.6836,3.7026,3.3926,3.4863,19407801.6018
2020-11-15 00:00:00+00:00,3.4887,3.6441,3.4035,3.5424,18313550.419
2020-11-16 00:00:00+00:00,3.5411,3.8212,3.4547,3.7074,22609487.9502
2020-11-17 00:00:00+00:00,3.7029,3.935,3.6916,3.8463,22214907.8922
2020-11-18 00:00:00+00:00,3.8482,3.8736,3.5046,3.7491,23667315.8117
2020-11-19 00:00:00+00:00,3.7518,3.8324,3.5531,3.6398,21109203.8407
2020-11-20 00:00:00+00:00,3.6431,4.0179,3.6224,3.7217,23755582.6673
2020-11-21 00:00:00+00:00,3.7184,4.1135,3.6717,4.0412,26146605.4358
2020-11-22 00:00:00+00:00,4.0444,4.0776,3.7102,3.9028,25829928.0535
2020-11-23 00:00:00+00:00,3.9061,4.2633,3.8561,4.0805,25854389.1139
2020-11-24 00:00:00+00:00,4.0833,4.348,3.8576,4.2712,29263995.3899
2020-11-25 00:00:00+00:00,4.2666,4.4149,3.9042,4.0444,27113656.9046
2020-11-26 00:00:00+00:00,4.0422,4.0898,3.2859,3.5386,30859276.3582
2020-11-27 00:00:00+00:00,3.541,3.7621,3.4235,3.5851,21116632.6656
2020-11-28 00:00:00+00:00,3.5855,3.702,3.4684,3.6317,16158309.887
2020-11-29 00:00:00+00:00,3.63,3.7665,3.5342,3.7037,15426087.8619
2020-11-30 00:00:00+00:00,3.7047,3.8265,3.6418,3.7075,16420765.9759
2020-12-01 00:00:00+00:00,3.7082,3.8241,3.4515,3.5574,21949702.7653
2020-12-02 00:00:00+00:00,3.553,3.8533,3.5005,3.7354,19151513.4491
2020-12-03 00:00:00+00:00,3.7344,3.901,3.7116,3.8171,16758362.9428
2020-12-04 00:00:00+00:00,3.8144,3.866,3.5071,3.5359,16455173.5199
2020-12-05 00:00:00+00:00,3.5331,3.718,3.4992,3.6408,14808897.963
2020-12-06 00:00:00+00:00,3.6408,3.6772,3.4997,3.5984,13899725.4123
2020-12-07 00:00:00+00:00,3.5998,3.6074,3.3198,3.3765,15581972.5869
2020-12-08 00:00:00+00:00,3.375,3.378,3.0701,3.1113,23253745.7044
2020-12-09 00:00:00+00:00,3.1096,3.4039,2.7881,3.2588,26937843.5539
2020-12-10 00:00:00+00:00,3.2566,3.3538,3.066,3.1474,25544293.3122
2020-12-11 00:00:00+00:00,3.148,3.3078,3.0102,3.2383,20846045.486
2020-12-12 00:00:00+00:00,3.2392,3.45,3.238,3.3375,20047643.587
2020-12-13 00:00:00+00:00,3.3356,3.4201,3.2849,3.3445,17449435.0161
2020-12-14 00:00:00+00:00,3.3432,3.3455,3.1396,3.1491,17361829.6136
2020-12-15 00:00:00+00:00,3.1515,3.3749,3.0648,3.3012,15591308.3996
2020-12-16 00:00:00+00:00,3.3012,3.3758,3.1501,3.3461,16238513.9048
2020-12-17 00:00:00+00:00,3.3482,3.3797,3.1866,3.2177,19981743.3771
2020-12-18 00:00:00+00:00,3.2168,3.48,3.1463,3.4123,17207264.0163
2020-12-19 00:00:00+00:00,3.4147,3.6127,3.3846,3.466,15129100.8458
2020-12-20 00:00:00+00:00,3.4663,3.4991,3.2801,3.3144,13772763.2857
2020-12-21 00:00:00+00:00,3.3114,3.3608,3.0266,3.0923,17382677.3309
2020-12-22 00:00:00+00:00,3.0909,3.136,2.923,3.0735,14529878.9621
2020-12-23 00:00:00+00:00,3.0726,3.6024,2.7583,2.9529,31589216.1051
2020-12-24 00:00:00+00:00,2.9535,3.1186,2.7843,3.1062,19997195.4852
2020-12-25 00:00:00+00:00,3.1064,3.135,2.8469,2.9534,16429743.709
2020-12-26 00:00:00+00:00,2.9522,3.0024,2.8475,2.9265,12430176.5322
2020-12-27 00:00:00+00:00,2.9236,3.0809,2.842,2.91,15663999.4286
2020-12-28 00:00:00+00:00,2.9115,3.05,2.8721,2.9646,16282867.9774
2020-12-29 00:00:00+00:00,2.964,3.0212,2.8356,2.9253,16575249.9696
2020-12-30 00:00:00+00:00,2.9261,2.9519,2.8356,2.9166,12988140.3001
2020-12-31 00:00:00+00:00,2.9172,3.2901,2.78,3.1926,15448461.7855
2021-01-01 00:00:00+00:00,3.1894,3.8455,3.0479,3.6541,53560198.8572
2021-01-02 00:00:00+00:00,3.6565,3.945,3.2954,3.505,33521411.6586
2021-01-03 00:00:00+00:00,3.5046,3.8508,3.4002,3.4907,29379310.5075
2021-01-04 00:00:00+00:00,3.4927,3.8861,3.2,3.6036,34981621.2964
2021-01-05 00:00:00+00:00,3.6034,4.3703,3.4648,4.2626,50248622.1374
2021-01-06 00:00:00+00:00,4.2632,4.9949,4.1491,4.5808,42939225.7344
2021-01-07 00:00:00+00:00,4.5808,4.8294,4.1735,4.4722,31804162.2408
2021-01-08 00:00:00+00:00,4.4765,5.8591,4.03,5.7084,65782908.0861
2021-01-09 00:00:00+00:00,5.6965,7.4707,5.5763,7.1895,86737415.823
2021-01-10 00:00:00+00:00,7.1915,7.509,6.151,6.5449,54043694.3064
2021-01-11 00:00:00+00:00,6.5428,6.9974,5.6944,6.4571,56938532.6232
2021-01-12 00:00:00+00:00,6.4587,8.2125,6.3814,7.7118,83070958.5721
2021-01-13 00:00:00+00:00,7.7083,8.4953,7.1157,8.4617,61483830.5583
2021-01-14 00:00:00+00:00,8.4608,9.6014,8.202,9.3204,78331718.5714
2021-01-15 00:00:00+00:00,9.3284,9.9147,8.5623,9.3586,72095380.7619
2021-01-16 00:00:00+00:00,9.3597,13.6592,9.1269,12.7952,131303101.2803
2021-01-17 00:00:00+00:00,12.7817,14.71,12.3,13.1289,150729041.841
2021-01-18 00:00:00+00:00,13.1177,13.8446,12.5001,12.6751,74890202.3435
2021-01-19 00:00:00+00:00,12.6709,13.3783,11.5493,11.7022,72707554.1643
2021-01-20 00:00:00+00:00,11.7,13.0461,11.0001,12.3692,69841453.1344
2021-01-21 00:00:00+00:00,12.3723,12.9712,11.03,11.2759,70592484.5686
2021-01-22 00:00:00+00:00,11.2633,13.3849,10.6259,12.7114,90047664.4555
2021-01-23 00:00:00+00:00,12.7217,13.4883,12.499,12.8923,78812833.0668
2021-01-24 00:00:00+00:00,12.8864,13.1916,12.1253,12.4682,62146726.4069
2021-01-25 00:00:00+00:00,12.4683,12.9238,12.023,12.1388,51409762.6201
2021-01-26 00:00:00+00:00,12.132,12.6994,11.3217,12.1862,57805923.5831
2021-01-27 00:00:00+00:00,12.1784,12.1888,10.7487,11.1092,53883226.3399
2021-01-28 00:00:00+00:00,11.0982,12.7494,10.7474,11.9178,61818984.774
2021-01-29 00:00:00+00:00,11.915,12.6302,11.2054,11.5976,65383447.3913
2021-01-30 00:00:00+00:00,11.5878,12.6498,11.2229,12.0375,57460384.6252
2021-01-31 00:00:00+00:00,12.0268,15.3716,11.8195,13.4644,116250700.0227
2021-02-01 00:00:00+00:00,13.477,13.5681,12.5,13.2448,68929538.6516
2021-02-02 00:00:00+00:00,13.2359,13.7104,12.75,13.4628,57873445.1204
2021-02-03 00:00:00+00:00,13.4573,14.9704,13.19,14.8534,71739574.6659
2021-02-04 00:00:00+00:00,14.8589,15.9105,13.8453,15.29,86832868.3558
2021-02-05 00:00:00+00:00,15.29,18.0348,15.1286,17.8632,89130621.331
2021-02-06 00:00:00+00:00,17.8663,18.6521,15.6618,18.119,93878918.2448
2021-02-07 00:00:00+00:00,18.1152,24.4766,17.9201,23.7402,195932500.8283
2021-02-08 00:00:00+00:00,23.7402,33.8769,23.5208,30.1671,283426150.0697
2021-02-09 00:00:00+00:00,30.1757,33.2586,27.51,31.9082,187995657.4278
2021-02-10 00:00:00+00:00,31.9082,60.6595,31.4158,54.9172,628842416.5992
2021-02-11 00:00:00+00:00,54.8184,56.8888,42.5849,47.5001,406476394.3456
2021-02-12 00:00:00+00:00,47.5001,54.7,43.6699,48.4247,333134909.4997
2021-02-13 00:00:00+00:00,48.4208,52.26,43.4426,44.2039,265176828.1768
2021-02-14 00:00:00+00:00,44.2771,45.9415,38.0,39.2,294085443.3407
2021-02-15 00:00:00+00:00,39.1981,44.2897,32.0,38.1642,305463381.7107
2021-02-16 00:00:00+00:00,38.1642,39.5483,35.0,36.6762,236117853.6588
2021-02-17 00:00:00+00:00,36.678,41.8866,34.1,37.1984,249321608.3771
2021-02-18 00:00:00+00:00,37.1821,44.0619,36.2223,41.1329,279771624.1149
2021-02-19 00:00:00+00:00,41.1293,41.4999,37.5182,38.8859,219290103.2855
2021-02-20 00:00:00+00:00,38.9146,43.1,31.4357,36.0081,277845376.7008
2021-02-21 00:00:00+00:00,35.9943,38.1507,34.8851,36.2344,190834121.1531
2021-02-22 00:00:00+00:00,36.2392,36.34,24.3366,32.2924,219844052.8738
2021-02-23 00:00:00+00:00,32.1916,32.4821,22.4171,27.5483,188381767.4698
2021-02-24 00:00:00+00:00,27.5565,31.98,25.1929,29.6555,192026204.3918
2021-02-25 00:00:00+00:00,29.6534,32.1873,26.3417,26.7276,176252141.1689
2021-02-26 00:00:00+00:00,26.685,27.993,24.8608,25.9372,141503890.6724
2021-02-27 00:00:00+00:00,25.9721,27.3941,24.8742,25.677,131413025.0555
2021-02-28 00:00:00+00:00,25.6585,25.8503,22.1,23.925,122338782.8746
2021-03-01 00:00:00+00:00,23.9361,27.8482,23.5273,27.4816,142364110.5302
2021-03-02 00:00:00+00:00,27.4891,31.856,25.866,27.1118,223245866.9391
2021-03-03 00:00:00+00:00,27.1369,29.5608,26.5439,27.2227,174524555.3058
2021-03-04 00:00:00+00:00,27.2197,28.8871,24.238,25.7677,159868624.2921
2021-03-05 00:00:00+00:00,25.764,25.7909,23.5,24.2636,124353020.1287
2021-03-06 00:00:00+00:00,24.2808,25.535,23.8451,24.9377,111234103.7046
2021-03-07 00:00:00+00:00,24.9483,28.045,24.9483,26.7401,164275790.4638
2021-03-08 00:00:00+00:00,26.7374,27.1676,25.168,25.63,155116884.314
2021-03-09 00:00:00+00:00,25.6374,34.85,23.8401,34.3501,401144265.0159
2021-03-10 00:00:00+00:00,34.35,35.8785,28.5695,29.6156,391972254.2172
2021-03-11 00:00:00+00:00,29.6292,32.9715,28.4502,30.8663,283397870.5071
2021-03-12 00:00:00+00:00,30.8642,31.6879,26.73,28.0242,243050223.0381
2021-03-13 00:00:00+00:00,28.0307,33.2922,26.85,30.9576,248973014.7495
2021-03-14 00:00:00+00:00,30.9704,32.4159,28.8123,28.8123,216449162.794
2021-03-15 00:00:00+00:00,28.8147,30.6783,26.92,28.9611,224642866.2034
2021-03-16 00:00:00+00:00,28.9484,33.3001,27.5613,33.0058,258018701.845
2021-03-17 00:00:00+00:00,33.0308,34.1075,30.684,32.7399,257870119.5087
2021-03-18 00:00:00+00:00,32.7263,35.7727,31.8932,33.2432,287457526.3082
2021-03-19 00:00:00+00:00,33.2499,38.5075,31.2757,37.3661,368326627.2584
2021-03-20 00:00:00+00:00,37.3501,39.4065,34.2,34.231,252325893.4513
2021-03-21 00:00:00+00:00,34.2453,35.4897,32.0208,32.8665,239293617.7947
2021-03-22 00:00:00+00:00,32.8668,33.6978,28.2,29.193,229606721.8525
2021-03-23 00:00:00+00:00,29.1945,30.9656,28.1,28.4859,204315664.7157
2021-03-24 00:00:00+00:00,28.4885,30.5649,24.45,25.8228,229627678.8483
2021-03-25 00:00:00+00:00,25.8078,27.5561,24.3,25.8246,195303906.3008
2021-03-26 00:00:00+00:00,25.8219,28.9184,25.8074,28.2868,183707463.8945
2021-03-27 00:00:00+00:00,28.2826,28.68,26.8549,27.6364,170282214.2795
2021-03-28 00:00:00+00:00,27.6376,29.6279,27.25,28.7914,180108390.2685
2021-03-29 00:00:00+00:00,28.7961,30.4297,28.2746,29.6,182701804.4907
2021-03-30 00:00:00+00:00,29.6053,30.9199,29.045,29.6998,167012498.2719
2021-03-31 00:00:00+00:00,29.6949,30.0669,25.7487,28.8004,175805334.7756
2021-04-01 00:00:00+00:00,28.8117,29.4582,27.8124,28.3045,127076540.4423
2021-04-02 00:00:00+00:00,28.3112,29.6847,28.0,29.1181,130521722.9632
2021-04-03 00:00:00+00:00,29.1313,32.9799,27.8,28.177,286165657.4033
2021-04-04 00:00:00+00:00,28.177,29.9709,27.4438,29.2138,142058941.237
2021-04-05 00:00:00+00:00,29.2263,33.1386,28.573,31.355,291547344.8721
2021-04-06 00:00:00+00:00,31.355,34.6674,29.8842,31.5321,305399131.0494
2021-04-07 00:00:00+00:00,31.54,32.8016,28.6,29.5754,235283366.3092
2021-04-08 00:00:00+00:00,29.5689,31.7489,29.2607,30.7944,155319272.849
2021-04-09 00:00:00+00:00,30.7943,32.4921,30.3659,31.5737,183853863.6799
2021-04-10 00:00:00+00:00,31.57,34.0,30.88,31.8805,272922661.7736
2021-04-11 00:00:00+00:00,31.8967,32.4474,31.0168,31.6214,171598444.1195
2021-04-12 00:00:00+00:00,31.6352,35.7,31.338,33.9088,305688619.5285
2021-04-13 00:00:00+00:00,33.9117,35.0,31.8645,33.7292,291209275.3088
2021-04-14 00:00:00+00:00,33.7431,39.4511,33.1,38.489,537996394.82
2021-04-15 00:00:00+00:00,38.4891,40.9226,36.3,37.0683,368427083.796
2021-04-16 00:00:00+00:00,37.0818,37.5902,33.0,35.5202,304034591.0016
2021-04-17 00:00:00+00:00,35.5359,37.1,33.5639,33.9586,233490342.6425
2021-04-18 00:00:00+00:00,33.9725,34.3897,19.6974,29.3351,393195805.8885
2021-04-19 00:00:00+00:00,29.3381,30.6744,25.5276,26.1768,269414972.0282
2021-04-20 00:00:00+00:00,26.1784,28.35,23.7501,27.4302,225460175.9646
2021-04-21 00:00:00+00:00,27.4385,28.5385,25.7711,25.8407,191561379.7695
2021-04-22 00:00:00+00:00,25.8408,27.8164,22.8922,23.97,196857418.0677
2021-04-23 00:00:00+00:00,23.9752,24.7163,19.3141,23.5679,223133043.5559
2021-04-24 00:00:00+00:00,23.5701,23.9365,21.4168,21.8333,137648983.0653
2021-04-25 00:00:00+00:00,21.8346,23.7375,20.4168,21.6154,120564429.1123
2021-04-26 00:00:00+00:00,21.6128,26.4936,21.3753,26.408,170604181.9512
2021-04-27 00:00:00+00:00,26.4081,28.0106,25.7069,28.0003,162354061.491
2021-04-28 00:00:00+00:00,27.9921,29.1573,25.8558,28.2819,172355022.89
2021-04-29 00:00:00+00:00,28.2835,29.8,26.6236,27.9664,161735673.8723
2021-04-30 00:00:00+00:00,27.9667,33.0517,27.51,32.8467,221434843.0892
2021-05-01 00:00:00+00:00,32.845,35.7724,31.7484,31.853,253048756.5464
2021-05-02 00:00:00+00:00,31.8531,32.7692,30.4231,31.2878,196995240.0987
2021-05-03 00:00:00+00:00,31.2941,37.4899,31.153,35.9222,338756268.9427
2021-05-04 00:00:00+00:00,35.9229,36.2525,29.8253,30.3941,302180720.6774
2021-05-05 00:00:00+00:00,30.3626,35.722,29.8,35.3226,254643472.5729
2021-05-06 00:00:00+00:00,35.3327,39.4696,34.51,38.103,426957782.9908
2021-05-07 00:00:00+00:00,38.1073,44.0967,36.0017,37.8974,467968808.4522
2021-05-08 00:00:00+00:00,37.887,39.8998,37.1307,38.4214,267277472.9854
2021-05-09 00:00:00+00:00,38.429,39.4488,35.1365,39.025,244833933.8125
2021-05-10 00:00:00+00:00,39.0246,41.9082,29.3968,34.6661,356444399.0068
2021-05-11 00:00:00+00:00,34.6758,37.2753,32.6049,36.78,225551606.6362
2021-05-12 00:00:00+00:00,36.781,41.56,31.494,32.992,359998129.4295
2021-05-13 00:00:00+00:00,33.013,37.256,30.244,35.008,317753550.196
2021-05-14 00:00:00+00:00,34.996,38.058,33.264,37.017,213405766.2852
2021-05-15 00:00:00+00:00,37.022,39.99,34.101,34.528,313161704.1656
2021-05-16 00:00:00+00:00,34.53,39.711,32.5,36.652,309794060.4447
2021-05-17 00:00:00+00:00,36.647,38.077,31.8,33.679,321891272.4802
2021-05-18 00:00:00+00:00,33.655,37.731,33.262,36.966,286856413.5561
2021-05-19 00:00:00+00:00,36.982,38.566,17.0,22.958,370544819.6874
2021-05-20 00:00:00+00:00,22.99,28.132,20.697,25.022,252578237.1384
2021-05-21 00:00:00+00:00,25.019,26.725,18.293,21.775,188796579.953
2021-05-22 00:00:00+00:00,21.775,22.129,18.211,18.746,139064969.898
2021-05-23 00:00:00+00:00,18.749,19.671,12.099,15.583,184031579.7492
2021-05-24 00:00:00+00:00,15.585,20.574,15.031,19.422,166230692.969
2021-05-25 00:00:00+00:00,19.428,20.27,17.037,19.453,131465794.994
2021-05-26 00:00:00+00:00,19.46,21.442,18.925,20.816,137195434.072
2021-05-27 00:00:00+00:00,20.822,21.227,18.745,19.119,110440657.448
2021-05-28 00:00:00+00:00,19.126,19.569,16.002,16.716,113775443.498
2021-05-29 00:00:00+00:00,16.737,17.589,15.138,16.152,90647841.799
2021-05-30 00:00:00+00:00,16.16,17.437,15.068,16.497,81171468.167
2021-05-31 00:00:00+00:00,16.502,18.172,15.642,18.124,83261252.71
2021-06-01 00:00:00+00:00,18.121,18.565,17.054,17.751,83329038.946
2021-06-02 00:00:00+00:00,17.751,19.423,17.123,18.686,96743555.146
2021-06-03 00:00:00+00:00,18.686,20.697,18.22,20.262,106897022.689
2021-06-04 00:00:00+00:00,20.267,20.557,17.406,18.224,98213440.035
2021-06-05 00:00:00+00:00,18.231,19.129,16.838,17.202,100672718.76
2021-06-06 00:00:00+00:00,17.2,17.979,17.043,17.375,73718731.13
2021-06-07 00:00:00+00:00,17.372,18.052,15.276,15.52,111279623.474
2021-06-08 00:00:00+00:00,15.518,16.043,13.6,14.771,117512254.197
2021-06-09 00:00:00+00:00,14.772,15.75,13.616,15.392,115134762.887
2021-06-10 00:00:00+00:00,15.393,15.552,13.698,14.178,86118816.068
2021-06-11 00:00:00+00:00,14.181,14.599,13.117,13.405,78800038.649
2021-06-12 00:00:00+00:00,13.404,13.912,12.611,13.529,75082143.832
2021-06-13 00:00:00+00:00,13.531,14.975,13.228,14.734,86067288.375
2021-06-14 00:00:00+00:00,14.735,15.396,14.36,15.107,74992001.206
2021-06-15 00:00:00+00:00,15.107,15.572,14.59,14.716,60999803.934
2021-06-16 00:00:00+00:00,14.716,14.918,13.9,14.072,59608764.621
2021-06-17 00:00:00+00:00,14.074,15.486,14.009,14.846,78453900.824
2021-06-18 00:00:00+00:00,14.851,15.291,13.088,13.636,65352568.729
2021-06-19 00:00:00+00:00,13.633,14.037,13.191,13.365,42285275.498
2021-06-20 00:00:00+00:00,13.363,14.188,12.765,13.911,47648765.157
2021-06-21 00:00:00+00:00,13.91,14.059,11.041,11.168,77415390.409
2021-06-22 00:00:00+00:00,11.168,11.759,9.32,10.573,88508741.336
2021-06-23 00:00:00+00:00,10.573,11.795,10.117,11.449,66568047.855
2021-06-24 00:00:00+00:00,11.452,11.748,10.802,11.491,44993952.598
2021-06-25 00:00:00+00:00,11.493,11.76,10.172,10.227,50110873.402
2021-06-26 00:00:00+00:00,10.226,10.599,9.772,10.307,42345421.473
2021-06-27 00:00:00+00:00,10.306,10.978,10.07,10.949,30399119.933
2021-06-28 00:00:00+00:00,10.948,11.467,10.719,11.33,36036044.037
2021-06-29 00:00:00+00:00,11.334,12.333,11.078,11.92,47298572.437
2021-06-30 00:00:00+00:00,11.92,12.102,11.03,11.942,49933499.952
2021-07-01 00:00:00+00:00,11.943,12.083,10.961,11.184,36036401.518
2021-07-02 00:00:00+00:00,11.177,11.354,10.555,11.1,37362473.894
2021-07-03 00:00:00+00:00,11.099,11.672,10.859,11.491,24007568.994
2021-07-04 00:00:00+00:00,11.495,12.89,11.192,12.348,42406872.285
2021-07-05 00:00:00+00:00,12.349,12.436,11.51,12.028,51027282.855
2021-07-06 00:00:00+00:00,12.029,14.227,12.011,13.375,90244641.645
2021-07-07 00:00:00+00:00,13.37,14.195,13.027,13.087,73424421.583
2021-07-08 00:00:00+00:00,13.091,13.111,11.823,12.098,63300798.09
2021-07-09 00:00:00+00:00,12.098,12.865,11.613,12.556,59167634.001
2021-07-10 00:00:00+00:00,12.548,12.844,11.817,12.023,39225391.749
2021-07-11 00:00:00+00:00,12.023,12.482,11.906,12.428,27574278.724
2021-07-12 00:00:00+00:00,12.431,12.839,11.7,12.148,44470957.781
2021-07-13 00:00:00+00:00,12.145,12.435,11.737,11.907,42238122.924
2021-07-14 00:00:00+00:00,11.902,12.105,11.08,11.78,45275901.838
2021-07-15 00:00:00+00:00,11.78,12.096,11.119,11.392,36657344.095
2021-07-16 00:00:00+00:00,11.389,11.817,10.784,10.8,39591010.53
2021-07-17 00:00:00+00:00,10.799,11.133,10.697,10.954,29460779.408
2021-07-18 00:00:00+00:00,10.952,11.265,10.629,10.686,26232942.975
2021-07-19 00:00:00+00:00,10.686,10.752,10.014,10.179,23839693.039
2021-07-20 00:00:00+00:00,10.184,10.365,9.306,9.616,30358191.265
2021-07-21 00:00:00+00:00,9.619,10.746,9.454,10.436,39558538.125
2021-07-22 00:00:00+00:00,10.435,10.948,10.226,10.831,30672590.18
2021-07-23 00:00:00+00:00,10.832,11.171,10.522,11.085,25006237.696
2021-07-24 00:00:00+00:00,11.085,11.449,10.95,11.142,29050366.978
2021-07-25 00:00:00+00:00,11.144,11.331,10.755,11.242,24926642.261
2021-07-26 00:00:00+00:00,11.238,12.715,11.202,11.455,82062636.822
2021-07-27 00:00:00+00:00,11.453,12.36,11.172,11.921,46156374.598
2021-07-28 00:00:00+00:00,11.922,12.49,11.683,12.319,60883614.029
2021-07-29 00:00:00+00:00,12.329,12.653,11.961,12.432,53670173.703
2021-07-30 00:00:00+00:00,12.437,13.006,11.927,12.982,52135908.396
2021-07-31 00:00:00+00:00,12.982,13.645,12.583,13.554,48693479.529
2021-08-01 00:00:00+00:00,13.553,14.093,12.615,12.849,69010960.699
2021-08-02 00:00:00+00:00,12.846,13.381,12.624,12.995,49298947.954
2021-08-03 00:00:00+00:00,12.998,13.528,12.322,12.575,50113471.042
2021-08-04 00:00:00+00:00,12.575,13.791,12.411,13.707,40605772.053
2021-08-05 00:00:00+00:00,13.712,13.983,12.871,13.841,53352295.972
2021-08-06 00:00:00+00:00,13.841,15.078,13.403,14.784,68423765.366
2021-08-07 00:00:00+00:00,14.784,15.975,14.578,15.859,88006481.598
2021-08-08 00:00:00+00:00,15.862,16.13,14.574,14.837,68743106.321
2021-08-09 00:00:00+00:00,14.837,16.741,14.424,16.178,107282851.6
2021-08-10 00:00:00+00:00,16.183,17.204,15.812,16.449,92239923.206
2021-08-11 00:00:00+00:00,16.449,17.583,16.398,16.699,92792890.576
2021-08-12 00:00:00+00:00,16.696,17.572,15.465,16.606,84750343.557
2021-08-13 00:00:00+00:00,16.601,18.312,16.402,18.051,91241634.228
2021-08-14 00:00:00+00:00,18.052,18.46,17.188,18.116,86469081.545
2021-08-15 00:00:00+00:00,18.112,18.876,17.056,18.791,74310774.733
2021-08-16 00:00:00+00:00,18.791,21.159,18.47,19.109,165348300.783
2021-08-17 00:00:00+00:00,19.103,25.488,18.436,23.491,557961979.487
2021-08-18 00:00:00+00:00,23.502,30.902,21.45,30.034,945273303.444
2021-08-19 00:00:00+00:00,30.037,33.8,28.796,30.699,1116825474.151
2021-08-20 00:00:00+00:00,30.695,39.38,30.0,39.2,938122991.162
2021-08-21 00:00:00+00:00,39.203,50.604,37.721,43.748,1785715421.3856
2021-08-22 00:00:00+00:00,43.768,45.11,40.559,43.788,955987409.397
2021-08-23 00:00:00+00:00,43.79,53.526,43.712,46.458,1263085940.534
2021-08-24 00:00:00+00:00,46.444,59.0,44.184,55.592,1847097265.775
2021-08-25 00:00:00+00:00,55.594,57.626,45.638,46.314,1351958410.723
2021-08-26 00:00:00+00:00,46.301,48.519,41.008,41.35,1105795302.39
2021-08-27 00:00:00+00:00,41.343,50.499,40.311,50.178,1183830039.394
2021-08-28 00:00:00+00:00,50.191,51.888,46.13,50.296,866436701.984
2021-08-29 00:00:00+00:00,50.3,52.63,46.7,47.451,656232682.644
2021-08-30 00:00:00+00:00,47.453,48.415,40.989,41.476,681196732.541
2021-08-31 00:00:00+00:00,41.471,44.277,37.88,39.545,730096217.372
2021-09-01 00:00:00+00:00,39.549,45.682,38.6,42.565,833109369.797
2021-09-02 00:00:00+00:00,42.562,48.0,41.1,47.604,735330037.161
2021-09-03 00:00:00+00:00,47.616,51.841,44.5,45.96,1285085810.78
2021-09-04 00:00:00+00:00,45.953,49.967,44.114,47.259,906888127.104
2021-09-05 00:00:00+00:00,47.259,49.52,45.5,48.195,783577371.776
2021-09-06 00:00:00+00:00,48.194,51.48,39.046,47.137,1068569240.445
2021-09-07 00:00:00+00:00,47.136,47.26,28.872,37.976,1069776055.912
2021-09-08 00:00:00+00:00,37.987,39.548,32.874,37.053,597219700.305
2021-09-09 00:00:00+00:00,37.053,44.715,36.212,40.782,901296797.666
2021-09-10 00:00:00+00:00,40.782,49.799,40.447,49.376,1781544754.0
2021-09-11 00:00:00+00:00,49.374,59.175,48.147,57.108,2044200146.615
2021-09-12 00:00:00+00:00,57.113,64.857,53.347,59.295,2329717124.328
2021-09-13 00:00:00+00:00,59.3,60.93,47.991,53.142,2106140582.522
2021-09-14 00:00:00+00:00,53.136,57.437,48.755,51.496,993636110.395
2021-09-15 00:00:00+00:00,51.491,58.209,50.283,57.903,825864008.225
2021-09-16 00:00:00+00:00,57.899,68.4,57.25,67.594,2462905978.799
2021-09-17 00:00:00+00:00,67.593,70.937,60.419,70.166,1886786636.297
2021-09-18 00:00:00+00:00,70.182,75.642,67.234,69.087,1868005021.582
2021-09-19 00:00:00+00:00,69.085,76.333,66.537,70.076,1843659799.076
2021-09-20 00:00:00+00:00,70.061,70.439,54.838,57.34,2576605048.786
2021-09-21 00:00:00+00:00,57.33,66.279,52.53,59.048,2665657635.669
2021-09-22 00:00:00+00:00,59.037,74.628,57.672,74.001,2406161266.673
2021-09-23 00:00:00+00:00,74.001,79.6,72.807,76.446,2451292415.596
2021-09-24 00:00:00+00:00,76.448,78.493,66.5,72.292,2017961666.423
2021-09-25 00:00:00+00:00,72.298,72.618,67.454,68.246,920392895.726
2021-09-26 00:00:00+00:00,68.248,71.4,61.55,66.761,1048045168.908
2021-09-27 00:00:00+00:00,66.756,72.78,65.337,66.323,1120235018.9
2021-09-28 00:00:00+00:00,66.323,69.447,61.071,61.492,842535209.353
2021-09-29 00:00:00+00:00,61.486,69.661,61.273,65.474,1230932343.319
2021-09-30 00:00:00+00:00,65.467,68.84,64.156,66.659,828077742.164
2021-10-01 00:00:00+00:00,66.661,69.59,63.1,67.687,962223027.686
2021-10-02 00:00:00+00:00,67.695,73.49,65.704,69.168,917181308.941
2021-10-03 00:00:00+00:00,69.149,71.729,67.547,68.774,762639596.264
2021-10-04 00:00:00+00:00,68.774,68.847,63.123,65.273,714034338.514
2021-10-05 00:00:00+00:00,65.275,66.857,62.637,64.674,492458358.682
2021-10-06 00:00:00+00:00,64.677,65.808,58.1,60.084,662612593.756
2021-10-07 00:00:00+00:00,60.086,62.32,57.415,61.596,688600641.917
2021-10-08 00:00:00+00:00,61.595,65.0,59.738,60.546,597493837.199
2021-10-09 00:00:00+00:00,60.556,62.109,59.702,60.715,282119992.953
2021-10-10 00:00:00+00:00,60.725,61.098,55.087,56.512,336076390.259
2021-10-11 00:00:00+00:00,56.511,59.273,53.704,55.344,432135087.543
2021-10-12 00:00:00+00:00,55.342,55.361,51.03,54.368,604557574.56
2021-10-13 00:00:00+00:00,54.361,57.12,53.237,55.035,514303131.696
2021-10-14 00:00:00+00:00,55.039,58.526,54.956,56.229,423252944.929
2021-10-15 00:00:00+00:00,56.224,57.257,54.5,56.417,425367452.986
2021-10-16 00:00:00+00:00,56.401,62.183,55.737,57.683,640000060.554
2021-10-17 00:00:00+00:00,57.671,58.599,53.2,56.116,341273251.122
2021-10-18 00:00:00+00:00,56.112,56.531,54.151,55.538,224316661.09
2021-10-19 00:00:00+00:00,55.524,58.159,55.188,56.87,305267552.665
2021-10-20 00:00:00+00:00,56.877,61.711,56.76,59.686,414073626.068
2021-10-21 00:00:00+00:00,59.684,64.464,58.789,61.518,800522117.173
2021-10-22 00:00:00+00:00,61.526,68.87,61.404,65.578,1073922370.311
2021-10-23 00:00:00+00:00,65.578,69.23,64.525,65.525,571134766.817
2021-10-24 00:00:00+00:00,65.515,67.666,62.0,64.585,391530953.448
2021-10-25 00:00:00+00:00,64.585,69.95,64.4,69.793,418657108.769
2021-10-26 00:00:00+00:00,69.78,73.077,67.65,68.699,718143556.963
2021-10-27 00:00:00+00:00,68.697,69.831,56.0,61.585,702496023.078
2021-10-28 00:00:00+00:00,61.591,64.99,61.468,64.306,338980949.808
2021-10-29 00:00:00+00:00,64.316,66.242,63.441,64.924,242413537.06
2021-10-30 00:00:00+00:00,64.928,65.039,61.0,62.407,195711073.888
2021-10-31 00:00:00+00:00,62.399,64.531,60.093,64.519,214200922.878
2021-11-01 00:00:00+00:00,64.531,66.906,62.213,64.961,356117154.032
2021-11-02 00:00:00+00:00,64.978,68.088,64.351,67.826,254141835.623
2021-11-03 00:00:00+00:00,67.824,75.652,67.156,75.652,750250193.289
2021-11-04 00:00:00+00:00,75.652,81.128,74.0,78.978,871211407.856
2021-11-05 00:00:00+00:00,78.982,81.112,72.126,74.246,378443750.121
2021-11-06 00:00:00+00:00,74.244,78.799,72.381,78.791,302912172.884
2021-11-07 00:00:00+00:00,78.796,88.978,78.04,87.609,987229474.032
2021-11-08 00:00:00+00:00,87.605,97.0,83.676,91.241,1391713341.096
2021-11-09 00:00:00+00:00,91.232,91.606,87.088,88.405,486532579.583
2021-11-10 00:00:00+00:00,88.421,94.206,78.07,85.189,837735795.863
2021-11-11 00:00:00+00:00,85.15,89.604,83.69,87.916,377941567.176
2021-11-12 00:00:00+00:00,87.919,89.989,81.2,84.855,393331362.946
2021-11-13 00:00:00+00:00,84.822,98.7,84.803,97.675,678045458.296
2021-11-14 00:00:00+00:00,97.677,99.967,91.765,95.406,763556547.605
2021-11-15 00:00:00+00:00,95.425,101.8,92.0,93.922,841611043.211
2021-11-16 00:00:00+00:00,93.909,101.911,82.8,97.898,1371930659.946
2021-11-17 00:00:00+00:00,97.897,109.955,91.584,107.614,1738019768.949
2021-11-18 00:00:00+00:00,107.626,110.42,92.0,100.605,1300705241.551
2021-11-19 00:00:00+00:00,100.691,112.383,95.869,111.947,938021134.915
2021-11-20 00:00:00+00:00,111.944,129.89,111.526,125.937,1442906528.474
2021-11-21 00:00:00+00:00,125.94,148.0,123.288,128.67,2249458286.266
2021-11-22 00:00:00+00:00,128.686,145.1,125.911,134.884,2078288731.116
2021-11-23 00:00:00+00:00,134.884,136.528,122.0,123.937,1077861785.502
2021-11-24 00:00:00+00:00,123.937,124.818,112.883,115.357,1067084612.223
2021-11-25 00:00:00+00:00,115.402,130.014,114.266,119.292,1185208893.45
2021-11-26 00:00:00+00:00,119.283,119.964,101.32,104.376,1148025141.157
2021-11-27 00:00:00+00:00,104.399,118.0,103.289,113.52,679489438.483
2021-11-28 00:00:00+00:00,113.541,113.948,100.5,110.506,800210666.669
2021-11-29 00:00:00+00:00,110.525,120.594,109.15,120.483,670385039.923
2021-11-30 00:00:00+00:00,120.489,124.95,114.002,120.421,1058762061.332
2021-12-01 00:00:00+00:00,120.422,127.402,117.257,119.64,744960817.504
2021-12-02 00:00:00+00:00,119.67,119.76,107.055,107.875,607373658.721
2021-12-03 00:00:00+00:00,107.857,113.129,98.5,108.279,820489487.319
2021-12-04 00:00:00+00:00,108.276,108.75,75.0,92.986,1257651247.259
2021-12-05 00:00:00+00:00,92.995,95.42,82.5,86.315,687326371.531
2021-12-06 00:00:00+00:00,86.329,94.863,77.0,92.883,1053261240.447
2021-12-07 00:00:00+00:00,92.873,96.615,87.97,89.543,656855124.715
2021-12-08 00:00:00+00:00,89.539,93.193,86.118,93.188,415661905.052
2021-12-09 00:00:00+00:00,93.188,94.588,83.274,85.406,505022257.328
2021-12-10 00:00:00+00:00,85.353,91.808,80.247,80.542,617986813.512
2021-12-11 00:00:00+00:00,80.551,86.984,78.669,86.511,411695478.897
2021-12-12 00:00:00+00:00,86.511,88.886,82.908,87.914,307920800.674
2021-12-13 00:00:00+00:00,87.945,89.9,75.511,79.008,715661876.048
2021-12-14 00:00:00+00:00,78.987,87.438,76.269,87.136,556001851.778
2021-12-15 00:00:00+00:00,87.126,105.938,86.001,101.156,2164270665.262
2021-12-16 00:00:00+00:00,101.146,110.024,98.074,98.318,1676994264.103
2021-12-17 00:00:00+00:00,98.315,115.991,98.141,110.747,2152649769.872
2021-12-18 00:00:00+00:00,110.757,117.422,105.459,115.896,1207638088.716
2021-12-19 00:00:00+00:00,115.901,116.718,106.758,107.529,755688370.257
2021-12-20 00:00:00+00:00,107.556,116.368,100.957,113.515,1413948841.974
2021-12-21 00:00:00+00:00,113.515,123.97,110.619,123.154,1310362147.08
2021-12-22 00:00:00+00:00,123.152,127.282,115.5,116.657,977825552.336
2021-12-23 00:00:00+00:00,116.64,125.144,116.188,121.437,811498135.772
2021-12-24 00:00:00+00:00,121.446,124.581,113.082,114.877,766824314.971
2021-12-25 00:00:00+00:00,114.903,116.982,112.0,114.985,559451534.911
2021-12-26 00:00:00+00:00,115.008,117.935,109.186,115.068,604773776.978
2021-12-27 00:00:00+00:00,115.09,120.988,112.986,113.828,616714528.725
2021-12-28 00:00:00+00:00,113.813,116.789,104.27,107.002,1024720753.204
2021-12-29 00:00:00+00:00,107.005,110.568,102.269,103.074,625207287.164
2021-12-30 00:00:00+00:00,103.072,105.453,98.234,101.732,596208062.686
2021-12-31 00:00:00+00:00,101.758,111.999,100.286,109.46,762205187.829
2022-01-01 00:00:00+00:00,109.441,114.533,108.475,114.107,499153543.009
2022-01-02 00:00:00+00:00,114.079,117.545,112.053,113.064,527778496.406
2022-01-03 00:00:00+00:00,113.06,114.197,105.963,108.099,568048717.066
2022-01-04 00:00:00+00:00,108.105,109.276,102.742,103.327,520376879.157
2022-01-05 00:00:00+00:00,103.351,106.624,90.0,97.358,698103884.119
2022-01-06 00:00:00+00:00,97.36,97.955,91.001,95.068,503447168.319
2022-01-07 00:00:00+00:00,95.067,95.456,84.945,86.685,638155049.987
2022-01-08 00:00:00+00:00,86.723,89.684,79.134,83.845,607504425.074
2022-01-09 00:00:00+00:00,83.835,91.765,82.39,89.32,563490724.17
2022-01-10 00:00:00+00:00,89.313,90.929,79.89,84.368,735042991.549
2022-01-11 00:00:00+00:00,84.351,90.887,83.145,89.525,431500558.072
2022-01-12 00:00:00+00:00,89.514,96.841,88.75,95.9,538837591.939
2022-01-13 00:00:00+00:00,95.902,97.25,89.063,89.686,448625990.232
2022-01-14 00:00:00+00:00,89.666,91.756,87.078,90.346,320703563.926
2022-01-15 00:00:00+00:00,90.353,94.408,89.385,92.994,268600059.217
2022-01-16 00:00:00+00:00,92.989,94.876,91.778,92.237,259325574.391
2022-01-17 00:00:00+00:00,92.25,92.525,85.247,86.653,328495091.402
2022-01-18 00:00:00+00:00,86.662,87.38,83.646,85.985,266463693.905
2022-01-19 00:00:00+00:00,85.988,86.369,81.0,82.543,288332813.438
2022-01-20 00:00:00+00:00,82.551,87.73,78.566,79.213,317389561.266
2022-01-21 00:00:00+00:00,79.213,80.342,63.821,66.027,728378777.938
2022-01-22 00:00:00+00:00,66.022,67.523,52.775,59.771,839795590.999
2022-01-23 00:00:00+00:00,59.79,66.766,58.992,64.76,568985762.283
2022-01-24 00:00:00+00:00,64.777,64.787,55.137,62.967,567796402.277
2022-01-25 00:00:00+00:00,62.946,70.49,61.544,67.94,472902096.225
2022-01-26 00:00:00+00:00,67.94,73.45,64.35,65.83,599241359.457
2022-01-27 00:00:00+00:00,65.83,67.87,61.05,64.66,478527940.995
2022-01-28 00:00:00+00:00,64.63,67.47,61.67,66.93,341682688.927
2022-01-29 00:00:00+00:00,66.93,73.69,66.79,71.87,403192018.433
2022-01-30 00:00:00+00:00,71.84,72.33,66.79,67.91,308488397.059
2022-01-31 00:00:00+00:00,67.9,70.61,64.21,69.82,359679845.979
2022-02-01 00:00:00+00:00,69.82,73.84,68.45,73.29,388358683.945
2022-02-02 00:00:00+00:00,73.31,74.85,67.38,67.78,524131892.777
2022-02-03 00:00:00+00:00,67.78,69.19,64.85,68.41,427268277.767
2022-02-04 00:00:00+00:00,68.4,78.09,67.38,77.75,550059528.596
2022-02-05 00:00:00+00:00,77.75,80.95,74.86,76.98,416651828.468
2022-02-06 00:00:00+00:00,76.98,79.21,74.06,78.9,248344364.796
2022-02-07 00:00:00+00:00,78.91,85.34,77.38,83.17,444842795.946
2022-02-08 00:00:00+00:00,83.17,95.71,81.53,86.31,1365342814.728
2022-02-09 00:00:00+00:00,86.31,91.99,84.34,89.96,628996884.332
2022-02-10 00:00:00+00:00,89.98,94.99,85.04,91.15,824215164.715
2022-02-11 00:00:00+00:00,91.15,92.68,79.91,81.71,733035505.123
2022-02-12 00:00:00+00:00,81.72,84.73,78.52,81.26,601678777.185
2022-02-13 00:00:00+00:00,81.26,83.24,77.46,77.87,359525391.899
2022-02-14 00:00:00+00:00,77.88,82.52,76.03,81.81,537862744.513
2022-02-15 00:00:00+00:00,81.8,93.68,81.31,92.96,686930123.107
2022-02-16 00:00:00+00:00,92.96,97.37,91.5,95.25,1236360431.627
2022-02-17 00:00:00+00:00,95.25,98.68,86.28,88.17,1239948907.524
2022-02-18 00:00:00+00:00,88.21,89.94,82.25,83.62,801510494.663
2022-02-19 00:00:00+00:00,83.62,86.29,80.77,84.97,548058306.698
2022-02-20 00:00:00+00:00,84.97,85.72,76.51,77.27,696837070.339
2022-02-21 00:00:00+00:00,77.27,82.67,69.33,69.98,1129691335.565
2022-02-22 00:00:00+00:00,69.97,74.92,67.11,74.36,768149629.794
2022-02-23 00:00:00+00:00,74.36,82.44,73.21,73.41,1135030781.77
2022-02-24 00:00:00+00:00,73.43,79.97,64.36,76.36,1715707358.203
2022-02-25 00:00:00+00:00,76.35,81.94,72.65,80.93,874142796.164
2022-02-26 00:00:00+00:00,80.94,84.92,78.0,81.77,710454105.465
2022-02-27 00:00:00+00:00,81.76,82.29,72.97,74.99,838971483.42
2022-02-28 00:00:00+00:00,75.0,85.88,71.68,84.49,923475665.211
2022-03-01 00:00:00+00:00,84.52,90.86,83.5,86.86,1102845515.081
2022-03-02 00:00:00+00:00,86.86,89.98,82.21,83.29,784829194.136
2022-03-03 00:00:00+00:00,83.3,84.3,77.0,78.42,712616084.083
2022-03-04 00:00:00+00:00,78.42,82.24,74.81,75.74,988117976.734
2022-03-05 00:00:00+00:00,75.73,78.72,73.22,76.63,503756812.946
2022-03-06 00:00:00+00:00,76.63,77.08,72.02,72.45,413652255.672
2022-03-07 00:00:00+00:00,72.48,76.49,70.28,71.64,610774100.412
2022-03-08 00:00:00+00:00,71.65,76.63,71.14,72.94,717522695.939
2022-03-09 00:00:00+00:00,72.95,80.41,72.31,77.58,717105637.595
2022-03-10 00:00:00+00:00,77.57,79.02,71.34,73.89,558763846.374
2022-03-11 00:00:00+00:00,73.89,76.9,70.72,71.18,723766461.189
2022-03-12 00:00:00+00:00,71.17,73.54,70.64,70.87,264970603.098
2022-03-13 00:00:00+00:00,70.88,71.98,67.11,67.9,310204523.501
2022-03-14 00:00:00+00:00,67.88,71.48,65.48,68.92,668927936.098
2022-03-15 00:00:00+00:00,68.93,72.29,66.0,69.8,582397004.665
2022-03-16 00:00:00+00:00,69.79,74.75,68.01,74.06,594078244.422
2022-03-17 00:00:00+00:00,74.05,81.7,73.15,79.38,887454266.11
2022-03-18 00:00:00+00:00,79.37,86.94,76.45,85.72,996211678.339
2022-03-19 00:00:00+00:00,85.72,92.39,85.56,89.53,873924594.967
2022-03-20 00:00:00+00:00,89.52,90.0,84.31,84.82,651539067.781
2022-03-21 00:00:00+00:00,84.82,92.53,83.0,86.21,1042913479.34
2022-03-22 00:00:00+00:00,86.2,89.82,83.57,83.89,776095006.37
2022-03-23 00:00:00+00:00,83.89,87.09,82.0,85.94,701755297.971
2022-03-24 00:00:00+00:00,85.94,88.28,83.56,87.55,720675852.494
2022-03-25 00:00:00+00:00,87.56,87.79,82.25,83.48,598823131.63
2022-03-26 00:00:00+00:00,83.49,86.75,82.37,85.85,391211823.262
2022-03-27 00:00:00+00:00,85.86,90.05,84.32,89.89,441709522.424
2022-03-28 00:00:00+00:00,89.9,96.18,88.58,89.56,1014434461.712
2022-03-29 00:00:00+00:00,89.56,96.5,89.27,92.74,933641333.323
2022-03-30 00:00:00+00:00,92.76,100.59,89.4,95.57,1145666508.044
2022-03-31 00:00:00+00:00,95.6,102.0,93.71,97.46,1323843350.924
2022-04-01 00:00:00+00:00,97.46,99.78,90.22,96.82,1039822006.423
2022-04-02 00:00:00+00:00,96.81,103.66,95.68,96.22,961716176.896
2022-04-03 00:00:00+00:00,96.23,100.11,94.38,98.05,744983969.715
2022-04-04 00:00:00+00:00,98.03,98.11,90.65,96.13,722874920.564
2022-04-05 00:00:00+00:00,96.13,97.68,90.57,90.98,615832632.616
2022-04-06 00:00:00+00:00,91.01,91.04,82.52,82.89,926158042.337
2022-04-07 00:00:00+00:00,82.88,88.57,81.15,87.53,797392701.91
2022-04-08 00:00:00+00:00,87.53,90.61,82.66,83.62,918411417.628
2022-04-09 00:00:00+00:00,83.61,85.53,82.03,84.49,357245611.837
2022-04-10 00:00:00+00:00,84.5,85.63,80.55,80.94,324317494.958
2022-04-11 00:00:00+00:00,80.94,81.48,72.62,74.28,785789955.897
2022-04-12 00:00:00+00:00,74.28,79.45,73.79,76.27,611818277.15
2022-04-13 00:00:00+00:00,76.27,80.64,75.72,80.15,548526598.763
2022-04-14 00:00:00+00:00,80.16,81.85,76.09,76.79,544625335.81
2022-04-15 00:00:00+00:00,76.8,78.49,74.69,77.38,372146149.921
2022-04-16 00:00:00+00:00,77.39,78.24,76.44,77.73,218524421.708
2022-04-17 00:00:00+00:00,77.73,78.69,75.04,75.37,247353918.996
2022-04-18 00:00:00+00:00,75.36,77.93,71.52,77.7,492118101.399
2022-04-19 00:00:00+00:00,77.7,81.05,76.75,80.26,414159967.983
2022-04-20 00:00:00+00:00,80.26,81.31,77.34,78.18,430130531.481
2022-04-21 00:00:00+00:00,78.18,80.14,74.01,74.95,453044134.039
2022-04-22 00:00:00+00:00,74.95,77.16,73.26,73.98,358479896.648
2022-04-23 00:00:00+00:00,73.98,74.38,72.33,72.78,206250809.15
2022-04-24 00:00:00+00:00,72.79,73.45,70.89,71.44,214852631.486
2022-04-25 00:00:00+00:00,71.45,72.97,67.29,72.85,522798548.283
2022-04-26 00:00:00+00:00,72.85,73.15,67.45,68.65,416982995.796
2022-04-27 00:00:00+00:00,68.64,71.96,68.24,69.81,411864339.897
2022-04-28 00:00:00+00:00,69.81,70.72,66.52,67.2,417193897.177
2022-04-29 00:00:00+00:00,67.21,67.96,62.09,63.36,403224811.39
2022-04-30 00:00:00+00:00,63.36,64.64,54.88,56.91,486335981.838
2022-05-01 00:00:00+00:00,56.9,61.11,56.21,58.7,545829198.391
2022-05-02 00:00:00+00:00,58.69,62.41,56.68,60.32,737577307.468
2022-05-03 00:00:00+00:00,60.31,62.5,58.07,59.58,444086040.07
2022-05-04 00:00:00+00:00,59.58,67.63,59.24,67.24,599189754.449
2022-05-05 00:00:00+00:00,67.24,69.45,56.4,58.99,831791530.279
2022-05-06 00:00:00+00:00,58.98,59.35,55.03,56.95,632465178.057
2022-05-07 00:00:00+00:00,56.95,57.49,53.06,55.02,413727051.977
2022-05-08 00:00:00+00:00,55.02,55.47,50.57,51.59,579408896.029
2022-05-09 00:00:00+00:00,51.59,53.05,41.01,41.17,1022789423.606
2022-05-10 00:00:00+00:00,41.17,50.32,39.9,44.53,1079750584.468
2022-05-11 00:00:00+00:00,44.53,46.24,26.0,31.1,1946783692.321
2022-05-12 00:00:00+00:00,31.11,33.95,23.35,30.3,1294568535.162
2022-05-13 00:00:00+00:00,30.3,37.98,29.5,32.18,829399830.649
2022-05-14 00:00:00+00:00,32.18,34.33,29.25,33.91,437012537.358
2022-05-15 00:00:00+00:00,33.92,37.1,31.84,36.52,458125068.075
2022-05-16 00:00:00+00:00,36.51,36.53,31.37,32.52,600332313.067
2022-05-17 00:00:00+00:00,32.53,35.78,32.16,34.37,468500295.512
2022-05-18 00:00:00+00:00,34.37,35.15,29.33,29.57,524538770.668
2022-05-19 00:00:00+00:00,29.57,31.92,27.45,30.36,831534930.956
2022-05-20 00:00:00+00:00,30.36,31.95,27.77,28.76,779308453.802
2022-05-21 00:00:00+00:00,28.75,30.59,28.14,29.87,367765789.217
2022-05-22 00:00:00+00:00,29.87,32.72,28.94,31.69,579749914.536
2022-05-23 00:00:00+00:00,31.69,33.08,28.5,29.04,781343360.51
2022-05-24 00:00:00+00:00,29.04,29.64,26.83,29.05,605196743.27
2022-05-25 00:00:00+00:00,29.04,29.71,27.08,27.22,551973616.52
2022-05-26 00:00:00+00:00,27.22,28.0,22.72,23.4,931225056.51
2022-05-27 00:00:00+00:00,23.4,23.86,21.33,22.55,1100370292.11
2022-05-28 00:00:00+00:00,22.55,25.7,22.16,24.74,811822017.51
2022-05-29 00:00:00+00:00,24.74,27.0,23.7,26.14,1000125610.59
2022-05-30 00:00:00+00:00,26.15,28.47,25.3,27.68,1052986919.53
2022-05-31 00:00:00+00:00,27.68,29.11,25.52,26.41,962432098.8
2022-06-01 00:00:00+00:00,26.41,27.04,23.16,23.68,858163586.89
2022-06-02 00:00:00+00:00,23.67,24.88,22.65,24.62,664202721.26
2022-06-03 00:00:00+00:00,24.63,24.68,22.45,22.98,543302373.7
2022-06-04 00:00:00+00:00,22.98,24.66,22.1,24.56,447041071.27
2022-06-05 00:00:00+00:00,24.55,25.2,23.91,24.16,614789800.52
2022-06-06 00:00:00+00:00,24.17,27.77,24.02,25.97,932140375.46
2022-06-07 00:00:00+00:00,25.98,26.19,23.09,24.58,1081676008.73
2022-06-08 00:00:00+00:00,24.58,25.44,23.71,24.49,477932814.07
2022-06-09 00:00:00+00:00,24.5,25.38,23.7,24.41,390196544.07
2022-06-10 00:00:00+00:00,24.41,24.85,21.88,22.06,472692561.6
2022-06-11 00:00:00+00:00,22.06,23.0,19.62,19.89,565945594.0
2022-06-12 00:00:00+00:00,19.89,20.14,17.21,17.27,793272623.5
2022-06-13 00:00:00+00:00,17.26,17.49,14.56,16.1,1212906203.99
2022-06-14 00:00:00+00:00,16.09,17.28,14.64,16.53,892126172.24
2022-06-15 00:00:00+00:00,16.54,18.47,14.52,18.28,958290393.44
2022-06-16 00:00:00+00:00,18.28,18.7,15.49,15.78,595714333.82
2022-06-17 00:00:00+00:00,15.78,16.72,15.46,15.97,384394338.68
2022-06-18 00:00:00+00:00,15.97,16.3,13.76,14.81,480926029.02
2022-06-19 00:00:00+00:00,14.81,16.42,13.71,16.16,461866019.28
2022-06-20 00:00:00+00:00,16.16,17.86,15.31,17.09,551887290.23
2022-06-21 00:00:00+00:00,17.09,18.49,16.61,16.89,449678319.35
2022-06-22 00:00:00+00:00,16.9,17.4,15.95,16.07,404236635.46
2022-06-23 00:00:00+00:00,16.06,18.4,16.01,18.27,503166986.76
2022-06-24 00:00:00+00:00,18.27,20.94,17.96,20.48,633009205.49
2022-06-25 00:00:00+00:00,20.47,21.68,19.85,21.35,516866707.84
2022-06-26 00:00:00+00:00,21.35,22.07,19.58,19.72,500078422.08
2022-06-27 00:00:00+00:00,19.72,21.39,19.15,19.33,499113944.57
2022-06-28 00:00:00+00:00,19.33,20.52,17.96,18.1,594822911.17
2022-06-29 00:00:00+00:00,18.1,18.67,17.15,17.78,534796450.1
2022-06-30 00:00:00+00:00,17.79,17.8,15.74,16.97,593669714.77
2022-07-01 00:00:00+00:00,16.97,17.65,15.77,16.11,574711153.76
2022-07-02 00:00:00+00:00,16.11,16.61,15.93,16.31,300831453.8
2022-07-03 00:00:00+00:00,16.31,16.91,15.81,16.63,271404541.74
2022-07-04 00:00:00+00:00,16.62,18.06,16.28,17.91,448551721.73
2022-07-05 00:00:00+00:00,17.91,18.65,16.64,18.01,529968107.01
2022-07-06 00:00:00+00:00,18.02,19.48,17.76,19.16,600647587.12
2022-07-07 00:00:00+00:00,19.17,20.61,18.81,20.18,530962510.04
2022-07-08 00:00:00+00:00,20.17,21.15,19.4,19.69,570957399.85
2022-07-09 00:00:00+00:00,19.69,20.26,19.55,19.87,240656520.0
2022-07-10 00:00:00+00:00,19.87,19.97,18.72,19.14,262665968.34
2022-07-11 00:00:00+00:00,19.14,19.16,17.3,17.32,319278683.81
2022-07-12 00:00:00+00:00,17.33,18.05,16.69,16.74,376671859.78
2022-07-13 00:00:00+00:00,16.73,18.94,16.32,18.82,591783594.64
2022-07-14 00:00:00+00:00,18.81,19.98,17.77,19.75,493131277.99
2022-07-15 00:00:00+00:00,19.76,20.31,19.07,19.35,425661378.14
2022-07-16 00:00:00+00:00,19.34,21.5,18.68,21.25,467138398.77
2022-07-17 00:00:00+00:00,21.24,22.1,20.55,20.61,467713616.72
2022-07-18 00:00:00+00:00,20.62,24.37,20.57,23.96,838616613.48
2022-07-19 00:00:00+00:00,23.95,26.3,23.03,24.71,847711580.62
2022-07-20 00:00:00+00:00,24.7,26.38,23.38,23.59,708415294.64
2022-07-21 00:00:00+00:00,23.58,25.45,22.63,24.99,615101950.87
2022-07-22 00:00:00+00:00,24.99,25.55,23.57,23.61,460986263.61
2022-07-23 00:00:00+00:00,23.61,24.65,22.81,23.58,339617306.72
2022-07-24 00:00:00+00:00,23.58,24.48,23.21,23.77,274848697.09
2022-07-25 00:00:00+00:00,23.78,23.84,20.86,20.9,423508071.52
2022-07-26 00:00:00+00:00,20.9,20.97,19.53,20.69,352279713.75
2022-07-27 00:00:00+00:00,20.68,23.49,20.19,23.39,509848947.69
2022-07-28 00:00:00+00:00,23.38,24.7,22.4,24.19,572803619.97
2022-07-29 00:00:00+00:00,24.18,25.38,23.45,24.47,570825699.11
2022-07-30 00:00:00+00:00,24.48,25.83,23.88,24.22,419425889.29
2022-07-31 00:00:00+00:00,24.23,25.24,23.51,23.69,306088068.27
2022-08-01 00:00:00+00:00,23.68,24.32,22.94,23.57,297675658.79
2022-08-02 00:00:00+00:00,23.56,23.97,22.21,22.81,345930800.45
2022-08-03 00:00:00+00:00,22.82,24.19,22.25,23.02,288892448.81
2022-08-04 00:00:00+00:00,23.03,24.01,22.85,23.35,276009883.86
2022-08-05 00:00:00+00:00,23.36,24.99,23.08,24.95,319802110.46
2022-08-06 00:00:00+00:00,24.96,26.98,24.71,26.64,489140609.71
2022-08-07 00:00:00+00:00,26.64,28.5,25.81,27.87,663166341.56
2022-08-08 00:00:00+00:00,27.88,30.89,27.56,27.91,868148206.81
2022-08-09 00:00:00+00:00,27.92,28.79,26.9,27.39,682325913.4
2022-08-10 00:00:00+00:00,27.4,30.29,26.58,29.16,820099595.93
2022-08-11 00:00:00+00:00,29.16,30.1,28.22,28.51,584976371.31
2022-08-12 00:00:00+00:00,28.52,29.44,28.04,29.32,392150284.16
2022-08-13 00:00:00+00:00,29.33,30.37,28.84,29.15,378613837.26
2022-08-14 00:00:00+00:00,29.16,29.84,27.81,28.17,339342010.93
2022-08-15 00:00:00+00:00,28.17,29.28,27.03,27.87,434270336.31
2022-08-16 00:00:00+00:00,27.87,28.41,26.9,27.09,350917092.88
2022-08-17 00:00:00+00:00,27.1,28.21,25.23,25.54,452436717.0
2022-08-18 00:00:00+00:00,25.55,26.27,23.74,24.18,363860012.28
2022-08-19 00:00:00+00:00,24.18,24.41,21.0,22.42,627309074.39
2022-08-20 00:00:00+00:00,22.43,23.07,21.6,22.28,374035988.21
2022-08-21 00:00:00+00:00,22.28,23.57,22.12,22.95,318162058.57
2022-08-22 00:00:00+00:00,22.96,22.99,21.61,22.55,341724892.62
2022-08-23 00:00:00+00:00,22.54,23.74,21.8,23.5,385360420.19
2022-08-24 00:00:00+00:00,23.51,23.63,22.78,22.99,282830879.3
2022-08-25 00:00:00+00:00,22.98,23.65,22.63,22.97,241440982.97
2022-08-26 00:00:00+00:00,22.98,23.22,20.3,20.64,536719582.62
2022-08-27 00:00:00+00:00,20.63,20.87,19.76,20.03,344423003.97
2022-08-28 00:00:00+00:00,20.03,20.45,18.04,18.51,448557598.75
2022-08-29 00:00:00+00:00,18.51,19.46,17.46,19.3,795276334.74
2022-08-30 00:00:00+00:00,19.3,20.64,18.85,19.39,829913143.89
2022-08-31 00:00:00+00:00,19.39,20.07,18.96,19.12,494802803.93
2022-09-01 00:00:00+00:00,19.12,19.46,18.31,19.31,339360786.5
2022-09-02 00:00:00+00:00,19.3,19.65,18.65,18.83,306347646.7
2022-09-03 00:00:00+00:00,18.84,18.99,18.54,18.87,155928328.05
2022-09-04 00:00:00+00:00,18.87,19.15,18.7,19.0,196279495.59
2022-09-05 00:00:00+00:00,19.0,19.49,18.39,19.44,236686970.22
2022-09-06 00:00:00+00:00,19.43,20.49,18.11,18.19,579898737.87
2022-09-07 00:00:00+00:00,18.19,19.29,17.8,18.99,330888361.52
2022-09-08 00:00:00+00:00,18.98,19.16,18.38,19.13,302748454.99
2022-09-09 00:00:00+00:00,19.12,20.83,19.09,20.38,355977938.02
2022-09-10 00:00:00+00:00,20.38,21.18,20.02,20.43,297651703.13
2022-09-11 00:00:00+00:00,20.43,20.95,19.93,20.67,238652491.99
2022-09-12 00:00:00+00:00,20.67,21.89,20.04,21.36,578372664.79
2022-09-13 00:00:00+00:00,21.35,21.79,18.73,18.83,507250131.45
2022-09-14 00:00:00+00:00,18.84,19.3,18.42,19.1,271272638.01
2022-09-15 00:00:00+00:00,19.1,19.36,18.06,18.18,320648789.63
2022-09-16 00:00:00+00:00,18.19,18.3,17.54,18.04,258624310.26
2022-09-17 00:00:00+00:00,18.03,18.57,18.03,18.46,138562306.49
2022-09-18 00:00:00+00:00,18.46,18.74,16.05,16.69,312417630.18
2022-09-19 00:00:00+00:00,16.69,17.36,16.36,17.26,243694153.67
2022-09-20 00:00:00+00:00,17.25,17.4,16.55,16.65,207134626.58
2022-09-21 00:00:00+00:00,16.65,17.93,16.16,16.51,302237842.94
2022-09-22 00:00:00+00:00,16.51,17.87,16.37,17.66,246106917.18
2022-09-23 00:00:00+00:00,17.66,18.23,17.12,17.96,278849277.84
2022-09-24 00:00:00+00:00,17.95,18.19,17.53,17.59,135879321.17
2022-09-25 00:00:00+00:00,17.59,17.87,17.11,17.31,114137320.35
2022-09-26 00:00:00+00:00,17.31,17.58,16.95,17.56,179409621.86
2022-09-27 00:00:00+00:00,17.56,18.47,17.02,17.29,264789196.34
2022-09-28 00:00:00+00:00,17.29,17.44,16.72,17.25,194174442.86
2022-09-29 00:00:00+00:00,17.26,17.39,16.86,17.33,161159249.84
2022-09-30 00:00:00+00:00,17.33,17.73,17.0,17.18,206628156.35
2022-10-01 00:00:00+00:00,17.19,17.3,16.85,16.95,86752350.2
2022-10-02 00:00:00+00:00,16.95,17.16,16.42,16.52,126848491.84
2022-10-03 00:00:00+00:00,16.52,17.3,16.31,17.14,167158659.52
2022-10-04 00:00:00+00:00,17.14,17.54,17.05,17.43,130819761.25
2022-10-05 00:00:00+00:00,17.43,17.47,16.93,17.37,124664741.3
2022-10-06 00:00:00+00:00,17.37,17.67,16.96,17.02,128856063.54
2022-10-07 00:00:00+00:00,17.02,17.15,16.7,16.89,96524673.57
2022-10-08 00:00:00+00:00,16.88,16.99,16.6,16.76,46897850.58
2022-10-09 00:00:00+00:00,16.76,16.99,16.69,16.88,52795455.43
2022-10-10 00:00:00+00:00,16.88,17.24,16.12,16.19,117547315.08
2022-10-11 00:00:00+00:00,16.2,16.31,15.54,15.94,142532427.57
2022-10-12 00:00:00+00:00,15.94,16.15,15.8,15.94,74339896.63
2022-10-13 00:00:00+00:00,15.94,15.98,14.31,15.64,267846259.13
2022-10-14 00:00:00+00:00,15.64,16.4,15.53,15.66,170117779.79
2022-10-15 00:00:00+00:00,15.66,15.76,15.34,15.42,67789958.8
2022-10-16 00:00:00+00:00,15.42,15.87,15.39,15.73,76468760.04
2022-10-17 00:00:00+00:00,15.74,16.27,15.63,16.16,127989318.85
2022-10-18 00:00:00+00:00,16.17,16.35,15.56,15.86,152275731.58
2022-10-19 00:00:00+00:00,15.86,15.92,14.98,15.04,153596007.62
2022-10-20 00:00:00+00:00,15.05,15.44,14.85,15.13,168998191.21
2022-10-21 00:00:00+00:00,15.13,15.74,14.55,15.67,226949128.55
2022-10-22 00:00:00+00:00,15.67,15.93,15.5,15.66,96470684.32
2022-10-23 00:00:00+00:00,15.67,16.42,15.58,16.31,139747987.13
2022-10-24 00:00:00+00:00,16.3,16.49,15.62,15.74,143477190.65
2022-10-25 00:00:00+00:00,15.74,17.1,15.57,16.621,282949697.205
2022-10-26 00:00:00+00:00,16.621,17.349,16.62,16.992,325494957.305
2022-10-27 00:00:00+00:00,16.992,17.5,16.81,16.878,272465403.113
2022-10-28 00:00:00+00:00,16.88,18.39,16.708,18.32,338629834.828
2022-10-29 00:00:00+00:00,18.32,18.888,18.151,18.28,246538035.995
2022-10-30 00:00:00+00:00,18.28,18.824,17.906,18.241,192757309.121
2022-10-31 00:00:00+00:00,18.241,19.798,18.17,19.266,345791025.041
2022-11-01 00:00:00+00:00,19.263,19.528,18.563,18.614,215473500.763
2022-11-02 00:00:00+00:00,18.614,18.758,17.406,17.902,282606350.409
2022-11-03 00:00:00+00:00,17.902,18.867,17.788,18.022,177216697.211
2022-11-04 00:00:00+00:00,18.023,19.689,17.863,19.375,263419991.381
2022-11-05 00:00:00+00:00,19.372,20.6,19.18,19.593,257736305.61
2022-11-06 00:00:00+00:00,19.595,19.747,18.181,18.219,156985999.029
2022-11-07 00:00:00+00:00,18.219,18.847,17.646,18.065,213448440.905
2022-11-08 00:00:00+00:00,18.064,18.142,14.639,15.994,506201079.916
2022-11-09 00:00:00+00:00,15.995,16.14,11.916,12.858,434767315.922
2022-11-10 00:00:00+00:00,12.859,15.941,12.611,15.403,304659552.062
2022-11-11 00:00:00+00:00,15.407,15.45,13.56,14.12,202326150.403
2022-11-12 00:00:00+00:00,14.123,14.138,12.872,13.086,113748056.039
2022-11-13 00:00:00+00:00,13.085,13.35,12.612,13.011,111831198.759
2022-11-14 00:00:00+00:00,13.01,13.594,12.028,13.127,199848962.718
2022-11-15 00:00:00+00:00,13.126,13.996,12.994,13.505,161727146.314
2022-11-16 00:00:00+00:00,13.505,13.712,12.78,13.04,135077710.576
2022-11-17 00:00:00+00:00,13.041,13.34,12.645,12.859,153054771.622
2022-11-18 00:00:00+00:00,12.858,13.284,12.845,12.986,121073648.663
2022-11-19 00:00:00+00:00,12.987,12.988,12.477,12.88,87725725.488
2022-11-20 00:00:00+00:00,12.88,13.133,12.039,12.177,119121417.939
2022-11-21 00:00:00+00:00,12.177,12.188,11.53,11.806,195056222.164
2022-11-22 00:00:00+00:00,11.806,12.386,11.417,12.341,176779722.601
2022-11-23 00:00:00+00:00,12.343,13.053,12.331,13.049,151730983.502
2022-11-24 00:00:00+00:00,13.049,13.392,12.75,12.939,114233968.075
2022-11-25 00:00:00+00:00,12.94,13.027,12.51,12.813,88619077.79
2022-11-26 00:00:00+00:00,12.815,13.23,12.605,12.762,86773404.865
2022-11-27 00:00:00+00:00,12.763,13.25,12.677,12.855,83330489.671
2022-11-28 00:00:00+00:00,12.856,12.981,11.93,12.441,155579516.071
2022-11-29 00:00:00+00:00,12.44,12.723,12.266,12.456,113874342.752
2022-11-30 00:00:00+00:00,12.457,13.189,12.452,13.131,153596614.052
2022-12-01 00:00:00+00:00,13.133,13.312,12.779,12.896,108404142.115
2022-12-02 00:00:00+00:00,12.896,13.657,12.772,13.574,173001374.923
2022-12-03 00:00:00+00:00,13.575,13.9,13.276,13.403,165178160.378
2022-12-04 00:00:00+00:00,13.403,13.94,13.39,13.919,118684994.143
2022-12-05 00:00:00+00:00,13.918,14.347,13.4,13.599,177159012.717
2022-12-06 00:00:00+00:00,13.595,13.687,13.426,13.662,90369449.834
2022-12-07 00:00:00+00:00,13.661,13.693,12.979,13.259,112189649.961
2022-12-08 00:00:00+00:00,13.258,13.514,13.045,13.405,94515527.694
2022-12-09 00:00:00+00:00,13.405,13.616,13.346,13.451,82120607.03
2022-12-10 00:00:00+00:00,13.452,13.6,13.33,13.478,50042608.709
2022-12-11 00:00:00+00:00,13.479,13.496,12.9,12.972,61679265.939
2022-12-12 00:00:00+00:00,12.97,13.052,12.442,12.996,91234958.172
2022-12-13 00:00:00+00:00,12.997,14.434,12.548,13.75,200875110.735
2022-12-14 00:00:00+00:00,13.75,14.185,13.542,13.71,160292879.91
2022-12-15 00:00:00+00:00,13.711,13.895,13.061,13.17,121341686.385
2022-12-16 00:00:00+00:00,13.17,13.29,11.57,11.828,142179969.119
2022-12-17 00:00:00+00:00,11.829,11.99,11.509,11.943,83340752.009
2022-12-18 00:00:00+00:00,11.942,12.024,11.775,11.92,52161514.298
2022-12-19 00:00:00+00:00,11.92,12.093,11.106,11.383,100885971.533
2022-12-20 00:00:00+00:00,11.381,12.046,11.318,11.939,84686343.764
2022-12-21 00:00:00+00:00,11.939,11.985,11.613,11.698,58313083.482
2022-12-22 00:00:00+00:00,11.697,11.872,11.44,11.847,73076327.399
2022-12-23 00:00:00+00:00,11.848,11.883,11.615,11.775,55210607.412
2022-12-24 00:00:00+00:00,11.776,11.826,11.631,11.67,32731115.999
2022-12-25 00:00:00+00:00,11.67,11.728,11.495,11.673,57107671.883
2022-12-26 00:00:00+00:00,11.674,11.77,11.558,11.707,60328649.875
2022-12-27 00:00:00+00:00,11.709,11.798,11.522,11.641,66028192.878
2022-12-28 00:00:00+00:00,11.642,11.672,11.07,11.204,94306657.921
2022-12-29 00:00:00+00:00,11.205,11.222,10.591,10.967,98706915.045
2022-12-30 00:00:00+00:00,10.967,10.975,10.533,10.869,94344365.441
2022-12-31 00:00:00+00:00,10.869,11.074,10.833,10.903,42012187.479
2023-01-01 00:00:00+00:00,10.903,10.931,10.64,10.86,54145823.909
2023-01-02 00:00:00+00:00,10.86,11.301,10.695,11.162,80430503.694
2023-01-03 00:00:00+00:00,11.162,11.551,11.058,11.377,106394083.073
2023-01-04 00:00:00+00:00,11.377,12.286,11.34,12.072,159128294.034
2023-01-05 00:00:00+00:00,12.073,12.173,11.645,11.743,91214783.872
2023-01-06 00:00:00+00:00,11.743,11.818,11.305,11.772,100878799.353
2023-01-07 00:00:00+00:00,11.773,11.866,11.644,11.74,42637739.645
2023-01-08 00:00:00+00:00,11.74,12.15,11.577,12.086,72134241.864
2023-01-09 00:00:00+00:00,12.087,12.651,12.07,12.178,201731439.078
2023-01-10 00:00:00+00:00,12.179,12.95,12.006,12.73,166021660.772
2023-01-11 00:00:00+00:00,12.729,16.056,12.239,15.838,934331710.416
2023-01-12 00:00:00+00:00,15.841,16.534,14.444,15.446,1400255100.983
2023-01-13 00:00:00+00:00,15.446,16.6,14.947,15.956,623842589.992
2023-01-14 00:00:00+00:00,15.956,18.58,15.71,16.941,752388998.828
2023-01-15 00:00:00+00:00,16.945,17.1,16.02,16.817,361862063.903
2023-01-16 00:00:00+00:00,16.817,17.372,16.0,16.762,304860265.795
2023-01-17 00:00:00+00:00,16.762,18.23,16.521,17.131,428546340.028
2023-01-18 00:00:00+00:00,17.132,17.42,15.373,15.823,360886127.414
2023-01-19 00:00:00+00:00,15.819,16.314,15.708,16.179,197027985.74
2023-01-20 00:00:00+00:00,16.178,17.579,15.854,17.496,264273998.437
2023-01-21 00:00:00+00:00,17.496,17.769,16.7,16.887,264661090.614
2023-01-22 00:00:00+00:00,16.886,18.49,16.799,17.35,335918451.575
2023-01-23 00:00:00+00:00,17.35,18.35,17.21,17.998,293530523.145
2023-01-24 00:00:00+00:00,17.999,18.994,16.73,16.995,311854200.958
2023-01-25 00:00:00+00:00,16.996,18.28,16.504,17.8,266728099.844
2023-01-26 00:00:00+00:00,17.803,18.81,17.765,18.1,299424272.998
2023-01-27 00:00:00+00:00,18.101,21.691,17.45,21.221,499233749.177
2023-01-28 00:00:00+00:00,21.221,21.83,20.035,20.539,647639541.682
2023-01-29 00:00:00+00:00,20.54,21.177,20.135,20.99,308269282.771
2023-01-30 00:00:00+00:00,20.996,21.326,19.298,19.75,515390749.053
2023-01-31 00:00:00+00:00,19.748,20.206,19.31,19.807,254627637.041
2023-02-01 00:00:00+00:00,19.807,21.062,18.7,20.966,364537573.707
2023-02-02 00:00:00+00:00,20.968,22.799,20.806,21.218,682272659.665
2023-02-03 00:00:00+00:00,21.219,21.947,20.68,21.375,312868102.185
2023-02-04 00:00:00+00:00,21.377,21.7,20.812,21.032,174018756.341
2023-02-05 00:00:00+00:00,21.031,21.155,19.702,20.089,203300394.644
2023-02-06 00:00:00+00:00,20.087,20.437,19.4,19.574,181970698.363
2023-02-07 00:00:00+00:00,19.576,20.99,19.516,20.851,245472063.186
2023-02-08 00:00:00+00:00,20.851,21.046,19.623,20.11,209737613.033
2023-02-09 00:00:00+00:00,20.107,20.252,17.367,17.891,334809994.19
2023-02-10 00:00:00+00:00,17.892,18.237,17.452,17.769,209842232.502
2023-02-11 00:00:00+00:00,17.769,18.101,17.639,17.995,105431729.969
2023-02-12 00:00:00+00:00,17.995,18.475,17.5,17.766,174393454.995
2023-02-13 00:00:00+00:00,17.768,17.848,16.821,17.616,260875042.115
2023-02-14 00:00:00+00:00,17.615,18.29,17.09,18.141,256943056.431
2023-02-15 00:00:00+00:00,18.141,19.964,17.9,19.957,258133897.826
2023-02-16 00:00:00+00:00,19.957,20.4,18.552,18.595,380098383.549
2023-02-17 00:00:00+00:00,18.594,19.64,18.475,19.456,254386865.309
2023-02-18 00:00:00+00:00,19.456,20.108,19.3,19.56,187254029.356
2023-02-19 00:00:00+00:00,19.56,20.434,19.241,19.83,271289069.803
2023-02-20 00:00:00+00:00,19.829,21.387,19.0,20.847,446841821.54
2023-02-21 00:00:00+00:00,20.848,21.689,19.901,20.995,498330298.025
2023-02-22 00:00:00+00:00,20.996,21.59,19.572,20.311,595746402.51
2023-02-23 00:00:00+00:00,20.312,20.749,19.514,19.718,250517380.33
2023-02-24 00:00:00+00:00,19.718,19.837,18.017,18.38,258723932.914
2023-02-25 00:00:00+00:00,18.38,18.594,17.409,17.931,193313197.888
2023-02-26 00:00:00+00:00,17.93,18.564,17.808,18.421,120187472.571
2023-02-27 00:00:00+00:00,18.421,18.642,17.7,17.917,171338684.027
2023-02-28 00:00:00+00:00,17.918,17.939,16.9,17.08,209086347.237
2023-03-01 00:00:00+00:00,17.081,17.829,16.964,17.765,165355784.457
2023-03-02 00:00:00+00:00,17.766,17.858,17.102,17.464,137048694.812
2023-03-03 00:00:00+00:00,17.464,17.478,15.625,16.655,192659488.506
2023-03-04 00:00:00+00:00,16.656,16.9,15.718,16.134,147660807.792
2023-03-05 00:00:00+00:00,16.133,16.511,16.05,16.138,113430894.36
2023-03-06 00:00:00+00:00,16.137,16.711,15.807,16.505,183579968.929
2023-03-07 00:00:00+00:00,16.505,16.74,15.84,16.165,189002169.539
2023-03-08 00:00:00+00:00,16.162,16.252,14.957,15.102,220203542.773
2023-03-09 00:00:00+00:00,15.101,15.684,14.166,14.401,258389610.69
2023-03-10 00:00:00+00:00,14.402,15.18,13.864,14.782,328190984.974
2023-03-11 00:00:00+00:00,14.783,15.173,13.901,14.509,240370917.765
2023-03-12 00:00:00+00:00,14.508,16.4,14.191,16.176,239767605.534
2023-03-13 00:00:00+00:00,16.175,16.776,15.446,16.461,306024092.061
2023-03-14 00:00:00+00:00,16.462,17.932,16.08,17.148,400890752.905
2023-03-15 00:00:00+00:00,17.147,17.44,15.311,15.55,373281411.237
2023-03-16 00:00:00+00:00,15.551,16.081,15.224,15.819,254718130.859
2023-03-17 00:00:00+00:00,15.818,17.78,15.617,17.648,315257673.032
2023-03-18 00:00:00+00:00,17.647,18.303,16.825,16.99,280483458.146
2023-03-19 00:00:00+00:00,16.988,18.084,16.97,17.533,231241152.205
2023-03-20 00:00:00+00:00,17.535,17.789,16.518,16.631,258290090.766
2023-03-21 00:00:00+00:00,16.63,17.555,16.32,17.434,222317460.119
2023-03-22 00:00:00+00:00,17.436,17.927,16.252,16.735,296150629.697
2023-03-23 00:00:00+00:00,16.736,17.868,16.555,17.536,201369079.062
2023-03-24 00:00:00+00:00,17.536,17.648,16.65,16.952,155599041.271
2023-03-25 00:00:00+00:00,16.952,17.149,16.37,16.882,105696215.566
2023-03-26 00:00:00+00:00,16.883,17.279,16.851,17.101,110929024.876
2023-03-27 00:00:00+00:00,17.1,17.143,16.035,16.479,145934204.247
2023-03-28 00:00:00+00:00,16.478,16.843,16.28,16.708,145366584.357
2023-03-29 00:00:00+00:00,16.708,17.412,16.651,17.31,145562817.537
2023-03-30 00:00:00+00:00,17.31,17.561,16.863,17.228,196847318.935
2023-03-31 00:00:00+00:00,17.228,17.834,17.058,17.7,183405738.86
2023-04-01 00:00:00+00:00,17.7,17.891,17.53,17.788,85211101.259
2023-04-02 00:00:00+00:00,17.788,17.849,17.05,17.239,96322839.911
2023-04-03 00:00:00+00:00,17.239,17.45,16.614,17.095,157424292.604
2023-04-04 00:00:00+00:00,17.094,17.669,16.958,17.652,111633375.167
2023-04-05 00:00:00+00:00,17.652,18.387,17.601,17.99,201953153.556
2023-04-06 00:00:00+00:00,17.99,18.33,17.625,17.958,151959245.525
2023-04-07 00:00:00+00:00,17.959,18.135,17.4,17.594,96847072.512
2023-04-08 00:00:00+00:00,17.593,17.734,17.311,17.445,58873008.553
2023-04-09 00:00:00+00:00,17.446,17.639,17.234,17.527,66327868.493
2023-04-10 00:00:00+00:00,17.526,17.97,17.329,17.934,95273467.487
2023-04-11 00:00:00+00:00,17.935,18.625,17.865,18.135,153792359.635
2023-04-12 00:00:00+00:00,18.135,18.714,17.663,18.256,252115260.736
2023-04-13 00:00:00+00:00,18.256,19.088,18.109,18.835,205337749.396
2023-04-14 00:00:00+00:00,18.835,19.343,18.45,19.226,210482282.25
2023-04-15 00:00:00+00:00,19.228,19.55,19.0,19.102,147561865.358
2023-04-16 00:00:00+00:00,19.102,20.5,18.842,20.188,238208062.04
2023-04-17 00:00:00+00:00,20.187,21.313,19.93,20.54,515823416.503
2023-04-18 00:00:00+00:00,20.541,21.589,20.25,21.211,306834303.938
2023-04-19 00:00:00+00:00,21.211,21.217,18.316,18.98,351987420.606
2023-04-20 00:00:00+00:00,18.978,19.435,18.0,18.3,261198464.667
2023-04-21 00:00:00+00:00,18.299,18.511,16.5,16.922,260618955.005
2023-04-22 00:00:00+00:00,16.92,17.347,16.806,17.206,129678617.341
2023-04-23 00:00:00+00:00,17.207,17.249,16.422,16.832,126732500.085
2023-04-24 00:00:00+00:00,16.832,17.245,16.528,16.913,157793988.683
2023-04-25 00:00:00+00:00,16.913,17.765,16.729,17.619,201537674.788
2023-04-26 00:00:00+00:00,17.619,18.235,16.18,17.167,259428902.546
2023-04-27 00:00:00+00:00,17.168,17.919,17.096,17.712,194021112.551
2023-04-28 00:00:00+00:00,17.71,17.805,17.201,17.54,117245474.876
2023-04-29 00:00:00+00:00,17.54,17.72,17.27,17.48,80719864.874
2023-04-30 00:00:00+00:00,17.48,17.844,17.041,17.083,114138385.535
2023-05-01 00:00:00+00:00,17.083,17.213,16.505,16.638,126146461.488
2023-05-02 00:00:00+00:00,16.638,16.964,16.47,16.839,107446874.097
2023-05-03 00:00:00+00:00,16.84,17.374,16.383,17.208,187865633.259
2023-05-04 00:00:00+00:00,17.208,17.262,16.765,16.91,121659960.47
2023-05-05 00:00:00+00:00,16.91,17.413,16.703,17.368,169140432.203
2023-05-06 00:00:00+00:00,17.368,17.5,16.42,16.572,145433895.948
2023-05-07 00:00:00+00:00,16.572,16.717,16.237,16.402,95423170.586
2023-05-08 00:00:00+00:00,16.404,16.494,14.866,15.396,212803071.759
2023-05-09 00:00:00+00:00,15.396,15.563,15.207,15.305,95116138.371
2023-05-10 00:00:00+00:00,15.306,15.722,14.639,15.505,186661096.952
2023-05-11 00:00:00+00:00,15.505,15.524,14.75,14.946,149406933.545
2023-05-12 00:00:00+00:00,14.946,15.208,14.496,15.18,137104046.648
2023-05-13 00:00:00+00:00,15.18,15.2,14.886,14.909,62882003.305
2023-05-14 00:00:00+00:00,14.909,15.139,14.776,15.015,63204791.67
2023-05-15 00:00:00+00:00,15.014,15.349,14.79,15.076,121972285.264
2023-05-16 00:00:00+00:00,15.078,15.151,14.722,14.896,107370454.822
2023-05-17 00:00:00+00:00,14.897,15.293,14.607,15.169,148610419.322
2023-05-18 00:00:00+00:00,15.169,15.188,14.36,14.678,138313603.819
2023-05-19 00:00:00+00:00,14.678,14.85,14.546,14.672,92677658.015
2023-05-20 00:00:00+00:00,14.672,14.696,14.519,14.619,53418309.837
2023-05-21 00:00:00+00:00,14.62,14.69,14.106,14.305,75695182.644
2023-05-22 00:00:00+00:00,14.305,14.8,14.063,14.671,130844397.133
2023-05-23 00:00:00+00:00,14.672,14.963,14.592,14.715,102518659.65
2023-05-24 00:00:00+00:00,14.715,14.718,13.981,14.132,127905605.298
2023-05-25 00:00:00+00:00,14.132,14.263,13.644,14.078,121732858.868
2023-05-26 00:00:00+00:00,14.078,14.392,13.953,14.326,106103940.771
2023-05-27 00:00:00+00:00,14.326,14.62,14.258,14.558,71706229.641
2023-05-28 00:00:00+00:00,14.556,15.056,14.221,14.901,159277908.895
2023-05-29 00:00:00+00:00,14.901,14.98,14.352,14.467,102695629.551
2023-05-30 00:00:00+00:00,14.467,14.728,14.355,14.436,91485952.223
2023-05-31 00:00:00+00:00,14.436,14.461,13.938,14.099,103329394.16
2023-06-01 00:00:00+00:00,14.099,14.297,13.807,14.081,83417708.189
2023-06-02 00:00:00+00:00,14.081,14.566,13.956,14.488,91658616.096
2023-06-03 00:00:00+00:00,14.488,14.592,14.386,14.575,46776658.245
2023-06-04 00:00:00+00:00,14.575,14.935,14.514,14.782,69455951.152
2023-06-05 00:00:00+00:00,14.782,14.902,13.38,13.864,182606665.701
2023-06-06 00:00:00+00:00,13.864,14.675,13.804,14.621,132311980.188
2023-06-07 00:00:00+00:00,14.62,14.704,13.944,14.014,116997657.262
2023-06-08 00:00:00+00:00,14.015,14.1,13.774,13.916,80637709.735
2023-06-09 00:00:00+00:00,13.916,14.252,13.699,13.75,111214468.155
2023-06-10 00:00:00+00:00,13.75,13.76,9.658,11.634,364274524.897
2023-06-11 00:00:00+00:00,11.635,11.8,11.407,11.565,105339863.491
2023-06-12 00:00:00+00:00,11.566,11.603,11.154,11.507,114360331.679
2023-06-13 00:00:00+00:00,11.507,12.07,11.418,11.786,125325689.564
2023-06-14 00:00:00+00:00,11.786,11.954,11.155,11.37,118604508.798
2023-06-15 00:00:00+00:00,11.371,11.56,11.018,11.395,122987928.562
2023-06-16 00:00:00+00:00,11.396,11.725,11.18,11.54,83171378.915
2023-06-17 00:00:00+00:00,11.54,11.838,11.459,11.616,65690501.384
2023-06-18 00:00:00+00:00,11.616,11.622,11.225,11.328,81615043.522
2023-06-19 00:00:00+00:00,11.328,11.515,11.127,11.466,80619057.194
2023-06-20 00:00:00+00:00,11.465,12.123,11.164,12.116,114620535.18
2023-06-21 00:00:00+00:00,12.117,13.037,12.058,12.89,177052234.621
2023-06-22 00:00:00+00:00,12.89,13.229,12.557,12.65,143353774.469
2023-06-23 00:00:00+00:00,12.651,13.514,12.613,13.28,133337517.217
2023-06-24 00:00:00+00:00,13.282,13.394,12.703,13.01,99019312.201
2023-06-25 00:00:00+00:00,13.01,13.678,12.959,13.429,104981389.337
2023-06-26 00:00:00+00:00,13.429,13.69,12.908,13.149,140777500.123
2023-06-27 00:00:00+00:00,13.148,13.469,13.085,13.191,96442495.26
2023-06-28 00:00:00+00:00,13.191,13.211,12.056,12.337,144130410.929
2023-06-29 00:00:00+00:00,12.336,12.955,12.256,12.664,122798627.366
2023-06-30 00:00:00+00:00,12.666,13.33,12.1,13.024,185780885.785
2023-07-01 00:00:00+00:00,13.025,13.158,12.826,12.993,83287716.387
2023-07-02 00:00:00+00:00,12.994,13.216,12.7,13.12,113697598.533
2023-07-03 00:00:00+00:00,13.12,13.591,13.062,13.248,136598335.574
2023-07-04 00:00:00+00:00,13.248,13.413,12.993,13.036,135931732.518
2023-07-05 00:00:00+00:00,13.037,13.154,12.436,12.658,123754113.377
2023-07-06 00:00:00+00:00,12.659,13.114,12.223,12.349,158507003.257
2023-07-07 00:00:00+00:00,12.348,12.749,12.18,12.729,102908874.571
2023-07-08 00:00:00+00:00,12.73,13.886,12.717,13.633,377405528.396
2023-07-09 00:00:00+00:00,13.633,14.2,13.561,13.583,320498017.763
2023-07-10 00:00:00+00:00,13.582,13.843,13.156,13.378,231660732.905
2023-07-11 00:00:00+00:00,13.377,13.683,13.146,13.257,143067031.738
2023-07-12 00:00:00+00:00,13.257,13.371,12.839,13.008,138722046.376
2023-07-13 00:00:00+00:00,13.008,14.205,12.881,14.116,288369338.966
2023-07-14 00:00:00+00:00,14.117,15.999,14.0,14.64,680952545.167
2023-07-15 00:00:00+00:00,14.64,15.349,14.409,14.847,229675240.427
2023-07-16 00:00:00+00:00,14.846,14.932,14.146,14.28,170173873.318
2023-07-17 00:00:00+00:00,14.281,14.618,13.783,14.392,198059479.48
2023-07-18 00:00:00+00:00,14.392,14.579,13.52,13.801,173988397.119
2023-07-19 00:00:00+00:00,13.801,14.271,13.751,13.988,154559292.439
2023-07-20 00:00:00+00:00,13.988,14.42,13.628,13.86,165818753.379
2023-07-21 00:00:00+00:00,13.861,14.065,13.716,13.975,112603565.107
2023-07-22 00:00:00+00:00,13.975,14.055,13.25,13.513,95768733.757
2023-07-23 00:00:00+00:00,13.513,13.747,13.383,13.533,75881372.957
2023-07-24 00:00:00+00:00,13.531,13.594,12.644,13.099,148556089.995
2023-07-25 00:00:00+00:00,13.099,13.6,13.029,13.329,157517329.748
2023-07-26 00:00:00+00:00,13.329,13.461,13.071,13.255,136718894.651
2023-07-27 00:00:00+00:00,13.256,13.421,13.011,13.147,92416270.798
2023-07-28 00:00:00+00:00,13.148,13.291,13.002,13.219,67380856.703
2023-07-29 00:00:00+00:00,13.22,13.291,13.141,13.229,38328219.323
2023-07-30 00:00:00+00:00,13.228,13.405,12.88,13.122,93827853.297
2023-07-31 00:00:00+00:00,13.121,13.277,12.67,12.806,109528450.654
2023-08-01 00:00:00+00:00,12.807,12.902,12.32,12.882,131018384.452
2023-08-02 00:00:00+00:00,12.881,12.957,12.4,12.536,100585744.029
2023-08-03 00:00:00+00:00,12.535,12.637,12.351,12.436,94000116.13
2023-08-04 00:00:00+00:00,12.435,12.608,12.227,12.399,78881842.597
2023-08-05 00:00:00+00:00,12.4,12.452,12.273,12.44,42877878.47
2023-08-06 00:00:00+00:00,12.441,12.664,12.413,12.593,55222217.049
2023-08-07 00:00:00+00:00,12.592,12.759,12.175,12.465,99314962.318
2023-08-08 00:00:00+00:00,12.464,12.85,12.375,12.684,96613930.905
2023-08-09 00:00:00+00:00,12.684,12.8,12.484,12.627,72921546.347
2023-08-10 00:00:00+00:00,12.626,12.663,12.463,12.48,67184105.631
2023-08-11 00:00:00+00:00,12.479,12.547,12.346,12.442,51545166.937
2023-08-12 00:00:00+00:00,12.441,12.486,12.342,12.387,31660708.916
2023-08-13 00:00:00+00:00,12.387,12.422,12.181,12.266,47418455.95
2023-08-14 00:00:00+00:00,12.265,12.456,12.152,12.365,67821010.292
2023-08-15 00:00:00+00:00,12.366,12.376,11.24,11.822,95857584.678
2023-08-16 00:00:00+00:00,11.823,11.859,11.03,11.376,116565185.956
2023-08-17 00:00:00+00:00,11.376,11.5,9.6,10.569,155904174.264
2023-08-18 00:00:00+00:00,10.568,10.996,10.525,10.799,111877560.686
2023-08-19 00:00:00+00:00,10.798,10.888,10.556,10.809,57263506.376
2023-08-20 00:00:00+00:00,10.809,10.918,10.729,10.855,38509095.691
2023-08-21 00:00:00+00:00,10.856,10.87,10.123,10.346,98349190.835
2023-08-22 00:00:00+00:00,10.347,10.374,9.69,10.136,151839361.938
2023-08-23 00:00:00+00:00,10.135,10.473,10.047,10.325,110346565.821
2023-08-24 00:00:00+00:00,10.324,10.35,9.961,10.11,98730420.743
2023-08-25 00:00:00+00:00,10.11,10.128,9.871,10.043,102982936.707
2023-08-26 00:00:00+00:00,10.042,10.127,10.001,10.087,39396709.623
2023-08-27 00:00:00+00:00,10.087,10.272,10.062,10.196,57597022.631
2023-08-28 00:00:00+00:00,10.195,10.442,9.906,10.366,123386892.086
2023-08-29 00:00:00+00:00,10.365,11.215,10.316,10.804,248941740.078
2023-08-30 00:00:00+00:00,10.805,10.823,10.326,10.399,94233241.478
2023-08-31 00:00:00+00:00,10.4,10.546,9.776,9.979,124982596.802
2023-09-01 00:00:00+00:00,9.979,10.058,9.739,9.919,76488658.346
2023-09-02 00:00:00+00:00,9.919,9.962,9.75,9.905,43639011.435
2023-09-03 00:00:00+00:00,9.906,9.988,9.815,9.868,36237822.237
2023-09-04 00:00:00+00:00,9.869,10.043,9.669,9.805,64318712.56
2023-09-05 00:00:00+00:00,9.805,9.963,9.629,9.907,57397367.978
2023-09-06 00:00:00+00:00,9.908,10.054,9.741,9.94,59962532.766
2023-09-07 00:00:00+00:00,9.939,10.137,9.827,10.089,51669359.003
2023-09-08 00:00:00+00:00,10.088,10.153,9.82,9.919,50104110.302
2023-09-09 00:00:00+00:00,9.919,9.919,9.824,9.83,21610615.908
2023-09-10 00:00:00+00:00,9.829,9.833,9.159,9.457,112000919.096
2023-09-11 00:00:00+00:00,9.457,9.507,8.986,9.227,105033856.851
2023-09-12 00:00:00+00:00,9.228,9.602,9.183,9.206,91841319.575
2023-09-13 00:00:00+00:00,9.206,9.451,9.096,9.283,85371981.623
2023-09-14 00:00:00+00:00,9.283,9.472,9.246,9.394,61523796.284
2023-09-15 00:00:00+00:00,9.394,9.525,9.166,9.422,67359897.713
2023-09-16 00:00:00+00:00,9.422,9.611,9.352,9.373,62700078.281
2023-09-17 00:00:00+00:00,9.374,9.376,8.978,9.091,70997150.682
2023-09-18 00:00:00+00:00,9.091,9.31,8.801,9.099,112042889.808
2023-09-19 00:00:00+00:00,9.098,9.306,9.031,9.205,81451691.278
2023-09-20 00:00:00+00:00,9.205,9.23,8.818,9.04,100185342.112
2023-09-21 00:00:00+00:00,9.041,9.105,8.754,8.818,96049526.377
2023-09-22 00:00:00+00:00,8.818,8.922,8.7,8.857,59248641.162
2023-09-23 00:00:00+00:00,8.857,8.98,8.817,8.899,49736021.347
2023-09-24 00:00:00+00:00,8.899,9.04,8.71,8.775,71334267.357
2023-09-25 00:00:00+00:00,8.774,8.958,8.606,8.944,77664690.696
2023-09-26 00:00:00+00:00,8.944,9.067,8.843,9.039,67849509.84
2023-09-27 00:00:00+00:00,9.039,9.188,8.81,8.926,96443369.941
2023-09-28 00:00:00+00:00,8.925,9.348,8.904,9.262,92428221.945
2023-09-29 00:00:00+00:00,9.263,9.365,9.066,9.167,81866773.629
2023-09-30 00:00:00+00:00,9.168,9.292,9.111,9.236,48660327.164
2023-10-01 00:00:00+00:00,9.237,9.827,9.209,9.75,115562364.894
2023-10-02 00:00:00+00:00,9.749,9.832,9.145,9.312,119101852.343
2023-10-03 00:00:00+00:00,9.313,9.481,9.22,9.409,87321218.886
2023-10-04 00:00:00+00:00,9.409,10.32,9.06,10.092,439177093.119
2023-10-05 00:00:00+00:00,10.093,10.344,9.812,10.126,404550128.422
2023-10-06 00:00:00+00:00,10.126,10.835,10.116,10.649,400160786.924
2023-10-07 00:00:00+00:00,10.649,11.882,10.24,10.342,757574214.604
2023-10-08 00:00:00+00:00,10.343,10.527,9.946,10.079,241969258.794
2023-10-09 00:00:00+00:00,10.079,10.081,9.246,9.535,249445225.437
2023-10-10 00:00:00+00:00,9.534,9.845,9.411,9.518,194951946.736
2023-10-11 00:00:00+00:00,9.518,9.568,9.195,9.296,167546517.553
2023-10-12 00:00:00+00:00,9.297,9.316,8.875,9.108,143000652.232
2023-10-13 00:00:00+00:00,9.107,9.342,9.022,9.146,106484687.906
2023-10-14 00:00:00+00:00,9.146,9.247,9.105,9.141,51241493.007
2023-10-15 00:00:00+00:00,9.14,9.262,9.065,9.173,74742049.457
2023-10-16 00:00:00+00:00,9.173,9.824,9.156,9.391,190062130.272
2023-10-17 00:00:00+00:00,9.391,9.399,8.981,9.101,108948379.609
2023-10-18 00:00:00+00:00,9.101,9.204,8.831,8.901,94948929.764
2023-10-19 00:00:00+00:00,8.902,9.112,8.633,9.059,107233538.354
2023-10-20 00:00:00+00:00,9.06,9.384,9.0,9.213,118254971.376
2023-10-21 00:00:00+00:00,9.212,9.806,9.165,9.63,154476515.001
2023-10-22 00:00:00+00:00,9.63,10.08,9.528,10.079,203488144.736
2023-10-23 00:00:00+00:00,10.079,10.684,9.852,10.588,284507962.282
2023-10-24 00:00:00+00:00,10.587,10.808,9.976,10.323,276693210.379
2023-10-25 00:00:00+00:00,10.322,10.642,10.163,10.528,185895122.273
2023-10-26 00:00:00+00:00,10.528,11.469,10.273,11.051,393280615.016
2023-10-27 00:00:00+00:00,11.052,11.067,10.259,10.596,192514053.51
2023-10-28 00:00:00+00:00,10.596,11.088,10.555,10.975,145758176.68
2023-10-29 00:00:00+00:00,10.975,11.44,10.79,11.38,156274176.725
2023-10-30 00:00:00+00:00,11.38,11.705,11.064,11.469,184428919.305
2023-10-31 00:00:00+00:00,11.47,11.768,10.977,11.328,216954035.192
2023-11-01 00:00:00+00:00,11.327,12.364,10.876,12.239,313562345.19
2023-11-02 00:00:00+00:00,12.238,12.556,11.43,11.884,299422952.179
2023-11-03 00:00:00+00:00,11.887,12.199,11.417,12.121,179134842.833
2023-11-04 00:00:00+00:00,12.12,12.336,11.924,12.227,116814728.056
2023-11-05 00:00:00+00:00,12.227,12.693,12.077,12.36,168717489.416
2023-11-06 00:00:00+00:00,12.36,13.177,12.211,13.085,206689891.642
2023-11-07 00:00:00+00:00,13.086,13.115,12.291,12.813,198426517.588
2023-11-08 00:00:00+00:00,12.814,13.169,12.661,12.994,136739406.871
2023-11-09 00:00:00+00:00,12.993,13.987,11.627,12.972,362381956.192
2023-11-10 00:00:00+00:00,12.972,14.873,12.869,14.76,434444601.511
2023-11-11 00:00:00+00:00,14.761,17.026,14.002,16.808,633186012.092
2023-11-12 00:00:00+00:00,16.808,19.775,15.89,18.98,1077076269.217
2023-11-13 00:00:00+00:00,18.984,19.778,16.109,16.122,715387811.102
2023-11-14 00:00:00+00:00,16.121,18.11,15.555,17.053,777870454.384
2023-11-15 00:00:00+00:00,17.054,20.97,17.01,20.708,1120715105.102
2023-11-16 00:00:00+00:00,20.704,24.12,20.263,21.719,2131053700.401
2023-11-17 00:00:00+00:00,21.717,24.68,20.001,21.928,1820213980.245
2023-11-18 00:00:00+00:00,21.928,22.7,20.174,21.999,886764196.216
2023-11-19 00:00:00+00:00,21.999,23.05,20.763,22.862,697772875.161
2023-11-20 00:00:00+00:00,22.861,23.277,20.709,20.851,744241068.818
2023-11-21 00:00:00+00:00,20.851,22.309,18.93,19.032,1204871359.426
2023-11-22 00:00:00+00:00,19.027,21.251,18.977,20.788,588708253.761
2023-11-23 00:00:00+00:00,20.788,21.489,20.42,20.644,416100625.016
2023-11-24 00:00:00+00:00,20.645,21.88,20.457,20.887,492184712.486
2023-11-25 00:00:00+00:00,20.887,21.495,20.63,21.378,261142598.551
2023-11-26 00:00:00+00:00,21.378,21.546,20.041,21.081,372861395.215
2023-11-27 00:00:00+00:00,21.082,21.315,19.8,20.361,356840176.268
2023-11-28 00:00:00+00:00,20.362,20.87,19.498,20.699,390060886.035
2023-11-29 00:00:00+00:00,20.699,21.576,20.558,21.125,426396595.638
2023-11-30 00:00:00+00:00,21.126,21.525,20.818,21.409,314141264.939
2023-12-01 00:00:00+00:00,21.409,22.646,21.114,21.875,473437985.038
2023-12-02 00:00:00+00:00,21.874,22.472,21.758,22.252,248735708.218
2023-12-03 00:00:00+00:00,22.252,22.77,21.551,21.957,260364994.342
2023-12-04 00:00:00+00:00,21.958,23.231,20.253,22.709,582037331.915
2023-12-05 00:00:00+00:00,22.703,24.86,21.813,24.557,662973878.754
2023-12-06 00:00:00+00:00,24.557,27.74,24.472,26.238,1142871588.897
2023-12-07 00:00:00+00:00,26.237,27.954,25.747,26.28,911664633.762
2023-12-08 00:00:00+00:00,26.28,30.825,26.035,30.466,938824539.217
2023-12-09 00:00:00+00:00,30.467,34.324,30.458,31.94,1585030269.086
2023-12-10 00:00:00+00:00,31.94,38.061,31.55,37.199,1483474894.796
2023-12-11 00:00:00+00:00,37.198,39.465,31.626,38.055,2890076923.997
2023-12-12 00:00:00+00:00,38.056,42.939,36.045,37.518,2108230526.034
2023-12-13 00:00:00+00:00,37.518,41.5,34.07,39.021,2100924538.062
2023-12-14 00:00:00+00:00,39.022,40.346,36.1,39.295,1210409964.333
2023-12-15 00:00:00+00:00,39.292,42.353,38.509,39.749,1517038074.959
2023-12-16 00:00:00+00:00,39.749,45.418,38.475,42.22,1604089918.453
2023-12-17 00:00:00+00:00,42.217,44.061,40.28,40.627,1019317029.856
2023-12-18 00:00:00+00:00,40.63,41.437,36.53,41.13,1265672789.613
2023-12-19 00:00:00+00:00,41.132,42.217,38.751,39.74,946031922.291
2023-12-20 00:00:00+00:00,39.744,44.556,39.067,43.473,1128435755.663
2023-12-21 00:00:00+00:00,43.474,47.545,43.11,46.02,1230064770.797
2023-12-22 00:00:00+00:00,46.023,48.988,43.716,45.363,1108744374.641
2023-12-23 00:00:00+00:00,45.363,48.356,43.334,48.106,803360225.499
2023-12-24 00:00:00+00:00,48.106,50.04,46.28,47.723,1107182816.9
2023-12-25 00:00:00+00:00,47.721,49.0,46.0,48.231,761011094.131
2023-12-26 00:00:00+00:00,48.234,48.42,40.387,44.415,882689186.7
2023-12-27 00:00:00+00:00,44.413,44.97,41.931,42.457,638756746.537
2023-12-28 00:00:00+00:00,42.459,43.461,39.3,39.841,680444740.06
2023-12-29 00:00:00+00:00,39.842,42.187,38.515,40.204,696677534.516
2023-12-30 00:00:00+00:00,40.203,40.412,38.189,39.379,390940451.766
2023-12-31 00:00:00+00:00,39.379,40.6,37.461,38.589,372187006.467
2024-01-01 00:00:00+00:00,38.59,42.063,38.076,41.979,402116008.554
2024-01-02 00:00:00+00:00,41.979,43.499,40.306,40.654,577349787.974
2024-01-03 00:00:00+00:00,40.655,41.471,32.0,36.768,873132447.277
2024-01-04 00:00:00+00:00,36.771,39.451,36.051,38.705,501457603.127
2024-01-05 00:00:00+00:00,38.705,38.918,34.883,36.459,523041630.941
2024-01-06 00:00:00+00:00,36.458,36.507,33.432,34.616,371375029.542
2024-01-07 00:00:00+00:00,34.616,35.773,33.032,33.633,403440120.985
2024-01-08 00:00:00+00:00,33.635,36.439,31.145,36.07,745121834.461
2024-01-09 00:00:00+00:00,36.073,37.597,33.768,34.64,711129161.434
2024-01-10 00:00:00+00:00,34.638,39.532,33.282,38.547,620001469.171
2024-01-11 00:00:00+00:00,38.547,41.752,37.518,39.31,761418111.366
2024-01-12 00:00:00+00:00,39.31,39.597,34.1,35.929,553434021.243
2024-01-13 00:00:00+00:00,35.931,36.636,34.714,36.476,282216304.429
2024-01-14 00:00:00+00:00,36.478,37.874,35.27,35.283,414889244.254
2024-01-15 00:00:00+00:00,35.287,36.823,35.132,35.602,294179192.627
2024-01-16 00:00:00+00:00,35.602,36.559,34.77,35.567,329192562.943
2024-01-17 00:00:00+00:00,35.568,36.531,35.241,36.063,406419297.59
2024-01-18 00:00:00+00:00,36.064,36.202,32.714,33.587,391580327.342
2024-01-19 00:00:00+00:00,33.587,33.752,31.189,32.723,393115656.554
2024-01-20 00:00:00+00:00,32.723,32.999,32.027,32.882,224221641.901
2024-01-21 00:00:00+00:00,32.881,33.5,32.444,32.534,212837530.41
2024-01-22 00:00:00+00:00,32.535,32.741,29.311,29.535,504666670.012
2024-01-23 00:00:00+00:00,29.535,30.703,27.205,30.608,626816526.147
2024-01-24 00:00:00+00:00,30.609,31.89,29.492,31.179,521027202.318
2024-01-25 00:00:00+00:00,31.18,31.346,29.604,30.51,341707375.219
2024-01-26 00:00:00+00:00,30.511,33.095,30.111,32.249,397280179.758
2024-01-27 00:00:00+00:00,32.249,33.306,31.848,33.256,229882801.284
2024-01-28 00:00:00+00:00,33.256,36.709,33.184,34.82,766285144.718
2024-01-29 00:00:00+00:00,34.815,36.55,34.323,36.042,530692845.549
2024-01-30 00:00:00+00:00,36.041,37.141,35.0,35.214,465450747.539
2024-01-31 00:00:00+00:00,35.214,35.489,33.131,33.172,427729804.262
2024-02-01 00:00:00+00:00,33.173,33.957,32.221,33.841,328974797.362
2024-02-02 00:00:00+00:00,33.842,36.953,33.734,36.761,511096039.739
2024-02-03 00:00:00+00:00,36.76,37.618,35.396,35.952,309701906.529
2024-02-04 00:00:00+00:00,35.95,36.549,34.636,34.853,249941311.632
2024-02-05 00:00:00+00:00,34.854,35.896,34.103,34.53,290769827.785
2024-02-06 00:00:00+00:00,34.529,34.737,33.698,34.146,225645913.641
2024-02-07 00:00:00+00:00,34.145,35.52,33.616,35.295,280530537.787
2024-02-08 00:00:00+00:00,35.294,36.144,35.074,35.422,261428110.961
2024-02-09 00:00:00+00:00,35.421,38.618,35.396,38.009,459168957.032
2024-02-10 00:00:00+00:00,38.009,41.23,38.007,40.199,512785239.071
2024-02-11 00:00:00+00:00,40.199,41.201,39.365,39.73,350660927.829
2024-02-12 00:00:00+00:00,39.73,41.242,38.36,41.002,524812788.752
2024-02-13 00:00:00+00:00,41.002,41.728,38.864,39.756,484177851.792
2024-02-14 00:00:00+00:00,39.755,42.464,39.144,42.253,545617197.819
2024-02-15 00:00:00+00:00,42.254,43.7,40.901,41.575,600838936.453
2024-02-16 00:00:00+00:00,41.575,41.831,39.391,40.276,404934874.048
2024-02-17 00:00:00+00:00,40.276,40.51,38.395,39.782,290343274.054
2024-02-18 00:00:00+00:00,39.781,40.793,38.98,40.318,288276907.094
2024-02-19 00:00:00+00:00,40.318,40.676,39.095,39.54,387726657.356
2024-02-20 00:00:00+00:00,39.541,39.757,36.626,38.523,480641597.565
2024-02-21 00:00:00+00:00,38.528,38.577,35.903,37.622,356283522.338
2024-02-22 00:00:00+00:00,37.622,38.24,36.531,36.801,317793398.972
2024-02-23 00:00:00+00:00,36.8,36.988,35.151,35.943,359003889.674
2024-02-24 00:00:00+00:00,35.944,36.984,35.22,36.783,221744950.679
2024-02-25 00:00:00+00:00,36.783,37.525,36.438,37.495,233066768.102
2024-02-26 00:00:00+00:00,37.495,39.402,36.301,39.338,402311073.726
2024-02-27 00:00:00+00:00,39.338,40.02,38.34,39.288,347555772.893
2024-02-28 00:00:00+00:00,39.291,41.454,35.346,40.373,734932295.401
2024-02-29 00:00:00+00:00,40.373,44.752,39.645,40.997,818932671.996
2024-03-01 00:00:00+00:00,40.998,43.432,40.998,42.727,496264927.46
2024-03-02 00:00:00+00:00,42.727,44.723,42.02,44.436,449462858.289
2024-03-03 00:00:00+00:00,44.43,44.965,40.02,42.647,469595946.694
2024-03-04 00:00:00+00:00,42.647,44.096,41.444,43.121,598883726.633
2024-03-05 00:00:00+00:00,43.119,45.364,33.793,39.437,1185457441.268
2024-03-06 00:00:00+00:00,39.436,42.196,37.93,41.598,563274139.896
2024-03-07 00:00:00+00:00,41.597,44.6,41.596,43.26,636439437.994
2024-03-08 00:00:00+00:00,43.261,44.046,41.107,42.666,461512998.093
2024-03-09 00:00:00+00:00,42.665,43.61,42.379,42.973,263690304.817
2024-03-10 00:00:00+00:00,42.975,43.994,40.869,42.084,331865610.688
2024-03-11 00:00:00+00:00,42.084,49.65,40.0,49.194,1125022801.902
2024-03-12 00:00:00+00:00,49.179,57.434,46.441,55.555,1983666295.861
2024-03-13 00:00:00+00:00,55.559,55.609,52.241,54.854,963403853.213
2024-03-14 00:00:00+00:00,54.853,59.369,50.522,54.016,1338546015.891
2024-03-15 00:00:00+00:00,54.019,59.0,48.33,58.457,2049901602.051
2024-03-16 00:00:00+00:00,58.456,61.515,52.002,53.478,1662041511.906
2024-03-17 00:00:00+00:00,53.479,58.59,50.107,58.494,1101874798.172
2024-03-18 00:00:00+00:00,58.49,65.48,55.31,60.696,2127262720.986
2024-03-19 00:00:00+00:00,60.693,62.0,53.224,53.664,2232245416.663
2024-03-20 00:00:00+00:00,53.664,58.199,50.445,57.077,1550120543.367
2024-03-21 00:00:00+00:00,57.077,57.934,52.811,53.86,963188003.427
2024-03-22 00:00:00+00:00,53.86,57.804,51.638,53.456,1010459790.638
2024-03-23 00:00:00+00:00,53.456,56.048,52.65,53.482,534549299.554
2024-03-24 00:00:00+00:00,53.483,55.871,52.45,55.733,437337926.419
2024-03-25 00:00:00+00:00,55.734,59.249,55.0,57.809,636311389.175
2024-03-26 00:00:00+00:00,57.807,59.341,55.402,55.826,568766457.728
2024-03-27 00:00:00+00:00,55.827,56.791,53.012,54.146,535226275.915
2024-03-28 00:00:00+00:00,54.146,55.112,53.219,54.684,296380043.808
2024-03-29 00:00:00+00:00,54.683,54.731,52.57,53.385,313193122.285
2024-03-30 00:00:00+00:00,53.391,54.703,52.801,52.98,270943039.495
2024-03-31 00:00:00+00:00,52.98,54.361,52.923,54.134,226605072.853
2024-04-01 00:00:00+00:00,54.135,54.209,50.239,51.434,561733888.907
2024-04-02 00:00:00+00:00,51.435,51.44,46.0,46.904,609190188.899
2024-04-03 00:00:00+00:00,46.902,48.342,44.997,45.914,446795151.534
2024-04-04 00:00:00+00:00,45.913,48.219,45.454,46.534,342377928.04
2024-04-05 00:00:00+00:00,46.534,46.627,44.0,45.337,323714051.822
2024-04-06 00:00:00+00:00,45.338,48.88,45.074,48.209,336247706.918
2024-04-07 00:00:00+00:00,48.21,49.523,47.906,49.347,239774123.308
2024-04-08 00:00:00+00:00,49.348,50.85,48.264,49.906,338479892.839
2024-04-09 00:00:00+00:00,49.906,50.013,46.373,46.5,345236591.823
2024-04-10 00:00:00+00:00,46.5,48.05,45.1,47.334,427271571.728
2024-04-11 00:00:00+00:00,47.334,47.547,45.618,46.064,261837216.102
2024-04-12 00:00:00+00:00,46.061,46.919,32.53,39.331,603076434.183
2024-04-13 00:00:00+00:00,39.331,39.343,28.53,33.89,910504544.424
2024-04-14 00:00:00+00:00,33.89,37.905,32.632,37.248,704441671.75
2024-04-15 00:00:00+00:00,37.248,38.582,34.079,35.136,579950682.036
2024-04-16 00:00:00+00:00,35.137,35.882,32.666,34.734,480550651.993
2024-04-17 00:00:00+00:00,34.733,35.35,32.209,33.55,442093469.979
2024-04-18 00:00:00+00:00,33.55,35.595,32.754,34.831,371110212.726
2024-04-19 00:00:00+00:00,34.831,36.134,31.887,34.651,418313919.105
2024-04-20 00:00:00+00:00,34.651,38.469,34.1,38.289,267895776.801
2024-04-21 00:00:00+00:00,38.289,38.75,36.33,37.114,237337354.909
2024-04-22 00:00:00+00:00,37.115,39.701,36.736,39.155,309130095.063
2024-04-23 00:00:00+00:00,39.155,39.89,37.95,38.284,230707433.038
2024-04-24 00:00:00+00:00,38.284,39.827,36.0,36.352,333571578.723
2024-04-25 00:00:00+00:00,36.352,36.733,34.686,35.56,279639751.985
2024-04-26 00:00:00+00:00,35.56,35.855,34.242,34.41,230409132.983
2024-04-27 00:00:00+00:00,34.41,35.12,33.0,34.449,223215488.727
2024-04-28 00:00:00+00:00,34.449,35.376,33.773,33.941,171665383.994
2024-04-29 00:00:00+00:00,33.941,35.879,32.809,35.271,330783396.697
2024-04-30 00:00:00+00:00,35.271,35.708,31.82,32.68,373703762.265
2024-05-01 00:00:00+00:00,32.68,33.936,30.561,33.308,364884022.469
2024-05-02 00:00:00+00:00,33.308,34.111,32.277,33.562,220027217.757
2024-05-03 00:00:00+00:00,33.562,35.917,33.274,35.529,198933750.902
2024-05-04 00:00:00+00:00,35.528,37.666,35.159,37.329,227568295.079
2024-05-05 00:00:00+00:00,37.329,37.985,36.642,37.33,249666993.974
2024-05-06 00:00:00+00:00,37.33,39.864,36.754,37.1,351755661.357
2024-05-07 00:00:00+00:00,37.099,37.594,35.24,35.295,239665777.922
2024-05-08 00:00:00+00:00,35.294,35.486,33.615,33.994,250466245.178
2024-05-09 00:00:00+00:00,33.994,35.364,33.711,35.043,186188917.136
2024-05-10 00:00:00+00:00,35.043,36.099,33.209,33.698,258347415.701
2024-05-11 00:00:00+00:00,33.699,34.041,33.026,33.482,139268587.804
2024-05-12 00:00:00+00:00,33.482,34.008,32.763,33.114,110059560.737
2024-05-13 00:00:00+00:00,33.114,33.805,31.9,32.443,241879395.526
2024-05-14 00:00:00+00:00,32.443,33.335,31.463,31.572,225686243.534
2024-05-15 00:00:00+00:00,31.572,34.787,31.333,34.658,248078547.79
2024-05-16 00:00:00+00:00,34.657,35.011,33.722,34.449,186924770.856
2024-05-17 00:00:00+00:00,34.449,37.59,34.248,36.41,283361984.904
2024-05-18 00:00:00+00:00,36.41,37.64,36.324,37.222,191380102.961
2024-05-19 00:00:00+00:00,37.222,37.741,35.347,35.58,184378116.126
2024-05-20 00:00:00+00:00,35.578,40.29,35.121,40.12,359229375.218
2024-05-21 00:00:00+00:00,40.119,41.435,39.639,41.224,409586405.043
2024-05-22 00:00:00+00:00,41.223,41.843,39.2,40.037,309091721.585
2024-05-23 00:00:00+00:00,40.037,40.504,36.0,38.524,409159699.61
2024-05-24 00:00:00+00:00,38.523,39.012,36.873,38.014,206114718.078
2024-05-25 00:00:00+00:00,38.013,38.725,37.709,38.289,113003985.255
2024-05-26 00:00:00+00:00,38.289,38.314,36.465,36.76,140102474.613
2024-05-27 00:00:00+00:00,36.76,38.988,36.657,38.286,187742768.075
2024-05-28 00:00:00+00:00,38.286,38.442,36.541,37.047,231441095.169
2024-05-29 00:00:00+00:00,37.046,37.529,36.15,36.208,199957519.339
2024-05-30 00:00:00+00:00,36.211,37.12,35.315,35.995,219730687.288
2024-05-31 00:00:00+00:00,35.995,36.819,35.219,36.05,166109530.249
2024-06-01 00:00:00+00:00,36.049,36.261,35.71,35.781,85097182.803
2024-06-02 00:00:00+00:00,35.781,36.22,34.778,34.937,157695580.251
2024-06-03 00:00:00+00:00,34.936,36.303,34.575,35.048,207690222.348
2024-06-04 00:00:00+00:00,35.049,36.31,34.45,36.095,191301071.098
2024-06-05 00:00:00+00:00,36.096,36.937,35.95,36.597,165396476.26
2024-06-06 00:00:00+00:00,36.597,37.237,35.725,35.917,154501744.015
2024-06-07 00:00:00+00:00,35.917,36.928,30.7,33.515,373572892.194
2024-06-08 00:00:00+00:00,33.515,33.73,31.916,32.262,154581092.811
2024-06-09 00:00:00+00:00,32.263,33.01,32.023,32.977,91837736.413
2024-06-10 00:00:00+00:00,32.977,33.467,32.01,32.279,170188054.308
2024-06-11 00:00:00+00:00,32.279,32.389,30.586,31.546,247690604.941
2024-06-12 00:00:00+00:00,31.546,34.0,30.787,33.279,258319407.771
2024-06-13 00:00:00+00:00,33.278,33.451,30.902,30.994,213920335.996
2024-06-14 00:00:00+00:00,30.995,32.238,29.272,30.275,275562161.202
2024-06-15 00:00:00+00:00,30.275,30.635,29.893,29.994,104381737.02
2024-06-16 00:00:00+00:00,29.994,30.467,29.654,30.06,139908221.019
2024-06-17 00:00:00+00:00,30.061,30.335,27.127,28.45,286948736.798
2024-06-18 00:00:00+00:00,28.45,28.541,24.5,26.582,377735414.034
2024-06-19 00:00:00+00:00,26.585,27.654,26.375,26.927,165596226.04
2024-06-20 00:00:00+00:00,26.928,28.87,26.66,27.57,239033084.471
2024-06-21 00:00:00+00:00,27.571,28.016,26.915,27.47,191382596.782
2024-06-22 00:00:00+00:00,27.47,27.498,24.509,25.603,383374723.837
2024-06-23 00:00:00+00:00,25.603,26.0,24.1,25.069,338109628.216
2024-06-24 00:00:00+00:00,25.069,25.241,23.436,24.768,370141729.062
2024-06-25 00:00:00+00:00,24.778,25.775,24.594,25.391,175755116.208
2024-06-26 00:00:00+00:00,25.39,26.643,25.267,25.807,279733412.575
2024-06-27 00:00:00+00:00,25.808,28.363,25.339,27.904,311002205.759
2024-06-28 00:00:00+00:00,27.905,29.09,27.655,27.957,306935970.165
2024-06-29 00:00:00+00:00,27.956,28.662,27.558,27.758,156100046.029
2024-06-30 00:00:00+00:00,27.759,29.568,27.39,29.356,223227150.639
2024-07-01 00:00:00+00:00,29.357,30.124,28.809,28.825,264447124.936
2024-07-02 00:00:00+00:00,28.825,28.908,28.076,28.699,211312179.147
2024-07-03 00:00:00+00:00,28.699,28.965,26.418,26.494,280778703.014
2024-07-04 00:00:00+00:00,26.495,26.685,24.267,24.431,265630053.772
2024-07-05 00:00:00+00:00,24.43,25.422,21.768,25.118,474373048.036
2024-07-06 00:00:00+00:00,25.12,27.602,24.846,27.388,199054907.868
2024-07-07 00:00:00+00:00,27.388,27.479,25.446,25.736,169989751.501
2024-07-08 00:00:00+00:00,25.736,27.206,24.523,25.188,288244375.609
2024-07-09 00:00:00+00:00,25.189,26.494,24.677,26.425,230657929.916
2024-07-10 00:00:00+00:00,26.425,27.416,25.608,25.74,176997054.292
2024-07-11 00:00:00+00:00,25.74,26.358,24.99,25.184,206164949.856
2024-07-12 00:00:00+00:00,25.185,26.08,24.801,25.954,164384857.079
2024-07-13 00:00:00+00:00,25.955,26.327,25.508,25.833,166473277.537
2024-07-14 00:00:00+00:00,25.837,26.662,25.567,26.332,179830494.866
2024-07-15 00:00:00+00:00,26.331,27.873,26.247,27.819,245806119.45
2024-07-16 00:00:00+00:00,27.819,29.241,26.436,27.995,353898083.337
2024-07-17 00:00:00+00:00,27.994,29.006,27.197,27.223,248659806.777
2024-07-18 00:00:00+00:00,27.225,27.924,26.548,27.118,176195640.043
2024-07-19 00:00:00+00:00,27.119,28.403,26.605,28.148,206221825.32
2024-07-20 00:00:00+00:00,28.148,29.173,27.735,29.093,161453859.465
2024-07-21 00:00:00+00:00,29.094,32.999,28.526,32.628,562447639.053
2024-07-22 00:00:00+00:00,32.628,32.95,31.3,31.859,408293168.638
2024-07-23 00:00:00+00:00,31.859,32.635,29.413,29.797,371565132.778
2024-07-24 00:00:00+00:00,29.795,30.535,28.242,28.356,392693979.655
2024-07-25 00:00:00+00:00,28.357,28.576,26.223,27.222,331330510.655
2024-07-26 00:00:00+00:00,27.222,28.834,27.158,28.693,228311684.577
2024-07-27 00:00:00+00:00,28.694,29.5,27.555,28.033,232503223.55
2024-07-28 00:00:00+00:00,28.032,28.157,27.048,27.377,141476405.837
2024-07-29 00:00:00+00:00,27.376,28.838,26.892,26.978,263593194.264
2024-07-30 00:00:00+00:00,26.977,27.294,26.002,26.303,199367782.308
2024-07-31 00:00:00+00:00,26.303,26.853,25.408,25.69,211037161.086
2024-08-01 00:00:00+00:00,25.691,25.921,23.982,25.688,240777840.859
2024-08-02 00:00:00+00:00,25.687,25.888,23.333,23.585,248738738.947
2024-08-03 00:00:00+00:00,23.584,24.1,22.167,22.656,214689503.744
2024-08-04 00:00:00+00:00,22.656,22.944,20.566,21.246,215005123.934
2024-08-05 00:00:00+00:00,21.246,21.372,17.252,19.527,751028222.4
2024-08-06 00:00:00+00:00,19.527,21.435,19.498,20.875,238730685.55
2024-08-07 00:00:00+00:00,20.875,21.677,19.681,19.842,210066326.486
2024-08-08 00:00:00+00:00,19.842,22.782,19.508,22.724,218966967.191
2024-08-09 00:00:00+00:00,22.724,22.788,21.265,21.735,156324301.443
2024-08-10 00:00:00+00:00,21.734,22.042,21.384,21.564,76066694.22
2024-08-11 00:00:00+00:00,21.564,22.374,20.358,20.386,150286941.052
2024-08-12 00:00:00+00:00,20.386,21.707,20.276,21.247,183821786.381
2024-08-13 00:00:00+00:00,21.246,21.612,20.578,21.367,128273857.116
2024-08-14 00:00:00+00:00,21.367,21.857,20.741,20.944,137735712.597
2024-08-15 00:00:00+00:00,20.943,21.139,19.8,20.108,197123144.893
2024-08-16 00:00:00+00:00,20.108,20.665,19.755,20.359,147401554.918
2024-08-17 00:00:00+00:00,20.359,20.694,20.215,20.688,62352989.419
2024-08-18 00:00:00+00:00,20.688,21.508,20.524,20.803,116796784.712
2024-08-19 00:00:00+00:00,20.804,21.233,20.364,21.196,129130338.479
2024-08-20 00:00:00+00:00,21.195,22.777,21.145,22.247,213492072.953
2024-08-21 00:00:00+00:00,22.246,23.785,22.228,23.518,257471263.697
2024-08-22 00:00:00+00:00,23.519,25.293,23.026,25.196,293939476.386
2024-08-23 00:00:00+00:00,25.197,27.011,25.189,26.483,452863066.899
2024-08-24 00:00:00+00:00,26.483,27.985,26.173,27.101,274570233.348
2024-08-25 00:00:00+00:00,27.098,27.663,26.118,26.898,220043149.199
2024-08-26 00:00:00+00:00,26.898,27.175,25.876,25.929,232323778.005
2024-08-27 00:00:00+00:00,25.928,26.793,23.652,24.067,273129412.13
2024-08-28 00:00:00+00:00,24.067,24.82,23.17,23.432,252995882.052
2024-08-29 00:00:00+00:00,23.43,24.664,22.763,22.879,191141441.681
2024-08-30 00:00:00+00:00,22.879,23.623,22.172,23.274,185769631.562
2024-08-31 00:00:00+00:00,23.275,23.389,22.454,22.786,80063022.492
2024-09-01 00:00:00+00:00,22.787,22.821,21.105,21.397,193702150.055
2024-09-02 00:00:00+00:00,21.396,22.561,21.349,22.351,150789271.637
2024-09-03 00:00:00+00:00,22.351,22.713,21.33,21.374,144049254.192
2024-09-04 00:00:00+00:00,21.373,22.301,20.449,21.893,183634362.738
2024-09-05 00:00:00+00:00,21.893,22.165,21.206,21.356,147637201.393
2024-09-06 00:00:00+00:00,21.356,22.183,20.455,21.143,263759526.442
2024-09-07 00:00:00+00:00,21.144,21.997,21.042,21.784,100207757.403
2024-09-08 00:00:00+00:00,21.784,23.492,21.703,23.231,224217991.359
2024-09-09 00:00:00+00:00,23.23,24.42,23.116,23.829,255863569.764
2024-09-10 00:00:00+00:00,23.829,24.609,23.552,24.336,171897063.65
2024-09-11 00:00:00+00:00,24.336,24.508,22.861,23.264,203829169.832
2024-09-12 00:00:00+00:00,23.261,24.101,23.25,24.005,168371380.201
2024-09-13 00:00:00+00:00,24.005,25.086,23.652,24.898,205512441.237
2024-09-14 00:00:00+00:00,24.897,25.65,24.604,25.317,141163475.861
2024-09-15 00:00:00+00:00,25.32,25.372,23.619,23.779,172687819.093
2024-09-16 00:00:00+00:00,23.779,24.219,23.204,23.496,175729588.867
2024-09-17 00:00:00+00:00,23.496,24.482,23.136,23.762,167652357.105
2024-09-18 00:00:00+00:00,23.762,24.726,22.756,24.697,191752685.176
2024-09-19 00:00:00+00:00,24.697,26.786,24.695,26.651,314126982.942
2024-09-20 00:00:00+00:00,26.651,28.816,26.451,27.655,373122497.194
2024-09-21 00:00:00+00:00,27.654,28.117,26.983,27.764,157086862.329
2024-09-22 00:00:00+00:00,27.765,27.782,26.422,27.287,164592831.637
2024-09-23 00:00:00+00:00,27.287,28.158,26.54,27.379,217450368.277
2024-09-24 00:00:00+00:00,27.379,28.549,26.822,28.462,215903761.76
2024-09-25 00:00:00+00:00,28.462,28.493,27.13,27.27,201095443.847
2024-09-26 00:00:00+00:00,27.272,29.425,26.946,29.155,259457800.47
2024-09-27 00:00:00+00:00,29.153,30.847,28.92,30.424,236167870.32
2024-09-28 00:00:00+00:00,30.425,30.744,29.019,29.277,152881348.469
2024-09-29 00:00:00+00:00,29.277,29.457,28.226,29.02,167276307.404
2024-09-30 00:00:00+00:00,29.022,29.104,27.533,27.698,232327713.048
2024-10-01 00:00:00+00:00,27.697,28.87,25.004,25.801,357544491.408
2024-10-02 00:00:00+00:00,25.8,26.766,25.006,25.317,237122475.992
2024-10-03 00:00:00+00:00,25.316,25.651,23.866,24.633,251288043.953
2024-10-04 00:00:00+00:00,24.63,26.472,24.411,26.248,175577965.455
2024-10-05 00:00:00+00:00,26.249,26.43,25.08,25.65,106977050.913
2024-10-06 00:00:00+00:00,25.65,27.067,25.479,26.916,142900928.406
2024-10-07 00:00:00+00:00,26.915,27.728,26.501,26.546,204537145.079
2024-10-08 00:00:00+00:00,26.547,27.171,26.01,26.335,159271125.49
2024-10-09 00:00:00+00:00,26.335,26.68,25.66,25.758,157234764.91
2024-10-10 00:00:00+00:00,25.759,26.354,25.05,25.842,167346552.018
2024-10-11 00:00:00+00:00,25.842,27.589,25.735,27.451,147561151.364
2024-10-12 00:00:00+00:00,27.451,29.364,27.389,28.624,218472077.849
2024-10-13 00:00:00+00:00,28.624,29.349,28.269,29.048,179684896.593
2024-10-14 00:00:00+00:00,29.049,29.858,28.637,29.047,239010320.435
2024-10-15 00:00:00+00:00,29.047,29.615,27.506,28.195,345597919.19
2024-10-16 00:00:00+00:00,28.193,28.207,27.236,28.007,189601397.385
2024-10-17 00:00:00+00:00,28.007,28.257,26.786,27.286,173723292.036
2024-10-18 00:00:00+00:00,27.286,28.148,27.083,28.077,123036856.647
2024-10-19 00:00:00+00:00,28.077,28.446,27.701,28.089,82953035.528
2024-10-20 00:00:00+00:00,28.088,29.0,27.744,28.97,113780706.365
2024-10-21 00:00:00+00:00,28.968,29.333,27.363,27.738,185815600.198
2024-10-22 00:00:00+00:00,27.737,28.217,27.191,27.629,156771879.806
2024-10-23 00:00:00+00:00,27.63,27.69,25.86,26.733,191638688.018
2024-10-24 00:00:00+00:00,26.736,27.233,26.366,26.819,125999326.324
2024-10-25 00:00:00+00:00,26.818,26.871,23.901,24.907,225959977.825
2024-10-26 00:00:00+00:00,24.908,25.663,24.528,25.388,102460145.223
2024-10-27 00:00:00+00:00,25.388,25.928,25.225,25.744,62183762.429
2024-10-28 00:00:00+00:00,25.744,26.522,25.033,26.252,154688985.951
2024-10-29 00:00:00+00:00,26.252,27.153,26.167,26.869,151210426.754
2024-10-30 00:00:00+00:00,26.869,26.898,25.979,26.161,148254649.44
2024-10-31 00:00:00+00:00,26.161,26.212,24.657,24.999,148053879.795
2024-11-01 00:00:00+00:00,25.0,25.7,24.371,24.773,152830077.82
2024-11-02 00:00:00+00:00,24.772,25.002,23.935,24.101,77731375.396
2024-11-03 00:00:00+00:00,24.101,24.191,22.589,23.517,165513436.862
2024-11-04 00:00:00+00:00,23.517,23.915,22.322,22.717,162797614.547
2024-11-05 00:00:00+00:00,22.718,24.47,22.583,23.973,147196719.104
2024-11-06 00:00:00+00:00,23.972,27.329,23.972,27.007,302164586.564
2024-11-07 00:00:00+00:00,27.007,28.02,26.52,27.395,232652553.463
2024-11-08 00:00:00+00:00,27.395,28.801,27.113,28.788,250364115.422
2024-11-09 00:00:00+00:00,28.789,30.51,28.48,30.389,286325623.033
2024-11-10 00:00:00+00:00,30.386,33.324,29.691,31.904,534012927.53
2024-11-11 00:00:00+00:00,31.905,35.838,30.727,35.748,570180741.88
2024-11-12 00:00:00+00:00,35.75,37.736,32.686,33.971,863665447.112
2024-11-13 00:00:00+00:00,33.972,35.078,31.226,33.13,675499857.447
2024-11-14 00:00:00+00:00,33.135,34.748,30.676,31.207,399692324.763
2024-11-15 00:00:00+00:00,31.206,33.316,30.578,33.132,333274154.099
2024-11-16 00:00:00+00:00,33.132,35.76,32.778,35.172,356119510.951
2024-11-17 00:00:00+00:00,35.175,37.304,33.101,34.738,539896311.275
2024-11-18 00:00:00+00:00,34.742,36.185,34.021,35.509,404116051.631
2024-11-19 00:00:00+00:00,35.509,35.669,33.522,34.224,309646429.526
2024-11-20 00:00:00+00:00,34.227,35.78,32.773,33.598,379182179.663
2024-11-21 00:00:00+00:00,33.6,36.244,32.312,35.873,410679774.063
2024-11-22 00:00:00+00:00,35.876,43.701,35.215,43.208,871663092.863
2024-11-23 00:00:00+00:00,43.208,45.318,40.719,41.463,914931667.168
2024-11-24 00:00:00+00:00,41.464,43.192,38.264,42.083,665370103.277
2024-11-25 00:00:00+00:00,42.091,47.954,40.056,41.335,1088559254.278
2024-11-26 00:00:00+00:00,41.333,43.4,38.51,42.752,741836404.233
2024-11-27 00:00:00+00:00,42.75,44.494,41.95,43.819,621308205.219
2024-11-28 00:00:00+00:00,43.813,44.303,41.509,42.806,386922832.543
2024-11-29 00:00:00+00:00,42.805,45.098,42.565,44.886,373134207.365
2024-11-30 00:00:00+00:00,44.886,46.306,43.672,44.845,402276135.798
2024-12-01 00:00:00+00:00,44.845,45.85,43.619,45.145,384434698.019
2024-12-02 00:00:00+00:00,45.143,52.53,45.044,52.312,1635505910.128
2024-12-03 00:00:00+00:00,52.313,53.99,47.866,50.931,1214892942.793
2024-12-04 00:00:00+00:00,50.932,55.86,50.872,52.815,1045276990.928
2024-12-05 00:00:00+00:00,52.813,53.699,48.35,50.314,845699176.637
2024-12-06 00:00:00+00:00,50.32,53.632,49.64,52.517,593313208.442
2024-12-07 00:00:00+00:00,52.518,53.14,51.241,51.632,350938012.522
2024-12-08 00:00:00+00:00,51.633,54.46,50.384,54.024,491936836.074
2024-12-09 00:00:00+00:00,54.025,54.266,39.6,44.98,1159745586.962
2024-12-10 00:00:00+00:00,44.981,46.466,41.3,44.589,854376737.397
2024-12-11 00:00:00+00:00,44.588,48.45,42.806,48.446,466212796.325
2024-12-12 00:00:00+00:00,48.446,55.407,48.179,53.124,1023993471.822
2024-12-13 00:00:00+00:00,53.129,54.005,50.614,52.781,608342986.369
2024-12-14 00:00:00+00:00,52.782,53.837,49.348,49.83,468368597.477
2024-12-15 00:00:00+00:00,49.83,51.385,48.064,50.765,489695649.267
2024-12-16 00:00:00+00:00,50.763,52.045,48.284,48.979,551690530.925
2024-12-17 00:00:00+00:00,48.979,50.864,47.51,47.898,548520671.783
2024-12-18 00:00:00+00:00,47.898,48.178,42.0,42.75,674483551.969
2024-12-19 00:00:00+00:00,42.753,43.585,37.416,38.807,784127749.434
2024-12-20 00:00:00+00:00,38.808,40.355,33.578,39.835,746749625.298
2024-12-21 00:00:00+00:00,39.834,42.33,36.902,37.408,511759385.471
2024-12-22 00:00:00+00:00,37.409,38.526,35.521,36.557,424222612.726
2024-12-23 00:00:00+00:00,36.556,39.722,35.6,39.083,501055365.554
2024-12-24 00:00:00+00:00,39.083,42.036,37.684,41.217,417242157.269
2024-12-25 00:00:00+00:00,41.217,41.866,39.8,40.236,262749876.283
2024-12-26 00:00:00+00:00,40.236,40.709,36.944,37.309,325545655.651
2024-12-27 00:00:00+00:00,37.308,39.028,36.274,36.552,325252755.921
2024-12-28 00:00:00+00:00,36.553,38.139,36.265,37.731,167282469.288
2024-12-29 00:00:00+00:00,37.731,37.791,35.51,35.818,172732914.307
2024-12-30 00:00:00+00:00,35.818,37.172,34.862,35.966,327579530.548
2024-12-31 00:00:00+00:00,35.965,37.292,34.909,35.688,248826571.785
2025-01-01 00:00:00+00:00,35.689,37.991,34.935,37.771,218733237.187
2025-01-02 00:00:00+00:00,37.771,40.597,37.77,39.276,299968415.968
2025-01-03 00:00:00+00:00,39.276,42.2,38.9,41.955,331434000.795
2025-01-04 00:00:00+00:00,41.954,42.843,40.869,42.624,237002875.073
2025-01-05 00:00:00+00:00,42.624,43.216,41.24,43.112,214506359.383
2025-01-06 00:00:00+00:00,43.113,45.062,42.025,44.048,344048094.122
2025-01-07 00:00:00+00:00,44.048,44.58,39.092,39.187,408838039.007
2025-01-08 00:00:00+00:00,39.189,39.909,36.166,37.4,425242637.198
2025-01-09 00:00:00+00:00,37.399,37.925,35.479,36.177,314761613.773
2025-01-10 00:00:00+00:00,36.178,37.915,35.934,36.646,271077581.627
2025-01-11 00:00:00+00:00,36.645,37.772,36.0,37.114,145090714.038
2025-01-12 00:00:00+00:00,37.114,37.626,36.08,36.54,148637364.872
2025-01-13 00:00:00+00:00,36.539,37.351,32.602,35.27,456265425.862
2025-01-14 00:00:00+00:00,35.27,36.709,34.978,36.552,198513885.191
2025-01-15 00:00:00+00:00,36.553,40.026,36.179,39.811,376958535.244
2025-01-16 00:00:00+00:00,39.811,40.521,38.316,40.054,368491910.576
2025-01-17 00:00:00+00:00,40.055,41.821,40.055,41.359,305751866.172
2025-01-18 00:00:00+00:00,41.359,41.671,38.269,39.221,381525534.594
2025-01-19 00:00:00+00:00,39.222,40.562,34.907,35.659,581215025.714
2025-01-20 00:00:00+00:00,35.659,40.5,34.434,36.008,677079227.995
2025-01-21 00:00:00+00:00,36.009,37.579,34.478,36.947,336850969.282
2025-01-22 00:00:00+00:00,36.946,37.778,36.483,36.798,208579990.741
2025-01-23 00:00:00+00:00,36.798,36.952,34.614,35.545,327417296.826
2025-01-24 00:00:00+00:00,35.548,36.782,34.524,35.324,225687244.407
2025-01-25 00:00:00+00:00,35.324,37.257,34.873,36.609,206944424.257
2025-01-26 00:00:00+00:00,36.603,38.16,35.683,35.724,239360379.69
2025-01-27 00:00:00+00:00,35.724,36.031,32.845,34.17,451223586.038
2025-01-28 00:00:00+00:00,34.172,34.509,31.8,32.048,279803952.851
2025-01-29 00:00:00+00:00,32.049,33.83,31.86,32.779,268045613.624
2025-01-30 00:00:00+00:00,32.778,34.688,32.411,34.278,177983602.409
2025-01-31 00:00:00+00:00,34.278,36.159,33.795,34.421,249932841.362
2025-02-01 00:00:00+00:00,34.422,35.096,31.848,32.089,194648376.023
2025-02-02 00:00:00+00:00,32.09,32.565,25.805,27.614,504963067.399
2025-02-03 00:00:00+00:00,27.614,28.763,21.219,28.382,784907049.166
2025-02-04 00:00:00+00:00,28.382,28.623,25.518,26.448,380601154.976
2025-02-05 00:00:00+00:00,26.45,27.408,25.593,25.836,239620251.913
2025-02-06 00:00:00+00:00,25.836,26.804,24.241,24.488,255001653.422
2025-02-07 00:00:00+00:00,24.488,26.211,23.686,24.447,289879615.866
2025-02-08 00:00:00+00:00,24.448,24.813,23.9,24.569,149786177.701
2025-02-09 00:00:00+00:00,24.569,25.521,23.631,24.86,209563447.163
2025-02-10 00:00:00+00:00,24.859,25.989,23.838,25.658,217188342.368
2025-02-11 00:00:00+00:00,25.657,27.016,24.87,25.376,225317645.265
2025-02-12 00:00:00+00:00,25.376,27.087,24.257,26.491,256062306.237
2025-02-13 00:00:00+00:00,26.491,26.606,25.068,25.382,179193649.442
2025-02-14 00:00:00+00:00,25.383,27.219,25.281,26.371,212975673.566
2025-02-15 00:00:00+00:00,26.371,26.95,25.35,25.468,131712701.338
2025-02-16 00:00:00+00:00,25.467,25.57,24.706,24.842,125218472.574
2025-02-17 00:00:00+00:00,24.842,25.944,24.399,25.017,196166873.237
2025-02-18 00:00:00+00:00,25.019,25.112,22.92,23.513,261197224.135
2025-02-19 00:00:00+00:00,23.513,24.008,22.963,23.715,183787291.339
2025-02-20 00:00:00+00:00,23.715,25.344,23.697,25.142,226440373.729
2025-02-21 00:00:00+00:00,25.142,26.535,23.747,24.531,346505696.296
2025-02-22 00:00:00+00:00,24.531,26.37,24.421,25.823,197462059.397
2025-02-23 00:00:00+00:00,25.822,25.973,24.396,24.833,161503762.446
2025-02-24 00:00:00+00:00,24.833,25.163,21.417,21.866,322971613.988
2025-02-25 00:00:00+00:00,21.867,22.324,20.285,21.936,378865079.309
2025-02-26 00:00:00+00:00,21.938,22.582,20.976,21.859,296451119.318
2025-02-27 00:00:00+00:00,21.859,23.383,21.631,22.519,230905385.72
2025-02-28 00:00:00+00:00,22.519,22.6,20.201,22.368,358997969.437
2025-03-01 00:00:00+00:00,22.368,22.499,21.04,21.853,170908418.151
2025-03-02 00:00:00+00:00,21.854,24.986,21.538,24.941,339268016.703
2025-03-03 00:00:00+00:00,24.941,25.099,20.558,20.931,428527502.192
2025-03-04 00:00:00+00:00,20.932,21.098,18.828,19.982,429560066.568
2025-03-05 00:00:00+00:00,19.983,22.454,19.67,21.713,344360408.226
2025-03-06 00:00:00+00:00,21.713,22.566,20.876,20.988,301358554.319
2025-03-07 00:00:00+00:00,20.987,21.309,19.663,20.13,344793378.863
2025-03-08 00:00:00+00:00,20.129,21.075,19.4,20.488,224626257.125
2025-03-09 00:00:00+00:00,20.488,20.672,17.733,17.959,281271286.231
2025-03-10 00:00:00+00:00,17.958,19.056,16.14,16.253,375879630.421
2025-03-11 00:00:00+00:00,16.254,17.902,15.264,17.498,419088266.208
2025-03-12 00:00:00+00:00,17.498,18.963,16.93,18.904,309794825.896
2025-03-13 00:00:00+00:00,18.903,19.32,17.721,18.496,289532568.282
2025-03-14 00:00:00+00:00,18.495,19.295,18.452,18.557,260343444.016
2025-03-15 00:00:00+00:00,18.556,19.469,18.359,19.385,324519305.072
2025-03-16 00:00:00+00:00,19.385,19.84,18.1,18.245,275195128.82
2025-03-17 00:00:00+00:00,18.245,19.077,18.171,18.809,215660778.692
2025-03-18 00:00:00+00:00,18.809,19.266,18.31,18.972,265435188.183
2025-03-19 00:00:00+00:00,18.972,20.093,18.829,19.721,299433975.465
2025-03-20 00:00:00+00:00,19.722,19.855,18.382,18.736,207786216.265
2025-03-21 00:00:00+00:00,18.735,19.486,18.336,19.17,183325804.437
2025-03-22 00:00:00+00:00,19.171,19.734,19.062,19.417,125576642.949
2025-03-23 00:00:00+00:00,19.417,19.837,19.294,19.807,121031152.43
2025-03-24 00:00:00+00:00,19.808,22.13,19.766,21.471,353391221.528
2025-03-25 00:00:00+00:00,21.471,23.447,21.273,22.89,347625513.448
2025-03-26 00:00:00+00:00,22.891,23.23,21.815,22.041,269694304.649
2025-03-27 00:00:00+00:00,22.041,22.371,21.617,22.003,186443033.166
2025-03-28 00:00:00+00:00,22.004,22.179,19.755,20.351,318178975.48
2025-03-29 00:00:00+00:00,20.352,20.52,19.437,19.589,240729363.225
2025-03-30 00:00:00+00:00,19.59,19.894,18.669,18.855,208731140.099
2025-03-31 00:00:00+00:00,18.856,19.107,18.164,18.762,217295112.154
2025-04-01 00:00:00+00:00,18.761,19.933,18.704,19.809,225002591.704
2025-04-02 00:00:00+00:00,19.81,19.916,17.751,17.968,356602577.763
2025-04-03 00:00:00+00:00,17.969,18.98,17.563,18.144,255647332.549
2025-04-04 00:00:00+00:00,18.145,18.761,17.597,18.178,281741655.188
2025-04-05 00:00:00+00:00,18.177,18.368,17.663,17.869,113989964.081
2025-04-06 00:00:00+00:00,17.87,17.912,15.612,16.032,310146853.265
2025-04-07 00:00:00+00:00,16.034,17.26,14.652,16.677,546502007.09
2025-04-08 00:00:00+00:00,16.678,17.726,15.916,16.137,347099717.934
2025-04-09 00:00:00+00:00,16.137,18.903,15.575,18.431,416521147.876
2025-04-10 00:00:00+00:00,18.431,18.443,17.556,18.303,253759615.531
2025-04-11 00:00:00+00:00,18.301,19.557,18.297,19.112,245979040.654
2025-04-12 00:00:00+00:00,19.111,21.008,18.832,20.48,269886307.644
2025-04-13 00:00:00+00:00,20.483,20.656,19.255,19.574,223930536.162
2025-04-14 00:00:00+00:00,19.573,20.677,19.533,20.105,260522320.659
2025-04-15 00:00:00+00:00,20.105,20.272,18.952,19.002,209670460.232
2025-04-16 00:00:00+00:00,19.002,19.274,18.453,18.742,201086689.637
2025-04-17 00:00:00+00:00,18.742,19.553,18.678,19.037,159808605.254
2025-04-18 00:00:00+00:00,19.037,19.334,18.83,19.058,100833571.288
2025-04-19 00:00:00+00:00,19.058,20.36,19.014,19.886,144339663.429
2025-04-20 00:00:00+00:00,19.885,20.03,19.214,19.491,127981222.675
2025-04-21 00:00:00+00:00,19.492,20.955,19.492,19.908,272843790.912
2025-04-22 00:00:00+00:00,19.908,22.301,19.403,22.103,329573624.278
2025-04-23 00:00:00+00:00,22.104,23.075,21.876,22.326,341834355.002
2025-04-24 00:00:00+00:00,22.326,22.637,21.601,22.369,217138259.115
2025-04-25 00:00:00+00:00,22.368,22.859,21.75,22.152,249775594.097
2025-04-26 00:00:00+00:00,22.152,22.985,21.686,22.398,200056594.659
2025-04-27 00:00:00+00:00,22.398,22.785,21.637,21.699,203943733.014
2025-04-28 00:00:00+00:00,21.699,22.422,21.001,21.83,283357065.528
2025-04-29 00:00:00+00:00,21.83,22.288,21.248,21.547,210241501.96
2025-04-30 00:00:00+00:00,21.548,21.938,20.332,20.899,218184585.95
2025-05-01 00:00:00+00:00,20.898,21.859,20.8,21.626,221482981.96
2025-05-02 00:00:00+00:00,21.626,22.176,20.944,21.241,224640019.65
2025-05-03 00:00:00+00:00,21.241,21.267,20.46,20.509,131264410.904
2025-05-04 00:00:00+00:00,20.508,20.622,19.745,19.886,159425472.879
2025-05-05 00:00:00+00:00,19.886,20.23,19.269,19.672,202339041.304
2025-05-06 00:00:00+00:00,19.672,20.117,19.254,20.005,219711936.593
2025-05-07 00:00:00+00:00,20.005,20.245,19.064,19.537,218087740.331
2025-05-08 00:00:00+00:00,19.536,22.162,19.479,22.15,369945432.454
2025-05-09 00:00:00+00:00,22.149,24.0,21.955,23.266,456334320.145
2025-05-10 00:00:00+00:00,23.266,25.975,23.007,25.81,386043055.336
2025-05-11 00:00:00+00:00,25.809,26.026,24.14,24.776,319859516.683
2025-05-12 00:00:00+00:00,24.777,26.834,23.72,24.824,471174365.102
2025-05-13 00:00:00+00:00,24.823,26.248,23.449,25.71,338687320.674
2025-05-14 00:00:00+00:00,25.709,26.536,24.728,24.947,357469116.755
2025-05-15 00:00:00+00:00,24.948,25.131,22.921,23.495,426698189.221
2025-05-16 00:00:00+00:00,23.496,24.042,22.653,23.047,242322911.103
2025-05-17 00:00:00+00:00,23.047,23.127,21.957,22.165,225084585.804
2025-05-18 00:00:00+00:00,22.164,23.856,21.464,23.041,320880480.509
2025-05-19 00:00:00+00:00,23.041,23.184,21.248,22.244,256607452.17
2025-05-20 00:00:00+00:00,22.245,22.81,21.747,22.597,240349170.043
2025-05-21 00:00:00+00:00,22.597,23.809,22.145,23.164,344461789.954
2025-05-22 00:00:00+00:00,23.168,25.464,23.122,25.25,390408847.976
2025-05-23 00:00:00+00:00,25.25,25.97,22.901,23.063,462587271.399
2025-05-24 00:00:00+00:00,23.062,23.455,22.716,22.937,197986036.262
2025-05-25 00:00:00+00:00,22.938,23.459,22.018,23.43,218185017.09
2025-05-26 00:00:00+00:00,23.432,23.993,22.862,23.047,232205898.004
2025-05-27 00:00:00+00:00,23.049,23.871,22.492,23.361,250696374.813
2025-05-28 00:00:00+00:00,23.361,23.763,22.752,23.599,219188811.532
2025-05-29 00:00:00+00:00,23.599,24.34,22.14,22.236,323204699.275
2025-05-30 00:00:00+00:00,22.236,22.337,20.385,20.535,350586912.278
2025-05-31 00:00:00+00:00,20.532,21.116,19.759,20.786,213125059.893
2025-06-01 00:00:00+00:00,20.785,20.961,20.151,20.869,139720735.162
2025-06-02 00:00:00+00:00,20.869,21.306,20.203,21.143,178254795.639
2025-06-03 00:00:00+00:00,21.143,21.69,20.86,21.129,183763542.068
2025-06-04 00:00:00+00:00,21.13,21.636,20.045,20.076,187027676.104
2025-06-05 00:00:00+00:00,20.076,20.528,18.414,18.73,313456180.288
2025-06-06 00:00:00+00:00,18.731,19.943,18.612,19.637,194699957.613
2025-06-07 00:00:00+00:00,19.637,21.118,19.549,20.646,220567889.901
2025-06-08 00:00:00+00:00,20.645,21.482,20.13,21.038,230926473.33
2025-06-09 00:00:00+00:00,21.039,22.036,20.2,21.941,304305642.896
2025-06-10 00:00:00+00:00,21.94,22.59,21.507,22.567,341489481.261
2025-06-11 00:00:00+00:00,22.567,22.771,21.31,21.56,323440788.38
2025-06-12 00:00:00+00:00,21.56,21.626,20.139,20.27,281622031.217
2025-06-13 00:00:00+00:00,20.273,20.292,18.448,19.403,382520363.078
2025-06-14 00:00:00+00:00,19.403,19.429,18.697,18.926,142500305.062
2025-06-15 00:00:00+00:00,18.926,19.274,18.714,19.099,162347698.582
2025-06-16 00:00:00+00:00,19.099,19.991,18.889,19.049,244359804.344
2025-06-17 00:00:00+00:00,19.049,19.487,18.116,18.574,267980013.277
2025-06-18 00:00:00+00:00,18.574,18.895,18.045,18.155,232468002.486
2025-06-19 00:00:00+00:00,18.156,18.388,17.622,18.045,230183749.782
2025-06-20 00:00:00+00:00,18.045,18.41,16.934,17.357,252398831.725
2025-06-21 00:00:00+00:00,17.358,17.63,16.25,16.811,236819426.523
2025-06-22 00:00:00+00:00,16.812,17.098,15.6,16.513,329400656.164
2025-06-23 00:00:00+00:00,16.513,18.188,16.254,18.051,350438104.277
2025-06-24 00:00:00+00:00,18.052,18.476,17.881,18.224,247310299.341
2025-06-25 00:00:00+00:00,18.225,18.361,17.403,17.567,199320484.56
2025-06-26 00:00:00+00:00,17.568,18.006,17.088,17.222,196488847.833
2025-06-27 00:00:00+00:00,17.221,17.776,16.997,17.569,184823035.953
2025-06-28 00:00:00+00:00,17.57,18.066,17.47,17.965,113318112.474
2025-06-29 00:00:00+00:00,17.966,18.893,17.792,18.728,168775728.768
2025-06-30 00:00:00+00:00,18.73,18.875,17.692,17.958,213816070.051
2025-07-01 00:00:00+00:00,17.96,18.05,16.933,17.093,178693624.869
2025-07-02 00:00:00+00:00,17.092,18.826,16.947,18.519,304423429.103
2025-07-03 00:00:00+00:00,18.519,19.173,18.333,18.535,229490720.077
2025-07-04 00:00:00+00:00,18.536,18.871,17.493,17.782,234555527.129
2025-07-05 00:00:00+00:00,17.781,17.981,17.61,17.904,103919493.776
2025-07-06 00:00:00+00:00,17.904,18.617,17.725,18.281,146062379.697
2025-07-07 00:00:00+00:00,18.281,18.593,17.786,17.985,165886533.213
2025-07-08 00:00:00+00:00,17.985,18.473,17.681,18.359,181827141.633
2025-07-09 00:00:00+00:00,18.359,19.617,18.086,19.5,271779725.926
2025-07-10 00:00:00+00:00,19.5,20.782,19.335,20.702,314124694.347
2025-07-11 00:00:00+00:00,20.702,21.528,20.324,20.672,391126936.06
2025-07-12 00:00:00+00:00,20.674,21.075,20.16,20.684,229869157.677
2025-07-13 00:00:00+00:00,20.684,21.776,20.654,21.184,269696343.761
2025-07-14 00:00:00+00:00,21.184,22.075,20.999,21.255,290934868.039
2025-07-15 00:00:00+00:00,21.254,22.571,20.382,22.504,421789317.317
2025-07-16 00:00:00+00:00,22.505,23.031,21.616,22.651,358155543.215
2025-07-17 00:00:00+00:00,22.653,24.345,22.015,23.905,474745874.868
2025-07-18 00:00:00+00:00,23.905,25.038,23.05,23.515,556510248.313
2025-07-19 00:00:00+00:00,23.517,25.236,22.992,24.496,358050364.662
2025-07-20 00:00:00+00:00,24.496,25.55,24.297,25.039,413488051.761
2025-07-21 00:00:00+00:00,25.041,26.435,24.628,25.435,461813960.599
2025-07-22 00:00:00+00:00,25.436,26.1,24.7,25.9,743087775.206
2025-07-23 00:00:00+00:00,25.9,26.125,23.137,23.941,558154159.347
2025-07-24 00:00:00+00:00,23.941,24.438,22.511,23.656,441701254.448
2025-07-25 00:00:00+00:00,23.658,24.038,22.846,24.003,334690038.987
2025-07-26 00:00:00+00:00,24.003,25.786,23.847,24.929,319261367.907
2025-07-27 00:00:00+00:00,24.928,26.479,24.744,26.056,317021321.447
2025-07-28 00:00:00+00:00,26.057,27.415,24.966,25.196,617129944.816
2025-07-29 00:00:00+00:00,25.196,25.504,23.855,24.358,497549197.468
2025-07-30 00:00:00+00:00,24.36,24.496,22.343,23.301,364411160.452
2025-07-31 00:00:00+00:00,23.301,24.104,22.38,22.45,351713824.978
2025-08-01 00:00:00+00:00,22.45,22.566,21.011,21.509,438889712.615
2025-08-02 00:00:00+00:00,21.508,21.812,20.651,20.851,240100737.827
2025-08-03 00:00:00+00:00,20.851,21.525,20.566,21.359,170434505.98
2025-08-04 00:00:00+00:00,21.358,23.103,21.327,23.096,298432024.907
2025-08-05 00:00:00+00:00,23.096,23.122,21.418,21.896,306845650.385
2025-08-06 00:00:00+00:00,21.896,22.39,21.556,22.22,230423886.015
2025-08-07 00:00:00+00:00,22.219,23.357,21.938,23.351,277396116.244
2025-08-08 00:00:00+00:00,23.35,23.869,23.002,23.797,340487797.486
2025-08-09 00:00:00+00:00,23.798,24.813,23.733,24.241,313880202.436
2025-08-10 00:00:00+00:00,24.242,24.552,23.256,23.83,296039890.688
2025-08-11 00:00:00+00:00,23.831,24.619,22.633,22.775,434921671.896
2025-08-12 00:00:00+00:00,22.774,24.919,22.725,24.684,403288684.027
2025-08-13 00:00:00+00:00,24.684,25.688,24.383,25.482,485699912.068
2025-08-14 00:00:00+00:00,25.483,26.006,23.0,23.644,705583324.922
2025-08-15 00:00:00+00:00,23.647,25.656,23.444,23.751,724378617.935
2025-08-16 00:00:00+00:00,23.75,24.367,23.555,24.29,286620778.831
2025-08-17 00:00:00+00:00,24.291,25.68,24.008,25.063,409100936.0
2025-08-18 00:00:00+00:00,25.063,25.319,23.339,23.682,576170690.007
2025-08-19 00:00:00+00:00,23.682,24.054,22.296,22.35,498813449.598
2025-08-20 00:00:00+00:00,22.35,23.545,22.221,23.447,410966237.189
2025-08-21 00:00:00+00:00,23.447,23.62,22.706,22.769,348554903.138
2025-08-22 00:00:00+00:00,22.768,25.412,22.183,25.265,785995039.437
2025-08-23 00:00:00+00:00,25.265,26.779,24.48,26.263,766312322.917
2025-08-24 00:00:00+00:00,26.263,26.573,24.931,25.823,715145359.841
2025-08-25 00:00:00+00:00,25.821,25.988,23.022,23.339,707289275.701
2025-08-26 00:00:00+00:00,23.339,24.344,23.076,24.172,496037912.853
2025-08-27 00:00:00+00:00,24.17,25.323,23.86,24.42,583787696.095
2025-08-28 00:00:00+00:00,24.42,25.073,24.12,24.928,510132759.684
2025-08-29 00:00:00+00:00,24.927,25.197,23.185,23.536,651671140.935
2025-08-30 00:00:00+00:00,23.537,23.934,23.094,23.77,263517611.69
2025-08-31 00:00:00+00:00,23.769,24.197,23.361,23.381,273924838.265
2025-09-01 00:00:00+00:00,23.382,24.338,22.651,23.205,636805383.892
2025-09-02 00:00:00+00:00,23.204,24.501,23.015,24.467,587284593.567
2025-09-03 00:00:00+00:00,24.467,25.783,24.267,25.197,578753764.004
2025-09-04 00:00:00+00:00,25.197,25.268,24.164,24.202,400832793.222
2025-09-05 00:00:00+00:00,24.202,25.099,23.846,24.465,515034955.136
2025-09-06 00:00:00+00:00,24.465,24.612,24.076,24.369,181459938.778
2025-09-07 00:00:00+00:00,24.369,24.94,24.25,24.683,236908717.858
2025-09-08 00:00:00+00:00,24.683,25.801,24.532,25.282,401704426.369
2025-09-09 00:00:00+00:00,25.282,26.361,24.903,25.931,507390063.308
2025-09-10 00:00:00+00:00,25.931,29.522,25.737,29.474,980754044.478
2025-09-11 00:00:00+00:00,29.473,30.008,28.177,29.133,731716255.921
2025-09-12 00:00:00+00:00,29.132,29.394,28.215,28.968,515480908.904
2025-09-13 00:00:00+00:00,28.968,31.235,28.726,30.069,843266047.349
2025-09-14 00:00:00+00:00,30.069,30.616,28.938,29.431,689090031.698
2025-09-15 00:00:00+00:00,29.43,30.439,28.228,29.794,821995192.795
2025-09-16 00:00:00+00:00,29.793,30.973,29.166,30.055,736675546.378
2025-09-17 00:00:00+00:00,30.055,32.002,29.363,31.825,759207325.85
2025-09-18 00:00:00+00:00,31.827,35.434,31.631,35.193,1259521923.802
2025-09-19 00:00:00+00:00,35.193,35.808,33.289,33.719,1025211313.512
2025-09-20 00:00:00+00:00,33.72,34.093,32.833,33.154,508228772.902
2025-09-21 00:00:00+00:00,33.153,33.594,32.57,33.02,450683044.415
2025-09-22 00:00:00+00:00,33.023,33.976,26.788,33.861,1251541728.232
2025-09-23 00:00:00+00:00,33.863,36.16,32.742,33.586,1579599964.763
2025-09-24 00:00:00+00:00,33.587,34.932,32.253,32.298,971882973.451
2025-09-25 00:00:00+00:00,32.297,32.79,28.525,28.629,1158294328.138
2025-09-26 00:00:00+00:00,28.628,29.58,27.039,29.081,1040859679.331
2025-09-27 00:00:00+00:00,29.081,29.086,28.221,28.736,340135352.688
2025-09-28 00:00:00+00:00,28.735,30.178,27.919,29.979,458453164.746
2025-09-29 00:00:00+00:00,29.98,30.816,29.128,30.394,703489141.059
2025-09-30 00:00:00+00:00,30.393,30.691,28.808,30.012,540273469.1
2025-10-01 00:00:00+00:00,30.012,31.087,29.611,30.72,517579903.535
2025-10-02 00:00:00+00:00,30.721,31.373,29.492,30.965,801334880.414
2025-10-03 00:00:00+00:00,30.964,31.558,29.97,31.317,661580657.333
2025-10-04 00:00:00+00:00,31.316,31.439,29.838,30.093,374550595.694
2025-10-05 00:00:00+00:00,30.092,31.201,29.612,30.051,491458736.445
2025-10-06 00:00:00+00:00,30.051,31.027,29.919,30.609,514424959.977
2025-10-07 00:00:00+00:00,30.608,30.724,27.8,27.911,699641390.834
2025-10-08 00:00:00+00:00,27.911,29.63,27.82,28.804,504337854.818
2025-10-09 00:00:00+00:00,28.804,28.898,27.537,28.374,384822736.195
2025-10-10 00:00:00+00:00,28.375,28.613,8.433,20.608,1243447036.252
2025-10-11 00:00:00+00:00,20.613,23.357,20.33,21.438,717099851.96
2025-10-12 00:00:00+00:00,21.437,23.309,20.646,22.477,729162480.023
2025-10-13 00:00:00+00:00,22.477,24.043,21.676,23.798,771980135.696
2025-10-14 00:00:00+00:00,23.799,23.883,21.792,22.723,669919380.992
2025-10-15 00:00:00+00:00,22.724,23.269,21.537,21.886,468308127.052
2025-10-16 00:00:00+00:00,21.885,22.381,20.554,20.959,501616498.175
2025-10-17 00:00:00+00:00,20.96,21.253,19.01,19.944,572969196.307
2025-10-18 00:00:00+00:00,19.944,20.409,19.816,20.205,202188860.581
2025-10-19 00:00:00+00:00,20.205,20.832,19.737,20.582,269613220.173
2025-10-20 00:00:00+00:00,20.582,21.2,20.151,20.332,322006769.217
2025-10-21 00:00:00+00:00,20.332,20.843,19.457,19.53,453912527.058
2025-10-22 00:00:00+00:00,19.53,19.714,18.387,19.007,412235197.481
2025-10-23 00:00:00+00:00,19.008,19.74,18.958,19.12,245795750.288
2025-10-24 00:00:00+00:00,19.12,19.971,19.01,19.492,267895215.567
2025-10-25 00:00:00+00:00,19.493,19.825,19.229,19.711,147988326.817
2025-10-26 00:00:00+00:00,19.711,20.944,19.333,20.812,304307252.038
2025-10-27 00:00:00+00:00,20.812,21.083,20.154,20.316,314530318.961
2025-10-28 00:00:00+00:00,20.317,20.515,19.112,19.461,413284345.976
2025-10-29 00:00:00+00:00,19.46,20.19,19.3,19.652,352204470.056
2025-10-30 00:00:00+00:00,19.653,19.959,17.516,18.103,450864431.861
2025-10-31 00:00:00+00:00,18.104,18.568,17.776,18.184,268779758.432
2025-11-01 00:00:00+00:00,18.184,18.733,18.075,18.711,153184799.681
2025-11-02 00:00:00+00:00,18.712,19.0,18.079,18.801,195002504.325
2025-11-03 00:00:00+00:00,18.802,18.907,15.866,16.645,584828299.536
2025-11-04 00:00:00+00:00,16.645,17.0,14.974,15.98,681205564.909
2025-11-05 00:00:00+00:00,15.98,16.988,15.279,16.6,366706199.671
2025-11-06 00:00:00+00:00,16.6,16.721,15.588,16.118,312023779.161
2025-11-07 00:00:00+00:00,16.119,18.038,16.043,17.74,501409258.699
2025-11-08 00:00:00+00:00,17.739,18.403,17.008,17.488,336219127.22
2025-11-09 00:00:00+00:00,17.488,17.907,16.79,17.764,268424694.571
2025-11-10 00:00:00+00:00,17.764,18.351,17.635,18.169,329326989.834
2025-11-11 00:00:00+00:00,18.17,18.599,16.961,16.996,332560534.918
2025-11-12 00:00:00+00:00,16.997,17.76,16.619,16.805,273503642.26
2025-11-13 00:00:00+00:00,16.804,17.685,15.744,16.087,434912465.87
2025-11-14 00:00:00+00:00,16.087,16.17,14.822,15.111,481180042.132
2025-11-15 00:00:00+00:00,15.111,15.78,15.089,15.52,178834459.316
2025-11-16 00:00:00+00:00,15.52,15.87,14.605,15.132,322699550.301
2025-11-17 00:00:00+00:00,15.133,15.965,14.253,14.512,475795793.906
2025-11-18 00:00:00+00:00,14.512,14.915,14.027,14.58,393390583.874
2025-11-19 00:00:00+00:00,14.581,14.688,13.688,14.282,360808633.116
2025-11-20 00:00:00+00:00,14.282,14.528,13.484,13.8,357541021.537
2025-11-21 00:00:00+00:00,13.8,13.984,12.25,13.278,546851429.49
2025-11-22 00:00:00+00:00,13.278,13.396,13.011,13.23,210987430.307
2025-11-23 00:00:00+00:00,13.231,13.465,13.201,13.267,159513203.117
2025-11-24 00:00:00+00:00,13.266,14.037,13.146,13.889,284756333.464
2025-11-25 00:00:00+00:00,13.888,14.373,13.691,14.172,242481220.943
2025-11-26 00:00:00+00:00,14.172,14.945,13.895,14.945,236103036.402
2025-11-27 00:00:00+00:00,14.944,15.154,14.851,15.011,210406402.439
2025-11-28 00:00:00+00:00,15.01,15.257,14.756,14.837,216969471.906
2025-11-29 00:00:00+00:00,14.837,14.901,14.166,14.239,151654393.949
2025-11-30 00:00:00+00:00,14.239,14.322,13.642,13.705,183739015.261
2025-12-01 00:00:00+00:00,13.706,13.725,12.544,12.745,292204734.565
2025-12-02 00:00:00+00:00,12.745,13.757,12.698,13.622,282104714.228
2025-12-03 00:00:00+00:00,13.622,15.076,13.569,14.776,316066721.377
2025-12-04 00:00:00+00:00,14.775,14.877,14.192,14.391,221315067.085
2025-12-05 00:00:00+00:00,14.392,14.518,13.102,13.201,268344470.851
2025-12-06 00:00:00+00:00,13.202,13.474,13.139,13.394,132031305.347
2025-12-07 00:00:00+00:00,13.393,13.848,12.9,13.473,218507176.445
2025-12-08 00:00:00+00:00,13.473,13.945,13.362,13.637,198219887.309
2025-12-09 00:00:00+00:00,13.637,14.731,13.49,14.599,275675440.369
2025-12-10 00:00:00+00:00,14.6,14.821,14.045,14.107,267638985.045
2025-12-11 00:00:00+00:00,14.106,14.106,12.87,13.407,298063571.351
2025-12-12 00:00:00+00:00,13.408,13.785,12.791,13.103,220941206.318
2025-12-13 00:00:00+00:00,13.102,13.46,13.077,13.363,108248825.572
2025-12-14 00:00:00+00:00,13.363,13.387,12.7,12.869,130803188.503
2025-12-15 00:00:00+00:00,12.868,13.354,12.18,12.34,251526518.668
2025-12-16 00:00:00+00:00,12.339,12.397,11.903,12.338,209232244.585
2025-12-17 00:00:00+00:00,12.338,12.652,11.691,11.857,233643513.382
2025-12-18 00:00:00+00:00,11.858,12.313,11.263,11.435,250819037.013
2025-12-19 00:00:00+00:00,11.434,12.459,11.261,12.251,251875769.298
2025-12-20 00:00:00+00:00,12.251,12.372,12.117,12.201,90737231.001
2025-12-21 00:00:00+00:00,12.202,12.329,11.944,12.14,139382837.814
2025-12-22 00:00:00+00:00,12.141,12.442,11.993,12.411,217094133.61
2025-12-23 00:00:00+00:00,12.412,12.543,11.8,12.174,222169717.361
2025-12-24 00:00:00+00:00,12.175,12.223,11.876,12.1,138467504.919
2025-12-25 00:00:00+00:00,12.1,12.55,12.032,12.071,148092271.929
2025-12-26 00:00:00+00:00,12.071,12.613,12.016,12.336,186870074.229
2025-12-27 00:00:00+00:00,12.337,12.8,12.328,12.691,95663986.165
2025-12-28 00:00:00+00:00,12.691,12.9,12.516,12.635,115734177.448
2025-12-29 00:00:00+00:00,12.636,13.198,12.334,12.364,238494622.566
2025-12-30 00:00:00+00:00,12.364,12.64,12.317,12.575,137930412.487
2025-12-31 00:00:00+00:00,12.575,12.716,12.189,12.309,136593224.098
2026-01-01 00:00:00+00:00,12.309,13.696,12.219,13.584,225836323.049
2026-01-02 00:00:00+00:00,13.584,13.973,13.085,13.805,277605691.452
2026-01-03 00:00:00+00:00,13.805,14.391,13.657,13.977,211401574.844
2026-01-04 00:00:00+00:00,13.977,14.5,13.894,14.237,180513627.204
2026-01-05 00:00:00+00:00,14.236,14.709,13.89,14.446,274736672.224
2026-01-06 00:00:00+00:00,14.446,14.833,14.229,14.592,276676407.428
2026-01-07 00:00:00+00:00,14.592,14.592,13.863,14.113,197452460.168
2026-01-08 00:00:00+00:00,14.113,14.238,13.58,13.879,181688248.933
2026-01-09 00:00:00+00:00,13.878,14.22,13.592,13.782,170848440.001
2026-01-10 00:00:00+00:00,13.783,13.938,13.636,13.729,70420298.302
2026-01-11 00:00:00+00:00,13.728,13.978,13.469,13.689,104440519.464
2026-01-12 00:00:00+00:00,13.689,14.215,13.363,13.507,203598339.836
2026-01-13 00:00:00+00:00,13.506,14.855,13.463,14.757,238067506.672
2026-01-14 00:00:00+00:00,14.756,14.945,14.394,14.604,193204658.54
2026-01-15 00:00:00+00:00,14.604,14.622,13.613,13.818,179312649.579
2026-01-16 00:00:00+00:00,13.818,13.86,13.173,13.575,152374953.662
2026-01-17 00:00:00+00:00,13.575,13.966,13.523,13.735,87764193.777
2026-01-18 00:00:00+00:00,13.735,13.818,12.939,12.975,121130473.193
2026-01-19 00:00:00+00:00,12.976,12.976,12.032,12.728,175862742.19
2026-01-20 00:00:00+00:00,12.728,12.756,11.94,12.087,175563224.53
2026-01-21 00:00:00+00:00,12.087,12.718,11.862,12.406,192272602.8
2026-01-22 00:00:00+00:00,12.407,12.616,12.029,12.188,106072985.33
2026-01-23 00:00:00+00:00,12.188,12.488,11.98,12.12,137575503.029
2026-01-24 00:00:00+00:00,12.12,12.176,11.959,12.039,52194202.502
2026-01-25 00:00:00+00:00,12.04,12.074,11.223,11.49,161915992.739
2026-01-26 00:00:00+00:00,11.491,11.913,11.46,11.713,131620339.646
2026-01-27 00:00:00+00:00,11.714,12.202,11.573,12.128,144634348.173
2026-01-28 00:00:00+00:00,12.128,12.283,11.916,12.068,123454403.393
2026-01-29 00:00:00+00:00,12.068,12.093,10.791,11.034,257359861.151
2026-01-30 00:00:00+00:00,11.034,11.084,10.617,10.872,240012069.365
2026-01-31 00:00:00+00:00,10.872,10.892,9.138,10.114,328854938.589
2026-02-01 00:00:00+00:00,10.113,10.254,9.663,9.909,192725273.276
2026-02-02 00:00:00+00:00,9.909,10.317,9.521,10.14,217763739.857
2026-02-03 00:00:00+00:00,10.141,10.355,9.526,9.923,226032280.248
2026-02-04 00:00:00+00:00,9.924,10.158,9.537,9.711,208004791.886
2026-02-05 00:00:00+00:00,9.711,9.846,8.238,8.305,424083644.284
2026-02-06 00:00:00+00:00,8.304,9.464,7.534,9.268,347934522.38
2026-02-07 00:00:00+00:00,9.268,9.384,8.902,9.219,176555066.97
2026-02-08 00:00:00+00:00,9.22,9.286,8.994,9.074,101022950.202
2026-02-09 00:00:00+00:00,9.074,9.2,8.716,9.046,128497741.682
2026-02-10 00:00:00+00:00,9.046,9.109,8.653,8.744,113318035.083
2026-02-11 00:00:00+00:00,8.744,8.96,8.429,8.629,161875216.273
2026-02-12 00:00:00+00:00,8.63,8.975,8.61,8.902,151543105.119
2026-02-13 00:00:00+00:00,8.901,9.247,8.731,9.139,143088417.496
2026-02-14 00:00:00+00:00,9.139,9.713,9.117,9.59,107898400.992
2026-02-15 00:00:00+00:00,9.59,9.745,9.131,9.278,151459820.164
2026-02-16 00:00:00+00:00,9.278,9.415,9.037,9.255,135404829.733
2026-02-17 00:00:00+00:00,9.255,9.295,8.998,9.136,122734327.262
2026-02-18 00:00:00+00:00,9.136,9.206,8.794,8.852,130809981.335
2026-02-19 00:00:00+00:00,8.853,8.937,8.653,8.896,117256824.067
2026-02-20 00:00:00+00:00,8.895,9.361,8.876,9.165,180769834.244
2026-02-21 00:00:00+00:00,9.164,9.449,9.102,9.11,101425036.639
2026-02-22 00:00:00+00:00,9.111,9.111,8.784,8.874,97225495.229
2026-02-23 00:00:00+00:00,8.875,8.89,8.264,8.359,197892691.074
2026-02-24 00:00:00+00:00,8.36,8.437,8.173,8.279,118963134.737
2026-02-25 00:00:00+00:00,8.28,9.841,8.258,9.515,306066630.81
2026-02-26 00:00:00+00:00,9.516,9.632,9.087,9.302,187324208.964
2026-02-27 00:00:00+00:00,9.302,9.481,8.776,8.945,143341638.868
2026-02-28 00:00:00+00:00,8.946,9.268,8.426,9.162,184284579.559
2026-03-01 00:00:00+00:00,9.161,9.427,8.838,9.029,163771265.377
2026-03-02 00:00:00+00:00,9.029,9.477,8.859,9.171,179999598.223
2026-03-03 00:00:00+00:00,9.17,9.332,8.891,9.175,152949454.66
2026-03-04 00:00:00+00:00,9.175,9.781,9.004,9.496,201358056.889
2026-03-05 00:00:00+00:00,9.496,9.577,9.25,9.375,136060295.431
2026-03-06 00:00:00+00:00,9.376,9.469,8.873,9.012,151728666.546
2026-03-07 00:00:00+00:00,9.013,9.073,8.86,8.902,59876958.078
2026-03-08 00:00:00+00:00,8.902,9.02,8.673,8.809,111957214.706
2026-03-09 00:00:00+00:00,8.81,9.53,8.805,9.26,211495348.714
2026-03-10 00:00:00+00:00,9.26,9.955,9.246,9.528,217505275.827
2026-03-11 00:00:00+00:00,9.528,9.858,9.466,9.547,140386035.672
2026-03-12 00:00:00+00:00,9.548,9.738,9.428,9.673,122793761.893
2026-03-13 00:00:00+00:00,9.673,10.28,9.648,9.715,209261573.888
2026-03-14 00:00:00+00:00,9.714,9.774,9.513,9.724,79163845.071
2026-03-15 00:00:00+00:00,9.724,10.042,9.651,9.945,110239148.524
2026-03-16 00:00:00+00:00,9.945,10.517,9.875,10.482,227876795.634
2026-03-17 00:00:00+00:00,10.481,10.543,10.167,10.189,138261262.863
2026-03-18 00:00:00+00:00,10.19,10.357,9.477,9.678,172827461.239
2026-03-19 00:00:00+00:00,9.678,9.743,9.326,9.466,110561750.824
2026-03-20 00:00:00+00:00,9.466,9.644,9.408,9.568,90161664.551
2026-03-21 00:00:00+00:00,9.567,9.632,9.148,9.208,67807562.61
2026-03-22 00:00:00+00:00,9.208,9.358,8.867,9.019,109065039.815
2026-03-23 00:00:00+00:00,9.019,9.754,8.914,9.561,207335355.492
2026-03-24 00:00:00+00:00,9.561,9.641,9.35,9.62,120818956.404
2026-03-25 00:00:00+00:00,9.619,9.792,9.554,9.676,89605954.573
2026-03-26 00:00:00+00:00,9.675,9.689,8.981,9.095,120197695.79
2026-03-27 00:00:00+00:00,9.095,9.143,8.658,8.785,110654291.748
2026-03-28 00:00:00+00:00,8.785,8.996,8.698,8.752,60211961.193
2026-03-29 00:00:00+00:00,8.752,8.815,8.365,8.594,74820144.401
2026-03-30 00:00:00+00:00,8.595,9.079,8.557,8.806,116318496.326
2026-03-31 00:00:00+00:00,8.807,9.069,8.688,8.907,114084842.503
2026-04-01 00:00:00+00:00,8.907,9.48,8.862,9.123,142477079.178
2026-04-02 00:00:00+00:00,9.123,9.186,8.612,8.746,141151036.931
2026-04-03 00:00:00+00:00,8.747,9.144,8.732,8.91,94127905.123
2026-04-04 00:00:00+00:00,8.91,9.108,8.831,8.985,69709358.312
2026-04-05 00:00:00+00:00,8.986,9.083,8.741,9.065,85904323.557
2026-04-06 00:00:00+00:00,9.065,9.663,8.794,8.892,233141756.031
2026-04-07 00:00:00+00:00,8.892,9.619,8.46,9.428,292735840.991
2026-04-08 00:00:00+00:00,9.429,9.561,9.033,9.049,179425272.498
2026-04-09 00:00:00+00:00,9.05,9.7,8.908,9.361,171272791.494
2026-04-10 00:00:00+00:00,9.361,9.56,9.24,9.39,131889023.821
2026-04-11 00:00:00+00:00,9.39,9.61,9.184,9.371,108087564.72
2026-04-12 00:00:00+00:00,9.372,9.386,8.924,9.025,127200349.219
2026-04-13 00:00:00+00:00,9.026,9.716,8.961,9.659,186370802.182
2026-04-14 00:00:00+00:00,9.659,9.705,9.206,9.296,155552306.386
2026-04-15 00:00:00+00:00,9.296,9.567,9.254,9.43,121004939.91
2026-04-16 00:00:00+00:00,9.431,9.883,9.257,9.723,221459412.586
2026-04-17 00:00:00+00:00,9.724,10.006,9.441,9.715,173635668.16
2026-04-18 00:00:00+00:00,9.715,9.779,9.291,9.328,116491523.757
2026-04-19 00:00:00+00:00,9.328,9.354,8.961,8.999,126383140.966
2026-04-20 00:00:00+00:00,9.0,9.432,8.979,9.269,122108302.961
2026-04-21 00:00:00+00:00,9.269,9.532,9.163,9.388,131673176.936
2026-04-22 00:00:00+00:00,9.389,9.673,9.322,9.33,111803819.6
2026-04-23 00:00:00+00:00,9.331,9.446,9.142,9.376,118018291.508
2026-04-24 00:00:00+00:00,9.377,9.476,9.277,9.396,82878710.992
2026-04-25 00:00:00+00:00,9.396,9.498,9.278,9.358,64078249.055
2026-04-26 00:00:00+00:00,9.359,9.541,9.309,9.45,88457067.795
2026-04-27 00:00:00+00:00,9.451,9.56,9.076,9.262,115904110.28
2026-04-28 00:00:00+00:00,9.263,9.27,9.103,9.171,85771610.343
2026-04-29 00:00:00+00:00,9.172,9.442,8.908,9.119,149438537.497
2026-04-30 00:00:00+00:00,9.119,9.224,9.044,9.09,85938699.968
2026-05-01 00:00:00+00:00,9.09,9.267,9.054,9.082,85496817.718
2026-05-02 00:00:00+00:00,9.083,9.245,9.06,9.182,66335190.661
2026-05-03 00:00:00+00:00,9.182,9.195,8.963,9.079,96167964.329
2026-05-04 00:00:00+00:00,9.08,9.377,8.987,9.168,194615930.695
2026-05-05 00:00:00+00:00,9.169,9.527,9.169,9.399,119960623.316
2026-05-06 00:00:00+00:00,9.399,9.774,9.358,9.609,140679889.897
2026-05-07 00:00:00+00:00,9.61,9.698,9.364,9.498,122653201.091
2026-05-08 00:00:00+00:00,9.499,10.018,9.423,9.903,128416478.872
2026-05-09 00:00:00+00:00,9.903,10.118,9.792,9.957,90839028.564
2026-05-10 00:00:00+00:00,9.957,10.483,9.846,10.222,174868245.103
2026-05-11 00:00:00+00:00,10.222,10.268,9.966,10.128,138556536.091
2026-05-12 00:00:00+00:00,10.128,10.163,9.669,9.83,145740082.025
2026-05-13 00:00:00+00:00,9.83,10.152,9.613,9.75,139717754.048
2026-05-14 00:00:00+00:00,9.75,10.133,9.626,9.901,138450237.373
2026-05-15 00:00:00+00:00,9.901,9.958,9.401,9.532,134770516.265
2026-05-16 00:00:00+00:00,9.533,9.567,9.185,9.285,86662110.264
2026-05-17 00:00:00+00:00,9.285,9.413,8.932,9.19,92889022.159
2026-05-18 00:00:00+00:00,9.19,9.265,9.006,9.245,118496269.394
2026-05-19 00:00:00+00:00,9.245,9.314,9.015,9.1,75070579.24
2026-05-20 00:00:00+00:00,9.101,9.396,9.058,9.292,94508064.49
2026-05-21 00:00:00+00:00,9.292,9.514,9.242,9.448,117848624.191
2026-05-22 00:00:00+00:00,9.448,9.599,9.09,9.148,120782487.39
2026-05-23 00:00:00+00:00,9.148,9.59,8.833,9.385,145003548.435
2026-05-24 00:00:00+00:00,9.386,9.426,9.061,9.208,79815806.807
2026-05-25 00:00:00+00:00,9.208,9.505,9.148,9.304,89486127.815
2026-05-26 00:00:00+00:00,9.304,9.488,9.112,9.135,114173393.139
2026-05-27 00:00:00+00:00,9.136,9.288,8.988,9.035,97207211.821
2026-05-28 00:00:00+00:00,9.034,9.071,8.705,8.922,125764057.579
2026-05-29 00:00:00+00:00,8.922,9.0,8.648,8.822,104749848.784
2026-05-30 00:00:00+00:00,8.823,9.045,8.808,8.942,59817307.732
2026-05-31 00:00:00+00:00,8.942,9.081,8.791,8.98,79491632.379
