time,funding_rate
2020-02-10 08:00:00+00:00,0.0
2020-02-10 16:00:00.009000+00:00,0.00304635
2020-02-11 00:00:00+00:00,0.00161571
2020-02-11 08:00:00+00:00,0.00261274
2020-02-11 16:00:00+00:00,0.00155591
2020-02-12 00:00:00+00:00,0.00326618
2020-02-12 08:00:00.001000+00:00,0.00222329
2020-02-12 16:00:00+00:00,0.00123233
2020-02-13 00:00:00.001000+00:00,0.00066404
2020-02-13 08:00:00+00:00,0.00339783
2020-02-13 16:00:00+00:00,0.00051288
2020-02-14 00:00:00+00:00,0.0
2020-02-14 08:00:00+00:00,0.0008311
2020-02-14 16:00:00+00:00,0.00045706
2020-02-15 00:00:00+00:00,0.00205219
2020-02-15 08:00:00+00:00,0.00121877
2020-02-15 16:00:00+00:00,0.00231415
2020-02-16 00:00:00+00:00,0.0
2020-02-16 08:00:00+00:00,0.0
2020-02-16 16:00:00+00:00,0.0
2020-02-17 00:00:00+00:00,0.0
2020-02-17 08:00:00+00:00,0.0003025
2020-02-17 16:00:00+00:00,0.00110646
2020-02-18 00:00:00+00:00,7.369e-05
2020-02-18 08:00:00+00:00,0.0
2020-02-18 16:00:00+00:00,0.00017557
2020-02-19 00:00:00+00:00,2.421e-05
2020-02-19 08:00:00.001000+00:00,0.00137686
2020-02-19 16:00:00+00:00,0.0
2020-02-20 00:00:00.004000+00:00,0.00046778
2020-02-20 08:00:00+00:00,0.00072738
2020-02-20 16:00:00+00:00,0.00020171
2020-02-21 00:00:00+00:00,0.0
2020-02-21 08:00:00+00:00,0.0002414
2020-02-21 16:00:00+00:00,0.00042486
2020-02-22 00:00:00+00:00,0.00064889
2020-02-22 08:00:00.001000+00:00,0.00049596
2020-02-22 16:00:00+00:00,0.00052603
2020-02-23 00:00:00+00:00,0.00075795
2020-02-23 08:00:00+00:00,0.00081155
2020-02-23 16:00:00+00:00,0.00020372
2020-02-24 00:00:00.015000+00:00,0.00043004
2020-02-24 08:00:00+00:00,0.00015968
2020-02-24 16:00:00+00:00,0.00043662
2020-02-25 00:00:00.001000+00:00,0.00012455
2020-02-25 08:00:00+00:00,0.00030493
2020-02-25 16:00:00.001000+00:00,0.00031773
2020-02-26 00:00:00+00:00,0.00015623
2020-02-26 08:00:00.001000+00:00,0.00018209
2020-02-26 16:00:00+00:00,0.0
2020-02-27 00:00:00.001000+00:00,0.0
2020-02-27 08:00:00.001000+00:00,0.0
2020-02-27 16:00:00+00:00,0.0
2020-02-28 00:00:00+00:00,0.0
2020-02-28 08:00:00+00:00,0.0
2020-02-28 16:00:00+00:00,0.0
2020-02-29 00:00:00+00:00,0.0
2020-02-29 08:00:00+00:00,0.0
2020-02-29 16:00:00+00:00,0.00028972
2020-03-01 00:00:00+00:00,0.00019026
2020-03-01 08:00:00+00:00,0.00031743
2020-03-01 16:00:00.001000+00:00,0.00038074
2020-03-02 00:00:00+00:00,0.0
2020-03-02 08:00:00+00:00,0.0
2020-03-02 16:00:00.004000+00:00,0.0
2020-03-03 00:00:00+00:00,-1.823e-05
2020-03-03 08:00:00.003000+00:00,-0.00020427
2020-03-03 16:00:00+00:00,0.0
2020-03-04 00:00:00.002000+00:00,0.0
2020-03-04 08:00:00+00:00,0.0
2020-03-04 16:00:00.001000+00:00,-0.0006366
2020-03-05 00:00:00+00:00,0.0
2020-03-05 08:00:00+00:00,0.00016672
2020-03-05 16:00:00+00:00,3.555e-05
2020-03-06 00:00:00.003000+00:00,0.00072615
2020-03-06 08:00:00+00:00,6.931e-05
2020-03-06 16:00:00+00:00,0.00018643
2020-03-07 00:00:00+00:00,0.0
2020-03-07 08:00:00.001000+00:00,0.00099038
2020-03-07 16:00:00+00:00,0.00076374
2020-03-08 00:00:00.001000+00:00,0.00084351
2020-03-08 08:00:00+00:00,0.00050183
2020-03-08 16:00:00.006000+00:00,0.00066063
2020-03-09 00:00:00+00:00,0.00076211
2020-03-09 08:00:00+00:00,0.0
2020-03-09 16:00:00+00:00,0.0
2020-03-10 00:00:00+00:00,0.0
2020-03-10 08:00:00+00:00,0.0
2020-03-10 16:00:00+00:00,0.0
2020-03-11 00:00:00.001000+00:00,0.0
2020-03-11 08:00:00+00:00,0.0
2020-03-11 16:00:00+00:00,0.0
2020-03-12 00:00:00.001000+00:00,0.0
2020-03-12 08:00:00.001000+00:00,0.0
2020-03-12 16:00:00+00:00,-0.0004214
2020-03-13 00:00:00+00:00,1.447e-05
2020-03-13 08:00:00+00:00,-0.00584369
2020-03-13 16:00:00.002000+00:00,-0.00142512
2020-03-14 00:00:00+00:00,-3.866e-05
2020-03-14 08:00:00.001000+00:00,0.00138786
2020-03-14 16:00:00+00:00,0.00061685
2020-03-15 00:00:00+00:00,0.00031569
2020-03-15 08:00:00+00:00,0.0
2020-03-15 16:00:00.001000+00:00,0.00049659
2020-03-16 00:00:00+00:00,0.0
2020-03-16 08:00:00+00:00,0.0
2020-03-16 16:00:00.001000+00:00,-0.00025194
2020-03-17 00:00:00+00:00,0.0
2020-03-17 08:00:00+00:00,6.145e-05
2020-03-17 16:00:00+00:00,0.0
2020-03-18 00:00:00+00:00,0.0
2020-03-18 08:00:00+00:00,0.0
2020-03-18 16:00:00+00:00,0.0
2020-03-19 00:00:00+00:00,0.0
2020-03-19 08:00:00+00:00,0.0
2020-03-19 16:00:00+00:00,0.0
2020-03-20 00:00:00+00:00,0.0
2020-03-20 08:00:00+00:00,0.0
2020-03-20 16:00:00+00:00,3.196e-05
2020-03-21 00:00:00+00:00,0.0
2020-03-21 08:00:00+00:00,0.0
2020-03-21 16:00:00+00:00,0.0
2020-03-22 00:00:00+00:00,0.0
2020-03-22 08:00:00.001000+00:00,0.0
2020-03-22 16:00:00+00:00,0.0
2020-03-23 00:00:00+00:00,0.0
2020-03-23 08:00:00+00:00,0.0
2020-03-23 16:00:00+00:00,0.0
2020-03-24 00:00:00+00:00,0.0
2020-03-24 08:00:00+00:00,0.0
2020-03-24 16:00:00+00:00,0.0
2020-03-25 00:00:00+00:00,-0.00028381
2020-03-25 08:00:00+00:00,-0.00063857
2020-03-25 16:00:00.001000+00:00,-0.00116804
2020-03-26 00:00:00.006000+00:00,-0.00136474
2020-03-26 08:00:00.002000+00:00,-0.00101418
2020-03-26 16:00:00+00:00,0.0
2020-03-27 00:00:00+00:00,0.0
2020-03-27 08:00:00+00:00,0.0
2020-03-27 16:00:00+00:00,-0.00088447
2020-03-28 00:00:00+00:00,-0.00069922
2020-03-28 08:00:00+00:00,0.0
2020-03-28 16:00:00+00:00,-0.00096105
2020-03-29 00:00:00+00:00,-0.0009582
2020-03-29 08:00:00.001000+00:00,-0.00071773
2020-03-29 16:00:00+00:00,-0.00030985
2020-03-30 00:00:00+00:00,-0.00058307
2020-03-30 08:00:00+00:00,-0.00051558
2020-03-30 16:00:00+00:00,-0.00037297
2020-03-31 00:00:00+00:00,-0.00034341
2020-03-31 08:00:00.001000+00:00,-0.00044911
2020-03-31 16:00:00.001000+00:00,0.0
2020-04-01 00:00:00.002000+00:00,0.0
2020-04-01 08:00:00+00:00,0.0
2020-04-01 16:00:00.001000+00:00,0.0
2020-04-02 00:00:00+00:00,-0.00038278
2020-04-02 08:00:00+00:00,-0.0005377
2020-04-02 16:00:00+00:00,0.0
2020-04-03 00:00:00+00:00,-5.878e-05
2020-04-03 08:00:00+00:00,-0.00093878
2020-04-03 16:00:00+00:00,0.0
2020-04-04 00:00:00+00:00,0.0
2020-04-04 08:00:00+00:00,0.0
2020-04-04 16:00:00+00:00,0.0
2020-04-05 00:00:00.001000+00:00,1.815e-05
2020-04-05 08:00:00+00:00,3.597e-05
2020-04-05 16:00:00+00:00,0.0
2020-04-06 00:00:00+00:00,0.0001949
2020-04-06 08:00:00+00:00,0.00012984
2020-04-06 16:00:00+00:00,0.0
2020-04-07 00:00:00+00:00,0.0
2020-04-07 08:00:00+00:00,8.068e-05
2020-04-07 16:00:00+00:00,6.871e-05
2020-04-08 00:00:00+00:00,0.0
2020-04-08 08:00:00+00:00,0.0
2020-04-08 16:00:00+00:00,0.0
2020-04-09 00:00:00+00:00,0.0
2020-04-09 08:00:00.001000+00:00,0.0
2020-04-09 16:00:00+00:00,0.0
2020-04-10 00:00:00.001000+00:00,0.0
2020-04-10 08:00:00+00:00,0.0
2020-04-10 16:00:00+00:00,0.0
2020-04-11 00:00:00+00:00,-0.00012615
2020-04-11 08:00:00+00:00,0.0
2020-04-11 16:00:00+00:00,0.0
2020-04-12 00:00:00+00:00,0.0
2020-04-12 08:00:00.006000+00:00,0.0
2020-04-12 16:00:00.001000+00:00,0.0
2020-04-13 00:00:00.001000+00:00,0.0
2020-04-13 08:00:00+00:00,0.0
2020-04-13 16:00:00+00:00,-0.00106444
2020-04-14 00:00:00+00:00,-0.00105536
2020-04-14 08:00:00+00:00,-0.00048669
2020-04-14 16:00:00+00:00,-0.00163126
2020-04-15 00:00:00+00:00,-0.00161834
2020-04-15 08:00:00+00:00,-0.00054383
2020-04-15 16:00:00+00:00,0.0
2020-04-16 00:00:00+00:00,-0.00022565
2020-04-16 08:00:00+00:00,-0.00154515
2020-04-16 16:00:00+00:00,-0.00162046
2020-04-17 00:00:00+00:00,-0.00244099
2020-04-17 08:00:00+00:00,-0.0021833
2020-04-17 16:00:00+00:00,-0.00082619
2020-04-18 00:00:00+00:00,-0.00088774
2020-04-18 08:00:00+00:00,-0.00023463
2020-04-18 16:00:00+00:00,-0.00019125
2020-04-19 00:00:00+00:00,-0.0007285
2020-04-19 08:00:00+00:00,-0.00098575
2020-04-19 16:00:00+00:00,-0.00097202
2020-04-20 00:00:00+00:00,-0.00083493
2020-04-20 08:00:00+00:00,-0.00040011
2020-04-20 16:00:00+00:00,-0.00120041
2020-04-21 00:00:00+00:00,-0.00205524
2020-04-21 08:00:00.001000+00:00,-0.0002257
2020-04-21 16:00:00+00:00,-0.00129702
2020-04-22 00:00:00.001000+00:00,-0.00099634
2020-04-22 08:00:00+00:00,-0.00048035
2020-04-22 16:00:00+00:00,0.0
2020-04-23 00:00:00+00:00,0.0
2020-04-23 08:00:00.001000+00:00,-0.0005323
2020-04-23 16:00:00+00:00,0.0
2020-04-24 00:00:00+00:00,0.0
2020-04-24 08:00:00+00:00,0.0
2020-04-24 16:00:00+00:00,0.0
2020-04-25 00:00:00.003000+00:00,0.0
2020-04-25 08:00:00+00:00,0.0
2020-04-25 16:00:00+00:00,0.0
2020-04-26 00:00:00+00:00,0.0
2020-04-26 08:00:00+00:00,-9.795e-05
2020-04-26 16:00:00+00:00,0.0
2020-04-27 00:00:00+00:00,0.0
2020-04-27 08:00:00.005000+00:00,0.0
2020-04-27 16:00:00+00:00,0.0
2020-04-28 00:00:00+00:00,0.0
2020-04-28 08:00:00+00:00,-0.00064392
2020-04-28 16:00:00+00:00,0.0
2020-04-29 00:00:00+00:00,0.0
2020-04-29 08:00:00.001000+00:00,0.0
2020-04-29 16:00:00+00:00,0.0
2020-04-30 00:00:00+00:00,-0.00065188
2020-04-30 08:00:00+00:00,-0.00016727
2020-04-30 16:00:00+00:00,-0.00190521
2020-05-01 00:00:00+00:00,-0.00132408
2020-05-01 08:00:00+00:00,-0.00021921
2020-05-01 16:00:00+00:00,-0.00043006
2020-05-02 00:00:00+00:00,-0.00069085
2020-05-02 08:00:00+00:00,-0.00080576
2020-05-02 16:00:00+00:00,-6.443e-05
2020-05-03 00:00:00+00:00,0.0
2020-05-03 08:00:00+00:00,0.0
2020-05-03 16:00:00+00:00,-0.00121372
2020-05-04 00:00:00+00:00,-0.00119549
2020-05-04 08:00:00.005000+00:00,0.0
2020-05-04 16:00:00+00:00,0.0
2020-05-05 00:00:00+00:00,0.0
2020-05-05 08:00:00+00:00,0.0
2020-05-05 16:00:00+00:00,0.0
2020-05-06 00:00:00.001000+00:00,-0.00056844
2020-05-06 08:00:00+00:00,-0.00080135
2020-05-06 16:00:00+00:00,0.0
2020-05-07 00:00:00+00:00,0.0
2020-05-07 08:00:00.011000+00:00,-0.00021386
2020-05-07 16:00:00+00:00,0.0
2020-05-08 00:00:00+00:00,0.0
2020-05-08 08:00:00.001000+00:00,0.0
2020-05-08 16:00:00+00:00,0.0
2020-05-09 00:00:00+00:00,0.0
2020-05-09 08:00:00+00:00,0.0
2020-05-09 16:00:00+00:00,0.0
2020-05-10 00:00:00+00:00,0.0
2020-05-10 08:00:00+00:00,-0.00078928
2020-05-10 16:00:00+00:00,-0.00060654
2020-05-11 00:00:00+00:00,0.0
2020-05-11 08:00:00+00:00,-0.00025328
2020-05-11 16:00:00+00:00,0.0
2020-05-12 00:00:00+00:00,-0.00029358
2020-05-12 08:00:00.001000+00:00,0.0
2020-05-12 16:00:00+00:00,0.0
2020-05-13 00:00:00+00:00,-0.00025472
2020-05-13 08:00:00+00:00,-0.00099136
2020-05-13 16:00:00+00:00,0.0
2020-05-14 00:00:00+00:00,0.0
2020-05-14 08:00:00+00:00,-0.00095429
2020-05-14 16:00:00+00:00,-9.641e-05
2020-05-15 00:00:00+00:00,0.0
2020-05-15 08:00:00+00:00,0.0
2020-05-15 16:00:00.001000+00:00,0.0
2020-05-16 00:00:00.008000+00:00,0.0
2020-05-16 08:00:00+00:00,0.0
2020-05-16 16:00:00+00:00,0.0
2020-05-17 00:00:00.002000+00:00,0.0
2020-05-17 08:00:00+00:00,0.0
2020-05-17 16:00:00+00:00,0.0
2020-05-18 00:00:00+00:00,0.0
2020-05-18 08:00:00+00:00,0.0
2020-05-18 16:00:00.001000+00:00,0.0
2020-05-19 00:00:00.005000+00:00,0.0
2020-05-19 08:00:00+00:00,0.0
2020-05-19 16:00:00+00:00,0.0
2020-05-20 00:00:00+00:00,0.0
2020-05-20 08:00:00+00:00,0.0
2020-05-20 16:00:00.006000+00:00,0.0
2020-05-21 00:00:00+00:00,0.0
2020-05-21 08:00:00+00:00,0.0
2020-05-21 16:00:00+00:00,0.0
2020-05-22 00:00:00.006000+00:00,0.0
2020-05-22 08:00:00+00:00,2.744e-05
2020-05-22 16:00:00+00:00,0.0
2020-05-23 00:00:00.003000+00:00,9.99e-05
2020-05-23 08:00:00+00:00,5.223e-05
2020-05-23 16:00:00+00:00,0.0
2020-05-24 00:00:00.006000+00:00,5.841e-05
2020-05-24 08:00:00+00:00,0.00023836
2020-05-24 16:00:00+00:00,0.0
2020-05-25 00:00:00+00:00,0.0
2020-05-25 08:00:00+00:00,0.0
2020-05-25 16:00:00+00:00,0.0
2020-05-26 00:00:00+00:00,0.0
2020-05-26 08:00:00.006000+00:00,0.0
2020-05-26 16:00:00+00:00,0.0
2020-05-27 00:00:00+00:00,0.0
2020-05-27 08:00:00+00:00,0.0
2020-05-27 16:00:00+00:00,0.0
2020-05-28 00:00:00+00:00,0.0
2020-05-28 08:00:00+00:00,0.0
2020-05-28 16:00:00+00:00,0.0
2020-05-29 00:00:00+00:00,0.0
2020-05-29 08:00:00+00:00,0.0
2020-05-29 16:00:00+00:00,0.0
2020-05-30 00:00:00+00:00,0.0
2020-05-30 08:00:00.001000+00:00,0.0
2020-05-30 16:00:00+00:00,8.96e-06
2020-05-31 00:00:00+00:00,3.531e-05
2020-05-31 08:00:00.001000+00:00,0.00035834
2020-05-31 16:00:00+00:00,0.0
2020-06-01 00:00:00+00:00,0.0
2020-06-01 08:00:00.001000+00:00,0.0
2020-06-01 16:00:00+00:00,0.0
2020-06-02 00:00:00+00:00,8.273e-05
2020-06-02 08:00:00.002000+00:00,0.00150317
2020-06-02 16:00:00+00:00,0.00015673
2020-06-03 00:00:00+00:00,0.0
2020-06-03 08:00:00+00:00,0.0
2020-06-03 16:00:00.002000+00:00,0.0
2020-06-04 00:00:00.001000+00:00,0.0
2020-06-04 08:00:00.004000+00:00,0.0
2020-06-04 16:00:00.001000+00:00,0.0
2020-06-05 00:00:00.001000+00:00,0.0
2020-06-05 08:00:00+00:00,0.0
2020-06-05 16:00:00.001000+00:00,0.0
2020-06-06 00:00:00+00:00,0.0
2020-06-06 08:00:00+00:00,0.0
2020-06-06 16:00:00+00:00,0.0
2020-06-07 00:00:00+00:00,0.0
2020-06-07 08:00:00+00:00,0.0
2020-06-07 16:00:00.006000+00:00,3.662e-05
2020-06-08 00:00:00.008000+00:00,0.0
2020-06-08 08:00:00.007000+00:00,0.0
2020-06-08 16:00:00+00:00,0.0
2020-06-09 00:00:00+00:00,0.0
2020-06-09 08:00:00+00:00,0.0
2020-06-09 16:00:00+00:00,0.00028021
2020-06-10 00:00:00+00:00,0.0
2020-06-10 08:00:00+00:00,0.0
2020-06-10 16:00:00+00:00,0.0
2020-06-11 00:00:00.008000+00:00,3.271e-05
2020-06-11 08:00:00.001000+00:00,6.225e-05
2020-06-11 16:00:00+00:00,0.00022627
2020-06-12 00:00:00.003000+00:00,0.0
2020-06-12 08:00:00+00:00,0.0
2020-06-12 16:00:00.002000+00:00,0.0
2020-06-13 00:00:00+00:00,0.0
2020-06-13 08:00:00.001000+00:00,0.0
2020-06-13 16:00:00+00:00,0.0
2020-06-14 00:00:00.007000+00:00,0.0
2020-06-14 08:00:00+00:00,0.0
2020-06-14 16:00:00.001000+00:00,0.0
2020-06-15 00:00:00+00:00,0.0
2020-06-15 08:00:00.001000+00:00,0.0
2020-06-15 16:00:00+00:00,0.0
2020-06-16 00:00:00.002000+00:00,0.0
2020-06-16 08:00:00+00:00,0.0
2020-06-16 16:00:00.006000+00:00,0.0
2020-06-17 00:00:00+00:00,0.0
2020-06-17 08:00:00.007000+00:00,0.0
2020-06-17 16:00:00+00:00,0.0
2020-06-18 00:00:00.003000+00:00,0.0
2020-06-18 08:00:00.001000+00:00,0.0
2020-06-18 16:00:00.002000+00:00,0.0
2020-06-19 00:00:00.001000+00:00,0.0
2020-06-19 08:00:00.003000+00:00,0.0
2020-06-19 16:00:00+00:00,0.0
2020-06-20 00:00:00+00:00,0.0
2020-06-20 08:00:00.009000+00:00,0.0
2020-06-20 16:00:00.006000+00:00,0.0
2020-06-21 00:00:00+00:00,0.00022272
2020-06-21 08:00:00+00:00,0.00023167
2020-06-21 16:00:00+00:00,0.00012856
2020-06-22 00:00:00+00:00,0.00015194
2020-06-22 08:00:00+00:00,0.00055942
2020-06-22 16:00:00.001000+00:00,0.00050433
2020-06-23 00:00:00+00:00,0.00041717
2020-06-23 08:00:00.002000+00:00,0.00032418
2020-06-23 16:00:00+00:00,0.00022358
2020-06-24 00:00:00.001000+00:00,0.00032558
2020-06-24 08:00:00+00:00,0.00031154
2020-06-24 16:00:00+00:00,0.00022791
2020-06-25 00:00:00+00:00,0.00065156
2020-06-25 08:00:00+00:00,0.0
2020-06-25 16:00:00+00:00,0.0
2020-06-26 00:00:00+00:00,0.0
2020-06-26 08:00:00+00:00,0.0
2020-06-26 16:00:00+00:00,0.0
2020-06-27 00:00:00.003000+00:00,0.0
2020-06-27 08:00:00.004000+00:00,0.0
2020-06-27 16:00:00+00:00,0.0
2020-06-28 00:00:00.003000+00:00,0.0
2020-06-28 08:00:00.001000+00:00,0.0
2020-06-28 16:00:00+00:00,0.0
2020-06-29 00:00:00+00:00,0.0
2020-06-29 08:00:00.005000+00:00,0.0
2020-06-29 16:00:00+00:00,0.0
2020-06-30 00:00:00+00:00,0.0
2020-06-30 08:00:00.001000+00:00,7.46e-05
2020-06-30 16:00:00.002000+00:00,0.0
2020-07-01 00:00:00.002000+00:00,6.488e-05
2020-07-01 08:00:00+00:00,0.00022682
2020-07-01 16:00:00+00:00,3.501e-05
2020-07-02 00:00:00.001000+00:00,0.0
2020-07-02 08:00:00.001000+00:00,0.0
2020-07-02 16:00:00+00:00,0.0
2020-07-03 00:00:00+00:00,0.00015225
2020-07-03 08:00:00.001000+00:00,0.0
2020-07-03 16:00:00+00:00,0.0
2020-07-04 00:00:00.002000+00:00,0.0
2020-07-04 08:00:00.002000+00:00,0.00026054
2020-07-04 16:00:00.001000+00:00,0.00020423
2020-07-05 00:00:00+00:00,0.0
2020-07-05 08:00:00+00:00,0.0
2020-07-05 16:00:00+00:00,0.0
2020-07-06 00:00:00+00:00,0.0
2020-07-06 08:00:00.001000+00:00,0.0
2020-07-06 16:00:00+00:00,0.0010617
2020-07-07 00:00:00+00:00,0.00045655
2020-07-07 08:00:00.006000+00:00,0.00098882
2020-07-07 16:00:00+00:00,0.00088952
2020-07-08 00:00:00+00:00,0.00078954
2020-07-08 08:00:00+00:00,0.0
2020-07-08 16:00:00+00:00,0.00013316
2020-07-09 00:00:00.001000+00:00,0.00048519
2020-07-09 08:00:00.002000+00:00,0.00010307
2020-07-09 16:00:00+00:00,0.00019539
2020-07-10 00:00:00+00:00,0.0
2020-07-10 08:00:00.001000+00:00,4.959e-05
2020-07-10 16:00:00+00:00,0.00016453
2020-07-11 00:00:00+00:00,0.00013604
2020-07-11 08:00:00+00:00,0.00028831
2020-07-11 16:00:00+00:00,0.0
2020-07-12 00:00:00+00:00,0.0
2020-07-12 08:00:00+00:00,0.0
2020-07-12 16:00:00+00:00,0.00078054
2020-07-13 00:00:00+00:00,0.00095522
2020-07-13 08:00:00.001000+00:00,0.00044795
2020-07-13 16:00:00+00:00,0.000551
2020-07-14 00:00:00.001000+00:00,0.00010593
2020-07-14 08:00:00+00:00,0.00066729
2020-07-14 16:00:00+00:00,0.00084732
2020-07-15 00:00:00+00:00,0.000419
2020-07-15 08:00:00+00:00,0.00032947
2020-07-15 16:00:00+00:00,0.00023178
2020-07-16 00:00:00+00:00,0.00060186
2020-07-16 08:00:00.002000+00:00,0.0003019
2020-07-16 16:00:00.001000+00:00,0.0
2020-07-17 00:00:00.001000+00:00,0.0
2020-07-17 08:00:00+00:00,0.0
2020-07-17 16:00:00+00:00,0.0
2020-07-18 00:00:00.003000+00:00,0.0
2020-07-18 08:00:00.001000+00:00,0.0
2020-07-18 16:00:00+00:00,0.0
2020-07-19 00:00:00+00:00,0.0
2020-07-19 08:00:00+00:00,0.0
2020-07-19 16:00:00+00:00,0.0
2020-07-20 00:00:00+00:00,0.00054102
2020-07-20 08:00:00+00:00,0.0
2020-07-20 16:00:00.001000+00:00,0.0004598
2020-07-21 00:00:00+00:00,0.00027418
2020-07-21 08:00:00.001000+00:00,0.00069242
2020-07-21 16:00:00.004000+00:00,0.0
2020-07-22 00:00:00+00:00,0.0
2020-07-22 08:00:00+00:00,0.0
2020-07-22 16:00:00+00:00,0.00019297
2020-07-23 00:00:00.001000+00:00,0.00028134
2020-07-23 08:00:00+00:00,0.0
2020-07-23 16:00:00.001000+00:00,0.00020308
2020-07-24 00:00:00+00:00,7.66e-06
2020-07-24 08:00:00+00:00,0.0
2020-07-24 16:00:00+00:00,0.00020401
2020-07-25 00:00:00+00:00,4.774e-05
2020-07-25 08:00:00.001000+00:00,3.634e-05
2020-07-25 16:00:00+00:00,0.0
2020-07-26 00:00:00+00:00,0.00012314
2020-07-26 08:00:00+00:00,0.00052438
2020-07-26 16:00:00+00:00,0.00015007
2020-07-27 00:00:00+00:00,0.00014051
2020-07-27 08:00:00+00:00,0.00073344
2020-07-27 16:00:00+00:00,0.00015918
2020-07-28 00:00:00+00:00,0.00012999
2020-07-28 08:00:00.001000+00:00,0.00027606
2020-07-28 16:00:00+00:00,0.00076482
2020-07-29 00:00:00+00:00,0.00017989
2020-07-29 08:00:00+00:00,0.00062354
2020-07-29 16:00:00+00:00,0.00068354
2020-07-30 00:00:00+00:00,0.0005463
2020-07-30 08:00:00.001000+00:00,0.00044976
2020-07-30 16:00:00+00:00,0.00042414
2020-07-31 00:00:00+00:00,0.00061617
2020-07-31 08:00:00.001000+00:00,0.00051379
2020-07-31 16:00:00+00:00,0.00024454
2020-08-01 00:00:00.005000+00:00,0.00010009
2020-08-01 08:00:00+00:00,0.00027659
2020-08-01 16:00:00.001000+00:00,0.0002282
2020-08-02 00:00:00+00:00,0.00129589
2020-08-02 08:00:00.001000+00:00,0.0
2020-08-02 16:00:00.001000+00:00,0.0
2020-08-03 00:00:00+00:00,0.0
2020-08-03 08:00:00.001000+00:00,0.0
2020-08-03 16:00:00+00:00,0.00049705
2020-08-04 00:00:00.003000+00:00,0.000442
2020-08-04 08:00:00+00:00,0.00069085
2020-08-04 16:00:00+00:00,0.00060812
2020-08-05 00:00:00+00:00,0.00043398
2020-08-05 08:00:00+00:00,0.00027106
2020-08-05 16:00:00+00:00,0.0
2020-08-06 00:00:00+00:00,0.0
2020-08-06 08:00:00.007000+00:00,-0.00013679
2020-08-06 16:00:00+00:00,-0.00020248
2020-08-07 00:00:00.001000+00:00,0.0
2020-08-07 08:00:00+00:00,0.0
2020-08-07 16:00:00+00:00,0.0
2020-08-08 00:00:00+00:00,-0.00219836
2020-08-08 08:00:00+00:00,-0.00055752
2020-08-08 16:00:00+00:00,-0.00150728
2020-08-09 00:00:00+00:00,-0.00058693
2020-08-09 08:00:00+00:00,-0.00029548
2020-08-09 16:00:00+00:00,-0.00036793
2020-08-10 00:00:00.001000+00:00,0.0
2020-08-10 08:00:00+00:00,0.0
2020-08-10 16:00:00.001000+00:00,0.00035918
2020-08-11 00:00:00.001000+00:00,0.00041831
2020-08-11 08:00:00+00:00,0.00024776
2020-08-11 16:00:00.001000+00:00,0.0
2020-08-12 00:00:00+00:00,0.0
2020-08-12 08:00:00+00:00,0.0
2020-08-12 16:00:00+00:00,0.00019557
2020-08-13 00:00:00.002000+00:00,0.0
2020-08-13 08:00:00+00:00,0.00074298
2020-08-13 16:00:00+00:00,0.00063237
2020-08-14 00:00:00+00:00,0.00075067
2020-08-14 08:00:00+00:00,0.00057341
2020-08-14 16:00:00+00:00,0.00097859
2020-08-15 00:00:00+00:00,0.00014737
2020-08-15 08:00:00.001000+00:00,0.00038377
2020-08-15 16:00:00.001000+00:00,0.00053827
2020-08-16 00:00:00+00:00,0.00042953
2020-08-16 08:00:00+00:00,0.00017072
2020-08-16 16:00:00+00:00,0.00014081
2020-08-17 00:00:00+00:00,0.00066913
2020-08-17 08:00:00+00:00,0.0005746
2020-08-17 16:00:00+00:00,0.00047913
2020-08-18 00:00:00.001000+00:00,0.00156863
2020-08-18 08:00:00.008000+00:00,0.00080128
2020-08-18 16:00:00+00:00,0.00047931
2020-08-19 00:00:00+00:00,0.00014429
2020-08-19 08:00:00+00:00,0.00015509
2020-08-19 16:00:00+00:00,0.00037422
2020-08-20 00:00:00.001000+00:00,0.00133633
2020-08-20 08:00:00+00:00,0.0004041
2020-08-20 16:00:00+00:00,0.00045232
2020-08-21 00:00:00+00:00,0.00072622
2020-08-21 08:00:00+00:00,0.0002474
2020-08-21 16:00:00.017000+00:00,0.0001544
2020-08-22 00:00:00+00:00,0.00016151
2020-08-22 08:00:00+00:00,0.0
2020-08-22 16:00:00+00:00,7.395e-05
2020-08-23 00:00:00+00:00,0.00027256
2020-08-23 08:00:00+00:00,0.00023605
2020-08-23 16:00:00+00:00,6.471e-05
2020-08-24 00:00:00.006000+00:00,0.0
2020-08-24 08:00:00.001000+00:00,0.0001374
2020-08-24 16:00:00+00:00,0.00031156
2020-08-25 00:00:00+00:00,0.00039606
2020-08-25 08:00:00+00:00,0.00015343
2020-08-25 16:00:00+00:00,0.00027732
2020-08-26 00:00:00+00:00,0.00018175
2020-08-26 08:00:00.008000+00:00,0.00014978
2020-08-26 16:00:00.002000+00:00,0.00026014
2020-08-27 00:00:00+00:00,0.00019237
2020-08-27 08:00:00.010000+00:00,0.00012595
2020-08-27 16:00:00+00:00,0.00020294
2020-08-28 00:00:00+00:00,0.00016187
2020-08-28 08:00:00.001000+00:00,0.00065202
2020-08-28 16:00:00+00:00,0.00063368
2020-08-29 00:00:00.002000+00:00,0.00010505
2020-08-29 08:00:00.006000+00:00,0.00031093
2020-08-29 16:00:00.003000+00:00,0.00038383
2020-08-30 00:00:00+00:00,0.00048968
2020-08-30 08:00:00+00:00,0.0002535
2020-08-30 16:00:00+00:00,0.00070995
2020-08-31 00:00:00+00:00,0.00084799
2020-08-31 08:00:00.001000+00:00,0.00038615
2020-08-31 16:00:00.001000+00:00,0.00014816
2020-09-01 00:00:00+00:00,0.00052251
2020-09-01 08:00:00+00:00,0.00068999
2020-09-01 16:00:00+00:00,0.00106256
2020-09-02 00:00:00+00:00,0.0020059
2020-09-02 08:00:00.006000+00:00,0.00070794
2020-09-02 16:00:00+00:00,0.00037792
2020-09-03 00:00:00.001000+00:00,0.00048099
2020-09-03 08:00:00.004000+00:00,0.00015812
2020-09-03 16:00:00+00:00,0.00032226
2020-09-04 00:00:00.005000+00:00,0.0
2020-09-04 08:00:00+00:00,0.0
2020-09-04 16:00:00.006000+00:00,-9.235e-05
2020-09-05 00:00:00+00:00,-0.00035671
2020-09-05 08:00:00.004000+00:00,0.0
2020-09-05 16:00:00.001000+00:00,-0.00098128
2020-09-06 00:00:00.004000+00:00,-0.00227287
2020-09-06 08:00:00+00:00,-0.00038531
2020-09-06 16:00:00+00:00,0.0
2020-09-07 00:00:00.002000+00:00,0.0
2020-09-07 08:00:00.004000+00:00,0.0
2020-09-07 16:00:00.001000+00:00,-0.00145349
2020-09-08 00:00:00.007000+00:00,-0.00081396
2020-09-08 08:00:00.006000+00:00,-0.00186081
2020-09-08 16:00:00.014000+00:00,-0.00095672
2020-09-09 00:00:00+00:00,-0.00112424
2020-09-09 08:00:00+00:00,-0.00151416
2020-09-09 16:00:00+00:00,-7.669e-05
2020-09-10 00:00:00+00:00,-0.00014308
2020-09-10 08:00:00.005000+00:00,0.0
2020-09-10 16:00:00+00:00,-5.155e-05
2020-09-11 00:00:00+00:00,-0.00055362
2020-09-11 08:00:00.008000+00:00,-0.00055812
2020-09-11 16:00:00+00:00,-0.00015613
2020-09-12 00:00:00.008000+00:00,-0.00044648
2020-09-12 08:00:00+00:00,-0.00091674
2020-09-12 16:00:00.008000+00:00,-0.00171385
2020-09-13 00:00:00+00:00,-0.00136262
2020-09-13 08:00:00+00:00,-0.00046387
2020-09-13 16:00:00.004000+00:00,-0.00218179
2020-09-14 00:00:00.003000+00:00,-0.00170488
2020-09-14 08:00:00.008000+00:00,-0.00177477
2020-09-14 16:00:00+00:00,-0.0025029
2020-09-15 00:00:00+00:00,-0.00162444
2020-09-15 08:00:00.010000+00:00,-0.00050242
2020-09-15 16:00:00.003000+00:00,-0.0021692
2020-09-16 00:00:00.014000+00:00,-0.00066392
2020-09-16 08:00:00+00:00,-0.00044773
2020-09-16 16:00:00.001000+00:00,-0.00158392
2020-09-17 00:00:00.006000+00:00,-0.00065281
2020-09-17 08:00:00.012000+00:00,-7.914e-05
2020-09-17 16:00:00+00:00,0.0
2020-09-18 00:00:00.001000+00:00,-0.00013131
2020-09-18 08:00:00.002000+00:00,-0.00116222
2020-09-18 16:00:00.002000+00:00,0.0
2020-09-19 00:00:00+00:00,0.0
2020-09-19 08:00:00.005000+00:00,9.9e-07
2020-09-19 16:00:00.008000+00:00,0.00036939
2020-09-20 00:00:00.002000+00:00,0.00046118
2020-09-20 08:00:00.005000+00:00,0.00042487
2020-09-20 16:00:00.005000+00:00,0.0
2020-09-21 00:00:00+00:00,6.052e-05
2020-09-21 08:00:00.001000+00:00,0.0
2020-09-21 16:00:00+00:00,0.0
2020-09-22 00:00:00.001000+00:00,0.0
2020-09-22 08:00:00+00:00,0.0
2020-09-22 16:00:00.004000+00:00,0.0
2020-09-23 00:00:00.007000+00:00,0.0
2020-09-23 08:00:00.001000+00:00,0.0
2020-09-23 16:00:00.001000+00:00,0.0
2020-09-24 00:00:00+00:00,0.0
2020-09-24 08:00:00+00:00,0.0
2020-09-24 16:00:00+00:00,0.0
2020-09-25 00:00:00.009000+00:00,0.0
2020-09-25 08:00:00.045000+00:00,-0.00014236
2020-09-25 16:00:00+00:00,0.0
2020-09-26 00:00:00+00:00,0.0
2020-09-26 08:00:00+00:00,0.0
2020-09-26 16:00:00.005000+00:00,0.0
2020-09-27 00:00:00+00:00,-0.00067742
2020-09-27 08:00:00+00:00,-0.00135555
2020-09-27 16:00:00.019000+00:00,-0.00065884
2020-09-28 00:00:00.001000+00:00,-0.00098357
2020-09-28 08:00:00+00:00,0.0
2020-09-28 16:00:00.002000+00:00,-0.00060424
2020-09-29 00:00:00+00:00,-0.00160076
2020-09-29 08:00:00+00:00,-0.00138124
2020-09-29 16:00:00+00:00,-0.00151
2020-09-30 00:00:00.005000+00:00,-0.00066187
2020-09-30 08:00:00+00:00,-0.00223882
2020-09-30 16:00:00+00:00,-0.00281779
2020-10-01 00:00:00+00:00,-0.00123407
2020-10-01 08:00:00+00:00,-0.00076986
2020-10-01 16:00:00+00:00,-0.00066939
2020-10-02 00:00:00.011000+00:00,-0.00071798
2020-10-02 08:00:00+00:00,-0.00122515
2020-10-02 16:00:00.005000+00:00,-0.00044083
2020-10-03 00:00:00+00:00,-0.00080154
2020-10-03 08:00:00.001000+00:00,-0.0015424
2020-10-03 16:00:00+00:00,-0.00174458
2020-10-04 00:00:00+00:00,-0.00219036
2020-10-04 08:00:00.003000+00:00,-0.00239764
2020-10-04 16:00:00.001000+00:00,-0.00220642
2020-10-05 00:00:00+00:00,-0.00209453
2020-10-05 08:00:00+00:00,-0.00209556
2020-10-05 16:00:00.012000+00:00,-0.00079132
2020-10-06 00:00:00+00:00,-0.000497
2020-10-06 08:00:00.005000+00:00,-0.00149526
2020-10-06 16:00:00+00:00,-0.00081215
2020-10-07 00:00:00+00:00,-0.00070831
2020-10-07 08:00:00+00:00,-0.00057549
2020-10-07 16:00:00+00:00,-0.00034934
2020-10-08 00:00:00+00:00,-0.00053273
2020-10-08 08:00:00.009000+00:00,0.0
2020-10-08 16:00:00.003000+00:00,0.0
2020-10-09 00:00:00.001000+00:00,-0.00020094
2020-10-09 08:00:00+00:00,0.0
2020-10-09 16:00:00.004000+00:00,-0.0001996
2020-10-10 00:00:00.005000+00:00,-0.00087665
2020-10-10 08:00:00+00:00,0.0
2020-10-10 16:00:00.011000+00:00,0.0
2020-10-11 00:00:00.002000+00:00,0.0
2020-10-11 08:00:00.003000+00:00,0.0
2020-10-11 16:00:00.004000+00:00,0.0
2020-10-12 00:00:00.001000+00:00,0.0
2020-10-12 08:00:00+00:00,0.0
2020-10-12 16:00:00.011000+00:00,-0.00041136
2020-10-13 00:00:00.003000+00:00,-0.00184087
2020-10-13 08:00:00+00:00,-0.00102663
2020-10-13 16:00:00.001000+00:00,-0.0010211
2020-10-14 00:00:00.001000+00:00,-0.00127855
2020-10-14 08:00:00+00:00,-0.00057013
2020-10-14 16:00:00.001000+00:00,-0.00069117
2020-10-15 00:00:00+00:00,-0.00055756
2020-10-15 08:00:00+00:00,-0.00089281
2020-10-15 16:00:00+00:00,-0.0015306
2020-10-16 00:00:00.002000+00:00,0.0
2020-10-16 08:00:00.003000+00:00,0.0
2020-10-16 16:00:00+00:00,-6.873e-05
2020-10-17 00:00:00.006000+00:00,0.0
2020-10-17 08:00:00.007000+00:00,0.0
2020-10-17 16:00:00.009000+00:00,-0.00012938
2020-10-18 00:00:00.006000+00:00,0.0
2020-10-18 08:00:00+00:00,-0.00015302
2020-10-18 16:00:00+00:00,0.0
2020-10-19 00:00:00+00:00,-0.00013596
2020-10-19 08:00:00+00:00,-0.00013061
2020-10-19 16:00:00+00:00,-0.00018203
2020-10-20 00:00:00.015000+00:00,0.0
2020-10-20 08:00:00+00:00,0.0
2020-10-20 16:00:00.008000+00:00,0.0
2020-10-21 00:00:00.009000+00:00,0.0
2020-10-21 08:00:00.004000+00:00,0.0
2020-10-21 16:00:00+00:00,0.0
2020-10-22 00:00:00+00:00,0.0
2020-10-22 08:00:00+00:00,0.00043594
2020-10-22 16:00:00.004000+00:00,0.00023644
2020-10-23 00:00:00.007000+00:00,0.00015567
2020-10-23 08:00:00+00:00,0.0
2020-10-23 16:00:00+00:00,0.0
2020-10-24 00:00:00+00:00,0.0
2020-10-24 08:00:00+00:00,0.0
2020-10-24 16:00:00.008000+00:00,0.0
2020-10-25 00:00:00.005000+00:00,0.0
2020-10-25 08:00:00.014000+00:00,0.0
2020-10-25 16:00:00+00:00,0.0
2020-10-26 00:00:00.004000+00:00,0.0
2020-10-26 08:00:00+00:00,0.0
2020-10-26 16:00:00+00:00,-0.00029603
2020-10-27 00:00:00+00:00,-0.00033136
2020-10-27 08:00:00+00:00,0.0
2020-10-27 16:00:00+00:00,0.0
2020-10-28 00:00:00+00:00,0.0
2020-10-28 08:00:00.006000+00:00,0.0
2020-10-28 16:00:00.001000+00:00,0.0
2020-10-29 00:00:00+00:00,0.0
2020-10-29 08:00:00+00:00,0.0
2020-10-29 16:00:00+00:00,0.0
2020-10-30 00:00:00+00:00,0.0
2020-10-30 08:00:00.002000+00:00,-0.00055634
2020-10-30 16:00:00.002000+00:00,0.0
2020-10-31 00:00:00.003000+00:00,2.876e-05
2020-10-31 08:00:00+00:00,0.0
2020-10-31 16:00:00+00:00,1.981e-05
2020-11-01 00:00:00+00:00,0.0
2020-11-01 08:00:00+00:00,0.0
2020-11-01 16:00:00+00:00,0.00017913
2020-11-02 00:00:00+00:00,0.00018021
2020-11-02 08:00:00.010000+00:00,0.0
2020-11-02 16:00:00+00:00,0.0
2020-11-03 00:00:00+00:00,0.0
2020-11-03 08:00:00.004000+00:00,0.0
2020-11-03 16:00:00.009000+00:00,0.0
2020-11-04 00:00:00+00:00,0.0
2020-11-04 08:00:00+00:00,8.636e-05
2020-11-04 16:00:00.005000+00:00,0.0
2020-11-05 00:00:00.017000+00:00,0.0
2020-11-05 08:00:00.001000+00:00,0.0
2020-11-05 16:00:00+00:00,0.00026077
2020-11-06 00:00:00+00:00,0.0004253
2020-11-06 08:00:00.001000+00:00,0.00028471
2020-11-06 16:00:00.001000+00:00,0.00080594
2020-11-07 00:00:00.001000+00:00,0.00082688
2020-11-07 08:00:00+00:00,0.00050306
2020-11-07 16:00:00.006000+00:00,0.00066532
2020-11-08 00:00:00+00:00,6.083e-05
2020-11-08 08:00:00+00:00,0.00024159
2020-11-08 16:00:00+00:00,3.12e-06
2020-11-09 00:00:00.007000+00:00,0.00026115
2020-11-09 08:00:00.001000+00:00,0.0001787
2020-11-09 16:00:00.002000+00:00,0.00031898
2020-11-10 00:00:00.003000+00:00,0.00066931
2020-11-10 08:00:00.011000+00:00,0.00020756
2020-11-10 16:00:00+00:00,0.00040816
2020-11-11 00:00:00+00:00,0.00048119
2020-11-11 08:00:00.009000+00:00,0.00050153
2020-11-11 16:00:00.003000+00:00,0.00041231
2020-11-12 00:00:00.001000+00:00,0.00021018
2020-11-12 08:00:00.001000+00:00,0.00041082
2020-11-12 16:00:00+00:00,0.00028223
2020-11-13 00:00:00+00:00,0.00012098
2020-11-13 08:00:00+00:00,0.00068895
2020-11-13 16:00:00+00:00,0.0
2020-11-14 00:00:00.005000+00:00,0.00026108
2020-11-14 08:00:00.004000+00:00,7.188e-05
2020-11-14 16:00:00.001000+00:00,0.00045721
2020-11-15 00:00:00.001000+00:00,0.0
2020-11-15 08:00:00+00:00,0.0
2020-11-15 16:00:00.003000+00:00,0.0
2020-11-16 00:00:00+00:00,0.00012458
2020-11-16 08:00:00.010000+00:00,6.633e-05
2020-11-16 16:00:00.001000+00:00,0.00028833
2020-11-17 00:00:00.002000+00:00,0.00037759
2020-11-17 08:00:00.003000+00:00,0.00064437
2020-11-17 16:00:00.003000+00:00,0.00032459
2020-11-18 00:00:00.005000+00:00,0.00078963
2020-11-18 08:00:00.006000+00:00,0.00020545
2020-11-18 16:00:00+00:00,0.00076341
2020-11-19 00:00:00.008000+00:00,0.00023643
2020-11-19 08:00:00+00:00,0.00019603
2020-11-19 16:00:00.001000+00:00,0.00041661
2020-11-20 00:00:00.003000+00:00,0.0
2020-11-20 08:00:00.005000+00:00,0.0
2020-11-20 16:00:00+00:00,0.00073079
2020-11-21 00:00:00+00:00,0.00090816
2020-11-21 08:00:00+00:00,0.00066893
2020-11-21 16:00:00.001000+00:00,0.00138168
2020-11-22 00:00:00.005000+00:00,0.00095751
2020-11-22 08:00:00+00:00,0.00073493
2020-11-22 16:00:00+00:00,0.00045091
2020-11-23 00:00:00.005000+00:00,0.00146231
2020-11-23 08:00:00+00:00,0.00159497
2020-11-23 16:00:00.003000+00:00,0.0016533
2020-11-24 00:00:00+00:00,0.00052801
2020-11-24 08:00:00+00:00,0.00226902
2020-11-24 16:00:00.005000+00:00,0.00102967
2020-11-25 00:00:00.005000+00:00,0.00079941
2020-11-25 08:00:00.005000+00:00,0.00045736
2020-11-25 16:00:00.015000+00:00,0.0016366
2020-11-26 00:00:00.012000+00:00,0.00023057
2020-11-26 08:00:00.002000+00:00,0.0
2020-11-26 16:00:00.001000+00:00,0.0
2020-11-27 00:00:00.001000+00:00,0.0
2020-11-27 08:00:00+00:00,0.0
2020-11-27 16:00:00.007000+00:00,0.00017518
2020-11-28 00:00:00.007000+00:00,0.0001589
2020-11-28 08:00:00.012000+00:00,3.871e-05
2020-11-28 16:00:00+00:00,9.293e-05
2020-11-29 00:00:00.007000+00:00,9.222e-05
2020-11-29 08:00:00+00:00,0.00016366
2020-11-29 16:00:00+00:00,0.0
2020-11-30 00:00:00.004000+00:00,0.0
2020-11-30 08:00:00.007000+00:00,0.00024799
2020-11-30 16:00:00+00:00,0.00048125
2020-12-01 00:00:00+00:00,0.00067741
2020-12-01 08:00:00.003000+00:00,0.00087932
2020-12-01 16:00:00+00:00,7.411e-05
2020-12-02 00:00:00.001000+00:00,0.00016771
2020-12-02 08:00:00.011000+00:00,0.00042473
2020-12-02 16:00:00.005000+00:00,0.00070363
2020-12-03 00:00:00.001000+00:00,0.00067342
2020-12-03 08:00:00.031000+00:00,0.00054614
2020-12-03 16:00:00+00:00,0.00073819
2020-12-04 00:00:00.006000+00:00,0.00047345
2020-12-04 08:00:00.009000+00:00,0.00055499
2020-12-04 16:00:00+00:00,3.769e-05
2020-12-05 00:00:00+00:00,3.844e-05
2020-12-05 08:00:00+00:00,0.00043845
2020-12-05 16:00:00+00:00,0.00035579
2020-12-06 00:00:00.004000+00:00,0.0
2020-12-06 08:00:00+00:00,0.0
2020-12-06 16:00:00.001000+00:00,0.0
2020-12-07 00:00:00+00:00,0.0
2020-12-07 08:00:00.008000+00:00,0.0
2020-12-07 16:00:00+00:00,7.966e-05
2020-12-08 00:00:00.003000+00:00,1.597e-05
2020-12-08 08:00:00.003000+00:00,0.0
2020-12-08 16:00:00.033000+00:00,0.0
2020-12-09 00:00:00+00:00,0.0
2020-12-09 08:00:00.010000+00:00,0.0
2020-12-09 16:00:00+00:00,0.0
2020-12-10 00:00:00+00:00,0.0
2020-12-10 08:00:00+00:00,0.0
2020-12-10 16:00:00.007000+00:00,0.0
2020-12-11 00:00:00+00:00,0.0
2020-12-11 08:00:00.016000+00:00,0.0
2020-12-11 16:00:00.010000+00:00,0.0
2020-12-12 00:00:00.009000+00:00,0.00021507
2020-12-12 08:00:00.002000+00:00,0.0
2020-12-12 16:00:00+00:00,0.0
2020-12-13 00:00:00.007000+00:00,0.0
2020-12-13 08:00:00+00:00,0.0
2020-12-13 16:00:00+00:00,0.00075115
2020-12-14 00:00:00+00:00,0.00073964
2020-12-14 08:00:00+00:00,0.000108
2020-12-14 16:00:00+00:00,0.0
2020-12-15 00:00:00.006000+00:00,0.0
2020-12-15 08:00:00.001000+00:00,0.0
2020-12-15 16:00:00+00:00,0.0
2020-12-16 00:00:00.001000+00:00,0.0
2020-12-16 08:00:00+00:00,0.0
2020-12-16 16:00:00+00:00,0.00031585
2020-12-17 00:00:00+00:00,0.00086845
2020-12-17 08:00:00+00:00,0.00099769
2020-12-17 16:00:00.011000+00:00,0.00115376
2020-12-18 00:00:00+00:00,0.00036886
2020-12-18 08:00:00+00:00,0.00025063
2020-12-18 16:00:00+00:00,0.0011082
2020-12-19 00:00:00+00:00,0.00068098
2020-12-19 08:00:00.018000+00:00,0.00040192
2020-12-19 16:00:00+00:00,0.00195991
2020-12-20 00:00:00.001000+00:00,0.00154561
2020-12-20 08:00:00.011000+00:00,0.00171781
2020-12-20 16:00:00.023000+00:00,0.00092076
2020-12-21 00:00:00.011000+00:00,0.00072237
2020-12-21 08:00:00+00:00,0.00100009
2020-12-21 16:00:00+00:00,0.0
2020-12-22 00:00:00.001000+00:00,0.0
2020-12-22 08:00:00.006000+00:00,0.00023339
2020-12-22 16:00:00+00:00,0.0
2020-12-23 00:00:00+00:00,0.00022685
2020-12-23 08:00:00+00:00,0.0
2020-12-23 16:00:00+00:00,0.00011562
2020-12-24 00:00:00.012000+00:00,0.0
2020-12-24 08:00:00.009000+00:00,0.0
2020-12-24 16:00:00.001000+00:00,0.0
2020-12-25 00:00:00+00:00,0.0
2020-12-25 08:00:00+00:00,0.0
2020-12-25 16:00:00+00:00,0.00010832
2020-12-26 00:00:00.009000+00:00,0.0
2020-12-26 08:00:00.001000+00:00,3.928e-05
2020-12-26 16:00:00.006000+00:00,7.426e-05
2020-12-27 00:00:00+00:00,0.00013631
2020-12-27 08:00:00+00:00,0.00056858
2020-12-27 16:00:00.001000+00:00,0.00040994
2020-12-28 00:00:00.015000+00:00,0.00055837
2020-12-28 08:00:00.019000+00:00,0.00049391
2020-12-28 16:00:00+00:00,0.00078046
2020-12-29 00:00:00.004000+00:00,0.00153255
2020-12-29 08:00:00.003000+00:00,0.00052219
2020-12-29 16:00:00+00:00,0.00043125
2020-12-30 00:00:00.001000+00:00,0.00046595
2020-12-30 08:00:00.001000+00:00,0.00061042
2020-12-30 16:00:00.012000+00:00,0.00080909
2020-12-31 00:00:00.009000+00:00,0.00053089
2020-12-31 08:00:00+00:00,0.00069171
2020-12-31 16:00:00.010000+00:00,0.00051749
2021-01-01 00:00:00.002000+00:00,0.0005917
2021-01-01 08:00:00.006000+00:00,0.00056828
2021-01-01 16:00:00.003000+00:00,0.00087348
2021-01-02 00:00:00+00:00,0.00011634
2021-01-02 08:00:00+00:00,0.00033705
2021-01-02 16:00:00.006000+00:00,0.00067125
2021-01-03 00:00:00.018000+00:00,0.00062325
2021-01-03 08:00:00+00:00,0.00137736
2021-01-03 16:00:00.002000+00:00,0.00189349
2021-01-04 00:00:00+00:00,0.00287483
2021-01-04 08:00:00+00:00,0.00343153
2021-01-04 16:00:00+00:00,0.00112134
2021-01-05 00:00:00.020000+00:00,0.00089558
2021-01-05 08:00:00.003000+00:00,0.00039534
2021-01-05 16:00:00.003000+00:00,0.00088404
2021-01-06 00:00:00.010000+00:00,0.00124305
2021-01-06 08:00:00.003000+00:00,0.00257128
2021-01-06 16:00:00+00:00,0.00282457
2021-01-07 00:00:00.007000+00:00,0.00138368
2021-01-07 08:00:00+00:00,0.00157182
2021-01-07 16:00:00.004000+00:00,0.00183982
2021-01-08 00:00:00+00:00,0.00136268
2021-01-08 08:00:00+00:00,0.00021238
2021-01-08 16:00:00+00:00,0.00065217
2021-01-09 00:00:00.009000+00:00,0.00030532
2021-01-09 08:00:00.004000+00:00,0.00011567
2021-01-09 16:00:00+00:00,0.00023037
2021-01-10 00:00:00+00:00,0.00139198
2021-01-10 08:00:00.005000+00:00,0.0009064
2021-01-10 16:00:00+00:00,3.78e-05
2021-01-11 00:00:00+00:00,0.0
2021-01-11 08:00:00.012000+00:00,0.0
2021-01-11 16:00:00+00:00,0.0
2021-01-12 00:00:00+00:00,0.0
2021-01-12 08:00:00+00:00,0.0
2021-01-12 16:00:00.008000+00:00,0.0
2021-01-13 00:00:00.001000+00:00,0.0
2021-01-13 08:00:00+00:00,0.00015524
2021-01-13 16:00:00.003000+00:00,0.00043853
2021-01-14 00:00:00+00:00,0.00027043
2021-01-14 08:00:00.012000+00:00,0.00084769
2021-01-14 16:00:00+00:00,0.00092805
2021-01-15 00:00:00.002000+00:00,0.00054411
2021-01-15 08:00:00+00:00,0.0007094
2021-01-15 16:00:00.004000+00:00,0.00078102
2021-01-16 00:00:00+00:00,0.00030613
2021-01-16 08:00:00.008000+00:00,0.00063134
2021-01-16 16:00:00+00:00,0.00117698
2021-01-17 00:00:00.009000+00:00,0.00117036
2021-01-17 08:00:00+00:00,0.00073946
2021-01-17 16:00:00.001000+00:00,0.00083505
2021-01-18 00:00:00+00:00,0.00037017
2021-01-18 08:00:00.004000+00:00,0.00127435
2021-01-18 16:00:00+00:00,0.00172842
2021-01-19 00:00:00+00:00,0.00126416
2021-01-19 08:00:00.005000+00:00,0.00227175
2021-01-19 16:00:00.012000+00:00,0.00118764
2021-01-20 00:00:00.012000+00:00,0.0
2021-01-20 08:00:00.001000+00:00,0.0
2021-01-20 16:00:00.001000+00:00,0.0
2021-01-21 00:00:00+00:00,0.00022178
2021-01-21 08:00:00+00:00,0.00020751
2021-01-21 16:00:00.004000+00:00,1.846e-05
2021-01-22 00:00:00.012000+00:00,0.00030046
2021-01-22 08:00:00.003000+00:00,0.0
2021-01-22 16:00:00.001000+00:00,0.0
2021-01-23 00:00:00+00:00,0.0
2021-01-23 08:00:00.002000+00:00,-0.00015448
2021-01-23 16:00:00+00:00,0.0
2021-01-24 00:00:00.001000+00:00,0.00029714
2021-01-24 08:00:00.011000+00:00,0.00012677
2021-01-24 16:00:00.005000+00:00,0.00069247
2021-01-25 00:00:00.007000+00:00,0.00039638
2021-01-25 08:00:00.012000+00:00,0.00079754
2021-01-25 16:00:00+00:00,0.00056007
2021-01-26 00:00:00.007000+00:00,0.00061107
2021-01-26 08:00:00+00:00,0.00014018
2021-01-26 16:00:00+00:00,0.00026739
2021-01-27 00:00:00+00:00,0.00010778
2021-01-27 08:00:00.011000+00:00,0.0
2021-01-27 16:00:00.003000+00:00,0.00038909
2021-01-28 00:00:00+00:00,6.272e-05
2021-01-28 08:00:00+00:00,0.00025273
2021-01-28 16:00:00+00:00,0.0
2021-01-29 00:00:00.009000+00:00,-0.00071147
2021-01-29 08:00:00+00:00,0.0
2021-01-29 16:00:00+00:00,0.00150672
2021-01-30 00:00:00+00:00,0.0
2021-01-30 08:00:00+00:00,0.0
2021-01-30 16:00:00+00:00,-0.00038647
2021-01-31 00:00:00.009000+00:00,0.0
2021-01-31 08:00:00+00:00,-0.00021993
2021-01-31 16:00:00+00:00,-9.557e-05
2021-02-01 00:00:00.001000+00:00,0.0
2021-02-01 08:00:00.014000+00:00,0.0
2021-02-01 16:00:00+00:00,-0.00210508
2021-02-02 00:00:00+00:00,0.0
2021-02-02 08:00:00.006000+00:00,0.00028841
2021-02-02 16:00:00+00:00,-0.00140269
2021-02-03 00:00:00.009000+00:00,-0.00137817
2021-02-03 08:00:00.006000+00:00,0.0
2021-02-03 16:00:00.006000+00:00,-3.41e-06
2021-02-04 00:00:00.005000+00:00,-0.00018986
2021-02-04 08:00:00+00:00,0.0
2021-02-04 16:00:00.011000+00:00,-0.00028705
2021-02-05 00:00:00.009000+00:00,-7.679e-05
2021-02-05 08:00:00.004000+00:00,0.00018485
2021-02-05 16:00:00+00:00,0.00028044
2021-02-06 00:00:00.008000+00:00,-0.00057475
2021-02-06 08:00:00.009000+00:00,0.0
2021-02-06 16:00:00+00:00,0.00071564
2021-02-07 00:00:00+00:00,-0.0002485
2021-02-07 08:00:00.005000+00:00,-0.000665
2021-02-07 16:00:00.001000+00:00,-0.00015453
2021-02-08 00:00:00+00:00,-0.00033902
2021-02-08 08:00:00.001000+00:00,-0.00177124
2021-02-08 16:00:00+00:00,0.00319303
2021-02-09 00:00:00.010000+00:00,0.0007417
2021-02-09 08:00:00.006000+00:00,0.00326459
2021-02-09 16:00:00.007000+00:00,0.00147289
2021-02-10 00:00:00.009000+00:00,0.00336062
2021-02-10 08:00:00.014000+00:00,0.00259611
2021-02-10 16:00:00.005000+00:00,0.00269911
2021-02-11 00:00:00+00:00,0.00131536
2021-02-11 08:00:00+00:00,0.00142378
2021-02-11 16:00:00+00:00,0.0030064
2021-02-12 00:00:00+00:00,0.00255821
2021-02-12 08:00:00+00:00,0.00221925
2021-02-12 16:00:00+00:00,0.00253196
2021-02-13 00:00:00.001000+00:00,0.00205233
2021-02-13 08:00:00.003000+00:00,0.00226669
2021-02-13 16:00:00+00:00,0.0003426
2021-02-14 00:00:00.013000+00:00,0.0023488
2021-02-14 08:00:00+00:00,0.00291102
2021-02-14 16:00:00.008000+00:00,0.00171654
2021-02-15 00:00:00+00:00,0.00210067
2021-02-15 08:00:00.006000+00:00,0.0
2021-02-15 16:00:00+00:00,0.0
2021-02-16 00:00:00.001000+00:00,1.485e-05
2021-02-16 08:00:00+00:00,0.00075155
2021-02-16 16:00:00.010000+00:00,0.00098132
2021-02-17 00:00:00.005000+00:00,0.0004757
2021-02-17 08:00:00.010000+00:00,0.00050673
2021-02-17 16:00:00.008000+00:00,0.00173046
2021-02-18 00:00:00.012000+00:00,0.00190499
2021-02-18 08:00:00+00:00,0.00167118
2021-02-18 16:00:00.009000+00:00,0.00144754
2021-02-19 00:00:00.010000+00:00,0.00090562
2021-02-19 08:00:00.002000+00:00,0.00201514
2021-02-19 16:00:00.008000+00:00,0.00397817
2021-02-20 00:00:00+00:00,0.002824
2021-02-20 08:00:00.009000+00:00,0.00240137
2021-02-20 16:00:00+00:00,0.00441898
2021-02-21 00:00:00.007000+00:00,0.00201279
2021-02-21 08:00:00.012000+00:00,0.0006923
2021-02-21 16:00:00.001000+00:00,0.00043311
2021-02-22 00:00:00.006000+00:00,0.00076508
2021-02-22 08:00:00.002000+00:00,0.00121046
2021-02-22 16:00:00+00:00,0.0
2021-02-23 00:00:00+00:00,0.00029882
2021-02-23 08:00:00.006000+00:00,0.0
2021-02-23 16:00:00+00:00,-0.00044901
2021-02-24 00:00:00.012000+00:00,-0.00014344
2021-02-24 08:00:00.016000+00:00,-0.00089659
2021-02-24 16:00:00.011000+00:00,0.0
2021-02-25 00:00:00.007000+00:00,0.0
2021-02-25 08:00:00+00:00,0.00028644
2021-02-25 16:00:00.010000+00:00,0.00013543
2021-02-26 00:00:00+00:00,0.0
2021-02-26 08:00:00.025000+00:00,-0.00059456
2021-02-26 16:00:00.010000+00:00,0.0
2021-02-27 00:00:00.001000+00:00,0.0
2021-02-27 08:00:00+00:00,9.595e-05
2021-02-27 16:00:00+00:00,0.0
2021-02-28 00:00:00.021000+00:00,0.0
2021-02-28 08:00:00.009000+00:00,0.0
2021-02-28 16:00:00+00:00,0.0001051
2021-03-01 00:00:00+00:00,0.0
2021-03-01 08:00:00.003000+00:00,0.0
2021-03-01 16:00:00.001000+00:00,3.391e-05
2021-03-02 00:00:00+00:00,0.0
2021-03-02 08:00:00+00:00,0.0
2021-03-02 16:00:00.004000+00:00,0.00034725
2021-03-03 00:00:00+00:00,0.0
2021-03-03 08:00:00.016000+00:00,0.0
2021-03-03 16:00:00+00:00,0.0004679
2021-03-04 00:00:00+00:00,0.00033678
2021-03-04 08:00:00.015000+00:00,2.204e-05
2021-03-04 16:00:00.001000+00:00,0.0001561
2021-03-05 00:00:00+00:00,0.0
2021-03-05 08:00:00.002000+00:00,0.0
2021-03-05 16:00:00.008000+00:00,0.0
2021-03-06 00:00:00+00:00,0.0
2021-03-06 08:00:00+00:00,0.0
2021-03-06 16:00:00+00:00,0.0
2021-03-07 00:00:00.006000+00:00,0.0
2021-03-07 08:00:00.005000+00:00,0.00012207
2021-03-07 16:00:00.008000+00:00,0.00085147
2021-03-08 00:00:00+00:00,0.00061761
2021-03-08 08:00:00+00:00,0.00024577
2021-03-08 16:00:00.006000+00:00,0.00084219
2021-03-09 00:00:00+00:00,0.00060021
2021-03-09 08:00:00+00:00,0.00108241
2021-03-09 16:00:00+00:00,0.00156346
2021-03-10 00:00:00.009000+00:00,0.0009945
2021-03-10 08:00:00.006000+00:00,0.00019159
2021-03-10 16:00:00.008000+00:00,0.00095313
2021-03-11 00:00:00+00:00,0.00021756
2021-03-11 08:00:00+00:00,0.00072803
2021-03-11 16:00:00.014000+00:00,0.0018102
2021-03-12 00:00:00.002000+00:00,0.00184398
2021-03-12 08:00:00.005000+00:00,0.00108321
2021-03-12 16:00:00.011000+00:00,0.00048915
2021-03-13 00:00:00+00:00,0.00063652
2021-03-13 08:00:00.002000+00:00,0.00026329
2021-03-13 16:00:00+00:00,0.00151595
2021-03-14 00:00:00.011000+00:00,0.00121028
2021-03-14 08:00:00+00:00,0.00113247
2021-03-14 16:00:00+00:00,0.00101075
2021-03-15 00:00:00.012000+00:00,0.00111632
2021-03-15 08:00:00.016000+00:00,0.00120751
2021-03-15 16:00:00.030000+00:00,0.00017538
2021-03-16 00:00:00.005000+00:00,0.00075049
2021-03-16 08:00:00.008000+00:00,0.0
2021-03-16 16:00:00.012000+00:00,0.00032876
2021-03-17 00:00:00.010000+00:00,0.00069949
2021-03-17 08:00:00+00:00,0.00077658
2021-03-17 16:00:00.009000+00:00,0.0008253
2021-03-18 00:00:00.001000+00:00,0.00068787
2021-03-18 08:00:00+00:00,0.00033243
2021-03-18 16:00:00+00:00,0.00101434
2021-03-19 00:00:00.011000+00:00,0.00044185
2021-03-19 08:00:00.001000+00:00,0.0005089
2021-03-19 16:00:00+00:00,0.00078686
2021-03-20 00:00:00+00:00,0.0006074
2021-03-20 08:00:00+00:00,0.00082919
2021-03-20 16:00:00.007000+00:00,0.00174
2021-03-21 00:00:00+00:00,0.00087788
2021-03-21 08:00:00+00:00,0.00054596
2021-03-21 16:00:00+00:00,0.00035663
2021-03-22 00:00:00.007000+00:00,0.00071726
2021-03-22 08:00:00.001000+00:00,0.00064104
2021-03-22 16:00:00+00:00,0.00085694
2021-03-23 00:00:00+00:00,0.00016046
2021-03-23 08:00:00.010000+00:00,6.827e-05
2021-03-23 16:00:00.023000+00:00,2.292e-05
2021-03-24 00:00:00.002000+00:00,0.00027494
2021-03-24 08:00:00+00:00,0.00013666
2021-03-24 16:00:00+00:00,0.0
2021-03-25 00:00:00+00:00,0.0
2021-03-25 08:00:00+00:00,0.0
2021-03-25 16:00:00+00:00,-0.00042256
2021-03-26 00:00:00.008000+00:00,0.0
2021-03-26 08:00:00+00:00,0.0
2021-03-26 16:00:00.012000+00:00,-0.00054376
2021-03-27 00:00:00.018000+00:00,0.0
2021-03-27 08:00:00+00:00,-0.00032468
2021-03-27 16:00:00.001000+00:00,0.0
2021-03-28 00:00:00+00:00,8.039e-05
2021-03-28 08:00:00+00:00,0.00021146
2021-03-28 16:00:00.005000+00:00,0.00015098
2021-03-29 00:00:00.003000+00:00,0.0001046
2021-03-29 08:00:00+00:00,0.00010607
2021-03-29 16:00:00+00:00,0.00065241
2021-03-30 00:00:00.018000+00:00,0.00030035
2021-03-30 08:00:00.012000+00:00,0.00067628
2021-03-30 16:00:00.001000+00:00,0.00098543
2021-03-31 00:00:00+00:00,0.00053492
2021-03-31 08:00:00+00:00,0.00079309
2021-03-31 16:00:00+00:00,0.00039337
2021-04-01 00:00:00.025000+00:00,0.00038678
2021-04-01 08:00:00.011000+00:00,0.00063875
2021-04-01 16:00:00.004000+00:00,0.00083402
2021-04-02 00:00:00+00:00,0.00041167
2021-04-02 08:00:00+00:00,0.00147709
2021-04-02 16:00:00+00:00,0.00125716
2021-04-03 00:00:00.003000+00:00,0.00117138
2021-04-03 08:00:00+00:00,0.00141924
2021-04-03 16:00:00+00:00,0.00054845
2021-04-04 00:00:00+00:00,0.00010345
2021-04-04 08:00:00+00:00,0.00022305
2021-04-04 16:00:00.016000+00:00,0.00041287
2021-04-05 00:00:00+00:00,0.00015106
2021-04-05 08:00:00.001000+00:00,2.577e-05
2021-04-05 16:00:00.001000+00:00,0.00164929
2021-04-06 00:00:00.010000+00:00,0.00073497
2021-04-06 08:00:00+00:00,0.00195528
2021-04-06 16:00:00.003000+00:00,0.00031634
2021-04-07 00:00:00+00:00,0.00071335
2021-04-07 08:00:00.006000+00:00,7.12e-06
2021-04-07 16:00:00.004000+00:00,0.00049727
2021-04-08 00:00:00.013000+00:00,0.00010663
2021-04-08 08:00:00.003000+00:00,0.00061145
2021-04-08 16:00:00.005000+00:00,0.00022063
2021-04-09 00:00:00+00:00,0.00068515
2021-04-09 08:00:00.004000+00:00,0.00046039
2021-04-09 16:00:00.004000+00:00,0.00010097
2021-04-10 00:00:00.011000+00:00,0.0
2021-04-10 08:00:00.005000+00:00,0.00143481
2021-04-10 16:00:00+00:00,0.00121535
2021-04-11 00:00:00.004000+00:00,0.00165386
2021-04-11 08:00:00+00:00,0.00142916
2021-04-11 16:00:00+00:00,0.00123461
2021-04-12 00:00:00.001000+00:00,0.00070132
2021-04-12 08:00:00.001000+00:00,0.00225006
2021-04-12 16:00:00.008000+00:00,0.00127767
2021-04-13 00:00:00.003000+00:00,0.00135657
2021-04-13 08:00:00.008000+00:00,0.00252418
2021-04-13 16:00:00.008000+00:00,0.00240702
2021-04-14 00:00:00.008000+00:00,0.00265731
2021-04-14 08:00:00+00:00,0.00292519
2021-04-14 16:00:00.012000+00:00,0.00138875
2021-04-15 00:00:00.006000+00:00,0.00154067
2021-04-15 08:00:00+00:00,0.00153437
2021-04-15 16:00:00.008000+00:00,0.0016646
2021-04-16 00:00:00.008000+00:00,0.00294158
2021-04-16 08:00:00+00:00,0.00202932
2021-04-16 16:00:00.002000+00:00,0.00203238
2021-04-17 00:00:00.008000+00:00,0.00135713
2021-04-17 08:00:00+00:00,0.00156647
2021-04-17 16:00:00.001000+00:00,0.00088307
2021-04-18 00:00:00.006000+00:00,0.00067694
2021-04-18 08:00:00.004000+00:00,-0.00030474
2021-04-18 16:00:00+00:00,0.0
2021-04-19 00:00:00+00:00,0.0
2021-04-19 08:00:00+00:00,0.00044766
2021-04-19 16:00:00.009000+00:00,0.00047664
2021-04-20 00:00:00.004000+00:00,0.0
2021-04-20 08:00:00+00:00,0.0
2021-04-20 16:00:00.001000+00:00,0.0
2021-04-21 00:00:00.013000+00:00,0.0006092
2021-04-21 08:00:00.001000+00:00,0.00032157
2021-04-21 16:00:00.002000+00:00,0.0004063
2021-04-22 00:00:00+00:00,0.00047857
2021-04-22 08:00:00+00:00,0.00061757
2021-04-22 16:00:00.001000+00:00,0.00048198
2021-04-23 00:00:00.002000+00:00,9.468e-05
2021-04-23 08:00:00.009000+00:00,0.00059952
2021-04-23 16:00:00.001000+00:00,3.041e-05
2021-04-24 00:00:00.019000+00:00,0.0
2021-04-24 08:00:00.001000+00:00,5.065e-05
2021-04-24 16:00:00.011000+00:00,0.00020691
2021-04-25 00:00:00+00:00,0.0
2021-04-25 08:00:00.010000+00:00,0.0
2021-04-25 16:00:00+00:00,0.0
2021-04-26 00:00:00.003000+00:00,0.00033529
2021-04-26 08:00:00.002000+00:00,0.00015626
2021-04-26 16:00:00.004000+00:00,0.00025275
2021-04-27 00:00:00+00:00,0.0
2021-04-27 08:00:00+00:00,0.0
2021-04-27 16:00:00.009000+00:00,0.00046534
2021-04-28 00:00:00+00:00,0.00038386
2021-04-28 08:00:00+00:00,0.00037287
2021-04-28 16:00:00.001000+00:00,0.00038748
2021-04-29 00:00:00.004000+00:00,0.00012761
2021-04-29 08:00:00.013000+00:00,0.0
2021-04-29 16:00:00.003000+00:00,0.00066704
2021-04-30 00:00:00.004000+00:00,0.00024164
2021-04-30 08:00:00.019000+00:00,0.00075987
2021-04-30 16:00:00.003000+00:00,0.00013237
2021-05-01 00:00:00.002000+00:00,0.00067731
2021-05-01 08:00:00.006000+00:00,0.00081693
2021-05-01 16:00:00+00:00,0.00044737
2021-05-02 00:00:00.010000+00:00,0.00084511
2021-05-02 08:00:00.011000+00:00,0.00037474
2021-05-02 16:00:00.007000+00:00,6.867e-05
2021-05-03 00:00:00.003000+00:00,0.00012795
2021-05-03 08:00:00+00:00,0.00079033
2021-05-03 16:00:00.043000+00:00,0.00073129
2021-05-04 00:00:00.004000+00:00,0.00075259
2021-05-04 08:00:00.003000+00:00,9.1e-05
2021-05-04 16:00:00.011000+00:00,0.00075677
2021-05-05 00:00:00.001000+00:00,3.701e-05
2021-05-05 08:00:00.007000+00:00,0.0005597
2021-05-05 16:00:00.001000+00:00,0.00030604
2021-05-06 00:00:00.003000+00:00,0.00099213
2021-05-06 08:00:00.001000+00:00,0.00081318
2021-05-06 16:00:00+00:00,0.0018025
2021-05-07 00:00:00+00:00,0.00050626
2021-05-07 08:00:00+00:00,0.00122283
2021-05-07 16:00:00.001000+00:00,0.00037155
2021-05-08 00:00:00.006000+00:00,0.00066409
2021-05-08 08:00:00+00:00,0.00063567
2021-05-08 16:00:00+00:00,0.00082358
2021-05-09 00:00:00.005000+00:00,0.00046777
2021-05-09 08:00:00.016000+00:00,0.00014449
2021-05-09 16:00:00+00:00,0.00074994
2021-05-10 00:00:00.004000+00:00,0.00056994
2021-05-10 08:00:00+00:00,0.00039864
2021-05-10 16:00:00.013000+00:00,0.00082189
2021-05-11 00:00:00+00:00,0.0
2021-05-11 08:00:00+00:00,0.0
2021-05-11 16:00:00.002000+00:00,0.0
2021-05-12 00:00:00.004000+00:00,-0.00024352
2021-05-12 08:00:00.007000+00:00,0.0
2021-05-12 16:00:00.012000+00:00,0.00021819
2021-05-13 00:00:00.016000+00:00,0.00046965
2021-05-13 08:00:00+00:00,0.0
2021-05-13 16:00:00.008000+00:00,4.765e-05
2021-05-14 00:00:00.007000+00:00,0.0
2021-05-14 08:00:00.001000+00:00,0.0
2021-05-14 16:00:00.004000+00:00,0.00025001
2021-05-15 00:00:00.022000+00:00,0.00046237
2021-05-15 08:00:00.014000+00:00,0.00065366
2021-05-15 16:00:00.002000+00:00,0.00031982
2021-05-16 00:00:00+00:00,0.000223
2021-05-16 08:00:00.003000+00:00,0.00045998
2021-05-16 16:00:00.002000+00:00,0.00046329
2021-05-17 00:00:00.005000+00:00,0.00024769
2021-05-17 08:00:00.001000+00:00,0.000206
2021-05-17 16:00:00+00:00,0.00045626
2021-05-18 00:00:00.019000+00:00,0.00042337
2021-05-18 08:00:00.001000+00:00,4.71e-05
2021-05-18 16:00:00.006000+00:00,0.00072366
2021-05-19 00:00:00+00:00,0.00011351
2021-05-19 08:00:00.003000+00:00,0.00027662
2021-05-19 16:00:00.018000+00:00,-0.00303109
2021-05-20 00:00:00.005000+00:00,0.0
2021-05-20 08:00:00+00:00,0.0
2021-05-20 16:00:00.005000+00:00,-0.00087888
2021-05-21 00:00:00+00:00,0.0
2021-05-21 08:00:00+00:00,-0.0004058
2021-05-21 16:00:00.001000+00:00,0.0
2021-05-22 00:00:00.001000+00:00,-0.00043913
2021-05-22 08:00:00.002000+00:00,0.0
2021-05-22 16:00:00.005000+00:00,0.0
2021-05-23 00:00:00.006000+00:00,0.0
2021-05-23 08:00:00.004000+00:00,0.0
2021-05-23 16:00:00.002000+00:00,-0.00019009
2021-05-24 00:00:00.007000+00:00,-0.00176447
2021-05-24 08:00:00.005000+00:00,-0.00017363
2021-05-24 16:00:00.005000+00:00,-0.00060706
2021-05-25 00:00:00+00:00,-0.0002195
2021-05-25 08:00:00.014000+00:00,0.0
2021-05-25 16:00:00+00:00,0.0
2021-05-26 00:00:00.022000+00:00,0.00013767
2021-05-26 08:00:00.018000+00:00,0.0
2021-05-26 16:00:00.004000+00:00,0.00030765
2021-05-27 00:00:00+00:00,0.0
2021-05-27 08:00:00.017000+00:00,-1.668e-05
2021-05-27 16:00:00+00:00,0.0
2021-05-28 00:00:00.005000+00:00,0.0
2021-05-28 08:00:00.009000+00:00,-0.00039361
2021-05-28 16:00:00+00:00,-0.0005446
2021-05-29 00:00:00.006000+00:00,0.0
2021-05-29 08:00:00+00:00,0.0
2021-05-29 16:00:00+00:00,0.0
2021-05-30 00:00:00.003000+00:00,-0.00083951
2021-05-30 08:00:00.004000+00:00,-0.00115648
2021-05-30 16:00:00.018000+00:00,0.0
2021-05-31 00:00:00.002000+00:00,0.0
2021-05-31 08:00:00+00:00,-0.00066724
2021-05-31 16:00:00+00:00,0.0
2021-06-01 00:00:00.001000+00:00,0.0
2021-06-01 08:00:00.010000+00:00,0.0
2021-06-01 16:00:00.010000+00:00,-7.534e-05
2021-06-02 00:00:00.008000+00:00,0.0
2021-06-02 08:00:00+00:00,-8.31e-06
2021-06-02 16:00:00.007000+00:00,0.0
2021-06-03 00:00:00.019000+00:00,0.0
2021-06-03 08:00:00.002000+00:00,-0.00013549
2021-06-03 16:00:00.003000+00:00,0.0
2021-06-04 00:00:00.003000+00:00,0.0
2021-06-04 08:00:00.006000+00:00,0.0
2021-06-04 16:00:00.002000+00:00,0.0
2021-06-05 00:00:00+00:00,0.0
2021-06-05 08:00:00.004000+00:00,0.0
2021-06-05 16:00:00.020000+00:00,0.0
2021-06-06 00:00:00+00:00,0.0
2021-06-06 08:00:00.004000+00:00,0.0
2021-06-06 16:00:00+00:00,0.0
2021-06-07 00:00:00.007000+00:00,0.0
2021-06-07 08:00:00.007000+00:00,0.0
2021-06-07 16:00:00.003000+00:00,0.0
2021-06-08 00:00:00+00:00,0.0
2021-06-08 08:00:00+00:00,0.0
2021-06-08 16:00:00.002000+00:00,0.0
2021-06-09 00:00:00.009000+00:00,0.0
2021-06-09 08:00:00.002000+00:00,0.0
2021-06-09 16:00:00+00:00,-6.007e-05
2021-06-10 00:00:00.007000+00:00,0.0
2021-06-10 08:00:00.003000+00:00,0.0
2021-06-10 16:00:00+00:00,0.0
2021-06-11 00:00:00.010000+00:00,0.0
2021-06-11 08:00:00.007000+00:00,0.0
2021-06-11 16:00:00.006000+00:00,0.0
2021-06-12 00:00:00.005000+00:00,0.0
2021-06-12 08:00:00+00:00,-1.534e-05
2021-06-12 16:00:00.018000+00:00,0.0
2021-06-13 00:00:00.002000+00:00,0.0
2021-06-13 08:00:00+00:00,0.0
2021-06-13 16:00:00.003000+00:00,0.0
2021-06-14 00:00:00+00:00,0.0
2021-06-14 08:00:00.015000+00:00,0.0
2021-06-14 16:00:00+00:00,0.0
2021-06-15 00:00:00+00:00,0.0
2021-06-15 08:00:00+00:00,0.0
2021-06-15 16:00:00.004000+00:00,0.0
2021-06-16 00:00:00.004000+00:00,0.0
2021-06-16 08:00:00.001000+00:00,0.0
2021-06-16 16:00:00+00:00,0.0
2021-06-17 00:00:00.004000+00:00,0.0
2021-06-17 08:00:00+00:00,-8.312e-05
2021-06-17 16:00:00.002000+00:00,0.0
2021-06-18 00:00:00.009000+00:00,-7.25e-06
2021-06-18 08:00:00.014000+00:00,0.0
2021-06-18 16:00:00.007000+00:00,0.0
2021-06-19 00:00:00.003000+00:00,-0.00035235
2021-06-19 08:00:00.001000+00:00,0.0
2021-06-19 16:00:00+00:00,0.0
2021-06-20 00:00:00.005000+00:00,-0.00010304
2021-06-20 08:00:00+00:00,-9.143e-05
2021-06-20 16:00:00.002000+00:00,-0.00040332
2021-06-21 00:00:00.019000+00:00,0.0
2021-06-21 08:00:00+00:00,0.0
2021-06-21 16:00:00.024000+00:00,-0.00030215
2021-06-22 00:00:00.008000+00:00,-0.00016777
2021-06-22 08:00:00.009000+00:00,-0.00041554
2021-06-22 16:00:00.001000+00:00,-0.00121365
2021-06-23 00:00:00.003000+00:00,-0.00033586
2021-06-23 08:00:00+00:00,-0.00048865
2021-06-23 16:00:00+00:00,-3.264e-05
2021-06-24 00:00:00.009000+00:00,-0.00050795
2021-06-24 08:00:00.018000+00:00,-0.00012498
2021-06-24 16:00:00.001000+00:00,0.0
2021-06-25 00:00:00.009000+00:00,-6.47e-06
2021-06-25 08:00:00.004000+00:00,-5.346e-05
2021-06-25 16:00:00+00:00,0.0
2021-06-26 00:00:00.007000+00:00,0.0
2021-06-26 08:00:00+00:00,-8.996e-05
2021-06-26 16:00:00.002000+00:00,-2.297e-05
2021-06-27 00:00:00.005000+00:00,-0.00030894
2021-06-27 08:00:00.010000+00:00,0.0
2021-06-27 16:00:00.001000+00:00,-0.00044564
2021-06-28 00:00:00.025000+00:00,-0.00038173
2021-06-28 08:00:00.017000+00:00,0.0
2021-06-28 16:00:00.007000+00:00,0.0
2021-06-29 00:00:00.008000+00:00,0.0
2021-06-29 08:00:00+00:00,0.0
2021-06-29 16:00:00+00:00,0.0
2021-06-30 00:00:00.011000+00:00,0.0
2021-06-30 08:00:00.044000+00:00,-0.00014264
2021-06-30 16:00:00.005000+00:00,0.0
2021-07-01 00:00:00+00:00,-0.0002592
2021-07-01 08:00:00.004000+00:00,0.0
2021-07-01 16:00:00.028000+00:00,-0.0003286
2021-07-02 00:00:00.002000+00:00,-0.00023488
2021-07-02 08:00:00.016000+00:00,-0.00052655
2021-07-02 16:00:00.007000+00:00,-0.00092227
2021-07-03 00:00:00.008000+00:00,-0.0004581
2021-07-03 08:00:00+00:00,-0.0002612
2021-07-03 16:00:00.004000+00:00,0.0
2021-07-04 00:00:00.012000+00:00,0.0
2021-07-04 08:00:00.002000+00:00,0.0
2021-07-04 16:00:00.003000+00:00,-2.51e-06
2021-07-05 00:00:00.004000+00:00,0.0
2021-07-05 08:00:00+00:00,-0.00017506
2021-07-05 16:00:00.009000+00:00,-7.73e-05
2021-07-06 00:00:00.008000+00:00,-0.0001273
2021-07-06 08:00:00.019000+00:00,0.0
2021-07-06 16:00:00+00:00,-0.00010615
2021-07-07 00:00:00.007000+00:00,-0.00019932
2021-07-07 08:00:00.001000+00:00,-0.00023745
2021-07-07 16:00:00.008000+00:00,-0.0002231
2021-07-08 00:00:00.002000+00:00,-3.055e-05
2021-07-08 08:00:00.010000+00:00,-8.925e-05
2021-07-08 16:00:00.003000+00:00,0.0
2021-07-09 00:00:00+00:00,-0.00017712
2021-07-09 08:00:00.006000+00:00,-2.713e-05
2021-07-09 16:00:00+00:00,-0.00038104
2021-07-10 00:00:00.002000+00:00,-0.00039217
2021-07-10 08:00:00+00:00,-0.00034065
2021-07-10 16:00:00.001000+00:00,-0.00070106
2021-07-11 00:00:00.001000+00:00,-0.00030641
2021-07-11 08:00:00.025000+00:00,-0.00028462
2021-07-11 16:00:00.006000+00:00,-0.00034069
2021-07-12 00:00:00+00:00,-0.00014834
2021-07-12 08:00:00.021000+00:00,-0.00028756
2021-07-12 16:00:00+00:00,-0.00017111
2021-07-13 00:00:00+00:00,-0.00109129
2021-07-13 08:00:00.013000+00:00,-0.00018288
2021-07-13 16:00:00.005000+00:00,0.0
2021-07-14 00:00:00+00:00,0.0
2021-07-14 08:00:00+00:00,0.0
2021-07-14 16:00:00.005000+00:00,-0.00037142
2021-07-15 00:00:00.005000+00:00,0.0
2021-07-15 08:00:00.001000+00:00,-0.0001495
2021-07-15 16:00:00+00:00,-0.00071658
2021-07-16 00:00:00+00:00,-0.0009896
2021-07-16 08:00:00+00:00,-0.00074238
2021-07-16 16:00:00.001000+00:00,-0.00086301
2021-07-17 00:00:00.004000+00:00,-8.1e-05
2021-07-17 08:00:00.009000+00:00,-0.00117845
2021-07-17 16:00:00.006000+00:00,-0.00085262
2021-07-18 00:00:00+00:00,-0.00075486
2021-07-18 08:00:00.001000+00:00,-0.00084031
2021-07-18 16:00:00.003000+00:00,-0.00073448
2021-07-19 00:00:00.002000+00:00,-0.00044604
2021-07-19 08:00:00.006000+00:00,-0.00034509
2021-07-19 16:00:00.006000+00:00,-0.00077746
2021-07-20 00:00:00.002000+00:00,-0.00014526
2021-07-20 08:00:00.011000+00:00,-0.00113106
2021-07-20 16:00:00.001000+00:00,-0.00051948
2021-07-21 00:00:00.022000+00:00,-0.00024253
2021-07-21 08:00:00+00:00,-0.00076601
2021-07-21 16:00:00.018000+00:00,-0.00046886
2021-07-22 00:00:00.002000+00:00,0.0
2021-07-22 08:00:00.006000+00:00,0.0
2021-07-22 16:00:00.010000+00:00,0.0
2021-07-23 00:00:00.013000+00:00,-0.0003805
2021-07-23 08:00:00+00:00,-0.00060895
2021-07-23 16:00:00.005000+00:00,0.0
2021-07-24 00:00:00+00:00,0.0
2021-07-24 08:00:00.002000+00:00,0.0
2021-07-24 16:00:00.001000+00:00,0.0
2021-07-25 00:00:00.003000+00:00,-0.00013077
2021-07-25 08:00:00.015000+00:00,0.0
2021-07-25 16:00:00+00:00,0.0
2021-07-26 00:00:00+00:00,-0.00024538
2021-07-26 08:00:00+00:00,0.0
2021-07-26 16:00:00+00:00,0.0
2021-07-27 00:00:00.046000+00:00,-7.105e-05
2021-07-27 08:00:00.014000+00:00,-0.00029762
2021-07-27 16:00:00.007000+00:00,0.0
2021-07-28 00:00:00+00:00,0.0
2021-07-28 08:00:00.002000+00:00,0.0
2021-07-28 16:00:00.005000+00:00,0.0
2021-07-29 00:00:00.004000+00:00,0.0
2021-07-29 08:00:00+00:00,0.0
2021-07-29 16:00:00.007000+00:00,0.0
2021-07-30 00:00:00.004000+00:00,0.0
2021-07-30 08:00:00+00:00,0.0
2021-07-30 16:00:00+00:00,-0.00016185
2021-07-31 00:00:00+00:00,0.0
2021-07-31 08:00:00.014000+00:00,0.0
2021-07-31 16:00:00.003000+00:00,0.0
2021-08-01 00:00:00.005000+00:00,0.0
2021-08-01 08:00:00.016000+00:00,0.0
2021-08-01 16:00:00.001000+00:00,0.0
2021-08-02 00:00:00+00:00,0.0
2021-08-02 08:00:00.014000+00:00,0.0
2021-08-02 16:00:00.021000+00:00,0.0
2021-08-03 00:00:00+00:00,0.0
2021-08-03 08:00:00+00:00,0.0
2021-08-03 16:00:00.009000+00:00,0.0
2021-08-04 00:00:00+00:00,0.0
2021-08-04 08:00:00+00:00,0.0
2021-08-04 16:00:00.003000+00:00,0.0
2021-08-05 00:00:00+00:00,0.0
2021-08-05 08:00:00+00:00,0.0
2021-08-05 16:00:00.001000+00:00,0.0
2021-08-06 00:00:00+00:00,0.0
2021-08-06 08:00:00.004000+00:00,0.0
2021-08-06 16:00:00.003000+00:00,0.0
2021-08-07 00:00:00.015000+00:00,0.0
2021-08-07 08:00:00.001000+00:00,0.00019655
2021-08-07 16:00:00.002000+00:00,5.519e-05
2021-08-08 00:00:00+00:00,0.0
2021-08-08 08:00:00.002000+00:00,0.0
2021-08-08 16:00:00.018000+00:00,5.377e-05
2021-08-09 00:00:00+00:00,0.0
2021-08-09 08:00:00+00:00,0.0
2021-08-09 16:00:00.002000+00:00,0.0
2021-08-10 00:00:00+00:00,0.0
2021-08-10 08:00:00.003000+00:00,0.0
2021-08-10 16:00:00+00:00,0.00015928
2021-08-11 00:00:00.006000+00:00,3.839e-05
2021-08-11 08:00:00.003000+00:00,0.0
2021-08-11 16:00:00+00:00,0.00017826
2021-08-12 00:00:00.013000+00:00,0.00062829
2021-08-12 08:00:00.001000+00:00,0.00042907
2021-08-12 16:00:00+00:00,0.00031064
2021-08-13 00:00:00+00:00,4.053e-05
2021-08-13 08:00:00+00:00,0.00016258
2021-08-13 16:00:00.002000+00:00,0.00028382
2021-08-14 00:00:00.006000+00:00,0.00012725
2021-08-14 08:00:00+00:00,0.00037961
2021-08-14 16:00:00+00:00,0.00046486
2021-08-15 00:00:00.003000+00:00,0.0
2021-08-15 08:00:00+00:00,0.00011936
2021-08-15 16:00:00.007000+00:00,0.0
2021-08-16 00:00:00.012000+00:00,0.00021688
2021-08-16 08:00:00.003000+00:00,0.0004423
2021-08-16 16:00:00.010000+00:00,0.00053165
2021-08-17 00:00:00.018000+00:00,0.000167
2021-08-17 08:00:00.015000+00:00,0.00035571
2021-08-17 16:00:00.006000+00:00,0.00029456
2021-08-18 00:00:00+00:00,0.0
2021-08-18 08:00:00+00:00,0.0
2021-08-18 16:00:00.011000+00:00,0.0001167
2021-08-19 00:00:00+00:00,0.0
2021-08-19 08:00:00.014000+00:00,0.0
2021-08-19 16:00:00+00:00,0.0
2021-08-20 00:00:00+00:00,2.627e-05
2021-08-20 08:00:00.001000+00:00,0.0
2021-08-20 16:00:00.001000+00:00,0.00033569
2021-08-21 00:00:00.005000+00:00,0.00041808
2021-08-21 08:00:00.001000+00:00,0.00054738
2021-08-21 16:00:00+00:00,0.00043634
2021-08-22 00:00:00.005000+00:00,0.00057623
2021-08-22 08:00:00.007000+00:00,0.00044363
2021-08-22 16:00:00.002000+00:00,0.00022649
2021-08-23 00:00:00.003000+00:00,0.00018494
2021-08-23 08:00:00.005000+00:00,0.0008496
2021-08-23 16:00:00.002000+00:00,0.00054251
2021-08-24 00:00:00.006000+00:00,0.00026917
2021-08-24 08:00:00.004000+00:00,0.00074689
2021-08-24 16:00:00+00:00,0.0005905
2021-08-25 00:00:00.015000+00:00,0.00016288
2021-08-25 08:00:00+00:00,0.00017896
2021-08-25 16:00:00+00:00,0.00036777
2021-08-26 00:00:00.001000+00:00,0.00027002
2021-08-26 08:00:00.016000+00:00,0.0003879
2021-08-26 16:00:00.004000+00:00,3.328e-05
2021-08-27 00:00:00.013000+00:00,0.0
2021-08-27 08:00:00.001000+00:00,0.0
2021-08-27 16:00:00.004000+00:00,0.0
2021-08-28 00:00:00+00:00,0.0
2021-08-28 08:00:00+00:00,0.00030431
2021-08-28 16:00:00+00:00,0.00042497
2021-08-29 00:00:00+00:00,0.00062404
2021-08-29 08:00:00.002000+00:00,0.00029155
2021-08-29 16:00:00.005000+00:00,0.00021999
2021-08-30 00:00:00.013000+00:00,0.00026235
2021-08-30 08:00:00.008000+00:00,0.00061558
2021-08-30 16:00:00+00:00,0.00055705
2021-08-31 00:00:00+00:00,0.00051061
2021-08-31 08:00:00.007000+00:00,0.00030399
2021-08-31 16:00:00.003000+00:00,0.00021071
2021-09-01 00:00:00+00:00,0.00054552
2021-09-01 08:00:00.006000+00:00,0.00035795
2021-09-01 16:00:00+00:00,0.00051031
2021-09-02 00:00:00.009000+00:00,8.513e-05
2021-09-02 08:00:00.006000+00:00,0.00058676
2021-09-02 16:00:00.007000+00:00,0.00023242
2021-09-03 00:00:00.011000+00:00,0.00044367
2021-09-03 08:00:00+00:00,0.00042711
2021-09-03 16:00:00.002000+00:00,0.00025233
2021-09-04 00:00:00.003000+00:00,0.00049804
2021-09-04 08:00:00.008000+00:00,0.00056228
2021-09-04 16:00:00.009000+00:00,0.00083205
2021-09-05 00:00:00.002000+00:00,0.00083872
2021-09-05 08:00:00.002000+00:00,0.00038216
2021-09-05 16:00:00+00:00,0.00067472
2021-09-06 00:00:00.003000+00:00,0.00087994
2021-09-06 08:00:00.008000+00:00,0.00110313
2021-09-06 16:00:00.009000+00:00,0.00018174
2021-09-07 00:00:00.004000+00:00,0.00039914
2021-09-07 08:00:00.002000+00:00,0.00070154
2021-09-07 16:00:00.001000+00:00,-0.00141569
2021-09-08 00:00:00.005000+00:00,-0.00041319
2021-09-08 08:00:00+00:00,0.0
2021-09-08 16:00:00+00:00,0.0
2021-09-09 00:00:00.006000+00:00,0.0
2021-09-09 08:00:00.014000+00:00,0.0
2021-09-09 16:00:00.002000+00:00,0.0
2021-09-10 00:00:00.001000+00:00,0.0
2021-09-10 08:00:00.018000+00:00,0.0
2021-09-10 16:00:00.006000+00:00,0.0
2021-09-11 00:00:00+00:00,0.0
2021-09-11 08:00:00.001000+00:00,0.0
2021-09-11 16:00:00+00:00,0.0
2021-09-12 00:00:00+00:00,0.0
2021-09-12 08:00:00.002000+00:00,0.0
2021-09-12 16:00:00+00:00,0.0
2021-09-13 00:00:00+00:00,0.0
2021-09-13 08:00:00.007000+00:00,0.0
2021-09-13 16:00:00.005000+00:00,0.0
2021-09-14 00:00:00.002000+00:00,0.0
2021-09-14 08:00:00+00:00,0.0
2021-09-14 16:00:00.007000+00:00,0.0
2021-09-15 00:00:00.012000+00:00,0.0
2021-09-15 08:00:00.003000+00:00,0.0
2021-09-15 16:00:00.006000+00:00,0.0
2021-09-16 00:00:00.008000+00:00,0.0
2021-09-16 08:00:00.005000+00:00,0.0
2021-09-16 16:00:00.002000+00:00,0.0
2021-09-17 00:00:00+00:00,0.00014813
2021-09-17 08:00:00.047000+00:00,8.261e-05
2021-09-17 16:00:00.013000+00:00,0.0
2021-09-18 00:00:00+00:00,2.763e-05
2021-09-18 08:00:00.010000+00:00,0.0
2021-09-18 16:00:00.005000+00:00,0.0
2021-09-19 00:00:00.006000+00:00,0.0
2021-09-19 08:00:00.015000+00:00,0.0
2021-09-19 16:00:00.007000+00:00,0.00010744
2021-09-20 00:00:00.018000+00:00,0.0
2021-09-20 08:00:00+00:00,0.0
2021-09-20 16:00:00.005000+00:00,0.0
2021-09-21 00:00:00.005000+00:00,0.0
2021-09-21 08:00:00.007000+00:00,0.0
2021-09-21 16:00:00+00:00,0.0
2021-09-22 00:00:00.005000+00:00,0.0
2021-09-22 08:00:00.006000+00:00,-0.00018317
2021-09-22 16:00:00+00:00,0.0
2021-09-23 00:00:00.003000+00:00,-0.00043523
2021-09-23 08:00:00+00:00,-7.308e-05
2021-09-23 16:00:00.007000+00:00,0.0
2021-09-24 00:00:00+00:00,-8.82e-05
2021-09-24 08:00:00.017000+00:00,-0.00016961
2021-09-24 16:00:00+00:00,0.0
2021-09-25 00:00:00.007000+00:00,-6.607e-05
2021-09-25 08:00:00.002000+00:00,0.0
2021-09-25 16:00:00.004000+00:00,-6.666e-05
2021-09-26 00:00:00.013000+00:00,-0.00024844
2021-09-26 08:00:00+00:00,-0.00042273
2021-09-26 16:00:00.005000+00:00,-5.51e-05
2021-09-27 00:00:00+00:00,0.0
2021-09-27 08:00:00.001000+00:00,0.0
2021-09-27 16:00:00+00:00,0.0
2021-09-28 00:00:00+00:00,-7.669e-05
2021-09-28 08:00:00.014000+00:00,0.0
2021-09-28 16:00:00+00:00,0.0
2021-09-29 00:00:00+00:00,0.0
2021-09-29 08:00:00.002000+00:00,0.0
2021-09-29 16:00:00+00:00,-0.00040927
2021-09-30 00:00:00+00:00,-0.00100209
2021-09-30 08:00:00.004000+00:00,-0.00050155
2021-09-30 16:00:00.005000+00:00,-0.00063287
2021-10-01 00:00:00.012000+00:00,-0.00132805
2021-10-01 08:00:00.008000+00:00,-0.00050562
2021-10-01 16:00:00+00:00,-0.00010282
2021-10-02 00:00:00+00:00,-0.00098666
2021-10-02 08:00:00.002000+00:00,-0.00017296
2021-10-02 16:00:00.011000+00:00,-7.472e-05
2021-10-03 00:00:00.019000+00:00,-2.145e-05
2021-10-03 08:00:00.011000+00:00,-0.00059484
2021-10-03 16:00:00.004000+00:00,-0.00095523
2021-10-04 00:00:00.004000+00:00,-0.00020598
2021-10-04 08:00:00+00:00,-0.00029886
2021-10-04 16:00:00+00:00,-0.00051603
2021-10-05 00:00:00.007000+00:00,-2.176e-05
2021-10-05 08:00:00.007000+00:00,-0.00026348
2021-10-05 16:00:00.004000+00:00,-6.07e-06
2021-10-06 00:00:00.002000+00:00,-0.00058585
2021-10-06 08:00:00+00:00,-0.00052793
2021-10-06 16:00:00.003000+00:00,-0.0001896
2021-10-07 00:00:00.007000+00:00,0.0
2021-10-07 08:00:00.002000+00:00,-1.46e-06
2021-10-07 16:00:00+00:00,0.0
2021-10-08 00:00:00.011000+00:00,0.0
2021-10-08 08:00:00.003000+00:00,-0.00015581
2021-10-08 16:00:00.002000+00:00,0.00049807
2021-10-09 00:00:00.006000+00:00,2.603e-05
2021-10-09 08:00:00.003000+00:00,0.0
2021-10-09 16:00:00+00:00,7.305e-05
2021-10-10 00:00:00+00:00,6.252e-05
2021-10-10 08:00:00.008000+00:00,0.00035215
2021-10-10 16:00:00+00:00,0.00035668
2021-10-11 00:00:00.002000+00:00,0.0
2021-10-11 08:00:00.001000+00:00,0.00019149
2021-10-11 16:00:00.006000+00:00,0.00024432
2021-10-12 00:00:00.008000+00:00,0.0
2021-10-12 08:00:00.013000+00:00,0.0
2021-10-12 16:00:00.003000+00:00,0.0
2021-10-13 00:00:00.003000+00:00,0.00013415
2021-10-13 08:00:00.015000+00:00,0.00022324
2021-10-13 16:00:00+00:00,0.0
2021-10-14 00:00:00.011000+00:00,-3.305e-05
2021-10-14 08:00:00.017000+00:00,-0.00051909
2021-10-14 16:00:00+00:00,-0.00010645
2021-10-15 00:00:00.005000+00:00,-5.124e-05
2021-10-15 08:00:00.002000+00:00,0.0
2021-10-15 16:00:00.005000+00:00,-0.00030906
2021-10-16 00:00:00.009000+00:00,-0.00032721
2021-10-16 08:00:00+00:00,-0.00020611
2021-10-16 16:00:00.003000+00:00,-0.0004658
2021-10-17 00:00:00.001000+00:00,-0.0007323
2021-10-17 08:00:00.002000+00:00,-0.00061497
2021-10-17 16:00:00.002000+00:00,-0.00046742
2021-10-18 00:00:00.006000+00:00,-0.00155446
2021-10-18 08:00:00.004000+00:00,-0.00021453
2021-10-18 16:00:00.001000+00:00,-2.043e-05
2021-10-19 00:00:00.002000+00:00,-0.00078657
2021-10-19 08:00:00+00:00,-2.352e-05
2021-10-19 16:00:00+00:00,-0.00081327
2021-10-20 00:00:00.017000+00:00,-0.00065641
2021-10-20 08:00:00.004000+00:00,-0.00042888
2021-10-20 16:00:00.020000+00:00,-0.00019455
2021-10-21 00:00:00+00:00,-0.00022341
2021-10-21 08:00:00+00:00,-0.00088283
2021-10-21 16:00:00.008000+00:00,0.00094894
2021-10-22 00:00:00.005000+00:00,0.00018106
2021-10-22 08:00:00.005000+00:00,0.00020044
2021-10-22 16:00:00.018000+00:00,0.00060124
2021-10-23 00:00:00.005000+00:00,0.00044424
2021-10-23 08:00:00.001000+00:00,0.0002304
2021-10-23 16:00:00.004000+00:00,0.00032033
2021-10-24 00:00:00.006000+00:00,0.00039286
2021-10-24 08:00:00.012000+00:00,0.00029372
2021-10-24 16:00:00.001000+00:00,0.00052865
2021-10-25 00:00:00.012000+00:00,0.00031655
2021-10-25 08:00:00.002000+00:00,0.00044234
2021-10-25 16:00:00.022000+00:00,0.00036856
2021-10-26 00:00:00.005000+00:00,0.00045264
2021-10-26 08:00:00.016000+00:00,0.00052636
2021-10-26 16:00:00+00:00,0.00042621
2021-10-27 00:00:00.004000+00:00,0.00024036
2021-10-27 08:00:00+00:00,0.00042998
2021-10-27 16:00:00.002000+00:00,0.0
2021-10-28 00:00:00.002000+00:00,0.0
2021-10-28 08:00:00+00:00,0.0
2021-10-28 16:00:00.005000+00:00,0.0
2021-10-29 00:00:00+00:00,0.0
2021-10-29 08:00:00.007000+00:00,0.0
2021-10-29 16:00:00.001000+00:00,0.0
2021-10-30 00:00:00+00:00,0.00035782
2021-10-30 08:00:00.001000+00:00,0.00020281
2021-10-30 16:00:00.013000+00:00,0.00014993
2021-10-31 00:00:00.008000+00:00,0.0
2021-10-31 08:00:00.010000+00:00,0.0
2021-10-31 16:00:00.001000+00:00,0.0
2021-11-01 00:00:00.009000+00:00,-0.00036528
2021-11-01 08:00:00.014000+00:00,0.0
2021-11-01 16:00:00.001000+00:00,0.0
2021-11-02 00:00:00+00:00,0.0
2021-11-02 08:00:00.007000+00:00,-1.756e-05
2021-11-02 16:00:00.010000+00:00,0.0
2021-11-03 00:00:00.019000+00:00,0.0
2021-11-03 08:00:00+00:00,0.0
2021-11-03 16:00:00.005000+00:00,0.0
2021-11-04 00:00:00.006000+00:00,0.0
2021-11-04 08:00:00.004000+00:00,0.0
2021-11-04 16:00:00.004000+00:00,0.0
2021-11-05 00:00:00+00:00,0.0
2021-11-05 08:00:00.013000+00:00,0.00023238
2021-11-05 16:00:00.016000+00:00,0.0
2021-11-06 00:00:00.010000+00:00,-0.0001515
2021-11-06 08:00:00+00:00,-0.00045138
2021-11-06 16:00:00.007000+00:00,0.0
2021-11-07 00:00:00.013000+00:00,-0.00062379
2021-11-07 08:00:00.005000+00:00,0.0
2021-11-07 16:00:00.004000+00:00,0.0
2021-11-08 00:00:00.001000+00:00,0.0
2021-11-08 08:00:00+00:00,1.202e-05
2021-11-08 16:00:00+00:00,0.0
2021-11-09 00:00:00+00:00,0.0
2021-11-09 08:00:00.014000+00:00,0.0
2021-11-09 16:00:00.001000+00:00,3.602e-05
2021-11-10 00:00:00+00:00,0.0003217
2021-11-10 08:00:00.003000+00:00,0.00019369
2021-11-10 16:00:00.001000+00:00,0.0
2021-11-11 00:00:00.008000+00:00,-0.0003087
2021-11-11 08:00:00.012000+00:00,-0.00011674
2021-11-11 16:00:00.007000+00:00,-5.11e-05
2021-11-12 00:00:00+00:00,-0.00043283
2021-11-12 08:00:00+00:00,-0.00035834
2021-11-12 16:00:00.004000+00:00,-0.00034697
2021-11-13 00:00:00+00:00,-0.00066347
2021-11-13 08:00:00.004000+00:00,-0.00045186
2021-11-13 16:00:00.006000+00:00,-0.00013015
2021-11-14 00:00:00.010000+00:00,-0.00056032
2021-11-14 08:00:00.001000+00:00,-0.00010145
2021-11-14 16:00:00+00:00,-0.00045547
2021-11-15 00:00:00.008000+00:00,-7.715e-05
2021-11-15 08:00:00+00:00,0.0
2021-11-15 16:00:00+00:00,0.0
2021-11-16 00:00:00+00:00,0.0
2021-11-16 08:00:00.001000+00:00,-0.00037642
2021-11-16 16:00:00.018000+00:00,0.0
2021-11-17 00:00:00.005000+00:00,0.0
2021-11-17 08:00:00.007000+00:00,0.00012726
2021-11-17 16:00:00.003000+00:00,0.0
2021-11-18 00:00:00.017000+00:00,0.0
2021-11-18 08:00:00.007000+00:00,0.0
2021-11-18 16:00:00.011000+00:00,3.624e-05
2021-11-19 00:00:00+00:00,0.0
2021-11-19 08:00:00+00:00,0.0
2021-11-19 16:00:00.005000+00:00,0.0
2021-11-20 00:00:00.012000+00:00,0.0
2021-11-20 08:00:00+00:00,0.0
2021-11-20 16:00:00.007000+00:00,4.6e-07
2021-11-21 00:00:00+00:00,0.0
2021-11-21 08:00:00.006000+00:00,0.00010463
2021-11-21 16:00:00+00:00,9.7e-07
2021-11-22 00:00:00.004000+00:00,0.0
2021-11-22 08:00:00+00:00,0.00015492
2021-11-22 16:00:00+00:00,0.0
2021-11-23 00:00:00.004000+00:00,0.0
2021-11-23 08:00:00.010000+00:00,0.0
2021-11-23 16:00:00.005000+00:00,0.00015094
2021-11-24 00:00:00.001000+00:00,0.00019831
2021-11-24 08:00:00.003000+00:00,6.496e-05
2021-11-24 16:00:00.010000+00:00,0.0001357
2021-11-25 00:00:00+00:00,0.00010036
2021-11-25 08:00:00.010000+00:00,0.00035203
2021-11-25 16:00:00+00:00,0.00057619
2021-11-26 00:00:00+00:00,0.00029279
2021-11-26 08:00:00+00:00,0.0002718
2021-11-26 16:00:00.016000+00:00,0.0
2021-11-27 00:00:00.005000+00:00,0.0
2021-11-27 08:00:00.008000+00:00,0.0
2021-11-27 16:00:00.007000+00:00,0.0
2021-11-28 00:00:00.018000+00:00,0.00013471
2021-11-28 08:00:00+00:00,0.0
2021-11-28 16:00:00.004000+00:00,0.00011508
2021-11-29 00:00:00.002000+00:00,0.0
2021-11-29 08:00:00.004000+00:00,2.349e-05
2021-11-29 16:00:00+00:00,5.117e-05
2021-11-30 00:00:00+00:00,0.0
2021-11-30 08:00:00.006000+00:00,4.117e-05
2021-11-30 16:00:00+00:00,3.202e-05
2021-12-01 00:00:00+00:00,0.0
2021-12-01 08:00:00+00:00,1.348e-05
2021-12-01 16:00:00.001000+00:00,1.416e-05
2021-12-02 00:00:00+00:00,0.00011406
2021-12-02 08:00:00.007000+00:00,0.0
2021-12-02 16:00:00.008000+00:00,0.00010252
2021-12-03 00:00:00.004000+00:00,3.977e-05
2021-12-03 08:00:00.002000+00:00,0.0
2021-12-03 16:00:00.006000+00:00,0.0
2021-12-04 00:00:00.006000+00:00,0.0
2021-12-04 08:00:00.004000+00:00,-6.161e-05
2021-12-04 16:00:00+00:00,-0.0001964
2021-12-05 00:00:00.003000+00:00,-0.00026037
2021-12-05 08:00:00.008000+00:00,0.0
2021-12-05 16:00:00.007000+00:00,0.0
2021-12-06 00:00:00.009000+00:00,0.0
2021-12-06 08:00:00.001000+00:00,0.0
2021-12-06 16:00:00+00:00,-9.407e-05
2021-12-07 00:00:00.018000+00:00,-0.0005325
2021-12-07 08:00:00+00:00,-0.00081513
2021-12-07 16:00:00+00:00,-0.00076752
2021-12-08 00:00:00+00:00,-0.00063789
2021-12-08 08:00:00.018000+00:00,-0.00045824
2021-12-08 16:00:00.010000+00:00,-0.00011763
2021-12-09 00:00:00.010000+00:00,-0.0004996
2021-12-09 08:00:00+00:00,-0.00020967
2021-12-09 16:00:00+00:00,-0.00035578
2021-12-10 00:00:00+00:00,-0.00043999
2021-12-10 08:00:00.008000+00:00,-0.00046336
2021-12-10 16:00:00.012000+00:00,-0.00093486
2021-12-11 00:00:00.009000+00:00,-0.00020823
2021-12-11 08:00:00.008000+00:00,-0.00040625
2021-12-11 16:00:00+00:00,-0.00050253
2021-12-12 00:00:00.001000+00:00,-0.00049651
2021-12-12 08:00:00.015000+00:00,-0.0004758
2021-12-12 16:00:00.011000+00:00,-0.00035172
2021-12-13 00:00:00.006000+00:00,-0.00049297
2021-12-13 08:00:00.019000+00:00,-0.00026124
2021-12-13 16:00:00+00:00,-0.00030003
2021-12-14 00:00:00.004000+00:00,-0.00035707
2021-12-14 08:00:00+00:00,-0.00016492
2021-12-14 16:00:00.015000+00:00,0.0
2021-12-15 00:00:00+00:00,0.0
2021-12-15 08:00:00.008000+00:00,0.0
2021-12-15 16:00:00.005000+00:00,0.0
2021-12-16 00:00:00.006000+00:00,0.0
2021-12-16 08:00:00.009000+00:00,0.0
2021-12-16 16:00:00+00:00,0.0
2021-12-17 00:00:00+00:00,0.0
2021-12-17 08:00:00.005000+00:00,0.0
2021-12-17 16:00:00.006000+00:00,0.0
2021-12-18 00:00:00.014000+00:00,0.0
2021-12-18 08:00:00.012000+00:00,0.0
2021-12-18 16:00:00+00:00,0.0
2021-12-19 00:00:00.031000+00:00,0.0
2021-12-19 08:00:00+00:00,0.0
2021-12-19 16:00:00.003000+00:00,0.0
2021-12-20 00:00:00.015000+00:00,0.0
2021-12-20 08:00:00.007000+00:00,0.0
2021-12-20 16:00:00.005000+00:00,0.0
2021-12-21 00:00:00.003000+00:00,0.0
2021-12-21 08:00:00.012000+00:00,0.0
2021-12-21 16:00:00.005000+00:00,0.0
2021-12-22 00:00:00+00:00,0.0
2021-12-22 08:00:00.001000+00:00,0.0
2021-12-22 16:00:00.006000+00:00,0.0
2021-12-23 00:00:00.011000+00:00,0.0
2021-12-23 08:00:00+00:00,0.0
2021-12-23 16:00:00+00:00,0.0
2021-12-24 00:00:00.005000+00:00,0.0
2021-12-24 08:00:00+00:00,0.0
2021-12-24 16:00:00.011000+00:00,0.0
2021-12-25 00:00:00+00:00,0.0
2021-12-25 08:00:00.001000+00:00,0.0
2021-12-25 16:00:00.005000+00:00,0.0
2021-12-26 00:00:00.004000+00:00,0.0
2021-12-26 08:00:00.002000+00:00,0.0
2021-12-26 16:00:00+00:00,0.0
2021-12-27 00:00:00.002000+00:00,0.0
2021-12-27 08:00:00.005000+00:00,0.0
2021-12-27 16:00:00+00:00,0.0
2021-12-28 00:00:00+00:00,0.0
2021-12-28 08:00:00.012000+00:00,0.0
2021-12-28 16:00:00+00:00,0.0
2021-12-29 00:00:00.006000+00:00,0.0
2021-12-29 08:00:00.003000+00:00,0.0
2021-12-29 16:00:00.004000+00:00,0.0
2021-12-30 00:00:00.003000+00:00,0.0
2021-12-30 08:00:00.001000+00:00,0.0
2021-12-30 16:00:00.017000+00:00,0.0
2021-12-31 00:00:00.006000+00:00,0.0
2021-12-31 08:00:00.009000+00:00,0.0
2021-12-31 16:00:00+00:00,0.0
2022-01-01 00:00:00.006000+00:00,0.0
2022-01-01 08:00:00.009000+00:00,0.0
2022-01-01 16:00:00+00:00,0.0
2022-01-02 00:00:00.028000+00:00,0.0
2022-01-02 08:00:00+00:00,0.0
2022-01-02 16:00:00+00:00,0.0
2022-01-03 00:00:00.010000+00:00,0.0
2022-01-03 08:00:00.013000+00:00,0.0
2022-01-03 16:00:00.018000+00:00,0.0
2022-01-04 00:00:00+00:00,7.356e-05
2022-01-04 08:00:00.010000+00:00,0.0
2022-01-04 16:00:00.002000+00:00,0.0
2022-01-05 00:00:00.001000+00:00,0.0
2022-01-05 08:00:00.017000+00:00,0.0
2022-01-05 16:00:00+00:00,0.0
2022-01-06 00:00:00.002000+00:00,0.0
2022-01-06 08:00:00.021000+00:00,0.0
2022-01-06 16:00:00.006000+00:00,0.0
2022-01-07 00:00:00.005000+00:00,0.0
2022-01-07 08:00:00+00:00,0.0
2022-01-07 16:00:00.001000+00:00,0.0
2022-01-08 00:00:00.014000+00:00,0.0
2022-01-08 08:00:00.013000+00:00,0.0
2022-01-08 16:00:00+00:00,0.0
2022-01-09 00:00:00.003000+00:00,-0.00017817
2022-01-09 08:00:00+00:00,-0.00010275
2022-01-09 16:00:00+00:00,0.0
2022-01-10 00:00:00+00:00,-0.00035535
2022-01-10 08:00:00.010000+00:00,-0.00010057
2022-01-10 16:00:00.007000+00:00,0.0
2022-01-11 00:00:00.013000+00:00,0.0
2022-01-11 08:00:00.004000+00:00,0.0
2022-01-11 16:00:00+00:00,-0.0002741
2022-01-12 00:00:00.012000+00:00,-0.00124953
2022-01-12 08:00:00.015000+00:00,-0.0005687
2022-01-12 16:00:00+00:00,-0.00108975
2022-01-13 00:00:00.007000+00:00,-0.00158912
2022-01-13 08:00:00+00:00,-0.00064833
2022-01-13 16:00:00.014000+00:00,-0.00079825
2022-01-14 00:00:00+00:00,-0.00079953
2022-01-14 08:00:00.006000+00:00,-0.00047792
2022-01-14 16:00:00.014000+00:00,-0.00138791
2022-01-15 00:00:00+00:00,-0.00075342
2022-01-15 08:00:00.002000+00:00,-0.00077696
2022-01-15 16:00:00+00:00,-0.00087986
2022-01-16 00:00:00+00:00,-0.00126663
2022-01-16 08:00:00.017000+00:00,-0.00052259
2022-01-16 16:00:00.011000+00:00,-0.00099898
2022-01-17 00:00:00.005000+00:00,-0.00128685
2022-01-17 08:00:00.006000+00:00,-0.00067301
2022-01-17 16:00:00.012000+00:00,-0.00060939
2022-01-18 00:00:00.020000+00:00,-0.0005153
2022-01-18 08:00:00+00:00,-0.00058499
2022-01-18 16:00:00.013000+00:00,-0.00038108
2022-01-19 00:00:00.001000+00:00,-0.00066342
2022-01-19 08:00:00+00:00,-0.00069935
2022-01-19 16:00:00+00:00,-0.00051438
2022-01-20 00:00:00.015000+00:00,-0.00052222
2022-01-20 08:00:00+00:00,-0.00037769
2022-01-20 16:00:00+00:00,0.0
2022-01-21 00:00:00.007000+00:00,0.0
2022-01-21 08:00:00.015000+00:00,0.0
2022-01-21 16:00:00+00:00,0.0
2022-01-22 00:00:00.017000+00:00,0.0
2022-01-22 08:00:00.003000+00:00,-7.151e-05
2022-01-22 16:00:00.021000+00:00,-0.00026144
2022-01-23 00:00:00.026000+00:00,0.0
2022-01-23 08:00:00.010000+00:00,0.0
2022-01-23 16:00:00.009000+00:00,-0.00012949
2022-01-24 00:00:00.010000+00:00,0.0
2022-01-24 08:00:00+00:00,-7.805e-05
2022-01-24 16:00:00.021000+00:00,0.0
2022-01-25 00:00:00+00:00,-0.00011132
2022-01-25 08:00:00+00:00,0.0
2022-01-25 16:00:00.012000+00:00,-1.041e-05
2022-01-26 00:00:00+00:00,-0.00013818
2022-01-26 08:00:00.001000+00:00,-8.717e-05
2022-01-26 16:00:00.005000+00:00,-7.18e-05
2022-01-27 00:00:00.004000+00:00,-0.00012189
2022-01-27 08:00:00.004000+00:00,-0.0002612
2022-01-27 16:00:00.019000+00:00,-0.0002404
2022-01-28 00:00:00+00:00,-0.00027472
2022-01-28 08:00:00+00:00,-1.656e-05
2022-01-28 16:00:00.025000+00:00,-0.00016179
2022-01-29 00:00:00.017000+00:00,0.0
2022-01-29 08:00:00+00:00,-6.63e-06
2022-01-29 16:00:00.013000+00:00,-1.465e-05
2022-01-30 00:00:00.025000+00:00,-0.00015692
2022-01-30 08:00:00.009000+00:00,0.0
2022-01-30 16:00:00+00:00,0.0
2022-01-31 00:00:00+00:00,-0.00023536
2022-01-31 08:00:00+00:00,-5.941e-05
2022-01-31 16:00:00+00:00,0.0
2022-02-01 00:00:00.010000+00:00,0.0
2022-02-01 08:00:00+00:00,0.0
2022-02-01 16:00:00.004000+00:00,-5.12e-05
2022-02-02 00:00:00.004000+00:00,0.0
2022-02-02 08:00:00+00:00,0.0
2022-02-02 16:00:00.002000+00:00,-3.712e-05
2022-02-03 00:00:00.002000+00:00,-0.00013032
2022-02-03 08:00:00+00:00,-8.246e-05
2022-02-03 16:00:00+00:00,0.0
2022-02-04 00:00:00.018000+00:00,0.0
2022-02-04 08:00:00.005000+00:00,-0.00010614
2022-02-04 16:00:00.010000+00:00,0.0
2022-02-05 00:00:00.014000+00:00,0.0
2022-02-05 08:00:00+00:00,-0.0003478
2022-02-05 16:00:00+00:00,0.0
2022-02-06 00:00:00+00:00,-0.00010182
2022-02-06 08:00:00+00:00,-4.58e-05
2022-02-06 16:00:00+00:00,-6.134e-05
2022-02-07 00:00:00.003000+00:00,-3.128e-05
2022-02-07 08:00:00.014000+00:00,-4.468e-05
2022-02-07 16:00:00.003000+00:00,-0.0002096
2022-02-08 00:00:00.001000+00:00,-7.65e-05
2022-02-08 08:00:00.003000+00:00,0.0
2022-02-08 16:00:00.002000+00:00,0.0
2022-02-09 00:00:00+00:00,0.0
2022-02-09 08:00:00.005000+00:00,0.0
2022-02-09 16:00:00.001000+00:00,0.0
2022-02-10 00:00:00.012000+00:00,-5.75e-05
2022-02-10 08:00:00+00:00,-6.47e-05
2022-02-10 16:00:00.006000+00:00,0.0
2022-02-11 00:00:00+00:00,0.0
2022-02-11 08:00:00.009000+00:00,-0.00012609
2022-02-11 16:00:00.015000+00:00,-0.0001024
2022-02-12 00:00:00.020000+00:00,0.0
2022-02-12 08:00:00.001000+00:00,0.0
2022-02-12 16:00:00.007000+00:00,0.0
2022-02-13 00:00:00.022000+00:00,0.0
2022-02-13 08:00:00.001000+00:00,0.0
2022-02-13 16:00:00.007000+00:00,0.0
2022-02-14 00:00:00.005000+00:00,0.0
2022-02-14 08:00:00.013000+00:00,0.0
2022-02-14 16:00:00.019000+00:00,0.0
2022-02-15 00:00:00.012000+00:00,0.0
2022-02-15 08:00:00.005000+00:00,0.0
2022-02-15 16:00:00.011000+00:00,0.0
2022-02-16 00:00:00.009000+00:00,0.0
2022-02-16 08:00:00.001000+00:00,-1.311e-05
2022-02-16 16:00:00.014000+00:00,0.0
2022-02-17 00:00:00.018000+00:00,-0.00023939
2022-02-17 08:00:00+00:00,0.0
2022-02-17 16:00:00.010000+00:00,0.0
2022-02-18 00:00:00+00:00,-0.0001889
2022-02-18 08:00:00.002000+00:00,-0.00015659
2022-02-18 16:00:00+00:00,-3.328e-05
2022-02-19 00:00:00.007000+00:00,-0.00016833
2022-02-19 08:00:00+00:00,-0.00016878
2022-02-19 16:00:00.023000+00:00,0.0
2022-02-20 00:00:00.001000+00:00,-0.00017806
2022-02-20 08:00:00.003000+00:00,-0.00027941
2022-02-20 16:00:00.001000+00:00,-0.00028431
2022-02-21 00:00:00+00:00,-9.596e-05
2022-02-21 08:00:00.001000+00:00,-0.00032626
2022-02-21 16:00:00.005000+00:00,0.0
2022-02-22 00:00:00.005000+00:00,-0.00022337
2022-02-22 08:00:00+00:00,0.0
2022-02-22 16:00:00+00:00,-6.405e-05
2022-02-23 00:00:00.002000+00:00,-3.262e-05
2022-02-23 08:00:00.005000+00:00,-2.415e-05
2022-02-23 16:00:00.010000+00:00,0.0
2022-02-24 00:00:00.008000+00:00,0.0
2022-02-24 08:00:00.003000+00:00,-3.529e-05
2022-02-24 16:00:00.001000+00:00,-0.00020486
2022-02-25 00:00:00+00:00,-0.00011321
2022-02-25 08:00:00.006000+00:00,-2.775e-05
2022-02-25 16:00:00.001000+00:00,-0.00023451
2022-02-26 00:00:00.004000+00:00,-2.515e-05
2022-02-26 08:00:00.004000+00:00,0.0
2022-02-26 16:00:00.007000+00:00,0.0
2022-02-27 00:00:00.012000+00:00,-3.41e-06
2022-02-27 08:00:00+00:00,-3.89e-06
2022-02-27 16:00:00+00:00,0.0
2022-02-28 00:00:00+00:00,0.0
2022-02-28 08:00:00.001000+00:00,-8.48e-06
2022-02-28 16:00:00.002000+00:00,0.0
2022-03-01 00:00:00.002000+00:00,0.0
2022-03-01 08:00:00.001000+00:00,0.0
2022-03-01 16:00:00+00:00,0.0
2022-03-02 00:00:00+00:00,0.0
2022-03-02 08:00:00+00:00,-0.00013979
2022-03-02 16:00:00.002000+00:00,-0.00013356
2022-03-03 00:00:00+00:00,-9.498e-05
2022-03-03 08:00:00+00:00,0.0
2022-03-03 16:00:00.005000+00:00,-0.00014664
2022-03-04 00:00:00.018000+00:00,-0.00012499
2022-03-04 08:00:00+00:00,-0.00023376
2022-03-04 16:00:00+00:00,-0.00027034
2022-03-05 00:00:00.006000+00:00,-0.0002238
2022-03-05 08:00:00.004000+00:00,-0.00071402
2022-03-05 16:00:00+00:00,-0.00017122
2022-03-06 00:00:00.004000+00:00,-0.00043414
2022-03-06 08:00:00+00:00,-0.00027293
2022-03-06 16:00:00.013000+00:00,-0.00044034
2022-03-07 00:00:00.008000+00:00,-0.0004385
2022-03-07 08:00:00.006000+00:00,-0.00030887
2022-03-07 16:00:00+00:00,-0.00034382
2022-03-08 00:00:00.008000+00:00,-0.00044868
2022-03-08 08:00:00.002000+00:00,-0.00021034
2022-03-08 16:00:00+00:00,-0.00021489
2022-03-09 00:00:00.008000+00:00,-0.00034539
2022-03-09 08:00:00+00:00,-3.886e-05
2022-03-09 16:00:00.004000+00:00,0.0
2022-03-10 00:00:00+00:00,0.0
2022-03-10 08:00:00.017000+00:00,-2.639e-05
2022-03-10 16:00:00+00:00,0.0
2022-03-11 00:00:00.008000+00:00,-0.00017397
2022-03-11 08:00:00+00:00,-3.005e-05
2022-03-11 16:00:00.001000+00:00,-6.194e-05
2022-03-12 00:00:00.010000+00:00,0.0
2022-03-12 08:00:00.001000+00:00,0.0
2022-03-12 16:00:00.002000+00:00,0.0
2022-03-13 00:00:00.008000+00:00,0.0
2022-03-13 08:00:00+00:00,-5.366e-05
2022-03-13 16:00:00.002000+00:00,-5.308e-05
2022-03-14 00:00:00.014000+00:00,-0.00024568
2022-03-14 08:00:00.005000+00:00,-5.074e-05
2022-03-14 16:00:00.002000+00:00,0.0
2022-03-15 00:00:00.008000+00:00,0.0
2022-03-15 08:00:00+00:00,-0.00013892
2022-03-15 16:00:00.006000+00:00,-8.191e-05
2022-03-16 00:00:00.013000+00:00,0.0
2022-03-16 08:00:00+00:00,0.0
2022-03-16 16:00:00.008000+00:00,0.0
2022-03-17 00:00:00.004000+00:00,0.0
2022-03-17 08:00:00+00:00,0.0
2022-03-17 16:00:00.004000+00:00,0.0
2022-03-18 00:00:00+00:00,0.0
2022-03-18 08:00:00+00:00,-5.118e-05
2022-03-18 16:00:00.017000+00:00,0.0
2022-03-19 00:00:00.008000+00:00,0.0
2022-03-19 08:00:00.015000+00:00,0.0
2022-03-19 16:00:00+00:00,0.0
2022-03-20 00:00:00+00:00,0.0
2022-03-20 08:00:00.001000+00:00,0.0
2022-03-20 16:00:00.002000+00:00,0.0
2022-03-21 00:00:00.013000+00:00,0.0
2022-03-21 08:00:00.004000+00:00,0.0
2022-03-21 16:00:00.010000+00:00,0.0
2022-03-22 00:00:00.012000+00:00,0.0
2022-03-22 08:00:00.001000+00:00,0.0
2022-03-22 16:00:00.022000+00:00,0.0
2022-03-23 00:00:00.007000+00:00,0.0
2022-03-23 08:00:00+00:00,0.0
2022-03-23 16:00:00.006000+00:00,0.0
2022-03-24 00:00:00.013000+00:00,0.0
2022-03-24 08:00:00.006000+00:00,0.0
2022-03-24 16:00:00.020000+00:00,0.0
2022-03-25 00:00:00.010000+00:00,0.0
2022-03-25 08:00:00.001000+00:00,0.0
2022-03-25 16:00:00.014000+00:00,0.0
2022-03-26 00:00:00.020000+00:00,0.0
2022-03-26 08:00:00.006000+00:00,0.0
2022-03-26 16:00:00+00:00,0.0
2022-03-27 00:00:00.004000+00:00,0.0
2022-03-27 08:00:00.001000+00:00,0.0
2022-03-27 16:00:00.006000+00:00,0.0
2022-03-28 00:00:00.012000+00:00,0.0
2022-03-28 08:00:00.007000+00:00,0.0
2022-03-28 16:00:00+00:00,0.0
2022-03-29 00:00:00+00:00,0.0
2022-03-29 08:00:00.015000+00:00,0.0
2022-03-29 16:00:00+00:00,0.0
2022-03-30 00:00:00+00:00,0.0
2022-03-30 08:00:00.002000+00:00,0.0
2022-03-30 16:00:00.028000+00:00,8.729e-05
2022-03-31 00:00:00.017000+00:00,0.0
2022-03-31 08:00:00+00:00,0.0
2022-03-31 16:00:00.015000+00:00,0.0
2022-04-01 00:00:00+00:00,0.0
2022-04-01 08:00:00+00:00,0.0
2022-04-01 16:00:00.018000+00:00,0.0
2022-04-02 00:00:00+00:00,0.0
2022-04-02 08:00:00.002000+00:00,0.0
2022-04-02 16:00:00.006000+00:00,0.0
2022-04-03 00:00:00.018000+00:00,0.0
2022-04-03 08:00:00.018000+00:00,0.0
2022-04-03 16:00:00.015000+00:00,0.0
2022-04-04 00:00:00.006000+00:00,0.0
2022-04-04 08:00:00+00:00,0.0
2022-04-04 16:00:00.016000+00:00,0.0
2022-04-05 00:00:00+00:00,0.0
2022-04-05 08:00:00.010000+00:00,0.0
2022-04-05 16:00:00.008000+00:00,0.0
2022-04-06 00:00:00.001000+00:00,0.0
2022-04-06 08:00:00.021000+00:00,0.0
2022-04-06 16:00:00+00:00,0.0
2022-04-07 00:00:00.009000+00:00,-2.025e-05
2022-04-07 08:00:00+00:00,-7.42e-06
2022-04-07 16:00:00+00:00,0.0
2022-04-08 00:00:00+00:00,0.0
2022-04-08 08:00:00.004000+00:00,0.0
2022-04-08 16:00:00.008000+00:00,0.0
2022-04-09 00:00:00.008000+00:00,0.0
2022-04-09 08:00:00+00:00,0.0
2022-04-09 16:00:00.001000+00:00,0.0
2022-04-10 00:00:00.004000+00:00,0.0
2022-04-10 08:00:00.007000+00:00,0.0
2022-04-10 16:00:00.016000+00:00,0.0
2022-04-11 00:00:00+00:00,0.0
2022-04-11 08:00:00+00:00,-2.485e-05
2022-04-11 16:00:00.009000+00:00,0.0
2022-04-12 00:00:00+00:00,-1.02e-05
2022-04-12 08:00:00.006000+00:00,-2.03e-05
2022-04-12 16:00:00.013000+00:00,-2.025e-05
2022-04-13 00:00:00.005000+00:00,0.0
2022-04-13 08:00:00.008000+00:00,-0.00012415
2022-04-13 16:00:00.013000+00:00,0.0
2022-04-14 00:00:00.007000+00:00,-0.00011454
2022-04-14 08:00:00+00:00,-0.0001157
2022-04-14 16:00:00.006000+00:00,-8.813e-05
2022-04-15 00:00:00.008000+00:00,0.0
2022-04-15 08:00:00.002000+00:00,0.0
2022-04-15 16:00:00+00:00,0.0
2022-04-16 00:00:00.011000+00:00,-3.331e-05
2022-04-16 08:00:00.007000+00:00,0.0
2022-04-16 16:00:00.007000+00:00,-6.356e-05
2022-04-17 00:00:00+00:00,0.0
2022-04-17 08:00:00.004000+00:00,0.0
2022-04-17 16:00:00+00:00,0.0
2022-04-18 00:00:00.008000+00:00,-6.225e-05
2022-04-18 08:00:00.012000+00:00,-1.491e-05
2022-04-18 16:00:00+00:00,-9.688e-05
2022-04-19 00:00:00.021000+00:00,0.0
2022-04-19 08:00:00.031000+00:00,0.0
2022-04-19 16:00:00+00:00,0.0
2022-04-20 00:00:00.025000+00:00,0.0
2022-04-20 08:00:00.003000+00:00,0.0
2022-04-20 16:00:00+00:00,0.0
2022-04-21 00:00:00+00:00,0.0
2022-04-21 08:00:00+00:00,0.0
2022-04-21 16:00:00.024000+00:00,0.0
2022-04-22 00:00:00.008000+00:00,0.0
2022-04-22 08:00:00.008000+00:00,-2.719e-05
2022-04-22 16:00:00.008000+00:00,0.0
2022-04-23 00:00:00+00:00,0.0
2022-04-23 08:00:00+00:00,-8.577e-05
2022-04-23 16:00:00.012000+00:00,0.0
2022-04-24 00:00:00.004000+00:00,0.0
2022-04-24 08:00:00.003000+00:00,-0.00011321
2022-04-24 16:00:00+00:00,0.0
2022-04-25 00:00:00.008000+00:00,0.0
2022-04-25 08:00:00.018000+00:00,-4.16e-06
2022-04-25 16:00:00+00:00,-0.00024334
2022-04-26 00:00:00.014000+00:00,0.0
2022-04-26 08:00:00+00:00,0.0
2022-04-26 16:00:00.017000+00:00,0.0
2022-04-27 00:00:00.012000+00:00,-4.547e-05
2022-04-27 08:00:00+00:00,-6.832e-05
2022-04-27 16:00:00.002000+00:00,0.0
2022-04-28 00:00:00+00:00,0.0
2022-04-28 08:00:00.004000+00:00,-8.404e-05
2022-04-28 16:00:00.030000+00:00,0.0
2022-04-29 00:00:00+00:00,-1.589e-05
2022-04-29 08:00:00.016000+00:00,-4.099e-05
2022-04-29 16:00:00.010000+00:00,-0.00015241
2022-04-30 00:00:00+00:00,-0.0001572
2022-04-30 08:00:00.005000+00:00,0.0
2022-04-30 16:00:00.015000+00:00,0.0
2022-05-01 00:00:00+00:00,-0.00024762
2022-05-01 08:00:00+00:00,-0.00035999
2022-05-01 16:00:00.010000+00:00,-6.449e-05
2022-05-02 00:00:00.018000+00:00,-0.0001044
2022-05-02 08:00:00.007000+00:00,-0.00022186
2022-05-02 16:00:00+00:00,-0.00019242
2022-05-03 00:00:00.006000+00:00,-0.00013821
2022-05-03 08:00:00+00:00,0.0
2022-05-03 16:00:00.021000+00:00,-0.00026598
2022-05-04 00:00:00.007000+00:00,-0.0003764
2022-05-04 08:00:00.011000+00:00,0.0
2022-05-04 16:00:00+00:00,0.0
2022-05-05 00:00:00.005000+00:00,0.0
2022-05-05 08:00:00.019000+00:00,0.0
2022-05-05 16:00:00.005000+00:00,0.0
2022-05-06 00:00:00.005000+00:00,-0.00051691
2022-05-06 08:00:00.001000+00:00,-0.00018277
2022-05-06 16:00:00.010000+00:00,0.0
2022-05-07 00:00:00.004000+00:00,0.0
2022-05-07 08:00:00.016000+00:00,0.0
2022-05-07 16:00:00.011000+00:00,0.0
2022-05-08 00:00:00+00:00,0.0
2022-05-08 08:00:00.007000+00:00,-9.014e-05
2022-05-08 16:00:00.015000+00:00,0.0
2022-05-09 00:00:00+00:00,0.0
2022-05-09 08:00:00.001000+00:00,0.0
2022-05-09 16:00:00+00:00,-9.253e-05
2022-05-10 00:00:00+00:00,-0.00035049
2022-05-10 08:00:00.007000+00:00,-0.0002248
2022-05-10 16:00:00.008000+00:00,-0.00041261
2022-05-11 00:00:00.004000+00:00,-0.00040555
2022-05-11 08:00:00.007000+00:00,-0.00040598
2022-05-11 16:00:00.008000+00:00,-0.00041958
2022-05-12 00:00:00.014000+00:00,-0.00050801
2022-05-12 08:00:00+00:00,-0.00200781
2022-05-12 16:00:00.007000+00:00,-0.00087795
2022-05-13 00:00:00.014000+00:00,-0.00046326
2022-05-13 08:00:00.001000+00:00,-0.00033023
2022-05-13 16:00:00+00:00,-0.00041998
2022-05-14 00:00:00+00:00,-0.00061404
2022-05-14 08:00:00+00:00,-0.00033375
2022-05-14 16:00:00.001000+00:00,-0.00051401
2022-05-15 00:00:00+00:00,-0.00041385
2022-05-15 08:00:00+00:00,-0.00040211
2022-05-15 16:00:00+00:00,-0.00021402
2022-05-16 00:00:00.021000+00:00,-0.0004266
2022-05-16 08:00:00.013000+00:00,-0.00052839
2022-05-16 16:00:00.006000+00:00,-0.00031439
2022-05-17 00:00:00+00:00,-0.00042037
2022-05-17 08:00:00.010000+00:00,-0.00038058
2022-05-17 16:00:00.023000+00:00,-0.00028335
2022-05-18 00:00:00.003000+00:00,-0.00072083
2022-05-18 08:00:00.024000+00:00,-0.00042482
2022-05-18 16:00:00.014000+00:00,-0.00043799
2022-05-19 00:00:00+00:00,-0.00049541
2022-05-19 08:00:00.008000+00:00,-0.00033308
2022-05-19 16:00:00.015000+00:00,-0.00040023
2022-05-20 00:00:00.001000+00:00,-0.0002726
2022-05-20 08:00:00.003000+00:00,-0.00022742
2022-05-20 16:00:00.012000+00:00,-0.0003131
2022-05-21 00:00:00.008000+00:00,-0.00043872
2022-05-21 08:00:00.001000+00:00,-0.00032275
2022-05-21 16:00:00.007000+00:00,-6.067e-05
2022-05-22 00:00:00.003000+00:00,-0.00020817
2022-05-22 08:00:00.016000+00:00,-7.724e-05
2022-05-22 16:00:00+00:00,-4.143e-05
2022-05-23 00:00:00.011000+00:00,-0.00022355
2022-05-23 08:00:00+00:00,-2.302e-05
2022-05-23 16:00:00.023000+00:00,-5.216e-05
2022-05-24 00:00:00.011000+00:00,-0.00025547
2022-05-24 08:00:00+00:00,-0.00030131
2022-05-24 16:00:00.009000+00:00,-0.00041352
2022-05-25 00:00:00.001000+00:00,0.0
2022-05-25 08:00:00+00:00,0.0
2022-05-25 16:00:00.015000+00:00,-0.00024618
2022-05-26 00:00:00.005000+00:00,-0.00027993
2022-05-26 08:00:00.001000+00:00,-0.00054127
2022-05-26 16:00:00+00:00,-0.00036566
2022-05-27 00:00:00.007000+00:00,-0.00015153
2022-05-27 08:00:00.008000+00:00,-0.00035435
2022-05-27 16:00:00+00:00,-0.00030543
2022-05-28 00:00:00.018000+00:00,-0.00022821
2022-05-28 08:00:00.016000+00:00,-0.00026664
2022-05-28 16:00:00.013000+00:00,-0.00012842
2022-05-29 00:00:00+00:00,-8.242e-05
2022-05-29 08:00:00.025000+00:00,-0.00033464
2022-05-29 16:00:00.002000+00:00,0.0
2022-05-30 00:00:00+00:00,-1.633e-05
2022-05-30 08:00:00.013000+00:00,0.0
2022-05-30 16:00:00.005000+00:00,0.0
2022-05-31 00:00:00.016000+00:00,0.0
2022-05-31 08:00:00+00:00,0.0
2022-05-31 16:00:00+00:00,-5.989e-05
2022-06-01 00:00:00+00:00,0.0
2022-06-01 08:00:00.011000+00:00,0.0
2022-06-01 16:00:00+00:00,0.0
2022-06-02 00:00:00+00:00,-0.00018644
2022-06-02 08:00:00.006000+00:00,-8.944e-05
2022-06-02 16:00:00.021000+00:00,0.0
2022-06-03 00:00:00.016000+00:00,-8.33e-06
2022-06-03 08:00:00.016000+00:00,0.0
2022-06-03 16:00:00.012000+00:00,-0.00023935
2022-06-04 00:00:00.005000+00:00,-0.00019683
2022-06-04 08:00:00+00:00,-4.397e-05
2022-06-04 16:00:00.007000+00:00,-3.91e-05
2022-06-05 00:00:00.005000+00:00,-1.407e-05
2022-06-05 08:00:00.015000+00:00,-0.00023072
2022-06-05 16:00:00+00:00,-0.00015784
2022-06-06 00:00:00+00:00,0.0
2022-06-06 08:00:00.017000+00:00,0.0
2022-06-06 16:00:00+00:00,0.0
2022-06-07 00:00:00+00:00,-0.00034496
2022-06-07 08:00:00.011000+00:00,-0.00035567
2022-06-07 16:00:00+00:00,-0.000146
2022-06-08 00:00:00.008000+00:00,0.0
2022-06-08 08:00:00.020000+00:00,-0.00015306
2022-06-08 16:00:00.012000+00:00,-0.00018711
2022-06-09 00:00:00+00:00,-0.0001229
2022-06-09 08:00:00+00:00,-2.809e-05
2022-06-09 16:00:00+00:00,-2.586e-05
2022-06-10 00:00:00.009000+00:00,-0.00025878
2022-06-10 08:00:00+00:00,0.0
2022-06-10 16:00:00.006000+00:00,-0.00035067
2022-06-11 00:00:00.018000+00:00,-0.0002948
2022-06-11 08:00:00.014000+00:00,-5.073e-05
2022-06-11 16:00:00+00:00,-0.00029442
2022-06-12 00:00:00.015000+00:00,-0.00037884
2022-06-12 08:00:00.019000+00:00,-0.00025545
2022-06-12 16:00:00.010000+00:00,-0.00030561
2022-06-13 00:00:00.009000+00:00,-0.00010959
2022-06-13 08:00:00+00:00,-0.00025385
2022-06-13 16:00:00.007000+00:00,-0.00018928
2022-06-14 00:00:00.013000+00:00,-3.66e-05
2022-06-14 08:00:00.008000+00:00,0.0
2022-06-14 16:00:00.006000+00:00,0.0
2022-06-15 00:00:00+00:00,0.0
2022-06-15 08:00:00.016000+00:00,-0.00033673
2022-06-15 16:00:00.008000+00:00,-0.00011689
2022-06-16 00:00:00.009000+00:00,0.0
2022-06-16 08:00:00.016000+00:00,0.0
2022-06-16 16:00:00+00:00,-4.671e-05
2022-06-17 00:00:00.008000+00:00,-0.00010868
2022-06-17 08:00:00.003000+00:00,0.0
2022-06-17 16:00:00+00:00,-8.487e-05
2022-06-18 00:00:00.020000+00:00,-0.00011676
2022-06-18 08:00:00.025000+00:00,-0.00036897
2022-06-18 16:00:00.014000+00:00,-0.00022303
2022-06-19 00:00:00.012000+00:00,-0.00062237
2022-06-19 08:00:00.012000+00:00,-3.268e-05
2022-06-19 16:00:00.008000+00:00,-0.00013012
2022-06-20 00:00:00.016000+00:00,-0.00011545
2022-06-20 08:00:00+00:00,-0.00022425
2022-06-20 16:00:00.013000+00:00,-0.00013949
2022-06-21 00:00:00.012000+00:00,-5.546e-05
2022-06-21 08:00:00.018000+00:00,-9.008e-05
2022-06-21 16:00:00.010000+00:00,-0.00011405
2022-06-22 00:00:00+00:00,-0.00021005
2022-06-22 08:00:00.001000+00:00,-0.00031961
2022-06-22 16:00:00.012000+00:00,-0.00022236
2022-06-23 00:00:00+00:00,-0.00014812
2022-06-23 08:00:00+00:00,-0.00010648
2022-06-23 16:00:00.016000+00:00,-0.00019147
2022-06-24 00:00:00.005000+00:00,-0.00013465
2022-06-24 08:00:00.004000+00:00,-4.643e-05
2022-06-24 16:00:00.018000+00:00,0.0
2022-06-25 00:00:00.001000+00:00,-0.00010626
2022-06-25 08:00:00.010000+00:00,-0.00015322
2022-06-25 16:00:00+00:00,-0.00011261
2022-06-26 00:00:00.002000+00:00,-0.00013445
2022-06-26 08:00:00.016000+00:00,0.0
2022-06-26 16:00:00.006000+00:00,-9.825e-05
2022-06-27 00:00:00.008000+00:00,-0.00024522
2022-06-27 08:00:00+00:00,-0.00015208
2022-06-27 16:00:00.016000+00:00,-0.00015886
2022-06-28 00:00:00.016000+00:00,-0.00022449
2022-06-28 08:00:00.001000+00:00,-9.105e-05
2022-06-28 16:00:00.005000+00:00,0.0
2022-06-29 00:00:00+00:00,-0.00032369
2022-06-29 08:00:00.013000+00:00,-3.475e-05
2022-06-29 16:00:00+00:00,-0.00025433
2022-06-30 00:00:00+00:00,-0.00013455
2022-06-30 08:00:00+00:00,0.0
2022-06-30 16:00:00+00:00,-0.00029998
2022-07-01 00:00:00.001000+00:00,-0.00017896
2022-07-01 08:00:00.017000+00:00,-1.794e-05
2022-07-01 16:00:00.005000+00:00,0.0
2022-07-02 00:00:00+00:00,-0.00016329
2022-07-02 08:00:00+00:00,-0.00013258
2022-07-02 16:00:00.008000+00:00,-3.906e-05
2022-07-03 00:00:00.015000+00:00,-5.174e-05
2022-07-03 08:00:00.004000+00:00,-4.27e-05
2022-07-03 16:00:00.005000+00:00,-0.0001864
2022-07-04 00:00:00.021000+00:00,0.0
2022-07-04 08:00:00.001000+00:00,-0.00023629
2022-07-04 16:00:00+00:00,0.0
2022-07-05 00:00:00+00:00,0.0
2022-07-05 08:00:00+00:00,-0.0001103
2022-07-05 16:00:00.015000+00:00,-0.00013791
2022-07-06 00:00:00.006000+00:00,-0.00011221
2022-07-06 08:00:00+00:00,0.0
2022-07-06 16:00:00+00:00,-7.686e-05
2022-07-07 00:00:00.010000+00:00,-7.188e-05
2022-07-07 08:00:00.010000+00:00,-4.47e-05
2022-07-07 16:00:00.011000+00:00,-8.13e-05
2022-07-08 00:00:00.008000+00:00,-2.841e-05
2022-07-08 08:00:00.009000+00:00,0.0
2022-07-08 16:00:00+00:00,-0.00014862
2022-07-09 00:00:00+00:00,0.0
2022-07-09 08:00:00+00:00,0.0
2022-07-09 16:00:00.009000+00:00,-0.00011787
2022-07-10 00:00:00.001000+00:00,-1.536e-05
2022-07-10 08:00:00.002000+00:00,-9.812e-05
2022-07-10 16:00:00.001000+00:00,-5.106e-05
2022-07-11 00:00:00+00:00,-0.00010599
2022-07-11 08:00:00.003000+00:00,0.0
2022-07-11 16:00:00.001000+00:00,-3.501e-05
2022-07-12 00:00:00+00:00,-0.00016301
2022-07-12 08:00:00.021000+00:00,-0.00015961
2022-07-12 16:00:00+00:00,-0.00025585
2022-07-13 00:00:00.012000+00:00,-9.412e-05
2022-07-13 08:00:00.022000+00:00,-0.00016626
2022-07-13 16:00:00.005000+00:00,-0.00011396
2022-07-14 00:00:00.017000+00:00,-0.00013749
2022-07-14 08:00:00.001000+00:00,0.0
2022-07-14 16:00:00+00:00,-0.0001166
2022-07-15 00:00:00.004000+00:00,0.0
2022-07-15 08:00:00.019000+00:00,0.0
2022-07-15 16:00:00.017000+00:00,-8.42e-06
2022-07-16 00:00:00.021000+00:00,0.0
2022-07-16 08:00:00.014000+00:00,0.0
2022-07-16 16:00:00.005000+00:00,-2.607e-05
2022-07-17 00:00:00+00:00,0.0
2022-07-17 08:00:00.003000+00:00,0.0
2022-07-17 16:00:00.007000+00:00,0.0
2022-07-18 00:00:00.001000+00:00,0.0
2022-07-18 08:00:00.004000+00:00,0.0
2022-07-18 16:00:00.019000+00:00,0.0
2022-07-19 00:00:00+00:00,0.0
2022-07-19 08:00:00+00:00,0.0
2022-07-19 16:00:00.001000+00:00,0.0
2022-07-20 00:00:00.004000+00:00,0.0
2022-07-20 08:00:00+00:00,0.0
2022-07-20 16:00:00.003000+00:00,-7.38e-06
2022-07-21 00:00:00+00:00,0.0
2022-07-21 08:00:00.018000+00:00,0.0
2022-07-21 16:00:00.011000+00:00,0.0
2022-07-22 00:00:00.014000+00:00,0.0
2022-07-22 08:00:00+00:00,0.0
2022-07-22 16:00:00+00:00,0.0
2022-07-23 00:00:00.004000+00:00,0.0
2022-07-23 08:00:00.002000+00:00,0.0
2022-07-23 16:00:00.001000+00:00,0.0
2022-07-24 00:00:00+00:00,-0.00018212
2022-07-24 08:00:00.011000+00:00,0.0
2022-07-24 16:00:00+00:00,0.0
2022-07-25 00:00:00+00:00,0.0
2022-07-25 08:00:00.014000+00:00,-0.00022869
2022-07-25 16:00:00.006000+00:00,0.0
2022-07-26 00:00:00.010000+00:00,-2.488e-05
2022-07-26 08:00:00+00:00,-0.0001947
2022-07-26 16:00:00+00:00,-0.00010802
2022-07-27 00:00:00.008000+00:00,-9.596e-05
2022-07-27 08:00:00+00:00,0.0
2022-07-27 16:00:00.003000+00:00,0.0
2022-07-28 00:00:00.009000+00:00,0.0
2022-07-28 08:00:00.008000+00:00,0.0
2022-07-28 16:00:00.013000+00:00,0.0
2022-07-29 00:00:00+00:00,0.0
2022-07-29 08:00:00+00:00,0.0
2022-07-29 16:00:00+00:00,0.0
2022-07-30 00:00:00.005000+00:00,4.073e-05
2022-07-30 08:00:00.009000+00:00,0.0
2022-07-30 16:00:00+00:00,0.0
2022-07-31 00:00:00.022000+00:00,0.0
2022-07-31 08:00:00.011000+00:00,0.0
2022-07-31 16:00:00.019000+00:00,0.0
2022-08-01 00:00:00.010000+00:00,0.0
2022-08-01 08:00:00.019000+00:00,0.0
2022-08-01 16:00:00.017000+00:00,0.0
2022-08-02 00:00:00+00:00,0.0
2022-08-02 08:00:00.007000+00:00,0.0
2022-08-02 16:00:00.014000+00:00,0.0
2022-08-03 00:00:00.001000+00:00,0.0
2022-08-03 08:00:00.020000+00:00,0.0
2022-08-03 16:00:00.008000+00:00,0.0
2022-08-04 00:00:00.001000+00:00,0.0
2022-08-04 08:00:00.009000+00:00,0.0
2022-08-04 16:00:00.015000+00:00,0.0
2022-08-05 00:00:00.005000+00:00,0.0
2022-08-05 08:00:00+00:00,0.0
2022-08-05 16:00:00+00:00,0.0
2022-08-06 00:00:00.021000+00:00,0.0
2022-08-06 08:00:00+00:00,0.0
2022-08-06 16:00:00.015000+00:00,0.0
2022-08-07 00:00:00.013000+00:00,0.0
2022-08-07 08:00:00+00:00,0.0
2022-08-07 16:00:00.014000+00:00,0.0
2022-08-08 00:00:00.009000+00:00,0.0
2022-08-08 08:00:00.006000+00:00,0.0
2022-08-08 16:00:00+00:00,0.0
2022-08-09 00:00:00.020000+00:00,-1.892e-05
2022-08-09 08:00:00+00:00,-3.567e-05
2022-08-09 16:00:00+00:00,-4.608e-05
2022-08-10 00:00:00+00:00,0.0
2022-08-10 08:00:00.016000+00:00,0.0
2022-08-10 16:00:00.018000+00:00,0.0
2022-08-11 00:00:00.012000+00:00,0.0
2022-08-11 08:00:00+00:00,0.0
2022-08-11 16:00:00+00:00,-0.00010494
2022-08-12 00:00:00.006000+00:00,-0.00012899
2022-08-12 08:00:00+00:00,0.0
2022-08-12 16:00:00.005000+00:00,0.0
2022-08-13 00:00:00.012000+00:00,0.0
2022-08-13 08:00:00.006000+00:00,0.0
2022-08-13 16:00:00.018000+00:00,0.0
2022-08-14 00:00:00+00:00,-7.018e-05
2022-08-14 08:00:00+00:00,0.0
2022-08-14 16:00:00+00:00,-0.0001024
2022-08-15 00:00:00.010000+00:00,-0.00010191
2022-08-15 08:00:00.002000+00:00,0.0
2022-08-15 16:00:00.010000+00:00,-2.291e-05
2022-08-16 00:00:00.010000+00:00,0.0
2022-08-16 08:00:00.002000+00:00,0.0
2022-08-16 16:00:00+00:00,0.0
2022-08-17 00:00:00.020000+00:00,-7.47e-05
2022-08-17 08:00:00.016000+00:00,0.0
2022-08-17 16:00:00.001000+00:00,0.0
2022-08-18 00:00:00.005000+00:00,-6.488e-05
2022-08-18 08:00:00.012000+00:00,0.0
2022-08-18 16:00:00.013000+00:00,0.0
2022-08-19 00:00:00+00:00,0.0
2022-08-19 08:00:00+00:00,-0.00011474
2022-08-19 16:00:00.009000+00:00,-0.00012774
2022-08-20 00:00:00+00:00,-1.924e-05
2022-08-20 08:00:00.005000+00:00,-0.00022728
2022-08-20 16:00:00+00:00,-0.000166
2022-08-21 00:00:00.010000+00:00,-0.00013636
2022-08-21 08:00:00.013000+00:00,-0.00014148
2022-08-21 16:00:00+00:00,-0.00014032
2022-08-22 00:00:00.011000+00:00,-0.00013977
2022-08-22 08:00:00.005000+00:00,0.0
2022-08-22 16:00:00.005000+00:00,0.0
2022-08-23 00:00:00+00:00,0.0
2022-08-23 08:00:00.021000+00:00,-0.00014627
2022-08-23 16:00:00.005000+00:00,-9.462e-05
2022-08-24 00:00:00.017000+00:00,-4.807e-05
2022-08-24 08:00:00.021000+00:00,-4.245e-05
2022-08-24 16:00:00+00:00,-0.00015685
2022-08-25 00:00:00.003000+00:00,0.0
2022-08-25 08:00:00+00:00,0.0
2022-08-25 16:00:00.004000+00:00,0.0
2022-08-26 00:00:00.001000+00:00,-7.76e-05
2022-08-26 08:00:00.004000+00:00,-0.00016224
2022-08-26 16:00:00+00:00,-0.00019433
2022-08-27 00:00:00.010000+00:00,-0.00028892
2022-08-27 08:00:00.007000+00:00,-0.00017703
2022-08-27 16:00:00.008000+00:00,-8.358e-05
2022-08-28 00:00:00.019000+00:00,-7.405e-05
2022-08-28 08:00:00+00:00,-0.00012025
2022-08-28 16:00:00+00:00,-3.464e-05
2022-08-29 00:00:00+00:00,-0.00018805
2022-08-29 08:00:00+00:00,-0.00011708
2022-08-29 16:00:00.001000+00:00,-6.241e-05
2022-08-30 00:00:00.001000+00:00,-7.165e-05
2022-08-30 08:00:00.005000+00:00,-7.661e-05
2022-08-30 16:00:00.010000+00:00,0.0
2022-08-31 00:00:00+00:00,-0.00019462
2022-08-31 08:00:00.005000+00:00,0.0
2022-08-31 16:00:00.013000+00:00,0.0
2022-09-01 00:00:00.012000+00:00,-0.000167
2022-09-01 08:00:00+00:00,-3.463e-05
2022-09-01 16:00:00.013000+00:00,-0.00019065
2022-09-02 00:00:00.002000+00:00,-0.00022746
2022-09-02 08:00:00.013000+00:00,-6.39e-06
2022-09-02 16:00:00+00:00,0.0
2022-09-03 00:00:00+00:00,-0.00021426
2022-09-03 08:00:00.002000+00:00,-6.499e-05
2022-09-03 16:00:00.007000+00:00,-1.442e-05
2022-09-04 00:00:00.008000+00:00,0.0
2022-09-04 08:00:00.009000+00:00,-4.283e-05
2022-09-04 16:00:00+00:00,-6.369e-05
2022-09-05 00:00:00.015000+00:00,-1.282e-05
2022-09-05 08:00:00.013000+00:00,-0.00010529
2022-09-05 16:00:00.007000+00:00,-9.3e-05
2022-09-06 00:00:00.018000+00:00,-1.297e-05
2022-09-06 08:00:00.020000+00:00,0.0
2022-09-06 16:00:00.028000+00:00,0.0
2022-09-07 00:00:00.013000+00:00,-0.00054733
2022-09-07 08:00:00.022000+00:00,-0.0003075
2022-09-07 16:00:00.021000+00:00,-7.979e-05
2022-09-08 00:00:00.010000+00:00,0.0
2022-09-08 08:00:00+00:00,0.0
2022-09-08 16:00:00.003000+00:00,0.0
2022-09-09 00:00:00.011000+00:00,0.0
2022-09-09 08:00:00+00:00,0.0
2022-09-09 16:00:00+00:00,0.0
2022-09-10 00:00:00.003000+00:00,0.0
2022-09-10 08:00:00+00:00,0.0
2022-09-10 16:00:00.012000+00:00,0.0
2022-09-11 00:00:00.009000+00:00,0.0
2022-09-11 08:00:00.012000+00:00,0.0
2022-09-11 16:00:00.005000+00:00,0.0
2022-09-12 00:00:00.007000+00:00,0.0
2022-09-12 08:00:00.013000+00:00,-7e-07
2022-09-12 16:00:00+00:00,0.0
2022-09-13 00:00:00.004000+00:00,-2.993e-05
2022-09-13 08:00:00+00:00,-4.19e-06
2022-09-13 16:00:00+00:00,-5.975e-05
2022-09-14 00:00:00+00:00,-0.00022918
2022-09-14 08:00:00+00:00,-9.042e-05
2022-09-14 16:00:00+00:00,-4.776e-05
2022-09-15 00:00:00.019000+00:00,-8.768e-05
2022-09-15 08:00:00.012000+00:00,-0.00014425
2022-09-15 16:00:00.007000+00:00,-0.00020751
2022-09-16 00:00:00+00:00,-0.0001216
2022-09-16 08:00:00+00:00,-8.39e-05
2022-09-16 16:00:00+00:00,-6.916e-05
2022-09-17 00:00:00+00:00,-0.00011341
2022-09-17 08:00:00.012000+00:00,-3.768e-05
2022-09-17 16:00:00.017000+00:00,-5.159e-05
2022-09-18 00:00:00+00:00,-0.00016986
2022-09-18 08:00:00.004000+00:00,-0.00015136
2022-09-18 16:00:00+00:00,-7.379e-05
2022-09-19 00:00:00.018000+00:00,-0.00015207
2022-09-19 08:00:00.006000+00:00,-0.00029681
2022-09-19 16:00:00.010000+00:00,-0.00017649
2022-09-20 00:00:00.007000+00:00,-8.278e-05
2022-09-20 08:00:00.001000+00:00,-4.635e-05
2022-09-20 16:00:00+00:00,-2.216e-05
2022-09-21 00:00:00.001000+00:00,-1.148e-05
2022-09-21 08:00:00.005000+00:00,-2.202e-05
2022-09-21 16:00:00+00:00,0.0
2022-09-22 00:00:00+00:00,-0.00027637
2022-09-22 08:00:00+00:00,-0.00017379
2022-09-22 16:00:00.011000+00:00,0.0
2022-09-23 00:00:00.023000+00:00,-5.383e-05
2022-09-23 08:00:00.004000+00:00,-8.149e-05
2022-09-23 16:00:00.005000+00:00,0.0
2022-09-24 00:00:00+00:00,-9.65e-06
2022-09-24 08:00:00.005000+00:00,0.0
2022-09-24 16:00:00+00:00,0.0
2022-09-25 00:00:00.010000+00:00,0.0
2022-09-25 08:00:00+00:00,-6.67e-05
2022-09-25 16:00:00.003000+00:00,0.0
2022-09-26 00:00:00.001000+00:00,-0.00010467
2022-09-26 08:00:00.006000+00:00,-1.654e-05
2022-09-26 16:00:00+00:00,0.0
2022-09-27 00:00:00.026000+00:00,0.0
2022-09-27 08:00:00.004000+00:00,0.0
2022-09-27 16:00:00.006000+00:00,0.0
2022-09-28 00:00:00.011000+00:00,-0.00031512
2022-09-28 08:00:00+00:00,-6.869e-05
2022-09-28 16:00:00+00:00,-4.871e-05
2022-09-29 00:00:00.010000+00:00,0.0
2022-09-29 08:00:00+00:00,0.0
2022-09-29 16:00:00+00:00,0.0
2022-09-30 00:00:00.006000+00:00,0.0
2022-09-30 08:00:00.002000+00:00,0.0
2022-09-30 16:00:00.007000+00:00,0.0
2022-10-01 00:00:00.008000+00:00,0.0
2022-10-01 08:00:00.011000+00:00,0.0
2022-10-01 16:00:00+00:00,0.0
2022-10-02 00:00:00+00:00,-6.003e-05
2022-10-02 08:00:00+00:00,-5.527e-05
2022-10-02 16:00:00.006000+00:00,-2.465e-05
2022-10-03 00:00:00+00:00,0.0
2022-10-03 08:00:00.014000+00:00,0.0
2022-10-03 16:00:00.010000+00:00,0.0
2022-10-04 00:00:00.006000+00:00,-1.955e-05
2022-10-04 08:00:00.004000+00:00,0.0
2022-10-04 16:00:00.013000+00:00,0.0
2022-10-05 00:00:00+00:00,-2.347e-05
2022-10-05 08:00:00+00:00,0.0
2022-10-05 16:00:00.012000+00:00,0.0
2022-10-06 00:00:00.008000+00:00,0.0
2022-10-06 08:00:00.002000+00:00,0.0
2022-10-06 16:00:00.006000+00:00,0.0
2022-10-07 00:00:00+00:00,-3.379e-05
2022-10-07 08:00:00+00:00,-0.00010927
2022-10-07 16:00:00.007000+00:00,0.0
2022-10-08 00:00:00.010000+00:00,0.0
2022-10-08 08:00:00.004000+00:00,0.0
2022-10-08 16:00:00.018000+00:00,0.0
2022-10-09 00:00:00+00:00,0.0
2022-10-09 08:00:00.007000+00:00,0.0
2022-10-09 16:00:00.011000+00:00,0.0
2022-10-10 00:00:00.018000+00:00,0.0
2022-10-10 08:00:00+00:00,0.0
2022-10-10 16:00:00.026000+00:00,0.0
2022-10-11 00:00:00.020000+00:00,0.0
2022-10-11 08:00:00.027000+00:00,0.0
2022-10-11 16:00:00+00:00,0.0
2022-10-12 00:00:00.014000+00:00,0.0
2022-10-12 08:00:00+00:00,0.0
2022-10-12 16:00:00+00:00,0.0
2022-10-13 00:00:00.013000+00:00,0.0
2022-10-13 08:00:00.016000+00:00,0.0
2022-10-13 16:00:00.009000+00:00,-0.00017328
2022-10-14 00:00:00.020000+00:00,-1.116e-05
2022-10-14 08:00:00+00:00,0.0
2022-10-14 16:00:00.009000+00:00,-2.648e-05
2022-10-15 00:00:00.001000+00:00,-7.23e-06
2022-10-15 08:00:00.005000+00:00,-4.33e-05
2022-10-15 16:00:00.004000+00:00,-2.775e-05
2022-10-16 00:00:00.012000+00:00,0.0
2022-10-16 08:00:00+00:00,-9.323e-05
2022-10-16 16:00:00.010000+00:00,0.0
2022-10-17 00:00:00.012000+00:00,-1.764e-05
2022-10-17 08:00:00.010000+00:00,0.0
2022-10-17 16:00:00.017000+00:00,-7.816e-05
2022-10-18 00:00:00.010000+00:00,0.0
2022-10-18 08:00:00.008000+00:00,-3.61e-06
2022-10-18 16:00:00+00:00,-8.7e-05
2022-10-19 00:00:00.007000+00:00,0.0
2022-10-19 08:00:00.022000+00:00,0.0
2022-10-19 16:00:00.016000+00:00,0.0
2022-10-20 00:00:00+00:00,0.0
2022-10-20 08:00:00.013000+00:00,0.0
2022-10-20 16:00:00+00:00,0.0
2022-10-21 00:00:00.005000+00:00,-6.72e-06
2022-10-21 08:00:00.018000+00:00,-8.495e-05
2022-10-21 16:00:00+00:00,-0.00013025
2022-10-22 00:00:00+00:00,-4.594e-05
2022-10-22 08:00:00.015000+00:00,-0.00011472
2022-10-22 16:00:00+00:00,-0.00018136
2022-10-23 00:00:00.025000+00:00,0.0
2022-10-23 08:00:00+00:00,-0.00015971
2022-10-23 16:00:00.004000+00:00,-8.87e-06
2022-10-24 00:00:00.009000+00:00,0.0
2022-10-24 08:00:00.012000+00:00,0.0
2022-10-24 16:00:00.002000+00:00,-5.435e-05
2022-10-25 00:00:00.013000+00:00,0.0
2022-10-25 08:00:00.013000+00:00,0.0
2022-10-25 16:00:00+00:00,-7.74e-06
2022-10-26 00:00:00.006000+00:00,0.0
2022-10-26 08:00:00.013000+00:00,0.0
2022-10-26 16:00:00+00:00,-7.773e-05
2022-10-27 00:00:00.009000+00:00,-3.774e-05
2022-10-27 08:00:00.006000+00:00,0.0
2022-10-27 16:00:00.009000+00:00,0.0
2022-10-28 00:00:00+00:00,-2.242e-05
2022-10-28 08:00:00+00:00,0.0
2022-10-28 16:00:00.007000+00:00,0.0
2022-10-29 00:00:00+00:00,0.0
2022-10-29 08:00:00.003000+00:00,0.0
2022-10-29 16:00:00.010000+00:00,0.0
2022-10-30 00:00:00+00:00,0.0
2022-10-30 08:00:00.013000+00:00,0.0
2022-10-30 16:00:00.009000+00:00,0.0
2022-10-31 00:00:00.012000+00:00,0.0
2022-10-31 08:00:00+00:00,0.0
2022-10-31 16:00:00.010000+00:00,0.0
2022-11-01 00:00:00+00:00,-0.00022122
2022-11-01 08:00:00+00:00,-7.476e-05
2022-11-01 16:00:00+00:00,-1.068e-05
2022-11-02 00:00:00+00:00,-0.00015035
2022-11-02 08:00:00+00:00,-0.00018741
2022-11-02 16:00:00.019000+00:00,-0.00010047
2022-11-03 00:00:00.011000+00:00,-0.00024064
2022-11-03 08:00:00.016000+00:00,0.0
2022-11-03 16:00:00.005000+00:00,0.0
2022-11-04 00:00:00+00:00,-0.00026514
2022-11-04 08:00:00.004000+00:00,-0.00015694
2022-11-04 16:00:00.020000+00:00,0.0
2022-11-05 00:00:00.009000+00:00,-0.00011505
2022-11-05 08:00:00.007000+00:00,-0.00033461
2022-11-05 16:00:00.018000+00:00,0.0
2022-11-06 00:00:00.009000+00:00,-0.00013208
2022-11-06 08:00:00+00:00,-1.095e-05
2022-11-06 16:00:00.010000+00:00,0.0
2022-11-07 00:00:00.012000+00:00,0.0
2022-11-07 08:00:00.014000+00:00,0.0
2022-11-07 16:00:00.006000+00:00,0.0
2022-11-08 00:00:00+00:00,0.0
2022-11-08 08:00:00.001000+00:00,-0.00086736
2022-11-08 16:00:00.005000+00:00,-9.108e-05
2022-11-09 00:00:00+00:00,-0.00038784
2022-11-09 08:00:00.013000+00:00,-0.0002085
2022-11-09 16:00:00.004000+00:00,-0.00016051
2022-11-10 00:00:00.006000+00:00,-0.00075379
2022-11-10 08:00:00+00:00,-0.00108601
2022-11-10 16:00:00.015000+00:00,-0.00101303
2022-11-11 00:00:00+00:00,-6.721e-05
2022-11-11 08:00:00.015000+00:00,-0.00012043
2022-11-11 16:00:00.027000+00:00,0.0
2022-11-12 00:00:00.007000+00:00,0.0
2022-11-12 08:00:00.016000+00:00,-0.00049627
2022-11-12 16:00:00+00:00,0.0
2022-11-13 00:00:00.004000+00:00,-0.00020827
2022-11-13 08:00:00+00:00,-0.00024517
2022-11-13 16:00:00.017000+00:00,0.0
2022-11-14 00:00:00+00:00,0.0
2022-11-14 08:00:00+00:00,-5.498e-05
2022-11-14 16:00:00+00:00,0.0
2022-11-15 00:00:00.014000+00:00,-1.388e-05
2022-11-15 08:00:00.009000+00:00,0.0
2022-11-15 16:00:00.010000+00:00,0.0
2022-11-16 00:00:00.011000+00:00,0.0
2022-11-16 08:00:00.004000+00:00,0.0
2022-11-16 16:00:00.008000+00:00,0.0
2022-11-17 00:00:00+00:00,0.0
2022-11-17 08:00:00+00:00,0.0
2022-11-17 16:00:00.006000+00:00,0.0
2022-11-18 00:00:00.004000+00:00,0.0
2022-11-18 08:00:00.016000+00:00,-8.914e-05
2022-11-18 16:00:00+00:00,-3.688e-05
2022-11-19 00:00:00+00:00,0.0
2022-11-19 08:00:00.004000+00:00,0.0
2022-11-19 16:00:00.024000+00:00,0.0
2022-11-20 00:00:00.015000+00:00,0.0
2022-11-20 08:00:00.004000+00:00,0.0
2022-11-20 16:00:00+00:00,-3.401e-05
2022-11-21 00:00:00.006000+00:00,0.0
2022-11-21 08:00:00.015000+00:00,0.0
2022-11-21 16:00:00+00:00,0.0
2022-11-22 00:00:00+00:00,-8.432e-05
2022-11-22 08:00:00+00:00,0.0
2022-11-22 16:00:00+00:00,0.0
2022-11-23 00:00:00+00:00,0.0
2022-11-23 08:00:00.011000+00:00,0.0
2022-11-23 16:00:00.014000+00:00,-0.00089682
2022-11-24 00:00:00.007000+00:00,-0.00100198
2022-11-24 08:00:00.014000+00:00,-0.00107431
2022-11-24 16:00:00.013000+00:00,-0.00101344
2022-11-25 00:00:00.004000+00:00,-0.00105799
2022-11-25 08:00:00.015000+00:00,-0.0008592
2022-11-25 16:00:00+00:00,-0.0014554
2022-11-26 00:00:00.011000+00:00,-0.00124842
2022-11-26 08:00:00+00:00,-0.00019936
2022-11-26 16:00:00+00:00,-0.00032896
2022-11-27 00:00:00.012000+00:00,-0.00062761
2022-11-27 08:00:00+00:00,-0.00055863
2022-11-27 16:00:00.003000+00:00,-0.00064417
2022-11-28 00:00:00.015000+00:00,-0.00083112
2022-11-28 08:00:00.004000+00:00,-0.00081517
2022-11-28 16:00:00.011000+00:00,-0.00092201
2022-11-29 00:00:00+00:00,-0.00036103
2022-11-29 08:00:00.015000+00:00,-0.00016312
2022-11-29 16:00:00+00:00,-0.00021615
2022-11-30 00:00:00.007000+00:00,-0.00022113
2022-11-30 08:00:00+00:00,-0.00066434
2022-11-30 16:00:00.015000+00:00,-0.00079031
2022-12-01 00:00:00.001000+00:00,-0.00094938
2022-12-01 08:00:00.006000+00:00,-0.00149717
2022-12-01 16:00:00+00:00,-0.0002155
2022-12-02 00:00:00.001000+00:00,0.0
2022-12-02 08:00:00.016000+00:00,0.0
2022-12-02 16:00:00.017000+00:00,0.0
2022-12-03 00:00:00.006000+00:00,0.0
2022-12-03 08:00:00+00:00,0.0
2022-12-03 16:00:00.011000+00:00,0.0
2022-12-04 00:00:00.006000+00:00,0.0
2022-12-04 08:00:00+00:00,0.0
2022-12-04 16:00:00.006000+00:00,0.0
2022-12-05 00:00:00.002000+00:00,0.0
2022-12-05 08:00:00.011000+00:00,0.0
2022-12-05 16:00:00.008000+00:00,0.0
2022-12-06 00:00:00.014000+00:00,0.0
2022-12-06 08:00:00.027000+00:00,0.0
2022-12-06 16:00:00.009000+00:00,0.0
2022-12-07 00:00:00+00:00,0.0
2022-12-07 08:00:00+00:00,0.0
2022-12-07 16:00:00+00:00,0.0
2022-12-08 00:00:00.006000+00:00,0.0
2022-12-08 08:00:00+00:00,0.0
2022-12-08 16:00:00.014000+00:00,0.0
2022-12-09 00:00:00.017000+00:00,0.0
2022-12-09 08:00:00.005000+00:00,0.0
2022-12-09 16:00:00+00:00,0.0
2022-12-10 00:00:00.009000+00:00,0.0
2022-12-10 08:00:00.010000+00:00,0.0
2022-12-10 16:00:00.001000+00:00,0.0
2022-12-11 00:00:00.011000+00:00,0.0
2022-12-11 08:00:00.007000+00:00,0.0
2022-12-11 16:00:00.011000+00:00,0.0
2022-12-12 00:00:00+00:00,0.0
2022-12-12 08:00:00.004000+00:00,0.0
2022-12-12 16:00:00+00:00,0.0
2022-12-13 00:00:00+00:00,0.0
2022-12-13 08:00:00.018000+00:00,0.0
2022-12-13 16:00:00.011000+00:00,0.0
2022-12-14 00:00:00.010000+00:00,2.88e-05
2022-12-14 08:00:00.015000+00:00,3.56e-05
2022-12-14 16:00:00.004000+00:00,0.0
2022-12-15 00:00:00+00:00,0.0
2022-12-15 08:00:00.023000+00:00,0.0
2022-12-15 16:00:00.010000+00:00,0.0
2022-12-16 00:00:00.016000+00:00,0.0
2022-12-16 08:00:00.011000+00:00,0.0
2022-12-16 16:00:00.001000+00:00,-2.001e-05
2022-12-17 00:00:00.001000+00:00,-0.00073517
2022-12-17 08:00:00.011000+00:00,-0.00115398
2022-12-17 16:00:00.011000+00:00,-0.00078563
2022-12-18 00:00:00.008000+00:00,-0.0002971
2022-12-18 08:00:00.001000+00:00,-0.0010605
2022-12-18 16:00:00.012000+00:00,-0.00035846
2022-12-19 00:00:00+00:00,-0.00083635
2022-12-19 08:00:00+00:00,-0.00062904
2022-12-19 16:00:00+00:00,-0.00037954
2022-12-20 00:00:00.005000+00:00,-1.126e-05
2022-12-20 08:00:00.016000+00:00,-0.00014553
2022-12-20 16:00:00+00:00,-0.00018714
2022-12-21 00:00:00.007000+00:00,-0.0001895
2022-12-21 08:00:00.012000+00:00,-0.00016441
2022-12-21 16:00:00.017000+00:00,-9.578e-05
2022-12-22 00:00:00.004000+00:00,-0.00020175
2022-12-22 08:00:00+00:00,-0.00037556
2022-12-22 16:00:00.001000+00:00,-0.00018387
2022-12-23 00:00:00.018000+00:00,-6.874e-05
2022-12-23 08:00:00+00:00,0.0
2022-12-23 16:00:00+00:00,-0.0001583
2022-12-24 00:00:00.001000+00:00,-8.702e-05
2022-12-24 08:00:00.007000+00:00,-0.00019326
2022-12-24 16:00:00.008000+00:00,-0.00017502
2022-12-25 00:00:00+00:00,-0.00027056
2022-12-25 08:00:00.013000+00:00,-0.00021289
2022-12-25 16:00:00+00:00,-0.00023132
2022-12-26 00:00:00.001000+00:00,-1.749e-05
2022-12-26 08:00:00+00:00,0.0
2022-12-26 16:00:00.005000+00:00,-3.502e-05
2022-12-27 00:00:00.005000+00:00,0.0
2022-12-27 08:00:00.010000+00:00,0.0
2022-12-27 16:00:00.006000+00:00,0.0
2022-12-28 00:00:00.010000+00:00,0.0
2022-12-28 08:00:00.010000+00:00,-6.104e-05
2022-12-28 16:00:00.010000+00:00,-8.213e-05
2022-12-29 00:00:00.011000+00:00,-3.707e-05
2022-12-29 08:00:00+00:00,-3.846e-05
2022-12-29 16:00:00.008000+00:00,0.0
2022-12-30 00:00:00+00:00,-3.597e-05
2022-12-30 08:00:00+00:00,-0.00010921
2022-12-30 16:00:00+00:00,-2.319e-05
2022-12-31 00:00:00.014000+00:00,0.0
2022-12-31 08:00:00+00:00,0.0
2022-12-31 16:00:00+00:00,0.0
2023-01-01 00:00:00+00:00,-1.05e-05
2023-01-01 08:00:00.008000+00:00,0.0
2023-01-01 16:00:00+00:00,0.0
2023-01-02 00:00:00+00:00,0.0
2023-01-02 08:00:00.008000+00:00,0.0
2023-01-02 16:00:00.015000+00:00,-7.526e-05
2023-01-03 00:00:00.003000+00:00,-9.889e-05
2023-01-03 08:00:00.018000+00:00,-5.595e-05
2023-01-03 16:00:00+00:00,0.0
2023-01-04 00:00:00+00:00,0.0
2023-01-04 08:00:00.016000+00:00,0.0
2023-01-04 16:00:00.011000+00:00,0.0
2023-01-05 00:00:00.009000+00:00,-0.00042886
2023-01-05 08:00:00.011000+00:00,-0.00041485
2023-01-05 16:00:00+00:00,-0.00034445
2023-01-06 00:00:00.005000+00:00,-0.00035232
2023-01-06 08:00:00.001000+00:00,-0.00014715
2023-01-06 16:00:00+00:00,-0.00021562
2023-01-07 00:00:00.006000+00:00,-0.00022972
2023-01-07 08:00:00.017000+00:00,-0.00019772
2023-01-07 16:00:00+00:00,-0.00023691
2023-01-08 00:00:00.015000+00:00,-0.00042242
2023-01-08 08:00:00+00:00,-0.00011035
2023-01-08 16:00:00.010000+00:00,0.0
2023-01-09 00:00:00.003000+00:00,-5.51e-05
2023-01-09 08:00:00+00:00,0.0
2023-01-09 16:00:00.006000+00:00,0.0
2023-01-10 00:00:00.003000+00:00,0.0
2023-01-10 08:00:00.021000+00:00,0.0
2023-01-10 16:00:00+00:00,-1.944e-05
2023-01-11 00:00:00.011000+00:00,-0.00033078
2023-01-11 08:00:00.006000+00:00,-0.00010219
2023-01-11 16:00:00.004000+00:00,-9.478e-05
2023-01-12 00:00:00+00:00,-7.73e-06
2023-01-12 08:00:00+00:00,0.0
2023-01-12 16:00:00+00:00,0.0
2023-01-13 00:00:00.004000+00:00,-0.00030273
2023-01-13 08:00:00+00:00,-0.00013437
2023-01-13 16:00:00.018000+00:00,-9.937e-05
2023-01-14 00:00:00+00:00,0.0
2023-01-14 08:00:00.001000+00:00,0.00035334
2023-01-14 16:00:00+00:00,0.0001184
2023-01-15 00:00:00.010000+00:00,9.249e-05
2023-01-15 08:00:00.002000+00:00,0.0
2023-01-15 16:00:00+00:00,0.0
2023-01-16 00:00:00.010000+00:00,0.0
2023-01-16 08:00:00.007000+00:00,0.0
2023-01-16 16:00:00+00:00,0.0
2023-01-17 00:00:00.004000+00:00,0.0
2023-01-17 08:00:00.005000+00:00,0.0
2023-01-17 16:00:00.001000+00:00,0.0
2023-01-18 00:00:00.008000+00:00,0.0
2023-01-18 08:00:00.009000+00:00,0.0
2023-01-18 16:00:00.017000+00:00,0.0
2023-01-19 00:00:00+00:00,-9.679e-05
2023-01-19 08:00:00.015000+00:00,-0.00021146
2023-01-19 16:00:00.012000+00:00,0.0
2023-01-20 00:00:00+00:00,-7.95e-06
2023-01-20 08:00:00+00:00,0.0
2023-01-20 16:00:00+00:00,0.0
2023-01-21 00:00:00.013000+00:00,5.639e-05
2023-01-21 08:00:00.001000+00:00,0.000182
2023-01-21 16:00:00.016000+00:00,5.417e-05
2023-01-22 00:00:00+00:00,0.0
2023-01-22 08:00:00+00:00,0.00015982
2023-01-22 16:00:00.023000+00:00,0.00010198
2023-01-23 00:00:00.014000+00:00,5.355e-05
2023-01-23 08:00:00.014000+00:00,8.039e-05
2023-01-23 16:00:00.016000+00:00,7.383e-05
2023-01-24 00:00:00.008000+00:00,0.00015492
2023-01-24 08:00:00.008000+00:00,0.00022386
2023-01-24 16:00:00+00:00,0.00017116
2023-01-25 00:00:00.012000+00:00,0.0
2023-01-25 08:00:00+00:00,0.0
2023-01-25 16:00:00.010000+00:00,0.0
2023-01-26 00:00:00.010000+00:00,0.0
2023-01-26 08:00:00.003000+00:00,0.0
2023-01-26 16:00:00.020000+00:00,0.0
2023-01-27 00:00:00.008000+00:00,0.0
2023-01-27 08:00:00+00:00,0.0
2023-01-27 16:00:00+00:00,0.0
2023-01-28 00:00:00.009000+00:00,0.0
2023-01-28 08:00:00.018000+00:00,0.0
2023-01-28 16:00:00.005000+00:00,0.0
2023-01-29 00:00:00.011000+00:00,0.0
2023-01-29 08:00:00+00:00,0.0
2023-01-29 16:00:00.008000+00:00,0.0
2023-01-30 00:00:00.001000+00:00,0.0
2023-01-30 08:00:00+00:00,2.222e-05
2023-01-30 16:00:00+00:00,0.0
2023-01-31 00:00:00.005000+00:00,0.0
2023-01-31 08:00:00+00:00,0.0
2023-01-31 16:00:00.007000+00:00,0.0
2023-02-01 00:00:00.013000+00:00,0.0
2023-02-01 08:00:00+00:00,0.0
2023-02-01 16:00:00.012000+00:00,0.0
2023-02-02 00:00:00.004000+00:00,3.463e-05
2023-02-02 08:00:00.023000+00:00,0.00054212
2023-02-02 16:00:00.003000+00:00,0.00017099
2023-02-03 00:00:00.010000+00:00,0.00014265
2023-02-03 08:00:00+00:00,7.717e-05
2023-02-03 16:00:00+00:00,4.762e-05
2023-02-04 00:00:00.010000+00:00,0.0
2023-02-04 08:00:00+00:00,6.947e-05
2023-02-04 16:00:00+00:00,4.705e-05
2023-02-05 00:00:00.016000+00:00,0.0
2023-02-05 08:00:00.009000+00:00,0.0
2023-02-05 16:00:00.018000+00:00,0.0
2023-02-06 00:00:00.001000+00:00,0.0
2023-02-06 08:00:00+00:00,0.0
2023-02-06 16:00:00.012000+00:00,0.0
2023-02-07 00:00:00.004000+00:00,0.0
2023-02-07 08:00:00.011000+00:00,0.0
2023-02-07 16:00:00.018000+00:00,0.0
2023-02-08 00:00:00.009000+00:00,0.0
2023-02-08 08:00:00.010000+00:00,0.0
2023-02-08 16:00:00+00:00,0.0
2023-02-09 00:00:00.014000+00:00,0.0
2023-02-09 08:00:00.006000+00:00,0.0
2023-02-09 16:00:00.001000+00:00,0.0
2023-02-10 00:00:00.012000+00:00,0.0
2023-02-10 08:00:00.005000+00:00,0.0
2023-02-10 16:00:00.020000+00:00,-7.142e-05
2023-02-11 00:00:00.007000+00:00,-0.00023045
2023-02-11 08:00:00.002000+00:00,-0.00025716
2023-02-11 16:00:00.021000+00:00,-0.00017915
2023-02-12 00:00:00.004000+00:00,-0.00010795
2023-02-12 08:00:00+00:00,-0.00030295
2023-02-12 16:00:00.002000+00:00,-0.0002616
2023-02-13 00:00:00.006000+00:00,-9.963e-05
2023-02-13 08:00:00.008000+00:00,-0.00011284
2023-02-13 16:00:00.002000+00:00,-0.00029629
2023-02-14 00:00:00.013000+00:00,-0.0001924
2023-02-14 08:00:00.014000+00:00,-1.819e-05
2023-02-14 16:00:00.016000+00:00,-7.739e-05
2023-02-15 00:00:00.011000+00:00,-0.00021143
2023-02-15 08:00:00+00:00,-9.915e-05
2023-02-15 16:00:00.005000+00:00,-7.066e-05
2023-02-16 00:00:00.019000+00:00,0.0
2023-02-16 08:00:00+00:00,0.0
2023-02-16 16:00:00.001000+00:00,5.284e-05
2023-02-17 00:00:00.003000+00:00,0.0
2023-02-17 08:00:00.016000+00:00,-8.97e-06
2023-02-17 16:00:00+00:00,0.0
2023-02-18 00:00:00.011000+00:00,0.0
2023-02-18 08:00:00+00:00,0.0
2023-02-18 16:00:00.007000+00:00,0.0
2023-02-19 00:00:00.019000+00:00,0.0
2023-02-19 08:00:00.005000+00:00,0.0
2023-02-19 16:00:00.003000+00:00,0.0
2023-02-20 00:00:00.006000+00:00,0.0
2023-02-20 08:00:00.008000+00:00,0.0
2023-02-20 16:00:00.006000+00:00,0.0
2023-02-21 00:00:00.001000+00:00,0.0
2023-02-21 08:00:00.004000+00:00,-3.791e-05
2023-02-21 16:00:00.011000+00:00,-4.808e-05
2023-02-22 00:00:00.009000+00:00,0.0
2023-02-22 08:00:00.010000+00:00,-3.36e-06
2023-02-22 16:00:00+00:00,-0.00012206
2023-02-23 00:00:00.006000+00:00,0.0
2023-02-23 08:00:00.005000+00:00,0.0
2023-02-23 16:00:00.002000+00:00,0.0
2023-02-24 00:00:00.015000+00:00,-7.966e-05
2023-02-24 08:00:00.011000+00:00,0.0
2023-02-24 16:00:00.014000+00:00,0.0
2023-02-25 00:00:00.015000+00:00,-4.132e-05
2023-02-25 08:00:00.015000+00:00,-8.665e-05
2023-02-25 16:00:00.015000+00:00,-7.937e-05
2023-02-26 00:00:00.007000+00:00,-0.00014702
2023-02-26 08:00:00.012000+00:00,-0.00014221
2023-02-26 16:00:00+00:00,-0.00012253
2023-02-27 00:00:00.011000+00:00,0.0
2023-02-27 08:00:00.003000+00:00,-2.797e-05
2023-02-27 16:00:00+00:00,0.0
2023-02-28 00:00:00.011000+00:00,-0.00011827
2023-02-28 08:00:00.018000+00:00,-9.561e-05
2023-02-28 16:00:00.005000+00:00,0.0
2023-03-01 00:00:00.016000+00:00,-0.00025319
2023-03-01 08:00:00+00:00,0.0
2023-03-01 16:00:00.008000+00:00,0.0
2023-03-02 00:00:00.009000+00:00,0.0
2023-03-02 08:00:00.013000+00:00,-0.00023545
2023-03-02 16:00:00+00:00,-0.00028051
2023-03-03 00:00:00+00:00,-2.961e-05
2023-03-03 08:00:00.013000+00:00,-8.625e-05
2023-03-03 16:00:00+00:00,-2.007e-05
2023-03-04 00:00:00.001000+00:00,-3.295e-05
2023-03-04 08:00:00.008000+00:00,-9.138e-05
2023-03-04 16:00:00.012000+00:00,-0.00019281
2023-03-05 00:00:00+00:00,-9.205e-05
2023-03-05 08:00:00+00:00,0.0
2023-03-05 16:00:00.015000+00:00,0.0
2023-03-06 00:00:00.007000+00:00,-3.967e-05
2023-03-06 08:00:00.017000+00:00,0.0
2023-03-06 16:00:00+00:00,-0.00012179
2023-03-07 00:00:00.009000+00:00,-0.0002088
2023-03-07 08:00:00.016000+00:00,-1.876e-05
2023-03-07 16:00:00.017000+00:00,-0.00021496
2023-03-08 00:00:00+00:00,0.0
2023-03-08 08:00:00.014000+00:00,0.0
2023-03-08 16:00:00.021000+00:00,0.0
2023-03-09 00:00:00.010000+00:00,0.0
2023-03-09 08:00:00.013000+00:00,0.0
2023-03-09 16:00:00.002000+00:00,0.0
2023-03-10 00:00:00+00:00,-0.00027317
2023-03-10 08:00:00+00:00,-0.00025155
2023-03-10 16:00:00.005000+00:00,-0.00018076
2023-03-11 00:00:00.011000+00:00,-0.0001812
2023-03-11 08:00:00.003000+00:00,-0.0006044
2023-03-11 16:00:00.011000+00:00,-0.0003423
2023-03-12 00:00:00.001000+00:00,0.0
2023-03-12 08:00:00+00:00,0.0
2023-03-12 16:00:00.005000+00:00,-8.385e-05
2023-03-13 00:00:00.010000+00:00,0.0
2023-03-13 08:00:00.018000+00:00,0.0
2023-03-13 16:00:00.003000+00:00,0.0
2023-03-14 00:00:00.010000+00:00,0.0
2023-03-14 08:00:00.009000+00:00,0.0
2023-03-14 16:00:00.010000+00:00,7.236e-05
2023-03-15 00:00:00.011000+00:00,0.00012216
2023-03-15 08:00:00+00:00,0.00010347
2023-03-15 16:00:00.012000+00:00,0.0
2023-03-16 00:00:00.004000+00:00,0.0
2023-03-16 08:00:00.018000+00:00,9.329e-05
2023-03-16 16:00:00.005000+00:00,0.0
2023-03-17 00:00:00.017000+00:00,-0.00117649
2023-03-17 08:00:00.010000+00:00,-0.00059238
2023-03-17 16:00:00.003000+00:00,-0.00094597
2023-03-18 00:00:00.012000+00:00,-0.00129796
2023-03-18 08:00:00+00:00,-0.00099191
2023-03-18 16:00:00.016000+00:00,-0.00071668
2023-03-19 00:00:00.013000+00:00,-0.00200114
2023-03-19 08:00:00.024000+00:00,-0.00122518
2023-03-19 16:00:00+00:00,-0.00132398
2023-03-20 00:00:00.005000+00:00,-0.00208684
2023-03-20 08:00:00.012000+00:00,-0.00172668
2023-03-20 16:00:00.015000+00:00,-0.00096625
2023-03-21 00:00:00.006000+00:00,-0.00074486
2023-03-21 08:00:00.004000+00:00,-0.00138266
2023-03-21 16:00:00.003000+00:00,-0.00128311
2023-03-22 00:00:00+00:00,-0.00197057
2023-03-22 08:00:00.003000+00:00,-0.00162299
2023-03-22 16:00:00+00:00,-5.565e-05
2023-03-23 00:00:00.016000+00:00,-0.00013572
2023-03-23 08:00:00.001000+00:00,0.0
2023-03-23 16:00:00.013000+00:00,-7.012e-05
2023-03-24 00:00:00.013000+00:00,-0.00048065
2023-03-24 08:00:00.012000+00:00,-0.00022313
2023-03-24 16:00:00.027000+00:00,0.0
2023-03-25 00:00:00.015000+00:00,-0.00010615
2023-03-25 08:00:00.011000+00:00,-0.0001152
2023-03-25 16:00:00.011000+00:00,-2.817e-05
2023-03-26 00:00:00+00:00,-0.0001002
2023-03-26 08:00:00.015000+00:00,0.0
2023-03-26 16:00:00+00:00,0.0
2023-03-27 00:00:00.019000+00:00,-7.754e-05
2023-03-27 08:00:00.009000+00:00,-0.00022919
2023-03-27 16:00:00+00:00,-0.00051772
2023-03-28 00:00:00.007000+00:00,-0.00070515
2023-03-28 08:00:00+00:00,-0.00010119
2023-03-28 16:00:00.013000+00:00,0.0
2023-03-29 00:00:00.010000+00:00,-6.976e-05
2023-03-29 08:00:00.006000+00:00,0.0
2023-03-29 16:00:00.014000+00:00,-2.235e-05
2023-03-30 00:00:00+00:00,0.0
2023-03-30 08:00:00+00:00,-4.867e-05
2023-03-30 16:00:00.006000+00:00,-0.00012381
2023-03-31 00:00:00.003000+00:00,-0.00035389
2023-03-31 08:00:00.006000+00:00,-0.00038577
2023-03-31 16:00:00.011000+00:00,-0.00014589
2023-04-01 00:00:00+00:00,-0.00079807
2023-04-01 08:00:00+00:00,-0.00018883
2023-04-01 16:00:00.018000+00:00,-4.123e-05
2023-04-02 00:00:00.013000+00:00,-0.00029164
2023-04-02 08:00:00.014000+00:00,-0.00021911
2023-04-02 16:00:00.001000+00:00,-0.00014268
2023-04-03 00:00:00+00:00,-0.0004329
2023-04-03 08:00:00.013000+00:00,-2.311e-05
2023-04-03 16:00:00.011000+00:00,-0.00020305
2023-04-04 00:00:00.002000+00:00,-0.00067885
2023-04-04 08:00:00.017000+00:00,-7.503e-05
2023-04-04 16:00:00.008000+00:00,0.0
2023-04-05 00:00:00+00:00,0.0
2023-04-05 08:00:00.016000+00:00,0.0
2023-04-05 16:00:00.004000+00:00,0.0
2023-04-06 00:00:00+00:00,0.0
2023-04-06 08:00:00.011000+00:00,0.0
2023-04-06 16:00:00+00:00,0.0
2023-04-07 00:00:00.006000+00:00,-0.0001102
2023-04-07 08:00:00.005000+00:00,-0.00034537
2023-04-07 16:00:00+00:00,-5.462e-05
2023-04-08 00:00:00+00:00,-5.522e-05
2023-04-08 08:00:00.014000+00:00,0.0
2023-04-08 16:00:00.018000+00:00,0.0
2023-04-09 00:00:00.013000+00:00,0.0
2023-04-09 08:00:00.024000+00:00,0.0
2023-04-09 16:00:00.010000+00:00,0.0
2023-04-10 00:00:00+00:00,0.0
2023-04-10 08:00:00.010000+00:00,0.0
2023-04-10 16:00:00.006000+00:00,0.0
2023-04-11 00:00:00.008000+00:00,-0.00012022
2023-04-11 08:00:00.007000+00:00,7.404e-05
2023-04-11 16:00:00.016000+00:00,2.76e-05
2023-04-12 00:00:00.006000+00:00,0.0
2023-04-12 08:00:00.008000+00:00,0.0
2023-04-12 16:00:00.014000+00:00,0.0
2023-04-13 00:00:00.027000+00:00,0.0
2023-04-13 08:00:00.010000+00:00,0.0
2023-04-13 16:00:00+00:00,1.014e-05
2023-04-14 00:00:00.001000+00:00,1.185e-05
2023-04-14 08:00:00.008000+00:00,0.0002423
2023-04-14 16:00:00.007000+00:00,5.877e-05
2023-04-15 00:00:00.007000+00:00,0.0
2023-04-15 08:00:00.007000+00:00,3.5e-06
2023-04-15 16:00:00.011000+00:00,0.00030622
2023-04-16 00:00:00.014000+00:00,6.872e-05
2023-04-16 08:00:00.007000+00:00,9.232e-05
2023-04-16 16:00:00.002000+00:00,0.00045468
2023-04-17 00:00:00.017000+00:00,0.0002929
2023-04-17 08:00:00.006000+00:00,0.000243
2023-04-17 16:00:00+00:00,0.00023012
2023-04-18 00:00:00.013000+00:00,0.00023453
2023-04-18 08:00:00.017000+00:00,7.434e-05
2023-04-18 16:00:00+00:00,0.0
2023-04-19 00:00:00.022000+00:00,0.0
2023-04-19 08:00:00.014000+00:00,0.0
2023-04-19 16:00:00+00:00,0.0
2023-04-20 00:00:00.010000+00:00,0.0
2023-04-20 08:00:00.012000+00:00,0.0
2023-04-20 16:00:00.012000+00:00,0.0
2023-04-21 00:00:00.009000+00:00,0.0
2023-04-21 08:00:00.009000+00:00,0.0
2023-04-21 16:00:00.003000+00:00,-0.00010197
2023-04-22 00:00:00+00:00,-0.0001808
2023-04-22 08:00:00+00:00,-0.00039367
2023-04-22 16:00:00.016000+00:00,-8.421e-05
2023-04-23 00:00:00.009000+00:00,-0.00047608
2023-04-23 08:00:00.020000+00:00,-0.00050601
2023-04-23 16:00:00.007000+00:00,-0.00073647
2023-04-24 00:00:00+00:00,-0.00032731
2023-04-24 08:00:00.008000+00:00,-0.00079834
2023-04-24 16:00:00.006000+00:00,-0.00089166
2023-04-25 00:00:00.014000+00:00,-0.00079578
2023-04-25 08:00:00.009000+00:00,-0.00102839
2023-04-25 16:00:00.015000+00:00,-0.00083442
2023-04-26 00:00:00.015000+00:00,-0.00065033
2023-04-26 08:00:00.013000+00:00,-0.0005485
2023-04-26 16:00:00.001000+00:00,-0.0005203
2023-04-27 00:00:00.014000+00:00,-0.00116648
2023-04-27 08:00:00.008000+00:00,-0.00064239
2023-04-27 16:00:00.005000+00:00,-0.00070822
2023-04-28 00:00:00.011000+00:00,-0.00101999
2023-04-28 08:00:00.007000+00:00,-0.00194664
2023-04-28 16:00:00.006000+00:00,0.0
2023-04-29 00:00:00.004000+00:00,-0.00011978
2023-04-29 08:00:00.016000+00:00,0.0
2023-04-29 16:00:00.001000+00:00,-0.00018576
2023-04-30 00:00:00.008000+00:00,-0.00012369
2023-04-30 08:00:00+00:00,0.0
2023-04-30 16:00:00.010000+00:00,0.0
2023-05-01 00:00:00.004000+00:00,-0.00105825
2023-05-01 08:00:00.008000+00:00,-0.00094339
2023-05-01 16:00:00.014000+00:00,-0.00120421
2023-05-02 00:00:00.015000+00:00,-0.00149947
2023-05-02 08:00:00.018000+00:00,-0.00126006
2023-05-02 16:00:00+00:00,-0.00119084
2023-05-03 00:00:00.009000+00:00,-0.00146523
2023-05-03 08:00:00.003000+00:00,0.0
2023-05-03 16:00:00.011000+00:00,0.0
2023-05-04 00:00:00+00:00,0.0
2023-05-04 08:00:00+00:00,0.0
2023-05-04 16:00:00.011000+00:00,-2.435e-05
2023-05-05 00:00:00.002000+00:00,0.0
2023-05-05 08:00:00+00:00,-4.602e-05
2023-05-05 16:00:00+00:00,0.0
2023-05-06 00:00:00.009000+00:00,-8.753e-05
2023-05-06 08:00:00+00:00,-6.943e-05
2023-05-06 16:00:00+00:00,-0.00027804
2023-05-07 00:00:00+00:00,-7.751e-05
2023-05-07 08:00:00+00:00,-4.936e-05
2023-05-07 16:00:00.006000+00:00,-0.00010733
2023-05-08 00:00:00+00:00,-0.00010221
2023-05-08 08:00:00.007000+00:00,-0.00035917
2023-05-08 16:00:00.015000+00:00,-0.00025582
2023-05-09 00:00:00.015000+00:00,-0.00022409
2023-05-09 08:00:00+00:00,-0.00036709
2023-05-09 16:00:00+00:00,-0.00032443
2023-05-10 00:00:00.007000+00:00,-8.759e-05
2023-05-10 08:00:00.003000+00:00,-4.315e-05
2023-05-10 16:00:00+00:00,-0.00058032
2023-05-11 00:00:00.011000+00:00,-3.111e-05
2023-05-11 08:00:00+00:00,0.0
2023-05-11 16:00:00.005000+00:00,-0.00028224
2023-05-12 00:00:00.020000+00:00,-0.00036925
2023-05-12 08:00:00.001000+00:00,0.0
2023-05-12 16:00:00.010000+00:00,-8.151e-05
2023-05-13 00:00:00+00:00,-7.953e-05
2023-05-13 08:00:00+00:00,0.0
2023-05-13 16:00:00.026000+00:00,-2.203e-05
2023-05-14 00:00:00.029000+00:00,0.0
2023-05-14 08:00:00.010000+00:00,0.0
2023-05-14 16:00:00.008000+00:00,0.0
2023-05-15 00:00:00.006000+00:00,-0.00018597
2023-05-15 08:00:00.005000+00:00,0.0
2023-05-15 16:00:00.008000+00:00,0.0
2023-05-16 00:00:00.021000+00:00,-4.595e-05
2023-05-16 08:00:00+00:00,-1.285e-05
2023-05-16 16:00:00+00:00,-6.776e-05
2023-05-17 00:00:00.010000+00:00,-4.674e-05
2023-05-17 08:00:00+00:00,0.0
2023-05-17 16:00:00.001000+00:00,-1.822e-05
2023-05-18 00:00:00+00:00,0.0
2023-05-18 08:00:00.026000+00:00,0.0
2023-05-18 16:00:00.019000+00:00,0.0
2023-05-19 00:00:00+00:00,0.0
2023-05-19 08:00:00.002000+00:00,0.0
2023-05-19 16:00:00+00:00,0.0
2023-05-20 00:00:00.005000+00:00,-5.92e-06
2023-05-20 08:00:00.014000+00:00,0.0
2023-05-20 16:00:00.020000+00:00,0.0
2023-05-21 00:00:00.014000+00:00,0.0
2023-05-21 08:00:00.001000+00:00,0.0
2023-05-21 16:00:00.015000+00:00,0.0
2023-05-22 00:00:00.028000+00:00,0.0
2023-05-22 08:00:00+00:00,0.0
2023-05-22 16:00:00.012000+00:00,0.0
2023-05-23 00:00:00.006000+00:00,0.0
2023-05-23 08:00:00.014000+00:00,0.0
2023-05-23 16:00:00.008000+00:00,4.33e-06
2023-05-24 00:00:00+00:00,0.0
2023-05-24 08:00:00.025000+00:00,0.0
2023-05-24 16:00:00.008000+00:00,0.0
2023-05-25 00:00:00+00:00,0.0
2023-05-25 08:00:00.025000+00:00,0.0
2023-05-25 16:00:00.016000+00:00,0.0
2023-05-26 00:00:00+00:00,0.0
2023-05-26 08:00:00.024000+00:00,0.0
2023-05-26 16:00:00.012000+00:00,0.0
2023-05-27 00:00:00.012000+00:00,0.0
2023-05-27 08:00:00.018000+00:00,0.0
2023-05-27 16:00:00.008000+00:00,0.0
2023-05-28 00:00:00.017000+00:00,0.0
2023-05-28 08:00:00.015000+00:00,0.0
2023-05-28 16:00:00+00:00,0.0
2023-05-29 00:00:00+00:00,0.0
2023-05-29 08:00:00.020000+00:00,5.509e-05
2023-05-29 16:00:00.011000+00:00,0.00018433
2023-05-30 00:00:00.003000+00:00,0.00013253
2023-05-30 08:00:00+00:00,0.00020674
2023-05-30 16:00:00.003000+00:00,0.00010472
2023-05-31 00:00:00.013000+00:00,0.0
2023-05-31 08:00:00+00:00,0.0
2023-05-31 16:00:00+00:00,0.0
2023-06-01 00:00:00.008000+00:00,0.0
2023-06-01 08:00:00.012000+00:00,8.187e-05
2023-06-01 16:00:00+00:00,0.0
2023-06-02 00:00:00+00:00,0.0
2023-06-02 08:00:00.006000+00:00,4.057e-05
2023-06-02 16:00:00.012000+00:00,0.0
2023-06-03 00:00:00+00:00,7.832e-05
2023-06-03 08:00:00.011000+00:00,4.591e-05
2023-06-03 16:00:00.003000+00:00,9.43e-06
2023-06-04 00:00:00+00:00,1.7e-07
2023-06-04 08:00:00+00:00,3.122e-05
2023-06-04 16:00:00+00:00,0.00016004
2023-06-05 00:00:00.005000+00:00,0.00010125
2023-06-05 08:00:00+00:00,0.0
2023-06-05 16:00:00+00:00,0.0
2023-06-06 00:00:00+00:00,0.0
2023-06-06 08:00:00.009000+00:00,0.0
2023-06-06 16:00:00.013000+00:00,0.0
2023-06-07 00:00:00+00:00,0.0
2023-06-07 08:00:00.016000+00:00,0.0
2023-06-07 16:00:00+00:00,0.0
2023-06-08 00:00:00.006000+00:00,0.0
2023-06-08 08:00:00+00:00,0.0
2023-06-08 16:00:00+00:00,0.0
2023-06-09 00:00:00+00:00,0.0
2023-06-09 08:00:00+00:00,0.0
2023-06-09 16:00:00+00:00,0.0
2023-06-10 00:00:00+00:00,2.811e-05
2023-06-10 08:00:00+00:00,-0.00036574
2023-06-10 16:00:00+00:00,-2.163e-05
2023-06-11 00:00:00.001000+00:00,0.0
2023-06-11 08:00:00+00:00,-0.00018089
2023-06-11 16:00:00+00:00,-0.00028735
2023-06-12 00:00:00+00:00,0.0
2023-06-12 08:00:00+00:00,-0.00070002
2023-06-12 16:00:00.001000+00:00,-6.726e-05
2023-06-13 00:00:00+00:00,0.0
2023-06-13 08:00:00+00:00,-6.27e-05
2023-06-13 16:00:00+00:00,-0.00034303
2023-06-14 00:00:00+00:00,-3.98e-06
2023-06-14 08:00:00+00:00,-0.00044698
2023-06-14 16:00:00+00:00,-0.0004527
2023-06-15 00:00:00+00:00,-0.00031629
2023-06-15 08:00:00+00:00,-7.324e-05
2023-06-15 16:00:00+00:00,0.0
2023-06-16 00:00:00+00:00,-5.371e-05
2023-06-16 08:00:00+00:00,-5.605e-05
2023-06-16 16:00:00+00:00,-0.00017727
2023-06-17 00:00:00+00:00,0.0
2023-06-17 08:00:00+00:00,0.0
2023-06-17 16:00:00+00:00,0.0
2023-06-18 00:00:00+00:00,0.0
2023-06-18 08:00:00+00:00,0.0
2023-06-18 16:00:00+00:00,0.0
2023-06-19 00:00:00+00:00,0.0
2023-06-19 08:00:00+00:00,0.0
2023-06-19 16:00:00+00:00,0.0
2023-06-20 00:00:00.001000+00:00,0.0
2023-06-20 08:00:00+00:00,0.0
2023-06-20 16:00:00+00:00,0.0
2023-06-21 00:00:00+00:00,0.0
2023-06-21 08:00:00+00:00,0.0
2023-06-21 16:00:00+00:00,0.0
2023-06-22 00:00:00+00:00,0.0
2023-06-22 08:00:00.001000+00:00,0.0
2023-06-22 16:00:00+00:00,0.0
2023-06-23 00:00:00+00:00,0.0
2023-06-23 08:00:00+00:00,0.0
2023-06-23 16:00:00+00:00,0.0
2023-06-24 00:00:00+00:00,1.262e-05
2023-06-24 08:00:00+00:00,0.0
2023-06-24 16:00:00+00:00,0.0
2023-06-25 00:00:00+00:00,0.0
2023-06-25 08:00:00+00:00,0.0
2023-06-25 16:00:00+00:00,0.0
2023-06-26 00:00:00+00:00,0.0
2023-06-26 08:00:00+00:00,0.0
2023-06-26 16:00:00+00:00,0.0
2023-06-27 00:00:00+00:00,0.0
2023-06-27 08:00:00+00:00,7.353e-05
2023-06-27 16:00:00+00:00,4.009e-05
2023-06-28 00:00:00+00:00,0.0
2023-06-28 08:00:00+00:00,0.0
2023-06-28 16:00:00+00:00,0.0
2023-06-29 00:00:00+00:00,0.0
2023-06-29 08:00:00+00:00,0.0
2023-06-29 16:00:00+00:00,0.0
2023-06-30 00:00:00+00:00,0.0
2023-06-30 08:00:00+00:00,0.0
2023-06-30 16:00:00.001000+00:00,0.0
2023-07-01 00:00:00+00:00,5.352e-05
2023-07-01 08:00:00+00:00,5.349e-05
2023-07-01 16:00:00+00:00,0.00014546
2023-07-02 00:00:00+00:00,0.00014716
2023-07-02 08:00:00+00:00,2.679e-05
2023-07-02 16:00:00.001000+00:00,0.00023805
2023-07-03 00:00:00+00:00,9.255e-05
2023-07-03 08:00:00+00:00,0.0001912
2023-07-03 16:00:00+00:00,9.428e-05
2023-07-04 00:00:00.001000+00:00,0.0
2023-07-04 08:00:00+00:00,0.0
2023-07-04 16:00:00+00:00,0.0
2023-07-05 00:00:00+00:00,0.0
2023-07-05 08:00:00+00:00,0.0
2023-07-05 16:00:00+00:00,0.0
2023-07-06 00:00:00+00:00,0.0
2023-07-06 08:00:00+00:00,0.0
2023-07-06 16:00:00+00:00,0.0
2023-07-07 00:00:00+00:00,-0.00046009
2023-07-07 08:00:00+00:00,-0.00016651
2023-07-07 16:00:00+00:00,-9.253e-05
2023-07-08 00:00:00+00:00,-9.236e-05
2023-07-08 08:00:00+00:00,-7.741e-05
2023-07-08 16:00:00+00:00,0.0
2023-07-09 00:00:00+00:00,-4.91e-06
2023-07-09 08:00:00+00:00,0.0
2023-07-09 16:00:00+00:00,-8.229e-05
2023-07-10 00:00:00+00:00,-0.00012524
2023-07-10 08:00:00+00:00,-4.39e-06
2023-07-10 16:00:00+00:00,-0.00012535
2023-07-11 00:00:00+00:00,-0.00025923
2023-07-11 08:00:00+00:00,-0.00074001
2023-07-11 16:00:00+00:00,-0.00074761
2023-07-12 00:00:00+00:00,-0.00035487
2023-07-12 08:00:00+00:00,-0.0006544
2023-07-12 16:00:00+00:00,-0.00059837
2023-07-13 00:00:00+00:00,-0.00108561
2023-07-13 08:00:00+00:00,-0.00074145
2023-07-13 16:00:00+00:00,-0.00082611
2023-07-14 00:00:00+00:00,0.0
2023-07-14 08:00:00+00:00,-0.00042246
2023-07-14 16:00:00+00:00,-0.00049717
2023-07-15 00:00:00+00:00,-0.00116654
2023-07-15 08:00:00+00:00,-0.00054039
2023-07-15 16:00:00+00:00,-0.000673
2023-07-16 00:00:00.001000+00:00,-0.00082346
2023-07-16 08:00:00+00:00,-0.00077424
2023-07-16 16:00:00+00:00,-0.00076813
2023-07-17 00:00:00+00:00,-0.00180248
2023-07-17 08:00:00+00:00,-0.00025688
2023-07-17 16:00:00+00:00,-0.00034131
2023-07-18 00:00:00+00:00,-0.00013206
2023-07-18 08:00:00+00:00,-0.00037172
2023-07-18 16:00:00+00:00,0.0
2023-07-19 00:00:00+00:00,0.0
2023-07-19 08:00:00+00:00,0.00014002
2023-07-19 16:00:00.001000+00:00,0.00010374
2023-07-20 00:00:00+00:00,4.559e-05
2023-07-20 08:00:00+00:00,0.00013033
2023-07-20 16:00:00+00:00,0.0
2023-07-21 00:00:00.001000+00:00,7.509e-05
2023-07-21 08:00:00+00:00,2.789e-05
2023-07-21 16:00:00+00:00,0.0002497
2023-07-22 00:00:00+00:00,0.00013559
2023-07-22 08:00:00+00:00,6.965e-05
2023-07-22 16:00:00+00:00,0.0
2023-07-23 00:00:00+00:00,0.0
2023-07-23 08:00:00+00:00,8.296e-05
2023-07-23 16:00:00+00:00,7.037e-05
2023-07-24 00:00:00+00:00,0.0
2023-07-24 08:00:00+00:00,1.192e-05
2023-07-24 16:00:00+00:00,0.0
2023-07-25 00:00:00+00:00,0.0
2023-07-25 08:00:00+00:00,8.855e-05
2023-07-25 16:00:00+00:00,0.0
2023-07-26 00:00:00+00:00,0.0
2023-07-26 08:00:00.001000+00:00,1.89e-06
2023-07-26 16:00:00+00:00,0.0
2023-07-27 00:00:00+00:00,0.0
2023-07-27 08:00:00+00:00,4.979e-05
2023-07-27 16:00:00.001000+00:00,2.458e-05
2023-07-28 00:00:00+00:00,1.6e-05
2023-07-28 08:00:00+00:00,0.0
2023-07-28 16:00:00+00:00,5.712e-05
2023-07-29 00:00:00+00:00,0.0
2023-07-29 08:00:00+00:00,0.0
2023-07-29 16:00:00.001000+00:00,9.95e-05
2023-07-30 00:00:00+00:00,4.905e-05
2023-07-30 08:00:00+00:00,8.003e-05
2023-07-30 16:00:00+00:00,0.00011335
2023-07-31 00:00:00+00:00,9.227e-05
2023-07-31 08:00:00+00:00,7.364e-05
2023-07-31 16:00:00.001000+00:00,4.11e-05
2023-08-01 00:00:00+00:00,0.0
2023-08-01 08:00:00+00:00,7.317e-05
2023-08-01 16:00:00+00:00,6.759e-05
2023-08-02 00:00:00+00:00,0.0
2023-08-02 08:00:00+00:00,0.0
2023-08-02 16:00:00+00:00,0.0
2023-08-03 00:00:00+00:00,0.0
2023-08-03 08:00:00+00:00,0.0
2023-08-03 16:00:00.001000+00:00,0.0
2023-08-04 00:00:00+00:00,0.0
2023-08-04 08:00:00+00:00,0.0
2023-08-04 16:00:00+00:00,0.0
2023-08-05 00:00:00+00:00,0.0
2023-08-05 08:00:00+00:00,0.0
2023-08-05 16:00:00.001000+00:00,0.0
2023-08-06 00:00:00+00:00,0.0
2023-08-06 08:00:00.001000+00:00,1.099e-05
2023-08-06 16:00:00.005000+00:00,0.0
2023-08-07 00:00:00+00:00,0.0
2023-08-07 08:00:00+00:00,0.0
2023-08-07 16:00:00+00:00,0.0
2023-08-08 00:00:00+00:00,0.0
2023-08-08 08:00:00+00:00,0.0
2023-08-08 16:00:00+00:00,0.0
2023-08-09 00:00:00+00:00,0.00015375
2023-08-09 08:00:00+00:00,0.0
2023-08-09 16:00:00+00:00,0.0
2023-08-10 00:00:00.001000+00:00,0.0
2023-08-10 08:00:00+00:00,0.0
2023-08-10 16:00:00+00:00,0.0
2023-08-11 00:00:00+00:00,-0.00015036
2023-08-11 08:00:00+00:00,-0.00026946
2023-08-11 16:00:00+00:00,-0.00023724
2023-08-12 00:00:00+00:00,-0.00022644
2023-08-12 08:00:00+00:00,-0.00015777
2023-08-12 16:00:00+00:00,-0.00020833
2023-08-13 00:00:00+00:00,-0.00029203
2023-08-13 08:00:00+00:00,-0.00019929
2023-08-13 16:00:00+00:00,-6.14e-06
2023-08-14 00:00:00.001000+00:00,-3.892e-05
2023-08-14 08:00:00+00:00,-4.676e-05
2023-08-14 16:00:00+00:00,-8.05e-06
2023-08-15 00:00:00.001000+00:00,-9.711e-05
2023-08-15 08:00:00+00:00,-0.00020066
2023-08-15 16:00:00+00:00,0.0
2023-08-16 00:00:00+00:00,-0.00044204
2023-08-16 08:00:00.001000+00:00,-0.0001621
2023-08-16 16:00:00+00:00,-0.000444
2023-08-17 00:00:00+00:00,-0.00027077
2023-08-17 08:00:00+00:00,0.0
2023-08-17 16:00:00+00:00,-0.00018279
2023-08-18 00:00:00+00:00,-0.00074175
2023-08-18 08:00:00+00:00,-5.81e-05
2023-08-18 16:00:00+00:00,-0.00011733
2023-08-19 00:00:00+00:00,-0.00029585
2023-08-19 08:00:00+00:00,-0.00035101
2023-08-19 16:00:00+00:00,-0.00012321
2023-08-20 00:00:00+00:00,-1.186e-05
2023-08-20 08:00:00+00:00,-0.00012416
2023-08-20 16:00:00+00:00,-0.00026855
2023-08-21 00:00:00+00:00,0.0
2023-08-21 08:00:00+00:00,-0.00034238
2023-08-21 16:00:00+00:00,-0.00073843
2023-08-22 00:00:00+00:00,-0.00011188
2023-08-22 08:00:00+00:00,-8.858e-05
2023-08-22 16:00:00+00:00,-0.00084222
2023-08-23 00:00:00+00:00,-0.0005188
2023-08-23 08:00:00+00:00,0.0
2023-08-23 16:00:00+00:00,-6.038e-05
2023-08-24 00:00:00+00:00,-0.00023809
2023-08-24 08:00:00+00:00,0.0
2023-08-24 16:00:00+00:00,0.0
2023-08-25 00:00:00+00:00,0.0
2023-08-25 08:00:00+00:00,0.0
2023-08-25 16:00:00+00:00,0.0
2023-08-26 00:00:00+00:00,0.0
2023-08-26 08:00:00+00:00,0.0
2023-08-26 16:00:00+00:00,0.0
2023-08-27 00:00:00+00:00,0.0
2023-08-27 08:00:00+00:00,0.0
2023-08-27 16:00:00+00:00,0.0
2023-08-28 00:00:00+00:00,0.0
2023-08-28 08:00:00.001000+00:00,0.0
2023-08-28 16:00:00.001000+00:00,0.0
2023-08-29 00:00:00+00:00,0.0
2023-08-29 08:00:00+00:00,0.0
2023-08-29 16:00:00+00:00,0.0
2023-08-30 00:00:00+00:00,0.0
2023-08-30 08:00:00+00:00,0.0
2023-08-30 16:00:00+00:00,0.0
2023-08-31 00:00:00+00:00,0.0
2023-08-31 08:00:00+00:00,0.0
2023-08-31 16:00:00+00:00,0.0
2023-09-01 00:00:00+00:00,0.0
2023-09-01 08:00:00+00:00,0.0
2023-09-01 16:00:00.001000+00:00,0.0
2023-09-02 00:00:00+00:00,0.0
2023-09-02 08:00:00+00:00,0.0
2023-09-02 16:00:00+00:00,0.0
2023-09-03 00:00:00+00:00,0.0
2023-09-03 08:00:00+00:00,0.0
2023-09-03 16:00:00+00:00,0.0
2023-09-04 00:00:00+00:00,0.0
2023-09-04 08:00:00+00:00,0.0
2023-09-04 16:00:00+00:00,0.0
2023-09-05 00:00:00+00:00,0.0
2023-09-05 08:00:00+00:00,0.0
2023-09-05 16:00:00+00:00,0.0
2023-09-06 00:00:00+00:00,0.0
2023-09-06 08:00:00+00:00,0.0
2023-09-06 16:00:00.001000+00:00,0.0
2023-09-07 00:00:00+00:00,0.0
2023-09-07 08:00:00+00:00,0.0
2023-09-07 16:00:00+00:00,0.0
2023-09-08 00:00:00+00:00,0.0
2023-09-08 08:00:00+00:00,0.0
2023-09-08 16:00:00+00:00,0.0
2023-09-09 00:00:00+00:00,0.0
2023-09-09 08:00:00+00:00,0.0
2023-09-09 16:00:00+00:00,0.0
2023-09-10 00:00:00+00:00,0.0
2023-09-10 08:00:00+00:00,0.0
2023-09-10 16:00:00+00:00,0.0
2023-09-11 00:00:00+00:00,0.0
2023-09-11 08:00:00+00:00,0.0
2023-09-11 16:00:00.001000+00:00,0.0
2023-09-12 00:00:00+00:00,0.0
2023-09-12 08:00:00+00:00,0.0
2023-09-12 16:00:00+00:00,0.0
2023-09-13 00:00:00+00:00,0.0
2023-09-13 08:00:00+00:00,0.0
2023-09-13 16:00:00+00:00,0.0
2023-09-14 00:00:00+00:00,0.0
2023-09-14 08:00:00.001000+00:00,0.0
2023-09-14 16:00:00+00:00,0.0
2023-09-15 00:00:00+00:00,0.0
2023-09-15 08:00:00+00:00,-5.152e-05
2023-09-15 16:00:00+00:00,0.0
2023-09-16 00:00:00+00:00,0.0
2023-09-16 08:00:00+00:00,0.0
2023-09-16 16:00:00+00:00,0.0
2023-09-17 00:00:00+00:00,0.0
2023-09-17 08:00:00+00:00,0.0
2023-09-17 16:00:00+00:00,0.0
2023-09-18 00:00:00+00:00,0.0
2023-09-18 08:00:00+00:00,0.0
2023-09-18 16:00:00+00:00,0.0
2023-09-19 00:00:00+00:00,0.0
2023-09-19 08:00:00.001000+00:00,0.0
2023-09-19 16:00:00+00:00,2.55e-05
2023-09-20 00:00:00+00:00,0.0
2023-09-20 08:00:00+00:00,0.0
2023-09-20 16:00:00+00:00,0.0
2023-09-21 00:00:00.001000+00:00,0.0
2023-09-21 08:00:00+00:00,0.0
2023-09-21 16:00:00+00:00,0.0
2023-09-22 00:00:00+00:00,0.0
2023-09-22 08:00:00+00:00,0.0
2023-09-22 16:00:00+00:00,0.0
2023-09-23 00:00:00+00:00,0.0
2023-09-23 08:00:00+00:00,0.0
2023-09-23 16:00:00+00:00,0.0
2023-09-24 00:00:00+00:00,0.0
2023-09-24 08:00:00+00:00,0.0
2023-09-24 16:00:00+00:00,0.0
2023-09-25 00:00:00+00:00,0.0
2023-09-25 08:00:00+00:00,0.0
2023-09-25 16:00:00+00:00,0.0
2023-09-26 00:00:00+00:00,0.0
2023-09-26 08:00:00+00:00,4.495e-05
2023-09-26 16:00:00+00:00,5.343e-05
2023-09-27 00:00:00+00:00,2.201e-05
2023-09-27 08:00:00.001000+00:00,5.011e-05
2023-09-27 16:00:00+00:00,0.0
2023-09-28 00:00:00+00:00,7.853e-05
2023-09-28 08:00:00+00:00,2.381e-05
2023-09-28 16:00:00+00:00,0.0
2023-09-29 00:00:00+00:00,5.45e-06
2023-09-29 08:00:00+00:00,0.0
2023-09-29 16:00:00+00:00,0.0
2023-09-30 00:00:00+00:00,0.0
2023-09-30 08:00:00+00:00,0.0
2023-09-30 16:00:00+00:00,0.0
2023-10-01 00:00:00+00:00,0.0
2023-10-01 08:00:00+00:00,7.729e-05
2023-10-01 16:00:00+00:00,9.797e-05
2023-10-02 00:00:00+00:00,5.97e-05
2023-10-02 08:00:00+00:00,2.968e-05
2023-10-02 16:00:00+00:00,3.182e-05
2023-10-03 00:00:00+00:00,0.0
2023-10-03 08:00:00+00:00,0.0
2023-10-03 16:00:00+00:00,0.0
2023-10-04 00:00:00+00:00,0.0
2023-10-04 08:00:00+00:00,0.0
2023-10-04 16:00:00+00:00,0.0
2023-10-05 00:00:00+00:00,0.0
2023-10-05 08:00:00+00:00,5.114e-05
2023-10-05 16:00:00.001000+00:00,0.0
2023-10-06 00:00:00+00:00,0.0
2023-10-06 08:00:00+00:00,5.307e-05
2023-10-06 16:00:00+00:00,0.0
2023-10-07 00:00:00+00:00,0.0
2023-10-07 08:00:00+00:00,5.017e-05
2023-10-07 16:00:00+00:00,0.0
2023-10-08 00:00:00+00:00,5.667e-05
2023-10-08 08:00:00.001000+00:00,0.00010022
2023-10-08 16:00:00+00:00,0.0
2023-10-09 00:00:00+00:00,0.0
2023-10-09 08:00:00+00:00,0.0
2023-10-09 16:00:00+00:00,0.0
2023-10-10 00:00:00+00:00,0.0
2023-10-10 08:00:00+00:00,0.0
2023-10-10 16:00:00+00:00,0.0
2023-10-11 00:00:00+00:00,0.0
2023-10-11 08:00:00+00:00,0.0
2023-10-11 16:00:00+00:00,0.0
2023-10-12 00:00:00+00:00,0.0
2023-10-12 08:00:00+00:00,0.0
2023-10-12 16:00:00+00:00,0.0
2023-10-13 00:00:00+00:00,0.0
2023-10-13 08:00:00+00:00,0.0
2023-10-13 16:00:00+00:00,0.0
2023-10-14 00:00:00+00:00,0.0
2023-10-14 08:00:00+00:00,0.0
2023-10-14 16:00:00+00:00,0.0
2023-10-15 00:00:00+00:00,0.0
2023-10-15 08:00:00+00:00,0.0
2023-10-15 16:00:00+00:00,0.0
2023-10-16 00:00:00+00:00,0.0
2023-10-16 08:00:00+00:00,0.0
2023-10-16 16:00:00+00:00,1.842e-05
2023-10-17 00:00:00+00:00,7.755e-05
2023-10-17 08:00:00+00:00,0.00010058
2023-10-17 16:00:00+00:00,0.0
2023-10-18 00:00:00+00:00,0.0
2023-10-18 08:00:00+00:00,0.0
2023-10-18 16:00:00+00:00,0.0
2023-10-19 00:00:00+00:00,0.0
2023-10-19 08:00:00.001000+00:00,0.0
2023-10-19 16:00:00+00:00,0.0
2023-10-20 00:00:00+00:00,6.957e-05
2023-10-20 08:00:00.005000+00:00,0.00011408
2023-10-20 16:00:00+00:00,4.644e-05
2023-10-21 00:00:00+00:00,0.0
2023-10-21 08:00:00+00:00,4.906e-05
2023-10-21 16:00:00+00:00,0.00013226
2023-10-22 00:00:00+00:00,0.00014634
2023-10-22 08:00:00+00:00,5.499e-05
2023-10-22 16:00:00+00:00,0.00010372
2023-10-23 00:00:00+00:00,0.00016356
2023-10-23 08:00:00.001000+00:00,0.00016456
2023-10-23 16:00:00.001000+00:00,0.0
2023-10-24 00:00:00+00:00,0.00018908
2023-10-24 08:00:00+00:00,0.00012343
2023-10-24 16:00:00+00:00,8.84e-05
2023-10-25 00:00:00+00:00,9.778e-05
2023-10-25 08:00:00+00:00,7.814e-05
2023-10-25 16:00:00.001000+00:00,0.00028079
2023-10-26 00:00:00.001000+00:00,0.00016568
2023-10-26 08:00:00+00:00,0.0003727
2023-10-26 16:00:00+00:00,8.304e-05
2023-10-27 00:00:00+00:00,8.69e-05
2023-10-27 08:00:00+00:00,0.00020316
2023-10-27 16:00:00+00:00,0.00016698
2023-10-28 00:00:00+00:00,5.912e-05
2023-10-28 08:00:00.001000+00:00,5.005e-05
2023-10-28 16:00:00+00:00,0.0
2023-10-29 00:00:00+00:00,1.209e-05
2023-10-29 08:00:00+00:00,2.392e-05
2023-10-29 16:00:00+00:00,0.00011465
2023-10-30 00:00:00+00:00,0.00011571
2023-10-30 08:00:00+00:00,0.0
2023-10-30 16:00:00+00:00,0.00021025
2023-10-31 00:00:00.001000+00:00,0.0001924
2023-10-31 08:00:00+00:00,9.373e-05
2023-10-31 16:00:00+00:00,6.436e-05
2023-11-01 00:00:00+00:00,3.32e-05
2023-11-01 08:00:00+00:00,9.291e-05
2023-11-01 16:00:00+00:00,6.57e-06
2023-11-02 00:00:00.001000+00:00,0.00045291
2023-11-02 08:00:00+00:00,0.0002308
2023-11-02 16:00:00+00:00,0.00018876
2023-11-03 00:00:00+00:00,0.00031866
2023-11-03 08:00:00+00:00,0.00015085
2023-11-03 16:00:00+00:00,0.0
2023-11-04 00:00:00+00:00,0.00014468
2023-11-04 08:00:00+00:00,0.00011035
2023-11-04 16:00:00+00:00,0.00020234
2023-11-05 00:00:00+00:00,3.718e-05
2023-11-05 08:00:00+00:00,0.00011953
2023-11-05 16:00:00+00:00,0.0
2023-11-06 00:00:00+00:00,0.0001156
2023-11-06 08:00:00.001000+00:00,0.00012608
2023-11-06 16:00:00+00:00,0.00028825
2023-11-07 00:00:00.001000+00:00,0.00036433
2023-11-07 08:00:00+00:00,0.00012425
2023-11-07 16:00:00+00:00,0.00018195
2023-11-08 00:00:00+00:00,0.00024655
2023-11-08 08:00:00+00:00,0.00032454
2023-11-08 16:00:00+00:00,0.00015094
2023-11-09 00:00:00+00:00,2.084e-05
2023-11-09 08:00:00+00:00,0.00026824
2023-11-09 16:00:00+00:00,0.0002366
2023-11-10 00:00:00+00:00,0.0
2023-11-10 08:00:00+00:00,0.00034888
2023-11-10 16:00:00+00:00,1.874e-05
2023-11-11 00:00:00+00:00,0.0002068
2023-11-11 08:00:00+00:00,0.00028954
2023-11-11 16:00:00+00:00,0.00030396
2023-11-12 00:00:00+00:00,4.515e-05
2023-11-12 08:00:00+00:00,0.0
2023-11-12 16:00:00.001000+00:00,0.00013559
2023-11-13 00:00:00+00:00,0.0002285
2023-11-13 08:00:00+00:00,0.00014417
2023-11-13 16:00:00+00:00,0.00020254
2023-11-14 00:00:00+00:00,8.527e-05
2023-11-14 08:00:00+00:00,0.0002848
2023-11-14 16:00:00.001000+00:00,0.0001391
2023-11-15 00:00:00+00:00,0.0001202
2023-11-15 08:00:00+00:00,0.00010922
2023-11-15 16:00:00+00:00,0.00020872
2023-11-16 00:00:00+00:00,0.00021605
2023-11-16 08:00:00+00:00,0.00034375
2023-11-16 16:00:00.001000+00:00,4.184e-05
2023-11-17 00:00:00+00:00,0.00011211
2023-11-17 08:00:00.001000+00:00,0.0
2023-11-17 16:00:00.001000+00:00,0.0
2023-11-18 00:00:00+00:00,9.828e-05
2023-11-18 08:00:00+00:00,7.3e-07
2023-11-18 16:00:00+00:00,0.00010103
2023-11-19 00:00:00+00:00,4.12e-05
2023-11-19 08:00:00+00:00,8.239e-05
2023-11-19 16:00:00+00:00,0.0
2023-11-20 00:00:00+00:00,0.0
2023-11-20 08:00:00+00:00,0.00015667
2023-11-20 16:00:00+00:00,0.00027553
2023-11-21 00:00:00+00:00,0.00031647
2023-11-21 08:00:00+00:00,0.00027205
2023-11-21 16:00:00+00:00,0.00016938
2023-11-22 00:00:00+00:00,0.0001286
2023-11-22 08:00:00+00:00,0.00011204
2023-11-22 16:00:00+00:00,0.0
2023-11-23 00:00:00+00:00,2.091e-05
2023-11-23 08:00:00+00:00,1.43e-05
2023-11-23 16:00:00.001000+00:00,0.00016511
2023-11-24 00:00:00+00:00,0.0
2023-11-24 08:00:00+00:00,0.00019691
2023-11-24 16:00:00+00:00,2.427e-05
2023-11-25 00:00:00+00:00,0.0
2023-11-25 08:00:00+00:00,0.00025756
2023-11-25 16:00:00+00:00,0.00014545
2023-11-26 00:00:00+00:00,0.0001503
2023-11-26 08:00:00+00:00,7.223e-05
2023-11-26 16:00:00+00:00,0.0
2023-11-27 00:00:00+00:00,0.0
2023-11-27 08:00:00.001000+00:00,0.00015847
2023-11-27 16:00:00+00:00,0.00020207
2023-11-28 00:00:00+00:00,0.00013513
2023-11-28 08:00:00+00:00,0.0
2023-11-28 16:00:00+00:00,0.00020157
2023-11-29 00:00:00.001000+00:00,0.00026042
2023-11-29 08:00:00+00:00,6.64e-05
2023-11-29 16:00:00+00:00,0.00013501
2023-11-30 00:00:00+00:00,0.00018377
2023-11-30 08:00:00+00:00,0.00017534
2023-11-30 16:00:00+00:00,0.00026077
2023-12-01 00:00:00+00:00,0.00025738
2023-12-01 08:00:00+00:00,0.00010274
2023-12-01 16:00:00+00:00,8.002e-05
2023-12-02 00:00:00+00:00,0.00016693
2023-12-02 08:00:00+00:00,0.00013631
2023-12-02 16:00:00+00:00,0.00017616
2023-12-03 00:00:00+00:00,0.00019017
2023-12-03 08:00:00+00:00,0.00022044
2023-12-03 16:00:00+00:00,0.00016106
2023-12-04 00:00:00+00:00,0.00032083
2023-12-04 08:00:00+00:00,0.00035922
2023-12-04 16:00:00+00:00,5.577e-05
2023-12-05 00:00:00+00:00,0.00018187
2023-12-05 08:00:00+00:00,0.0
2023-12-05 16:00:00+00:00,9.039e-05
2023-12-06 00:00:00+00:00,0.00019828
2023-12-06 08:00:00+00:00,0.00023706
2023-12-06 16:00:00+00:00,0.00020088
2023-12-07 00:00:00+00:00,0.00019185
2023-12-07 08:00:00+00:00,0.00031347
2023-12-07 16:00:00+00:00,0.00027723
2023-12-08 00:00:00+00:00,0.00038437
2023-12-08 08:00:00+00:00,0.00044477
2023-12-08 16:00:00+00:00,0.00040557
2023-12-09 00:00:00+00:00,0.00056478
2023-12-09 08:00:00+00:00,0.00046081
2023-12-09 16:00:00+00:00,0.00034844
2023-12-10 00:00:00+00:00,0.00030973
2023-12-10 08:00:00+00:00,0.00025556
2023-12-10 16:00:00+00:00,0.00026895
2023-12-11 00:00:00+00:00,0.00033978
2023-12-11 08:00:00+00:00,9.472e-05
2023-12-11 16:00:00+00:00,8.78e-05
2023-12-12 00:00:00+00:00,0.0
2023-12-12 08:00:00+00:00,0.0
2023-12-12 16:00:00+00:00,0.0
2023-12-13 00:00:00+00:00,-0.00052326
2023-12-13 08:00:00+00:00,-0.00022655
2023-12-13 16:00:00.001000+00:00,-0.00050377
2023-12-14 00:00:00+00:00,-0.00061075
2023-12-14 08:00:00+00:00,-0.00017671
2023-12-14 16:00:00+00:00,-0.00057153
2023-12-15 00:00:00+00:00,0.0
2023-12-15 08:00:00+00:00,-0.00012952
2023-12-15 16:00:00+00:00,-0.0003711
2023-12-16 00:00:00+00:00,-0.00062037
2023-12-16 08:00:00+00:00,-0.00029789
2023-12-16 16:00:00.001000+00:00,-0.00017219
2023-12-17 00:00:00+00:00,-0.00038977
2023-12-17 08:00:00+00:00,0.0
2023-12-17 16:00:00+00:00,0.0
2023-12-18 00:00:00+00:00,0.0
2023-12-18 08:00:00.001000+00:00,0.00014795
2023-12-18 16:00:00+00:00,0.00012657
2023-12-19 00:00:00+00:00,8.11e-05
2023-12-19 08:00:00+00:00,0.00013199
2023-12-19 16:00:00+00:00,0.0
2023-12-20 00:00:00+00:00,-0.00128946
2023-12-20 08:00:00+00:00,-1.369e-05
2023-12-20 16:00:00+00:00,-0.00036193
2023-12-21 00:00:00+00:00,-0.00094659
2023-12-21 08:00:00+00:00,-0.00059303
2023-12-21 16:00:00+00:00,-0.0001517
2023-12-22 00:00:00+00:00,-0.00052916
2023-12-22 08:00:00+00:00,-0.00046821
2023-12-22 16:00:00+00:00,-5.726e-05
2023-12-23 00:00:00+00:00,-0.00016143
2023-12-23 08:00:00.001000+00:00,-0.00021826
2023-12-23 16:00:00+00:00,-0.00101472
2023-12-24 00:00:00+00:00,-0.0006357
2023-12-24 08:00:00+00:00,-4.087e-05
2023-12-24 16:00:00+00:00,-0.00011773
2023-12-25 00:00:00+00:00,-0.0005857
2023-12-25 08:00:00+00:00,-0.00016186
2023-12-25 16:00:00+00:00,0.0
2023-12-26 00:00:00+00:00,0.0
2023-12-26 08:00:00+00:00,0.0
2023-12-26 16:00:00+00:00,0.0
2023-12-27 00:00:00+00:00,0.0
2023-12-27 08:00:00+00:00,0.0
2023-12-27 16:00:00+00:00,-0.00082735
2023-12-28 00:00:00+00:00,-0.0010039
2023-12-28 08:00:00+00:00,-0.00047746
2023-12-28 16:00:00+00:00,-0.00114629
2023-12-29 00:00:00.001000+00:00,-0.00073016
2023-12-29 08:00:00+00:00,-0.00043385
2023-12-29 16:00:00+00:00,-0.00055142
2023-12-30 00:00:00.001000+00:00,-0.00047138
2023-12-30 08:00:00+00:00,-0.00067585
2023-12-30 16:00:00+00:00,-0.00064912
2023-12-31 00:00:00+00:00,-0.0012624
2023-12-31 08:00:00.001000+00:00,-0.00099242
2023-12-31 16:00:00+00:00,-0.00075371
2024-01-01 00:00:00+00:00,-0.00115565
2024-01-01 08:00:00+00:00,-0.00043985
2024-01-01 16:00:00+00:00,-0.00021335
2024-01-02 00:00:00+00:00,-4.388e-05
2024-01-02 08:00:00+00:00,-1.968e-05
2024-01-02 16:00:00+00:00,0.0
2024-01-03 00:00:00+00:00,-0.00040129
2024-01-03 08:00:00+00:00,0.0
2024-01-03 16:00:00+00:00,-0.00038446
2024-01-04 00:00:00+00:00,-0.00036362
2024-01-04 08:00:00+00:00,-0.000126
2024-01-04 16:00:00+00:00,-0.00019163
2024-01-05 00:00:00.001000+00:00,-0.00073744
2024-01-05 08:00:00+00:00,-0.00058221
2024-01-05 16:00:00+00:00,-0.00096824
2024-01-06 00:00:00+00:00,-0.00118881
2024-01-06 08:00:00+00:00,-0.00082243
2024-01-06 16:00:00+00:00,-0.00088029
2024-01-07 00:00:00+00:00,-0.0009864
2024-01-07 08:00:00.001000+00:00,-0.00098181
2024-01-07 16:00:00.001000+00:00,-0.00075307
2024-01-08 00:00:00+00:00,-0.00087928
2024-01-08 08:00:00+00:00,-0.00046829
2024-01-08 16:00:00+00:00,-0.00044893
2024-01-09 00:00:00.001000+00:00,-8.596e-05
2024-01-09 08:00:00+00:00,0.0
2024-01-09 16:00:00+00:00,0.0
2024-01-10 00:00:00+00:00,0.0
2024-01-10 08:00:00+00:00,0.0
2024-01-10 16:00:00+00:00,0.0
2024-01-11 00:00:00+00:00,0.0
2024-01-11 08:00:00+00:00,0.0
2024-01-11 16:00:00+00:00,0.0
2024-01-12 00:00:00.001000+00:00,3.989e-05
2024-01-12 08:00:00+00:00,3.803e-05
2024-01-12 16:00:00+00:00,6.54e-06
2024-01-13 00:00:00+00:00,0.0
2024-01-13 08:00:00+00:00,0.0
2024-01-13 16:00:00.001000+00:00,8.384e-05
2024-01-14 00:00:00+00:00,0.0
2024-01-14 08:00:00+00:00,0.00012056
2024-01-14 16:00:00.001000+00:00,0.0
2024-01-15 00:00:00+00:00,5.667e-05
2024-01-15 08:00:00+00:00,0.00016931
2024-01-15 16:00:00+00:00,0.0
2024-01-16 00:00:00+00:00,-0.00033116
2024-01-16 08:00:00+00:00,-0.00050321
2024-01-16 16:00:00.001000+00:00,-0.0003672
2024-01-17 00:00:00+00:00,-0.00049143
2024-01-17 08:00:00+00:00,-2.361e-05
2024-01-17 16:00:00+00:00,-0.000561
2024-01-18 00:00:00.001000+00:00,-0.00048308
2024-01-18 08:00:00+00:00,0.0
2024-01-18 16:00:00+00:00,-0.00051549
2024-01-19 00:00:00+00:00,-0.00045823
2024-01-19 08:00:00+00:00,-0.00055553
2024-01-19 16:00:00.002000+00:00,-0.00041823
2024-01-20 00:00:00+00:00,-0.00040077
2024-01-20 08:00:00.003000+00:00,-0.00028879
2024-01-20 16:00:00+00:00,-0.00045503
2024-01-21 00:00:00+00:00,-0.00022406
2024-01-21 08:00:00+00:00,-0.00023041
2024-01-21 16:00:00+00:00,-0.00038554
2024-01-22 00:00:00+00:00,-0.00018874
2024-01-22 08:00:00+00:00,-0.00052527
2024-01-22 16:00:00+00:00,-0.00063548
2024-01-23 00:00:00+00:00,-0.0003538
2024-01-23 08:00:00+00:00,-0.00048935
2024-01-23 16:00:00+00:00,-6.59e-05
2024-01-24 00:00:00+00:00,-0.00036932
2024-01-24 08:00:00+00:00,0.0
2024-01-24 16:00:00+00:00,-9.307e-05
2024-01-25 00:00:00+00:00,0.0
2024-01-25 08:00:00.001000+00:00,0.0
2024-01-25 16:00:00+00:00,0.0
2024-01-26 00:00:00.001000+00:00,0.0
2024-01-26 08:00:00+00:00,0.0
2024-01-26 16:00:00+00:00,0.0
2024-01-27 00:00:00+00:00,0.0
2024-01-27 08:00:00+00:00,0.0
2024-01-27 16:00:00+00:00,0.0
2024-01-28 00:00:00+00:00,0.0
2024-01-28 08:00:00+00:00,0.0
2024-01-28 16:00:00+00:00,0.0
2024-01-29 00:00:00+00:00,0.0
2024-01-29 08:00:00.001000+00:00,0.0
2024-01-29 16:00:00+00:00,0.0
2024-01-30 00:00:00+00:00,0.0
2024-01-30 08:00:00+00:00,0.0
2024-01-30 16:00:00.001000+00:00,0.0
2024-01-31 00:00:00+00:00,0.0
2024-01-31 08:00:00+00:00,0.0
2024-01-31 16:00:00+00:00,0.0
2024-02-01 00:00:00+00:00,0.0
2024-02-01 08:00:00+00:00,0.0
2024-02-01 16:00:00.002000+00:00,0.0
2024-02-02 00:00:00+00:00,0.0
2024-02-02 08:00:00+00:00,0.0
2024-02-02 16:00:00+00:00,0.0
2024-02-03 00:00:00+00:00,0.0
2024-02-03 08:00:00+00:00,0.0
2024-02-03 16:00:00.001000+00:00,0.0
2024-02-04 00:00:00+00:00,0.0
2024-02-04 08:00:00.004000+00:00,0.0
2024-02-04 16:00:00+00:00,0.0
2024-02-05 00:00:00+00:00,0.0
2024-02-05 08:00:00+00:00,0.0
2024-02-05 16:00:00+00:00,-5.372e-05
2024-02-06 00:00:00+00:00,0.0
2024-02-06 08:00:00.001000+00:00,0.0
2024-02-06 16:00:00+00:00,0.0
2024-02-07 00:00:00+00:00,0.0
2024-02-07 08:00:00+00:00,0.0
2024-02-07 16:00:00+00:00,0.0
2024-02-08 00:00:00+00:00,0.0
2024-02-08 08:00:00+00:00,-0.00032307
2024-02-08 16:00:00+00:00,-0.00078676
2024-02-09 00:00:00+00:00,-0.00127869
2024-02-09 08:00:00+00:00,-0.00061724
2024-02-09 16:00:00.001000+00:00,-0.00053458
2024-02-10 00:00:00.001000+00:00,-0.00052153
2024-02-10 08:00:00+00:00,-0.00071137
2024-02-10 16:00:00+00:00,-0.00063224
2024-02-11 00:00:00+00:00,-0.00061914
2024-02-11 08:00:00.001000+00:00,-0.0005555
2024-02-11 16:00:00+00:00,-0.00056837
2024-02-12 00:00:00+00:00,-0.00066055
2024-02-12 08:00:00+00:00,-0.00057236
2024-02-12 16:00:00+00:00,-0.00035404
2024-02-13 00:00:00+00:00,-0.00126582
2024-02-13 08:00:00+00:00,-8.124e-05
2024-02-13 16:00:00+00:00,-0.00053432
2024-02-14 00:00:00+00:00,-0.00058355
2024-02-14 08:00:00+00:00,-0.00040106
2024-02-14 16:00:00+00:00,-1.939e-05
2024-02-15 00:00:00+00:00,-0.00028452
2024-02-15 08:00:00+00:00,-0.00010744
2024-02-15 16:00:00+00:00,0.0
2024-02-16 00:00:00+00:00,0.0
2024-02-16 08:00:00+00:00,0.0
2024-02-16 16:00:00+00:00,-0.00011609
2024-02-17 00:00:00+00:00,0.0
2024-02-17 08:00:00+00:00,-0.00010731
2024-02-17 16:00:00+00:00,0.0
2024-02-18 00:00:00+00:00,-0.00015626
2024-02-18 08:00:00+00:00,-0.00023614
2024-02-18 16:00:00+00:00,-7.972e-05
2024-02-19 00:00:00+00:00,0.0
2024-02-19 08:00:00+00:00,0.00035989
2024-02-19 16:00:00+00:00,0.00019102
2024-02-20 00:00:00+00:00,0.00034939
2024-02-20 08:00:00+00:00,0.00035868
2024-02-20 16:00:00+00:00,7.065e-05
2024-02-21 00:00:00+00:00,2.817e-05
2024-02-21 08:00:00+00:00,0.0001159
2024-02-21 16:00:00+00:00,-0.00048781
2024-02-22 00:00:00.001000+00:00,-0.00052198
2024-02-22 08:00:00.001000+00:00,-0.00107399
2024-02-22 16:00:00+00:00,-0.00089242
2024-02-23 00:00:00+00:00,-0.00034341
2024-02-23 08:00:00+00:00,-0.00084438
2024-02-23 16:00:00+00:00,-0.00045563
2024-02-24 00:00:00+00:00,-0.00071438
2024-02-24 08:00:00.001000+00:00,-0.00055304
2024-02-24 16:00:00+00:00,-0.00081788
2024-02-25 00:00:00.001000+00:00,-0.00096796
2024-02-25 08:00:00+00:00,-0.00076198
2024-02-25 16:00:00+00:00,-0.00028782
2024-02-26 00:00:00+00:00,-0.00017368
2024-02-26 08:00:00+00:00,-0.00031171
2024-02-26 16:00:00+00:00,-1.649e-05
2024-02-27 00:00:00+00:00,0.0
2024-02-27 08:00:00+00:00,-0.00022191
2024-02-27 16:00:00+00:00,-0.00042917
2024-02-28 00:00:00+00:00,-0.00062227
2024-02-28 08:00:00+00:00,-0.00064429
2024-02-28 16:00:00+00:00,0.0
2024-02-29 00:00:00+00:00,0.0
2024-02-29 08:00:00+00:00,0.00059364
2024-02-29 16:00:00+00:00,0.00062688
2024-03-01 00:00:00+00:00,0.0002258
2024-03-01 08:00:00+00:00,0.00056193
2024-03-01 16:00:00+00:00,0.00029595
2024-03-02 00:00:00+00:00,0.00045091
2024-03-02 08:00:00.001000+00:00,0.00060239
2024-03-02 16:00:00+00:00,0.00060028
2024-03-03 00:00:00+00:00,0.00062465
2024-03-03 08:00:00+00:00,0.00056194
2024-03-03 16:00:00+00:00,0.00059759
2024-03-04 00:00:00+00:00,0.00052271
2024-03-04 08:00:00+00:00,0.00066328
2024-03-04 16:00:00+00:00,0.00048318
2024-03-05 00:00:00+00:00,0.00045848
2024-03-05 08:00:00+00:00,0.00100171
2024-03-05 16:00:00+00:00,0.00068298
2024-03-06 00:00:00+00:00,0.0
2024-03-06 08:00:00.001000+00:00,0.00021672
2024-03-06 16:00:00+00:00,3.112e-05
2024-03-07 00:00:00+00:00,0.0
2024-03-07 08:00:00+00:00,0.00017842
2024-03-07 16:00:00+00:00,1.547e-05
2024-03-08 00:00:00+00:00,0.0
2024-03-08 08:00:00+00:00,0.0
2024-03-08 16:00:00+00:00,-1.113e-05
2024-03-09 00:00:00+00:00,-0.00012383
2024-03-09 08:00:00.001000+00:00,-0.00019497
2024-03-09 16:00:00+00:00,-0.00023847
2024-03-10 00:00:00+00:00,-6.201e-05
2024-03-10 08:00:00+00:00,0.0
2024-03-10 16:00:00+00:00,0.00036256
2024-03-11 00:00:00+00:00,0.0
2024-03-11 08:00:00+00:00,2.344e-05
2024-03-11 16:00:00+00:00,7.373e-05
2024-03-12 00:00:00+00:00,0.00019661
2024-03-12 08:00:00+00:00,0.0005555
2024-03-12 16:00:00+00:00,6.989e-05
2024-03-13 00:00:00+00:00,0.00034905
2024-03-13 08:00:00.001000+00:00,0.00064319
2024-03-13 16:00:00+00:00,0.0006775
2024-03-14 00:00:00.001000+00:00,0.00035646
2024-03-14 08:00:00+00:00,0.00044008
2024-03-14 16:00:00+00:00,0.0006029
2024-03-15 00:00:00+00:00,0.00011662
2024-03-15 08:00:00+00:00,0.00012984
2024-03-15 16:00:00+00:00,0.0
2024-03-16 00:00:00+00:00,0.00013785
2024-03-16 08:00:00+00:00,0.00024537
2024-03-16 16:00:00+00:00,0.00016812
2024-03-17 00:00:00+00:00,9.557e-05
2024-03-17 08:00:00+00:00,0.0
2024-03-17 16:00:00+00:00,0.0
2024-03-18 00:00:00+00:00,0.0
2024-03-18 08:00:00+00:00,0.00015708
2024-03-18 16:00:00.001000+00:00,0.0
2024-03-19 00:00:00+00:00,0.00010433
2024-03-19 08:00:00+00:00,0.00019074
2024-03-19 16:00:00.001000+00:00,0.00023778
2024-03-20 00:00:00+00:00,0.00021487
2024-03-20 08:00:00.004000+00:00,0.00022256
2024-03-20 16:00:00+00:00,9.585e-05
2024-03-21 00:00:00+00:00,2.546e-05
2024-03-21 08:00:00+00:00,0.00013122
2024-03-21 16:00:00+00:00,0.0
2024-03-22 00:00:00+00:00,0.00017388
2024-03-22 08:00:00+00:00,6.837e-05
2024-03-22 16:00:00+00:00,0.00014159
2024-03-23 00:00:00+00:00,0.00014453
2024-03-23 08:00:00+00:00,0.00016838
2024-03-23 16:00:00+00:00,0.0
2024-03-24 00:00:00+00:00,0.0
2024-03-24 08:00:00+00:00,0.00021139
2024-03-24 16:00:00+00:00,0.00020733
2024-03-25 00:00:00+00:00,0.00021885
2024-03-25 08:00:00.001000+00:00,0.00024982
2024-03-25 16:00:00+00:00,0.00025865
2024-03-26 00:00:00+00:00,0.00029097
2024-03-26 08:00:00+00:00,0.00037308
2024-03-26 16:00:00+00:00,0.00039806
2024-03-27 00:00:00+00:00,0.00031573
2024-03-27 08:00:00.001000+00:00,0.00036491
2024-03-27 16:00:00+00:00,0.00033014
2024-03-28 00:00:00+00:00,0.00042862
2024-03-28 08:00:00+00:00,0.00051984
2024-03-28 16:00:00+00:00,0.00039289
2024-03-29 00:00:00+00:00,0.00036592
2024-03-29 08:00:00+00:00,0.000413
2024-03-29 16:00:00+00:00,0.0002539
2024-03-30 00:00:00+00:00,0.0
2024-03-30 08:00:00+00:00,-7.709e-05
2024-03-30 16:00:00+00:00,-0.00037404
2024-03-31 00:00:00+00:00,-5.921e-05
2024-03-31 08:00:00+00:00,-0.0003908
2024-03-31 16:00:00.001000+00:00,0.0
2024-04-01 00:00:00+00:00,0.0
2024-04-01 08:00:00+00:00,0.0
2024-04-01 16:00:00+00:00,-0.00013645
2024-04-02 00:00:00.007000+00:00,0.0
2024-04-02 08:00:00.015000+00:00,0.00025814
2024-04-02 16:00:00+00:00,0.00030588
2024-04-03 00:00:00+00:00,0.00025462
2024-04-03 08:00:00+00:00,0.00012544
2024-04-03 16:00:00+00:00,0.00020227
2024-04-04 00:00:00+00:00,0.00020277
2024-04-04 08:00:00+00:00,0.0
2024-04-04 16:00:00+00:00,0.0
2024-04-05 00:00:00+00:00,-0.00042037
2024-04-05 08:00:00+00:00,-0.00021433
2024-04-05 16:00:00+00:00,-0.00038341
2024-04-06 00:00:00+00:00,-0.00062922
2024-04-06 08:00:00+00:00,-0.00027748
2024-04-06 16:00:00+00:00,-0.00025256
2024-04-07 00:00:00+00:00,-0.00033926
2024-04-07 08:00:00+00:00,-0.00059616
2024-04-07 16:00:00+00:00,-0.00049569
2024-04-08 00:00:00.001000+00:00,-0.00019057
2024-04-08 08:00:00+00:00,-0.00038431
2024-04-08 16:00:00.006000+00:00,0.0
2024-04-09 00:00:00+00:00,0.00015382
2024-04-09 08:00:00.001000+00:00,0.00016132
2024-04-09 16:00:00.001000+00:00,0.0
2024-04-10 00:00:00+00:00,0.00024813
2024-04-10 08:00:00.001000+00:00,0.00019449
2024-04-10 16:00:00+00:00,0.0001725
2024-04-11 00:00:00+00:00,0.00037974
2024-04-11 08:00:00+00:00,8.875e-05
2024-04-11 16:00:00+00:00,0.0002061
2024-04-12 00:00:00+00:00,0.00021027
2024-04-12 08:00:00.001000+00:00,1.66e-06
2024-04-12 16:00:00+00:00,-0.00022562
2024-04-13 00:00:00+00:00,-0.00042828
2024-04-13 08:00:00+00:00,-0.00086248
2024-04-13 16:00:00.001000+00:00,-0.00056549
2024-04-14 00:00:00+00:00,-0.00088593
2024-04-14 08:00:00+00:00,-0.00045375
2024-04-14 16:00:00+00:00,-0.00042313
2024-04-15 00:00:00+00:00,-0.00044113
2024-04-15 08:00:00.001000+00:00,-0.00040679
2024-04-15 16:00:00+00:00,-0.00046815
2024-04-16 00:00:00.001000+00:00,-0.0009491
2024-04-16 08:00:00+00:00,-0.0007775
2024-04-16 16:00:00+00:00,-0.000567
2024-04-17 00:00:00+00:00,-0.00023045
2024-04-17 08:00:00+00:00,0.0
2024-04-17 16:00:00+00:00,0.0
2024-04-18 00:00:00+00:00,0.0
2024-04-18 08:00:00+00:00,0.0
2024-04-18 16:00:00+00:00,-0.00034552
2024-04-19 00:00:00.001000+00:00,0.0
2024-04-19 08:00:00+00:00,-0.00017776
2024-04-19 16:00:00+00:00,0.0
2024-04-20 00:00:00+00:00,0.0
2024-04-20 08:00:00+00:00,0.0
2024-04-20 16:00:00+00:00,0.0
2024-04-21 00:00:00+00:00,-7.72e-06
2024-04-21 08:00:00+00:00,-5.246e-05
2024-04-21 16:00:00+00:00,-0.0001
2024-04-22 00:00:00+00:00,0.0
2024-04-22 08:00:00+00:00,0.0
2024-04-22 16:00:00+00:00,0.0
2024-04-23 00:00:00+00:00,0.0
2024-04-23 08:00:00+00:00,0.0
2024-04-23 16:00:00.001000+00:00,-0.00026818
2024-04-24 00:00:00+00:00,-0.00033543
2024-04-24 08:00:00+00:00,-0.00041956
2024-04-24 16:00:00+00:00,-0.00040741
2024-04-25 00:00:00+00:00,-1.528e-05
2024-04-25 08:00:00+00:00,-0.00011575
2024-04-25 16:00:00.010000+00:00,-0.00050741
2024-04-26 00:00:00.001000+00:00,-0.00057117
2024-04-26 08:00:00+00:00,-0.00065053
2024-04-26 16:00:00+00:00,-0.0004789
2024-04-27 00:00:00+00:00,-0.00045974
2024-04-27 08:00:00.001000+00:00,-0.00063467
2024-04-27 16:00:00+00:00,-0.00021197
2024-04-28 00:00:00+00:00,-0.00061995
2024-04-28 08:00:00+00:00,-0.00078809
2024-04-28 16:00:00+00:00,-0.00079187
2024-04-29 00:00:00+00:00,-0.00084938
2024-04-29 08:00:00+00:00,-0.00087166
2024-04-29 16:00:00+00:00,-0.00065653
2024-04-30 00:00:00+00:00,-0.00042184
2024-04-30 08:00:00+00:00,-0.00015559
2024-04-30 16:00:00+00:00,-0.00070745
2024-05-01 00:00:00+00:00,-0.00022922
2024-05-01 08:00:00+00:00,-0.00017534
2024-05-01 16:00:00+00:00,-0.00017136
2024-05-02 00:00:00+00:00,-0.00025289
2024-05-02 08:00:00+00:00,-1.565e-05
2024-05-02 16:00:00.002000+00:00,-0.0002526
2024-05-03 00:00:00+00:00,-0.00012686
2024-05-03 08:00:00+00:00,-1.017e-05
2024-05-03 16:00:00+00:00,-0.00032785
2024-05-04 00:00:00+00:00,-0.000114
2024-05-04 08:00:00+00:00,-0.00015609
2024-05-04 16:00:00+00:00,-0.0002685
2024-05-05 00:00:00+00:00,-0.00071748
2024-05-05 08:00:00+00:00,-0.00031949
2024-05-05 16:00:00+00:00,-0.0004005
2024-05-06 00:00:00+00:00,-8.052e-05
2024-05-06 08:00:00+00:00,-9.37e-05
2024-05-06 16:00:00+00:00,-0.00026489
2024-05-07 00:00:00+00:00,0.0
2024-05-07 08:00:00+00:00,-8.607e-05
2024-05-07 16:00:00+00:00,0.0
2024-05-08 00:00:00+00:00,0.0
2024-05-08 08:00:00+00:00,0.0
2024-05-08 16:00:00+00:00,0.0
2024-05-09 00:00:00+00:00,0.0
2024-05-09 08:00:00+00:00,0.0
2024-05-09 16:00:00+00:00,0.0
2024-05-10 00:00:00+00:00,-1.814e-05
2024-05-10 08:00:00+00:00,-0.00013856
2024-05-10 16:00:00+00:00,-0.00023606
2024-05-11 00:00:00+00:00,-7.794e-05
2024-05-11 08:00:00+00:00,0.0
2024-05-11 16:00:00+00:00,0.0
2024-05-12 00:00:00+00:00,0.0
2024-05-12 08:00:00+00:00,0.0
2024-05-12 16:00:00+00:00,-2.601e-05
2024-05-13 00:00:00.001000+00:00,-0.00017911
2024-05-13 08:00:00.001000+00:00,-8.47e-05
2024-05-13 16:00:00+00:00,-0.00033836
2024-05-14 00:00:00+00:00,-1.301e-05
2024-05-14 08:00:00+00:00,-0.00036204
2024-05-14 16:00:00+00:00,-0.00129616
2024-05-15 00:00:00+00:00,-0.00101022
2024-05-15 08:00:00+00:00,-0.00069557
2024-05-15 16:00:00+00:00,-0.00114578
2024-05-16 00:00:00.004000+00:00,-0.00065658
2024-05-16 08:00:00+00:00,0.0
2024-05-16 16:00:00+00:00,-0.00017077
2024-05-17 00:00:00+00:00,-0.00053276
2024-05-17 08:00:00+00:00,-0.00017804
2024-05-17 16:00:00+00:00,0.0
2024-05-18 00:00:00+00:00,0.0
2024-05-18 08:00:00+00:00,0.0
2024-05-18 16:00:00+00:00,0.0
2024-05-19 00:00:00+00:00,0.0
2024-05-19 08:00:00+00:00,0.0
2024-05-19 16:00:00+00:00,0.0
2024-05-20 00:00:00+00:00,0.0
2024-05-20 08:00:00+00:00,-6.392e-05
2024-05-20 16:00:00.003000+00:00,-8.546e-05
2024-05-21 00:00:00+00:00,0.0
2024-05-21 08:00:00.001000+00:00,0.00019002
2024-05-21 16:00:00+00:00,9.749e-05
2024-05-22 00:00:00+00:00,0.00016951
2024-05-22 08:00:00+00:00,0.00015829
2024-05-22 16:00:00+00:00,0.0001546
2024-05-23 00:00:00+00:00,0.00010082
2024-05-23 08:00:00+00:00,0.00014596
2024-05-23 16:00:00+00:00,0.0
2024-05-24 00:00:00+00:00,0.0
2024-05-24 08:00:00+00:00,4.49e-06
2024-05-24 16:00:00+00:00,0.0
2024-05-25 00:00:00+00:00,0.0
2024-05-25 08:00:00+00:00,0.0
2024-05-25 16:00:00+00:00,0.0
2024-05-26 00:00:00+00:00,0.0
2024-05-26 08:00:00+00:00,8.753e-05
2024-05-26 16:00:00+00:00,0.0
2024-05-27 00:00:00+00:00,7.614e-05
2024-05-27 08:00:00+00:00,0.0001094
2024-05-27 16:00:00+00:00,0.00019809
2024-05-28 00:00:00+00:00,0.00017805
2024-05-28 08:00:00+00:00,0.0
2024-05-28 16:00:00+00:00,0.0
2024-05-29 00:00:00.001000+00:00,7.405e-05
2024-05-29 08:00:00+00:00,5.977e-05
2024-05-29 16:00:00+00:00,8.769e-05
2024-05-30 00:00:00+00:00,0.0
2024-05-30 08:00:00+00:00,0.0
2024-05-30 16:00:00+00:00,0.0
2024-05-31 00:00:00+00:00,2.222e-05
2024-05-31 08:00:00+00:00,0.0
2024-05-31 16:00:00+00:00,7.882e-05
2024-06-01 00:00:00+00:00,0.00019589
2024-06-01 08:00:00+00:00,0.00023411
2024-06-01 16:00:00.001000+00:00,0.00013223
2024-06-02 00:00:00+00:00,0.00036939
2024-06-02 08:00:00+00:00,0.00022554
2024-06-02 16:00:00+00:00,0.00011225
2024-06-03 00:00:00+00:00,0.0002004
2024-06-03 08:00:00+00:00,0.00028495
2024-06-03 16:00:00+00:00,0.00013785
2024-06-04 00:00:00+00:00,0.00012196
2024-06-04 08:00:00+00:00,0.00013176
2024-06-04 16:00:00+00:00,0.00019423
2024-06-05 00:00:00+00:00,0.00015839
2024-06-05 08:00:00+00:00,0.00016022
2024-06-05 16:00:00+00:00,0.00020097
2024-06-06 00:00:00+00:00,0.00020144
2024-06-06 08:00:00.008000+00:00,0.00017035
2024-06-06 16:00:00+00:00,8.066e-05
2024-06-07 00:00:00+00:00,4.266e-05
2024-06-07 08:00:00+00:00,0.0
2024-06-07 16:00:00+00:00,0.0
2024-06-08 00:00:00+00:00,0.0
2024-06-08 08:00:00+00:00,0.0
2024-06-08 16:00:00+00:00,0.0
2024-06-09 00:00:00+00:00,0.0
2024-06-09 08:00:00+00:00,0.0
2024-06-09 16:00:00.001000+00:00,0.0
2024-06-10 00:00:00+00:00,0.0
2024-06-10 08:00:00+00:00,0.0
2024-06-10 16:00:00.001000+00:00,0.0
2024-06-11 00:00:00.001000+00:00,0.0
2024-06-11 08:00:00+00:00,0.0
2024-06-11 16:00:00+00:00,0.0
2024-06-12 00:00:00+00:00,0.0
2024-06-12 08:00:00+00:00,0.0
2024-06-12 16:00:00+00:00,-8.99e-06
2024-06-13 00:00:00+00:00,0.0
2024-06-13 08:00:00.001000+00:00,0.0
2024-06-13 16:00:00+00:00,0.0
2024-06-14 00:00:00+00:00,0.0
2024-06-14 08:00:00+00:00,0.0
2024-06-14 16:00:00+00:00,0.0
2024-06-15 00:00:00+00:00,0.0
2024-06-15 08:00:00+00:00,0.0
2024-06-15 16:00:00+00:00,0.0
2024-06-16 00:00:00.001000+00:00,0.0
2024-06-16 08:00:00+00:00,0.0
2024-06-16 16:00:00+00:00,0.0
2024-06-17 00:00:00+00:00,0.0
2024-06-17 08:00:00+00:00,0.0
2024-06-17 16:00:00+00:00,0.0
2024-06-18 00:00:00+00:00,0.0
2024-06-18 08:00:00+00:00,0.0
2024-06-18 16:00:00+00:00,0.0
2024-06-19 00:00:00.001000+00:00,0.0
2024-06-19 08:00:00.001000+00:00,0.0
2024-06-19 16:00:00+00:00,0.0
2024-06-20 00:00:00+00:00,0.0
2024-06-20 08:00:00+00:00,0.0
2024-06-20 16:00:00+00:00,0.0
2024-06-21 00:00:00+00:00,0.0
2024-06-21 08:00:00+00:00,0.0
2024-06-21 16:00:00+00:00,0.0
2024-06-22 00:00:00+00:00,0.0
2024-06-22 08:00:00+00:00,0.0
2024-06-22 16:00:00+00:00,0.0
2024-06-23 00:00:00+00:00,0.0
2024-06-23 08:00:00+00:00,0.0
2024-06-23 16:00:00+00:00,0.0
2024-06-24 00:00:00.002000+00:00,0.0
2024-06-24 08:00:00+00:00,0.0
2024-06-24 16:00:00+00:00,0.0
2024-06-25 00:00:00+00:00,0.0
2024-06-25 08:00:00+00:00,0.0
2024-06-25 16:00:00+00:00,0.0
2024-06-26 00:00:00.002000+00:00,0.0
2024-06-26 08:00:00+00:00,0.0
2024-06-26 16:00:00+00:00,0.0
2024-06-27 00:00:00+00:00,0.0
2024-06-27 08:00:00.001000+00:00,0.0
2024-06-27 16:00:00+00:00,0.0
2024-06-28 00:00:00+00:00,0.0
2024-06-28 08:00:00+00:00,0.0
2024-06-28 16:00:00+00:00,0.0
2024-06-29 00:00:00.001000+00:00,0.0
2024-06-29 08:00:00+00:00,0.0
2024-06-29 16:00:00+00:00,0.0
2024-06-30 00:00:00+00:00,0.0
2024-06-30 08:00:00+00:00,0.0
2024-06-30 16:00:00+00:00,0.0
2024-07-01 00:00:00+00:00,0.0
2024-07-01 08:00:00+00:00,1.551e-05
2024-07-01 16:00:00.001000+00:00,0.0
2024-07-02 00:00:00+00:00,0.0
2024-07-02 08:00:00+00:00,3.136e-05
2024-07-02 16:00:00+00:00,3.97e-06
2024-07-03 00:00:00+00:00,0.00012485
2024-07-03 08:00:00.001000+00:00,1.476e-05
2024-07-03 16:00:00+00:00,0.0
2024-07-04 00:00:00+00:00,0.0
2024-07-04 08:00:00+00:00,0.0
2024-07-04 16:00:00+00:00,0.0
2024-07-05 00:00:00+00:00,0.0
2024-07-05 08:00:00+00:00,0.0
2024-07-05 16:00:00+00:00,0.0
2024-07-06 00:00:00+00:00,0.0
2024-07-06 08:00:00+00:00,0.0
2024-07-06 16:00:00+00:00,0.0
2024-07-07 00:00:00.001000+00:00,0.0
2024-07-07 08:00:00+00:00,0.0
2024-07-07 16:00:00+00:00,0.0
2024-07-08 00:00:00+00:00,0.0
2024-07-08 08:00:00+00:00,0.0
2024-07-08 16:00:00+00:00,0.0
2024-07-09 00:00:00+00:00,0.0
2024-07-09 08:00:00.001000+00:00,0.0
2024-07-09 16:00:00+00:00,0.0
2024-07-10 00:00:00+00:00,0.0
2024-07-10 08:00:00+00:00,0.0
2024-07-10 16:00:00+00:00,0.0
2024-07-11 00:00:00.002000+00:00,0.0
2024-07-11 08:00:00.002000+00:00,0.0
2024-07-11 16:00:00.004000+00:00,0.0
2024-07-12 00:00:00+00:00,0.0
2024-07-12 08:00:00+00:00,0.0
2024-07-12 16:00:00+00:00,0.0
2024-07-13 00:00:00+00:00,0.0
2024-07-13 08:00:00+00:00,0.0
2024-07-13 16:00:00+00:00,0.0
2024-07-14 00:00:00+00:00,0.0
2024-07-14 08:00:00+00:00,0.0
2024-07-14 16:00:00+00:00,0.0
2024-07-15 00:00:00+00:00,0.0
2024-07-15 08:00:00+00:00,0.0
2024-07-15 16:00:00+00:00,0.0
2024-07-16 00:00:00+00:00,0.0
2024-07-16 08:00:00+00:00,0.0
2024-07-16 16:00:00+00:00,0.0
2024-07-17 00:00:00+00:00,0.0
2024-07-17 08:00:00.001000+00:00,0.0
2024-07-17 16:00:00+00:00,0.0
2024-07-18 00:00:00+00:00,0.0
2024-07-18 08:00:00+00:00,0.0
2024-07-18 16:00:00+00:00,0.0
2024-07-19 00:00:00+00:00,0.0
2024-07-19 08:00:00+00:00,0.0
2024-07-19 16:00:00+00:00,0.0
2024-07-20 00:00:00.001000+00:00,0.0
2024-07-20 08:00:00+00:00,0.0
2024-07-20 16:00:00+00:00,0.0
2024-07-21 00:00:00+00:00,0.0
2024-07-21 08:00:00+00:00,0.0
2024-07-21 16:00:00+00:00,0.0
2024-07-22 00:00:00+00:00,0.0
2024-07-22 08:00:00+00:00,0.0
2024-07-22 16:00:00+00:00,0.0
2024-07-23 00:00:00+00:00,0.0
2024-07-23 08:00:00+00:00,0.0
2024-07-23 16:00:00+00:00,0.0
2024-07-24 00:00:00+00:00,0.0
2024-07-24 08:00:00+00:00,0.0
2024-07-24 16:00:00+00:00,0.0
2024-07-25 00:00:00+00:00,0.0
2024-07-25 08:00:00+00:00,0.0
2024-07-25 16:00:00+00:00,0.0
2024-07-26 00:00:00+00:00,0.0
2024-07-26 08:00:00+00:00,0.0
2024-07-26 16:00:00+00:00,0.0
2024-07-27 00:00:00+00:00,0.0
2024-07-27 08:00:00+00:00,0.0
2024-07-27 16:00:00+00:00,0.0
2024-07-28 00:00:00+00:00,0.0
2024-07-28 08:00:00+00:00,0.0
2024-07-28 16:00:00.001000+00:00,0.0
2024-07-29 00:00:00.001000+00:00,0.0
2024-07-29 08:00:00+00:00,1.232e-05
2024-07-29 16:00:00.001000+00:00,5.116e-05
2024-07-30 00:00:00+00:00,0.0
2024-07-30 08:00:00.001000+00:00,0.0
2024-07-30 16:00:00+00:00,0.0
2024-07-31 00:00:00+00:00,0.0
2024-07-31 08:00:00+00:00,2.973e-05
2024-07-31 16:00:00+00:00,6.57e-06
2024-08-01 00:00:00+00:00,2.4e-07
2024-08-01 08:00:00+00:00,0.0
2024-08-01 16:00:00+00:00,1.797e-05
2024-08-02 00:00:00+00:00,0.0
2024-08-02 08:00:00.001000+00:00,1.397e-05
2024-08-02 16:00:00+00:00,0.0
2024-08-03 00:00:00+00:00,0.0
2024-08-03 08:00:00+00:00,0.0
2024-08-03 16:00:00.001000+00:00,0.0
2024-08-04 00:00:00+00:00,0.0
2024-08-04 08:00:00+00:00,0.0
2024-08-04 16:00:00+00:00,0.0
2024-08-05 00:00:00+00:00,0.0
2024-08-05 08:00:00+00:00,0.0
2024-08-05 16:00:00+00:00,0.0
2024-08-06 00:00:00+00:00,0.0
2024-08-06 08:00:00+00:00,-0.00010267
2024-08-06 16:00:00+00:00,0.0
2024-08-07 00:00:00+00:00,0.0
2024-08-07 08:00:00.001000+00:00,0.0
2024-08-07 16:00:00+00:00,0.0
2024-08-08 00:00:00.001000+00:00,0.0
2024-08-08 08:00:00+00:00,0.0
2024-08-08 16:00:00+00:00,0.0
2024-08-09 00:00:00+00:00,0.0
2024-08-09 08:00:00+00:00,0.0
2024-08-09 16:00:00+00:00,0.0
2024-08-10 00:00:00+00:00,0.0
2024-08-10 08:00:00+00:00,0.0
2024-08-10 16:00:00+00:00,0.0
2024-08-11 00:00:00+00:00,0.0
2024-08-11 08:00:00+00:00,0.0
2024-08-11 16:00:00.001000+00:00,0.0
2024-08-12 00:00:00+00:00,0.0
2024-08-12 08:00:00+00:00,0.0
2024-08-12 16:00:00+00:00,0.0
2024-08-13 00:00:00+00:00,0.0
2024-08-13 08:00:00+00:00,0.0
2024-08-13 16:00:00+00:00,0.0
2024-08-14 00:00:00+00:00,0.0
2024-08-14 08:00:00+00:00,0.0
2024-08-14 16:00:00+00:00,0.0
2024-08-15 00:00:00+00:00,0.0
2024-08-15 08:00:00+00:00,0.0
2024-08-15 16:00:00+00:00,0.0
2024-08-16 00:00:00+00:00,0.0
2024-08-16 08:00:00+00:00,0.0
2024-08-16 16:00:00+00:00,-6.462e-05
2024-08-17 00:00:00+00:00,-1.124e-05
2024-08-17 08:00:00+00:00,0.0
2024-08-17 16:00:00+00:00,0.0
2024-08-18 00:00:00+00:00,0.0
2024-08-18 08:00:00+00:00,0.0
2024-08-18 16:00:00+00:00,0.0
2024-08-19 00:00:00+00:00,0.0
2024-08-19 08:00:00+00:00,0.0
2024-08-19 16:00:00.002000+00:00,0.0
2024-08-20 00:00:00+00:00,0.0
2024-08-20 08:00:00+00:00,0.0
2024-08-20 16:00:00.001000+00:00,0.0
2024-08-21 00:00:00.001000+00:00,0.0
2024-08-21 08:00:00+00:00,0.0
2024-08-21 16:00:00.001000+00:00,0.0
2024-08-22 00:00:00+00:00,-8.055e-05
2024-08-22 08:00:00+00:00,0.0
2024-08-22 16:00:00.008000+00:00,0.0
2024-08-23 00:00:00+00:00,-0.00020609
2024-08-23 08:00:00+00:00,-0.00016127
2024-08-23 16:00:00+00:00,-0.00025172
2024-08-24 00:00:00+00:00,-0.00033776
2024-08-24 08:00:00.005000+00:00,0.0
2024-08-24 16:00:00+00:00,-0.00025018
2024-08-25 00:00:00+00:00,-0.00017985
2024-08-25 08:00:00+00:00,-0.00018285
2024-08-25 16:00:00+00:00,0.0
2024-08-26 00:00:00+00:00,-6.6e-07
2024-08-26 08:00:00.001000+00:00,0.0
2024-08-26 16:00:00+00:00,0.0
2024-08-27 00:00:00.001000+00:00,0.0
2024-08-27 08:00:00+00:00,0.0
2024-08-27 16:00:00+00:00,0.0
2024-08-28 00:00:00+00:00,0.0
2024-08-28 08:00:00+00:00,0.0
2024-08-28 16:00:00.001000+00:00,0.0
2024-08-29 00:00:00+00:00,0.0
2024-08-29 08:00:00.001000+00:00,0.0
2024-08-29 16:00:00+00:00,0.0
2024-08-30 00:00:00+00:00,0.0
2024-08-30 08:00:00+00:00,0.0
2024-08-30 16:00:00+00:00,0.0
2024-08-31 00:00:00+00:00,0.0
2024-08-31 08:00:00+00:00,0.0
2024-08-31 16:00:00+00:00,0.0
2024-09-01 00:00:00+00:00,0.0
2024-09-01 08:00:00.001000+00:00,0.0
2024-09-01 16:00:00+00:00,-5.365e-05
2024-09-02 00:00:00.001000+00:00,0.0
2024-09-02 08:00:00.001000+00:00,0.0
2024-09-02 16:00:00+00:00,0.0
2024-09-03 00:00:00+00:00,0.0
2024-09-03 08:00:00.001000+00:00,0.0
2024-09-03 16:00:00+00:00,0.0
2024-09-04 00:00:00+00:00,0.0
2024-09-04 08:00:00+00:00,0.0
2024-09-04 16:00:00+00:00,0.0
2024-09-05 00:00:00+00:00,0.0
2024-09-05 08:00:00+00:00,0.0
2024-09-05 16:00:00.005000+00:00,0.0
2024-09-06 00:00:00+00:00,0.0
2024-09-06 08:00:00.001000+00:00,0.0
2024-09-06 16:00:00+00:00,0.0
2024-09-07 00:00:00+00:00,0.0
2024-09-07 08:00:00+00:00,0.0
2024-09-07 16:00:00+00:00,0.0
2024-09-08 00:00:00+00:00,0.0
2024-09-08 08:00:00+00:00,0.0
2024-09-08 16:00:00+00:00,0.0
2024-09-09 00:00:00+00:00,0.0
2024-09-09 08:00:00+00:00,0.0
2024-09-09 16:00:00.001000+00:00,0.0
2024-09-10 00:00:00+00:00,3.94e-06
2024-09-10 08:00:00+00:00,0.0
2024-09-10 16:00:00+00:00,0.0
2024-09-11 00:00:00+00:00,0.0
2024-09-11 08:00:00+00:00,0.0
2024-09-11 16:00:00+00:00,0.0
2024-09-12 00:00:00+00:00,0.0
2024-09-12 08:00:00+00:00,0.0
2024-09-12 16:00:00+00:00,0.0
2024-09-13 00:00:00+00:00,0.0
2024-09-13 08:00:00.001000+00:00,0.0
2024-09-13 16:00:00.001000+00:00,0.0
2024-09-14 00:00:00+00:00,0.0
2024-09-14 08:00:00+00:00,0.0
2024-09-14 16:00:00.001000+00:00,0.0
2024-09-15 00:00:00+00:00,0.0
2024-09-15 08:00:00+00:00,0.0
2024-09-15 16:00:00+00:00,0.0
2024-09-16 00:00:00+00:00,0.0
2024-09-16 08:00:00.001000+00:00,-0.00014697
2024-09-16 16:00:00+00:00,-3.343e-05
2024-09-17 00:00:00.001000+00:00,-0.00015539
2024-09-17 08:00:00+00:00,-9.55e-06
2024-09-17 16:00:00+00:00,-0.00012454
2024-09-18 00:00:00+00:00,-0.00011651
2024-09-18 08:00:00+00:00,-0.00012655
2024-09-18 16:00:00.004000+00:00,-3.002e-05
2024-09-19 00:00:00+00:00,-2.078e-05
2024-09-19 08:00:00+00:00,0.0
2024-09-19 16:00:00.001000+00:00,-0.00035746
2024-09-20 00:00:00+00:00,-7.39e-05
2024-09-20 08:00:00.001000+00:00,0.0
2024-09-20 16:00:00+00:00,0.0
2024-09-21 00:00:00.001000+00:00,0.0
2024-09-21 08:00:00+00:00,0.0
2024-09-21 16:00:00+00:00,0.0
2024-09-22 00:00:00+00:00,0.0
2024-09-22 08:00:00+00:00,0.0
2024-09-22 16:00:00+00:00,0.0
2024-09-23 00:00:00+00:00,0.0
2024-09-23 08:00:00+00:00,0.0
2024-09-23 16:00:00+00:00,0.0
2024-09-24 00:00:00+00:00,6.712e-05
2024-09-24 08:00:00+00:00,0.0
2024-09-24 16:00:00.001000+00:00,0.0
2024-09-25 00:00:00+00:00,0.0
2024-09-25 08:00:00.003000+00:00,0.0
2024-09-25 16:00:00+00:00,0.0
2024-09-26 00:00:00.005000+00:00,0.0
2024-09-26 08:00:00+00:00,0.0
2024-09-26 16:00:00+00:00,0.0
2024-09-27 00:00:00+00:00,0.0
2024-09-27 08:00:00+00:00,0.0
2024-09-27 16:00:00+00:00,0.0
2024-09-28 00:00:00+00:00,0.0
2024-09-28 08:00:00.001000+00:00,5.223e-05
2024-09-28 16:00:00+00:00,0.0
2024-09-29 00:00:00.001000+00:00,0.0
2024-09-29 08:00:00+00:00,0.0
2024-09-29 16:00:00+00:00,0.0
2024-09-30 00:00:00+00:00,0.0
2024-09-30 08:00:00.001000+00:00,0.0
2024-09-30 16:00:00+00:00,0.0
2024-10-01 00:00:00+00:00,0.0
2024-10-01 08:00:00+00:00,0.0
2024-10-01 16:00:00.001000+00:00,0.0
2024-10-02 00:00:00+00:00,-2.629e-05
2024-10-02 08:00:00+00:00,0.0
2024-10-02 16:00:00+00:00,0.0
2024-10-03 00:00:00+00:00,0.0
2024-10-03 08:00:00+00:00,0.0
2024-10-03 16:00:00+00:00,-0.00013994
2024-10-04 00:00:00+00:00,0.0
2024-10-04 08:00:00+00:00,0.0
2024-10-04 16:00:00.001000+00:00,0.0
2024-10-05 00:00:00+00:00,0.0
2024-10-05 08:00:00+00:00,0.0
2024-10-05 16:00:00+00:00,0.0
2024-10-06 00:00:00+00:00,0.0
2024-10-06 08:00:00.001000+00:00,0.0
2024-10-06 16:00:00+00:00,0.0
2024-10-07 00:00:00+00:00,0.0
2024-10-07 08:00:00+00:00,0.0
2024-10-07 16:00:00.001000+00:00,0.0
2024-10-08 00:00:00+00:00,0.0
2024-10-08 08:00:00+00:00,0.0
2024-10-08 16:00:00+00:00,0.0
2024-10-09 00:00:00+00:00,-0.00037285
2024-10-09 08:00:00+00:00,-0.00055575
2024-10-09 16:00:00+00:00,-0.00031397
2024-10-10 00:00:00+00:00,-7.384e-05
2024-10-10 08:00:00+00:00,-9.86e-05
2024-10-10 16:00:00+00:00,-0.0001291
2024-10-11 00:00:00+00:00,-0.00015143
2024-10-11 08:00:00+00:00,0.0
2024-10-11 16:00:00.001000+00:00,0.0
2024-10-12 00:00:00+00:00,0.0
2024-10-12 08:00:00.001000+00:00,0.0
2024-10-12 16:00:00+00:00,0.0
2024-10-13 00:00:00+00:00,0.0
2024-10-13 08:00:00+00:00,0.0
2024-10-13 16:00:00+00:00,0.0
2024-10-14 00:00:00+00:00,0.0
2024-10-14 08:00:00+00:00,0.0
2024-10-14 16:00:00+00:00,0.0
2024-10-15 00:00:00+00:00,0.0
2024-10-15 08:00:00+00:00,6.46e-05
2024-10-15 16:00:00+00:00,1.914e-05
2024-10-16 00:00:00+00:00,6.645e-05
2024-10-16 08:00:00.001000+00:00,3.157e-05
2024-10-16 16:00:00+00:00,0.0
2024-10-17 00:00:00+00:00,0.0
2024-10-17 08:00:00+00:00,0.0
2024-10-17 16:00:00.001000+00:00,0.0
2024-10-18 00:00:00.010000+00:00,0.0
2024-10-18 08:00:00.001000+00:00,0.0
2024-10-18 16:00:00+00:00,0.0
2024-10-19 00:00:00+00:00,0.0
2024-10-19 08:00:00+00:00,0.0
2024-10-19 16:00:00+00:00,0.0
2024-10-20 00:00:00+00:00,0.0
2024-10-20 08:00:00+00:00,0.0
2024-10-20 16:00:00+00:00,0.0
2024-10-21 00:00:00+00:00,0.0
2024-10-21 08:00:00+00:00,0.00016124
2024-10-21 16:00:00+00:00,0.0
2024-10-22 00:00:00+00:00,0.0
2024-10-22 08:00:00+00:00,0.0
2024-10-22 16:00:00+00:00,0.0
2024-10-23 00:00:00+00:00,0.0
2024-10-23 08:00:00+00:00,0.0
2024-10-23 16:00:00+00:00,0.0
2024-10-24 00:00:00+00:00,0.0
2024-10-24 08:00:00+00:00,0.0
2024-10-24 16:00:00+00:00,0.0
2024-10-25 00:00:00+00:00,0.0
2024-10-25 08:00:00+00:00,0.0
2024-10-25 16:00:00+00:00,0.0
2024-10-26 00:00:00+00:00,0.0
2024-10-26 08:00:00.001000+00:00,0.0
2024-10-26 16:00:00+00:00,0.0
2024-10-27 00:00:00+00:00,0.0
2024-10-27 08:00:00+00:00,0.0
2024-10-27 16:00:00+00:00,0.0
2024-10-28 00:00:00+00:00,0.0
2024-10-28 08:00:00.001000+00:00,0.0
2024-10-28 16:00:00+00:00,0.0
2024-10-29 00:00:00+00:00,0.0
2024-10-29 08:00:00+00:00,4.545e-05
2024-10-29 16:00:00.004000+00:00,0.0
2024-10-30 00:00:00+00:00,0.0002239
2024-10-30 08:00:00+00:00,0.00014298
2024-10-30 16:00:00.013000+00:00,0.0
2024-10-31 00:00:00+00:00,7.648e-05
2024-10-31 08:00:00+00:00,3.528e-05
2024-10-31 16:00:00+00:00,0.0
2024-11-01 00:00:00+00:00,0.0
2024-11-01 08:00:00+00:00,0.0
2024-11-01 16:00:00+00:00,0.0
2024-11-02 00:00:00+00:00,0.0
2024-11-02 08:00:00+00:00,0.0
2024-11-02 16:00:00+00:00,0.0
2024-11-03 00:00:00+00:00,0.0
2024-11-03 08:00:00+00:00,0.0
2024-11-03 16:00:00+00:00,0.0
2024-11-04 00:00:00+00:00,0.0
2024-11-04 08:00:00+00:00,0.0
2024-11-04 16:00:00+00:00,0.0
2024-11-05 00:00:00+00:00,0.0
2024-11-05 08:00:00.003000+00:00,0.0
2024-11-05 16:00:00.001000+00:00,0.0
2024-11-06 00:00:00+00:00,0.0
2024-11-06 08:00:00+00:00,2.834e-05
2024-11-06 16:00:00+00:00,7.705e-05
2024-11-07 00:00:00+00:00,4.19e-05
2024-11-07 08:00:00+00:00,0.00027164
2024-11-07 16:00:00+00:00,9.543e-05
2024-11-08 00:00:00+00:00,0.00013806
2024-11-08 08:00:00+00:00,0.00012525
2024-11-08 16:00:00+00:00,0.00012741
2024-11-09 00:00:00+00:00,0.00014585
2024-11-09 08:00:00+00:00,0.00018785
2024-11-09 16:00:00+00:00,0.00015914
2024-11-10 00:00:00+00:00,9.947e-05
2024-11-10 08:00:00+00:00,0.00029165
2024-11-10 16:00:00+00:00,0.00039432
2024-11-11 00:00:00.001000+00:00,0.00025293
2024-11-11 08:00:00+00:00,0.00019878
2024-11-11 16:00:00+00:00,0.00021978
2024-11-12 00:00:00.002000+00:00,0.0004155
2024-11-12 08:00:00+00:00,0.00042666
2024-11-12 16:00:00+00:00,0.00029213
2024-11-13 00:00:00+00:00,0.00015032
2024-11-13 08:00:00.010000+00:00,9.601e-05
2024-11-13 16:00:00+00:00,0.0001672
2024-11-14 00:00:00.001000+00:00,0.00010701
2024-11-14 08:00:00+00:00,0.00015621
2024-11-14 16:00:00+00:00,0.0
2024-11-15 00:00:00+00:00,2.259e-05
2024-11-15 08:00:00+00:00,0.0
2024-11-15 16:00:00+00:00,0.0
2024-11-16 00:00:00.001000+00:00,0.0
2024-11-16 08:00:00.001000+00:00,0.00014634
2024-11-16 16:00:00+00:00,0.00011027
2024-11-17 00:00:00+00:00,0.00010792
2024-11-17 08:00:00+00:00,0.0
2024-11-17 16:00:00.001000+00:00,6.84e-06
2024-11-18 00:00:00+00:00,0.0
2024-11-18 08:00:00+00:00,7.4e-06
2024-11-18 16:00:00+00:00,0.0
2024-11-19 00:00:00+00:00,0.00010006
2024-11-19 08:00:00+00:00,0.00020322
2024-11-19 16:00:00+00:00,0.00021252
2024-11-20 00:00:00.003000+00:00,0.00017739
2024-11-20 08:00:00+00:00,0.00015552
2024-11-20 16:00:00+00:00,0.00013045
2024-11-21 00:00:00.001000+00:00,7.61e-05
2024-11-21 08:00:00+00:00,0.0001129
2024-11-21 16:00:00.001000+00:00,0.00018601
2024-11-22 00:00:00+00:00,0.00026039
2024-11-22 08:00:00+00:00,0.00022074
2024-11-22 16:00:00.001000+00:00,0.00025697
2024-11-23 00:00:00+00:00,0.00025849
2024-11-23 08:00:00+00:00,0.00031409
2024-11-23 16:00:00+00:00,0.00026825
2024-11-24 00:00:00.001000+00:00,0.00027182
2024-11-24 08:00:00+00:00,0.00023194
2024-11-24 16:00:00+00:00,0.00027586
2024-11-25 00:00:00+00:00,0.00016463
2024-11-25 08:00:00+00:00,0.00023382
2024-11-25 16:00:00+00:00,0.00017218
2024-11-26 00:00:00+00:00,0.00019876
2024-11-26 08:00:00+00:00,0.00021015
2024-11-26 16:00:00+00:00,0.00013059
2024-11-27 00:00:00+00:00,0.00014198
2024-11-27 08:00:00+00:00,0.0001679
2024-11-27 16:00:00.001000+00:00,0.00018095
2024-11-28 00:00:00+00:00,0.00025048
2024-11-28 08:00:00+00:00,0.00029079
2024-11-28 16:00:00+00:00,0.00016874
2024-11-29 00:00:00+00:00,0.00025917
2024-11-29 08:00:00+00:00,0.00017784
2024-11-29 16:00:00+00:00,0.00023522
2024-11-30 00:00:00+00:00,0.00025161
2024-11-30 08:00:00+00:00,0.00028198
2024-11-30 16:00:00+00:00,0.00017695
2024-12-01 00:00:00+00:00,0.00020315
2024-12-01 08:00:00+00:00,0.00023081
2024-12-01 16:00:00+00:00,0.00025892
2024-12-02 00:00:00.001000+00:00,0.00034152
2024-12-02 08:00:00.001000+00:00,0.00025785
2024-12-02 16:00:00+00:00,0.00031152
2024-12-03 00:00:00+00:00,0.00036686
2024-12-03 08:00:00+00:00,0.00043533
2024-12-03 16:00:00+00:00,0.0002647
2024-12-04 00:00:00+00:00,0.00027322
2024-12-04 08:00:00+00:00,0.00025819
2024-12-04 16:00:00+00:00,0.00030723
2024-12-05 00:00:00.001000+00:00,0.00042947
2024-12-05 08:00:00+00:00,0.00038805
2024-12-05 16:00:00+00:00,0.00034913
2024-12-06 00:00:00+00:00,0.00028199
2024-12-06 08:00:00+00:00,0.00024535
2024-12-06 16:00:00+00:00,0.00018233
2024-12-07 00:00:00+00:00,0.00033562
2024-12-07 08:00:00+00:00,0.00024332
2024-12-07 16:00:00+00:00,0.00029675
2024-12-08 00:00:00+00:00,0.00019104
2024-12-08 08:00:00+00:00,0.00025929
2024-12-08 16:00:00+00:00,0.00012175
2024-12-09 00:00:00+00:00,0.0002588
2024-12-09 08:00:00+00:00,0.00017589
2024-12-09 16:00:00.001000+00:00,0.00021516
2024-12-10 00:00:00.007000+00:00,0.0
2024-12-10 08:00:00+00:00,9.225e-05
2024-12-10 16:00:00+00:00,5.529e-05
2024-12-11 00:00:00+00:00,7.477e-05
2024-12-11 08:00:00+00:00,6.03e-05
2024-12-11 16:00:00.001000+00:00,7.029e-05
2024-12-12 00:00:00.001000+00:00,8.003e-05
2024-12-12 08:00:00+00:00,3.327e-05
2024-12-12 16:00:00.001000+00:00,1.34e-05
2024-12-13 00:00:00+00:00,8.474e-05
2024-12-13 08:00:00+00:00,0.00010016
2024-12-13 16:00:00.001000+00:00,0.0
2024-12-14 00:00:00+00:00,0.0
2024-12-14 08:00:00+00:00,0.0
2024-12-14 16:00:00+00:00,0.0
2024-12-15 00:00:00+00:00,0.0
2024-12-15 08:00:00+00:00,0.0
2024-12-15 16:00:00+00:00,0.0
2024-12-16 00:00:00+00:00,0.0
2024-12-16 08:00:00.001000+00:00,0.0001529
2024-12-16 16:00:00+00:00,0.00010698
2024-12-17 00:00:00+00:00,0.00013724
2024-12-17 08:00:00+00:00,6.707e-05
2024-12-17 16:00:00+00:00,7.89e-05
2024-12-18 00:00:00+00:00,2.2e-05
2024-12-18 08:00:00+00:00,0.0
2024-12-18 16:00:00+00:00,1.563e-05
2024-12-19 00:00:00+00:00,0.0
2024-12-19 08:00:00+00:00,0.0
2024-12-19 16:00:00+00:00,0.0
2024-12-20 00:00:00+00:00,0.0
2024-12-20 08:00:00.001000+00:00,0.0
2024-12-20 16:00:00.014000+00:00,-1.1e-05
2024-12-21 00:00:00+00:00,0.0
2024-12-21 08:00:00+00:00,0.0
2024-12-21 16:00:00.001000+00:00,0.0
2024-12-22 00:00:00+00:00,0.0
2024-12-22 08:00:00+00:00,0.0
2024-12-22 16:00:00+00:00,0.0
2024-12-23 00:00:00+00:00,0.0
2024-12-23 08:00:00+00:00,0.0
2024-12-23 16:00:00.001000+00:00,-0.00011832
2024-12-24 00:00:00+00:00,-0.00024217
2024-12-24 08:00:00+00:00,-0.00012634
2024-12-24 16:00:00.001000+00:00,0.0
2024-12-25 00:00:00.001000+00:00,-8.695e-05
2024-12-25 08:00:00+00:00,0.0
2024-12-25 16:00:00+00:00,0.0
2024-12-26 00:00:00+00:00,-8.85e-06
2024-12-26 08:00:00+00:00,0.0
2024-12-26 16:00:00+00:00,-0.00031562
2024-12-27 00:00:00+00:00,-0.00016697
2024-12-27 08:00:00+00:00,-0.00011848
2024-12-27 16:00:00+00:00,0.0
2024-12-28 00:00:00.001000+00:00,0.0
2024-12-28 08:00:00+00:00,0.0
2024-12-28 16:00:00+00:00,0.0
2024-12-29 00:00:00+00:00,0.0
2024-12-29 08:00:00+00:00,0.0
2024-12-29 16:00:00+00:00,0.0
2024-12-30 00:00:00+00:00,0.0
2024-12-30 08:00:00.001000+00:00,-7.761e-05
2024-12-30 16:00:00+00:00,0.0
2024-12-31 00:00:00+00:00,0.0
2024-12-31 08:00:00+00:00,-1.412e-05
2024-12-31 16:00:00+00:00,-3.674e-05
2025-01-01 00:00:00.015000+00:00,0.0
2025-01-01 08:00:00+00:00,0.0
2025-01-01 16:00:00.001000+00:00,0.0
2025-01-02 00:00:00+00:00,-0.0001709
2025-01-02 08:00:00.006000+00:00,0.0
2025-01-02 16:00:00+00:00,0.0
2025-01-03 00:00:00+00:00,0.0
2025-01-03 08:00:00+00:00,0.0
2025-01-03 16:00:00+00:00,0.0
2025-01-04 00:00:00+00:00,0.0
2025-01-04 08:00:00+00:00,0.0
2025-01-04 16:00:00+00:00,0.0
2025-01-05 00:00:00+00:00,0.0
2025-01-05 08:00:00+00:00,0.0
2025-01-05 16:00:00+00:00,0.0
2025-01-06 00:00:00+00:00,0.0
2025-01-06 08:00:00.001000+00:00,0.0
2025-01-06 16:00:00+00:00,0.0
2025-01-07 00:00:00+00:00,9.183e-05
2025-01-07 08:00:00+00:00,0.0
2025-01-07 16:00:00.008000+00:00,-7.515e-05
2025-01-08 00:00:00.001000+00:00,-0.00097361
2025-01-08 08:00:00+00:00,-0.00038843
2025-01-08 16:00:00+00:00,-5.393e-05
2025-01-09 00:00:00+00:00,-0.00020205
2025-01-09 08:00:00+00:00,-2.644e-05
2025-01-09 16:00:00+00:00,-6.041e-05
2025-01-10 00:00:00+00:00,-0.00046329
2025-01-10 08:00:00+00:00,-0.00028026
2025-01-10 16:00:00+00:00,0.0
2025-01-11 00:00:00+00:00,0.0
2025-01-11 08:00:00+00:00,0.0
2025-01-11 16:00:00+00:00,0.0
2025-01-12 00:00:00+00:00,0.0
2025-01-12 08:00:00+00:00,0.0
2025-01-12 16:00:00+00:00,-5.64e-05
2025-01-13 00:00:00+00:00,0.0
2025-01-13 08:00:00+00:00,-0.00038994
2025-01-13 16:00:00+00:00,-0.00056181
2025-01-14 00:00:00+00:00,0.0
2025-01-14 08:00:00+00:00,0.0
2025-01-14 16:00:00+00:00,0.0
2025-01-15 00:00:00+00:00,0.0
2025-01-15 08:00:00+00:00,0.0
2025-01-15 16:00:00+00:00,0.0
2025-01-16 00:00:00+00:00,0.0
2025-01-16 08:00:00+00:00,0.0
2025-01-16 16:00:00+00:00,0.0
2025-01-17 00:00:00.004000+00:00,0.0
2025-01-17 08:00:00+00:00,3.588e-05
2025-01-17 16:00:00.008000+00:00,0.0
2025-01-18 00:00:00+00:00,0.0
2025-01-18 08:00:00.007000+00:00,0.0
2025-01-18 16:00:00+00:00,0.0
2025-01-19 00:00:00+00:00,0.0
2025-01-19 08:00:00+00:00,0.00014009
2025-01-19 16:00:00+00:00,7.785e-05
2025-01-20 00:00:00+00:00,3.183e-05
2025-01-20 08:00:00.009000+00:00,0.00012056
2025-01-20 16:00:00+00:00,0.00010734
2025-01-21 00:00:00+00:00,8.84e-06
2025-01-21 08:00:00+00:00,5.365e-05
2025-01-21 16:00:00+00:00,9.555e-05
2025-01-22 00:00:00+00:00,0.00011414
2025-01-22 08:00:00+00:00,0.0
2025-01-22 16:00:00+00:00,0.0
2025-01-23 00:00:00.001000+00:00,7.186e-05
2025-01-23 08:00:00+00:00,3.16e-06
2025-01-23 16:00:00+00:00,0.0
2025-01-24 00:00:00+00:00,0.0
2025-01-24 08:00:00+00:00,8.366e-05
2025-01-24 16:00:00+00:00,0.0
2025-01-25 00:00:00+00:00,0.0
2025-01-25 08:00:00+00:00,0.0
2025-01-25 16:00:00.001000+00:00,8.692e-05
2025-01-26 00:00:00+00:00,7.393e-05
2025-01-26 08:00:00+00:00,0.0
2025-01-26 16:00:00+00:00,0.0
2025-01-27 00:00:00+00:00,0.0
2025-01-27 08:00:00+00:00,-0.00011806
2025-01-27 16:00:00+00:00,0.0
2025-01-28 00:00:00+00:00,0.0
2025-01-28 08:00:00+00:00,0.0
2025-01-28 16:00:00+00:00,0.0
2025-01-29 00:00:00+00:00,0.0
2025-01-29 08:00:00+00:00,0.0
2025-01-29 16:00:00+00:00,0.0
2025-01-30 00:00:00+00:00,0.0
2025-01-30 08:00:00+00:00,0.0
2025-01-30 16:00:00+00:00,0.0
2025-01-31 00:00:00+00:00,0.0
2025-01-31 08:00:00+00:00,0.0
2025-01-31 16:00:00+00:00,0.0
2025-02-01 00:00:00+00:00,0.0
2025-02-01 08:00:00+00:00,6.065e-05
2025-02-01 16:00:00+00:00,0.0
2025-02-02 00:00:00.001000+00:00,0.0
2025-02-02 08:00:00+00:00,0.0
2025-02-02 16:00:00+00:00,0.0
2025-02-03 00:00:00+00:00,0.0
2025-02-03 08:00:00+00:00,0.0
2025-02-03 16:00:00+00:00,0.0
2025-02-04 00:00:00+00:00,0.0
2025-02-04 08:00:00.001000+00:00,0.0
2025-02-04 16:00:00+00:00,0.0
2025-02-05 00:00:00.001000+00:00,0.0
2025-02-05 08:00:00.001000+00:00,0.0
2025-02-05 16:00:00+00:00,0.0
2025-02-06 00:00:00.001000+00:00,0.0
2025-02-06 08:00:00.001000+00:00,0.0
2025-02-06 16:00:00+00:00,-1.062e-05
2025-02-07 00:00:00+00:00,-7.517e-05
2025-02-07 08:00:00+00:00,-9.676e-05
2025-02-07 16:00:00+00:00,0.0
2025-02-08 00:00:00+00:00,0.0
2025-02-08 08:00:00+00:00,0.0
2025-02-08 16:00:00+00:00,0.0
2025-02-09 00:00:00+00:00,-4.891e-05
2025-02-09 08:00:00+00:00,-0.00035055
2025-02-09 16:00:00+00:00,-4.112e-05
2025-02-10 00:00:00+00:00,0.0
2025-02-10 08:00:00+00:00,0.0
2025-02-10 16:00:00+00:00,0.0
2025-02-11 00:00:00+00:00,0.0
2025-02-11 08:00:00+00:00,0.0
2025-02-11 16:00:00+00:00,0.0
2025-02-12 00:00:00+00:00,-0.00014838
2025-02-12 08:00:00+00:00,0.0
2025-02-12 16:00:00.001000+00:00,0.0
2025-02-13 00:00:00.001000+00:00,0.0
2025-02-13 08:00:00+00:00,0.0
2025-02-13 16:00:00.001000+00:00,-0.00055066
2025-02-14 00:00:00+00:00,0.0
2025-02-14 08:00:00.001000+00:00,0.0
2025-02-14 16:00:00+00:00,-5.277e-05
2025-02-15 00:00:00+00:00,-0.00010519
2025-02-15 08:00:00+00:00,0.0
2025-02-15 16:00:00+00:00,-8.377e-05
2025-02-16 00:00:00+00:00,0.0
2025-02-16 08:00:00+00:00,-4.157e-05
2025-02-16 16:00:00+00:00,-0.00035333
2025-02-17 00:00:00+00:00,-0.00014472
2025-02-17 08:00:00+00:00,0.0
2025-02-17 16:00:00+00:00,-0.0001797
2025-02-18 00:00:00+00:00,-4.687e-05
2025-02-18 08:00:00+00:00,-7.162e-05
2025-02-18 16:00:00+00:00,-7.734e-05
2025-02-19 00:00:00+00:00,0.0
2025-02-19 08:00:00+00:00,0.0
2025-02-19 16:00:00+00:00,-0.00018423
2025-02-20 00:00:00+00:00,0.0
2025-02-20 08:00:00+00:00,-2.058e-05
2025-02-20 16:00:00+00:00,-0.00010928
2025-02-21 00:00:00.001000+00:00,0.0
2025-02-21 08:00:00+00:00,-0.00011679
2025-02-21 16:00:00+00:00,-0.00040529
2025-02-22 00:00:00+00:00,-0.00036429
2025-02-22 08:00:00+00:00,-9.168e-05
2025-02-22 16:00:00+00:00,-8.452e-05
2025-02-23 00:00:00+00:00,-7.381e-05
2025-02-23 08:00:00+00:00,-0.00020784
2025-02-23 16:00:00+00:00,-8.545e-05
2025-02-24 00:00:00+00:00,-0.00052382
2025-02-24 08:00:00+00:00,-0.00010661
2025-02-24 16:00:00+00:00,0.0
2025-02-25 00:00:00+00:00,-1.384e-05
2025-02-25 08:00:00+00:00,0.0
2025-02-25 16:00:00+00:00,-3.019e-05
2025-02-26 00:00:00+00:00,-0.00033883
2025-02-26 08:00:00+00:00,-0.00017781
2025-02-26 16:00:00+00:00,-3.69e-05
2025-02-27 00:00:00.001000+00:00,0.0
2025-02-27 08:00:00+00:00,0.0
2025-02-27 16:00:00+00:00,0.0
2025-02-28 00:00:00.001000+00:00,-4.567e-05
2025-02-28 08:00:00+00:00,-6.34e-06
2025-02-28 16:00:00+00:00,-0.00010522
2025-03-01 00:00:00+00:00,0.0
2025-03-01 08:00:00+00:00,-0.00018016
2025-03-01 16:00:00.001000+00:00,-0.00036277
2025-03-02 00:00:00+00:00,-0.00025537
2025-03-02 08:00:00+00:00,-1.752e-05
2025-03-02 16:00:00+00:00,0.0
2025-03-03 00:00:00.001000+00:00,0.0
2025-03-03 08:00:00+00:00,0.0
2025-03-03 16:00:00+00:00,-0.00027543
2025-03-04 00:00:00.001000+00:00,-0.00018834
2025-03-04 08:00:00.005000+00:00,-5.518e-05
2025-03-04 16:00:00+00:00,0.0
2025-03-05 00:00:00+00:00,0.0
2025-03-05 08:00:00+00:00,-9.954e-05
2025-03-05 16:00:00+00:00,0.0
2025-03-06 00:00:00+00:00,0.0
2025-03-06 08:00:00.001000+00:00,0.0
2025-03-06 16:00:00+00:00,0.0
2025-03-07 00:00:00+00:00,0.0
2025-03-07 08:00:00.001000+00:00,0.0
2025-03-07 16:00:00+00:00,0.0
2025-03-08 00:00:00+00:00,0.0
2025-03-08 08:00:00.001000+00:00,0.0
2025-03-08 16:00:00.001000+00:00,0.0
2025-03-09 00:00:00.001000+00:00,0.0
2025-03-09 08:00:00+00:00,-9.932e-05
2025-03-09 16:00:00+00:00,-3.136e-05
2025-03-10 00:00:00+00:00,-0.00010786
2025-03-10 08:00:00+00:00,0.0
2025-03-10 16:00:00+00:00,0.0
2025-03-11 00:00:00+00:00,-6.362e-05
2025-03-11 08:00:00+00:00,-6.049e-05
2025-03-11 16:00:00.001000+00:00,0.0
2025-03-12 00:00:00+00:00,0.0
2025-03-12 08:00:00+00:00,-1.423e-05
2025-03-12 16:00:00.001000+00:00,0.0
2025-03-13 00:00:00+00:00,0.0
2025-03-13 08:00:00+00:00,0.0
2025-03-13 16:00:00+00:00,0.0
2025-03-14 00:00:00+00:00,0.0
2025-03-14 08:00:00+00:00,-4.742e-05
2025-03-14 16:00:00+00:00,-1.454e-05
2025-03-15 00:00:00+00:00,-2.856e-05
2025-03-15 08:00:00+00:00,-7.31e-06
2025-03-15 16:00:00+00:00,0.0
2025-03-16 00:00:00+00:00,0.0
2025-03-16 08:00:00+00:00,0.0
2025-03-16 16:00:00+00:00,0.0
2025-03-17 00:00:00+00:00,0.0
2025-03-17 08:00:00+00:00,0.0
2025-03-17 16:00:00+00:00,0.0
2025-03-18 00:00:00+00:00,-3.807e-05
2025-03-18 08:00:00+00:00,0.0
2025-03-18 16:00:00+00:00,0.0
2025-03-19 00:00:00+00:00,-0.00010693
2025-03-19 08:00:00+00:00,-0.00010256
2025-03-19 16:00:00+00:00,-0.00015238
2025-03-20 00:00:00+00:00,-0.00047322
2025-03-20 08:00:00+00:00,-5.86e-06
2025-03-20 16:00:00+00:00,-0.00012553
2025-03-21 00:00:00+00:00,-0.00031252
2025-03-21 08:00:00+00:00,-0.00055149
2025-03-21 16:00:00+00:00,-0.00034207
2025-03-22 00:00:00+00:00,-0.00033579
2025-03-22 08:00:00.004000+00:00,-0.000331
2025-03-22 16:00:00+00:00,-0.00037452
2025-03-23 00:00:00+00:00,-0.00029912
2025-03-23 08:00:00+00:00,-0.0003243
2025-03-23 16:00:00+00:00,-0.00048595
2025-03-24 00:00:00+00:00,-0.00019082
2025-03-24 08:00:00+00:00,-0.00027641
2025-03-24 16:00:00+00:00,-0.00018556
2025-03-25 00:00:00.001000+00:00,-0.0001407
2025-03-25 08:00:00+00:00,-0.00032595
2025-03-25 16:00:00+00:00,0.0
2025-03-26 00:00:00+00:00,0.0
2025-03-26 08:00:00+00:00,0.0
2025-03-26 16:00:00.001000+00:00,0.0
2025-03-27 00:00:00.001000+00:00,0.0
2025-03-27 08:00:00.001000+00:00,0.0
2025-03-27 16:00:00.002000+00:00,-2.32e-05
2025-03-28 00:00:00.001000+00:00,-0.00023061
2025-03-28 08:00:00.001000+00:00,-0.00019365
2025-03-28 16:00:00+00:00,-3.604e-05
2025-03-29 00:00:00+00:00,-0.00026164
2025-03-29 08:00:00+00:00,-0.0002202
2025-03-29 16:00:00+00:00,-0.00026952
2025-03-30 00:00:00+00:00,-0.00025764
2025-03-30 08:00:00+00:00,-0.00045028
2025-03-30 16:00:00+00:00,-0.00033423
2025-03-31 00:00:00+00:00,-0.00022809
2025-03-31 08:00:00+00:00,-5.04e-05
2025-03-31 16:00:00+00:00,-4.323e-05
2025-04-01 00:00:00+00:00,0.0
2025-04-01 08:00:00.001000+00:00,0.0
2025-04-01 16:00:00+00:00,-0.00079717
2025-04-02 00:00:00.001000+00:00,0.0
2025-04-02 08:00:00+00:00,0.0
2025-04-02 16:00:00+00:00,-8.386e-05
2025-04-03 00:00:00+00:00,-0.0002478
2025-04-03 08:00:00+00:00,-0.00045003
2025-04-03 16:00:00+00:00,0.0
2025-04-04 00:00:00+00:00,0.0
2025-04-04 08:00:00+00:00,0.0
2025-04-04 16:00:00+00:00,0.0
2025-04-05 00:00:00+00:00,0.0
2025-04-05 08:00:00+00:00,0.0
2025-04-05 16:00:00+00:00,0.0
2025-04-06 00:00:00+00:00,0.0
2025-04-06 08:00:00+00:00,0.0
2025-04-06 16:00:00.002000+00:00,0.0
2025-04-07 00:00:00+00:00,0.0
2025-04-07 08:00:00+00:00,0.0
2025-04-07 16:00:00+00:00,0.0
2025-04-08 00:00:00+00:00,0.0
2025-04-08 08:00:00+00:00,0.0
2025-04-08 16:00:00+00:00,0.0
2025-04-09 00:00:00+00:00,0.0
2025-04-09 08:00:00.001000+00:00,0.0
2025-04-09 16:00:00+00:00,0.0
2025-04-10 00:00:00+00:00,0.0
2025-04-10 08:00:00+00:00,0.0
2025-04-10 16:00:00+00:00,0.0
2025-04-11 00:00:00.001000+00:00,0.0
2025-04-11 08:00:00+00:00,0.0
2025-04-11 16:00:00+00:00,0.0
2025-04-12 00:00:00+00:00,0.0
2025-04-12 08:00:00.001000+00:00,-0.00015552
2025-04-12 16:00:00+00:00,-0.00017994
2025-04-13 00:00:00+00:00,0.0
2025-04-13 08:00:00+00:00,0.0
2025-04-13 16:00:00+00:00,-5.726e-05
2025-04-14 00:00:00+00:00,-4.86e-05
2025-04-14 08:00:00+00:00,0.0
2025-04-14 16:00:00+00:00,-0.00013678
2025-04-15 00:00:00+00:00,-9.005e-05
2025-04-15 08:00:00+00:00,0.0
2025-04-15 16:00:00.001000+00:00,0.0
2025-04-16 00:00:00+00:00,-0.00022781
2025-04-16 08:00:00+00:00,0.0
2025-04-16 16:00:00+00:00,0.0
2025-04-17 00:00:00.001000+00:00,0.0
2025-04-17 08:00:00+00:00,0.0
2025-04-17 16:00:00.001000+00:00,0.0
2025-04-18 00:00:00+00:00,0.0
2025-04-18 08:00:00+00:00,-0.00022317
2025-04-18 16:00:00+00:00,-5.807e-05
2025-04-19 00:00:00+00:00,0.0
2025-04-19 08:00:00+00:00,-0.000347
2025-04-19 16:00:00+00:00,-0.00041186
2025-04-20 00:00:00+00:00,0.0
2025-04-20 08:00:00+00:00,0.0
2025-04-20 16:00:00+00:00,0.0
2025-04-21 00:00:00+00:00,-0.00021758
2025-04-21 08:00:00.005000+00:00,0.0
2025-04-21 16:00:00.003000+00:00,0.0
2025-04-22 00:00:00.008000+00:00,-0.00023365
2025-04-22 08:00:00+00:00,-0.00010438
2025-04-22 16:00:00+00:00,0.0
2025-04-23 00:00:00+00:00,0.0
2025-04-23 08:00:00.002000+00:00,0.0
2025-04-23 16:00:00+00:00,0.0
2025-04-24 00:00:00+00:00,0.0
2025-04-24 08:00:00.001000+00:00,0.0
2025-04-24 16:00:00.001000+00:00,0.0
2025-04-25 00:00:00.007000+00:00,0.0
2025-04-25 08:00:00.002000+00:00,0.0
2025-04-25 16:00:00.003000+00:00,0.0
2025-04-26 00:00:00.002000+00:00,0.0
2025-04-26 08:00:00+00:00,-5.172e-05
2025-04-26 16:00:00.002000+00:00,0.0
2025-04-27 00:00:00.001000+00:00,0.0
2025-04-27 08:00:00+00:00,-7.247e-05
2025-04-27 16:00:00+00:00,-8.618e-05
2025-04-28 00:00:00.001000+00:00,0.0
2025-04-28 08:00:00.003000+00:00,0.0
2025-04-28 16:00:00.005000+00:00,0.0
2025-04-29 00:00:00+00:00,0.0
2025-04-29 08:00:00+00:00,0.0
2025-04-29 16:00:00.010000+00:00,-4.513e-05
2025-04-30 00:00:00.001000+00:00,-0.00022437
2025-04-30 08:00:00+00:00,0.0
2025-04-30 16:00:00.003000+00:00,-1.462e-05
2025-05-01 00:00:00+00:00,-0.0004973
2025-05-01 08:00:00+00:00,0.0
2025-05-01 16:00:00.001000+00:00,0.0
2025-05-02 00:00:00+00:00,-0.00020135
2025-05-02 08:00:00+00:00,0.0
2025-05-02 16:00:00.003000+00:00,0.0
2025-05-03 00:00:00+00:00,-6.36e-06
2025-05-03 08:00:00+00:00,0.0
2025-05-03 16:00:00+00:00,-3.504e-05
2025-05-04 00:00:00.001000+00:00,-1.702e-05
2025-05-04 08:00:00.001000+00:00,-3.106e-05
2025-05-04 16:00:00.002000+00:00,-0.00049565
2025-05-05 00:00:00+00:00,-0.0003023
2025-05-05 08:00:00+00:00,0.0
2025-05-05 16:00:00.006000+00:00,0.0
2025-05-06 00:00:00.002000+00:00,-1.939e-05
2025-05-06 08:00:00.005000+00:00,-0.00046111
2025-05-06 16:00:00+00:00,0.0
2025-05-07 00:00:00.002000+00:00,0.0
2025-05-07 08:00:00+00:00,0.0
2025-05-07 16:00:00.006000+00:00,0.0
2025-05-08 00:00:00+00:00,-6.247e-05
2025-05-08 08:00:00.001000+00:00,0.0
2025-05-08 16:00:00.002000+00:00,0.0
2025-05-09 00:00:00.001000+00:00,0.0
2025-05-09 08:00:00.006000+00:00,0.0
2025-05-09 16:00:00+00:00,0.0
2025-05-10 00:00:00.001000+00:00,0.0
2025-05-10 08:00:00+00:00,0.0
2025-05-10 16:00:00.001000+00:00,0.0
2025-05-11 00:00:00+00:00,0.0
2025-05-11 08:00:00.001000+00:00,2.903e-05
2025-05-11 16:00:00.001000+00:00,6.49e-06
2025-05-12 00:00:00.004000+00:00,0.0
2025-05-12 08:00:00+00:00,0.0
2025-05-12 16:00:00+00:00,6.043e-05
2025-05-13 00:00:00+00:00,0.0
2025-05-13 08:00:00.008000+00:00,0.0
2025-05-13 16:00:00.001000+00:00,0.0
2025-05-14 00:00:00.007000+00:00,5.012e-05
2025-05-14 08:00:00+00:00,0.0
2025-05-14 16:00:00.002000+00:00,0.0
2025-05-15 00:00:00+00:00,0.0
2025-05-15 08:00:00.003000+00:00,0.0
2025-05-15 16:00:00+00:00,0.0
2025-05-16 00:00:00.001000+00:00,0.0
2025-05-16 08:00:00+00:00,0.0
2025-05-16 16:00:00+00:00,0.0
2025-05-17 00:00:00+00:00,0.0
2025-05-17 08:00:00.001000+00:00,0.0
2025-05-17 16:00:00.004000+00:00,0.0
2025-05-18 00:00:00+00:00,0.0
2025-05-18 08:00:00+00:00,0.0
2025-05-18 16:00:00+00:00,0.0
2025-05-19 00:00:00+00:00,0.0
2025-05-19 08:00:00.006000+00:00,0.0
2025-05-19 16:00:00.010000+00:00,0.0
2025-05-20 00:00:00+00:00,0.0
2025-05-20 08:00:00.002000+00:00,0.0
2025-05-20 16:00:00+00:00,0.0
2025-05-21 00:00:00+00:00,0.0
2025-05-21 08:00:00.001000+00:00,0.0
2025-05-21 16:00:00.004000+00:00,0.0
2025-05-22 00:00:00.001000+00:00,0.0
2025-05-22 08:00:00+00:00,0.0
2025-05-22 16:00:00.002000+00:00,0.0
2025-05-23 00:00:00.006000+00:00,0.0
2025-05-23 08:00:00+00:00,0.0
2025-05-23 16:00:00.007000+00:00,0.0
2025-05-24 00:00:00.010000+00:00,0.0
2025-05-24 08:00:00+00:00,0.0
2025-05-24 16:00:00.003000+00:00,0.0
2025-05-25 00:00:00.004000+00:00,0.0
2025-05-25 08:00:00+00:00,0.0
2025-05-25 16:00:00+00:00,0.0
2025-05-26 00:00:00+00:00,0.0
2025-05-26 08:00:00+00:00,0.0
2025-05-26 16:00:00.002000+00:00,0.0
2025-05-27 00:00:00.003000+00:00,0.0
2025-05-27 08:00:00.001000+00:00,0.0
2025-05-27 16:00:00.005000+00:00,0.0
2025-05-28 00:00:00.002000+00:00,0.0
2025-05-28 08:00:00.003000+00:00,0.0
2025-05-28 16:00:00.002000+00:00,0.0
2025-05-29 00:00:00+00:00,0.0
2025-05-29 08:00:00.006000+00:00,0.0
2025-05-29 16:00:00+00:00,0.0
2025-05-30 00:00:00.003000+00:00,0.0
2025-05-30 08:00:00.003000+00:00,0.0
2025-05-30 16:00:00+00:00,0.0
2025-05-31 00:00:00+00:00,0.0
2025-05-31 08:00:00+00:00,-3.519e-05
2025-05-31 16:00:00+00:00,0.0
2025-06-01 00:00:00.001000+00:00,0.0
2025-06-01 08:00:00.002000+00:00,-2.485e-05
2025-06-01 16:00:00+00:00,-1.71e-05
2025-06-02 00:00:00.001000+00:00,0.0
2025-06-02 08:00:00+00:00,0.0
2025-06-02 16:00:00+00:00,0.0
2025-06-03 00:00:00+00:00,0.0
2025-06-03 08:00:00+00:00,0.0
2025-06-03 16:00:00.001000+00:00,0.0
2025-06-04 00:00:00+00:00,0.0
2025-06-04 08:00:00+00:00,0.0
2025-06-04 16:00:00+00:00,0.0
2025-06-05 00:00:00.016000+00:00,0.0
2025-06-05 08:00:00+00:00,0.0
2025-06-05 16:00:00+00:00,0.0
2025-06-06 00:00:00.002000+00:00,-0.00017896
2025-06-06 08:00:00+00:00,-0.00016509
2025-06-06 16:00:00.006000+00:00,0.0
2025-06-07 00:00:00+00:00,0.0
2025-06-07 08:00:00+00:00,-2.929e-05
2025-06-07 16:00:00.002000+00:00,-3.338e-05
2025-06-08 00:00:00+00:00,0.0
2025-06-08 08:00:00+00:00,-5.138e-05
2025-06-08 16:00:00+00:00,0.0
2025-06-09 00:00:00+00:00,0.0
2025-06-09 08:00:00.001000+00:00,-0.00013999
2025-06-09 16:00:00.001000+00:00,-2.759e-05
2025-06-10 00:00:00+00:00,0.0
2025-06-10 08:00:00.001000+00:00,0.0
2025-06-10 16:00:00.003000+00:00,-2.84e-05
2025-06-11 00:00:00+00:00,0.0
2025-06-11 08:00:00+00:00,0.0
2025-06-11 16:00:00.010000+00:00,0.0
2025-06-12 00:00:00.002000+00:00,0.0
2025-06-12 08:00:00.003000+00:00,0.0
2025-06-12 16:00:00.001000+00:00,0.0
2025-06-13 00:00:00+00:00,-8.669e-05
2025-06-13 08:00:00.001000+00:00,0.0
2025-06-13 16:00:00.004000+00:00,0.0
2025-06-14 00:00:00+00:00,0.0
2025-06-14 08:00:00+00:00,-9.685e-05
2025-06-14 16:00:00+00:00,-0.0001498
2025-06-15 00:00:00.005000+00:00,-0.00015328
2025-06-15 08:00:00.009000+00:00,0.0
2025-06-15 16:00:00+00:00,0.0
2025-06-16 00:00:00+00:00,0.0
2025-06-16 08:00:00+00:00,0.0
2025-06-16 16:00:00.003000+00:00,0.0
2025-06-17 00:00:00+00:00,0.0
2025-06-17 08:00:00.006000+00:00,0.0
2025-06-17 16:00:00.001000+00:00,0.0
2025-06-18 00:00:00.001000+00:00,0.0
2025-06-18 08:00:00.001000+00:00,0.0
2025-06-18 16:00:00.001000+00:00,-0.00017564
2025-06-19 00:00:00.005000+00:00,-6.854e-05
2025-06-19 08:00:00.003000+00:00,0.0
2025-06-19 16:00:00+00:00,0.0
2025-06-20 00:00:00+00:00,0.0
2025-06-20 08:00:00.002000+00:00,0.0
2025-06-20 16:00:00.001000+00:00,0.0
2025-06-21 00:00:00.002000+00:00,0.0
2025-06-21 08:00:00.005000+00:00,0.0
2025-06-21 16:00:00+00:00,-0.00015072
2025-06-22 00:00:00.005000+00:00,-0.00012535
2025-06-22 08:00:00+00:00,0.0
2025-06-22 16:00:00.003000+00:00,0.0
2025-06-23 00:00:00+00:00,0.0
2025-06-23 08:00:00.004000+00:00,0.0
2025-06-23 16:00:00.013000+00:00,0.0
2025-06-24 00:00:00.003000+00:00,-7.68e-06
2025-06-24 08:00:00+00:00,-0.00016409
2025-06-24 16:00:00+00:00,-0.00012123
2025-06-25 00:00:00.005000+00:00,0.0
2025-06-25 08:00:00+00:00,0.0
2025-06-25 16:00:00.005000+00:00,0.0
2025-06-26 00:00:00+00:00,0.0
2025-06-26 08:00:00.006000+00:00,0.0
2025-06-26 16:00:00.007000+00:00,0.0
2025-06-27 00:00:00+00:00,0.0
2025-06-27 08:00:00+00:00,0.0
2025-06-27 16:00:00.009000+00:00,0.0
2025-06-28 00:00:00.001000+00:00,0.0
2025-06-28 08:00:00.002000+00:00,0.0
2025-06-28 16:00:00+00:00,0.0
2025-06-29 00:00:00.004000+00:00,0.0
2025-06-29 08:00:00.001000+00:00,0.0
2025-06-29 16:00:00.001000+00:00,0.0
2025-06-30 00:00:00+00:00,0.0
2025-06-30 08:00:00.005000+00:00,0.0
2025-06-30 16:00:00.002000+00:00,0.0
2025-07-01 00:00:00.007000+00:00,0.0
2025-07-01 08:00:00.002000+00:00,0.0
2025-07-01 16:00:00+00:00,0.0
2025-07-02 00:00:00.001000+00:00,0.0
2025-07-02 08:00:00+00:00,0.0
2025-07-02 16:00:00.003000+00:00,0.0
2025-07-03 00:00:00.006000+00:00,0.0
2025-07-03 08:00:00.003000+00:00,0.0
2025-07-03 16:00:00.003000+00:00,0.0
2025-07-04 00:00:00.005000+00:00,0.0
2025-07-04 08:00:00.003000+00:00,0.0
2025-07-04 16:00:00.001000+00:00,0.0
2025-07-05 00:00:00.004000+00:00,0.0
2025-07-05 08:00:00.009000+00:00,0.0
2025-07-05 16:00:00.006000+00:00,0.0
2025-07-06 00:00:00.001000+00:00,0.0
2025-07-06 08:00:00.002000+00:00,0.0
2025-07-06 16:00:00.004000+00:00,0.0
2025-07-07 00:00:00+00:00,0.0
2025-07-07 08:00:00.007000+00:00,0.0
2025-07-07 16:00:00+00:00,0.0
2025-07-08 00:00:00.010000+00:00,0.0
2025-07-08 08:00:00.003000+00:00,0.0
2025-07-08 16:00:00+00:00,0.0
2025-07-09 00:00:00.002000+00:00,0.0
2025-07-09 08:00:00.006000+00:00,0.0
2025-07-09 16:00:00.001000+00:00,0.0
2025-07-10 00:00:00.003000+00:00,0.0
2025-07-10 08:00:00+00:00,0.0
2025-07-10 16:00:00.004000+00:00,0.0
2025-07-11 00:00:00.004000+00:00,0.0
2025-07-11 08:00:00.007000+00:00,0.0
2025-07-11 16:00:00.001000+00:00,0.0
2025-07-12 00:00:00+00:00,0.0
2025-07-12 08:00:00.001000+00:00,2.145e-05
2025-07-12 16:00:00.002000+00:00,0.0
2025-07-13 00:00:00.006000+00:00,0.0
2025-07-13 08:00:00.001000+00:00,0.0
2025-07-13 16:00:00.003000+00:00,0.0
2025-07-14 00:00:00+00:00,0.0
2025-07-14 08:00:00+00:00,9.44e-05
2025-07-14 16:00:00+00:00,0.0
2025-07-15 00:00:00.002000+00:00,0.0
2025-07-15 08:00:00+00:00,0.0
2025-07-15 16:00:00+00:00,0.0
2025-07-16 00:00:00+00:00,0.0
2025-07-16 08:00:00+00:00,0.0
2025-07-16 16:00:00.008000+00:00,0.0
2025-07-17 00:00:00.003000+00:00,0.0
2025-07-17 08:00:00+00:00,0.0
2025-07-17 16:00:00+00:00,4.682e-05
2025-07-18 00:00:00.004000+00:00,5.506e-05
2025-07-18 08:00:00+00:00,0.00013265
2025-07-18 16:00:00+00:00,4.213e-05
2025-07-19 00:00:00.009000+00:00,0.0
2025-07-19 08:00:00+00:00,0.0
2025-07-19 16:00:00.002000+00:00,0.0
2025-07-20 00:00:00+00:00,0.0
2025-07-20 08:00:00+00:00,1.211e-05
2025-07-20 16:00:00+00:00,0.0
2025-07-21 00:00:00.001000+00:00,3.139e-05
2025-07-21 08:00:00+00:00,1.13e-05
2025-07-21 16:00:00.001000+00:00,0.00012067
2025-07-22 00:00:00+00:00,0.0
2025-07-22 08:00:00.010000+00:00,0.0
2025-07-22 16:00:00.007000+00:00,0.00010652
2025-07-23 00:00:00+00:00,0.00024488
2025-07-23 08:00:00.004000+00:00,0.00023989
2025-07-23 16:00:00.002000+00:00,3.205e-05
2025-07-24 00:00:00+00:00,0.0
2025-07-24 08:00:00.001000+00:00,0.0
2025-07-24 16:00:00+00:00,3.908e-05
2025-07-25 00:00:00+00:00,0.0
2025-07-25 08:00:00+00:00,0.0
2025-07-25 16:00:00+00:00,1.809e-05
2025-07-26 00:00:00.001000+00:00,0.00013733
2025-07-26 08:00:00.005000+00:00,5.6e-06
2025-07-26 16:00:00.001000+00:00,1.57e-06
2025-07-27 00:00:00.001000+00:00,0.00012703
2025-07-27 08:00:00+00:00,0.0
2025-07-27 16:00:00.008000+00:00,9.734e-05
2025-07-28 00:00:00.005000+00:00,0.00013252
2025-07-28 08:00:00+00:00,0.00010789
2025-07-28 16:00:00+00:00,0.00011022
2025-07-29 00:00:00.001000+00:00,5.822e-05
2025-07-29 08:00:00+00:00,7.14e-06
2025-07-29 16:00:00+00:00,7.209e-05
2025-07-30 00:00:00.011000+00:00,0.00010428
2025-07-30 08:00:00+00:00,3.363e-05
2025-07-30 16:00:00.008000+00:00,3.062e-05
2025-07-31 00:00:00+00:00,7.977e-05
2025-07-31 08:00:00.009000+00:00,0.0
2025-07-31 16:00:00+00:00,0.0
2025-08-01 00:00:00.001000+00:00,0.0
2025-08-01 08:00:00.003000+00:00,2.565e-05
2025-08-01 16:00:00+00:00,3.09e-05
2025-08-02 00:00:00.004000+00:00,9.79e-06
2025-08-02 08:00:00+00:00,0.0
2025-08-02 16:00:00+00:00,0.0
2025-08-03 00:00:00+00:00,3.677e-05
2025-08-03 08:00:00+00:00,0.0
2025-08-03 16:00:00.003000+00:00,0.0
2025-08-04 00:00:00.004000+00:00,0.0
2025-08-04 08:00:00+00:00,0.0
2025-08-04 16:00:00.002000+00:00,0.0
2025-08-05 00:00:00+00:00,0.0
2025-08-05 08:00:00+00:00,0.0
2025-08-05 16:00:00+00:00,0.0
2025-08-06 00:00:00.005000+00:00,0.0
2025-08-06 08:00:00+00:00,0.0
2025-08-06 16:00:00+00:00,3.269e-05
2025-08-07 00:00:00.003000+00:00,4.17e-05
2025-08-07 08:00:00.002000+00:00,0.0
2025-08-07 16:00:00.002000+00:00,0.0
2025-08-08 00:00:00.002000+00:00,0.0
2025-08-08 08:00:00.004000+00:00,0.0
2025-08-08 16:00:00+00:00,0.0
2025-08-09 00:00:00.005000+00:00,0.0
2025-08-09 08:00:00+00:00,0.0
2025-08-09 16:00:00.007000+00:00,5.501e-05
2025-08-10 00:00:00.003000+00:00,0.0
2025-08-10 08:00:00.005000+00:00,3.278e-05
2025-08-10 16:00:00.002000+00:00,0.0
2025-08-11 00:00:00+00:00,0.0
2025-08-11 08:00:00+00:00,0.00014301
2025-08-11 16:00:00+00:00,0.0
2025-08-12 00:00:00+00:00,0.0
2025-08-12 08:00:00.001000+00:00,0.0
2025-08-12 16:00:00.005000+00:00,0.0
2025-08-13 00:00:00+00:00,0.0001441
2025-08-13 08:00:00.002000+00:00,7.511e-05
2025-08-13 16:00:00.006000+00:00,0.00022827
2025-08-14 00:00:00.002000+00:00,2.287e-05
2025-08-14 08:00:00.003000+00:00,0.00019442
2025-08-14 16:00:00+00:00,8.604e-05
2025-08-15 00:00:00+00:00,0.0
2025-08-15 08:00:00+00:00,0.0
2025-08-15 16:00:00+00:00,0.0
2025-08-16 00:00:00.004000+00:00,0.0
2025-08-16 08:00:00+00:00,0.0
2025-08-16 16:00:00.002000+00:00,0.0
2025-08-17 00:00:00+00:00,0.0
2025-08-17 08:00:00.001000+00:00,3.44e-06
2025-08-17 16:00:00.007000+00:00,0.0
2025-08-18 00:00:00+00:00,3.265e-05
2025-08-18 08:00:00.001000+00:00,0.0
2025-08-18 16:00:00.002000+00:00,0.0
2025-08-19 00:00:00+00:00,0.0
2025-08-19 08:00:00.001000+00:00,0.0
2025-08-19 16:00:00+00:00,0.0
2025-08-20 00:00:00+00:00,0.0
2025-08-20 08:00:00+00:00,0.0
2025-08-20 16:00:00+00:00,0.0
2025-08-21 00:00:00.006000+00:00,9.039e-05
2025-08-21 08:00:00+00:00,3.769e-05
2025-08-21 16:00:00.003000+00:00,0.0
2025-08-22 00:00:00.010000+00:00,0.0
2025-08-22 08:00:00.007000+00:00,0.0
2025-08-22 16:00:00.001000+00:00,4.832e-05
2025-08-23 00:00:00.004000+00:00,0.00032856
2025-08-23 08:00:00.006000+00:00,0.00018028
2025-08-23 16:00:00+00:00,0.00012106
2025-08-24 00:00:00.001000+00:00,0.00011059
2025-08-24 08:00:00.002000+00:00,0.00011701
2025-08-24 16:00:00.001000+00:00,0.0
2025-08-25 00:00:00+00:00,9e-08
2025-08-25 08:00:00.002000+00:00,6.642e-05
2025-08-25 16:00:00.002000+00:00,0.0
2025-08-26 00:00:00+00:00,0.0
2025-08-26 08:00:00+00:00,2.8e-06
2025-08-26 16:00:00+00:00,0.0
2025-08-27 00:00:00.003000+00:00,4.937e-05
2025-08-27 08:00:00+00:00,0.0
2025-08-27 16:00:00.009000+00:00,0.0
2025-08-28 00:00:00+00:00,2.791e-05
2025-08-28 08:00:00.005000+00:00,9.121e-05
2025-08-28 16:00:00.004000+00:00,6.997e-05
2025-08-29 00:00:00+00:00,3.288e-05
2025-08-29 08:00:00+00:00,1.013e-05
2025-08-29 16:00:00.005000+00:00,2.538e-05
2025-08-30 00:00:00+00:00,1.126e-05
2025-08-30 08:00:00.002000+00:00,4.455e-05
2025-08-30 16:00:00.003000+00:00,0.0
2025-08-31 00:00:00.016000+00:00,3.932e-05
2025-08-31 08:00:00+00:00,0.0
2025-08-31 16:00:00.001000+00:00,0.0
2025-09-01 00:00:00+00:00,0.0
2025-09-01 08:00:00+00:00,0.0
2025-09-01 16:00:00.001000+00:00,0.0
2025-09-02 00:00:00+00:00,0.0
2025-09-02 08:00:00.005000+00:00,0.0
2025-09-02 16:00:00.007000+00:00,2.168e-05
2025-09-03 00:00:00.006000+00:00,0.0
2025-09-03 08:00:00.002000+00:00,0.0
2025-09-03 16:00:00.002000+00:00,0.0
2025-09-04 00:00:00.002000+00:00,2.732e-05
2025-09-04 08:00:00+00:00,0.0
2025-09-04 16:00:00+00:00,0.0
2025-09-05 00:00:00.001000+00:00,0.0
2025-09-05 08:00:00.006000+00:00,0.0
2025-09-05 16:00:00+00:00,0.0
2025-09-06 00:00:00+00:00,0.0
2025-09-06 08:00:00.005000+00:00,0.0
2025-09-06 16:00:00+00:00,1.384e-05
2025-09-07 00:00:00+00:00,0.0
2025-09-07 08:00:00+00:00,0.0
2025-09-07 16:00:00+00:00,5.222e-05
2025-09-08 00:00:00.007000+00:00,7.418e-05
2025-09-08 08:00:00+00:00,0.0
2025-09-08 16:00:00+00:00,0.0
2025-09-09 00:00:00+00:00,0.00012454
2025-09-09 08:00:00+00:00,9.705e-05
2025-09-09 16:00:00+00:00,0.0
2025-09-10 00:00:00+00:00,0.0
2025-09-10 08:00:00.002000+00:00,5.321e-05
2025-09-10 16:00:00+00:00,0.00010856
2025-09-11 00:00:00+00:00,0.0
2025-09-11 08:00:00+00:00,0.0
2025-09-11 16:00:00.001000+00:00,2.308e-05
2025-09-12 00:00:00.002000+00:00,0.0
2025-09-12 08:00:00.001000+00:00,3.147e-05
2025-09-12 16:00:00.005000+00:00,0.0001083
2025-09-13 00:00:00.005000+00:00,0.00016022
2025-09-13 08:00:00.002000+00:00,0.0001208
2025-09-13 16:00:00+00:00,0.00012118
2025-09-14 00:00:00.006000+00:00,0.0
2025-09-14 08:00:00+00:00,0.00010453
2025-09-14 16:00:00.001000+00:00,0.0
2025-09-15 00:00:00.006000+00:00,0.0
2025-09-15 08:00:00.002000+00:00,0.0
2025-09-15 16:00:00.001000+00:00,0.0
2025-09-16 00:00:00.001000+00:00,1.95e-06
2025-09-16 08:00:00+00:00,0.0
2025-09-16 16:00:00+00:00,0.0
2025-09-17 00:00:00.001000+00:00,0.00015544
2025-09-17 08:00:00+00:00,5.771e-05
2025-09-17 16:00:00.003000+00:00,6.133e-05
2025-09-18 00:00:00.006000+00:00,0.00011161
2025-09-18 08:00:00.002000+00:00,0.00014904
2025-09-18 16:00:00+00:00,7.826e-05
2025-09-19 00:00:00+00:00,3.442e-05
2025-09-19 08:00:00.005000+00:00,0.0
2025-09-19 16:00:00+00:00,8.365e-05
2025-09-20 00:00:00+00:00,0.0
2025-09-20 08:00:00+00:00,0.0
2025-09-20 16:00:00.002000+00:00,0.0
2025-09-21 00:00:00+00:00,0.0
2025-09-21 08:00:00+00:00,0.0
2025-09-21 16:00:00+00:00,0.0
2025-09-22 00:00:00.005000+00:00,0.0
2025-09-22 08:00:00.003000+00:00,4.118e-05
2025-09-22 16:00:00+00:00,7.583e-05
2025-09-23 00:00:00+00:00,4.293e-05
2025-09-23 08:00:00.001000+00:00,0.0
2025-09-23 16:00:00+00:00,0.0
2025-09-24 00:00:00.003000+00:00,6.267e-05
2025-09-24 08:00:00.001000+00:00,0.0
2025-09-24 16:00:00.002000+00:00,9.26e-06
2025-09-25 00:00:00+00:00,0.0
2025-09-25 08:00:00.001000+00:00,0.00011201
2025-09-25 16:00:00+00:00,4.5e-06
2025-09-26 00:00:00+00:00,5.119e-05
2025-09-26 08:00:00+00:00,9.24e-06
2025-09-26 16:00:00.008000+00:00,0.0
2025-09-27 00:00:00+00:00,0.0
2025-09-27 08:00:00.010000+00:00,0.0
2025-09-27 16:00:00.003000+00:00,0.0
2025-09-28 00:00:00+00:00,0.0
2025-09-28 08:00:00+00:00,0.0
2025-09-28 16:00:00+00:00,0.0
2025-09-29 00:00:00+00:00,0.0
2025-09-29 08:00:00.002000+00:00,0.00016081
2025-09-29 16:00:00.001000+00:00,0.0
2025-09-30 00:00:00.002000+00:00,0.0
2025-09-30 08:00:00.005000+00:00,3.761e-05
2025-09-30 16:00:00+00:00,7.373e-05
2025-10-01 00:00:00+00:00,0.0
2025-10-01 08:00:00+00:00,0.0
2025-10-01 16:00:00+00:00,0.0
2025-10-02 00:00:00+00:00,0.0
2025-10-02 08:00:00.013000+00:00,0.0
2025-10-02 16:00:00+00:00,0.0
2025-10-03 00:00:00.006000+00:00,0.00021025
2025-10-03 08:00:00.006000+00:00,9.993e-05
2025-10-03 16:00:00+00:00,2.968e-05
2025-10-04 00:00:00.001000+00:00,9.49e-05
2025-10-04 08:00:00+00:00,3.472e-05
2025-10-04 16:00:00+00:00,3.987e-05
2025-10-05 00:00:00+00:00,4.607e-05
2025-10-05 08:00:00.003000+00:00,0.0
2025-10-05 16:00:00.009000+00:00,0.0
2025-10-06 00:00:00.004000+00:00,0.0
2025-10-06 08:00:00.002000+00:00,6.884e-05
2025-10-06 16:00:00.004000+00:00,3.841e-05
2025-10-07 00:00:00+00:00,0.0
2025-10-07 08:00:00.003000+00:00,0.0
2025-10-07 16:00:00+00:00,6.251e-05
2025-10-08 00:00:00+00:00,0.0
2025-10-08 08:00:00.006000+00:00,0.0
2025-10-08 16:00:00.002000+00:00,0.0
2025-10-09 00:00:00.001000+00:00,0.0
2025-10-09 08:00:00+00:00,0.0
2025-10-09 16:00:00+00:00,0.0
2025-10-10 00:00:00.005000+00:00,0.0
2025-10-10 08:00:00.002000+00:00,0.0
2025-10-10 16:00:00.014000+00:00,0.0
2025-10-11 00:00:00+00:00,2.76e-06
2025-10-11 08:00:00.003000+00:00,0.0
2025-10-11 16:00:00+00:00,0.0
2025-10-12 00:00:00.004000+00:00,0.0
2025-10-12 08:00:00.002000+00:00,0.0
2025-10-12 16:00:00+00:00,-5.331e-05
2025-10-13 00:00:00.003000+00:00,0.0
2025-10-13 08:00:00.002000+00:00,-0.00030569
2025-10-13 16:00:00.003000+00:00,0.0
2025-10-14 00:00:00+00:00,-0.00027668
2025-10-14 08:00:00+00:00,0.0
2025-10-14 16:00:00+00:00,-0.00016775
2025-10-15 00:00:00.006000+00:00,-0.00020435
2025-10-15 08:00:00.002000+00:00,0.0
2025-10-15 16:00:00+00:00,0.0
2025-10-16 00:00:00+00:00,0.0
2025-10-16 08:00:00.003000+00:00,0.0
2025-10-16 16:00:00.002000+00:00,0.0
2025-10-17 00:00:00.001000+00:00,0.0
2025-10-17 08:00:00.005000+00:00,0.0
2025-10-17 16:00:00.003000+00:00,-0.00016779
2025-10-18 00:00:00+00:00,0.0
2025-10-18 08:00:00.002000+00:00,-0.00013138
2025-10-18 16:00:00.001000+00:00,-8.672e-05
2025-10-19 00:00:00.001000+00:00,-1.193e-05
2025-10-19 08:00:00.001000+00:00,0.0
2025-10-19 16:00:00.001000+00:00,-8.195e-05
2025-10-20 00:00:00.004000+00:00,-0.00021765
2025-10-20 08:00:00.001000+00:00,-3.486e-05
2025-10-20 16:00:00+00:00,-0.00035218
2025-10-21 00:00:00.009000+00:00,-2.886e-05
2025-10-21 08:00:00+00:00,0.0
2025-10-21 16:00:00+00:00,0.0
2025-10-22 00:00:00.004000+00:00,0.0
2025-10-22 08:00:00+00:00,-0.00014817
2025-10-22 16:00:00+00:00,-7.842e-05
2025-10-23 00:00:00+00:00,-6.94e-05
2025-10-23 08:00:00.001000+00:00,0.0
2025-10-23 16:00:00.004000+00:00,0.0
2025-10-24 00:00:00+00:00,-0.00020182
2025-10-24 08:00:00+00:00,-3.383e-05
2025-10-24 16:00:00.009000+00:00,-0.00021638
2025-10-25 00:00:00+00:00,-0.00015562
2025-10-25 08:00:00.001000+00:00,-9.134e-05
2025-10-25 16:00:00.001000+00:00,-2.384e-05
2025-10-26 00:00:00.001000+00:00,0.0
2025-10-26 08:00:00.001000+00:00,0.0
2025-10-26 16:00:00+00:00,0.0
2025-10-27 00:00:00+00:00,0.0
2025-10-27 08:00:00.005000+00:00,0.0
2025-10-27 16:00:00+00:00,0.0
2025-10-28 00:00:00+00:00,0.0
2025-10-28 08:00:00+00:00,-0.00011396
2025-10-28 16:00:00.004000+00:00,0.0
2025-10-29 00:00:00.004000+00:00,-0.00029777
2025-10-29 08:00:00.005000+00:00,-0.00023533
2025-10-29 16:00:00+00:00,0.0
2025-10-30 00:00:00.004000+00:00,0.0
2025-10-30 08:00:00.008000+00:00,0.0
2025-10-30 16:00:00.001000+00:00,-9.47e-05
2025-10-31 00:00:00+00:00,-0.00030437
2025-10-31 08:00:00.008000+00:00,-0.00010318
2025-10-31 16:00:00.007000+00:00,0.0
2025-11-01 00:00:00.001000+00:00,-9.114e-05
2025-11-01 08:00:00+00:00,-8.92e-06
2025-11-01 16:00:00+00:00,-0.00014754
2025-11-02 00:00:00.007000+00:00,0.0
2025-11-02 08:00:00+00:00,0.0
2025-11-02 16:00:00.001000+00:00,0.0
2025-11-03 00:00:00+00:00,0.0
2025-11-03 08:00:00.010000+00:00,0.0
2025-11-03 16:00:00+00:00,0.0
2025-11-04 00:00:00.002000+00:00,0.0
2025-11-04 08:00:00.004000+00:00,0.0
2025-11-04 16:00:00+00:00,0.0
2025-11-05 00:00:00+00:00,0.0
2025-11-05 08:00:00+00:00,0.0
2025-11-05 16:00:00.004000+00:00,0.0
2025-11-06 00:00:00.001000+00:00,0.0
2025-11-06 08:00:00+00:00,0.0
2025-11-06 16:00:00.001000+00:00,0.0
2025-11-07 00:00:00.005000+00:00,0.0
2025-11-07 08:00:00.003000+00:00,0.0
2025-11-07 16:00:00.005000+00:00,0.0
2025-11-08 00:00:00.011000+00:00,0.0
2025-11-08 08:00:00.015000+00:00,0.0
2025-11-08 16:00:00.001000+00:00,0.0
2025-11-09 00:00:00.004000+00:00,0.0
2025-11-09 08:00:00+00:00,0.0
2025-11-09 16:00:00.005000+00:00,0.0
2025-11-10 00:00:00+00:00,0.0
2025-11-10 08:00:00+00:00,-6e-08
2025-11-10 16:00:00.003000+00:00,-0.00021863
2025-11-11 00:00:00.007000+00:00,-0.00015352
2025-11-11 08:00:00+00:00,0.0
2025-11-11 16:00:00.009000+00:00,0.0
2025-11-12 00:00:00+00:00,0.0
2025-11-12 08:00:00.002000+00:00,0.0
2025-11-12 16:00:00+00:00,0.0
2025-11-13 00:00:00.002000+00:00,-2.848e-05
2025-11-13 08:00:00+00:00,0.0
2025-11-13 16:00:00.001000+00:00,0.0
2025-11-14 00:00:00+00:00,0.0
2025-11-14 08:00:00+00:00,0.0
2025-11-14 16:00:00.001000+00:00,0.0
2025-11-15 00:00:00.005000+00:00,0.0
2025-11-15 08:00:00+00:00,0.0
2025-11-15 16:00:00.001000+00:00,0.0
2025-11-16 00:00:00.001000+00:00,0.0
2025-11-16 08:00:00+00:00,4.995e-05
2025-11-16 16:00:00+00:00,0.0
2025-11-17 00:00:00.003000+00:00,0.0
2025-11-17 08:00:00.003000+00:00,6.771e-05
2025-11-17 16:00:00+00:00,0.0
2025-11-18 00:00:00.002000+00:00,0.0
2025-11-18 08:00:00.004000+00:00,5.11e-05
2025-11-18 16:00:00+00:00,6.524e-05
2025-11-19 00:00:00+00:00,9.883e-05
2025-11-19 08:00:00+00:00,8.9e-05
2025-11-19 16:00:00.008000+00:00,4.58e-06
2025-11-20 00:00:00+00:00,0.0
2025-11-20 08:00:00+00:00,8.774e-05
2025-11-20 16:00:00+00:00,5.937e-05
2025-11-21 00:00:00.001000+00:00,0.0
2025-11-21 08:00:00+00:00,2.824e-05
2025-11-21 16:00:00.001000+00:00,1.02e-05
2025-11-22 00:00:00.004000+00:00,5.137e-05
2025-11-22 08:00:00+00:00,6.64e-05
2025-11-22 16:00:00+00:00,1.61e-05
2025-11-23 00:00:00+00:00,7.803e-05
2025-11-23 08:00:00.008000+00:00,0.0
2025-11-23 16:00:00.003000+00:00,0.0
2025-11-24 00:00:00.004000+00:00,0.0
2025-11-24 08:00:00+00:00,0.00011464
2025-11-24 16:00:00.006000+00:00,0.0
2025-11-25 00:00:00+00:00,0.00014383
2025-11-25 08:00:00.009000+00:00,0.0
2025-11-25 16:00:00.007000+00:00,0.0
2025-11-26 00:00:00.001000+00:00,0.0
2025-11-26 08:00:00.001000+00:00,8.7e-06
2025-11-26 16:00:00+00:00,0.0
2025-11-27 00:00:00.013000+00:00,5.647e-05
2025-11-27 08:00:00+00:00,0.0
2025-11-27 16:00:00.004000+00:00,0.0
2025-11-28 00:00:00.008000+00:00,0.0
2025-11-28 08:00:00+00:00,0.0
2025-11-28 16:00:00.008000+00:00,0.0
2025-11-29 00:00:00+00:00,0.0
2025-11-29 08:00:00.005000+00:00,0.0
2025-11-29 16:00:00.001000+00:00,0.0
2025-11-30 00:00:00.003000+00:00,0.0
2025-11-30 08:00:00+00:00,0.0
2025-11-30 16:00:00.004000+00:00,0.0
2025-12-01 00:00:00+00:00,0.0
2025-12-01 08:00:00.004000+00:00,0.0
2025-12-01 16:00:00+00:00,0.0
2025-12-02 00:00:00.004000+00:00,0.0
2025-12-02 08:00:00+00:00,0.0
2025-12-02 16:00:00+00:00,0.0
2025-12-03 00:00:00+00:00,0.0
2025-12-03 08:00:00+00:00,0.0
2025-12-03 16:00:00.005000+00:00,0.0
2025-12-04 00:00:00.012000+00:00,3.446e-05
2025-12-04 08:00:00+00:00,5.603e-05
2025-12-04 16:00:00.011000+00:00,5.758e-05
2025-12-05 00:00:00+00:00,2.223e-05
2025-12-05 08:00:00+00:00,1.496e-05
2025-12-05 16:00:00.010000+00:00,2.344e-05
2025-12-06 00:00:00.001000+00:00,0.0
2025-12-06 08:00:00.001000+00:00,0.0
2025-12-06 16:00:00.008000+00:00,0.0
2025-12-07 00:00:00+00:00,0.0
2025-12-07 08:00:00.004000+00:00,0.0
2025-12-07 16:00:00+00:00,0.0
2025-12-08 00:00:00+00:00,0.0
2025-12-08 08:00:00+00:00,2.792e-05
2025-12-08 16:00:00.001000+00:00,3.235e-05
2025-12-09 00:00:00.001000+00:00,0.0
2025-12-09 08:00:00.001000+00:00,0.0
2025-12-09 16:00:00.007000+00:00,0.0
2025-12-10 00:00:00.007000+00:00,1.106e-05
2025-12-10 08:00:00.002000+00:00,0.0
2025-12-10 16:00:00.012000+00:00,0.0
2025-12-11 00:00:00.001000+00:00,3.901e-05
2025-12-11 08:00:00+00:00,0.0
2025-12-11 16:00:00+00:00,0.0
2025-12-12 00:00:00.005000+00:00,0.0
2025-12-12 08:00:00.007000+00:00,0.0
2025-12-12 16:00:00.002000+00:00,0.0
2025-12-13 00:00:00.001000+00:00,0.0
2025-12-13 08:00:00.006000+00:00,0.0
2025-12-13 16:00:00+00:00,6.184e-05
2025-12-14 00:00:00+00:00,3.637e-05
2025-12-14 08:00:00.003000+00:00,0.0
2025-12-14 16:00:00.005000+00:00,1.561e-05
2025-12-15 00:00:00+00:00,0.0
2025-12-15 08:00:00+00:00,0.0
2025-12-15 16:00:00+00:00,0.0
2025-12-16 00:00:00.002000+00:00,0.0
2025-12-16 08:00:00+00:00,0.0
2025-12-16 16:00:00.002000+00:00,0.0
2025-12-17 00:00:00.004000+00:00,0.0
2025-12-17 08:00:00+00:00,0.0
2025-12-17 16:00:00+00:00,0.0
2025-12-18 00:00:00.005000+00:00,0.0
2025-12-18 08:00:00.007000+00:00,0.0
2025-12-18 16:00:00.001000+00:00,0.0
2025-12-19 00:00:00+00:00,0.0
2025-12-19 08:00:00.001000+00:00,0.0
2025-12-19 16:00:00+00:00,0.0
2025-12-20 00:00:00.005000+00:00,6.564e-05
2025-12-20 08:00:00+00:00,4.864e-05
2025-12-20 16:00:00.002000+00:00,5.854e-05
2025-12-21 00:00:00+00:00,1.097e-05
2025-12-21 08:00:00.009000+00:00,0.0
2025-12-21 16:00:00+00:00,5.4e-06
2025-12-22 00:00:00+00:00,1.576e-05
2025-12-22 08:00:00.005000+00:00,0.0
2025-12-22 16:00:00.009000+00:00,8.095e-05
2025-12-23 00:00:00+00:00,1.888e-05
2025-12-23 08:00:00+00:00,0.0
2025-12-23 16:00:00.001000+00:00,0.0
2025-12-24 00:00:00.001000+00:00,0.0
2025-12-24 08:00:00.001000+00:00,0.0
2025-12-24 16:00:00+00:00,0.0
2025-12-25 00:00:00+00:00,0.0
2025-12-25 08:00:00.001000+00:00,0.0
2025-12-25 16:00:00.005000+00:00,0.0
2025-12-26 00:00:00.004000+00:00,0.0
2025-12-26 08:00:00.001000+00:00,0.0
2025-12-26 16:00:00.007000+00:00,0.0
2025-12-27 00:00:00+00:00,0.0
2025-12-27 08:00:00+00:00,0.0
2025-12-27 16:00:00.011000+00:00,4.901e-05
2025-12-28 00:00:00.008000+00:00,4.48e-05
2025-12-28 08:00:00+00:00,1.94e-05
2025-12-28 16:00:00+00:00,0.00010964
2025-12-29 00:00:00.016000+00:00,0.00011598
2025-12-29 08:00:00.001000+00:00,0.0
2025-12-29 16:00:00+00:00,0.0
2025-12-30 00:00:00.005000+00:00,0.0
2025-12-30 08:00:00.001000+00:00,0.0
2025-12-30 16:00:00.003000+00:00,2.05e-05
2025-12-31 00:00:00.004000+00:00,7.039e-05
2025-12-31 08:00:00.001000+00:00,0.0
2025-12-31 16:00:00.001000+00:00,7.346e-05
2026-01-01 00:00:00.008000+00:00,6.523e-05
2026-01-01 08:00:00.002000+00:00,7.071e-05
2026-01-01 16:00:00.001000+00:00,0.0
2026-01-02 00:00:00.006000+00:00,0.0
2026-01-02 08:00:00.007000+00:00,0.0
2026-01-02 16:00:00+00:00,5.392e-05
2026-01-03 00:00:00.001000+00:00,0.00010055
2026-01-03 08:00:00+00:00,3.998e-05
2026-01-03 16:00:00+00:00,0.0
2026-01-04 00:00:00+00:00,2.126e-05
2026-01-04 08:00:00+00:00,4.64e-05
2026-01-04 16:00:00.001000+00:00,0.00010041
2026-01-05 00:00:00+00:00,0.00010532
2026-01-05 08:00:00+00:00,8.5e-06
2026-01-05 16:00:00+00:00,5.953e-05
2026-01-06 00:00:00.010000+00:00,0.00010224
2026-01-06 08:00:00+00:00,0.0
2026-01-06 16:00:00+00:00,5.142e-05
2026-01-07 00:00:00.001000+00:00,4.136e-05
2026-01-07 08:00:00.001000+00:00,6.57e-05
2026-01-07 16:00:00.001000+00:00,3.29e-06
2026-01-08 00:00:00.001000+00:00,4.555e-05
2026-01-08 08:00:00+00:00,0.0
2026-01-08 16:00:00+00:00,0.0
2026-01-09 00:00:00.003000+00:00,0.0
2026-01-09 08:00:00+00:00,0.0
2026-01-09 16:00:00.001000+00:00,0.0
2026-01-10 00:00:00+00:00,1.141e-05
2026-01-10 08:00:00.002000+00:00,0.00012634
2026-01-10 16:00:00.001000+00:00,5.12e-06
2026-01-11 00:00:00.003000+00:00,0.000134
2026-01-11 08:00:00.006000+00:00,9.446e-05
2026-01-11 16:00:00+00:00,3.344e-05
2026-01-12 00:00:00.005000+00:00,0.0
2026-01-12 08:00:00+00:00,0.0
2026-01-12 16:00:00+00:00,7.6e-07
2026-01-13 00:00:00.007000+00:00,8.828e-05
2026-01-13 08:00:00.009000+00:00,4.761e-05
2026-01-13 16:00:00.002000+00:00,0.0001388
2026-01-14 00:00:00+00:00,0.00014578
2026-01-14 08:00:00.001000+00:00,0.00011312
2026-01-14 16:00:00.004000+00:00,5.156e-05
2026-01-15 00:00:00+00:00,0.00011014
2026-01-15 08:00:00.004000+00:00,4.44e-06
2026-01-15 16:00:00.002000+00:00,4.633e-05
2026-01-16 00:00:00+00:00,0.0
2026-01-16 08:00:00+00:00,0.0
2026-01-16 16:00:00.001000+00:00,0.0
2026-01-17 00:00:00+00:00,0.0
2026-01-17 08:00:00+00:00,0.0
2026-01-17 16:00:00.002000+00:00,0.0
2026-01-18 00:00:00.001000+00:00,4.767e-05
2026-01-18 08:00:00+00:00,0.0
2026-01-18 16:00:00+00:00,0.0
2026-01-19 00:00:00.007000+00:00,0.0
2026-01-19 08:00:00.007000+00:00,0.0
2026-01-19 16:00:00.007000+00:00,0.0
2026-01-20 00:00:00.005000+00:00,1.336e-05
2026-01-20 08:00:00.001000+00:00,0.0
2026-01-20 16:00:00.009000+00:00,0.0
2026-01-21 00:00:00.001000+00:00,0.0
2026-01-21 08:00:00.011000+00:00,0.0
2026-01-21 16:00:00.011000+00:00,0.0
2026-01-22 00:00:00.010000+00:00,0.0
2026-01-22 08:00:00.003000+00:00,0.0
2026-01-22 16:00:00.005000+00:00,0.0
2026-01-23 00:00:00.005000+00:00,0.0
2026-01-23 08:00:00+00:00,0.0
2026-01-23 16:00:00.011000+00:00,1.487e-05
2026-01-24 00:00:00.011000+00:00,4.664e-05
2026-01-24 08:00:00.002000+00:00,0.0
2026-01-24 16:00:00.001000+00:00,0.0
2026-01-25 00:00:00.002000+00:00,0.0
2026-01-25 08:00:00.011000+00:00,3.686e-05
2026-01-25 16:00:00.005000+00:00,0.0
2026-01-26 00:00:00+00:00,0.0
2026-01-26 08:00:00.003000+00:00,1.338e-05
2026-01-26 16:00:00+00:00,5.329e-05
2026-01-27 00:00:00.002000+00:00,4.882e-05
2026-01-27 08:00:00+00:00,0.0
2026-01-27 16:00:00+00:00,6.294e-05
2026-01-28 00:00:00+00:00,7.193e-05
2026-01-28 08:00:00+00:00,2.537e-05
2026-01-28 16:00:00+00:00,0.0
2026-01-29 00:00:00+00:00,3.327e-05
2026-01-29 08:00:00.009000+00:00,3.639e-05
2026-01-29 16:00:00+00:00,2.28e-05
2026-01-30 00:00:00.008000+00:00,0.0
2026-01-30 08:00:00+00:00,0.0
2026-01-30 16:00:00.001000+00:00,0.0
2026-01-31 00:00:00+00:00,0.0
2026-01-31 08:00:00.001000+00:00,0.0
2026-01-31 16:00:00.009000+00:00,0.0
2026-02-01 00:00:00.001000+00:00,0.0
2026-02-01 08:00:00.004000+00:00,0.0
2026-02-01 16:00:00+00:00,0.0
2026-02-02 00:00:00+00:00,0.0
2026-02-02 08:00:00.014000+00:00,0.0
2026-02-02 16:00:00+00:00,0.0
2026-02-03 00:00:00+00:00,0.0
2026-02-03 08:00:00.007000+00:00,0.0
2026-02-03 16:00:00+00:00,0.0
2026-02-04 00:00:00.002000+00:00,0.0
2026-02-04 08:00:00.007000+00:00,0.0
2026-02-04 16:00:00+00:00,0.0
2026-02-05 00:00:00.011000+00:00,0.0
2026-02-05 08:00:00+00:00,0.0
2026-02-05 16:00:00.007000+00:00,0.0
2026-02-06 00:00:00+00:00,1.73e-05
2026-02-06 08:00:00.001000+00:00,0.0
2026-02-06 16:00:00+00:00,0.0
2026-02-07 00:00:00.003000+00:00,0.0
2026-02-07 08:00:00+00:00,0.0
2026-02-07 16:00:00.010000+00:00,0.0
2026-02-08 00:00:00.003000+00:00,0.0
2026-02-08 08:00:00+00:00,0.0
2026-02-08 16:00:00+00:00,0.0
2026-02-09 00:00:00.002000+00:00,0.0
2026-02-09 08:00:00.001000+00:00,0.0
2026-02-09 16:00:00.007000+00:00,0.0
2026-02-10 00:00:00+00:00,0.0
2026-02-10 08:00:00.007000+00:00,0.0
2026-02-10 16:00:00+00:00,0.0
2026-02-11 00:00:00+00:00,0.0
2026-02-11 08:00:00.006000+00:00,0.0
2026-02-11 16:00:00+00:00,0.0
2026-02-12 00:00:00+00:00,0.0
2026-02-12 08:00:00.001000+00:00,0.0
2026-02-12 16:00:00.001000+00:00,0.0
2026-02-13 00:00:00.007000+00:00,0.0
2026-02-13 08:00:00.003000+00:00,0.0
2026-02-13 16:00:00.005000+00:00,0.0
2026-02-14 00:00:00.002000+00:00,0.0
2026-02-14 08:00:00.004000+00:00,0.0
2026-02-14 16:00:00.002000+00:00,0.0
2026-02-15 00:00:00+00:00,0.0
2026-02-15 08:00:00.002000+00:00,0.0
2026-02-15 16:00:00+00:00,0.0
2026-02-16 00:00:00.001000+00:00,0.0
2026-02-16 08:00:00.003000+00:00,0.0
2026-02-16 16:00:00+00:00,0.0
2026-02-17 00:00:00.008000+00:00,0.0
2026-02-17 08:00:00.001000+00:00,0.0
2026-02-17 16:00:00.002000+00:00,0.0
2026-02-18 00:00:00+00:00,0.0
2026-02-18 08:00:00+00:00,0.0
2026-02-18 16:00:00.011000+00:00,0.0
2026-02-19 00:00:00.013000+00:00,0.0
2026-02-19 08:00:00+00:00,0.0
2026-02-19 16:00:00.003000+00:00,-7.139e-05
2026-02-20 00:00:00+00:00,0.0
2026-02-20 08:00:00+00:00,0.0
2026-02-20 16:00:00+00:00,0.0
2026-02-21 00:00:00.004000+00:00,0.0
2026-02-21 08:00:00+00:00,0.0
2026-02-21 16:00:00.005000+00:00,0.0
2026-02-22 00:00:00.001000+00:00,0.0
2026-02-22 08:00:00.004000+00:00,0.0
2026-02-22 16:00:00+00:00,0.0
2026-02-23 00:00:00.001000+00:00,0.0
2026-02-23 08:00:00+00:00,0.0
2026-02-23 16:00:00+00:00,0.0
2026-02-24 00:00:00.007000+00:00,0.0
2026-02-24 08:00:00+00:00,0.0
2026-02-24 16:00:00.001000+00:00,0.0
2026-02-25 00:00:00.001000+00:00,0.0
2026-02-25 08:00:00.007000+00:00,0.0
2026-02-25 16:00:00+00:00,0.0
2026-02-26 00:00:00+00:00,0.0
2026-02-26 08:00:00.006000+00:00,0.0
2026-02-26 16:00:00.002000+00:00,0.0
2026-02-27 00:00:00.007000+00:00,0.0
2026-02-27 08:00:00+00:00,0.0
2026-02-27 16:00:00.001000+00:00,0.0
2026-02-28 00:00:00+00:00,0.0
2026-02-28 08:00:00+00:00,0.0
2026-02-28 16:00:00.004000+00:00,0.0
2026-03-01 00:00:00.005000+00:00,0.0
2026-03-01 08:00:00+00:00,0.0
2026-03-01 16:00:00.002000+00:00,0.0
2026-03-02 00:00:00.001000+00:00,0.0
2026-03-02 08:00:00.007000+00:00,0.0
2026-03-02 16:00:00+00:00,0.0
2026-03-03 00:00:00+00:00,0.0
2026-03-03 08:00:00+00:00,0.0
2026-03-03 16:00:00.007000+00:00,0.0
2026-03-04 00:00:00.001000+00:00,0.0
2026-03-04 08:00:00.005000+00:00,0.0
2026-03-04 16:00:00+00:00,0.0
2026-03-05 00:00:00+00:00,0.0
2026-03-05 08:00:00+00:00,0.0
2026-03-05 16:00:00.004000+00:00,0.0
2026-03-06 00:00:00.001000+00:00,0.0
2026-03-06 08:00:00.001000+00:00,0.0
2026-03-06 16:00:00.004000+00:00,0.0
2026-03-07 00:00:00.001000+00:00,0.0
2026-03-07 08:00:00.012000+00:00,0.0
2026-03-07 16:00:00.001000+00:00,0.0
2026-03-08 00:00:00.001000+00:00,0.0
2026-03-08 08:00:00+00:00,0.0
2026-03-08 16:00:00.002000+00:00,0.0
2026-03-09 00:00:00+00:00,0.0
2026-03-09 08:00:00.004000+00:00,0.0
2026-03-09 16:00:00.003000+00:00,0.0
2026-03-10 00:00:00.012000+00:00,0.0
2026-03-10 08:00:00.002000+00:00,0.0
2026-03-10 16:00:00.001000+00:00,0.0
2026-03-11 00:00:00+00:00,0.0
2026-03-11 08:00:00.007000+00:00,0.0
2026-03-11 16:00:00.010000+00:00,0.0
2026-03-12 00:00:00+00:00,0.0
2026-03-12 08:00:00+00:00,0.0
2026-03-12 16:00:00+00:00,0.0
2026-03-13 00:00:00.006000+00:00,0.0
2026-03-13 08:00:00.001000+00:00,0.0
2026-03-13 16:00:00+00:00,0.0
2026-03-14 00:00:00.001000+00:00,0.0
2026-03-14 08:00:00+00:00,0.0
2026-03-14 16:00:00.007000+00:00,0.0
2026-03-15 00:00:00+00:00,0.0
2026-03-15 08:00:00+00:00,0.0
2026-03-15 16:00:00+00:00,0.0
2026-03-16 00:00:00+00:00,0.0
2026-03-16 08:00:00.010000+00:00,0.0
2026-03-16 16:00:00+00:00,0.0
2026-03-17 00:00:00+00:00,0.0
2026-03-17 08:00:00.002000+00:00,0.0
2026-03-17 16:00:00.011000+00:00,0.0
2026-03-18 00:00:00.002000+00:00,0.0
2026-03-18 08:00:00.002000+00:00,0.0
2026-03-18 16:00:00.005000+00:00,0.0
2026-03-19 00:00:00+00:00,-5.147e-05
2026-03-19 08:00:00.003000+00:00,-5.01e-05
2026-03-19 16:00:00.003000+00:00,0.0
2026-03-20 00:00:00.002000+00:00,0.0
2026-03-20 08:00:00+00:00,-0.00012728
2026-03-20 16:00:00+00:00,0.0
2026-03-21 00:00:00+00:00,0.0
2026-03-21 08:00:00+00:00,0.0
2026-03-21 16:00:00.014000+00:00,0.0
2026-03-22 00:00:00.012000+00:00,0.0
2026-03-22 08:00:00.007000+00:00,0.0
2026-03-22 16:00:00.002000+00:00,-7.288e-05
2026-03-23 00:00:00+00:00,-4.454e-05
2026-03-23 08:00:00.003000+00:00,0.0
2026-03-23 16:00:00.002000+00:00,0.0
2026-03-24 00:00:00+00:00,0.0
2026-03-24 08:00:00+00:00,0.0
2026-03-24 16:00:00.003000+00:00,0.0
2026-03-25 00:00:00+00:00,0.0
2026-03-25 08:00:00+00:00,0.0
2026-03-25 16:00:00.013000+00:00,0.0
2026-03-26 00:00:00.001000+00:00,0.0
2026-03-26 08:00:00.001000+00:00,0.0
2026-03-26 16:00:00+00:00,0.0
2026-03-27 00:00:00.006000+00:00,0.0
2026-03-27 08:00:00+00:00,0.0
2026-03-27 16:00:00+00:00,-2.719e-05
2026-03-28 00:00:00.005000+00:00,0.0
2026-03-28 08:00:00.005000+00:00,0.0
2026-03-28 16:00:00+00:00,0.0
2026-03-29 00:00:00.003000+00:00,0.0
2026-03-29 08:00:00.001000+00:00,0.0
2026-03-29 16:00:00+00:00,0.0
2026-03-30 00:00:00+00:00,0.0
2026-03-30 08:00:00.005000+00:00,0.0
2026-03-30 16:00:00+00:00,0.0
2026-03-31 00:00:00+00:00,0.0
2026-03-31 08:00:00+00:00,0.0
2026-03-31 16:00:00+00:00,0.0
2026-04-01 00:00:00+00:00,0.0
2026-04-01 08:00:00+00:00,4.798e-05
2026-04-01 16:00:00+00:00,3.638e-05
2026-04-02 00:00:00.003000+00:00,7.43e-06
2026-04-02 08:00:00.001000+00:00,0.0
2026-04-02 16:00:00.001000+00:00,0.0
2026-04-03 00:00:00+00:00,0.0
2026-04-03 08:00:00.008000+00:00,0.0
2026-04-03 16:00:00.008000+00:00,0.0
2026-04-04 00:00:00+00:00,0.0
2026-04-04 08:00:00.003000+00:00,0.0
2026-04-04 16:00:00+00:00,0.0
2026-04-05 00:00:00.008000+00:00,0.0
2026-04-05 08:00:00+00:00,0.0
2026-04-05 16:00:00.001000+00:00,0.0
2026-04-06 00:00:00.004000+00:00,0.0
2026-04-06 08:00:00.001000+00:00,0.0
2026-04-06 16:00:00.003000+00:00,3.249e-05
2026-04-07 00:00:00+00:00,4.57e-06
2026-04-07 08:00:00+00:00,0.0
2026-04-07 16:00:00+00:00,0.0
2026-04-08 00:00:00+00:00,0.00010441
2026-04-08 08:00:00+00:00,5.151e-05
2026-04-08 16:00:00.006000+00:00,4.108e-05
2026-04-09 00:00:00+00:00,2.561e-05
2026-04-09 08:00:00.010000+00:00,1.1e-07
2026-04-09 16:00:00.001000+00:00,3.305e-05
2026-04-10 00:00:00+00:00,5.621e-05
2026-04-10 08:00:00.005000+00:00,0.0
2026-04-10 16:00:00+00:00,0.0
2026-04-11 00:00:00+00:00,9.157e-05
2026-04-11 08:00:00+00:00,0.0
2026-04-11 16:00:00.003000+00:00,1.54e-06
2026-04-12 00:00:00+00:00,6.577e-05
2026-04-12 08:00:00+00:00,0.0
2026-04-12 16:00:00+00:00,0.0
2026-04-13 00:00:00.011000+00:00,0.0
2026-04-13 08:00:00.006000+00:00,0.0
2026-04-13 16:00:00+00:00,0.0
2026-04-14 00:00:00.005000+00:00,0.00015422
2026-04-14 08:00:00.003000+00:00,5.862e-05
2026-04-14 16:00:00.001000+00:00,3.028e-05
2026-04-15 00:00:00+00:00,3.773e-05
2026-04-15 08:00:00+00:00,0.0
2026-04-15 16:00:00+00:00,4.407e-05
2026-04-16 00:00:00.013000+00:00,0.00010905
2026-04-16 08:00:00+00:00,0.0
2026-04-16 16:00:00+00:00,0.0
2026-04-17 00:00:00.001000+00:00,9.789e-05
2026-04-17 08:00:00.011000+00:00,2.34e-06
2026-04-17 16:00:00.001000+00:00,0.0
2026-04-18 00:00:00.001000+00:00,1.541e-05
2026-04-18 08:00:00.006000+00:00,1.38e-06
2026-04-18 16:00:00+00:00,0.0
2026-04-19 00:00:00.002000+00:00,1.261e-05
2026-04-19 08:00:00.010000+00:00,0.0
2026-04-19 16:00:00.001000+00:00,0.0
2026-04-20 00:00:00+00:00,0.0
2026-04-20 08:00:00+00:00,3.601e-05
2026-04-20 16:00:00.001000+00:00,1.888e-05
2026-04-21 00:00:00+00:00,5.462e-05
2026-04-21 08:00:00.004000+00:00,0.0
2026-04-21 16:00:00.004000+00:00,0.0
2026-04-22 00:00:00.004000+00:00,0.0
2026-04-22 08:00:00+00:00,5.781e-05
2026-04-22 16:00:00+00:00,7.639e-05
2026-04-23 00:00:00+00:00,1.259e-05
2026-04-23 08:00:00+00:00,0.0
2026-04-23 16:00:00.004000+00:00,0.0
2026-04-24 00:00:00.006000+00:00,3.278e-05
2026-04-24 08:00:00+00:00,0.0
2026-04-24 16:00:00+00:00,7.341e-05
2026-04-25 00:00:00+00:00,3.157e-05
2026-04-25 08:00:00.002000+00:00,0.0
2026-04-25 16:00:00.002000+00:00,0.0
2026-04-26 00:00:00.003000+00:00,0.0
2026-04-26 08:00:00.007000+00:00,3.265e-05
2026-04-26 16:00:00.004000+00:00,6.26e-06
2026-04-27 00:00:00.004000+00:00,2.096e-05
2026-04-27 08:00:00+00:00,0.0
2026-04-27 16:00:00.002000+00:00,0.0
2026-04-28 00:00:00.001000+00:00,0.0
2026-04-28 08:00:00+00:00,0.0
2026-04-28 16:00:00.004000+00:00,4.102e-05
2026-04-29 00:00:00.006000+00:00,4.604e-05
2026-04-29 08:00:00.011000+00:00,0.0
2026-04-29 16:00:00.003000+00:00,0.0
2026-04-30 00:00:00.002000+00:00,0.0
2026-04-30 08:00:00+00:00,0.0
2026-04-30 16:00:00+00:00,6.97e-06
2026-05-01 00:00:00+00:00,1.441e-05
2026-05-01 08:00:00.005000+00:00,0.0
2026-05-01 16:00:00+00:00,1.996e-05
2026-05-02 00:00:00.006000+00:00,6.706e-05
2026-05-02 08:00:00+00:00,0.0
2026-05-02 16:00:00.010000+00:00,4.5e-06
2026-05-03 00:00:00.005000+00:00,2.275e-05
2026-05-03 08:00:00.003000+00:00,0.0
2026-05-03 16:00:00+00:00,5.316e-05
2026-05-04 00:00:00+00:00,1.607e-05
2026-05-04 08:00:00+00:00,0.00011312
2026-05-04 16:00:00.003000+00:00,2.752e-05
2026-05-05 00:00:00+00:00,5.378e-05
2026-05-05 08:00:00.011000+00:00,3.103e-05
2026-05-05 16:00:00+00:00,0.00010704
2026-05-06 00:00:00.010000+00:00,0.00011317
2026-05-06 08:00:00+00:00,1.521e-05
2026-05-06 16:00:00.002000+00:00,9.46e-05
2026-05-07 00:00:00+00:00,9.945e-05
2026-05-07 08:00:00+00:00,4.52e-05
2026-05-07 16:00:00.004000+00:00,5.902e-05
2026-05-08 00:00:00.003000+00:00,8.91e-06
2026-05-08 08:00:00.002000+00:00,0.0
2026-05-08 16:00:00.003000+00:00,0.0
2026-05-09 00:00:00+00:00,2.196e-05
2026-05-09 08:00:00.001000+00:00,0.00010676
2026-05-09 16:00:00.002000+00:00,7.448e-05
2026-05-10 00:00:00.003000+00:00,2.289e-05
2026-05-10 08:00:00+00:00,3.11e-06
2026-05-10 16:00:00+00:00,7.97e-05
2026-05-11 00:00:00+00:00,9.23e-05
2026-05-11 08:00:00+00:00,8.28e-06
2026-05-11 16:00:00+00:00,0.0
2026-05-12 00:00:00.002000+00:00,6.651e-05
2026-05-12 08:00:00.008000+00:00,0.0
2026-05-12 16:00:00+00:00,0.00015663
2026-05-13 00:00:00.010000+00:00,0.0001297
2026-05-13 08:00:00.003000+00:00,6.636e-05
2026-05-13 16:00:00.001000+00:00,0.0
2026-05-14 00:00:00.005000+00:00,0.0
2026-05-14 08:00:00+00:00,0.0
2026-05-14 16:00:00+00:00,0.0
2026-05-15 00:00:00+00:00,0.00012416
2026-05-15 08:00:00.016000+00:00,0.0
2026-05-15 16:00:00.012000+00:00,0.0
2026-05-16 00:00:00.005000+00:00,0.0
2026-05-16 08:00:00+00:00,0.0
2026-05-16 16:00:00.005000+00:00,0.0
2026-05-17 00:00:00+00:00,0.0
2026-05-17 08:00:00.010000+00:00,3.265e-05
2026-05-17 16:00:00.009000+00:00,0.0
2026-05-18 00:00:00.007000+00:00,0.0
2026-05-18 08:00:00.002000+00:00,4.297e-05
2026-05-18 16:00:00.007000+00:00,0.0
2026-05-19 00:00:00.001000+00:00,0.0
2026-05-19 08:00:00.001000+00:00,0.0
2026-05-19 16:00:00.009000+00:00,1.483e-05
2026-05-20 00:00:00.001000+00:00,7.62e-05
2026-05-20 08:00:00.006000+00:00,8.89e-06
2026-05-20 16:00:00+00:00,6.24e-05
2026-05-21 00:00:00.001000+00:00,2.383e-05
2026-05-21 08:00:00+00:00,8.131e-05
2026-05-21 16:00:00+00:00,5.686e-05
2026-05-22 00:00:00+00:00,4.007e-05
2026-05-22 08:00:00.004000+00:00,2.067e-05
2026-05-22 16:00:00.001000+00:00,0.0
2026-05-23 00:00:00.009000+00:00,2.14e-06
2026-05-23 08:00:00.001000+00:00,0.0
2026-05-23 16:00:00.003000+00:00,0.0
2026-05-24 00:00:00.011000+00:00,4.985e-05
2026-05-24 08:00:00.008000+00:00,4.422e-05
2026-05-24 16:00:00+00:00,9.4e-05
2026-05-25 00:00:00.001000+00:00,0.0
2026-05-25 08:00:00.001000+00:00,6.74e-05
2026-05-25 16:00:00.001000+00:00,4.621e-05
2026-05-26 00:00:00+00:00,5.354e-05
2026-05-26 08:00:00.003000+00:00,0.0
2026-05-26 16:00:00+00:00,2.838e-05
2026-05-27 00:00:00+00:00,3.134e-05
2026-05-27 08:00:00.004000+00:00,7.44e-05
2026-05-27 16:00:00.009000+00:00,6.759e-05
2026-05-28 00:00:00.001000+00:00,5.788e-05
2026-05-28 08:00:00+00:00,0.0
2026-05-28 16:00:00.001000+00:00,0.0
2026-05-29 00:00:00+00:00,7.032e-05
2026-05-29 08:00:00.001000+00:00,0.0
2026-05-29 16:00:00.008000+00:00,9.1e-06
2026-05-30 00:00:00+00:00,3.792e-05
2026-05-30 08:00:00.001000+00:00,0.00010904
2026-05-30 16:00:00+00:00,0.00011873
2026-05-31 00:00:00+00:00,0.0
2026-05-31 08:00:00+00:00,0.0
2026-05-31 16:00:00.004000+00:00,1.15e-06
