time,open,high,low,close,volume
2020-02-10 00:00:00+00:00,25.07,25.907,24.031,25.189,35276132.05283
2020-02-11 00:00:00+00:00,25.19,25.864,24.25,25.705,44622788.1933
2020-02-12 00:00:00+00:00,25.705,26.98,25.347,26.451,33885164.31231
2020-02-13 00:00:00+00:00,26.452,27.397,24.58,25.456,37507469.18219
2020-02-14 00:00:00+00:00,25.455,26.697,25.043,26.384,32817983.42742
2020-02-15 00:00:00+00:00,26.373,26.6,23.25,24.239,40571935.40173
2020-02-16 00:00:00+00:00,24.225,25.302,21.78,23.389,42055798.35577
2020-02-17 00:00:00+00:00,23.355,23.623,21.519,23.452,45872599.54061
2020-02-18 00:00:00+00:00,23.462,24.519,22.726,24.094,30546919.66474
2020-02-19 00:00:00+00:00,24.107,24.392,21.391,22.367,33379978.3509
2020-02-20 00:00:00+00:00,22.362,22.723,21.0,22.191,27328018.75877
2020-02-21 00:00:00+00:00,22.172,22.933,21.815,22.209,21692224.8129
2020-02-22 00:00:00+00:00,22.221,22.374,21.51,22.008,16187652.61082
2020-02-23 00:00:00+00:00,22.007,22.997,21.977,22.868,22824378.55776
2020-02-24 00:00:00+00:00,22.871,23.288,21.512,22.11,28491561.8528
2020-02-25 00:00:00+00:00,22.111,22.13,20.139,20.34,30267705.10421
2020-02-26 00:00:00+00:00,20.345,20.547,17.87,18.729,43683100.68405
2020-02-27 00:00:00+00:00,18.723,19.635,17.701,19.154,31740165.79434
2020-02-28 00:00:00+00:00,19.15,19.755,17.92,19.001,32323414.26489
2020-02-29 00:00:00+00:00,19.001,20.3,18.802,19.257,33787883.5182
2020-03-01 00:00:00+00:00,19.25,19.913,18.5,18.9,41112605.97457
2020-03-02 00:00:00+00:00,18.909,20.051,18.768,19.9,34843412.66647
2020-03-03 00:00:00+00:00,19.901,20.382,19.33,19.685,31699204.00933
2020-03-04 00:00:00+00:00,19.684,20.273,19.54,19.969,27811026.36718
2020-03-05 00:00:00+00:00,19.969,21.472,19.965,20.754,40873522.86982
2020-03-06 00:00:00+00:00,20.75,21.77,20.692,21.379,35201703.50768
2020-03-07 00:00:00+00:00,21.379,21.5,19.778,20.269,28857996.7731
2020-03-08 00:00:00+00:00,20.27,20.27,16.715,16.897,42527247.2372
2020-03-09 00:00:00+00:00,16.886,17.465,15.628,16.589,57190727.58453
2020-03-10 00:00:00+00:00,16.603,17.45,16.289,16.85,40766807.88556
2020-03-11 00:00:00+00:00,16.868,17.129,15.423,16.591,35400178.71604
2020-03-12 00:00:00+00:00,16.591,16.628,8.873,9.277,103182679.1723
2020-03-13 00:00:00+00:00,9.23,11.708,6.236,10.958,112147222.21236
2020-03-14 00:00:00+00:00,10.952,11.3,9.875,10.135,29727288.25
2020-03-15 00:00:00+00:00,10.14,11.329,9.971,10.393,21690406.84644
2020-03-16 00:00:00+00:00,10.388,10.404,8.38,9.422,42760749.88319
2020-03-17 00:00:00+00:00,9.432,10.531,9.326,10.241,27015207.48242
2020-03-18 00:00:00+00:00,10.237,10.425,9.658,10.392,21568437.4919
2020-03-19 00:00:00+00:00,10.393,12.699,10.245,12.267,33507998.67024
2020-03-20 00:00:00+00:00,12.263,13.697,10.307,11.911,37441881.80195
2020-03-21 00:00:00+00:00,11.912,12.439,11.272,12.101,27346669.20401
2020-03-22 00:00:00+00:00,12.105,12.483,11.02,11.16,29051868.2806
2020-03-23 00:00:00+00:00,11.159,12.52,10.765,12.172,26327178.14176
2020-03-24 00:00:00+00:00,12.174,12.575,11.906,12.404,21313506.46383
2020-03-25 00:00:00+00:00,12.4,12.708,11.96,12.304,21495480.73864
2020-03-26 00:00:00+00:00,12.307,13.267,12.1,13.202,13625239.21797
2020-03-27 00:00:00+00:00,13.201,13.386,12.039,12.317,19357036.04925
2020-03-28 00:00:00+00:00,12.3,12.348,11.61,12.175,16002677.22643
2020-03-29 00:00:00+00:00,12.177,12.228,11.26,11.267,11280805.72999
2020-03-30 00:00:00+00:00,11.273,12.424,11.225,12.123,14732997.93602
2020-03-31 00:00:00+00:00,12.128,12.75,12.1,12.536,16573287.8825
2020-04-01 00:00:00+00:00,12.539,12.748,11.96,12.706,17358637.97804
2020-04-02 00:00:00+00:00,12.706,13.755,12.5,13.008,24245784.22024
2020-04-03 00:00:00+00:00,13.015,13.578,12.912,13.359,18072583.66141
2020-04-04 00:00:00+00:00,13.361,14.051,13.136,13.781,30979831.27916
2020-04-05 00:00:00+00:00,13.776,13.969,13.411,13.699,16072572.59323
2020-04-06 00:00:00+00:00,13.696,15.232,13.639,15.189,27936637.4641
2020-04-07 00:00:00+00:00,15.189,15.512,14.25,14.725,33545982.63596
2020-04-08 00:00:00+00:00,14.728,15.377,14.567,15.098,22397653.40256
2020-04-09 00:00:00+00:00,15.102,15.218,14.611,15.013,18891449.78728
2020-04-10 00:00:00+00:00,15.012,15.082,13.455,13.708,26776139.88945
2020-04-11 00:00:00+00:00,13.708,14.09,13.519,13.804,16101132.66501
2020-04-12 00:00:00+00:00,13.812,14.846,13.639,14.287,22778957.8927
2020-04-13 00:00:00+00:00,14.282,15.075,13.5,15.0,57953460.48156
2020-04-14 00:00:00+00:00,15.001,15.954,14.763,15.593,70685920.91092
2020-04-15 00:00:00+00:00,15.589,15.811,14.467,14.544,43931002.14745
2020-04-16 00:00:00+00:00,14.544,15.767,14.069,15.737,46939671.6967
2020-04-17 00:00:00+00:00,15.739,15.92,15.139,15.61,34126606.20656
2020-04-18 00:00:00+00:00,15.61,16.823,15.6,16.58,36848836.92032
2020-04-19 00:00:00+00:00,16.579,16.669,15.77,16.035,29643710.95509
2020-04-20 00:00:00+00:00,16.03,16.456,14.775,14.928,40625517.83062
2020-04-21 00:00:00+00:00,14.924,15.422,14.666,15.113,36799224.32379
2020-04-22 00:00:00+00:00,15.103,15.823,14.913,15.697,24765776.58051
2020-04-23 00:00:00+00:00,15.697,16.463,15.379,16.049,32825762.38781
2020-04-24 00:00:00+00:00,16.055,16.269,15.658,15.93,24871460.70848
2020-04-25 00:00:00+00:00,15.923,16.449,15.74,16.233,20363758.84563
2020-04-26 00:00:00+00:00,16.235,16.43,15.952,16.347,19709369.76134
2020-04-27 00:00:00+00:00,16.348,16.567,16.043,16.414,21847468.91659
2020-04-28 00:00:00+00:00,16.402,16.465,16.14,16.335,16581599.91329
2020-04-29 00:00:00+00:00,16.335,17.495,16.294,17.333,34824416.46856
2020-04-30 00:00:00+00:00,17.327,18.137,16.32,16.928,53689140.53733
2020-05-01 00:00:00+00:00,16.916,17.856,16.909,17.44,34353980.33841
2020-05-02 00:00:00+00:00,17.439,17.568,17.248,17.52,16595670.04502
2020-05-03 00:00:00+00:00,17.519,17.799,16.771,17.083,20952409.99031
2020-05-04 00:00:00+00:00,17.081,17.267,16.25,17.003,25582993.11111
2020-05-05 00:00:00+00:00,16.998,17.294,16.585,16.85,19416037.17006
2020-05-06 00:00:00+00:00,16.852,17.139,16.35,16.391,17842637.99182
2020-05-07 00:00:00+00:00,16.388,17.242,16.024,16.997,21583026.78887
2020-05-08 00:00:00+00:00,16.999,17.4,16.817,17.145,19994367.23245
2020-05-09 00:00:00+00:00,17.145,17.495,16.754,16.766,18843001.62145
2020-05-10 00:00:00+00:00,16.763,16.795,13.63,15.309,38225172.91294
2020-05-11 00:00:00+00:00,15.306,15.522,14.014,15.073,27273093.98087
2020-05-12 00:00:00+00:00,15.085,16.22,14.966,15.756,30851254.02452
2020-05-13 00:00:00+00:00,15.756,16.361,15.627,16.177,17737836.91274
2020-05-14 00:00:00+00:00,16.182,16.693,15.976,16.361,18796855.06859
2020-05-15 00:00:00+00:00,16.368,16.451,15.542,15.71,17723046.15571
2020-05-16 00:00:00+00:00,15.707,16.228,15.577,16.059,11825638.75723
2020-05-17 00:00:00+00:00,16.06,16.522,16.004,16.293,11491021.13548
2020-05-18 00:00:00+00:00,16.294,16.872,16.235,16.638,13100507.64018
2020-05-19 00:00:00+00:00,16.64,17.25,16.302,17.215,18264651.09554
2020-05-20 00:00:00+00:00,17.211,17.348,16.45,16.887,17621214.91059
2020-05-21 00:00:00+00:00,16.891,17.064,15.732,16.097,23113050.37646
2020-05-22 00:00:00+00:00,16.092,16.924,15.935,16.606,18280802.56697
2020-05-23 00:00:00+00:00,16.606,16.866,16.345,16.49,10962711.52226
2020-05-24 00:00:00+00:00,16.489,16.803,15.929,15.952,13724833.74536
2020-05-25 00:00:00+00:00,15.943,16.426,15.789,16.385,16816518.80161
2020-05-26 00:00:00+00:00,16.385,16.503,15.972,16.219,14012882.65542
2020-05-27 00:00:00+00:00,16.214,16.517,16.162,16.481,11702866.99513
2020-05-28 00:00:00+00:00,16.481,17.16,16.413,17.092,12623258.45483
2020-05-29 00:00:00+00:00,17.09,17.208,16.642,17.016,16238398.61107
2020-05-30 00:00:00+00:00,17.01,17.8,16.937,17.737,19992151.47925
2020-05-31 00:00:00+00:00,17.738,18.203,16.854,17.089,27265292.77208
2020-06-01 00:00:00+00:00,17.098,18.173,16.983,17.956,23044951.95614
2020-06-02 00:00:00+00:00,17.968,18.228,16.556,17.274,27995999.89312
2020-06-03 00:00:00+00:00,17.282,17.621,16.962,17.573,15094099.4868
2020-06-04 00:00:00+00:00,17.573,17.658,17.05,17.526,16152792.99013
2020-06-05 00:00:00+00:00,17.525,17.909,17.44,17.686,22247690.89508
2020-06-06 00:00:00+00:00,17.691,17.794,17.5,17.567,12594954.00552
2020-06-07 00:00:00+00:00,17.567,17.65,16.87,17.415,16863876.19842
2020-06-08 00:00:00+00:00,17.416,17.561,17.25,17.453,8431853.93157
2020-06-09 00:00:00+00:00,17.453,17.521,17.01,17.383,8522583.15338
2020-06-10 00:00:00+00:00,17.382,17.59,17.175,17.419,10157678.46562
2020-06-11 00:00:00+00:00,17.414,17.536,15.861,16.231,17779382.2075
2020-06-12 00:00:00+00:00,16.234,16.822,16.078,16.643,11231908.55147
2020-06-13 00:00:00+00:00,16.645,16.822,16.49,16.807,7313419.56273
2020-06-14 00:00:00+00:00,16.809,16.819,16.391,16.566,8297051.49655
2020-06-15 00:00:00+00:00,16.566,16.606,15.404,16.378,16932572.68462
2020-06-16 00:00:00+00:00,16.384,16.65,16.153,16.429,10025985.16866
2020-06-17 00:00:00+00:00,16.427,16.66,15.966,16.39,11993247.15786
2020-06-18 00:00:00+00:00,16.389,16.55,15.878,16.169,10727103.61332
2020-06-19 00:00:00+00:00,16.168,16.306,15.9,15.966,9810736.64498
2020-06-20 00:00:00+00:00,15.966,16.151,15.688,16.071,8869725.00892
2020-06-21 00:00:00+00:00,16.076,16.335,15.936,15.982,7146338.65582
2020-06-22 00:00:00+00:00,15.982,16.573,15.962,16.514,9861333.43883
2020-06-23 00:00:00+00:00,16.509,16.568,16.291,16.396,8997828.73984
2020-06-24 00:00:00+00:00,16.396,16.666,15.955,16.037,14876948.13576
2020-06-25 00:00:00+00:00,16.037,16.093,15.444,15.925,11389102.24071
2020-06-26 00:00:00+00:00,15.92,15.997,15.587,15.778,8319398.07827
2020-06-27 00:00:00+00:00,15.778,15.895,14.701,15.139,10417815.41433
2020-06-28 00:00:00+00:00,15.133,15.502,14.866,15.386,7616667.36504
2020-06-29 00:00:00+00:00,15.394,15.6,15.203,15.48,9141202.72656
2020-06-30 00:00:00+00:00,15.487,15.562,15.272,15.411,6978897.98172
2020-07-01 00:00:00+00:00,15.411,15.892,15.329,15.819,11254784.35865
2020-07-02 00:00:00+00:00,15.819,15.978,15.065,15.375,15243632.53649
2020-07-03 00:00:00+00:00,15.371,15.498,15.26,15.288,6171608.74363
2020-07-04 00:00:00+00:00,15.288,15.638,15.251,15.574,6720151.65649
2020-07-05 00:00:00+00:00,15.574,15.615,15.116,15.502,7776179.01366
2020-07-06 00:00:00+00:00,15.503,16.367,15.463,16.324,17172323.67667
2020-07-07 00:00:00+00:00,16.322,16.9,16.02,16.837,29328518.99159
2020-07-08 00:00:00+00:00,16.832,17.47,16.597,17.29,34904030.17604
2020-07-09 00:00:00+00:00,17.291,17.53,16.504,16.844,32199988.85267
2020-07-10 00:00:00+00:00,16.842,17.37,16.455,17.325,28042853.37205
2020-07-11 00:00:00+00:00,17.327,17.695,17.023,17.631,32657860.72588
2020-07-12 00:00:00+00:00,17.64,18.619,17.611,18.312,64204067.68099
2020-07-13 00:00:00+00:00,18.313,19.069,17.8,18.419,66971810.91926
2020-07-14 00:00:00+00:00,18.414,18.795,17.7,18.09,52494913.16792
2020-07-15 00:00:00+00:00,18.088,18.175,17.412,17.648,38784164.39949
2020-07-16 00:00:00+00:00,17.651,17.798,16.426,17.171,43260557.8704
2020-07-17 00:00:00+00:00,17.168,17.484,16.95,17.073,29626421.08214
2020-07-18 00:00:00+00:00,17.071,17.35,16.816,17.156,22754928.16178
2020-07-19 00:00:00+00:00,17.158,18.141,16.871,18.039,62031802.26558
2020-07-20 00:00:00+00:00,18.041,18.333,17.249,17.493,45981789.49823
2020-07-21 00:00:00+00:00,17.482,17.99,17.404,17.737,27190137.40539
2020-07-22 00:00:00+00:00,17.73,18.133,17.448,18.103,23452404.49132
2020-07-23 00:00:00+00:00,18.115,18.788,18.056,18.768,40162647.57468
2020-07-24 00:00:00+00:00,18.764,19.583,18.248,19.204,69605779.61083
2020-07-25 00:00:00+00:00,19.206,20.081,19.154,19.84,52443320.07395
2020-07-26 00:00:00+00:00,19.84,20.34,19.112,19.577,47841716.19864
2020-07-27 00:00:00+00:00,19.58,20.222,18.331,19.792,67367252.44872
2020-07-28 00:00:00+00:00,19.789,20.73,19.48,20.184,60489627.53662
2020-07-29 00:00:00+00:00,20.18,20.435,19.779,19.901,28646227.65032
2020-07-30 00:00:00+00:00,19.906,20.149,19.521,19.978,24240726.43436
2020-07-31 00:00:00+00:00,19.988,20.88,19.95,20.686,38965489.2456
2020-08-01 00:00:00+00:00,20.683,21.799,20.598,21.646,51334478.15564
2020-08-02 00:00:00+00:00,21.641,22.25,18.546,20.959,63972380.14784
2020-08-03 00:00:00+00:00,20.961,22.562,20.615,22.064,70583697.69772
2020-08-04 00:00:00+00:00,22.064,22.465,21.439,22.323,48783737.55003
2020-08-05 00:00:00+00:00,22.324,23.55,22.084,23.236,79708058.08475
2020-08-06 00:00:00+00:00,23.235,23.274,22.5,22.76,48730781.91462
2020-08-07 00:00:00+00:00,22.757,23.0,21.01,22.334,70028435.93058
2020-08-08 00:00:00+00:00,22.334,22.914,21.813,22.909,41150934.14523
2020-08-09 00:00:00+00:00,22.908,22.918,22.0,22.416,32337707.59319
2020-08-10 00:00:00+00:00,22.426,22.806,22.0,22.656,37363619.13834
2020-08-11 00:00:00+00:00,22.655,22.792,20.6,21.278,52897963.79101
2020-08-12 00:00:00+00:00,21.289,22.021,20.509,21.503,47621948.02618
2020-08-13 00:00:00+00:00,21.503,21.896,20.669,21.789,54807056.30651
2020-08-14 00:00:00+00:00,21.798,23.356,21.273,23.141,85652682.57017
2020-08-15 00:00:00+00:00,23.141,23.82,22.755,23.107,54949767.17121
2020-08-16 00:00:00+00:00,23.096,23.833,22.707,23.54,46644081.1158
2020-08-17 00:00:00+00:00,23.54,24.081,22.94,23.503,53003678.0283
2020-08-18 00:00:00+00:00,23.504,23.806,22.319,23.016,43214622.353
2020-08-19 00:00:00+00:00,23.016,23.279,21.81,22.376,46465019.34461
2020-08-20 00:00:00+00:00,22.393,23.35,22.043,23.122,43330483.30482
2020-08-21 00:00:00+00:00,23.127,23.35,21.711,22.123,51246840.87208
2020-08-22 00:00:00+00:00,22.122,22.274,21.297,22.216,34437428.1967
2020-08-23 00:00:00+00:00,22.217,22.261,21.554,21.853,27392696.34532
2020-08-24 00:00:00+00:00,21.854,23.002,21.68,22.6,29727499.45517
2020-08-25 00:00:00+00:00,22.6,22.667,21.0,21.4,37127918.20526
2020-08-26 00:00:00+00:00,21.4,22.531,21.282,22.212,41563734.5286
2020-08-27 00:00:00+00:00,22.21,23.178,21.834,23.129,57571722.41852
2020-08-28 00:00:00+00:00,23.129,23.609,22.624,23.095,45932821.05139
2020-08-29 00:00:00+00:00,23.098,23.534,22.764,22.952,30946160.54473
2020-08-30 00:00:00+00:00,22.951,23.9,22.903,23.642,37011134.35735
2020-08-31 00:00:00+00:00,23.641,24.019,22.95,23.166,35177709.51372
2020-09-01 00:00:00+00:00,23.167,25.672,22.822,24.756,77552825.65801
2020-09-02 00:00:00+00:00,24.756,25.908,23.0,24.756,114475450.48043
2020-09-03 00:00:00+00:00,24.759,25.568,19.81,20.424,149240223.5401
2020-09-04 00:00:00+00:00,20.41,21.843,19.077,20.94,92204755.10552
2020-09-05 00:00:00+00:00,20.942,21.464,17.89,19.43,63456217.58296
2020-09-06 00:00:00+00:00,19.415,23.471,18.503,23.137,116760860.79285
2020-09-07 00:00:00+00:00,23.12,23.564,19.911,22.398,99281167.39276
2020-09-08 00:00:00+00:00,22.405,23.396,21.25,23.18,94025248.91812
2020-09-09 00:00:00+00:00,23.177,24.48,22.35,24.417,79809568.23952
2020-09-10 00:00:00+00:00,24.403,25.577,24.057,24.509,79711834.17402
2020-09-11 00:00:00+00:00,24.512,25.684,23.019,25.365,74167230.29449
2020-09-12 00:00:00+00:00,25.347,28.507,25.325,28.395,143932672.48732
2020-09-13 00:00:00+00:00,28.397,32.36,28.006,31.142,288627963.86454
2020-09-14 00:00:00+00:00,31.139,33.302,29.05,30.856,328626618.34839
2020-09-15 00:00:00+00:00,30.867,30.899,26.688,27.086,289951438.10129
2020-09-16 00:00:00+00:00,27.088,28.3,25.577,27.816,186794766.93231
2020-09-17 00:00:00+00:00,27.816,28.741,26.055,26.989,125488111.68021
2020-09-18 00:00:00+00:00,26.988,28.824,26.607,27.653,128158883.14605
2020-09-19 00:00:00+00:00,27.66,28.054,26.685,27.226,60715927.15836
2020-09-20 00:00:00+00:00,27.226,27.374,25.111,26.324,86220094.1686
2020-09-21 00:00:00+00:00,26.329,26.652,22.2,23.12,164562531.41669
2020-09-22 00:00:00+00:00,23.12,24.594,22.662,24.051,99434903.05201
2020-09-23 00:00:00+00:00,24.051,24.366,22.435,22.839,87786524.85871
2020-09-24 00:00:00+00:00,22.839,24.679,22.562,24.56,69421492.25839
2020-09-25 00:00:00+00:00,24.56,25.089,23.726,24.677,60960004.06639
2020-09-26 00:00:00+00:00,24.674,26.444,24.454,26.162,65213602.11351
2020-09-27 00:00:00+00:00,26.162,26.85,25.466,26.219,73583942.38213
2020-09-28 00:00:00+00:00,26.221,27.67,25.83,26.973,87999340.7899
2020-09-29 00:00:00+00:00,26.973,28.948,26.834,28.822,123765808.40164
2020-09-30 00:00:00+00:00,28.823,29.549,27.78,29.2,98788798.55969
2020-10-01 00:00:00+00:00,29.2,29.305,26.193,27.455,122785759.07373
2020-10-02 00:00:00+00:00,27.454,28.091,25.57,27.285,139626232.90782
2020-10-03 00:00:00+00:00,27.302,28.255,27.005,28.133,68850321.44084
2020-10-04 00:00:00+00:00,28.133,29.13,27.85,28.961,81396896.0783
2020-10-05 00:00:00+00:00,28.973,29.185,28.069,28.616,66114844.82378
2020-10-06 00:00:00+00:00,28.616,28.94,27.277,27.687,93065834.93691
2020-10-07 00:00:00+00:00,27.685,27.855,26.836,27.667,58645788.08045
2020-10-08 00:00:00+00:00,27.664,27.82,26.51,27.669,61698287.52938
2020-10-09 00:00:00+00:00,27.669,28.49,27.43,28.373,55586179.42403
2020-10-10 00:00:00+00:00,28.373,29.231,28.077,28.359,54009128.58005
2020-10-11 00:00:00+00:00,28.359,28.725,27.833,28.501,42924537.83246
2020-10-12 00:00:00+00:00,28.502,31.1,28.428,30.638,174459464.21281
2020-10-13 00:00:00+00:00,30.64,31.701,29.957,30.622,138190027.68376
2020-10-14 00:00:00+00:00,30.623,31.335,30.305,30.8,83303054.4765
2020-10-15 00:00:00+00:00,30.804,31.701,30.332,31.3,100104158.07685
2020-10-16 00:00:00+00:00,31.299,31.891,29.56,30.026,135915671.42042
2020-10-17 00:00:00+00:00,30.031,30.56,29.666,30.2,50831262.91271
2020-10-18 00:00:00+00:00,30.202,30.95,30.132,30.599,56278918.9338
2020-10-19 00:00:00+00:00,30.6,30.672,29.7,29.899,65566585.07564
2020-10-20 00:00:00+00:00,29.899,30.089,28.5,28.831,77200628.40542
2020-10-21 00:00:00+00:00,28.832,30.42,28.651,29.734,90105737.91095
2020-10-22 00:00:00+00:00,29.732,31.28,29.682,30.663,91236980.68623
2020-10-23 00:00:00+00:00,30.658,31.186,30.065,30.63,58321199.15919
2020-10-24 00:00:00+00:00,30.63,30.85,30.407,30.629,28407425.2126
2020-10-25 00:00:00+00:00,30.629,30.99,29.85,30.107,44621956.39088
2020-10-26 00:00:00+00:00,30.104,31.37,29.925,31.022,100829281.59629
2020-10-27 00:00:00+00:00,31.021,32.448,30.821,31.423,136505610.77661
2020-10-28 00:00:00+00:00,31.415,31.93,29.75,30.322,90172790.57847
2020-10-29 00:00:00+00:00,30.322,30.423,29.46,29.845,69274701.79915
2020-10-30 00:00:00+00:00,29.847,30.19,27.451,28.509,103053427.818
2020-10-31 00:00:00+00:00,28.51,28.91,28.12,28.504,46758164.52414
2020-11-01 00:00:00+00:00,28.509,28.685,28.105,28.568,33014941.39253
2020-11-02 00:00:00+00:00,28.564,29.271,27.773,27.807,77181697.86428
2020-11-03 00:00:00+00:00,27.806,27.806,25.727,26.878,91018601.6426
2020-11-04 00:00:00+00:00,26.879,26.979,25.937,26.96,70873540.01038
2020-11-05 00:00:00+00:00,26.962,27.947,26.674,27.721,83560630.13618
2020-11-06 00:00:00+00:00,27.723,29.555,27.721,29.052,103885708.91947
2020-11-07 00:00:00+00:00,29.054,29.914,26.851,27.788,121480847.56771
2020-11-08 00:00:00+00:00,27.784,28.74,27.485,28.427,53939729.11646
2020-11-09 00:00:00+00:00,28.421,28.978,27.375,28.1,70566408.43938
2020-11-10 00:00:00+00:00,28.1,28.539,27.717,28.237,56653622.03376
2020-11-11 00:00:00+00:00,28.238,28.6,27.811,28.01,44277853.14999
2020-11-12 00:00:00+00:00,28.012,28.188,27.302,27.712,41929883.8983
2020-11-13 00:00:00+00:00,27.712,28.488,27.55,28.227,56150124.08873
2020-11-14 00:00:00+00:00,28.227,28.233,27.408,27.964,33670851.95792
2020-11-15 00:00:00+00:00,27.959,28.24,27.069,27.681,44855583.79333
2020-11-16 00:00:00+00:00,27.681,28.231,27.48,27.997,42511092.30144
2020-11-17 00:00:00+00:00,27.99,28.83,27.958,28.554,72512580.62212
2020-11-18 00:00:00+00:00,28.561,28.84,27.203,28.12,80227340.82021
2020-11-19 00:00:00+00:00,28.123,28.388,27.65,28.123,49672010.05929
2020-11-20 00:00:00+00:00,28.123,29.339,28.074,28.986,81176230.81665
2020-11-21 00:00:00+00:00,28.986,30.838,28.339,30.581,148218419.12064
2020-11-22 00:00:00+00:00,30.587,31.362,28.878,30.045,140573398.75155
2020-11-23 00:00:00+00:00,30.041,31.179,29.821,31.063,137955951.6105
2020-11-24 00:00:00+00:00,31.057,35.328,30.852,33.919,365280262.16111
2020-11-25 00:00:00+00:00,33.927,35.423,30.3,31.285,201330449.8109
2020-11-26 00:00:00+00:00,31.284,31.793,26.409,28.258,268723165.35109
2020-11-27 00:00:00+00:00,28.263,28.75,27.263,28.5,93249138.99602
2020-11-28 00:00:00+00:00,28.5,29.722,27.927,29.168,74245584.991
2020-11-29 00:00:00+00:00,29.165,30.479,28.91,30.138,76134371.95894
2020-11-30 00:00:00+00:00,30.138,31.696,29.759,31.535,102498110.64329
2020-12-01 00:00:00+00:00,31.54,32.0,29.164,30.206,123938360.14332
2020-12-02 00:00:00+00:00,30.205,30.993,29.504,30.278,69942956.70488
2020-12-03 00:00:00+00:00,30.286,30.859,29.884,30.721,50405361.39047
2020-12-04 00:00:00+00:00,30.72,31.16,28.757,29.039,71929179.54771
2020-12-05 00:00:00+00:00,29.04,30.041,28.682,29.74,47793114.56812
2020-12-06 00:00:00+00:00,29.73,30.162,29.057,29.499,41305996.87542
2020-12-07 00:00:00+00:00,29.508,29.668,29.09,29.38,30935718.73322
2020-12-08 00:00:00+00:00,29.384,29.488,27.453,27.687,55669703.74606
2020-12-09 00:00:00+00:00,27.682,28.398,26.932,28.152,40946511.95294
2020-12-10 00:00:00+00:00,28.145,28.243,27.422,27.7,28796222.02568
2020-12-11 00:00:00+00:00,27.699,27.784,26.747,27.356,33171119.06108
2020-12-12 00:00:00+00:00,27.359,28.235,27.283,28.162,28686112.86665
2020-12-13 00:00:00+00:00,28.163,29.323,28.023,29.182,39963156.70825
2020-12-14 00:00:00+00:00,29.185,30.194,28.69,30.031,59619234.31363
2020-12-15 00:00:00+00:00,30.04,30.335,29.305,29.47,40853888.07639
2020-12-16 00:00:00+00:00,29.471,30.67,29.035,30.563,64975816.57149
2020-12-17 00:00:00+00:00,30.564,31.634,29.746,30.237,123043407.103
2020-12-18 00:00:00+00:00,30.238,31.26,29.638,31.0,59862269.90047
2020-12-19 00:00:00+00:00,31.0,34.356,30.931,33.337,180458344.67921
2020-12-20 00:00:00+00:00,33.346,35.7,32.6,34.29,226687301.56077
2020-12-21 00:00:00+00:00,34.297,35.695,31.5,32.13,240192067.07971
2020-12-22 00:00:00+00:00,32.13,33.858,30.5,33.527,144947357.09639
2020-12-23 00:00:00+00:00,33.527,34.5,29.8,31.159,177304618.17446
2020-12-24 00:00:00+00:00,31.161,32.776,30.354,32.504,100175786.85975
2020-12-25 00:00:00+00:00,32.525,33.532,31.745,33.231,86602796.28391
2020-12-26 00:00:00+00:00,33.235,34.106,32.578,33.638,97474881.46584
2020-12-27 00:00:00+00:00,33.641,35.132,31.792,33.676,143677272.94804
2020-12-28 00:00:00+00:00,33.68,36.268,33.352,36.026,167494762.90028
2020-12-29 00:00:00+00:00,36.023,39.5,35.372,39.122,275087307.71419
2020-12-30 00:00:00+00:00,39.127,39.355,36.852,38.224,92516921.15966
2020-12-31 00:00:00+00:00,38.209,38.28,36.67,37.386,67479827.55992
2021-01-01 00:00:00+00:00,37.4,39.082,37.0,37.795,99344291.78495
2021-01-02 00:00:00+00:00,37.795,39.06,36.79,38.271,105559011.11676
2021-01-03 00:00:00+00:00,38.271,41.906,37.838,41.3,230122378.41895
2021-01-04 00:00:00+00:00,41.301,43.646,38.011,41.142,268002846.34759
2021-01-05 00:00:00+00:00,41.126,41.807,38.844,41.799,167800582.98486
2021-01-06 00:00:00+00:00,41.806,42.328,40.53,42.288,140351595.41443
2021-01-07 00:00:00+00:00,42.286,44.928,41.3,43.57,201493806.87513
2021-01-08 00:00:00+00:00,43.566,43.69,40.054,42.394,180737744.04054
2021-01-09 00:00:00+00:00,42.403,44.301,41.52,43.907,130567492.02824
2021-01-10 00:00:00+00:00,43.911,45.2,39.786,42.399,191480239.10162
2021-01-11 00:00:00+00:00,42.394,42.464,35.13,38.104,286696120.4017
2021-01-12 00:00:00+00:00,38.114,39.998,37.135,38.275,149031276.43131
2021-01-13 00:00:00+00:00,38.274,40.512,37.0,40.192,140899630.97661
2021-01-14 00:00:00+00:00,40.208,42.039,39.68,41.911,123844764.44994
2021-01-15 00:00:00+00:00,41.912,42.69,38.696,40.88,148351367.44652
2021-01-16 00:00:00+00:00,40.882,44.226,40.689,43.171,170702878.35315
2021-01-17 00:00:00+00:00,43.169,46.784,41.0,45.857,234148839.87087
2021-01-18 00:00:00+00:00,45.861,46.967,44.145,45.442,170845051.60955
2021-01-19 00:00:00+00:00,45.447,47.4,41.686,42.492,261881385.10176
2021-01-20 00:00:00+00:00,42.477,42.802,40.195,42.607,168146125.47692
2021-01-21 00:00:00+00:00,42.62,42.714,38.116,38.647,179805196.92555
2021-01-22 00:00:00+00:00,38.648,41.426,36.81,40.863,162589322.82931
2021-01-23 00:00:00+00:00,40.855,41.799,39.504,40.925,105153492.32686
2021-01-24 00:00:00+00:00,40.927,42.273,40.28,41.85,76799122.45614
2021-01-25 00:00:00+00:00,41.85,43.435,40.5,41.826,107571862.48905
2021-01-26 00:00:00+00:00,41.835,42.556,39.876,41.873,90990712.26302
2021-01-27 00:00:00+00:00,41.86,42.131,39.71,40.902,102243269.16948
2021-01-28 00:00:00+00:00,40.907,42.999,40.36,42.452,94475743.39705
2021-01-29 00:00:00+00:00,42.452,44.1,41.837,42.863,127497250.36969
2021-01-30 00:00:00+00:00,42.869,45.156,42.6,44.744,86077046.95623
2021-01-31 00:00:00+00:00,44.74,45.707,43.374,44.353,78544090.37274
2021-02-01 00:00:00+00:00,44.345,52.578,43.418,51.483,280811230.96805
2021-02-02 00:00:00+00:00,51.461,52.888,49.315,50.914,232664923.88246
2021-02-03 00:00:00+00:00,50.906,52.694,49.751,52.096,111438021.18047
2021-02-04 00:00:00+00:00,52.095,56.948,51.008,55.968,201246849.48788
2021-02-05 00:00:00+00:00,55.96,68.8,55.925,67.736,354892927.06439
2021-02-06 00:00:00+00:00,67.69,75.538,61.52,72.555,874732752.1915
2021-02-07 00:00:00+00:00,72.548,74.5,64.034,68.269,453573888.24923
2021-02-08 00:00:00+00:00,68.259,80.386,67.4,80.146,581712183.32185
2021-02-09 00:00:00+00:00,80.146,116.592,78.785,107.249,1715925644.63717
2021-02-10 00:00:00+00:00,107.254,148.9,107.25,128.901,3537757054.75824
2021-02-11 00:00:00+00:00,128.9,133.605,118.0,124.11,988435909.81586
2021-02-12 00:00:00+00:00,124.148,141.85,121.0,136.745,1055142000.47924
2021-02-13 00:00:00+00:00,136.728,139.0,124.951,133.5,583667753.63512
2021-02-14 00:00:00+00:00,133.5,140.417,128.541,135.844,713957618.34866
2021-02-15 00:00:00+00:00,135.89,140.187,117.189,130.037,688852449.81752
2021-02-16 00:00:00+00:00,130.036,134.0,126.2,130.334,390849638.86074
2021-02-17 00:00:00+00:00,130.327,176.92,127.0,165.556,1813734286.07048
2021-02-18 00:00:00+00:00,165.638,201.69,163.257,195.549,2864510514.33314
2021-02-19 00:00:00+00:00,195.571,350.0,195.0,334.094,10019885962.46741
2021-02-20 00:00:00+00:00,334.111,337.0,223.342,252.807,5912072901.33963
2021-02-21 00:00:00+00:00,253.053,309.086,249.001,294.864,4155862705.69895
2021-02-22 00:00:00+00:00,294.945,295.986,219.0,267.467,4042822266.78488
2021-02-23 00:00:00+00:00,267.444,270.081,183.5,230.982,4334130731.88721
2021-02-24 00:00:00+00:00,230.99,280.811,213.2,254.183,3754142486.00136
2021-02-25 00:00:00+00:00,254.194,265.82,231.0,234.376,2266374310.55284
2021-02-26 00:00:00+00:00,234.409,239.772,208.872,221.6,2289352972.85643
2021-02-27 00:00:00+00:00,221.594,238.0,218.991,225.36,1230194961.35626
2021-02-28 00:00:00+00:00,225.33,229.294,195.0,210.11,1653869877.94446
2021-03-01 00:00:00+00:00,210.196,260.0,209.052,255.033,2765386971.87072
2021-03-02 00:00:00+00:00,255.069,265.584,227.121,239.713,1915270144.56256
2021-03-03 00:00:00+00:00,239.673,255.387,236.054,240.499,1621177389.75132
2021-03-04 00:00:00+00:00,240.427,250.311,225.577,229.743,1331429561.70798
2021-03-05 00:00:00+00:00,229.698,231.637,215.7,225.407,1144093957.55844
2021-03-06 00:00:00+00:00,225.409,232.386,219.424,226.349,755801055.06652
2021-03-07 00:00:00+00:00,226.382,244.389,224.77,240.269,1058652887.22604
2021-03-08 00:00:00+00:00,240.283,243.394,229.0,240.555,895057867.60379
2021-03-09 00:00:00+00:00,240.553,298.292,235.82,293.464,3401097400.37638
2021-03-10 00:00:00+00:00,293.424,296.5,264.0,278.397,2860535754.97144
2021-03-11 00:00:00+00:00,278.397,316.491,272.434,290.04,3595737902.70377
2021-03-12 00:00:00+00:00,290.04,290.954,246.336,263.372,2640348829.36901
2021-03-13 00:00:00+00:00,263.404,284.933,255.55,276.98,1448083021.93244
2021-03-14 00:00:00+00:00,276.994,277.71,263.114,263.278,919002613.54001
2021-03-15 00:00:00+00:00,263.431,268.158,249.649,254.523,1220857944.82322
2021-03-16 00:00:00+00:00,254.53,259.902,240.0,258.957,1013265927.78932
2021-03-17 00:00:00+00:00,258.964,272.598,248.624,270.149,857917831.23671
2021-03-18 00:00:00+00:00,270.187,278.239,257.461,261.699,1083023933.05355
2021-03-19 00:00:00+00:00,261.699,269.486,255.001,262.924,638127797.27726
2021-03-20 00:00:00+00:00,262.933,274.848,261.585,264.332,724691118.54619
2021-03-21 00:00:00+00:00,264.305,268.121,257.232,264.852,617711659.78517
2021-03-22 00:00:00+00:00,264.852,277.607,253.0,254.967,1113058065.16685
2021-03-23 00:00:00+00:00,254.99,263.031,252.0,255.654,798087982.96707
2021-03-24 00:00:00+00:00,255.605,268.807,240.0,248.468,1024271347.75635
2021-03-25 00:00:00+00:00,248.52,250.084,222.902,233.852,1195801079.20644
2021-03-26 00:00:00+00:00,233.849,255.192,233.744,255.072,773587100.15819
2021-03-27 00:00:00+00:00,255.046,276.338,248.788,269.619,1023220527.38542
2021-03-28 00:00:00+00:00,269.605,281.67,261.1,268.799,1050984177.0801
2021-03-29 00:00:00+00:00,268.788,278.5,264.52,275.426,716337983.67931
2021-03-30 00:00:00+00:00,275.421,312.811,271.507,312.347,2358752333.65585
2021-03-31 00:00:00+00:00,312.322,317.89,283.0,302.7,2415262142.06915
2021-04-01 00:00:00+00:00,302.702,340.0,301.0,335.334,2093682423.10748
2021-04-02 00:00:00+00:00,335.374,358.418,325.0,338.821,2338213755.15838
2021-04-03 00:00:00+00:00,338.721,349.8,315.2,322.235,1571363019.52245
2021-04-04 00:00:00+00:00,322.244,352.867,316.116,349.304,1366193753.50748
2021-04-05 00:00:00+00:00,349.277,381.24,335.532,368.763,2061267862.76967
2021-04-06 00:00:00+00:00,368.754,413.068,364.5,403.484,3014535196.14841
2021-04-07 00:00:00+00:00,403.499,414.784,356.777,375.947,4274347011.93321
2021-04-08 00:00:00+00:00,375.947,423.468,372.146,418.755,2537454715.69412
2021-04-09 00:00:00+00:00,418.77,454.842,405.05,454.84,2786192439.36973
2021-04-10 00:00:00+00:00,454.801,489.5,449.895,472.789,4164539354.42506
2021-04-11 00:00:00+00:00,472.86,529.909,460.8,526.179,3387721672.22694
2021-04-12 00:00:00+00:00,526.188,640.5,517.2,598.229,13362139662.66084
2021-04-13 00:00:00+00:00,598.212,605.145,533.5,553.269,6097883444.05825
2021-04-14 00:00:00+00:00,553.352,593.414,519.061,549.788,5206864683.7642
2021-04-15 00:00:00+00:00,549.788,558.324,534.205,542.723,2165924618.48792
2021-04-16 00:00:00+00:00,542.745,549.959,487.556,508.924,4975202491.26112
2021-04-17 00:00:00+00:00,508.919,548.545,506.0,515.342,2733959524.57189
2021-04-18 00:00:00+00:00,515.432,520.684,416.364,482.127,4551574836.63867
2021-04-19 00:00:00+00:00,482.126,540.909,467.235,504.668,4833438226.52617
2021-04-20 00:00:00+00:00,504.642,590.656,472.468,587.206,4957928258.63442
2021-04-21 00:00:00+00:00,586.959,614.8,535.955,544.359,6502790137.57968
2021-04-22 00:00:00+00:00,544.404,584.209,480.0,505.65,6048588272.162
2021-04-23 00:00:00+00:00,505.674,530.486,447.597,526.227,5812742489.11263
2021-04-24 00:00:00+00:00,526.228,529.158,483.0,497.13,2708628223.24489
2021-04-25 00:00:00+00:00,497.187,518.144,478.548,505.538,1980701482.64678
2021-04-26 00:00:00+00:00,505.543,550.595,502.01,535.358,2583407899.69884
2021-04-27 00:00:00+00:00,535.358,579.885,525.797,569.126,2586037846.84077
2021-04-28 00:00:00+00:00,569.126,580.0,540.0,563.063,2128415418.97699
2021-04-29 00:00:00+00:00,563.053,616.653,554.066,600.325,4310661450.51723
2021-04-30 00:00:00+00:00,600.325,628.95,586.328,623.585,3559168414.64988
2021-05-01 00:00:00+00:00,623.585,645.5,609.459,620.81,2259984012.1929
2021-05-02 00:00:00+00:00,620.813,629.67,596.0,622.071,1988875768.89767
2021-05-03 00:00:00+00:00,622.072,681.576,622.0,676.967,3157870538.35078
2021-05-04 00:00:00+00:00,676.991,679.53,605.0,610.058,3859026403.25555
2021-05-05 00:00:00+00:00,610.058,657.523,605.0,651.969,2088866292.46737
2021-05-06 00:00:00+00:00,652.0,655.347,621.0,634.224,1635721032.98309
2021-05-07 00:00:00+00:00,634.22,645.0,612.348,624.628,1506655543.55009
2021-05-08 00:00:00+00:00,624.617,659.182,619.111,646.27,1703524578.63927
2021-05-09 00:00:00+00:00,646.27,680.0,630.0,662.398,2261320872.62863
2021-05-10 00:00:00+00:00,662.375,692.9,585.059,631.543,3013336689.87588
2021-05-11 00:00:00+00:00,631.525,673.0,621.753,671.2,1608585740.28546
2021-05-12 00:00:00+00:00,671.19,685.0,580.0,594.1,1936293778.00073
2021-05-13 00:00:00+00:00,594.11,633.45,527.0,571.21,3917493276.3091
2021-05-14 00:00:00+00:00,571.14,616.29,565.98,603.47,1538673875.23383
2021-05-15 00:00:00+00:00,603.53,611.54,560.0,563.85,1381755945.65264
2021-05-16 00:00:00+00:00,563.87,607.33,535.01,564.41,1690630158.79039
2021-05-17 00:00:00+00:00,564.41,564.41,483.93,512.44,2542276498.336
2021-05-18 00:00:00+00:00,512.46,535.0,496.0,508.31,1581393751.00956
2021-05-19 00:00:00+00:00,508.33,516.68,250.0,334.47,4860680772.2038
2021-05-20 00:00:00+00:00,334.46,423.0,284.33,391.38,3297036424.07439
2021-05-21 00:00:00+00:00,391.33,415.79,273.89,325.75,2930822281.85531
2021-05-22 00:00:00+00:00,325.7,335.51,284.74,299.68,2017003029.00531
2021-05-23 00:00:00+00:00,299.63,313.62,211.14,260.61,3299759533.40301
2021-05-24 00:00:00+00:00,260.7,350.34,257.43,345.33,2929791445.0202
2021-05-25 00:00:00+00:00,345.28,376.08,307.0,343.43,2977495160.24361
2021-05-26 00:00:00+00:00,343.44,388.55,336.37,379.18,2362173490.37126
2021-05-27 00:00:00+00:00,379.15,387.6,340.03,369.71,2089840766.99223
2021-05-28 00:00:00+00:00,369.72,373.72,312.46,329.11,2536423803.79676
2021-05-29 00:00:00+00:00,329.12,347.54,295.64,304.17,2005398200.09081
2021-05-30 00:00:00+00:00,304.15,338.31,291.01,325.52,1810503751.54083
2021-05-31 00:00:00+00:00,325.52,356.16,307.06,353.12,1878130586.66049
2021-06-01 00:00:00+00:00,353.14,364.5,339.1,362.13,1741564228.86819
2021-06-02 00:00:00+00:00,362.1,418.45,350.38,401.34,2712098414.53735
2021-06-03 00:00:00+00:00,401.33,432.18,391.14,428.42,2486658573.4649
2021-06-04 00:00:00+00:00,428.52,429.71,365.33,390.83,3169638670.54846
2021-06-05 00:00:00+00:00,390.86,426.55,373.48,389.7,2814308174.91223
2021-06-06 00:00:00+00:00,389.68,400.22,381.39,393.52,1494629391.00469
2021-06-07 00:00:00+00:00,393.55,407.23,352.09,358.0,2278544149.5135
2021-06-08 00:00:00+00:00,358.03,366.44,319.13,352.34,3395242741.92649
2021-06-09 00:00:00+00:00,352.32,378.18,333.34,375.39,2508616410.66797
2021-06-10 00:00:00+00:00,375.42,377.47,344.0,351.88,1786512957.08916
2021-06-11 00:00:00+00:00,351.87,366.5,340.51,345.49,1534048436.7876
2021-06-12 00:00:00+00:00,345.49,348.76,325.18,343.6,1487364517.01043
2021-06-13 00:00:00+00:00,343.6,369.24,330.2,365.83,1415928304.1651
2021-06-14 00:00:00+00:00,365.86,377.36,355.0,369.9,1362050463.06219
2021-06-15 00:00:00+00:00,369.9,379.72,363.0,366.3,1251491779.70179
2021-06-16 00:00:00+00:00,366.36,366.73,343.0,347.24,1190135951.74576
2021-06-17 00:00:00+00:00,347.24,362.34,345.76,352.45,922563341.94761
2021-06-18 00:00:00+00:00,352.45,356.85,327.0,336.79,1246471325.9048
2021-06-19 00:00:00+00:00,336.79,345.12,331.02,333.77,830131241.42858
2021-06-20 00:00:00+00:00,333.77,340.46,310.0,338.98,1330212756.99949
2021-06-21 00:00:00+00:00,338.98,342.36,268.0,270.33,2521419739.47302
2021-06-22 00:00:00+00:00,270.31,291.02,225.0,261.92,3142263426.53845
2021-06-23 00:00:00+00:00,261.92,310.83,250.55,295.69,1975489737.81532
2021-06-24 00:00:00+00:00,295.68,316.65,281.12,308.53,1693998691.85864
2021-06-25 00:00:00+00:00,308.52,314.8,275.16,280.75,1708188711.8407
2021-06-26 00:00:00+00:00,280.74,290.49,263.84,279.38,1434197358.38274
2021-06-27 00:00:00+00:00,279.4,291.59,269.24,290.7,1147991052.97633
2021-06-28 00:00:00+00:00,290.7,299.45,283.4,289.82,1245040196.30729
2021-06-29 00:00:00+00:00,289.82,315.64,289.08,300.76,1497846093.92412
2021-06-30 00:00:00+00:00,300.76,304.76,281.3,303.44,1355749221.01806
2021-07-01 00:00:00+00:00,303.5,303.84,280.1,287.38,1035944744.30856
2021-07-02 00:00:00+00:00,287.38,290.57,275.93,286.83,848109313.11239
2021-07-03 00:00:00+00:00,286.84,303.33,282.5,298.07,795207627.20881
2021-07-04 00:00:00+00:00,298.1,314.88,292.5,307.58,976582649.91378
2021-07-05 00:00:00+00:00,307.59,307.6,292.11,301.98,1111235822.62551
2021-07-06 00:00:00+00:00,302.0,322.39,301.68,319.5,1526229265.4525
2021-07-07 00:00:00+00:00,319.5,339.44,318.04,327.41,1453222436.24197
2021-07-08 00:00:00+00:00,327.43,328.27,304.1,309.78,1420569018.70639
2021-07-09 00:00:00+00:00,309.77,319.36,301.52,316.86,903705946.50515
2021-07-10 00:00:00+00:00,316.86,321.0,310.3,316.11,714538084.6681
2021-07-11 00:00:00+00:00,316.1,326.72,312.0,321.8,745841388.37634
2021-07-12 00:00:00+00:00,321.81,334.0,308.21,315.56,1197083645.66034
2021-07-13 00:00:00+00:00,315.53,318.0,305.11,308.82,915468111.48083
2021-07-14 00:00:00+00:00,308.82,313.26,290.0,309.23,1177795370.0919
2021-07-15 00:00:00+00:00,309.23,323.98,301.11,315.78,1775156093.45912
2021-07-16 00:00:00+00:00,315.78,323.31,301.68,302.71,1233410183.42814
2021-07-17 00:00:00+00:00,302.7,306.4,293.7,300.08,977414783.58729
2021-07-18 00:00:00+00:00,300.11,308.88,298.32,301.77,757414019.01751
2021-07-19 00:00:00+00:00,301.78,303.46,278.0,280.27,1108678460.27639
2021-07-20 00:00:00+00:00,280.25,283.32,253.64,264.19,1420242675.25746
2021-07-21 00:00:00+00:00,264.19,299.0,260.6,293.07,1404509136.95459
2021-07-22 00:00:00+00:00,293.1,298.45,287.25,293.0,837626238.3067
2021-07-23 00:00:00+00:00,293.01,301.34,281.05,299.27,1020073951.64936
2021-07-24 00:00:00+00:00,299.32,307.92,295.4,301.47,786991599.77163
2021-07-25 00:00:00+00:00,301.46,303.92,292.2,302.17,626122954.28011
2021-07-26 00:00:00+00:00,302.17,329.05,300.62,303.8,1603715456.89179
2021-07-27 00:00:00+00:00,303.79,318.28,297.32,313.24,1054064422.44286
2021-07-28 00:00:00+00:00,313.21,318.73,307.31,313.67,879596028.284
2021-07-29 00:00:00+00:00,313.66,320.53,308.05,317.15,692772852.01239
2021-07-30 00:00:00+00:00,317.12,326.0,306.0,322.78,854499039.68885
2021-07-31 00:00:00+00:00,322.81,338.81,317.34,332.5,907945495.55414
2021-08-01 00:00:00+00:00,332.5,348.15,328.68,332.57,1020012023.75045
2021-08-02 00:00:00+00:00,332.58,338.22,326.36,330.53,695702471.62357
2021-08-03 00:00:00+00:00,330.56,334.7,317.08,323.46,624222550.81931
2021-08-04 00:00:00+00:00,323.46,337.19,319.67,334.88,567879298.28547
2021-08-05 00:00:00+00:00,334.87,340.26,323.55,338.11,783124698.53877
2021-08-06 00:00:00+00:00,338.08,347.46,330.95,342.28,743134430.52687
2021-08-07 00:00:00+00:00,342.27,359.99,340.31,356.25,924167277.20465
2021-08-08 00:00:00+00:00,356.25,360.0,337.03,341.99,804202946.42319
2021-08-09 00:00:00+00:00,342.0,357.82,333.35,354.46,840693384.16098
2021-08-10 00:00:00+00:00,354.46,377.34,348.7,372.03,1274046721.87546
2021-08-11 00:00:00+00:00,372.03,409.5,371.17,391.24,1316900222.74977
2021-08-12 00:00:00+00:00,391.23,406.95,371.77,385.8,1373495245.21786
2021-08-13 00:00:00+00:00,385.82,411.72,383.0,411.21,1061882549.95651
2021-08-14 00:00:00+00:00,411.26,419.54,400.0,408.9,1092505500.36647
2021-08-15 00:00:00+00:00,408.9,415.42,396.44,414.4,813110866.27134
2021-08-16 00:00:00+00:00,414.4,437.92,411.35,415.83,1384504597.30145
2021-08-17 00:00:00+00:00,415.84,436.37,398.66,402.07,1491592090.12571
2021-08-18 00:00:00+00:00,402.12,412.48,384.92,396.21,1227379299.14045
2021-08-19 00:00:00+00:00,396.31,432.3,391.0,431.51,1252913561.62689
2021-08-20 00:00:00+00:00,431.51,458.83,422.03,455.29,1226095577.45798
2021-08-21 00:00:00+00:00,455.3,460.89,445.0,449.25,1120445453.07305
2021-08-22 00:00:00+00:00,449.26,459.0,438.1,449.22,847161971.92542
2021-08-23 00:00:00+00:00,449.21,510.75,447.23,499.18,2697018873.40144
2021-08-24 00:00:00+00:00,499.19,505.23,461.0,472.23,1805189097.6112
2021-08-25 00:00:00+00:00,472.22,507.76,470.02,503.49,1957951630.24666
2021-08-26 00:00:00+00:00,503.49,519.82,471.0,478.14,2184940877.8007
2021-08-27 00:00:00+00:00,478.24,496.97,467.2,494.95,1488353017.33801
2021-08-28 00:00:00+00:00,495.04,497.56,482.79,486.61,739006873.0843
2021-08-29 00:00:00+00:00,486.61,496.4,476.11,480.06,871469638.84751
2021-08-30 00:00:00+00:00,480.04,481.6,457.16,460.29,1001075441.28393
2021-08-31 00:00:00+00:00,460.28,477.85,451.84,464.44,1233219943.40468
2021-09-01 00:00:00+00:00,464.48,490.73,455.64,489.5,1237587901.11016
2021-09-02 00:00:00+00:00,489.5,505.44,478.0,484.08,1299090124.24992
2021-09-03 00:00:00+00:00,484.07,495.05,473.0,488.78,1032614670.72067
2021-09-04 00:00:00+00:00,488.82,511.04,485.55,498.42,1432676576.9014
2021-09-05 00:00:00+00:00,498.47,506.53,488.87,505.71,1002442721.4091
2021-09-06 00:00:00+00:00,505.7,510.55,487.0,496.29,1115427375.02833
2021-09-07 00:00:00+00:00,496.3,505.88,332.95,418.7,2803786486.46861
2021-09-08 00:00:00+00:00,418.68,425.32,381.8,414.84,1413375175.75185
2021-09-09 00:00:00+00:00,414.83,436.64,403.73,421.41,1031981045.16054
2021-09-10 00:00:00+00:00,421.41,439.86,393.24,401.38,995586071.66332
2021-09-11 00:00:00+00:00,401.38,415.25,399.55,404.81,546362090.38253
2021-09-12 00:00:00+00:00,404.9,421.67,397.49,416.43,594253819.00894
2021-09-13 00:00:00+00:00,416.54,419.75,381.36,399.1,934143190.11191
2021-09-14 00:00:00+00:00,399.05,414.56,395.84,414.28,578172011.16089
2021-09-15 00:00:00+00:00,414.3,436.69,410.14,431.28,797733346.1902
2021-09-16 00:00:00+00:00,431.28,433.41,416.0,424.49,707294454.01665
2021-09-17 00:00:00+00:00,424.48,426.25,400.0,407.14,598246786.7955
2021-09-18 00:00:00+00:00,407.15,420.39,401.8,410.75,422895171.10393
2021-09-19 00:00:00+00:00,410.75,419.3,403.17,408.74,509034566.43809
2021-09-20 00:00:00+00:00,408.77,409.99,353.42,364.15,1285139447.95378
2021-09-21 00:00:00+00:00,364.2,375.52,335.72,344.26,1008145433.03332
2021-09-22 00:00:00+00:00,344.33,379.66,341.89,378.82,629500208.96604
2021-09-23 00:00:00+00:00,378.83,384.45,369.0,383.36,537898068.18025
2021-09-24 00:00:00+00:00,383.31,385.0,333.3,354.98,929185260.24875
2021-09-25 00:00:00+00:00,354.94,360.73,343.35,349.39,517025134.04237
2021-09-26 00:00:00+00:00,349.38,352.54,319.05,343.93,895108547.66277
2021-09-27 00:00:00+00:00,343.91,357.69,334.63,335.03,546136926.81844
2021-09-28 00:00:00+00:00,334.99,344.46,329.49,332.87,498668828.01201
2021-09-29 00:00:00+00:00,332.86,374.98,331.16,366.68,1155275653.98903
2021-09-30 00:00:00+00:00,366.68,388.53,365.2,386.87,883863371.83277
2021-10-01 00:00:00+00:00,386.9,422.99,380.88,421.19,1111445765.94647
2021-10-02 00:00:00+00:00,421.25,438.14,410.53,426.63,786504065.27555
2021-10-03 00:00:00+00:00,426.64,436.99,421.26,430.1,641907191.78407
2021-10-04 00:00:00+00:00,430.11,430.38,410.31,426.22,736840252.02886
2021-10-05 00:00:00+00:00,426.19,444.16,423.63,441.86,738030816.60336
2021-10-06 00:00:00+00:00,441.87,442.46,414.5,434.59,926982883.57179
2021-10-07 00:00:00+00:00,434.6,450.67,422.84,438.26,878429641.71949
2021-10-08 00:00:00+00:00,438.26,441.63,416.01,419.38,911875641.38033
2021-10-09 00:00:00+00:00,419.38,426.15,416.17,422.31,406005254.09972
2021-10-10 00:00:00+00:00,422.31,422.58,401.33,404.1,568834845.11968
2021-10-11 00:00:00+00:00,404.11,424.46,399.74,413.36,582833751.66687
2021-10-12 00:00:00+00:00,413.36,445.0,392.14,444.72,1964065617.21748
2021-10-13 00:00:00+00:00,444.73,471.77,433.0,470.18,3214234566.04597
2021-10-14 00:00:00+00:00,470.17,482.27,460.11,472.05,1171119424.0796
2021-10-15 00:00:00+00:00,472.04,477.4,451.48,474.19,1152086774.7428
2021-10-16 00:00:00+00:00,474.18,485.0,455.0,465.01,815090711.86666
2021-10-17 00:00:00+00:00,465.02,471.23,451.84,470.82,620943063.82237
2021-10-18 00:00:00+00:00,470.74,487.67,465.55,484.64,969124188.62335
2021-10-19 00:00:00+00:00,484.6,497.5,478.21,487.01,828320571.68599
2021-10-20 00:00:00+00:00,486.99,506.66,480.0,500.76,783096885.85075
2021-10-21 00:00:00+00:00,500.77,505.46,464.62,471.35,1565062775.76099
2021-10-22 00:00:00+00:00,471.31,498.51,471.24,479.79,998464854.41456
2021-10-23 00:00:00+00:00,479.77,486.27,473.14,486.17,418885462.84393
2021-10-24 00:00:00+00:00,486.2,487.0,468.19,476.29,411646222.22048
2021-10-25 00:00:00+00:00,476.29,489.03,475.32,485.4,403735337.84395
2021-10-26 00:00:00+00:00,485.41,490.7,473.57,478.48,473312299.81459
2021-10-27 00:00:00+00:00,478.5,486.89,429.9,448.65,1015080174.23197
2021-10-28 00:00:00+00:00,448.65,495.05,446.5,492.08,999405759.57091
2021-10-29 00:00:00+00:00,492.09,534.3,487.32,530.72,1141866446.37453
2021-10-30 00:00:00+00:00,530.73,541.61,510.45,528.95,797657532.49224
2021-10-31 00:00:00+00:00,528.96,535.39,508.07,524.42,666142963.35148
2021-11-01 00:00:00+00:00,524.44,551.8,511.0,551.12,923536484.13535
2021-11-02 00:00:00+00:00,551.11,564.28,537.2,554.59,687216073.79464
2021-11-03 00:00:00+00:00,554.63,570.0,537.62,568.48,799768280.05351
2021-11-04 00:00:00+00:00,568.48,568.82,543.97,558.86,626348271.28676
2021-11-05 00:00:00+00:00,558.87,618.32,554.51,606.43,1707542583.16822
2021-11-06 00:00:00+00:00,606.43,638.0,595.22,637.56,1274224430.74043
2021-11-07 00:00:00+00:00,637.55,669.75,630.0,649.57,1628394563.64675
2021-11-08 00:00:00+00:00,649.56,655.87,632.32,653.56,1104571138.93862
2021-11-09 00:00:00+00:00,653.54,656.93,632.66,635.2,711490969.18198
2021-11-10 00:00:00+00:00,635.21,662.8,570.0,613.61,1642697291.14653
2021-11-11 00:00:00+00:00,613.61,635.0,605.31,628.21,731407891.42062
2021-11-12 00:00:00+00:00,628.17,634.36,602.29,626.27,812453681.91855
2021-11-13 00:00:00+00:00,626.27,654.5,618.67,648.49,701866200.74455
2021-11-14 00:00:00+00:00,648.49,659.98,634.0,650.2,745587837.97672
2021-11-15 00:00:00+00:00,650.28,659.28,630.0,633.44,663841318.7618
2021-11-16 00:00:00+00:00,633.45,634.5,568.0,588.76,1731510609.28437
2021-11-17 00:00:00+00:00,588.73,592.87,554.0,578.41,1027672524.45989
2021-11-18 00:00:00+00:00,578.4,588.47,516.36,532.13,1135516860.45534
2021-11-19 00:00:00+00:00,532.2,585.72,524.2,580.98,951864949.17176
2021-11-20 00:00:00+00:00,580.98,604.94,573.3,604.66,734588584.63819
2021-11-21 00:00:00+00:00,604.62,605.43,580.27,584.2,550152966.09037
2021-11-22 00:00:00+00:00,584.25,585.54,554.21,559.79,761127947.19232
2021-11-23 00:00:00+00:00,559.78,605.7,558.16,591.6,927092256.47434
2021-11-24 00:00:00+00:00,591.59,594.95,577.31,590.56,783531278.61779
2021-11-25 00:00:00+00:00,590.56,647.49,587.67,639.3,1169302527.01775
2021-11-26 00:00:00+00:00,639.35,658.94,564.49,587.71,2034537737.78406
2021-11-27 00:00:00+00:00,587.65,621.16,583.9,600.19,989638267.87612
2021-11-28 00:00:00+00:00,600.18,612.99,571.8,611.52,1076056016.85498
2021-11-29 00:00:00+00:00,611.45,629.71,602.25,624.25,853791124.39515
2021-11-30 00:00:00+00:00,624.25,635.4,603.76,622.59,1115552458.9499
2021-12-01 00:00:00+00:00,622.65,650.75,619.23,627.45,1141581459.29868
2021-12-02 00:00:00+00:00,627.45,630.95,605.5,620.37,847433918.50736
2021-12-03 00:00:00+00:00,620.37,628.29,570.77,595.17,1034168949.72726
2021-12-04 00:00:00+00:00,595.18,596.29,484.18,568.07,1668132596.41578
2021-12-05 00:00:00+00:00,568.07,581.63,541.1,557.65,805246947.08321
2021-12-06 00:00:00+00:00,557.64,592.69,533.22,586.8,1298647782.92697
2021-12-07 00:00:00+00:00,586.77,592.59,571.45,578.34,726054542.37347
2021-12-08 00:00:00+00:00,578.34,607.23,566.42,607.05,796766810.60986
2021-12-09 00:00:00+00:00,607.05,616.68,567.29,569.26,832234951.99653
2021-12-10 00:00:00+00:00,569.27,593.94,550.0,551.94,801979128.60129
2021-12-11 00:00:00+00:00,551.85,572.51,541.41,564.12,612271733.37876
2021-12-12 00:00:00+00:00,564.11,574.41,558.51,569.58,406373122.64137
2021-12-13 00:00:00+00:00,569.59,571.65,510.55,520.75,751560587.88195
2021-12-14 00:00:00+00:00,520.77,534.9,509.78,527.86,813821402.69027
2021-12-15 00:00:00+00:00,527.83,546.54,501.5,541.18,817012417.92832
2021-12-16 00:00:00+00:00,541.21,545.34,524.65,526.0,509000515.08843
2021-12-17 00:00:00+00:00,526.01,536.04,510.81,525.5,628868708.89036
2021-12-18 00:00:00+00:00,525.51,537.87,516.58,533.68,395589074.82677
2021-12-19 00:00:00+00:00,533.68,544.82,527.42,529.71,368001699.36105
2021-12-20 00:00:00+00:00,529.72,534.93,506.0,523.96,462766022.1785
2021-12-21 00:00:00+00:00,523.96,536.01,517.17,528.46,414496678.43389
2021-12-22 00:00:00+00:00,528.51,545.49,527.25,533.74,458109670.12975
2021-12-23 00:00:00+00:00,533.75,552.46,524.33,548.92,504218564.85736
2021-12-24 00:00:00+00:00,548.94,554.46,537.08,542.2,447545463.65596
2021-12-25 00:00:00+00:00,542.21,550.95,539.29,547.5,289164731.914
2021-12-26 00:00:00+00:00,547.5,549.0,536.0,546.43,336133900.99239
2021-12-27 00:00:00+00:00,546.5,571.99,543.2,563.79,543570069.94651
2021-12-28 00:00:00+00:00,563.79,563.98,528.31,534.13,701143879.27229
2021-12-29 00:00:00+00:00,534.12,540.55,510.09,514.49,409872878.15978
2021-12-30 00:00:00+00:00,514.49,527.59,508.0,518.41,376085142.53798
2021-12-31 00:00:00+00:00,518.4,528.0,506.01,511.56,464024529.57423
2022-01-01 00:00:00+00:00,511.55,528.16,511.43,527.34,313448234.1823
2022-01-02 00:00:00+00:00,527.36,533.9,518.01,530.91,300965349.58932
2022-01-03 00:00:00+00:00,530.92,533.0,510.41,512.24,415267551.48635
2022-01-04 00:00:00+00:00,512.24,519.85,502.0,506.88,533189808.14222
2022-01-05 00:00:00+00:00,506.88,515.92,456.2,473.95,717300047.29104
2022-01-06 00:00:00+00:00,474.0,480.96,458.65,472.46,608913792.8733
2022-01-07 00:00:00+00:00,472.47,473.76,437.08,448.1,678793229.85588
2022-01-08 00:00:00+00:00,448.1,459.65,415.46,429.59,547408923.31827
2022-01-09 00:00:00+00:00,429.6,444.14,426.72,438.33,369560684.40417
2022-01-10 00:00:00+00:00,438.31,445.21,406.46,424.54,682635903.58876
2022-01-11 00:00:00+00:00,424.51,467.4,421.22,462.87,797268995.46072
2022-01-12 00:00:00+00:00,462.89,488.41,456.26,487.5,597206894.56608
2022-01-13 00:00:00+00:00,487.47,488.5,465.86,474.36,596300109.17622
2022-01-14 00:00:00+00:00,474.29,492.28,466.39,489.51,564250421.95832
2022-01-15 00:00:00+00:00,489.5,500.27,484.01,493.75,409461167.31918
2022-01-16 00:00:00+00:00,493.75,504.87,488.02,497.95,409730380.0336
2022-01-17 00:00:00+00:00,497.94,498.2,466.47,474.69,615730353.25363
2022-01-18 00:00:00+00:00,474.69,479.0,456.8,470.53,548367911.56735
2022-01-19 00:00:00+00:00,470.54,472.59,453.3,461.54,509361738.45688
2022-01-20 00:00:00+00:00,461.53,478.34,438.1,440.05,860227155.74843
2022-01-21 00:00:00+00:00,440.07,444.57,373.11,383.57,1009568353.97922
2022-01-22 00:00:00+00:00,383.62,388.98,335.68,358.34,1086900760.68681
2022-01-23 00:00:00+00:00,358.33,388.97,356.18,383.87,717086344.69971
2022-01-24 00:00:00+00:00,383.86,383.9,336.0,370.93,860098112.41358
2022-01-25 00:00:00+00:00,370.94,387.9,357.32,384.8,551247870.82334
2022-01-26 00:00:00+00:00,384.8,402.42,366.0,374.75,685222514.44041
2022-01-27 00:00:00+00:00,374.78,392.88,359.28,389.36,610373096.73885
2022-01-28 00:00:00+00:00,389.37,396.39,375.26,385.84,652107029.32826
2022-01-29 00:00:00+00:00,385.83,397.34,380.53,389.04,432614537.74926
2022-01-30 00:00:00+00:00,389.04,389.27,372.13,376.84,374116904.36609
2022-01-31 00:00:00+00:00,376.84,385.1,364.77,374.38,432274404.80592
2022-02-01 00:00:00+00:00,374.4,388.55,373.6,383.93,418471603.4013
2022-02-02 00:00:00+00:00,383.93,385.97,366.0,366.94,392409862.61649
2022-02-03 00:00:00+00:00,367.01,372.35,359.15,372.08,350509523.99577
2022-02-04 00:00:00+00:00,372.07,399.42,369.09,399.33,539683227.7734
2022-02-05 00:00:00+00:00,399.33,430.37,396.14,413.37,764993398.76689
2022-02-06 00:00:00+00:00,413.37,421.57,406.28,419.64,400023720.89809
2022-02-07 00:00:00+00:00,419.67,438.58,412.79,433.15,503194999.26586
2022-02-08 00:00:00+00:00,433.14,445.48,406.26,407.94,615675365.05302
2022-02-09 00:00:00+00:00,407.96,427.49,407.22,422.57,486652732.54354
2022-02-10 00:00:00+00:00,422.56,435.13,409.59,414.36,713706574.03105
2022-02-11 00:00:00+00:00,414.37,418.6,392.5,399.81,502188865.90829
2022-02-12 00:00:00+00:00,399.81,406.99,393.09,403.46,353613593.55277
2022-02-13 00:00:00+00:00,403.48,407.66,394.38,397.82,295439446.61053
2022-02-14 00:00:00+00:00,397.83,404.42,390.31,403.29,348625546.67937
2022-02-15 00:00:00+00:00,403.29,443.3,402.67,432.08,806624525.2041
2022-02-16 00:00:00+00:00,432.09,433.5,421.91,426.98,457961000.6944
2022-02-17 00:00:00+00:00,426.98,430.86,399.52,401.98,497142924.43249
2022-02-18 00:00:00+00:00,402.02,410.96,391.85,398.89,442706677.18745
2022-02-19 00:00:00+00:00,398.89,406.34,392.57,399.43,312916650.45032
2022-02-20 00:00:00+00:00,399.49,399.77,374.61,380.31,470299411.78357
2022-02-21 00:00:00+00:00,380.31,393.41,354.64,356.35,776896993.3706
2022-02-22 00:00:00+00:00,356.34,375.35,347.87,373.94,588030967.00704
2022-02-23 00:00:00+00:00,373.99,384.21,365.02,365.41,445382538.19139
2022-02-24 00:00:00+00:00,365.41,370.77,323.02,360.8,1069943746.64733
2022-02-25 00:00:00+00:00,360.81,377.18,356.41,374.67,460204421.14273
2022-02-26 00:00:00+00:00,374.7,392.79,370.05,373.44,342691638.68954
2022-02-27 00:00:00+00:00,373.46,381.17,357.87,359.98,419421651.55829
2022-02-28 00:00:00+00:00,359.97,397.37,355.52,395.5,555718426.0672
2022-03-01 00:00:00+00:00,395.47,429.36,390.97,408.56,947724585.79654
2022-03-02 00:00:00+00:00,408.61,415.46,403.41,408.95,472652549.35238
2022-03-03 00:00:00+00:00,408.95,412.76,397.11,402.25,389953761.26345
2022-03-04 00:00:00+00:00,402.24,403.27,371.5,374.05,465715350.4713
2022-03-05 00:00:00+00:00,374.05,387.22,366.62,384.38,326382281.52259
2022-03-06 00:00:00+00:00,384.41,387.0,372.16,374.64,308621930.39972
2022-03-07 00:00:00+00:00,374.68,385.62,362.36,380.13,602333649.33251
2022-03-08 00:00:00+00:00,380.12,388.8,376.59,380.99,512811342.8593
2022-03-09 00:00:00+00:00,381.02,402.45,380.71,392.96,630177574.37478
2022-03-10 00:00:00+00:00,392.96,394.36,362.76,371.77,461084617.77178
2022-03-11 00:00:00+00:00,371.75,379.81,364.44,371.8,343069533.43213
2022-03-12 00:00:00+00:00,371.79,379.13,370.65,372.13,211422116.6812
2022-03-13 00:00:00+00:00,372.13,376.99,359.53,361.06,264958762.95957
2022-03-14 00:00:00+00:00,361.06,374.0,359.05,373.27,297648061.52073
2022-03-15 00:00:00+00:00,373.28,374.71,361.35,371.51,272872896.33083
2022-03-16 00:00:00+00:00,371.51,386.6,367.6,385.25,410184307.31104
2022-03-17 00:00:00+00:00,385.24,393.64,381.58,391.74,312716491.08049
2022-03-18 00:00:00+00:00,391.75,400.3,383.71,396.9,330003977.81482
2022-03-19 00:00:00+00:00,396.91,406.39,394.67,399.71,291229787.31945
2022-03-20 00:00:00+00:00,399.7,400.87,386.22,390.74,242281673.53963
2022-03-21 00:00:00+00:00,390.74,399.16,385.14,395.81,281388117.86291
2022-03-22 00:00:00+00:00,395.82,410.0,394.78,404.05,373067634.96313
2022-03-23 00:00:00+00:00,404.04,411.87,397.74,408.36,318555006.54753
2022-03-24 00:00:00+00:00,408.35,416.55,404.88,414.08,370877141.05761
2022-03-25 00:00:00+00:00,414.09,421.62,405.31,410.15,371994899.55073
2022-03-26 00:00:00+00:00,410.16,416.29,407.23,415.64,192646083.67081
2022-03-27 00:00:00+00:00,415.64,431.72,411.4,430.49,311504434.47851
2022-03-28 00:00:00+00:00,430.48,441.13,427.55,430.43,454889993.99683
2022-03-29 00:00:00+00:00,430.41,442.0,429.49,434.28,375023686.02893
2022-03-30 00:00:00+00:00,434.27,449.75,425.5,442.17,463276974.59376
2022-03-31 00:00:00+00:00,442.17,452.7,423.82,428.75,539838601.20659
2022-04-01 00:00:00+00:00,428.71,448.24,413.01,447.66,481954207.23775
2022-04-02 00:00:00+00:00,447.66,454.37,435.51,437.3,364019364.38308
2022-04-03 00:00:00+00:00,437.29,455.9,432.01,450.52,327314409.24688
2022-04-04 00:00:00+00:00,450.48,450.67,433.39,447.51,379638980.82418
2022-04-05 00:00:00+00:00,447.51,460.0,444.01,444.58,424394909.87565
2022-04-06 00:00:00+00:00,444.59,444.67,418.04,419.93,545824552.00639
2022-04-07 00:00:00+00:00,419.87,438.43,416.01,435.78,470976013.28925
2022-04-08 00:00:00+00:00,435.75,441.0,418.1,421.27,385773197.83691
2022-04-09 00:00:00+00:00,421.23,427.98,419.5,426.48,197614723.39701
2022-04-10 00:00:00+00:00,426.48,429.54,416.54,417.75,253219814.37262
2022-04-11 00:00:00+00:00,417.74,419.43,391.0,394.25,497159750.36306
2022-04-12 00:00:00+00:00,394.25,416.81,392.1,413.47,472479170.44523
2022-04-13 00:00:00+00:00,413.47,424.49,410.08,423.02,524477423.99614
2022-04-14 00:00:00+00:00,423.03,426.87,411.1,414.58,317959205.63171
2022-04-15 00:00:00+00:00,414.58,419.86,412.41,416.94,233610557.6811
2022-04-16 00:00:00+00:00,416.95,418.89,411.5,417.14,166179045.1073
2022-04-17 00:00:00+00:00,417.15,418.2,405.28,406.37,202106421.04318
2022-04-18 00:00:00+00:00,406.37,417.85,395.75,416.67,391478212.27594
2022-04-19 00:00:00+00:00,416.7,424.5,414.53,422.16,353764468.98814
2022-04-20 00:00:00+00:00,422.15,431.44,414.56,418.03,361974656.78431
2022-04-21 00:00:00+00:00,418.02,426.0,400.72,404.67,388487539.86369
2022-04-22 00:00:00+00:00,404.66,413.87,403.16,406.45,310627520.04
2022-04-23 00:00:00+00:00,406.45,408.06,396.0,400.84,206059404.52688
2022-04-24 00:00:00+00:00,400.84,405.12,396.96,398.63,180292041.7505
2022-04-25 00:00:00+00:00,398.62,405.83,381.79,404.11,432754128.12008
2022-04-26 00:00:00+00:00,404.12,407.51,380.45,385.67,377224048.8994
2022-04-27 00:00:00+00:00,385.65,394.72,383.1,391.21,312515384.3369
2022-04-28 00:00:00+00:00,391.22,408.43,388.17,406.8,514363448.48345
2022-04-29 00:00:00+00:00,406.8,410.45,389.46,392.69,366058363.43524
2022-04-30 00:00:00+00:00,392.69,399.85,375.73,376.52,304619811.13095
2022-05-01 00:00:00+00:00,376.52,391.28,374.9,389.6,288542892.86709
2022-05-02 00:00:00+00:00,389.55,392.35,381.91,389.32,274076890.4366
2022-05-03 00:00:00+00:00,389.32,392.17,379.5,383.52,218105901.63216
2022-05-04 00:00:00+00:00,383.52,402.93,382.4,402.29,329754884.73836
2022-05-05 00:00:00+00:00,402.3,414.0,370.0,378.06,777688754.61103
2022-05-06 00:00:00+00:00,378.06,383.2,370.32,378.89,379109821.88035
2022-05-07 00:00:00+00:00,378.89,380.51,359.75,365.3,292524347.0293
2022-05-08 00:00:00+00:00,365.3,366.92,349.01,355.73,384605212.50591
2022-05-09 00:00:00+00:00,355.75,359.19,294.68,295.5,849361599.47464
2022-05-10 00:00:00+00:00,295.47,332.56,288.37,318.9,911740725.38296
2022-05-11 00:00:00+00:00,318.9,322.81,260.04,271.26,1043136782.25835
2022-05-12 00:00:00+00:00,271.26,285.05,216.39,268.54,1414274954.6936
2022-05-13 00:00:00+00:00,268.54,313.25,265.03,290.45,756372406.97567
2022-05-14 00:00:00+00:00,290.43,299.27,271.68,296.66,453619611.43475
2022-05-15 00:00:00+00:00,296.65,312.67,285.26,312.05,381838114.7403
2022-05-16 00:00:00+00:00,312.06,312.2,290.0,297.0,456061242.40503
2022-05-17 00:00:00+00:00,297.03,310.53,295.78,305.91,373466372.26993
2022-05-18 00:00:00+00:00,305.91,308.44,286.26,287.36,410592299.57163
2022-05-19 00:00:00+00:00,287.42,308.93,286.32,306.7,445012009.9057
2022-05-20 00:00:00+00:00,306.75,316.4,293.71,301.95,603765001.46243
2022-05-21 00:00:00+00:00,301.95,313.98,298.99,312.13,295968787.82941
2022-05-22 00:00:00+00:00,312.14,323.6,311.18,319.1,411958710.56029
2022-05-23 00:00:00+00:00,319.06,336.9,315.0,316.92,705119963.54465
2022-05-24 00:00:00+00:00,316.92,330.45,311.51,328.14,736875311.73118
2022-05-25 00:00:00+00:00,328.13,337.88,323.6,325.37,630738980.18237
2022-05-26 00:00:00+00:00,325.37,331.83,295.0,302.65,944691302.3544
2022-05-27 00:00:00+00:00,302.58,309.75,290.2,301.36,820766357.68208
2022-05-28 00:00:00+00:00,301.37,310.67,296.62,307.26,396564672.3194
2022-05-29 00:00:00+00:00,307.27,307.95,298.18,305.67,387476542.62615
2022-05-30 00:00:00+00:00,305.67,323.97,303.69,321.57,640733572.3696
2022-05-31 00:00:00+00:00,321.61,324.82,313.18,320.86,459290553.93655
2022-06-01 00:00:00+00:00,320.85,324.6,297.15,300.25,565575778.73641
2022-06-02 00:00:00+00:00,300.29,309.12,297.88,308.18,343044281.3923
2022-06-03 00:00:00+00:00,308.18,310.19,293.0,298.36,377632393.30389
2022-06-04 00:00:00+00:00,298.36,303.0,294.38,301.21,249436734.05501
2022-06-05 00:00:00+00:00,301.24,302.48,294.47,298.95,289172964.79901
2022-06-06 00:00:00+00:00,298.91,312.62,286.8,294.77,664568336.22522
2022-06-07 00:00:00+00:00,294.77,295.98,273.2,290.15,1051927742.6668
2022-06-08 00:00:00+00:00,290.17,294.57,283.73,288.26,456712739.20791
2022-06-09 00:00:00+00:00,288.27,293.35,286.06,289.64,280119061.90088
2022-06-10 00:00:00+00:00,289.64,299.3,282.18,286.07,662050132.0518
2022-06-11 00:00:00+00:00,286.07,290.49,264.9,269.67,583346333.616
2022-06-12 00:00:00+00:00,269.67,271.84,250.59,254.55,643341216.85253
2022-06-13 00:00:00+00:00,254.51,257.76,213.0,222.84,1279125088.78853
2022-06-14 00:00:00+00:00,222.81,231.34,203.81,222.98,951963847.12707
2022-06-15 00:00:00+00:00,222.99,234.56,198.14,233.51,1115699642.38724
2022-06-16 00:00:00+00:00,233.47,237.2,207.51,210.13,655862178.25157
2022-06-17 00:00:00+00:00,210.13,221.97,207.63,215.64,493749608.31257
2022-06-18 00:00:00+00:00,215.64,218.99,182.97,196.8,878040902.37303
2022-06-19 00:00:00+00:00,196.79,216.8,189.53,214.86,666767167.18194
2022-06-20 00:00:00+00:00,214.86,219.58,204.51,216.37,576871644.07034
2022-06-21 00:00:00+00:00,216.35,228.22,212.94,219.9,515574960.54061
2022-06-22 00:00:00+00:00,219.92,220.8,211.0,214.02,450958104.86775
2022-06-23 00:00:00+00:00,214.03,230.67,213.79,228.65,590044014.51156
2022-06-24 00:00:00+00:00,228.66,243.4,228.1,240.03,502874470.76207
2022-06-25 00:00:00+00:00,240.04,242.0,229.33,239.49,381912637.99111
2022-06-26 00:00:00+00:00,239.45,245.46,233.0,233.8,349529933.06443
2022-06-27 00:00:00+00:00,233.8,240.9,229.9,233.62,372965735.05964
2022-06-28 00:00:00+00:00,233.62,242.59,225.67,226.8,519333336.47634
2022-06-29 00:00:00+00:00,226.8,229.55,215.21,219.55,439398946.85768
2022-06-30 00:00:00+00:00,219.57,220.11,205.42,219.42,496360779.75607
2022-07-01 00:00:00+00:00,219.43,226.66,213.31,216.65,527426510.26176
2022-07-02 00:00:00+00:00,216.69,219.68,213.59,218.14,280029867.8034
2022-07-03 00:00:00+00:00,218.15,220.2,213.93,218.97,300262290.3281
2022-07-04 00:00:00+00:00,218.95,232.13,214.5,231.4,402840136.85775
2022-07-05 00:00:00+00:00,231.39,236.43,222.71,230.53,533373210.93007
2022-07-06 00:00:00+00:00,230.55,239.98,228.8,238.36,499965058.2551
2022-07-07 00:00:00+00:00,238.37,243.71,235.06,241.24,402965664.3461
2022-07-08 00:00:00+00:00,241.25,249.0,236.8,240.45,485110180.1779
2022-07-09 00:00:00+00:00,240.46,244.98,240.43,243.09,226394729.7455
2022-07-10 00:00:00+00:00,243.1,243.29,231.51,234.57,300848106.69303
2022-07-11 00:00:00+00:00,234.57,234.88,224.81,225.43,317562760.40648
2022-07-12 00:00:00+00:00,225.43,228.17,219.9,220.33,320854153.95206
2022-07-13 00:00:00+00:00,220.34,230.9,216.13,230.28,533532139.66839
2022-07-14 00:00:00+00:00,230.29,240.0,226.88,238.46,450080837.01674
2022-07-15 00:00:00+00:00,238.46,242.6,235.35,238.46,323164806.65198
2022-07-16 00:00:00+00:00,238.46,251.57,233.71,249.75,392295504.47916
2022-07-17 00:00:00+00:00,249.71,255.64,246.4,247.63,389811878.26536
2022-07-18 00:00:00+00:00,247.64,265.63,247.5,263.96,516268258.00476
2022-07-19 00:00:00+00:00,263.96,274.77,255.65,268.54,561218736.94199
2022-07-20 00:00:00+00:00,268.55,271.88,256.28,258.11,488541735.92014
2022-07-21 00:00:00+00:00,258.11,265.88,250.49,265.49,379182999.11419
2022-07-22 00:00:00+00:00,265.45,271.36,261.07,262.28,353308330.33626
2022-07-23 00:00:00+00:00,262.28,272.71,252.51,258.9,427574482.00308
2022-07-24 00:00:00+00:00,258.91,266.22,257.08,261.19,276213969.11304
2022-07-25 00:00:00+00:00,261.2,262.59,244.01,244.5,387930080.11373
2022-07-26 00:00:00+00:00,244.51,249.56,239.4,249.31,328872958.1395
2022-07-27 00:00:00+00:00,249.29,272.1,247.39,271.54,548587506.29427
2022-07-28 00:00:00+00:00,271.54,280.93,263.6,277.1,562701468.26947
2022-07-29 00:00:00+00:00,277.1,302.57,274.77,293.9,898313448.56045
2022-07-30 00:00:00+00:00,293.9,300.5,284.92,287.76,567355357.60297
2022-07-31 00:00:00+00:00,287.8,297.26,282.03,283.31,417342964.23725
2022-08-01 00:00:00+00:00,283.32,290.55,277.85,283.12,390474388.72419
2022-08-02 00:00:00+00:00,283.12,291.27,274.09,283.66,535400119.42922
2022-08-03 00:00:00+00:00,283.68,305.9,278.07,297.53,701125098.24515
2022-08-04 00:00:00+00:00,297.54,313.67,297.13,311.71,990910083.56094
2022-08-05 00:00:00+00:00,311.72,321.34,308.0,315.7,822435197.76965
2022-08-06 00:00:00+00:00,315.7,322.99,312.59,315.14,530925281.80399
2022-08-07 00:00:00+00:00,315.14,326.0,308.21,322.77,673062854.31295
2022-08-08 00:00:00+00:00,322.77,333.99,321.0,324.55,766922027.47309
2022-08-09 00:00:00+00:00,324.54,328.5,312.06,324.3,658808585.42656
2022-08-10 00:00:00+00:00,324.3,336.9,313.47,328.66,1011748028.77658
2022-08-11 00:00:00+00:00,328.66,334.68,321.65,323.29,613627275.45407
2022-08-12 00:00:00+00:00,323.29,328.0,317.51,327.88,528300122.29412
2022-08-13 00:00:00+00:00,327.9,333.0,322.5,324.0,514123434.6738
2022-08-14 00:00:00+00:00,324.0,330.8,315.43,317.6,479665233.87469
2022-08-15 00:00:00+00:00,317.59,327.33,313.57,319.31,585024647.00631
2022-08-16 00:00:00+00:00,319.29,322.29,311.69,315.94,460981769.57516
2022-08-17 00:00:00+00:00,315.93,324.16,303.5,306.75,666614955.2183
2022-08-18 00:00:00+00:00,306.79,310.4,295.22,297.96,532686557.20917
2022-08-19 00:00:00+00:00,297.96,298.15,273.1,278.99,824644439.47484
2022-08-20 00:00:00+00:00,278.99,288.86,276.55,283.41,536891192.94372
2022-08-21 00:00:00+00:00,283.41,304.31,283.17,301.61,732307391.05697
2022-08-22 00:00:00+00:00,301.61,305.0,288.54,299.82,745093234.60263
2022-08-23 00:00:00+00:00,299.82,301.79,293.49,299.14,538119816.92658
2022-08-24 00:00:00+00:00,299.15,300.42,293.87,296.06,459253072.86854
2022-08-25 00:00:00+00:00,296.06,307.86,295.51,301.0,472601475.4226
2022-08-26 00:00:00+00:00,301.01,302.33,276.96,279.3,661501344.81929
2022-08-27 00:00:00+00:00,279.31,284.45,272.8,277.66,436074177.0744
2022-08-28 00:00:00+00:00,277.66,283.9,275.3,276.23,400379426.01247
2022-08-29 00:00:00+00:00,276.23,286.56,271.94,285.61,604169358.72278
2022-08-30 00:00:00+00:00,285.62,291.94,276.21,281.42,591338373.38784
2022-08-31 00:00:00+00:00,281.42,289.92,277.44,278.99,513714860.63336
2022-09-01 00:00:00+00:00,278.99,280.21,270.29,278.18,514989677.07904
2022-09-02 00:00:00+00:00,278.18,283.5,273.33,277.22,438010788.77205
2022-09-03 00:00:00+00:00,277.21,278.66,274.0,277.64,192755869.41893
2022-09-04 00:00:00+00:00,277.64,280.68,274.74,278.98,246787700.74855
2022-09-05 00:00:00+00:00,278.97,282.47,273.03,276.7,321886212.12685
2022-09-06 00:00:00+00:00,276.7,286.4,260.22,262.24,686124381.14987
2022-09-07 00:00:00+00:00,262.23,280.68,257.74,278.95,462570180.29355
2022-09-08 00:00:00+00:00,278.96,282.89,275.21,280.41,430242169.72326
2022-09-09 00:00:00+00:00,280.41,295.95,279.89,293.14,436149831.07631
2022-09-10 00:00:00+00:00,293.14,298.48,290.23,296.47,301703930.52623
2022-09-11 00:00:00+00:00,296.47,297.89,289.35,295.07,236920506.80816
2022-09-12 00:00:00+00:00,295.07,300.0,290.56,293.81,404211190.15543
2022-09-13 00:00:00+00:00,293.8,298.5,275.16,277.23,531009424.61744
2022-09-14 00:00:00+00:00,277.22,282.58,273.0,279.14,356973901.01987
2022-09-15 00:00:00+00:00,279.14,280.31,266.4,270.95,396862351.58806
2022-09-16 00:00:00+00:00,270.94,276.33,268.22,274.76,302783785.77997
2022-09-17 00:00:00+00:00,274.75,279.82,274.38,278.76,183907662.45655
2022-09-18 00:00:00+00:00,278.77,280.36,262.13,266.19,321996071.42613
2022-09-19 00:00:00+00:00,266.18,273.09,256.3,271.8,452846622.34766
2022-09-20 00:00:00+00:00,271.8,273.58,264.92,266.13,294457913.51024
2022-09-21 00:00:00+00:00,266.13,276.47,260.0,263.7,463421361.79287
2022-09-22 00:00:00+00:00,263.7,276.45,263.23,275.21,338716047.02948
2022-09-23 00:00:00+00:00,275.21,277.6,268.1,276.45,353753757.97889
2022-09-24 00:00:00+00:00,276.46,285.31,274.0,274.32,411351747.41841
2022-09-25 00:00:00+00:00,274.32,279.86,270.9,274.04,294670378.49722
2022-09-26 00:00:00+00:00,274.01,276.83,270.53,276.01,301538144.80109
2022-09-27 00:00:00+00:00,276.0,286.65,268.0,272.03,497772849.27312
2022-09-28 00:00:00+00:00,272.03,283.68,266.2,281.47,421126340.7083
2022-09-29 00:00:00+00:00,281.47,285.45,276.88,284.04,413818878.36728
2022-09-30 00:00:00+00:00,284.06,289.76,280.38,284.65,458867081.96956
2022-10-01 00:00:00+00:00,284.65,285.3,277.6,282.8,218132573.18128
2022-10-02 00:00:00+00:00,282.81,287.99,279.24,284.63,277209661.73129
2022-10-03 00:00:00+00:00,284.63,288.99,283.0,286.83,345927435.42525
2022-10-04 00:00:00+00:00,286.84,298.35,286.0,296.0,373760741.13699
2022-10-05 00:00:00+00:00,295.99,296.12,289.19,293.98,268678726.92693
2022-10-06 00:00:00+00:00,293.98,297.8,278.0,286.76,661370541.13836
2022-10-07 00:00:00+00:00,286.77,286.77,279.2,282.16,504431296.13382
2022-10-08 00:00:00+00:00,282.15,282.59,275.27,276.23,237440628.42925
2022-10-09 00:00:00+00:00,276.24,279.42,275.02,278.2,193319999.9467
2022-10-10 00:00:00+00:00,278.19,279.1,271.14,271.47,281058218.77299
2022-10-11 00:00:00+00:00,271.47,273.86,267.0,271.4,295474333.83915
2022-10-12 00:00:00+00:00,271.39,272.88,269.18,270.8,203538653.7308
2022-10-13 00:00:00+00:00,270.8,273.66,255.0,271.4,561185772.66166
2022-10-14 00:00:00+00:00,271.39,276.65,267.39,269.3,309791008.84093
2022-10-15 00:00:00+00:00,269.3,271.32,267.18,267.96,137495428.96565
2022-10-16 00:00:00+00:00,267.96,273.74,267.72,272.31,162594558.11531
2022-10-17 00:00:00+00:00,272.31,275.82,269.51,275.54,200815048.26798
2022-10-18 00:00:00+00:00,275.53,275.9,270.12,272.99,217168932.21871
2022-10-19 00:00:00+00:00,272.98,273.87,270.2,271.78,171513713.9537
2022-10-20 00:00:00+00:00,271.79,273.29,267.1,268.8,216153916.61154
2022-10-21 00:00:00+00:00,268.81,271.08,263.09,269.88,262292450.00171
2022-10-22 00:00:00+00:00,269.89,271.06,268.12,270.27,101190492.8841
2022-10-23 00:00:00+00:00,270.28,276.64,268.42,275.73,177646143.04509
2022-10-24 00:00:00+00:00,275.74,277.38,271.38,274.02,183890596.5774
2022-10-25 00:00:00+00:00,274.03,289.75,271.78,284.04,457365608.77261
2022-10-26 00:00:00+00:00,284.05,291.95,284.04,290.06,344139024.87931
2022-10-27 00:00:00+00:00,290.04,293.22,284.42,286.67,352045551.47408
2022-10-28 00:00:00+00:00,286.68,301.08,285.52,297.85,499786166.00156
2022-10-29 00:00:00+00:00,297.85,308.42,295.47,304.42,608962719.92708
2022-10-30 00:00:00+00:00,304.41,319.3,302.14,313.42,660540263.48056
2022-10-31 00:00:00+00:00,313.42,337.88,306.41,325.59,1398540629.54198
2022-11-01 00:00:00+00:00,325.6,334.25,316.88,323.67,700618026.42696
2022-11-02 00:00:00+00:00,323.66,329.63,315.01,319.98,752848072.07933
2022-11-03 00:00:00+00:00,319.98,339.0,317.83,329.36,891813699.15344
2022-11-04 00:00:00+00:00,329.35,358.99,327.97,354.36,1119397479.64518
2022-11-05 00:00:00+00:00,354.37,361.0,345.83,348.97,587378479.56572
2022-11-06 00:00:00+00:00,348.96,356.33,337.42,337.69,557030299.03393
2022-11-07 00:00:00+00:00,337.69,344.19,326.04,336.81,1006774687.86401
2022-11-08 00:00:00+00:00,336.81,399.91,298.17,326.95,4121082021.62405
2022-11-09 00:00:00+00:00,326.97,332.64,260.0,266.52,2207183823.53438
2022-11-10 00:00:00+00:00,266.53,311.93,262.11,303.84,1247111936.08222
2022-11-11 00:00:00+00:00,303.85,305.92,278.14,290.08,728374208.39623
2022-11-12 00:00:00+00:00,290.08,293.43,271.31,282.67,518347118.33082
2022-11-13 00:00:00+00:00,282.68,286.36,273.0,276.41,381425473.29403
2022-11-14 00:00:00+00:00,276.4,292.16,267.58,278.85,808361613.63966
2022-11-15 00:00:00+00:00,278.85,282.54,272.9,276.83,539588833.83465
2022-11-16 00:00:00+00:00,276.89,280.23,268.22,271.7,479762878.93264
2022-11-17 00:00:00+00:00,271.72,273.4,262.93,267.82,472924681.27035
2022-11-18 00:00:00+00:00,267.82,274.78,267.51,273.89,348071130.58059
2022-11-19 00:00:00+00:00,273.88,274.5,268.83,272.33,236080059.99721
2022-11-20 00:00:00+00:00,272.33,273.88,261.36,264.11,329921887.37031
2022-11-21 00:00:00+00:00,264.11,265.08,249.12,253.92,642948841.00459
2022-11-22 00:00:00+00:00,253.93,267.79,251.99,266.62,448404542.72463
2022-11-23 00:00:00+00:00,266.64,302.16,264.8,298.49,1455542719.77481
2022-11-24 00:00:00+00:00,298.46,303.84,293.45,299.86,785685943.35895
2022-11-25 00:00:00+00:00,299.86,306.61,293.63,300.43,664692361.29733
2022-11-26 00:00:00+00:00,300.43,318.0,299.42,310.95,948176854.00444
2022-11-27 00:00:00+00:00,310.96,316.31,305.94,307.36,525122936.34984
2022-11-28 00:00:00+00:00,307.34,309.19,286.0,293.16,916151905.4382
2022-11-29 00:00:00+00:00,293.16,304.99,288.51,295.13,644650037.22087
2022-11-30 00:00:00+00:00,295.14,305.27,292.0,300.11,786388698.17926
2022-12-01 00:00:00+00:00,300.1,301.53,290.12,292.3,975222834.4481
2022-12-02 00:00:00+00:00,292.3,294.04,284.38,293.49,586574688.89573
2022-12-03 00:00:00+00:00,293.49,294.5,288.98,290.35,302671954.9624
2022-12-04 00:00:00+00:00,290.35,293.09,287.08,291.95,291833966.98729
2022-12-05 00:00:00+00:00,291.94,297.25,286.01,288.39,440752681.70539
2022-12-06 00:00:00+00:00,288.4,290.79,286.44,290.21,261128272.4862
2022-12-07 00:00:00+00:00,290.2,291.0,280.0,284.02,327705738.87431
2022-12-08 00:00:00+00:00,284.01,291.99,282.29,290.34,335033055.84845
2022-12-09 00:00:00+00:00,290.34,292.1,284.5,285.91,284477544.97429
2022-12-10 00:00:00+00:00,285.91,289.85,285.63,288.03,125687174.49126
2022-12-11 00:00:00+00:00,288.02,291.49,283.17,284.38,229724087.77439
2022-12-12 00:00:00+00:00,284.39,285.74,271.45,276.14,857175291.85444
2022-12-13 00:00:00+00:00,276.14,282.36,255.34,272.34,2198073505.88101
2022-12-14 00:00:00+00:00,272.34,278.67,265.0,267.7,1020188374.30246
2022-12-15 00:00:00+00:00,267.7,268.14,256.5,258.85,673477561.049
2022-12-16 00:00:00+00:00,258.84,264.77,222.96,230.74,1533708665.59925
2022-12-17 00:00:00+00:00,230.73,245.0,218.93,241.75,1537618502.60629
2022-12-18 00:00:00+00:00,241.74,254.2,238.97,250.78,1276176705.83836
2022-12-19 00:00:00+00:00,250.77,252.87,236.46,240.23,1076652067.98386
2022-12-20 00:00:00+00:00,240.24,253.68,239.03,251.09,849956121.24681
2022-12-21 00:00:00+00:00,251.1,251.35,245.0,246.07,425264419.31632
2022-12-22 00:00:00+00:00,246.07,248.27,240.0,245.69,578206850.29197
2022-12-23 00:00:00+00:00,245.7,248.74,243.33,245.95,380523332.4089
2022-12-24 00:00:00+00:00,245.95,246.15,243.0,244.31,180726575.1778
2022-12-25 00:00:00+00:00,244.31,245.74,241.0,243.11,281118285.76595
2022-12-26 00:00:00+00:00,243.11,244.9,241.71,244.26,210530628.6914
2022-12-27 00:00:00+00:00,244.26,250.0,242.0,246.52,394852073.6376
2022-12-28 00:00:00+00:00,246.53,247.37,241.28,244.42,416525400.75595
2022-12-29 00:00:00+00:00,244.42,246.81,243.14,246.12,326039694.73852
2022-12-30 00:00:00+00:00,246.13,246.54,242.53,245.74,271045015.57425
2022-12-31 00:00:00+00:00,245.73,248.0,244.73,246.11,202317473.75952
2023-01-01 00:00:00+00:00,246.11,246.59,243.25,244.36,193985583.2792
2023-01-02 00:00:00+00:00,244.35,247.88,240.4,245.07,362014330.10557
2023-01-03 00:00:00+00:00,245.06,246.9,244.02,245.97,225254035.322
2023-01-04 00:00:00+00:00,245.97,260.9,245.47,258.54,664724650.61011
2023-01-05 00:00:00+00:00,258.55,258.9,255.0,256.44,261280295.1172
2023-01-06 00:00:00+00:00,256.43,260.5,253.95,259.69,422647779.1308
2023-01-07 00:00:00+00:00,259.69,264.0,259.21,261.11,188645181.5799
2023-01-08 00:00:00+00:00,261.1,277.0,259.83,274.7,419479859.02601
2023-01-09 00:00:00+00:00,274.7,283.55,271.27,272.44,666242323.2157
2023-01-10 00:00:00+00:00,272.44,278.65,270.07,277.02,394249669.61854
2023-01-11 00:00:00+00:00,277.01,287.4,273.91,284.74,419577627.44904
2023-01-12 00:00:00+00:00,284.74,288.67,276.51,287.52,650217253.89386
2023-01-13 00:00:00+00:00,287.52,296.25,284.63,293.67,515825584.99797
2023-01-14 00:00:00+00:00,293.67,315.3,293.15,305.25,1011255618.20288
2023-01-15 00:00:00+00:00,305.26,306.24,292.0,302.2,446253710.98226
2023-01-16 00:00:00+00:00,302.2,308.19,293.0,299.02,513925445.33329
2023-01-17 00:00:00+00:00,299.01,306.0,294.0,299.28,406983516.96618
2023-01-18 00:00:00+00:00,299.28,305.48,281.1,286.44,863359895.79327
2023-01-19 00:00:00+00:00,286.44,295.4,285.82,294.4,345037943.16703
2023-01-20 00:00:00+00:00,294.39,305.66,286.69,305.24,621709129.85053
2023-01-21 00:00:00+00:00,305.24,310.55,298.16,299.12,658636287.61932
2023-01-22 00:00:00+00:00,299.13,312.0,298.45,303.19,543671642.93729
2023-01-23 00:00:00+00:00,303.19,308.24,300.62,305.36,418623200.20999
2023-01-24 00:00:00+00:00,305.35,324.08,299.1,300.32,945341133.77586
2023-01-25 00:00:00+00:00,300.31,314.05,292.8,306.84,648194704.42884
2023-01-26 00:00:00+00:00,306.84,309.49,301.3,304.68,437462270.898
2023-01-27 00:00:00+00:00,304.7,310.73,298.55,308.07,371953761.8991
2023-01-28 00:00:00+00:00,308.07,313.79,303.51,306.08,304531575.5043
2023-01-29 00:00:00+00:00,306.09,320.71,304.71,317.12,578939091.29425
2023-01-30 00:00:00+00:00,317.13,321.26,300.88,307.18,556563306.22536
2023-01-31 00:00:00+00:00,307.17,314.47,305.32,312.15,374680641.70396
2023-02-01 00:00:00+00:00,312.15,319.58,305.61,317.2,511884708.43581
2023-02-02 00:00:00+00:00,317.21,334.99,316.43,323.72,879483968.27758
2023-02-03 00:00:00+00:00,323.71,335.82,318.54,332.38,804098340.65386
2023-02-04 00:00:00+00:00,332.38,334.34,327.1,330.41,331304468.445
2023-02-05 00:00:00+00:00,330.4,338.18,323.0,327.94,696000859.45732
2023-02-06 00:00:00+00:00,327.93,331.62,320.6,324.57,445575367.6669
2023-02-07 00:00:00+00:00,324.56,333.94,323.26,333.15,410505805.05575
2023-02-08 00:00:00+00:00,333.16,336.01,323.49,328.28,418338008.22932
2023-02-09 00:00:00+00:00,328.28,329.25,301.41,305.91,723339880.68318
2023-02-10 00:00:00+00:00,305.91,309.05,302.05,305.52,370146420.03336
2023-02-11 00:00:00+00:00,305.5,311.13,304.81,310.22,223293925.0369
2023-02-12 00:00:00+00:00,310.23,320.7,305.2,312.26,494328529.25662
2023-02-13 00:00:00+00:00,312.26,315.91,282.38,294.04,2051581204.71104
2023-02-14 00:00:00+00:00,294.04,301.53,289.6,296.06,883846675.14513
2023-02-15 00:00:00+00:00,296.06,317.63,293.8,317.26,758435120.07401
2023-02-16 00:00:00+00:00,317.27,328.1,303.81,304.07,1171055567.7278
2023-02-17 00:00:00+00:00,304.07,317.0,302.5,312.94,698471866.82062
2023-02-18 00:00:00+00:00,312.91,318.85,312.81,316.21,364980589.7069
2023-02-19 00:00:00+00:00,316.21,318.65,310.0,311.25,426405822.0161
2023-02-20 00:00:00+00:00,311.27,319.59,307.17,315.28,501077300.7633
2023-02-21 00:00:00+00:00,315.32,317.28,309.03,311.4,464924793.0157
2023-02-22 00:00:00+00:00,311.39,312.84,303.2,312.39,512931846.38424
2023-02-23 00:00:00+00:00,312.39,315.0,305.73,308.2,406893555.48201
2023-02-24 00:00:00+00:00,308.21,311.94,298.19,302.11,426018291.73963
2023-02-25 00:00:00+00:00,302.1,302.82,295.07,302.18,251959540.08947
2023-02-26 00:00:00+00:00,302.18,309.8,300.51,308.42,222102571.42218
2023-02-27 00:00:00+00:00,308.42,309.32,300.24,304.5,389705559.98244
2023-02-28 00:00:00+00:00,304.51,305.58,299.52,301.18,288742349.6856
2023-03-01 00:00:00+00:00,301.18,306.41,300.24,302.48,288825955.6224
2023-03-02 00:00:00+00:00,302.48,303.73,295.53,299.79,354130554.11534
2023-03-03 00:00:00+00:00,299.79,300.0,285.0,290.34,411866127.37624
2023-03-04 00:00:00+00:00,290.33,291.38,285.51,289.45,220107525.6569
2023-03-05 00:00:00+00:00,289.45,292.63,287.13,288.58,241318624.50179
2023-03-06 00:00:00+00:00,288.59,289.59,283.09,287.63,378901894.09305
2023-03-07 00:00:00+00:00,287.64,290.51,283.16,289.14,419410053.47825
2023-03-08 00:00:00+00:00,289.14,294.17,285.0,286.9,562847943.25534
2023-03-09 00:00:00+00:00,286.9,291.28,270.82,276.89,686739482.48673
2023-03-10 00:00:00+00:00,276.9,277.97,264.51,277.04,680731596.41273
2023-03-11 00:00:00+00:00,277.03,281.68,270.04,275.82,519701149.61571
2023-03-12 00:00:00+00:00,275.83,288.77,273.09,288.04,448482042.86813
2023-03-13 00:00:00+00:00,288.04,313.5,285.99,307.93,1131377971.55577
2023-03-14 00:00:00+00:00,307.93,319.75,302.02,308.67,820596176.49526
2023-03-15 00:00:00+00:00,308.65,312.91,300.04,306.43,626880882.80509
2023-03-16 00:00:00+00:00,306.43,332.32,302.92,329.05,1574826963.51337
2023-03-17 00:00:00+00:00,329.05,339.94,325.2,338.63,947707543.13235
2023-03-18 00:00:00+00:00,338.62,345.77,326.0,330.82,832168806.2001
2023-03-19 00:00:00+00:00,330.82,341.43,329.91,335.81,541397579.52918
2023-03-20 00:00:00+00:00,335.8,338.74,330.44,332.08,608478202.37205
2023-03-21 00:00:00+00:00,332.08,339.5,326.19,334.52,547531489.09037
2023-03-22 00:00:00+00:00,334.51,338.4,316.0,321.06,1162717383.55071
2023-03-23 00:00:00+00:00,321.06,331.82,318.82,329.08,421279661.58092
2023-03-24 00:00:00+00:00,329.04,329.7,316.55,321.8,454095952.50419
2023-03-25 00:00:00+00:00,321.81,324.82,318.86,322.11,272282356.236
2023-03-26 00:00:00+00:00,322.1,329.14,321.51,328.28,221490698.21622
2023-03-27 00:00:00+00:00,328.28,329.65,305.46,310.2,807724063.20709
2023-03-28 00:00:00+00:00,310.19,315.85,306.62,313.17,436816886.61656
2023-03-29 00:00:00+00:00,313.18,320.0,312.29,313.62,366078719.5846
2023-03-30 00:00:00+00:00,313.62,321.0,308.5,316.05,489371590.36445
2023-03-31 00:00:00+00:00,316.04,319.8,312.5,316.74,265452809.324
2023-04-01 00:00:00+00:00,316.73,318.31,312.6,314.72,165011843.734
2023-04-02 00:00:00+00:00,314.73,315.97,310.36,313.57,147555644.8416
2023-04-03 00:00:00+00:00,313.57,313.88,297.43,308.47,505220286.91165
2023-04-04 00:00:00+00:00,308.47,313.21,307.81,310.73,240455579.1529
2023-04-05 00:00:00+00:00,310.72,316.92,310.07,313.85,267649315.34056
2023-04-06 00:00:00+00:00,313.85,315.33,310.0,312.04,227777238.0325
2023-04-07 00:00:00+00:00,312.04,312.6,309.12,310.27,138536821.1747
2023-04-08 00:00:00+00:00,310.26,312.64,309.89,310.37,107177367.6623
2023-04-09 00:00:00+00:00,310.37,313.81,309.28,312.6,132694195.8048
2023-04-10 00:00:00+00:00,312.62,318.57,311.56,318.5,212804359.3986
2023-04-11 00:00:00+00:00,318.51,333.75,317.76,322.57,562114510.75848
2023-04-12 00:00:00+00:00,322.56,323.6,316.74,320.02,298322459.91489
2023-04-13 00:00:00+00:00,320.02,325.04,317.81,324.84,254575416.5553
2023-04-14 00:00:00+00:00,324.83,336.14,323.19,328.82,533779353.40739
2023-04-15 00:00:00+00:00,328.81,336.83,327.1,333.33,321512303.16135
2023-04-16 00:00:00+00:00,333.32,351.6,330.0,347.85,619873073.76879
2023-04-17 00:00:00+00:00,347.86,350.6,337.52,340.25,531954978.49138
2023-04-18 00:00:00+00:00,340.26,346.72,337.0,343.27,326836921.4236
2023-04-19 00:00:00+00:00,343.27,343.99,319.63,322.37,479465718.40156
2023-04-20 00:00:00+00:00,322.37,326.82,315.14,317.99,328752521.0663
2023-04-21 00:00:00+00:00,317.99,337.1,315.38,321.08,782328423.72618
2023-04-22 00:00:00+00:00,321.08,333.96,319.46,331.82,362672321.82167
2023-04-23 00:00:00+00:00,331.83,331.97,326.8,330.38,293419674.50622
2023-04-24 00:00:00+00:00,330.38,333.49,326.21,330.75,385343572.1328
2023-04-25 00:00:00+00:00,330.75,340.64,327.99,338.04,432615889.86143
2023-04-26 00:00:00+00:00,338.03,345.07,321.63,330.4,666736985.80807
2023-04-27 00:00:00+00:00,330.39,335.99,327.0,330.4,466308443.27655
2023-04-28 00:00:00+00:00,330.39,330.39,317.49,323.81,951202508.73131
2023-04-29 00:00:00+00:00,323.81,324.58,320.56,321.74,192663893.6226
2023-04-30 00:00:00+00:00,321.74,337.78,320.28,336.84,651136001.33667
2023-05-01 00:00:00+00:00,336.85,338.34,325.34,328.19,709545466.50162
2023-05-02 00:00:00+00:00,328.19,328.19,320.6,321.59,460467900.8072
2023-05-03 00:00:00+00:00,321.6,327.36,320.39,325.74,512622508.6842
2023-05-04 00:00:00+00:00,325.75,327.34,323.04,323.69,207137044.1115
2023-05-05 00:00:00+00:00,323.68,328.8,322.0,326.33,321208737.6193
2023-05-06 00:00:00+00:00,326.34,328.28,318.96,321.75,297368781.32689
2023-05-07 00:00:00+00:00,321.76,325.15,320.44,320.97,201582972.2133
2023-05-08 00:00:00+00:00,320.97,321.96,310.0,313.55,398012839.84086
2023-05-09 00:00:00+00:00,313.55,315.29,311.0,311.91,231297036.4174
2023-05-10 00:00:00+00:00,311.91,316.56,306.4,314.16,381512478.666
2023-05-11 00:00:00+00:00,314.16,314.26,303.99,307.27,310018102.88634
2023-05-12 00:00:00+00:00,307.27,308.92,301.0,308.32,300475303.2645
2023-05-13 00:00:00+00:00,308.31,311.76,307.26,310.62,176764869.9274
2023-05-14 00:00:00+00:00,310.61,314.84,309.41,311.92,181871446.93706
2023-05-15 00:00:00+00:00,311.91,316.4,310.3,313.25,200841932.1765
2023-05-16 00:00:00+00:00,313.26,313.86,309.12,311.23,180759132.1257
2023-05-17 00:00:00+00:00,311.22,314.41,306.72,314.29,241488296.6575
2023-05-18 00:00:00+00:00,314.29,315.18,305.94,309.14,254576741.13954
2023-05-19 00:00:00+00:00,309.15,311.42,307.0,308.74,154412991.263
2023-05-20 00:00:00+00:00,308.73,312.09,307.69,310.7,102714381.8147
2023-05-21 00:00:00+00:00,310.69,311.69,305.55,306.36,134327122.30281
2023-05-22 00:00:00+00:00,306.35,311.43,304.22,309.17,199123884.017
2023-05-23 00:00:00+00:00,309.17,315.64,309.15,313.5,213608333.97726
2023-05-24 00:00:00+00:00,313.5,313.62,303.66,305.9,268482628.20364
2023-05-25 00:00:00+00:00,305.9,307.03,302.13,304.71,188481244.35425
2023-05-26 00:00:00+00:00,304.72,308.54,301.25,306.81,293450644.58075
2023-05-27 00:00:00+00:00,306.8,307.9,304.01,307.55,114499702.1077
2023-05-28 00:00:00+00:00,307.56,314.95,306.86,314.36,211338131.88966
2023-05-29 00:00:00+00:00,314.36,317.72,310.65,311.98,336833256.4872
2023-05-30 00:00:00+00:00,311.97,314.53,310.87,311.54,204658941.0591
2023-05-31 00:00:00+00:00,311.53,311.95,305.09,306.9,262063926.33514
2023-06-01 00:00:00+00:00,306.89,307.86,303.2,305.12,181329209.2254
2023-06-02 00:00:00+00:00,305.11,308.63,303.22,307.39,203778518.4557
2023-06-03 00:00:00+00:00,307.38,308.45,305.1,306.73,115432390.2707
2023-06-04 00:00:00+00:00,306.74,307.82,304.65,305.23,138472304.0791
2023-06-05 00:00:00+00:00,305.23,305.23,271.51,277.0,1073012344.60043
2023-06-06 00:00:00+00:00,277.01,285.87,273.04,281.18,698614142.27014
2023-06-07 00:00:00+00:00,281.18,281.81,253.39,259.22,1065680231.08267
2023-06-08 00:00:00+00:00,259.21,267.75,257.04,261.96,595470194.87231
2023-06-09 00:00:00+00:00,261.96,264.77,255.47,260.78,581547307.337
2023-06-10 00:00:00+00:00,260.77,260.93,225.0,238.74,1222258345.13172
2023-06-11 00:00:00+00:00,238.75,239.11,232.91,235.19,407379656.24391
2023-06-12 00:00:00+00:00,235.19,239.47,220.0,231.23,1584794977.91295
2023-06-13 00:00:00+00:00,231.23,248.5,228.43,243.92,1211116649.86426
2023-06-14 00:00:00+00:00,243.92,252.97,232.32,237.78,1284609479.37622
2023-06-15 00:00:00+00:00,237.78,240.75,230.3,236.33,717465210.44274
2023-06-16 00:00:00+00:00,236.34,244.0,231.77,239.17,676806904.75065
2023-06-17 00:00:00+00:00,239.16,249.82,237.12,244.44,519241620.07054
2023-06-18 00:00:00+00:00,244.44,248.77,242.11,244.01,418745497.10372
2023-06-19 00:00:00+00:00,244.01,245.25,237.35,243.02,451590061.95823
2023-06-20 00:00:00+00:00,243.03,248.26,238.4,247.93,504099557.23445
2023-06-21 00:00:00+00:00,247.94,254.95,245.15,248.94,798217823.9049
2023-06-22 00:00:00+00:00,248.94,257.19,239.24,240.91,749660617.079
2023-06-23 00:00:00+00:00,240.92,250.0,239.71,244.53,555692858.50378
2023-06-24 00:00:00+00:00,244.53,248.82,229.0,236.33,626149231.17524
2023-06-25 00:00:00+00:00,236.33,242.28,234.95,238.97,447635461.27308
2023-06-26 00:00:00+00:00,238.96,241.5,233.61,236.15,467098899.6216
2023-06-27 00:00:00+00:00,236.16,241.1,234.54,237.45,299915538.12158
2023-06-28 00:00:00+00:00,237.46,237.58,221.2,230.52,521618730.67211
2023-06-29 00:00:00+00:00,230.51,236.84,230.36,233.12,304015451.13205
2023-06-30 00:00:00+00:00,233.12,241.98,230.3,240.45,596913195.17263
2023-07-01 00:00:00+00:00,240.45,249.54,240.21,247.99,435755498.35377
2023-07-02 00:00:00+00:00,248.0,248.75,242.83,246.77,372695612.43147
2023-07-03 00:00:00+00:00,246.78,257.68,245.1,246.62,499170563.14755
2023-07-04 00:00:00+00:00,246.63,246.97,240.15,242.53,331364048.39175
2023-07-05 00:00:00+00:00,242.54,244.0,235.0,238.85,356858946.87687
2023-07-06 00:00:00+00:00,238.84,244.44,231.1,231.92,496653730.25647
2023-07-07 00:00:00+00:00,231.93,236.13,230.51,235.43,317310576.65031
2023-07-08 00:00:00+00:00,235.44,237.47,233.53,236.13,186399353.9131
2023-07-09 00:00:00+00:00,236.13,236.99,232.58,233.91,170438016.0208
2023-07-10 00:00:00+00:00,233.91,246.3,231.0,245.97,881325579.63641
2023-07-11 00:00:00+00:00,245.97,249.44,244.18,248.34,475218947.79122
2023-07-12 00:00:00+00:00,248.33,250.07,242.12,243.7,450489570.87266
2023-07-13 00:00:00+00:00,243.69,259.02,242.41,255.99,740952661.79656
2023-07-14 00:00:00+00:00,255.99,261.38,241.04,247.89,773137448.21209
2023-07-15 00:00:00+00:00,247.89,252.0,246.51,250.79,283272494.32709
2023-07-16 00:00:00+00:00,250.78,251.7,241.12,241.91,342203937.62817
2023-07-17 00:00:00+00:00,241.9,244.98,238.0,244.03,579708082.88483
2023-07-18 00:00:00+00:00,244.03,246.5,237.0,240.48,594173699.48215
2023-07-19 00:00:00+00:00,240.47,244.3,239.85,241.05,329055335.43185
2023-07-20 00:00:00+00:00,241.06,245.26,240.49,242.93,324671366.9977
2023-07-21 00:00:00+00:00,242.94,245.66,242.21,243.88,232355760.1345
2023-07-22 00:00:00+00:00,243.89,245.08,240.18,241.23,148814637.0944
2023-07-23 00:00:00+00:00,241.22,244.12,240.56,242.54,137549718.7621
2023-07-24 00:00:00+00:00,242.54,243.28,235.16,239.02,302490310.63868
2023-07-25 00:00:00+00:00,239.03,240.0,236.21,237.86,197836775.87248
2023-07-26 00:00:00+00:00,237.86,240.65,236.45,239.05,213640343.1757
2023-07-27 00:00:00+00:00,239.05,244.84,238.5,240.88,208642178.65725
2023-07-28 00:00:00+00:00,240.88,243.11,239.84,241.93,155351954.673
2023-07-29 00:00:00+00:00,241.93,243.08,241.22,242.64,69582473.1359
2023-07-30 00:00:00+00:00,242.65,244.06,240.39,242.72,210046969.5134
2023-07-31 00:00:00+00:00,242.71,244.71,240.57,241.04,191622120.9413
2023-08-01 00:00:00+00:00,241.04,248.47,237.0,247.87,545587057.64992
2023-08-02 00:00:00+00:00,247.87,248.83,234.8,240.64,500290431.48082
2023-08-03 00:00:00+00:00,240.64,242.0,238.26,241.01,202679649.8995
2023-08-04 00:00:00+00:00,241.0,243.47,240.11,241.73,182311402.64135
2023-08-05 00:00:00+00:00,241.72,243.37,239.95,243.34,117981251.6434
2023-08-06 00:00:00+00:00,243.34,245.59,242.77,243.26,154818517.1493
2023-08-07 00:00:00+00:00,243.26,245.09,239.37,241.96,229747850.0069
2023-08-08 00:00:00+00:00,241.96,248.58,241.38,245.24,242984006.2997
2023-08-09 00:00:00+00:00,245.24,245.58,242.71,243.9,172107192.7947
2023-08-10 00:00:00+00:00,243.9,243.99,240.34,241.33,168321246.5413
2023-08-11 00:00:00+00:00,241.33,242.0,237.95,239.76,200315438.9823
2023-08-12 00:00:00+00:00,239.75,241.23,239.33,240.18,84153516.769
2023-08-13 00:00:00+00:00,240.17,241.75,239.57,239.92,78707030.459
2023-08-14 00:00:00+00:00,239.91,241.4,239.5,240.35,102145183.2249
2023-08-15 00:00:00+00:00,240.34,240.67,232.21,236.73,204166639.3223
2023-08-16 00:00:00+00:00,236.72,237.31,230.1,231.96,256346750.0666
2023-08-17 00:00:00+00:00,231.96,232.32,204.43,217.89,513950281.0837
2023-08-18 00:00:00+00:00,217.88,220.24,213.23,215.97,364491082.8676
2023-08-19 00:00:00+00:00,215.97,219.1,213.14,216.8,175434775.1382
2023-08-20 00:00:00+00:00,216.8,218.0,215.23,216.41,99550677.9298
2023-08-21 00:00:00+00:00,216.41,216.72,205.3,210.22,462733360.5198
2023-08-22 00:00:00+00:00,210.22,213.17,202.64,210.84,536926377.0969
2023-08-23 00:00:00+00:00,210.84,218.84,210.63,216.53,457717817.6589
2023-08-24 00:00:00+00:00,216.53,221.2,215.4,219.06,322188638.3685
2023-08-25 00:00:00+00:00,219.07,219.63,213.44,218.36,267674493.7317
2023-08-26 00:00:00+00:00,218.37,219.41,216.02,216.34,94193507.1957
2023-08-27 00:00:00+00:00,216.35,219.84,215.79,218.35,124376004.0719
2023-08-28 00:00:00+00:00,218.34,219.52,215.08,218.75,184848810.7376
2023-08-29 00:00:00+00:00,218.75,239.0,216.88,226.87,438905742.9664
2023-08-30 00:00:00+00:00,226.87,227.22,221.64,223.83,171038868.4519
2023-08-31 00:00:00+00:00,223.83,226.02,213.91,216.58,236908498.8473
2023-09-01 00:00:00+00:00,216.58,218.4,211.11,213.65,252192015.9567
2023-09-02 00:00:00+00:00,213.66,215.97,213.0,214.33,113193798.803
2023-09-03 00:00:00+00:00,214.33,215.18,213.13,214.35,82944961.0659
2023-09-04 00:00:00+00:00,214.35,216.69,213.04,215.19,174249548.0614
2023-09-05 00:00:00+00:00,215.19,216.06,213.44,214.51,134723500.1681
2023-09-06 00:00:00+00:00,214.5,219.81,211.58,215.22,183614563.3408
2023-09-07 00:00:00+00:00,215.21,217.9,213.53,217.11,152286031.5717
2023-09-08 00:00:00+00:00,217.12,218.9,213.33,214.62,154711587.1625
2023-09-09 00:00:00+00:00,214.63,215.48,214.14,214.2,62572043.7086
2023-09-10 00:00:00+00:00,214.21,214.24,210.81,212.28,170027095.7965
2023-09-11 00:00:00+00:00,212.28,212.68,203.75,206.08,310072696.4165
2023-09-12 00:00:00+00:00,206.08,214.89,204.94,210.73,347056540.2687
2023-09-13 00:00:00+00:00,210.74,213.38,209.28,212.63,188754630.3063
2023-09-14 00:00:00+00:00,212.63,215.49,209.59,212.04,189914085.4915
2023-09-15 00:00:00+00:00,212.05,214.9,210.79,214.0,143297977.8645
2023-09-16 00:00:00+00:00,214.01,215.83,213.17,214.74,124332685.1949
2023-09-17 00:00:00+00:00,214.74,216.91,213.1,216.31,141345561.719
2023-09-18 00:00:00+00:00,216.3,221.46,215.0,215.99,329931484.1221
2023-09-19 00:00:00+00:00,215.98,219.99,215.31,217.22,167419471.9761
2023-09-20 00:00:00+00:00,217.21,219.04,212.78,214.39,179472556.8448
2023-09-21 00:00:00+00:00,214.4,215.29,209.2,210.91,206829608.9276
2023-09-22 00:00:00+00:00,210.9,212.34,209.7,211.15,114448109.6745
2023-09-23 00:00:00+00:00,211.16,211.79,209.94,210.52,55588728.8432
2023-09-24 00:00:00+00:00,210.53,211.36,206.0,208.34,94992754.2783
2023-09-25 00:00:00+00:00,208.34,210.69,206.52,210.06,145677512.8635
2023-09-26 00:00:00+00:00,210.07,214.0,209.82,212.68,176493972.9796
2023-09-27 00:00:00+00:00,212.67,216.13,210.52,212.15,194724837.9218
2023-09-28 00:00:00+00:00,212.14,217.2,211.62,215.06,181080241.5122
2023-09-29 00:00:00+00:00,215.07,217.62,214.46,215.21,134903211.6496
2023-09-30 00:00:00+00:00,215.22,216.59,214.1,214.69,89423206.9227
2023-10-01 00:00:00+00:00,214.68,219.93,213.13,218.29,182868033.6908
2023-10-02 00:00:00+00:00,218.29,221.73,213.19,214.7,276872745.3289
2023-10-03 00:00:00+00:00,214.7,215.92,212.34,213.46,153676587.7751
2023-10-04 00:00:00+00:00,213.46,213.83,210.79,213.45,152148184.8262
2023-10-05 00:00:00+00:00,213.45,214.09,210.27,210.8,127002686.5129
2023-10-06 00:00:00+00:00,210.79,214.69,210.25,213.42,129570274.8008
2023-10-07 00:00:00+00:00,213.43,213.99,211.63,212.33,61989561.6486
2023-10-08 00:00:00+00:00,212.34,213.0,208.73,211.42,116328042.4309
2023-10-09 00:00:00+00:00,211.43,212.31,201.43,205.83,282156038.0831
2023-10-10 00:00:00+00:00,205.83,215.0,205.56,208.59,314211509.4966
2023-10-11 00:00:00+00:00,208.58,208.88,204.16,206.61,222968664.7856
2023-10-12 00:00:00+00:00,206.61,207.47,202.57,205.29,183877944.5559
2023-10-13 00:00:00+00:00,205.28,208.43,204.4,206.05,131325504.273
2023-10-14 00:00:00+00:00,206.06,207.14,205.76,206.6,53166488.2724
2023-10-15 00:00:00+00:00,206.6,212.0,206.36,209.87,143139985.4183
2023-10-16 00:00:00+00:00,209.87,220.14,209.66,214.75,304575088.4086
2023-10-17 00:00:00+00:00,214.75,215.14,208.75,211.55,180566532.2805
2023-10-18 00:00:00+00:00,211.54,214.08,210.0,210.37,108003659.7245
2023-10-19 00:00:00+00:00,210.37,211.59,208.1,211.32,117438570.2664
2023-10-20 00:00:00+00:00,211.33,216.8,210.63,212.17,182933763.5628
2023-10-21 00:00:00+00:00,212.17,215.99,211.49,214.32,123732449.2219
2023-10-22 00:00:00+00:00,214.33,218.82,213.68,217.95,142306495.0086
2023-10-23 00:00:00+00:00,217.95,231.73,217.05,228.8,401027752.9097
2023-10-24 00:00:00+00:00,228.81,238.46,221.49,225.32,483726807.2749
2023-10-25 00:00:00+00:00,225.33,229.32,221.63,222.29,271879916.5541
2023-10-26 00:00:00+00:00,222.28,228.49,218.6,223.32,330580173.7916
2023-10-27 00:00:00+00:00,223.33,233.0,220.01,224.18,425550042.4829
2023-10-28 00:00:00+00:00,224.18,228.71,224.13,225.8,137472542.4069
2023-10-29 00:00:00+00:00,225.81,228.29,223.6,227.2,105347165.6482
2023-10-30 00:00:00+00:00,227.2,229.39,224.61,228.1,168791706.887
2023-10-31 00:00:00+00:00,228.11,229.49,223.37,226.35,182295129.3823
2023-11-01 00:00:00+00:00,226.35,230.15,222.42,228.15,213420937.5511
2023-11-02 00:00:00+00:00,228.15,233.97,227.7,232.03,331992103.0919
2023-11-03 00:00:00+00:00,232.02,232.63,225.54,230.4,219806012.829
2023-11-04 00:00:00+00:00,230.39,238.77,229.51,237.36,196061796.9205
2023-11-05 00:00:00+00:00,237.35,245.64,236.34,244.0,313487660.5823
2023-11-06 00:00:00+00:00,244.0,256.0,241.58,255.27,433422805.1281
2023-11-07 00:00:00+00:00,255.28,255.69,242.21,246.39,399058420.5535
2023-11-08 00:00:00+00:00,246.38,249.67,244.15,246.78,256341323.7315
2023-11-09 00:00:00+00:00,246.78,256.36,238.9,251.84,580309853.9953
2023-11-10 00:00:00+00:00,251.85,258.31,248.05,251.14,376724963.4606
2023-11-11 00:00:00+00:00,251.13,255.38,246.03,251.66,278336021.9309
2023-11-12 00:00:00+00:00,251.65,252.11,243.0,247.68,213426069.3469
2023-11-13 00:00:00+00:00,247.69,250.37,240.22,241.16,271901909.1533
2023-11-14 00:00:00+00:00,241.16,249.77,233.0,242.4,370120765.8896
2023-11-15 00:00:00+00:00,242.4,254.8,242.24,254.02,344514595.4318
2023-11-16 00:00:00+00:00,254.02,256.12,240.1,242.82,407867073.9734
2023-11-17 00:00:00+00:00,242.81,246.04,238.45,244.97,268767495.092
2023-11-18 00:00:00+00:00,244.96,245.38,238.57,244.91,160591922.0892
2023-11-19 00:00:00+00:00,244.91,247.05,242.0,246.55,155762721.7102
2023-11-20 00:00:00+00:00,246.55,269.34,233.46,253.27,853075679.5452
2023-11-21 00:00:00+00:00,253.26,272.42,224.0,225.66,2429908276.2316
2023-11-22 00:00:00+00:00,225.66,238.49,224.62,236.38,836887321.5758
2023-11-23 00:00:00+00:00,236.39,239.42,230.3,233.89,368851507.4504
2023-11-24 00:00:00+00:00,233.88,237.0,231.58,232.86,291055644.8724
2023-11-25 00:00:00+00:00,232.86,235.85,232.25,234.45,152745519.8673
2023-11-26 00:00:00+00:00,234.44,234.5,227.76,231.92,230484484.3509
2023-11-27 00:00:00+00:00,231.91,233.1,222.5,227.42,327934200.8705
2023-11-28 00:00:00+00:00,227.41,231.95,224.37,229.69,246147739.9644
2023-11-29 00:00:00+00:00,229.7,231.45,226.32,227.43,180548539.4703
2023-11-30 00:00:00+00:00,227.43,229.37,226.16,227.67,159737118.4234
2023-12-01 00:00:00+00:00,227.66,230.14,227.16,228.64,185946956.8952
2023-12-02 00:00:00+00:00,228.64,230.57,226.41,229.24,189234646.5774
2023-12-03 00:00:00+00:00,229.23,232.04,226.08,228.23,278161504.3573
2023-12-04 00:00:00+00:00,228.24,237.59,223.03,233.66,672411220.5524
2023-12-05 00:00:00+00:00,233.65,235.19,227.96,231.43,381166127.0082
2023-12-06 00:00:00+00:00,231.44,235.15,228.56,229.6,438302071.2918
2023-12-07 00:00:00+00:00,229.6,235.0,228.37,232.81,387838250.4159
2023-12-08 00:00:00+00:00,232.81,240.22,231.0,239.1,434449875.0302
2023-12-09 00:00:00+00:00,239.09,245.92,236.21,237.87,500714420.3997
2023-12-10 00:00:00+00:00,237.86,241.51,236.76,239.96,238841210.2179
2023-12-11 00:00:00+00:00,239.96,248.41,225.58,246.63,1043612169.7213
2023-12-12 00:00:00+00:00,246.63,257.13,245.65,253.64,948267557.5168
2023-12-13 00:00:00+00:00,253.64,255.95,244.16,251.86,536436456.4646
2023-12-14 00:00:00+00:00,251.86,254.19,245.5,253.07,394190629.4132
2023-12-15 00:00:00+00:00,253.08,253.29,242.1,244.55,284494608.0063
2023-12-16 00:00:00+00:00,244.55,248.42,242.42,244.16,178893295.2292
2023-12-17 00:00:00+00:00,244.16,244.37,238.71,238.97,196831681.0149
2023-12-18 00:00:00+00:00,238.97,241.88,232.01,241.86,347376525.8334
2023-12-19 00:00:00+00:00,241.85,254.41,241.51,252.35,600097628.3619
2023-12-20 00:00:00+00:00,252.35,261.45,250.24,259.97,517186126.3608
2023-12-21 00:00:00+00:00,259.97,274.65,256.2,271.91,555841905.2274
2023-12-22 00:00:00+00:00,271.91,276.03,264.7,271.07,452742910.1498
2023-12-23 00:00:00+00:00,271.07,271.97,265.36,270.75,194349985.0011
2023-12-24 00:00:00+00:00,270.76,272.18,260.53,264.02,280107090.1154
2023-12-25 00:00:00+00:00,264.0,268.15,261.11,266.56,220166336.7386
2023-12-26 00:00:00+00:00,266.56,302.9,263.82,297.51,1477282597.5085
2023-12-27 00:00:00+00:00,297.5,324.13,285.0,323.76,1194848166.31246
2023-12-28 00:00:00+00:00,323.75,337.73,319.2,322.21,1502213759.88456
2023-12-29 00:00:00+00:00,322.2,325.25,306.46,313.29,761195072.50323
2023-12-30 00:00:00+00:00,313.29,320.48,311.84,316.71,360847685.38071
2023-12-31 00:00:00+00:00,316.69,324.79,306.38,311.33,411337028.18418
2024-01-01 00:00:00+00:00,311.33,315.37,306.65,313.53,277686078.85665
2024-01-02 00:00:00+00:00,313.53,321.14,304.9,311.88,444402744.93758
2024-01-03 00:00:00+00:00,311.88,334.3,285.38,315.6,1324315253.95675
2024-01-04 00:00:00+00:00,315.6,324.15,310.58,323.02,511840520.54259
2024-01-05 00:00:00+00:00,323.02,326.6,308.0,317.14,546933961.55196
2024-01-06 00:00:00+00:00,317.13,317.14,300.02,307.2,415005225.71703
2024-01-07 00:00:00+00:00,307.2,309.41,299.2,302.06,256954048.8626
2024-01-08 00:00:00+00:00,302.06,307.81,289.17,303.84,523876470.10183
2024-01-09 00:00:00+00:00,303.85,306.9,295.85,301.37,495120851.61103
2024-01-10 00:00:00+00:00,301.37,310.42,289.02,305.99,428140255.21433
2024-01-11 00:00:00+00:00,305.99,317.0,301.4,308.51,596331944.82779
2024-01-12 00:00:00+00:00,308.5,313.35,288.48,296.81,490664394.8399
2024-01-13 00:00:00+00:00,296.82,303.27,290.96,302.35,218016535.5021
2024-01-14 00:00:00+00:00,302.36,306.89,298.89,299.67,221288486.55653
2024-01-15 00:00:00+00:00,299.67,322.23,299.58,317.14,769327364.80349
2024-01-16 00:00:00+00:00,317.14,318.87,312.63,315.05,369348908.1844
2024-01-17 00:00:00+00:00,315.04,316.16,306.17,309.25,468761186.48953
2024-01-18 00:00:00+00:00,309.25,315.0,305.55,312.73,438124662.28406
2024-01-19 00:00:00+00:00,312.73,315.75,304.54,314.39,408138710.69639
2024-01-20 00:00:00+00:00,314.4,317.14,311.88,317.03,202788905.0967
2024-01-21 00:00:00+00:00,317.03,321.58,316.04,318.41,221350642.61899
2024-01-22 00:00:00+00:00,318.41,320.0,303.3,305.8,427623512.72229
2024-01-23 00:00:00+00:00,305.8,311.2,290.1,298.52,473927369.8848
2024-01-24 00:00:00+00:00,298.53,300.45,289.94,292.91,382747015.2446
2024-01-25 00:00:00+00:00,292.92,296.4,287.46,292.08,415141589.9389
2024-01-26 00:00:00+00:00,292.09,303.96,290.68,302.07,289190389.8354
2024-01-27 00:00:00+00:00,302.08,307.73,301.88,305.68,169842053.67923
2024-01-28 00:00:00+00:00,305.68,308.99,303.11,305.24,204142871.5346
2024-01-29 00:00:00+00:00,305.25,311.0,304.42,310.67,202949291.0058
2024-01-30 00:00:00+00:00,310.68,313.13,306.33,307.59,190335371.2822
2024-01-31 00:00:00+00:00,307.59,308.06,298.46,300.53,268367357.6507
2024-02-01 00:00:00+00:00,300.53,302.12,296.39,300.14,218148518.6478
2024-02-02 00:00:00+00:00,300.14,305.28,299.7,301.27,177803252.9335
2024-02-03 00:00:00+00:00,301.28,303.74,299.52,299.66,108449400.5851
2024-02-04 00:00:00+00:00,299.67,307.8,297.91,304.72,259255710.03023
2024-02-05 00:00:00+00:00,304.72,306.94,299.34,301.13,285896536.3493
2024-02-06 00:00:00+00:00,301.13,303.65,300.74,302.77,156554307.729
2024-02-07 00:00:00+00:00,302.77,308.79,300.7,307.41,207931561.27173
2024-02-08 00:00:00+00:00,307.41,320.33,307.4,318.54,453618577.53695
2024-02-09 00:00:00+00:00,318.54,325.82,317.08,323.78,371039095.0622
2024-02-10 00:00:00+00:00,323.78,324.8,318.49,322.59,168983307.125
2024-02-11 00:00:00+00:00,322.58,324.24,319.61,320.43,135529036.8617
2024-02-12 00:00:00+00:00,320.43,330.54,315.22,327.66,346334415.83242
2024-02-13 00:00:00+00:00,327.66,328.99,317.69,324.3,272446531.96609
2024-02-14 00:00:00+00:00,324.3,334.42,323.02,333.47,276683733.48377
2024-02-15 00:00:00+00:00,333.47,366.4,332.9,353.89,809761320.21984
2024-02-16 00:00:00+00:00,353.9,367.11,350.65,360.25,578276908.53326
2024-02-17 00:00:00+00:00,360.24,363.3,348.0,352.41,391322299.18674
2024-02-18 00:00:00+00:00,352.42,357.8,348.71,349.87,285303656.8862
2024-02-19 00:00:00+00:00,349.87,356.5,349.25,351.83,382895403.6492
2024-02-20 00:00:00+00:00,351.83,361.69,344.93,354.86,565044575.53387
2024-02-21 00:00:00+00:00,354.87,378.87,351.2,378.69,947453567.92943
2024-02-22 00:00:00+00:00,378.68,387.21,373.17,382.33,770824495.05655
2024-02-23 00:00:00+00:00,382.33,385.38,368.64,375.29,494255214.61523
2024-02-24 00:00:00+00:00,375.29,382.77,371.25,381.27,217249168.96166
2024-02-25 00:00:00+00:00,381.27,391.03,377.53,388.28,332136224.06779
2024-02-26 00:00:00+00:00,388.28,405.0,381.6,401.46,682534748.46657
2024-02-27 00:00:00+00:00,401.46,403.69,389.01,394.27,490950907.12992
2024-02-28 00:00:00+00:00,394.27,426.92,393.69,414.58,994820932.98066
2024-02-29 00:00:00+00:00,414.59,419.98,390.93,399.62,759668706.686
2024-03-01 00:00:00+00:00,399.62,408.9,399.28,407.65,338858728.48718
2024-03-02 00:00:00+00:00,407.66,415.6,406.29,411.17,321344292.60389
2024-03-03 00:00:00+00:00,411.17,417.19,401.0,414.73,445952486.14661
2024-03-04 00:00:00+00:00,414.73,424.44,410.77,418.87,538037350.91779
2024-03-05 00:00:00+00:00,418.87,428.06,352.01,394.19,1218424643.26694
2024-03-06 00:00:00+00:00,394.19,434.92,385.82,429.64,992869530.40019
2024-03-07 00:00:00+00:00,429.64,477.12,423.33,474.55,1009664394.52622
2024-03-08 00:00:00+00:00,474.55,489.87,462.0,485.29,1001092367.13444
2024-03-09 00:00:00+00:00,485.3,494.34,479.27,488.05,548065929.56929
2024-03-10 00:00:00+00:00,488.06,538.56,484.33,529.09,1298571926.6626
2024-03-11 00:00:00+00:00,529.09,534.48,504.57,523.06,1026885643.91949
2024-03-12 00:00:00+00:00,523.06,548.87,518.74,537.69,1613950320.30208
2024-03-13 00:00:00+00:00,537.7,634.68,532.1,631.02,2132190513.01862
2024-03-14 00:00:00+00:00,631.01,632.0,565.55,603.75,2008262143.3721
2024-03-15 00:00:00+00:00,603.76,636.12,542.0,633.01,2443345061.69663
2024-03-16 00:00:00+00:00,633.02,646.09,567.06,576.84,1687160434.77395
2024-03-17 00:00:00+00:00,576.84,590.75,548.56,571.5,1208296871.64063
2024-03-18 00:00:00+00:00,571.5,587.63,540.23,555.66,1408855914.40425
2024-03-19 00:00:00+00:00,555.66,560.97,498.0,507.96,1657320283.14778
2024-03-20 00:00:00+00:00,507.97,559.47,500.29,556.99,1211697793.49523
2024-03-21 00:00:00+00:00,557.0,571.59,541.11,554.13,899501131.90979
2024-03-22 00:00:00+00:00,554.14,587.86,534.5,554.31,1262903785.51226
2024-03-23 00:00:00+00:00,554.32,568.02,543.7,552.15,591955443.37641
2024-03-24 00:00:00+00:00,552.15,573.78,549.27,568.36,448013347.87849
2024-03-25 00:00:00+00:00,568.36,598.59,565.47,587.48,766520056.69503
2024-03-26 00:00:00+00:00,587.47,597.99,572.0,580.56,545422534.41168
2024-03-27 00:00:00+00:00,580.57,586.28,562.7,574.8,532902130.62804
2024-03-28 00:00:00+00:00,574.81,592.28,574.6,583.83,537741492.57541
2024-03-29 00:00:00+00:00,583.83,621.06,582.72,612.35,1118353390.73304
2024-03-30 00:00:00+00:00,612.34,612.83,596.23,600.25,473840167.53576
2024-03-31 00:00:00+00:00,600.26,608.12,600.01,606.03,289028897.7167
2024-04-01 00:00:00+00:00,606.04,607.02,568.06,576.42,759167051.97527
2024-04-02 00:00:00+00:00,576.41,578.64,546.85,551.83,765374084.39739
2024-04-03 00:00:00+00:00,551.84,568.4,539.33,562.13,539377339.44273
2024-04-04 00:00:00+00:00,562.13,597.19,561.21,584.34,852880356.58294
2024-04-05 00:00:00+00:00,584.31,590.0,564.1,577.66,614548772.77977
2024-04-06 00:00:00+00:00,577.66,590.87,574.52,585.01,254438478.39718
2024-04-07 00:00:00+00:00,585.01,590.15,577.44,583.45,248991603.55766
2024-04-08 00:00:00+00:00,583.45,601.02,577.21,586.72,469102260.0067
2024-04-09 00:00:00+00:00,586.73,590.87,571.5,580.82,527921030.42794
2024-04-10 00:00:00+00:00,580.82,611.47,573.56,610.03,943319426.7472
2024-04-11 00:00:00+00:00,610.04,618.55,592.3,604.85,727127382.74191
2024-04-12 00:00:00+00:00,604.85,632.0,563.33,595.2,1581527883.64085
2024-04-13 00:00:00+00:00,595.19,599.48,489.0,553.33,1870567022.64119
2024-04-14 00:00:00+00:00,553.34,569.99,535.74,566.0,976391571.15611
2024-04-15 00:00:00+00:00,566.01,585.0,543.62,552.18,814037781.91483
2024-04-16 00:00:00+00:00,552.19,553.37,522.23,537.52,740399866.10443
2024-04-17 00:00:00+00:00,537.51,547.4,512.24,533.94,710843032.75571
2024-04-18 00:00:00+00:00,533.95,555.55,526.73,551.95,682874507.08511
2024-04-19 00:00:00+00:00,551.95,563.94,523.42,553.77,671271739.8455
2024-04-20 00:00:00+00:00,553.77,574.0,548.2,570.37,322896613.4522
2024-04-21 00:00:00+00:00,570.37,582.41,565.92,579.31,387479987.7266
2024-04-22 00:00:00+00:00,579.31,608.69,578.06,604.37,723429227.5984
2024-04-23 00:00:00+00:00,604.37,619.4,598.5,605.74,755930919.3298
2024-04-24 00:00:00+00:00,605.74,617.77,592.29,608.47,880591301.3869
2024-04-25 00:00:00+00:00,608.46,617.31,600.36,612.55,696524576.7132
2024-04-26 00:00:00+00:00,612.57,614.36,596.12,597.47,489051186.0931
2024-04-27 00:00:00+00:00,597.48,598.99,583.01,595.74,459224063.5579
2024-04-28 00:00:00+00:00,595.74,607.0,595.6,599.64,359805573.879
2024-04-29 00:00:00+00:00,599.65,602.0,578.09,592.62,495623897.2548
2024-04-30 00:00:00+00:00,592.61,604.28,555.0,577.72,1104525902.9326
2024-05-01 00:00:00+00:00,577.72,579.92,535.91,561.45,816555750.4269
2024-05-02 00:00:00+00:00,561.46,565.73,541.01,560.21,500051351.0798
2024-05-03 00:00:00+00:00,560.21,589.83,558.57,586.65,469906420.6459
2024-05-04 00:00:00+00:00,586.66,593.11,582.0,584.78,294361566.2084
2024-05-05 00:00:00+00:00,584.79,594.82,577.0,591.56,279799352.8049
2024-05-06 00:00:00+00:00,591.57,602.25,582.54,587.81,417004330.601
2024-05-07 00:00:00+00:00,587.82,600.3,575.33,575.86,419924120.0865
2024-05-08 00:00:00+00:00,575.87,589.88,573.63,588.22,460887901.656
2024-05-09 00:00:00+00:00,588.22,609.0,586.19,596.42,730187681.0194
2024-05-10 00:00:00+00:00,596.43,596.54,581.06,585.26,402367207.3508
2024-05-11 00:00:00+00:00,585.27,594.43,581.2,592.03,307468948.6458
2024-05-12 00:00:00+00:00,592.03,598.74,587.02,594.25,265552420.4952
2024-05-13 00:00:00+00:00,594.26,598.15,584.48,591.29,485042527.113
2024-05-14 00:00:00+00:00,591.3,592.6,559.73,566.59,624599611.085
2024-05-15 00:00:00+00:00,566.58,586.4,560.5,580.81,507399064.8349
2024-05-16 00:00:00+00:00,580.82,585.97,564.65,568.48,434911090.0597
2024-05-17 00:00:00+00:00,568.48,584.56,567.85,580.52,319279461.6885
2024-05-18 00:00:00+00:00,580.53,581.78,574.01,580.27,209173068.518
2024-05-19 00:00:00+00:00,580.27,581.79,571.0,574.31,202489415.8691
2024-05-20 00:00:00+00:00,574.32,602.25,568.0,599.71,601304667.0817
2024-05-21 00:00:00+00:00,599.72,632.89,593.4,619.02,1190934399.0791
2024-05-22 00:00:00+00:00,619.02,626.91,610.27,615.24,585438953.5772
2024-05-23 00:00:00+00:00,615.24,617.68,577.73,599.66,753173053.9192
2024-05-24 00:00:00+00:00,599.67,605.64,588.58,600.55,352222660.3831
2024-05-25 00:00:00+00:00,600.55,607.0,599.59,602.48,164566345.1152
2024-05-26 00:00:00+00:00,602.47,605.53,598.2,600.65,179172106.4494
2024-05-27 00:00:00+00:00,600.65,615.29,599.89,604.13,310812445.7399
2024-05-28 00:00:00+00:00,604.13,606.3,593.71,601.91,344119974.5415
2024-05-29 00:00:00+00:00,601.91,603.99,593.33,595.77,241446258.5172
2024-05-30 00:00:00+00:00,595.76,602.89,586.5,595.34,291002530.4837
2024-05-31 00:00:00+00:00,595.35,599.37,590.17,594.03,229668398.7607
2024-06-01 00:00:00+00:00,594.03,609.0,593.46,602.39,209101036.9922
2024-06-02 00:00:00+00:00,602.4,606.38,596.31,603.4,258300311.0698
2024-06-03 00:00:00+00:00,603.4,639.6,601.69,626.86,1018385640.6803
2024-06-04 00:00:00+00:00,626.86,689.75,625.18,686.16,1396048537.2388
2024-06-05 00:00:00+00:00,686.15,718.97,685.24,699.32,1342205866.3405
2024-06-06 00:00:00+00:00,699.33,723.2,691.77,711.29,1068203562.3879
2024-06-07 00:00:00+00:00,711.28,712.15,657.42,684.0,1105775735.5016
2024-06-08 00:00:00+00:00,683.99,695.12,677.67,682.61,513277152.0209
2024-06-09 00:00:00+00:00,682.6,684.81,670.15,673.16,369901997.492
2024-06-10 00:00:00+00:00,673.17,674.93,613.48,625.0,1292284606.4437
2024-06-11 00:00:00+00:00,624.99,629.42,594.0,602.18,1034990909.1823
2024-06-12 00:00:00+00:00,602.18,634.44,590.88,619.28,837619653.3445
2024-06-13 00:00:00+00:00,619.29,619.78,595.44,599.7,507332931.3415
2024-06-14 00:00:00+00:00,599.71,612.16,590.0,603.11,484000763.5439
2024-06-15 00:00:00+00:00,603.1,609.59,601.18,607.99,217045720.2261
2024-06-16 00:00:00+00:00,607.99,611.92,601.03,610.65,203197847.5723
2024-06-17 00:00:00+00:00,610.66,612.53,591.0,603.96,450875844.3131
2024-06-18 00:00:00+00:00,603.97,604.8,574.0,588.5,679954872.3557
2024-06-19 00:00:00+00:00,588.51,605.95,586.51,598.92,458331811.9983
2024-06-20 00:00:00+00:00,598.92,607.68,584.01,587.32,418149203.309
2024-06-21 00:00:00+00:00,587.31,589.25,577.5,586.11,348133441.4861
2024-06-22 00:00:00+00:00,586.12,591.34,580.7,590.98,159698905.0768
2024-06-23 00:00:00+00:00,590.98,593.0,575.52,577.4,241168991.5934
2024-06-24 00:00:00+00:00,577.41,581.91,550.55,567.95,623736699.04
2024-06-25 00:00:00+00:00,567.95,579.93,566.5,577.94,303855632.1737
2024-06-26 00:00:00+00:00,577.94,584.5,567.17,573.09,271087235.9427
2024-06-27 00:00:00+00:00,573.09,584.65,566.18,581.75,261687280.9086
2024-06-28 00:00:00+00:00,581.75,585.33,566.01,567.7,274348994.1161
2024-06-29 00:00:00+00:00,567.7,574.16,567.07,570.4,135857764.7507
2024-06-30 00:00:00+00:00,570.39,585.3,568.5,582.63,206355869.7354
2024-07-01 00:00:00+00:00,582.64,588.5,576.6,577.17,217012514.9937
2024-07-02 00:00:00+00:00,577.18,582.26,574.2,580.3,202442070.0471
2024-07-03 00:00:00+00:00,580.31,581.29,550.05,556.91,395612764.4895
2024-07-04 00:00:00+00:00,556.92,558.68,511.23,513.22,670543555.8711
2024-07-05 00:00:00+00:00,513.21,515.83,452.63,497.54,1033854210.8142
2024-07-06 00:00:00+00:00,497.53,530.8,495.75,526.15,347879922.734
2024-07-07 00:00:00+00:00,526.15,526.8,488.3,490.64,448478256.5842
2024-07-08 00:00:00+00:00,490.64,524.23,470.03,510.28,767457339.0892
2024-07-09 00:00:00+00:00,510.28,521.16,506.25,516.67,266769085.379
2024-07-10 00:00:00+00:00,516.67,529.55,511.13,524.68,277733243.3483
2024-07-11 00:00:00+00:00,524.69,547.0,520.26,524.87,417053419.4381
2024-07-12 00:00:00+00:00,524.86,537.6,516.92,534.09,269849868.9164
2024-07-13 00:00:00+00:00,534.09,539.7,527.27,532.46,195985801.898
2024-07-14 00:00:00+00:00,532.45,547.66,531.26,544.76,203787463.019
2024-07-15 00:00:00+00:00,544.74,586.66,543.76,585.1,433485693.332
2024-07-16 00:00:00+00:00,585.1,587.57,554.65,576.05,461037089.6914
2024-07-17 00:00:00+00:00,576.05,584.02,564.12,568.79,282421461.0427
2024-07-18 00:00:00+00:00,568.8,579.6,561.46,571.96,248771578.1593
2024-07-19 00:00:00+00:00,571.96,599.33,565.0,593.59,519471623.5504
2024-07-20 00:00:00+00:00,593.58,598.22,586.68,593.2,197795080.2355
2024-07-21 00:00:00+00:00,593.2,603.97,580.79,602.47,325432867.0955
2024-07-22 00:00:00+00:00,602.47,606.02,585.76,587.31,282332105.2345
2024-07-23 00:00:00+00:00,587.31,593.59,577.01,582.19,329834530.4771
2024-07-24 00:00:00+00:00,582.19,589.01,570.0,574.78,222929148.5193
2024-07-25 00:00:00+00:00,574.78,576.18,553.08,570.94,424204838.2782
2024-07-26 00:00:00+00:00,570.93,583.1,570.4,581.04,218307427.4184
2024-07-27 00:00:00+00:00,581.04,593.02,573.04,581.91,286472345.672
2024-07-28 00:00:00+00:00,581.92,585.34,574.79,584.21,137949198.4465
2024-07-29 00:00:00+00:00,584.21,597.64,572.62,574.46,314183200.3819
2024-07-30 00:00:00+00:00,574.46,588.52,566.83,588.34,232006671.186
2024-07-31 00:00:00+00:00,588.32,593.34,575.17,576.79,320183626.3961
2024-08-01 00:00:00+00:00,576.79,578.4,553.74,575.37,388922684.8739
2024-08-02 00:00:00+00:00,575.38,577.97,540.71,543.15,461429157.2574
2024-08-03 00:00:00+00:00,543.15,545.5,521.36,529.64,390674462.9418
2024-08-04 00:00:00+00:00,529.7,532.32,486.14,496.92,494641297.4194
2024-08-05 00:00:00+00:00,496.92,500.01,397.29,464.2,1826250486.4208
2024-08-06 00:00:00+00:00,464.21,496.0,463.44,484.78,600915654.7222
2024-08-07 00:00:00+00:00,484.77,497.43,468.06,474.99,493733405.3173
2024-08-08 00:00:00+00:00,474.99,521.74,467.4,517.05,413532459.8364
2024-08-09 00:00:00+00:00,517.04,518.32,498.53,508.87,263260197.7811
2024-08-10 00:00:00+00:00,508.88,525.71,507.21,523.29,170450409.8496
2024-08-11 00:00:00+00:00,523.3,536.7,502.3,503.68,350484160.8328
2024-08-12 00:00:00+00:00,503.67,524.18,499.41,518.48,472971554.1135
2024-08-13 00:00:00+00:00,518.49,527.77,513.0,524.24,378238050.9246
2024-08-14 00:00:00+00:00,524.24,531.72,515.09,523.18,296143950.7364
2024-08-15 00:00:00+00:00,523.19,533.97,509.88,518.87,355664792.8713
2024-08-16 00:00:00+00:00,518.86,524.32,509.63,519.47,274675156.6489
2024-08-17 00:00:00+00:00,519.47,547.9,518.2,541.81,255976020.3846
2024-08-18 00:00:00+00:00,541.81,542.58,530.86,531.28,184967870.1719
2024-08-19 00:00:00+00:00,531.27,561.18,529.0,558.77,386393973.9293
2024-08-20 00:00:00+00:00,558.76,574.88,558.27,569.37,503114257.4217
2024-08-21 00:00:00+00:00,569.38,574.76,545.85,569.79,445457368.9253
2024-08-22 00:00:00+00:00,569.79,589.5,559.03,582.8,502804485.3626
2024-08-23 00:00:00+00:00,582.8,597.87,573.82,591.29,462982119.8413
2024-08-24 00:00:00+00:00,591.28,591.98,575.03,580.43,390015094.8888
2024-08-25 00:00:00+00:00,580.43,583.8,568.0,573.48,288307203.0388
2024-08-26 00:00:00+00:00,573.49,575.21,546.41,548.03,347604093.996
2024-08-27 00:00:00+00:00,548.03,558.21,520.52,533.17,450138391.5572
2024-08-28 00:00:00+00:00,533.17,546.76,522.01,537.05,525882526.0958
2024-08-29 00:00:00+00:00,537.05,545.35,530.42,536.31,285765332.7513
2024-08-30 00:00:00+00:00,536.3,543.24,521.57,535.01,312270580.9246
2024-08-31 00:00:00+00:00,535.01,541.22,531.0,532.83,124640596.2346
2024-09-01 00:00:00+00:00,532.84,533.14,507.0,512.05,323611826.144
2024-09-02 00:00:00+00:00,512.06,530.6,501.7,526.41,348376823.0598
2024-09-03 00:00:00+00:00,526.42,538.54,518.0,518.85,324515503.2834
2024-09-04 00:00:00+00:00,518.85,523.83,495.52,507.71,567285286.318
2024-09-05 00:00:00+00:00,507.72,512.71,496.57,502.48,317195103.683
2024-09-06 00:00:00+00:00,502.49,510.19,471.0,487.04,647034337.9533
2024-09-07 00:00:00+00:00,487.05,499.34,482.88,493.37,211073419.9552
2024-09-08 00:00:00+00:00,493.36,507.0,490.67,503.03,258450771.0947
2024-09-09 00:00:00+00:00,503.02,527.61,501.73,518.91,340244646.6656
2024-09-10 00:00:00+00:00,518.91,524.46,513.59,517.22,252289018.717
2024-09-11 00:00:00+00:00,517.23,535.92,506.46,530.37,388808427.7225
2024-09-12 00:00:00+00:00,530.32,548.87,530.06,544.58,445748371.9367
2024-09-13 00:00:00+00:00,544.57,559.61,538.43,556.02,388029874.5127
2024-09-14 00:00:00+00:00,556.03,559.14,547.13,553.21,161573160.196
2024-09-15 00:00:00+00:00,553.22,561.92,551.48,553.12,271176046.8542
2024-09-16 00:00:00+00:00,553.11,555.09,526.5,533.37,425920101.2541
2024-09-17 00:00:00+00:00,533.37,552.29,528.58,546.02,340283555.3297
2024-09-18 00:00:00+00:00,546.02,559.63,536.4,559.32,327752657.8254
2024-09-19 00:00:00+00:00,559.32,571.74,552.77,566.85,394559303.0089
2024-09-20 00:00:00+00:00,566.85,577.0,558.78,568.83,341619771.3352
2024-09-21 00:00:00+00:00,568.83,590.8,566.31,588.98,361133808.419
2024-09-22 00:00:00+00:00,588.98,595.08,576.07,588.65,352766472.4415
2024-09-23 00:00:00+00:00,588.65,616.69,583.0,604.97,602003443.0691
2024-09-24 00:00:00+00:00,604.97,613.9,598.51,606.07,472359279.8477
2024-09-25 00:00:00+00:00,606.06,608.34,583.98,587.49,405210752.15
2024-09-26 00:00:00+00:00,587.49,609.5,581.15,596.47,504587654.8512
2024-09-27 00:00:00+00:00,596.46,615.0,596.1,607.33,556740013.384
2024-09-28 00:00:00+00:00,607.33,619.06,594.81,601.12,421626319.157
2024-09-29 00:00:00+00:00,601.12,603.13,592.67,595.76,243999628.3419
2024-09-30 00:00:00+00:00,595.77,595.95,563.4,567.65,524729145.3373
2024-10-01 00:00:00+00:00,567.65,583.2,536.11,546.98,665813107.8473
2024-10-02 00:00:00+00:00,546.97,558.15,534.4,542.38,417749254.1051
2024-10-03 00:00:00+00:00,542.38,550.55,533.4,544.64,407894183.3287
2024-10-04 00:00:00+00:00,544.64,557.97,541.6,555.27,282212792.5055
2024-10-05 00:00:00+00:00,555.28,565.08,551.61,563.13,198249439.2877
2024-10-06 00:00:00+00:00,563.14,571.85,561.06,570.26,181284801.9154
2024-10-07 00:00:00+00:00,570.26,581.95,563.32,564.33,360940545.5334
2024-10-08 00:00:00+00:00,564.34,586.8,559.04,579.92,457345876.2322
2024-10-09 00:00:00+00:00,579.91,584.91,565.85,570.35,406893971.8769
2024-10-10 00:00:00+00:00,570.35,572.5,551.27,563.63,282323195.7494
2024-10-11 00:00:00+00:00,563.62,577.48,560.24,573.77,265410047.1925
2024-10-12 00:00:00+00:00,573.76,579.17,573.57,576.51,148377918.6887
2024-10-13 00:00:00+00:00,576.51,578.45,564.95,572.21,169446158.521
2024-10-14 00:00:00+00:00,572.21,592.31,569.43,589.31,325043505.3828
2024-10-15 00:00:00+00:00,589.31,600.34,577.73,594.89,528634217.5307
2024-10-16 00:00:00+00:00,594.89,605.84,590.06,601.13,368068193.4976
2024-10-17 00:00:00+00:00,601.12,606.68,584.56,592.83,303360703.096
2024-10-18 00:00:00+00:00,592.84,602.54,591.81,599.03,225590384.7514
2024-10-19 00:00:00+00:00,599.03,601.3,595.21,597.94,99857812.3666
2024-10-20 00:00:00+00:00,597.93,607.65,593.04,606.28,185993342.1754
2024-10-21 00:00:00+00:00,606.29,612.46,591.43,598.74,428184701.8777
2024-10-22 00:00:00+00:00,598.73,600.0,586.85,593.81,322944993.5081
2024-10-23 00:00:00+00:00,593.82,594.49,572.82,584.95,320719265.098
2024-10-24 00:00:00+00:00,584.94,598.23,583.23,594.65,244392917.9279
2024-10-25 00:00:00+00:00,594.64,597.96,564.74,574.64,379307966.8436
2024-10-26 00:00:00+00:00,574.64,587.1,570.23,583.4,174358500.8383
2024-10-27 00:00:00+00:00,583.39,590.94,581.74,589.34,116727018.8626
2024-10-28 00:00:00+00:00,589.32,605.0,585.37,601.37,258669065.3755
2024-10-29 00:00:00+00:00,601.37,612.78,600.18,606.71,367262933.3305
2024-10-30 00:00:00+00:00,606.7,607.2,594.5,595.9,281749005.1639
2024-10-31 00:00:00+00:00,595.9,596.88,571.14,576.71,441726334.6996
2024-11-01 00:00:00+00:00,576.7,585.46,567.52,572.93,432870462.9714
2024-11-02 00:00:00+00:00,572.93,576.94,562.06,568.58,224364478.8047
2024-11-03 00:00:00+00:00,568.59,569.3,546.69,557.78,343945397.161
2024-11-04 00:00:00+00:00,557.79,564.71,543.22,552.51,318190968.4354
2024-11-05 00:00:00+00:00,552.5,571.97,550.99,563.3,281813518.9004
2024-11-06 00:00:00+00:00,563.29,595.35,563.13,592.61,740142020.4724
2024-11-07 00:00:00+00:00,592.61,611.98,587.18,598.74,544682957.6741
2024-11-08 00:00:00+00:00,598.74,606.55,588.12,598.17,399804068.0138
2024-11-09 00:00:00+00:00,598.18,638.73,597.94,625.06,1073985342.7575
2024-11-10 00:00:00+00:00,625.07,644.99,612.02,627.84,1133360716.6781
2024-11-11 00:00:00+00:00,627.84,666.51,613.34,660.53,1391033367.1994
2024-11-12 00:00:00+00:00,660.53,668.5,612.56,625.78,1691514772.1597
2024-11-13 00:00:00+00:00,625.85,639.22,598.81,621.19,1375108586.1751
2024-11-14 00:00:00+00:00,621.19,661.3,610.8,622.64,1527719648.9657
2024-11-15 00:00:00+00:00,622.64,628.69,603.63,619.73,841244802.4193
2024-11-16 00:00:00+00:00,619.73,634.33,617.51,623.19,603164131.1128
2024-11-17 00:00:00+00:00,623.19,648.3,605.2,618.99,975134168.4418
2024-11-18 00:00:00+00:00,618.99,635.0,612.31,619.46,728153004.457
2024-11-19 00:00:00+00:00,619.46,621.97,605.47,615.93,532230502.9563
2024-11-20 00:00:00+00:00,616.0,621.08,600.25,605.78,561323262.5501
2024-11-21 00:00:00+00:00,605.84,630.0,593.26,622.33,929490780.1216
2024-11-22 00:00:00+00:00,622.32,640.57,615.56,633.51,862845219.8577
2024-11-23 00:00:00+00:00,633.51,681.45,631.66,651.13,1591002908.2945
2024-11-24 00:00:00+00:00,651.13,688.34,637.47,660.22,1470075828.0154
2024-11-25 00:00:00+00:00,660.22,677.19,627.0,636.59,1275736417.2691
2024-11-26 00:00:00+00:00,636.59,646.13,599.92,613.94,1096491608.9239
2024-11-27 00:00:00+00:00,613.94,647.14,608.22,644.69,777345136.9995
2024-11-28 00:00:00+00:00,644.69,664.45,640.26,654.33,1040350013.1649
2024-11-29 00:00:00+00:00,654.32,664.4,648.9,655.13,566163784.6265
2024-11-30 00:00:00+00:00,655.12,677.89,648.38,653.88,805095221.4351
2024-12-01 00:00:00+00:00,653.87,664.91,645.53,656.63,530806699.2918
2024-12-02 00:00:00+00:00,656.59,667.94,629.0,648.28,1136482845.2421
2024-12-03 00:00:00+00:00,648.28,749.96,622.5,735.67,2206070425.3628
2024-12-04 00:00:00+00:00,735.66,794.0,721.67,740.46,3378729087.6025
2024-12-05 00:00:00+00:00,740.46,740.64,690.0,717.76,2172190779.9282
2024-12-06 00:00:00+00:00,717.77,746.76,705.6,730.75,1309278186.2739
2024-12-07 00:00:00+00:00,730.83,761.69,730.35,750.33,805062211.7577
2024-12-08 00:00:00+00:00,750.34,757.93,728.0,742.51,683033070.7574
2024-12-09 00:00:00+00:00,742.51,743.04,633.0,689.54,1989462233.7423
2024-12-10 00:00:00+00:00,689.54,705.0,649.47,677.22,1601040103.8746
2024-12-11 00:00:00+00:00,677.22,713.45,659.1,711.69,871494115.2304
2024-12-12 00:00:00+00:00,711.7,726.15,699.68,706.18,961754768.157
2024-12-13 00:00:00+00:00,706.19,730.24,697.0,725.73,834857054.5774
2024-12-14 00:00:00+00:00,725.73,731.92,704.65,715.57,567016462.6381
2024-12-15 00:00:00+00:00,715.58,724.65,702.52,719.53,465834350.7317
2024-12-16 00:00:00+00:00,719.53,731.0,704.51,721.09,684406891.5998
2024-12-17 00:00:00+00:00,721.1,737.99,712.61,717.85,848222612.6711
2024-12-18 00:00:00+00:00,717.85,722.68,680.0,686.45,1164934721.474
2024-12-19 00:00:00+00:00,686.51,705.17,647.59,665.48,1323995612.1995
2024-12-20 00:00:00+00:00,665.49,679.69,617.54,678.32,1295012276.0767
2024-12-21 00:00:00+00:00,678.32,693.5,649.64,663.73,760541618.1451
2024-12-22 00:00:00+00:00,663.74,669.89,639.2,649.77,576282582.2825
2024-12-23 00:00:00+00:00,649.78,698.38,638.03,693.9,986791023.3182
2024-12-24 00:00:00+00:00,693.89,699.27,682.56,696.63,545803226.207
2024-12-25 00:00:00+00:00,696.63,713.21,695.51,702.13,475707715.2256
2024-12-26 00:00:00+00:00,702.13,720.24,681.65,688.75,810080019.6632
2024-12-27 00:00:00+00:00,688.76,710.93,685.18,691.49,684767629.7563
2024-12-28 00:00:00+00:00,691.49,731.25,690.94,722.14,604270071.3529
2024-12-29 00:00:00+00:00,722.14,724.58,689.67,694.48,491340515.4379
2024-12-30 00:00:00+00:00,694.48,712.16,687.0,704.76,584849339.9303
2024-12-31 00:00:00+00:00,704.75,714.59,698.0,702.12,454488048.9456
2025-01-01 00:00:00+00:00,702.13,710.93,700.02,707.43,272686873.5598
2025-01-02 00:00:00+00:00,707.42,715.99,698.04,706.11,518266225.2649
2025-01-03 00:00:00+00:00,706.11,716.32,696.46,715.22,474509667.5181
2025-01-04 00:00:00+00:00,715.23,721.97,707.61,713.38,360334325.1646
2025-01-05 00:00:00+00:00,713.38,714.0,702.48,709.28,254537416.6637
2025-01-06 00:00:00+00:00,709.28,746.0,706.06,729.81,757053660.9193
2025-01-07 00:00:00+00:00,729.82,732.98,689.5,697.16,821817738.5727
2025-01-08 00:00:00+00:00,697.16,706.82,673.76,695.49,739225530.3476
2025-01-09 00:00:00+00:00,695.49,701.32,673.7,684.89,645993838.8229
2025-01-10 00:00:00+00:00,684.89,700.84,682.6,693.04,461506961.5319
2025-01-11 00:00:00+00:00,693.03,701.28,690.2,696.42,186470435.2612
2025-01-12 00:00:00+00:00,696.42,698.56,689.46,692.96,186999835.2723
2025-01-13 00:00:00+00:00,692.96,700.0,656.84,688.41,756225067.7726
2025-01-14 00:00:00+00:00,688.4,700.19,686.0,698.84,332965283.3551
2025-01-15 00:00:00+00:00,698.88,714.73,688.43,714.38,537250594.0501
2025-01-16 00:00:00+00:00,714.37,717.75,700.62,708.05,480555660.464
2025-01-17 00:00:00+00:00,708.06,730.61,708.05,722.09,468659968.2891
2025-01-18 00:00:00+00:00,722.09,723.63,694.88,709.91,536334516.9492
2025-01-19 00:00:00+00:00,709.91,715.26,676.01,683.39,929393427.1269
2025-01-20 00:00:00+00:00,683.39,709.99,670.0,682.84,971140451.5278
2025-01-21 00:00:00+00:00,682.83,697.66,675.31,692.54,457248862.6754
2025-01-22 00:00:00+00:00,692.55,704.23,690.15,695.95,328783702.9799
2025-01-23 00:00:00+00:00,695.96,698.11,680.2,690.12,475515231.0343
2025-01-24 00:00:00+00:00,690.13,691.74,678.66,680.46,342248602.4698
2025-01-25 00:00:00+00:00,680.46,690.08,677.61,686.74,193444616.04
2025-01-26 00:00:00+00:00,686.74,691.36,664.14,666.64,286995358.2591
2025-01-27 00:00:00+00:00,666.64,680.96,635.98,680.16,780522340.8616
2025-01-28 00:00:00+00:00,680.17,683.25,659.13,661.08,385517770.7815
2025-01-29 00:00:00+00:00,661.07,679.35,659.22,667.94,397435594.5457
2025-01-30 00:00:00+00:00,667.93,683.21,665.8,677.87,269716636.9467
2025-01-31 00:00:00+00:00,677.88,689.53,673.71,677.79,293171027.8769
2025-02-01 00:00:00+00:00,677.79,681.86,650.43,652.83,266441233.0392
2025-02-02 00:00:00+00:00,652.83,663.05,598.71,617.69,800756558.0397
2025-02-03 00:00:00+00:00,617.69,618.74,499.04,616.76,1561953996.1096
2025-02-04 00:00:00+00:00,616.76,618.74,558.05,572.81,814215201.8097
2025-02-05 00:00:00+00:00,572.81,579.9,560.93,569.42,354976770.0702
2025-02-06 00:00:00+00:00,569.42,589.27,568.76,571.47,452501070.6922
2025-02-07 00:00:00+00:00,571.5,589.76,570.06,577.42,349855437.2029
2025-02-08 00:00:00+00:00,577.42,633.0,573.36,612.27,675008948.3249
2025-02-09 00:00:00+00:00,612.27,646.87,602.25,615.36,1096637256.0072
2025-02-10 00:00:00+00:00,615.36,622.28,596.0,618.38,637077872.7479
2025-02-11 00:00:00+00:00,618.39,646.55,614.79,641.58,869516709.1868
2025-02-12 00:00:00+00:00,641.57,706.0,626.29,696.76,1461721314.2381
2025-02-13 00:00:00+00:00,696.77,730.95,659.3,664.35,3019028156.4533
2025-02-14 00:00:00+00:00,664.35,684.37,651.05,659.42,1025785509.9836
2025-02-15 00:00:00+00:00,659.41,671.23,653.24,661.76,498327679.6604
2025-02-16 00:00:00+00:00,661.77,684.5,653.01,672.65,704937510.6778
2025-02-17 00:00:00+00:00,672.65,681.85,657.04,667.12,667024347.6393
2025-02-18 00:00:00+00:00,667.12,667.91,629.74,648.04,733294974.8494
2025-02-19 00:00:00+00:00,648.06,664.41,637.28,653.11,631677939.5789
2025-02-20 00:00:00+00:00,653.11,658.94,645.37,655.94,431860562.0119
2025-02-21 00:00:00+00:00,655.95,667.71,633.95,647.11,659007810.2484
2025-02-22 00:00:00+00:00,647.1,679.72,644.75,668.13,656632108.0977
2025-02-23 00:00:00+00:00,668.13,670.72,648.03,657.65,335233345.5686
2025-02-24 00:00:00+00:00,657.65,658.79,610.0,614.06,637083772.033
2025-02-25 00:00:00+00:00,614.06,627.6,585.71,622.87,983922049.6105
2025-02-26 00:00:00+00:00,622.87,631.47,593.79,611.5,661924418.579
2025-02-27 00:00:00+00:00,611.51,619.46,595.3,605.19,475216542.7269
2025-02-28 00:00:00+00:00,605.19,606.23,559.56,587.82,844004621.1249
2025-03-01 00:00:00+00:00,587.83,608.99,586.13,607.28,412102694.053
2025-03-02 00:00:00+00:00,607.27,634.5,601.41,623.53,626682740.6214
2025-03-03 00:00:00+00:00,623.54,623.89,567.0,575.72,684049761.5122
2025-03-04 00:00:00+00:00,575.73,588.28,545.51,583.8,714488193.9161
2025-03-05 00:00:00+00:00,583.8,605.48,580.4,597.93,371840975.2731
2025-03-06 00:00:00+00:00,597.92,611.82,589.09,596.27,373527483.4695
2025-03-07 00:00:00+00:00,596.28,610.36,577.04,594.53,510595641.9886
2025-03-08 00:00:00+00:00,594.53,602.48,589.89,592.8,205256100.9795
2025-03-09 00:00:00+00:00,592.8,592.81,549.67,554.4,434201710.5814
2025-03-10 00:00:00+00:00,554.41,573.33,522.71,531.25,605340762.6773
2025-03-11 00:00:00+00:00,531.29,565.24,506.47,551.47,861241450.2498
2025-03-12 00:00:00+00:00,551.48,575.0,544.0,569.75,630859456.3517
2025-03-13 00:00:00+00:00,569.76,620.0,567.72,579.45,1184011209.6303
2025-03-14 00:00:00+00:00,579.45,589.44,576.32,587.56,339454221.4791
2025-03-15 00:00:00+00:00,587.55,619.65,587.41,619.62,390021081.5758
2025-03-16 00:00:00+00:00,619.61,622.93,592.9,602.14,499131235.435
2025-03-17 00:00:00+00:00,602.14,643.59,602.01,631.39,1063012706.8284
2025-03-18 00:00:00+00:00,631.38,643.37,619.94,627.42,818537020.9818
2025-03-19 00:00:00+00:00,627.41,627.8,604.28,618.02,825906328.065
2025-03-20 00:00:00+00:00,618.02,637.3,616.02,629.92,995634219.2181
2025-03-21 00:00:00+00:00,629.91,637.01,624.09,634.64,459260311.055
2025-03-22 00:00:00+00:00,634.63,635.5,623.22,626.5,293349093.6401
2025-03-23 00:00:00+00:00,626.5,628.7,618.31,623.25,259318310.2483
2025-03-24 00:00:00+00:00,623.25,639.23,617.0,636.58,613336106.1638
2025-03-25 00:00:00+00:00,636.58,644.67,626.75,629.53,735443246.6479
2025-03-26 00:00:00+00:00,629.53,633.86,615.0,617.72,387207344.5444
2025-03-27 00:00:00+00:00,617.73,642.0,616.73,636.66,1007940817.2615
2025-03-28 00:00:00+00:00,636.66,636.81,615.31,619.24,505842517.0951
2025-03-29 00:00:00+00:00,619.23,623.21,596.39,602.59,502028218.577
2025-03-30 00:00:00+00:00,602.6,612.8,593.01,601.95,340353450.9618
2025-03-31 00:00:00+00:00,601.96,609.0,586.48,604.63,512375139.7763
2025-04-01 00:00:00+00:00,604.62,618.05,604.23,610.93,862087297.9167
2025-04-02 00:00:00+00:00,610.94,612.04,583.98,590.08,759040342.0336
2025-04-03 00:00:00+00:00,590.09,609.72,578.24,592.43,869503886.366
2025-04-04 00:00:00+00:00,592.42,600.45,584.8,597.84,442618369.8534
2025-04-05 00:00:00+00:00,597.85,599.25,588.88,593.11,170001909.6835
2025-04-06 00:00:00+00:00,593.11,593.93,544.0,555.35,577653369.6766
2025-04-07 00:00:00+00:00,555.35,567.97,509.59,554.63,1068127558.1847
2025-04-08 00:00:00+00:00,554.63,565.68,547.43,553.72,457681354.2504
2025-04-09 00:00:00+00:00,553.73,585.86,534.4,582.12,728402746.8663
2025-04-10 00:00:00+00:00,582.13,583.44,565.98,577.79,621817513.5821
2025-04-11 00:00:00+00:00,577.8,589.9,575.53,585.84,301341919.1747
2025-04-12 00:00:00+00:00,585.84,599.99,583.56,597.11,275197495.7048
2025-04-13 00:00:00+00:00,597.11,598.46,579.17,584.06,260108416.3955
2025-04-14 00:00:00+00:00,584.06,592.8,582.83,584.09,267332711.1858
2025-04-15 00:00:00+00:00,584.09,591.11,578.95,579.11,242592468.1821
2025-04-16 00:00:00+00:00,579.11,586.53,575.62,582.68,268183421.6824
2025-04-17 00:00:00+00:00,582.68,593.0,580.62,590.36,238311561.1137
2025-04-18 00:00:00+00:00,590.36,595.5,586.14,591.53,268027157.7627
2025-04-19 00:00:00+00:00,591.52,593.97,587.15,591.56,186186529.3804
2025-04-20 00:00:00+00:00,591.57,595.0,587.0,592.42,203273308.7823
2025-04-21 00:00:00+00:00,592.43,608.49,592.28,596.88,347483493.2061
2025-04-22 00:00:00+00:00,596.88,620.26,594.34,618.27,395169743.5073
2025-04-23 00:00:00+00:00,618.27,619.94,601.12,605.45,502857032.4126
2025-04-24 00:00:00+00:00,605.45,606.79,592.52,601.26,333852957.3584
2025-04-25 00:00:00+00:00,601.26,609.91,596.67,599.57,352413197.7707
2025-04-26 00:00:00+00:00,599.56,609.56,598.93,607.18,217794125.03
2025-04-27 00:00:00+00:00,607.17,608.68,595.86,603.63,248319635.5366
2025-04-28 00:00:00+00:00,603.62,608.16,598.01,605.99,285678032.338
2025-04-29 00:00:00+00:00,605.98,610.8,597.53,600.67,327656294.5953
2025-04-30 00:00:00+00:00,600.67,604.42,591.0,599.21,299749123.5437
2025-05-01 00:00:00+00:00,599.21,605.5,597.64,599.14,266598061.585
2025-05-02 00:00:00+00:00,599.14,603.5,595.0,600.6,244789101.4216
2025-05-03 00:00:00+00:00,600.61,601.11,595.0,599.07,180015957.6449
2025-05-04 00:00:00+00:00,599.07,600.25,584.16,585.65,280427251.0989
2025-05-05 00:00:00+00:00,585.65,599.78,583.02,597.19,345704243.1092
2025-05-06 00:00:00+00:00,597.18,603.27,592.95,602.56,313284087.3244
2025-05-07 00:00:00+00:00,602.56,609.29,597.0,602.51,349723761.2308
2025-05-08 00:00:00+00:00,602.51,629.55,600.66,629.29,605319463.1116
2025-05-09 00:00:00+00:00,629.29,671.3,622.78,666.72,727344991.6634
2025-05-10 00:00:00+00:00,666.72,679.29,648.67,664.1,725447098.4515
2025-05-11 00:00:00+00:00,664.1,668.7,648.22,651.36,475023197.6615
2025-05-12 00:00:00+00:00,651.37,693.55,647.13,660.5,987147532.8069
2025-05-13 00:00:00+00:00,660.5,671.84,640.88,664.62,591498583.304
2025-05-14 00:00:00+00:00,664.62,666.87,647.2,652.8,415449838.9331
2025-05-15 00:00:00+00:00,652.79,661.57,642.39,652.17,489693785.7592
2025-05-16 00:00:00+00:00,652.17,660.19,643.57,646.39,348561972.2575
2025-05-17 00:00:00+00:00,646.39,646.61,634.32,639.42,285390202.0165
2025-05-18 00:00:00+00:00,639.42,654.97,633.82,651.32,335289808.2831
2025-05-19 00:00:00+00:00,651.32,653.47,633.16,649.96,335830567.7258
2025-05-20 00:00:00+00:00,649.96,654.14,640.22,650.37,272646219.4591
2025-05-21 00:00:00+00:00,650.37,678.38,648.85,673.58,682841337.2928
2025-05-22 00:00:00+00:00,673.59,689.99,673.35,686.49,516125627.8273
2025-05-23 00:00:00+00:00,686.49,691.66,653.6,656.85,588930293.9164
2025-05-24 00:00:00+00:00,656.85,677.27,655.31,667.89,302793439.2802
2025-05-25 00:00:00+00:00,667.89,671.54,656.49,669.13,295165174.0298
2025-05-26 00:00:00+00:00,669.12,677.5,667.98,673.91,230963959.5148
2025-05-27 00:00:00+00:00,673.92,698.0,666.12,687.14,504345330.223
2025-05-28 00:00:00+00:00,687.14,689.05,679.71,686.8,380356661.709
2025-05-29 00:00:00+00:00,686.79,691.21,673.1,674.7,466281679.5616
2025-05-30 00:00:00+00:00,674.7,678.28,652.74,655.0,398320942.2931
2025-05-31 00:00:00+00:00,655.0,661.46,645.11,657.92,267437753.2098
2025-06-01 00:00:00+00:00,657.92,662.44,647.12,660.66,236358144.5682
2025-06-02 00:00:00+00:00,660.65,667.24,649.61,665.93,285845661.4828
2025-06-03 00:00:00+00:00,665.93,673.76,656.66,661.33,299302662.1727
2025-06-04 00:00:00+00:00,661.33,671.83,660.64,662.93,264299735.7331
2025-06-05 00:00:00+00:00,662.93,670.74,622.05,632.9,572076168.9043
2025-06-06 00:00:00+00:00,632.9,651.12,628.56,642.25,333135202.4732
2025-06-07 00:00:00+00:00,642.26,653.54,639.13,650.41,186749646.4818
2025-06-08 00:00:00+00:00,650.41,656.19,646.21,651.64,157566159.512
2025-06-09 00:00:00+00:00,651.65,667.76,647.52,665.61,263397483.2052
2025-06-10 00:00:00+00:00,665.61,674.59,656.77,673.66,396836026.8275
2025-06-11 00:00:00+00:00,673.67,674.43,662.06,667.58,320782774.0768
2025-06-12 00:00:00+00:00,667.59,670.24,651.42,654.41,313120763.7375
2025-06-13 00:00:00+00:00,654.41,659.7,637.55,655.04,426766011.9347
2025-06-14 00:00:00+00:00,655.03,655.05,638.37,645.23,190647010.4307
2025-06-15 00:00:00+00:00,645.23,651.76,642.36,647.92,160255386.9463
2025-06-16 00:00:00+00:00,647.93,659.62,646.0,650.74,225703836.7312
2025-06-17 00:00:00+00:00,650.74,659.25,640.0,648.04,357357792.9803
2025-06-18 00:00:00+00:00,648.04,654.19,636.69,644.33,321310024.2651
2025-06-19 00:00:00+00:00,644.33,646.43,638.24,644.51,171917373.8018
2025-06-20 00:00:00+00:00,644.52,654.0,637.88,641.68,296157545.2041
2025-06-21 00:00:00+00:00,641.69,644.96,620.91,628.75,294067748.6591
2025-06-22 00:00:00+00:00,628.75,635.41,600.91,615.72,476561777.909
2025-06-23 00:00:00+00:00,615.72,642.56,614.86,640.02,439378962.987
2025-06-24 00:00:00+00:00,640.02,643.9,635.75,643.3,234720882.1975
2025-06-25 00:00:00+00:00,643.29,653.09,641.41,646.1,359553064.6847
2025-06-26 00:00:00+00:00,646.1,649.94,640.73,642.05,201627218.5995
2025-06-27 00:00:00+00:00,642.05,648.45,638.58,645.56,168134955.2443
2025-06-28 00:00:00+00:00,645.57,648.99,644.0,648.38,84006091.7152
2025-06-29 00:00:00+00:00,648.37,656.06,646.46,654.96,132750001.2222
2025-06-30 00:00:00+00:00,654.96,660.0,651.19,656.99,204031535.5557
2025-07-01 00:00:00+00:00,656.99,659.2,643.65,646.11,189716681.8595
2025-07-02 00:00:00+00:00,646.12,664.88,643.5,659.97,251987600.2254
2025-07-03 00:00:00+00:00,659.96,665.0,656.56,663.9,203221196.9954
2025-07-04 00:00:00+00:00,663.9,664.4,650.08,653.39,188473224.4027
2025-07-05 00:00:00+00:00,653.38,656.76,651.72,655.99,98945860.5766
2025-07-06 00:00:00+00:00,656.0,664.89,653.22,663.12,188388629.3189
2025-07-07 00:00:00+00:00,663.12,663.2,656.5,661.04,158667964.046
2025-07-08 00:00:00+00:00,661.05,662.64,657.24,660.52,172981340.612
2025-07-09 00:00:00+00:00,660.52,671.94,658.41,668.88,245361947.3828
2025-07-10 00:00:00+00:00,668.89,688.13,667.12,686.3,353542616.0569
2025-07-11 00:00:00+00:00,686.3,697.78,683.01,690.4,474213336.1737
2025-07-12 00:00:00+00:00,690.4,697.38,679.47,686.1,257258216.1861
2025-07-13 00:00:00+00:00,686.1,694.47,685.3,692.33,176975050.4151
2025-07-14 00:00:00+00:00,692.33,708.0,686.01,689.11,487195509.1551
2025-07-15 00:00:00+00:00,689.1,693.54,675.0,690.37,371190744.9191
2025-07-16 00:00:00+00:00,690.37,715.99,685.43,709.13,446629640.8687
2025-07-17 00:00:00+00:00,709.13,728.4,707.08,721.11,763266406.8725
2025-07-18 00:00:00+00:00,721.1,766.26,718.91,730.39,1046980638.2837
2025-07-19 00:00:00+00:00,730.39,742.94,718.95,733.43,414300782.5972
2025-07-20 00:00:00+00:00,733.43,762.04,731.67,757.31,523447640.8821
2025-07-21 00:00:00+00:00,757.32,782.76,746.29,766.51,729467661.2871
2025-07-22 00:00:00+00:00,766.52,789.48,745.0,787.6,768618588.919
2025-07-23 00:00:00+00:00,787.6,810.55,752.5,776.92,1711879462.6428
2025-07-24 00:00:00+00:00,776.88,786.93,742.61,771.15,886952287.7546
2025-07-25 00:00:00+00:00,771.16,786.5,752.26,785.98,661954107.5462
2025-07-26 00:00:00+00:00,785.98,799.0,778.81,793.61,317546794.1377
2025-07-27 00:00:00+00:00,793.57,848.0,791.16,844.8,894441073.0569
2025-07-28 00:00:00+00:00,844.71,861.76,821.0,824.48,1416705718.916
2025-07-29 00:00:00+00:00,824.48,835.67,800.61,805.82,1075229358.1071
2025-07-30 00:00:00+00:00,805.82,812.28,765.79,794.07,920807585.8055
2025-07-31 00:00:00+00:00,794.08,815.0,782.01,783.68,835235471.6306
2025-08-01 00:00:00+00:00,783.67,795.88,745.0,757.64,978358648.9532
2025-08-02 00:00:00+00:00,757.64,770.47,732.82,736.97,544793276.2116
2025-08-03 00:00:00+00:00,736.97,755.68,730.43,751.41,304844640.8956
2025-08-04 00:00:00+00:00,751.4,770.0,750.56,768.89,368238123.4518
2025-08-05 00:00:00+00:00,768.89,770.04,745.41,755.57,396145526.2799
2025-08-06 00:00:00+00:00,755.56,775.39,746.39,769.94,375572955.6254
2025-08-07 00:00:00+00:00,769.94,788.99,764.78,788.99,428060533.0196
2025-08-08 00:00:00+00:00,788.99,799.0,781.1,793.71,439509213.2365
2025-08-09 00:00:00+00:00,793.72,819.86,792.89,799.16,496416264.9633
2025-08-10 00:00:00+00:00,799.17,816.04,794.02,807.65,375977895.7249
2025-08-11 00:00:00+00:00,807.65,828.22,791.1,805.26,769288960.3034
2025-08-12 00:00:00+00:00,805.25,840.66,797.7,833.05,646512163.3567
2025-08-13 00:00:00+00:00,833.05,860.0,828.83,848.3,928505659.4047
2025-08-14 00:00:00+00:00,848.29,870.15,821.0,840.8,1412668513.5884
2025-08-15 00:00:00+00:00,840.77,853.99,812.8,828.0,698141256.1376
2025-08-16 00:00:00+00:00,828.0,839.7,825.4,838.97,302900271.4661
2025-08-17 00:00:00+00:00,838.98,864.48,838.36,855.96,526757101.1185
2025-08-18 00:00:00+00:00,855.95,859.1,825.19,847.56,697730458.8125
2025-08-19 00:00:00+00:00,847.56,852.6,823.25,824.44,672281191.3455
2025-08-20 00:00:00+00:00,824.45,882.0,818.54,869.71,996677051.4936
2025-08-21 00:00:00+00:00,869.72,884.54,833.72,839.78,942064252.3131
2025-08-22 00:00:00+00:00,839.79,901.76,839.52,901.0,1147131059.7028
2025-08-23 00:00:00+00:00,901.01,901.08,876.42,880.86,730007803.7178
2025-08-24 00:00:00+00:00,880.87,887.01,860.0,876.9,906561688.3427
2025-08-25 00:00:00+00:00,876.91,881.3,832.58,839.63,991592949.8037
2025-08-26 00:00:00+00:00,839.63,868.33,830.08,864.16,537423039.2395
2025-08-27 00:00:00+00:00,864.17,867.5,853.41,855.74,422022976.1479
2025-08-28 00:00:00+00:00,855.75,882.21,851.54,873.92,726477780.2207
2025-08-29 00:00:00+00:00,873.92,878.53,850.56,862.84,580167494.0096
2025-08-30 00:00:00+00:00,862.85,864.6,851.8,862.6,237841732.7064
2025-08-31 00:00:00+00:00,862.6,868.27,857.32,858.08,272832148.313
2025-09-01 00:00:00+00:00,858.09,869.72,840.01,846.19,668124895.9238
2025-09-02 00:00:00+00:00,846.18,857.0,841.2,852.22,380006841.0955
2025-09-03 00:00:00+00:00,852.22,864.43,849.16,855.21,265388823.711
2025-09-04 00:00:00+00:00,855.21,857.17,841.08,843.8,280877618.3628
2025-09-05 00:00:00+00:00,843.8,857.99,842.33,850.28,303439969.9089
2025-09-06 00:00:00+00:00,850.28,865.77,849.75,861.47,354927950.012
2025-09-07 00:00:00+00:00,861.47,884.97,861.12,880.67,356212492.3739
2025-09-08 00:00:00+00:00,880.68,886.59,870.01,878.55,435292531.6666
2025-09-09 00:00:00+00:00,878.54,885.42,871.72,880.3,382245988.8582
2025-09-10 00:00:00+00:00,880.29,908.1,877.51,894.14,736220950.9531
2025-09-11 00:00:00+00:00,894.14,905.45,884.04,903.13,483018636.2437
2025-09-12 00:00:00+00:00,903.13,930.6,902.0,925.5,611067745.5632
2025-09-13 00:00:00+00:00,925.5,944.5,922.45,934.21,687924166.4307
2025-09-14 00:00:00+00:00,934.22,945.98,923.15,926.82,513838304.4859
2025-09-15 00:00:00+00:00,926.82,936.13,911.0,920.12,521422099.1558
2025-09-16 00:00:00+00:00,920.11,960.03,917.05,956.26,850868058.5913
2025-09-17 00:00:00+00:00,956.26,996.6,946.48,990.81,1309521984.3208
2025-09-18 00:00:00+00:00,990.81,1008.19,979.66,981.78,1263997820.8266
2025-09-19 00:00:00+00:00,981.78,1004.0,974.37,984.48,1133251378.7203
2025-09-20 00:00:00+00:00,984.48,1050.0,983.2,1044.27,1632985841.6475
2025-09-21 00:00:00+00:00,1044.28,1084.28,1039.75,1048.25,2010587733.9495
2025-09-22 00:00:00+00:00,1048.25,1051.06,976.88,993.51,2218799265.9355
2025-09-23 00:00:00+00:00,993.51,1028.14,963.12,1016.87,1708693658.6791
2025-09-24 00:00:00+00:00,1016.86,1034.96,991.18,1018.81,1290502023.3917
2025-09-25 00:00:00+00:00,1018.81,1020.33,940.0,946.49,1794388809.2204
2025-09-26 00:00:00+00:00,946.49,966.66,932.67,961.28,1090254100.1584
2025-09-27 00:00:00+00:00,961.27,986.55,955.82,968.71,699973612.6887
2025-09-28 00:00:00+00:00,968.71,993.58,963.06,993.09,580610432.0575
2025-09-29 00:00:00+00:00,993.1,1036.78,991.41,1030.43,1143412466.1754
2025-09-30 00:00:00+00:00,1030.43,1034.5,993.2,1008.77,943040707.9998
2025-10-01 00:00:00+00:00,1008.77,1036.56,1003.44,1026.85,833790603.3423
2025-10-02 00:00:00+00:00,1026.85,1100.34,1023.08,1090.91,1384850279.0479
2025-10-03 00:00:00+00:00,1090.91,1193.39,1084.5,1190.39,2956935475.763
2025-10-04 00:00:00+00:00,1190.39,1191.11,1138.0,1151.46,1487982394.092
2025-10-05 00:00:00+00:00,1151.45,1189.9,1144.0,1167.98,1444322720.4998
2025-10-06 00:00:00+00:00,1167.99,1240.26,1162.27,1223.97,2814594837.6956
2025-10-07 00:00:00+00:00,1223.95,1362.91,1203.33,1305.33,6262624123.7687
2025-10-08 00:00:00+00:00,1305.32,1335.32,1264.28,1306.84,3748365447.4061
2025-10-09 00:00:00+00:00,1306.84,1319.99,1225.55,1256.16,3952621384.4281
2025-10-10 00:00:00+00:00,1256.16,1279.14,823.6,1102.85,5372102191.3203
2025-10-11 00:00:00+00:00,1102.99,1183.13,1075.01,1134.93,2747117482.2003
2025-10-12 00:00:00+00:00,1134.95,1320.97,1107.1,1302.92,4178138345.3521
2025-10-13 00:00:00+00:00,1302.92,1374.61,1250.01,1293.71,5470069933.4579
2025-10-14 00:00:00+00:00,1293.7,1317.02,1142.79,1208.03,4966235292.122
2025-10-15 00:00:00+00:00,1208.03,1223.09,1148.53,1163.09,2159772744.2039
2025-10-16 00:00:00+00:00,1163.09,1195.59,1121.82,1144.65,2296497694.9907
2025-10-17 00:00:00+00:00,1144.65,1156.69,1021.0,1070.3,3106468459.6011
2025-10-18 00:00:00+00:00,1070.3,1130.98,1068.43,1092.0,1417897068.7017
2025-10-19 00:00:00+00:00,1092.0,1133.0,1067.7,1109.08,1349486664.4515
2025-10-20 00:00:00+00:00,1109.07,1142.74,1086.87,1099.72,1518673790.2214
2025-10-21 00:00:00+00:00,1099.73,1114.65,1051.01,1056.56,1745482221.0522
2025-10-22 00:00:00+00:00,1056.56,1083.64,1052.03,1071.37,1207666082.3991
2025-10-23 00:00:00+00:00,1071.38,1159.84,1071.34,1125.61,2730667855.8534
2025-10-24 00:00:00+00:00,1125.61,1143.92,1096.32,1108.16,1248251445.3361
2025-10-25 00:00:00+00:00,1108.16,1120.9,1100.0,1116.35,566763008.4442
2025-10-26 00:00:00+00:00,1116.35,1142.99,1114.23,1137.87,840213559.3664
2025-10-27 00:00:00+00:00,1137.87,1182.76,1129.0,1138.38,1803752634.9523
2025-10-28 00:00:00+00:00,1138.37,1148.9,1070.95,1102.35,1293575015.7454
2025-10-29 00:00:00+00:00,1102.34,1120.24,1081.82,1107.7,1309664198.5035
2025-10-30 00:00:00+00:00,1107.69,1129.87,1040.37,1078.15,1555274497.337
2025-10-31 00:00:00+00:00,1078.15,1104.34,1071.1,1088.13,1503667398.1719
2025-11-01 00:00:00+00:00,1088.12,1096.75,1081.1,1094.22,438413900.2152
2025-11-02 00:00:00+00:00,1094.23,1094.64,1071.2,1082.98,436288952.4106
2025-11-03 00:00:00+00:00,1082.98,1087.29,951.0,993.15,1878867052.1056
2025-11-04 00:00:00+00:00,993.15,1001.92,878.96,937.16,2490743406.5858
2025-11-05 00:00:00+00:00,937.17,967.38,900.6,958.81,1093743317.2999
2025-11-06 00:00:00+00:00,958.81,965.0,925.29,950.75,853491385.9396
2025-11-07 00:00:00+00:00,950.75,996.0,925.82,991.21,1208922174.51
2025-11-08 00:00:00+00:00,991.22,1007.49,980.24,990.5,812155415.432
2025-11-09 00:00:00+00:00,990.5,1006.99,975.23,996.12,759323467.1562
2025-11-10 00:00:00+00:00,996.11,1019.15,975.01,991.55,776519224.8945
2025-11-11 00:00:00+00:00,991.55,1008.84,955.72,957.89,798976267.1025
2025-11-12 00:00:00+00:00,957.88,978.79,937.2,952.51,723183176.7479
2025-11-13 00:00:00+00:00,952.51,970.88,906.14,926.67,922470956.8924
2025-11-14 00:00:00+00:00,926.68,934.0,888.07,915.69,1212170897.0069
2025-11-15 00:00:00+00:00,915.7,945.74,915.42,932.79,478033298.4668
2025-11-16 00:00:00+00:00,932.8,950.58,908.57,927.15,776894654.0601
2025-11-17 00:00:00+00:00,927.15,940.54,891.2,907.32,1097480902.0882
2025-11-18 00:00:00+00:00,907.32,939.87,884.07,933.35,1066461867.1731
2025-11-19 00:00:00+00:00,933.35,941.85,872.03,897.66,1075166123.0508
2025-11-20 00:00:00+00:00,897.65,916.0,865.78,866.91,1028407671.3939
2025-11-21 00:00:00+00:00,866.91,878.06,790.92,831.16,1720404691.6816
2025-11-22 00:00:00+00:00,831.16,843.42,814.17,834.28,598633003.2417
2025-11-23 00:00:00+00:00,834.29,855.85,833.72,844.05,459230604.9242
2025-11-24 00:00:00+00:00,844.05,877.0,830.0,865.26,835919720.8859
2025-11-25 00:00:00+00:00,865.25,868.1,837.5,863.11,555927747.1405
2025-11-26 00:00:00+00:00,863.1,897.85,852.12,892.08,584998139.4276
2025-11-27 00:00:00+00:00,892.07,905.12,884.21,896.12,400906006.4522
2025-11-28 00:00:00+00:00,896.1,906.99,876.16,887.54,586424323.5586
2025-11-29 00:00:00+00:00,887.55,889.41,868.55,873.26,267409751.678
2025-11-30 00:00:00+00:00,873.27,900.35,869.65,875.21,398431229.4792
2025-12-01 00:00:00+00:00,875.21,877.23,801.4,826.47,947771346.3081
2025-12-02 00:00:00+00:00,826.46,885.5,820.2,877.18,777324837.1319
2025-12-03 00:00:00+00:00,877.18,923.12,874.0,921.19,750469819.0018
2025-12-04 00:00:00+00:00,921.19,928.88,887.06,900.48,608231050.1149
2025-12-05 00:00:00+00:00,900.47,908.68,870.52,883.97,564211546.2651
2025-12-06 00:00:00+00:00,883.98,898.28,878.22,890.62,299650039.0338
2025-12-07 00:00:00+00:00,890.61,906.38,870.56,894.8,515535683.5594
2025-12-08 00:00:00+00:00,894.81,913.79,889.13,897.35,464486656.3721
2025-12-09 00:00:00+00:00,897.36,928.55,881.82,897.62,665348955.5984
2025-12-10 00:00:00+00:00,897.62,915.73,884.16,893.88,588525110.3373
2025-12-11 00:00:00+00:00,893.88,895.21,859.2,886.29,592562208.4069
2025-12-12 00:00:00+00:00,886.29,896.51,870.73,881.86,412096746.7758
2025-12-13 00:00:00+00:00,881.87,904.92,880.61,897.49,339436281.5538
2025-12-14 00:00:00+00:00,897.49,900.21,870.21,877.61,341550226.019
2025-12-15 00:00:00+00:00,877.6,896.05,840.76,858.51,585504894.4242
2025-12-16 00:00:00+00:00,858.51,878.97,846.54,876.09,468263072.6069
2025-12-17 00:00:00+00:00,876.09,876.96,833.4,843.0,693263388.8029
2025-12-18 00:00:00+00:00,843.0,853.66,818.27,830.25,617657818.7474
2025-12-19 00:00:00+00:00,830.25,862.94,822.42,856.54,480672344.0457
2025-12-20 00:00:00+00:00,856.54,860.08,851.27,854.56,147497340.4011
2025-12-21 00:00:00+00:00,854.55,860.32,845.86,859.13,270051042.0671
2025-12-22 00:00:00+00:00,859.13,871.7,851.16,859.12,448628509.9698
2025-12-23 00:00:00+00:00,859.13,861.86,837.93,844.29,332383719.9217
2025-12-24 00:00:00+00:00,844.29,850.34,835.35,846.9,249804736.5427
2025-12-25 00:00:00+00:00,846.89,848.31,826.56,829.46,254752307.1092
2025-12-26 00:00:00+00:00,829.46,847.5,821.01,834.85,425786881.8307
2025-12-27 00:00:00+00:00,834.86,847.2,834.41,845.71,251208861.168
2025-12-28 00:00:00+00:00,845.7,867.84,838.92,859.92,354050035.7109
2025-12-29 00:00:00+00:00,859.92,872.75,846.22,852.85,451572790.2953
2025-12-30 00:00:00+00:00,852.85,864.67,849.17,862.14,264004665.0383
2025-12-31 00:00:00+00:00,862.14,878.29,858.0,864.71,413750132.516
2026-01-01 00:00:00+00:00,864.71,875.0,856.24,864.62,297722454.2733
2026-01-02 00:00:00+00:00,864.62,891.8,859.78,881.8,481520810.7451
2026-01-03 00:00:00+00:00,881.79,884.91,869.05,879.07,268824922.2625
2026-01-04 00:00:00+00:00,879.08,903.77,878.92,895.99,392480431.4644
2026-01-05 00:00:00+00:00,895.98,917.53,890.74,910.9,495023964.1064
2026-01-06 00:00:00+00:00,910.9,924.84,892.03,918.4,611310072.8662
2026-01-07 00:00:00+00:00,918.4,920.97,892.72,900.86,502176271.6808
2026-01-08 00:00:00+00:00,900.85,905.36,875.0,892.58,497863763.8213
2026-01-09 00:00:00+00:00,892.58,901.6,885.35,897.36,356480625.4162
2026-01-10 00:00:00+00:00,897.35,916.7,897.22,908.44,475886809.6009
2026-01-11 00:00:00+00:00,908.45,918.0,899.03,904.75,405843966.097
2026-01-12 00:00:00+00:00,904.75,910.93,894.06,906.32,510354727.9249
2026-01-13 00:00:00+00:00,906.32,955.0,902.69,944.24,909033191.5095
2026-01-14 00:00:00+00:00,944.25,955.65,928.88,949.06,578220364.2691
2026-01-15 00:00:00+00:00,949.06,949.46,923.95,931.53,507535012.6007
2026-01-16 00:00:00+00:00,931.53,939.86,923.82,938.52,300819851.6269
2026-01-17 00:00:00+00:00,938.54,960.5,935.84,947.57,316186375.4826
2026-01-18 00:00:00+00:00,947.57,953.83,931.76,932.72,295817307.1503
2026-01-19 00:00:00+00:00,932.73,932.73,900.67,924.13,627972409.0024
2026-01-20 00:00:00+00:00,924.12,933.6,884.44,884.71,627791224.9323
2026-01-21 00:00:00+00:00,884.71,894.06,864.5,883.68,701483134.2293
2026-01-22 00:00:00+00:00,883.69,897.78,878.52,888.45,300877445.1716
2026-01-23 00:00:00+00:00,888.45,905.78,883.47,892.1,300319562.7442
2026-01-24 00:00:00+00:00,892.09,894.68,886.91,887.65,127652037.8752
2026-01-25 00:00:00+00:00,887.65,888.08,856.03,866.63,326724371.5312
2026-01-26 00:00:00+00:00,866.64,882.0,865.45,879.94,300204943.4657
2026-01-27 00:00:00+00:00,879.94,901.8,876.69,898.86,344373045.4462
2026-01-28 00:00:00+00:00,898.85,909.98,895.0,903.46,294124223.7817
2026-01-29 00:00:00+00:00,903.46,907.11,853.11,868.9,734116026.8137
2026-01-30 00:00:00+00:00,868.91,869.98,832.0,859.11,763731197.8579
2026-01-31 00:00:00+00:00,859.11,861.11,749.21,781.33,995850460.9869
2026-02-01 00:00:00+00:00,781.33,789.67,739.63,758.69,820350755.682
2026-02-02 00:00:00+00:00,758.7,781.69,728.53,774.22,875784109.0498
2026-02-03 00:00:00+00:00,774.22,783.78,736.28,755.16,770995055.4418
2026-02-04 00:00:00+00:00,755.16,765.9,687.21,697.49,930762771.343
2026-02-05 00:00:00+00:00,697.48,703.25,602.3,608.55,1734082310.8311
2026-02-06 00:00:00+00:00,608.54,669.51,572.0,657.0,1370387341.3321
2026-02-07 00:00:00+00:00,656.99,663.91,631.0,647.07,602058159.4246
2026-02-08 00:00:00+00:00,647.08,653.13,631.95,639.86,391993151.4527
2026-02-09 00:00:00+00:00,639.85,646.31,615.97,636.42,491183426.886
2026-02-10 00:00:00+00:00,636.43,641.89,613.35,619.48,415164937.4905
2026-02-11 00:00:00+00:00,619.47,624.0,587.03,608.19,705341035.332
2026-02-12 00:00:00+00:00,608.19,620.79,600.42,614.36,396507467.99
2026-02-13 00:00:00+00:00,614.36,622.99,592.3,618.99,559977450.2675
2026-02-14 00:00:00+00:00,619.0,637.56,615.76,632.88,352716299.943
2026-02-15 00:00:00+00:00,632.88,642.7,608.77,615.16,454111992.633
2026-02-16 00:00:00+00:00,615.17,631.29,604.2,627.15,417450560.0527
2026-02-17 00:00:00+00:00,627.16,632.0,609.21,617.73,361834633.3086
2026-02-18 00:00:00+00:00,617.74,626.88,600.88,604.43,398957683.4277
2026-02-19 00:00:00+00:00,604.43,614.62,595.26,607.56,358368956.8189
2026-02-20 00:00:00+00:00,607.57,629.95,601.0,626.09,407500955.7046
2026-02-21 00:00:00+00:00,626.08,635.12,624.26,625.82,252520021.7209
2026-02-22 00:00:00+00:00,625.83,627.2,610.1,614.97,240787850.9644
2026-02-23 00:00:00+00:00,614.97,616.16,582.77,596.22,650138456.3317
2026-02-24 00:00:00+00:00,596.22,602.75,576.61,583.4,495781876.1256
2026-02-25 00:00:00+00:00,583.41,641.12,581.2,629.81,648240869.9839
2026-02-26 00:00:00+00:00,629.81,634.27,614.43,626.03,404895438.2798
2026-02-27 00:00:00+00:00,626.02,634.0,605.34,614.03,384896325.8702
2026-02-28 00:00:00+00:00,614.03,621.6,588.39,617.14,546796233.666
2026-03-01 00:00:00+00:00,617.13,632.34,611.13,618.2,515717705.1202
2026-03-02 00:00:00+00:00,618.2,653.44,613.02,637.81,586208178.3671
2026-03-03 00:00:00+00:00,637.8,642.41,620.6,633.45,477852903.3735
2026-03-04 00:00:00+00:00,633.45,666.43,626.0,658.08,585050305.5931
2026-03-05 00:00:00+00:00,658.09,665.64,646.27,648.01,406585699.5664
2026-03-06 00:00:00+00:00,648.01,651.78,624.51,627.24,364626874.9567
2026-03-07 00:00:00+00:00,627.24,629.97,617.6,620.24,178735525.8344
2026-03-08 00:00:00+00:00,620.25,624.07,607.56,611.7,257709625.7922
2026-03-09 00:00:00+00:00,611.71,643.4,610.76,634.52,450183612.7055
2026-03-10 00:00:00+00:00,634.51,652.44,634.36,641.89,379833396.9051
2026-03-11 00:00:00+00:00,641.89,656.66,634.2,651.73,433194969.8152
2026-03-12 00:00:00+00:00,651.73,657.93,641.69,651.97,332015757.85
2026-03-13 00:00:00+00:00,651.96,679.59,650.62,655.75,593377212.151
2026-03-14 00:00:00+00:00,655.74,658.39,649.97,657.61,154137830.7826
2026-03-15 00:00:00+00:00,657.61,679.55,654.32,674.12,304315142.843
2026-03-16 00:00:00+00:00,674.12,687.86,670.17,679.7,510924639.9257
2026-03-17 00:00:00+00:00,679.7,686.6,663.2,668.51,398168767.3646
2026-03-18 00:00:00+00:00,668.51,676.28,643.78,651.87,421630859.1676
2026-03-19 00:00:00+00:00,651.86,656.18,633.0,638.82,351440327.928
2026-03-20 00:00:00+00:00,638.83,647.33,636.1,642.0,281183997.1983
2026-03-21 00:00:00+00:00,642.0,646.35,627.32,630.29,149144364.734
2026-03-22 00:00:00+00:00,630.29,637.51,621.56,626.08,307017385.2896
2026-03-23 00:00:00+00:00,626.08,650.68,620.0,639.3,583551336.9421
2026-03-24 00:00:00+00:00,639.3,640.39,626.66,638.31,321707941.3378
2026-03-25 00:00:00+00:00,638.31,653.18,637.39,647.85,316158873.3543
2026-03-26 00:00:00+00:00,647.84,648.75,622.63,628.75,294927344.4951
2026-03-27 00:00:00+00:00,628.75,631.85,605.48,613.72,349805351.4912
2026-03-28 00:00:00+00:00,613.72,618.8,609.73,610.9,174060207.4592
2026-03-29 00:00:00+00:00,610.9,615.1,596.01,605.86,199334419.4432
2026-03-30 00:00:00+00:00,605.88,621.75,604.81,609.42,331825704.583
2026-03-31 00:00:00+00:00,609.42,620.03,598.6,617.64,417750428.8931
2026-04-01 00:00:00+00:00,617.64,622.66,609.62,611.18,311272495.6297
2026-04-02 00:00:00+00:00,611.18,613.98,570.71,583.8,572246898.6311
2026-04-03 00:00:00+00:00,583.81,590.47,582.07,588.4,222008930.4908
2026-04-04 00:00:00+00:00,588.4,596.89,587.31,593.62,156293030.5595
2026-04-05 00:00:00+00:00,593.62,604.29,587.27,601.81,259220745.2801
2026-04-06 00:00:00+00:00,601.82,610.8,596.33,600.45,308152716.0284
2026-04-07 00:00:00+00:00,600.45,625.38,592.22,620.61,409351010.8877
2026-04-08 00:00:00+00:00,620.61,622.0,600.02,601.41,329630583.8997
2026-04-09 00:00:00+00:00,601.45,612.65,597.14,603.39,281033696.3477
2026-04-10 00:00:00+00:00,603.39,610.75,597.78,605.95,218895541.2325
2026-04-11 00:00:00+00:00,605.95,614.57,603.72,607.52,185313718.2032
2026-04-12 00:00:00+00:00,607.52,607.89,589.17,592.42,267204947.8327
2026-04-13 00:00:00+00:00,592.41,618.4,591.75,615.19,345330504.3028
2026-04-14 00:00:00+00:00,615.19,625.74,610.81,614.16,367507205.2609
2026-04-15 00:00:00+00:00,614.17,628.19,610.84,623.08,275620550.1136
2026-04-16 00:00:00+00:00,623.08,638.02,615.09,636.15,370989496.9511
2026-04-17 00:00:00+00:00,636.15,646.0,627.02,643.52,349766325.387
2026-04-18 00:00:00+00:00,643.52,649.19,628.46,630.22,277011976.5059
2026-04-19 00:00:00+00:00,630.23,630.72,615.14,616.38,290093365.8807
2026-04-20 00:00:00+00:00,616.39,632.46,616.24,629.56,241138221.1831
2026-04-21 00:00:00+00:00,629.57,640.78,625.12,631.97,280540499.0145
2026-04-22 00:00:00+00:00,631.97,654.89,631.45,637.81,337171501.3591
2026-04-23 00:00:00+00:00,637.81,640.7,631.22,638.84,271388921.677
2026-04-24 00:00:00+00:00,638.84,640.88,632.26,636.49,181645299.0078
2026-04-25 00:00:00+00:00,636.49,638.79,627.32,628.9,146869515.1306
2026-04-26 00:00:00+00:00,628.9,638.5,627.15,636.18,154191120.6233
2026-04-27 00:00:00+00:00,636.18,640.38,618.76,627.18,283623406.692
2026-04-28 00:00:00+00:00,627.17,627.98,619.3,624.88,149294821.3839
2026-04-29 00:00:00+00:00,624.88,629.9,610.29,617.63,275547199.982
2026-04-30 00:00:00+00:00,617.64,620.9,613.69,615.61,144923876.2334
2026-05-01 00:00:00+00:00,615.61,623.17,614.0,615.72,187923719.2921
2026-05-02 00:00:00+00:00,615.71,622.21,614.39,618.33,118330485.1916
2026-05-03 00:00:00+00:00,618.33,622.74,615.32,617.58,144401124.0918
2026-05-04 00:00:00+00:00,617.59,639.56,615.81,623.03,451304161.0964
2026-05-05 00:00:00+00:00,623.04,635.48,622.88,630.75,237730253.7145
2026-05-06 00:00:00+00:00,630.75,664.72,629.02,648.12,469322858.7338
2026-05-07 00:00:00+00:00,648.12,653.95,633.79,637.31,341270912.7175
2026-05-08 00:00:00+00:00,637.32,652.0,634.8,649.78,248288201.644
2026-05-09 00:00:00+00:00,649.77,656.63,646.66,650.08,190523702.9452
2026-05-10 00:00:00+00:00,650.07,667.26,645.2,664.13,285266568.9487
2026-05-11 00:00:00+00:00,664.13,673.59,649.69,670.98,345270482.9655
2026-05-12 00:00:00+00:00,670.96,671.89,650.39,665.23,463948131.0845
2026-05-13 00:00:00+00:00,665.24,686.14,664.11,671.9,575603603.6023
2026-05-14 00:00:00+00:00,671.89,688.4,665.62,678.76,442151765.1204
2026-05-15 00:00:00+00:00,678.76,690.55,669.42,672.63,515216505.875
2026-05-16 00:00:00+00:00,672.62,675.2,651.01,656.52,375676465.9548
2026-05-17 00:00:00+00:00,656.52,657.89,640.0,649.75,287637638.7423
2026-05-18 00:00:00+00:00,649.76,649.98,634.43,643.85,344028897.6232
2026-05-19 00:00:00+00:00,643.85,647.47,636.46,640.35,199734976.1268
2026-05-20 00:00:00+00:00,640.34,652.24,637.85,649.8,203558186.2276
2026-05-21 00:00:00+00:00,649.8,660.0,646.64,658.82,257458080.9342
2026-05-22 00:00:00+00:00,658.82,664.95,648.71,650.84,322092450.6939
2026-05-23 00:00:00+00:00,650.84,664.4,635.0,656.62,331331608.0085
2026-05-24 00:00:00+00:00,656.63,663.26,650.0,656.87,228035736.0556
2026-05-25 00:00:00+00:00,656.88,673.51,656.06,663.47,334238315.8006
2026-05-26 00:00:00+00:00,663.47,668.5,653.76,656.78,305026187.8603
2026-05-27 00:00:00+00:00,656.79,660.44,646.86,649.1,248988792.315
2026-05-28 00:00:00+00:00,649.09,649.87,628.42,638.66,383598497.8046
2026-05-29 00:00:00+00:00,638.65,645.34,631.15,643.5,261493950.5694
2026-05-30 00:00:00+00:00,643.51,729.99,643.02,719.01,1593240732.5135
2026-05-31 00:00:00+00:00,719.01,746.59,702.1,710.91,1667832190.3321
