time,open,high,low,close,volume
2019-09-01 00:00:00+00:00,9588.74,9830.0,9520.0,9724.98,188513289.12235728
2019-09-02 00:00:00+00:00,9723.59,10450.0,9712.5,10340.0,448462178.6303809
2019-09-03 00:00:00+00:00,10340.0,10773.0,10272.0,10615.28,505617667.39926684
2019-09-04 00:00:00+00:00,10611.85,10799.0,10369.89,10567.02,463526509.325937
2019-09-05 00:00:00+00:00,10565.92,10900.0,10450.0,10564.49,358861340.7897901
2019-09-06 00:00:00+00:00,10563.13,10905.87,10150.0,10298.73,623662984.3843306
2019-09-07 00:00:00+00:00,10298.71,10558.0,10288.57,10455.88,287851131.1802577
2019-09-08 00:00:00+00:00,10455.9,10592.5,10208.0,10381.18,249900964.3715313
2019-09-09 00:00:00+00:00,10381.24,10480.0,10068.5,10303.12,409724831.9471227
2019-09-10 00:00:00+00:00,10302.58,10384.99,9953.0,10098.15,294323839.5070076
2019-09-11 00:00:00+00:00,10098.19,10293.0,9880.0,10158.33,321637085.47650874
2019-09-12 00:00:00+00:00,10158.75,10448.81,10040.0,10415.01,353390090.9677773
2019-09-13 00:00:00+00:00,10415.01,10439.0,10153.0,10342.06,311632094.2561885
2019-09-14 00:00:00+00:00,10344.13,10419.99,10222.33,10335.02,244063007.09022474
2019-09-15 00:00:00+00:00,10332.81,10360.0,10252.15,10302.01,185853330.43704256
2019-09-16 00:00:00+00:00,10303.34,10355.0,10078.0,10251.31,296325130.1709013
2019-09-17 00:00:00+00:00,10249.68,10275.0,10128.01,10187.82,233944812.56050798
2019-09-18 00:00:00+00:00,10187.48,10258.02,10100.0,10156.99,247024351.5979917
2019-09-19 00:00:00+00:00,10156.41,10325.0,9653.0,10244.29,447676492.9840264
2019-09-20 00:00:00+00:00,10243.7,10281.0,10061.39,10168.59,255205290.21183726
2019-09-21 00:00:00+00:00,10167.92,10176.7,9900.0,9986.39,206034034.50803515
2019-09-22 00:00:00+00:00,9985.15,10089.0,9853.97,10028.87,220133631.6128417
2019-09-23 00:00:00+00:00,10028.05,10049.99,9615.77,9702.25,314390584.6264613
2019-09-24 00:00:00+00:00,9702.2,9794.99,7800.0,8493.14,838996309.1611282
2019-09-25 00:00:00+00:00,8497.55,8730.0,8215.64,8430.05,512437200.3611044
2019-09-26 00:00:00+00:00,8430.05,8465.99,7750.0,8063.73,552794530.8666819
2019-09-27 00:00:00+00:00,8063.49,8265.0,7852.15,8177.91,352800745.2079286
2019-09-28 00:00:00+00:00,8177.47,8315.0,8001.09,8198.81,280672404.6804955
2019-09-29 00:00:00+00:00,8199.38,8229.13,7890.0,8043.82,253660600.3252929
2019-09-30 00:00:00+00:00,8043.04,8337.26,7710.0,8289.34,449120676.8427603
2019-10-01 00:00:00+00:00,8289.97,8500.0,8173.05,8292.44,362980689.87999123
2019-10-02 00:00:00+00:00,8292.67,8373.91,8151.22,8359.94,216325351.8586446
2019-10-03 00:00:00+00:00,8360.0,8393.0,8060.0,8223.96,250291751.2714139
2019-10-04 00:00:00+00:00,8224.43,8232.41,8005.0,8137.13,215325611.68221506
2019-10-05 00:00:00+00:00,8137.09,8183.41,8012.98,8126.19,177252877.0029691
2019-10-06 00:00:00+00:00,8127.55,8153.87,7785.0,7854.25,275447898.032875
2019-10-07 00:00:00+00:00,7855.3,8299.92,7762.0,8190.09,420921679.84426314
2019-10-08 00:00:00+00:00,8190.82,8325.0,8088.75,8168.39,290675248.1414453
2019-10-09 00:00:00+00:00,8170.79,8670.0,8115.0,8560.74,462845251.81361026
2019-10-10 00:00:00+00:00,8562.15,8644.0,8414.52,8558.03,333925412.3041418
2019-10-11 00:00:00+00:00,8557.82,8779.51,8212.38,8258.5,424413201.5329322
2019-10-12 00:00:00+00:00,8257.95,8400.0,8250.0,8300.09,177707852.5948189
2019-10-13 00:00:00+00:00,8301.98,8451.37,8160.0,8275.01,232149438.3639587
2019-10-14 00:00:00+00:00,8275.24,8388.85,8203.0,8348.2,247530733.18003485
2019-10-15 00:00:00+00:00,8346.86,8403.0,8090.0,8159.29,270727559.7770109
2019-10-16 00:00:00+00:00,8159.3,8181.16,7917.0,7991.74,279586845.5362139
2019-10-17 00:00:00+00:00,7995.02,8124.92,7929.03,8070.58,238343204.48251528
2019-10-18 00:00:00+00:00,8070.71,8115.0,7816.01,7947.01,248931322.10085052
2019-10-19 00:00:00+00:00,7946.89,8098.1,7866.92,7948.01,211909734.13572004
2019-10-20 00:00:00+00:00,7949.87,8297.0,7870.0,8223.35,275899861.65387124
2019-10-21 00:00:00+00:00,8223.35,8333.0,8142.03,8197.27,250117281.63661337
2019-10-22 00:00:00+00:00,8197.28,8297.99,8000.0,8020.0,283535483.41051364
2019-10-23 00:00:00+00:00,8020.06,8047.59,7300.0,7466.62,488220760.6464156
2019-10-24 00:00:00+00:00,7468.47,7503.68,7337.99,7412.41,243246414.9489239
2019-10-25 00:00:00+00:00,7412.41,8799.0,7361.0,8655.02,737329544.8835196
2019-10-26 00:00:00+00:00,8655.88,10370.0,8470.38,9230.0,1522244166.4108484
2019-10-27 00:00:00+00:00,9230.0,9794.98,9074.34,9529.93,887438297.7462667
2019-10-28 00:00:00+00:00,9528.23,9902.1,9160.0,9205.14,759178942.9488419
2019-10-29 00:00:00+00:00,9204.45,9550.0,9072.0,9407.62,600611324.6356996
2019-10-30 00:00:00+00:00,9407.62,9409.84,9001.01,9154.72,506584830.0313323
2019-10-31 00:00:00+00:00,9154.02,9405.0,8913.0,9140.85,498152743.7348088
2019-11-01 00:00:00+00:00,9140.86,9279.0,9030.0,9231.61,398803069.00908464
2019-11-02 00:00:00+00:00,9231.4,9373.74,9186.21,9289.52,268119579.73009112
2019-11-03 00:00:00+00:00,9289.85,9362.57,9066.14,9194.71,256664259.66219142
2019-11-04 00:00:00+00:00,9196.46,9513.68,9115.84,9393.35,426792003.1749065
2019-11-05 00:00:00+00:00,9392.4,9454.95,9175.76,9308.66,428156963.07854694
2019-11-06 00:00:00+00:00,9307.73,9440.91,9250.01,9339.05,348607499.83121693
2019-11-07 00:00:00+00:00,9339.16,9375.0,9101.0,9216.2,361217475.0583465
2019-11-08 00:00:00+00:00,9214.0,9261.0,8696.0,8773.73,555589995.993586
2019-11-09 00:00:00+00:00,8773.74,8880.0,8724.88,8809.41,259733491.82990894
2019-11-10 00:00:00+00:00,8809.18,9147.19,8750.0,9039.47,307316853.90375423
2019-11-11 00:00:00+00:00,9040.16,9072.32,8618.68,8733.27,394585996.3292871
2019-11-12 00:00:00+00:00,8733.36,8888.0,8567.6,8821.94,352675938.430593
2019-11-13 00:00:00+00:00,8821.91,8844.99,8702.0,8777.12,235060554.12410158
2019-11-14 00:00:00+00:00,8777.54,8800.0,8582.6,8646.68,290104306.95303315
2019-11-15 00:00:00+00:00,8646.38,8790.0,8400.0,8471.73,394708981.3155723
2019-11-16 00:00:00+00:00,8471.62,8543.0,8400.0,8491.02,177222838.38564816
2019-11-17 00:00:00+00:00,8490.74,8635.0,8350.68,8502.4,229995700.81158423
2019-11-18 00:00:00+00:00,8502.87,8503.52,8060.0,8187.17,358706174.82521844
2019-11-19 00:00:00+00:00,8186.5,8218.63,8003.0,8133.64,353463792.04443395
2019-11-20 00:00:00+00:00,8133.83,8264.29,8038.4,8098.01,263387575.48592198
2019-11-21 00:00:00+00:00,8098.56,8134.73,7500.0,7627.74,455166676.2781802
2019-11-22 00:00:00+00:00,7627.79,7750.0,6790.0,7268.23,917881536.2620839
2019-11-23 00:00:00+00:00,7268.23,7344.48,7080.01,7311.57,364446217.3737604
2019-11-24 00:00:00+00:00,7311.1,7330.39,6861.0,6903.28,481922941.3269758
2019-11-25 00:00:00+00:00,6900.23,7377.69,6515.0,7109.57,831628458.304907
2019-11-26 00:00:00+00:00,7109.99,7340.0,7017.48,7156.14,469602476.91268086
2019-11-27 00:00:00+00:00,7154.75,7655.0,6840.0,7508.52,671646609.1695509
2019-11-28 00:00:00+00:00,7507.9,7643.0,7360.0,7419.49,427572714.94560075
2019-11-29 00:00:00+00:00,7418.52,7850.0,7362.3,7739.68,463006956.68515146
2019-11-30 00:00:00+00:00,7740.99,7810.0,7441.0,7541.89,358749026.3607554
2019-12-01 00:00:00+00:00,7540.63,7541.85,7210.0,7390.89,446524917.2059704
2019-12-02 00:00:00+00:00,7391.5,7420.56,7151.1,7294.28,337889295.510181
2019-12-03 00:00:00+00:00,7294.42,7400.0,7241.35,7292.71,242379261.10434753
2019-12-04 00:00:00+00:00,7292.71,7750.0,7067.0,7194.32,608623482.7599231
2019-12-05 00:00:00+00:00,7194.59,7485.0,7150.0,7389.0,434738864.78401244
2019-12-06 00:00:00+00:00,7389.0,7590.03,7305.0,7527.47,356905919.0155599
2019-12-07 00:00:00+00:00,7527.8,7619.62,7470.16,7488.21,237000924.85530463
2019-12-08 00:00:00+00:00,7487.31,7564.0,7374.86,7510.11,223314325.61846468
2019-12-09 00:00:00+00:00,7510.11,7650.0,7273.0,7338.64,347471155.4826833
2019-12-10 00:00:00+00:00,7338.64,7407.6,7157.1,7224.13,363127435.39551663
2019-12-11 00:00:00+00:00,7224.15,7275.5,7125.66,7210.0,217095653.86658925
2019-12-12 00:00:00+00:00,7210.0,7295.0,7080.3,7198.08,303657479.492691
2019-12-13 00:00:00+00:00,7197.76,7309.05,7190.76,7258.48,199836160.23365226
2019-12-14 00:00:00+00:00,7257.37,7271.77,7012.0,7064.05,211004228.01585397
2019-12-15 00:00:00+00:00,7064.14,7200.3,7008.35,7118.59,187402764.5635311
2019-12-16 00:00:00+00:00,7119.6,7150.0,6836.0,6891.72,307508569.89251375
2019-12-17 00:00:00+00:00,6891.44,6942.21,6560.0,6623.82,364087469.8222779
2019-12-18 00:00:00+00:00,6623.84,7440.0,6435.0,7277.83,654057202.1588289
2019-12-19 00:00:00+00:00,7277.83,7380.0,7038.31,7150.3,397407677.0585651
2019-12-20 00:00:00+00:00,7151.31,7220.0,7079.5,7187.83,229842650.42149538
2019-12-21 00:00:00+00:00,7188.01,7190.58,7105.0,7132.75,139069157.0864577
2019-12-22 00:00:00+00:00,7131.59,7518.54,7122.47,7501.44,285577206.9406348
2019-12-23 00:00:00+00:00,7500.71,7695.38,7265.84,7317.09,510710431.76686037
2019-12-24 00:00:00+00:00,7317.3,7436.68,7157.04,7255.77,318428019.0009099
2019-12-25 00:00:00+00:00,7255.77,7271.77,7128.86,7204.63,198273303.10954586
2019-12-26 00:00:00+00:00,7205.01,7435.0,7157.12,7202.0,263289798.95618758
2019-12-27 00:00:00+00:00,7202.0,7275.86,7076.42,7254.74,242214722.72289035
2019-12-28 00:00:00+00:00,7254.77,7365.01,7238.67,7316.14,196322192.4380019
2019-12-29 00:00:00+00:00,7315.36,7528.45,7288.0,7388.24,231731575.82821694
2019-12-30 00:00:00+00:00,7388.43,7408.24,7220.0,7246.0,216508875.51767525
2019-12-31 00:00:00+00:00,7246.0,7320.0,7145.01,7195.23,187518399.34504002
2020-01-01 00:00:00+00:00,7195.24,7255.0,7175.15,7200.85,121214452.11606228
2020-01-02 00:00:00+00:00,7200.77,7212.5,6924.74,6965.71,225982341.3011403
2020-01-03 00:00:00+00:00,6965.49,7405.0,6871.04,7344.96,495098582.9620354
2020-01-04 00:00:00+00:00,7345.0,7404.0,7272.21,7354.11,219874240.9399481
2020-01-05 00:00:00+00:00,7354.19,7495.0,7318.0,7358.75,284848683.7891762
2020-01-06 00:00:00+00:00,7357.64,7795.34,7346.76,7758.0,413330481.2260492
2020-01-07 00:00:00+00:00,7758.9,8207.68,7723.71,8145.28,724202791.1429626
2020-01-08 00:00:00+00:00,8145.92,8455.0,7870.0,8055.98,926410232.6045058
2020-01-09 00:00:00+00:00,8054.72,8055.96,7750.0,7817.76,507258250.4748796
2020-01-10 00:00:00+00:00,7817.74,8199.0,7672.0,8197.02,652774220.388437
2020-01-11 00:00:00+00:00,8198.86,8286.34,8003.16,8020.01,445034349.56470203
2020-01-12 00:00:00+00:00,8020.01,8197.0,7960.0,8184.98,309351920.45885
2020-01-13 00:00:00+00:00,8184.97,8196.0,8055.89,8110.34,252656965.35815012
2020-01-14 00:00:00+00:00,8110.34,8880.0,8105.54,8810.01,1032735180.8658738
2020-01-15 00:00:00+00:00,8814.64,8916.48,8564.0,8821.41,743712237.2790816
2020-01-16 00:00:00+00:00,8820.01,8859.81,8586.0,8720.01,451752380.2810811
2020-01-17 00:00:00+00:00,8720.15,9041.65,8672.44,8913.28,629568740.707009
2020-01-18 00:00:00+00:00,8913.27,8988.88,8806.38,8915.96,340852837.9160803
2020-01-19 00:00:00+00:00,8915.09,9198.98,8466.0,8701.7,623950864.2762928
2020-01-20 00:00:00+00:00,8701.72,8746.99,8521.28,8642.35,336447837.0018059
2020-01-21 00:00:00+00:00,8642.35,8789.0,8488.0,8736.03,316056704.984738
2020-01-22 00:00:00+00:00,8736.04,8818.0,8590.0,8682.36,252638888.2149255
2020-01-23 00:00:00+00:00,8682.77,8691.81,8306.39,8404.52,407428808.675337
2020-01-24 00:00:00+00:00,8404.52,8528.02,8238.0,8439.0,349874174.79003936
2020-01-25 00:00:00+00:00,8438.99,8451.26,8254.9,8340.58,212869245.6358978
2020-01-26 00:00:00+00:00,8340.01,8618.13,8293.66,8615.0,263941925.272999
2020-01-27 00:00:00+00:00,8614.39,9000.0,8535.0,8907.57,473194952.8044688
2020-01-28 00:00:00+00:00,8907.57,9400.0,8862.4,9374.21,676593159.4823396
2020-01-29 00:00:00+00:00,9375.34,9449.24,9216.0,9301.53,503188568.83635783
2020-01-30 00:00:00+00:00,9301.57,9578.0,9204.44,9513.21,569652869.8196837
2020-01-31 00:00:00+00:00,9511.52,9530.22,9210.01,9352.89,425779010.40653664
2020-02-01 00:00:00+00:00,9351.71,9464.53,9281.0,9384.61,268137739.9933375
2020-02-02 00:00:00+00:00,9384.41,9477.03,9120.0,9331.51,428064088.6904683
2020-02-03 00:00:00+00:00,9331.59,9618.79,9234.0,9292.24,476379993.4924724
2020-02-04 00:00:00+00:00,9291.35,9350.0,9093.01,9197.02,491136137.2107625
2020-02-05 00:00:00+00:00,9197.02,9744.45,9177.22,9612.04,613540574.7818311
2020-02-06 00:00:00+00:00,9612.03,9862.57,9526.35,9772.0,631245079.8223811
2020-02-07 00:00:00+00:00,9772.0,9885.0,9730.0,9813.73,430744860.1814393
2020-02-08 00:00:00+00:00,9813.87,9940.0,9667.11,9895.05,427781790.200816
2020-02-09 00:00:00+00:00,9895.04,10166.0,9880.75,10151.75,437441704.90539634
2020-02-10 00:00:00+00:00,10151.72,10188.0,9756.0,9851.83,590091358.442907
2020-02-11 00:00:00+00:00,9851.74,10323.59,9700.0,10223.08,624970415.4054742
2020-02-12 00:00:00+00:00,10223.08,10450.0,10223.08,10326.46,629756037.5160786
2020-02-13 00:00:00+00:00,10325.33,10500.0,10080.0,10229.63,815507473.735361
2020-02-14 00:00:00+00:00,10227.78,10381.56,10111.37,10344.36,482455622.0036259
2020-02-15 00:00:00+00:00,10344.36,10375.0,9801.0,9904.72,580845331.1747847
2020-02-16 00:00:00+00:00,9904.46,10050.0,9638.12,9917.27,592584876.9040861
2020-02-17 00:00:00+00:00,9910.7,9964.16,9452.67,9706.0,680009637.6159953
2020-02-18 00:00:00+00:00,9706.0,10250.0,9576.01,10164.71,696870122.812608
2020-02-19 00:00:00+00:00,10164.78,10250.0,9350.0,9593.79,547679966.9292257
2020-02-20 00:00:00+00:00,9594.65,9699.0,9400.0,9596.42,576020107.4626018
2020-02-21 00:00:00+00:00,9597.21,9755.51,9550.21,9677.05,408286949.8035292
2020-02-22 00:00:00+00:00,9677.05,9709.17,9560.02,9650.86,237544283.22525856
2020-02-23 00:00:00+00:00,9650.85,9990.0,9645.0,9936.4,371815095.46744496
2020-02-24 00:00:00+00:00,9936.4,9990.0,9473.56,9656.13,542081527.6408329
2020-02-25 00:00:00+00:00,9655.52,9675.0,9250.0,9315.84,514946930.56602305
2020-02-26 00:00:00+00:00,9316.48,9377.44,8633.63,8785.25,830717784.379095
2020-02-27 00:00:00+00:00,8786.0,8971.77,8531.0,8823.21,636955872.7625463
2020-02-28 00:00:00+00:00,8823.25,8900.0,8445.0,8692.91,615664817.0103912
2020-02-29 00:00:00+00:00,8690.8,8790.0,8523.55,8523.61,318585951.98853236
2020-03-01 00:00:00+00:00,8523.61,8750.0,8411.0,8531.88,375729315.25408256
2020-03-02 00:00:00+00:00,8530.3,8965.75,8498.0,8915.24,528906629.5628192
2020-03-03 00:00:00+00:00,8911.18,8919.65,8651.0,8760.07,484181096.3229557
2020-03-04 00:00:00+00:00,8760.07,8848.29,8660.0,8750.87,338849891.9529354
2020-03-05 00:00:00+00:00,8750.99,9159.42,8746.54,9054.68,524102029.20478296
2020-03-06 00:00:00+00:00,9054.64,9170.0,8985.5,9131.88,397598476.4205629
2020-03-07 00:00:00+00:00,9130.89,9188.0,8835.0,8886.66,409983263.78913796
2020-03-08 00:00:00+00:00,8885.25,8886.76,8000.0,8033.31,656931544.7821604
2020-03-09 00:00:00+00:00,8034.76,8179.31,7632.01,7929.87,918787729.0855838
2020-03-10 00:00:00+00:00,7929.87,8149.0,7728.01,7894.56,689700153.4490932
2020-03-11 00:00:00+00:00,7894.57,7980.0,7590.0,7934.52,624465167.3648188
2020-03-12 00:00:00+00:00,7934.58,7966.17,4410.0,4800.0,1628590104.2222133
2020-03-13 00:00:00+00:00,4800.01,5955.0,3782.13,5578.6,2063819540.638995
2020-03-14 00:00:00+00:00,5576.05,5640.52,5055.13,5172.06,736651880.9210789
2020-03-15 00:00:00+00:00,5172.48,5940.0,5093.1,5361.3,753755706.4268771
2020-03-16 00:00:00+00:00,5360.33,5365.42,4442.12,5028.97,1113690309.1015868
2020-03-17 00:00:00+00:00,5028.86,5525.0,4921.45,5312.64,793147908.2684973
2020-03-18 00:00:00+00:00,5312.64,5436.17,5009.37,5393.04,719748122.45302
2020-03-19 00:00:00+00:00,5393.26,6400.0,5252.53,6162.37,1164739707.514236
2020-03-20 00:00:00+00:00,6162.05,6900.0,5670.0,6208.36,1401734013.1752021
2020-03-21 00:00:00+00:00,6204.57,6456.98,5860.02,6186.98,794962136.6384171
2020-03-22 00:00:00+00:00,6187.04,6407.87,5734.01,5816.19,722895653.5100615
2020-03-23 00:00:00+00:00,5816.05,6600.0,5688.0,6467.31,1015525672.0743864
2020-03-24 00:00:00+00:00,6465.25,6833.0,6371.33,6744.72,1001890515.2399886
2020-03-25 00:00:00+00:00,6744.69,6957.96,6450.0,6677.43,880250736.9079887
2020-03-26 00:00:00+00:00,6677.42,6780.0,6510.0,6737.36,552537189.4793514
2020-03-27 00:00:00+00:00,6737.27,6842.59,6261.0,6359.11,551326113.8552039
2020-03-28 00:00:00+00:00,6359.11,6360.0,6024.0,6236.65,577986706.1289365
2020-03-29 00:00:00+00:00,6236.65,6266.0,5866.56,5881.42,383707122.5009629
2020-03-30 00:00:00+00:00,5880.5,6599.0,5857.76,6394.38,747569726.4544197
2020-03-31 00:00:00+00:00,6394.45,6523.23,6321.4,6410.44,465780496.6224872
2020-04-01 00:00:00+00:00,6412.14,6679.94,6150.11,6642.92,618527468.8341641
2020-04-02 00:00:00+00:00,6643.36,7198.0,6551.0,6794.09,1014494762.4416422
2020-04-03 00:00:00+00:00,6793.86,7048.0,6602.1,6734.1,710254017.1002722
2020-04-04 00:00:00+00:00,6732.97,6990.41,6650.01,6856.99,495076283.5209041
2020-04-05 00:00:00+00:00,6857.41,6895.54,6677.52,6772.78,337062083.0020279
2020-04-06 00:00:00+00:00,6772.78,7355.14,6765.0,7329.9,837357664.6519214
2020-04-07 00:00:00+00:00,7329.9,7459.69,7077.0,7197.32,757201786.6976632
2020-04-08 00:00:00+00:00,7197.32,7420.0,7150.0,7361.28,555122600.2750258
2020-04-09 00:00:00+00:00,7360.26,7371.92,7108.08,7283.54,444741085.9037586
2020-04-10 00:00:00+00:00,7283.54,7295.75,6739.98,6858.92,727281590.7719399
2020-04-11 00:00:00+00:00,6858.92,6944.3,6760.0,6876.83,311699573.516674
2020-04-12 00:00:00+00:00,6876.84,7177.0,6780.0,6903.79,516235035.18651134
2020-04-13 00:00:00+00:00,6903.79,6903.79,6575.0,6837.91,649390681.2485026
2020-04-14 00:00:00+00:00,6838.04,6978.0,6754.28,6868.7,474794776.19211113
2020-04-15 00:00:00+00:00,6868.57,6933.0,6605.0,6621.24,416947490.6156957
2020-04-16 00:00:00+00:00,6621.25,7190.0,6468.27,7101.94,865277543.3946934
2020-04-17 00:00:00+00:00,7101.99,7148.12,6972.98,7027.55,382334236.16947895
2020-04-18 00:00:00+00:00,7026.78,7293.08,7014.4,7248.6,354845083.77618897
2020-04-19 00:00:00+00:00,7248.6,7266.15,7055.6,7120.74,326485586.9317383
2020-04-20 00:00:00+00:00,7121.4,7220.0,6751.0,6826.83,629612368.7476892
2020-04-21 00:00:00+00:00,6828.98,6940.0,6762.0,6841.37,411800606.08159715
2020-04-22 00:00:00+00:00,6841.36,7156.38,6818.0,7125.14,431271646.17559904
2020-04-23 00:00:00+00:00,7125.12,7738.0,7020.0,7482.39,756320213.5858521
2020-04-24 00:00:00+00:00,7483.96,7615.96,7388.0,7505.0,452118137.79400164
2020-04-25 00:00:00+00:00,7505.0,7705.0,7431.07,7538.67,331292050.77197313
2020-04-26 00:00:00+00:00,7539.03,7700.0,7480.0,7693.1,384202783.2747096
2020-04-27 00:00:00+00:00,7693.1,7792.02,7606.0,7774.62,504025811.6512535
2020-04-28 00:00:00+00:00,7773.51,7780.0,7659.12,7738.98,357391780.93076265
2020-04-29 00:00:00+00:00,7738.58,8952.89,7710.05,8778.57,1536390177.044949
2020-04-30 00:00:00+00:00,8778.58,9460.0,8401.0,8620.0,1839283907.4625194
2020-05-01 00:00:00+00:00,8620.0,9059.18,8613.56,8826.96,805640126.6308705
2020-05-02 00:00:00+00:00,8825.67,9010.0,8753.0,8972.05,523838859.5442492
2020-05-03 00:00:00+00:00,8972.58,9200.0,8712.0,8894.16,808427095.9321591
2020-05-04 00:00:00+00:00,8894.15,8950.0,8522.0,8871.96,738343818.6939254
2020-05-05 00:00:00+00:00,8871.92,9118.58,8760.0,9021.83,683083018.8779808
2020-05-06 00:00:00+00:00,9021.36,9395.0,8906.21,9142.92,972793508.4649074
2020-05-07 00:00:00+00:00,9143.4,10067.0,9021.0,9986.4,1409783462.0063643
2020-05-08 00:00:00+00:00,9986.3,10035.96,9705.0,9800.01,997005843.7404792
2020-05-09 00:00:00+00:00,9800.02,9914.25,9520.0,9539.4,795001351.6797023
2020-05-10 00:00:00+00:00,9539.1,9574.83,8117.0,8722.77,1594996476.975637
2020-05-11 00:00:00+00:00,8722.77,9168.0,8200.0,8561.52,1468392820.7608037
2020-05-12 00:00:00+00:00,8562.04,8978.26,8528.78,8810.79,760195457.0509586
2020-05-13 00:00:00+00:00,8810.99,9398.0,8792.99,9309.37,839725719.9602077
2020-05-14 00:00:00+00:00,9309.35,9939.0,9256.76,9791.98,1247456797.8136663
2020-05-15 00:00:00+00:00,9791.97,9845.62,9150.0,9316.42,1099721375.8919058
2020-05-16 00:00:00+00:00,9315.96,9588.0,9220.0,9381.27,560547005.0259086
2020-05-17 00:00:00+00:00,9380.81,9888.0,9322.1,9680.04,663088800.815278
2020-05-18 00:00:00+00:00,9681.11,9950.0,9464.23,9733.93,797622297.3261683
2020-05-19 00:00:00+00:00,9733.93,9897.21,9474.0,9775.53,760713946.0085461
2020-05-20 00:00:00+00:00,9775.13,9842.0,9326.0,9511.43,721190802.7634026
2020-05-21 00:00:00+00:00,9511.43,9578.47,8815.0,9068.65,1002046265.9412597
2020-05-22 00:00:00+00:00,9067.51,9271.0,8933.52,9170.0,537847834.4967086
2020-05-23 00:00:00+00:00,9170.0,9307.85,9070.0,9179.15,400407195.62892234
2020-05-24 00:00:00+00:00,9179.01,9298.0,8700.0,8720.34,636787240.3733248
2020-05-25 00:00:00+00:00,8718.14,8979.66,8642.72,8900.35,553545285.9140139
2020-05-26 00:00:00+00:00,8900.35,9017.67,8700.0,8841.18,516455128.89068806
2020-05-27 00:00:00+00:00,8841.0,9225.0,8811.73,9204.07,624660855.780037
2020-05-28 00:00:00+00:00,9204.07,9625.47,9110.0,9575.89,693930106.1813825
2020-05-29 00:00:00+00:00,9575.87,9605.26,9330.0,9427.07,542758086.6064702
2020-05-30 00:00:00+00:00,9426.6,9740.0,9331.23,9697.72,530598690.0714505
2020-05-31 00:00:00+00:00,9697.72,9700.0,9381.41,9448.27,461272298.8525205
2020-06-01 00:00:00+00:00,9448.27,10380.0,9421.67,10200.77,749707596.6593573
2020-06-02 00:00:00+00:00,10202.71,10228.99,9266.0,9518.04,1070060237.1302093
2020-06-03 00:00:00+00:00,9518.02,9690.0,9365.21,9666.24,441928818.0430156
2020-06-04 00:00:00+00:00,9666.32,9881.63,9450.0,9789.06,557234945.6467389
2020-06-05 00:00:00+00:00,9788.14,9854.75,9581.0,9621.16,465200788.20363384
2020-06-06 00:00:00+00:00,9621.17,9735.0,9531.05,9666.3,315604867.2361491
2020-06-07 00:00:00+00:00,9666.85,9802.0,9372.46,9746.99,556919603.7915448
2020-06-08 00:00:00+00:00,9746.99,9800.0,9633.0,9782.01,395459395.8213372
2020-06-09 00:00:00+00:00,9782.0,9877.0,9570.0,9772.43,447208895.8386983
2020-06-10 00:00:00+00:00,9772.44,9992.72,9704.18,9885.0,462384305.3511993
2020-06-11 00:00:00+00:00,9885.22,9964.0,9113.0,9280.4,902075648.5453849
2020-06-12 00:00:00+00:00,9278.88,9557.12,9232.51,9465.13,472007894.3756753
2020-06-13 00:00:00+00:00,9464.96,9494.73,9351.0,9473.34,261673162.2584724
2020-06-14 00:00:00+00:00,9473.34,9480.99,9245.0,9342.1,282131272.3800662
2020-06-15 00:00:00+00:00,9342.1,9495.0,8910.45,9426.02,793518842.5509845
2020-06-16 00:00:00+00:00,9426.05,9589.0,9373.09,9525.59,494458269.1397911
2020-06-17 00:00:00+00:00,9526.97,9565.0,9236.61,9465.14,453209812.2257806
2020-06-18 00:00:00+00:00,9465.13,9489.0,9280.0,9386.32,351649555.0725387
2020-06-19 00:00:00+00:00,9386.32,9438.3,9215.79,9310.23,423086965.1927383
2020-06-20 00:00:00+00:00,9310.23,9395.0,9170.95,9358.95,282120360.5567526
2020-06-21 00:00:00+00:00,9358.95,9422.0,9281.54,9294.69,227467940.6102112
2020-06-22 00:00:00+00:00,9294.69,9780.0,9277.09,9685.69,550995799.0694704
2020-06-23 00:00:00+00:00,9685.69,9720.0,9577.03,9624.89,395487616.460878
2020-06-24 00:00:00+00:00,9624.33,9670.0,9208.0,9296.49,579426702.7966821
2020-06-25 00:00:00+00:00,9298.33,9340.0,9009.69,9249.49,514396747.4047828
2020-06-26 00:00:00+00:00,9249.49,9298.0,9045.45,9162.21,461347064.82950306
2020-06-27 00:00:00+00:00,9162.21,9196.24,8833.0,9012.0,419606802.2372014
2020-06-28 00:00:00+00:00,9012.0,9191.0,8948.06,9116.35,278721674.9221112
2020-06-29 00:00:00+00:00,9116.16,9238.0,9024.67,9192.56,384206326.4706804
2020-06-30 00:00:00+00:00,9192.93,9205.0,9064.89,9138.55,287781334.5170158
2020-07-01 00:00:00+00:00,9138.08,9292.0,9080.1,9232.0,354087627.16966116
2020-07-02 00:00:00+00:00,9231.99,9261.96,8940.0,9086.54,417724468.88735676
2020-07-03 00:00:00+00:00,9086.54,9125.0,9037.47,9058.26,263123750.46717235
2020-07-04 00:00:00+00:00,9057.79,9190.0,9040.04,9135.46,240576054.91572312
2020-07-05 00:00:00+00:00,9135.0,9145.24,8893.03,9069.41,308410443.6592152
2020-07-06 00:00:00+00:00,9069.41,9375.0,9055.92,9344.2,502548376.20946366
2020-07-07 00:00:00+00:00,9342.47,9379.42,9203.0,9257.39,320576525.3553498
2020-07-08 00:00:00+00:00,9257.4,9470.0,9231.0,9436.06,525344876.6999235
2020-07-09 00:00:00+00:00,9436.06,9440.79,9160.0,9232.43,447640493.54432976
2020-07-10 00:00:00+00:00,9232.42,9317.48,9125.0,9288.34,352238898.76948255
2020-07-11 00:00:00+00:00,9288.34,9299.28,9178.25,9234.03,208410250.5095937
2020-07-12 00:00:00+00:00,9234.02,9345.0,9157.5,9302.75,285591381.4915314
2020-07-13 00:00:00+00:00,9303.31,9343.82,9200.89,9242.62,396614086.79626995
2020-07-14 00:00:00+00:00,9242.61,9279.54,9113.0,9255.85,421789086.4549474
2020-07-15 00:00:00+00:00,9255.85,9276.49,9160.57,9197.6,360201683.49480516
2020-07-16 00:00:00+00:00,9197.6,9226.15,9047.25,9133.72,395883667.0248003
2020-07-17 00:00:00+00:00,9133.72,9186.83,9089.81,9154.32,256360345.57676792
2020-07-18 00:00:00+00:00,9154.31,9219.3,9121.1,9170.28,206628105.36278892
2020-07-19 00:00:00+00:00,9170.3,9232.27,9101.35,9208.99,238521988.0313255
2020-07-20 00:00:00+00:00,9208.99,9221.52,9131.0,9160.78,325297289.27265835
2020-07-21 00:00:00+00:00,9160.78,9437.73,9152.8,9390.0,563360524.7994282
2020-07-22 00:00:00+00:00,9390.0,9544.0,9261.0,9518.16,457776105.61557144
2020-07-23 00:00:00+00:00,9518.16,9664.0,9440.33,9603.27,494282948.7336824
2020-07-24 00:00:00+00:00,9603.27,9637.0,9463.44,9537.8,419240263.5218282
2020-07-25 00:00:00+00:00,9538.1,9732.9,9513.0,9700.42,391431695.7168218
2020-07-26 00:00:00+00:00,9700.42,10111.0,9650.0,9931.54,644607634.4817771
2020-07-27 00:00:00+00:00,9931.54,11394.86,9917.21,11029.96,1580355372.0991797
2020-07-28 00:00:00+00:00,11029.96,11242.23,10565.0,10906.27,1065375500.1891887
2020-07-29 00:00:00+00:00,10906.27,11342.82,10812.0,11100.53,853242253.6158237
2020-07-30 00:00:00+00:00,11100.52,11170.0,10831.0,11099.61,669779541.8872834
2020-07-31 00:00:00+00:00,11099.79,11444.0,10960.0,11335.46,786344325.8552314
2020-08-01 00:00:00+00:00,11335.46,11861.0,11220.0,11801.17,987817017.3186326
2020-08-02 00:00:00+00:00,11801.17,12123.46,10518.5,11071.35,1105757335.5281618
2020-08-03 00:00:00+00:00,11071.36,11473.0,10936.0,11219.81,641127593.2614517
2020-08-04 00:00:00+00:00,11219.68,11414.98,11000.0,11191.97,658084242.6797222
2020-08-05 00:00:00+00:00,11191.99,11780.93,11093.0,11744.91,861433645.4244397
2020-08-06 00:00:00+00:00,11744.91,11900.0,11562.5,11762.46,746479211.7155949
2020-08-07 00:00:00+00:00,11762.47,11909.94,11322.0,11594.23,767005529.2821208
2020-08-08 00:00:00+00:00,11594.36,11808.27,11512.0,11761.41,489087264.36028093
2020-08-09 00:00:00+00:00,11761.02,11797.11,11521.97,11681.68,483708602.8963804
2020-08-10 00:00:00+00:00,11681.69,12067.35,11450.0,11892.92,1009169063.3832129
2020-08-11 00:00:00+00:00,11892.9,11935.0,11125.0,11392.08,1049615697.1379416
2020-08-12 00:00:00+00:00,11392.09,11617.52,11150.0,11564.33,743303608.0999826
2020-08-13 00:00:00+00:00,11564.34,11792.96,11270.36,11780.0,809611114.2132484
2020-08-14 00:00:00+00:00,11779.77,11850.0,11634.03,11760.54,702273220.6964158
2020-08-15 00:00:00+00:00,11760.55,11980.0,11680.0,11852.4,667446824.0641296
2020-08-16 00:00:00+00:00,11852.4,11931.72,11686.0,11911.0,489731524.6369436
2020-08-17 00:00:00+00:00,11910.99,12468.0,11769.78,12281.13,1026883452.8947719
2020-08-18 00:00:00+00:00,12281.15,12387.77,11817.93,11945.01,920402307.1768105
2020-08-19 00:00:00+00:00,11945.1,12020.08,11561.0,11754.59,870612801.5295693
2020-08-20 00:00:00+00:00,11754.38,11888.0,11668.0,11853.55,543576025.0485107
2020-08-21 00:00:00+00:00,11853.54,11878.0,11485.81,11531.34,755451999.6540914
2020-08-22 00:00:00+00:00,11531.23,11686.0,11376.81,11662.96,504305451.410864
2020-08-23 00:00:00+00:00,11663.51,11718.07,11514.13,11648.13,440406018.65187865
2020-08-24 00:00:00+00:00,11648.12,11824.9,11585.09,11748.2,542298951.538298
2020-08-25 00:00:00+00:00,11748.19,11767.85,11117.64,11318.42,797034671.6452801
2020-08-26 00:00:00+00:00,11318.42,11539.32,11244.0,11461.43,615452789.9673375
2020-08-27 00:00:00+00:00,11461.42,11592.2,11125.0,11330.38,717474981.6640126
2020-08-28 00:00:00+00:00,11330.38,11542.65,11276.89,11526.91,525606229.654251
2020-08-29 00:00:00+00:00,11526.9,11580.02,11417.04,11465.84,379228275.2707224
2020-08-30 00:00:00+00:00,11465.84,11719.0,11458.0,11711.16,501375342.9350389
2020-08-31 00:00:00+00:00,11711.17,11800.77,11570.0,11649.51,646723855.5714536
2020-09-01 00:00:00+00:00,11649.51,12050.85,11515.0,11921.97,928047313.4889667
2020-09-02 00:00:00+00:00,11921.97,11954.57,11160.1,11388.54,1005391012.1338751
2020-09-03 00:00:00+00:00,11388.54,11462.6,9960.8,10140.85,1325106403.3158674
2020-09-04 00:00:00+00:00,10138.29,10627.05,9875.5,10446.25,959925718.3512754
2020-09-05 00:00:00+00:00,10446.25,10565.68,9825.0,10166.69,917578408.8761182
2020-09-06 00:00:00+00:00,10166.69,10347.14,9994.86,10256.2,574903000.2351745
2020-09-07 00:00:00+00:00,10255.89,10410.75,9875.0,10373.44,634278537.8151095
2020-09-08 00:00:00+00:00,10373.45,10438.0,9850.0,10126.65,742947901.9712393
2020-09-09 00:00:00+00:00,10126.66,10343.0,9981.01,10219.2,503082625.21479094
2020-09-10 00:00:00+00:00,10219.29,10483.35,10070.83,10336.87,602390078.4922807
2020-09-11 00:00:00+00:00,10336.86,10397.6,10200.0,10387.89,451241002.66033626
2020-09-12 00:00:00+00:00,10387.89,10477.97,10269.25,10440.92,366912671.4437269
2020-09-13 00:00:00+00:00,10440.67,10580.11,10200.0,10332.83,455338605.3291489
2020-09-14 00:00:00+00:00,10332.84,10750.0,10212.34,10671.77,706175591.3866128
2020-09-15 00:00:00+00:00,10671.77,10930.04,10606.48,10785.31,666457161.1491377
2020-09-16 00:00:00+00:00,10785.23,11093.0,10661.22,10954.01,708644989.4830699
2020-09-17 00:00:00+00:00,10954.01,11045.46,10745.83,10939.99,605010288.7799246
2020-09-18 00:00:00+00:00,10940.0,11038.03,10812.84,10933.39,516147935.6692284
2020-09-19 00:00:00+00:00,10933.4,11179.79,10887.37,11080.65,423651901.1577304
2020-09-20 00:00:00+00:00,11080.64,11080.64,10723.0,10920.28,426815210.75551224
2020-09-21 00:00:00+00:00,10920.28,10988.86,10296.35,10417.22,751020795.2358837
2020-09-22 00:00:00+00:00,10417.22,10572.71,10353.0,10529.61,460362500.7284081
2020-09-23 00:00:00+00:00,10529.61,10537.15,10136.82,10241.46,539362015.157462
2020-09-24 00:00:00+00:00,10241.46,10795.24,10190.93,10736.32,604520870.055638
2020-09-25 00:00:00+00:00,10736.33,10760.53,10556.24,10686.67,512647249.14932007
2020-09-26 00:00:00+00:00,10686.57,10820.94,10644.68,10728.6,304511477.6808554
2020-09-27 00:00:00+00:00,10728.59,10799.0,10594.82,10774.25,327169249.4549957
2020-09-28 00:00:00+00:00,10774.26,10950.0,10626.0,10696.12,544463219.5978092
2020-09-29 00:00:00+00:00,10696.11,10867.54,10635.87,10840.48,449345822.46022886
2020-09-30 00:00:00+00:00,10840.58,10849.34,10665.13,10776.59,425279696.28526336
2020-10-01 00:00:00+00:00,10776.59,10920.0,10437.0,10619.13,652168989.4617349
2020-10-02 00:00:00+00:00,10619.13,10664.64,10374.0,10570.4,526864379.30936533
2020-10-03 00:00:00+00:00,10570.4,10603.56,10496.46,10542.06,235160884.60853615
2020-10-04 00:00:00+00:00,10542.07,10696.87,10517.87,10666.63,246252050.90681073
2020-10-05 00:00:00+00:00,10666.62,10798.0,10615.64,10792.21,364158510.23798054
2020-10-06 00:00:00+00:00,10792.2,10800.0,10525.0,10599.66,520051256.08219916
2020-10-07 00:00:00+00:00,10599.65,10681.87,10546.17,10666.39,348298562.85686266
2020-10-08 00:00:00+00:00,10666.4,10950.0,10530.41,10925.57,559311760.4414803
2020-10-09 00:00:00+00:00,10925.44,11104.64,10829.0,11050.64,530822321.5162347
2020-10-10 00:00:00+00:00,11050.64,11491.0,11050.51,11293.22,494785212.2308735
2020-10-11 00:00:00+00:00,11293.22,11445.0,11221.0,11369.02,329927755.03808504
2020-10-12 00:00:00+00:00,11369.02,11720.01,11172.0,11528.25,604779845.7920177
2020-10-13 00:00:00+00:00,11528.24,11557.0,11300.0,11420.56,482663390.7240358
2020-10-14 00:00:00+00:00,11420.57,11547.98,11280.0,11417.89,472007015.7209343
2020-10-15 00:00:00+00:00,11417.89,11617.34,11250.83,11505.12,556436445.5576282
2020-10-16 00:00:00+00:00,11505.13,11541.15,11200.0,11319.32,553211001.6122569
2020-10-17 00:00:00+00:00,11319.24,11402.42,11255.0,11360.2,253582775.96265447
2020-10-18 00:00:00+00:00,11360.31,11505.0,11346.22,11503.14,266150824.34809864
2020-10-19 00:00:00+00:00,11503.14,11823.99,11407.96,11751.47,550728683.7992793
2020-10-20 00:00:00+00:00,11751.46,12038.38,11677.59,11909.99,737425592.0819718
2020-10-21 00:00:00+00:00,11910.0,13217.68,11886.95,12780.96,1437122186.6339955
2020-10-22 00:00:00+00:00,12780.75,13185.0,12678.08,12968.52,905778888.8702906
2020-10-23 00:00:00+00:00,12968.84,13027.69,12720.08,12923.07,650680239.1101469
2020-10-24 00:00:00+00:00,12923.06,13166.73,12870.0,13111.73,468299521.7696653
2020-10-25 00:00:00+00:00,13111.73,13350.0,12888.0,13028.83,502672049.22905165
2020-10-26 00:00:00+00:00,13029.64,13238.81,12765.0,13052.19,794395722.4533455
2020-10-27 00:00:00+00:00,13052.15,13789.29,13019.87,13636.17,1085214437.7511137
2020-10-28 00:00:00+00:00,13636.16,13859.48,12888.0,13266.4,1263487952.995157
2020-10-29 00:00:00+00:00,13266.4,13642.91,12920.77,13455.7,997867948.8609743
2020-10-30 00:00:00+00:00,13455.69,13669.98,13115.0,13560.1,946818817.5575092
2020-10-31 00:00:00+00:00,13560.1,14100.0,13411.5,13791.0,927048458.5423619
2020-11-01 00:00:00+00:00,13791.0,13895.0,13603.0,13761.5,499124369.07532644
2020-11-02 00:00:00+00:00,13761.49,13830.0,13195.05,13549.37,873629993.8313928
2020-11-03 00:00:00+00:00,13549.63,14066.11,13284.99,14023.53,1009402087.7104615
2020-11-04 00:00:00+00:00,14023.53,14259.0,13525.0,14144.01,1293872665.4179618
2020-11-05 00:00:00+00:00,14144.01,15750.0,14093.56,15590.02,2131865609.2908912
2020-11-06 00:00:00+00:00,15590.02,15960.0,15166.0,15579.92,1909660728.8229203
2020-11-07 00:00:00+00:00,15579.93,15753.52,14344.22,14818.3,1536510177.0914738
2020-11-08 00:00:00+00:00,14818.3,15650.0,14703.88,15475.1,998031373.8397803
2020-11-09 00:00:00+00:00,15475.1,15840.0,14805.54,15328.41,1670447935.514179
2020-11-10 00:00:00+00:00,15328.41,15460.0,15072.46,15297.21,943615126.0891505
2020-11-11 00:00:00+00:00,15297.21,15965.0,15272.68,15684.24,1226425496.3618553
2020-11-12 00:00:00+00:00,15684.25,16340.7,15440.64,16291.86,1628755508.6741984
2020-11-13 00:00:00+00:00,16291.85,16480.0,15952.35,16320.7,1230358611.1248891
2020-11-14 00:00:00+00:00,16320.04,16326.99,15670.0,16070.45,944765868.609419
2020-11-15 00:00:00+00:00,16069.56,16180.0,15774.72,15957.0,696651729.7452534
2020-11-16 00:00:00+00:00,15957.0,16880.0,15864.0,16713.57,1335728013.9057605
2020-11-17 00:00:00+00:00,16713.08,17858.82,16538.0,17659.38,1982752071.450512
2020-11-18 00:00:00+00:00,17659.38,18476.93,17214.45,17776.12,2663337935.5002985
2020-11-19 00:00:00+00:00,17777.75,18179.8,17335.65,17802.82,1656794228.8537636
2020-11-20 00:00:00+00:00,17802.81,18815.22,17740.04,18655.67,1623135138.5910714
2020-11-21 00:00:00+00:00,18655.66,18965.9,18308.58,18703.8,1413641591.284171
2020-11-22 00:00:00+00:00,18703.8,18750.0,17610.86,18414.43,1497662550.0540428
2020-11-23 00:00:00+00:00,18413.88,18766.0,18000.0,18368.0,1529064319.6694436
2020-11-24 00:00:00+00:00,18368.01,19418.97,18018.0,19160.01,2145301450.4579413
2020-11-25 00:00:00+00:00,19160.0,19484.21,18500.27,18719.11,1774870796.2882328
2020-11-26 00:00:00+00:00,18718.83,18915.03,16188.0,17149.47,3127314143.1045747
2020-11-27 00:00:00+00:00,17149.47,17457.62,16438.08,17139.52,1446670351.435088
2020-11-28 00:00:00+00:00,17139.53,17880.49,16865.56,17719.85,1128061605.1072252
2020-11-29 00:00:00+00:00,17719.84,18360.05,17517.0,18184.99,996743798.8649217
2020-11-30 00:00:00+00:00,18185.0,19863.16,18184.99,19695.87,2205929119.5053363
2020-12-01 00:00:00+00:00,19695.87,19888.0,18001.12,18764.96,2446070334.828799
2020-12-02 00:00:00+00:00,18764.96,19342.0,18330.0,19204.09,1436895344.8259494
2020-12-03 00:00:00+00:00,19204.08,19598.0,18867.2,19421.9,1286548310.8267057
2020-12-04 00:00:00+00:00,19422.34,19527.0,18565.31,18650.52,1358079975.0254982
2020-12-05 00:00:00+00:00,18650.51,19177.0,18500.0,19147.66,813445434.1308142
2020-12-06 00:00:00+00:00,19147.66,19420.0,18857.0,19359.4,709558933.5829058
2020-12-07 00:00:00+00:00,19358.67,19420.91,18902.88,19166.9,793517668.683946
2020-12-08 00:00:00+00:00,19166.9,19294.84,18200.0,18324.11,1160658077.404659
2020-12-09 00:00:00+00:00,18324.11,18639.57,17650.0,18541.28,1450130664.0645843
2020-12-10 00:00:00+00:00,18541.29,18557.32,17911.12,18254.63,966149529.0006071
2020-12-11 00:00:00+00:00,18254.81,18292.73,17572.33,18036.53,1301081647.3079002
2020-12-12 00:00:00+00:00,18036.53,18948.66,18020.7,18808.69,915552835.9061834
2020-12-13 00:00:00+00:00,18808.69,19411.0,18711.12,19174.99,1083520569.0948539
2020-12-14 00:00:00+00:00,19174.99,19349.0,19000.0,19273.14,906101687.739595
2020-12-15 00:00:00+00:00,19273.69,19570.0,19050.0,19426.43,1196361527.9258018
2020-12-16 00:00:00+00:00,19426.43,21560.0,19278.6,21335.52,2325135958.6418414
2020-12-17 00:00:00+00:00,21335.52,23800.0,21230.0,22797.16,4196645567.425877
2020-12-18 00:00:00+00:00,22797.15,23285.18,22350.0,23107.39,1820875361.2945976
2020-12-19 00:00:00+00:00,23107.39,24171.47,22750.0,23821.61,2018969878.8868675
2020-12-20 00:00:00+00:00,23821.6,24295.0,23060.0,23455.52,1810862074.730308
2020-12-21 00:00:00+00:00,23455.54,24102.77,21815.0,22719.71,2035446293.928971
2020-12-22 00:00:00+00:00,22719.88,23837.1,22353.4,23810.79,2010758620.243527
2020-12-23 00:00:00+00:00,23810.79,24100.0,22600.0,23232.76,2797688007.0718794
2020-12-24 00:00:00+00:00,23232.39,23794.43,22703.42,23729.2,1602394244.0767715
2020-12-25 00:00:00+00:00,23728.99,24789.86,23433.6,24712.47,1919766316.6677368
2020-12-26 00:00:00+00:00,24712.47,26867.03,24500.0,26493.39,2496533065.1755805
2020-12-27 00:00:00+00:00,26493.4,28422.0,25700.0,26281.66,4028928683.882025
2020-12-28 00:00:00+00:00,26281.54,27500.0,26101.0,27079.41,2151806808.5743527
2020-12-29 00:00:00+00:00,27079.42,27410.0,25880.0,27385.0,1851617219.7682345
2020-12-30 00:00:00+00:00,27385.0,28996.0,27320.0,28875.54,2683953237.460271
2020-12-31 00:00:00+00:00,28875.55,29300.0,27850.0,28923.63,2173600125.420074
2021-01-01 00:00:00+00:00,28923.63,29600.0,28624.57,29331.69,1582526989.1618726
2021-01-02 00:00:00+00:00,29331.7,33300.0,28946.53,32178.33,4073842163.671541
2021-01-03 00:00:00+00:00,32176.45,34778.11,31962.99,33000.05,4057598425.4920163
2021-01-04 00:00:00+00:00,33000.05,33600.0,28130.0,31988.71,4429010349.695345
2021-01-05 00:00:00+00:00,31989.75,34360.0,29900.0,33949.53,3743617144.6469154
2021-01-06 00:00:00+00:00,33949.53,36939.21,33288.0,36769.36,4431954248.519614
2021-01-07 00:00:00+00:00,36769.36,40365.0,36300.0,39432.28,5062569943.383371
2021-01-08 00:00:00+00:00,39432.48,41950.0,36500.0,40582.81,5568443208.731365
2021-01-09 00:00:00+00:00,40586.96,41380.0,38720.0,40088.22,3054779029.1617765
2021-01-10 00:00:00+00:00,40088.22,41350.0,35111.11,38150.02,4604034729.507071
2021-01-11 00:00:00+00:00,38150.02,38264.74,30420.0,35404.47,8426879770.74001
2021-01-12 00:00:00+00:00,35410.37,36628.0,32531.0,34051.24,4651302423.484117
2021-01-13 00:00:00+00:00,34049.15,37850.0,32380.0,37371.38,4322876606.419626
2021-01-14 00:00:00+00:00,37371.38,40100.0,36701.23,39144.5,3974826638.1450887
2021-01-15 00:00:00+00:00,39145.21,39747.76,34408.0,36742.22,4371588898.681637
2021-01-16 00:00:00+00:00,36737.43,37950.0,35357.8,35994.98,3178840336.1492844
2021-01-17 00:00:00+00:00,35994.98,36852.5,33850.0,35828.61,2843103040.240664
2021-01-18 00:00:00+00:00,35824.99,37469.83,34800.0,36631.27,2554843260.524399
2021-01-19 00:00:00+00:00,36622.46,37850.0,35844.06,35891.49,2935348499.344214
2021-01-20 00:00:00+00:00,35901.94,36415.31,33400.0,35468.23,3126721093.5207763
2021-01-21 00:00:00+00:00,35468.23,35600.0,30071.0,30850.13,4281220573.93543
2021-01-22 00:00:00+00:00,30851.99,33826.53,28850.0,32945.17,4483295872.022273
2021-01-23 00:00:00+00:00,32950.0,33456.0,31390.16,32078.0,2089098295.7584367
2021-01-24 00:00:00+00:00,32078.0,33071.0,30900.0,32259.9,1864609665.3657017
2021-01-25 00:00:00+00:00,32259.45,34875.0,31910.0,32254.2,2958759288.5635686
2021-01-26 00:00:00+00:00,32254.19,32921.88,30837.37,32467.77,2708545364.4946413
2021-01-27 00:00:00+00:00,32464.01,32557.29,29241.72,30366.15,2958081421.641559
2021-01-28 00:00:00+00:00,30362.19,33783.98,29842.1,33364.86,2953553214.065682
2021-01-29 00:00:00+00:00,33368.18,38531.9,31915.4,34252.2,8195593336.228467
2021-01-30 00:00:00+00:00,34246.28,34933.0,32825.0,34262.88,2884500062.9380784
2021-01-31 00:00:00+00:00,34262.89,34342.69,32171.67,33092.98,2289641045.7580123
2021-02-01 00:00:00+00:00,33092.97,34717.27,32296.16,33526.37,2791776658.0056057
2021-02-02 00:00:00+00:00,33517.09,35984.33,33418.0,35466.24,2716321896.3176084
2021-02-03 00:00:00+00:00,35472.71,37662.63,35362.38,37618.87,2951232788.184305
2021-02-04 00:00:00+00:00,37620.26,38708.27,36161.95,36936.66,3452669022.1532927
2021-02-05 00:00:00+00:00,36936.65,38310.12,36570.0,38290.24,2509278291.7515864
2021-02-06 00:00:00+00:00,38289.32,40955.51,38215.94,39186.94,3922095148.9281507
2021-02-07 00:00:00+00:00,39181.01,39700.0,37351.0,38795.69,3256521384.240611
2021-02-08 00:00:00+00:00,38795.69,46794.45,37988.89,46374.87,5881536976.635699
2021-02-09 00:00:00+00:00,46374.86,48142.19,44961.09,46420.42,5386255398.017187
2021-02-10 00:00:00+00:00,46420.42,47310.0,43727.0,44807.58,4431650130.251105
2021-02-11 00:00:00+00:00,44807.58,48678.9,43994.02,47969.51,4185630934.410895
2021-02-12 00:00:00+00:00,47968.66,48985.8,46125.0,47287.6,4080571908.9676614
2021-02-13 00:00:00+00:00,47298.15,48150.0,46202.53,47153.69,3007710147.4181595
2021-02-14 00:00:00+00:00,47156.78,49707.43,47014.17,48577.79,3584808348.8347325
2021-02-15 00:00:00+00:00,48580.47,49010.92,45570.79,47911.1,3782219060.664722
2021-02-16 00:00:00+00:00,47911.1,50689.18,47003.62,49133.45,4349983777.692368
2021-02-17 00:00:00+00:00,49133.45,52618.74,48947.0,52119.71,4365831514.815298
2021-02-18 00:00:00+00:00,52117.67,52530.0,50901.9,51552.6,3149973077.487466
2021-02-19 00:00:00+00:00,51552.61,56368.0,50710.2,55906.0,4251167827.6842465
2021-02-20 00:00:00+00:00,55906.0,57700.46,53863.93,55841.19,4551890859.8512745
2021-02-21 00:00:00+00:00,55841.19,58352.8,55477.59,57408.57,3317998263.3478894
2021-02-22 00:00:00+00:00,57412.35,57508.47,47622.0,54087.67,7213386720.436798
2021-02-23 00:00:00+00:00,54087.67,54183.59,44892.56,48891.0,8215839131.243385
2021-02-24 00:00:00+00:00,48891.0,51374.99,46988.69,49676.2,4574033001.379536
2021-02-25 00:00:00+00:00,49676.21,52041.73,46674.34,47073.73,4152188728.141615
2021-02-26 00:00:00+00:00,47073.73,48424.11,44106.78,46276.87,5086374532.734615
2021-02-27 00:00:00+00:00,46276.88,48394.0,45000.0,46106.43,3105897438.550972
2021-02-28 00:00:00+00:00,46103.67,46638.46,43000.0,45135.66,3708359965.4545813
2021-03-01 00:00:00+00:00,45134.11,49790.0,44950.53,49587.03,4057515794.8657284
2021-03-02 00:00:00+00:00,49595.76,50200.0,47047.6,48440.65,3120472069.909453
2021-03-03 00:00:00+00:00,48436.61,52640.0,48100.71,50349.37,4109521257.5407004
2021-03-04 00:00:00+00:00,50349.37,51773.88,47500.0,48374.09,4079837240.856762
2021-03-05 00:00:00+00:00,48374.09,49448.93,46300.0,48751.71,3727133104.8373103
2021-03-06 00:00:00+00:00,48746.81,49200.0,47070.0,48882.2,2143910705.2915032
2021-03-07 00:00:00+00:00,48882.2,51450.03,48882.2,50971.75,2778875909.4491262
2021-03-08 00:00:00+00:00,50959.11,52402.78,49274.67,52375.17,3400847931.036074
2021-03-09 00:00:00+00:00,52375.18,54895.0,51789.41,54884.5,3861450964.6549034
2021-03-10 00:00:00+00:00,54874.67,57387.69,53005.0,55851.59,4700197563.359213
2021-03-11 00:00:00+00:00,55851.59,58150.0,54272.82,57773.16,4612366201.00222
2021-03-12 00:00:00+00:00,57773.15,58081.51,54962.84,57221.72,4162054726.378839
2021-03-13 00:00:00+00:00,57221.72,61844.0,56078.23,61188.39,4933383453.245978
2021-03-14 00:00:00+00:00,61188.38,61724.79,58966.78,58968.31,3176397573.8846426
2021-03-15 00:00:00+00:00,58976.08,60633.43,54600.0,55605.2,5874241052.093372
2021-03-16 00:00:00+00:00,55605.2,56938.29,53271.34,56900.75,4304259207.6451
2021-03-17 00:00:00+00:00,56900.74,58974.73,54123.69,58912.97,3960992972.154292
2021-03-18 00:00:00+00:00,58912.97,60129.97,57023.0,57648.16,3900885761.212806
2021-03-19 00:00:00+00:00,57641.0,59468.0,56270.74,58030.01,3052711147.934925
2021-03-20 00:00:00+00:00,58030.01,59880.0,57820.17,58102.28,2616535093.051585
2021-03-21 00:00:00+00:00,58100.02,58589.1,55450.11,57351.56,2774223129.62381
2021-03-22 00:00:00+00:00,57351.56,58430.73,53650.0,54083.25,3527479514.325653
2021-03-23 00:00:00+00:00,54083.25,55830.9,53000.0,54340.89,3264650774.8174615
2021-03-24 00:00:00+00:00,54342.8,57200.0,51700.0,52303.65,4583159614.046461
2021-03-25 00:00:00+00:00,52303.66,53287.0,50427.56,51293.78,4536327184.95786
2021-03-26 00:00:00+00:00,51293.78,55073.46,51214.6,55025.59,3397036140.7516375
2021-03-27 00:00:00+00:00,55025.59,56700.36,53950.0,55817.14,2767070175.861931
2021-03-28 00:00:00+00:00,55817.14,56559.75,54691.84,55777.63,2178777329.4452167
2021-03-29 00:00:00+00:00,55777.65,58405.82,54800.01,57635.47,3877131109.734646
2021-03-30 00:00:00+00:00,57635.46,59368.0,57071.35,58746.57,3221944107.4550304
2021-03-31 00:00:00+00:00,58746.57,59800.0,56769.0,58740.55,3575976083.804576
2021-04-01 00:00:00+00:00,58739.46,59490.0,57935.45,58720.44,2789238879.9433737
2021-04-02 00:00:00+00:00,58720.45,60200.0,58428.57,58950.01,2811159761.2684674
2021-04-03 00:00:00+00:00,58950.01,59791.72,56880.0,57051.94,2783151686.164537
2021-04-04 00:00:00+00:00,57051.95,58492.85,56388.0,58202.01,2380139010.7302327
2021-04-05 00:00:00+00:00,58202.01,59272.0,56777.77,59129.99,3155214764.1644855
2021-04-06 00:00:00+00:00,59129.99,59495.24,57413.02,57991.15,3166911557.1481576
2021-04-07 00:00:00+00:00,57990.03,58655.0,55473.0,55953.45,4053294016.4845147
2021-04-08 00:00:00+00:00,55953.44,58153.31,55700.0,58077.52,2531779682.552427
2021-04-09 00:00:00+00:00,58077.52,58894.9,57654.0,58142.54,2378340697.289584
2021-04-10 00:00:00+00:00,58142.55,61500.0,57900.01,59769.13,4197138552.4690337
2021-04-11 00:00:00+00:00,59769.13,60699.0,59232.52,60002.43,2462032926.6179814
2021-04-12 00:00:00+00:00,59998.8,61300.0,59350.59,59860.0,3393042867.8714666
2021-04-13 00:00:00+00:00,59860.01,63777.77,59805.15,63575.0,5154877375.389618
2021-04-14 00:00:00+00:00,63575.01,64854.0,61301.0,62959.53,5239081228.156977
2021-04-15 00:00:00+00:00,62959.53,63800.0,62020.0,63159.98,3248931738.293182
2021-04-16 00:00:00+00:00,63158.74,63520.61,60000.0,61334.8,5647292669.615494
2021-04-17 00:00:00+00:00,61334.81,62506.05,59580.91,60006.66,3605701810.675047
2021-04-18 00:00:00+00:00,60006.67,60499.0,50931.3,56150.01,6949379727.429154
2021-04-19 00:00:00+00:00,56150.01,57526.81,54221.58,55633.14,4398619580.647143
2021-04-20 00:00:00+00:00,55633.14,57076.24,53329.96,56425.0,4037701391.6195264
2021-04-21 00:00:00+00:00,56425.0,56757.91,53536.02,53787.63,3704549578.6973033
2021-04-22 00:00:00+00:00,53787.62,55521.48,50500.0,51690.96,5594983857.318092
2021-04-23 00:00:00+00:00,51690.95,52131.85,47500.0,51125.14,6571097317.467918
2021-04-24 00:00:00+00:00,51110.56,51166.22,48657.14,50047.84,2762081002.878663
2021-04-25 00:00:00+00:00,50047.84,50567.91,46930.0,49066.77,2867858315.1873198
2021-04-26 00:00:00+00:00,49066.76,54356.62,48753.44,54001.39,4555688503.3973875
2021-04-27 00:00:00+00:00,54001.38,55460.0,53222.0,55011.97,2949719328.3669896
2021-04-28 00:00:00+00:00,55011.97,56428.0,53813.16,54846.22,3020242787.5066776
2021-04-29 00:00:00+00:00,54846.23,55195.84,52330.94,53555.0,2823220335.4760413
2021-04-30 00:00:00+00:00,53555.0,57963.0,53013.01,57694.27,3808187372.7393794
2021-05-01 00:00:00+00:00,57697.25,58458.07,56956.14,57800.37,2460342954.8425207
2021-05-02 00:00:00+00:00,57797.35,57911.02,56035.25,56578.21,2089763230.439627
2021-05-03 00:00:00+00:00,56578.21,58981.44,56435.0,57169.39,3337604542.627381
2021-05-04 00:00:00+00:00,57169.39,57200.0,53046.69,53200.01,4705402064.300975
2021-05-05 00:00:00+00:00,53205.05,58069.82,52900.0,57436.11,4327994296.151437
2021-05-06 00:00:00+00:00,57436.11,58360.0,55200.0,56393.68,3992289527.7370973
2021-05-07 00:00:00+00:00,56393.68,58650.0,55241.63,57314.75,4239374487.4747725
2021-05-08 00:00:00+00:00,57315.49,59500.0,56900.0,58862.05,4079553831.9880643
2021-05-09 00:00:00+00:00,58866.53,59300.0,56235.66,58240.84,4043552701.5065985
2021-05-10 00:00:00+00:00,58240.83,59500.0,53400.0,55816.14,5131782639.966137
2021-05-11 00:00:00+00:00,55816.14,56862.43,54370.0,56670.02,3583030654.763019
2021-05-12 00:00:00+00:00,56670.02,58000.01,48600.0,49631.32,5476115093.110468
2021-05-13 00:00:00+00:00,49537.15,51367.19,46000.0,49670.97,7303694688.601401
2021-05-14 00:00:00+00:00,49671.92,51483.0,48799.75,49841.45,4015904915.407911
2021-05-15 00:00:00+00:00,49844.16,50700.0,46555.0,46762.99,4350775846.517358
2021-05-16 00:00:00+00:00,46762.99,49795.89,43825.39,46431.5,5367497608.115901
2021-05-17 00:00:00+00:00,46426.83,46686.0,42001.0,43538.04,7346755531.933858
2021-05-18 00:00:00+00:00,43538.02,45799.29,42250.02,42849.78,5146670282.547902
2021-05-19 00:00:00+00:00,42849.78,43584.9,30000.0,36690.09,13477694934.871798
2021-05-20 00:00:00+00:00,36671.23,42451.67,34850.0,40526.64,8019897067.17622
2021-05-21 00:00:00+00:00,40525.39,42200.0,33488.0,37252.01,7713346610.274129
2021-05-22 00:00:00+00:00,37263.35,38829.0,35200.62,37449.73,4730567647.674401
2021-05-23 00:00:00+00:00,37458.51,38270.64,31111.01,34655.25,7431242463.203842
2021-05-24 00:00:00+00:00,34681.44,39920.0,34031.0,38796.29,5996773032.151345
2021-05-25 00:00:00+00:00,38810.99,39791.77,36419.62,38324.72,4253519579.378729
2021-05-26 00:00:00+00:00,38324.72,40841.0,37800.44,39241.91,4113717505.2635546
2021-05-27 00:00:00+00:00,39241.92,40411.14,37134.27,38529.98,3361413526.0535436
2021-05-28 00:00:00+00:00,38529.99,38877.83,34684.0,35663.49,4926260941.933614
2021-05-29 00:00:00+00:00,35661.79,37338.58,33632.76,34605.15,3949843335.322595
2021-05-30 00:00:00+00:00,34605.15,36488.0,33379.0,35641.27,2601994948.148242
2021-05-31 00:00:00+00:00,35641.26,37499.0,34153.84,37253.81,3406047734.8311286
2021-06-01 00:00:00+00:00,37253.82,37894.81,35666.0,36693.09,2973928300.375587
2021-06-02 00:00:00+00:00,36694.85,38225.0,35920.0,37568.68,2523462575.6884375
2021-06-03 00:00:00+00:00,37568.68,39476.0,37170.0,39246.79,2930945325.709207
2021-06-04 00:00:00+00:00,39246.78,39289.07,35555.15,36829.0,3379399754.9305224
2021-06-05 00:00:00+00:00,36829.15,37925.0,34800.0,35513.2,2560547116.8364058
2021-06-06 00:00:00+00:00,35516.07,36480.0,35222.0,35796.31,1711857075.0471697
2021-06-07 00:00:00+00:00,35796.31,36900.0,33300.0,33552.79,2755673601.713914
2021-06-08 00:00:00+00:00,33556.96,34068.01,31000.0,33380.81,4030784324.609684
2021-06-09 00:00:00+00:00,33380.8,37534.79,32396.82,37388.05,4794741674.438823
2021-06-10 00:00:00+00:00,37388.05,38491.0,35782.0,36675.72,4062957162.3643
2021-06-11 00:00:00+00:00,36677.83,37680.4,35936.77,37331.98,2903043643.310072
2021-06-12 00:00:00+00:00,37331.98,37463.63,34600.36,35546.11,3132387326.5375137
2021-06-13 00:00:00+00:00,35546.12,39380.0,34757.0,39020.57,3208991521.63768
2021-06-14 00:00:00+00:00,39020.56,41064.05,38730.0,40516.29,4320307646.765389
2021-06-15 00:00:00+00:00,40516.28,41330.0,39506.4,40144.04,3247746713.62741
2021-06-16 00:00:00+00:00,40143.8,40527.14,38116.01,38349.01,3450556041.6005836
2021-06-17 00:00:00+00:00,38349.0,39559.88,37365.0,38092.97,3065622530.039886
2021-06-18 00:00:00+00:00,38092.97,38202.84,35129.29,35819.84,3507868126.3062024
2021-06-19 00:00:00+00:00,35820.48,36457.0,34803.52,35483.72,2453817534.777169
2021-06-20 00:00:00+00:00,35483.72,36137.72,33336.0,35600.16,3124634336.8407607
2021-06-21 00:00:00+00:00,35600.17,35750.0,31251.23,31608.93,5545926077.788067
2021-06-22 00:00:00+00:00,31614.12,33298.78,28805.0,32509.56,6406159197.076789
2021-06-23 00:00:00+00:00,32509.56,34881.0,31683.0,33678.07,4282250433.919445
2021-06-24 00:00:00+00:00,33675.07,35298.0,32286.57,34663.09,2925373222.105977
2021-06-25 00:00:00+00:00,34663.08,35500.0,31275.0,31584.45,3846120542.6572967
2021-06-26 00:00:00+00:00,31576.09,32730.0,30151.0,32283.65,3376415451.793124
2021-06-27 00:00:00+00:00,32283.65,34749.0,31973.45,34700.34,3199980157.7503333
2021-06-28 00:00:00+00:00,34702.49,35297.71,33862.72,34494.89,2837122779.5244017
2021-06-29 00:00:00+00:00,34494.89,36600.0,34225.43,35911.73,3233947791.8633885
2021-06-30 00:00:00+00:00,35911.72,36100.0,34017.55,35045.0,2688939291.095673
2021-07-01 00:00:00+00:00,35045.0,35057.57,32711.0,33504.69,2410809595.390457
2021-07-02 00:00:00+00:00,33502.33,33977.04,32699.0,33786.55,1870193042.393537
2021-07-03 00:00:00+00:00,33786.54,34945.61,33316.73,34669.13,1478423023.503483
2021-07-04 00:00:00+00:00,34669.12,35967.85,34357.15,35286.51,1544458212.3926332
2021-07-05 00:00:00+00:00,35288.13,35293.78,33125.55,33690.14,2183406257.4938293
2021-07-06 00:00:00+00:00,33690.15,35118.88,33532.0,34220.01,1991691100.9482658
2021-07-07 00:00:00+00:00,34220.02,35059.09,33777.77,33862.12,1857658028.480804
2021-07-08 00:00:00+00:00,33862.11,33929.64,32077.0,32875.71,2304973020.298715
2021-07-09 00:00:00+00:00,32875.71,34100.0,32261.07,33815.81,1562958239.3913763
2021-07-10 00:00:00+00:00,33815.81,34262.0,33004.78,33502.87,1171790111.0829954
2021-07-11 00:00:00+00:00,33502.87,34666.0,33306.47,34258.99,1070033013.1920449
2021-07-12 00:00:00+00:00,34259.0,34678.43,32658.34,33086.63,1620646741.3349633
2021-07-13 00:00:00+00:00,33086.94,33340.0,32202.25,32729.77,1348583017.010343
2021-07-14 00:00:00+00:00,32729.12,33114.03,31550.0,32820.02,1515692074.9875476
2021-07-15 00:00:00+00:00,32820.03,33185.25,31133.0,31880.0,1652077965.43656
2021-07-16 00:00:00+00:00,31874.49,32249.18,31020.0,31383.87,1538342711.5796566
2021-07-17 00:00:00+00:00,31383.86,31955.92,31164.31,31520.07,1072815966.3363075
2021-07-18 00:00:00+00:00,31520.07,32435.0,31108.97,31778.56,1140964365.6466014
2021-07-19 00:00:00+00:00,31778.57,31899.0,30407.44,30839.65,1470563281.936503
2021-07-20 00:00:00+00:00,30839.65,31063.07,29278.0,29790.35,1821230700.020391
2021-07-21 00:00:00+00:00,29790.34,32858.0,29482.61,32144.51,2603140706.0822244
2021-07-22 00:00:00+00:00,32144.51,32591.35,31708.0,32287.83,1482763544.9505365
2021-07-23 00:00:00+00:00,32287.58,33650.0,31924.32,33634.09,1631947003.0730467
2021-07-24 00:00:00+00:00,33634.1,34500.0,33401.14,34258.14,1625046258.4365523
2021-07-25 00:00:00+00:00,34261.51,35398.0,33851.12,35381.02,1646935552.8055446
2021-07-26 00:00:00+00:00,35381.02,40550.0,35205.78,37237.6,5832475057.065677
2021-07-27 00:00:00+00:00,37241.33,39542.61,36383.0,39457.87,3335658261.995547
2021-07-28 00:00:00+00:00,39456.61,40900.0,38772.0,40019.56,4040889461.6615276
2021-07-29 00:00:00+00:00,40019.57,40640.0,39200.0,40016.48,2154190697.3453183
2021-07-30 00:00:00+00:00,40018.49,42316.71,38313.23,42206.37,2939833541.3815365
2021-07-31 00:00:00+00:00,42206.36,42448.0,41000.15,41461.83,1868285510.8846788
2021-08-01 00:00:00+00:00,41461.84,42599.0,39422.01,39845.44,2227567271.4878654
2021-08-02 00:00:00+00:00,39850.27,40480.01,38690.0,39147.82,2010928003.5944088
2021-08-03 00:00:00+00:00,39146.86,39780.0,37642.03,38207.05,2195360658.567329
2021-08-04 00:00:00+00:00,38207.04,39969.66,37508.56,39723.18,2028792778.1848047
2021-08-05 00:00:00+00:00,39723.17,41350.0,37332.7,40862.46,3314527738.339733
2021-08-06 00:00:00+00:00,40862.46,43392.43,39853.86,42836.87,3148022459.9161587
2021-08-07 00:00:00+00:00,42836.87,44700.0,42446.41,44572.54,3197407326.036793
2021-08-08 00:00:00+00:00,44572.54,45310.0,43261.0,43794.37,3074924734.87934
2021-08-09 00:00:00+00:00,43794.36,46454.15,42779.0,46253.4,3362870286.258118
2021-08-10 00:00:00+00:00,46248.87,46700.0,44589.46,45584.99,2452485823.9336543
2021-08-11 00:00:00+00:00,45585.0,46743.47,45341.14,45511.0,2432788769.8326964
2021-08-12 00:00:00+00:00,45510.67,46218.12,43770.0,44399.0,2478758524.8641763
2021-08-13 00:00:00+00:00,44400.06,47886.0,44217.39,47800.0,2239435701.1177917
2021-08-14 00:00:00+00:00,47799.99,48144.0,45971.03,47068.51,2166461458.668249
2021-08-15 00:00:00+00:00,47068.5,47372.27,45500.0,46973.82,1950753713.2121248
2021-08-16 00:00:00+00:00,46973.82,48053.83,45660.0,45901.29,2462127629.6090236
2021-08-17 00:00:00+00:00,45901.3,47160.0,44376.0,44695.95,2616339597.9157424
2021-08-18 00:00:00+00:00,44695.95,46000.0,44203.28,44705.29,2439673265.947117
2021-08-19 00:00:00+00:00,44699.37,47033.0,43927.7,46760.62,2416320067.133769
2021-08-20 00:00:00+00:00,46760.62,49382.99,46622.99,49322.47,2721131744.2778172
2021-08-21 00:00:00+00:00,49322.47,49757.04,48222.0,48821.87,2290966131.376161
2021-08-22 00:00:00+00:00,48821.88,49500.0,48050.0,49239.22,1807169840.1691713
2021-08-23 00:00:00+00:00,49239.22,50500.0,49029.0,49488.85,2616721363.685172
2021-08-24 00:00:00+00:00,49488.85,49860.0,47600.0,47674.01,2486079315.5644236
2021-08-25 00:00:00+00:00,47674.01,49264.3,47126.28,48973.32,2149442271.5264206
2021-08-26 00:00:00+00:00,48973.32,49352.84,46250.0,46843.87,2333900030.229628
2021-08-27 00:00:00+00:00,46843.86,49149.93,46348.0,49069.9,2007071230.219995
2021-08-28 00:00:00+00:00,49069.9,49299.0,48346.88,48895.35,1303966035.7705495
2021-08-29 00:00:00+00:00,48895.35,49632.27,47762.54,48767.83,1588661416.3603797
2021-08-30 00:00:00+00:00,48767.84,48888.61,46853.0,46982.91,1932344430.923926
2021-08-31 00:00:00+00:00,46982.91,48246.11,46700.0,47100.89,2303799571.3822727
2021-09-01 00:00:00+00:00,47100.89,49156.0,46512.0,48810.52,2386074445.415852
2021-09-02 00:00:00+00:00,48810.51,50450.13,48584.06,49246.64,2704192314.674689
2021-09-03 00:00:00+00:00,49246.63,51000.0,48316.84,49999.14,2949574478.071738
2021-09-04 00:00:00+00:00,49998.0,50535.69,49370.0,49915.64,1733527136.4442587
2021-09-05 00:00:00+00:00,49917.54,51900.0,49450.0,51756.88,2049212025.844659
2021-09-06 00:00:00+00:00,51756.88,52780.0,50969.33,52663.9,2549290983.0568776
2021-09-07 00:00:00+00:00,52666.2,52920.0,42843.05,46863.73,6004105772.870442
2021-09-08 00:00:00+00:00,46868.57,47340.99,44412.02,46048.31,3000605793.9389606
2021-09-09 00:00:00+00:00,46048.31,47399.97,45513.08,46395.14,2351862983.5182414
2021-09-10 00:00:00+00:00,46395.14,47033.0,44132.29,44850.91,2243698626.0395164
2021-09-11 00:00:00+00:00,44842.2,45987.93,44722.22,45173.69,1380370764.0127168
2021-09-12 00:00:00+00:00,45173.68,46460.0,44742.06,46025.24,1464780920.2199812
2021-09-13 00:00:00+00:00,46025.23,46880.0,43370.0,44940.73,2930668118.2616343
2021-09-14 00:00:00+00:00,44940.72,47250.0,44594.44,47111.52,2072259519.0619197
2021-09-15 00:00:00+00:00,47103.28,48500.0,46682.32,48121.41,2056996398.8439617
2021-09-16 00:00:00+00:00,48121.4,48557.0,47021.1,47737.82,1948447232.9107177
2021-09-17 00:00:00+00:00,47737.81,48150.0,46699.56,47299.98,1637122049.4128377
2021-09-18 00:00:00+00:00,47299.98,48843.2,47035.56,48292.74,1491461627.9514225
2021-09-19 00:00:00+00:00,48292.75,48372.83,46829.18,47241.75,1421642879.4932063
2021-09-20 00:00:00+00:00,47241.75,47347.25,42500.0,43015.62,3457139274.300071
2021-09-21 00:00:00+00:00,43016.64,43639.0,39600.0,40734.38,3551997786.6903553
2021-09-22 00:00:00+00:00,40734.09,44000.55,40565.39,43543.61,2482639471.907596
2021-09-23 00:00:00+00:00,43546.37,44978.0,43069.09,44865.26,2147211305.482089
2021-09-24 00:00:00+00:00,44865.26,45200.0,40675.0,42810.57,3596718231.0505486
2021-09-25 00:00:00+00:00,42810.58,42966.84,41646.28,42670.64,1428238748.2095258
2021-09-26 00:00:00+00:00,42670.63,43950.0,40750.0,43160.9,2124657079.2797766
2021-09-27 00:00:00+00:00,43160.9,44350.0,42098.0,42147.35,1728912299.8034244
2021-09-28 00:00:00+00:00,42147.35,42787.38,40888.0,41026.54,1816305387.8388581
2021-09-29 00:00:00+00:00,41025.01,42590.0,40753.88,41524.28,1399625476.0563762
2021-09-30 00:00:00+00:00,41524.29,44141.37,41410.17,43824.1,2005486003.5646772
2021-10-01 00:00:00+00:00,43820.01,48495.0,43283.03,48141.61,3076094886.592474
2021-10-02 00:00:00+00:00,48141.6,48336.59,47430.18,47634.9,1459064880.5324447
2021-10-03 00:00:00+00:00,47634.89,49228.08,47088.0,48200.01,1482764462.1905775
2021-10-04 00:00:00+00:00,48200.01,49536.12,46891.0,49224.94,2258464361.1263566
2021-10-05 00:00:00+00:00,49224.93,51886.3,49022.4,51471.99,2618101829.0177226
2021-10-06 00:00:00+00:00,51471.99,55750.0,50382.41,55315.0,4236927265.381522
2021-10-07 00:00:00+00:00,55315.0,55332.31,53357.0,53785.22,2983143121.088643
2021-10-08 00:00:00+00:00,53785.22,56100.0,53617.61,53951.43,2522087625.0940795
2021-10-09 00:00:00+00:00,53955.67,55489.0,53661.67,54949.72,3024862790.6955924
2021-10-10 00:00:00+00:00,54949.72,56561.31,54080.0,54659.0,4923958325.389876
2021-10-11 00:00:00+00:00,54659.01,57839.04,54415.06,57471.35,2994673617.7236485
2021-10-12 00:00:00+00:00,57471.35,57680.0,53879.0,55996.93,3017210682.8859496
2021-10-13 00:00:00+00:00,55996.91,57777.0,54167.19,57367.0,3123307687.477303
2021-10-14 00:00:00+00:00,57370.83,58532.54,56818.05,57347.94,2481915791.591235
2021-10-15 00:00:00+00:00,57347.94,62933.0,56850.0,61672.42,4959389368.726733
2021-10-16 00:00:00+00:00,61672.42,62378.42,60150.0,60875.57,2173374058.808911
2021-10-17 00:00:00+00:00,60875.57,61718.39,58963.0,61528.33,2371696294.7973056
2021-10-18 00:00:00+00:00,61528.32,62695.78,59844.45,62009.84,3195091233.4205527
2021-10-19 00:00:00+00:00,62005.6,64486.0,61322.22,64280.59,3370863940.269437
2021-10-20 00:00:00+00:00,64280.59,67000.0,63481.4,66001.41,3362878816.4045925
2021-10-21 00:00:00+00:00,66001.4,66639.74,62000.0,62193.15,4407757970.879756
2021-10-22 00:00:00+00:00,62193.15,63732.39,60000.0,60688.22,3229377744.3114257
2021-10-23 00:00:00+00:00,60688.23,61747.64,59562.15,61286.75,1686121722.2187824
2021-10-24 00:00:00+00:00,61286.75,61500.0,59510.63,60852.22,1889694558.9504948
2021-10-25 00:00:00+00:00,60852.22,63710.63,60650.0,63078.78,2309339650.1093802
2021-10-26 00:00:00+00:00,63078.78,63293.48,59817.55,60328.81,2492606133.3189454
2021-10-27 00:00:00+00:00,60328.81,61496.0,58000.0,58413.44,3688306192.972418
2021-10-28 00:00:00+00:00,58413.44,62499.0,57820.0,60575.89,3677629851.0596066
2021-10-29 00:00:00+00:00,60575.9,62980.0,60174.81,62253.71,2706090987.3096256
2021-10-30 00:00:00+00:00,62253.7,62359.25,60673.0,61859.19,1937860260.4380624
2021-10-31 00:00:00+00:00,61859.19,62405.3,59945.36,61299.8,2396556477.343494
2021-11-01 00:00:00+00:00,61299.81,62437.74,59405.0,60911.11,2737282804.738131
2021-11-02 00:00:00+00:00,60911.12,64270.0,60624.68,63219.99,2909221038.40065
2021-11-03 00:00:00+00:00,63220.57,63500.0,60382.76,62896.48,2713389500.4663587
2021-11-04 00:00:00+00:00,62896.49,63086.31,60677.01,61395.01,2218138026.7045407
2021-11-05 00:00:00+00:00,61395.01,62595.72,60721.0,60937.12,1943346371.470386
2021-11-06 00:00:00+00:00,60940.18,61560.49,60050.0,61470.61,1556774943.5537283
2021-11-07 00:00:00+00:00,61470.62,63286.35,61322.78,63273.59,1585744720.199772
2021-11-08 00:00:00+00:00,63273.58,67789.0,63273.58,67525.83,3575716171.0442996
2021-11-09 00:00:00+00:00,67525.82,68524.25,66222.4,66947.66,3014326962.087268
2021-11-10 00:00:00+00:00,66947.67,69000.0,62822.9,64882.43,4335575752.805223
2021-11-11 00:00:00+00:00,64882.42,65600.07,64100.0,64774.26,2415537333.57771
2021-11-12 00:00:00+00:00,64774.25,65450.7,62278.0,64122.23,2844286547.5040407
2021-11-13 00:00:00+00:00,64122.22,65000.0,63360.22,64380.0,1442441613.5983925
2021-11-14 00:00:00+00:00,64380.01,65550.51,63576.27,65519.1,1658473781.2937696
2021-11-15 00:00:00+00:00,65519.11,66401.82,63400.0,63606.74,2460915922.8761277
2021-11-16 00:00:00+00:00,63606.73,63617.31,58574.07,60058.87,4705744041.299647
2021-11-17 00:00:00+00:00,60058.87,60840.23,58373.0,60344.87,2767802055.200423
2021-11-18 00:00:00+00:00,60344.86,60976.0,56474.26,56891.62,3644824179.1448526
2021-11-19 00:00:00+00:00,56891.62,58320.0,55600.0,58052.24,2896189975.910774
2021-11-20 00:00:00+00:00,58057.1,59845.0,57353.0,59707.51,1982718831.1570773
2021-11-21 00:00:00+00:00,59707.52,60029.76,58486.65,58622.02,1886578154.5167086
2021-11-22 00:00:00+00:00,58617.7,59444.0,55610.0,56247.18,2968622334.1376567
2021-11-23 00:00:00+00:00,56243.83,58009.99,55317.0,57541.27,2837210673.4885187
2021-11-24 00:00:00+00:00,57541.26,57735.0,55837.0,57138.29,2246374244.330568
2021-11-25 00:00:00+00:00,57138.29,59398.9,57000.0,58960.36,2455658857.700593
2021-11-26 00:00:00+00:00,58960.37,59150.0,53500.0,53726.53,3649353860.4295664
2021-11-27 00:00:00+00:00,53723.72,55280.0,53610.0,54721.03,1623173123.4917316
2021-11-28 00:00:00+00:00,54716.47,57445.05,53256.64,57274.88,1982198373.532835
2021-11-29 00:00:00+00:00,57274.89,58865.97,56666.67,57776.25,2313371348.113543
2021-11-30 00:00:00+00:00,57776.25,59176.99,55875.55,56950.56,2823644073.021905
2021-12-01 00:00:00+00:00,56950.56,59053.55,56458.01,57184.07,2584928714.0757422
2021-12-02 00:00:00+00:00,57184.07,57375.47,55777.77,56480.34,2127110102.1073096
2021-12-03 00:00:00+00:00,56484.26,57600.0,51680.0,53601.05,3246198505.9468513
2021-12-04 00:00:00+00:00,53601.05,53859.1,42000.3,49152.47,5495712061.978532
2021-12-05 00:00:00+00:00,49152.46,49699.05,47727.21,49396.33,2231486105.8439116
2021-12-06 00:00:00+00:00,49396.32,50891.11,47100.0,50441.92,2851528919.1795363
2021-12-07 00:00:00+00:00,50441.91,51936.33,50039.74,50588.95,1950573500.2086658
2021-12-08 00:00:00+00:00,50588.95,51200.0,48600.0,50471.19,1925458787.1147523
2021-12-09 00:00:00+00:00,50471.19,50797.76,47320.0,47545.59,1841474998.89511
2021-12-10 00:00:00+00:00,47535.9,50125.0,46852.0,47140.54,2135023722.8531513
2021-12-11 00:00:00+00:00,47140.54,49485.71,46751.0,49389.99,1397524635.581402
2021-12-12 00:00:00+00:00,49389.99,50777.0,48638.0,50053.9,1292315883.6245537
2021-12-13 00:00:00+00:00,50053.9,50189.97,45672.75,46702.75,2423888500.790305
2021-12-14 00:00:00+00:00,46702.76,48700.41,46290.0,48343.28,1887427362.4740965
2021-12-15 00:00:00+00:00,48336.95,49500.0,46547.0,48864.98,2487012309.0915494
2021-12-16 00:00:00+00:00,48864.98,49436.43,47511.0,47632.38,1551200654.052745
2021-12-17 00:00:00+00:00,47632.38,47995.96,45456.0,46131.2,2015966349.5161324
2021-12-18 00:00:00+00:00,46133.83,47392.37,45500.0,46834.48,1165205135.7008426
2021-12-19 00:00:00+00:00,46834.47,48300.01,46406.91,46681.23,1384958598.3627698
2021-12-20 00:00:00+00:00,46681.24,47537.57,45558.85,46914.16,1663363117.8304534
2021-12-21 00:00:00+00:00,46914.17,49328.96,46630.0,48889.88,1827234149.0598803
2021-12-22 00:00:00+00:00,48887.59,49576.13,48421.87,48588.16,1322418595.3337295
2021-12-23 00:00:00+00:00,48588.17,51375.0,47920.42,50838.81,1738129830.7814522
2021-12-24 00:00:00+00:00,50838.82,51810.0,50384.43,50820.0,1616919305.7036667
2021-12-25 00:00:00+00:00,50819.99,51156.23,50142.32,50399.66,971491029.130824
2021-12-26 00:00:00+00:00,50399.67,51280.0,49412.0,50775.49,1132200241.5624182
2021-12-27 00:00:00+00:00,50775.48,52088.0,50449.0,50701.44,1471423612.091862
2021-12-28 00:00:00+00:00,50701.44,50704.05,47313.01,47543.74,2242102220.931003
2021-12-29 00:00:00+00:00,47543.74,48139.08,46096.99,46464.66,1873785571.2732966
2021-12-30 00:00:00+00:00,46464.66,47900.0,45900.0,47120.87,1428755720.453203
2021-12-31 00:00:00+00:00,47120.88,48548.26,45678.0,46216.93,1650715977.918517
2022-01-01 00:00:00+00:00,46216.93,47954.63,46208.37,47722.65,924155159.5834866
2022-01-02 00:00:00+00:00,47722.66,47990.0,46654.0,47286.18,866610995.5633582
2022-01-03 00:00:00+00:00,47286.18,47570.0,45696.0,46446.1,1292203508.325655
2022-01-04 00:00:00+00:00,46446.1,47557.54,45500.0,45832.01,1649170424.1276133
2022-01-05 00:00:00+00:00,45832.01,47070.0,42500.0,43451.13,2334288544.645448
2022-01-06 00:00:00+00:00,43451.14,43816.0,42430.58,43082.31,1674466154.4383326
2022-01-07 00:00:00+00:00,43082.3,43145.83,40610.0,41566.48,2293851015.4652367
2022-01-08 00:00:00+00:00,41566.48,42300.0,40501.0,41679.74,1367233494.8277667
2022-01-09 00:00:00+00:00,41679.74,42786.7,41200.02,41864.62,952830064.5125849
2022-01-10 00:00:00+00:00,41864.62,42248.5,39650.0,41822.49,2088111339.5055964
2022-01-11 00:00:00+00:00,41822.49,43100.0,41268.93,42729.29,1574803608.9600787
2022-01-12 00:00:00+00:00,42729.29,44322.0,42450.0,43902.66,1470906437.7120714
2022-01-13 00:00:00+00:00,43902.65,44500.0,42311.22,42560.11,1515944525.4954948
2022-01-14 00:00:00+00:00,42558.35,43448.78,41725.95,43059.96,1392000443.3501675
2022-01-15 00:00:00+00:00,43059.96,43800.0,42555.0,43084.29,946488263.5484481
2022-01-16 00:00:00+00:00,43084.29,43475.0,42581.79,43071.66,887203134.0531468
2022-01-17 00:00:00+00:00,43071.66,43176.18,41540.42,42201.62,1169381684.4668436
2022-01-18 00:00:00+00:00,42201.63,42691.0,41250.0,42352.12,1228459687.3994458
2022-01-19 00:00:00+00:00,42352.12,42559.13,41138.56,41660.01,1327478459.1602297
2022-01-20 00:00:00+00:00,41660.0,43505.0,40553.31,40680.91,1784801200.404487
2022-01-21 00:00:00+00:00,40680.92,41100.0,35440.45,36445.31,3405501703.2219367
2022-01-22 00:00:00+00:00,36445.31,36835.22,34008.0,35071.42,3207531048.0306516
2022-01-23 00:00:00+00:00,35071.42,36499.0,34601.01,36244.55,1572414639.0428774
2022-01-24 00:00:00+00:00,36244.55,37550.0,32917.17,36660.35,3192041586.10319
2022-01-25 00:00:00+00:00,36660.35,37545.14,35701.0,36958.32,1799224214.4997392
2022-01-26 00:00:00+00:00,36958.32,38919.98,36234.63,36809.34,2627491976.6908574
2022-01-27 00:00:00+00:00,36807.24,37234.47,35507.01,37160.1,1925920128.3436604
2022-01-28 00:00:00+00:00,37160.11,38000.0,36155.01,37716.56,1560203931.220128
2022-01-29 00:00:00+00:00,37716.57,38720.74,37268.44,38166.84,989652386.9966494
2022-01-30 00:00:00+00:00,38166.83,38359.26,37351.63,37881.76,812750216.6010319
2022-01-31 00:00:00+00:00,37881.75,38744.0,36632.61,38466.9,1386754529.0295446
2022-02-01 00:00:00+00:00,38466.9,39265.2,38000.0,38694.59,1334266166.7099988
2022-02-02 00:00:00+00:00,38694.59,38855.92,36586.95,36896.36,1353093948.9776013
2022-02-03 00:00:00+00:00,36896.37,37387.0,36250.0,37311.61,1179502838.6566265
2022-02-04 00:00:00+00:00,37311.98,41772.33,37026.73,41574.25,2526572562.058285
2022-02-05 00:00:00+00:00,41571.7,41913.69,40843.01,41382.59,1349805515.9300365
2022-02-06 00:00:00+00:00,41382.6,42656.0,41116.56,42380.87,934168802.8801152
2022-02-07 00:00:00+00:00,42380.87,44500.5,41645.85,43839.99,2204523609.903396
2022-02-08 00:00:00+00:00,43839.99,45492.0,42666.0,44042.99,2847485971.4977336
2022-02-09 00:00:00+00:00,44043.0,44799.0,43117.92,44372.72,1512500139.1430995
2022-02-10 00:00:00+00:00,44372.71,45821.0,43174.01,43495.44,2772188373.222783
2022-02-11 00:00:00+00:00,43495.44,43920.0,41938.51,42373.73,1937866768.5059533
2022-02-12 00:00:00+00:00,42373.73,43079.49,41688.88,42217.87,1123136004.7237246
2022-02-13 00:00:00+00:00,42217.87,42760.0,41870.0,42053.66,750533311.6529565
2022-02-14 00:00:00+00:00,42053.65,42842.4,41550.56,42535.94,1436927831.4445863
2022-02-15 00:00:00+00:00,42535.94,44751.4,42427.03,44544.86,1672855933.625659
2022-02-16 00:00:00+00:00,44544.85,44549.97,43307.0,43873.56,1250973502.3018453
2022-02-17 00:00:00+00:00,43873.56,44164.71,40073.21,40515.7,1993400162.9480667
2022-02-18 00:00:00+00:00,40515.71,40959.88,39450.0,39974.44,1765622365.9527562
2022-02-19 00:00:00+00:00,39974.45,40444.32,39639.03,40079.17,721960636.0646693
2022-02-20 00:00:00+00:00,40079.17,40125.44,38000.0,38386.89,1293216601.4518795
2022-02-21 00:00:00+00:00,38386.89,39494.35,36800.0,37008.16,2382027320.8617606
2022-02-22 00:00:00+00:00,37008.16,38429.0,36350.0,38230.33,2010628230.7549176
2022-02-23 00:00:00+00:00,38230.33,39249.93,37036.79,37250.01,1665486687.239937
2022-02-24 00:00:00+00:00,37250.02,39843.0,34322.28,38327.21,4335107392.009488
2022-02-25 00:00:00+00:00,38328.68,39683.53,38014.37,39219.17,2197889580.282669
2022-02-26 00:00:00+00:00,39219.16,40348.45,38573.18,39116.72,1152621719.69438
2022-02-27 00:00:00+00:00,39116.73,39855.7,37000.0,37699.07,1780512702.886402
2022-02-28 00:00:00+00:00,37699.08,44225.84,37450.17,43160.0,2975160226.1689854
2022-03-01 00:00:00+00:00,43160.0,44949.0,42809.98,44421.2,2701611023.6943197
2022-03-02 00:00:00+00:00,44421.2,45400.0,43334.09,43892.98,2550792948.2886243
2022-03-03 00:00:00+00:00,43892.99,44101.12,41832.28,42454.0,2192152097.925188
2022-03-04 00:00:00+00:00,42454.0,42527.3,38550.0,39148.66,2527001270.719469
2022-03-05 00:00:00+00:00,39148.65,39613.24,38407.59,39397.96,1187689935.0879934
2022-03-06 00:00:00+00:00,39397.97,39693.87,38088.57,38420.81,1542258009.6292188
2022-03-07 00:00:00+00:00,38420.8,39547.57,37155.0,37988.0,2449362161.7015386
2022-03-08 00:00:00+00:00,37988.01,39362.08,37867.65,38730.63,2149652714.8043456
2022-03-09 00:00:00+00:00,38730.63,42594.06,38656.45,41941.71,2797240840.960747
2022-03-10 00:00:00+00:00,41941.7,42039.63,38539.73,39422.0,2854310740.8076735
2022-03-11 00:00:00+00:00,39422.01,40236.26,38223.6,38729.57,2305825015.6010857
2022-03-12 00:00:00+00:00,38729.57,39486.71,38660.52,38807.36,939663387.3149893
2022-03-13 00:00:00+00:00,38807.35,39310.0,37578.51,37777.34,1268441605.1866875
2022-03-14 00:00:00+00:00,37777.35,39947.12,37555.0,39671.37,1821922588.4472065
2022-03-15 00:00:00+00:00,39671.37,39887.61,38098.33,39280.33,1796571984.458497
2022-03-16 00:00:00+00:00,39280.33,41718.0,38828.48,41114.0,3552563766.3655386
2022-03-17 00:00:00+00:00,41114.01,41478.82,40500.0,40917.9,1521083189.7108624
2022-03-18 00:00:00+00:00,40917.89,42325.02,40135.04,41757.51,1862337033.4847212
2022-03-19 00:00:00+00:00,41757.51,42400.0,41499.29,42201.13,1216709156.4428053
2022-03-20 00:00:00+00:00,42201.13,42296.26,40911.0,41262.11,1273880705.2502496
2022-03-21 00:00:00+00:00,41262.11,41544.22,40467.94,41002.25,1618789548.0684214
2022-03-22 00:00:00+00:00,41002.26,43361.0,40875.51,42364.13,2525975507.8012
2022-03-23 00:00:00+00:00,42364.13,43025.96,41751.47,42882.76,1725787170.5823965
2022-03-24 00:00:00+00:00,42882.76,44220.89,42560.46,43991.46,2436258223.6223383
2022-03-25 00:00:00+00:00,43991.46,45094.14,43579.0,44313.16,2421153187.6604123
2022-03-26 00:00:00+00:00,44313.16,44792.99,44071.97,44511.27,1022802857.60941
2022-03-27 00:00:00+00:00,44511.27,46999.0,44421.46,46827.76,1907019662.3441498
2022-03-28 00:00:00+00:00,46827.76,48189.84,46663.56,47122.21,2789898402.616576
2022-03-29 00:00:00+00:00,47122.21,48096.47,46950.85,47434.8,1748600385.4502351
2022-03-30 00:00:00+00:00,47434.79,47700.22,46445.42,47067.99,1932152559.8831122
2022-03-31 00:00:00+00:00,47067.99,47600.0,45200.0,45510.34,2262485160.568584
2022-04-01 00:00:00+00:00,45510.35,46720.09,44200.0,46283.49,2556532890.870311
2022-04-02 00:00:00+00:00,46283.49,47213.0,45620.0,45811.0,1721690754.4393935
2022-04-03 00:00:00+00:00,45810.99,47444.11,45530.92,46407.35,1550999693.0508049
2022-04-04 00:00:00+00:00,46407.36,46890.71,45118.0,46580.51,2053434523.8685389
2022-04-05 00:00:00+00:00,46580.5,47200.0,45353.81,45497.55,1951668192.9295099
2022-04-06 00:00:00+00:00,45497.54,45507.14,43121.0,43170.47,2700644700.890392
2022-04-07 00:00:00+00:00,43170.47,43900.99,42727.35,43444.19,1623879486.6600313
2022-04-08 00:00:00+00:00,43444.2,43970.62,42107.14,42252.01,1830699971.6113117
2022-04-09 00:00:00+00:00,42252.02,42800.0,42125.48,42753.97,759274586.6137776
2022-04-10 00:00:00+00:00,42753.96,43410.3,41868.0,42158.85,971459737.5009404
2022-04-11 00:00:00+00:00,42158.85,42414.71,39200.0,39530.45,2602039073.0150447
2022-04-12 00:00:00+00:00,39530.45,40699.0,39254.63,40074.94,2309514071.593873
2022-04-13 00:00:00+00:00,40074.95,41561.31,39588.54,41147.79,1677171454.091079
2022-04-14 00:00:00+00:00,41147.78,41500.0,39551.94,39942.38,1494726286.0180101
2022-04-15 00:00:00+00:00,39942.37,40870.36,39766.4,40551.9,966888436.8162509
2022-04-16 00:00:00+00:00,40551.9,40709.35,39991.55,40378.71,638275503.9141085
2022-04-17 00:00:00+00:00,40378.7,40595.67,39546.17,39678.12,803414248.9836985
2022-04-18 00:00:00+00:00,39678.11,41116.73,38536.51,40801.13,2153574975.9131336
2022-04-19 00:00:00+00:00,40801.13,41760.0,40571.0,41493.18,1472363265.3621879
2022-04-20 00:00:00+00:00,41493.19,42199.0,40820.0,41358.19,1697039284.0853007
2022-04-21 00:00:00+00:00,41358.19,42976.0,39751.0,40480.01,2476061417.8872576
2022-04-22 00:00:00+00:00,40480.01,40795.06,39177.0,39709.18,1870172362.40225
2022-04-23 00:00:00+00:00,39709.19,39980.0,39285.0,39441.6,804677022.9078971
2022-04-24 00:00:00+00:00,39441.61,39940.0,38929.62,39450.13,1056336243.0198609
2022-04-25 00:00:00+00:00,39450.12,40616.0,38200.0,40426.08,2470071005.2401423
2022-04-26 00:00:00+00:00,40426.08,40797.31,37702.26,38112.65,2615206861.8349133
2022-04-27 00:00:00+00:00,38112.64,39474.72,37881.31,39235.72,2218523642.426387
2022-04-28 00:00:00+00:00,39235.72,40372.63,38881.43,39742.07,2223808385.8063755
2022-04-29 00:00:00+00:00,39742.06,39925.25,38175.0,38596.11,2006135662.8559992
2022-04-30 00:00:00+00:00,38596.11,38795.38,37578.2,37630.8,1354900532.1335113
2022-05-01 00:00:00+00:00,37630.8,38675.0,37386.38,38468.35,1478259271.913873
2022-05-02 00:00:00+00:00,38468.35,39167.34,38052.0,38525.16,2058450718.2963233
2022-05-03 00:00:00+00:00,38525.16,38651.51,37517.8,37728.95,1539320434.2647235
2022-05-04 00:00:00+00:00,37728.95,40023.77,37670.0,39690.0,2438553987.4535437
2022-05-05 00:00:00+00:00,39690.0,39845.51,35571.9,36552.97,3329684235.9639516
2022-05-06 00:00:00+00:00,36552.97,36675.63,35258.0,36013.77,2466507512.182029
2022-05-07 00:00:00+00:00,36013.77,36146.3,34785.0,35472.39,1222539413.6400983
2022-05-08 00:00:00+00:00,35472.4,35514.22,33713.95,34038.4,2498365159.9945807
2022-05-09 00:00:00+00:00,34038.39,34243.15,30033.33,30076.31,6166367111.275724
2022-05-10 00:00:00+00:00,30074.23,32658.99,29730.4,31017.1,5179856929.47993
2022-05-11 00:00:00+00:00,31017.11,32162.59,27785.0,29103.94,6300295994.553139
2022-05-12 00:00:00+00:00,29103.94,30243.0,26700.0,29029.75,5795451310.945579
2022-05-13 00:00:00+00:00,29029.74,31083.37,28751.67,29287.05,2956855804.856112
2022-05-14 00:00:00+00:00,29287.05,30343.27,28630.0,30086.74,1501483453.5008905
2022-05-15 00:00:00+00:00,30086.74,31460.0,29480.0,31328.89,1401499926.2304175
2022-05-16 00:00:00+00:00,31328.89,31328.9,29087.04,29874.01,2185567735.682062
2022-05-17 00:00:00+00:00,29874.01,30788.37,29450.38,30444.93,1715109131.0802064
2022-05-18 00:00:00+00:00,30444.93,30709.99,28654.47,28715.32,1762843836.1269379
2022-05-19 00:00:00+00:00,28715.33,30545.18,28691.38,30319.23,2014360135.7852721
2022-05-20 00:00:00+00:00,30319.22,30777.33,28730.0,29201.01,1800589029.270878
2022-05-21 00:00:00+00:00,29201.01,29656.18,28947.28,29445.06,616194663.9792111
2022-05-22 00:00:00+00:00,29445.07,30487.99,29255.11,30293.94,1082530816.01625
2022-05-23 00:00:00+00:00,30293.93,30670.51,28866.35,29109.15,1914305818.0745187
2022-05-24 00:00:00+00:00,29109.14,29845.86,28669.0,29654.58,1740257602.3067698
2022-05-25 00:00:00+00:00,29654.58,30223.74,29294.21,29542.15,1771708175.0718913
2022-05-26 00:00:00+00:00,29542.14,29886.64,28019.56,29201.35,2759055410.397752
2022-05-27 00:00:00+00:00,29201.35,29397.66,28282.9,28629.8,2626515958.50349
2022-05-28 00:00:00+00:00,28629.81,29266.0,28450.0,29031.33,994674257.5679231
2022-05-29 00:00:00+00:00,29031.33,29587.78,28839.21,29468.1,804777532.6497605
2022-05-30 00:00:00+00:00,29468.1,32222.0,29299.62,31734.22,2980527582.4674954
2022-05-31 00:00:00+00:00,31734.23,32399.0,31200.01,31801.04,1981259117.0115466
2022-06-01 00:00:00+00:00,31801.05,31982.97,29301.0,29805.83,3171191028.249736
2022-06-02 00:00:00+00:00,29805.84,30689.0,29594.55,30452.62,1711652906.191896
2022-06-03 00:00:00+00:00,30452.63,30699.0,29282.36,29700.21,1615616950.714381
2022-06-04 00:00:00+00:00,29700.21,29988.88,29485.0,29864.04,760874329.4663156
2022-06-05 00:00:00+00:00,29864.03,30189.0,29531.42,29919.21,691201528.1600258
2022-06-06 00:00:00+00:00,29919.2,31765.64,29890.23,31373.1,2149499896.9349375
2022-06-07 00:00:00+00:00,31373.1,31589.6,29218.96,31125.33,3347397952.7305903
2022-06-08 00:00:00+00:00,31125.32,31327.22,29843.88,30204.77,2087270428.3470392
2022-06-09 00:00:00+00:00,30204.77,30700.0,29944.1,30109.93,1399839073.774508
2022-06-10 00:00:00+00:00,30109.93,30382.8,28850.0,29091.88,2255866294.494887
2022-06-11 00:00:00+00:00,29091.87,29440.41,28099.99,28424.7,1892007188.0756001
2022-06-12 00:00:00+00:00,28424.71,28544.96,26560.0,26574.53,2551767136.329585
2022-06-13 00:00:00+00:00,26574.53,26895.84,21925.77,22487.41,6192246037.404874
2022-06-14 00:00:00+00:00,22485.27,23362.88,20846.0,22136.41,4136108699.025428
2022-06-15 00:00:00+00:00,22136.42,22800.0,20111.62,22583.72,4249276481.256697
2022-06-16 00:00:00+00:00,22583.72,22995.73,20232.0,20401.31,2130037160.0626109
2022-06-17 00:00:00+00:00,20400.6,21365.43,20246.66,20468.81,1796575392.5507207
2022-06-18 00:00:00+00:00,20468.81,20792.06,17622.0,18970.79,3726639821.696151
2022-06-19 00:00:00+00:00,18970.79,20815.95,17960.41,20574.0,2487561781.535987
2022-06-20 00:00:00+00:00,20574.0,21090.0,19637.03,20573.89,2220396381.7426524
2022-06-21 00:00:00+00:00,20573.9,21723.0,20348.4,20723.52,2198596137.343284
2022-06-22 00:00:00+00:00,20723.51,20900.0,19770.51,19987.99,1872204589.2375817
2022-06-23 00:00:00+00:00,19988.0,21233.0,19890.07,21110.13,1710694866.4572449
2022-06-24 00:00:00+00:00,21110.12,21558.41,20736.72,21237.69,1635129191.170251
2022-06-25 00:00:00+00:00,21237.68,21614.5,20906.62,21491.19,1093873137.974752
2022-06-26 00:00:00+00:00,21491.18,21888.0,20964.73,21038.07,1139258367.162915
2022-06-27 00:00:00+00:00,21038.08,21539.85,20510.0,20742.56,1354369225.8404648
2022-06-28 00:00:00+00:00,20742.57,21212.1,20202.01,20281.29,1321862977.9315486
2022-06-29 00:00:00+00:00,20281.28,20432.31,19854.92,20123.01,1556549790.008924
2022-06-30 00:00:00+00:00,20123.0,20179.08,18626.0,19942.21,1808994369.0314438
2022-07-01 00:00:00+00:00,19942.21,20918.35,18975.0,19279.8,2197016369.9695287
2022-07-02 00:00:00+00:00,19279.8,19467.39,18977.01,19252.81,888415536.8730664
2022-07-03 00:00:00+00:00,19252.82,19647.63,18781.0,19315.83,980255891.3952553
2022-07-04 00:00:00+00:00,19315.83,20354.01,19055.31,20236.71,1470987695.521582
2022-07-05 00:00:00+00:00,20236.71,20750.0,19304.4,20175.83,1919950110.1674304
2022-07-06 00:00:00+00:00,20175.84,20675.22,19761.25,20564.51,1665481948.0096319
2022-07-07 00:00:00+00:00,20564.51,21838.1,20251.68,21624.98,1783224085.7236798
2022-07-08 00:00:00+00:00,21624.99,22527.37,21189.26,21594.75,8781330156.61243
2022-07-09 00:00:00+00:00,21594.75,21980.0,21322.12,21591.83,3857190523.4942718
2022-07-10 00:00:00+00:00,21592.15,21607.65,20655.0,20862.47,4062794310.272034
2022-07-11 00:00:00+00:00,20861.11,20868.48,19875.23,19963.61,2813718031.1093426
2022-07-12 00:00:00+00:00,19963.61,20059.42,19240.0,19328.75,2754215439.3324776
2022-07-13 00:00:00+00:00,19331.28,20366.61,18910.94,20234.87,4096306063.801935
2022-07-14 00:00:00+00:00,20234.87,20900.0,19616.07,20588.84,3526210098.285044
2022-07-15 00:00:00+00:00,20588.84,21200.0,20382.29,20830.04,2984339734.3532705
2022-07-16 00:00:00+00:00,20830.04,21588.94,20478.61,21195.6,2539616922.7986083
2022-07-17 00:00:00+00:00,21195.6,21684.54,20750.01,20798.16,2511251392.5765257
2022-07-18 00:00:00+00:00,20799.58,22777.63,20762.45,22432.58,5263396811.539256
2022-07-19 00:00:00+00:00,22432.58,23800.0,21579.54,23396.62,5954419902.221928
2022-07-20 00:00:00+00:00,23398.48,24276.74,22906.19,23223.3,5631801151.220376
2022-07-21 00:00:00+00:00,23223.3,23442.77,22341.46,23152.19,4232411759.3950253
2022-07-22 00:00:00+00:00,23152.19,23756.49,22500.0,22684.83,3981394766.228058
2022-07-23 00:00:00+00:00,22684.83,23000.77,21934.57,22451.07,2745262660.6777816
2022-07-24 00:00:00+00:00,22448.58,23014.64,22257.15,22579.68,2610817967.1639385
2022-07-25 00:00:00+00:00,22577.13,22666.0,21250.0,21310.9,3954002948.5472584
2022-07-26 00:00:00+00:00,21310.9,21347.82,20706.5,21254.67,3738774849.3577113
2022-07-27 00:00:00+00:00,21254.67,23112.63,21042.53,22952.45,4614909656.6957855
2022-07-28 00:00:00+00:00,22954.31,24199.72,22582.13,23842.93,5511388547.615389
2022-07-29 00:00:00+00:00,23845.25,24442.66,23414.03,23773.75,4733780641.305037
2022-07-30 00:00:00+00:00,23777.28,24668.0,23502.25,23643.51,3634601094.96542
2022-07-31 00:00:00+00:00,23644.64,24194.82,23227.31,23293.32,3028386330.644831
2022-08-01 00:00:00+00:00,23296.36,23509.68,22850.0,23268.01,3346371889.652122
2022-08-02 00:00:00+00:00,23266.9,23459.89,22654.37,22987.79,3631020649.2263794
2022-08-03 00:00:00+00:00,22985.93,23647.68,22681.22,22818.37,3385430753.8050184
2022-08-04 00:00:00+00:00,22816.91,23223.32,22400.0,22622.98,3537434334.434649
2022-08-05 00:00:00+00:00,22622.41,23472.86,22586.95,23312.42,4046435951.354509
2022-08-06 00:00:00+00:00,23313.56,23354.36,22909.52,22954.21,1944693656.7065682
2022-08-07 00:00:00+00:00,22954.21,23402.0,22844.62,23174.39,2051763044.552369
2022-08-08 00:00:00+00:00,23174.39,24245.0,23154.25,23810.0,4078052110.543128
2022-08-09 00:00:00+00:00,23810.98,23933.25,22865.0,23149.95,3347110918.907211
2022-08-10 00:00:00+00:00,23151.32,24226.0,22664.69,23954.05,4918825599.489632
2022-08-11 00:00:00+00:00,23954.05,24918.54,23852.13,23934.39,6097813762.895935
2022-08-12 00:00:00+00:00,23933.09,24456.5,23583.0,24403.68,4175834601.8605466
2022-08-13 00:00:00+00:00,24401.7,24888.0,24291.22,24441.38,3751417148.252107
2022-08-14 00:00:00+00:00,24443.06,25047.56,24144.0,24305.24,3708565144.8980093
2022-08-15 00:00:00+00:00,24305.25,25211.32,23773.22,24094.82,5894066098.523285
2022-08-16 00:00:00+00:00,24093.04,24247.49,23671.22,23854.74,4294907691.6509495
2022-08-17 00:00:00+00:00,23856.15,24446.71,23180.4,23342.66,4993659434.236888
2022-08-18 00:00:00+00:00,23342.66,23600.0,23111.04,23191.2,3375338942.2617874
2022-08-19 00:00:00+00:00,23191.45,23208.67,20783.57,20834.39,6181759252.730264
2022-08-20 00:00:00+00:00,20834.39,21382.85,20761.9,21140.07,3871242921.2246804
2022-08-21 00:00:00+00:00,21140.07,21800.0,21069.11,21515.61,3405034922.807078
2022-08-22 00:00:00+00:00,21516.7,21548.71,20890.18,21399.83,4721412016.903412
2022-08-23 00:00:00+00:00,21400.75,21684.87,20890.14,21529.12,4299812533.944709
2022-08-24 00:00:00+00:00,21529.11,21900.0,21145.0,21368.08,3744196823.564854
2022-08-25 00:00:00+00:00,21368.05,21819.88,21310.15,21559.04,3672148286.6013737
2022-08-26 00:00:00+00:00,21559.04,21886.77,20107.9,20241.05,5785149465.09769
2022-08-27 00:00:00+00:00,20239.14,20402.93,19800.0,20037.6,3269764074.3564396
2022-08-28 00:00:00+00:00,20037.6,20171.18,19520.0,19555.61,2781133881.051846
2022-08-29 00:00:00+00:00,19555.61,20433.62,19550.79,20285.73,4211334408.9865937
2022-08-30 00:00:00+00:00,20287.2,20576.25,19540.0,19811.66,5157974826.609323
2022-08-31 00:00:00+00:00,19813.03,20490.0,19797.94,20050.02,5595829094.391042
2022-09-01 00:00:00+00:00,20048.44,20208.37,19565.66,20131.46,4893158531.781241
2022-09-02 00:00:00+00:00,20132.64,20441.26,19755.29,19951.86,4946889819.514836
2022-09-03 00:00:00+00:00,19950.98,20055.93,19652.72,19831.9,2908816275.0102863
2022-09-04 00:00:00+00:00,19832.45,20029.23,19583.1,20000.3,2883227667.1961923
2022-09-05 00:00:00+00:00,20000.3,20057.27,19633.83,19796.84,4404971191.907026
2022-09-06 00:00:00+00:00,19795.34,20180.0,18649.51,18790.61,6976809188.41019
2022-09-07 00:00:00+00:00,18790.61,19464.06,18510.77,19292.84,5436827909.201311
2022-09-08 00:00:00+00:00,19292.85,19458.25,19012.0,19319.77,5057217166.675082
2022-09-09 00:00:00+00:00,19320.54,21597.22,19291.75,21360.11,8929831332.708796
2022-09-10 00:00:00+00:00,21361.62,21810.8,21111.13,21648.34,6589753118.841131
2022-09-11 00:00:00+00:00,21647.21,21860.0,21350.0,21826.87,6064643642.71623
2022-09-12 00:00:00+00:00,21826.87,22488.0,21538.51,22395.74,8743762682.841719
2022-09-13 00:00:00+00:00,22395.44,22799.0,19860.0,20173.57,9302239274.39612
2022-09-14 00:00:00+00:00,20173.62,20541.48,19617.62,20226.71,6886235196.646198
2022-09-15 00:00:00+00:00,20227.17,20330.24,19497.0,19701.88,6655264974.213759
2022-09-16 00:00:00+00:00,19701.88,19890.0,19320.01,19803.3,5584012914.113887
2022-09-17 00:00:00+00:00,19803.3,20189.0,19748.08,20113.62,3578667842.695283
2022-09-18 00:00:00+00:00,20112.61,20117.26,19335.62,19416.18,5033968947.530573
2022-09-19 00:00:00+00:00,19417.45,19686.2,18232.56,19537.02,7215196795.656052
2022-09-20 00:00:00+00:00,19537.02,19634.62,18711.87,18875.0,6206043205.412278
2022-09-21 00:00:00+00:00,18874.31,19956.0,18125.98,18461.36,7338667639.751957
2022-09-22 00:00:00+00:00,18461.36,19550.17,18356.39,19401.63,7203741481.483637
2022-09-23 00:00:00+00:00,19401.63,19500.0,18531.42,19289.91,7330336009.190998
2022-09-24 00:00:00+00:00,19288.57,19316.14,18805.34,18920.5,4568927983.6507845
2022-09-25 00:00:00+00:00,18921.99,19180.21,18629.2,18807.38,3625136713.924704
2022-09-26 00:00:00+00:00,18809.13,19318.96,18680.72,19227.82,8356951609.998724
2022-09-27 00:00:00+00:00,19226.68,20385.86,18816.32,19079.13,11705770260.672161
2022-09-28 00:00:00+00:00,19078.1,19790.0,18471.28,19412.82,9964460007.304356
2022-09-29 00:00:00+00:00,19412.82,19645.52,18843.01,19591.51,7868786414.856212
2022-09-30 00:00:00+00:00,19590.54,20185.0,19155.36,19422.61,8694127253.576595
2022-10-01 00:00:00+00:00,19422.61,19484.0,19159.42,19310.95,3200350294.52687
2022-10-02 00:00:00+00:00,19312.24,19395.91,18920.35,19056.8,3970724799.9558167
2022-10-03 00:00:00+00:00,19057.74,19719.1,18959.68,19629.08,5672105805.772144
2022-10-04 00:00:00+00:00,19629.08,20475.0,19490.6,20337.82,6533428229.851051
2022-10-05 00:00:00+00:00,20337.82,20365.6,19730.0,20158.26,6275437160.958072
2022-10-06 00:00:00+00:00,20158.26,20456.6,19853.0,19960.67,6452892402.324269
2022-10-07 00:00:00+00:00,19960.67,20068.82,19320.0,19530.09,4353681483.987034
2022-10-08 00:00:00+00:00,19530.09,19627.38,19237.14,19417.96,1995917001.739599
2022-10-09 00:00:00+00:00,19416.52,19558.0,19316.04,19439.02,2215007204.237991
2022-10-10 00:00:00+00:00,19439.96,19525.0,19020.25,19131.87,4101745483.129524
2022-10-11 00:00:00+00:00,19131.87,19268.09,18860.0,19060.0,4642843395.600282
2022-10-12 00:00:00+00:00,19060.0,19238.31,18965.88,19155.53,4086903621.9265537
2022-10-13 00:00:00+00:00,19155.1,19513.79,18190.0,19375.13,7554309475.307986
2022-10-14 00:00:00+00:00,19375.58,19951.87,19070.37,19176.93,6877621835.225796
2022-10-15 00:00:00+00:00,19176.93,19227.68,18975.18,19069.39,2178316065.622199
2022-10-16 00:00:00+00:00,19068.4,19425.84,19063.74,19262.98,2531545363.3077
2022-10-17 00:00:00+00:00,19262.98,19676.96,19152.03,19549.86,4331666395.604674
2022-10-18 00:00:00+00:00,19548.48,19706.66,19091.0,19327.44,5065944973.464348
2022-10-19 00:00:00+00:00,19327.44,19360.16,19065.97,19123.97,3575041318.449784
2022-10-20 00:00:00+00:00,19123.35,19347.82,18900.0,19041.92,4276025723.9947824
2022-10-21 00:00:00+00:00,19041.92,19250.0,18650.0,19164.37,5126619487.869021
2022-10-22 00:00:00+00:00,19164.37,19257.0,19112.72,19204.35,2117395641.1269214
2022-10-23 00:00:00+00:00,19204.29,19695.0,19070.11,19570.4,3233393909.200977
2022-10-24 00:00:00+00:00,19570.4,19601.15,19157.0,19329.72,4957159176.816838
2022-10-25 00:00:00+00:00,19330.6,20415.87,19237.0,20080.07,6454151276.520069
2022-10-26 00:00:00+00:00,20079.02,21020.0,20050.41,20771.59,7833551674.485677
2022-10-27 00:00:00+00:00,20771.61,20872.21,20200.0,20295.11,6771209922.011917
2022-10-28 00:00:00+00:00,20295.11,20750.0,20000.09,20591.84,5849603405.682575
2022-10-29 00:00:00+00:00,20591.84,21085.0,20554.01,20809.67,5303038321.457483
2022-10-30 00:00:00+00:00,20809.68,20931.21,20515.0,20627.48,3994389493.3258915
2022-10-31 00:00:00+00:00,20627.48,20845.92,20237.95,20490.74,6226304300.443864
2022-11-01 00:00:00+00:00,20490.74,20700.0,20330.74,20483.62,5740102554.92083
2022-11-02 00:00:00+00:00,20482.81,20800.0,20048.04,20151.84,7633404092.430692
2022-11-03 00:00:00+00:00,20151.84,20393.32,20031.24,20207.82,6461673165.239643
2022-11-04 00:00:00+00:00,20207.12,21302.05,20180.96,21148.52,9409862204.986904
2022-11-05 00:00:00+00:00,21148.52,21480.65,21080.65,21299.37,5240395528.908201
2022-11-06 00:00:00+00:00,21299.37,21365.27,20886.13,20905.58,4877535058.412703
2022-11-07 00:00:00+00:00,20905.58,21069.77,20384.89,20591.13,8035052131.593453
2022-11-08 00:00:00+00:00,20590.67,20700.88,17166.83,18547.23,14758384309.854223
2022-11-09 00:00:00+00:00,18545.38,18587.76,15588.0,15922.81,12737719697.394009
2022-11-10 00:00:00+00:00,15922.68,18199.0,15754.26,17601.15,10323294543.880354
2022-11-11 00:00:00+00:00,17602.45,17695.0,16361.6,17070.31,6725273822.837806
2022-11-12 00:00:00+00:00,17069.98,17119.1,16631.39,16812.08,2827930561.006379
2022-11-13 00:00:00+00:00,16813.16,16954.28,16229.0,16329.85,3074280132.053523
2022-11-14 00:00:00+00:00,16331.78,17190.0,15815.21,16619.46,6273920325.336827
2022-11-15 00:00:00+00:00,16617.72,17134.69,16527.72,16900.57,4758545355.786832
2022-11-16 00:00:00+00:00,16900.57,17015.92,16378.61,16662.76,4362538338.565324
2022-11-17 00:00:00+00:00,16661.61,16751.0,16410.74,16692.56,3785204632.014221
2022-11-18 00:00:00+00:00,16692.56,17011.0,16546.04,16700.45,3588467560.373121
2022-11-19 00:00:00+00:00,16699.43,16822.41,16553.53,16700.68,1747627888.1295474
2022-11-20 00:00:00+00:00,16700.68,16753.33,16180.0,16280.23,2561165772.4957075
2022-11-21 00:00:00+00:00,16279.5,16319.0,15476.0,15781.29,5188798317.004153
2022-11-22 00:00:00+00:00,15781.29,16315.0,15616.63,16226.94,3823612603.803002
2022-11-23 00:00:00+00:00,16227.96,16706.0,16160.2,16603.11,4368042618.500261
2022-11-24 00:00:00+00:00,16603.11,16812.63,16458.05,16598.95,3431724405.654768
2022-11-25 00:00:00+00:00,16599.55,16666.0,16342.81,16522.14,3003553172.2294717
2022-11-26 00:00:00+00:00,16521.35,16701.99,16385.0,16458.57,3011990387.647429
2022-11-27 00:00:00+00:00,16457.61,16600.0,16401.0,16428.78,2679048565.5213013
2022-11-28 00:00:00+00:00,16428.77,16487.04,15995.27,16212.91,4096398587.357314
2022-11-29 00:00:00+00:00,16212.18,16548.71,16100.0,16442.53,4072651066.9994063
2022-11-30 00:00:00+00:00,16442.91,17249.0,16428.3,17163.64,5123595199.505285
2022-12-01 00:00:00+00:00,17165.53,17324.0,16855.01,16977.37,3972607179.8685718
2022-12-02 00:00:00+00:00,16978.0,17105.73,16787.85,17092.74,3432385161.660257
2022-12-03 00:00:00+00:00,17092.13,17188.98,16858.74,16885.2,2622504252.866453
2022-12-04 00:00:00+00:00,16885.2,17202.84,16878.25,17105.7,3040020095.051178
2022-12-05 00:00:00+00:00,17106.65,17424.25,16867.0,16966.35,4015334796.603721
2022-12-06 00:00:00+00:00,16966.35,17107.01,16906.37,17088.96,3717926010.3405867
2022-12-07 00:00:00+00:00,17088.96,17142.21,16678.83,16836.64,3723206794.305467
2022-12-08 00:00:00+00:00,16836.64,17299.0,16733.49,17224.1,4009427525.0304117
2022-12-09 00:00:00+00:00,17224.1,17360.0,17058.21,17128.56,4097973425.697354
2022-12-10 00:00:00+00:00,17128.56,17227.72,17092.0,17127.49,2411933258.8486
2022-12-11 00:00:00+00:00,17127.49,17270.99,17071.0,17085.05,2663686104.0825615
2022-12-12 00:00:00+00:00,17085.05,17241.89,16871.85,17209.83,3844787581.4819245
2022-12-13 00:00:00+00:00,17208.93,18000.0,17080.14,17774.7,4983896040.378995
2022-12-14 00:00:00+00:00,17775.82,18387.95,17660.94,17803.15,4779915721.484459
2022-12-15 00:00:00+00:00,17804.01,17854.82,17275.51,17356.34,3923378677.8337474
2022-12-16 00:00:00+00:00,17356.96,17531.73,16527.32,16632.12,4308933187.65654
2022-12-17 00:00:00+00:00,16631.5,16796.82,16579.85,16776.52,2417851422.213125
2022-12-18 00:00:00+00:00,16777.54,16863.26,16663.07,16738.21,1884666030.099238
2022-12-19 00:00:00+00:00,16739.0,16815.99,16256.3,16438.88,2981094033.013813
2022-12-20 00:00:00+00:00,16438.88,17061.27,16397.2,16895.56,4176995653.545711
2022-12-21 00:00:00+00:00,16896.15,16925.0,16723.0,16824.67,2638528723.7360415
2022-12-22 00:00:00+00:00,16824.68,16868.52,16559.85,16821.43,2949612072.049303
2022-12-23 00:00:00+00:00,16821.9,16955.14,16731.13,16778.5,2720021933.9789267
2022-12-24 00:00:00+00:00,16778.52,16869.99,16776.62,16836.12,1686757294.9926343
2022-12-25 00:00:00+00:00,16835.73,16857.96,16721.0,16832.11,2108857873.1916704
2022-12-26 00:00:00+00:00,16832.11,16944.52,16791.0,16919.39,2099037538.6317942
2022-12-27 00:00:00+00:00,16919.39,16972.83,16592.37,16706.36,2918379509.5314097
2022-12-28 00:00:00+00:00,16706.06,16785.19,16465.33,16547.31,3210894236.812391
2022-12-29 00:00:00+00:00,16547.32,16664.41,16488.91,16633.47,2671665748.0816226
2022-12-30 00:00:00+00:00,16633.47,16677.35,16333.0,16607.48,2726831056.725026
2022-12-31 00:00:00+00:00,16607.48,16644.09,16470.0,16542.4,1897047504.9188974
2023-01-01 00:00:00+00:00,16541.77,16628.0,16499.01,16616.75,1604793789.6772127
2023-01-02 00:00:00+00:00,16617.17,16799.23,16548.7,16672.87,2034683215.2678783
2023-01-03 00:00:00+00:00,16672.78,16778.4,16605.28,16675.18,2662765916.3256683
2023-01-04 00:00:00+00:00,16675.65,16991.87,16652.66,16850.36,3709833209.845365
2023-01-05 00:00:00+00:00,16850.36,16879.82,16753.0,16831.85,2751080253.8177333
2023-01-06 00:00:00+00:00,16831.85,17041.0,16679.0,16950.65,3490305009.6881223
2023-01-07 00:00:00+00:00,16950.31,16981.91,16908.0,16943.57,1770201710.2089734
2023-01-08 00:00:00+00:00,16943.83,17176.99,16911.0,17127.83,2291925699.9585457
2023-01-09 00:00:00+00:00,17127.83,17398.8,17104.66,17178.26,4590284350.546169
2023-01-10 00:00:00+00:00,17179.04,17499.0,17146.34,17440.66,3829247653.7311053
2023-01-11 00:00:00+00:00,17440.64,18000.0,17315.6,17943.26,4586965947.26355
2023-01-12 00:00:00+00:00,17943.26,19117.04,17892.05,18846.62,8348431207.846009
2023-01-13 00:00:00+00:00,18846.62,20000.0,18714.12,19930.01,7061633461.444734
2023-01-14 00:00:00+00:00,19930.01,21258.0,19888.05,20954.92,8183071567.046188
2023-01-15 00:00:00+00:00,20952.76,21050.74,20551.01,20871.5,3710526606.138964
2023-01-16 00:00:00+00:00,20872.99,21474.05,20611.48,21185.65,6168654053.042638
2023-01-17 00:00:00+00:00,21185.65,21647.45,20841.31,21134.81,5840585769.490093
2023-01-18 00:00:00+00:00,21132.29,21650.0,20407.15,20677.47,7399719195.246726
2023-01-19 00:00:00+00:00,20677.47,21192.0,20659.19,21071.59,5243024330.011201
2023-01-20 00:00:00+00:00,21071.59,22755.93,20861.28,22667.21,7256172889.710533
2023-01-21 00:00:00+00:00,22666.0,23371.8,22422.0,22783.55,7938935168.532014
2023-01-22 00:00:00+00:00,22783.35,23078.71,22292.37,22707.88,5775552321.544121
2023-01-23 00:00:00+00:00,22706.02,23180.0,22500.0,22916.45,6704191295.97568
2023-01-24 00:00:00+00:00,22917.81,23162.2,22462.93,22632.89,6721432962.573841
2023-01-25 00:00:00+00:00,22631.94,23816.73,22300.0,23060.94,7875590359.115837
2023-01-26 00:00:00+00:00,23060.42,23282.47,22850.01,23009.65,6664592468.337928
2023-01-27 00:00:00+00:00,23009.65,23500.0,22534.88,23074.16,6461707755.053915
2023-01-28 00:00:00+00:00,23074.16,23189.0,22878.46,23022.6,3408985411.316586
2023-01-29 00:00:00+00:00,23021.4,23960.54,22967.76,23742.3,6941922954.136406
2023-01-30 00:00:00+00:00,23743.37,23800.51,22500.0,22826.15,7020727239.059652
2023-01-31 00:00:00+00:00,22827.38,23320.0,22714.77,23125.13,6083858924.538486
2023-02-01 00:00:00+00:00,23125.13,23812.66,22760.23,23732.66,7212542002.325099
2023-02-02 00:00:00+00:00,23731.41,24255.0,23363.27,23488.94,8673696845.80511
2023-02-03 00:00:00+00:00,23489.33,23715.7,23204.62,23431.9,7806490899.914181
2023-02-04 00:00:00+00:00,23431.9,23587.78,23253.96,23326.84,3886777607.796051
2023-02-05 00:00:00+00:00,23327.66,23433.33,22743.0,22932.91,4842463016.833934
2023-02-06 00:00:00+00:00,22932.91,23158.25,22628.13,22762.52,6076050768.117038
2023-02-07 00:00:00+00:00,22762.52,23350.25,22745.78,23240.46,7085929136.456849
2023-02-08 00:00:00+00:00,23242.42,23452.0,22665.85,22963.0,6457585647.820655
2023-02-09 00:00:00+00:00,22961.85,23011.39,21688.0,21796.35,9052973327.197163
2023-02-10 00:00:00+00:00,21797.83,21938.16,21451.0,21625.19,7369456394.906654
2023-02-11 00:00:00+00:00,21625.19,21906.32,21599.78,21862.55,3842000897.7975802
2023-02-12 00:00:00+00:00,21862.02,22090.0,21630.0,21783.54,4469822441.4372015
2023-02-13 00:00:00+00:00,21782.37,21894.99,21351.07,21773.97,6404813758.2696295
2023-02-14 00:00:00+00:00,21774.63,22319.08,21532.77,22199.84,7938385476.792084
2023-02-15 00:00:00+00:00,22199.84,24380.0,22047.28,24324.05,8604133693.663172
2023-02-16 00:00:00+00:00,24322.87,25250.0,23505.25,23517.72,11074988148.779009
2023-02-17 00:00:00+00:00,23517.72,25021.11,23339.37,24569.97,11968532252.05733
2023-02-18 00:00:00+00:00,24568.24,24877.0,24430.0,24631.95,5339920389.516133
2023-02-19 00:00:00+00:00,24632.05,25192.0,24192.57,24271.76,7408745406.624344
2023-02-20 00:00:00+00:00,24272.51,25121.23,23840.83,24842.2,8561226688.07291
2023-02-21 00:00:00+00:00,24843.89,25250.0,24148.34,24452.16,9280992344.428871
2023-02-22 00:00:00+00:00,24450.67,24476.05,23574.69,24182.21,9101745945.990707
2023-02-23 00:00:00+00:00,24182.21,24599.59,23608.0,23940.2,9596083721.512953
2023-02-24 00:00:00+00:00,23940.2,24132.35,22841.19,23185.29,8087524100.39044
2023-02-25 00:00:00+00:00,23184.04,23219.13,22722.0,23157.07,4406286300.272117
2023-02-26 00:00:00+00:00,23157.07,23689.99,23059.18,23554.85,4716158181.22559
2023-02-27 00:00:00+00:00,23554.85,23897.99,23106.77,23492.09,6659785788.329373
2023-02-28 00:00:00+00:00,23492.09,23600.0,23020.97,23141.57,6172930936.037334
2023-03-01 00:00:00+00:00,23141.57,24000.0,23020.03,23628.97,7441571085.495408
2023-03-02 00:00:00+00:00,23629.76,23796.93,23195.9,23465.32,5603770010.239548
2023-03-03 00:00:00+00:00,23465.32,23476.95,21971.13,22354.34,7167184765.7436495
2023-03-04 00:00:00+00:00,22354.34,22410.0,22157.08,22346.57,2706422995.680256
2023-03-05 00:00:00+00:00,22346.57,22662.09,22189.22,22430.24,3473011455.1879516
2023-03-06 00:00:00+00:00,22430.24,22602.19,22258.0,22410.0,4569102169.185691
2023-03-07 00:00:00+00:00,22409.41,22557.91,21927.0,22197.96,6517594938.246053
2023-03-08 00:00:00+00:00,22198.56,22287.0,21580.0,21705.44,6641171704.242421
2023-03-09 00:00:00+00:00,21704.37,21834.99,20042.72,20362.22,9403028764.707773
2023-03-10 00:00:00+00:00,20362.21,20367.78,19549.09,20150.69,12344992788.912497
2023-03-11 00:00:00+00:00,20150.69,20686.51,19765.03,20455.73,8651590672.468525
2023-03-12 00:00:00+00:00,20455.73,22150.0,20270.6,21997.11,8982418413.80114
2023-03-13 00:00:00+00:00,21998.05,24500.0,21813.88,24113.48,15824996078.605639
2023-03-14 00:00:00+00:00,24112.27,26386.87,23976.42,24670.41,17465307097.884075
2023-03-15 00:00:00+00:00,24670.41,25196.97,23896.95,24285.66,14291005743.897852
2023-03-16 00:00:00+00:00,24285.66,25167.4,24123.0,24998.78,10847330151.941006
2023-03-17 00:00:00+00:00,24998.78,27756.84,24890.0,27395.13,16476681071.24338
2023-03-18 00:00:00+00:00,27395.13,27724.85,26578.0,26907.49,10135945069.64263
2023-03-19 00:00:00+00:00,26907.49,28390.1,26827.22,27972.87,10264707987.594164
2023-03-20 00:00:00+00:00,27972.87,28472.0,27124.47,27717.01,13300424536.514921
2023-03-21 00:00:00+00:00,27717.01,28438.55,27303.1,28105.47,11760492716.33759
2023-03-22 00:00:00+00:00,28107.81,28868.05,26601.8,27250.97,6272099822.449624
2023-03-23 00:00:00+00:00,27250.97,28750.0,27105.0,28295.41,3591123573.1149583
2023-03-24 00:00:00+00:00,28295.42,28374.3,27000.0,27454.47,2403443392.0273013
2023-03-25 00:00:00+00:00,27454.46,27787.33,27156.09,27462.95,1397227639.2141378
2023-03-26 00:00:00+00:00,27462.96,28194.4,27417.76,27968.05,1380973402.9961205
2023-03-27 00:00:00+00:00,27968.05,28023.86,26508.14,27124.91,2407130888.034605
2023-03-28 00:00:00+00:00,27124.9,27520.0,26631.78,27261.07,2124533606.765556
2023-03-29 00:00:00+00:00,27261.06,28650.0,27240.1,28348.6,2519887866.2111588
2023-03-30 00:00:00+00:00,28348.6,29184.68,27686.0,28028.53,2808471938.6424427
2023-03-31 00:00:00+00:00,28028.53,28656.69,27511.71,28465.36,2203253311.777351
2023-04-01 00:00:00+00:00,28465.36,28819.71,28220.27,28452.73,860804237.452269
2023-04-02 00:00:00+00:00,28452.74,28530.0,27856.43,28171.87,1053600933.0676805
2023-04-03 00:00:00+00:00,28171.87,28500.99,27200.24,27800.0,2214361048.7823668
2023-04-04 00:00:00+00:00,27800.0,28444.44,27662.79,28165.47,1397141464.875036
2023-04-05 00:00:00+00:00,28165.47,28775.0,27805.1,28170.01,1721098539.0660567
2023-04-06 00:00:00+00:00,28170.01,28182.05,27711.0,28033.82,1122713087.5561826
2023-04-07 00:00:00+00:00,28033.83,28100.0,27766.94,27906.33,691323748.9286413
2023-04-08 00:00:00+00:00,27906.34,28154.99,27859.02,27938.38,545324518.6860754
2023-04-09 00:00:00+00:00,27938.38,28530.0,27800.0,28323.76,913915923.6951957
2023-04-10 00:00:00+00:00,28323.76,29770.0,28170.0,29637.34,1955300943.1708305
2023-04-11 00:00:00+00:00,29637.35,30550.0,29590.0,30200.42,2046078278.0821176
2023-04-12 00:00:00+00:00,30200.43,30486.0,29637.4,29888.07,1863497606.1415303
2023-04-13 00:00:00+00:00,29888.07,30595.0,29854.59,30373.84,1571091101.1299672
2023-04-14 00:00:00+00:00,30373.84,31000.0,29966.0,30466.93,2323267494.38023
2023-04-15 00:00:00+00:00,30466.93,30595.6,30202.0,30295.09,772211097.614016
2023-04-16 00:00:00+00:00,30295.1,30549.99,30120.0,30304.65,801322926.1525651
2023-04-17 00:00:00+00:00,30304.66,30316.06,29240.65,29430.27,1675287761.4330356
2023-04-18 00:00:00+00:00,29430.27,30485.0,29096.78,30380.01,1861001491.9786973
2023-04-19 00:00:00+00:00,30380.01,30413.53,28520.0,28797.1,2541283888.303447
2023-04-20 00:00:00+00:00,28797.1,29088.3,28010.0,28243.65,2198854031.424746
2023-04-21 00:00:00+00:00,28243.65,28374.02,27125.0,27262.84,2164667611.9354606
2023-04-22 00:00:00+00:00,27262.84,27882.72,27140.35,27816.85,989379475.3218232
2023-04-23 00:00:00+00:00,27816.85,27816.85,27311.25,27590.6,959389698.7572551
2023-04-24 00:00:00+00:00,27590.59,28000.0,26942.82,27510.93,1458406515.6404214
2023-04-25 00:00:00+00:00,27510.93,28399.99,27192.0,28300.79,1446329375.242731
2023-04-26 00:00:00+00:00,28300.8,30036.0,27235.0,28415.29,3719701461.9091635
2023-04-27 00:00:00+00:00,28415.29,29890.0,28378.86,29472.77,2784859692.3646197
2023-04-28 00:00:00+00:00,29472.77,29599.54,28891.0,29311.7,1590683771.6681979
2023-04-29 00:00:00+00:00,29311.69,29448.88,29031.0,29230.45,599466910.0466621
2023-04-30 00:00:00+00:00,29230.45,29969.39,29079.59,29233.21,1172155267.8761897
2023-05-01 00:00:00+00:00,29233.2,29337.34,27666.95,28068.26,1828221138.9544399
2023-05-02 00:00:00+00:00,28068.26,28879.88,27872.0,28669.86,1441733922.0116444
2023-05-03 00:00:00+00:00,28669.85,29266.66,28113.69,29026.16,1845961218.8432436
2023-05-04 00:00:00+00:00,29026.16,29379.83,28663.64,28838.16,1233816136.1606576
2023-05-05 00:00:00+00:00,28838.16,29677.0,28800.0,29505.61,1709786814.901134
2023-05-06 00:00:00+00:00,29505.6,29820.0,28300.0,28848.2,1429517892.780502
2023-05-07 00:00:00+00:00,28848.19,29138.29,28395.23,28430.1,865838535.326382
2023-05-08 00:00:00+00:00,28430.09,28631.01,27262.0,27668.79,1903052694.6684127
2023-05-09 00:00:00+00:00,27668.8,27818.0,27353.0,27628.27,1106923908.305847
2023-05-10 00:00:00+00:00,27628.28,28331.42,26777.0,27598.75,1971173412.435502
2023-05-11 00:00:00+00:00,27598.74,27630.14,26702.05,26968.62,1295799109.011004
2023-05-12 00:00:00+00:00,26968.61,27091.12,25811.46,26795.01,1777052127.731093
2023-05-13 00:00:00+00:00,26795.01,27045.45,26692.03,26775.28,612062852.0866882
2023-05-14 00:00:00+00:00,26775.27,27200.0,26560.53,26917.62,580801698.0002693
2023-05-15 00:00:00+00:00,26917.61,27663.59,26726.0,27162.14,1104633264.131574
2023-05-16 00:00:00+00:00,27162.15,27296.89,26852.11,27033.84,900273404.6010331
2023-05-17 00:00:00+00:00,27033.85,27500.0,26544.71,27405.61,1159714527.6352634
2023-05-18 00:00:00+00:00,27405.62,27485.33,26361.2,26821.28,1330745572.6946373
2023-05-19 00:00:00+00:00,26821.28,27183.6,26630.0,26880.26,772864757.1633048
2023-05-20 00:00:00+00:00,26880.26,27150.0,26825.11,27102.43,389225653.7451669
2023-05-21 00:00:00+00:00,27102.42,27277.55,26666.03,26747.78,575213570.2794422
2023-05-22 00:00:00+00:00,26747.78,27099.89,26538.21,26849.27,709594996.7242744
2023-05-23 00:00:00+00:00,26849.28,27495.83,26798.11,27219.61,1054565781.6023751
2023-05-24 00:00:00+00:00,27219.61,27219.61,26080.5,26329.01,1442636235.4543552
2023-05-25 00:00:00+00:00,26329.0,26631.98,25871.89,26473.79,984117789.7017612
2023-05-26 00:00:00+00:00,26473.8,26932.16,26327.24,26705.92,932817724.59401
2023-05-27 00:00:00+00:00,26705.93,26895.0,26551.0,26854.27,403337263.0344908
2023-05-28 00:00:00+00:00,26854.28,28261.32,26764.36,28065.0,1205762341.9704952
2023-05-29 00:00:00+00:00,28065.01,28447.14,27524.6,27736.4,1182678581.634669
2023-05-30 00:00:00+00:00,27736.39,28038.59,27554.0,27694.4,908653906.0072742
2023-05-31 00:00:00+00:00,27694.39,27835.51,26839.01,27210.35,1265952178.7798684
2023-06-01 00:00:00+00:00,27210.36,27350.0,26605.05,26817.93,1055132509.8658342
2023-06-02 00:00:00+00:00,26817.93,27300.0,26505.0,27242.59,983857061.6408418
2023-06-03 00:00:00+00:00,27242.59,27333.29,26914.93,27069.22,450588672.4704081
2023-06-04 00:00:00+00:00,27069.22,27455.02,26951.0,27115.21,523747237.4389696
2023-06-05 00:00:00+00:00,27115.2,27129.33,25388.0,25728.2,1722665798.0920303
2023-06-06 00:00:00+00:00,25728.2,27355.33,25351.02,27230.08,1797636024.0812125
2023-06-07 00:00:00+00:00,27230.07,27391.77,26125.01,26339.34,1589291467.5372329
2023-06-08 00:00:00+00:00,26339.34,26810.0,26210.0,26498.61,823023638.236875
2023-06-09 00:00:00+00:00,26498.62,26783.33,26269.91,26477.81,741158215.0539023
2023-06-10 00:00:00+00:00,26477.8,26533.87,25358.0,25841.21,1673795235.4008923
2023-06-11 00:00:00+00:00,25841.22,26206.88,25634.7,25925.55,776111471.8669971
2023-06-12 00:00:00+00:00,25925.54,26106.48,25602.11,25905.19,773303698.8633221
2023-06-13 00:00:00+00:00,25905.2,26433.21,25712.57,25934.25,1068985236.5126554
2023-06-14 00:00:00+00:00,25934.24,26098.0,24820.56,25128.6,1152808416.919793
2023-06-15 00:00:00+00:00,25128.6,25759.01,24800.0,25598.49,1224436974.8502872
2023-06-16 00:00:00+00:00,25598.49,26518.0,25175.56,26345.0,1335158158.639614
2023-06-17 00:00:00+00:00,26345.01,26839.99,26181.0,26516.99,738491809.8811625
2023-06-18 00:00:00+00:00,26516.99,26700.0,26255.85,26339.97,571013013.8553362
2023-06-19 00:00:00+00:00,26339.98,27068.09,26256.61,26844.35,954193987.2948112
2023-06-20 00:00:00+00:00,26844.35,28402.74,26652.0,28307.99,1912797983.5310054
2023-06-21 00:00:00+00:00,28308.0,30800.0,28257.99,29993.89,3210301129.366291
2023-06-22 00:00:00+00:00,29993.89,30500.0,29525.61,29884.92,1775822103.7632556
2023-06-23 00:00:00+00:00,29884.92,31431.94,29800.0,30688.5,2265077496.195469
2023-06-24 00:00:00+00:00,30688.51,30800.0,30250.0,30527.43,933244397.7040021
2023-06-25 00:00:00+00:00,30527.44,31046.01,30277.49,30462.66,926316644.4167665
2023-06-26 00:00:00+00:00,30462.67,30666.0,29930.0,30267.99,1367837657.5451825
2023-06-27 00:00:00+00:00,30267.99,30994.97,30226.17,30692.44,1306206257.0193572
2023-06-28 00:00:00+00:00,30692.44,30709.74,29858.8,30077.41,1224103637.6132562
2023-06-29 00:00:00+00:00,30077.4,30843.98,30049.98,30447.31,1107940389.9242406
2023-06-30 00:00:00+00:00,30447.31,31282.0,29500.0,30472.0,2726355505.5063505
2023-07-01 00:00:00+00:00,30471.99,30661.6,30320.57,30585.9,533859338.1325383
2023-07-02 00:00:00+00:00,30585.9,30791.0,30155.0,30617.03,711031423.4334425
2023-07-03 00:00:00+00:00,30617.02,31380.0,30570.27,31156.2,1352635339.5043936
2023-07-04 00:00:00+00:00,31156.2,31350.69,30620.0,30766.51,1028794008.5245212
2023-07-05 00:00:00+00:00,30766.52,30878.07,30200.0,30504.81,1013694790.3170501
2023-07-06 00:00:00+00:00,30504.8,31500.0,29850.45,29895.43,2181763648.99527
2023-07-07 00:00:00+00:00,29895.42,30449.0,29701.02,30344.7,1027461795.2332091
2023-07-08 00:00:00+00:00,30344.7,30386.81,30044.47,30284.63,395759717.5724278
2023-07-09 00:00:00+00:00,30284.63,30445.52,30061.12,30160.71,465781514.2589476
2023-07-10 00:00:00+00:00,30160.71,31045.78,29950.0,30411.57,1254289037.7420728
2023-07-11 00:00:00+00:00,30411.57,30813.63,30300.0,30622.1,868966244.2412692
2023-07-12 00:00:00+00:00,30622.1,30983.25,30210.0,30380.0,1166497472.433173
2023-07-13 00:00:00+00:00,30380.0,31804.2,30251.0,31454.23,2194927210.224416
2023-07-14 00:00:00+00:00,31454.23,31630.0,29900.0,30312.01,1869443273.7476244
2023-07-15 00:00:00+00:00,30312.0,30390.9,30200.0,30289.52,427921094.3021783
2023-07-16 00:00:00+00:00,30289.52,30441.46,30064.29,30231.99,477189328.0072937
2023-07-17 00:00:00+00:00,30232.0,30336.96,29659.2,30138.0,929647644.243343
2023-07-18 00:00:00+00:00,30138.01,30239.78,29512.0,29859.13,897157095.4774112
2023-07-19 00:00:00+00:00,29859.14,30189.09,29761.96,29909.21,769254865.2851151
2023-07-20 00:00:00+00:00,29909.21,30417.46,29570.96,29800.0,1125950643.7116494
2023-07-21 00:00:00+00:00,29800.0,30061.7,29726.34,29901.72,713123417.7612139
2023-07-22 00:00:00+00:00,29901.72,29999.0,29625.1,29794.0,437785700.3396102
2023-07-23 00:00:00+00:00,29793.99,30350.0,29730.0,30083.75,548940321.0915866
2023-07-24 00:00:00+00:00,30083.75,30099.58,28861.9,29176.5,1162562413.8190155
2023-07-25 00:00:00+00:00,29176.5,29376.0,29047.65,29228.91,629531351.1145664
2023-07-26 00:00:00+00:00,29228.91,29690.0,29096.94,29351.96,995569172.1396836
2023-07-27 00:00:00+00:00,29351.95,29567.49,29083.85,29222.78,659594157.3443576
2023-07-28 00:00:00+00:00,29222.78,29542.22,29123.12,29314.14,702705076.837866
2023-07-29 00:00:00+00:00,29314.14,29406.92,29256.18,29352.9,318276733.8766431
2023-07-30 00:00:00+00:00,29352.9,29449.0,29033.24,29281.09,459830379.6509824
2023-07-31 00:00:00+00:00,29281.09,29530.0,29101.8,29232.25,663025204.2072346
2023-08-01 00:00:00+00:00,29232.26,29739.25,28585.7,29705.99,1299160215.077924
2023-08-02 00:00:00+00:00,29705.99,30047.5,28927.5,29186.01,1419729744.649752
2023-08-03 00:00:00+00:00,29186.0,29433.33,28968.0,29193.64,773302705.4947629
2023-08-04 00:00:00+00:00,29193.65,29333.08,28807.54,29113.99,686643453.3930904
2023-08-05 00:00:00+00:00,29114.0,29152.23,28978.64,29072.13,338478560.1218247
2023-08-06 00:00:00+00:00,29072.13,29205.09,28991.88,29088.42,383209498.8777505
2023-08-07 00:00:00+00:00,29088.43,29276.78,28701.03,29211.06,899492595.6812717
2023-08-08 00:00:00+00:00,29211.06,30244.0,29146.45,29770.42,1352934531.6659672
2023-08-09 00:00:00+00:00,29770.41,30160.0,29376.67,29581.99,1130396850.0974114
2023-08-10 00:00:00+00:00,29581.99,29738.0,29320.2,29455.75,692863472.0877249
2023-08-11 00:00:00+00:00,29455.76,29564.52,29252.45,29426.03,607176051.3015367
2023-08-12 00:00:00+00:00,29426.02,29481.35,29381.56,29430.17,263949405.5434029
2023-08-13 00:00:00+00:00,29430.18,29474.65,29272.32,29303.84,326264625.2296824
2023-08-14 00:00:00+00:00,29303.85,29695.32,29102.45,29430.93,924613476.681799
2023-08-15 00:00:00+00:00,29430.92,29499.26,29059.6,29200.0,806683957.3100156
2023-08-16 00:00:00+00:00,29200.01,29259.85,28723.08,28730.51,959870747.0063142
2023-08-17 00:00:00+00:00,28730.51,28783.48,25166.0,26623.41,2755821274.340605
2023-08-18 00:00:00+00:00,26623.41,26832.6,25619.0,26054.0,1834219523.699404
2023-08-19 00:00:00+00:00,26054.0,26281.0,25801.09,26100.01,680623880.8247554
2023-08-20 00:00:00+00:00,26100.01,26299.0,25971.05,26189.99,497880752.2301158
2023-08-21 00:00:00+00:00,26190.0,26258.42,25812.0,26126.92,788205156.3215925
2023-08-22 00:00:00+00:00,26126.92,26139.42,25300.0,26056.0,886782344.1602929
2023-08-23 00:00:00+00:00,26055.99,26819.27,25812.82,26432.72,1156326251.922411
2023-08-24 00:00:00+00:00,26432.71,26577.87,25864.0,26180.05,792966965.8982658
2023-08-25 00:00:00+00:00,26180.05,26314.05,25777.15,26060.01,722611079.1898074
2023-08-26 00:00:00+00:00,26060.0,26125.77,25985.92,26017.37,261041530.4758038
2023-08-27 00:00:00+00:00,26017.38,26182.23,25966.11,26101.77,315548363.0193776
2023-08-28 00:00:00+00:00,26101.78,26253.99,25864.5,26120.0,591008939.17657
2023-08-29 00:00:00+00:00,26120.0,28142.85,25922.0,27716.34,2023326050.758479
2023-08-30 00:00:00+00:00,27716.34,27768.57,27017.24,27299.99,969086451.1625257
2023-08-31 00:00:00+00:00,27299.99,27587.51,25655.01,25940.78,1360373186.0116708
2023-09-01 00:00:00+00:00,25940.77,26156.0,25333.75,25805.05,1059444591.7097493
2023-09-02 00:00:00+00:00,25805.04,25987.5,25752.47,25869.51,419812969.9468598
2023-09-03 00:00:00+00:00,25869.52,26135.0,25800.0,25971.21,453100690.1021077
2023-09-04 00:00:00+00:00,25971.21,26108.02,25631.21,25826.02,563532890.5699993
2023-09-05 00:00:00+00:00,25826.03,25915.49,25562.62,25792.1,548893707.6002005
2023-09-06 00:00:00+00:00,25792.11,26040.0,25372.51,25759.95,700763180.8011677
2023-09-07 00:00:00+00:00,25759.95,26443.14,25615.38,26255.0,718923008.9071183
2023-09-08 00:00:00+00:00,26255.0,26445.5,25647.26,25910.5,754184537.1096923
2023-09-09 00:00:00+00:00,25910.5,25945.09,25796.64,25901.61,284109473.8075783
2023-09-10 00:00:00+00:00,25901.6,26033.66,25570.57,25841.61,483577459.2055345
2023-09-11 00:00:00+00:00,25841.6,25900.69,24901.0,25162.52,1057371884.6697066
2023-09-12 00:00:00+00:00,25162.53,26567.0,25131.48,25840.1,1464393036.9616623
2023-09-13 00:00:00+00:00,25840.1,26405.22,25764.17,26222.0,825437881.4687591
2023-09-14 00:00:00+00:00,26222.0,26860.49,26126.77,26522.73,1015267319.7730227
2023-09-15 00:00:00+00:00,26522.73,26888.0,26224.0,26600.0,695203258.0004445
2023-09-16 00:00:00+00:00,26599.99,26777.0,26445.0,26559.67,370889866.4592735
2023-09-17 00:00:00+00:00,26559.67,26623.25,26399.0,26527.51,344703727.5601071
2023-09-18 00:00:00+00:00,26527.5,27409.0,26377.35,26762.51,1158780347.625305
2023-09-19 00:00:00+00:00,26762.5,27483.57,26667.79,27210.26,981539255.55962
2023-09-20 00:00:00+00:00,27210.25,27388.63,26800.0,27125.0,927206075.9626273
2023-09-21 00:00:00+00:00,27125.01,27159.6,26377.7,26568.08,920768143.3513128
2023-09-22 00:00:00+00:00,26568.08,26743.38,26468.77,26580.14,484331618.9485319
2023-09-23 00:00:00+00:00,26580.14,26632.81,26509.0,26575.96,250873957.3886738
2023-09-24 00:00:00+00:00,26575.97,26738.54,26122.08,26248.38,416368301.3736848
2023-09-25 00:00:00+00:00,26248.39,26446.15,25990.46,26304.81,688252596.3809944
2023-09-26 00:00:00+00:00,26304.8,26397.46,26088.34,26221.67,485217905.0421048
2023-09-27 00:00:00+00:00,26221.68,26850.0,26112.06,26372.99,918797815.048481
2023-09-28 00:00:00+00:00,26373.0,27308.48,26342.4,27021.39,1193420040.1309185
2023-09-29 00:00:00+00:00,27021.39,27244.89,26665.16,26906.96,767827314.9319088
2023-09-30 00:00:00+00:00,26906.96,27094.99,26886.31,26962.56,345406056.6806953
2023-10-01 00:00:00+00:00,26962.57,28065.51,26954.09,27992.57,674657121.9944204
2023-10-02 00:00:00+00:00,27992.58,28580.0,27281.44,27494.51,1600944483.4902065
2023-10-03 00:00:00+00:00,27494.51,27676.52,27160.5,27426.46,794301815.426502
2023-10-04 00:00:00+00:00,27426.45,27839.72,27202.0,27778.57,820421385.2557853
2023-10-05 00:00:00+00:00,27778.57,28120.39,27352.0,27410.39,849415594.0472504
2023-10-06 00:00:00+00:00,27410.39,28295.0,27175.94,27931.09,1052864393.8176135
2023-10-07 00:00:00+00:00,27931.1,28029.67,27842.08,27956.67,372820279.523143
2023-10-08 00:00:00+00:00,27956.67,28095.14,27687.5,27917.05,549839951.4800811
2023-10-09 00:00:00+00:00,27917.06,27987.93,27260.0,27590.12,870014634.3621609
2023-10-10 00:00:00+00:00,27590.12,27735.0,27298.0,27390.12,626258724.2775784
2023-10-11 00:00:00+00:00,27390.12,27477.39,26538.66,26875.52,1007065585.9346406
2023-10-12 00:00:00+00:00,26875.52,26947.04,26555.0,26759.63,626909068.3868717
2023-10-13 00:00:00+00:00,26759.63,27130.0,26685.0,26862.0,647553796.3580662
2023-10-14 00:00:00+00:00,26862.0,26989.58,26789.0,26852.48,280059019.0534013
2023-10-15 00:00:00+00:00,26852.48,27293.33,26808.25,27154.15,412673965.3439348
2023-10-16 00:00:00+00:00,27154.14,30000.0,27112.66,28500.78,2210785548.2360964
2023-10-17 00:00:00+00:00,28500.77,28613.65,28069.32,28395.91,1090741746.4830873
2023-10-18 00:00:00+00:00,28395.91,28982.36,28142.87,28320.0,914773525.1527581
2023-10-19 00:00:00+00:00,28320.0,28916.89,28100.66,28713.71,1023984017.0322788
2023-10-20 00:00:00+00:00,28713.71,30207.55,28578.29,29669.04,1753411192.551091
2023-10-21 00:00:00+00:00,29669.05,30379.99,29464.77,29909.8,821964508.4353629
2023-10-22 00:00:00+00:00,29909.8,30248.0,29640.0,29992.46,683854827.8969322
2023-10-23 00:00:00+00:00,29992.46,34741.91,29883.6,33069.99,2941620022.8651876
2023-10-24 00:00:00+00:00,33069.99,35280.0,32832.34,33922.73,3933194868.161196
2023-10-25 00:00:00+00:00,33922.73,35132.85,33679.05,34496.05,1888210825.6063828
2023-10-26 00:00:00+00:00,34496.05,34824.13,33751.0,34151.66,1363077907.10912
2023-10-27 00:00:00+00:00,34151.66,34245.0,33390.95,33892.02,1096889423.419842
2023-10-28 00:00:00+00:00,33892.01,34493.33,33860.0,34081.0,575936523.347353
2023-10-29 00:00:00+00:00,34081.01,34750.11,33930.0,34525.89,711652985.1790963
2023-10-30 00:00:00+00:00,34525.88,34856.0,34062.84,34474.73,1159771907.6421053
2023-10-31 00:00:00+00:00,34474.74,34720.49,34025.0,34639.77,1125442444.4884882
2023-11-01 00:00:00+00:00,34639.78,35582.0,34097.39,35421.43,1856348820.4794536
2023-11-02 00:00:00+00:00,35421.43,35984.99,34300.0,34941.59,1686141698.092171
2023-11-03 00:00:00+00:00,34941.58,34946.5,34120.0,34716.78,1347962831.5658624
2023-11-04 00:00:00+00:00,34716.78,35255.0,34585.18,35062.07,639958598.4198353
2023-11-05 00:00:00+00:00,35062.06,35380.0,34448.0,35011.88,859350974.0014893
2023-11-06 00:00:00+00:00,35011.89,35276.33,34725.9,35046.09,782427702.2653205
2023-11-07 00:00:00+00:00,35046.09,35888.0,34523.06,35399.12,1358031361.1978526
2023-11-08 00:00:00+00:00,35399.13,36106.0,35100.0,35624.72,1185492160.4927278
2023-11-09 00:00:00+00:00,35624.72,37972.24,35534.05,36701.09,3033417922.7826815
2023-11-10 00:00:00+00:00,36701.1,37526.0,36324.71,37301.63,1605069174.5241032
2023-11-11 00:00:00+00:00,37301.63,37408.26,36666.93,37130.0,851924612.7339427
2023-11-12 00:00:00+00:00,37129.99,37222.22,36731.1,37064.13,655570813.1382711
2023-11-13 00:00:00+00:00,37064.13,37417.99,36333.0,36462.93,1208037462.3041444
2023-11-14 00:00:00+00:00,36462.93,36744.0,34800.0,35551.19,1639130785.08681
2023-11-15 00:00:00+00:00,35551.2,37980.0,35360.0,37858.2,1963249656.5094738
2023-11-16 00:00:00+00:00,37858.2,37929.54,35500.0,36163.51,1744503339.0151725
2023-11-17 00:00:00+00:00,36163.51,36800.0,35861.1,36613.92,1391225051.1923273
2023-11-18 00:00:00+00:00,36613.91,36845.49,36178.58,36568.1,624434069.5256634
2023-11-19 00:00:00+00:00,36568.11,37500.0,36384.02,37359.86,781531839.4371592
2023-11-20 00:00:00+00:00,37359.85,37750.0,36677.0,37448.78,1343722642.386475
2023-11-21 00:00:00+00:00,37448.79,37649.44,35735.0,35741.65,1756747495.9818547
2023-11-22 00:00:00+00:00,35741.65,37861.1,35632.01,37408.34,1657141022.427348
2023-11-23 00:00:00+00:00,37408.35,37653.44,36870.0,37294.28,888826648.8541473
2023-11-24 00:00:00+00:00,37294.27,38414.0,37251.51,37713.57,1688715728.079148
2023-11-25 00:00:00+00:00,37713.57,37888.0,37591.1,37780.67,430165251.7609749
2023-11-26 00:00:00+00:00,37780.67,37814.63,37150.0,37447.43,797321193.5893991
2023-11-27 00:00:00+00:00,37447.42,37569.23,36707.0,37242.7,1112557435.2767923
2023-11-28 00:00:00+00:00,37242.7,38377.0,36868.41,37818.87,1414360251.6823456
2023-11-29 00:00:00+00:00,37818.88,38450.0,37570.0,37854.64,1252586505.66259
2023-11-30 00:00:00+00:00,37854.65,38145.85,37500.0,37723.96,934491058.9608141
2023-12-01 00:00:00+00:00,37723.97,38999.0,37615.86,38682.52,1669750777.6239815
2023-12-02 00:00:00+00:00,38682.51,39717.14,38641.61,39450.35,1043421976.7660652
2023-12-03 00:00:00+00:00,39450.35,40250.0,39274.86,39972.26,1059860641.0494444
2023-12-04 00:00:00+00:00,39972.26,42420.0,39972.26,41991.1,3285736844.1408806
2023-12-05 00:00:00+00:00,41991.1,44488.0,41414.0,44073.32,2890205389.4901266
2023-12-06 00:00:00+00:00,44073.82,44297.21,43335.28,43762.69,2256979505.594805
2023-12-07 00:00:00+00:00,43762.69,44047.33,42821.1,43273.14,2046945851.8836446
2023-12-08 00:00:00+00:00,43273.15,44700.0,43081.1,44170.99,1875581755.4469104
2023-12-09 00:00:00+00:00,44171.0,44358.02,43584.51,43713.6,1096487106.5648339
2023-12-10 00:00:00+00:00,43713.59,44049.0,43563.0,43789.51,830485162.5569535
2023-12-11 00:00:00+00:00,43789.5,43804.5,40222.0,41253.4,3205540835.511434
2023-12-12 00:00:00+00:00,41253.41,42104.12,40680.0,41492.39,1773961284.3375635
2023-12-13 00:00:00+00:00,41492.38,43475.2,40555.0,42869.03,1919703389.4848804
2023-12-14 00:00:00+00:00,42869.03,43420.0,41400.0,43022.26,1798740625.30166
2023-12-15 00:00:00+00:00,43022.26,43080.81,41666.0,41940.3,1416898938.509979
2023-12-16 00:00:00+00:00,41940.29,42724.43,41605.0,42278.03,1020469627.8857331
2023-12-17 00:00:00+00:00,42278.02,42424.07,41252.0,41374.65,1161963642.9627964
2023-12-18 00:00:00+00:00,41374.64,42757.81,40542.93,42657.8,1936003306.0825727
2023-12-19 00:00:00+00:00,42657.8,43497.0,41811.1,42275.99,1747830242.4615936
2023-12-20 00:00:00+00:00,42275.99,44283.0,42206.0,43668.93,2115813869.779619
2023-12-21 00:00:00+00:00,43668.92,44242.35,43286.72,43861.8,1514529919.1877797
2023-12-22 00:00:00+00:00,43861.79,44398.26,43412.54,43969.04,1436074497.5128598
2023-12-23 00:00:00+00:00,43969.04,43988.68,43291.1,43702.16,722943825.3332176
2023-12-24 00:00:00+00:00,43702.15,43946.0,42500.0,42991.5,1093460634.8894227
2023-12-25 00:00:00+00:00,42991.5,43802.32,42720.43,43576.13,1172053386.5109816
2023-12-26 00:00:00+00:00,43576.12,43592.68,41637.6,42508.93,1746333612.304945
2023-12-27 00:00:00+00:00,42508.93,43677.0,42098.69,43428.85,1554082990.052276
2023-12-28 00:00:00+00:00,43428.86,43787.57,42241.79,42563.76,1508408742.378081
2023-12-29 00:00:00+00:00,42563.76,43111.0,41300.0,42066.95,1803086285.2465775
2023-12-30 00:00:00+00:00,42066.94,42612.32,41520.3,42140.28,964875790.984935
2023-12-31 00:00:00+00:00,42140.29,42899.0,41965.84,42283.58,1001519241.5559053
2024-01-01 00:00:00+00:00,42283.58,44184.1,42180.77,44179.55,1169995682.0280013
2024-01-02 00:00:00+00:00,44179.55,45879.63,44148.34,44946.91,2944331821.8230762
2024-01-03 00:00:00+00:00,44946.91,45500.0,40750.0,42845.23,3507104563.744232
2024-01-04 00:00:00+00:00,42845.23,44729.58,42613.77,44151.1,2095095359.4936347
2024-01-05 00:00:00+00:00,44151.1,44357.46,42450.0,44145.11,2100953924.3687155
2024-01-06 00:00:00+00:00,44145.12,44214.42,43397.05,43968.32,781212883.4916061
2024-01-07 00:00:00+00:00,43968.32,44480.59,43572.09,43929.02,1014635096.1241482
2024-01-08 00:00:00+00:00,43929.01,47248.99,43175.0,46951.04,3298772150.6815076
2024-01-09 00:00:00+00:00,46951.04,47972.0,44748.67,46110.0,3251442072.8083963
2024-01-10 00:00:00+00:00,46110.0,47695.93,44300.36,46653.99,4123809481.712767
2024-01-11 00:00:00+00:00,46654.0,48969.48,45606.06,46339.16,4105139605.028302
2024-01-12 00:00:00+00:00,46339.16,46515.53,41500.0,42782.73,3827483735.576057
2024-01-13 00:00:00+00:00,42782.74,43257.0,42436.12,42847.99,1547370611.5531662
2024-01-14 00:00:00+00:00,42847.99,43079.0,41720.0,41732.35,1202212782.257693
2024-01-15 00:00:00+00:00,41732.35,43400.43,41718.05,42511.1,1718982911.1081028
2024-01-16 00:00:00+00:00,42511.1,43578.01,42050.0,43137.95,1931947150.05907
2024-01-17 00:00:00+00:00,43137.94,43198.0,42200.69,42776.1,1419888430.9228892
2024-01-18 00:00:00+00:00,42776.09,42930.0,40683.28,41327.5,1839426541.263579
2024-01-19 00:00:00+00:00,41327.51,42196.86,40280.0,41659.03,1993846466.5387518
2024-01-20 00:00:00+00:00,41659.03,41872.56,41456.3,41696.04,662768008.1509343
2024-01-21 00:00:00+00:00,41696.05,41881.39,41500.98,41580.33,489151571.0309043
2024-01-22 00:00:00+00:00,41580.32,41689.65,39431.58,39568.02,2247452153.7954326
2024-01-23 00:00:00+00:00,39568.02,40176.74,38555.0,39897.6,2275851990.6468267
2024-01-24 00:00:00+00:00,39897.59,40555.0,39484.19,40084.88,1569704923.8307493
2024-01-25 00:00:00+00:00,40084.89,40300.24,39550.0,39961.09,1238813296.1526136
2024-01-26 00:00:00+00:00,39961.09,42246.82,39822.52,41823.51,1951700659.289807
2024-01-27 00:00:00+00:00,41823.51,42200.0,41394.34,42120.63,678418702.3509445
2024-01-28 00:00:00+00:00,42120.63,42842.68,41620.81,42031.06,1154365891.6682587
2024-01-29 00:00:00+00:00,42031.05,43333.0,41804.88,43302.7,1343462280.3618684
2024-01-30 00:00:00+00:00,43302.71,43882.36,42683.99,42941.1,1633251085.6713595
2024-01-31 00:00:00+00:00,42941.1,43745.11,42276.84,42580.0,1711665577.0530825
2024-02-01 00:00:00+00:00,42580.0,43285.13,41884.28,43082.94,1497121440.6440022
2024-02-02 00:00:00+00:00,43082.95,43488.0,42546.79,43200.0,1277919437.2905612
2024-02-03 00:00:00+00:00,43199.99,43380.01,42880.0,43011.09,518775350.0336009
2024-02-04 00:00:00+00:00,43011.1,43119.04,42222.0,42582.88,730999557.7083682
2024-02-05 00:00:00+00:00,42582.88,43569.76,42258.1,42708.7,1262620640.5407174
2024-02-06 00:00:00+00:00,42708.7,43399.98,42574.0,43098.95,1061049582.6002767
2024-02-07 00:00:00+00:00,43098.96,44396.5,42788.0,44349.6,1496013692.382922
2024-02-08 00:00:00+00:00,44349.6,45614.3,44331.1,45288.65,2042912128.1517665
2024-02-09 00:00:00+00:00,45288.66,48200.0,45242.12,47132.77,3453043306.4209757
2024-02-10 00:00:00+00:00,47132.78,48170.0,46800.0,47751.09,1176079377.6922762
2024-02-11 00:00:00+00:00,47751.08,48592.66,47557.16,48299.99,1443314885.7714052
2024-02-12 00:00:00+00:00,48300.0,50334.82,47710.01,49917.27,2898220863.0181804
2024-02-13 00:00:00+00:00,49917.28,50368.61,48300.95,49699.59,2745025370.067447
2024-02-14 00:00:00+00:00,49699.6,52043.71,49225.01,51795.17,2919604456.723313
2024-02-15 00:00:00+00:00,51795.17,52816.62,51314.0,51880.0,2802825737.9920154
2024-02-16 00:00:00+00:00,51880.01,52572.08,51566.0,52124.11,1965003863.9713342
2024-02-17 00:00:00+00:00,52124.1,52162.82,50625.0,51642.64,1319908544.979089
2024-02-18 00:00:00+00:00,51642.64,52377.0,51163.28,52137.67,1139209588.4334626
2024-02-19 00:00:00+00:00,52137.68,52488.77,51677.0,51774.73,1539600521.6007729
2024-02-20 00:00:00+00:00,51774.74,52985.0,50760.37,52258.82,2574874999.3787174
2024-02-21 00:00:00+00:00,52258.82,52366.8,50625.0,51849.39,2210278288.725095
2024-02-22 00:00:00+00:00,51849.38,52065.78,50940.78,51288.42,1820949707.158534
2024-02-23 00:00:00+00:00,51288.42,51548.54,50521.0,50744.15,1559143576.8296163
2024-02-24 00:00:00+00:00,50744.15,51698.0,50585.0,51568.22,847793393.571868
2024-02-25 00:00:00+00:00,51568.21,51958.55,51279.8,51728.85,966951114.4504629
2024-02-26 00:00:00+00:00,51728.85,54910.0,50901.44,54476.47,2710403072.980595
2024-02-27 00:00:00+00:00,54476.48,57588.15,54450.13,57037.34,3795949115.2249317
2024-02-28 00:00:00+00:00,57037.35,64000.0,56691.85,62432.1,7162581994.48574
2024-02-29 00:00:00+00:00,62432.11,63676.35,60364.7,61130.98,4872212871.27608
2024-03-01 00:00:00+00:00,61130.99,63114.23,60777.0,62387.9,2956537377.9660296
2024-03-02 00:00:00+00:00,62387.9,62433.19,61561.12,61987.28,1582566973.834093
2024-03-03 00:00:00+00:00,61987.28,63231.88,61320.0,63113.97,1804536272.9443457
2024-03-04 00:00:00+00:00,63113.97,68499.0,62300.0,68245.71,5568877537.081252
2024-03-05 00:00:00+00:00,68245.71,69000.0,59005.0,63724.01,8674526591.287142
2024-03-06 00:00:00+00:00,63724.01,67641.1,62779.14,66074.04,5197743036.597276
2024-03-07 00:00:00+00:00,66074.04,67980.0,65551.0,66823.17,3548088039.2736087
2024-03-08 00:00:00+00:00,66823.18,69990.0,66082.66,68124.19,5044395324.399055
2024-03-09 00:00:00+00:00,68124.2,68541.1,67861.1,68313.27,1355964036.9092987
2024-03-10 00:00:00+00:00,68313.28,69887.61,68094.75,68955.88,2659307501.0945783
2024-03-11 00:00:00+00:00,68955.88,72800.0,67024.96,72078.1,5352704377.618805
2024-03-12 00:00:00+00:00,72078.1,73000.0,68620.82,71452.01,4909667978.559339
2024-03-13 00:00:00+00:00,71452.0,73650.25,71333.31,73072.41,3829764501.253793
2024-03-14 00:00:00+00:00,73072.4,73777.0,68555.0,71388.94,5132189849.096632
2024-03-15 00:00:00+00:00,71388.94,72419.71,65600.0,69499.85,7065279917.872112
2024-03-16 00:00:00+00:00,69499.84,70043.0,64780.0,65300.63,3788544202.8848557
2024-03-17 00:00:00+00:00,65300.64,68904.4,64533.0,68393.48,3322963634.2425127
2024-03-18 00:00:00+00:00,68393.47,68956.0,66565.2,67609.99,3768277912.418918
2024-03-19 00:00:00+00:00,67610.0,68124.11,61555.0,61937.4,6484805948.535393
2024-03-20 00:00:00+00:00,61937.41,68100.0,60775.0,67840.51,5769770052.062583
2024-03-21 00:00:00+00:00,67840.51,68240.47,64529.01,65501.27,3551223142.964417
2024-03-22 00:00:00+00:00,65501.28,66649.62,62260.0,63796.64,3310481978.1076455
2024-03-23 00:00:00+00:00,63796.64,65999.0,63000.0,63990.01,1706152172.6316135
2024-03-24 00:00:00+00:00,63990.02,67628.69,63772.29,67209.99,2059312948.6486874
2024-03-25 00:00:00+00:00,67210.0,71150.0,66385.06,69880.01,3679964073.8112125
2024-03-26 00:00:00+00:00,69880.0,71561.1,69280.0,69988.0,2738537345.33588
2024-03-27 00:00:00+00:00,69987.99,71769.54,68359.18,69469.99,3426458581.943343
2024-03-28 00:00:00+00:00,69469.99,71552.06,68903.62,70780.6,2500571208.0026274
2024-03-29 00:00:00+00:00,70780.6,70916.16,69009.0,69850.54,1779608477.3224537
2024-03-30 00:00:00+00:00,69850.53,70321.1,69540.0,69582.18,954555919.6855745
2024-03-31 00:00:00+00:00,69582.17,71366.0,69562.99,71280.01,1367523707.261245
2024-04-01 00:00:00+00:00,71280.0,71288.23,68062.86,69649.8,2876486469.465523
2024-04-02 00:00:00+00:00,69649.81,69674.23,64550.0,65463.99,4750030717.922425
2024-04-03 00:00:00+00:00,65463.99,66903.63,64493.07,65963.28,2630556596.1359286
2024-04-04 00:00:00+00:00,65963.27,69309.91,65064.52,68487.79,2795469450.572386
2024-04-05 00:00:00+00:00,68487.8,68756.67,65952.56,67820.62,2555458935.236009
2024-04-06 00:00:00+00:00,67820.63,69692.0,67447.83,68896.0,1373131967.7648187
2024-04-07 00:00:00+00:00,68896.0,70326.29,68824.0,69360.39,1496213373.1855776
2024-04-08 00:00:00+00:00,69360.38,72797.99,69043.24,71620.0,3270853309.6629424
2024-04-09 00:00:00+00:00,71620.0,71758.19,68210.0,69146.0,2749007421.6421075
2024-04-10 00:00:00+00:00,69146.0,71172.08,67518.0,70631.08,2901564970.815804
2024-04-11 00:00:00+00:00,70631.08,71305.89,69567.21,70006.23,2247473274.6162577
2024-04-12 00:00:00+00:00,70006.22,71227.46,65086.86,67116.52,3843551585.3212748
2024-04-13 00:00:00+00:00,67116.52,67929.0,60660.57,63924.51,4614468627.809045
2024-04-14 00:00:00+00:00,63924.52,65840.0,62134.0,65661.84,3946124834.6970353
2024-04-15 00:00:00+00:00,65661.85,66867.07,62274.4,63419.99,3398072231.5612235
2024-04-16 00:00:00+00:00,63419.99,64365.0,61600.0,63793.39,3355338198.4469132
2024-04-17 00:00:00+00:00,63793.4,64499.0,59678.16,61277.37,3128625247.4738536
2024-04-18 00:00:00+00:00,61277.38,64117.09,60803.35,63470.08,2726741448.886802
2024-04-19 00:00:00+00:00,63470.09,65450.0,59600.01,63818.01,4419893235.183288
2024-04-20 00:00:00+00:00,63818.01,65419.0,63090.07,64940.59,1486949581.439479
2024-04-21 00:00:00+00:00,64940.58,65695.56,64237.5,64941.15,1254396628.1531765
2024-04-22 00:00:00+00:00,64941.15,67232.35,64500.0,66819.32,2071690434.976552
2024-04-23 00:00:00+00:00,66819.32,67183.01,65765.81,66414.0,1502139968.7198818
2024-04-24 00:00:00+00:00,66414.0,67070.43,63606.06,64289.59,2195714861.6576557
2024-04-25 00:00:00+00:00,64289.58,65297.94,62794.0,64498.34,2007704069.2622728
2024-04-26 00:00:00+00:00,64498.33,64820.01,63297.48,63770.01,1736631357.3537388
2024-04-27 00:00:00+00:00,63770.0,63923.41,62391.24,63461.98,1320337707.7871158
2024-04-28 00:00:00+00:00,63461.98,64370.0,62781.0,63118.62,1078450016.4732296
2024-04-29 00:00:00+00:00,63118.62,64228.35,61765.53,63866.0,1765038324.6837213
2024-04-30 00:00:00+00:00,63866.0,64734.0,59191.6,60672.0,3372142467.4322524
2024-05-01 00:00:00+00:00,60672.01,60841.63,56552.82,58364.97,4705572361.7402
2024-05-02 00:00:00+00:00,58364.97,59625.0,56911.84,59060.61,2778840305.0505786
2024-05-03 00:00:00+00:00,59060.6,63333.0,58811.32,62882.01,2658193708.347904
2024-05-04 00:00:00+00:00,62882.01,64540.0,62541.03,63892.04,1547468697.8765798
2024-05-05 00:00:00+00:00,63892.03,64646.0,62822.17,64012.0,1182572239.5306182
2024-05-06 00:00:00+00:00,64012.0,65500.0,62700.0,63165.19,2218131198.4661326
2024-05-07 00:00:00+00:00,63165.18,64422.41,62261.0,62312.08,1624531631.592377
2024-05-08 00:00:00+00:00,62312.07,63020.22,60888.0,61193.03,1623561041.1255188
2024-05-09 00:00:00+00:00,61193.03,63429.03,60630.0,63074.01,1895849912.7734754
2024-05-10 00:00:00+00:00,63074.0,63469.13,60187.12,60799.99,2255550468.413852
2024-05-11 00:00:00+00:00,60799.99,61515.0,60487.09,60825.99,814928013.4573288
2024-05-12 00:00:00+00:00,60825.99,61888.0,60610.0,61483.99,781041632.4623835
2024-05-13 00:00:00+00:00,61484.0,63450.0,60749.21,62940.08,2041896626.6108148
2024-05-14 00:00:00+00:00,62940.09,63118.36,61142.77,61577.49,1800171876.1676655
2024-05-15 00:00:00+00:00,61577.49,66444.16,61319.47,66206.5,2794259631.8910465
2024-05-16 00:00:00+00:00,66206.51,66752.01,64602.77,65235.21,2045507646.8293848
2024-05-17 00:00:00+00:00,65235.21,67451.2,65106.38,67024.0,1745971822.3447454
2024-05-18 00:00:00+00:00,67024.0,67400.01,66600.0,66915.2,967145944.6835316
2024-05-19 00:00:00+00:00,66915.2,67700.0,65857.25,66274.01,1204989222.8768685
2024-05-20 00:00:00+00:00,66274.0,71515.56,66060.31,71446.62,3485474763.752294
2024-05-21 00:00:00+00:00,71446.62,71979.0,69162.94,70148.34,3509345769.233608
2024-05-22 00:00:00+00:00,70148.34,70666.0,68842.19,69166.62,1931700812.3032143
2024-05-23 00:00:00+00:00,69166.62,70096.12,66312.16,67969.65,2766790260.7886024
2024-05-24 00:00:00+00:00,67969.66,69250.0,66600.12,68549.99,1906438696.7156012
2024-05-25 00:00:00+00:00,68549.99,69610.0,68500.0,69290.57,837339788.9838961
2024-05-26 00:00:00+00:00,69290.56,69562.23,68128.01,68507.67,818914878.9908898
2024-05-27 00:00:00+00:00,68507.67,70687.56,68250.0,69436.43,1604722197.8374028
2024-05-28 00:00:00+00:00,69436.43,69591.81,67277.91,68398.39,2224860225.7992225
2024-05-29 00:00:00+00:00,68398.4,68935.68,67124.65,67652.42,1573095221.6483984
2024-05-30 00:00:00+00:00,67652.41,69500.0,67128.0,68352.17,1945001081.5215867
2024-05-31 00:00:00+00:00,68352.17,69044.1,66670.0,67540.01,1812659052.2496767
2024-06-01 00:00:00+00:00,67540.01,67900.0,67428.44,67766.85,598305207.9932046
2024-06-02 00:00:00+00:00,67766.84,68460.0,67257.47,67765.63,1046827665.3829314
2024-06-03 00:00:00+00:00,67765.62,70288.0,67612.48,68809.9,2047757076.2268357
2024-06-04 00:00:00+00:00,68809.89,71063.45,68567.32,70537.84,2069902136.99324
2024-06-05 00:00:00+00:00,70537.83,71758.0,70383.66,71108.0,2040073765.8676395
2024-06-06 00:00:00+00:00,71108.0,71700.0,70117.64,70799.06,1551467659.1542966
2024-06-07 00:00:00+00:00,70799.06,71997.02,68420.0,69355.6,2507250591.3329782
2024-06-08 00:00:00+00:00,69355.6,69582.2,69168.02,69310.46,678267390.5310388
2024-06-09 00:00:00+00:00,69310.46,69857.14,69130.24,69648.14,687344656.0725566
2024-06-10 00:00:00+00:00,69648.15,70195.94,69172.29,69540.0,1192466549.9691226
2024-06-11 00:00:00+00:00,69540.0,69590.01,66051.0,67314.24,2793799020.4691243
2024-06-12 00:00:00+00:00,67314.23,69999.0,66905.0,68263.99,2550285139.184372
2024-06-13 00:00:00+00:00,68263.98,68449.3,66251.78,66773.01,1958897960.9172916
2024-06-14 00:00:00+00:00,66773.01,67370.24,65078.0,66043.99,1884451554.428285
2024-06-15 00:00:00+00:00,66043.99,66478.48,65857.1,66228.25,758175888.0283372
2024-06-16 00:00:00+00:00,66228.25,66998.7,66034.5,66676.87,624653672.6138575
2024-06-17 00:00:00+00:00,66676.86,67298.81,65130.0,66504.33,1812061226.7565656
2024-06-18 00:00:00+00:00,66504.33,66588.23,64060.0,65175.32,2755141806.0310903
2024-06-19 00:00:00+00:00,65175.32,65727.54,64666.0,64974.37,1307731953.9545317
2024-06-20 00:00:00+00:00,64974.37,66482.94,64559.15,64869.99,1584896152.1663702
2024-06-21 00:00:00+00:00,64869.99,65066.66,63379.35,64143.56,1665541539.708616
2024-06-22 00:00:00+00:00,64143.56,64546.81,63943.82,64262.01,470027247.3402083
2024-06-23 00:00:00+00:00,64262.01,64521.0,63178.32,63210.01,526848525.0029452
2024-06-24 00:00:00+00:00,63210.01,63369.8,58402.0,60293.3,3180853460.924751
2024-06-25 00:00:00+00:00,60293.3,62420.0,60257.06,61806.01,1914901308.84587
2024-06-26 00:00:00+00:00,61806.01,62487.81,60712.0,60864.99,1381716993.3554919
2024-06-27 00:00:00+00:00,60864.98,62389.22,60606.63,61706.47,1126705164.782892
2024-06-28 00:00:00+00:00,61706.46,62225.31,60063.0,60427.84,1519872032.026636
2024-06-29 00:00:00+00:00,60427.84,61224.0,60383.77,60986.68,701345872.4881144
2024-06-30 00:00:00+00:00,60986.68,63058.76,60712.21,62772.01,1070250012.5446604
2024-07-01 00:00:00+00:00,62772.01,63861.76,62497.2,62899.99,1550980813.6701345
2024-07-02 00:00:00+00:00,62900.0,63288.83,61806.28,62135.47,1160792332.6175597
2024-07-03 00:00:00+00:00,62135.46,62285.94,59400.0,60208.58,1945901232.9066572
2024-07-04 00:00:00+00:00,60208.57,60498.19,56771.0,57050.01,3168619756.2436485
2024-07-05 00:00:00+00:00,57050.02,57546.0,53485.93,56628.79,4515040083.536515
2024-07-06 00:00:00+00:00,56628.79,58475.0,56018.0,58230.13,1235398733.4357028
2024-07-07 00:00:00+00:00,58230.13,58449.46,55724.37,55857.81,1094135752.452869
2024-07-08 00:00:00+00:00,55857.81,58236.73,54260.16,56714.62,2699942701.375511
2024-07-09 00:00:00+00:00,56714.61,58296.0,56289.45,58050.0,1592351321.655387
2024-07-10 00:00:00+00:00,58050.0,59470.0,57157.79,57725.85,1452293495.6501489
2024-07-11 00:00:00+00:00,57725.85,59650.0,57050.0,57339.89,1728929618.0583844
2024-07-12 00:00:00+00:00,57339.89,58526.68,56542.47,57889.1,1360201319.0761504
2024-07-13 00:00:00+00:00,57889.09,59850.0,57756.63,59204.02,900429281.1482327
2024-07-14 00:00:00+00:00,59204.01,61420.69,59194.01,60797.91,1273562988.611176
2024-07-15 00:00:00+00:00,60797.91,64900.0,60632.3,64724.14,2435540879.0289335
2024-07-16 00:00:00+00:00,64724.06,65388.97,62373.24,65043.99,2725231969.2884507
2024-07-17 00:00:00+00:00,65044.0,66128.63,63854.0,64087.99,1922412273.0882094
2024-07-18 00:00:00+00:00,64087.99,65133.3,63238.48,63987.92,1449872437.6497972
2024-07-19 00:00:00+00:00,63987.92,67386.0,63300.67,66660.0,2331517674.368659
2024-07-20 00:00:00+00:00,66660.01,67598.0,66222.46,67139.96,961878801.8482211
2024-07-21 00:00:00+00:00,67139.97,68366.66,65777.0,68165.34,1465757867.9747434
2024-07-22 00:00:00+00:00,68165.35,68474.55,66559.97,67532.01,1448418369.8467097
2024-07-23 00:00:00+00:00,67532.0,67750.98,65441.08,65936.01,2088544473.3235078
2024-07-24 00:00:00+00:00,65936.0,67102.01,65111.0,65376.0,1526490826.4669967
2024-07-25 00:00:00+00:00,65376.01,66175.49,63456.7,65799.95,2266419771.224864
2024-07-26 00:00:00+00:00,65799.95,68200.0,65722.63,67907.99,1630839588.6966548
2024-07-27 00:00:00+00:00,67908.0,69399.99,66650.0,67896.5,2162335067.0234175
2024-07-28 00:00:00+00:00,67896.49,68318.43,67066.66,68249.88,736755676.1377451
2024-07-29 00:00:00+00:00,68249.88,70079.99,66428.0,66784.69,2499265962.091455
2024-07-30 00:00:00+00:00,66784.68,67000.0,65302.67,66188.0,1533270724.799421
2024-07-31 00:00:00+00:00,66188.0,66849.24,64530.0,64628.0,1489443332.5960116
2024-08-01 00:00:00+00:00,64628.01,65659.78,62302.0,65354.02,2270877792.65868
2024-08-02 00:00:00+00:00,65354.02,65596.14,61230.01,61498.33,2469588785.6981573
2024-08-03 00:00:00+00:00,61498.34,62198.22,59850.0,60697.99,1711555901.18011
2024-08-04 00:00:00+00:00,60697.99,61117.63,57122.77,58161.0,1874490041.5437353
2024-08-05 00:00:00+00:00,58161.0,58305.59,49000.0,54018.81,8580928177.429901
2024-08-06 00:00:00+00:00,54018.82,57040.99,53950.0,56022.01,3119018848.329888
2024-08-07 00:00:00+00:00,56022.0,57736.05,54558.62,55134.16,2490553853.602583
2024-08-08 00:00:00+00:00,55133.76,62745.14,54730.0,61685.99,2836312292.431818
2024-08-09 00:00:00+00:00,61686.0,61744.37,59535.0,60837.99,1878350555.5122633
2024-08-10 00:00:00+00:00,60837.99,61470.58,60242.0,60923.51,607372221.2460397
2024-08-11 00:00:00+00:00,60923.51,61858.0,58286.73,58712.59,1152081498.1567774
2024-08-12 00:00:00+00:00,58712.59,60711.09,57642.21,59346.64,2186851067.316586
2024-08-13 00:00:00+00:00,59346.64,61578.1,58392.88,60587.15,1668247896.8477187
2024-08-14 00:00:00+00:00,60587.16,61800.0,58433.18,58683.39,1705464263.505865
2024-08-15 00:00:00+00:00,58683.39,59849.38,56078.54,57541.06,2194915865.052229
2024-08-16 00:00:00+00:00,57541.05,59817.76,57098.62,58874.6,1614654900.3332715
2024-08-17 00:00:00+00:00,58874.59,59700.0,58785.05,59491.99,457737705.7722839
2024-08-18 00:00:00+00:00,59491.99,60284.99,58408.92,58427.35,813166580.7264851
2024-08-19 00:00:00+00:00,58427.35,59617.63,57787.3,59438.5,1336287900.197634
2024-08-20 00:00:00+00:00,59438.5,61400.0,58548.23,59013.8,1890620149.7910202
2024-08-21 00:00:00+00:00,59013.8,61820.93,58783.47,61156.03,1682529555.0960546
2024-08-22 00:00:00+00:00,61156.03,61400.0,59724.87,60375.84,1288544247.9560175
2024-08-23 00:00:00+00:00,60375.83,64955.0,60342.14,64037.24,2375916932.7935486
2024-08-24 00:00:00+00:00,64037.24,64494.5,63531.0,64157.01,1015774255.1740764
2024-08-25 00:00:00+00:00,64157.02,65000.0,63773.27,64220.0,789935122.9930242
2024-08-26 00:00:00+00:00,64219.99,64481.0,62800.0,62834.0,1238341818.4320166
2024-08-27 00:00:00+00:00,62834.0,63212.0,58034.01,59415.0,2158144642.992993
2024-08-28 00:00:00+00:00,59415.0,60234.98,57860.0,59034.9,2183054412.974087
2024-08-29 00:00:00+00:00,59034.9,61166.99,58713.09,59359.01,1617931684.258576
2024-08-30 00:00:00+00:00,59359.0,59944.07,57701.1,59123.99,1680918972.4658496
2024-08-31 00:00:00+00:00,59123.99,59462.38,58744.0,58973.99,519849184.8690446
2024-09-01 00:00:00+00:00,58974.0,59076.59,57201.0,57301.86,1202176847.3910584
2024-09-02 00:00:00+00:00,57301.77,59425.69,57128.0,59132.13,1333092369.4465685
2024-09-03 00:00:00+00:00,59132.12,59809.65,57415.0,57487.73,1335076815.8599248
2024-09-04 00:00:00+00:00,57487.74,58519.0,55606.0,57970.9,2027630870.1796753
2024-09-05 00:00:00+00:00,57970.9,58327.07,55643.65,56180.0,1577770853.1007974
2024-09-06 00:00:00+00:00,56180.0,57008.0,52550.0,53962.97,2988914918.924334
2024-09-07 00:00:00+00:00,53962.97,54850.0,53745.54,54160.86,905693342.5898322
2024-09-08 00:00:00+00:00,54160.86,55318.0,53629.01,54869.95,885743172.9184759
2024-09-09 00:00:00+00:00,54869.95,58088.0,54591.96,57042.0,1809715390.0493293
2024-09-10 00:00:00+00:00,57042.01,58044.36,56386.4,57635.99,1349365460.0900571
2024-09-11 00:00:00+00:00,57635.99,57981.71,55545.19,57338.0,1875738697.3784153
2024-09-12 00:00:00+00:00,57338.0,58588.0,57324.0,58132.32,1802848638.0757017
2024-09-13 00:00:00+00:00,58132.31,60625.0,57632.62,60498.0,1760671733.5492997
2024-09-14 00:00:00+00:00,60497.99,60610.45,59400.0,59993.03,728527024.3416963
2024-09-15 00:00:00+00:00,59993.02,60395.8,58691.05,59132.0,822410872.3906956
2024-09-16 00:00:00+00:00,59132.0,59210.7,57493.3,58213.99,1543273198.7027452
2024-09-17 00:00:00+00:00,58213.99,61320.0,57610.01,60313.99,1983378424.775704
2024-09-18 00:00:00+00:00,60313.99,61786.24,59174.8,61759.99,2174000496.820776
2024-09-19 00:00:00+00:00,61759.98,63850.0,61555.0,62947.99,2153175931.1738715
2024-09-20 00:00:00+00:00,62948.0,64133.32,62350.0,63201.05,1611195963.9908044
2024-09-21 00:00:00+00:00,63201.05,63559.9,62758.0,63348.96,528657852.3183024
2024-09-22 00:00:00+00:00,63348.97,64000.0,62357.93,63578.76,897477338.3735127
2024-09-23 00:00:00+00:00,63578.76,64745.88,62538.75,63339.99,1531015038.3680267
2024-09-24 00:00:00+00:00,63339.99,64688.0,62700.0,64262.7,1472720338.8562915
2024-09-25 00:00:00+00:00,64262.7,64817.99,62947.08,63152.01,1135250828.2732148
2024-09-26 00:00:00+00:00,63152.01,65839.0,62670.0,65173.99,1831204595.9448967
2024-09-27 00:00:00+00:00,65173.99,66498.0,64819.9,65769.95,1448852210.3602211
2024-09-28 00:00:00+00:00,65769.95,66260.0,65422.23,65858.0,600118483.1222521
2024-09-29 00:00:00+00:00,65858.0,66076.12,65432.0,65602.01,547980013.7152303
2024-09-30 00:00:00+00:00,65602.01,65618.8,62856.3,63327.59,1920250261.7442162
2024-10-01 00:00:00+00:00,63327.6,64130.63,60164.0,60805.78,2723672081.8326254
2024-10-02 00:00:00+00:00,60804.92,62390.31,60000.0,60649.28,1928377637.836784
2024-10-03 00:00:00+00:00,60649.27,61477.19,59828.11,60752.71,1590773866.8074434
2024-10-04 00:00:00+00:00,60752.72,62484.85,60459.9,62086.0,1311145630.5020497
2024-10-05 00:00:00+00:00,62086.0,62370.56,61689.26,62058.0,484588468.3419123
2024-10-06 00:00:00+00:00,62058.01,62975.0,61798.97,62819.91,555669634.4773514
2024-10-07 00:00:00+00:00,62819.91,64478.19,62128.0,62224.0,1646315506.5791945
2024-10-08 00:00:00+00:00,62224.01,63200.0,61860.31,62160.49,1230076253.818657
2024-10-09 00:00:00+00:00,62160.5,62543.75,60301.0,60636.02,1234778807.5932417
2024-10-10 00:00:00+00:00,60636.01,61321.68,58946.0,60326.39,1445604381.9363792
2024-10-11 00:00:00+00:00,60326.4,63417.56,60087.64,62540.0,1462219576.849865
2024-10-12 00:00:00+00:00,62539.99,63480.0,62487.23,63206.22,686978508.9887543
2024-10-13 00:00:00+00:00,63206.23,63285.72,62050.0,62870.02,746564374.2082387
2024-10-14 00:00:00+00:00,62870.02,66500.0,62457.81,66083.99,2450094472.813545
2024-10-15 00:00:00+00:00,66084.0,67950.0,64800.01,67074.14,2894021862.319518
2024-10-16 00:00:00+00:00,67074.14,68424.0,66750.49,67620.01,2024560410.1062675
2024-10-17 00:00:00+00:00,67620.0,67939.4,66666.0,67421.78,1702164439.5654595
2024-10-18 00:00:00+00:00,67421.78,69000.0,67192.36,68428.0,1959735899.8769643
2024-10-19 00:00:00+00:00,68427.99,68693.26,68010.0,68378.0,559628628.9613105
2024-10-20 00:00:00+00:00,68377.99,69400.0,68100.0,69031.99,854082429.8105861
2024-10-21 00:00:00+00:00,69032.0,69519.52,66840.67,67377.5,2130833593.5466976
2024-10-22 00:00:00+00:00,67377.5,67836.01,66571.42,67426.0,1654285791.6605556
2024-10-23 00:00:00+00:00,67426.01,67472.83,65260.0,66668.65,1695101430.9187467
2024-10-24 00:00:00+00:00,66668.65,68850.0,66510.0,68198.28,1526736320.912938
2024-10-25 00:00:00+00:00,68198.27,68771.49,65596.29,66698.33,2320667435.293254
2024-10-26 00:00:00+00:00,66698.32,67454.55,66439.9,67092.76,792887047.147892
2024-10-27 00:00:00+00:00,67092.76,68332.05,66913.73,68021.7,585006148.4704809
2024-10-28 00:00:00+00:00,68021.69,70270.0,67618.0,69962.21,2005105729.8174448
2024-10-29 00:00:00+00:00,69962.21,73620.12,69760.0,72736.42,3602465986.8917575
2024-10-30 00:00:00+00:00,72736.41,72961.0,71436.0,72344.74,1941210537.2882867
2024-10-31 00:00:00+00:00,72344.75,72700.0,69685.76,70292.01,2091144977.4946847
2024-11-01 00:00:00+00:00,70292.01,71632.95,68820.14,69496.01,2677358022.00497
2024-11-02 00:00:00+00:00,69496.0,69914.37,69000.14,69374.74,731232427.6311548
2024-11-03 00:00:00+00:00,69374.74,69391.0,67478.73,68775.99,1709666206.4062023
2024-11-04 00:00:00+00:00,68775.99,69500.0,66835.0,67850.01,2033902307.0027761
2024-11-05 00:00:00+00:00,67850.01,70577.91,67476.63,69372.01,2310418908.069922
2024-11-06 00:00:00+00:00,69372.01,76400.0,69298.0,75571.99,7702283270.258009
2024-11-07 00:00:00+00:00,75571.99,76849.99,74416.0,75857.89,3391796661.9719553
2024-11-08 00:00:00+00:00,75857.89,77199.99,75555.0,76509.78,2784449097.5315185
2024-11-09 00:00:00+00:00,76509.78,76900.0,75714.66,76677.46,1294709001.60289
2024-11-10 00:00:00+00:00,76677.46,81500.0,76492.0,80370.01,4905441473.900737
2024-11-11 00:00:00+00:00,80370.01,89530.54,80216.01,88647.99,6944268709.942721
2024-11-12 00:00:00+00:00,88648.0,89940.0,85072.0,87952.01,8540084566.279819
2024-11-13 00:00:00+00:00,87952.0,93265.64,86127.99,90375.2,7790928962.043038
2024-11-14 00:00:00+00:00,90375.21,91790.0,86668.21,87325.59,5073860815.928665
2024-11-15 00:00:00+00:00,87325.59,91850.0,87073.38,91032.07,4276238971.1814294
2024-11-16 00:00:00+00:00,91032.08,91779.66,90056.17,90586.92,2067958511.9048474
2024-11-17 00:00:00+00:00,90587.98,91449.99,88722.0,89855.99,2153871724.810395
2024-11-18 00:00:00+00:00,89855.98,92594.0,89376.9,90464.08,4239909950.661894
2024-11-19 00:00:00+00:00,90464.07,93905.51,90357.0,92310.79,4025108502.849614
2024-11-20 00:00:00+00:00,92310.8,94831.97,91500.0,94286.56,3950932314.646069
2024-11-21 00:00:00+00:00,94286.56,98988.0,94040.0,98317.12,6722807908.325656
2024-11-22 00:00:00+00:00,98317.12,99588.01,97122.11,98892.0,4555536773.363205
2024-11-23 00:00:00+00:00,98892.0,98908.85,97136.0,97672.4,2431609866.3295145
2024-11-24 00:00:00+00:00,97672.4,98564.0,95734.77,97900.04,3034172011.9517884
2024-11-25 00:00:00+00:00,97900.05,98871.8,92600.19,93010.01,4883444806.322193
2024-11-26 00:00:00+00:00,93010.01,94973.37,90791.1,91965.16,5370918648.818167
2024-11-27 00:00:00+00:00,91965.16,97208.21,91792.14,95863.11,3894358511.617565
2024-11-28 00:00:00+00:00,95863.11,96564.0,94640.0,95643.98,2749861591.2596097
2024-11-29 00:00:00+00:00,95643.99,98619.99,95364.99,97460.0,2690451030.6342874
2024-11-30 00:00:00+00:00,97460.0,97463.95,96092.01,96407.99,1402672950.6998208
2024-12-01 00:00:00+00:00,96407.99,97836.0,95693.88,97185.18,1641327626.6062205
2024-12-02 00:00:00+00:00,97185.17,98130.0,94395.0,95840.62,3646639621.737588
2024-12-03 00:00:00+00:00,95840.61,96305.52,93578.17,95849.69,3413995542.0186563
2024-12-04 00:00:00+00:00,95849.69,99000.0,94587.83,98587.32,4241994533.786106
2024-12-05 00:00:00+00:00,98587.32,104088.0,90500.0,96945.63,11048002942.149931
2024-12-06 00:00:00+00:00,96945.63,101898.99,95981.72,99740.84,4456641685.364444
2024-12-07 00:00:00+00:00,99740.84,100439.18,98844.0,99831.99,1487953846.8385458
2024-12-08 00:00:00+00:00,99831.99,101351.0,98657.7,101109.59,1459576946.402151
2024-12-09 00:00:00+00:00,101109.6,101215.93,94150.05,97276.47,5283626995.705648
2024-12-10 00:00:00+00:00,97276.48,98270.0,94256.54,96593.0,4988660195.092428
2024-12-11 00:00:00+00:00,96593.0,101888.0,95658.24,101125.0,3745703763.01845
2024-12-12 00:00:00+00:00,101125.0,102540.0,99311.64,100004.29,2949462583.8661704
2024-12-13 00:00:00+00:00,100004.29,101895.26,99205.0,101424.25,2203903393.0741005
2024-12-14 00:00:00+00:00,101424.24,102650.0,100609.41,101420.0,1441594367.0463192
2024-12-15 00:00:00+00:00,101420.0,105250.0,101237.14,104463.99,2290462903.835791
2024-12-16 00:00:00+00:00,104463.99,107793.07,103333.0,106058.66,4364964400.634553
2024-12-17 00:00:00+00:00,106058.65,108353.0,105321.49,106133.74,3103833327.775107
2024-12-18 00:00:00+00:00,106133.74,106524.98,100000.0,100204.01,5194263316.259236
2024-12-19 00:00:00+00:00,100204.01,102800.11,95700.0,97461.86,5487546517.707752
2024-12-20 00:00:00+00:00,97461.86,98233.0,92232.54,97805.44,6022845238.832326
2024-12-21 00:00:00+00:00,97805.44,99540.61,96398.39,97291.99,2296232055.195926
2024-12-22 00:00:00+00:00,97292.0,97448.08,94250.35,95186.27,1857819866.3603997
2024-12-23 00:00:00+00:00,95186.28,96538.92,92520.0,94881.47,3100007213.494563
2024-12-24 00:00:00+00:00,94881.47,99487.99,93569.02,98663.58,2287214424.7064757
2024-12-25 00:00:00+00:00,98663.58,99569.15,97632.02,99429.6,1426143976.0493636
2024-12-26 00:00:00+00:00,99429.61,99963.7,95199.14,95791.6,2049123567.3867724
2024-12-27 00:00:00+00:00,95791.6,97544.58,93500.01,94299.03,2528567849.7794614
2024-12-28 00:00:00+00:00,94299.03,95733.99,94135.66,95300.0,794651624.8349555
2024-12-29 00:00:00+00:00,95300.0,95340.0,93009.52,93738.2,1278370863.9768472
2024-12-30 00:00:00+00:00,93738.19,95024.5,91530.45,92792.05,2573126059.769478
2024-12-31 00:00:00+00:00,92792.05,96250.0,92033.73,93576.0,1845718801.922704
2025-01-01 00:00:00+00:00,93576.0,95151.15,92888.0,94591.79,975444194.1379983
2025-01-02 00:00:00+00:00,94591.78,97839.5,94392.0,96984.79,2118411852.6812794
2025-01-03 00:00:00+00:00,96984.79,98976.91,96100.01,98174.18,1486610768.5907917
2025-01-04 00:00:00+00:00,98174.17,98778.43,97514.79,98220.5,881223751.6353602
2025-01-05 00:00:00+00:00,98220.51,98836.85,97276.79,98363.61,793931715.9546324
2025-01-06 00:00:00+00:00,98363.61,102480.0,97920.0,102235.6,2540561688.7771435
2025-01-07 00:00:00+00:00,102235.6,102724.38,96181.81,96954.61,3170421659.717236
2025-01-08 00:00:00+00:00,96954.6,97268.65,92500.9,95060.61,3205849081.112962
2025-01-09 00:00:00+00:00,95060.61,95382.32,91203.67,92552.49,3217669887.245398
2025-01-10 00:00:00+00:00,92552.49,95836.0,92206.02,94726.11,2962085343.283704
2025-01-11 00:00:00+00:00,94726.1,95050.94,93831.73,94599.99,665685994.93301
2025-01-12 00:00:00+00:00,94599.99,95450.1,93711.19,94545.06,813278829.6583949
2025-01-13 00:00:00+00:00,94545.07,95940.0,89256.69,94536.1,3930666134.3474574
2025-01-14 00:00:00+00:00,94536.11,97371.0,94346.22,96560.86,2676048470.3569503
2025-01-15 00:00:00+00:00,96560.85,100681.94,96500.0,100497.35,3006242382.8867946
2025-01-16 00:00:00+00:00,100497.35,100866.66,97335.13,99987.3,2765162040.639799
2025-01-17 00:00:00+00:00,99987.3,105865.22,99950.77,104077.48,4040993985.4750466
2025-01-18 00:00:00+00:00,104077.47,104988.88,102277.55,104556.23,2521522119.379525
2025-01-19 00:00:00+00:00,104556.23,106422.43,99651.6,101331.57,4513423971.410253
2025-01-20 00:00:00+00:00,101331.57,109588.0,99550.0,102260.01,9398787064.320715
2025-01-21 00:00:00+00:00,102260.0,107240.81,100119.04,106143.82,4768512258.156502
2025-01-22 00:00:00+00:00,106143.82,106394.46,103339.12,103706.66,2331144640.658579
2025-01-23 00:00:00+00:00,103706.66,106850.0,101262.28,103910.34,5610760848.131639
2025-01-24 00:00:00+00:00,103910.35,107120.0,102750.0,104870.5,2483818574.373748
2025-01-25 00:00:00+00:00,104870.51,105286.52,104106.09,104746.85,949511531.3578017
2025-01-26 00:00:00+00:00,104746.86,105500.0,102520.44,102620.0,1024352365.4715523
2025-01-27 00:00:00+00:00,102620.01,103260.0,97777.77,102082.83,5092886322.829244
2025-01-28 00:00:00+00:00,102082.83,103800.0,100272.68,101335.52,2253977324.036209
2025-01-29 00:00:00+00:00,101335.52,104782.68,101328.01,103733.24,2380383694.772136
2025-01-30 00:00:00+00:00,103733.25,106457.44,103278.54,104722.94,2038112603.5126412
2025-01-31 00:00:00+00:00,104722.94,106012.0,101560.0,102429.56,2282174002.1952176
2025-02-01 00:00:00+00:00,102429.56,102783.71,100279.51,100635.65,1250354228.2372296
2025-02-02 00:00:00+00:00,100635.66,101456.6,96150.0,97700.59,3412084312.5836277
2025-02-03 00:00:00+00:00,97700.59,102500.01,91231.0,101328.52,7228589180.711621
2025-02-04 00:00:00+00:00,101328.51,101732.31,96150.0,97763.13,3989698644.2649307
2025-02-05 00:00:00+00:00,97763.14,99149.0,96155.0,96612.43,2562342153.829685
2025-02-06 00:00:00+00:00,96612.44,99120.0,95676.64,96554.35,2289071921.2175603
2025-02-07 00:00:00+00:00,96554.35,100137.99,95620.34,96506.8,3107592434.6738343
2025-02-08 00:00:00+00:00,96506.8,96880.0,95688.0,96444.74,977040267.5158631
2025-02-09 00:00:00+00:00,96444.75,97323.09,94713.0,96462.75,1359495152.3107975
2025-02-10 00:00:00+00:00,96462.75,98345.0,95256.0,97430.82,1999112052.6687863
2025-02-11 00:00:00+00:00,97430.82,98478.42,94876.88,95778.2,1806534846.3863194
2025-02-12 00:00:00+00:00,95778.21,98119.99,94088.23,97869.99,2800142168.3943653
2025-02-13 00:00:00+00:00,97870.0,98083.91,95217.36,96608.14,1916988246.3921187
2025-02-14 00:00:00+00:00,96608.13,98826.0,96252.82,97500.48,1768073218.8690155
2025-02-15 00:00:00+00:00,97500.47,97972.26,97223.58,97569.66,717245393.778092
2025-02-16 00:00:00+00:00,97569.67,97704.47,96046.18,96118.12,794694242.2949733
2025-02-17 00:00:00+00:00,96118.12,97046.59,95205.0,95780.0,1584593526.1754677
2025-02-18 00:00:00+00:00,95780.01,96753.91,93388.09,95671.74,2223994802.892005
2025-02-19 00:00:00+00:00,95671.74,96899.99,95029.99,96644.37,1576817572.1032505
2025-02-20 00:00:00+00:00,96644.37,98711.36,96415.09,98305.0,1663386824.7315507
2025-02-21 00:00:00+00:00,98305.01,99475.0,94871.95,96181.98,3143975917.5734644
2025-02-22 00:00:00+00:00,96181.99,96980.0,95770.49,96551.01,1087077133.8226364
2025-02-23 00:00:00+00:00,96551.01,96650.0,95227.94,96258.0,1044392011.7910241
2025-02-24 00:00:00+00:00,96258.0,96500.0,91349.26,91552.88,2981809595.445377
2025-02-25 00:00:00+00:00,91552.88,92540.69,86050.99,88680.4,6962982500.904474
2025-02-26 00:00:00+00:00,88680.39,89414.15,82256.01,84250.09,4898429925.6364765
2025-02-27 00:00:00+00:00,84250.09,87078.46,82716.49,84708.58,3618738891.2221622
2025-02-28 00:00:00+00:00,84708.57,85120.0,78258.52,84349.94,6806705236.690679
2025-03-01 00:00:00+00:00,84349.95,86558.0,83824.78,86064.53,2194003507.852643
2025-03-02 00:00:00+00:00,86064.54,95000.0,85050.6,94270.0,4972549515.788669
2025-03-03 00:00:00+00:00,94269.99,94416.46,85117.11,86220.61,5321123743.471923
2025-03-04 00:00:00+00:00,86221.16,88967.52,81500.0,87281.98,4704901219.590436
2025-03-05 00:00:00+00:00,87281.98,91000.0,86334.53,90606.01,3400243670.3049755
2025-03-06 00:00:00+00:00,90606.0,92810.64,87836.0,89931.89,3105145628.3993993
2025-03-07 00:00:00+00:00,89931.88,91283.02,84667.03,86801.75,5097554826.613157
2025-03-08 00:00:00+00:00,86801.74,86897.25,85218.47,86222.45,1119358968.6520054
2025-03-09 00:00:00+00:00,86222.46,86500.0,80000.0,80734.37,2173552660.454479
2025-03-10 00:00:00+00:00,80734.48,84123.46,77459.91,78595.86,3834924947.758186
2025-03-11 00:00:00+00:00,78595.86,83617.4,76606.0,82932.99,3927000827.1107917
2025-03-12 00:00:00+00:00,82932.99,84539.85,80607.65,83680.12,2638600996.825396
2025-03-13 00:00:00+00:00,83680.12,84336.33,79939.9,81115.78,2260870111.2393894
2025-03-14 00:00:00+00:00,81115.78,85309.71,80818.84,83983.2,2244729595.5411716
2025-03-15 00:00:00+00:00,83983.19,84676.28,83618.0,84338.44,953445671.8337505
2025-03-16 00:00:00+00:00,84338.44,85117.04,81981.12,82574.53,1468056556.2967227
2025-03-17 00:00:00+00:00,82574.52,84756.83,82456.0,84010.03,1437716814.0468738
2025-03-18 00:00:00+00:00,84010.02,84021.74,81134.66,82715.03,1450813055.479726
2025-03-19 00:00:00+00:00,82715.03,87000.0,82547.16,86845.94,2375813941.9437623
2025-03-20 00:00:00+00:00,86845.93,87453.67,83655.23,84223.39,1885241921.1556518
2025-03-21 00:00:00+00:00,84223.38,84850.33,83175.25,84088.79,1005135519.2560017
2025-03-22 00:00:00+00:00,84088.79,84539.17,83625.1,83840.59,456235443.8016522
2025-03-23 00:00:00+00:00,83840.59,86129.64,83809.75,86082.5,718692319.1499038
2025-03-24 00:00:00+00:00,86082.5,88765.43,85519.09,87498.16,2636765917.9518433
2025-03-25 00:00:00+00:00,87498.16,88539.63,86310.0,87392.87,1979571590.8982937
2025-03-26 00:00:00+00:00,87392.88,88275.0,85860.0,86909.17,1606406955.5864632
2025-03-27 00:00:00+00:00,86909.17,87756.39,85800.0,87232.01,1487968807.7079022
2025-03-28 00:00:00+00:00,87232.01,87515.67,83585.0,84424.38,2309946560.664114
2025-03-29 00:00:00+00:00,84424.38,84624.73,81644.81,82648.54,970199917.9868716
2025-03-30 00:00:00+00:00,82648.53,83534.64,81565.0,82389.99,816584795.5288126
2025-03-31 00:00:00+00:00,82390.0,83943.08,81278.52,82550.01,1696009191.0809648
2025-04-01 00:00:00+00:00,82550.0,85579.46,82432.74,85158.34,1698895702.5754683
2025-04-02 00:00:00+00:00,85158.35,88500.0,82320.0,82516.29,3417279759.830764
2025-04-03 00:00:00+00:00,82516.28,83998.02,81211.24,83213.09,2259299724.8643928
2025-04-04 00:00:00+00:00,83213.09,84720.0,81659.0,83889.87,2739842666.426737
2025-04-05 00:00:00+00:00,83889.87,84266.0,82379.95,83537.99,779626577.9013436
2025-04-06 00:00:00+00:00,83537.99,83817.63,77153.83,78430.0,2239085051.1529646
2025-04-07 00:00:00+00:00,78430.0,81243.58,74508.0,79163.24,6084614024.150647
2025-04-08 00:00:00+00:00,79163.24,80867.99,76239.9,76322.42,2775277777.102461
2025-04-09 00:00:00+00:00,76322.42,83588.0,74620.0,82615.22,5980231256.222496
2025-04-10 00:00:00+00:00,82615.22,82753.21,78464.36,79607.3,2690294353.8478427
2025-04-11 00:00:00+00:00,79607.3,84300.0,78969.58,83423.84,2830363945.1787524
2025-04-12 00:00:00+00:00,83423.83,85905.0,82792.95,85276.9,1557403252.9267516
2025-04-13 00:00:00+00:00,85276.91,86100.0,83034.23,83760.0,2086106375.4392555
2025-04-14 00:00:00+00:00,83760.0,85799.99,83678.0,84591.58,2429132805.0815287
2025-04-15 00:00:00+00:00,84591.58,86496.42,83600.0,83643.99,1780972414.3956008
2025-04-16 00:00:00+00:00,83643.99,85500.0,83111.64,84030.38,1753910031.2009242
2025-04-17 00:00:00+00:00,84030.38,85470.01,83736.26,84947.91,1161659427.386263
2025-04-18 00:00:00+00:00,84947.92,85132.08,84303.96,84474.69,552648483.647487
2025-04-19 00:00:00+00:00,84474.7,85677.99,84364.45,85077.01,823222752.2842493
2025-04-20 00:00:00+00:00,85077.0,85320.76,83949.52,85179.24,685253644.8918362
2025-04-21 00:00:00+00:00,85179.24,88465.99,85144.76,87516.23,2773299591.467066
2025-04-22 00:00:00+00:00,87516.22,93888.0,87076.03,93442.99,3967785064.12817
2025-04-23 00:00:00+00:00,93442.99,94696.05,91935.41,93691.08,2560279933.947952
2025-04-24 00:00:00+00:00,93691.07,94005.0,91660.01,93980.47,1811120137.3146787
2025-04-25 00:00:00+00:00,93980.47,95758.04,92855.96,94638.68,2596877713.640173
2025-04-26 00:00:00+00:00,94638.68,95199.0,93870.69,94628.0,889627361.8414447
2025-04-27 00:00:00+00:00,94628.0,95369.0,93602.58,93749.3,1052334792.1866189
2025-04-28 00:00:00+00:00,93749.29,95630.0,92800.01,95011.18,2092532996.5551717
2025-04-29 00:00:00+00:00,95011.18,95461.53,93742.54,94256.82,1607154803.4675477
2025-04-30 00:00:00+00:00,94256.82,95228.45,92910.0,94172.0,1664825670.9831252
2025-05-01 00:00:00+00:00,94172.0,97424.02,94130.43,96489.91,2053857614.2732673
2025-05-02 00:00:00+00:00,96489.9,97895.68,96350.0,96887.14,1446387651.5840576
2025-05-03 00:00:00+00:00,96887.13,96935.67,95753.01,95856.42,935906144.9651498
2025-05-04 00:00:00+00:00,95856.42,96304.48,94151.38,94277.62,1053542403.8531588
2025-05-05 00:00:00+00:00,94277.61,95199.0,93514.1,94733.68,1626999380.1759968
2025-05-06 00:00:00+00:00,94733.68,96920.65,93377.0,96834.02,1526847764.5636683
2025-05-07 00:00:00+00:00,96834.02,97732.0,95784.61,97030.5,1611730124.5924542
2025-05-08 00:00:00+00:00,97030.5,104145.76,96876.29,103261.6,3508645830.5650144
2025-05-09 00:00:00+00:00,103261.61,104361.3,102315.14,102971.99,2847518447.981513
2025-05-10 00:00:00+00:00,102971.99,104984.57,102818.76,104809.53,1588386278.502415
2025-05-11 00:00:00+00:00,104809.53,104972.0,103345.06,104118.0,1873381777.2124255
2025-05-12 00:00:00+00:00,104118.0,105819.45,100718.37,102791.32,3242348937.383069
2025-05-13 00:00:00+00:00,102791.32,104976.25,101429.7,104103.72,2197244118.152367
2025-05-14 00:00:00+00:00,104103.72,104356.95,102602.05,103507.82,1704708279.3884108
2025-05-15 00:00:00+00:00,103507.83,104192.7,101383.07,103763.71,1850183474.5292037
2025-05-16 00:00:00+00:00,103763.71,104550.33,103100.49,103463.9,1628832372.3241482
2025-05-17 00:00:00+00:00,103463.9,103709.86,102612.5,103126.65,1160418362.950618
2025-05-18 00:00:00+00:00,103126.65,106660.0,103105.09,106454.26,2262214972.0749383
2025-05-19 00:00:00+00:00,106454.27,107108.62,102000.0,105573.74,3150324504.5954514
2025-05-20 00:00:00+00:00,105573.73,107320.0,104184.72,106849.99,2509102444.669598
2025-05-21 00:00:00+00:00,106850.0,110797.38,106100.01,109643.99,4914709514.320026
2025-05-22 00:00:00+00:00,109643.99,111980.0,109177.37,111696.21,3509432834.573417
2025-05-23 00:00:00+00:00,111696.22,111800.0,106800.0,107318.3,3469704446.3904047
2025-05-24 00:00:00+00:00,107318.3,109506.03,106875.41,107761.91,1819958819.7748587
2025-05-25 00:00:00+00:00,107761.9,109299.99,106600.64,109004.19,1904366455.425858
2025-05-26 00:00:00+00:00,109004.2,110422.22,108670.58,109434.79,1605578282.107903
2025-05-27 00:00:00+00:00,109434.78,110718.0,107516.57,108938.17,2327603851.119265
2025-05-28 00:00:00+00:00,108938.17,109284.7,106769.43,107781.78,1689136748.5130312
2025-05-29 00:00:00+00:00,107781.78,108891.91,105322.86,105589.75,2128639017.5081618
2025-05-30 00:00:00+00:00,105589.75,106313.12,103621.0,103985.48,2493078549.591861
2025-05-31 00:00:00+00:00,103985.47,104900.0,103068.55,104591.88,1174000801.5070379
2025-06-01 00:00:00+00:00,104591.88,105866.91,103752.49,105642.93,1016188486.9505996
2025-06-02 00:00:00+00:00,105642.93,105935.63,103659.88,105857.99,1409004206.9863732
2025-06-03 00:00:00+00:00,105858.0,106794.67,104872.5,105376.89,1402493746.5993218
2025-06-04 00:00:00+00:00,105376.9,106000.0,104179.0,104696.86,1476928482.3688781
2025-06-05 00:00:00+00:00,104696.86,105909.71,100372.26,101508.68,2301567892.5305448
2025-06-06 00:00:00+00:00,101508.69,105333.0,101095.8,104288.44,1642382404.9355752
2025-06-07 00:00:00+00:00,104288.43,105900.0,103871.09,105552.15,877915380.9548231
2025-06-08 00:00:00+00:00,105552.15,106488.14,104964.14,105734.0,850887129.4282976
2025-06-09 00:00:00+00:00,105734.01,110530.17,105318.37,110263.02,2154922022.221173
2025-06-10 00:00:00+00:00,110263.02,110400.0,108331.03,110274.39,1867620550.192173
2025-06-11 00:00:00+00:00,110274.39,110392.01,108064.0,108645.12,1434884639.7506304
2025-06-12 00:00:00+00:00,108645.13,108813.55,105671.72,105671.73,1908309274.0868344
2025-06-13 00:00:00+00:00,105671.74,106179.53,102664.31,106066.59,2735461890.6929703
2025-06-14 00:00:00+00:00,106066.59,106252.0,104300.0,105414.64,925568614.1784065
2025-06-15 00:00:00+00:00,105414.63,106128.57,104494.53,105594.01,754596887.8748004
2025-06-16 00:00:00+00:00,105594.02,108952.38,104980.37,106794.53,1599849840.7325244
2025-06-17 00:00:00+00:00,106794.53,107771.34,103371.02,104551.17,1883173484.8990998
2025-06-18 00:00:00+00:00,104551.17,105550.27,103500.0,104886.78,1461383024.3622093
2025-06-19 00:00:00+00:00,104886.79,105226.17,103929.27,104658.59,803402575.962045
2025-06-20 00:00:00+00:00,104658.59,106524.65,102345.0,103297.99,1714411911.0114017
2025-06-21 00:00:00+00:00,103297.98,103982.64,100837.9,102120.01,1144829784.7306418
2025-06-22 00:00:00+00:00,102120.02,103399.62,98200.0,100963.87,2892695407.8086877
2025-06-23 00:00:00+00:00,100963.87,106074.2,99613.33,105333.93,2836166831.044449
2025-06-24 00:00:00+00:00,105333.94,106290.0,104622.02,106083.0,1543451113.4563613
2025-06-25 00:00:00+00:00,106083.0,108135.3,105808.03,107340.58,1789545470.94629
2025-06-26 00:00:00+00:00,107340.59,108272.45,106562.5,106947.06,1136093974.6816013
2025-06-27 00:00:00+00:00,106947.06,107735.34,106356.76,107047.59,1308420348.9100094
2025-06-28 00:00:00+00:00,107047.58,107577.75,106811.51,107296.79,352025390.6031135
2025-06-29 00:00:00+00:00,107296.79,108528.5,107172.52,108356.93,736708189.9495684
2025-06-30 00:00:00+00:00,108356.93,108789.99,106733.33,107146.5,1050407152.345058
2025-07-01 00:00:00+00:00,107146.51,107540.0,105250.85,105681.14,1117432945.8926365
2025-07-02 00:00:00+00:00,105681.13,109730.0,105100.19,108849.6,1915699005.8772898
2025-07-03 00:00:00+00:00,108849.59,110529.18,108530.4,109584.78,1429459048.6383262
2025-07-04 00:00:00+00:00,109584.77,109767.59,107245.0,107984.24,1276215111.6683652
2025-07-05 00:00:00+00:00,107984.25,108420.56,107756.31,108198.12,403928702.1967476
2025-07-06 00:00:00+00:00,108198.12,109700.0,107800.01,109203.84,700733299.5112199
2025-07-07 00:00:00+00:00,109203.85,109700.0,107513.2,108262.94,1020848316.0537041
2025-07-08 00:00:00+00:00,108262.94,109216.56,107429.57,108922.98,1000112813.4398943
2025-07-09 00:00:00+00:00,108922.99,111999.79,108324.53,111233.99,1902054744.194924
2025-07-10 00:00:00+00:00,111234.0,116868.0,110500.0,116010.0,2826460280.4452233
2025-07-11 00:00:00+00:00,116010.01,118869.98,115222.22,117527.66,3039521803.027247
2025-07-12 00:00:00+00:00,117527.66,118200.0,116900.05,117420.0,993093353.4068904
2025-07-13 00:00:00+00:00,117420.0,119488.0,117224.79,119086.64,1132096857.0116916
2025-07-14 00:00:00+00:00,119086.65,123218.0,118905.18,119841.18,3299746181.0770736
2025-07-15 00:00:00+00:00,119841.17,119940.83,115736.92,117758.09,3755258445.553272
2025-07-16 00:00:00+00:00,117758.08,120063.84,117017.29,118630.43,2023850383.7234874
2025-07-17 00:00:00+00:00,118630.44,120998.71,117453.57,119177.56,1869114355.1231644
2025-07-18 00:00:00+00:00,119177.56,120820.71,116812.76,117924.84,2367355518.470308
2025-07-19 00:00:00+00:00,117924.84,118499.9,117277.34,117840.0,783327898.4969696
2025-07-20 00:00:00+00:00,117840.01,118856.8,116467.02,117265.12,1528864683.816082
2025-07-21 00:00:00+00:00,117265.11,119676.73,116515.0,117380.36,2020783266.9633648
2025-07-22 00:00:00+00:00,117380.36,120247.8,116128.0,119954.42,2481252763.651911
2025-07-23 00:00:00+00:00,119954.43,120090.0,117301.0,118755.99,1722126986.886661
2025-07-24 00:00:00+00:00,118756.0,119450.0,117103.1,118340.99,1873181653.2018075
2025-07-25 00:00:00+00:00,118340.98,118451.57,114723.16,117614.31,4456778786.620494
2025-07-26 00:00:00+00:00,117614.31,118297.35,117138.38,117919.99,823629079.7493103
2025-07-27 00:00:00+00:00,117919.99,119766.65,117825.5,119415.55,1107883542.1607983
2025-07-28 00:00:00+00:00,119415.56,119800.0,117427.5,118062.32,1655882235.896518
2025-07-29 00:00:00+00:00,118062.32,119273.36,116950.75,117950.76,1788682083.6856463
2025-07-30 00:00:00+00:00,117950.75,118792.0,115796.23,117840.3,1832696878.222986
2025-07-31 00:00:00+00:00,117840.29,118922.45,115500.0,115764.08,2002870016.7022426
2025-08-01 00:00:00+00:00,115764.07,116052.0,112722.58,113297.93,2810268577.15137
2025-08-02 00:00:00+00:00,113297.92,114063.49,112003.0,112546.35,1301882737.326722
2025-08-03 00:00:00+00:00,112546.35,114799.97,111920.0,114208.8,841090034.1542541
2025-08-04 00:00:00+00:00,114208.81,115720.0,114107.6,115055.03,1109938874.0629709
2025-08-05 00:00:00+00:00,115055.03,115127.81,112650.0,114129.75,1371861747.1466167
2025-08-06 00:00:00+00:00,114129.75,115716.0,113355.13,114992.27,1118028732.8589184
2025-08-07 00:00:00+00:00,114992.27,117621.0,114259.0,117472.01,1564454297.836927
2025-08-08 00:00:00+00:00,117472.02,117630.0,115878.71,116674.74,1172199778.7242546
2025-08-09 00:00:00+00:00,116674.74,117944.05,116299.13,116462.25,1111837601.7023723
2025-08-10 00:00:00+00:00,116462.25,119311.11,116460.63,119294.01,1694198747.8718708
2025-08-11 00:00:00+00:00,119294.27,122335.16,118050.11,118686.0,3194611530.5410695
2025-08-12 00:00:00+00:00,118686.0,120324.43,118207.47,120134.08,1992762473.5852578
2025-08-13 00:00:00+00:00,120134.09,123667.79,118920.92,123306.43,2811581348.3874574
2025-08-14 00:00:00+00:00,123306.44,124474.0,117180.0,118295.09,3359128391.108524
2025-08-15 00:00:00+00:00,118295.09,119216.82,116803.99,117342.05,1607609329.685101
2025-08-16 00:00:00+00:00,117342.04,117898.99,117143.98,117380.66,751719391.7723638
2025-08-17 00:00:00+00:00,117380.66,118575.0,117172.21,117405.01,695629197.9038073
2025-08-18 00:00:00+00:00,117405.01,117543.75,114640.14,116227.05,2053814085.4717774
2025-08-19 00:00:00+00:00,116227.05,116725.69,112732.58,112872.94,2065010895.8584664
2025-08-20 00:00:00+00:00,112872.95,114615.38,112380.0,114271.24,1776149566.1247735
2025-08-21 00:00:00+00:00,114271.23,114821.76,112015.67,112500.0,1227373788.615563
2025-08-22 00:00:00+00:00,112500.0,117429.05,111684.79,116935.99,2656625122.2777867
2025-08-23 00:00:00+00:00,116936.0,117030.0,114560.0,115438.05,1308825428.0143585
2025-08-24 00:00:00+00:00,115438.06,115666.68,110680.0,113493.59,2411284606.1891766
2025-08-25 00:00:00+00:00,113493.59,113667.28,109274.1,110111.98,2805570653.631023
2025-08-26 00:00:00+00:00,110111.98,112371.0,108666.66,111763.22,2033437347.4999392
2025-08-27 00:00:00+00:00,111763.22,112625.0,110345.42,111262.01,1493774927.190832
2025-08-28 00:00:00+00:00,111262.01,113485.9,110862.42,112566.9,1250788481.9453218
2025-08-29 00:00:00+00:00,112566.9,112638.64,107463.9,108377.4,2475492492.57753
2025-08-30 00:00:00+00:00,108377.4,108926.15,107350.1,108816.33,1160666772.7387524
2025-08-31 00:00:00+00:00,108816.33,109480.02,108076.93,108246.35,1031806894.3513318
2025-09-01 00:00:00+00:00,108246.36,109912.4,107255.0,109237.42,1742516638.781135
2025-09-02 00:00:00+00:00,109237.43,111771.52,108393.39,111240.01,2042681451.9016385
2025-09-03 00:00:00+00:00,111240.01,112575.27,110528.71,111705.71,1313762617.3436644
2025-09-04 00:00:00+00:00,111705.72,112180.0,109329.12,110730.87,1349031325.5320847
2025-09-05 00:00:00+00:00,110730.87,113384.62,110206.96,110659.99,2413132200.623325
2025-09-06 00:00:00+00:00,110660.0,111307.7,109977.0,110187.97,552785936.5434699
2025-09-07 00:00:00+00:00,110187.98,111600.0,110180.0,111137.34,630447950.1588689
2025-09-08 00:00:00+00:00,111137.35,112924.37,110621.78,112065.23,1295903862.4649603
2025-09-09 00:00:00+00:00,112065.23,113293.29,110766.66,111546.39,1721465997.906366
2025-09-10 00:00:00+00:00,111546.38,114313.13,110917.45,113960.0,1978834750.2223115
2025-09-11 00:00:00+00:00,113960.0,115488.09,113430.0,115482.69,1562241144.956541
2025-09-12 00:00:00+00:00,115482.69,116665.63,114740.99,116029.42,1772122269.5018635
2025-09-13 00:00:00+00:00,116029.41,116298.78,115127.27,115918.29,957724220.6497611
2025-09-14 00:00:00+00:00,115918.29,116165.19,115135.0,115268.01,775762364.9685991
2025-09-15 00:00:00+00:00,115268.01,116757.99,114384.0,115349.71,1522648235.2235153
2025-09-16 00:00:00+00:00,115349.71,116964.27,114737.11,116788.96,1265779287.5169268
2025-09-17 00:00:00+00:00,116788.96,117286.73,114720.81,116447.59,1946083704.6217456
2025-09-18 00:00:00+00:00,116447.6,117900.0,116092.76,117073.53,1367513347.4865093
2025-09-19 00:00:00+00:00,117073.53,117459.99,115100.0,115632.38,1045792401.4532388
2025-09-20 00:00:00+00:00,115632.39,116121.81,115408.47,115685.63,541264273.2416894
2025-09-21 00:00:00+00:00,115685.63,115819.06,115188.0,115232.29,521299751.1504096
2025-09-22 00:00:00+00:00,115232.29,115379.25,111800.0,112650.99,2348872511.698875
2025-09-23 00:00:00+00:00,112650.99,113290.5,111458.73,111998.8,1383869800.273703
2025-09-24 00:00:00+00:00,111998.8,113940.0,111042.66,113307.0,1394470628.502582
2025-09-25 00:00:00+00:00,113307.01,113510.23,108631.51,108994.49,2356639689.925215
2025-09-26 00:00:00+00:00,108994.49,110300.0,108620.07,109643.46,1557098915.9392595
2025-09-27 00:00:00+00:00,109643.46,109743.91,109064.4,109635.85,601947588.9970765
2025-09-28 00:00:00+00:00,109635.85,112350.0,109189.99,112163.95,832254944.3203353
2025-09-29 00:00:00+00:00,112163.96,114400.0,111560.65,114311.96,1755247635.871136
2025-09-30 00:00:00+00:00,114311.97,114792.0,112656.27,114048.93,1710713267.1300955
2025-10-01 00:00:00+00:00,114048.94,118649.1,113966.67,118594.99,2332096981.2659335
2025-10-02 00:00:00+00:00,118594.99,121022.07,118279.31,120529.35,2349861127.3445807
2025-10-03 00:00:00+00:00,120529.35,123894.99,119248.3,122232.0,2907381076.6813188
2025-10-04 00:00:00+00:00,122232.21,122800.0,121510.0,122391.0,1002272903.3446472
2025-10-05 00:00:00+00:00,122390.99,125708.42,122136.0,123482.31,2730817470.939564
2025-10-06 00:00:00+00:00,123482.32,126199.63,123084.0,124658.54,2428828952.2653184
2025-10-07 00:00:00+00:00,124658.54,125126.0,120574.94,121332.95,2657405799.8705487
2025-10-08 00:00:00+00:00,121332.96,124197.25,121066.14,123306.0,2084842842.441617
2025-10-09 00:00:00+00:00,123306.01,123762.94,119651.47,121662.4,2621438087.566733
2025-10-10 00:00:00+00:00,121662.41,122550.0,102000.0,112774.5,7349750905.041158
2025-10-11 00:00:00+00:00,112774.49,113322.39,109561.59,110644.4,3961069473.2311363
2025-10-12 00:00:00+00:00,110644.4,115770.0,109565.06,114958.8,3638546528.7401557
2025-10-13 00:00:00+00:00,114958.81,115963.81,113616.5,115166.0,2591831660.9857492
2025-10-14 00:00:00+00:00,115166.0,115409.96,109866.0,113028.14,3578140778.808499
2025-10-15 00:00:00+00:00,113028.13,113612.35,110164.0,110763.28,2569639641.3527684
2025-10-16 00:00:00+00:00,110763.28,111982.45,107427.0,108194.28,3277596494.7619195
2025-10-17 00:00:00+00:00,108194.27,109240.0,103528.23,106431.68,4022645635.221202
2025-10-18 00:00:00+00:00,106431.68,107499.0,106322.2,107185.01,1189002999.143113
2025-10-19 00:00:00+00:00,107185.0,109450.07,106103.36,108642.78,1670074079.5802343
2025-10-20 00:00:00+00:00,108642.77,111705.56,107402.52,110532.09,2119912185.5934682
2025-10-21 00:00:00+00:00,110532.09,114000.0,107473.72,108297.67,4114477849.932054
2025-10-22 00:00:00+00:00,108297.66,109163.88,106666.69,107567.44,3090291706.4439816
2025-10-23 00:00:00+00:00,107567.45,111293.61,107500.0,110078.18,1924582289.411394
2025-10-24 00:00:00+00:00,110078.19,112104.98,109700.01,111004.89,1662806764.9533324
2025-10-25 00:00:00+00:00,111004.9,111943.19,110672.86,111646.27,714201332.9751225
2025-10-26 00:00:00+00:00,111646.27,115466.8,111260.45,114559.4,1525108635.874829
2025-10-27 00:00:00+00:00,114559.41,116400.0,113830.01,114107.65,2470872744.5489683
2025-10-28 00:00:00+00:00,114107.65,116086.0,112211.0,112898.45,1772753529.8642743
2025-10-29 00:00:00+00:00,112898.44,113643.73,109200.0,110021.29,2356715986.5335455
2025-10-30 00:00:00+00:00,110021.3,111592.0,106304.34,108322.88,2827221287.4227977
2025-10-31 00:00:00+00:00,108322.87,111190.0,108275.28,109608.01,2361590437.9414105
2025-11-01 00:00:00+00:00,109608.01,110564.49,109394.81,110098.1,812389216.4346797
2025-11-02 00:00:00+00:00,110098.1,111250.01,109471.34,110540.68,1336870531.1415012
2025-11-03 00:00:00+00:00,110540.69,110750.0,105306.56,106583.04,3076006652.0015674
2025-11-04 00:00:00+00:00,106583.05,107299.0,98944.36,101497.22,5197697635.212413
2025-11-05 00:00:00+00:00,101497.23,104534.74,98966.8,103885.16,3454273922.700385
2025-11-06 00:00:00+00:00,103885.16,104200.0,100300.95,101346.04,2641767846.305827
2025-11-07 00:00:00+00:00,101346.04,104096.36,99260.86,103339.08,3251112979.305884
2025-11-08 00:00:00+00:00,103339.09,103406.22,101454.0,102312.94,1267165565.3752701
2025-11-09 00:00:00+00:00,102312.95,105495.62,101400.0,104722.96,1687020822.3668208
2025-11-10 00:00:00+00:00,104722.95,106670.11,104265.02,106011.13,2400141664.389342
2025-11-11 00:00:00+00:00,106011.13,107500.0,102476.09,103058.99,2532279071.0069213
2025-11-12 00:00:00+00:00,103059.0,105333.33,100813.59,101654.37,2108514405.2608771
2025-11-13 00:00:00+00:00,101654.37,104085.01,98000.4,99692.02,3654698026.5403805
2025-11-14 00:00:00+00:00,99692.03,99866.02,94012.45,94594.0,4566085156.747207
2025-11-15 00:00:00+00:00,94594.0,96846.68,94558.49,95596.24,1449074019.0674856
2025-11-16 00:00:00+00:00,95596.23,96635.11,93005.55,94261.44,2261295524.8173394
2025-11-17 00:00:00+00:00,94261.45,96043.0,91220.0,92215.14,3674562070.238606
2025-11-18 00:00:00+00:00,92215.14,93836.01,89253.78,92960.83,3641033186.3004584
2025-11-19 00:00:00+00:00,92960.83,92980.22,88608.0,91554.96,2925773651.255958
2025-11-20 00:00:00+00:00,91554.96,93160.0,86100.0,86637.23,3548950335.0984216
2025-11-21 00:00:00+00:00,86637.22,87498.94,80600.0,85129.43,6061348756.341564
2025-11-22 00:00:00+00:00,85129.42,85620.0,83500.0,84739.74,1197657354.9690385
2025-11-23 00:00:00+00:00,84739.75,88127.64,84667.57,86830.0,1708685030.2798696
2025-11-24 00:00:00+00:00,86830.0,89228.0,85272.0,88300.01,2150393686.920318
2025-11-25 00:00:00+00:00,88300.01,88519.99,86116.0,87369.96,1708989000.038937
2025-11-26 00:00:00+00:00,87369.97,90656.08,86306.77,90484.02,1916851896.6699688
2025-11-27 00:00:00+00:00,90484.01,91950.0,90089.91,91333.95,1535778106.5787077
2025-11-28 00:00:00+00:00,91333.94,93092.0,90180.63,90890.7,1721418035.0795596
2025-11-29 00:00:00+00:00,90890.71,91165.65,90155.47,90802.44,673725652.9787655
2025-11-30 00:00:00+00:00,90802.44,92000.01,90336.9,90360.0,884051773.1655338
2025-12-01 00:00:00+00:00,90360.01,90417.0,83822.76,86286.01,2977024047.2231607
2025-12-02 00:00:00+00:00,86286.01,92307.65,86184.39,91277.88,2519515177.662365
2025-12-03 00:00:00+00:00,91277.88,94150.0,90990.23,93429.95,2386223626.86139
2025-12-04 00:00:00+00:00,93429.95,94080.0,90889.0,92078.06,1836645629.33462
2025-12-05 00:00:00+00:00,92078.06,92692.36,88056.0,89330.04,1788436983.8106546
2025-12-06 00:00:00+00:00,89330.04,90289.97,88908.01,89236.79,753420679.8063259
2025-12-07 00:00:00+00:00,89236.8,91760.0,87719.28,90395.31,1167866486.8455212
2025-12-08 00:00:00+00:00,90395.32,92287.15,89612.0,90634.34,1436920018.8936133
2025-12-09 00:00:00+00:00,90634.35,94588.99,89500.0,92678.8,1956261065.6071732
2025-12-10 00:00:00+00:00,92678.81,94476.0,91563.15,92015.37,1758773276.2478049
2025-12-11 00:00:00+00:00,92015.38,93555.0,89260.63,92513.38,1814322119.0658488
2025-12-12 00:00:00+00:00,92513.38,92754.0,89480.0,90268.42,1521683425.5648005
2025-12-13 00:00:00+00:00,90268.43,90634.55,89766.39,90240.01,532250544.5904015
2025-12-14 00:00:00+00:00,90240.0,90472.4,87577.36,88172.17,839079130.8378651
2025-12-15 00:00:00+00:00,88172.16,90052.64,85146.64,86432.08,1732823429.5017288
2025-12-16 00:00:00+00:00,86432.08,88175.98,85266.0,87863.42,1604673428.6527836
2025-12-17 00:00:00+00:00,87863.43,90365.85,85314.0,86243.22,1733348496.6703594
2025-12-18 00:00:00+00:00,86243.23,89477.61,84450.01,85516.41,2204223872.6696463
2025-12-19 00:00:00+00:00,85516.41,89399.97,85110.24,88136.94,1863236625.932864
2025-12-20 00:00:00+00:00,88136.95,88573.07,87795.76,88360.9,451919022.7277595
2025-12-21 00:00:00+00:00,88360.91,89081.77,87600.04,88658.86,629720971.7866651
2025-12-22 00:00:00+00:00,88658.87,90588.23,87900.0,88620.79,1310235631.747926
2025-12-23 00:00:00+00:00,88620.79,88940.0,86601.9,87486.0,1219899607.2677548
2025-12-24 00:00:00+00:00,87486.0,88049.89,86420.0,87669.45,797460526.4738462
2025-12-25 00:00:00+00:00,87669.44,88592.74,86934.72,87225.27,622970453.6497647
2025-12-26 00:00:00+00:00,87225.27,89567.75,86655.08,87369.56,1616722115.636646
2025-12-27 00:00:00+00:00,87369.56,87984.0,87253.05,87877.01,391274205.274436
2025-12-28 00:00:00+00:00,87877.0,88088.75,87435.0,87952.71,390327299.1502763
2025-12-29 00:00:00+00:00,87952.71,90406.08,86806.5,87237.13,1762011993.0377953
2025-12-30 00:00:00+00:00,87237.13,89400.0,86845.66,88485.49,1155016404.4786754
2025-12-31 00:00:00+00:00,88485.5,89200.0,87250.0,87648.22,1019746835.2795268
2026-01-01 00:00:00+00:00,87648.21,88919.45,87550.43,88839.04,552991635.2911001
2026-01-02 00:00:00+00:00,88839.05,90961.81,88379.88,89995.13,1558958860.8870876
2026-01-03 00:00:00+00:00,89995.14,90741.16,89314.01,90628.01,635514773.6093655
2026-01-04 00:00:00+00:00,90628.01,91810.0,90628.0,91529.73,952160980.5212084
2026-01-05 00:00:00+00:00,91529.74,94789.08,91514.81,93859.71,1927455243.548076
2026-01-06 00:00:00+00:00,93859.71,94444.44,91262.94,93747.97,1728045542.298375
2026-01-07 00:00:00+00:00,93747.97,93747.97,90675.52,91364.16,1311906952.9749737
2026-01-08 00:00:00+00:00,91364.16,91687.99,89311.0,91099.99,1460622501.2073882
2026-01-09 00:00:00+00:00,91100.0,92082.55,89694.66,90641.28,1416907180.1870482
2026-01-10 00:00:00+00:00,90641.27,90832.0,90404.0,90504.7,281321375.4802981
2026-01-11 00:00:00+00:00,90504.7,91283.89,90236.0,91013.65,497245863.9319499
2026-01-12 00:00:00+00:00,91013.66,92519.95,90128.44,91296.2,1479964862.2693064
2026-01-13 00:00:00+00:00,91296.2,96495.0,91042.66,95414.0,2149770801.117704
2026-01-14 00:00:00+00:00,95413.99,97924.49,94559.28,96951.78,2201535821.648615
2026-01-15 00:00:00+00:00,96951.78,97193.34,95134.48,95604.8,2093008182.8437335
2026-01-16 00:00:00+00:00,95604.81,95871.47,94293.46,95550.94,1064019408.0772514
2026-01-17 00:00:00+00:00,95550.94,95639.45,95021.67,95147.77,408161941.6719079
2026-01-18 00:00:00+00:00,95147.77,95531.12,93615.4,93673.14,654773743.2677118
2026-01-19 00:00:00+00:00,93673.14,93673.14,91910.2,92631.0,1326770336.049047
2026-01-20 00:00:00+00:00,92630.99,92870.0,87895.98,88427.66,1989676668.5941782
2026-01-21 00:00:00+00:00,88427.66,90574.0,87263.53,89454.73,1837708115.3597033
2026-01-22 00:00:00+00:00,89454.73,90359.99,88515.37,89559.67,969910623.3559886
2026-01-23 00:00:00+00:00,89559.68,91224.99,88578.36,89600.26,1248772265.678843
2026-01-24 00:00:00+00:00,89600.26,89957.39,89162.08,89225.34,378464146.0918812
2026-01-25 00:00:00+00:00,89225.34,89319.13,86074.72,86670.36,1264233689.841581
2026-01-26 00:00:00+00:00,86670.36,88860.0,86509.63,88347.08,1560135758.989215
2026-01-27 00:00:00+00:00,88347.08,89523.16,87304.33,89250.0,1160026853.5895033
2026-01-28 00:00:00+00:00,89249.99,90600.0,88833.65,89299.99,1283919840.851472
2026-01-29 00:00:00+00:00,89300.0,89348.0,83383.33,84650.16,2610381587.9100037
2026-01-30 00:00:00+00:00,84650.16,84735.75,81118.0,84260.49,2918624066.481832
2026-01-31 00:00:00+00:00,84260.5,84270.02,75719.9,78741.09,3155264093.623044
2026-02-01 00:00:00+00:00,78741.1,79424.0,75700.0,76968.21,1974920557.0473866
2026-02-02 00:00:00+00:00,76968.22,79360.0,74604.0,78738.61,3260752444.4613295
2026-02-03 00:00:00+00:00,78738.6,79186.81,72945.5,75770.21,2986903008.574792
2026-02-04 00:00:00+00:00,75770.21,76971.52,71888.0,73165.83,2852834631.5391464
2026-02-05 00:00:00+00:00,73165.84,73341.18,62345.0,62909.86,7198745594.280694
2026-02-06 00:00:00+00:00,62909.87,71751.33,60000.0,70580.26,6134056670.6115055
2026-02-07 00:00:00+00:00,70580.26,71690.07,67300.0,69289.38,3058983879.0691524
2026-02-08 00:00:00+00:00,69289.37,72271.41,68888.0,70330.38,1510003758.652842
2026-02-09 00:00:00+00:00,70330.38,71453.53,68308.0,70138.0,2038959539.4209776
2026-02-10 00:00:00+00:00,70138.0,70527.59,67800.0,68841.29,1408623623.3599253
2026-02-11 00:00:00+00:00,68841.28,69292.88,65756.0,67082.52,1930513947.5441146
2026-02-12 00:00:00+00:00,67082.52,68410.52,65118.0,66272.17,1622162145.3342066
2026-02-13 00:00:00+00:00,66272.17,69482.97,65872.46,68853.96,1371286022.3300548
2026-02-14 00:00:00+00:00,68853.97,70560.01,68730.13,69822.95,1260259314.3600264
2026-02-15 00:00:00+00:00,69822.94,70983.0,68000.0,68832.58,1545094572.1368146
2026-02-16 00:00:00+00:00,68832.59,70126.67,67294.11,68892.43,1062797918.2535971
2026-02-17 00:00:00+00:00,68892.43,69241.5,66621.06,67503.52,1117987651.294812
2026-02-18 00:00:00+00:00,67503.52,68476.22,65870.0,66461.0,1040493524.6521236
2026-02-19 00:00:00+00:00,66461.0,67320.0,65631.83,67003.73,968863572.7821527
2026-02-20 00:00:00+00:00,67003.73,68318.39,66280.2,68020.01,2378079150.5678473
2026-02-21 00:00:00+00:00,68020.0,68698.7,67534.69,67975.93,547592078.8471988
2026-02-22 00:00:00+00:00,67975.93,68245.0,67190.0,67643.4,553613335.5774136
2026-02-23 00:00:00+00:00,67643.39,67684.86,63888.79,64656.02,2158158656.1215167
2026-02-24 00:00:00+00:00,64656.01,65026.75,62510.28,64058.15,1469512159.7199352
2026-02-25 00:00:00+00:00,64058.15,69988.83,63913.27,67988.04,2064089702.844435
2026-02-26 00:00:00+00:00,67988.04,68860.0,66500.0,67485.18,1404774665.564561
2026-02-27 00:00:00+00:00,67485.19,68216.8,64914.46,65872.1,1412033823.5619729
2026-02-28 00:00:00+00:00,65872.09,67760.0,63030.0,66973.26,1462864408.2615664
2026-03-01 00:00:00+00:00,66973.26,68199.99,65056.0,65776.47,1545783742.9062002
2026-03-02 00:00:00+00:00,65776.48,70096.0,65259.21,68830.06,2164578841.845917
2026-03-03 00:00:00+00:00,68830.06,69258.08,66158.0,68338.0,1691848669.9430182
2026-03-04 00:00:00+00:00,68338.01,74050.0,67400.0,72666.77,3202864447.6324606
2026-03-05 00:00:00+00:00,72666.77,73558.15,70645.47,70890.72,1917514690.387834
2026-03-06 00:00:00+00:00,70891.02,71419.98,67744.78,68114.02,1574601198.874888
2026-03-07 00:00:00+00:00,68114.02,68551.04,66915.26,67262.91,861729861.8530488
2026-03-08 00:00:00+00:00,67262.91,68200.0,65618.49,65971.2,1447522160.3154545
2026-03-09 00:00:00+00:00,65971.2,69516.65,65821.97,68432.16,1967622051.44968
2026-03-10 00:00:00+00:00,68432.16,71777.0,68391.41,69948.63,2292525621.4405203
2026-03-11 00:00:00+00:00,69948.64,71321.0,68977.91,70191.86,1911300596.2341678
2026-03-12 00:00:00+00:00,70191.86,70800.0,69205.91,70541.34,1540745224.510106
2026-03-13 00:00:00+00:00,70541.34,73913.74,70386.01,70930.0,2591768526.296147
2026-03-14 00:00:00+00:00,70930.01,71307.92,70317.0,71211.95,921308630.9462769
2026-03-15 00:00:00+00:00,71211.95,73199.0,70858.82,72815.24,1007334955.2436514
2026-03-16 00:00:00+00:00,72815.25,74909.08,72270.41,74884.67,2095859511.5648637
2026-03-17 00:00:00+00:00,74884.67,76000.0,73399.19,73909.36,1825976731.3326733
2026-03-18 00:00:00+00:00,73909.37,74672.34,70500.0,71246.54,1692949838.9777424
2026-03-19 00:00:00+00:00,71246.55,71613.79,68793.35,69930.0,1566573949.8604124
2026-03-20 00:00:00+00:00,69930.01,71367.0,69388.0,70510.73,1273812840.6886704
2026-03-21 00:00:00+00:00,70510.73,71100.94,68571.42,68918.12,942693882.026424
2026-03-22 00:00:00+00:00,68918.12,69588.79,67360.66,67859.0,1018926475.3196974
2026-03-23 00:00:00+00:00,67859.0,71817.09,67445.18,70906.45,1980755169.231694
2026-03-24 00:00:00+00:00,70906.45,71400.0,68923.07,70556.74,1455361229.2099645
2026-03-25 00:00:00+00:00,70556.74,72026.09,70408.0,71336.53,1261017988.5394323
2026-03-26 00:00:00+00:00,71336.53,71436.82,68153.0,68820.31,1447699734.339839
2026-03-27 00:00:00+00:00,68820.31,69179.05,65548.25,66407.28,1917318222.709913
2026-03-28 00:00:00+00:00,66407.28,67288.94,65932.09,66377.03,762676255.4470605
2026-03-29 00:00:00+00:00,66377.04,67130.5,65000.0,66010.93,667003517.605987
2026-03-30 00:00:00+00:00,66010.93,68169.65,65800.59,66797.37,1234617690.8920753
2026-03-31 00:00:00+00:00,66797.38,68589.49,65998.05,68284.48,1490168487.4548745
2026-04-01 00:00:00+00:00,68284.49,69310.0,67578.75,68113.92,1301708227.0745244
2026-04-02 00:00:00+00:00,68113.92,68653.38,65712.12,66901.99,1349223461.5270572
2026-04-03 00:00:00+00:00,66901.99,67370.42,66282.0,66964.3,763535606.9777881
2026-04-04 00:00:00+00:00,66964.29,67562.93,66775.91,67300.42,494932017.4232442
2026-04-05 00:00:00+00:00,67300.42,69136.2,66611.66,69034.18,791661977.3234503
2026-04-06 00:00:00+00:00,69034.18,70351.46,68300.0,68853.66,1408020173.0961628
2026-04-07 00:00:00+00:00,68853.66,72761.0,67732.01,71924.22,1649637855.842697
2026-04-08 00:00:00+00:00,71924.22,72857.0,70707.23,71069.93,1418484188.0521238
2026-04-09 00:00:00+00:00,71069.93,73145.0,70466.0,71787.97,1300323816.009336
2026-04-10 00:00:00+00:00,71787.98,73434.0,71426.15,72962.7,1259195636.055663
2026-04-11 00:00:00+00:00,72962.71,73790.0,72513.09,73043.16,662437113.7096702
2026-04-12 00:00:00+00:00,73043.16,73137.24,70505.88,70740.98,962825891.8165911
2026-04-13 00:00:00+00:00,70741.56,74900.0,70566.99,74417.99,1753370318.184166
2026-04-14 00:00:00+00:00,74418.0,76038.0,73795.47,74131.55,1982728989.60722
2026-04-15 00:00:00+00:00,74131.55,75425.0,73514.0,74809.99,1071448612.5370219
2026-04-16 00:00:00+00:00,74809.99,75534.76,73309.85,75154.29,1274894123.7496114
2026-04-17 00:00:00+00:00,75154.28,78333.0,74529.4,77072.0,1987343208.84067
2026-04-18 00:00:00+00:00,77072.01,77420.08,75445.16,75691.76,698008567.9340073
2026-04-19 00:00:00+00:00,75691.76,76240.66,73762.9,73801.79,854915370.4407915
2026-04-20 00:00:00+00:00,73801.8,76558.62,73724.31,75840.97,1280503914.3710752
2026-04-21 00:00:00+00:00,75840.97,76927.57,74821.57,76336.15,1132118272.558311
2026-04-22 00:00:00+00:00,76336.14,79472.82,76132.95,78178.23,1543732085.5463338
2026-04-23 00:00:00+00:00,78178.22,78662.5,76960.0,78257.48,1321349698.3542461
2026-04-24 00:00:00+00:00,78257.48,78581.93,77264.08,77437.13,986932564.6001965
2026-04-25 00:00:00+00:00,77437.13,77885.35,77140.23,77625.0,440684004.3451535
2026-04-26 00:00:00+00:00,77625.0,78961.0,77326.51,78657.55,621991973.4848
2026-04-27 00:00:00+00:00,78657.55,79485.66,76459.64,77371.32,1247833550.0841923
2026-04-28 00:00:00+00:00,77371.32,77478.0,75666.6,76342.77,1010412673.5550212
2026-04-29 00:00:00+00:00,76342.78,77904.93,74937.52,75780.0,1399735858.3455281
2026-04-30 00:00:00+00:00,75780.0,76669.14,75323.65,76346.57,790584591.689154
2026-05-01 00:00:00+00:00,76346.58,78914.12,76320.42,78231.13,1347837835.9195642
2026-05-02 00:00:00+00:00,78231.13,79199.48,78040.0,78686.85,482238389.4494098
2026-05-03 00:00:00+00:00,78686.84,79447.0,78084.08,78568.57,584294330.4516286
2026-05-04 00:00:00+00:00,78568.58,80776.99,78202.0,79861.01,2074174850.511439
2026-05-05 00:00:00+00:00,79861.01,81791.48,79808.72,80905.52,1374319029.230936
2026-05-06 00:00:00+00:00,80905.53,82850.0,80731.14,81447.01,1535650624.7612484
2026-05-07 00:00:00+00:00,81447.01,81708.32,79500.0,80006.0,1300766382.1023338
2026-05-08 00:00:00+00:00,80006.0,80500.0,79181.48,80193.17,1278566045.4172618
2026-05-09 00:00:00+00:00,80193.18,81080.0,80129.85,80678.4,607596225.9864202
2026-05-10 00:00:00+00:00,80678.41,82479.32,80279.77,82210.07,977223714.2634745
2026-05-11 00:00:00+00:00,82210.07,82380.0,80462.97,81745.65,1053193670.8757555
2026-05-12 00:00:00+00:00,81745.66,81788.0,79843.59,80504.47,1000180167.440677
2026-05-13 00:00:00+00:00,80504.47,81324.64,78754.65,79313.61,1184929842.8688235
2026-05-14 00:00:00+00:00,79313.61,82048.13,78922.0,81089.99,1590656475.018797
2026-05-15 00:00:00+00:00,81090.0,81664.45,78659.0,79113.21,1387152674.368868
2026-05-16 00:00:00+00:00,79113.2,79227.77,77640.0,78148.05,949890656.658851
2026-05-17 00:00:00+00:00,78148.05,78599.99,76735.16,77457.67,658061481.644852
2026-05-18 00:00:00+00:00,77457.67,77800.0,76051.0,77001.87,1439862031.891971
2026-05-19 00:00:00+00:00,77001.88,77414.62,76144.71,76834.36,846904378.3078035
2026-05-20 00:00:00+00:00,76834.36,77853.04,76516.74,77552.23,873091271.4716351
2026-05-21 00:00:00+00:00,77552.24,78200.0,76719.47,77615.52,878168697.2277492
2026-05-22 00:00:00+00:00,77615.52,77900.0,75359.18,75539.5,866200460.9104595
2026-05-23 00:00:00+00:00,75539.5,77404.18,74289.6,76752.01,1138996605.773816
2026-05-24 00:00:00+00:00,76752.0,77543.15,76108.0,77064.96,644925517.611316
2026-05-25 00:00:00+00:00,77064.96,77905.52,76914.25,77322.01,593868004.9975973
2026-05-26 00:00:00+00:00,77322.01,78080.0,75677.97,75930.01,1299609317.6975918
2026-05-27 00:00:00+00:00,75930.01,76174.15,74243.99,74449.3,1270680262.9088242
2026-05-28 00:00:00+00:00,74449.31,74590.77,72582.82,73617.51,1560808525.5072746
2026-05-29 00:00:00+00:00,73617.52,74514.1,72512.49,73460.78,1376106492.906427
2026-05-30 00:00:00+00:00,73460.78,74143.76,73216.0,73884.38,553989386.1115206
2026-05-31 00:00:00+00:00,73884.38,74275.66,73400.0,73674.39,515907532.5891972
