time,open,high,low,close,volume
2020-01-01 00:00:00+00:00,7189.43,7260.43,7170.15,7197.57,409678760.56957
2020-01-02 00:00:00+00:00,7197.57,7209.59,6922.0,6962.04,815627831.08338
2020-01-03 00:00:00+00:00,6962.34,7407.28,6863.44,7341.72,1507313613.42952
2020-01-04 00:00:00+00:00,7341.6,7400.0,7269.21,7350.71,678402363.73751
2020-01-05 00:00:00+00:00,7350.54,7495.0,7303.0,7354.36,874488521.38096
2020-01-06 00:00:00+00:00,7354.36,7808.65,7345.0,7757.39,1272203777.30362
2020-01-07 00:00:00+00:00,7757.74,8215.33,7733.0,8152.49,2233372067.10005
2020-01-08 00:00:00+00:00,8150.9,8468.42,7870.11,8059.84,2644782835.79284
2020-01-09 00:00:00+00:00,8059.77,8060.0,7750.01,7818.59,1478591346.02358
2020-01-10 00:00:00+00:00,7817.91,8210.62,7670.0,8207.09,2013738849.92087
2020-01-11 00:00:00+00:00,8207.2,8292.19,8003.87,8020.56,1338581053.9655
2020-01-12 00:00:00+00:00,8020.58,8195.0,7956.28,8186.7,881428055.68761
2020-01-13 00:00:00+00:00,8186.22,8200.0,8053.78,8113.0,604921759.06788
2020-01-14 00:00:00+00:00,8112.99,8893.0,8109.02,8825.0,2496741836.26976
2020-01-15 00:00:00+00:00,8825.0,8921.2,8570.52,8825.3,2084078908.15777
2020-01-16 00:00:00+00:00,8825.35,8868.21,8596.25,8725.08,1460649456.34463
2020-01-17 00:00:00+00:00,8724.99,9039.0,8680.0,8918.72,1827760141.13558
2020-01-18 00:00:00+00:00,8918.73,8995.0,8816.0,8925.0,1021654832.44937
2020-01-19 00:00:00+00:00,8925.0,9205.3,8440.91,8705.85,1990403744.33708
2020-01-20 00:00:00+00:00,8705.98,8750.37,8526.06,8650.0,1083263125.12439
2020-01-21 00:00:00+00:00,8650.0,8790.1,8448.6,8742.43,931932876.50871
2020-01-22 00:00:00+00:00,8742.78,8820.0,8585.85,8684.57,819676430.85578
2020-01-23 00:00:00+00:00,8684.47,8694.0,8326.0,8409.6,1383035382.70483
2020-01-24 00:00:00+00:00,8410.0,8528.0,8247.0,8441.96,1217077351.53608
2020-01-25 00:00:00+00:00,8442.82,8455.0,8272.0,8344.64,809079683.34699
2020-01-26 00:00:00+00:00,8344.37,8624.45,8300.0,8611.21,999306483.13926
2020-01-27 00:00:00+00:00,8611.21,9015.48,8565.0,8913.61,1511064610.55725
2020-01-28 00:00:00+00:00,8913.61,9436.06,8905.0,9398.98,2222778105.27098
2020-01-29 00:00:00+00:00,9399.72,9460.52,9242.0,9311.0,1584974428.29945
2020-01-30 00:00:00+00:00,9311.23,9599.0,9210.42,9525.67,1789181440.43438
2020-01-31 00:00:00+00:00,9525.67,9550.72,9220.0,9364.51,1373298967.87264
2020-02-01 00:00:00+00:00,9364.5,9477.76,9306.0,9392.74,1024210862.88076
2020-02-02 00:00:00+00:00,9392.99,9489.92,9160.01,9338.2,1391948766.66181
2020-02-03 00:00:00+00:00,9340.49,9647.61,9250.0,9300.64,1491076833.73277
2020-02-04 00:00:00+00:00,9300.63,9368.0,9105.0,9198.35,1363688333.14538
2020-02-05 00:00:00+00:00,9198.32,9799.08,9179.88,9630.0,2014987376.43659
2020-02-06 00:00:00+00:00,9630.0,9884.0,9550.0,9778.12,1950865328.54665
2020-02-07 00:00:00+00:00,9777.97,9900.0,9736.66,9821.52,1272175090.89561
2020-02-08 00:00:00+00:00,9821.52,9956.0,9680.55,9906.43,1270369231.27298
2020-02-09 00:00:00+00:00,9906.09,10184.34,9892.15,10167.38,1446593331.85639
2020-02-10 00:00:00+00:00,10167.37,10213.56,9750.0,9865.56,1831546625.42966
2020-02-11 00:00:00+00:00,9865.56,10409.96,9729.36,10229.06,1906183204.95577
2020-02-12 00:00:00+00:00,10230.74,10479.98,10229.71,10339.99,1650500848.23864
2020-02-13 00:00:00+00:00,10339.64,10540.0,10101.0,10239.63,2192034973.13267
2020-02-14 00:00:00+00:00,10240.02,10390.0,10123.37,10356.82,1345001966.03801
2020-02-15 00:00:00+00:00,10356.27,10389.75,9752.3,9914.99,1533600988.37217
2020-02-16 00:00:00+00:00,9914.31,10060.45,9626.64,9921.86,1398906974.55862
2020-02-17 00:00:00+00:00,9921.87,9971.0,9461.89,9716.0,1795989784.48734
2020-02-18 00:00:00+00:00,9716.0,10270.0,9598.0,10174.32,1642320613.87592
2020-02-19 00:00:00+00:00,10174.53,10286.0,9293.07,9593.65,1861820032.84195
2020-02-20 00:00:00+00:00,9593.31,9700.0,9382.59,9601.99,1370467343.1851
2020-02-21 00:00:00+00:00,9601.51,9759.59,9547.0,9681.39,957995037.551
2020-02-22 00:00:00+00:00,9681.39,9710.7,9565.0,9659.2,563688224.30407
2020-02-23 00:00:00+00:00,9658.95,10018.9,9657.0,9943.12,959596142.38798
2020-02-24 00:00:00+00:00,9943.12,10000.0,9487.38,9662.95,1535789024.65726
2020-02-25 00:00:00+00:00,9662.88,9686.78,9247.0,9326.0,1596316068.55609
2020-02-26 00:00:00+00:00,9326.0,9384.0,8610.0,8792.22,2409004404.57587
2020-02-27 00:00:00+00:00,8793.96,8978.0,8533.9,8828.0,1763578868.15436
2020-02-28 00:00:00+00:00,8827.12,8908.86,8450.0,8699.57,1698656157.08208
2020-02-29 00:00:00+00:00,8699.86,8799.83,8530.0,8531.98,898160923.81681
2020-03-01 00:00:00+00:00,8532.5,8762.24,8409.0,8537.84,1494294629.10932
2020-03-02 00:00:00+00:00,8537.84,8972.0,8504.95,8919.7,1405207928.76918
2020-03-03 00:00:00+00:00,8919.7,8922.34,8657.41,8765.0,1406716868.87184
2020-03-04 00:00:00+00:00,8765.0,8853.88,8669.23,8756.93,923600039.89969
2020-03-05 00:00:00+00:00,8755.98,9172.3,8755.98,9062.81,1458350448.94803
2020-03-06 00:00:00+00:00,9062.62,9179.75,8994.14,9139.48,1045435230.09336
2020-03-07 00:00:00+00:00,9139.77,9204.0,8850.0,8897.18,1135455550.23333
2020-03-08 00:00:00+00:00,8895.62,8897.71,7997.7,8038.46,2003492668.69928
2020-03-09 00:00:00+00:00,8038.99,8182.31,7635.21,7932.15,2627368283.37935
2020-03-10 00:00:00+00:00,7932.45,8156.31,7733.0,7897.66,2044527824.74198
2020-03-11 00:00:00+00:00,7898.21,7988.0,7593.29,7938.39,1724800753.69309
2020-03-12 00:00:00+00:00,7938.39,7969.0,4347.0,4764.65,4935684191.16036
2020-03-13 00:00:00+00:00,4762.28,5971.0,3621.81,5570.26,4777193239.09059
2020-03-14 00:00:00+00:00,5569.84,5638.42,5040.0,5167.01,1697439879.44057
2020-03-15 00:00:00+00:00,5167.21,5954.47,5089.12,5357.32,1916062699.25133
2020-03-16 00:00:00+00:00,5354.81,5361.26,4413.62,5026.26,3043134893.44952
2020-03-17 00:00:00+00:00,5027.11,5529.98,4913.49,5307.38,2271134947.39557
2020-03-18 00:00:00+00:00,5306.42,5435.0,4982.75,5389.64,2108477121.1638
2020-03-19 00:00:00+00:00,5389.94,6400.0,5246.5,6159.6,2922169778.65964
2020-03-20 00:00:00+00:00,6159.41,6911.0,5650.0,6203.77,3643186059.94639
2020-03-21 00:00:00+00:00,6204.47,6457.17,5854.01,6183.69,2387762770.11733
2020-03-22 00:00:00+00:00,6183.84,6408.91,5730.35,5810.17,2379970465.43368
2020-03-23 00:00:00+00:00,5810.3,6619.9,5670.0,6463.84,3012248578.73576
2020-03-24 00:00:00+00:00,6463.21,6840.0,6369.0,6741.33,2903592538.87217
2020-03-25 00:00:00+00:00,6740.86,6960.71,6436.26,6673.41,2667204859.2776
2020-03-26 00:00:00+00:00,6673.57,6777.5,6500.0,6733.76,1870132448.53115
2020-03-27 00:00:00+00:00,6733.76,6840.0,6230.0,6353.64,1715677661.94467
2020-03-28 00:00:00+00:00,6353.64,6354.74,6004.0,6230.95,2120036125.18386
2020-03-29 00:00:00+00:00,6231.81,6260.0,5857.6,5876.27,1525085226.99231
2020-03-30 00:00:00+00:00,5876.27,6606.15,5850.0,6391.08,2435748934.7935
2020-03-31 00:00:00+00:00,6389.52,6516.63,6320.0,6407.1,1689175318.59372
2020-04-01 00:00:00+00:00,6407.1,6693.0,6140.0,6641.51,2470585503.92402
2020-04-02 00:00:00+00:00,6641.22,7290.0,6542.73,6791.63,3604597593.4311
2020-04-03 00:00:00+00:00,6791.65,7049.11,6600.0,6729.8,2809083862.31635
2020-04-04 00:00:00+00:00,6729.8,7020.0,6629.99,6851.1,2168134179.35285
2020-04-05 00:00:00+00:00,6851.4,6893.44,6668.02,6768.9,1622119002.66283
2020-04-06 00:00:00+00:00,6768.9,7370.0,6760.0,7325.73,3269655313.60241
2020-04-07 00:00:00+00:00,7325.73,7457.0,7070.43,7192.9,3065548691.90531
2020-04-08 00:00:00+00:00,7192.9,7417.83,7145.14,7357.66,2426530950.31658
2020-04-09 00:00:00+00:00,7357.15,7365.69,7105.98,7278.65,2136691783.39294
2020-04-10 00:00:00+00:00,7278.83,7290.0,6741.0,6857.82,3057722780.62013
2020-04-11 00:00:00+00:00,6858.0,6944.28,6757.29,6874.18,1535701119.55164
2020-04-12 00:00:00+00:00,6874.17,7173.98,6775.66,6900.52,2245397129.53634
2020-04-13 00:00:00+00:00,6900.19,6900.99,6558.0,6834.0,2840095791.57115
2020-04-14 00:00:00+00:00,6834.01,6975.6,6751.0,6864.11,1926255197.49405
2020-04-15 00:00:00+00:00,6864.11,6929.0,6602.59,6616.89,1902882417.25705
2020-04-16 00:00:00+00:00,6616.88,7190.92,6465.33,7098.15,3869854829.89996
2020-04-17 00:00:00+00:00,7098.15,7140.0,6981.0,7022.44,1958075004.68818
2020-04-18 00:00:00+00:00,7022.0,7290.0,7008.11,7242.42,1616702892.39814
2020-04-19 00:00:00+00:00,7242.49,7258.42,7055.0,7118.03,1550386464.89985
2020-04-20 00:00:00+00:00,7118.04,7208.55,6735.95,6825.29,3107676568.44843
2020-04-21 00:00:00+00:00,6825.28,6940.0,6759.16,6838.0,1972271576.59066
2020-04-22 00:00:00+00:00,6838.0,7154.9,6812.57,7120.06,2147460698.31218
2020-04-23 00:00:00+00:00,7120.06,7802.38,7020.0,7483.35,3475717726.54963
2020-04-24 00:00:00+00:00,7483.36,7612.91,7388.0,7504.11,2091451737.76575
2020-04-25 00:00:00+00:00,7504.62,7722.33,7433.0,7534.01,1836251609.0206
2020-04-26 00:00:00+00:00,7534.01,7709.57,7476.86,7694.17,2052434573.88043
2020-04-27 00:00:00+00:00,7693.63,7795.6,7623.98,7774.0,2236759632.39633
2020-04-28 00:00:00+00:00,7774.0,7780.0,7662.49,7735.75,1679915193.12297
2020-04-29 00:00:00+00:00,7735.76,8988.66,7710.0,8784.2,7297189826.77707
2020-04-30 00:00:00+00:00,8784.05,9479.77,8400.0,8624.76,8437341148.3913
2020-05-01 00:00:00+00:00,8623.61,9065.0,8619.84,8830.52,3680586288.10126
2020-05-02 00:00:00+00:00,8830.52,9020.0,8755.01,8975.18,2627710360.02383
2020-05-03 00:00:00+00:00,8975.18,9200.0,8727.24,8900.0,4049513026.35921
2020-05-04 00:00:00+00:00,8899.99,8954.94,8526.0,8873.98,3852426972.1002
2020-05-05 00:00:00+00:00,8873.99,9118.17,8766.12,9022.78,3661156607.2414
2020-05-06 00:00:00+00:00,9022.76,9405.0,8916.01,9148.27,4664860084.31144
2020-05-07 00:00:00+00:00,9148.29,10080.0,9022.0,9995.0,7079465730.29004
2020-05-08 00:00:00+00:00,9994.74,10045.03,9726.0,9807.49,4537481797.57234
2020-05-09 00:00:00+00:00,9809.63,9923.98,9528.23,9550.67,3999406853.4751
2020-05-10 00:00:00+00:00,9550.25,9580.0,7940.0,8719.53,7302630276.90636
2020-05-11 00:00:00+00:00,8723.23,9164.0,8151.12,8561.09,7000184961.90937
2020-05-12 00:00:00+00:00,8560.73,8981.0,8520.43,8808.71,3246499322.14054
2020-05-13 00:00:00+00:00,8808.71,9397.0,8790.04,9305.91,3445913924.84949
2020-05-14 00:00:00+00:00,9305.91,9950.0,9250.66,9786.8,5798873580.6393
2020-05-15 00:00:00+00:00,9787.62,9843.5,9100.0,9310.73,4784027638.71762
2020-05-16 00:00:00+00:00,9311.21,9585.0,9210.03,9374.99,2705830761.58087
2020-05-17 00:00:00+00:00,9374.99,9880.0,9317.16,9678.57,2902728542.66065
2020-05-18 00:00:00+00:00,9677.31,9958.67,9450.0,9731.1,3533354104.77906
2020-05-19 00:00:00+00:00,9731.11,9900.0,9462.0,9773.64,3642878349.1972
2020-05-20 00:00:00+00:00,9772.66,9838.0,9281.42,9508.11,3218411345.98419
2020-05-21 00:00:00+00:00,9508.0,9573.0,8812.2,9060.0,4241795752.8548
2020-05-22 00:00:00+00:00,9060.0,9259.38,8920.0,9166.4,2515865909.3341
2020-05-23 00:00:00+00:00,9166.43,9300.0,9076.9,9176.41,1852871137.72634
2020-05-24 00:00:00+00:00,9176.32,9294.44,8674.0,8711.37,3070856922.4242
2020-05-25 00:00:00+00:00,8711.37,8977.0,8623.38,8895.65,2667337683.37678
2020-05-26 00:00:00+00:00,8895.66,9011.82,8693.18,8837.05,2439508067.10614
2020-05-27 00:00:00+00:00,8837.88,9230.0,8811.0,9197.32,2466842797.45267
2020-05-28 00:00:00+00:00,9197.32,9621.65,9110.97,9569.59,3062477084.82549
2020-05-29 00:00:00+00:00,9569.58,9598.0,9317.42,9422.26,2255365978.23178
2020-05-30 00:00:00+00:00,9422.11,9753.0,9326.01,9695.0,2431044087.19118
2020-05-31 00:00:00+00:00,9694.38,9698.0,9371.76,9446.43,2096318341.55532
2020-06-01 00:00:00+00:00,9446.49,10497.25,9420.85,10232.48,3267274407.65878
2020-06-02 00:00:00+00:00,10232.41,10262.3,9264.15,9514.9,3459821278.61491
2020-06-03 00:00:00+00:00,9514.9,9694.75,9382.33,9663.59,1770390770.5907
2020-06-04 00:00:00+00:00,9663.58,9884.0,9440.0,9788.33,2564530031.26807
2020-06-05 00:00:00+00:00,9788.32,9855.0,9580.52,9617.29,2307020792.84172
2020-06-06 00:00:00+00:00,9616.64,9738.77,9528.0,9664.0,1469881938.14958
2020-06-07 00:00:00+00:00,9664.01,9823.13,9373.0,9743.92,2440468630.5443
2020-06-08 00:00:00+00:00,9743.92,9816.0,9631.0,9778.87,1575946981.01871
2020-06-09 00:00:00+00:00,9778.87,9890.0,9550.03,9771.66,1986584445.30502
2020-06-10 00:00:00+00:00,9771.66,10015.99,9681.21,9884.99,1900724588.13658
2020-06-11 00:00:00+00:00,9884.99,9970.1,9055.07,9278.03,3862130909.12521
2020-06-12 00:00:00+00:00,9277.72,9550.0,9238.0,9458.91,1992908459.95852
2020-06-13 00:00:00+00:00,9458.77,9497.85,9340.0,9468.54,1068817694.4318
2020-06-14 00:00:00+00:00,9468.55,9477.0,9240.97,9339.61,1350388889.47993
2020-06-15 00:00:00+00:00,9339.7,9490.83,8888.43,9422.01,3811857667.87459
2020-06-16 00:00:00+00:00,9422.01,9595.0,9370.0,9519.12,2143232282.69654
2020-06-17 00:00:00+00:00,9519.13,9569.0,9231.03,9458.45,2143290042.11355
2020-06-18 00:00:00+00:00,9458.45,9483.85,9272.41,9381.59,1488056320.7728
2020-06-19 00:00:00+00:00,9381.99,9453.0,9239.0,9307.0,2048059719.36743
2020-06-20 00:00:00+00:00,9307.0,9394.29,9165.0,9354.04,1436354409.44428
2020-06-21 00:00:00+00:00,9353.84,9420.47,9279.0,9293.51,1033976410.97488
2020-06-22 00:00:00+00:00,9293.39,9795.0,9273.0,9686.99,2482574353.64243
2020-06-23 00:00:00+00:00,9686.99,9723.23,9585.0,9631.66,1588083862.05429
2020-06-24 00:00:00+00:00,9631.65,9678.0,9210.0,9298.4,2825265494.90329
2020-06-25 00:00:00+00:00,9298.78,9350.9,9005.0,9246.75,2510788505.43618
2020-06-26 00:00:00+00:00,9246.75,9297.16,9038.52,9159.99,2285936800.87162
2020-06-27 00:00:00+00:00,9159.99,9195.75,8816.4,9008.0,2153509215.41693
2020-06-28 00:00:00+00:00,9008.0,9188.0,8932.68,9114.0,1395928886.65951
2020-06-29 00:00:00+00:00,9114.01,9233.0,9022.0,9189.48,1610778783.22314
2020-06-30 00:00:00+00:00,9189.99,9205.0,9063.97,9138.87,1311949155.72121
2020-07-01 00:00:00+00:00,9138.88,9293.0,9090.0,9233.29,1487427692.29113
2020-07-02 00:00:00+00:00,9233.29,9262.99,8936.0,9087.72,2105533922.19592
2020-07-03 00:00:00+00:00,9087.72,9124.52,9036.06,9057.52,881331916.25717
2020-07-04 00:00:00+00:00,9058.07,9194.0,9042.84,9137.18,913030839.30531
2020-07-05 00:00:00+00:00,9137.18,9146.35,8900.0,9071.86,1261953986.20306
2020-07-06 00:00:00+00:00,9071.87,9379.0,9058.1,9339.6,1843703742.26119
2020-07-07 00:00:00+00:00,9339.59,9380.0,9201.23,9258.51,1184876083.76661
2020-07-08 00:00:00+00:00,9258.51,9470.0,9233.47,9436.08,1594244760.10968
2020-07-09 00:00:00+00:00,9436.08,9440.81,9164.33,9236.28,1751622435.13053
2020-07-10 00:00:00+00:00,9236.29,9317.24,9121.42,9288.39,1295681629.8825
2020-07-11 00:00:00+00:00,9288.39,9301.74,9178.91,9233.5,692340842.13135
2020-07-12 00:00:00+00:00,9233.5,9349.0,9155.0,9300.69,1182491576.57045
2020-07-13 00:00:00+00:00,9300.7,9345.0,9200.0,9241.2,1262652034.01365
2020-07-14 00:00:00+00:00,9241.18,9279.0,9116.0,9254.17,1194751477.53481
2020-07-15 00:00:00+00:00,9254.17,9272.56,9156.0,9197.3,959516024.21559
2020-07-16 00:00:00+00:00,9197.75,9223.0,9044.02,9132.0,1350809171.27347
2020-07-17 00:00:00+00:00,9132.0,9187.0,9087.0,9151.69,739789769.33429
2020-07-18 00:00:00+00:00,9151.7,9210.0,9121.98,9171.8,579542001.39296
2020-07-19 00:00:00+00:00,9171.79,9239.59,9108.0,9210.51,692144095.42895
2020-07-20 00:00:00+00:00,9210.68,9221.0,9131.01,9161.13,664469650.80326
2020-07-21 00:00:00+00:00,9161.28,9439.6,9152.62,9388.01,1671206199.52861
2020-07-22 00:00:00+00:00,9388.0,9543.0,9272.0,9518.25,1189260919.42176
2020-07-23 00:00:00+00:00,9518.25,9678.32,9439.86,9604.41,1593882469.43966
2020-07-24 00:00:00+00:00,9604.41,9650.0,9470.0,9539.7,1279232338.52369
2020-07-25 00:00:00+00:00,9539.7,9735.1,9526.31,9701.49,1284993355.34513
2020-07-26 00:00:00+00:00,9701.54,10300.0,9655.2,9939.69,2598998008.67622
2020-07-27 00:00:00+00:00,9939.68,11488.0,9928.61,11047.58,7891956950.28577
2020-07-28 00:00:00+00:00,11047.58,11270.0,10580.0,10919.94,5481417615.66494
2020-07-29 00:00:00+00:00,10919.94,11364.8,10844.34,11113.03,3965422424.83448
2020-07-30 00:00:00+00:00,11113.01,11195.52,10826.55,11111.96,2540930684.6047
2020-07-31 00:00:00+00:00,11111.97,11450.42,10971.78,11343.68,3455848822.1417
2020-08-01 00:00:00+00:00,11343.67,11887.45,11201.0,11811.42,4493961579.32069
2020-08-02 00:00:00+00:00,11811.43,12154.25,10490.0,11079.72,5584559651.07942
2020-08-03 00:00:00+00:00,11080.7,11483.0,10923.0,11227.07,2689651526.95353
2020-08-04 00:00:00+00:00,11227.07,11427.38,11025.0,11200.05,2245992628.82789
2020-08-05 00:00:00+00:00,11200.06,11798.56,11103.0,11752.5,3037923802.72495
2020-08-06 00:00:00+00:00,11752.5,11916.02,11571.78,11770.56,2782205258.01308
2020-08-07 00:00:00+00:00,11769.97,11920.0,11318.93,11596.06,3191651680.81522
2020-08-08 00:00:00+00:00,11596.26,11819.0,11513.69,11765.72,1808155550.968
2020-08-09 00:00:00+00:00,11765.72,11811.0,11526.9,11685.99,1462717950.80531
2020-08-10 00:00:00+00:00,11685.99,12100.0,11384.9,11896.89,3447830045.74761
2020-08-11 00:00:00+00:00,11896.86,11944.0,11127.0,11392.64,3881574730.95979
2020-08-12 00:00:00+00:00,11392.64,11630.0,11140.0,11568.36,2446503849.80986
2020-08-13 00:00:00+00:00,11568.37,11798.0,11272.0,11790.0,2865188930.5497
2020-08-14 00:00:00+00:00,11790.0,11868.42,11644.6,11767.89,1869288349.44223
2020-08-15 00:00:00+00:00,11767.89,11993.58,11682.0,11859.04,2639621485.17468
2020-08-16 00:00:00+00:00,11858.91,11945.0,11688.0,11921.23,1962706567.39091
2020-08-17 00:00:00+00:00,11921.32,12499.42,11780.0,12298.06,4026216925.4314
2020-08-18 00:00:00+00:00,12298.06,12403.0,11810.0,11960.79,3529402332.9399
2020-08-19 00:00:00+00:00,11962.03,12037.05,11574.78,11763.87,3688115093.97591
2020-08-20 00:00:00+00:00,11763.88,11888.0,11676.03,11857.92,1544542409.29488
2020-08-21 00:00:00+00:00,11858.53,11882.68,11491.0,11538.53,2282701561.58203
2020-08-22 00:00:00+00:00,11538.53,11689.08,11385.06,11670.47,1462044717.32797
2020-08-23 00:00:00+00:00,11670.48,11724.0,11522.15,11654.0,1111234523.15725
2020-08-24 00:00:00+00:00,11654.0,11831.96,11595.0,11753.3,1277174863.89318
2020-08-25 00:00:00+00:00,11753.29,11770.0,11130.0,11327.17,3057706453.16736
2020-08-26 00:00:00+00:00,11327.18,11548.68,11255.95,11466.22,1941776559.57683
2020-08-27 00:00:00+00:00,11466.22,11593.0,11130.82,11335.53,2880004202.03534
2020-08-28 00:00:00+00:00,11335.83,11544.88,11283.19,11526.85,1481017951.74894
2020-08-29 00:00:00+00:00,11526.85,11582.0,11419.34,11466.66,962840624.05221
2020-08-30 00:00:00+00:00,11466.27,11724.12,11457.88,11714.14,1316261373.04529
2020-08-31 00:00:00+00:00,11714.13,11784.21,11575.78,11658.11,1487504145.43018
2020-09-01 00:00:00+00:00,11658.11,12061.07,11531.34,11930.18,2514017351.09218
2020-09-02 00:00:00+00:00,11930.17,11961.0,11156.0,11396.96,3230818459.5786
2020-09-03 00:00:00+00:00,11396.44,11475.0,9901.16,10141.08,5277899021.36762
2020-09-04 00:00:00+00:00,10141.4,10635.77,9878.65,10448.0,4473051196.63027
2020-09-05 00:00:00+00:00,10448.0,10567.87,9808.58,10168.71,4069493999.69946
2020-09-06 00:00:00+00:00,10168.23,10348.97,10003.0,10258.13,1939661678.03638
2020-09-07 00:00:00+00:00,10258.13,10420.55,9879.68,10378.76,2616187381.74451
2020-09-08 00:00:00+00:00,10379.3,10443.79,9842.01,10129.02,3206824298.7522
2020-09-09 00:00:00+00:00,10130.0,10346.0,9981.13,10219.29,1540063640.01559
2020-09-10 00:00:00+00:00,10219.29,10484.6,10211.67,10335.91,1940858757.01846
2020-09-11 00:00:00+00:00,10335.91,10397.85,10200.8,10387.81,1399304758.52121
2020-09-12 00:00:00+00:00,10387.81,10477.7,10271.0,10438.28,1010752220.53406
2020-09-13 00:00:00+00:00,10438.29,10580.0,10209.01,10327.72,1649859123.30593
2020-09-14 00:00:00+00:00,10327.72,10746.06,10241.57,10664.1,2162656994.62463
2020-09-15 00:00:00+00:00,10664.1,10923.42,10592.0,10776.78,2669470467.23613
2020-09-16 00:00:00+00:00,10776.88,11089.08,10661.9,10948.17,2756781832.23194
2020-09-17 00:00:00+00:00,10948.16,11040.0,10740.0,10935.33,2027994176.27302
2020-09-18 00:00:00+00:00,10935.97,11035.0,10810.1,10926.29,1484796957.63111
2020-09-19 00:00:00+00:00,10926.3,11177.0,10880.0,11073.74,1391945357.58867
2020-09-20 00:00:00+00:00,11073.2,11073.9,10751.0,10914.28,1639131152.37363
2020-09-21 00:00:00+00:00,10915.52,10980.69,10281.0,10414.73,3533611850.80102
2020-09-22 00:00:00+00:00,10414.73,10574.08,10353.1,10523.32,1881975168.57792
2020-09-23 00:00:00+00:00,10523.32,10531.94,10132.21,10237.91,2106120078.85104
2020-09-24 00:00:00+00:00,10237.91,10837.27,10191.0,10724.92,2535999234.25082
2020-09-25 00:00:00+00:00,10724.91,10754.29,10551.56,10683.51,1820637897.43936
2020-09-26 00:00:00+00:00,10683.5,10827.8,10642.23,10726.5,1171569532.33158
2020-09-27 00:00:00+00:00,10726.5,10793.5,10584.0,10768.0,1321161006.11611
2020-09-28 00:00:00+00:00,10768.0,11024.0,10627.19,10691.45,2031385663.34365
2020-09-29 00:00:00+00:00,10691.94,10863.94,10631.49,10836.98,1575829644.66364
2020-09-30 00:00:00+00:00,10836.99,10845.99,10660.05,10773.0,1425790131.97503
2020-10-01 00:00:00+00:00,10773.0,10935.14,10442.0,10612.63,2711075914.6154
2020-10-02 00:00:00+00:00,10612.62,10660.0,10371.03,10565.15,2359977989.11924
2020-10-03 00:00:00+00:00,10565.44,10596.0,10491.11,10537.96,804408980.87426
2020-10-04 00:00:00+00:00,10537.96,10694.0,10514.0,10660.16,964435994.41114
2020-10-05 00:00:00+00:00,10660.16,10792.0,10608.9,10785.0,1397359152.98443
2020-10-06 00:00:00+00:00,10784.99,10792.0,10510.66,10593.65,1971152604.95732
2020-10-07 00:00:00+00:00,10593.65,10675.0,10540.29,10658.75,1132125130.95176
2020-10-08 00:00:00+00:00,10658.75,10958.0,10523.0,10919.45,2236764143.48042
2020-10-09 00:00:00+00:00,10919.45,11110.0,10818.44,11050.47,1697348173.83417
2020-10-10 00:00:00+00:00,11050.46,11494.0,11050.46,11294.79,2259937270.69761
2020-10-11 00:00:00+00:00,11294.78,11450.73,11273.77,11369.59,1662984690.97067
2020-10-12 00:00:00+00:00,11369.59,11732.0,11157.0,11530.36,2913019650.11615
2020-10-13 00:00:00+00:00,11530.37,11562.0,11308.0,11419.36,2276664144.17067
2020-10-14 00:00:00+00:00,11419.36,11550.0,11280.5,11417.13,2198967087.67917
2020-10-15 00:00:00+00:00,11417.12,11649.48,11250.0,11502.0,2455108608.64026
2020-10-16 00:00:00+00:00,11502.0,11538.92,11175.0,11318.92,2406176538.70338
2020-10-17 00:00:00+00:00,11319.51,11424.09,11250.0,11356.25,1086838512.10945
2020-10-18 00:00:00+00:00,11356.25,11529.93,11342.54,11501.1,1056889045.95337
2020-10-19 00:00:00+00:00,11501.5,11830.0,11404.01,11745.0,2677138464.51185
2020-10-20 00:00:00+00:00,11744.99,12045.78,11673.0,11900.03,3710691439.20796
2020-10-21 00:00:00+00:00,11900.03,13240.0,11876.0,12796.07,7435850474.64387
2020-10-22 00:00:00+00:00,12796.06,13188.27,12675.5,12968.87,4448237306.19638
2020-10-23 00:00:00+00:00,12970.39,13043.0,12725.04,12925.82,3059965867.59326
2020-10-24 00:00:00+00:00,12925.82,13177.59,12871.07,13110.88,2296046388.61355
2020-10-25 00:00:00+00:00,13110.88,13369.0,12715.0,13023.81,2690867875.55715
2020-10-26 00:00:00+00:00,13024.21,13240.0,12729.0,13047.24,4121218762.83565
2020-10-27 00:00:00+00:00,13047.24,13787.83,13041.3,13629.38,5533418976.94019
2020-10-28 00:00:00+00:00,13629.89,13863.0,12876.0,13256.17,6377260018.41431
2020-10-29 00:00:00+00:00,13255.79,13637.22,12965.0,13446.65,4735209655.61303
2020-10-30 00:00:00+00:00,13446.65,13665.65,13100.0,13549.12,4684549159.29936
2020-10-31 00:00:00+00:00,13549.12,14140.0,13403.36,13783.73,4923864620.90212
2020-11-01 00:00:00+00:00,13783.73,13891.52,13605.9,13752.86,2727415103.81043
2020-11-02 00:00:00+00:00,13752.87,13823.75,13195.0,13540.54,4433952125.46344
2020-11-03 00:00:00+00:00,13541.55,14070.0,13276.33,14016.55,4748953992.22126
2020-11-04 00:00:00+00:00,14016.55,14280.0,13512.0,14134.31,6269163703.99695
2020-11-05 00:00:00+00:00,14134.32,15777.0,14088.01,15598.75,10661964053.31626
2020-11-06 00:00:00+00:00,15598.74,15984.2,15177.0,15590.96,8719764932.89141
2020-11-07 00:00:00+00:00,15590.95,15774.0,14350.0,14824.34,6921481478.48889
2020-11-08 00:00:00+00:00,14824.33,15678.0,14710.0,15473.2,4428801810.67248
2020-11-09 00:00:00+00:00,15473.2,15869.0,14822.0,15328.72,7271506165.70421
2020-11-10 00:00:00+00:00,15328.72,15474.17,15071.0,15294.68,3732294398.38728
2020-11-11 00:00:00+00:00,15294.68,16000.0,15274.89,15690.24,5177231131.45298
2020-11-12 00:00:00+00:00,15690.24,16345.0,15437.7,16289.02,7523910248.8996
2020-11-13 00:00:00+00:00,16289.01,16479.99,15955.6,16320.54,4984405298.81905
2020-11-14 00:00:00+00:00,16320.54,16326.82,15700.0,16064.51,4251500067.66192
2020-11-15 00:00:00+00:00,16064.51,16161.23,15768.0,15952.27,3359401680.11398
2020-11-16 00:00:00+00:00,15951.93,16882.0,15862.0,16707.07,5627638531.07377
2020-11-17 00:00:00+00:00,16707.0,17890.1,16550.0,17670.01,9050160241.00472
2020-11-18 00:00:00+00:00,17670.01,18520.0,17215.03,17788.32,13108477651.19909
2020-11-19 00:00:00+00:00,17788.32,18200.0,17347.27,17811.68,7243709977.39353
2020-11-20 00:00:00+00:00,17811.68,18831.6,17748.92,18664.31,7497709362.56215
2020-11-21 00:00:00+00:00,18662.85,18986.0,18302.08,18721.99,6408035133.45486
2020-11-22 00:00:00+00:00,18721.99,18780.0,17645.98,18435.2,6856294687.86623
2020-11-23 00:00:00+00:00,18434.17,18812.65,18013.97,18382.07,6718716197.90407
2020-11-24 00:00:00+00:00,18382.07,19440.0,18000.0,19179.64,9042446485.58226
2020-11-25 00:00:00+00:00,19178.53,19554.19,18509.12,18741.67,8117262497.74923
2020-11-26 00:00:00+00:00,18741.66,18940.69,16181.0,17155.34,14698559977.07114
2020-11-27 00:00:00+00:00,17155.37,17465.0,16444.83,17144.1,6748491428.31569
2020-11-28 00:00:00+00:00,17144.11,17880.0,16865.78,17717.74,4666900540.00932
2020-11-29 00:00:00+00:00,17717.74,18343.0,17523.0,18181.09,4609730542.10836
2020-11-30 00:00:00+00:00,18180.43,19944.0,18178.82,19720.0,9568806966.58092
2020-12-01 00:00:00+00:00,19722.09,19956.0,18050.0,18772.7,10601482195.21762
2020-12-02 00:00:00+00:00,18770.33,19365.0,18329.58,19207.01,6352815848.9335
2020-12-03 00:00:00+00:00,19207.01,19640.0,18865.0,19434.3,4724323628.54077
2020-12-04 00:00:00+00:00,19432.66,19537.16,18570.0,18664.2,5260370304.1658
2020-12-05 00:00:00+00:00,18662.72,19203.46,18510.0,19147.62,3145507861.15582
2020-12-06 00:00:00+00:00,19147.63,19449.1,18855.35,19375.02,3370639869.06208
2020-12-07 00:00:00+00:00,19375.0,19446.36,18908.66,19172.88,3249551714.47632
2020-12-08 00:00:00+00:00,19172.87,19319.38,18133.33,18319.32,5279747287.14345
2020-12-09 00:00:00+00:00,18319.33,18639.7,17650.0,18537.98,6424799134.15169
2020-12-10 00:00:00+00:00,18537.97,18550.0,17916.0,18253.51,4271592591.3338
2020-12-11 00:00:00+00:00,18254.0,18290.44,17555.0,18031.47,5689740183.80654
2020-12-12 00:00:00+00:00,18031.71,18950.0,18012.21,18800.0,3641762062.74761
2020-12-13 00:00:00+00:00,18800.0,19432.0,18705.46,19175.07,4594353525.456
2020-12-14 00:00:00+00:00,19175.06,19355.35,19004.72,19270.7,3480597165.14886
2020-12-15 00:00:00+00:00,19270.71,19598.0,19039.64,19424.91,4809598929.89016
2020-12-16 00:00:00+00:00,19424.9,21600.0,19274.55,21346.8,9357131523.97121
2020-12-17 00:00:00+00:00,21346.81,23888.04,21231.5,22816.99,18707295908.07286
2020-12-18 00:00:00+00:00,22816.99,23330.0,22363.94,23124.35,7000308998.92912
2020-12-19 00:00:00+00:00,23124.35,24281.61,22735.81,23847.28,7938307873.86828
2020-12-20 00:00:00+00:00,23847.28,24376.0,23076.25,23472.96,7612660738.46881
2020-12-21 00:00:00+00:00,23472.96,24145.0,21920.0,22730.1,11000495257.06996
2020-12-22 00:00:00+00:00,22736.05,23850.0,22387.0,23826.99,7526843284.05874
2020-12-23 00:00:00+00:00,23826.74,24235.42,22572.52,23238.27,9276578416.54451
2020-12-24 00:00:00+00:00,23237.73,23819.81,22700.0,23737.44,5517917922.31023
2020-12-25 00:00:00+00:00,23738.75,24827.64,23450.0,24730.0,6874550222.92909
2020-12-26 00:00:00+00:00,24729.99,26926.0,24507.24,26508.83,9382122680.48018
2020-12-27 00:00:00+00:00,26508.84,28459.84,25850.0,26305.64,14678578951.91622
2020-12-28 00:00:00+00:00,26301.76,27538.82,26117.1,27102.66,7224208281.73227
2020-12-29 00:00:00+00:00,27101.45,27441.73,25913.01,27402.83,6956813209.79086
2020-12-30 00:00:00+00:00,27402.83,29063.72,27401.0,28906.99,10558400366.54597
2020-12-31 00:00:00+00:00,28906.99,29376.7,27848.0,28951.68,9030623930.44815
2021-01-01 00:00:00+00:00,28948.19,29668.86,28627.12,29337.16,6157505024.08511
2021-01-02 00:00:00+00:00,29337.15,33480.0,28958.24,32199.91,17122938614.7061
2021-01-03 00:00:00+00:00,32198.41,34832.25,32000.02,33054.53,16389111411.5276
2021-01-04 00:00:00+00:00,33053.93,33653.56,27800.0,32031.07,15879195836.25302
2021-01-05 00:00:00+00:00,32029.55,34500.0,29900.0,33999.52,13959353458.55198
2021-01-06 00:00:00+00:00,33999.51,37037.51,33356.46,36823.68,15515216052.16546
2021-01-07 00:00:00+00:00,36825.77,40565.62,36337.36,39498.92,19955559504.79166
2021-01-08 00:00:00+00:00,39498.32,42125.51,36539.77,40637.23,20667265854.49486
2021-01-09 00:00:00+00:00,40638.91,41539.88,38733.28,40136.04,10520523013.40685
2021-01-10 00:00:00+00:00,40136.05,41412.12,35268.0,38221.67,17027093434.55105
2021-01-11 00:00:00+00:00,38200.01,38322.18,30448.0,35408.46,30742156595.35393
2021-01-12 00:00:00+00:00,35406.92,36693.44,32600.0,34056.9,15590695938.85224
2021-01-13 00:00:00+00:00,34065.53,37880.0,32420.0,37421.07,13803091615.05157
2021-01-14 00:00:00+00:00,37416.34,40189.39,36764.33,39163.31,13663753723.40309
2021-01-15 00:00:00+00:00,39163.31,39790.0,34478.0,36755.24,16148530126.35195
2021-01-16 00:00:00+00:00,36755.25,38000.0,35366.0,36025.66,11103654689.8084
2021-01-17 00:00:00+00:00,36025.65,36898.0,33863.5,35869.83,10206002445.01776
2021-01-18 00:00:00+00:00,35875.72,37547.94,34808.47,36686.86,9167208119.70183
2021-01-19 00:00:00+00:00,36690.0,37961.0,35850.0,35891.03,9530202433.37249
2021-01-20 00:00:00+00:00,35891.74,36461.44,33403.0,35500.0,11521126165.52288
2021-01-21 00:00:00+00:00,35499.23,35636.17,30069.9,30879.97,17863845664.01804
2021-01-22 00:00:00+00:00,30875.77,33831.52,28880.0,32986.34,14265924156.72767
2021-01-23 00:00:00+00:00,32990.08,33495.0,31405.0,32086.48,8300485557.20308
2021-01-24 00:00:00+00:00,32086.48,33125.75,30914.2,32275.63,6824806447.15319
2021-01-25 00:00:00+00:00,32274.88,34880.0,31921.47,32253.68,10588161978.70822
2021-01-26 00:00:00+00:00,32253.68,32950.0,30810.0,32474.14,11060562208.1513
2021-01-27 00:00:00+00:00,32474.81,32562.2,29240.0,30381.04,13269633440.99824
2021-01-28 00:00:00+00:00,30382.96,33778.95,29843.33,33399.75,9909261735.25709
2021-01-29 00:00:00+00:00,33399.99,38641.1,31960.0,34269.35,25293550971.74301
2021-01-30 00:00:00+00:00,34267.04,34988.88,32849.06,34289.85,9109013883.23461
2021-01-31 00:00:00+00:00,34284.76,34393.22,32193.04,33126.21,7052326918.52193
2021-02-01 00:00:00+00:00,33125.11,34720.0,32322.47,33546.09,8121385637.13714
2021-02-02 00:00:00+00:00,33546.08,36041.0,33450.0,35504.06,8364687573.37923
2021-02-03 00:00:00+00:00,35504.07,37700.0,35410.0,37652.51,8788925454.96376
2021-02-04 00:00:00+00:00,37651.92,38833.0,36233.0,36976.93,11507154016.35826
2021-02-05 00:00:00+00:00,36975.19,38411.82,36586.68,38362.65,7395595524.77548
2021-02-06 00:00:00+00:00,38357.17,40992.4,38269.0,39249.54,12369698321.04784
2021-02-07 00:00:00+00:00,39249.53,39757.87,37403.27,38849.25,11466152232.53475
2021-02-08 00:00:00+00:00,38849.24,47146.0,38037.0,46451.32,18769855154.62719
2021-02-09 00:00:00+00:00,46451.32,48266.36,45057.65,46492.54,17820342806.81088
2021-02-10 00:00:00+00:00,46492.53,47475.0,43770.0,44850.0,15286260787.69888
2021-02-11 00:00:00+00:00,44850.0,48810.0,44038.97,48060.21,15468624715.76271
2021-02-12 00:00:00+00:00,48060.21,49278.98,46121.0,47361.03,12341281000.02568
2021-02-13 00:00:00+00:00,47364.0,48290.0,46252.1,47221.62,9438075938.38798
2021-02-14 00:00:00+00:00,47221.63,49875.16,47093.16,48655.21,11797051402.90574
2021-02-15 00:00:00+00:00,48655.21,49100.0,45349.21,47981.58,11872149326.83184
2021-02-16 00:00:00+00:00,47981.6,50953.44,47101.02,49197.94,16865499630.28187
2021-02-17 00:00:00+00:00,49197.93,52800.0,49029.62,52194.62,15897490858.65766
2021-02-18 00:00:00+00:00,52194.62,52640.0,50948.0,51619.7,9627115933.97444
2021-02-19 00:00:00+00:00,51612.46,56582.0,50800.0,56004.1,13784775685.92855
2021-02-20 00:00:00+00:00,56005.85,57699.0,53905.0,55917.41,13529409884.87238
2021-02-21 00:00:00+00:00,55908.45,58472.14,55564.5,57487.43,11254047090.53712
2021-02-22 00:00:00+00:00,57475.5,57591.87,47751.42,54121.1,25951996709.77277
2021-02-23 00:00:00+00:00,54125.55,54260.12,44893.82,48930.0,36297078764.52196
2021-02-24 00:00:00+00:00,48930.01,51435.58,47000.0,49702.03,16590055728.58514
2021-02-25 00:00:00+00:00,49702.05,52134.96,46685.43,47089.37,17447887799.89135
2021-02-26 00:00:00+00:00,47087.97,48438.01,44100.0,46313.13,20499678357.29738
2021-02-27 00:00:00+00:00,46313.12,48476.05,44926.77,46102.63,12038528819.38199
2021-02-28 00:00:00+00:00,46097.09,46678.0,43002.05,45163.36,16549302262.98406
2021-03-01 00:00:00+00:00,45162.64,49800.0,44972.49,49592.7,15061638936.4441
2021-03-02 00:00:00+00:00,49594.99,50221.77,47058.06,48450.57,13251422043.06818
2021-03-03 00:00:00+00:00,48454.21,52681.51,48110.66,50373.75,17795826816.36179
2021-03-04 00:00:00+00:00,50373.75,51800.0,47500.0,48385.77,19138827120.97486
2021-03-05 00:00:00+00:00,48385.77,49470.0,46320.0,48770.57,16912469978.52838
2021-03-06 00:00:00+00:00,48772.68,49253.63,47090.0,48908.21,10381734354.30114
2021-03-07 00:00:00+00:00,48908.21,51480.0,48908.21,50995.27,12500440245.10043
2021-03-08 00:00:00+00:00,50991.35,52450.0,49310.0,52429.43,15655716338.59208
2021-03-09 00:00:00+00:00,52429.43,54950.0,51880.0,54917.78,15409273884.4457
2021-03-10 00:00:00+00:00,54917.78,57500.92,53061.0,55947.98,22279865576.81882
2021-03-11 00:00:00+00:00,55949.3,58283.0,54356.44,57844.52,20569039537.4537
2021-03-12 00:00:00+00:00,57842.64,58186.33,55074.3,57291.03,19043301948.5384
2021-03-13 00:00:00+00:00,57291.04,61950.0,56136.0,61267.41,18993462517.01946
2021-03-14 00:00:00+00:00,61267.41,61798.0,59005.0,59037.12,14012489135.14827
2021-03-15 00:00:00+00:00,59037.11,60740.0,54517.28,55646.61,25683051451.71488
2021-03-16 00:00:00+00:00,55646.61,56988.0,53335.0,56954.19,18756792660.06864
2021-03-17 00:00:00+00:00,56953.23,59078.79,54154.93,58959.0,19076274044.57065
2021-03-18 00:00:00+00:00,58959.01,60510.0,57072.0,57700.01,17876750420.56641
2021-03-19 00:00:00+00:00,57700.01,59550.0,56301.27,58089.11,15107378224.02806
2021-03-20 00:00:00+00:00,58089.11,59948.0,57881.0,58145.61,12000524068.54844
2021-03-21 00:00:00+00:00,58144.44,58638.7,55403.55,57415.18,13576194106.98524
2021-03-22 00:00:00+00:00,57415.19,58500.0,53635.81,54129.56,16556509289.78695
2021-03-23 00:00:00+00:00,54129.56,55890.68,52981.4,54400.0,15088688822.77058
2021-03-24 00:00:00+00:00,54400.0,57234.79,51666.0,52311.54,21637316948.63563
2021-03-25 00:00:00+00:00,52307.89,53255.2,50452.08,51325.21,21627711387.30238
2021-03-26 00:00:00+00:00,51325.21,55123.0,51260.0,55030.0,14483003307.72439
2021-03-27 00:00:00+00:00,55030.0,56658.76,54001.0,55828.0,12939134315.65276
2021-03-28 00:00:00+00:00,55828.0,56588.31,54694.91,55805.08,11188756872.79973
2021-03-29 00:00:00+00:00,55804.16,58490.11,54931.15,57677.64,15858571872.53349
2021-03-30 00:00:00+00:00,57676.14,59560.0,57110.0,58794.16,13629362092.38509
2021-03-31 00:00:00+00:00,58794.17,59920.0,56812.0,58807.24,19776038991.85102
2021-04-01 00:00:00+00:00,58810.99,59592.22,58002.0,58794.01,11561694922.60452
2021-04-02 00:00:00+00:00,58797.56,60397.85,58490.03,59031.36,11251166314.77901
2021-04-03 00:00:00+00:00,59028.99,59925.0,56900.0,57134.65,11672141257.5295
2021-04-04 00:00:00+00:00,57134.65,58553.0,56517.23,58234.61,8785593781.4487
2021-04-05 00:00:00+00:00,58234.61,59385.0,56808.94,59243.39,10144751892.15272
2021-04-06 00:00:00+00:00,59243.4,59626.18,57500.0,58059.99,9681501016.80336
2021-04-07 00:00:00+00:00,58060.0,58720.0,55536.07,56018.18,15106714000.51917
2021-04-08 00:00:00+00:00,56018.17,58200.0,55759.13,58122.26,9238696877.00206
2021-04-09 00:00:00+00:00,58122.93,58950.0,57700.0,58176.03,8260112160.68546
2021-04-10 00:00:00+00:00,58176.04,61800.0,57943.95,59832.43,14476191585.21529
2021-04-11 00:00:00+00:00,59832.43,60816.88,59304.02,60090.2,8896497492.08689
2021-04-12 00:00:00+00:00,60093.26,61449.91,59500.0,59911.18,11824507197.55324
2021-04-13 00:00:00+00:00,59911.19,63850.0,59873.01,63649.71,17408986053.32569
2021-04-14 00:00:00+00:00,63645.05,64986.11,61404.0,63019.1,20512671253.01205
2021-04-15 00:00:00+00:00,63018.34,63905.83,62157.89,63232.55,11249310339.67892
2021-04-16 00:00:00+00:00,63232.56,63600.0,60100.0,61424.67,15740427372.09463
2021-04-17 00:00:00+00:00,61424.67,62610.0,59620.0,60090.14,11862499746.34749
2021-04-18 00:00:00+00:00,60090.14,60450.0,50050.0,56140.05,29025717493.56943
2021-04-19 00:00:00+00:00,56140.05,57532.7,54200.0,55634.39,15980367367.83548
2021-04-20 00:00:00+00:00,55634.38,57060.0,53330.82,56410.56,17936263515.6146
2021-04-21 00:00:00+00:00,56411.25,56756.78,53610.0,53800.0,13965417339.88797
2021-04-22 00:00:00+00:00,53794.72,55470.51,50534.34,51714.61,24205456559.06127
2021-04-23 00:00:00+00:00,51714.62,52152.0,47546.16,51122.62,27531602634.09058
2021-04-24 00:00:00+00:00,51122.63,51183.51,48690.0,50092.4,14965045326.88724
2021-04-25 00:00:00+00:00,50094.27,50577.9,46930.43,49063.94,15286993330.1604
2021-04-26 00:00:00+00:00,49063.94,54364.89,48763.0,53984.33,20594394185.15647
2021-04-27 00:00:00+00:00,53984.34,55500.0,53225.14,55006.25,12306057432.26168
2021-04-28 00:00:00+00:00,55006.25,56574.13,53852.0,54861.77,14420430887.67137
2021-04-29 00:00:00+00:00,54861.76,55222.02,52350.0,53558.8,13822718178.83627
2021-04-30 00:00:00+00:00,53558.57,57935.0,53043.62,57684.16,16384605220.97516
2021-05-01 00:00:00+00:00,57688.29,58488.17,57051.23,57836.34,12008585817.99517
2021-05-02 00:00:00+00:00,57836.35,57959.97,56100.0,56630.33,11572672993.01727
2021-05-03 00:00:00+00:00,56630.34,59056.59,56500.65,57214.83,15734811253.15819
2021-05-04 00:00:00+00:00,57214.84,57253.76,53094.59,53263.32,21460954657.1204
2021-05-05 00:00:00+00:00,53263.32,57940.0,52880.38,57497.77,17803582010.46668
2021-05-06 00:00:00+00:00,57497.76,58450.0,55297.91,56435.35,15686629190.12539
2021-05-07 00:00:00+00:00,56435.35,58800.0,55300.0,57350.88,14595837163.97394
2021-05-08 00:00:00+00:00,57350.89,59590.96,56961.25,58924.98,15519326694.29709
2021-05-09 00:00:00+00:00,58926.36,59335.19,56316.0,58292.53,14240035980.97883
2021-05-10 00:00:00+00:00,58292.53,59654.0,53250.0,55869.67,22695249844.91265
2021-05-11 00:00:00+00:00,55869.41,56908.66,54541.33,56710.43,14894271373.24978
2021-05-12 00:00:00+00:00,56712.7,58049.99,48503.74,49595.76,25827757899.75109
2021-05-13 00:00:00+00:00,49596.75,51358.0,45596.32,49707.9,32261339754.84351
2021-05-14 00:00:00+00:00,49706.27,51533.0,48870.41,49873.27,16003223041.87315
2021-05-15 00:00:00+00:00,49873.26,50709.43,46584.32,46793.41,21481317002.84265
2021-05-16 00:00:00+00:00,46794.62,49829.39,43866.0,46429.28,28364127431.87493
2021-05-17 00:00:00+00:00,46429.28,46655.0,42151.0,43566.18,35658317191.93991
2021-05-18 00:00:00+00:00,43565.11,45846.61,42268.0,42882.53,25938880316.66994
2021-05-19 00:00:00+00:00,42882.54,43615.93,28688.0,36689.14,52959873009.79825
2021-05-20 00:00:00+00:00,36689.14,42460.0,34882.0,40500.3,30672617975.08359
2021-05-21 00:00:00+00:00,40500.0,42270.42,33400.0,37211.02,35509680104.40348
2021-05-22 00:00:00+00:00,37210.01,38851.34,35201.11,37432.58,21993863634.95327
2021-05-23 00:00:00+00:00,37436.0,38261.71,31096.7,34651.6,34118866979.40657
2021-05-24 00:00:00+00:00,34656.53,39917.09,34366.0,38779.66,26315302276.99865
2021-05-25 00:00:00+00:00,38783.58,39790.05,36439.32,38326.84,22712004628.95159
2021-05-26 00:00:00+00:00,38326.84,40900.0,37804.76,39224.2,22649858073.55562
2021-05-27 00:00:00+00:00,39224.21,40438.82,37133.22,38527.38,21083767719.11829
2021-05-28 00:00:00+00:00,38527.38,38888.35,34689.57,35670.99,30299787311.85723
2021-05-29 00:00:00+00:00,35670.99,37375.0,33650.0,34611.94,25787790806.9165
2021-05-30 00:00:00+00:00,34611.95,36501.0,33356.0,35651.81,18116421636.30937
2021-05-31 00:00:00+00:00,35651.8,37500.0,34150.0,37243.38,22929964892.0569
2021-06-01 00:00:00+00:00,37244.36,37893.76,35500.0,36693.41,21609364827.08958
2021-06-02 00:00:00+00:00,36694.37,38232.99,35905.0,37569.99,16479965808.26946
2021-06-03 00:00:00+00:00,37570.0,39470.0,37150.15,39247.4,19590443294.67527
2021-06-04 00:00:00+00:00,39247.4,39297.35,35552.51,36828.03,25922946606.60956
2021-06-05 00:00:00+00:00,36828.03,37900.49,34800.0,35498.62,22946553087.06278
2021-06-06 00:00:00+00:00,35497.93,36521.16,35201.86,35801.71,15937978040.90477
2021-06-07 00:00:00+00:00,35801.71,36820.0,33200.0,33550.96,22666564580.47221
2021-06-08 00:00:00+00:00,33550.97,34061.57,30969.0,33372.58,31912200461.05386
2021-06-09 00:00:00+00:00,33372.58,37511.31,32390.0,37368.45,36050659489.10996
2021-06-10 00:00:00+00:00,37369.99,38489.0,35750.0,36669.66,29775084407.93657
2021-06-11 00:00:00+00:00,36669.65,37679.54,35900.0,37300.42,21668792470.73891
2021-06-12 00:00:00+00:00,37300.41,37432.95,34585.9,35537.05,22229082760.92563
2021-06-13 00:00:00+00:00,35535.95,39374.18,34739.06,38993.65,23729185499.53586
2021-06-14 00:00:00+00:00,38993.66,41000.0,38720.0,40489.1,28043323953.58158
2021-06-15 00:00:00+00:00,40489.1,41413.0,39500.0,40132.86,25426404028.57427
2021-06-16 00:00:00+00:00,40132.86,40495.0,38105.0,38344.97,26431149487.44754
2021-06-17 00:00:00+00:00,38344.97,39565.0,37334.76,38060.71,23274089670.0265
2021-06-18 00:00:00+00:00,38060.71,38198.0,35100.0,35811.41,29108720481.11914
2021-06-19 00:00:00+00:00,35811.41,36471.8,34704.08,35483.0,22933053073.80613
2021-06-20 00:00:00+00:00,35483.01,36155.0,33312.0,35588.64,28839255734.67477
2021-06-21 00:00:00+00:00,35588.63,35746.28,31250.51,31606.0,45999742162.57469
2021-06-22 00:00:00+00:00,31606.0,33274.0,28780.01,32496.0,48118035155.63216
2021-06-23 00:00:00+00:00,32496.0,34867.77,31711.5,33649.0,32385728391.32214
2021-06-24 00:00:00+00:00,33650.0,35406.74,32300.0,34644.64,26142284529.30551
2021-06-25 00:00:00+00:00,34644.65,35500.0,31250.0,31568.07,36220815800.34415
2021-06-26 00:00:00+00:00,31569.18,32720.52,30120.0,32255.56,34169368151.21496
2021-06-27 00:00:00+00:00,32250.15,34762.0,31960.0,34687.71,29675701648.44259
2021-06-28 00:00:00+00:00,34687.71,35279.38,33855.0,34487.22,24347802821.64672
2021-06-29 00:00:00+00:00,34486.58,36623.0,34206.0,35911.26,28651151982.42255
2021-06-30 00:00:00+00:00,35910.64,36089.96,34042.74,35031.39,25089717253.91246
2021-07-01 00:00:00+00:00,35031.39,35044.98,32672.04,33489.96,25510026886.15879
2021-07-02 00:00:00+00:00,33489.96,33960.0,32684.0,33760.94,22117194903.82862
2021-07-03 00:00:00+00:00,33760.94,34948.16,33296.98,34652.94,17523073397.64332
2021-07-04 00:00:00+00:00,34653.32,35955.55,34340.75,35280.16,15913944818.06252
2021-07-05 00:00:00+00:00,35280.17,35281.55,33032.0,33672.72,25080538853.9889
2021-07-06 00:00:00+00:00,33672.72,35120.0,33500.0,34206.01,22007603921.1366
2021-07-07 00:00:00+00:00,34206.0,35089.56,33756.48,33845.64,15756590092.29847
2021-07-08 00:00:00+00:00,33845.63,33910.0,32066.0,32852.04,21360817082.62111
2021-07-09 00:00:00+00:00,32855.0,34100.0,32250.0,33805.01,16088319381.03029
2021-07-10 00:00:00+00:00,33805.01,34248.58,33010.0,33497.98,13822726226.60229
2021-07-11 00:00:00+00:00,33497.98,34629.62,33306.03,34253.81,11640701255.89198
2021-07-12 00:00:00+00:00,34253.88,34662.73,32650.0,33070.87,16891641370.32395
2021-07-13 00:00:00+00:00,33070.86,33336.0,32186.99,32709.09,15294563607.10545
2021-07-14 00:00:00+00:00,32708.66,33176.47,31556.02,32803.01,16871855472.03737
2021-07-15 00:00:00+00:00,32803.0,33170.0,31140.0,31866.43,17249306209.93983
2021-07-16 00:00:00+00:00,31865.53,32245.0,31018.59,31382.95,16377889184.44778
2021-07-17 00:00:00+00:00,31382.96,31945.0,31150.02,31496.65,13327067038.85016
2021-07-18 00:00:00+00:00,31496.65,32435.93,31075.1,31767.0,13084053080.66186
2021-07-19 00:00:00+00:00,31765.23,31890.0,30358.77,30823.62,15114690213.58257
2021-07-20 00:00:00+00:00,30823.62,31050.0,29242.24,29775.9,17961608394.43468
2021-07-21 00:00:00+00:00,29775.89,32883.9,29472.41,32120.0,24708991011.44716
2021-07-22 00:00:00+00:00,32120.0,32583.48,31700.0,32268.11,12754500028.76495
2021-07-23 00:00:00+00:00,32268.12,33650.0,31970.82,33634.46,13173247545.9248
2021-07-24 00:00:00+00:00,33631.74,34471.0,33379.81,34230.0,12732082908.68063
2021-07-25 00:00:00+00:00,34230.0,35400.0,33812.0,35370.66,13893942170.58207
2021-07-26 00:00:00+00:00,35370.67,48168.6,35185.49,37218.09,44475672628.66526
2021-07-27 00:00:00+00:00,37218.09,39546.34,36384.31,39442.33,25492243891.00927
2021-07-28 00:00:00+00:00,39448.06,40894.0,38753.0,40003.08,29337785847.17598
2021-07-29 00:00:00+00:00,40003.08,40665.0,39203.83,40012.9,18494873369.9317
2021-07-30 00:00:00+00:00,40012.89,42316.6,38320.0,42203.25,22382077430.50685
2021-07-31 00:00:00+00:00,42202.6,42494.0,41030.19,41448.11,15885174209.01891
2021-08-01 00:00:00+00:00,41448.1,42614.98,39350.4,39846.78,20123271133.84008
2021-08-02 00:00:00+00:00,39846.78,40450.0,38658.0,39147.48,17868768676.14336
2021-08-03 00:00:00+00:00,39147.47,39774.93,37600.0,38203.26,19870811472.42814
2021-08-04 00:00:00+00:00,38201.33,39975.32,37500.0,39731.31,18566815767.50786
2021-08-05 00:00:00+00:00,39731.31,41350.0,37291.0,40882.4,29293280083.50881
2021-08-06 00:00:00+00:00,40882.39,43400.0,39849.82,42825.43,27084444322.36515
2021-08-07 00:00:00+00:00,42825.43,44753.01,42395.2,44601.11,25434912724.49232
2021-08-08 00:00:00+00:00,44601.11,45350.0,43265.0,43787.71,24546996022.15984
2021-08-09 00:00:00+00:00,43787.71,46483.0,42785.0,46259.7,28215980001.728
2021-08-10 00:00:00+00:00,46259.7,46800.0,44670.05,45589.99,20993395642.65772
2021-08-11 00:00:00+00:00,45589.99,46754.27,45354.0,45522.12,18016171890.37027
2021-08-12 00:00:00+00:00,45522.13,46226.67,43800.0,44385.09,21002449071.36338
2021-08-13 00:00:00+00:00,44385.09,47980.69,44208.88,47792.52,20268188738.82734
2021-08-14 00:00:00+00:00,47792.52,48300.0,46000.0,47083.74,17592436753.37547
2021-08-15 00:00:00+00:00,47083.75,47388.75,45480.0,47006.02,17184325858.98103
2021-08-16 00:00:00+00:00,47006.02,48074.23,45682.03,45926.23,19341043030.76062
2021-08-17 00:00:00+00:00,45926.23,47194.0,44412.01,44704.84,21777823959.04203
2021-08-18 00:00:00+00:00,44704.85,46050.0,44227.32,44714.09,17865646754.68377
2021-08-19 00:00:00+00:00,44714.09,47100.0,43938.38,46772.0,19883402232.55334
2021-08-20 00:00:00+00:00,46772.0,49500.0,46650.0,49332.74,19242378733.46022
2021-08-21 00:00:00+00:00,49332.99,49833.0,48250.0,48848.29,17049427213.4425
2021-08-22 00:00:00+00:00,48846.11,49556.2,48075.81,49273.28,14395479952.62928
2021-08-23 00:00:00+00:00,49273.28,50600.0,49075.01,49523.91,17745733776.00453
2021-08-24 00:00:00+00:00,49523.23,49888.88,47600.0,47719.36,19450210328.35084
2021-08-25 00:00:00+00:00,47719.37,49297.8,47130.57,48992.65,18737744219.73293
2021-08-26 00:00:00+00:00,48992.65,49380.0,46280.0,46853.06,22473235582.72602
2021-08-27 00:00:00+00:00,46854.22,49220.0,46359.97,49083.98,19245054649.6343
2021-08-28 00:00:00+00:00,49082.13,49333.0,48395.65,48931.99,10891802522.97636
2021-08-29 00:00:00+00:00,48931.99,49769.2,47741.31,48795.41,15338512478.0667
2021-08-30 00:00:00+00:00,48795.42,48916.25,46876.49,47024.7,16883434689.08808
2021-08-31 00:00:00+00:00,47024.69,48298.0,46731.03,47150.32,17331998427.24321
2021-09-01 00:00:00+00:00,47150.32,49160.79,46550.99,48842.94,16740393336.66525
2021-09-02 00:00:00+00:00,48842.93,50420.0,48631.2,49299.14,17997935761.14562
2021-09-03 00:00:00+00:00,49299.14,51111.0,48333.0,50027.08,21513177165.61612
2021-09-04 00:00:00+00:00,50027.09,50582.08,49360.0,49940.74,13759937547.8914
2021-09-05 00:00:00+00:00,49942.2,51950.0,49462.59,51799.57,14588935796.41607
2021-09-06 00:00:00+00:00,51799.56,52830.0,51040.0,52683.97,15423250787.26498
2021-09-07 00:00:00+00:00,52683.98,52950.0,42088.0,46864.39,37281067593.00847
2021-09-08 00:00:00+00:00,46864.38,47347.0,44431.0,46062.29,20085515480.72311
2021-09-09 00:00:00+00:00,46060.02,47400.0,45500.0,46413.88,14346157049.46551
2021-09-10 00:00:00+00:00,46413.88,47037.5,44120.0,44860.83,15708080883.28685
2021-09-11 00:00:00+00:00,44860.83,45999.0,44737.4,45193.78,8807681962.10374
2021-09-12 00:00:00+00:00,45194.19,46512.2,44746.51,46046.73,10201271595.70855
2021-09-13 00:00:00+00:00,46048.02,46933.89,43323.93,44975.96,20131171676.0145
2021-09-14 00:00:00+00:00,44975.96,47272.98,44692.9,47087.18,12831694974.04345
2021-09-15 00:00:00+00:00,47087.18,48440.93,46675.0,48106.12,11624351579.75172
2021-09-16 00:00:00+00:00,48106.13,48488.0,47038.21,47745.55,12433719043.28008
2021-09-17 00:00:00+00:00,47745.55,48150.0,46750.0,47303.11,10742174762.67011
2021-09-18 00:00:00+00:00,47303.11,48850.0,47044.32,48285.15,10031215317.91942
2021-09-19 00:00:00+00:00,48284.61,48364.64,46840.0,47256.91,10122579342.97277
2021-09-20 00:00:00+00:00,47256.92,47345.0,42467.86,43026.6,26601166549.81395
2021-09-21 00:00:00+00:00,43026.61,43629.6,39503.58,40726.1,28674205460.24377
2021-09-22 00:00:00+00:00,40727.83,43989.98,40551.49,43520.0,17055828172.61599
2021-09-23 00:00:00+00:00,43520.0,44976.48,43056.0,44828.29,14552188970.80982
2021-09-24 00:00:00+00:00,44828.29,45134.33,40650.0,42798.49,25937929795.8751
2021-09-25 00:00:00+00:00,42798.49,42950.0,41630.26,42651.58,11773712808.98387
2021-09-26 00:00:00+00:00,42646.84,43940.0,40725.01,43150.0,15063801544.28196
2021-09-27 00:00:00+00:00,43150.01,44350.0,42059.13,42122.69,12386098075.29085
2021-09-28 00:00:00+00:00,42122.69,42749.0,40854.0,41006.32,15049002596.37617
2021-09-29 00:00:00+00:00,41002.96,42576.8,40708.73,41499.71,12246762409.51776
2021-09-30 00:00:00+00:00,41499.7,44100.0,41387.78,43796.57,16818655330.04175
2021-10-01 00:00:00+00:00,43799.49,48450.0,43260.01,48123.94,20816747005.41754
2021-10-02 00:00:00+00:00,48123.93,48338.68,47410.0,47626.61,8730132627.52512
2021-10-03 00:00:00+00:00,47626.62,49304.12,47071.26,48187.3,10220431021.74645
2021-10-04 00:00:00+00:00,48187.99,49544.48,46885.29,49198.22,15638433546.81931
2021-10-05 00:00:00+00:00,49199.78,51888.0,49009.21,51455.12,15777204363.85077
2021-10-06 00:00:00+00:00,51460.22,56416.02,50410.0,55321.6,22242398945.29027
2021-10-07 00:00:00+00:00,55327.45,55337.8,53374.34,53814.99,14289443599.2762
2021-10-08 00:00:00+00:00,53814.99,56208.73,53647.3,53975.0,13956986828.05278
2021-10-09 00:00:00+00:00,53974.99,55589.0,53656.66,54960.77,9179243466.66163
2021-10-10 00:00:00+00:00,54960.79,56789.0,54101.0,54700.0,15966267341.69028
2021-10-11 00:00:00+00:00,54700.0,57880.0,54458.0,57500.01,17849826167.23144
2021-10-12 00:00:00+00:00,57500.01,57756.52,53750.0,56011.84,19709191747.56351
2021-10-13 00:00:00+00:00,56011.83,57822.38,54271.24,57393.65,18304667791.64031
2021-10-14 00:00:00+00:00,57393.65,58586.67,56800.0,57378.19,14692446487.46952
2021-10-15 00:00:00+00:00,57377.12,63997.61,56900.0,61702.33,29726367096.88279
2021-10-16 00:00:00+00:00,61702.33,62444.23,60220.0,60925.56,13067491173.4585
2021-10-17 00:00:00+00:00,60925.56,61796.47,58850.0,61571.45,14569391373.15171
2021-10-18 00:00:00+00:00,61571.45,62800.0,59897.61,62037.92,20556521574.84721
2021-10-19 00:00:00+00:00,62037.92,64500.0,61300.0,64316.7,23836964137.71631
2021-10-20 00:00:00+00:00,64314.75,67150.0,63518.81,66064.24,21256679160.97886
2021-10-21 00:00:00+00:00,66064.25,66750.0,62000.0,62260.33,30800550148.00219
2021-10-22 00:00:00+00:00,62260.33,63796.2,60011.9,60734.27,21694368337.15083
2021-10-23 00:00:00+00:00,60734.28,61780.0,59622.0,61325.11,13592218440.15612
2021-10-24 00:00:00+00:00,61325.09,61550.0,59504.46,60902.82,14885043274.31098
2021-10-25 00:00:00+00:00,60902.82,63795.98,60701.0,63127.04,14692569106.66627
2021-10-26 00:00:00+00:00,63129.25,63362.06,59838.05,60358.75,15638312967.08455
2021-10-27 00:00:00+00:00,60358.74,61550.0,57865.0,58449.36,19537339454.97683
2021-10-28 00:00:00+00:00,58449.36,62641.26,57550.0,60622.03,20097525760.43563
2021-10-29 00:00:00+00:00,60622.02,63069.71,60222.0,62308.22,13443682100.82851
2021-10-30 00:00:00+00:00,62308.21,62415.85,60631.23,61895.19,9612679322.81911
2021-10-31 00:00:00+00:00,61895.19,62462.99,60008.0,61348.61,11207623543.6644
2021-11-01 00:00:00+00:00,61347.14,62543.58,59400.0,60942.87,15074399515.22613
2021-11-02 00:00:00+00:00,60942.87,64349.55,60659.58,63266.69,13660618219.95169
2021-11-03 00:00:00+00:00,63266.69,63613.0,60300.0,62946.45,13219637045.22856
2021-11-04 00:00:00+00:00,62946.45,63149.0,60703.0,61431.86,11399249536.47138
2021-11-05 00:00:00+00:00,61433.9,62671.48,60762.0,61006.0,9697454173.43093
2021-11-06 00:00:00+00:00,61006.0,61645.75,60100.0,61511.3,9432009426.66797
2021-11-07 00:00:00+00:00,61511.3,63377.58,61368.26,63316.4,8884101795.93602
2021-11-08 00:00:00+00:00,63316.4,67932.89,63308.7,67606.96,18088392666.76962
2021-11-09 00:00:00+00:00,67606.96,68675.16,66300.0,67009.98,15654216547.79626
2021-11-10 00:00:00+00:00,67010.65,69198.7,62400.51,64920.13,23147498978.96334
2021-11-11 00:00:00+00:00,64920.13,65646.98,64147.12,64831.3,11575850111.67905
2021-11-12 00:00:00+00:00,64831.2,65500.0,62313.0,64156.08,16915954847.28551
2021-11-13 00:00:00+00:00,64156.08,65073.24,63430.01,64427.0,7984348166.02606
2021-11-14 00:00:00+00:00,64426.99,65569.99,63640.0,65568.39,9450438558.31633
2021-11-15 00:00:00+00:00,65568.38,66395.05,63351.58,63654.49,13656636971.01954
2021-11-16 00:00:00+00:00,63654.49,63655.77,58397.14,60106.03,28862014876.13343
2021-11-17 00:00:00+00:00,60106.03,60848.85,58336.68,60366.96,17181720172.69431
2021-11-18 00:00:00+00:00,60366.97,60999.0,56505.48,56921.05,24129304002.96715
2021-11-19 00:00:00+00:00,56921.04,58333.0,55604.0,58069.51,14001797579.95711
2021-11-20 00:00:00+00:00,58069.52,59873.84,57372.0,59716.29,10188245162.44803
2021-11-21 00:00:00+00:00,59716.28,60052.82,58518.88,58661.39,8509909811.76275
2021-11-22 00:00:00+00:00,58648.87,59624.56,55600.0,56268.31,18717910073.27998
2021-11-23 00:00:00+00:00,56268.31,57888.0,55250.0,57574.23,15216816647.77958
2021-11-24 00:00:00+00:00,57574.24,57775.27,55900.0,57165.08,11043276126.5089
2021-11-25 00:00:00+00:00,57165.09,59449.62,57029.0,58988.21,11190941838.07731
2021-11-26 00:00:00+00:00,58988.36,59186.41,53500.0,53755.65,20945137179.71787
2021-11-27 00:00:00+00:00,53755.66,55300.0,53640.69,54738.77,8478100940.1226
2021-11-28 00:00:00+00:00,54738.77,57474.76,53245.0,57315.73,11739217936.70817
2021-11-29 00:00:00+00:00,57315.72,58924.21,56715.0,57827.98,12407120858.33198
2021-11-30 00:00:00+00:00,57827.97,59224.99,55900.0,56975.0,19388577718.16696
2021-12-01 00:00:00+00:00,56978.06,59100.0,56500.0,57209.29,15768296334.55757
2021-12-02 00:00:00+00:00,57209.28,57428.49,55800.0,56513.57,14156805566.29961
2021-12-03 00:00:00+00:00,56513.56,57670.0,50604.0,53612.0,20620928587.23005
2021-12-04 00:00:00+00:00,53611.86,53889.69,40888.89,49135.66,28876836071.52302
2021-12-05 00:00:00+00:00,49135.66,49699.49,47755.0,49376.6,14016018237.14839
2021-12-06 00:00:00+00:00,49373.83,50888.0,47000.0,50424.72,17416560141.64795
2021-12-07 00:00:00+00:00,50424.72,51929.0,50012.0,50577.2,11455372238.68916
2021-12-08 00:00:00+00:00,50577.2,51210.6,48533.33,50455.61,11927549317.95012
2021-12-09 00:00:00+00:00,50459.61,50773.03,47312.89,47539.76,13331462595.9486
2021-12-10 00:00:00+00:00,47539.34,50188.42,46828.23,47136.35,14624324088.15633
2021-12-11 00:00:00+00:00,47132.31,49499.05,46724.35,49381.15,10208756470.20068
2021-12-12 00:00:00+00:00,49379.51,50768.0,48616.16,50057.01,9106252724.30474
2021-12-13 00:00:00+00:00,50057.02,50180.0,45600.0,46679.93,16649825351.91293
2021-12-14 00:00:00+00:00,46679.93,48657.92,46255.6,48324.04,12568719899.92738
2021-12-15 00:00:00+00:00,48324.0,49479.75,46518.73,48870.48,16608174001.39206
2021-12-16 00:00:00+00:00,48870.48,49439.79,47500.0,47624.5,10475553466.87223
2021-12-17 00:00:00+00:00,47629.1,47988.27,45373.11,46125.33,15254949355.93811
2021-12-18 00:00:00+00:00,46125.33,47336.99,45438.43,46815.99,8888783519.25989
2021-12-19 00:00:00+00:00,46815.99,48461.17,46399.37,46668.63,11424734107.71985
2021-12-20 00:00:00+00:00,46668.65,47533.42,45530.67,46898.14,12694248816.63036
2021-12-21 00:00:00+00:00,46896.82,49298.78,46650.0,48875.15,12591846630.47555
2021-12-22 00:00:00+00:00,48875.88,49599.0,48420.02,48569.69,10204294033.10858
2021-12-23 00:00:00+00:00,48569.69,51377.74,48020.0,50817.92,12639718706.13498
2021-12-24 00:00:00+00:00,50817.94,51805.0,50379.25,50808.55,11239397651.05684
2021-12-25 00:00:00+00:00,50809.37,51190.0,50105.0,50403.64,7493948259.92037
2021-12-26 00:00:00+00:00,50403.64,51300.0,49350.0,50765.73,9267956168.27748
2021-12-27 00:00:00+00:00,50765.73,52134.0,50450.0,50707.72,11061080417.43167
2021-12-28 00:00:00+00:00,50707.72,50713.56,47290.0,47522.03,16407080716.16083
2021-12-29 00:00:00+00:00,47522.02,48125.97,46000.0,46436.54,13014511681.30992
2021-12-30 00:00:00+00:00,46436.53,47911.68,45880.0,47095.02,10818483277.72078
2021-12-31 00:00:00+00:00,47095.02,48575.0,45650.0,46210.56,13567843473.42067
2022-01-01 00:00:00+00:00,46210.57,47943.77,46210.55,47704.35,8461832661.65729
2022-01-02 00:00:00+00:00,47704.35,48000.0,46605.68,47280.0,8730148323.6079
2022-01-03 00:00:00+00:00,47280.01,47575.22,45665.4,46445.81,11434725784.02273
2022-01-04 00:00:00+00:00,46445.8,47524.36,45445.57,45833.42,13573606756.16807
2022-01-05 00:00:00+00:00,45833.41,47075.29,42270.0,43421.69,21959888820.89765
2022-01-06 00:00:00+00:00,43421.7,43766.0,42385.83,43080.01,12890924257.87606
2022-01-07 00:00:00+00:00,43080.01,43135.0,40456.56,41553.86,19783906992.59905
2022-01-08 00:00:00+00:00,41553.87,42335.0,40500.0,41688.05,11779922567.4038
2022-01-09 00:00:00+00:00,41688.05,42773.85,41170.0,41851.22,9347759287.48888
2022-01-10 00:00:00+00:00,41851.22,42219.84,39610.0,41801.55,18676770270.33546
2022-01-11 00:00:00+00:00,41801.55,43118.0,41255.0,42700.68,13657150777.60344
2022-01-12 00:00:00+00:00,42700.69,44300.0,42415.0,43880.72,12189347664.02133
2022-01-13 00:00:00+00:00,43880.72,44396.68,42301.16,42534.32,12536916955.57177
2022-01-14 00:00:00+00:00,42538.72,43450.0,41666.0,43042.4,11620761638.67808
2022-01-15 00:00:00+00:00,43042.4,43800.0,42530.64,43070.51,7962625061.63067
2022-01-16 00:00:00+00:00,43070.51,43464.71,42531.69,43060.66,7638792723.4354
2022-01-17 00:00:00+00:00,43060.66,43159.32,41523.68,42176.34,9870740739.62078
2022-01-18 00:00:00+00:00,42176.34,42680.0,41260.0,42337.58,11189671439.34784
2022-01-19 00:00:00+00:00,42337.58,42545.0,41115.64,41657.89,13989826398.11288
2022-01-20 00:00:00+00:00,41656.9,43495.0,40550.0,40661.69,16867468374.30662
2022-01-21 00:00:00+00:00,40662.06,41095.76,35380.92,36425.98,30302616543.91132
2022-01-22 00:00:00+00:00,36426.46,36817.74,33950.0,35043.73,23906967843.02501
2022-01-23 00:00:00+00:00,35043.73,36496.92,34588.8,36230.01,13097400243.75661
2022-01-24 00:00:00+00:00,36230.0,37528.0,32853.83,36648.31,28523818659.37716
2022-01-25 00:00:00+00:00,36648.3,37561.03,35693.0,36934.26,14967474932.81879
2022-01-26 00:00:00+00:00,36934.26,38886.58,36232.42,36787.43,20858872853.19313
2022-01-27 00:00:00+00:00,36787.42,37200.0,35471.53,37131.0,15328505621.72229
2022-01-28 00:00:00+00:00,37131.0,38000.0,36149.02,37696.21,13594591900.12492
2022-01-29 00:00:00+00:00,37696.22,38750.94,37252.0,38150.01,9034176250.23326
2022-01-30 00:00:00+00:00,38150.0,38420.3,37334.83,37870.01,7393111440.65068
2022-01-31 00:00:00+00:00,37870.0,38741.73,36620.0,38439.04,11976940218.20276
2022-02-01 00:00:00+00:00,38439.04,39260.26,37969.0,38680.51,13632595784.2999
2022-02-02 00:00:00+00:00,38680.51,38834.18,36529.81,36892.03,12748099870.64242
2022-02-03 00:00:00+00:00,36892.05,37395.0,36204.3,37289.86,11697089175.17526
2022-02-04 00:00:00+00:00,37287.33,41741.76,37011.0,41550.0,20278655698.32346
2022-02-05 00:00:00+00:00,41550.0,41922.0,40920.0,41374.69,10047968021.9499
2022-02-06 00:00:00+00:00,41374.68,42656.8,41100.0,42361.35,8973046762.87637
2022-02-07 00:00:00+00:00,42361.34,44541.16,41609.76,43829.99,18066735189.2121
2022-02-08 00:00:00+00:00,43829.99,45600.0,42641.0,44021.57,20510408716.12763
2022-02-09 00:00:00+00:00,44021.58,44826.0,43089.08,44358.08,13182555302.94626
2022-02-10 00:00:00+00:00,44358.09,45847.5,43136.96,43471.29,25056911387.52332
2022-02-11 00:00:00+00:00,43471.3,43900.0,41914.23,42366.0,17859967569.9422
2022-02-12 00:00:00+00:00,42365.99,42980.0,41540.0,42199.87,10831014104.34159
2022-02-13 00:00:00+00:00,42199.88,42755.97,41850.0,42041.13,8127109308.94153
2022-02-14 00:00:00+00:00,42041.12,42888.0,41526.0,42525.14,12843945742.38583
2022-02-15 00:00:00+00:00,42525.14,44777.0,42406.23,44529.6,12150999143.33453
2022-02-16 00:00:00+00:00,44529.7,44536.8,43277.8,43860.7,11231548897.34829
2022-02-17 00:00:00+00:00,43860.8,44150.0,40020.1,40491.7,18306714686.34452
2022-02-18 00:00:00+00:00,40491.8,40944.1,39422.0,39966.8,15188089909.73473
2022-02-19 00:00:00+00:00,39966.8,40438.7,39610.3,40052.6,7424908673.12969
2022-02-20 00:00:00+00:00,40052.6,40100.1,37905.0,38368.1,12741245042.82211
2022-02-21 00:00:00+00:00,38367.9,39510.0,36762.0,36986.4,24685541251.61848
2022-02-22 00:00:00+00:00,36986.4,38450.0,36310.1,38212.0,17408326520.91108
2022-02-23 00:00:00+00:00,38212.1,39250.0,36963.2,37227.8,15594144071.8888
2022-02-24 00:00:00+00:00,37227.9,40376.1,34303.7,38315.1,33179251056.85041
2022-02-25 00:00:00+00:00,38316.2,39750.0,37999.2,39205.4,16181393771.15972
2022-02-26 00:00:00+00:00,39205.4,40441.1,38561.7,39099.3,9879223598.44196
2022-02-27 00:00:00+00:00,39099.3,39868.6,36934.6,37672.0,16317550913.22295
2022-02-28 00:00:00+00:00,37672.1,44341.0,37414.4,43155.0,24659800737.31436
2022-03-01 00:00:00+00:00,43155.0,44935.0,42765.4,44394.1,19622069856.81384
2022-03-02 00:00:00+00:00,44393.6,45350.0,43321.0,43885.7,17988671380.99431
2022-03-03 00:00:00+00:00,43885.8,44080.0,41831.0,42449.5,15701873990.90735
2022-03-04 00:00:00+00:00,42449.6,42525.3,38521.0,39127.7,19124060705.42543
2022-03-05 00:00:00+00:00,39127.7,39580.0,38547.6,39375.1,7774650477.29027
2022-03-06 00:00:00+00:00,39375.0,39690.0,38056.0,38401.1,12109833925.17119
2022-03-07 00:00:00+00:00,38401.1,39550.0,37134.0,37963.8,18764725860.73588
2022-03-08 00:00:00+00:00,37963.7,39340.5,37853.0,38709.9,16295438564.50412
2022-03-09 00:00:00+00:00,38709.9,42647.5,38638.7,41937.5,19171096064.11704
2022-03-10 00:00:00+00:00,41939.5,42034.3,38512.0,39407.2,20592964929.86937
2022-03-11 00:00:00+00:00,39407.1,40242.0,38200.1,38713.0,18251508270.53395
2022-03-12 00:00:00+00:00,38713.1,39578.4,38630.0,38792.6,6738409306.12123
2022-03-13 00:00:00+00:00,38792.7,39300.0,37500.0,37743.7,9151745126.66911
2022-03-14 00:00:00+00:00,37743.0,39989.0,37522.1,39653.8,13971397117.54385
2022-03-15 00:00:00+00:00,39651.6,39901.8,38073.8,39271.0,13464944694.45397
2022-03-16 00:00:00+00:00,39270.9,41804.0,38700.0,41105.8,26187353348.45998
2022-03-17 00:00:00+00:00,41105.9,41498.4,40442.8,40898.1,9978203719.84016
2022-03-18 00:00:00+00:00,40898.0,42322.8,40084.2,41751.5,12263436409.42434
2022-03-19 00:00:00+00:00,41751.6,42446.6,41500.0,42188.2,7807076596.94564
2022-03-20 00:00:00+00:00,42188.2,42269.3,40900.0,41261.0,9789547363.38173
2022-03-21 00:00:00+00:00,41261.0,41544.4,40430.0,40982.0,12653661229.586
2022-03-22 00:00:00+00:00,40982.0,43517.7,40852.0,42349.8,15892694388.65686
2022-03-23 00:00:00+00:00,42349.9,43051.0,41731.3,42867.9,11938814869.12358
2022-03-24 00:00:00+00:00,42867.8,44200.0,42525.0,43973.4,14365660202.82174
2022-03-25 00:00:00+00:00,43973.2,45142.0,43575.1,44290.6,15463641455.42722
2022-03-26 00:00:00+00:00,44290.6,44785.0,44041.0,44489.2,6243407332.87603
2022-03-27 00:00:00+00:00,44489.3,47047.0,44416.0,46820.8,12238392163.90325
2022-03-28 00:00:00+00:00,46820.9,48200.0,46651.2,47121.9,15043239939.14575
2022-03-29 00:00:00+00:00,47121.8,48100.0,46911.0,47418.5,12315667516.20554
2022-03-30 00:00:00+00:00,47418.5,47688.6,46535.0,47053.2,11089386781.04892
2022-03-31 00:00:00+00:00,47053.1,47619.4,45185.0,45506.0,13933431988.82722
2022-04-01 00:00:00+00:00,45505.9,46700.0,44206.2,46266.2,16398107293.59809
2022-04-02 00:00:00+00:00,46266.2,47236.8,45600.0,45794.6,10506397608.90616
2022-04-03 00:00:00+00:00,45792.3,47448.0,45501.0,46392.4,9869048181.66671
2022-04-04 00:00:00+00:00,46392.3,46895.5,45094.0,46580.9,12550005434.18833
2022-04-05 00:00:00+00:00,46580.9,47188.0,45300.0,45477.4,11905271460.90981
2022-04-06 00:00:00+00:00,45477.5,45494.2,43100.0,43159.7,17045609346.28906
2022-04-07 00:00:00+00:00,43159.8,43888.0,42685.0,43417.1,9962663417.59556
2022-04-08 00:00:00+00:00,43417.1,43968.1,42074.0,42229.2,13392061160.35177
2022-04-09 00:00:00+00:00,42229.1,42796.7,42100.3,42727.7,5079062857.24372
2022-04-10 00:00:00+00:00,42727.8,43399.4,41838.0,42140.4,7757900433.72425
2022-04-11 00:00:00+00:00,42140.3,42399.9,39136.7,39505.6,17947558294.57257
2022-04-12 00:00:00+00:00,39505.6,40700.0,39224.0,40060.7,13983036683.03152
2022-04-13 00:00:00+00:00,40060.7,41580.0,39569.8,41129.8,13171291934.155
2022-04-14 00:00:00+00:00,41129.8,41474.8,39522.0,39915.9,10618983519.56311
2022-04-15 00:00:00+00:00,39915.9,40888.0,39734.2,40529.5,7834169294.24891
2022-04-16 00:00:00+00:00,40529.6,40700.0,39944.9,40361.0,5151896754.87278
2022-04-17 00:00:00+00:00,40360.9,40574.1,39510.0,39649.1,6844928574.60225
2022-04-18 00:00:00+00:00,39649.1,41310.0,38465.7,40785.6,14385834912.73849
2022-04-19 00:00:00+00:00,40785.7,41788.0,40543.7,41472.9,8812710770.66012
2022-04-20 00:00:00+00:00,41472.9,42166.8,40800.0,41327.7,10680662830.57433
2022-04-21 00:00:00+00:00,41326.0,42966.0,39630.0,40449.8,16394716249.55895
2022-04-22 00:00:00+00:00,40449.7,40786.1,39133.0,39674.2,12603399105.64393
2022-04-23 00:00:00+00:00,39674.3,40000.0,39259.0,39415.1,4956239492.1091
2022-04-24 00:00:00+00:00,39413.8,39930.6,38884.1,39433.4,7132438711.67396
2022-04-25 00:00:00+00:00,39433.4,40650.0,38111.0,40411.0,17582505297.76194
2022-04-26 00:00:00+00:00,40411.0,40800.0,37671.8,38093.7,17745663524.02774
2022-04-27 00:00:00+00:00,38093.7,39470.0,37844.5,39209.0,14987444127.37106
2022-04-28 00:00:00+00:00,39209.0,40376.6,38861.8,39732.5,16383567774.30766
2022-04-29 00:00:00+00:00,39732.5,39924.8,38160.0,38572.2,12006054616.68173
2022-04-30 00:00:00+00:00,38572.2,38782.6,37550.0,37614.5,6968090176.2822
2022-05-01 00:00:00+00:00,37614.4,38680.6,37350.0,38440.5,9004710658.66057
2022-05-02 00:00:00+00:00,38440.2,39222.0,38032.2,38525.6,13024319963.6059
2022-05-03 00:00:00+00:00,38525.5,38674.7,37500.1,37712.9,9498898382.60297
2022-05-04 00:00:00+00:00,37713.0,40071.7,37655.2,39684.0,16546422734.7687
2022-05-05 00:00:00+00:00,39684.1,39845.0,35388.0,36534.7,20498697692.95448
2022-05-06 00:00:00+00:00,36533.7,36679.3,35200.0,35995.3,15553837185.83251
2022-05-07 00:00:00+00:00,35995.2,36138.0,34700.0,35466.7,7130599918.44936
2022-05-08 00:00:00+00:00,35466.7,35504.0,33665.0,34032.0,14710577345.50726
2022-05-09 00:00:00+00:00,34032.1,34243.3,30003.6,30056.6,34585085018.41368
2022-05-10 00:00:00+00:00,30056.0,32650.0,29701.4,31002.1,27002792322.99196
2022-05-11 00:00:00+00:00,31002.1,32197.6,27651.0,29074.7,33432659604.67081
2022-05-12 00:00:00+00:00,29077.9,30257.0,26631.0,29020.7,27412613954.5816
2022-05-13 00:00:00+00:00,29020.8,31072.6,28730.4,29274.3,15321440645.11955
2022-05-14 00:00:00+00:00,29274.2,30352.2,28602.3,30079.8,9273623685.28461
2022-05-15 00:00:00+00:00,30079.5,31462.0,29448.0,31324.4,10189057495.68176
2022-05-16 00:00:00+00:00,31324.3,31327.4,29052.3,29866.7,15148324200.34817
2022-05-17 00:00:00+00:00,29866.4,30794.0,29420.0,30437.0,12050567026.40218
2022-05-18 00:00:00+00:00,30437.0,30700.0,28629.6,28700.6,12571901286.27471
2022-05-19 00:00:00+00:00,28700.6,30550.0,28670.5,30319.9,13313042275.77401
2022-05-20 00:00:00+00:00,30319.9,30784.4,28702.0,29188.9,14409462581.90292
2022-05-21 00:00:00+00:00,29188.9,29650.0,28927.0,29427.4,5951830742.03713
2022-05-22 00:00:00+00:00,29427.4,30500.0,29223.6,30284.0,8892178256.39475
2022-05-23 00:00:00+00:00,30284.0,30658.0,28840.7,29097.7,14259460842.85488
2022-05-24 00:00:00+00:00,29097.8,29887.3,28637.6,29643.1,11175809569.67527
2022-05-25 00:00:00+00:00,29643.0,30246.7,29330.0,29536.7,12302779677.74162
2022-05-26 00:00:00+00:00,29536.7,29877.0,27952.1,29194.0,17570547237.68192
2022-05-27 00:00:00+00:00,29194.0,29387.0,28259.6,28623.2,14627232915.19134
2022-05-28 00:00:00+00:00,28623.3,29265.7,28520.0,29018.8,5593154078.34822
2022-05-29 00:00:00+00:00,29018.8,29595.2,28825.0,29452.8,6278945105.68035
2022-05-30 00:00:00+00:00,29452.6,32307.6,29301.1,31726.5,15459298501.15428
2022-05-31 00:00:00+00:00,31726.5,32427.5,31222.0,31797.8,12177347048.90632
2022-06-01 00:00:00+00:00,31797.9,31986.1,29300.0,29796.9,17126731271.82858
2022-06-02 00:00:00+00:00,29796.9,30750.0,29566.1,30437.1,11143387488.16196
2022-06-03 00:00:00+00:00,30437.1,30693.2,29220.0,29682.8,10664927716.29938
2022-06-04 00:00:00+00:00,29682.8,29988.0,29456.0,29848.4,5568229841.96672
2022-06-05 00:00:00+00:00,29848.5,30250.0,29524.0,29909.9,6129273442.52063
2022-06-06 00:00:00+00:00,29910.0,31780.0,29876.2,31361.2,13627289855.03024
2022-06-07 00:00:00+00:00,31361.2,31599.0,29190.0,31118.1,20938600076.18326
2022-06-08 00:00:00+00:00,31118.0,31325.0,29825.0,30192.5,13872254798.76627
2022-06-09 00:00:00+00:00,30192.6,30691.9,29914.5,30093.3,9291136221.99843
2022-06-10 00:00:00+00:00,30093.4,30374.1,28805.0,29077.7,13179453292.83278
2022-06-11 00:00:00+00:00,29077.7,29427.9,28080.0,28416.7,11234144827.43019
2022-06-12 00:00:00+00:00,28416.6,28530.3,26538.7,26564.7,15462378090.80452
2022-06-13 00:00:00+00:00,26564.7,26877.0,21900.0,22471.5,39289035377.13508
2022-06-14 00:00:00+00:00,22471.4,23424.2,20823.0,22122.7,27599590726.80712
2022-06-15 00:00:00+00:00,22122.7,22800.0,20100.2,22567.5,32006546659.5817
2022-06-16 00:00:00+00:00,22567.5,23000.0,20222.0,20387.4,18813838459.83841
2022-06-17 00:00:00+00:00,20387.4,21388.0,20228.0,20457.3,16088733040.23459
2022-06-18 00:00:00+00:00,20457.3,20768.4,17593.2,18959.7,24038549203.46261
2022-06-19 00:00:00+00:00,18959.7,20821.0,17935.9,20564.2,21080192131.22859
2022-06-20 00:00:00+00:00,20564.3,21099.9,19630.0,20570.1,19052030813.46172
2022-06-21 00:00:00+00:00,20570.0,21740.0,20337.8,20713.1,16577758368.34692
2022-06-22 00:00:00+00:00,20713.1,20888.0,19745.7,19977.4,16485504375.38122
2022-06-23 00:00:00+00:00,19977.5,21250.0,19874.0,21096.6,14372398242.68264
2022-06-24 00:00:00+00:00,21096.6,21563.5,20732.5,21231.2,13621335706.92468
2022-06-25 00:00:00+00:00,21231.2,21627.6,20894.0,21481.9,9228742005.28791
2022-06-26 00:00:00+00:00,21481.9,21888.0,20952.0,21029.1,9467563440.88587
2022-06-27 00:00:00+00:00,21029.1,21560.0,20500.0,20730.0,11319059806.09479
2022-06-28 00:00:00+00:00,20730.0,21198.0,20188.0,20268.6,12074564681.68627
2022-06-29 00:00:00+00:00,20268.7,20430.0,19817.2,20109.9,12250941435.49509
2022-06-30 00:00:00+00:00,20109.9,20165.0,18563.0,19923.5,16548226768.84932
2022-07-01 00:00:00+00:00,19923.3,20926.4,18948.8,19272.0,17973277787.04804
2022-07-02 00:00:00+00:00,19272.0,19456.0,18959.0,19240.9,7361597905.72379
2022-07-03 00:00:00+00:00,19241.0,19645.4,18780.1,19305.9,8622450486.1063
2022-07-04 00:00:00+00:00,19306.0,20350.0,19046.3,20226.6,12445691915.01023
2022-07-05 00:00:00+00:00,20226.3,20749.2,19291.6,20170.0,17057063374.95285
2022-07-06 00:00:00+00:00,20170.1,20667.6,19753.0,20554.1,13764942073.2418
2022-07-07 00:00:00+00:00,20554.2,21830.0,20244.9,21613.4,14673528816.01675
2022-07-08 00:00:00+00:00,21614.5,22579.9,21175.2,21587.9,18441993286.35933
2022-07-09 00:00:00+00:00,21587.8,22000.0,21309.6,21580.0,8503827622.59832
2022-07-10 00:00:00+00:00,21580.0,21594.2,20600.0,20853.8,9870330890.15699
2022-07-11 00:00:00+00:00,20853.8,20853.9,19870.0,19954.3,11469156941.09009
2022-07-12 00:00:00+00:00,19954.3,20048.9,19228.3,19322.9,12632186362.87899
2022-07-13 00:00:00+00:00,19322.9,20401.6,18901.0,20220.1,19099701219.32481
2022-07-14 00:00:00+00:00,20220.1,20900.0,19600.0,20578.6,15457229421.45097
2022-07-15 00:00:00+00:00,20578.6,21200.0,20364.3,20823.1,13043523984.48886
2022-07-16 00:00:00+00:00,20823.1,21580.0,20471.0,21183.5,11321826058.55016
2022-07-17 00:00:00+00:00,21183.6,21674.1,20742.0,20794.4,10308826275.78109
2022-07-18 00:00:00+00:00,20794.4,22800.0,20764.4,22423.9,21581852762.64478
2022-07-19 00:00:00+00:00,22423.5,23817.9,21575.0,23385.9,25470793400.12995
2022-07-20 00:00:00+00:00,23385.9,24277.0,22912.4,23221.5,22329424219.08293
2022-07-21 00:00:00+00:00,23221.5,23441.1,22340.2,23144.5,16553246183.50506
2022-07-22 00:00:00+00:00,23144.5,23750.0,22500.0,22675.1,14697003018.10593
2022-07-23 00:00:00+00:00,22675.0,22990.0,21933.5,22440.2,11353416591.58139
2022-07-24 00:00:00+00:00,22440.1,22999.0,22256.4,22570.6,10486872827.38728
2022-07-25 00:00:00+00:00,22570.6,22656.8,21232.0,21300.0,15241930778.39496
2022-07-26 00:00:00+00:00,21300.0,21334.4,20689.6,21241.0,11607460262.67674
2022-07-27 00:00:00+00:00,21241.0,23100.0,21031.0,22941.1,16528529868.30713
2022-07-28 00:00:00+00:00,22941.1,24194.6,22583.1,23836.2,17665500374.48079
2022-07-29 00:00:00+00:00,23836.2,24500.0,23426.3,23771.1,15337312726.27532
2022-07-30 00:00:00+00:00,23771.0,24700.0,23505.0,23629.9,11889274245.47064
2022-07-31 00:00:00+00:00,23630.0,24187.3,23222.0,23290.1,9142633001.95407
2022-08-01 00:00:00+00:00,23290.1,23497.0,22836.2,23257.6,11554380879.33471
2022-08-02 00:00:00+00:00,23257.6,23448.7,22603.0,22975.1,14363033396.88062
2022-08-03 00:00:00+00:00,22975.1,23650.0,22665.3,22801.5,13201647982.58276
2022-08-04 00:00:00+00:00,22801.5,23211.3,22370.0,22608.9,12515146172.92225
2022-08-05 00:00:00+00:00,22608.9,23450.0,22580.6,23298.1,13716626797.39787
2022-08-06 00:00:00+00:00,23298.0,23341.8,22883.6,22943.3,5272174727.75062
2022-08-07 00:00:00+00:00,22943.2,23400.0,22830.9,23167.8,6267656688.48691
2022-08-08 00:00:00+00:00,23167.9,24243.0,23153.1,23804.4,13485945119.50385
2022-08-09 00:00:00+00:00,23804.3,23913.4,22850.0,23140.2,11634879431.41769
2022-08-10 00:00:00+00:00,23140.1,24235.2,22608.0,23940.9,17921041663.21249
2022-08-11 00:00:00+00:00,23941.0,24972.0,23840.6,23917.2,18562187367.96329
2022-08-12 00:00:00+00:00,23917.3,24438.8,23560.0,24387.5,11446334088.8081
2022-08-13 00:00:00+00:00,24387.5,24879.0,24267.5,24429.0,10577167655.58233
2022-08-14 00:00:00+00:00,24429.0,25065.0,24138.0,24294.1,10730828908.19903
2022-08-15 00:00:00+00:00,24294.1,25200.0,23762.0,24085.2,17992336053.67933
2022-08-16 00:00:00+00:00,24085.2,24234.0,23650.0,23843.0,11027935215.31227
2022-08-17 00:00:00+00:00,23843.0,24437.0,23170.0,23333.1,15186136927.96825
2022-08-18 00:00:00+00:00,23333.1,23595.0,23101.0,23185.1,8134736996.02001
2022-08-19 00:00:00+00:00,23185.0,23200.0,20760.0,20824.9,19700159303.89833
2022-08-20 00:00:00+00:00,20825.0,21368.9,20742.9,21127.8,10362322320.64405
2022-08-21 00:00:00+00:00,21127.7,21804.6,21055.0,21505.6,9076418907.61454
2022-08-22 00:00:00+00:00,21505.6,21550.0,20858.6,21387.0,12492356305.43505
2022-08-23 00:00:00+00:00,21387.0,21667.2,20874.8,21518.2,13030512975.03382
2022-08-24 00:00:00+00:00,21518.2,21925.6,21132.3,21354.9,10795887952.94642
2022-08-25 00:00:00+00:00,21355.0,21810.9,21295.3,21548.3,8976368825.999
2022-08-26 00:00:00+00:00,21548.3,21867.6,20100.0,20228.7,18923645109.31387
2022-08-27 00:00:00+00:00,20228.7,20367.7,19744.0,20023.9,9430185077.10662
2022-08-28 00:00:00+00:00,20024.0,20155.0,19508.0,19547.5,7703477819.25788
2022-08-29 00:00:00+00:00,19547.5,20440.0,19539.4,20275.5,11969489778.36106
2022-08-30 00:00:00+00:00,20275.5,20574.0,19524.4,19803.1,15387324341.7651
2022-08-31 00:00:00+00:00,19803.2,20496.0,19787.9,20041.5,14364997156.93659
2022-09-01 00:00:00+00:00,20041.4,20198.3,19555.0,20122.5,13771147297.87754
2022-09-02 00:00:00+00:00,20122.6,20434.3,19736.0,19941.0,13442087838.13621
2022-09-03 00:00:00+00:00,19941.0,20050.0,19628.7,19820.7,5652779448.41072
2022-09-04 00:00:00+00:00,19820.7,20022.4,19570.0,19992.7,7853749068.4689
2022-09-05 00:00:00+00:00,19992.7,20046.7,19620.2,19784.9,8837636837.41192
2022-09-06 00:00:00+00:00,19784.9,20174.7,18600.0,18781.5,18444352721.94751
2022-09-07 00:00:00+00:00,18781.4,19455.0,18500.0,19287.0,11283513643.93365
2022-09-08 00:00:00+00:00,19287.0,19450.0,19003.8,19309.3,10329897060.9389
2022-09-09 00:00:00+00:00,19309.3,21666.0,19283.0,21352.0,20595406252.57019
2022-09-10 00:00:00+00:00,21352.0,21825.0,21112.2,21639.5,10528881955.93716
2022-09-11 00:00:00+00:00,21639.5,21883.4,21336.0,21820.3,9093590170.7937
2022-09-12 00:00:00+00:00,21820.3,22474.0,21540.0,22386.0,18100462871.90017
2022-09-13 00:00:00+00:00,22386.0,22850.0,19840.0,20162.5,26055120562.0565
2022-09-14 00:00:00+00:00,20162.6,20528.5,19600.0,20217.0,13338081191.69107
2022-09-15 00:00:00+00:00,20217.0,20315.0,19453.0,19690.8,13275371720.98828
2022-09-16 00:00:00+00:00,19690.8,19878.0,19300.0,19792.5,10699906720.22641
2022-09-17 00:00:00+00:00,19792.4,20182.6,19739.4,20102.0,6678646550.85602
2022-09-18 00:00:00+00:00,20102.0,20105.3,19325.8,19404.5,9879306624.60703
2022-09-19 00:00:00+00:00,19404.5,19686.3,18215.0,19528.6,18855643585.82462
2022-09-20 00:00:00+00:00,19528.6,19625.0,18690.1,18866.8,15185745305.0411
2022-09-21 00:00:00+00:00,18866.7,20154.1,18084.3,18447.5,22278202291.21906
2022-09-22 00:00:00+00:00,18447.5,19504.8,18345.2,19392.5,16203598692.71296
2022-09-23 00:00:00+00:00,19392.5,19492.0,18518.5,19280.7,15886090825.79674
2022-09-24 00:00:00+00:00,19280.7,19304.5,18798.0,18911.0,7188116884.43088
2022-09-25 00:00:00+00:00,18910.9,19196.0,18621.0,18799.7,7774394534.94385
2022-09-26 00:00:00+00:00,18799.7,19311.5,18671.0,19216.3,14803230763.46802
2022-09-27 00:00:00+00:00,19216.3,20375.0,18801.5,19070.1,25574742142.98837
2022-09-28 00:00:00+00:00,19070.1,19787.6,18460.0,19407.3,21809407277.4523
2022-09-29 00:00:00+00:00,19407.4,19648.8,18827.2,19582.5,19151664008.3373
2022-09-30 00:00:00+00:00,19582.5,20172.7,19066.0,19411.7,20985538466.48879
2022-10-01 00:00:00+00:00,19411.6,19474.0,19140.0,19304.0,5685550297.42183
2022-10-02 00:00:00+00:00,19304.0,19389.0,18896.0,19049.4,7957458596.47117
2022-10-03 00:00:00+00:00,19049.3,19723.7,18950.8,19622.0,12026295294.53641
2022-10-04 00:00:00+00:00,19621.9,20500.0,19480.1,20333.0,15931560832.40438
2022-10-05 00:00:00+00:00,20332.9,20356.1,19707.0,20150.0,14444920350.12968
2022-10-06 00:00:00+00:00,20149.9,20443.9,19843.3,19954.0,15747127411.81796
2022-10-07 00:00:00+00:00,19954.0,20067.0,19304.4,19520.9,13256159671.11093
2022-10-08 00:00:00+00:00,19520.9,19619.6,19200.0,19406.2,4925720956.06823
2022-10-09 00:00:00+00:00,19406.3,19550.0,19310.0,19430.0,5194156496.34906
2022-10-10 00:00:00+00:00,19430.0,19513.0,19000.0,19124.0,10812283652.88902
2022-10-11 00:00:00+00:00,19124.1,19260.0,18850.0,19055.0,11498533040.99648
2022-10-12 00:00:00+00:00,19055.0,19240.0,18924.3,19148.0,7770793558.69373
2022-10-13 00:00:00+00:00,19148.1,19498.6,17917.8,19365.5,20803755671.58129
2022-10-14 00:00:00+00:00,19365.4,19947.9,19059.6,19164.6,16828184593.54722
2022-10-15 00:00:00+00:00,19164.6,19218.8,18966.0,19060.4,4616795782.81949
2022-10-16 00:00:00+00:00,19060.4,19415.9,19058.0,19251.9,5145257703.0476
2022-10-17 00:00:00+00:00,19251.8,19666.0,19148.0,19540.6,9769309074.28858
2022-10-18 00:00:00+00:00,19540.7,19706.4,19081.0,19320.9,12327590621.92813
2022-10-19 00:00:00+00:00,19320.9,19349.8,19050.0,19116.7,7760139097.5399
2022-10-20 00:00:00+00:00,19116.6,19350.0,18882.4,19034.7,10277064463.57478
2022-10-21 00:00:00+00:00,19034.8,19240.0,18600.0,19150.9,11058978810.26926
2022-10-22 00:00:00+00:00,19151.0,19250.0,19103.5,19195.1,3337193018.901
2022-10-23 00:00:00+00:00,19195.1,19690.0,19050.0,19560.7,6943907525.50088
2022-10-24 00:00:00+00:00,19560.6,19593.3,19146.0,19318.1,9216319528.28483
2022-10-25 00:00:00+00:00,19318.1,20415.0,19228.0,20068.3,15400549183.34802
2022-10-26 00:00:00+00:00,20068.3,21030.0,20041.1,20758.3,17352691191.05276
2022-10-27 00:00:00+00:00,20758.4,20863.7,20170.0,20285.5,12645404154.35179
2022-10-28 00:00:00+00:00,20285.6,20740.0,19951.0,20582.8,12129765185.26634
2022-10-29 00:00:00+00:00,20582.7,21088.0,20547.8,20796.7,10032159490.8777
2022-10-30 00:00:00+00:00,20796.7,20925.2,20503.0,20615.6,6114966321.62948
2022-10-31 00:00:00+00:00,20615.5,20838.7,20225.4,20482.0,9815305143.42379
2022-11-01 00:00:00+00:00,20482.1,20687.0,20320.0,20472.1,6448795091.82572
2022-11-02 00:00:00+00:00,20472.1,20796.0,20050.0,20140.1,13312093111.48019
2022-11-03 00:00:00+00:00,20140.2,20400.0,20026.0,20199.7,7526916784.08875
2022-11-04 00:00:00+00:00,20199.8,21297.0,20171.6,21137.6,17139316861.70927
2022-11-05 00:00:00+00:00,21137.6,21473.7,21071.1,21289.9,6482077789.53821
2022-11-06 00:00:00+00:00,21289.8,21355.8,20863.3,20900.0,5867597250.95476
2022-11-07 00:00:00+00:00,20900.0,21062.6,20374.0,20578.6,11501587222.14423
2022-11-08 00:00:00+00:00,20578.5,20685.0,16830.0,18534.0,39317019209.93521
2022-11-09 00:00:00+00:00,18533.9,18574.9,15462.6,15905.0,35439309964.8887
2022-11-10 00:00:00+00:00,15905.0,18230.0,15730.0,17588.0,25510406114.43922
2022-11-11 00:00:00+00:00,17588.0,17678.0,16343.0,17058.3,16277121145.55291
2022-11-12 00:00:00+00:00,17058.4,17110.8,16623.8,16806.9,5128002410.89517
2022-11-13 00:00:00+00:00,16806.9,16950.0,16210.3,16321.2,5801587266.16716
2022-11-14 00:00:00+00:00,16321.3,17188.0,15805.5,16605.2,15414723480.12307
2022-11-15 00:00:00+00:00,16605.3,17127.2,16516.7,16888.3,10938869739.93734
2022-11-16 00:00:00+00:00,16888.3,17007.4,16358.0,16650.6,8944296635.42915
2022-11-17 00:00:00+00:00,16650.7,16741.7,16403.3,16682.1,6784537154.32738
2022-11-18 00:00:00+00:00,16682.1,16984.4,16541.1,16689.7,6506820289.13927
2022-11-19 00:00:00+00:00,16689.7,16814.5,16543.8,16692.9,2861333541.4962
2022-11-20 00:00:00+00:00,16693.0,16743.9,16167.1,16272.6,5406658335.48391
2022-11-21 00:00:00+00:00,16272.7,16304.3,15443.2,15773.0,12615525683.34995
2022-11-22 00:00:00+00:00,15772.9,16309.0,15610.3,16220.6,9247607752.32879
2022-11-23 00:00:00+00:00,16220.5,16703.4,16155.5,16595.8,9010060479.37584
2022-11-24 00:00:00+00:00,16595.8,16800.0,16450.0,16592.4,5829469816.57378
2022-11-25 00:00:00+00:00,16592.5,16639.9,16331.7,16516.1,5053312513.9595
2022-11-26 00:00:00+00:00,16516.2,16699.1,16369.1,16449.2,4194530429.9317
2022-11-27 00:00:00+00:00,16449.2,16594.2,16396.0,16422.6,3128892691.8766
2022-11-28 00:00:00+00:00,16422.5,16475.0,15984.1,16204.5,8055102077.13727
2022-11-29 00:00:00+00:00,16204.6,16543.0,16088.0,16433.2,6420893173.50274
2022-11-30 00:00:00+00:00,16433.3,17248.3,16421.5,17153.3,10484678949.19782
2022-12-01 00:00:00+00:00,17153.4,17348.5,16851.2,16970.5,7012379504.74513
2022-12-02 00:00:00+00:00,16970.5,17096.3,16760.0,17083.0,5677269598.4332
2022-12-03 00:00:00+00:00,17083.0,17160.0,16850.1,16879.5,3142125597.7286
2022-12-04 00:00:00+00:00,16879.5,17206.2,16874.1,17099.5,4972708169.3658
2022-12-05 00:00:00+00:00,17099.5,17430.0,16860.6,16958.3,8927523671.51991
2022-12-06 00:00:00+00:00,16958.2,17100.0,16899.9,17078.6,5459567210.6866
2022-12-07 00:00:00+00:00,17078.7,17130.0,16655.0,16828.0,5692590254.44704
2022-12-08 00:00:00+00:00,16828.0,17294.9,16710.4,17216.0,6833210695.12541
2022-12-09 00:00:00+00:00,17216.0,17365.4,17052.0,17122.0,4985683348.1939
2022-12-10 00:00:00+00:00,17122.0,17228.6,17081.0,17120.0,2433765605.0113
2022-12-11 00:00:00+00:00,17120.1,17265.0,17060.0,17077.3,2932155202.0391
2022-12-12 00:00:00+00:00,17077.3,17237.9,16865.0,17200.0,5711628347.72763
2022-12-13 00:00:00+00:00,17200.0,18100.0,17076.0,17777.1,10490862496.70048
2022-12-14 00:00:00+00:00,17777.1,18400.0,17659.4,17803.9,11268618570.91463
2022-12-15 00:00:00+00:00,17804.0,17849.5,17258.0,17351.8,7667339751.05844
2022-12-16 00:00:00+00:00,17351.9,17528.0,16521.1,16624.1,10567832471.04395
2022-12-17 00:00:00+00:00,16624.1,16790.0,16571.8,16768.0,4146359913.8303
2022-12-18 00:00:00+00:00,16768.1,16872.0,16656.0,16730.3,3110497440.0705
2022-12-19 00:00:00+00:00,16730.4,16809.6,16210.0,16429.2,5726008366.05374
2022-12-20 00:00:00+00:00,16429.2,17049.6,16390.3,16887.2,7997345166.42257
2022-12-21 00:00:00+00:00,16887.3,16924.2,16694.2,16819.6,3830411850.77234
2022-12-22 00:00:00+00:00,16819.7,16861.9,16556.1,16815.5,5129865155.4518
2022-12-23 00:00:00+00:00,16815.5,16960.0,16690.0,16776.4,4451798691.0348
2022-12-24 00:00:00+00:00,16776.3,16859.9,16774.4,16828.9,1386327837.9178
2022-12-25 00:00:00+00:00,16829.0,16850.0,16700.0,16824.4,2419698734.4932
2022-12-26 00:00:00+00:00,16824.5,16936.8,16781.1,16912.9,2495552248.1392
2022-12-27 00:00:00+00:00,16912.8,16968.0,16580.0,16698.2,4408009231.4954
2022-12-28 00:00:00+00:00,16698.2,16778.3,16455.6,16539.0,5727799258.57904
2022-12-29 00:00:00+00:00,16538.9,16659.0,16485.1,16630.3,3460146192.0415
2022-12-30 00:00:00+00:00,16630.3,16666.6,16320.0,16601.2,4881195596.8533
2022-12-31 00:00:00+00:00,16601.2,16640.0,16461.8,16537.6,2227238361.6692
2023-01-01 00:00:00+00:00,16537.5,16618.8,16488.0,16610.3,1746449849.7392
2023-01-02 00:00:00+00:00,16610.4,16799.0,16541.2,16666.0,3591354304.35244
2023-01-03 00:00:00+00:00,16665.9,16774.0,16600.3,16667.2,3387368709.5144
2023-01-04 00:00:00+00:00,16667.3,16984.6,16645.7,16842.1,5888326801.78923
2023-01-05 00:00:00+00:00,16842.2,16872.8,16740.4,16823.8,2966302291.7523
2023-01-06 00:00:00+00:00,16823.8,17030.0,16664.8,16943.8,5333655035.26937
2023-01-07 00:00:00+00:00,16943.9,16973.6,16900.1,16936.5,1320072681.1707
2023-01-08 00:00:00+00:00,16936.5,17181.1,16905.0,17124.7,2677202628.9964
2023-01-09 00:00:00+00:00,17124.6,17387.8,17098.2,17169.7,6899176604.98138
2023-01-10 00:00:00+00:00,17169.6,17485.4,17140.4,17428.8,5146868921.9222
2023-01-11 00:00:00+00:00,17428.8,18013.2,17306.4,17935.7,6776699165.64645
2023-01-12 00:00:00+00:00,17935.6,19120.0,17902.4,18838.0,19148363107.05267
2023-01-13 00:00:00+00:00,18838.1,19997.8,18711.0,19924.2,15537710427.37066
2023-01-14 00:00:00+00:00,19924.3,21544.0,19882.6,20962.8,20998726724.36468
2023-01-15 00:00:00+00:00,20962.8,21073.8,20556.0,20882.7,8913057374.28152
2023-01-16 00:00:00+00:00,20882.7,21498.0,20606.6,21188.3,14032617401.17082
2023-01-17 00:00:00+00:00,21188.2,21640.0,20827.8,21130.9,11615613152.77241
2023-01-18 00:00:00+00:00,21130.8,21672.0,20386.0,20680.0,17129538788.44014
2023-01-19 00:00:00+00:00,20680.1,21183.9,20659.9,21068.3,7822342459.57356
2023-01-20 00:00:00+00:00,21068.3,22750.0,20856.4,22661.1,15661806602.12429
2023-01-21 00:00:00+00:00,22661.0,23390.0,22422.0,22781.9,17543885761.9696
2023-01-22 00:00:00+00:00,22781.8,23080.2,22287.0,22704.6,10978562431.79006
2023-01-23 00:00:00+00:00,22704.7,23193.1,22500.0,22913.1,12012842979.87915
2023-01-24 00:00:00+00:00,22913.3,23158.7,22450.0,22627.4,11572452898.66944
2023-01-25 00:00:00+00:00,22627.5,23837.4,22310.5,23060.6,15838682593.16114
2023-01-26 00:00:00+00:00,23060.6,23278.7,22843.8,23001.9,9860266068.50203
2023-01-27 00:00:00+00:00,23001.9,23500.0,22516.6,23068.0,11736116589.73221
2023-01-28 00:00:00+00:00,23068.1,23185.0,22870.8,23015.9,4287806004.0492
2023-01-29 00:00:00+00:00,23016.0,23962.7,22961.5,23740.3,13203229115.48447
2023-01-30 00:00:00+00:00,23740.2,23804.6,22484.2,22819.9,13260710938.80389
2023-01-31 00:00:00+00:00,22819.9,23330.0,22715.3,23119.4,9282622250.26382
2023-02-01 00:00:00+00:00,23119.5,23852.4,22747.0,23730.0,13276728610.62969
2023-02-02 00:00:00+00:00,23730.1,24281.4,23365.0,23493.1,14672020690.5787
2023-02-03 00:00:00+00:00,23493.0,23719.9,23201.0,23424.7,11047679446.9572
2023-02-04 00:00:00+00:00,23424.7,23591.4,23250.0,23322.6,4613381157.5632
2023-02-05 00:00:00+00:00,23322.6,23436.0,22741.0,22929.2,8235110913.12042
2023-02-06 00:00:00+00:00,22929.3,23159.4,22600.0,22757.7,9551236526.98696
2023-02-07 00:00:00+00:00,22757.8,23368.6,22742.4,23234.1,10297159070.8913
2023-02-08 00:00:00+00:00,23234.1,23450.0,22662.9,22955.9,8824616946.18832
2023-02-09 00:00:00+00:00,22955.9,23007.8,21684.7,21793.4,16381601662.80056
2023-02-10 00:00:00+00:00,21793.3,21933.8,21405.0,21618.6,9560010537.24584
2023-02-11 00:00:00+00:00,21618.6,21891.9,21594.4,21851.3,4107550899.473
2023-02-12 00:00:00+00:00,21851.2,22080.9,21618.0,21771.1,6050172252.9127
2023-02-13 00:00:00+00:00,21771.0,21888.0,21338.0,21766.2,11064385171.50844
2023-02-14 00:00:00+00:00,21766.1,22320.0,21485.2,22187.4,13138446771.27616
2023-02-15 00:00:00+00:00,22187.4,24420.0,22038.5,24332.6,19105717014.29069
2023-02-16 00:00:00+00:00,24332.7,25290.0,23518.0,23526.6,23594991207.78344
2023-02-17 00:00:00+00:00,23526.6,25043.2,23350.0,24581.5,22269729549.78749
2023-02-18 00:00:00+00:00,24581.3,24887.5,24430.6,24636.9,6441713215.92101
2023-02-19 00:00:00+00:00,24636.8,25200.0,24179.4,24265.9,13409130913.30667
2023-02-20 00:00:00+00:00,24265.9,25140.0,23827.0,24849.9,15954258831.2622
2023-02-21 00:00:00+00:00,24849.9,25347.6,24150.0,24443.4,17996162952.26349
2023-02-22 00:00:00+00:00,24443.3,24468.5,23572.0,24171.3,17500937832.07492
2023-02-23 00:00:00+00:00,24171.3,24588.0,23590.0,23928.8,18066676937.66089
2023-02-24 00:00:00+00:00,23928.7,24138.6,22800.0,23175.6,17176351552.41237
2023-02-25 00:00:00+00:00,23175.5,23210.5,22700.0,23146.2,7149097149.93959
2023-02-26 00:00:00+00:00,23146.2,23675.0,23050.0,23545.3,8663022665.24848
2023-02-27 00:00:00+00:00,23545.2,23888.0,23088.0,23480.0,13533218116.93548
2023-02-28 00:00:00+00:00,23480.0,23592.8,23010.0,23129.6,10669916658.50471
2023-03-01 00:00:00+00:00,23129.7,24022.7,23008.4,23619.8,14566071875.52603
2023-03-02 00:00:00+00:00,23619.8,23790.5,23183.0,23457.1,9812612221.27088
2023-03-03 00:00:00+00:00,23457.1,23468.5,21883.2,22342.8,13631210171.56995
2023-03-04 00:00:00+00:00,22342.8,22400.0,22147.5,22335.7,3909987751.0262
2023-03-05 00:00:00+00:00,22335.8,22650.0,22174.9,22419.4,6328721520.6235
2023-03-06 00:00:00+00:00,22419.3,22594.5,22240.1,22397.1,6702364485.6129
2023-03-07 00:00:00+00:00,22397.1,22550.0,21908.0,22187.1,12196490218.23626
2023-03-08 00:00:00+00:00,22187.1,22276.4,21540.5,21695.4,12052988553.6567
2023-03-09 00:00:00+00:00,21695.3,21823.0,20003.5,20348.3,20058296300.05462
2023-03-10 00:00:00+00:00,20348.4,20351.8,19521.6,20140.3,24701622102.4386
2023-03-11 00:00:00+00:00,20140.3,20674.5,19752.5,20447.3,15236396244.00332
2023-03-12 00:00:00+00:00,20447.3,22184.0,20262.2,21986.2,18488877763.69799
2023-03-13 00:00:00+00:00,21986.2,24517.2,21804.0,24119.5,35400848297.96145
2023-03-14 00:00:00+00:00,24119.5,26489.9,23951.0,24682.5,39411234190.48011
2023-03-15 00:00:00+00:00,24682.5,25200.0,23888.0,24288.0,27097556193.83353
2023-03-16 00:00:00+00:00,24287.9,25167.9,24120.5,24990.4,18170050595.51308
2023-03-17 00:00:00+00:00,24990.5,27763.4,24875.3,27384.0,35443530287.65108
2023-03-18 00:00:00+00:00,27383.9,27726.4,26555.5,26907.0,20184491452.70674
2023-03-19 00:00:00+00:00,26907.0,28397.0,26815.9,27955.7,20977139675.99659
2023-03-20 00:00:00+00:00,27955.8,28483.2,27120.6,27704.1,26103780621.31453
2023-03-21 00:00:00+00:00,27704.1,28460.0,27288.0,28091.1,19152913743.53478
2023-03-22 00:00:00+00:00,28091.1,28881.0,26590.0,27233.8,30186741704.76973
2023-03-23 00:00:00+00:00,27233.8,28777.0,27101.0,28284.1,22583147907.22827
2023-03-24 00:00:00+00:00,28284.0,28369.1,26960.0,27438.9,19369885616.52528
2023-03-25 00:00:00+00:00,27439.0,27788.0,27131.8,27447.3,9219228887.09329
2023-03-26 00:00:00+00:00,27447.2,28186.9,27400.0,27954.3,11110815846.83666
2023-03-27 00:00:00+00:00,27954.3,28019.4,26480.0,27112.0,17542947640.15402
2023-03-28 00:00:00+00:00,27112.0,27500.0,26610.0,27249.7,15806950765.76132
2023-03-29 00:00:00+00:00,27249.7,28649.9,27223.6,28338.5,18472646921.01927
2023-03-30 00:00:00+00:00,28338.6,29184.8,27654.1,28015.0,21882841599.42791
2023-03-31 00:00:00+00:00,28015.0,28675.3,27500.0,28454.9,17241323711.94637
2023-04-01 00:00:00+00:00,28454.8,28845.3,28180.0,28443.8,7298340524.07105
2023-04-02 00:00:00+00:00,28443.7,28516.5,27820.0,28161.2,8922911429.0644
2023-04-03 00:00:00+00:00,28161.3,28540.0,27166.0,27786.1,20745208330.25454
2023-04-04 00:00:00+00:00,27786.1,28450.0,27650.2,28155.2,12148930975.14344
2023-04-05 00:00:00+00:00,28155.1,28800.0,27775.0,28154.0,15395006484.55794
2023-04-06 00:00:00+00:00,28154.0,28175.0,27684.2,28022.8,9953310708.79362
2023-04-07 00:00:00+00:00,28022.9,28096.0,27755.0,27890.7,6118045792.5145
2023-04-08 00:00:00+00:00,27890.7,28153.6,27850.1,27924.9,4453733138.91332
2023-04-09 00:00:00+00:00,27924.9,28539.1,27762.8,28309.4,8589117716.66099
2023-04-10 00:00:00+00:00,28309.4,29840.0,28153.6,29623.1,16759574206.41599
2023-04-11 00:00:00+00:00,29623.1,30564.0,29573.9,30185.1,18933421282.50967
2023-04-12 00:00:00+00:00,30185.1,30480.0,29620.0,29875.0,16925990333.74135
2023-04-13 00:00:00+00:00,29874.9,30648.9,29836.7,30362.7,13196552183.52759
2023-04-14 00:00:00+00:00,30362.7,31059.0,29925.0,30453.1,18803216668.181
2023-04-15 00:00:00+00:00,30453.0,30599.9,30186.0,30280.4,5470537724.74858
2023-04-16 00:00:00+00:00,30280.4,30560.0,30102.0,30286.6,6372172002.43268
2023-04-17 00:00:00+00:00,30286.6,30307.4,29219.9,29420.0,13503235174.14893
2023-04-18 00:00:00+00:00,29420.1,30480.0,29078.1,30365.8,16000595786.75336
2023-04-19 00:00:00+00:00,30365.8,30410.0,28557.3,28795.1,18890822746.77531
2023-04-20 00:00:00+00:00,28795.0,29078.0,27983.0,28229.9,18268559026.79414
2023-04-21 00:00:00+00:00,28229.9,28368.9,27100.0,27252.5,19154822175.12687
2023-04-22 00:00:00+00:00,27252.6,27888.0,27126.0,27807.2,9486931563.8422
2023-04-23 00:00:00+00:00,27807.2,27807.3,27279.7,27576.0,9148054894.69136
2023-04-24 00:00:00+00:00,27575.9,28000.0,26919.3,27497.5,15953818918.34071
2023-04-25 00:00:00+00:00,27497.4,28379.9,27176.6,28286.7,14045812538.45073
2023-04-26 00:00:00+00:00,28286.7,30048.2,27200.0,28395.9,36973550164.94095
2023-04-27 00:00:00+00:00,28396.0,29898.0,28365.3,29459.0,27782772896.56456
2023-04-28 00:00:00+00:00,29459.0,29591.1,28870.0,29300.0,14879300727.03726
2023-04-29 00:00:00+00:00,29300.0,29443.9,29000.4,29212.7,6381226955.68392
2023-04-30 00:00:00+00:00,29212.7,29950.0,29067.4,29223.0,12308569143.22655
2023-05-01 00:00:00+00:00,29223.0,29325.5,27650.0,28054.4,17715530181.15137
2023-05-02 00:00:00+00:00,28054.5,28888.0,27854.0,28656.5,14563151413.11936
2023-05-03 00:00:00+00:00,28656.4,29258.4,28080.0,29018.4,19317326412.84522
2023-05-04 00:00:00+00:00,29018.4,29380.0,28660.0,28826.0,12351553435.64055
2023-05-05 00:00:00+00:00,28826.0,29693.0,28618.3,29491.5,16927223730.86086
2023-05-06 00:00:00+00:00,29491.5,29840.0,28333.0,28837.8,13798897391.83881
2023-05-07 00:00:00+00:00,28837.9,29137.0,28370.0,28419.4,8896354660.35729
2023-05-08 00:00:00+00:00,28419.5,28624.6,27250.0,27659.8,18339478036.73547
2023-05-09 00:00:00+00:00,27659.8,27815.6,27316.8,27610.2,10141376746.46744
2023-05-10 00:00:00+00:00,27610.2,28297.0,26666.6,27582.9,20001892800.24953
2023-05-11 00:00:00+00:00,27583.0,27630.0,26688.8,26956.4,14649119359.74357
2023-05-12 00:00:00+00:00,26956.4,27090.0,25751.0,26785.1,16266529977.65859
2023-05-13 00:00:00+00:00,26785.2,27051.5,26674.9,26762.7,6509153676.52752
2023-05-14 00:00:00+00:00,26762.8,27200.0,26557.0,26901.9,6656688171.93944
2023-05-15 00:00:00+00:00,26901.9,27650.0,26694.4,27152.5,12295451723.86526
2023-05-16 00:00:00+00:00,27152.5,27284.7,26832.0,27024.8,10093411170.41688
2023-05-17 00:00:00+00:00,27024.7,27500.0,26527.5,27395.8,13216351846.61259
2023-05-18 00:00:00+00:00,27395.7,27482.7,26335.3,26809.3,14727436133.81543
2023-05-19 00:00:00+00:00,26809.4,27180.0,26611.2,26870.1,8708772764.36967
2023-05-20 00:00:00+00:00,26870.1,27144.4,26813.5,27089.5,3707697281.1093
2023-05-21 00:00:00+00:00,27089.6,27288.0,26642.0,26732.8,6431869877.90651
2023-05-22 00:00:00+00:00,26732.8,27097.8,26500.0,26840.2,8796130693.48035
2023-05-23 00:00:00+00:00,26840.2,27527.5,26782.6,27209.9,10055521160.75082
2023-05-24 00:00:00+00:00,27209.9,27212.9,26060.0,26313.8,14198721097.42495
2023-05-25 00:00:00+00:00,26313.9,26644.0,25850.0,26461.8,10368530938.48118
2023-05-26 00:00:00+00:00,26461.7,26925.0,26313.9,26689.9,8633310426.32368
2023-05-27 00:00:00+00:00,26689.8,26890.0,26528.6,26841.6,4371514145.40532
2023-05-28 00:00:00+00:00,26841.6,28252.8,26746.0,28055.7,12079775165.95981
2023-05-29 00:00:00+00:00,28055.8,28442.0,27513.5,27722.0,11464529935.57118
2023-05-30 00:00:00+00:00,27722.1,28038.6,27530.0,27680.1,9289854388.3587
2023-05-31 00:00:00+00:00,27680.0,27825.0,26826.0,27201.1,12797264657.29916
2023-06-01 00:00:00+00:00,27201.1,27347.9,26600.0,26805.3,10888995134.74279
2023-06-02 00:00:00+00:00,26805.3,27290.0,26477.6,27227.8,10565372872.49042
2023-06-03 00:00:00+00:00,27227.8,27340.2,26900.0,27054.9,4951602182.2861
2023-06-04 00:00:00+00:00,27054.9,27460.0,26935.3,27102.4,5933883455.85455
2023-06-05 00:00:00+00:00,27102.4,27125.0,25360.1,25714.7,18357609610.21765
2023-06-06 00:00:00+00:00,25714.6,27358.1,25321.6,27221.5,19197033011.63045
2023-06-07 00:00:00+00:00,27221.5,27394.4,26111.0,26325.9,17580869410.88071
2023-06-08 00:00:00+00:00,26325.9,26800.0,26195.4,26485.9,8818214857.61013
2023-06-09 00:00:00+00:00,26486.0,26775.0,26236.0,26468.1,7524310651.84534
2023-06-10 00:00:00+00:00,26468.2,26525.0,25300.0,25826.6,15698931318.50649
2023-06-11 00:00:00+00:00,25826.6,26199.0,25621.3,25909.9,7227089796.30363
2023-06-12 00:00:00+00:00,25910.0,26097.7,25600.0,25894.8,7727691958.70051
2023-06-13 00:00:00+00:00,25894.8,26430.5,25708.0,25918.0,11308944583.66133
2023-06-14 00:00:00+00:00,25918.0,26099.3,24796.8,25115.9,11881929860.74104
2023-06-15 00:00:00+00:00,25115.9,25750.0,24777.0,25586.1,11936022995.7639
2023-06-16 00:00:00+00:00,25586.0,26526.9,25142.1,26336.0,13781333096.97194
2023-06-17 00:00:00+00:00,26335.9,26900.0,26170.8,26508.9,8106952525.28539
2023-06-18 00:00:00+00:00,26508.8,26709.4,26230.9,26329.7,6411604568.41224
2023-06-19 00:00:00+00:00,26329.6,27077.0,26241.2,26828.5,10651201162.61209
2023-06-20 00:00:00+00:00,26828.6,28397.8,26633.9,28290.6,20786331287.82493
2023-06-21 00:00:00+00:00,28290.7,30822.0,28236.4,29988.5,33165677031.81134
2023-06-22 00:00:00+00:00,29988.5,30488.0,29500.1,29875.0,16856175550.40033
2023-06-23 00:00:00+00:00,29875.0,31500.0,29792.0,30673.4,21421175144.69206
2023-06-24 00:00:00+00:00,30673.5,30796.5,30222.0,30524.2,8546756825.90515
2023-06-25 00:00:00+00:00,30524.2,31053.2,30252.6,30458.0,9236905464.93146
2023-06-26 00:00:00+00:00,30458.0,30667.3,29890.1,30260.1,12562149789.70421
2023-06-27 00:00:00+00:00,30260.1,30998.5,30213.0,30683.2,12421440922.16078
2023-06-28 00:00:00+00:00,30683.2,30701.8,29804.6,30066.3,12598592811.65844
2023-06-29 00:00:00+00:00,30066.3,30837.0,30036.1,30439.9,11648327668.80449
2023-06-30 00:00:00+00:00,30439.9,31300.0,29500.0,30460.2,24662962533.50455
2023-07-01 00:00:00+00:00,30460.2,30668.2,30311.3,30573.6,4133098990.12844
2023-07-02 00:00:00+00:00,30573.6,30800.0,30149.9,30612.7,7079342099.35315
2023-07-03 00:00:00+00:00,30612.7,31395.2,30559.4,31149.0,11455001608.3097
2023-07-04 00:00:00+00:00,31149.0,31319.4,30600.0,30756.1,9313935624.33744
2023-07-05 00:00:00+00:00,30756.1,30875.2,30175.8,30488.4,8991870910.78812
2023-07-06 00:00:00+00:00,30488.4,31568.0,29818.0,29874.4,22070224345.63387
2023-07-07 00:00:00+00:00,29874.3,30443.6,29680.0,30327.9,10184988283.5844
2023-07-08 00:00:00+00:00,30328.0,30380.0,30026.8,30269.3,4191064151.51028
2023-07-09 00:00:00+00:00,30269.2,30443.4,30042.0,30147.8,4910685209.23742
2023-07-10 00:00:00+00:00,30147.8,31040.0,29928.8,30396.9,13041797875.98727
2023-07-11 00:00:00+00:00,30396.9,30804.9,30261.4,30608.4,9119181979.08487
2023-07-12 00:00:00+00:00,30608.3,30980.5,30186.0,30368.9,13009902129.34863
2023-07-13 00:00:00+00:00,30368.9,31850.0,30233.0,31441.7,21574885298.97106
2023-07-14 00:00:00+00:00,31441.6,31640.0,29876.6,30293.3,16570590022.18309
2023-07-15 00:00:00+00:00,30293.3,30380.0,30220.2,30276.4,3381748954.15686
2023-07-16 00:00:00+00:00,30276.5,30441.6,30050.0,30216.8,5260328370.6608
2023-07-17 00:00:00+00:00,30216.9,30329.7,29630.0,30126.1,10348549509.48323
2023-07-18 00:00:00+00:00,30126.0,30227.5,29400.0,29845.6,10078127136.72446
2023-07-19 00:00:00+00:00,29845.7,30178.5,29745.0,29895.5,8941549015.88861
2023-07-20 00:00:00+00:00,29895.5,30420.0,29468.8,29791.0,12295839232.23674
2023-07-21 00:00:00+00:00,29791.0,30056.2,29705.9,29891.4,6601525560.44956
2023-07-22 00:00:00+00:00,29891.5,29986.0,29602.2,29783.5,4278958894.21528
2023-07-23 00:00:00+00:00,29783.5,30368.2,29718.9,30070.8,6742455119.06672
2023-07-24 00:00:00+00:00,30070.9,30091.7,28830.0,29163.8,12739148029.69294
2023-07-25 00:00:00+00:00,29163.8,29379.5,29033.0,29216.3,5733864849.27923
2023-07-26 00:00:00+00:00,29216.2,29670.5,29083.0,29336.0,9342519728.59463
2023-07-27 00:00:00+00:00,29336.0,29558.4,29065.5,29209.7,6549775823.23634
2023-07-28 00:00:00+00:00,29209.8,29535.7,29112.8,29299.9,6485251844.3234
2023-07-29 00:00:00+00:00,29300.0,29397.9,29237.5,29339.1,2552974723.6625
2023-07-30 00:00:00+00:00,29339.1,29442.5,29006.0,29271.1,4971420690.30703
2023-07-31 00:00:00+00:00,29271.2,29525.8,29100.0,29220.8,6752624719.92772
2023-08-01 00:00:00+00:00,29220.8,29735.0,28550.0,29701.2,12851250046.85139
2023-08-02 00:00:00+00:00,29701.2,30059.9,28906.3,29170.1,14482383687.34577
2023-08-03 00:00:00+00:00,29170.2,29440.0,28955.4,29180.2,7357451848.69498
2023-08-04 00:00:00+00:00,29180.1,29323.8,28780.0,29101.1,6681106341.50991
2023-08-05 00:00:00+00:00,29101.1,29145.0,28960.0,29057.7,2396889615.43942
2023-08-06 00:00:00+00:00,29057.7,29199.0,28978.5,29075.9,2997426571.5375
2023-08-07 00:00:00+00:00,29075.9,29274.5,28682.3,29202.7,8642375892.18842
2023-08-08 00:00:00+00:00,29202.7,30250.0,29132.4,29759.0,13599577748.60257
2023-08-09 00:00:00+00:00,29758.9,30149.7,29362.0,29572.8,10756925627.79187
2023-08-10 00:00:00+00:00,29572.9,29729.8,29303.7,29443.7,6922645509.59273
2023-08-11 00:00:00+00:00,29443.7,29565.1,29220.0,29415.5,5265186188.14472
2023-08-12 00:00:00+00:00,29415.5,29470.0,29360.0,29420.7,1654106361.1419
2023-08-13 00:00:00+00:00,29420.8,29463.0,29256.6,29293.3,2472829612.6647
2023-08-14 00:00:00+00:00,29293.3,29686.7,29070.0,29419.5,8677120731.75313
2023-08-15 00:00:00+00:00,29419.5,29492.1,29050.0,29188.8,5604668799.70402
2023-08-16 00:00:00+00:00,29188.9,29257.4,28705.1,28714.4,7903933631.97155
2023-08-17 00:00:00+00:00,28714.4,28775.9,24581.0,26609.7,23892373364.35867
2023-08-18 00:00:00+00:00,26609.7,26818.0,25600.0,26042.1,13701338877.41335
2023-08-19 00:00:00+00:00,26042.0,26269.4,25783.4,26088.3,5259138403.39374
2023-08-20 00:00:00+00:00,26088.4,26285.0,25948.5,26175.9,3684280536.48474
2023-08-21 00:00:00+00:00,26175.9,26280.0,25800.0,26115.4,6052756159.68538
2023-08-22 00:00:00+00:00,26115.4,26128.2,25280.0,26044.4,8099008037.07027
2023-08-23 00:00:00+00:00,26044.5,26806.0,25800.0,26419.2,10844866911.05113
2023-08-24 00:00:00+00:00,26419.2,26568.3,25835.0,26164.6,7517625485.57741
2023-08-25 00:00:00+00:00,26164.6,26300.0,25754.4,26051.7,7151164304.37309
2023-08-26 00:00:00+00:00,26051.7,26129.4,25969.0,26004.3,1664151835.8984
2023-08-27 00:00:00+00:00,26004.3,26173.6,25955.6,26087.7,2255661579.44877
2023-08-28 00:00:00+00:00,26087.6,26244.6,25850.4,26106.5,5728245334.03454
2023-08-29 00:00:00+00:00,26106.5,28168.0,25905.2,27700.1,19063888802.78101
2023-08-30 00:00:00+00:00,27700.1,27758.2,26950.0,27290.4,8611722669.03794
2023-08-31 00:00:00+00:00,27290.4,27674.3,25617.8,25928.0,13374373720.159
2023-09-01 00:00:00+00:00,25928.0,26151.6,25312.0,25795.6,9314832822.37795
2023-09-02 00:00:00+00:00,25795.6,25975.0,25740.6,25855.8,2780278800.436
2023-09-03 00:00:00+00:00,25855.8,26135.2,25777.0,25962.1,3448807040.90302
2023-09-04 00:00:00+00:00,25962.1,26099.3,25610.0,25814.0,4476150022.96639
2023-09-05 00:00:00+00:00,25814.0,25900.0,25531.2,25779.7,4801841760.65064
2023-09-06 00:00:00+00:00,25779.7,26052.0,25326.0,25747.4,6451012388.43805
2023-09-07 00:00:00+00:00,25747.4,26451.0,25602.3,26240.7,6683838708.83606
2023-09-08 00:00:00+00:00,26240.7,26437.5,25630.0,25899.8,6476749865.05496
2023-09-09 00:00:00+00:00,25899.9,25940.6,25781.5,25892.6,1756326250.4234
2023-09-10 00:00:00+00:00,25892.6,26037.3,25508.7,25828.4,4203882568.6831
2023-09-11 00:00:00+00:00,25828.4,25895.0,24888.0,25150.4,10833054059.77662
2023-09-12 00:00:00+00:00,25150.4,26580.0,25116.4,25825.8,15363954424.52744
2023-09-13 00:00:00+00:00,25825.8,26400.0,25750.0,26209.9,8752833623.09691
2023-09-14 00:00:00+00:00,26209.9,26880.0,26106.6,26510.3,10081082095.72619
2023-09-15 00:00:00+00:00,26510.3,26890.0,26206.6,26591.1,6669561598.24096
2023-09-16 00:00:00+00:00,26591.1,26763.5,26430.0,26546.9,3729905321.7588
2023-09-17 00:00:00+00:00,26547.0,26614.3,26377.4,26514.2,3027518454.4446
2023-09-18 00:00:00+00:00,26514.2,27397.0,26358.6,26749.9,12722651442.18257
2023-09-19 00:00:00+00:00,26749.9,27480.0,26653.2,27196.0,11764014197.82195
2023-09-20 00:00:00+00:00,27195.9,27381.0,26740.0,27107.7,9453380064.9792
2023-09-21 00:00:00+00:00,27107.7,27149.0,26360.1,26552.6,8489071729.18165
2023-09-22 00:00:00+00:00,26552.6,26737.7,26452.9,26566.7,4616219481.9717
2023-09-23 00:00:00+00:00,26566.7,26620.6,26492.2,26563.1,1536234764.7418
2023-09-24 00:00:00+00:00,26563.0,26739.9,26081.0,26232.4,3882520896.41624
2023-09-25 00:00:00+00:00,26232.4,26440.0,25965.0,26290.5,7028826209.2632
2023-09-26 00:00:00+00:00,26290.5,26388.0,26073.8,26208.8,4732077914.06044
2023-09-27 00:00:00+00:00,26208.7,26849.9,26050.0,26359.6,9328178302.68859
2023-09-28 00:00:00+00:00,26359.6,27308.7,26325.2,27011.8,11511420032.6491
2023-09-29 00:00:00+00:00,27011.7,27231.5,26625.0,26890.9,7472678754.10716
2023-09-30 00:00:00+00:00,26890.9,27085.0,26870.4,26950.9,2489538716.4701
2023-10-01 00:00:00+00:00,26951.0,28365.2,26939.0,27981.4,6597423569.0926
2023-10-02 00:00:00+00:00,27981.4,28613.0,27255.0,27477.6,16636546184.94729
2023-10-03 00:00:00+00:00,27477.7,27665.0,27123.0,27412.0,7764002370.30097
2023-10-04 00:00:00+00:00,27412.0,27830.0,27163.9,27759.8,7725687370.07408
2023-10-05 00:00:00+00:00,27759.7,28110.0,27333.5,27398.4,10248367834.29458
2023-10-06 00:00:00+00:00,27398.3,28450.0,27156.0,27916.3,12148383610.73177
2023-10-07 00:00:00+00:00,27916.3,28018.7,27822.1,27943.0,3267342158.1076
2023-10-08 00:00:00+00:00,27943.0,28082.0,27671.0,27901.2,4975001729.5113
2023-10-09 00:00:00+00:00,27901.2,27977.0,27250.0,27578.3,8665868960.69567
2023-10-10 00:00:00+00:00,27578.4,27727.3,27281.0,27381.2,6587799296.3111
2023-10-11 00:00:00+00:00,27381.3,27467.6,26525.0,26864.5,10465119996.4274
2023-10-12 00:00:00+00:00,26864.5,26939.0,26534.8,26744.0,5889875524.20162
2023-10-13 00:00:00+00:00,26744.0,27120.8,26670.1,26849.8,6531230809.70284
2023-10-14 00:00:00+00:00,26849.7,26986.4,26773.1,26836.3,2208107023.81852
2023-10-15 00:00:00+00:00,26836.4,27456.1,26790.4,27139.8,4324470125.81482
2023-10-16 00:00:00+00:00,27139.8,30720.0,27095.4,28486.3,23288253085.66756
2023-10-17 00:00:00+00:00,28486.3,28605.0,28055.0,28381.9,8911627202.91139
2023-10-18 00:00:00+00:00,28382.0,29100.0,28126.6,28307.1,8454733708.39205
2023-10-19 00:00:00+00:00,28307.2,28933.4,28076.0,28696.9,9523779728.80222
2023-10-20 00:00:00+00:00,28697.0,30243.0,28560.0,29653.0,16251872830.69389
2023-10-21 00:00:00+00:00,29653.0,30374.6,29443.5,29895.4,7714008513.63393
2023-10-22 00:00:00+00:00,29895.4,30229.7,29606.6,29981.5,5938982672.49338
2023-10-23 00:00:00+00:00,29981.4,35981.9,29869.4,33074.0,31143119218.83396
2023-10-24 00:00:00+00:00,33074.0,35300.0,32833.5,33917.0,31438800457.07022
2023-10-25 00:00:00+00:00,33917.0,35154.3,33660.6,34487.7,16013137764.07121
2023-10-26 00:00:00+00:00,34487.8,34828.7,33750.0,34154.0,11632500642.20401
2023-10-27 00:00:00+00:00,34154.0,34253.3,33350.0,33893.1,9431378767.25107
2023-10-28 00:00:00+00:00,33893.2,34535.8,33867.4,34086.6,4721192040.5172
2023-10-29 00:00:00+00:00,34086.7,34773.8,33933.0,34528.6,6052162692.45699
2023-10-30 00:00:00+00:00,34528.6,34888.2,34050.0,34483.8,9712557953.95943
2023-10-31 00:00:00+00:00,34483.8,34744.7,34016.8,34651.4,9367740893.9104
2023-11-01 00:00:00+00:00,34651.4,35734.0,34076.0,35437.4,16310840373.51904
2023-11-02 00:00:00+00:00,35437.5,35999.9,34300.0,34940.1,14411069440.58643
2023-11-03 00:00:00+00:00,34940.1,34944.9,34123.0,34700.4,10557775671.82227
2023-11-04 00:00:00+00:00,34700.5,35270.0,34571.6,35069.7,4903087436.09509
2023-11-05 00:00:00+00:00,35069.7,35455.2,34356.0,35025.5,8104514852.65571
2023-11-06 00:00:00+00:00,35025.5,35299.9,34743.2,35057.4,7084946768.0661
2023-11-07 00:00:00+00:00,35057.5,35921.7,34520.3,35406.5,12064060090.68823
2023-11-08 00:00:00+00:00,35406.5,36150.0,35073.0,35626.7,11899393604.89829
2023-11-09 00:00:00+00:00,35626.7,38499.9,35304.0,36719.5,28650466494.87653
2023-11-10 00:00:00+00:00,36719.6,37570.0,36350.0,37330.4,11076896066.60177
2023-11-11 00:00:00+00:00,37330.3,37422.2,36588.0,37162.1,5903428289.9594
2023-11-12 00:00:00+00:00,37162.1,37258.4,36753.6,37085.5,4409373212.1171
2023-11-13 00:00:00+00:00,37085.6,37464.8,36350.0,36486.2,9473874020.94803
2023-11-14 00:00:00+00:00,36486.2,36779.9,34446.3,35559.0,14314693961.9118
2023-11-15 00:00:00+00:00,35559.1,38000.0,35388.0,37885.6,15581195427.04667
2023-11-16 00:00:00+00:00,37885.5,37956.5,35486.1,36176.0,15963485688.09104
2023-11-17 00:00:00+00:00,36176.0,37020.5,35868.3,36621.9,11629773626.22051
2023-11-18 00:00:00+00:00,36621.9,36900.0,36196.0,36580.9,4446623778.62677
2023-11-19 00:00:00+00:00,36580.9,37528.2,36380.0,37375.9,5695092295.31787
2023-11-20 00:00:00+00:00,37375.8,37784.7,36600.0,37462.5,11585755433.13282
2023-11-21 00:00:00+00:00,37462.6,37675.0,35720.0,35737.0,16617512774.69305
2023-11-22 00:00:00+00:00,35737.0,37880.0,35610.7,37413.4,12443659325.49277
2023-11-23 00:00:00+00:00,37413.5,37650.0,36856.3,37294.3,6912924978.37547
2023-11-24 00:00:00+00:00,37294.4,38425.0,37257.3,37706.3,13275238103.95441
2023-11-25 00:00:00+00:00,37706.3,37886.5,37570.9,37766.6,3116830221.06905
2023-11-26 00:00:00+00:00,37766.7,37807.6,37126.0,37437.9,6511523445.85111
2023-11-27 00:00:00+00:00,37437.9,37560.0,36700.0,37234.3,9864595980.22536
2023-11-28 00:00:00+00:00,37234.4,38395.0,36856.0,37812.1,11989725382.60476
2023-11-29 00:00:00+00:00,37812.0,38500.0,37551.8,37837.1,9929131546.05138
2023-11-30 00:00:00+00:00,37837.2,38132.0,37442.9,37716.8,7217490282.26007
2023-12-01 00:00:00+00:00,37716.9,38989.0,37600.0,38660.0,13165741479.13575
2023-12-02 00:00:00+00:00,38659.9,39900.0,38613.5,39435.0,8343797522.28991
2023-12-03 00:00:00+00:00,39435.1,40410.1,39255.2,39979.7,8809720241.44514
2023-12-04 00:00:00+00:00,39979.8,42440.0,39970.4,41993.1,24973172580.45416
2023-12-05 00:00:00+00:00,41993.1,44528.1,41393.5,44081.7,24684026724.28502
2023-12-06 00:00:00+00:00,44081.7,44349.8,43377.0,43774.8,16855439556.37356
2023-12-07 00:00:00+00:00,43775.1,44066.7,42815.0,43296.0,15052072255.7809
2023-12-08 00:00:00+00:00,43296.0,44779.3,43100.0,44209.5,12354864659.75649
2023-12-09 00:00:00+00:00,44209.6,44389.2,43555.0,43734.3,8331208461.23936
2023-12-10 00:00:00+00:00,43734.2,44099.2,43552.5,43810.0,6336935031.6078
2023-12-11 00:00:00+00:00,43810.1,43833.4,40228.3,41271.0,25927086771.59747
2023-12-12 00:00:00+00:00,41271.1,42125.0,40711.0,41515.0,14804780111.22747
2023-12-13 00:00:00+00:00,41514.9,43517.6,40556.0,42875.0,16618328876.25431
2023-12-14 00:00:00+00:00,42875.0,43450.1,41140.0,43032.4,15456710755.29236
2023-12-15 00:00:00+00:00,43032.3,43098.0,41668.0,41968.0,10899991321.40501
2023-12-16 00:00:00+00:00,41968.0,42756.7,41638.1,42287.4,6792519091.8989
2023-12-17 00:00:00+00:00,42287.4,42476.0,41248.3,41396.5,9421985303.21506
2023-12-18 00:00:00+00:00,41396.6,42795.3,40553.8,42671.7,15562426218.22632
2023-12-19 00:00:00+00:00,42671.8,43550.0,41835.4,42298.3,13457649560.46984
2023-12-20 00:00:00+00:00,42298.2,44384.6,42218.3,43708.9,16393157759.03438
2023-12-21 00:00:00+00:00,43708.9,44287.2,43317.2,43896.3,12123140366.35172
2023-12-22 00:00:00+00:00,43896.4,44484.0,43430.4,43999.2,10452147024.44062
2023-12-23 00:00:00+00:00,43999.2,44023.0,43304.2,43725.2,5275597701.9703
2023-12-24 00:00:00+00:00,43725.2,43994.8,42550.0,43008.4,7820621575.19171
2023-12-25 00:00:00+00:00,43008.4,43850.0,42755.4,43611.9,7998973036.56107
2023-12-26 00:00:00+00:00,43611.9,43635.1,41597.0,42538.5,12579682837.18391
2023-12-27 00:00:00+00:00,42538.6,43700.0,42145.7,43453.8,10800417570.90282
2023-12-28 00:00:00+00:00,43453.8,43850.0,42320.5,42600.1,11056852869.47034
2023-12-29 00:00:00+00:00,42600.1,43171.9,41283.2,42095.1,14290101442.75712
2023-12-30 00:00:00+00:00,42095.1,42654.6,41550.0,42174.2,7750535197.76647
2023-12-31 00:00:00+00:00,42174.3,42951.0,42001.0,42314.0,7373114617.21853
2024-01-01 00:00:00+00:00,42314.0,44266.0,42207.9,44230.2,8897557996.51846
2024-01-02 00:00:00+00:00,44230.3,45950.0,44200.9,44979.8,20799115632.46685
2024-01-03 00:00:00+00:00,44979.7,45582.3,40333.0,42849.5,25726152649.43654
2024-01-04 00:00:00+00:00,42849.5,44840.8,42625.0,44143.8,14582787988.83859
2024-01-05 00:00:00+00:00,44143.8,44500.0,42300.0,44145.4,16383172715.24129
2024-01-06 00:00:00+00:00,44145.3,44214.6,43391.3,43956.7,6067670136.35873
2024-01-07 00:00:00+00:00,43956.6,44486.9,43557.5,43916.9,7960341657.87697
2024-01-08 00:00:00+00:00,43916.9,47312.0,43158.1,46972.7,22401426143.93918
2024-01-09 00:00:00+00:00,46972.6,48100.0,44417.2,46114.0,23864636393.45204
2024-01-10 00:00:00+00:00,46113.9,47699.3,44291.5,46662.9,30628280360.85305
2024-01-11 00:00:00+00:00,46663.0,49027.5,45600.0,46337.8,28052864785.47425
2024-01-12 00:00:00+00:00,46337.9,46536.2,41370.0,42788.9,25506347481.11302
2024-01-13 00:00:00+00:00,42789.0,43273.4,42445.7,42846.4,8903288166.33136
2024-01-14 00:00:00+00:00,42846.4,43096.1,41713.5,41734.9,7710193172.30398
2024-01-15 00:00:00+00:00,41734.9,43376.0,41720.0,42515.0,10237828482.80086
2024-01-16 00:00:00+00:00,42515.0,43589.0,42050.0,43133.0,12326619430.2348
2024-01-17 00:00:00+00:00,43133.0,43198.0,42200.0,42783.4,8935030009.19649
2024-01-18 00:00:00+00:00,42783.3,42932.3,40673.6,41323.1,14029461752.96119
2024-01-19 00:00:00+00:00,41323.2,42197.0,40300.0,41662.2,14252164353.07918
2024-01-20 00:00:00+00:00,41662.1,41883.5,41453.6,41691.8,3989874076.29828
2024-01-21 00:00:00+00:00,41691.8,41880.9,41500.0,41580.0,2795034232.08641
2024-01-22 00:00:00+00:00,41579.9,41692.3,39402.0,39567.0,18601094756.09346
2024-01-23 00:00:00+00:00,39567.1,40172.7,38545.0,39890.0,16262676717.26893
2024-01-24 00:00:00+00:00,39889.9,40560.6,39493.3,40078.7,10898797410.02247
2024-01-25 00:00:00+00:00,40078.8,40300.0,39535.3,39953.3,8134002285.16447
2024-01-26 00:00:00+00:00,39953.3,42239.3,39813.1,41806.4,14627005545.1065
2024-01-27 00:00:00+00:00,41806.4,42187.1,41360.1,42102.2,4949330917.72336
2024-01-28 00:00:00+00:00,42102.2,42836.0,41600.0,42021.2,8694654832.16972
2024-01-29 00:00:00+00:00,42021.2,43340.8,41768.3,43287.7,10615111402.26071
2024-01-30 00:00:00+00:00,43287.6,43888.0,42665.6,42918.3,11174336066.69975
2024-01-31 00:00:00+00:00,42918.3,43748.6,42257.6,42560.5,13443352429.15163
2024-02-01 00:00:00+00:00,42560.5,43288.0,41866.8,43072.6,11658501786.30592
2024-02-02 00:00:00+00:00,43072.6,43480.0,42512.7,43182.0,8854896870.13836
2024-02-03 00:00:00+00:00,43182.0,43372.2,42858.3,42992.4,3867372627.98708
2024-02-04 00:00:00+00:00,42992.4,43112.1,42176.7,42570.3,5453304864.80739
2024-02-05 00:00:00+00:00,42570.3,43580.0,42235.1,42692.9,10308099591.89269
2024-02-06 00:00:00+00:00,42692.9,43378.8,42559.8,43079.1,8429315912.62482
2024-02-07 00:00:00+00:00,43079.1,44388.0,42763.4,44326.2,10954644814.28782
2024-02-08 00:00:00+00:00,44326.3,45600.0,44306.8,45269.1,13472865468.76801
2024-02-09 00:00:00+00:00,45269.2,48230.3,45218.1,47116.1,24408544252.73436
2024-02-10 00:00:00+00:00,47116.1,48189.6,46836.4,47732.6,8517076446.277
2024-02-11 00:00:00+00:00,47732.6,48600.0,47539.4,48303.4,10111698916.38982
2024-02-12 00:00:00+00:00,48303.4,50413.2,47702.0,49943.6,22160439674.1704
2024-02-13 00:00:00+00:00,49943.6,50428.8,48301.0,49696.4,18877386934.6482
2024-02-14 00:00:00+00:00,49696.4,52100.0,49215.7,51823.2,20230765100.11763
2024-02-15 00:00:00+00:00,51823.1,52859.0,51334.9,51898.5,20470765163.49206
2024-02-16 00:00:00+00:00,51898.4,52623.0,51611.7,52148.6,13526420001.52013
2024-02-17 00:00:00+00:00,52148.7,52192.8,50647.5,51679.4,11434408252.82568
2024-02-18 00:00:00+00:00,51679.5,52450.0,51178.0,52175.9,8636668534.04451
2024-02-19 00:00:00+00:00,52175.9,52532.9,51688.8,51813.8,10243057368.09604
2024-02-20 00:00:00+00:00,51813.7,53090.9,50788.0,52297.4,20209071433.34851
2024-02-21 00:00:00+00:00,52297.3,52402.3,50528.4,51877.8,15814919137.63912
2024-02-22 00:00:00+00:00,51877.9,52130.8,50967.5,51316.9,12596855772.34223
2024-02-23 00:00:00+00:00,51316.9,51576.3,50512.7,50771.9,11000943935.5279
2024-02-24 00:00:00+00:00,50771.9,51736.6,50611.4,51602.1,5375932540.32768
2024-02-25 00:00:00+00:00,51602.1,52050.0,51300.4,51764.9,6314690489.48664
2024-02-26 00:00:00+00:00,51764.9,54991.8,50922.5,54511.6,20859521852.00051
2024-02-27 00:00:00+00:00,54511.7,57780.0,54495.0,57074.5,28943003745.31963
2024-02-28 00:00:00+00:00,57074.5,64300.0,56730.1,62487.9,61121395260.18302
2024-02-29 00:00:00+00:00,62487.9,63762.8,60452.0,61203.3,36342923573.76713
2024-03-01 00:00:00+00:00,61203.3,63199.0,60844.8,62430.6,18555341528.19973
2024-03-02 00:00:00+00:00,62430.6,62513.1,61605.0,62039.9,9880073062.42179
2024-03-03 00:00:00+00:00,62039.9,63330.9,61339.5,63178.5,12480586261.48198
2024-03-04 00:00:00+00:00,63178.5,68600.0,62299.0,68296.4,41606992664.57328
2024-03-05 00:00:00+00:00,68296.5,69350.0,59112.0,63747.4,68785497181.28033
2024-03-06 00:00:00+00:00,63747.5,67729.5,62829.3,66128.1,35282709655.61008
2024-03-07 00:00:00+00:00,66128.0,68101.3,65609.3,66870.0,19831473590.1586
2024-03-08 00:00:00+00:00,66870.0,70330.8,66120.0,68180.2,31244040068.19154
2024-03-09 00:00:00+00:00,68180.2,68608.7,67908.7,68360.1,6480692325.8141
2024-03-10 00:00:00+00:00,68360.2,69999.8,68155.0,69001.8,16185393841.67323
2024-03-11 00:00:00+00:00,69001.8,72890.0,67000.0,72153.8,33718116318.4871
2024-03-12 00:00:00+00:00,72153.9,73370.0,68600.0,71503.2,33679961862.9098
2024-03-13 00:00:00+00:00,71503.3,73755.0,71388.1,73127.6,20996680531.98601
2024-03-14 00:00:00+00:00,73127.6,73881.4,68600.0,71455.5,36716558419.97936
2024-03-15 00:00:00+00:00,71455.6,72500.0,65580.0,69552.2,48272589072.43203
2024-03-16 00:00:00+00:00,69552.1,70097.6,64750.0,65351.0,22541723738.08737
2024-03-17 00:00:00+00:00,65351.0,68972.4,64559.8,68447.9,21028336103.89335
2024-03-18 00:00:00+00:00,68447.9,69044.4,66601.6,67660.0,21525969323.10516
2024-03-19 00:00:00+00:00,67660.0,68178.6,61582.8,61974.1,45022413705.43772
2024-03-20 00:00:00+00:00,61974.1,68140.0,60800.0,67876.4,40691118766.89385
2024-03-21 00:00:00+00:00,67876.4,68293.9,64550.1,65539.9,23114287433.97302
2024-03-22 00:00:00+00:00,65539.9,66691.9,62294.0,63826.0,25742798562.87778
2024-03-23 00:00:00+00:00,63826.1,66050.0,63020.2,64020.3,15454464441.79797
2024-03-24 00:00:00+00:00,64020.4,67700.0,63822.0,67260.9,15988550837.61994
2024-03-25 00:00:00+00:00,67260.9,71228.3,66427.6,69920.5,27232095366.19894
2024-03-26 00:00:00+00:00,69920.6,71649.0,69320.0,70044.1,21669886112.75456
2024-03-27 00:00:00+00:00,70044.2,71888.0,68364.8,69532.6,28488910521.65316
2024-03-28 00:00:00+00:00,69532.6,71636.2,68941.0,70838.7,17098709141.38956
2024-03-29 00:00:00+00:00,70838.8,70976.9,69000.0,69903.6,13153542392.49107
2024-03-30 00:00:00+00:00,69903.6,70388.0,69577.2,69642.1,6381178971.24793
2024-03-31 00:00:00+00:00,69642.0,71495.5,69608.0,71363.0,9355678962.74715
2024-04-01 00:00:00+00:00,71363.0,71388.0,68103.3,69700.0,19638685563.10507
2024-04-02 00:00:00+00:00,69700.0,69731.6,64603.2,65505.3,33033080048.77764
2024-04-03 00:00:00+00:00,65502.4,66940.0,64500.0,65971.9,18154927438.74836
2024-04-04 00:00:00+00:00,65971.8,69329.7,65100.0,68489.9,21993168904.27893
2024-04-05 00:00:00+00:00,68489.8,68787.1,65966.0,67825.7,21110165189.20931
2024-04-06 00:00:00+00:00,67825.8,69708.0,67450.0,68901.6,8691055181.73954
2024-04-07 00:00:00+00:00,68901.5,70395.0,68820.6,69362.7,11941226271.93175
2024-04-08 00:00:00+00:00,69362.7,72890.4,69040.4,71678.4,21244762968.03559
2024-04-09 00:00:00+00:00,71678.3,71820.6,68216.0,69189.3,23375265337.43875
2024-04-10 00:00:00+00:00,69189.2,71412.2,67546.2,70681.7,23325641513.82547
2024-04-11 00:00:00+00:00,70681.8,71387.4,69592.6,70055.7,18046895525.55698
2024-04-12 00:00:00+00:00,70055.6,71297.0,65102.0,67136.4,28466614548.62947
2024-04-13 00:00:00+00:00,67136.4,67975.4,59652.5,63939.7,33367903479.68061
2024-04-14 00:00:00+00:00,63939.7,65822.1,62139.3,65615.9,25338078893.58177
2024-04-15 00:00:00+00:00,65615.9,66874.9,62242.5,63392.7,24677843958.38368
2024-04-16 00:00:00+00:00,63392.8,64356.3,61521.0,63765.0,25471361626.3662
2024-04-17 00:00:00+00:00,63764.9,64483.3,59625.0,61254.5,27402345105.77818
2024-04-18 00:00:00+00:00,61254.5,64100.0,60763.8,63445.0,22708533755.01486
2024-04-19 00:00:00+00:00,63445.0,65480.0,59541.0,63787.4,36332133260.93782
2024-04-20 00:00:00+00:00,63787.4,65400.0,63045.1,64897.2,12657413510.99301
2024-04-21 00:00:00+00:00,64897.2,65678.7,64214.2,64912.6,10421155519.373
2024-04-22 00:00:00+00:00,64912.7,67222.0,64470.5,66778.0,16249055489.46204
2024-04-23 00:00:00+00:00,66777.9,67158.9,65750.0,66386.3,11872124257.8761
2024-04-24 00:00:00+00:00,66386.2,67068.2,63575.0,64250.0,18306883252.6262
2024-04-25 00:00:00+00:00,64250.0,65270.6,62721.3,64478.8,17615966077.8484
2024-04-26 00:00:00+00:00,64478.8,64783.1,63291.5,63748.8,12953589145.9185
2024-04-27 00:00:00+00:00,63748.7,63901.4,62332.8,63421.0,10551185173.9539
2024-04-28 00:00:00+00:00,63420.9,64350.0,62700.0,63088.3,8016661482.1787
2024-04-29 00:00:00+00:00,63088.4,64200.0,61726.2,63842.4,14315434994.6138
2024-04-30 00:00:00+00:00,63842.4,64700.0,59150.0,60651.2,25092892151.668
2024-05-01 00:00:00+00:00,60651.2,60816.7,56537.7,58307.6,32693924650.62684
2024-05-02 00:00:00+00:00,58307.7,59637.3,56951.6,59036.7,17487969119.06051
2024-05-03 00:00:00+00:00,59036.7,63333.0,58781.3,62853.7,21564253109.5137
2024-05-04 00:00:00+00:00,62853.7,64547.9,62520.0,63864.2,13034701951.8815
2024-05-05 00:00:00+00:00,63864.3,64644.3,62833.0,63988.0,11834485753.5008
2024-05-06 00:00:00+00:00,63987.9,65500.0,62655.3,63142.8,19505860305.1004
2024-05-07 00:00:00+00:00,63142.7,64392.2,62203.6,62296.0,15159034876.2773
2024-05-08 00:00:00+00:00,62296.0,62994.9,60843.6,61157.9,15009452763.9564
2024-05-09 00:00:00+00:00,61157.9,63447.2,60550.0,63050.1,14981786317.7292
2024-05-10 00:00:00+00:00,63050.0,63446.5,60117.4,60778.1,18938234544.3996
2024-05-11 00:00:00+00:00,60778.0,61491.4,60432.6,60809.2,6901847057.2759
2024-05-12 00:00:00+00:00,60809.2,61849.4,60557.3,61455.8,6368574511.4435
2024-05-13 00:00:00+00:00,61455.7,63440.0,60750.0,62912.1,16330380829.2882
2024-05-14 00:00:00+00:00,62912.2,63099.6,60950.0,61550.5,15109206760.3044
2024-05-15 00:00:00+00:00,61550.5,66440.0,61316.1,66175.4,23386517394.0322
2024-05-16 00:00:00+00:00,66175.4,66800.0,64567.0,65217.7,15938380818.0105
2024-05-17 00:00:00+00:00,65217.7,67400.6,65061.2,66980.0,15063429110.742
2024-05-18 00:00:00+00:00,66980.0,67340.5,66503.2,66884.9,6486954858.0565
2024-05-19 00:00:00+00:00,66884.9,67750.0,65835.8,66239.4,9905372922.9644
2024-05-20 00:00:00+00:00,66239.4,71674.6,66010.0,71466.5,25053653945.1351
2024-05-21 00:00:00+00:00,71466.5,72132.8,69165.6,70168.8,18645631790.235
2024-05-22 00:00:00+00:00,70168.7,70715.4,68736.8,69219.1,13560983941.3547
2024-05-23 00:00:00+00:00,69219.2,70133.3,66156.6,67999.9,20496503158.0627
2024-05-24 00:00:00+00:00,67999.9,69273.5,66639.0,68584.1,12680535679.1618
2024-05-25 00:00:00+00:00,68584.0,69622.8,68523.7,69314.4,5877646397.3044
2024-05-26 00:00:00+00:00,69314.5,69590.3,68155.0,68524.3,5799029948.6581
2024-05-27 00:00:00+00:00,68524.4,70750.0,68268.7,69461.6,11819516715.6954
2024-05-28 00:00:00+00:00,69461.5,69628.0,67273.0,68440.5,15550387849.887
2024-05-29 00:00:00+00:00,68440.4,68983.0,67129.0,67686.7,10750681624.4071
2024-05-30 00:00:00+00:00,67686.8,69568.9,67167.0,68402.5,13292940496.7956
2024-05-31 00:00:00+00:00,68402.6,69080.0,66700.5,67577.9,13295783600.0905
2024-06-01 00:00:00+00:00,67577.9,67936.0,67480.0,67799.2,3450680244.5259
2024-06-02 00:00:00+00:00,67799.2,68545.9,67296.3,67805.9,6940423185.8599
2024-06-03 00:00:00+00:00,67805.9,70372.9,67642.6,68851.4,15744535070.2934
2024-06-04 00:00:00+00:00,68851.3,71146.4,68595.5,70580.0,15102623849.3892
2024-06-05 00:00:00+00:00,70580.0,71824.4,70423.6,71133.3,14506723806.5747
2024-06-06 00:00:00+00:00,71133.3,71714.8,70101.9,70830.0,11260906834.1424
2024-06-07 00:00:00+00:00,70830.0,72144.0,68405.0,69377.0,21108000027.7301
2024-06-08 00:00:00+00:00,69377.0,69613.6,69192.3,69346.5,4564091530.0889
2024-06-09 00:00:00+00:00,69346.6,69879.0,69160.0,69667.1,4729738225.2734
2024-06-10 00:00:00+00:00,69667.1,70222.7,69201.2,69558.7,8872795631.3345
2024-06-11 00:00:00+00:00,69558.8,69600.0,66000.0,67320.7,21038478955.2817
2024-06-12 00:00:00+00:00,67320.6,70028.0,66920.0,68270.3,22649278512.31
2024-06-13 00:00:00+00:00,68270.3,68607.7,66251.1,66786.9,16734408853.5457
2024-06-14 00:00:00+00:00,66786.8,67366.5,65052.4,66039.7,15866317033.6273
2024-06-15 00:00:00+00:00,66039.7,66482.6,65801.0,66213.7,4794362622.7179
2024-06-16 00:00:00+00:00,66213.7,66960.3,66012.1,66653.6,5344491611.4603
2024-06-17 00:00:00+00:00,66653.5,67280.6,65094.9,66472.1,16425433493.3037
2024-06-18 00:00:00+00:00,66472.1,66558.9,64009.8,65150.0,21816313661.7988
2024-06-19 00:00:00+00:00,65149.9,65711.9,64600.0,64933.6,9773747644.9673
2024-06-20 00:00:00+00:00,64933.6,66467.0,64526.0,64854.0,14443082252.526
2024-06-21 00:00:00+00:00,64854.0,65055.5,63361.2,64124.0,13452781556.5892
2024-06-22 00:00:00+00:00,64124.1,64520.0,63915.8,64240.0,3462300794.0067
2024-06-23 00:00:00+00:00,64240.1,64500.0,63137.9,63194.9,4609994525.5694
2024-06-24 00:00:00+00:00,63194.9,63357.0,58218.0,60273.6,27225661676.1708
2024-06-25 00:00:00+00:00,60273.5,62448.1,60230.5,61777.8,16245823572.755
2024-06-26 00:00:00+00:00,61777.9,62465.1,60696.0,60860.1,10474223643.7333
2024-06-27 00:00:00+00:00,60860.1,62379.7,60605.0,61682.0,9845346127.8742
2024-06-28 00:00:00+00:00,61682.1,62204.0,60038.0,60429.8,11963155606.5777
2024-06-29 00:00:00+00:00,60429.8,61232.0,60400.1,60982.4,4854467389.0233
2024-06-30 00:00:00+00:00,60982.5,63058.4,60705.0,62766.0,9131797044.0735
2024-07-01 00:00:00+00:00,62766.1,63849.0,62502.2,62883.6,12249759638.5501
2024-07-02 00:00:00+00:00,62883.7,63284.0,61800.0,62123.6,10187608652.3055
2024-07-03 00:00:00+00:00,62123.5,62278.2,59299.3,60208.0,17865344372.0136
2024-07-04 00:00:00+00:00,60208.0,60500.0,56560.0,57045.9,25874210041.42714
2024-07-05 00:00:00+00:00,57045.9,57533.4,53329.5,56604.9,32076653813.40088
2024-07-06 00:00:00+00:00,56604.9,58472.0,56000.0,58216.0,10197761341.39678
2024-07-07 00:00:00+00:00,58216.0,58443.0,55688.0,55830.9,12037823231.0966
2024-07-08 00:00:00+00:00,55831.0,58200.0,54243.1,56686.4,26076935449.40952
2024-07-09 00:00:00+00:00,56686.4,58290.6,56256.2,58023.2,14760474094.36112
2024-07-10 00:00:00+00:00,58023.1,59449.6,57125.0,57707.0,14799666738.9434
2024-07-11 00:00:00+00:00,57707.0,59780.0,57030.0,57315.5,17033276319.7474
2024-07-12 00:00:00+00:00,57315.7,58500.0,56500.1,57870.0,13680239863.68945
2024-07-13 00:00:00+00:00,57870.0,59850.0,57728.6,59174.0,9257369124.831
2024-07-14 00:00:00+00:00,59173.9,61412.4,59164.0,60766.0,12501022268.2122
2024-07-15 00:00:00+00:00,60766.0,64870.7,60622.6,64680.6,22163838850.2314
2024-07-16 00:00:00+00:00,64680.6,65388.0,62350.0,65010.0,24015350736.2496
2024-07-17 00:00:00+00:00,65010.0,66100.0,63823.0,64055.7,17971882430.538
2024-07-18 00:00:00+00:00,64055.8,65173.8,63206.4,63959.9,13840486905.3186
2024-07-19 00:00:00+00:00,63960.0,67362.8,63266.2,66627.9,20380653025.9215
2024-07-20 00:00:00+00:00,66627.9,67648.7,66159.1,67095.6,8257377670.6534
2024-07-21 00:00:00+00:00,67095.6,68351.2,65750.0,68138.0,13911463550.0015
2024-07-22 00:00:00+00:00,68138.0,68459.7,66538.6,67499.2,13023877366.2714
2024-07-23 00:00:00+00:00,67499.2,67729.3,65416.5,65916.4,17980471984.6793
2024-07-24 00:00:00+00:00,65916.3,67087.3,65040.5,65350.8,14220076011.1729
2024-07-25 00:00:00+00:00,65350.7,66144.0,63456.7,65773.0,20623007320.1934
2024-07-26 00:00:00+00:00,65773.0,68200.0,65688.2,67882.5,15831346144.9649
2024-07-27 00:00:00+00:00,67882.5,69381.7,66624.5,67873.8,22565690615.4286
2024-07-28 00:00:00+00:00,67873.7,68300.0,67037.0,68215.5,7921123857.983
2024-07-29 00:00:00+00:00,68215.5,70081.0,66365.8,66750.0,25468669202.3054
2024-07-30 00:00:00+00:00,66750.1,66966.6,65254.5,66159.3,16326143659.4329
2024-07-31 00:00:00+00:00,66159.3,66826.3,64500.4,64601.8,16232585005.416
2024-08-01 00:00:00+00:00,64601.8,65650.0,62271.2,65328.9,23809052629.4734
2024-08-02 00:00:00+00:00,65329.0,65577.0,61200.2,61483.7,26819683037.2612
2024-08-03 00:00:00+00:00,61483.7,62166.0,59800.0,60684.6,17722256113.6817
2024-08-04 00:00:00+00:00,60684.5,61089.5,57040.0,58144.5,20115489532.05642
2024-08-05 00:00:00+00:00,58144.5,58286.9,48888.0,54003.1,67990070656.18278
2024-08-06 00:00:00+00:00,54003.5,56999.9,53925.3,55991.2,24315240364.00699
2024-08-07 00:00:00+00:00,55991.3,57699.0,54519.8,55102.9,21227975938.72287
2024-08-08 00:00:00+00:00,55102.9,62737.2,54672.4,61659.8,27555756968.19537
2024-08-09 00:00:00+00:00,61659.8,61726.0,59500.0,60808.6,18694923855.7121
2024-08-10 00:00:00+00:00,60808.6,61450.0,60208.5,60889.9,7020704932.1334
2024-08-11 00:00:00+00:00,60889.8,62000.0,58255.4,58693.1,12164186045.4941
2024-08-12 00:00:00+00:00,58693.1,60666.0,57615.0,59323.6,21694704705.3928
2024-08-13 00:00:00+00:00,59323.7,61545.0,58360.0,60550.5,15331334134.775
2024-08-14 00:00:00+00:00,60550.4,61839.7,58367.2,58648.1,17731755290.8926
2024-08-15 00:00:00+00:00,58648.1,59820.0,55969.0,57511.0,20998288458.33781
2024-08-16 00:00:00+00:00,57511.1,59780.2,57062.1,58854.9,15694579210.80159
2024-08-17 00:00:00+00:00,58854.9,59690.2,58769.4,59468.5,4568442725.3616
2024-08-18 00:00:00+00:00,59468.5,60250.0,58352.0,58390.0,8919704463.3393
2024-08-19 00:00:00+00:00,58390.1,59585.4,57750.0,59398.5,12535025781.4683
2024-08-20 00:00:00+00:00,59398.4,61386.0,58501.1,58982.9,17203146261.2117
2024-08-21 00:00:00+00:00,58982.7,61793.9,58728.9,61120.0,16243166180.3695
2024-08-22 00:00:00+00:00,61120.0,61392.0,59677.6,60349.9,12796969148.4752
2024-08-23 00:00:00+00:00,60349.9,65000.0,60301.5,64019.9,23801149141.4363
2024-08-24 00:00:00+00:00,64020.0,64472.5,63522.7,64116.5,8499031623.6787
2024-08-25 00:00:00+00:00,64116.6,65175.4,63731.3,64190.2,7418612747.515
2024-08-26 00:00:00+00:00,64190.1,64455.8,62750.2,62807.6,12456922931.3165
2024-08-27 00:00:00+00:00,62807.7,63196.0,57928.2,59384.5,20779523749.7268
2024-08-28 00:00:00+00:00,59384.4,60197.8,57820.0,59010.0,18562796937.106
2024-08-29 00:00:00+00:00,59010.0,61144.9,58655.0,59323.2,13998969371.3328
2024-08-30 00:00:00+00:00,59323.3,59914.9,57525.0,59096.3,15800867331.9045
2024-08-31 00:00:00+00:00,59096.4,59436.0,58700.0,58941.9,4066497717.5845
2024-09-01 00:00:00+00:00,58941.9,59052.7,57123.0,57268.1,12933895810.7382
2024-09-02 00:00:00+00:00,57268.1,59412.3,57093.0,59112.1,11712610829.437
2024-09-03 00:00:00+00:00,59112.2,59790.0,57320.0,57451.9,13447232675.7519
2024-09-04 00:00:00+00:00,57452.0,58500.0,55555.0,57944.8,18654996691.65024
2024-09-05 00:00:00+00:00,57944.8,58318.9,55600.0,56145.7,16706483191.85918
2024-09-06 00:00:00+00:00,56145.7,57000.0,52510.8,53927.7,26315512592.25967
2024-09-07 00:00:00+00:00,53927.7,54820.2,53725.0,54134.9,6925003321.31154
2024-09-08 00:00:00+00:00,54134.9,55300.0,53596.5,54839.6,8813184978.46583
2024-09-09 00:00:00+00:00,54839.6,58153.2,54557.0,57010.0,17488710008.5658
2024-09-10 00:00:00+00:00,57010.1,58033.2,56361.0,57609.1,13034447010.34392
2024-09-11 00:00:00+00:00,57609.2,57954.4,55515.2,57306.0,19189527027.3001
2024-09-12 00:00:00+00:00,57305.6,58606.6,57283.1,58097.0,15152600210.5249
2024-09-13 00:00:00+00:00,58097.1,60597.0,57594.0,60456.2,16347290879.8579
2024-09-14 00:00:00+00:00,60456.2,60572.9,59360.1,59964.0,6149247444.5159
2024-09-15 00:00:00+00:00,59963.9,60369.4,58654.0,59100.5,7800793636.4292
2024-09-16 00:00:00+00:00,59100.5,59182.2,57446.3,58187.0,14603341245.0131
2024-09-17 00:00:00+00:00,58187.0,61345.0,57588.8,60281.0,19038330615.6744
2024-09-18 00:00:00+00:00,60281.0,61765.0,59138.0,61735.3,21417510491.0941
2024-09-19 00:00:00+00:00,61735.3,63830.1,61534.0,62926.9,18960165410.2846
2024-09-20 00:00:00+00:00,62926.9,64126.7,62320.0,63175.7,16250975201.0995
2024-09-21 00:00:00+00:00,63175.8,63546.9,62714.2,63320.6,4936698095.0651
2024-09-22 00:00:00+00:00,63320.6,64000.0,62339.0,63558.4,9395420389.8272
2024-09-23 00:00:00+00:00,63558.5,64724.8,62534.4,63302.0,14896908173.8234
2024-09-24 00:00:00+00:00,63302.1,64666.0,62688.2,64243.1,15055312109.7638
2024-09-25 00:00:00+00:00,64243.2,64800.0,62910.0,63118.4,11776674397.8463
2024-09-26 00:00:00+00:00,63118.3,65800.0,62634.4,65139.2,20718992185.678
2024-09-27 00:00:00+00:00,65139.1,66450.0,64788.0,65749.6,14875897055.1134
2024-09-28 00:00:00+00:00,65749.5,66237.0,65368.1,65822.6,6095989647.148
2024-09-29 00:00:00+00:00,65822.7,66059.3,65400.0,65568.1,5789646713.0538
2024-09-30 00:00:00+00:00,65568.2,65588.8,62825.0,63309.1,18997631918.3586
2024-10-01 00:00:00+00:00,63309.0,64092.6,60128.2,60776.8,26755501281.8141
2024-10-02 00:00:00+00:00,60776.7,62355.0,59934.9,60622.6,19999405207.7472
2024-10-03 00:00:00+00:00,60622.7,61452.6,59815.0,60727.2,17336091836.27
2024-10-04 00:00:00+00:00,60727.1,62457.1,60434.1,62054.4,14447838961.2182
2024-10-05 00:00:00+00:00,62054.3,62344.0,61648.0,62023.1,4609154133.5222
2024-10-06 00:00:00+00:00,62023.1,62961.5,61778.9,62789.3,6017121071.2754
2024-10-07 00:00:00+00:00,62789.2,64448.2,62091.8,62190.7,18940835036.916
2024-10-08 00:00:00+00:00,62190.6,63178.7,61836.0,62131.7,14122241997.2083
2024-10-09 00:00:00+00:00,62131.8,62520.9,60251.9,60606.4,13394677570.4442
2024-10-10 00:00:00+00:00,60606.3,61297.0,58900.0,60293.2,15860406266.3172
2024-10-11 00:00:00+00:00,60293.3,63400.0,60057.8,62509.0,16300232843.3846
2024-10-12 00:00:00+00:00,62509.0,63462.6,62458.0,63176.0,6470178939.6978
2024-10-13 00:00:00+00:00,63176.0,63260.0,62020.0,62839.8,8122753016.4411
2024-10-14 00:00:00+00:00,62839.7,66533.0,62420.0,66064.9,21963988365.449
2024-10-15 00:00:00+00:00,66064.9,67953.7,64771.7,67044.1,27957041428.0807
2024-10-16 00:00:00+00:00,67044.0,68400.0,66724.2,67592.0,17177776071.0405
2024-10-17 00:00:00+00:00,67592.0,67925.9,66600.0,67401.5,14795216327.4512
2024-10-18 00:00:00+00:00,67401.5,69000.0,67165.0,68407.8,16730949885.2185
2024-10-19 00:00:00+00:00,68407.8,68684.9,68000.0,68357.1,4686325947.3462
2024-10-20 00:00:00+00:00,68357.1,69425.8,68069.8,69020.1,7272050313.902
2024-10-21 00:00:00+00:00,69020.2,69566.0,66865.9,67368.8,17221797609.5618
2024-10-22 00:00:00+00:00,67368.7,67825.0,66536.5,67406.4,14691178661.737
2024-10-23 00:00:00+00:00,67406.5,67449.0,65222.3,66647.2,16468539329.4864
2024-10-24 00:00:00+00:00,66647.3,68842.5,66482.0,68173.8,14354067671.9537
2024-10-25 00:00:00+00:00,68173.8,68748.0,65557.2,66662.8,23454022803.9878
2024-10-26 00:00:00+00:00,66662.7,67450.0,66414.1,67071.8,6303068381.5835
2024-10-27 00:00:00+00:00,67071.9,68306.1,66909.4,67992.6,5981933235.9308
2024-10-28 00:00:00+00:00,67992.7,70331.0,67584.2,69940.0,17649920563.6978
2024-10-29 00:00:00+00:00,69939.9,73660.0,69733.0,72739.5,27502269768.0091
2024-10-30 00:00:00+00:00,72739.5,72984.9,71444.2,72349.0,16394681792.4545
2024-10-31 00:00:00+00:00,72349.0,72720.3,69705.0,70321.9,18260860195.9338
2024-11-01 00:00:00+00:00,70321.9,71650.0,68822.5,69495.5,24669697590.1823
2024-11-02 00:00:00+00:00,69495.4,69913.1,69022.8,69366.6,5511280357.915
2024-11-03 00:00:00+00:00,69366.6,69393.7,67446.6,68762.5,15481140255.261
2024-11-04 00:00:00+00:00,68762.5,69495.3,66810.0,67834.3,16709405013.0392
2024-11-05 00:00:00+00:00,67834.4,70537.4,67454.2,69353.1,18923323986.0867
2024-11-06 00:00:00+00:00,69353.1,76420.0,69272.7,75579.9,50043233600.5665
2024-11-07 00:00:00+00:00,75579.9,76900.0,74450.0,75859.4,21221666454.4856
2024-11-08 00:00:00+00:00,75859.4,77182.9,75576.3,76482.2,17566203957.7434
2024-11-09 00:00:00+00:00,76482.2,76920.0,75683.2,76675.1,8994277678.533
2024-11-10 00:00:00+00:00,76675.1,81699.8,76501.1,80410.0,33139797917.8655
2024-11-11 00:00:00+00:00,80409.9,89800.0,80261.2,88728.9,51921309639.7137
2024-11-12 00:00:00+00:00,88729.0,90070.1,85159.9,87972.0,56145246108.6286
2024-11-13 00:00:00+00:00,87972.0,93421.1,86180.0,90413.3,49968681554.1639
2024-11-14 00:00:00+00:00,90413.3,91846.1,86714.0,87382.7,32638189823.3326
2024-11-15 00:00:00+00:00,87382.6,91921.5,87111.0,91074.6,28084223845.5762
2024-11-16 00:00:00+00:00,91074.6,91849.8,90120.0,90643.3,11746506687.2478
2024-11-17 00:00:00+00:00,90643.2,91539.6,88736.1,89899.9,15122853835.9462
2024-11-18 00:00:00+00:00,89900.0,92700.0,89422.1,90507.4,30393971318.505
2024-11-19 00:00:00+00:00,90507.4,93985.9,90405.6,92335.9,27998124860.4433
2024-11-20 00:00:00+00:00,92335.9,94849.0,91500.0,94288.0,27169810860.1057
2024-11-21 00:00:00+00:00,94288.0,99100.0,94008.7,98366.8,40626855808.8208
2024-11-22 00:00:00+00:00,98366.8,99660.0,97199.9,98921.4,26216909526.3785
2024-11-23 00:00:00+00:00,98921.5,98937.3,97173.5,97725.5,11819741402.0844
2024-11-24 00:00:00+00:00,97725.6,98666.0,95822.1,97960.4,16831814834.729
2024-11-25 00:00:00+00:00,97960.5,98999.0,92666.0,93064.0,31634790118.7792
2024-11-26 00:00:00+00:00,93064.0,95064.0,90866.4,92021.4,32058954666.3463
2024-11-27 00:00:00+00:00,92021.5,97250.0,91864.0,95905.2,22446169054.8116
2024-11-28 00:00:00+00:00,95905.2,96627.6,94700.1,95694.4,14702795800.1606
2024-11-29 00:00:00+00:00,95694.4,98713.3,95404.5,97516.3,18512741566.7861
2024-11-30 00:00:00+00:00,97516.2,97522.1,96150.0,96475.1,9004708395.7383
2024-12-01 00:00:00+00:00,96475.2,97933.0,95736.5,97265.1,10975143904.8559
2024-12-02 00:00:00+00:00,97265.0,98266.0,94400.0,95890.5,24755123881.9079
2024-12-03 00:00:00+00:00,95890.6,96375.0,93605.0,95913.3,19688305230.3451
2024-12-04 00:00:00+00:00,95913.3,99099.9,94650.8,98669.8,26698552379.624
2024-12-05 00:00:00+00:00,98669.8,104630.4,90200.0,97001.5,58190879933.223
2024-12-06 00:00:00+00:00,97001.6,101988.8,96429.5,99802.5,27983159150.5382
2024-12-07 00:00:00+00:00,99802.5,100499.0,98876.9,99899.2,9559737335.7918
2024-12-08 00:00:00+00:00,99899.2,101457.9,98709.4,101200.0,10964662734.3106
2024-12-09 00:00:00+00:00,101200.1,101300.0,94039.7,97349.1,32095240187.1553
2024-12-10 00:00:00+00:00,97349.1,98320.6,94265.5,96602.4,28129042004.1955
2024-12-11 00:00:00+00:00,96602.3,101880.0,95650.0,101115.3,21990321141.7717
2024-12-12 00:00:00+00:00,101115.3,102538.4,99280.2,99982.4,21703839602.3259
2024-12-13 00:00:00+00:00,99982.3,101869.5,99149.6,101371.9,15327839534.2343
2024-12-14 00:00:00+00:00,101371.9,102638.0,100559.8,101381.0,10931716374.3351
2024-12-15 00:00:00+00:00,101381.0,105374.6,101200.1,104460.4,16239310087.6506
2024-12-16 00:00:00+00:00,104460.5,107777.0,103264.6,106023.2,28967203114.5623
2024-12-17 00:00:00+00:00,106023.2,108366.8,105252.0,106074.6,21115019475.6999
2024-12-18 00:00:00+00:00,106074.6,106484.6,99951.1,100181.1,33924249957.0183
2024-12-19 00:00:00+00:00,100181.2,102756.7,95681.2,97434.4,37081222303.6621
2024-12-20 00:00:00+00:00,97434.3,98243.0,92272.6,97764.4,37958727658.2742
2024-12-21 00:00:00+00:00,97764.5,99485.0,96375.0,97261.8,15758501543.9687
2024-12-22 00:00:00+00:00,97261.7,97437.9,94200.0,95153.5,14215963268.6506
2024-12-23 00:00:00+00:00,95153.4,96499.0,92464.4,94861.1,23352438472.944
2024-12-24 00:00:00+00:00,94861.0,99450.0,93525.6,98627.2,20467193731.4279
2024-12-25 00:00:00+00:00,98626.9,99580.7,97570.0,99379.7,12284101310.0662
2024-12-26 00:00:00+00:00,99379.6,99950.0,95153.0,95751.0,18828963496.91
2024-12-27 00:00:00+00:00,95750.9,97564.5,93440.0,94258.9,19664748484.4432
2024-12-28 00:00:00+00:00,94258.9,95700.0,94100.0,95259.1,6441586533.2291
2024-12-29 00:00:00+00:00,95259.1,95300.0,92961.8,93700.0,8949366966.5803
2024-12-30 00:00:00+00:00,93699.9,95031.6,91510.0,92759.3,20718759693.374
2024-12-31 00:00:00+00:00,92759.3,96254.3,92000.0,93548.9,16839152825.5285
2025-01-01 00:00:00+00:00,93548.8,95161.2,92796.5,94580.9,8572615379.7751
2025-01-02 00:00:00+00:00,94580.9,97822.4,94357.4,96967.5,17520373569.6746
2025-01-03 00:00:00+00:00,96967.6,98949.0,96061.5,98145.7,12191508268.3213
2025-01-04 00:00:00+00:00,98145.7,98760.9,97438.2,98173.2,7047067115.1575
2025-01-05 00:00:00+00:00,98173.2,98852.6,97227.0,98340.2,7346604757.8706
2025-01-06 00:00:00+00:00,98340.2,102444.0,97872.6,102180.4,20828553113.3948
2025-01-07 00:00:00+00:00,102180.5,102762.1,96153.0,96920.3,25560001123.228
2025-01-08 00:00:00+00:00,96920.2,97242.2,92500.0,95014.1,24890488875.3657
2025-01-09 00:00:00+00:00,95014.0,95358.7,91055.8,92505.9,23994411572.6975
2025-01-10 00:00:00+00:00,92506.0,95882.5,92173.6,94675.5,24636484066.7169
2025-01-11 00:00:00+00:00,94675.6,94988.0,93802.1,94562.5,6101597708.5398
2025-01-12 00:00:00+00:00,94562.4,95444.0,93661.1,94499.9,7302019629.8369
2025-01-13 00:00:00+00:00,94499.9,95934.5,88909.0,94485.3,33357739608.8299
2025-01-14 00:00:00+00:00,94485.4,97353.9,94305.4,96514.9,20204491556.2972
2025-01-15 00:00:00+00:00,96514.9,100658.9,96450.2,100460.0,21890262973.6529
2025-01-16 00:00:00+00:00,100460.0,100850.0,97293.6,99937.4,21512694586.0727
2025-01-17 00:00:00+00:00,99937.4,105784.0,99902.0,104042.5,25723721360.3901
2025-01-18 00:00:00+00:00,104042.6,104962.1,102242.8,104524.3,17403566499.7749
2025-01-19 00:00:00+00:00,104524.3,106450.0,99600.0,101311.5,29174848452.0504
2025-01-20 00:00:00+00:00,101311.5,110000.0,99501.0,102247.6,55636481995.3162
2025-01-21 00:00:00+00:00,102247.7,107241.6,100097.2,106114.5,28422391304.195
2025-01-22 00:00:00+00:00,106115.4,106390.0,103211.6,103664.9,15829573488.171
2025-01-23 00:00:00+00:00,103664.9,106840.2,101211.0,103864.1,43515004634.5494
2025-01-24 00:00:00+00:00,103864.0,107076.5,102680.0,104808.1,17435123504.2742
2025-01-25 00:00:00+00:00,104808.0,105274.7,104040.6,104702.0,6869072101.7618
2025-01-26 00:00:00+00:00,104702.0,105496.9,102450.3,102560.1,7903655326.0526
2025-01-27 00:00:00+00:00,102560.0,103216.5,97680.0,102021.3,32694557659.0746
2025-01-28 00:00:00+00:00,102021.3,103797.0,100235.0,101279.6,17380446310.6614
2025-01-29 00:00:00+00:00,101279.7,104755.0,101269.7,103698.2,17464739221.2713
2025-01-30 00:00:00+00:00,103698.1,106450.0,103224.5,104676.9,14403072504.9993
2025-01-31 00:00:00+00:00,104676.9,106000.0,101509.0,102379.7,17878626999.9051
2025-02-01 00:00:00+00:00,102379.8,102734.9,100215.0,100603.6,9240331525.5912
2025-02-02 00:00:00+00:00,100603.6,101426.0,96029.6,97664.5,22949597609.4826
2025-02-03 00:00:00+00:00,97664.5,102456.0,91130.3,101293.7,43861859909.7187
2025-02-04 00:00:00+00:00,101293.6,101729.3,96100.0,97709.9,26009379200.5607
2025-02-05 00:00:00+00:00,97710.0,99124.2,96106.1,96553.2,14787603373.4395
2025-02-06 00:00:00+00:00,96553.2,99093.0,95613.5,96515.1,15732382004.6025
2025-02-07 00:00:00+00:00,96515.0,100112.4,95555.0,96454.5,21837468262.4659
2025-02-08 00:00:00+00:00,96454.5,96850.0,95600.0,96411.9,6644122527.1204
2025-02-09 00:00:00+00:00,96412.0,97301.7,94650.1,96423.6,9736102711.9428
2025-02-10 00:00:00+00:00,96423.6,98328.0,95200.1,97379.2,12909986839.9299
2025-02-11 00:00:00+00:00,97379.2,98482.2,94814.3,95731.4,14974331187.2319
2025-02-12 00:00:00+00:00,95731.4,98090.9,94003.9,97816.3,19439638352.8794
2025-02-13 00:00:00+00:00,97816.3,98053.8,95160.1,96560.6,13680787136.6768
2025-02-14 00:00:00+00:00,96560.6,98792.8,96225.7,97445.1,14050947379.4366
2025-02-15 00:00:00+00:00,97445.2,97941.2,97170.0,97538.0,4625304231.2128
2025-02-16 00:00:00+00:00,97538.0,97665.8,96002.0,96067.0,5495964821.8901
2025-02-17 00:00:00+00:00,96067.0,97000.0,95150.6,95743.2,10136667892.9053
2025-02-18 00:00:00+00:00,95743.1,96737.3,93321.6,95622.0,17034410558.3045
2025-02-19 00:00:00+00:00,95622.0,96878.7,95012.5,96598.0,11992996490.3516
2025-02-20 00:00:00+00:00,96597.9,98662.1,96366.0,98252.9,12598925800.6449
2025-02-21 00:00:00+00:00,98252.8,99431.5,94830.4,96127.9,24420588679.3015
2025-02-22 00:00:00+00:00,96128.0,96988.0,95701.9,96503.3,6345520284.0928
2025-02-23 00:00:00+00:00,96503.3,96602.9,95180.2,96218.4,6647362791.999
2025-02-24 00:00:00+00:00,96218.4,96470.0,91300.0,91514.5,20543195679.4306
2025-02-25 00:00:00+00:00,91514.5,92500.0,86020.4,88639.1,41894200562.9206
2025-02-26 00:00:00+00:00,88639.1,89367.1,82222.0,84208.5,34536661991.6454
2025-02-27 00:00:00+00:00,84208.6,87066.0,82667.0,84668.1,22931080203.5431
2025-02-28 00:00:00+00:00,84668.2,85084.5,78200.2,84299.6,43686395142.1932
2025-03-01 00:00:00+00:00,84299.6,86516.5,83779.0,86007.7,12515888419.9825
2025-03-02 00:00:00+00:00,86007.7,94971.0,85015.0,94222.8,32943383217.4127
2025-03-03 00:00:00+00:00,94222.0,94373.4,85029.0,86192.7,39107649568.9303
2025-03-04 00:00:00+00:00,86193.3,88931.0,81200.0,87245.9,36591012063.2103
2025-03-05 00:00:00+00:00,87245.9,91000.0,86328.0,90566.1,24826777816.6592
2025-03-06 00:00:00+00:00,90566.1,92780.3,87790.5,89887.8,27350634937.0079
2025-03-07 00:00:00+00:00,89887.9,91257.7,84600.0,86753.8,39785179157.3045
2025-03-08 00:00:00+00:00,86753.8,86876.5,85108.0,86184.7,8274279764.8036
2025-03-09 00:00:00+00:00,86184.7,86470.6,79933.4,80688.8,18439154205.8068
2025-03-10 00:00:00+00:00,80690.7,84031.5,77410.1,78567.8,33576468153.0327
2025-03-11 00:00:00+00:00,78567.8,83600.0,76560.0,82896.0,31496850047.1384
2025-03-12 00:00:00+00:00,82896.0,84487.0,80578.5,83640.7,25257040236.9463
2025-03-13 00:00:00+00:00,83640.7,84307.1,79903.4,81085.4,20339091216.6417
2025-03-14 00:00:00+00:00,81085.5,85270.2,80772.0,83939.8,19480400183.0068
2025-03-15 00:00:00+00:00,83939.9,84625.0,83564.5,84302.9,6452002481.0053
2025-03-16 00:00:00+00:00,84303.0,85136.0,81925.6,82541.6,14560229989.6632
2025-03-17 00:00:00+00:00,82541.6,84727.1,82384.0,83962.9,15243760952.7371
2025-03-18 00:00:00+00:00,83963.0,83979.8,81113.5,82666.1,15546964609.4973
2025-03-19 00:00:00+00:00,82666.2,86990.0,82501.8,86809.8,21278400806.1707
2025-03-20 00:00:00+00:00,86809.8,87500.0,83613.6,84183.6,20712134490.6818
2025-03-21 00:00:00+00:00,84183.6,84813.6,83122.0,84050.3,12128213315.5817
2025-03-22 00:00:00+00:00,84050.3,84509.0,83589.5,83804.9,4391946161.3191
2025-03-23 00:00:00+00:00,83804.9,86110.9,83761.2,86044.2,7717260188.0899
2025-03-24 00:00:00+00:00,86044.1,88752.0,85478.3,87463.4,18432550277.6387
2025-03-25 00:00:00+00:00,87463.4,88500.0,86260.0,87369.8,15155815871.099
2025-03-26 00:00:00+00:00,87369.9,88270.2,85816.3,86873.8,16368183043.4019
2025-03-27 00:00:00+00:00,86873.9,87722.4,85724.5,87191.2,14210148345.9687
2025-03-28 00:00:00+00:00,87191.2,87470.0,83531.7,84380.8,18906017105.6124
2025-03-29 00:00:00+00:00,84380.8,84589.7,81601.0,82604.7,11234711035.3115
2025-03-30 00:00:00+00:00,82604.8,83490.0,81501.4,82352.8,9064725716.8179
2025-03-31 00:00:00+00:00,82353.1,83895.8,81222.0,82517.5,17489658395.7987
2025-04-01 00:00:00+00:00,82517.5,85595.5,82383.3,85120.9,16592830383.7936
2025-04-02 00:00:00+00:00,85121.0,88500.0,82300.0,82485.1,29832752692.1704
2025-04-03 00:00:00+00:00,82485.1,83889.2,81172.2,83181.5,19745607618.6561
2025-04-04 00:00:00+00:00,83181.7,84686.2,81624.6,83861.3,29383845902.268
2025-04-05 00:00:00+00:00,83861.4,84244.5,82333.8,83506.1,8287351555.4536
2025-04-06 00:00:00+00:00,83506.1,83790.5,77111.0,78390.0,22582931441.791
2025-04-07 00:00:00+00:00,78390.1,81200.0,74457.0,79140.0,53937100469.049
2025-04-08 00:00:00+00:00,79140.1,80832.1,76200.1,76297.9,25796580911.5206
2025-04-09 00:00:00+00:00,76298.0,83554.9,74578.5,82588.0,44072322884.0975
2025-04-10 00:00:00+00:00,82587.9,82706.9,78416.0,79560.2,23687469484.8299
2025-04-11 00:00:00+00:00,79560.3,84300.0,78935.5,83378.3,24267636755.0135
2025-04-12 00:00:00+00:00,83378.3,85884.2,82756.0,85237.8,13313650656.6862
2025-04-13 00:00:00+00:00,85237.9,86100.0,82991.5,83713.7,17457667797.3317
2025-04-14 00:00:00+00:00,83713.8,85755.0,83630.9,84553.9,17726843976.2684
2025-04-15 00:00:00+00:00,84553.9,86443.0,83560.0,83608.7,15709860552.1604
2025-04-16 00:00:00+00:00,83608.6,85493.5,83063.9,83990.0,17600465000.7882
2025-04-17 00:00:00+00:00,83990.1,85441.5,83700.0,84915.0,11925437240.4436
2025-04-18 00:00:00+00:00,84914.9,85100.0,84260.0,84421.0,4669701038.4181
2025-04-19 00:00:00+00:00,84421.0,85600.0,84317.2,85046.9,6243873371.14
2025-04-20 00:00:00+00:00,85046.9,85283.6,83900.0,85138.8,7672458746.815
2025-04-21 00:00:00+00:00,85138.9,88418.2,85100.0,87466.0,23894438019.9122
2025-04-22 00:00:00+00:00,87466.0,94142.5,87017.5,93404.9,30146810687.6233
2025-04-23 00:00:00+00:00,93404.9,94904.3,91898.0,93632.1,21736791484.5585
2025-04-24 00:00:00+00:00,93632.2,93980.6,91619.0,93931.6,14589477688.5148
2025-04-25 00:00:00+00:00,93931.5,95769.6,92788.0,94591.8,18114328489.7902
2025-04-26 00:00:00+00:00,94591.8,95157.1,93833.0,94575.7,6848477987.1194
2025-04-27 00:00:00+00:00,94575.7,95280.5,93547.3,93697.1,7891352346.555
2025-04-28 00:00:00+00:00,93697.0,95578.8,92700.0,94969.0,18333704018.2604
2025-04-29 00:00:00+00:00,94969.0,95426.4,93678.7,94200.1,14010734428.5148
2025-04-30 00:00:00+00:00,94200.1,95186.5,92848.1,94125.1,16099511642.4903
2025-05-01 00:00:00+00:00,94125.2,97388.0,94086.7,96423.3,17724494702.1216
2025-05-02 00:00:00+00:00,96423.2,97865.4,96283.1,96831.2,13503167893.5523
2025-05-03 00:00:00+00:00,96831.2,96868.4,95700.0,95803.3,6871382895.5311
2025-05-04 00:00:00+00:00,95803.3,96266.6,94116.4,94230.2,8988011491.011
2025-05-05 00:00:00+00:00,94230.2,95165.1,93445.1,94696.7,14600852881.6568
2025-05-06 00:00:00+00:00,94696.7,96879.5,93327.0,96798.9,16444015298.9578
2025-05-07 00:00:00+00:00,96798.9,97700.0,95718.5,96988.4,17927424779.6889
2025-05-08 00:00:00+00:00,96988.4,104305.3,96831.5,103228.1,31823810370.5613
2025-05-09 00:00:00+00:00,103228.0,104373.0,102240.0,102941.9,17811570329.7221
2025-05-10 00:00:00+00:00,102941.9,105000.1,102784.0,104788.8,10820371034.8627
2025-05-11 00:00:00+00:00,104788.8,104950.0,103283.3,104072.7,14486322662.4281
2025-05-12 00:00:00+00:00,104072.7,105863.1,100678.0,102739.3,26551603069.1406
2025-05-13 00:00:00+00:00,102739.3,104949.2,101400.0,104082.0,16783134050.1225
2025-05-14 00:00:00+00:00,104082.0,104319.0,102536.0,103458.1,13068576865.3795
2025-05-15 00:00:00+00:00,103458.1,104162.8,101270.8,103714.5,18109801387.1545
2025-05-16 00:00:00+00:00,103714.2,104524.2,103062.3,103412.2,11990203384.412
2025-05-17 00:00:00+00:00,103412.2,103658.0,102541.6,103079.6,9316018419.6171
2025-05-18 00:00:00+00:00,103079.5,106629.8,103052.2,106407.6,18124062039.3125
2025-05-19 00:00:00+00:00,106407.5,107114.3,102038.8,105531.6,26840364600.388
2025-05-20 00:00:00+00:00,105531.5,107292.5,104115.2,106800.1,23924084086.0768
2025-05-21 00:00:00+00:00,106800.0,110830.0,106037.9,109609.5,44576303267.8202
2025-05-22 00:00:00+00:00,109609.6,111959.5,109153.4,111662.7,27295716075.3018
2025-05-23 00:00:00+00:00,111662.6,111770.4,106721.9,107271.5,30543709259.4438
2025-05-24 00:00:00+00:00,107271.6,109440.2,106836.0,107698.9,17895241893.0697
2025-05-25 00:00:00+00:00,107699.0,109285.1,106497.0,108955.9,17159184232.0091
2025-05-26 00:00:00+00:00,108956.0,110400.0,108616.6,109386.8,16103265896.3352
2025-05-27 00:00:00+00:00,109386.8,110700.0,107438.0,108889.3,24452829099.8677
2025-05-28 00:00:00+00:00,108889.2,109252.6,106723.9,107723.1,17119395349.8769
2025-05-29 00:00:00+00:00,107723.1,108860.0,105054.2,105539.9,22850297579.7762
2025-05-30 00:00:00+00:00,105539.9,106266.0,103555.0,103950.0,23083176001.5792
2025-05-31 00:00:00+00:00,103949.9,104859.3,103032.1,104544.7,10771231013.7278
2025-06-01 00:00:00+00:00,104544.6,105823.6,103704.1,105583.3,10189734693.2765
2025-06-02 00:00:00+00:00,105583.3,105900.0,103600.6,105814.3,16568774033.5745
2025-06-03 00:00:00+00:00,105814.4,106775.0,104822.4,105330.1,14728115908.7851
2025-06-04 00:00:00+00:00,105330.1,105967.2,104111.7,104641.8,12459563151.8403
2025-06-05 00:00:00+00:00,104641.8,105878.3,100305.1,101458.6,25426533952.9847
2025-06-06 00:00:00+00:00,101458.7,105283.0,101003.4,104240.0,18075103218.6038
2025-06-07 00:00:00+00:00,104240.1,105878.3,103800.1,105507.5,8393331490.526
2025-06-08 00:00:00+00:00,105507.5,106482.6,104927.4,105676.5,7939013396.4349
2025-06-09 00:00:00+00:00,105676.5,110653.6,105253.2,110227.9,20800388814.9273
2025-06-10 00:00:00+00:00,110228.0,110367.2,108282.0,110235.4,16647654303.5421
2025-06-11 00:00:00+00:00,110235.4,110350.0,108001.2,108600.0,14691641846.5674
2025-06-12 00:00:00+00:00,108600.1,108782.1,105602.0,105609.5,19916220925.2797
2025-06-13 00:00:00+00:00,105609.4,106141.1,102614.0,106027.3,25704797377.6442
2025-06-14 00:00:00+00:00,106027.3,106173.6,104225.4,105359.9,8391666383.1509
2025-06-15 00:00:00+00:00,105359.8,106099.4,104399.9,105534.6,8299752647.8676
2025-06-16 00:00:00+00:00,105534.7,108900.0,104920.0,106750.1,17887208567.0373
2025-06-17 00:00:00+00:00,106750.1,107727.4,103300.0,104508.0,23808393905.4278
2025-06-18 00:00:00+00:00,104508.0,105500.0,103426.1,104832.8,18052952724.8775
2025-06-19 00:00:00+00:00,104832.8,105185.7,103870.3,104607.1,9170655647.4608
2025-06-20 00:00:00+00:00,104607.1,106486.2,102255.3,103246.1,20795551830.7014
2025-06-21 00:00:00+00:00,103246.1,103940.6,100789.9,102079.8,12390156115.4865
2025-06-22 00:00:00+00:00,102079.8,103362.6,98115.4,100904.7,29530840749.9246
2025-06-23 00:00:00+00:00,100904.7,106050.0,99547.6,105290.9,30424122122.1681
2025-06-24 00:00:00+00:00,105291.0,106239.0,104570.8,106034.9,15211187542.8234
2025-06-25 00:00:00+00:00,106034.9,108095.7,105755.6,107280.0,17055576325.5144
2025-06-26 00:00:00+00:00,107280.1,108249.9,106500.0,106913.7,12286992617.7236
2025-06-27 00:00:00+00:00,106913.8,107686.0,106313.1,107010.7,12685404247.2056
2025-06-28 00:00:00+00:00,107010.6,107538.0,106767.0,107241.0,3824571878.0348
2025-06-29 00:00:00+00:00,107240.9,108499.0,107112.6,108309.8,8563401844.1215
2025-06-30 00:00:00+00:00,108309.8,108783.9,106686.4,107087.4,12341253790.3646
2025-07-01 00:00:00+00:00,107087.3,107499.9,105182.6,105637.9,12798966761.0981
2025-07-02 00:00:00+00:00,105637.9,109690.4,105010.0,108800.0,19179636772.5586
2025-07-03 00:00:00+00:00,108800.0,110484.0,108480.6,109545.2,15492329480.4931
2025-07-04 00:00:00+00:00,109545.1,109732.3,107200.0,107935.4,14316422935.2606
2025-07-05 00:00:00+00:00,107935.3,108368.1,107688.3,108153.4,3960654262.1664
2025-07-06 00:00:00+00:00,108153.4,109684.7,107743.4,109145.8,7864421489.3231
2025-07-07 00:00:00+00:00,109145.8,109667.3,107456.0,108203.9,11536683412.6303
2025-07-08 00:00:00+00:00,108203.9,109180.0,107400.0,108873.1,10320330229.2738
2025-07-09 00:00:00+00:00,108873.2,112036.8,108273.5,111199.9,18458201635.8988
2025-07-10 00:00:00+00:00,111199.8,117500.0,110432.2,115979.2,25573716456.3733
2025-07-11 00:00:00+00:00,115979.2,118882.8,115186.7,117500.0,23468288934.0047
2025-07-12 00:00:00+00:00,117500.0,118176.9,116862.4,117389.3,7488784312.8489
2025-07-13 00:00:00+00:00,117389.4,119655.0,117164.3,119038.3,10670541370.9112
2025-07-14 00:00:00+00:00,119038.3,123300.0,118862.6,119816.5,26804448428.8877
2025-07-15 00:00:00+00:00,119816.5,119919.4,115678.1,117738.5,31656599892.9497
2025-07-16 00:00:00+00:00,117738.6,120100.0,117017.1,118590.7,18903224038.5254
2025-07-17 00:00:00+00:00,118590.7,120951.5,117412.8,119176.6,19529125659.9034
2025-07-18 00:00:00+00:00,119176.5,120846.1,116788.9,117896.4,19250655213.5986
2025-07-19 00:00:00+00:00,117896.5,118456.0,117245.9,117814.4,6197160791.5471
2025-07-20 00:00:00+00:00,117814.3,118856.6,116370.1,117216.0,9710161747.2649
2025-07-21 00:00:00+00:00,117216.1,119720.6,116454.1,117330.2,16757943321.4359
2025-07-22 00:00:00+00:00,117330.2,120300.1,115865.0,119993.7,22133221784.4276
2025-07-23 00:00:00+00:00,119993.7,120146.5,117250.0,118713.5,16199890830.6418
2025-07-24 00:00:00+00:00,118713.4,119469.9,117050.2,118294.3,16275419265.9469
2025-07-25 00:00:00+00:00,118294.4,118410.8,114667.3,117583.5,30217394710.2149
2025-07-26 00:00:00+00:00,117583.4,118300.0,117114.2,117889.2,6739341628.4194
2025-07-27 00:00:00+00:00,117889.3,119766.0,117800.8,119423.4,9021870261.9343
2025-07-28 00:00:00+00:00,119423.5,119812.0,117388.0,118041.4,12646588023.95
2025-07-29 00:00:00+00:00,118041.5,119258.7,116923.0,117897.0,13605158270.3445
2025-07-30 00:00:00+00:00,117897.1,118763.5,115700.0,117771.0,14671863277.403
2025-07-31 00:00:00+00:00,117771.1,118910.0,115373.9,115697.3,15883505625.6346
2025-08-01 00:00:00+00:00,115697.3,116000.0,112660.0,113244.8,25374879723.7736
2025-08-02 00:00:00+00:00,113244.8,114000.0,111910.0,112508.8,11582327925.5756
2025-08-03 00:00:00+00:00,112508.8,114730.0,111850.0,114150.8,7180260356.7661
2025-08-04 00:00:00+00:00,114150.9,115686.0,114053.8,115002.1,9566449201.0507
2025-08-05 00:00:00+00:00,115002.1,115073.3,112582.4,114069.6,13578532103.2508
2025-08-06 00:00:00+00:00,114069.6,115674.2,113304.5,114941.0,11289146520.5982
2025-08-07 00:00:00+00:00,114941.0,117580.0,114211.4,117419.9,15603976236.9276
2025-08-08 00:00:00+00:00,117419.9,117591.8,115850.0,116628.2,10476168967.7768
2025-08-09 00:00:00+00:00,116628.2,117906.7,116304.0,116422.1,9109077804.5382
2025-08-10 00:00:00+00:00,116422.1,119291.9,116413.2,119255.3,15402998283.6403
2025-08-11 00:00:00+00:00,119255.3,122450.0,118050.0,118641.9,26140833129.3272
2025-08-12 00:00:00+00:00,118641.8,120270.0,118154.3,120081.0,14984075258.1463
2025-08-13 00:00:00+00:00,120080.9,123715.9,118829.0,123323.9,22796282824.2241
2025-08-14 00:00:00+00:00,123323.9,124545.6,117004.0,118242.2,31188419054.0993
2025-08-15 00:00:00+00:00,118242.2,119184.0,116736.3,117279.2,14214818128.9724
2025-08-16 00:00:00+00:00,117279.1,117857.1,117089.7,117329.7,5485340879.1925
2025-08-17 00:00:00+00:00,117329.8,118558.0,117121.6,117353.8,6411151083.0242
2025-08-18 00:00:00+00:00,117353.9,117499.4,114605.0,116183.6,17039158070.2288
2025-08-19 00:00:00+00:00,116183.6,116687.7,112666.6,112824.2,16131720046.5887
2025-08-20 00:00:00+00:00,112824.1,114569.0,112301.8,114220.5,14819274146.3868
2025-08-21 00:00:00+00:00,114220.5,114777.0,111944.0,112462.2,10907840294.1414
2025-08-22 00:00:00+00:00,112462.2,117397.4,111625.9,116897.5,22883791440.7028
2025-08-23 00:00:00+00:00,116897.5,116988.0,114510.0,115377.1,9054235281.6278
2025-08-24 00:00:00+00:00,115377.1,115640.0,110484.0,113446.3,15148067971.3495
2025-08-25 00:00:00+00:00,113446.2,113621.3,109219.8,110064.0,22818722034.3374
2025-08-26 00:00:00+00:00,110064.1,112330.0,108559.7,111709.9,15983443440.8915
2025-08-27 00:00:00+00:00,111710.0,112568.5,110306.9,111194.9,12739237648.6494
2025-08-28 00:00:00+00:00,111194.9,113429.0,110811.0,112507.3,10988621821.8074
2025-08-29 00:00:00+00:00,112507.3,112585.7,107411.4,108332.4,19688668760.0572
2025-08-30 00:00:00+00:00,108332.4,108879.6,107281.0,108757.9,6572709736.3117
2025-08-31 00:00:00+00:00,108758.0,109439.9,108021.0,108208.4,7626942442.611
2025-09-01 00:00:00+00:00,108208.4,109874.8,107211.5,109187.9,16311045147.8882
2025-09-02 00:00:00+00:00,109187.9,111742.1,108333.0,111188.0,19401297224.9434
2025-09-03 00:00:00+00:00,111187.9,112541.2,110486.9,111659.8,11770759661.8071
2025-09-04 00:00:00+00:00,111659.7,112136.8,109269.1,110679.4,13516026898.7113
2025-09-05 00:00:00+00:00,110679.5,113344.3,110153.3,110614.9,21608268964.6591
2025-09-06 00:00:00+00:00,110614.8,111256.2,109850.0,110135.3,5113475710.4939
2025-09-07 00:00:00+00:00,110135.2,111559.5,110120.5,111076.0,5973071292.8472
2025-09-08 00:00:00+00:00,111075.5,112867.6,110566.5,112012.6,11088708293.0036
2025-09-09 00:00:00+00:00,112012.7,113238.0,110714.9,111499.9,15364017571.6421
2025-09-10 00:00:00+00:00,111499.9,114287.9,110855.8,113896.8,17159405921.2062
2025-09-11 00:00:00+00:00,113896.8,115439.0,113340.7,115427.0,12912039322.4644
2025-09-12 00:00:00+00:00,115427.0,116605.7,114681.5,115978.4,13753804629.9552
2025-09-13 00:00:00+00:00,115978.4,116245.4,115032.0,115862.7,6078193412.4006
2025-09-14 00:00:00+00:00,115862.7,116118.6,115057.0,115210.0,6368498171.5133
2025-09-15 00:00:00+00:00,115210.0,116759.9,114338.5,115300.6,13585379833.8268
2025-09-16 00:00:00+00:00,115300.5,116910.8,114600.0,116747.3,11513690825.0447
2025-09-17 00:00:00+00:00,116747.3,117266.4,114623.3,116402.5,18348171466.3525
2025-09-18 00:00:00+00:00,116402.6,117875.2,116033.5,117017.1,12568414009.019
2025-09-19 00:00:00+00:00,117017.1,117406.8,115049.9,115569.5,10241717036.8935
2025-09-20 00:00:00+00:00,115569.6,116059.2,115343.0,115624.9,3744545955.4796
2025-09-21 00:00:00+00:00,115625.0,115778.0,115137.6,115183.9,3786613657.9565
2025-09-22 00:00:00+00:00,115183.9,115344.6,111469.2,112604.7,18039188972.427
2025-09-23 00:00:00+00:00,112604.7,113254.8,111405.1,111947.0,11494032424.4655
2025-09-24 00:00:00+00:00,111947.0,113895.8,110935.0,113254.0,11879548716.1957
2025-09-25 00:00:00+00:00,113253.9,113462.1,108574.1,108934.5,19825920968.7404
2025-09-26 00:00:00+00:00,108934.6,110250.0,108566.0,109588.5,12272701459.1791
2025-09-27 00:00:00+00:00,109588.5,109700.0,109021.9,109577.3,3923401762.5556
2025-09-28 00:00:00+00:00,109577.2,112300.0,109136.5,112119.6,8521046102.0886
2025-09-29 00:00:00+00:00,112119.7,114377.2,111501.0,114257.1,14160916303.2403
2025-09-30 00:00:00+00:00,114257.1,114800.0,112615.3,113988.8,13560972134.9725
2025-10-01 00:00:00+00:00,113988.7,118631.8,113899.4,118552.4,20130425143.6828
2025-10-02 00:00:00+00:00,118552.0,120999.0,118226.4,120481.3,17369682490.3087
2025-10-03 00:00:00+00:00,120481.3,123900.0,119200.0,122182.7,20406510432.5745
2025-10-04 00:00:00+00:00,122182.6,122781.1,121432.0,122343.2,8601963052.1653
2025-10-05 00:00:00+00:00,122343.2,125877.3,122088.1,123426.7,20109937991.3764
2025-10-06 00:00:00+00:00,123426.7,126208.5,123018.5,124628.5,17465215135.0039
2025-10-07 00:00:00+00:00,124628.6,125098.0,120516.0,121286.5,22319390759.2149
2025-10-08 00:00:00+00:00,121286.6,124170.6,121005.3,123237.5,15572092969.2554
2025-10-09 00:00:00+00:00,123237.4,123740.1,119572.8,121579.3,19890276384.5902
2025-10-10 00:00:00+00:00,121579.4,122497.0,101516.5,112714.9,45076825982.4017
2025-10-11 00:00:00+00:00,112715.0,113300.1,109501.0,110579.1,18268163074.1344
2025-10-12 00:00:00+00:00,110579.1,115730.3,109509.3,114894.4,24571794294.0169
2025-10-13 00:00:00+00:00,114894.5,115912.0,113600.5,115111.9,22509504374.6067
2025-10-14 00:00:00+00:00,115112.0,115360.2,109802.0,112983.8,29101159307.8663
2025-10-15 00:00:00+00:00,112983.9,113576.1,110096.9,110699.0,14722103584.389
2025-10-16 00:00:00+00:00,110699.1,111960.0,107350.0,108129.4,21245415629.6721
2025-10-17 00:00:00+00:00,108129.4,109199.8,103470.0,106378.6,25744733284.1127
2025-10-18 00:00:00+00:00,106378.5,107452.6,106270.0,107117.5,7319254840.618
2025-10-19 00:00:00+00:00,107117.5,109399.9,106055.8,108586.2,12227415542.3371
2025-10-20 00:00:00+00:00,108586.2,111650.0,107377.2,110469.9,15403876134.7218
2025-10-21 00:00:00+00:00,110469.9,113940.0,107400.0,108253.7,26588100130.4652
2025-10-22 00:00:00+00:00,108253.8,109160.0,106360.3,107532.0,19528248919.2056
2025-10-23 00:00:00+00:00,107532.1,111240.0,107462.9,110025.9,14194391374.774
2025-10-24 00:00:00+00:00,110026.0,112086.0,109650.0,110965.4,12266995720.6384
2025-10-25 00:00:00+00:00,110965.4,111903.9,110600.5,111589.4,5042907497.6125
2025-10-26 00:00:00+00:00,111589.4,115521.7,111200.0,114497.8,11025832161.8245
2025-10-27 00:00:00+00:00,114497.9,116380.2,113792.4,114064.1,13655124505.5205
2025-10-28 00:00:00+00:00,114064.2,116074.3,112121.4,112833.5,14968353132.7899
2025-10-29 00:00:00+00:00,112833.5,113593.0,109026.4,109985.6,18302671178.4635
2025-10-30 00:00:00+00:00,109985.6,111565.1,106200.0,108263.5,22369109428.5478
2025-10-31 00:00:00+00:00,108263.6,111233.0,108226.6,109557.3,16683797487.54
2025-11-01 00:00:00+00:00,109557.2,110557.0,109351.5,110047.2,4579668770.1899
2025-11-02 00:00:00+00:00,110047.3,111216.0,109368.9,110494.9,6744087828.2275
2025-11-03 00:00:00+00:00,110494.9,110711.0,105300.0,106544.0,18689862800.3629
2025-11-04 00:00:00+00:00,106544.0,107271.9,98888.8,101450.3,28973193334.5977
2025-11-05 00:00:00+00:00,101450.2,104497.6,98909.7,103837.0,17127717826.9393
2025-11-06 00:00:00+00:00,103837.0,104210.2,100238.4,101305.6,14822272935.6669
2025-11-07 00:00:00+00:00,101305.6,104070.7,99200.0,103305.2,16618226412.9992
2025-11-08 00:00:00+00:00,103305.3,103373.8,101400.1,102269.3,7229449979.504
2025-11-09 00:00:00+00:00,102269.3,105440.0,101300.0,104670.6,9539326599.9635
2025-11-10 00:00:00+00:00,104670.7,106666.0,104205.9,105966.3,12736544297.3328
2025-11-11 00:00:00+00:00,105966.3,107473.7,102400.0,103005.8,13877840027.7205
2025-11-12 00:00:00+00:00,103005.8,105297.0,100711.0,101605.8,14516821988.2784
2025-11-13 00:00:00+00:00,101605.8,104024.6,97959.0,99654.3,23845056328.8644
2025-11-14 00:00:00+00:00,99654.3,99862.8,93955.0,94544.9,27699919078.6639
2025-11-15 00:00:00+00:00,94544.9,96800.0,94523.9,95560.3,8648839692.4375
2025-11-16 00:00:00+00:00,95560.4,96600.0,92922.8,94221.7,12858824611.9057
2025-11-17 00:00:00+00:00,94221.7,96012.2,91250.0,92169.7,19251468313.7895
2025-11-18 00:00:00+00:00,92169.8,93799.1,89012.0,92916.9,21287650102.1971
2025-11-19 00:00:00+00:00,92916.8,92944.8,88564.4,91508.9,20531646468.1953
2025-11-20 00:00:00+00:00,91509.0,93150.0,86066.6,86601.3,24710128018.0412
2025-11-21 00:00:00+00:00,86601.4,87465.4,80600.0,85093.5,37766204535.2064
2025-11-22 00:00:00+00:00,85093.6,85599.9,83456.0,84689.4,7944941195.9623
2025-11-23 00:00:00+00:00,84689.4,88100.0,84622.0,86807.7,12021965924.515
2025-11-24 00:00:00+00:00,86807.6,89177.3,85226.4,88247.1,18390268446.5396
2025-11-25 00:00:00+00:00,88247.1,88477.6,86061.1,87324.1,13058119938.8809
2025-11-26 00:00:00+00:00,87324.1,90655.4,86260.9,90438.1,14035931374.2226
2025-11-27 00:00:00+00:00,90438.0,91931.9,90024.4,91292.2,10363381065.7595
2025-11-28 00:00:00+00:00,91292.2,93080.0,90155.0,90847.8,13439159085.5929
2025-11-29 00:00:00+00:00,90847.8,91130.0,90092.7,90765.0,4912678291.2122
2025-11-30 00:00:00+00:00,90764.9,91934.4,90300.0,90320.6,6030481989.374
2025-12-01 00:00:00+00:00,90320.5,90396.9,83786.0,86241.6,25577924246.4796
2025-12-02 00:00:00+00:00,86241.5,92273.2,86140.1,91249.1,20398018617.2761
2025-12-03 00:00:00+00:00,91249.1,94185.0,90954.8,93376.7,18675815044.3044
2025-12-04 00:00:00+00:00,93376.8,94040.0,90822.5,92034.7,13597441409.6919
2025-12-05 00:00:00+00:00,92034.7,92665.5,87976.3,89288.5,16166343889.0462
2025-12-06 00:00:00+00:00,89288.6,90257.3,88870.1,89197.1,5087173918.7945
2025-12-07 00:00:00+00:00,89197.1,91722.0,87688.0,90345.4,11615722866.7767
2025-12-08 00:00:00+00:00,90345.4,92262.6,89553.8,90610.8,13851183299.0389
2025-12-09 00:00:00+00:00,90610.8,94555.0,89368.9,92638.4,16746767484.4678
2025-12-10 00:00:00+00:00,92638.3,94443.7,91520.0,91977.5,14848606099.6705
2025-12-11 00:00:00+00:00,91977.5,93547.3,89200.0,92477.5,17359221855.9521
2025-12-12 00:00:00+00:00,92477.6,92719.0,89429.0,90229.6,13200125050.1882
2025-12-13 00:00:00+00:00,90229.7,90599.0,89711.9,90191.3,3269571102.3341
2025-12-14 00:00:00+00:00,90191.3,90440.0,87504.3,88118.8,8202472245.4301
2025-12-15 00:00:00+00:00,88118.8,89972.4,85073.0,86389.9,17011925792.4325
2025-12-16 00:00:00+00:00,86390.0,88143.9,85226.0,87826.3,12361523043.7964
2025-12-17 00:00:00+00:00,87826.3,90363.2,85261.3,86201.6,18228465804.6213
2025-12-18 00:00:00+00:00,86201.6,89447.9,84408.6,85469.7,19944082984.3968
2025-12-19 00:00:00+00:00,85469.8,89374.6,85062.7,88100.0,15617337797.6527
2025-12-20 00:00:00+00:00,88100.0,88551.8,87698.5,88320.8,3171782778.2374
2025-12-21 00:00:00+00:00,88320.7,89050.0,87548.5,88621.3,5968133891.8196
2025-12-22 00:00:00+00:00,88621.3,90599.0,87845.0,88581.5,13801598552.2526
2025-12-23 00:00:00+00:00,88581.5,88904.9,86536.0,87463.0,11714876769.2463
2025-12-24 00:00:00+00:00,87463.1,88033.3,86355.0,87627.3,7107553239.5379
2025-12-25 00:00:00+00:00,87627.4,88594.0,86902.1,87182.8,5072600548.9633
2025-12-26 00:00:00+00:00,87182.8,89557.6,86619.9,87318.2,13204732310.098
2025-12-27 00:00:00+00:00,87318.3,87956.9,87203.0,87829.4,2388675294.68
2025-12-28 00:00:00+00:00,87829.5,88078.3,87402.6,87920.5,3278205503.957
2025-12-29 00:00:00+00:00,87920.4,90373.4,86760.0,87203.3,16787751031.7945
2025-12-30 00:00:00+00:00,87203.2,89355.0,86789.0,88455.3,11172280215.5508
2025-12-31 00:00:00+00:00,88455.2,89192.8,87189.2,87608.2,8534611355.54
2026-01-01 00:00:00+00:00,87608.3,88881.4,87508.4,88800.0,4221684071.5216
2026-01-02 00:00:00+00:00,88800.0,90945.1,88324.4,89951.4,15818436364.5132
2026-01-03 00:00:00+00:00,89951.5,90716.9,89261.2,90595.8,5120704164.6601
2026-01-04 00:00:00+00:00,90595.8,91779.7,90595.7,91497.1,6733223160.202
2026-01-05 00:00:00+00:00,91497.2,94760.3,91476.5,93822.4,17646171283.7405
2026-01-06 00:00:00+00:00,93822.3,94415.4,91209.0,93708.0,17445560806.7759
2026-01-07 00:00:00+00:00,93708.1,93708.1,90634.1,91328.0,13680092151.8126
2026-01-08 00:00:00+00:00,91328.1,91666.0,89242.0,91059.8,15234838673.2306
2026-01-09 00:00:00+00:00,91059.8,91999.0,89632.8,90603.6,12741216614.7338
2026-01-10 00:00:00+00:00,90603.7,90800.0,90351.6,90469.6,2289227865.1467
2026-01-11 00:00:00+00:00,90469.7,91252.5,90175.3,90964.4,3951590389.4878
2026-01-12 00:00:00+00:00,90964.4,92488.0,90066.0,91252.6,15460787326.0671
2026-01-13 00:00:00+00:00,91252.5,96863.7,91011.0,95375.2,18702759214.6813
2026-01-14 00:00:00+00:00,95375.2,97932.1,94413.4,96907.9,17517864908.3997
2026-01-15 00:00:00+00:00,96908.0,97155.0,95080.0,95567.3,14354929430.5958
2026-01-16 00:00:00+00:00,95567.4,95825.0,94234.5,95503.7,9631783779.4691
2026-01-17 00:00:00+00:00,95503.8,95621.9,94977.5,95107.9,3713666637.4187
2026-01-18 00:00:00+00:00,95107.9,95490.0,93550.3,93614.0,5933385909.8745
2026-01-19 00:00:00+00:00,93614.0,93614.1,91800.0,92589.6,10038160831.5419
2026-01-20 00:00:00+00:00,92589.6,92845.0,87787.2,88390.6,17018198701.3769
2026-01-21 00:00:00+00:00,88390.7,90599.5,87205.5,89411.4,18550738542.8682
2026-01-22 00:00:00+00:00,89411.4,90327.7,88465.6,89518.5,9479318940.2308
2026-01-23 00:00:00+00:00,89518.4,91195.0,88530.0,89558.7,11205111434.1844
2026-01-24 00:00:00+00:00,89558.7,89893.9,89116.9,89180.7,2749562449.6091
2026-01-25 00:00:00+00:00,89180.7,89281.6,86021.7,86628.9,10926589926.8844
2026-01-26 00:00:00+00:00,86628.9,88834.1,86463.2,88300.6,11814857414.2917
2026-01-27 00:00:00+00:00,88300.6,89499.0,87265.4,89197.8,10418692062.9808
2026-01-28 00:00:00+00:00,89197.8,90592.7,88786.0,89261.7,11091286350.5205
2026-01-29 00:00:00+00:00,89261.7,89316.8,83338.3,84604.7,19452002164.5236
2026-01-30 00:00:00+00:00,84604.7,84697.2,81000.0,84211.4,21126748812.4862
2026-01-31 00:00:00+00:00,84211.4,84239.5,75500.0,78706.8,21725315465.7822
2026-02-01 00:00:00+00:00,78706.7,79396.8,75644.0,76931.5,14530348059.777
2026-02-02 00:00:00+00:00,76931.6,79311.0,74555.0,78692.5,20033127365.0781
2026-02-03 00:00:00+00:00,78692.5,79163.0,72889.2,75732.4,23507272161.9743
2026-02-04 00:00:00+00:00,75732.4,76952.5,71838.0,73137.4,21772124047.9519
2026-02-05 00:00:00+00:00,73137.5,73316.3,62233.3,62868.1,45383453171.8165
2026-02-06 00:00:00+00:00,62868.1,71714.4,59800.0,70544.5,37147154675.9662
2026-02-07 00:00:00+00:00,70544.5,71690.0,67250.0,69254.2,18436859331.9978
2026-02-08 00:00:00+00:00,69254.3,72300.0,68843.7,70288.1,11477495028.2572
2026-02-09 00:00:00+00:00,70288.2,71434.9,68271.7,70110.5,15536232970.8153
2026-02-10 00:00:00+00:00,70110.6,70499.9,67883.0,68805.3,12702030089.136
2026-02-11 00:00:00+00:00,68805.3,69262.7,65718.5,67054.4,17245163504.0109
2026-02-12 00:00:00+00:00,67054.8,68385.0,65081.0,66243.1,13358290840.2903
2026-02-13 00:00:00+00:00,66243.2,69473.7,65833.9,68821.5,12411102395.2804
2026-02-14 00:00:00+00:00,68821.5,70557.7,68689.1,69795.4,7975934194.1541
2026-02-15 00:00:00+00:00,69795.4,70938.5,68029.6,68796.9,10503980127.9098
2026-02-16 00:00:00+00:00,68796.9,70110.9,67250.0,68862.5,10246352235.4022
2026-02-17 00:00:00+00:00,68862.6,69228.6,66588.0,67475.9,10110613783.2471
2026-02-18 00:00:00+00:00,67475.9,68438.0,65826.1,66422.8,11015902259.5555
2026-02-19 00:00:00+00:00,66422.8,67299.4,65595.7,66974.0,9812064348.1862
2026-02-20 00:00:00+00:00,66973.9,68283.7,66408.1,67979.3,15188111219.3469
2026-02-21 00:00:00+00:00,67979.3,68687.0,67488.9,67933.1,5962675788.0988
2026-02-22 00:00:00+00:00,67933.2,68220.0,67150.0,67613.5,5711913292.3926
2026-02-23 00:00:00+00:00,67613.6,67655.8,63860.0,64625.8,18105752523.7873
2026-02-24 00:00:00+00:00,64625.8,64980.0,62401.7,64031.3,14197862756.4856
2026-02-25 00:00:00+00:00,64031.4,69999.0,63876.0,67952.5,20064546495.4116
2026-02-26 00:00:00+00:00,67952.5,68850.0,66462.0,67448.2,12034418012.3577
2026-02-27 00:00:00+00:00,67448.1,68188.8,64875.6,65836.0,13676652433.9822
2026-02-28 00:00:00+00:00,65836.0,67735.0,62979.5,66937.1,16739946355.5953
2026-03-01 00:00:00+00:00,66937.0,68189.0,65011.0,65750.0,14595540041.5659
2026-03-02 00:00:00+00:00,65749.9,70100.0,65234.4,68801.8,18797402666.4924
2026-03-03 00:00:00+00:00,68801.8,69221.6,66080.0,68295.3,17427071396.1283
2026-03-04 00:00:00+00:00,68295.2,74046.5,67350.0,72641.4,25451510255.9959
2026-03-05 00:00:00+00:00,72641.4,73539.1,70612.8,70854.8,16281967883.7203
2026-03-06 00:00:00+00:00,70854.8,71387.5,67712.3,68083.0,14828774016.9754
2026-03-07 00:00:00+00:00,68083.0,68524.9,66850.1,67232.1,6406934226.6605
2026-03-08 00:00:00+00:00,67232.1,68171.6,65569.2,65934.3,10426897603.0972
2026-03-09 00:00:00+00:00,65934.3,69498.0,65770.5,68394.1,16143343325.2073
2026-03-10 00:00:00+00:00,68394.0,71748.1,68345.0,69901.9,18671992004.4249
2026-03-11 00:00:00+00:00,69901.8,71286.0,68932.9,70150.0,13717861932.2764
2026-03-12 00:00:00+00:00,70150.0,70756.5,69150.0,70480.1,13053987974.2205
2026-03-13 00:00:00+00:00,70480.1,73870.0,70342.7,70895.5,21593507872.2023
2026-03-14 00:00:00+00:00,70895.5,71272.3,70256.0,71174.4,5607440555.4348
2026-03-15 00:00:00+00:00,71174.4,73199.9,70815.7,72778.9,9080449373.0048
2026-03-16 00:00:00+00:00,72778.8,74880.0,72235.6,74846.4,19840157846.2003
2026-03-17 00:00:00+00:00,74846.4,75998.9,73330.3,73872.4,16237908572.5667
2026-03-18 00:00:00+00:00,73872.3,74633.0,70456.0,71202.9,16383639137.9523
2026-03-19 00:00:00+00:00,71202.9,71598.3,68750.0,69887.4,15294450396.1898
2026-03-20 00:00:00+00:00,69887.4,71342.2,69350.0,70472.7,13081138829.4624
2026-03-21 00:00:00+00:00,70472.6,71077.7,68511.3,68881.5,5205605275.9253
2026-03-22 00:00:00+00:00,68881.5,69555.8,67300.0,67830.6,9248443589.3247
2026-03-23 00:00:00+00:00,67830.7,71789.8,67400.1,70865.9,20370260333.7558
2026-03-24 00:00:00+00:00,70866.0,71377.5,68884.5,70523.9,13772645263.8223
2026-03-25 00:00:00+00:00,70524.0,71999.9,70375.0,71297.5,11849218843.5443
2026-03-26 00:00:00+00:00,71297.5,71408.1,68115.8,68788.0,12951042505.3498
2026-03-27 00:00:00+00:00,68788.1,69142.7,65501.0,66364.2,14210587774.4208
2026-03-28 00:00:00+00:00,66364.1,67284.0,65888.0,66334.8,5950578006.8388
2026-03-29 00:00:00+00:00,66334.8,67100.0,64918.2,65977.9,7312091384.9466
2026-03-30 00:00:00+00:00,65978.0,68148.4,65754.2,66764.4,12563731418.2445
2026-03-31 00:00:00+00:00,66764.4,68600.0,65938.0,68241.5,16388241988.4435
2026-04-01 00:00:00+00:00,68241.4,69288.0,67534.9,68086.5,10762216842.0174
2026-04-02 00:00:00+00:00,68086.4,68639.1,65676.1,66868.5,12579517168.5344
2026-04-03 00:00:00+00:00,66868.6,67350.0,66240.0,66930.0,5293680077.2063
2026-04-04 00:00:00+00:00,66930.0,67554.5,66745.5,67271.0,3410098603.0277
2026-04-05 00:00:00+00:00,67271.1,69108.0,66575.5,68997.9,7083232336.5034
2026-04-06 00:00:00+00:00,68997.9,70332.5,68227.5,68817.9,11569303168.5605
2026-04-07 00:00:00+00:00,68817.9,72743.4,67711.0,71890.2,16182279542.8739
2026-04-08 00:00:00+00:00,71890.2,72858.5,70671.6,71038.1,13133483725.5291
2026-04-09 00:00:00+00:00,71038.2,73128.0,70428.0,71750.4,12590015134.5603
2026-04-10 00:00:00+00:00,71750.4,73450.0,71382.1,72917.4,11339768854.1431
2026-04-11 00:00:00+00:00,72917.4,73773.4,72451.9,73013.4,5853687218.5443
2026-04-12 00:00:00+00:00,73013.4,73094.4,70458.2,70711.1,9619397053.2532
2026-04-13 00:00:00+00:00,70711.2,74870.0,70517.3,74385.0,15429798791.7153
2026-04-14 00:00:00+00:00,74384.9,76009.0,73766.8,74106.9,13694374804.034
2026-04-15 00:00:00+00:00,74106.9,75425.6,73449.0,74776.2,9730355811.3352
2026-04-16 00:00:00+00:00,74776.3,75500.0,73256.8,75106.8,11801394012.9651
2026-04-17 00:00:00+00:00,75106.8,78300.0,74480.0,77030.6,18324625150.3757
2026-04-18 00:00:00+00:00,77030.6,77380.0,75395.9,75653.8,8076569348.8235
2026-04-19 00:00:00+00:00,75653.8,76200.0,73700.2,73758.4,9683836062.9599
2026-04-20 00:00:00+00:00,73758.4,76531.0,73669.0,75790.1,12510062747.3712
2026-04-21 00:00:00+00:00,75790.1,76999.0,74777.9,76288.2,12500416813.7038
2026-04-22 00:00:00+00:00,76288.3,79444.0,76078.6,78139.8,14938373139.3461
2026-04-23 00:00:00+00:00,78139.7,78648.0,76504.6,78216.8,13417395909.757
2026-04-24 00:00:00+00:00,78217.4,78546.0,77206.8,77395.4,9945529700.8213
2026-04-25 00:00:00+00:00,77395.3,77847.0,77100.0,77585.0,3610097135.4857
2026-04-26 00:00:00+00:00,77585.0,78994.8,77280.0,78613.5,6242573929.5112
2026-04-27 00:00:00+00:00,78614.4,79455.0,76400.0,77331.2,13145988361.7206
2026-04-28 00:00:00+00:00,77331.2,77450.0,75635.6,76298.1,7940395434.4344
2026-04-29 00:00:00+00:00,76298.2,77873.2,74868.0,75749.9,14249560003.828
2026-04-30 00:00:00+00:00,75749.9,76630.3,75273.5,76305.4,7592288630.2618
2026-05-01 00:00:00+00:00,76305.4,78879.9,76265.4,78192.0,11910926993.1926
2026-05-02 00:00:00+00:00,78191.9,79145.0,77979.3,78652.9,4033520631.7541
2026-05-03 00:00:00+00:00,78652.8,79428.9,78027.0,78529.0,5665696047.9264
2026-05-04 00:00:00+00:00,78529.0,80771.7,78128.3,79826.1,22352471036.6139
2026-05-05 00:00:00+00:00,79826.1,81745.4,79761.2,80861.9,13859497343.3122
2026-05-06 00:00:00+00:00,80861.9,82828.7,80651.2,81390.1,12927894460.9271
2026-05-07 00:00:00+00:00,81390.0,81680.6,79461.5,79969.4,10847675002.3061
2026-05-08 00:00:00+00:00,79969.5,80478.0,79137.4,80155.2,8526573357.1195
2026-05-09 00:00:00+00:00,80155.2,81043.2,80080.0,80634.0,4503617575.0946
2026-05-10 00:00:00+00:00,80634.0,82460.5,80225.1,82177.7,7710867902.2652
2026-05-11 00:00:00+00:00,82177.7,82350.0,80394.0,81699.1,9914471000.5156
2026-05-12 00:00:00+00:00,81699.1,81757.3,79801.0,80461.0,9789139740.0945
2026-05-13 00:00:00+00:00,80461.0,81270.2,78713.8,79288.3,11167790014.5136
2026-05-14 00:00:00+00:00,79288.2,81999.0,78869.4,81048.9,14166202818.0762
2026-05-15 00:00:00+00:00,81048.8,81623.8,78610.0,79074.0,12292172672.2623
2026-05-16 00:00:00+00:00,79074.0,79199.7,77601.8,78104.2,6745204001.3567
2026-05-17 00:00:00+00:00,78104.3,78564.3,76666.0,77430.4,6712948169.9698
2026-05-18 00:00:00+00:00,77430.4,77757.5,76014.2,76963.2,13699664123.4151
2026-05-19 00:00:00+00:00,76963.2,77384.6,76107.1,76799.9,7603377917.7864
2026-05-20 00:00:00+00:00,76800.0,77825.8,76485.0,77510.3,8314023123.8036
2026-05-21 00:00:00+00:00,77510.3,78180.0,76696.7,77586.2,9079126567.9011
2026-05-22 00:00:00+00:00,77586.3,77862.7,75322.0,75513.1,8909928951.1865
2026-05-23 00:00:00+00:00,75513.1,77427.0,74203.6,76715.2,11619846136.9379
2026-05-24 00:00:00+00:00,76715.3,77600.0,76056.0,77030.3,6995184441.0506
2026-05-25 00:00:00+00:00,77030.3,77887.9,76871.4,77281.5,5935318058.4616
2026-05-26 00:00:00+00:00,77281.5,78077.1,75641.2,75905.5,12654056290.2857
2026-05-27 00:00:00+00:00,75905.6,76155.5,74210.0,74418.1,10884781930.5444
2026-05-28 00:00:00+00:00,74418.0,74565.3,72556.0,73591.4,13158313710.1554
2026-05-29 00:00:00+00:00,73591.4,74293.1,72436.0,73428.2,10744239263.3423
2026-05-30 00:00:00+00:00,73428.2,74108.8,73130.1,73856.8,3872898602.558
2026-05-31 00:00:00+00:00,73856.9,74250.0,73340.7,73653.2,4298158210.9843
