time,open,high,low,close,volume
2020-07-10 00:00:00+00:00,0.003989,0.003989,0.00334,0.003535,27852027.907311
2020-07-11 00:00:00+00:00,0.003535,0.00396,0.003411,0.003812,22740437.240251
2020-07-12 00:00:00+00:00,0.00381,0.003861,0.003573,0.003648,10502299.177602
2020-07-13 00:00:00+00:00,0.003647,0.00366,0.002942,0.003159,25473364.711217
2020-07-14 00:00:00+00:00,0.003159,0.003401,0.003014,0.003293,15959890.23422
2020-07-15 00:00:00+00:00,0.003293,0.003293,0.003046,0.003088,9759906.154239
2020-07-16 00:00:00+00:00,0.003089,0.003093,0.00287,0.002985,9535187.348905
2020-07-17 00:00:00+00:00,0.002985,0.003095,0.002912,0.003057,9744076.336817
2020-07-18 00:00:00+00:00,0.003058,0.003678,0.003013,0.003436,46528269.762695
2020-07-19 00:00:00+00:00,0.003437,0.003779,0.003301,0.003385,25311733.439749
2020-07-20 00:00:00+00:00,0.003386,0.003432,0.003125,0.003216,10948310.95846
2020-07-21 00:00:00+00:00,0.003215,0.003321,0.00318,0.003302,8529437.698051
2020-07-22 00:00:00+00:00,0.003303,0.003314,0.003203,0.003292,4615803.028801
2020-07-23 00:00:00+00:00,0.003294,0.003349,0.003265,0.003307,5526691.788143
2020-07-24 00:00:00+00:00,0.003307,0.003314,0.003131,0.003213,6290572.085254
2020-07-25 00:00:00+00:00,0.003213,0.00333,0.00318,0.003261,5930589.909477
2020-07-26 00:00:00+00:00,0.00326,0.003297,0.003186,0.003239,5516807.064219
2020-07-27 00:00:00+00:00,0.00324,0.003253,0.002999,0.003162,8648116.894403
2020-07-28 00:00:00+00:00,0.003163,0.003233,0.003125,0.003189,4132661.652034
2020-07-29 00:00:00+00:00,0.00319,0.003306,0.003165,0.003173,6155296.82016
2020-07-30 00:00:00+00:00,0.003172,0.003245,0.003135,0.003228,4435378.988175
2020-07-31 00:00:00+00:00,0.003228,0.003242,0.003175,0.00323,3529025.017237
2020-08-01 00:00:00+00:00,0.00323,0.003872,0.003207,0.003715,37170612.133866
2020-08-02 00:00:00+00:00,0.003717,0.003798,0.003061,0.00334,18146307.064724
2020-08-03 00:00:00+00:00,0.00334,0.003446,0.003311,0.003384,7491071.282724
2020-08-04 00:00:00+00:00,0.003384,0.003581,0.003363,0.003552,16678623.016552
2020-08-05 00:00:00+00:00,0.003553,0.003595,0.003443,0.003506,8150926.455789
2020-08-06 00:00:00+00:00,0.003506,0.003656,0.00345,0.003562,9935964.144303
2020-08-07 00:00:00+00:00,0.003562,0.003621,0.003347,0.003496,7669864.353271
2020-08-08 00:00:00+00:00,0.003495,0.003524,0.003392,0.003524,3748655.406265
2020-08-09 00:00:00+00:00,0.003523,0.003538,0.003411,0.003471,3671236.819017
2020-08-10 00:00:00+00:00,0.003471,0.003565,0.003382,0.003505,6881578.28453
2020-08-11 00:00:00+00:00,0.003503,0.003588,0.003318,0.003397,7571935.439534
2020-08-12 00:00:00+00:00,0.003396,0.003506,0.003311,0.003468,5266088.796788
2020-08-13 00:00:00+00:00,0.003467,0.003526,0.003333,0.003491,6505751.243293
2020-08-14 00:00:00+00:00,0.003492,0.003606,0.003434,0.003579,6961788.878596
2020-08-15 00:00:00+00:00,0.003576,0.003637,0.003478,0.003541,8752214.289325
2020-08-16 00:00:00+00:00,0.00354,0.003567,0.003437,0.003535,4490847.829102
2020-08-17 00:00:00+00:00,0.003534,0.00374,0.0035,0.003589,10284808.371257
2020-08-18 00:00:00+00:00,0.00359,0.00373,0.003442,0.003476,7417696.260614
2020-08-19 00:00:00+00:00,0.003474,0.003543,0.003325,0.003418,6830507.292352
2020-08-20 00:00:00+00:00,0.003419,0.003509,0.00337,0.003447,3268076.569335
2020-08-21 00:00:00+00:00,0.003447,0.003577,0.003346,0.003379,7389939.087736
2020-08-22 00:00:00+00:00,0.00338,0.003457,0.003319,0.003434,4172044.430038
2020-08-23 00:00:00+00:00,0.003433,0.003462,0.003362,0.003398,3993826.621551
2020-08-24 00:00:00+00:00,0.003398,0.003478,0.003372,0.00341,5284956.011753
2020-08-25 00:00:00+00:00,0.00341,0.003423,0.003206,0.003289,6862073.940921
2020-08-26 00:00:00+00:00,0.003289,0.00338,0.003225,0.003285,5488422.561386
2020-08-27 00:00:00+00:00,0.003285,0.003306,0.003127,0.003195,4106217.837548
2020-08-28 00:00:00+00:00,0.003196,0.003266,0.003163,0.003255,1331728.764067
2020-08-29 00:00:00+00:00,0.003258,0.003291,0.003228,0.003273,1384218.135812
2020-08-30 00:00:00+00:00,0.003272,0.003348,0.003262,0.003298,2406666.798432
2020-08-31 00:00:00+00:00,0.003298,0.003306,0.003184,0.00321,2595412.06276
2020-09-01 00:00:00+00:00,0.00321,0.00328,0.003166,0.003242,3261128.408051
2020-09-02 00:00:00+00:00,0.003242,0.003267,0.002978,0.003117,3764441.427565
2020-09-03 00:00:00+00:00,0.003117,0.003126,0.002693,0.00276,5177014.206844
2020-09-04 00:00:00+00:00,0.002757,0.00296,0.002691,0.002877,5335815.619947
2020-09-05 00:00:00+00:00,0.002877,0.002921,0.002682,0.00276,5404317.69581
2020-09-06 00:00:00+00:00,0.00276,0.002804,0.00267,0.002779,4199283.874449
2020-09-07 00:00:00+00:00,0.002779,0.002835,0.002685,0.002816,3757856.832787
2020-09-08 00:00:00+00:00,0.002816,0.002838,0.002662,0.002745,3245126.23933
2020-09-09 00:00:00+00:00,0.002745,0.002805,0.002687,0.002778,1684097.244098
2020-09-10 00:00:00+00:00,0.002779,0.002845,0.00275,0.002802,2386721.985829
2020-09-11 00:00:00+00:00,0.002804,0.002814,0.002731,0.002796,2607465.663158
2020-09-12 00:00:00+00:00,0.002795,0.00283,0.002755,0.002815,1820208.016775
2020-09-13 00:00:00+00:00,0.002815,0.002818,0.002733,0.002787,2338698.201932
2020-09-14 00:00:00+00:00,0.002788,0.002811,0.002732,0.002788,2426181.035608
2020-09-15 00:00:00+00:00,0.002787,0.002872,0.002756,0.002829,3772620.815426
2020-09-16 00:00:00+00:00,0.002828,0.002854,0.002766,0.002809,3325788.774742
2020-09-17 00:00:00+00:00,0.002808,0.002859,0.002762,0.002805,2519033.456602
2020-09-18 00:00:00+00:00,0.002804,0.002819,0.002744,0.002788,1693374.05524
2020-09-19 00:00:00+00:00,0.002788,0.002808,0.002765,0.002793,1679540.851711
2020-09-20 00:00:00+00:00,0.002791,0.002803,0.00272,0.002775,2104026.228432
2020-09-21 00:00:00+00:00,0.002776,0.0028,0.002554,0.002593,5172212.161887
2020-09-22 00:00:00+00:00,0.002592,0.00266,0.002575,0.002641,1858994.678097
2020-09-23 00:00:00+00:00,0.002639,0.002646,0.002526,0.00254,2522142.505078
2020-09-24 00:00:00+00:00,0.002539,0.002659,0.00252,0.00263,3182983.816636
2020-09-25 00:00:00+00:00,0.002629,0.002709,0.002611,0.002689,3575821.846046
2020-09-26 00:00:00+00:00,0.002692,0.002761,0.002665,0.002696,1645586.226213
2020-09-27 00:00:00+00:00,0.002695,0.00273,0.002654,0.002696,1370946.561241
2020-09-28 00:00:00+00:00,0.002696,0.002737,0.002609,0.002645,1743503.474016
2020-09-29 00:00:00+00:00,0.002644,0.002706,0.002628,0.002673,1879309.140482
2020-09-30 00:00:00+00:00,0.002674,0.002678,0.002613,0.002633,1534666.300376
2020-10-01 00:00:00+00:00,0.002633,0.002683,0.00255,0.002627,2293031.209373
2020-10-02 00:00:00+00:00,0.002626,0.002627,0.002525,0.002589,3045221.483683
2020-10-03 00:00:00+00:00,0.00259,0.002629,0.002574,0.002589,984845.171138
2020-10-04 00:00:00+00:00,0.002588,0.002678,0.002583,0.002635,1403714.537901
2020-10-05 00:00:00+00:00,0.002635,0.002656,0.002597,0.002611,999541.465832
2020-10-06 00:00:00+00:00,0.002612,0.00263,0.00256,0.002598,2204898.942557
2020-10-07 00:00:00+00:00,0.002597,0.002609,0.002551,0.00259,2958570.495149
2020-10-08 00:00:00+00:00,0.00259,0.002633,0.002538,0.002603,4032500.339964
2020-10-09 00:00:00+00:00,0.002603,0.002672,0.002585,0.002651,2763702.643228
2020-10-10 00:00:00+00:00,0.002651,0.00272,0.002645,0.002662,2856512.894537
2020-10-11 00:00:00+00:00,0.00266,0.002707,0.002647,0.002671,2524918.020157
2020-10-12 00:00:00+00:00,0.002672,0.002711,0.002626,0.002665,2484460.122041
2020-10-13 00:00:00+00:00,0.002664,0.002675,0.00263,0.00264,2511650.16145
2020-10-14 00:00:00+00:00,0.00264,0.002657,0.002612,0.002636,1767818.75796
2020-10-15 00:00:00+00:00,0.002636,0.002639,0.002566,0.002593,1796442.886266
2020-10-16 00:00:00+00:00,0.002593,0.002618,0.00255,0.002603,2867154.455818
2020-10-17 00:00:00+00:00,0.002603,0.002605,0.00257,0.002587,1668072.183974
2020-10-18 00:00:00+00:00,0.002587,0.002607,0.002581,0.002588,4928388.627095
2020-10-19 00:00:00+00:00,0.002588,0.002621,0.00257,0.002593,6259756.522185
2020-10-20 00:00:00+00:00,0.002593,0.002622,0.00258,0.002594,2055338.512533
2020-10-21 00:00:00+00:00,0.002594,0.002665,0.002594,0.002627,2920249.065123
2020-10-22 00:00:00+00:00,0.002626,0.002698,0.002624,0.002649,2069459.886613
2020-10-23 00:00:00+00:00,0.002649,0.002691,0.002623,0.002645,2066895.903225
2020-10-24 00:00:00+00:00,0.002645,0.002645,0.002609,0.002638,1084445.045036
2020-10-25 00:00:00+00:00,0.002639,0.002674,0.002619,0.002653,1750783.397345
2020-10-26 00:00:00+00:00,0.002653,0.002912,0.002629,0.002669,12416824.452288
2020-10-27 00:00:00+00:00,0.002669,0.002708,0.002612,0.002671,3019599.593633
2020-10-28 00:00:00+00:00,0.002671,0.002695,0.002561,0.002582,3965411.97552
2020-10-29 00:00:00+00:00,0.002582,0.002613,0.002506,0.002576,2095501.097073
2020-10-30 00:00:00+00:00,0.002576,0.002596,0.002503,0.002583,3664705.959449
2020-10-31 00:00:00+00:00,0.002584,0.002602,0.002551,0.002568,1849467.329773
2020-11-01 00:00:00+00:00,0.002568,0.002588,0.002552,0.002575,2102483.02208
2020-11-02 00:00:00+00:00,0.002574,0.00259,0.002508,0.002514,3286865.467062
2020-11-03 00:00:00+00:00,0.002513,0.002526,0.002455,0.002519,1886737.884679
2020-11-04 00:00:00+00:00,0.002518,0.002559,0.002484,0.002541,3354781.42462
2020-11-05 00:00:00+00:00,0.002541,0.002673,0.002541,0.002635,2858953.376625
2020-11-06 00:00:00+00:00,0.002635,0.002821,0.00263,0.002759,7763395.893352
2020-11-07 00:00:00+00:00,0.002759,0.002833,0.002601,0.002666,8154176.89767
2020-11-08 00:00:00+00:00,0.002667,0.002742,0.002645,0.002705,2688183.9431
2020-11-09 00:00:00+00:00,0.002705,0.002792,0.002661,0.002674,3226300.024834
2020-11-10 00:00:00+00:00,0.002674,0.002894,0.002656,0.002761,5179570.510217
2020-11-11 00:00:00+00:00,0.002762,0.002871,0.00274,0.002757,3662919.449056
2020-11-12 00:00:00+00:00,0.002756,0.002806,0.002718,0.002779,1702549.252957
2020-11-13 00:00:00+00:00,0.002779,0.002854,0.002769,0.002817,2645397.836577
2020-11-14 00:00:00+00:00,0.002818,0.002828,0.002708,0.002776,2487763.720293
2020-11-15 00:00:00+00:00,0.002776,0.002821,0.002723,0.002776,2888270.826729
2020-11-16 00:00:00+00:00,0.002775,0.00305,0.002756,0.002897,12114992.977834
2020-11-17 00:00:00+00:00,0.002898,0.003023,0.002887,0.002947,7977737.487782
2020-11-18 00:00:00+00:00,0.002948,0.003029,0.002813,0.002911,8739287.411011
2020-11-19 00:00:00+00:00,0.002911,0.002982,0.002858,0.002916,5599892.520863
2020-11-20 00:00:00+00:00,0.002915,0.003032,0.002906,0.002998,6964886.745355
2020-11-21 00:00:00+00:00,0.002998,0.00362,0.002988,0.003522,31959342.403124
2020-11-22 00:00:00+00:00,0.003523,0.003715,0.003147,0.003344,22335524.450911
2020-11-23 00:00:00+00:00,0.003344,0.003706,0.003228,0.00369,17204919.834132
2020-11-24 00:00:00+00:00,0.003689,0.004304,0.003533,0.004273,52907033.496414
2020-11-25 00:00:00+00:00,0.004271,0.004319,0.003579,0.003722,28263384.300752
2020-11-26 00:00:00+00:00,0.003723,0.003808,0.002943,0.003254,27073613.464549
2020-11-27 00:00:00+00:00,0.003255,0.003362,0.00308,0.003278,7469171.137264
2020-11-28 00:00:00+00:00,0.003277,0.003488,0.003235,0.003395,6539402.283124
2020-11-29 00:00:00+00:00,0.003395,0.00353,0.003339,0.003443,3463836.115402
2020-11-30 00:00:00+00:00,0.003444,0.0036,0.003387,0.003568,6420175.655032
2020-12-01 00:00:00+00:00,0.003566,0.003593,0.003247,0.003325,7285052.449714
2020-12-02 00:00:00+00:00,0.003324,0.003439,0.003267,0.003363,3980273.69225
2020-12-03 00:00:00+00:00,0.003362,0.003523,0.003339,0.003424,5336228.951839
2020-12-04 00:00:00+00:00,0.003423,0.003444,0.003265,0.003287,4319028.344529
2020-12-05 00:00:00+00:00,0.003286,0.003417,0.003245,0.003398,2679607.1863
2020-12-06 00:00:00+00:00,0.003398,0.003448,0.003343,0.003391,1919014.114325
2020-12-07 00:00:00+00:00,0.003391,0.003406,0.003303,0.003341,1438975.392329
2020-12-08 00:00:00+00:00,0.00334,0.003364,0.003107,0.003176,3501697.643574
2020-12-09 00:00:00+00:00,0.003176,0.003185,0.003003,0.00315,3176526.591631
2020-12-10 00:00:00+00:00,0.003151,0.003171,0.003057,0.003096,1634447.012618
2020-12-11 00:00:00+00:00,0.0031,0.003107,0.003,0.003069,2907182.277914
2020-12-12 00:00:00+00:00,0.00307,0.003189,0.003066,0.003153,2388628.09662
2020-12-13 00:00:00+00:00,0.003154,0.003275,0.003142,0.00326,3217500.368997
2020-12-14 00:00:00+00:00,0.00326,0.003283,0.00319,0.003224,2181331.909351
2020-12-15 00:00:00+00:00,0.003225,0.003256,0.003166,0.003206,2195315.964283
2020-12-16 00:00:00+00:00,0.003207,0.003434,0.003175,0.003422,6334887.345785
2020-12-17 00:00:00+00:00,0.003422,0.004139,0.003403,0.003732,29957454.10379
2020-12-18 00:00:00+00:00,0.003728,0.004006,0.0036,0.003866,12882877.233833
2020-12-19 00:00:00+00:00,0.003867,0.00405,0.003798,0.00393,10044054.478287
2020-12-20 00:00:00+00:00,0.003927,0.004756,0.003817,0.004642,72395805.817818
2020-12-21 00:00:00+00:00,0.004641,0.005445,0.0043,0.004778,91885962.574239
2020-12-22 00:00:00+00:00,0.004777,0.004846,0.004329,0.004521,29287562.23919
2020-12-23 00:00:00+00:00,0.004525,0.004775,0.003581,0.003755,24571234.957638
2020-12-24 00:00:00+00:00,0.003756,0.004599,0.003658,0.004575,18715860.688418
2020-12-25 00:00:00+00:00,0.004579,0.004642,0.004367,0.004565,17227654.256493
2020-12-26 00:00:00+00:00,0.004565,0.004673,0.004401,0.004519,13973177.724547
2020-12-27 00:00:00+00:00,0.004519,0.004841,0.004387,0.004554,18691269.214078
2020-12-28 00:00:00+00:00,0.004551,0.004744,0.004495,0.004609,10710222.327888
2020-12-29 00:00:00+00:00,0.004608,0.004644,0.00424,0.004498,10814294.452048
2020-12-30 00:00:00+00:00,0.004502,0.004752,0.004438,0.004635,9464873.506321
2020-12-31 00:00:00+00:00,0.004638,0.004775,0.004522,0.004678,8319117.943345
2021-01-01 00:00:00+00:00,0.004679,0.00569,0.004617,0.00568,23460125.460313
2021-01-02 00:00:00+00:00,0.00568,0.014076,0.00555,0.010542,909020979.933275
2021-01-03 00:00:00+00:00,0.010543,0.014,0.009331,0.009877,676762352.617866
2021-01-04 00:00:00+00:00,0.009878,0.011554,0.0077,0.009796,253660279.317062
2021-01-05 00:00:00+00:00,0.009796,0.010345,0.008848,0.01,94740845.877904
2021-01-06 00:00:00+00:00,0.009994,0.011077,0.009533,0.010468,95398129.02656
2021-01-07 00:00:00+00:00,0.010468,0.010634,0.008908,0.009767,50633857.364843
2021-01-08 00:00:00+00:00,0.009775,0.010353,0.008767,0.009755,45219640.528681
2021-01-09 00:00:00+00:00,0.009758,0.010809,0.00966,0.010202,50242413.630711
2021-01-10 00:00:00+00:00,0.010205,0.010981,0.009,0.009841,52015339.310729
2021-01-11 00:00:00+00:00,0.009842,0.00989,0.00666,0.008801,66322227.675188
2021-01-12 00:00:00+00:00,0.0088,0.009154,0.007825,0.008067,31968969.199271
2021-01-13 00:00:00+00:00,0.008063,0.008686,0.007729,0.008675,21193161.204937
2021-01-14 00:00:00+00:00,0.008671,0.010109,0.008328,0.009419,49897142.597267
2021-01-15 00:00:00+00:00,0.009421,0.009899,0.008308,0.00937,44669938.881464
2021-01-16 00:00:00+00:00,0.00937,0.0096,0.009069,0.009245,21711887.217541
2021-01-17 00:00:00+00:00,0.009241,0.009438,0.008764,0.00912,22637381.905682
2021-01-18 00:00:00+00:00,0.009116,0.009366,0.00893,0.009197,17191208.909995
2021-01-19 00:00:00+00:00,0.009196,0.009688,0.008926,0.009048,24904262.297903
2021-01-20 00:00:00+00:00,0.009055,0.009179,0.008501,0.00907,19136029.462089
2021-01-21 00:00:00+00:00,0.009079,0.009124,0.008,0.008148,19075129.597807
2021-01-22 00:00:00+00:00,0.008149,0.008765,0.007527,0.00852,19755979.054788
2021-01-23 00:00:00+00:00,0.008511,0.00881,0.008351,0.008586,13323707.053632
2021-01-24 00:00:00+00:00,0.008587,0.008982,0.008485,0.008724,14922214.09151
2021-01-25 00:00:00+00:00,0.008722,0.008901,0.008178,0.008355,15395659.113946
2021-01-26 00:00:00+00:00,0.008354,0.008472,0.007933,0.008234,11139475.448659
2021-01-27 00:00:00+00:00,0.008228,0.008237,0.007235,0.007416,17499197.098183
2021-01-28 00:00:00+00:00,0.007414,0.038,0.00727,0.036324,3118898156.708398
2021-01-29 00:00:00+00:00,0.036367,0.0887,0.0315,0.045883,6087730361.178434
2021-01-30 00:00:00+00:00,0.045873,0.050646,0.022147,0.02799,1999784448.62402
2021-01-31 00:00:00+00:00,0.02799,0.047891,0.026516,0.036885,1447946010.292546
2021-02-01 00:00:00+00:00,0.036868,0.043949,0.03265,0.034835,876013760.296476
2021-02-02 00:00:00+00:00,0.034837,0.035382,0.028768,0.031357,368152255.670911
2021-02-03 00:00:00+00:00,0.031366,0.039878,0.031065,0.03736,429107676.919648
2021-02-04 00:00:00+00:00,0.03736,0.061316,0.035955,0.052782,2583071107.453231
2021-02-05 00:00:00+00:00,0.052781,0.054279,0.0432,0.04683,751309780.722023
2021-02-06 00:00:00+00:00,0.046857,0.059119,0.043959,0.057716,878181604.71627
2021-02-07 00:00:00+00:00,0.057716,0.08781,0.05274,0.07803,2663381745.746014
2021-02-08 00:00:00+00:00,0.07803,0.086134,0.063154,0.079054,2136033168.372039
2021-02-09 00:00:00+00:00,0.079053,0.084614,0.063647,0.070186,1250812955.478011
2021-02-10 00:00:00+00:00,0.070194,0.082722,0.065,0.072645,1043057988.4744
2021-02-11 00:00:00+00:00,0.072645,0.0759,0.068133,0.069763,436430616.197035
2021-02-12 00:00:00+00:00,0.06974,0.073498,0.061374,0.069928,487344613.771201
2021-02-13 00:00:00+00:00,0.069935,0.072183,0.065748,0.066373,262484823.758558
2021-02-14 00:00:00+00:00,0.066363,0.066764,0.0556,0.062711,565821919.357306
2021-02-15 00:00:00+00:00,0.062711,0.0644,0.046005,0.056511,722909754.747756
2021-02-16 00:00:00+00:00,0.056514,0.059981,0.050653,0.053591,365936735.225089
2021-02-17 00:00:00+00:00,0.053598,0.05528,0.047825,0.049527,284474001.281136
2021-02-18 00:00:00+00:00,0.049527,0.064735,0.049046,0.058838,716000516.862115
2021-02-19 00:00:00+00:00,0.058828,0.059839,0.054,0.05519,311776289.04704
2021-02-20 00:00:00+00:00,0.055172,0.061578,0.050264,0.054153,428385094.087772
2021-02-21 00:00:00+00:00,0.054154,0.05985,0.05325,0.056063,296092279.062476
2021-02-22 00:00:00+00:00,0.05609,0.061123,0.045,0.053657,436078635.494503
2021-02-23 00:00:00+00:00,0.053635,0.053913,0.04139,0.04768,303359536.733159
2021-02-24 00:00:00+00:00,0.04768,0.060384,0.045925,0.056731,541928941.113274
2021-02-25 00:00:00+00:00,0.056747,0.058097,0.049294,0.049879,255428776.518794
2021-02-26 00:00:00+00:00,0.04988,0.05255,0.048416,0.050426,175892509.36542
2021-02-27 00:00:00+00:00,0.050444,0.052263,0.049067,0.050115,114484144.469875
2021-02-28 00:00:00+00:00,0.050099,0.050286,0.0446,0.048171,124145328.164719
2021-03-01 00:00:00+00:00,0.048147,0.052958,0.047883,0.050613,133204545.016582
2021-03-02 00:00:00+00:00,0.050615,0.052463,0.049104,0.050227,97645582.473921
2021-03-03 00:00:00+00:00,0.050225,0.052298,0.049778,0.050425,90175011.14302
2021-03-04 00:00:00+00:00,0.050429,0.051227,0.04752,0.049999,89877033.207227
2021-03-05 00:00:00+00:00,0.049999,0.051122,0.048,0.04953,84446200.255058
2021-03-06 00:00:00+00:00,0.049524,0.052759,0.049037,0.05093,151468602.065482
2021-03-07 00:00:00+00:00,0.050949,0.052735,0.0504,0.052056,73649430.148238
2021-03-08 00:00:00+00:00,0.05208,0.06324,0.05165,0.063076,390142653.199995
2021-03-09 00:00:00+00:00,0.063041,0.06317,0.05604,0.058013,197699354.946717
2021-03-10 00:00:00+00:00,0.058013,0.058889,0.054396,0.055951,128241033.630552
2021-03-11 00:00:00+00:00,0.05594,0.057093,0.054328,0.056056,98449847.574981
2021-03-12 00:00:00+00:00,0.056051,0.057162,0.054103,0.055367,90907640.162885
2021-03-13 00:00:00+00:00,0.055363,0.063079,0.054768,0.062816,211896317.954252
2021-03-14 00:00:00+00:00,0.062822,0.064,0.058168,0.058168,275728162.962155
2021-03-15 00:00:00+00:00,0.058168,0.059973,0.054975,0.05708,146618592.548077
2021-03-16 00:00:00+00:00,0.057047,0.059211,0.05535,0.058765,104895859.546104
2021-03-17 00:00:00+00:00,0.058766,0.059111,0.056585,0.05799,66114243.263247
2021-03-18 00:00:00+00:00,0.058003,0.059443,0.05703,0.057427,82914281.21756
2021-03-19 00:00:00+00:00,0.057416,0.05998,0.05641,0.058323,104619691.65102
2021-03-20 00:00:00+00:00,0.058343,0.060729,0.058045,0.058961,105486325.370465
2021-03-21 00:00:00+00:00,0.058961,0.059693,0.056718,0.05758,73785063.528457
2021-03-22 00:00:00+00:00,0.05758,0.058079,0.05431,0.054912,78488931.184226
2021-03-23 00:00:00+00:00,0.054919,0.056203,0.052489,0.053431,86095705.967145
2021-03-24 00:00:00+00:00,0.053452,0.056737,0.050628,0.051532,113099932.278969
2021-03-25 00:00:00+00:00,0.051503,0.052505,0.049594,0.051311,89315912.706158
2021-03-26 00:00:00+00:00,0.05131,0.054088,0.05128,0.053992,48077386.78192
2021-03-27 00:00:00+00:00,0.053969,0.055532,0.053462,0.054474,63742836.782524
2021-03-28 00:00:00+00:00,0.054471,0.054983,0.053041,0.053726,42377280.960546
2021-03-29 00:00:00+00:00,0.053726,0.054772,0.05328,0.054191,50939339.290913
2021-03-30 00:00:00+00:00,0.05418,0.055751,0.053801,0.054096,80859712.059285
2021-03-31 00:00:00+00:00,0.054107,0.054633,0.051495,0.053814,70200828.499584
2021-04-01 00:00:00+00:00,0.053828,0.07045,0.053716,0.062151,1253014151.647973
2021-04-02 00:00:00+00:00,0.062155,0.062937,0.057322,0.057769,183305889.664928
2021-04-03 00:00:00+00:00,0.057772,0.059745,0.055539,0.055574,123132778.624182
2021-04-04 00:00:00+00:00,0.05556,0.058308,0.0551,0.057457,84780240.06732
2021-04-05 00:00:00+00:00,0.057473,0.060916,0.056309,0.060085,173429655.346187
2021-04-06 00:00:00+00:00,0.060082,0.065591,0.058023,0.06445,332834261.387741
2021-04-07 00:00:00+00:00,0.064448,0.067555,0.057037,0.058838,316018061.665039
2021-04-08 00:00:00+00:00,0.058833,0.062408,0.058694,0.06188,112451126.384309
2021-04-09 00:00:00+00:00,0.061881,0.064371,0.060594,0.0617,169318509.74996
2021-04-10 00:00:00+00:00,0.061704,0.065454,0.061078,0.06379,196669406.628926
2021-04-11 00:00:00+00:00,0.06382,0.080221,0.063541,0.074548,1230172057.725391
2021-04-12 00:00:00+00:00,0.074551,0.075672,0.068847,0.070802,322202553.320709
2021-04-13 00:00:00+00:00,0.070801,0.096607,0.070792,0.094752,1354160243.203189
2021-04-14 00:00:00+00:00,0.094744,0.145678,0.092521,0.121712,5750949447.761896
2021-04-15 00:00:00+00:00,0.121715,0.191163,0.1201,0.181654,4565072775.667006
2021-04-16 00:00:00+00:00,0.181646,0.459535,0.178591,0.365462,20377998780.374283
2021-04-17 00:00:00+00:00,0.365462,0.381853,0.234656,0.282716,8672532454.70059
2021-04-18 00:00:00+00:00,0.282732,0.352159,0.231307,0.322905,6762260375.867345
2021-04-19 00:00:00+00:00,0.322945,0.437976,0.308473,0.409251,9610968278.746075
2021-04-20 00:00:00+00:00,0.409191,0.426976,0.2708,0.317516,9674298082.762375
2021-04-21 00:00:00+00:00,0.317475,0.346854,0.295935,0.305983,4133646016.61698
2021-04-22 00:00:00+00:00,0.305983,0.309534,0.252715,0.260918,4498168779.233939
2021-04-23 00:00:00+00:00,0.260779,0.269667,0.161,0.249846,5482138734.807901
2021-04-24 00:00:00+00:00,0.249827,0.29,0.227573,0.270031,3552876481.119627
2021-04-25 00:00:00+00:00,0.270045,0.288744,0.224,0.251418,2305520047.387858
2021-04-26 00:00:00+00:00,0.251418,0.280951,0.246797,0.271959,1557431345.517375
2021-04-27 00:00:00+00:00,0.271924,0.28049,0.264522,0.272527,971353069.813687
2021-04-28 00:00:00+00:00,0.272541,0.34567,0.255153,0.323484,4944430240.100573
2021-04-29 00:00:00+00:00,0.323483,0.325,0.295378,0.305181,1415468892.97694
2021-04-30 00:00:00+00:00,0.3052,0.340487,0.302308,0.337754,1421155780.572201
2021-05-01 00:00:00+00:00,0.337806,0.3982,0.328041,0.391209,2779728711.355317
2021-05-02 00:00:00+00:00,0.391282,0.401118,0.360444,0.374584,2217560388.178645
2021-05-03 00:00:00+00:00,0.374575,0.44979,0.374332,0.441713,3040257077.307983
2021-05-04 00:00:00+00:00,0.441641,0.61359,0.390692,0.53873,14069837385.905642
2021-05-05 00:00:00+00:00,0.538729,0.697237,0.527432,0.654868,13668906630.549913
2021-05-06 00:00:00+00:00,0.654821,0.667527,0.541234,0.581771,5691607071.733271
2021-05-07 00:00:00+00:00,0.58179,0.735,0.518629,0.691522,8640365197.426977
2021-05-08 00:00:00+00:00,0.691311,0.744178,0.6,0.637855,9343617562.49304
2021-05-09 00:00:00+00:00,0.637878,0.703155,0.423,0.570961,16363755549.655674
2021-05-10 00:00:00+00:00,0.570871,0.572255,0.417818,0.450736,6014334709.032963
2021-05-11 00:00:00+00:00,0.450793,0.5475,0.4427,0.49374,4481450956.171495
2021-05-12 00:00:00+00:00,0.49374,0.52334,0.3771,0.39081,2925496372.305523
2021-05-13 00:00:00+00:00,0.39082,0.5197,0.348553,0.48959,5411855203.4901
2021-05-14 00:00:00+00:00,0.4895,0.59092,0.464,0.55993,5752059644.115888
2021-05-15 00:00:00+00:00,0.55993,0.56418,0.49,0.50849,2737610625.742402
2021-05-16 00:00:00+00:00,0.50841,0.55,0.44938,0.51351,2533424623.104004
2021-05-17 00:00:00+00:00,0.5134,0.51636,0.4559,0.48789,2050463145.919175
2021-05-18 00:00:00+00:00,0.48786,0.51594,0.46859,0.47601,1395269932.657902
2021-05-19 00:00:00+00:00,0.4761,0.47968,0.1958,0.32949,3735859561.515171
2021-05-20 00:00:00+00:00,0.32946,0.43502,0.29406,0.39736,3793726845.713433
2021-05-21 00:00:00+00:00,0.39735,0.41193,0.31287,0.35774,2228862785.052471
2021-05-22 00:00:00+00:00,0.35757,0.364,0.31628,0.342,1712216237.93194
2021-05-23 00:00:00+00:00,0.34198,0.35079,0.24691,0.3062,2286649558.521353
2021-05-24 00:00:00+00:00,0.30618,0.37681,0.29482,0.36535,2144390178.062058
2021-05-25 00:00:00+00:00,0.36549,0.3799,0.3214,0.34578,1672045387.138726
2021-05-26 00:00:00+00:00,0.34578,0.36678,0.33592,0.35248,1054030897.714808
2021-05-27 00:00:00+00:00,0.35258,0.3528,0.32642,0.33393,781571177.613251
2021-05-28 00:00:00+00:00,0.33389,0.34774,0.30016,0.31128,1329706213.286395
2021-05-29 00:00:00+00:00,0.31128,0.31796,0.2791,0.30281,929586897.01855
2021-05-30 00:00:00+00:00,0.30283,0.3108,0.28645,0.30181,741269290.389995
2021-05-31 00:00:00+00:00,0.30189,0.33008,0.2937,0.32556,900021432.611778
2021-06-01 00:00:00+00:00,0.32557,0.38488,0.31114,0.37047,2395342275.613127
2021-06-02 00:00:00+00:00,0.37044,0.447,0.35115,0.42375,7437878004.683828
2021-06-03 00:00:00+00:00,0.42373,0.44203,0.3771,0.40083,4733519825.017202
2021-06-04 00:00:00+00:00,0.40083,0.40256,0.35,0.37621,3809069413.577403
2021-06-05 00:00:00+00:00,0.37625,0.39504,0.35946,0.37113,2280062958.24431
2021-06-06 00:00:00+00:00,0.37113,0.3769,0.36636,0.37146,964584295.281003
2021-06-07 00:00:00+00:00,0.37146,0.38,0.32707,0.33133,1563370162.641917
2021-06-08 00:00:00+00:00,0.33133,0.34136,0.295,0.32572,2231760455.701343
2021-06-09 00:00:00+00:00,0.32572,0.355,0.31202,0.34321,1777714111.92899
2021-06-10 00:00:00+00:00,0.34323,0.345,0.32234,0.32619,1112403681.831693
2021-06-11 00:00:00+00:00,0.3262,0.33351,0.31046,0.31865,920951189.001529
2021-06-12 00:00:00+00:00,0.31866,0.31928,0.30002,0.3121,907759062.71186
2021-06-13 00:00:00+00:00,0.31208,0.33023,0.3073,0.32401,674793919.805075
2021-06-14 00:00:00+00:00,0.32396,0.33796,0.31979,0.32769,779923467.841451
2021-06-15 00:00:00+00:00,0.3277,0.3306,0.31623,0.32021,603391312.977677
2021-06-16 00:00:00+00:00,0.32021,0.32148,0.30491,0.3079,582716205.712939
2021-06-17 00:00:00+00:00,0.30786,0.31417,0.3026,0.30629,436573718.064196
2021-06-18 00:00:00+00:00,0.30629,0.30774,0.27943,0.29319,787658575.317046
2021-06-19 00:00:00+00:00,0.29315,0.29797,0.28552,0.28561,469185182.805603
2021-06-20 00:00:00+00:00,0.28559,0.28959,0.25488,0.28021,954050068.627459
2021-06-21 00:00:00+00:00,0.28022,0.28105,0.165,0.17835,3463143901.677572
2021-06-22 00:00:00+00:00,0.17832,0.2165,0.16275,0.19061,4477694605.740888
2021-06-23 00:00:00+00:00,0.19068,0.24846,0.18,0.23472,3387858669.01177
2021-06-24 00:00:00+00:00,0.23474,0.269,0.22162,0.26346,2526868662.319539
2021-06-25 00:00:00+00:00,0.26351,0.28941,0.22867,0.23728,4674146178.976711
2021-06-26 00:00:00+00:00,0.23722,0.25532,0.23057,0.2458,2276347635.064803
2021-06-27 00:00:00+00:00,0.24578,0.26756,0.24005,0.26462,1505755939.715704
2021-06-28 00:00:00+00:00,0.26463,0.26722,0.25,0.25681,1232334560.599471
2021-06-29 00:00:00+00:00,0.25681,0.27576,0.25201,0.26339,1347841886.80186
2021-06-30 00:00:00+00:00,0.2634,0.2639,0.23741,0.25379,1212835493.175515
2021-07-01 00:00:00+00:00,0.25376,0.2749,0.23784,0.24369,1726488343.125217
2021-07-02 00:00:00+00:00,0.24369,0.2493,0.23827,0.24501,796866291.108028
2021-07-03 00:00:00+00:00,0.24501,0.25048,0.242,0.24624,505808091.873927
2021-07-04 00:00:00+00:00,0.24626,0.25325,0.2432,0.24634,515621447.634813
2021-07-05 00:00:00+00:00,0.24635,0.24635,0.22509,0.23089,769412106.263222
2021-07-06 00:00:00+00:00,0.23089,0.242,0.22912,0.23408,626736004.368093
2021-07-07 00:00:00+00:00,0.23409,0.23867,0.22043,0.22374,476024939.818968
2021-07-08 00:00:00+00:00,0.22378,0.22468,0.20118,0.20694,775769125.812173
2021-07-09 00:00:00+00:00,0.20694,0.2295,0.195,0.21956,1733536510.142257
2021-07-10 00:00:00+00:00,0.21956,0.22817,0.20955,0.21373,636529668.526315
2021-07-11 00:00:00+00:00,0.21374,0.21927,0.21052,0.216,372370739.542734
2021-07-12 00:00:00+00:00,0.21599,0.219,0.20377,0.2077,517145875.958889
2021-07-13 00:00:00+00:00,0.20766,0.20888,0.1974,0.19991,482234916.244305
2021-07-14 00:00:00+00:00,0.19992,0.20455,0.18725,0.19759,706199130.171608
2021-07-15 00:00:00+00:00,0.19757,0.20089,0.18041,0.18532,581905492.714175
2021-07-16 00:00:00+00:00,0.18531,0.18831,0.17102,0.17193,706867989.866615
2021-07-17 00:00:00+00:00,0.17188,0.20514,0.16865,0.18739,1709053465.693762
2021-07-18 00:00:00+00:00,0.18742,0.196,0.18004,0.18144,1023138762.764085
2021-07-19 00:00:00+00:00,0.18144,0.18427,0.17029,0.17357,756831953.579986
2021-07-20 00:00:00+00:00,0.17357,0.17995,0.15933,0.17037,1311753808.967204
2021-07-21 00:00:00+00:00,0.17037,0.21437,0.16822,0.19039,3377497429.769981
2021-07-22 00:00:00+00:00,0.19043,0.19648,0.18621,0.19119,1048737946.347801
2021-07-23 00:00:00+00:00,0.1912,0.19979,0.1828,0.19491,851747376.941725
2021-07-24 00:00:00+00:00,0.19493,0.20447,0.19114,0.19687,813036913.387705
2021-07-25 00:00:00+00:00,0.19688,0.20083,0.1909,0.19792,675865836.742385
2021-07-26 00:00:00+00:00,0.19789,0.23329,0.19676,0.20371,2400344561.980268
2021-07-27 00:00:00+00:00,0.2037,0.2095,0.195,0.20574,915784989.501176
2021-07-28 00:00:00+00:00,0.20574,0.21388,0.20154,0.20571,829739163.295721
2021-07-29 00:00:00+00:00,0.2057,0.20667,0.2003,0.20499,432533769.082051
2021-07-30 00:00:00+00:00,0.20499,0.21083,0.19569,0.20876,632835926.475732
2021-07-31 00:00:00+00:00,0.20876,0.21465,0.20478,0.20771,583785595.997337
2021-08-01 00:00:00+00:00,0.20771,0.218,0.20032,0.20409,793558894.241138
2021-08-02 00:00:00+00:00,0.20412,0.21,0.20164,0.20335,423211433.855026
2021-08-03 00:00:00+00:00,0.20335,0.20521,0.19311,0.19631,480387027.882032
2021-08-04 00:00:00+00:00,0.19629,0.2034,0.19422,0.20161,415733813.915377
2021-08-05 00:00:00+00:00,0.20161,0.2026,0.19441,0.20108,448783585.564213
2021-08-06 00:00:00+00:00,0.20108,0.21225,0.19851,0.20499,549103835.084777
2021-08-07 00:00:00+00:00,0.20499,0.26333,0.20367,0.26194,3200013738.801741
2021-08-08 00:00:00+00:00,0.26195,0.28489,0.23504,0.24008,4216986594.281042
2021-08-09 00:00:00+00:00,0.24005,0.26671,0.2306,0.25614,2892579160.668514
2021-08-10 00:00:00+00:00,0.25618,0.2638,0.24528,0.25769,1869367182.057394
2021-08-11 00:00:00+00:00,0.25767,0.2835,0.25647,0.26455,2637230854.742983
2021-08-12 00:00:00+00:00,0.26456,0.2955,0.25171,0.26427,2876650726.180649
2021-08-13 00:00:00+00:00,0.26429,0.28793,0.2617,0.2869,1752321201.212677
2021-08-14 00:00:00+00:00,0.28689,0.29936,0.27586,0.29446,2373896854.066785
2021-08-15 00:00:00+00:00,0.29446,0.34978,0.28611,0.34036,4215560234.570191
2021-08-16 00:00:00+00:00,0.34036,0.35222,0.31,0.31975,3930631064.954798
2021-08-17 00:00:00+00:00,0.31973,0.34078,0.294,0.29945,3146601433.407352
2021-08-18 00:00:00+00:00,0.29953,0.32543,0.276,0.30337,3408932393.113732
2021-08-19 00:00:00+00:00,0.3034,0.31978,0.29391,0.31811,1980661185.836724
2021-08-20 00:00:00+00:00,0.31811,0.33433,0.31405,0.32742,1810991983.744965
2021-08-21 00:00:00+00:00,0.32741,0.32986,0.31369,0.31698,1439012725.004692
2021-08-22 00:00:00+00:00,0.31698,0.32199,0.30501,0.31492,1084350940.543357
2021-08-23 00:00:00+00:00,0.31491,0.32865,0.313,0.31824,1387974382.84173
2021-08-24 00:00:00+00:00,0.31821,0.32005,0.2721,0.28884,1657261561.646301
2021-08-25 00:00:00+00:00,0.28883,0.29701,0.2796,0.2928,1150732781.835334
2021-08-26 00:00:00+00:00,0.2928,0.29655,0.2641,0.26834,1275524939.06981
2021-08-27 00:00:00+00:00,0.26837,0.29527,0.2651,0.29463,1048350508.218639
2021-08-28 00:00:00+00:00,0.29462,0.29979,0.28309,0.28623,738357982.826443
2021-08-29 00:00:00+00:00,0.28623,0.29198,0.27656,0.28126,722330581.090637
2021-08-30 00:00:00+00:00,0.28126,0.29091,0.26984,0.27206,867241866.777245
2021-08-31 00:00:00+00:00,0.27211,0.28622,0.26979,0.27849,852089213.884268
2021-09-01 00:00:00+00:00,0.27848,0.29537,0.27312,0.2947,858963265.765084
2021-09-02 00:00:00+00:00,0.2947,0.31019,0.29201,0.29486,1844123416.383469
2021-09-03 00:00:00+00:00,0.29486,0.30522,0.2866,0.29646,1153815472.674785
2021-09-04 00:00:00+00:00,0.29646,0.30956,0.29337,0.29979,1251699575.093279
2021-09-05 00:00:00+00:00,0.29978,0.316,0.29616,0.31476,1276324669.548918
2021-09-06 00:00:00+00:00,0.31474,0.32095,0.29956,0.30928,1427760002.728589
2021-09-07 00:00:00+00:00,0.30924,0.31176,0.20225,0.25547,2700863985.687059
2021-09-08 00:00:00+00:00,0.25547,0.26365,0.23345,0.25669,1234486395.063956
2021-09-09 00:00:00+00:00,0.25667,0.25987,0.24858,0.2527,691198427.941067
2021-09-10 00:00:00+00:00,0.25269,0.26226,0.23529,0.23975,790809947.555582
2021-09-11 00:00:00+00:00,0.23977,0.24797,0.2376,0.241,402833126.231823
2021-09-12 00:00:00+00:00,0.24101,0.25536,0.2388,0.25042,531893427.36107
2021-09-13 00:00:00+00:00,0.25046,0.25246,0.22803,0.23586,781753774.616764
2021-09-14 00:00:00+00:00,0.23584,0.24172,0.23346,0.24065,344235821.24798
2021-09-15 00:00:00+00:00,0.24063,0.24839,0.23885,0.24784,339459028.198537
2021-09-16 00:00:00+00:00,0.24784,0.24803,0.233,0.24212,413323852.838516
2021-09-17 00:00:00+00:00,0.24212,0.26012,0.23738,0.24021,903221342.936825
2021-09-18 00:00:00+00:00,0.24022,0.2475,0.238,0.24146,332779468.612484
2021-09-19 00:00:00+00:00,0.24146,0.24156,0.23064,0.23308,290340456.55522
2021-09-20 00:00:00+00:00,0.23308,0.23349,0.1988,0.20862,889475094.69964
2021-09-21 00:00:00+00:00,0.20862,0.21851,0.19739,0.20069,709884680.95659
2021-09-22 00:00:00+00:00,0.20071,0.2306,0.19978,0.22444,781832753.13582
2021-09-23 00:00:00+00:00,0.22444,0.2273,0.21739,0.22442,403712316.1794
2021-09-24 00:00:00+00:00,0.22444,0.22928,0.19632,0.20902,623418426.9696
2021-09-25 00:00:00+00:00,0.20901,0.21256,0.20419,0.20827,337161720.61992
2021-09-26 00:00:00+00:00,0.20828,0.20882,0.19396,0.20477,409384356.10677
2021-09-27 00:00:00+00:00,0.20479,0.2093,0.19934,0.19955,278589518.94616
2021-09-28 00:00:00+00:00,0.19953,0.20269,0.19586,0.1964,313595576.42289
2021-09-29 00:00:00+00:00,0.19638,0.2042,0.19451,0.19853,316790274.81801
2021-09-30 00:00:00+00:00,0.19854,0.20596,0.1975,0.20424,298160633.92149
2021-10-01 00:00:00+00:00,0.20425,0.22535,0.20171,0.22277,510508408.9963
2021-10-02 00:00:00+00:00,0.22277,0.2252,0.21504,0.2186,411189514.74511
2021-10-03 00:00:00+00:00,0.21859,0.22693,0.21533,0.2219,397076388.59278
2021-10-04 00:00:00+00:00,0.22191,0.24906,0.21212,0.24175,1518058809.528908
2021-10-05 00:00:00+00:00,0.24173,0.2682,0.2326,0.25197,1988762907.573879
2021-10-06 00:00:00+00:00,0.25202,0.27199,0.24228,0.2543,2026793763.860286
2021-10-07 00:00:00+00:00,0.25429,0.25725,0.2352,0.24311,1111236424.585082
2021-10-08 00:00:00+00:00,0.24311,0.25534,0.2415,0.24429,726773490.31574
2021-10-09 00:00:00+00:00,0.2443,0.2529,0.24071,0.24697,508256681.781244
2021-10-10 00:00:00+00:00,0.24697,0.2491,0.225,0.22881,524393659.999549
2021-10-11 00:00:00+00:00,0.22881,0.23955,0.22467,0.23128,474759993.68803
2021-10-12 00:00:00+00:00,0.23128,0.2318,0.21559,0.22623,561079235.8641
2021-10-13 00:00:00+00:00,0.22619,0.23435,0.2205,0.23272,469547658.53613
2021-10-14 00:00:00+00:00,0.23275,0.24041,0.23083,0.2329,505207908.3593
2021-10-15 00:00:00+00:00,0.23291,0.24383,0.22403,0.23437,637135228.431032
2021-10-16 00:00:00+00:00,0.23436,0.24596,0.23405,0.23747,607195581.330414
2021-10-17 00:00:00+00:00,0.23747,0.24235,0.22484,0.23802,548202881.592022
2021-10-18 00:00:00+00:00,0.23803,0.27359,0.23715,0.24749,2764060389.072459
2021-10-19 00:00:00+00:00,0.24749,0.25514,0.24,0.24565,816799548.564904
2021-10-20 00:00:00+00:00,0.24565,0.26223,0.24224,0.25501,862257446.967301
2021-10-21 00:00:00+00:00,0.255,0.25897,0.24,0.2426,821117127.055503
2021-10-22 00:00:00+00:00,0.24265,0.25318,0.235,0.24494,850385655.336416
2021-10-23 00:00:00+00:00,0.24494,0.25445,0.24108,0.25144,685596522.769734
2021-10-24 00:00:00+00:00,0.25144,0.28333,0.24604,0.27603,2656809278.428506
2021-10-25 00:00:00+00:00,0.27603,0.28109,0.2575,0.26548,1641037380.653279
2021-10-26 00:00:00+00:00,0.26548,0.27472,0.25,0.25603,1309189144.726266
2021-10-27 00:00:00+00:00,0.25602,0.26394,0.21,0.23804,2522123063.716583
2021-10-28 00:00:00+00:00,0.23802,0.341,0.23239,0.3,10852734149.47199
2021-10-29 00:00:00+00:00,0.30004,0.30734,0.2737,0.28847,2993836860.669328
2021-10-30 00:00:00+00:00,0.28844,0.2953,0.25719,0.26918,1662316397.000281
2021-10-31 00:00:00+00:00,0.26918,0.28532,0.252,0.28021,1847925323.638299
2021-11-01 00:00:00+00:00,0.28023,0.28707,0.26329,0.27185,1226411839.24802
2021-11-02 00:00:00+00:00,0.27186,0.28143,0.267,0.27439,950264270.715843
2021-11-03 00:00:00+00:00,0.27439,0.2779,0.261,0.26919,924547612.447661
2021-11-04 00:00:00+00:00,0.26919,0.27134,0.2537,0.26311,761712542.560604
2021-11-05 00:00:00+00:00,0.26311,0.27124,0.25667,0.26106,636748101.040063
2021-11-06 00:00:00+00:00,0.26107,0.26777,0.24952,0.26207,570167645.929234
2021-11-07 00:00:00+00:00,0.26208,0.27034,0.2585,0.26679,557807736.214965
2021-11-08 00:00:00+00:00,0.26679,0.29754,0.26467,0.28215,2266121283.868992
2021-11-09 00:00:00+00:00,0.28215,0.291,0.2701,0.27396,1128190387.769228
2021-11-10 00:00:00+00:00,0.27396,0.27777,0.23,0.25532,1413532851.010433
2021-11-11 00:00:00+00:00,0.25531,0.2719,0.2532,0.26071,829214296.502878
2021-11-12 00:00:00+00:00,0.26068,0.26894,0.24813,0.25945,770665744.485377
2021-11-13 00:00:00+00:00,0.2595,0.26252,0.25438,0.26132,373514953.771958
2021-11-14 00:00:00+00:00,0.26137,0.27255,0.25975,0.26304,575460494.15727
2021-11-15 00:00:00+00:00,0.26305,0.26541,0.25531,0.25698,478391886.52447
2021-11-16 00:00:00+00:00,0.25697,0.25698,0.22122,0.23665,1001251053.625224
2021-11-17 00:00:00+00:00,0.23667,0.24143,0.22911,0.23756,476320895.20516
2021-11-18 00:00:00+00:00,0.23755,0.24155,0.215,0.22115,674706562.74838
2021-11-19 00:00:00+00:00,0.22122,0.23707,0.21575,0.23296,481587114.48003
2021-11-20 00:00:00+00:00,0.23298,0.23585,0.22515,0.23327,334376653.29515
2021-11-21 00:00:00+00:00,0.23328,0.2336,0.22525,0.22582,283432351.43878
2021-11-22 00:00:00+00:00,0.22584,0.22747,0.21638,0.21957,375237913.72498
2021-11-23 00:00:00+00:00,0.21958,0.23728,0.21309,0.2269,862632273.76396
2021-11-24 00:00:00+00:00,0.22688,0.23069,0.2107,0.21722,472787457.94599
2021-11-25 00:00:00+00:00,0.21722,0.22945,0.21414,0.22145,486388815.14772
2021-11-26 00:00:00+00:00,0.22141,0.22209,0.18221,0.20192,946963362.64597
2021-11-27 00:00:00+00:00,0.20194,0.2094,0.2008,0.20496,296423698.20071
2021-11-28 00:00:00+00:00,0.20496,0.20754,0.19044,0.20727,394914651.78172
2021-11-29 00:00:00+00:00,0.20727,0.22539,0.2025,0.21504,944461584.76392
2021-11-30 00:00:00+00:00,0.21505,0.22761,0.2125,0.21467,882320812.56294
2021-12-01 00:00:00+00:00,0.2147,0.2189,0.2058,0.20929,408475594.86555
2021-12-02 00:00:00+00:00,0.2093,0.22346,0.20112,0.20966,903754552.96089
2021-12-03 00:00:00+00:00,0.20965,0.21239,0.18788,0.19985,513439051.33428
2021-12-04 00:00:00+00:00,0.19985,0.2005,0.1257,0.17816,1586571483.635445
2021-12-05 00:00:00+00:00,0.17814,0.18099,0.1616,0.17123,507851273.46866
2021-12-06 00:00:00+00:00,0.17123,0.18038,0.15864,0.17745,620611139.70488
2021-12-07 00:00:00+00:00,0.17746,0.184,0.17436,0.17622,353775260.68604
2021-12-08 00:00:00+00:00,0.17621,0.18203,0.17193,0.17905,322692129.75149
2021-12-09 00:00:00+00:00,0.17905,0.1829,0.1683,0.16886,403497779.80288
2021-12-10 00:00:00+00:00,0.16886,0.17467,0.16305,0.16394,321855414.32343
2021-12-11 00:00:00+00:00,0.16394,0.16995,0.16101,0.16886,224762600.41182
2021-12-12 00:00:00+00:00,0.16887,0.17387,0.16546,0.16954,237786221.83699
2021-12-13 00:00:00+00:00,0.16954,0.17038,0.15121,0.1572,369952551.16223
2021-12-14 00:00:00+00:00,0.1572,0.21975,0.15471,0.19075,5037917503.82341
2021-12-15 00:00:00+00:00,0.19075,0.19118,0.17029,0.18092,1554638836.5751
2021-12-16 00:00:00+00:00,0.18087,0.18534,0.17216,0.17309,571233403.92353
2021-12-17 00:00:00+00:00,0.1731,0.17661,0.16128,0.1684,531828962.82564
2021-12-18 00:00:00+00:00,0.1684,0.17573,0.16584,0.17227,281062404.21125
2021-12-19 00:00:00+00:00,0.17229,0.17467,0.16897,0.16935,240410964.5601
2021-12-20 00:00:00+00:00,0.16935,0.17071,0.161,0.16714,351670162.62285
2021-12-21 00:00:00+00:00,0.16715,0.17238,0.16557,0.17073,290315227.35777
2021-12-22 00:00:00+00:00,0.17074,0.18,0.16961,0.17297,412370899.74702
2021-12-23 00:00:00+00:00,0.17298,0.1851,0.17111,0.18504,476766955.48238
2021-12-24 00:00:00+00:00,0.18505,0.19568,0.17912,0.18623,654814449.93413
2021-12-25 00:00:00+00:00,0.18624,0.1965,0.18479,0.19081,480218618.49
2021-12-26 00:00:00+00:00,0.19082,0.19247,0.18491,0.18976,302794605.45092
2021-12-27 00:00:00+00:00,0.18979,0.19287,0.186,0.18785,327156661.28295
2021-12-28 00:00:00+00:00,0.18786,0.18791,0.17155,0.17373,496158602.4514
2021-12-29 00:00:00+00:00,0.17374,0.17736,0.1654,0.16789,344819346.46994
2021-12-30 00:00:00+00:00,0.16788,0.1757,0.16475,0.17101,255123489.0947
2021-12-31 00:00:00+00:00,0.17103,0.17581,0.166,0.17028,286939201.2138
2022-01-01 00:00:00+00:00,0.17028,0.1737,0.16959,0.17316,162661661.97672
2022-01-02 00:00:00+00:00,0.17315,0.17633,0.1704,0.17439,185714764.91217
2022-01-03 00:00:00+00:00,0.1744,0.17442,0.16726,0.17022,257123860.04302
2022-01-04 00:00:00+00:00,0.17021,0.1726,0.1665,0.16835,264158799.8394
2022-01-05 00:00:00+00:00,0.16836,0.17099,0.14685,0.15887,458662668.49839
2022-01-06 00:00:00+00:00,0.15887,0.162,0.15372,0.15988,308576520.98433
2022-01-07 00:00:00+00:00,0.15986,0.16025,0.14886,0.15506,420587541.94852
2022-01-08 00:00:00+00:00,0.15505,0.1578,0.14501,0.15094,266468886.16787
2022-01-09 00:00:00+00:00,0.15089,0.15372,0.14843,0.15042,193977996.14943
2022-01-10 00:00:00+00:00,0.15042,0.15205,0.13589,0.14295,359382663.96929
2022-01-11 00:00:00+00:00,0.14295,0.1666,0.14163,0.1537,1171840237.72171
2022-01-12 00:00:00+00:00,0.15368,0.16355,0.151,0.16269,472508628.42241
2022-01-13 00:00:00+00:00,0.16268,0.17776,0.1612,0.17168,1386472799.87841
2022-01-14 00:00:00+00:00,0.17163,0.215,0.17023,0.18318,3983124491.48578
2022-01-15 00:00:00+00:00,0.18318,0.1948,0.18145,0.18442,1191295001.73106
2022-01-16 00:00:00+00:00,0.18443,0.18467,0.17323,0.17659,735381601.04194
2022-01-17 00:00:00+00:00,0.1766,0.17835,0.16536,0.17087,831316285.31052
2022-01-18 00:00:00+00:00,0.17087,0.17439,0.16155,0.16498,650280720.04924
2022-01-19 00:00:00+00:00,0.16497,0.16954,0.1587,0.16152,606657882.95528
2022-01-20 00:00:00+00:00,0.16155,0.16922,0.15317,0.15522,471391155.4013
2022-01-21 00:00:00+00:00,0.1552,0.15748,0.13941,0.14189,788525250.70857
2022-01-22 00:00:00+00:00,0.14189,0.14523,0.11952,0.13314,911974289.51265
2022-01-23 00:00:00+00:00,0.13314,0.14448,0.1319,0.14169,555514657.99013
2022-01-24 00:00:00+00:00,0.14171,0.14175,0.12524,0.13718,639756613.81064
2022-01-25 00:00:00+00:00,0.13718,0.15091,0.13242,0.14265,730602498.48289
2022-01-26 00:00:00+00:00,0.14266,0.1534,0.1407,0.14309,587824146.92955
2022-01-27 00:00:00+00:00,0.1431,0.14593,0.13606,0.14141,356373736.14681
2022-01-28 00:00:00+00:00,0.14141,0.14261,0.1377,0.14135,290135193.1822
2022-01-29 00:00:00+00:00,0.14135,0.14416,0.14002,0.14289,222379247.88897
2022-01-30 00:00:00+00:00,0.14288,0.14366,0.13791,0.13904,222718201.7982
2022-01-31 00:00:00+00:00,0.13904,0.14246,0.13617,0.14148,257990976.2727
2022-02-01 00:00:00+00:00,0.14148,0.14434,0.14068,0.14223,228531659.05777
2022-02-02 00:00:00+00:00,0.14223,0.14652,0.13544,0.13688,293214238.85779
2022-02-03 00:00:00+00:00,0.13689,0.13877,0.13459,0.13784,228944000.50067
2022-02-04 00:00:00+00:00,0.13781,0.14803,0.1368,0.14776,312299850.29678
2022-02-05 00:00:00+00:00,0.14775,0.15068,0.14471,0.14686,288370526.20035
2022-02-06 00:00:00+00:00,0.14685,0.15573,0.14432,0.15394,350462235.92099
2022-02-07 00:00:00+00:00,0.15394,0.17304,0.1512,0.16532,780210666.29307
2022-02-08 00:00:00+00:00,0.16533,0.16973,0.15286,0.15811,543350335.18954
2022-02-09 00:00:00+00:00,0.15812,0.1624,0.1541,0.15923,334100501.14568
2022-02-10 00:00:00+00:00,0.15924,0.16066,0.14976,0.15138,433077597.25054
2022-02-11 00:00:00+00:00,0.15138,0.15415,0.14154,0.1445,319585258.82589
2022-02-12 00:00:00+00:00,0.14448,0.14744,0.14,0.14427,242938421.05024
2022-02-13 00:00:00+00:00,0.14424,0.15777,0.14356,0.14799,1017337660.70967
2022-02-14 00:00:00+00:00,0.14799,0.15099,0.14245,0.14572,499337703.98008
2022-02-15 00:00:00+00:00,0.14573,0.15235,0.14474,0.1516,313877308.74022
2022-02-16 00:00:00+00:00,0.15161,0.15164,0.14615,0.14865,259753964.99497
2022-02-17 00:00:00+00:00,0.14866,0.14999,0.13661,0.13831,322809142.53682
2022-02-18 00:00:00+00:00,0.13832,0.14212,0.13584,0.13845,239828030.87888
2022-02-19 00:00:00+00:00,0.13845,0.14642,0.13828,0.14077,397193914.48022
2022-02-20 00:00:00+00:00,0.1408,0.14098,0.13455,0.13659,255208576.73191
2022-02-21 00:00:00+00:00,0.13659,0.14195,0.127,0.12814,437703998.09358
2022-02-22 00:00:00+00:00,0.12815,0.13177,0.12349,0.1312,292526431.41139
2022-02-23 00:00:00+00:00,0.1312,0.1355,0.12707,0.12725,248423191.23432
2022-02-24 00:00:00+00:00,0.12726,0.12759,0.10624,0.12394,685377139.97172
2022-02-25 00:00:00+00:00,0.12392,0.12822,0.1204,0.12749,334535574.2896
2022-02-26 00:00:00+00:00,0.1275,0.13047,0.12557,0.1276,196128330.20018
2022-02-27 00:00:00+00:00,0.1276,0.12833,0.12099,0.12282,253924334.90247
2022-02-28 00:00:00+00:00,0.12283,0.13884,0.12121,0.13343,298278360.90664
2022-03-01 00:00:00+00:00,0.13342,0.13891,0.12958,0.13406,305833224.16261
2022-03-02 00:00:00+00:00,0.13406,0.13725,0.13053,0.13302,267041525.45938
2022-03-03 00:00:00+00:00,0.13301,0.13379,0.12701,0.12955,190463780.87092
2022-03-04 00:00:00+00:00,0.12957,0.13008,0.11985,0.12249,238549750.26832
2022-03-05 00:00:00+00:00,0.12249,0.12553,0.12073,0.12491,121996655.87575
2022-03-06 00:00:00+00:00,0.12491,0.12553,0.119,0.12055,149863140.32143
2022-03-07 00:00:00+00:00,0.12055,0.12258,0.11304,0.11664,208395324.23314
2022-03-08 00:00:00+00:00,0.11662,0.11992,0.1152,0.11693,179629493.85739
2022-03-09 00:00:00+00:00,0.11693,0.12444,0.11635,0.12145,198674893.15899
2022-03-10 00:00:00+00:00,0.12145,0.12193,0.11431,0.11677,201147987.56234
2022-03-11 00:00:00+00:00,0.11678,0.11854,0.11356,0.11542,154880047.75489
2022-03-12 00:00:00+00:00,0.11542,0.11728,0.1145,0.11473,95235956.60285
2022-03-13 00:00:00+00:00,0.11473,0.11628,0.10977,0.11133,160704559.54755
2022-03-14 00:00:00+00:00,0.11133,0.12212,0.11013,0.11379,370319612.90942
2022-03-15 00:00:00+00:00,0.11378,0.11421,0.11,0.11256,160098787.80616
2022-03-16 00:00:00+00:00,0.11255,0.11705,0.11202,0.11697,225024118.33831
2022-03-17 00:00:00+00:00,0.11698,0.1193,0.11571,0.11634,146807156.22625
2022-03-18 00:00:00+00:00,0.11633,0.11953,0.11415,0.11909,154897570.28545
2022-03-19 00:00:00+00:00,0.1191,0.12498,0.11825,0.12351,234209896.84914
2022-03-20 00:00:00+00:00,0.1235,0.12402,0.1174,0.11913,146291644.16351
2022-03-21 00:00:00+00:00,0.11913,0.12166,0.11755,0.11916,175391894.93149
2022-03-22 00:00:00+00:00,0.11916,0.12575,0.11853,0.12236,235315001.16303
2022-03-23 00:00:00+00:00,0.12236,0.13133,0.12093,0.12981,396524138.53323
2022-03-24 00:00:00+00:00,0.12981,0.14434,0.12757,0.13673,869161676.78203
2022-03-25 00:00:00+00:00,0.13674,0.13775,0.1271,0.13084,419611092.63687
2022-03-26 00:00:00+00:00,0.13085,0.13683,0.12882,0.13601,284400601.68972
2022-03-27 00:00:00+00:00,0.13601,0.14565,0.13539,0.14471,705136251.70808
2022-03-28 00:00:00+00:00,0.1447,0.15388,0.14038,0.14242,706407651.53438
2022-03-29 00:00:00+00:00,0.14243,0.1489,0.1403,0.1444,419391182.93577
2022-03-30 00:00:00+00:00,0.14441,0.14564,0.1378,0.14316,369970555.54738
2022-03-31 00:00:00+00:00,0.14316,0.14811,0.13591,0.13816,444681984.4832
2022-04-01 00:00:00+00:00,0.13814,0.14309,0.132,0.14138,349377277.63935
2022-04-02 00:00:00+00:00,0.14141,0.14458,0.138,0.13878,303128661.19765
2022-04-03 00:00:00+00:00,0.1388,0.14969,0.13613,0.14661,478214068.76812
2022-04-04 00:00:00+00:00,0.14661,0.15687,0.14115,0.14853,1166809904.54711
2022-04-05 00:00:00+00:00,0.14853,0.1795,0.14717,0.17266,2933105642.90992
2022-04-06 00:00:00+00:00,0.17266,0.17488,0.1405,0.14324,2064239418.64217
2022-04-07 00:00:00+00:00,0.14322,0.14827,0.14,0.14582,699554741.21693
2022-04-08 00:00:00+00:00,0.14582,0.15332,0.14021,0.14232,913055064.78314
2022-04-09 00:00:00+00:00,0.1423,0.14459,0.14042,0.14413,265247091.46834
2022-04-10 00:00:00+00:00,0.14414,0.15761,0.14352,0.14821,1401590874.01639
2022-04-11 00:00:00+00:00,0.1482,0.15138,0.13275,0.13406,912333252.59354
2022-04-12 00:00:00+00:00,0.13405,0.1444,0.13309,0.13792,639347874.29211
2022-04-13 00:00:00+00:00,0.13793,0.14342,0.13617,0.13991,478868230.27503
2022-04-14 00:00:00+00:00,0.13991,0.14777,0.1365,0.14409,1103439580.69397
2022-04-15 00:00:00+00:00,0.14409,0.14968,0.1416,0.14581,777012290.58524
2022-04-16 00:00:00+00:00,0.14584,0.14791,0.14108,0.14343,335003824.8881
2022-04-17 00:00:00+00:00,0.14342,0.14492,0.13815,0.1391,366261712.15853
2022-04-18 00:00:00+00:00,0.13909,0.14043,0.13151,0.14013,492947574.30765
2022-04-19 00:00:00+00:00,0.14012,0.14459,0.13902,0.14254,368137288.64745
2022-04-20 00:00:00+00:00,0.14254,0.1467,0.13887,0.14068,608386375.76173
2022-04-21 00:00:00+00:00,0.14068,0.14295,0.13375,0.1362,412344349.36867
2022-04-22 00:00:00+00:00,0.1362,0.13817,0.13456,0.13627,272433044.28644
2022-04-23 00:00:00+00:00,0.13627,0.13674,0.133,0.13383,164229724.66501
2022-04-24 00:00:00+00:00,0.13382,0.13472,0.13073,0.13171,223865446.58553
2022-04-25 00:00:00+00:00,0.1317,0.17109,0.12222,0.15811,4314755211.83337
2022-04-26 00:00:00+00:00,0.15811,0.16688,0.13504,0.13758,4394875914.43026
2022-04-27 00:00:00+00:00,0.13757,0.14553,0.13489,0.13986,1524674361.7781
2022-04-28 00:00:00+00:00,0.13985,0.14324,0.135,0.13739,787956293.06475
2022-04-29 00:00:00+00:00,0.1374,0.14498,0.13242,0.13488,1052570459.80493
2022-04-30 00:00:00+00:00,0.13489,0.13679,0.12357,0.12724,477411454.41462
2022-05-01 00:00:00+00:00,0.12723,0.13656,0.12577,0.13257,516588977.34909
2022-05-02 00:00:00+00:00,0.13256,0.13385,0.12746,0.13066,353924616.44377
2022-05-03 00:00:00+00:00,0.13067,0.13197,0.12619,0.12939,288712688.85418
2022-05-04 00:00:00+00:00,0.12939,0.1362,0.12892,0.13591,418676908.87224
2022-05-05 00:00:00+00:00,0.1359,0.13769,0.12418,0.12804,649071383.25546
2022-05-06 00:00:00+00:00,0.12805,0.12986,0.12316,0.1277,444728123.90994
2022-05-07 00:00:00+00:00,0.12771,0.13233,0.12423,0.1274,418387563.01295
2022-05-08 00:00:00+00:00,0.12739,0.1282,0.122,0.12405,337310021.6763
2022-05-09 00:00:00+00:00,0.12406,0.12527,0.09969,0.10168,752017686.86882
2022-05-10 00:00:00+00:00,0.10164,0.11831,0.09888,0.10798,744946662.54929
2022-05-11 00:00:00+00:00,0.10797,0.1109,0.07038,0.08513,1037236827.80253
2022-05-12 00:00:00+00:00,0.08513,0.08985,0.0684,0.0826,987153099.57252
2022-05-13 00:00:00+00:00,0.08256,0.09666,0.08196,0.08806,662948140.18206
2022-05-14 00:00:00+00:00,0.08805,0.09195,0.08345,0.0894,332306163.24974
2022-05-15 00:00:00+00:00,0.0894,0.09323,0.08629,0.09308,222917589.32122
2022-05-16 00:00:00+00:00,0.09309,0.09311,0.0857,0.08792,233705754.6971
2022-05-17 00:00:00+00:00,0.08792,0.09135,0.08675,0.09012,217886524.15462
2022-05-18 00:00:00+00:00,0.09011,0.09096,0.08302,0.08333,176549973.43148
2022-05-19 00:00:00+00:00,0.08333,0.08762,0.08124,0.08658,214708086.40004
2022-05-20 00:00:00+00:00,0.08659,0.088,0.08243,0.08384,154329595.19917
2022-05-21 00:00:00+00:00,0.08383,0.08538,0.08231,0.08434,97515884.22836
2022-05-22 00:00:00+00:00,0.08434,0.08667,0.08371,0.08582,111998441.41898
2022-05-23 00:00:00+00:00,0.08582,0.08845,0.08196,0.08329,204737539.98453
2022-05-24 00:00:00+00:00,0.08326,0.08433,0.08,0.08362,155865457.08431
2022-05-25 00:00:00+00:00,0.0836,0.08451,0.08201,0.08291,131890788.79869
2022-05-26 00:00:00+00:00,0.08291,0.08369,0.07489,0.07778,255462779.92767
2022-05-27 00:00:00+00:00,0.07779,0.09017,0.07599,0.0815,845793826.69442
2022-05-28 00:00:00+00:00,0.0815,0.08333,0.08075,0.08179,233694387.43165
2022-05-29 00:00:00+00:00,0.08179,0.08329,0.07971,0.08267,149856626.05311
2022-05-30 00:00:00+00:00,0.08267,0.0885,0.08206,0.08795,308846014.97357
2022-05-31 00:00:00+00:00,0.08795,0.08848,0.08306,0.08588,274140910.59276
2022-06-01 00:00:00+00:00,0.08587,0.0895,0.07865,0.081,278572258.97045
2022-06-02 00:00:00+00:00,0.081,0.08309,0.07995,0.08272,143607776.50241
2022-06-03 00:00:00+00:00,0.08274,0.08293,0.07931,0.08026,129530980.28279
2022-06-04 00:00:00+00:00,0.08026,0.0825,0.07925,0.08184,97372487.28614
2022-06-05 00:00:00+00:00,0.08182,0.08222,0.08052,0.081,72981218.1782
2022-06-06 00:00:00+00:00,0.08101,0.08472,0.0808,0.08245,171474195.19138
2022-06-07 00:00:00+00:00,0.08245,0.08255,0.0775,0.08031,191445647.9262
2022-06-08 00:00:00+00:00,0.08031,0.08165,0.07866,0.07923,111111307.60789
2022-06-09 00:00:00+00:00,0.07924,0.08103,0.07884,0.07931,84434702.76615
2022-06-10 00:00:00+00:00,0.07932,0.0797,0.07415,0.07533,136935363.85934
2022-06-11 00:00:00+00:00,0.07532,0.07651,0.06782,0.06986,154877927.7045
2022-06-12 00:00:00+00:00,0.06988,0.07031,0.06331,0.06344,229615727.36077
2022-06-13 00:00:00+00:00,0.06344,0.06621,0.05224,0.05415,540258813.04502
2022-06-14 00:00:00+00:00,0.05415,0.05875,0.04962,0.05553,324206261.0943
2022-06-15 00:00:00+00:00,0.05553,0.06392,0.05036,0.06283,364839708.40825
2022-06-16 00:00:00+00:00,0.06283,0.06284,0.05417,0.05519,310829161.24276
2022-06-17 00:00:00+00:00,0.05519,0.05814,0.05456,0.05688,130545127.56121
2022-06-18 00:00:00+00:00,0.05688,0.05787,0.04901,0.05287,264962995.62992
2022-06-19 00:00:00+00:00,0.05286,0.06298,0.05109,0.06043,695671596.32866
2022-06-20 00:00:00+00:00,0.06042,0.06163,0.05739,0.06,258178141.60467
2022-06-21 00:00:00+00:00,0.06001,0.0699,0.05889,0.06577,525201902.8479
2022-06-22 00:00:00+00:00,0.06578,0.06582,0.0607,0.06164,304389943.66532
2022-06-23 00:00:00+00:00,0.06166,0.0647,0.0615,0.06394,187396869.66155
2022-06-24 00:00:00+00:00,0.06394,0.06859,0.06386,0.0669,217876683.20529
2022-06-25 00:00:00+00:00,0.0669,0.06936,0.06501,0.06849,178041672.04805
2022-06-26 00:00:00+00:00,0.06848,0.07758,0.0671,0.07292,598378648.61551
2022-06-27 00:00:00+00:00,0.07293,0.0788,0.07047,0.07212,896739014.43186
2022-06-28 00:00:00+00:00,0.07213,0.07342,0.06535,0.06604,404347037.76947
2022-06-29 00:00:00+00:00,0.06604,0.07159,0.064,0.06952,391636470.90951
2022-06-30 00:00:00+00:00,0.06953,0.06971,0.06214,0.06636,374943515.99976
2022-07-01 00:00:00+00:00,0.06635,0.06846,0.06381,0.06642,269770930.81822
2022-07-02 00:00:00+00:00,0.06643,0.068,0.0654,0.06661,194447917.19626
2022-07-03 00:00:00+00:00,0.06662,0.06748,0.06474,0.06716,140789129.98165
2022-07-04 00:00:00+00:00,0.06717,0.06978,0.06548,0.06935,209904784.97204
2022-07-05 00:00:00+00:00,0.06934,0.07,0.06547,0.06711,215628013.08012
2022-07-06 00:00:00+00:00,0.06711,0.06931,0.0661,0.06838,196900327.3823
2022-07-07 00:00:00+00:00,0.06839,0.07119,0.06784,0.07051,175921454.0668
2022-07-08 00:00:00+00:00,0.07052,0.07355,0.06816,0.06902,223193475.41009
2022-07-09 00:00:00+00:00,0.06903,0.07015,0.06875,0.06943,99072277.33219
2022-07-10 00:00:00+00:00,0.06942,0.06946,0.0662,0.06723,110040226.36922
2022-07-11 00:00:00+00:00,0.06724,0.06725,0.06112,0.0617,142715145.58697
2022-07-12 00:00:00+00:00,0.0617,0.0631,0.05964,0.05974,134860976.57552
2022-07-13 00:00:00+00:00,0.05974,0.06235,0.05733,0.06188,202843669.52536
2022-07-14 00:00:00+00:00,0.06186,0.0628,0.0594,0.06242,151801812.63273
2022-07-15 00:00:00+00:00,0.06242,0.06443,0.06156,0.06288,157506649.74029
2022-07-16 00:00:00+00:00,0.06287,0.06482,0.06168,0.06436,111049147.1333
2022-07-17 00:00:00+00:00,0.06436,0.06551,0.06281,0.06303,111861829.91817
2022-07-18 00:00:00+00:00,0.06302,0.06894,0.06294,0.06753,258642699.0325
2022-07-19 00:00:00+00:00,0.06752,0.07026,0.06534,0.06899,253019499.86282
2022-07-20 00:00:00+00:00,0.069,0.07698,0.06764,0.07012,682532312.58171
2022-07-21 00:00:00+00:00,0.07012,0.0709,0.06688,0.06995,281193844.216
2022-07-22 00:00:00+00:00,0.06994,0.07137,0.06661,0.06739,199946538.21012
2022-07-23 00:00:00+00:00,0.06739,0.06949,0.06583,0.06798,153281234.9455
2022-07-24 00:00:00+00:00,0.06798,0.06892,0.0671,0.06752,121876472.77835
2022-07-25 00:00:00+00:00,0.06751,0.06798,0.06166,0.06187,171802765.35265
2022-07-26 00:00:00+00:00,0.06187,0.06265,0.06,0.06246,134557325.86765
2022-07-27 00:00:00+00:00,0.06248,0.06718,0.06173,0.06716,172222817.15635
2022-07-28 00:00:00+00:00,0.06717,0.07086,0.06514,0.0691,216324061.20984
2022-07-29 00:00:00+00:00,0.06911,0.07249,0.0672,0.0688,252817038.70344
2022-07-30 00:00:00+00:00,0.06879,0.07455,0.06786,0.06962,290521962.00921
2022-07-31 00:00:00+00:00,0.06963,0.07225,0.06775,0.06805,171592202.98515
2022-08-01 00:00:00+00:00,0.06804,0.0713,0.06671,0.06842,191894426.31296
2022-08-02 00:00:00+00:00,0.06845,0.06917,0.06539,0.06646,151505487.9997
2022-08-03 00:00:00+00:00,0.06647,0.0684,0.06503,0.06616,117515042.86357
2022-08-04 00:00:00+00:00,0.06616,0.06764,0.06566,0.06723,118636799.84877
2022-08-05 00:00:00+00:00,0.06723,0.07032,0.06714,0.0698,173255719.41169
2022-08-06 00:00:00+00:00,0.06981,0.07133,0.06835,0.06863,137391861.96077
2022-08-07 00:00:00+00:00,0.06862,0.07,0.06728,0.0689,91282235.99505
2022-08-08 00:00:00+00:00,0.0689,0.07259,0.06876,0.07008,196453867.40536
2022-08-09 00:00:00+00:00,0.07008,0.0743,0.0675,0.06899,372587204.46092
2022-08-10 00:00:00+00:00,0.06899,0.07148,0.06655,0.07126,220536634.03688
2022-08-11 00:00:00+00:00,0.07126,0.07565,0.07036,0.07082,289610910.89803
2022-08-12 00:00:00+00:00,0.07082,0.07274,0.06957,0.0723,161495646.25612
2022-08-13 00:00:00+00:00,0.0723,0.07519,0.07178,0.0729,249413821.42389
2022-08-14 00:00:00+00:00,0.07291,0.08468,0.07259,0.08163,1167019496.29367
2022-08-15 00:00:00+00:00,0.08164,0.08204,0.07463,0.0766,606052730.62113
2022-08-16 00:00:00+00:00,0.07659,0.08955,0.0761,0.08672,2000164700.30156
2022-08-17 00:00:00+00:00,0.08671,0.08891,0.07929,0.08019,1017336596.87821
2022-08-18 00:00:00+00:00,0.08019,0.08225,0.07325,0.07469,537313165.70884
2022-08-19 00:00:00+00:00,0.0747,0.07526,0.06694,0.06771,711948052.2024
2022-08-20 00:00:00+00:00,0.06773,0.07114,0.06756,0.06929,366582979.1913
2022-08-21 00:00:00+00:00,0.0693,0.07076,0.06727,0.06926,289478474.03938
2022-08-22 00:00:00+00:00,0.06926,0.06938,0.06513,0.06838,374808399.93474
2022-08-23 00:00:00+00:00,0.06838,0.06921,0.06683,0.06881,214851212.94998
2022-08-24 00:00:00+00:00,0.06881,0.06964,0.06697,0.06786,206857604.49193
2022-08-25 00:00:00+00:00,0.06787,0.07181,0.06752,0.06892,303843989.93989
2022-08-26 00:00:00+00:00,0.06891,0.06952,0.06265,0.06346,380709354.10264
2022-08-27 00:00:00+00:00,0.06346,0.06409,0.06217,0.06347,189720711.06773
2022-08-28 00:00:00+00:00,0.06346,0.0643,0.06123,0.06172,161205656.558
2022-08-29 00:00:00+00:00,0.06172,0.0641,0.06082,0.0638,183794840.2404
2022-08-30 00:00:00+00:00,0.0638,0.06446,0.06,0.06149,190332258.08599
2022-08-31 00:00:00+00:00,0.06151,0.06342,0.06067,0.06129,184789956.97436
2022-09-01 00:00:00+00:00,0.06129,0.06261,0.05981,0.06236,189145638.06038
2022-09-02 00:00:00+00:00,0.06236,0.06285,0.06063,0.0616,153575153.9568
2022-09-03 00:00:00+00:00,0.06161,0.064,0.06107,0.06268,165628013.29206
2022-09-04 00:00:00+00:00,0.06269,0.06388,0.06181,0.0632,157756282.42998
2022-09-05 00:00:00+00:00,0.06319,0.06373,0.06087,0.06272,141549477.28661
2022-09-06 00:00:00+00:00,0.06272,0.0653,0.05785,0.05885,282468228.49474
2022-09-07 00:00:00+00:00,0.05884,0.0615,0.0573,0.06094,172605982.37104
2022-09-08 00:00:00+00:00,0.06094,0.0614,0.0596,0.06094,137158691.74715
2022-09-09 00:00:00+00:00,0.06095,0.06485,0.06086,0.06383,244947444.66543
2022-09-10 00:00:00+00:00,0.06384,0.06555,0.06311,0.06466,171564594.63115
2022-09-11 00:00:00+00:00,0.06465,0.06528,0.06252,0.06366,133702338.30705
2022-09-12 00:00:00+00:00,0.06366,0.06545,0.06256,0.06392,192417922.20121
2022-09-13 00:00:00+00:00,0.06392,0.06415,0.05915,0.0596,234747088.92565
2022-09-14 00:00:00+00:00,0.0596,0.06146,0.05909,0.06113,163853914.13752
2022-09-15 00:00:00+00:00,0.06113,0.06118,0.05842,0.05856,160259082.42357
2022-09-16 00:00:00+00:00,0.05856,0.06046,0.05803,0.0604,111374484.7624
2022-09-17 00:00:00+00:00,0.06041,0.06238,0.06015,0.06215,99014803.60729
2022-09-18 00:00:00+00:00,0.06216,0.06223,0.0559,0.0574,143808296.30152
2022-09-19 00:00:00+00:00,0.0574,0.05878,0.05576,0.0585,135753604.90167
2022-09-20 00:00:00+00:00,0.0585,0.0606,0.05755,0.05835,150469672.56093
2022-09-21 00:00:00+00:00,0.05835,0.0609,0.056,0.05711,211055426.58048
2022-09-22 00:00:00+00:00,0.0571,0.06004,0.05676,0.05956,136622405.72134
2022-09-23 00:00:00+00:00,0.05956,0.0643,0.05906,0.06334,417608785.45651
2022-09-24 00:00:00+00:00,0.06334,0.06828,0.06203,0.06304,706506631.22949
2022-09-25 00:00:00+00:00,0.06305,0.06385,0.06,0.06113,246987549.56811
2022-09-26 00:00:00+00:00,0.06112,0.06185,0.0597,0.0611,190770114.991
2022-09-27 00:00:00+00:00,0.06109,0.06304,0.05969,0.06044,197459850.65623
2022-09-28 00:00:00+00:00,0.06045,0.0611,0.05845,0.06047,158876060.92742
2022-09-29 00:00:00+00:00,0.06047,0.06107,0.05923,0.06085,122318031.28632
2022-09-30 00:00:00+00:00,0.06085,0.06224,0.05952,0.06165,211033243.55039
2022-10-01 00:00:00+00:00,0.06165,0.06341,0.06018,0.06056,200736371.72309
2022-10-02 00:00:00+00:00,0.06055,0.06095,0.05871,0.05923,114046323.5398
2022-10-03 00:00:00+00:00,0.05923,0.06056,0.05874,0.06028,112038705.94046
2022-10-04 00:00:00+00:00,0.06028,0.06644,0.05991,0.06581,633438681.10053
2022-10-05 00:00:00+00:00,0.0658,0.06687,0.06255,0.06473,617735299.85698
2022-10-06 00:00:00+00:00,0.06473,0.06683,0.06269,0.06343,327561096.18691
2022-10-07 00:00:00+00:00,0.06342,0.06383,0.06118,0.06233,175624697.60637
2022-10-08 00:00:00+00:00,0.06232,0.06265,0.0611,0.06159,82221395.64395
2022-10-09 00:00:00+00:00,0.06159,0.06239,0.06111,0.06209,81955595.68415
2022-10-10 00:00:00+00:00,0.06208,0.06248,0.05899,0.05934,155186052.18632
2022-10-11 00:00:00+00:00,0.05934,0.06084,0.05738,0.06021,176010077.98234
2022-10-12 00:00:00+00:00,0.06022,0.06098,0.05906,0.05978,129599059.14782
2022-10-13 00:00:00+00:00,0.05978,0.06022,0.05491,0.05958,272392886.83109
2022-10-14 00:00:00+00:00,0.05958,0.06104,0.05804,0.0586,142772289.4431
2022-10-15 00:00:00+00:00,0.05861,0.05974,0.05789,0.05853,89647647.19352
2022-10-16 00:00:00+00:00,0.05854,0.05944,0.05842,0.05886,70401598.31823
2022-10-17 00:00:00+00:00,0.05885,0.06017,0.05849,0.05994,90220831.70402
2022-10-18 00:00:00+00:00,0.05994,0.06118,0.05849,0.05973,181248747.88918
2022-10-19 00:00:00+00:00,0.05972,0.06075,0.05812,0.05862,223322023.49344
2022-10-20 00:00:00+00:00,0.05863,0.06035,0.05812,0.05939,154472610.91908
2022-10-21 00:00:00+00:00,0.0594,0.05947,0.05701,0.05931,135886365.20867
2022-10-22 00:00:00+00:00,0.05931,0.05992,0.05906,0.05966,66228073.98891
2022-10-23 00:00:00+00:00,0.05966,0.06048,0.05857,0.06035,87185919.2381
2022-10-24 00:00:00+00:00,0.06036,0.0609,0.0586,0.0594,146978222.72971
2022-10-25 00:00:00+00:00,0.05941,0.06428,0.05909,0.06299,365125871.44142
2022-10-26 00:00:00+00:00,0.06298,0.07359,0.06256,0.07262,1398026683.23525
2022-10-27 00:00:00+00:00,0.07262,0.08549,0.07168,0.07684,3936931255.10934
2022-10-28 00:00:00+00:00,0.07684,0.0885,0.07248,0.08381,4967894465.08102
2022-10-29 00:00:00+00:00,0.08381,0.15187,0.08276,0.12171,13181354591.13557
2022-10-30 00:00:00+00:00,0.12169,0.1435,0.1109,0.11768,7882018660.73159
2022-10-31 00:00:00+00:00,0.11768,0.13186,0.11367,0.12676,6915186485.5751
2022-11-01 00:00:00+00:00,0.12677,0.15888,0.12429,0.142,10365437233.7276
2022-11-02 00:00:00+00:00,0.14201,0.14805,0.1216,0.1276,6701002220.82
2022-11-03 00:00:00+00:00,0.1276,0.13697,0.11952,0.1225,3126559844.46195
2022-11-04 00:00:00+00:00,0.12251,0.12909,0.11545,0.12603,3320067721.28605
2022-11-05 00:00:00+00:00,0.12602,0.13587,0.11936,0.12438,2142934912.05866
2022-11-06 00:00:00+00:00,0.12437,0.12775,0.1116,0.11466,1550509761.19181
2022-11-07 00:00:00+00:00,0.11464,0.11909,0.10711,0.11116,1817886773.32993
2022-11-08 00:00:00+00:00,0.11116,0.1131,0.07636,0.08819,4179096054.98671
2022-11-09 00:00:00+00:00,0.08819,0.09219,0.07024,0.07445,3071269949.28895
2022-11-10 00:00:00+00:00,0.07445,0.09426,0.07295,0.08972,2101458043.17127
2022-11-11 00:00:00+00:00,0.08972,0.09395,0.08,0.08504,1246992272.22006
2022-11-12 00:00:00+00:00,0.08506,0.09529,0.07836,0.08809,2365023085.49932
2022-11-13 00:00:00+00:00,0.08809,0.09156,0.08254,0.08492,1212336428.01218
2022-11-14 00:00:00+00:00,0.08492,0.09145,0.07908,0.08591,1465058916.40613
2022-11-15 00:00:00+00:00,0.0859,0.08999,0.0847,0.08702,794357536.64312
2022-11-16 00:00:00+00:00,0.08702,0.09122,0.08325,0.08543,939365747.13927
2022-11-17 00:00:00+00:00,0.08543,0.08724,0.08232,0.08461,671596715.37015
2022-11-18 00:00:00+00:00,0.08462,0.08674,0.08355,0.08469,454133163.85799
2022-11-19 00:00:00+00:00,0.08469,0.08499,0.08297,0.08449,308428677.54077
2022-11-20 00:00:00+00:00,0.08449,0.0858,0.07611,0.07701,639649259.62707
2022-11-21 00:00:00+00:00,0.077,0.07736,0.0712,0.07464,995450561.83833
2022-11-22 00:00:00+00:00,0.07464,0.07981,0.07302,0.07872,758897727.35172
2022-11-23 00:00:00+00:00,0.07872,0.08352,0.07776,0.08193,681224197.52293
2022-11-24 00:00:00+00:00,0.08192,0.08436,0.08037,0.08141,405352958.01373
2022-11-25 00:00:00+00:00,0.08141,0.09192,0.08041,0.08943,1530273095.13363
2022-11-26 00:00:00+00:00,0.08943,0.09566,0.0869,0.08886,1393363577.75856
2022-11-27 00:00:00+00:00,0.08888,0.108,0.08874,0.09864,3165668305.06886
2022-11-28 00:00:00+00:00,0.09864,0.09978,0.09051,0.09507,2236402216.88098
2022-11-29 00:00:00+00:00,0.09506,0.10525,0.09355,0.10141,2358512541.94319
2022-11-30 00:00:00+00:00,0.10141,0.11045,0.09924,0.10671,2208021747.9616
2022-12-01 00:00:00+00:00,0.1067,0.10778,0.10015,0.10168,1478667814.77589
2022-12-02 00:00:00+00:00,0.10167,0.10353,0.09617,0.10202,1286906520.22403
2022-12-03 00:00:00+00:00,0.10203,0.10309,0.097,0.09965,1059194653.23378
2022-12-04 00:00:00+00:00,0.09964,0.10575,0.09948,0.10398,1293081579.94694
2022-12-05 00:00:00+00:00,0.10398,0.1118,0.099,0.10143,1525922512.99689
2022-12-06 00:00:00+00:00,0.10143,0.10272,0.09757,0.10012,791746393.01403
2022-12-07 00:00:00+00:00,0.10012,0.10118,0.0922,0.0957,809908120.13932
2022-12-08 00:00:00+00:00,0.0957,0.09917,0.0945,0.09843,712981376.93303
2022-12-09 00:00:00+00:00,0.09843,0.0994,0.09444,0.09666,519456682.07562
2022-12-10 00:00:00+00:00,0.09665,0.09741,0.096,0.09627,288815907.9092
2022-12-11 00:00:00+00:00,0.09627,0.09714,0.09133,0.09262,362313617.34649
2022-12-12 00:00:00+00:00,0.09261,0.09297,0.0802,0.09022,897287911.16875
2022-12-13 00:00:00+00:00,0.09021,0.09579,0.08678,0.091,1050801674.84317
2022-12-14 00:00:00+00:00,0.091,0.09244,0.08633,0.08821,711781715.27299
2022-12-15 00:00:00+00:00,0.0882,0.08878,0.08399,0.0848,543870631.17444
2022-12-16 00:00:00+00:00,0.08479,0.08684,0.07371,0.07565,947181017.89002
2022-12-17 00:00:00+00:00,0.07564,0.07945,0.07545,0.07913,608474607.39989
2022-12-18 00:00:00+00:00,0.07913,0.08,0.07754,0.07843,411045152.68049
2022-12-19 00:00:00+00:00,0.07843,0.07949,0.06952,0.0713,891801573.84453
2022-12-20 00:00:00+00:00,0.0713,0.07564,0.07098,0.07478,733153882.7901
2022-12-21 00:00:00+00:00,0.07479,0.07501,0.07129,0.07366,517789987.7613
2022-12-22 00:00:00+00:00,0.07367,0.07776,0.07323,0.07682,907680240.12214
2022-12-23 00:00:00+00:00,0.07683,0.07901,0.07582,0.07715,692564114.31301
2022-12-24 00:00:00+00:00,0.07715,0.07813,0.07656,0.07747,246012598.83752
2022-12-25 00:00:00+00:00,0.07747,0.07762,0.07277,0.07595,570662146.26274
2022-12-26 00:00:00+00:00,0.07595,0.07662,0.07398,0.07566,330250226.87009
2022-12-27 00:00:00+00:00,0.07566,0.07614,0.0725,0.07368,410000298.5714
2022-12-28 00:00:00+00:00,0.07368,0.07389,0.06906,0.07034,732228910.94179
2022-12-29 00:00:00+00:00,0.07035,0.0716,0.0692,0.07089,460305670.57805
2022-12-30 00:00:00+00:00,0.0709,0.07144,0.06552,0.06837,630451136.54835
2022-12-31 00:00:00+00:00,0.06836,0.07135,0.06791,0.07021,473533410.20179
2023-01-01 00:00:00+00:00,0.07022,0.07085,0.06901,0.0702,309131801.63862
2023-01-02 00:00:00+00:00,0.0702,0.07389,0.06901,0.07135,507487391.40015
2023-01-03 00:00:00+00:00,0.07136,0.07229,0.06913,0.07046,415706101.77531
2023-01-04 00:00:00+00:00,0.07046,0.0736,0.07016,0.07308,576259520.90397
2023-01-05 00:00:00+00:00,0.07309,0.0753,0.07,0.07148,590014334.83711
2023-01-06 00:00:00+00:00,0.07148,0.07278,0.06926,0.07238,499045260.38157
2023-01-07 00:00:00+00:00,0.07239,0.07306,0.07166,0.07218,212547955.13877
2023-01-08 00:00:00+00:00,0.07218,0.074,0.07117,0.07361,327071551.38133
2023-01-09 00:00:00+00:00,0.07361,0.07964,0.07293,0.07566,1093485176.84251
2023-01-10 00:00:00+00:00,0.07566,0.07791,0.0735,0.07785,644893963.43749
2023-01-11 00:00:00+00:00,0.07784,0.07862,0.07461,0.07814,538618097.21622
2023-01-12 00:00:00+00:00,0.07813,0.08135,0.0737,0.08026,955945623.58976
2023-01-13 00:00:00+00:00,0.08026,0.08528,0.07833,0.08453,750009584.83414
2023-01-14 00:00:00+00:00,0.08453,0.0929,0.0821,0.08732,1266507800.33309
2023-01-15 00:00:00+00:00,0.08733,0.08802,0.08276,0.08615,606518675.45869
2023-01-16 00:00:00+00:00,0.08615,0.08843,0.08142,0.08372,666644230.22429
2023-01-17 00:00:00+00:00,0.08373,0.08513,0.08171,0.08284,465266159.40783
2023-01-18 00:00:00+00:00,0.08284,0.08979,0.07648,0.07998,1365811611.7424
2023-01-19 00:00:00+00:00,0.07998,0.08215,0.07971,0.0816,443240233.95956
2023-01-20 00:00:00+00:00,0.0816,0.08727,0.08058,0.08623,591835636.49667
2023-01-21 00:00:00+00:00,0.08624,0.08928,0.0835,0.08472,770086582.99203
2023-01-22 00:00:00+00:00,0.08471,0.09347,0.08434,0.08828,957576886.14164
2023-01-23 00:00:00+00:00,0.08828,0.09164,0.08619,0.0886,780509111.52688
2023-01-24 00:00:00+00:00,0.0886,0.09094,0.082,0.0839,653709951.26845
2023-01-25 00:00:00+00:00,0.08391,0.08824,0.08152,0.08659,655808804.00712
2023-01-26 00:00:00+00:00,0.0866,0.08781,0.08438,0.08638,474348181.97655
2023-01-27 00:00:00+00:00,0.08639,0.08809,0.0835,0.08729,415665714.54523
2023-01-28 00:00:00+00:00,0.08728,0.09396,0.08665,0.08774,722444058.1273
2023-01-29 00:00:00+00:00,0.08773,0.09104,0.08725,0.09017,529119924.08696
2023-01-30 00:00:00+00:00,0.09017,0.09298,0.08426,0.08831,980368500.61833
2023-01-31 00:00:00+00:00,0.0883,0.09791,0.08824,0.09617,2105644187.83398
2023-02-01 00:00:00+00:00,0.09617,0.09725,0.0878,0.09412,1305825506.8376
2023-02-02 00:00:00+00:00,0.09412,0.09621,0.09001,0.09102,820863725.4133
2023-02-03 00:00:00+00:00,0.09101,0.09344,0.09031,0.09301,577438742.21881
2023-02-04 00:00:00+00:00,0.09301,0.09985,0.09255,0.09574,1218813831.80224
2023-02-05 00:00:00+00:00,0.09574,0.09702,0.0901,0.09204,822581767.05682
2023-02-06 00:00:00+00:00,0.09204,0.09329,0.0884,0.08954,484312672.10741
2023-02-07 00:00:00+00:00,0.08954,0.09276,0.08938,0.09253,450958936.56085
2023-02-08 00:00:00+00:00,0.09252,0.09348,0.08846,0.09017,485409998.01559
2023-02-09 00:00:00+00:00,0.09017,0.09096,0.07861,0.08144,876235745.91953
2023-02-10 00:00:00+00:00,0.08143,0.08304,0.0791,0.0808,532273481.85429
2023-02-11 00:00:00+00:00,0.08081,0.08256,0.08059,0.08222,228252637.19206
2023-02-12 00:00:00+00:00,0.08222,0.0858,0.08109,0.08211,514562392.45863
2023-02-13 00:00:00+00:00,0.08211,0.08644,0.07923,0.08202,840438357.80881
2023-02-14 00:00:00+00:00,0.08202,0.08372,0.07986,0.08358,484612263.39581
2023-02-15 00:00:00+00:00,0.08357,0.08961,0.08261,0.08925,975869151.94884
2023-02-16 00:00:00+00:00,0.08925,0.09204,0.08442,0.0849,973988562.26824
2023-02-17 00:00:00+00:00,0.08491,0.08855,0.08426,0.08777,503362348.40392
2023-02-18 00:00:00+00:00,0.08777,0.09051,0.08679,0.08888,428449752.8075
2023-02-19 00:00:00+00:00,0.08889,0.09013,0.08548,0.08704,511288316.84223
2023-02-20 00:00:00+00:00,0.08703,0.08883,0.0851,0.08835,379483113.45713
2023-02-21 00:00:00+00:00,0.08835,0.08896,0.08416,0.08546,485282928.76729
2023-02-22 00:00:00+00:00,0.08545,0.09076,0.08281,0.0855,845180645.28329
2023-02-23 00:00:00+00:00,0.0855,0.08644,0.08348,0.08423,372914928.18898
2023-02-24 00:00:00+00:00,0.08423,0.085,0.07907,0.08088,467492124.2626
2023-02-25 00:00:00+00:00,0.08088,0.08215,0.07822,0.08071,284991262.48834
2023-02-26 00:00:00+00:00,0.0807,0.08264,0.08036,0.08213,186901258.34679
2023-02-27 00:00:00+00:00,0.08213,0.08231,0.07988,0.08134,311857343.63558
2023-02-28 00:00:00+00:00,0.08133,0.08313,0.07984,0.08083,402387641.33958
2023-03-01 00:00:00+00:00,0.08083,0.08285,0.08018,0.0819,247036266.22507
2023-03-02 00:00:00+00:00,0.08191,0.08228,0.07957,0.08056,223690437.99431
2023-03-03 00:00:00+00:00,0.08057,0.08063,0.07185,0.07682,470062620.58524
2023-03-04 00:00:00+00:00,0.07682,0.07724,0.0725,0.07458,249196048.03475
2023-03-05 00:00:00+00:00,0.07458,0.07603,0.07424,0.07471,207171128.61248
2023-03-06 00:00:00+00:00,0.07472,0.07511,0.07313,0.07476,225532817.09225
2023-03-07 00:00:00+00:00,0.07475,0.07595,0.07219,0.07404,315979882.13044
2023-03-08 00:00:00+00:00,0.07405,0.0743,0.06976,0.07108,345437944.50342
2023-03-09 00:00:00+00:00,0.07108,0.07227,0.0638,0.0659,517484434.2045
2023-03-10 00:00:00+00:00,0.0659,0.06614,0.06244,0.06567,463364391.82741
2023-03-11 00:00:00+00:00,0.06567,0.06816,0.06305,0.06601,406656167.03923
2023-03-12 00:00:00+00:00,0.06602,0.07085,0.06512,0.0705,346663472.61284
2023-03-13 00:00:00+00:00,0.0705,0.07349,0.0681,0.07276,512055502.81445
2023-03-14 00:00:00+00:00,0.07276,0.07768,0.07106,0.07461,667462051.13776
2023-03-15 00:00:00+00:00,0.0746,0.07596,0.0673,0.0696,600498407.91904
2023-03-16 00:00:00+00:00,0.0696,0.07406,0.06869,0.07253,447958393.75425
2023-03-17 00:00:00+00:00,0.07254,0.07726,0.07142,0.07642,545840410.22944
2023-03-18 00:00:00+00:00,0.07642,0.07895,0.07203,0.07294,635124242.25
2023-03-19 00:00:00+00:00,0.07294,0.07654,0.07293,0.0745,405129490.12848
2023-03-20 00:00:00+00:00,0.07451,0.07559,0.07022,0.07133,504425500.2658
2023-03-21 00:00:00+00:00,0.07133,0.0779,0.07025,0.0766,673795300.3428
2023-03-22 00:00:00+00:00,0.07659,0.07813,0.07123,0.07382,683451281.78334
2023-03-23 00:00:00+00:00,0.07382,0.07955,0.07289,0.07733,645679201.54917
2023-03-24 00:00:00+00:00,0.07733,0.07747,0.07266,0.07448,402534644.32329
2023-03-25 00:00:00+00:00,0.07448,0.07594,0.07234,0.07398,251009880.46946
2023-03-26 00:00:00+00:00,0.07398,0.07544,0.07328,0.07431,209770512.15456
2023-03-27 00:00:00+00:00,0.0743,0.07615,0.07116,0.07284,404993592.57919
2023-03-28 00:00:00+00:00,0.07284,0.07401,0.07159,0.07378,259461455.99631
2023-03-29 00:00:00+00:00,0.07378,0.07682,0.07346,0.07553,335428527.31106
2023-03-30 00:00:00+00:00,0.07553,0.07684,0.07292,0.07417,319226457.72758
2023-03-31 00:00:00+00:00,0.07416,0.07789,0.07331,0.0769,329178091.96118
2023-04-01 00:00:00+00:00,0.07691,0.08337,0.07582,0.08183,762839688.05683
2023-04-02 00:00:00+00:00,0.08182,0.08559,0.07706,0.079,1101117031.03879
2023-04-03 00:00:00+00:00,0.07899,0.10523,0.07552,0.09596,4836269172.56687
2023-04-04 00:00:00+00:00,0.09597,0.10357,0.09202,0.09514,4237824719.97455
2023-04-05 00:00:00+00:00,0.09514,0.09921,0.09029,0.09269,2027188679.36979
2023-04-06 00:00:00+00:00,0.09268,0.09276,0.084,0.08539,1888610516.37559
2023-04-07 00:00:00+00:00,0.08538,0.0862,0.081,0.08217,1158971329.54881
2023-04-08 00:00:00+00:00,0.08217,0.0838,0.08,0.0813,611272602.75504
2023-04-09 00:00:00+00:00,0.08129,0.08393,0.08102,0.08313,545507636.61784
2023-04-10 00:00:00+00:00,0.08314,0.08538,0.08216,0.08471,484409619.41196
2023-04-11 00:00:00+00:00,0.0847,0.08574,0.08352,0.08406,484973373.07402
2023-04-12 00:00:00+00:00,0.08406,0.08478,0.07998,0.08343,693355377.32113
2023-04-13 00:00:00+00:00,0.08343,0.08888,0.08281,0.08731,874003618.41029
2023-04-14 00:00:00+00:00,0.0873,0.0915,0.08507,0.08869,1158027024.65775
2023-04-15 00:00:00+00:00,0.08868,0.09064,0.0871,0.08891,459873004.87146
2023-04-16 00:00:00+00:00,0.0889,0.09196,0.08762,0.09045,613985132.89906
2023-04-17 00:00:00+00:00,0.09045,0.095,0.08803,0.09141,1734325476.0318
2023-04-18 00:00:00+00:00,0.09141,0.09538,0.08974,0.09415,1045735707.27555
2023-04-19 00:00:00+00:00,0.09414,0.09415,0.0835,0.08782,1354430834.76805
2023-04-20 00:00:00+00:00,0.08782,0.09353,0.08238,0.08386,2591365121.52
2023-04-21 00:00:00+00:00,0.08386,0.08467,0.07589,0.07837,982347249.71792
2023-04-22 00:00:00+00:00,0.07837,0.08096,0.07811,0.08025,395667449.49601
2023-04-23 00:00:00+00:00,0.08025,0.08082,0.07626,0.07873,425108401.40067
2023-04-24 00:00:00+00:00,0.07873,0.08004,0.07708,0.07869,429496504.77591
2023-04-25 00:00:00+00:00,0.0787,0.07994,0.07743,0.07974,366650426.6701
2023-04-26 00:00:00+00:00,0.07974,0.08357,0.07452,0.07853,818794874.69832
2023-04-27 00:00:00+00:00,0.07853,0.08097,0.07832,0.0801,504809477.76674
2023-04-28 00:00:00+00:00,0.08009,0.08072,0.07893,0.08029,268658797.54208
2023-04-29 00:00:00+00:00,0.08029,0.08192,0.08013,0.08153,253141012.31354
2023-04-30 00:00:00+00:00,0.08153,0.08173,0.07918,0.07947,264489790.5093
2023-05-01 00:00:00+00:00,0.07946,0.07999,0.07722,0.07875,327404095.95197
2023-05-02 00:00:00+00:00,0.07875,0.07907,0.07746,0.07871,224710876.20234
2023-05-03 00:00:00+00:00,0.07872,0.0807,0.07703,0.07958,384609158.55739
2023-05-04 00:00:00+00:00,0.07959,0.07968,0.07787,0.07833,260516355.96066
2023-05-05 00:00:00+00:00,0.07833,0.08148,0.07669,0.08016,402931318.67495
2023-05-06 00:00:00+00:00,0.08015,0.08048,0.07545,0.07668,339244388.70674
2023-05-07 00:00:00+00:00,0.07668,0.07746,0.0761,0.07648,192593612.35306
2023-05-08 00:00:00+00:00,0.07648,0.07712,0.06928,0.07234,475963424.74011
2023-05-09 00:00:00+00:00,0.07233,0.07328,0.072,0.07304,245246522.347
2023-05-10 00:00:00+00:00,0.07304,0.07467,0.0702,0.07308,413521452.7909
2023-05-11 00:00:00+00:00,0.07309,0.07314,0.06882,0.0719,437782049.1118
2023-05-12 00:00:00+00:00,0.07191,0.07273,0.06928,0.07229,455307516.59615
2023-05-13 00:00:00+00:00,0.0723,0.07236,0.07126,0.07164,152268658.49423
2023-05-14 00:00:00+00:00,0.07165,0.07263,0.071,0.07191,139279840.29192
2023-05-15 00:00:00+00:00,0.07191,0.07365,0.0708,0.07186,232575831.73877
2023-05-16 00:00:00+00:00,0.07186,0.07323,0.07082,0.07271,211654403.76733
2023-05-17 00:00:00+00:00,0.0727,0.07545,0.07224,0.07479,450447542.13961
2023-05-18 00:00:00+00:00,0.0748,0.0749,0.07154,0.07339,447675819.97479
2023-05-19 00:00:00+00:00,0.0734,0.07403,0.07292,0.07346,211015660.30527
2023-05-20 00:00:00+00:00,0.07345,0.07387,0.07301,0.07357,107965808.84914
2023-05-21 00:00:00+00:00,0.07357,0.07398,0.07184,0.07207,161855793.41004
2023-05-22 00:00:00+00:00,0.07206,0.074,0.07063,0.07287,281397594.80443
2023-05-23 00:00:00+00:00,0.07288,0.07395,0.07239,0.07284,159132377.88637
2023-05-24 00:00:00+00:00,0.07284,0.07286,0.06901,0.07059,293812783.5362
2023-05-25 00:00:00+00:00,0.07059,0.07123,0.06828,0.07085,204908367.71821
2023-05-26 00:00:00+00:00,0.07084,0.07135,0.07032,0.07092,159826547.80496
2023-05-27 00:00:00+00:00,0.07091,0.07345,0.07062,0.07254,194443932.34373
2023-05-28 00:00:00+00:00,0.07254,0.07398,0.07179,0.07351,219133189.21494
2023-05-29 00:00:00+00:00,0.0735,0.07401,0.07259,0.0731,167462142.10585
2023-05-30 00:00:00+00:00,0.0731,0.07345,0.07194,0.07227,178035507.49005
2023-05-31 00:00:00+00:00,0.07227,0.07264,0.0704,0.07161,172404964.14877
2023-06-01 00:00:00+00:00,0.0716,0.07218,0.07063,0.07139,163659033.85529
2023-06-02 00:00:00+00:00,0.07139,0.07332,0.07077,0.07257,178122278.80056
2023-06-03 00:00:00+00:00,0.07256,0.07297,0.07209,0.07268,96680349.93205
2023-06-04 00:00:00+00:00,0.07268,0.07335,0.07227,0.07246,115283234.55395
2023-06-05 00:00:00+00:00,0.07246,0.0727,0.06272,0.06635,424910449.98248
2023-06-06 00:00:00+00:00,0.06636,0.07199,0.06574,0.07021,517510170.43391
2023-06-07 00:00:00+00:00,0.07021,0.07029,0.06661,0.06723,307696055.66325
2023-06-08 00:00:00+00:00,0.06723,0.06852,0.06693,0.06791,152753332.496
2023-06-09 00:00:00+00:00,0.06791,0.07116,0.06724,0.06943,345899513.40343
2023-06-10 00:00:00+00:00,0.06943,0.07217,0.05258,0.06168,911558825.1851
2023-06-11 00:00:00+00:00,0.06169,0.06287,0.06079,0.06147,253372765.61054
2023-06-12 00:00:00+00:00,0.06147,0.06167,0.05962,0.06139,208851352.44874
2023-06-13 00:00:00+00:00,0.06138,0.06288,0.06034,0.0617,228574024.87112
2023-06-14 00:00:00+00:00,0.06171,0.06216,0.05803,0.06032,245241000.53062
2023-06-15 00:00:00+00:00,0.06032,0.06195,0.05971,0.0615,259126379.23451
2023-06-16 00:00:00+00:00,0.0615,0.06285,0.06066,0.06215,213089484.25482
2023-06-17 00:00:00+00:00,0.06214,0.06298,0.06168,0.06214,131019201.58528
2023-06-18 00:00:00+00:00,0.06215,0.06395,0.06095,0.06205,289548141.94518
2023-06-19 00:00:00+00:00,0.06205,0.06284,0.06144,0.0624,148146292.01304
2023-06-20 00:00:00+00:00,0.0624,0.0631,0.06066,0.0631,192709852.13876
2023-06-21 00:00:00+00:00,0.06309,0.06676,0.06277,0.06555,401282225.29104
2023-06-22 00:00:00+00:00,0.06555,0.06935,0.06476,0.06553,418328930.15684
2023-06-23 00:00:00+00:00,0.06552,0.07013,0.06511,0.06822,311399365.87947
2023-06-24 00:00:00+00:00,0.06823,0.0684,0.06476,0.06665,246918235.43938
2023-06-25 00:00:00+00:00,0.06665,0.068,0.06629,0.06669,179689480.74035
2023-06-26 00:00:00+00:00,0.06669,0.06678,0.06303,0.06467,243098295.38658
2023-06-27 00:00:00+00:00,0.06467,0.06578,0.06416,0.06553,202251979.22626
2023-06-28 00:00:00+00:00,0.06553,0.06593,0.05969,0.06251,287577512.47276
2023-06-29 00:00:00+00:00,0.0625,0.06405,0.06233,0.06338,158838345.93778
2023-06-30 00:00:00+00:00,0.06337,0.06694,0.06058,0.06642,456779148.118
2023-07-01 00:00:00+00:00,0.06642,0.07138,0.06634,0.0685,501073387.40282
2023-07-02 00:00:00+00:00,0.06849,0.06919,0.06577,0.06802,355704863.82477
2023-07-03 00:00:00+00:00,0.06801,0.06878,0.06722,0.06843,230899197.69162
2023-07-04 00:00:00+00:00,0.06842,0.07188,0.06762,0.06888,554601829.51841
2023-07-05 00:00:00+00:00,0.06889,0.06951,0.0653,0.06695,293372306.5631
2023-07-06 00:00:00+00:00,0.06696,0.06856,0.06456,0.06479,308502778.56859
2023-07-07 00:00:00+00:00,0.06479,0.06584,0.064,0.06534,195552840.83872
2023-07-08 00:00:00+00:00,0.06533,0.06605,0.06466,0.06568,136065781.57672
2023-07-09 00:00:00+00:00,0.06568,0.06633,0.06503,0.06531,129787302.6407
2023-07-10 00:00:00+00:00,0.06531,0.06617,0.063,0.0652,287814827.10521
2023-07-11 00:00:00+00:00,0.0652,0.06545,0.06432,0.06524,147653313.87911
2023-07-12 00:00:00+00:00,0.06524,0.06568,0.06355,0.06498,190009071.13235
2023-07-13 00:00:00+00:00,0.06499,0.07173,0.0645,0.07042,687862983.06521
2023-07-14 00:00:00+00:00,0.07042,0.07319,0.06581,0.06845,726623015.46501
2023-07-15 00:00:00+00:00,0.06846,0.07525,0.06763,0.07193,1085146360.0106
2023-07-16 00:00:00+00:00,0.07193,0.0722,0.06875,0.06948,470039566.68284
2023-07-17 00:00:00+00:00,0.06948,0.07324,0.06719,0.0698,557718940.94073
2023-07-18 00:00:00+00:00,0.06979,0.07029,0.06679,0.06862,292182149.99975
2023-07-19 00:00:00+00:00,0.06861,0.0725,0.0682,0.07,536098453.93142
2023-07-20 00:00:00+00:00,0.06999,0.07388,0.06919,0.07056,699625298.75705
2023-07-21 00:00:00+00:00,0.07056,0.07685,0.07022,0.07318,1016681027.18733
2023-07-22 00:00:00+00:00,0.07318,0.07328,0.069,0.07044,395770374.11121
2023-07-23 00:00:00+00:00,0.07043,0.07295,0.06991,0.07176,335502597.19941
2023-07-24 00:00:00+00:00,0.07176,0.07823,0.07011,0.07417,2376420416.03717
2023-07-25 00:00:00+00:00,0.07417,0.08387,0.07356,0.08183,3149053971.35036
2023-07-26 00:00:00+00:00,0.08182,0.08227,0.0764,0.0779,1793618790.52611
2023-07-27 00:00:00+00:00,0.07789,0.07994,0.07658,0.07758,864061388.16689
2023-07-28 00:00:00+00:00,0.07757,0.07787,0.07567,0.07714,557859566.59509
2023-07-29 00:00:00+00:00,0.07714,0.08275,0.07676,0.0802,768991232.86698
2023-07-30 00:00:00+00:00,0.0802,0.0805,0.07576,0.07798,733876700.99822
2023-07-31 00:00:00+00:00,0.07797,0.07979,0.0765,0.0778,600340327.65769
2023-08-01 00:00:00+00:00,0.07779,0.0793,0.0748,0.07811,560029247.90576
2023-08-02 00:00:00+00:00,0.07812,0.07832,0.07366,0.07418,578848887.70574
2023-08-03 00:00:00+00:00,0.07418,0.07498,0.07229,0.07355,511175911.05198
2023-08-04 00:00:00+00:00,0.07354,0.0749,0.0724,0.07342,420046473.21866
2023-08-05 00:00:00+00:00,0.07341,0.0771,0.07286,0.07569,697085503.88529
2023-08-06 00:00:00+00:00,0.07568,0.07647,0.07401,0.07425,396953960.68076
2023-08-07 00:00:00+00:00,0.07425,0.07569,0.07132,0.07352,467074313.25983
2023-08-08 00:00:00+00:00,0.07351,0.07549,0.07316,0.07494,374657291.31627
2023-08-09 00:00:00+00:00,0.07494,0.07619,0.07415,0.07539,336661824.68469
2023-08-10 00:00:00+00:00,0.07539,0.07693,0.07511,0.07584,460614561.82254
2023-08-11 00:00:00+00:00,0.07584,0.07608,0.0747,0.07569,248399421.63271
2023-08-12 00:00:00+00:00,0.07569,0.07746,0.07557,0.07667,352221461.04473
2023-08-13 00:00:00+00:00,0.07666,0.07685,0.07411,0.07473,279170228.71248
2023-08-14 00:00:00+00:00,0.07473,0.07713,0.07355,0.07466,500660603.99283
2023-08-15 00:00:00+00:00,0.07466,0.07494,0.0676,0.07085,475615101.44806
2023-08-16 00:00:00+00:00,0.07086,0.07121,0.0659,0.06715,467647644.44183
2023-08-17 00:00:00+00:00,0.06714,0.06839,0.055,0.06098,744623419.50798
2023-08-18 00:00:00+00:00,0.06098,0.06381,0.05982,0.0632,521672404.7277
2023-08-19 00:00:00+00:00,0.0632,0.06447,0.06302,0.06375,225792058.2177
2023-08-20 00:00:00+00:00,0.06376,0.06476,0.06331,0.06379,180413786.76147
2023-08-21 00:00:00+00:00,0.0638,0.06409,0.06022,0.06248,311562032.1853
2023-08-22 00:00:00+00:00,0.06248,0.0635,0.0601,0.06255,349151354.98602
2023-08-23 00:00:00+00:00,0.06255,0.0661,0.0624,0.06373,332923901.09128
2023-08-24 00:00:00+00:00,0.06374,0.064,0.0617,0.06303,212884192.22762
2023-08-25 00:00:00+00:00,0.06303,0.06313,0.0616,0.06308,200056537.14401
2023-08-26 00:00:00+00:00,0.06308,0.06337,0.06255,0.06284,75328130.98887
2023-08-27 00:00:00+00:00,0.06284,0.06376,0.06265,0.06313,106949864.37193
2023-08-28 00:00:00+00:00,0.06313,0.06366,0.06182,0.06342,180392183.97257
2023-08-29 00:00:00+00:00,0.06341,0.0686,0.06236,0.06636,606280644.51381
2023-08-30 00:00:00+00:00,0.06637,0.06645,0.0642,0.06583,256636732.63742
2023-08-31 00:00:00+00:00,0.06583,0.067,0.06253,0.06376,430824289.33714
2023-09-01 00:00:00+00:00,0.06375,0.06427,0.06221,0.06384,255924249.51358
2023-09-02 00:00:00+00:00,0.06383,0.06499,0.06251,0.06345,201660926.2417
2023-09-03 00:00:00+00:00,0.06345,0.06372,0.0627,0.06313,101501994.29195
2023-09-04 00:00:00+00:00,0.06313,0.06381,0.06198,0.06323,155913058.5645
2023-09-05 00:00:00+00:00,0.06323,0.06433,0.06282,0.064,230806373.86194
2023-09-06 00:00:00+00:00,0.064,0.06461,0.06238,0.0636,221657344.41799
2023-09-07 00:00:00+00:00,0.06361,0.06381,0.06273,0.06363,148873025.93046
2023-09-08 00:00:00+00:00,0.06363,0.06399,0.06231,0.06369,151357501.60295
2023-09-09 00:00:00+00:00,0.06368,0.06389,0.06312,0.06335,84597290.02645
2023-09-10 00:00:00+00:00,0.06336,0.06337,0.0592,0.06126,246072175.6022
2023-09-11 00:00:00+00:00,0.06127,0.06198,0.0591,0.06044,320986793.04021
2023-09-12 00:00:00+00:00,0.06044,0.06243,0.06038,0.06086,280308638.51373
2023-09-13 00:00:00+00:00,0.06085,0.06178,0.06044,0.06121,204157492.66759
2023-09-14 00:00:00+00:00,0.06121,0.0625,0.06104,0.06203,225392685.13125
2023-09-15 00:00:00+00:00,0.06203,0.06293,0.06132,0.06246,162840519.60721
2023-09-16 00:00:00+00:00,0.06247,0.06296,0.0617,0.06209,150534904.10678
2023-09-17 00:00:00+00:00,0.0621,0.06252,0.06085,0.06141,176565594.28235
2023-09-18 00:00:00+00:00,0.06142,0.0628,0.0609,0.06195,252876156.72329
2023-09-19 00:00:00+00:00,0.06195,0.06321,0.06176,0.06264,214452186.85119
2023-09-20 00:00:00+00:00,0.06264,0.063,0.06123,0.06259,211836031.36266
2023-09-21 00:00:00+00:00,0.06259,0.06346,0.06097,0.06125,270871828.09734
2023-09-22 00:00:00+00:00,0.06126,0.06184,0.06053,0.06148,146731916.71503
2023-09-23 00:00:00+00:00,0.06149,0.06198,0.06121,0.06147,111971902.59157
2023-09-24 00:00:00+00:00,0.06148,0.06171,0.06018,0.06064,106605521.2067
2023-09-25 00:00:00+00:00,0.06064,0.06121,0.06003,0.0609,108095106.92235
2023-09-26 00:00:00+00:00,0.0609,0.06112,0.05894,0.06059,165738047.27145
2023-09-27 00:00:00+00:00,0.06059,0.06144,0.06011,0.06048,182183339.13244
2023-09-28 00:00:00+00:00,0.06048,0.06166,0.06033,0.06148,232508832.11781
2023-09-29 00:00:00+00:00,0.06147,0.06248,0.06126,0.06208,234961611.46033
2023-09-30 00:00:00+00:00,0.06209,0.06271,0.06168,0.06203,170603983.55558
2023-10-01 00:00:00+00:00,0.06203,0.06356,0.06162,0.06317,221371072.97948
2023-10-02 00:00:00+00:00,0.06318,0.06418,0.06033,0.06196,382537315.48943
2023-10-03 00:00:00+00:00,0.06196,0.06227,0.06103,0.06132,189075446.88103
2023-10-04 00:00:00+00:00,0.06133,0.06153,0.05994,0.06141,199827968.86422
2023-10-05 00:00:00+00:00,0.0614,0.06162,0.06053,0.06083,161041933.82602
2023-10-06 00:00:00+00:00,0.06083,0.06155,0.06065,0.06132,144738691.95841
2023-10-07 00:00:00+00:00,0.06133,0.06164,0.06101,0.0614,75944073.921
2023-10-08 00:00:00+00:00,0.0614,0.06158,0.0606,0.0609,84981324.39491
2023-10-09 00:00:00+00:00,0.0609,0.06098,0.05638,0.05869,315342761.63738
2023-10-10 00:00:00+00:00,0.05869,0.05918,0.05841,0.05907,145737586.41056
2023-10-11 00:00:00+00:00,0.05907,0.05945,0.05749,0.05847,190418338.33119
2023-10-12 00:00:00+00:00,0.05848,0.05849,0.05678,0.05785,136900352.86847
2023-10-13 00:00:00+00:00,0.05786,0.05945,0.05775,0.05836,157644223.00722
2023-10-14 00:00:00+00:00,0.05837,0.05997,0.05831,0.05983,113913781.2888
2023-10-15 00:00:00+00:00,0.05983,0.05984,0.05895,0.05929,94680959.88891
2023-10-16 00:00:00+00:00,0.0593,0.0618,0.05903,0.05995,313377273.51179
2023-10-17 00:00:00+00:00,0.05995,0.06013,0.058,0.05899,162371350.26215
2023-10-18 00:00:00+00:00,0.059,0.05931,0.05822,0.05854,145547645.06775
2023-10-19 00:00:00+00:00,0.05854,0.05896,0.05721,0.05881,156750061.10959
2023-10-20 00:00:00+00:00,0.05882,0.06046,0.05859,0.05987,216515735.01029
2023-10-21 00:00:00+00:00,0.05988,0.06144,0.05937,0.06117,187836065.82332
2023-10-22 00:00:00+00:00,0.06117,0.06173,0.05961,0.06167,197895123.08448
2023-10-23 00:00:00+00:00,0.06166,0.06796,0.06127,0.06745,834315957.98874
2023-10-24 00:00:00+00:00,0.06745,0.07013,0.0638,0.06661,830789413.76448
2023-10-25 00:00:00+00:00,0.06661,0.06985,0.06459,0.06836,685062508.89726
2023-10-26 00:00:00+00:00,0.06835,0.07523,0.06782,0.07189,1216307044.20913
2023-10-27 00:00:00+00:00,0.07188,0.07248,0.06703,0.06779,492726576.66779
2023-10-28 00:00:00+00:00,0.06778,0.06988,0.06752,0.06903,275510389.05891
2023-10-29 00:00:00+00:00,0.06903,0.07028,0.06719,0.06939,219401355.74274
2023-10-30 00:00:00+00:00,0.0694,0.07049,0.06752,0.06963,325162048.58847
2023-10-31 00:00:00+00:00,0.06964,0.07093,0.06549,0.06826,474492218.19221
2023-11-01 00:00:00+00:00,0.06827,0.06977,0.06555,0.06897,429913495.3741
2023-11-02 00:00:00+00:00,0.06898,0.07099,0.06661,0.06793,466342547.55613
2023-11-03 00:00:00+00:00,0.06793,0.06829,0.06619,0.06813,199204709.36663
2023-11-04 00:00:00+00:00,0.06812,0.06935,0.06789,0.06914,156583799.14612
2023-11-05 00:00:00+00:00,0.06914,0.07179,0.06886,0.07111,403232056.21154
2023-11-06 00:00:00+00:00,0.07112,0.07658,0.07027,0.07643,711429301.09679
2023-11-07 00:00:00+00:00,0.07643,0.07654,0.0715,0.07341,701760386.72514
2023-11-08 00:00:00+00:00,0.07341,0.07738,0.0728,0.0754,449117945.26333
2023-11-09 00:00:00+00:00,0.0754,0.07804,0.06414,0.07358,898314601.03583
2023-11-10 00:00:00+00:00,0.07358,0.07565,0.0724,0.07547,427612638.83048
2023-11-11 00:00:00+00:00,0.07547,0.08198,0.07443,0.0785,1085382319.42369
2023-11-12 00:00:00+00:00,0.07851,0.08046,0.075,0.07801,521772672.75437
2023-11-13 00:00:00+00:00,0.07802,0.07963,0.07335,0.07455,645945175.76668
2023-11-14 00:00:00+00:00,0.07456,0.07567,0.06835,0.07247,578985202.43314
2023-11-15 00:00:00+00:00,0.07247,0.0766,0.07228,0.07629,400890417.44941
2023-11-16 00:00:00+00:00,0.07628,0.08354,0.07597,0.07949,1556565294.07561
2023-11-17 00:00:00+00:00,0.07949,0.08763,0.07911,0.08645,2251855055.52167
2023-11-18 00:00:00+00:00,0.08645,0.08667,0.0792,0.08032,1575097925.31766
2023-11-19 00:00:00+00:00,0.08032,0.08069,0.07739,0.0805,705499025.69919
2023-11-20 00:00:00+00:00,0.0805,0.0823,0.07642,0.07774,739561785.82087
2023-11-21 00:00:00+00:00,0.07774,0.0788,0.0705,0.07176,777011296.35596
2023-11-22 00:00:00+00:00,0.07176,0.07661,0.07153,0.07574,387231560.94439
2023-11-23 00:00:00+00:00,0.07574,0.0764,0.07492,0.0762,248974076.73735
2023-11-24 00:00:00+00:00,0.07621,0.07866,0.07602,0.07816,384231641.72132
2023-11-25 00:00:00+00:00,0.07816,0.07917,0.07754,0.07895,246389840.20958
2023-11-26 00:00:00+00:00,0.07894,0.07901,0.07524,0.07865,334436664.33964
2023-11-27 00:00:00+00:00,0.07865,0.08159,0.07675,0.07883,728372789.93364
2023-11-28 00:00:00+00:00,0.07883,0.08125,0.07667,0.08087,615449218.68819
2023-11-29 00:00:00+00:00,0.08086,0.08318,0.07958,0.08047,629252329.51854
2023-11-30 00:00:00+00:00,0.08046,0.08444,0.0804,0.08347,613376583.11947
2023-12-01 00:00:00+00:00,0.08347,0.08511,0.0823,0.08385,538871189.62522
2023-12-02 00:00:00+00:00,0.08385,0.08668,0.08325,0.08623,398383588.88272
2023-12-03 00:00:00+00:00,0.08623,0.0875,0.08359,0.08574,483196745.25049
2023-12-04 00:00:00+00:00,0.08575,0.09271,0.08462,0.09197,1148963980.68609
2023-12-05 00:00:00+00:00,0.09198,0.09594,0.08726,0.09439,1009627937.06762
2023-12-06 00:00:00+00:00,0.0944,0.10659,0.09344,0.095,2359181579.66961
2023-12-07 00:00:00+00:00,0.09501,0.09838,0.093,0.09595,1051851141.69072
2023-12-08 00:00:00+00:00,0.09595,0.10399,0.09563,0.10174,812787799.6669
2023-12-09 00:00:00+00:00,0.10173,0.10498,0.09727,0.09856,890630091.32106
2023-12-10 00:00:00+00:00,0.09856,0.10284,0.09669,0.10197,547478008.05416
2023-12-11 00:00:00+00:00,0.10197,0.10758,0.08902,0.09413,1680377864.00893
2023-12-12 00:00:00+00:00,0.09413,0.09809,0.0913,0.09385,746639542.80907
2023-12-13 00:00:00+00:00,0.09384,0.09759,0.08973,0.09647,650416793.12169
2023-12-14 00:00:00+00:00,0.09647,0.09881,0.0929,0.09837,575509596.41388
2023-12-15 00:00:00+00:00,0.09837,0.09887,0.0921,0.09305,432161874.81904
2023-12-16 00:00:00+00:00,0.09305,0.0973,0.09162,0.09715,437417911.66944
2023-12-17 00:00:00+00:00,0.09715,0.0979,0.0924,0.09299,437508277.39207
2023-12-18 00:00:00+00:00,0.093,0.09384,0.08637,0.09215,613809532.11049
2023-12-19 00:00:00+00:00,0.09214,0.09355,0.0893,0.09025,414365898.13108
2023-12-20 00:00:00+00:00,0.09026,0.09343,0.08949,0.09158,505191847.49964
2023-12-21 00:00:00+00:00,0.09158,0.0981,0.09071,0.09509,748867642.73541
2023-12-22 00:00:00+00:00,0.09509,0.0957,0.092,0.09505,515001411.97901
2023-12-23 00:00:00+00:00,0.09505,0.09512,0.09207,0.09353,265301862.37549
2023-12-24 00:00:00+00:00,0.09352,0.09498,0.09022,0.09176,467034596.02942
2023-12-25 00:00:00+00:00,0.09176,0.09564,0.09127,0.09445,367096242.38795
2023-12-26 00:00:00+00:00,0.09445,0.09456,0.0855,0.09143,503185314.84557
2023-12-27 00:00:00+00:00,0.09144,0.09397,0.08959,0.09378,382952015.50736
2023-12-28 00:00:00+00:00,0.09378,0.0951,0.09108,0.0918,451184104.0107
2023-12-29 00:00:00+00:00,0.09181,0.0931,0.08754,0.09103,415031698.71796
2023-12-30 00:00:00+00:00,0.09102,0.09151,0.08925,0.09007,201579277.85829
2023-12-31 00:00:00+00:00,0.09007,0.091,0.088,0.08957,182532904.86928
2024-01-01 00:00:00+00:00,0.08958,0.0922,0.08852,0.09209,199675665.9871
2024-01-02 00:00:00+00:00,0.09208,0.0945,0.0904,0.09115,444095404.80874
2024-01-03 00:00:00+00:00,0.09116,0.09222,0.07358,0.08197,848756379.51417
2024-01-04 00:00:00+00:00,0.08198,0.08466,0.08091,0.084,382232034.7329
2024-01-05 00:00:00+00:00,0.084,0.08482,0.07855,0.08266,517768880.29634
2024-01-06 00:00:00+00:00,0.08267,0.08268,0.0783,0.08058,341940238.43117
2024-01-07 00:00:00+00:00,0.08057,0.08151,0.07695,0.07821,320794205.82022
2024-01-08 00:00:00+00:00,0.0782,0.08176,0.07408,0.08134,527965536.14527
2024-01-09 00:00:00+00:00,0.08133,0.08405,0.07608,0.07923,934982060.02186
2024-01-10 00:00:00+00:00,0.07922,0.08498,0.07617,0.08309,578741844.1591
2024-01-11 00:00:00+00:00,0.0831,0.08795,0.08202,0.08457,653227102.383
2024-01-12 00:00:00+00:00,0.08457,0.08552,0.07678,0.08008,492069978.08494
2024-01-13 00:00:00+00:00,0.08008,0.08139,0.07858,0.08093,215223748.52297
2024-01-14 00:00:00+00:00,0.08093,0.08394,0.07965,0.08003,386080068.32698
2024-01-15 00:00:00+00:00,0.08002,0.0818,0.07986,0.08108,224861515.77422
2024-01-16 00:00:00+00:00,0.08108,0.0826,0.07984,0.08136,267321310.0751
2024-01-17 00:00:00+00:00,0.08136,0.08162,0.0793,0.0806,202593500.34484
2024-01-18 00:00:00+00:00,0.08059,0.08083,0.07683,0.07809,281987319.58845
2024-01-19 00:00:00+00:00,0.07808,0.07886,0.07479,0.07858,317500773.0893
2024-01-20 00:00:00+00:00,0.07858,0.09056,0.07821,0.08776,674967413.98695
2024-01-21 00:00:00+00:00,0.08776,0.09048,0.08469,0.08547,979246658.74634
2024-01-22 00:00:00+00:00,0.08548,0.08563,0.08004,0.08055,676482535.81611
2024-01-23 00:00:00+00:00,0.08056,0.08188,0.07587,0.07817,473628824.13371
2024-01-24 00:00:00+00:00,0.07816,0.08063,0.0776,0.07904,321445470.14507
2024-01-25 00:00:00+00:00,0.07904,0.07926,0.07708,0.07793,231939967.96335
2024-01-26 00:00:00+00:00,0.07794,0.08032,0.07751,0.07984,227738653.43511
2024-01-27 00:00:00+00:00,0.07985,0.0807,0.07899,0.0801,146923058.79103
2024-01-28 00:00:00+00:00,0.0801,0.08148,0.07813,0.07879,216760763.61599
2024-01-29 00:00:00+00:00,0.0788,0.08305,0.07814,0.08135,483392322.08586
2024-01-30 00:00:00+00:00,0.08135,0.08216,0.07934,0.0797,251714765.1194
2024-01-31 00:00:00+00:00,0.0797,0.08026,0.0779,0.0787,229573229.93906
2024-02-01 00:00:00+00:00,0.0787,0.07983,0.0772,0.07933,170869293.99951
2024-02-02 00:00:00+00:00,0.07933,0.07994,0.07854,0.07925,145365411.50508
2024-02-03 00:00:00+00:00,0.07925,0.0795,0.0785,0.07872,86757140.76915
2024-02-04 00:00:00+00:00,0.07871,0.07996,0.0775,0.07828,141160428.28814
2024-02-05 00:00:00+00:00,0.07827,0.08031,0.07726,0.07831,216995165.21052
2024-02-06 00:00:00+00:00,0.07831,0.07922,0.07768,0.07849,129651558.12051
2024-02-07 00:00:00+00:00,0.07848,0.08032,0.07812,0.08013,154759835.78408
2024-02-08 00:00:00+00:00,0.08012,0.08086,0.07952,0.07986,193886794.58667
2024-02-09 00:00:00+00:00,0.07986,0.08223,0.07985,0.08157,276928952.48371
2024-02-10 00:00:00+00:00,0.08156,0.08217,0.08028,0.08141,149462122.89571
2024-02-11 00:00:00+00:00,0.0814,0.0838,0.08071,0.08123,270942198.1436
2024-02-12 00:00:00+00:00,0.08122,0.08292,0.0794,0.08229,311168062.62099
2024-02-13 00:00:00+00:00,0.08228,0.08309,0.07962,0.0811,312436487.48203
2024-02-14 00:00:00+00:00,0.08111,0.08709,0.08052,0.08558,620128837.61562
2024-02-15 00:00:00+00:00,0.08557,0.08831,0.08394,0.08534,548614860.15084
2024-02-16 00:00:00+00:00,0.08534,0.08811,0.08391,0.08595,395113014.67241
2024-02-17 00:00:00+00:00,0.08596,0.08613,0.08188,0.08361,282188055.99029
2024-02-18 00:00:00+00:00,0.08362,0.0858,0.08284,0.08523,259901471.68387
2024-02-19 00:00:00+00:00,0.08523,0.09091,0.08508,0.08949,528214563.18336
2024-02-20 00:00:00+00:00,0.08949,0.09171,0.08181,0.08618,617870930.8792
2024-02-21 00:00:00+00:00,0.08619,0.08633,0.08196,0.08462,345041880.14284
2024-02-22 00:00:00+00:00,0.08462,0.0856,0.08306,0.08417,252173552.21967
2024-02-23 00:00:00+00:00,0.08417,0.08562,0.0829,0.08457,310305071.12978
2024-02-24 00:00:00+00:00,0.08457,0.08645,0.0839,0.08622,223890006.74122
2024-02-25 00:00:00+00:00,0.08622,0.08689,0.08527,0.08618,213089447.12265
2024-02-26 00:00:00+00:00,0.08619,0.09015,0.08421,0.08933,392274408.0434
2024-02-27 00:00:00+00:00,0.08933,0.10071,0.08856,0.09768,1477223083.96638
2024-02-28 00:00:00+00:00,0.09769,0.12369,0.0941,0.11596,2932094455.44772
2024-02-29 00:00:00+00:00,0.11597,0.13523,0.11133,0.11743,3123485074.00041
2024-03-01 00:00:00+00:00,0.11743,0.1458,0.11702,0.13953,2468446031.63539
2024-03-02 00:00:00+00:00,0.13952,0.15147,0.13601,0.14219,2159313340.47737
2024-03-03 00:00:00+00:00,0.14218,0.15655,0.1199,0.15365,2256913733.96759
2024-03-04 00:00:00+00:00,0.15366,0.18586,0.14451,0.18218,3945479826.81282
2024-03-05 00:00:00+00:00,0.18216,0.20711,0.12035,0.15302,5823715701.25234
2024-03-06 00:00:00+00:00,0.15306,0.17997,0.14607,0.15797,2705640162.71177
2024-03-07 00:00:00+00:00,0.15797,0.16245,0.1466,0.15781,1939778911.13501
2024-03-08 00:00:00+00:00,0.15783,0.17631,0.15467,0.16467,2543778780.91468
2024-03-09 00:00:00+00:00,0.16466,0.18511,0.16311,0.17901,1963611309.56961
2024-03-10 00:00:00+00:00,0.17901,0.1799,0.16542,0.17007,1375460722.11754
2024-03-11 00:00:00+00:00,0.17008,0.18349,0.15958,0.18236,1630629955.90176
2024-03-12 00:00:00+00:00,0.18236,0.18389,0.15115,0.16827,1570448715.40298
2024-03-13 00:00:00+00:00,0.16827,0.17475,0.16488,0.16911,1090197813.89163
2024-03-14 00:00:00+00:00,0.16911,0.19394,0.16392,0.17742,4104041285.84981
2024-03-15 00:00:00+00:00,0.17741,0.18165,0.15072,0.1637,2508355394.50266
2024-03-16 00:00:00+00:00,0.16371,0.16547,0.13802,0.14261,1796732651.10006
2024-03-17 00:00:00+00:00,0.14262,0.15939,0.13673,0.15439,1585116721.2852
2024-03-18 00:00:00+00:00,0.15439,0.15443,0.1401,0.14362,1201286441.35919
2024-03-19 00:00:00+00:00,0.14362,0.14528,0.12531,0.12887,2022931854.228
2024-03-20 00:00:00+00:00,0.12887,0.15345,0.12252,0.15223,2087624859.64127
2024-03-21 00:00:00+00:00,0.15222,0.16038,0.14675,0.15549,1720489857.63542
2024-03-22 00:00:00+00:00,0.15549,0.16519,0.14533,0.15304,1831040900.68998
2024-03-23 00:00:00+00:00,0.15305,0.17511,0.15174,0.16202,1992302381.06622
2024-03-24 00:00:00+00:00,0.16202,0.18036,0.16128,0.1766,2106040077.18282
2024-03-25 00:00:00+00:00,0.1766,0.1873,0.17011,0.17539,1865458923.95288
2024-03-26 00:00:00+00:00,0.17539,0.1875,0.1738,0.18245,1939453268.50998
2024-03-27 00:00:00+00:00,0.18244,0.19229,0.17823,0.1907,2999975339.38171
2024-03-28 00:00:00+00:00,0.19071,0.2293,0.1894,0.22022,4781501425.49771
2024-03-29 00:00:00+00:00,0.22022,0.22506,0.20804,0.21319,2642689495.36598
2024-03-30 00:00:00+00:00,0.21318,0.21717,0.19618,0.19929,1678202889.66466
2024-03-31 00:00:00+00:00,0.19929,0.22478,0.19926,0.22024,1630527316.29049
2024-04-01 00:00:00+00:00,0.22023,0.22032,0.1964,0.20513,2351287223.26864
2024-04-02 00:00:00+00:00,0.20513,0.20544,0.18003,0.1826,2564908061.66654
2024-04-03 00:00:00+00:00,0.18259,0.18765,0.17019,0.17535,2046027667.51363
2024-04-04 00:00:00+00:00,0.17533,0.18846,0.172,0.18006,1548852932.5222
2024-04-05 00:00:00+00:00,0.18006,0.18096,0.16749,0.17733,1239368409.06678
2024-04-06 00:00:00+00:00,0.17733,0.188,0.17653,0.18585,1031367450.83256
2024-04-07 00:00:00+00:00,0.18586,0.20536,0.18556,0.19902,1892442828.1434
2024-04-08 00:00:00+00:00,0.19902,0.20927,0.1956,0.20277,1563034411.31176
2024-04-09 00:00:00+00:00,0.20276,0.20364,0.186,0.18927,1518883458.53923
2024-04-10 00:00:00+00:00,0.18926,0.20245,0.1802,0.1999,1906539232.6461
2024-04-11 00:00:00+00:00,0.1999,0.20378,0.18977,0.19393,1605797411.9278
2024-04-12 00:00:00+00:00,0.19393,0.20151,0.15305,0.17406,2660435996.64238
2024-04-13 00:00:00+00:00,0.17407,0.17595,0.124,0.15256,3122967022.79921
2024-04-14 00:00:00+00:00,0.15257,0.165,0.14366,0.16197,2085232857.95804
2024-04-15 00:00:00+00:00,0.16197,0.16893,0.1502,0.16115,2221970246.14548
2024-04-16 00:00:00+00:00,0.16116,0.16245,0.14617,0.15594,1714057205.51327
2024-04-17 00:00:00+00:00,0.15595,0.15866,0.14415,0.14747,1312712200.82566
2024-04-18 00:00:00+00:00,0.14747,0.15366,0.14079,0.15215,1328708523.12093
2024-04-19 00:00:00+00:00,0.15215,0.15715,0.13874,0.15627,1517281516.72959
2024-04-20 00:00:00+00:00,0.15626,0.1651,0.15054,0.16251,1112977888.58407
2024-04-21 00:00:00+00:00,0.16252,0.16578,0.15501,0.15815,925840898.98874
2024-04-22 00:00:00+00:00,0.15814,0.16332,0.15631,0.16115,867315917.8151
2024-04-23 00:00:00+00:00,0.16115,0.16297,0.1567,0.15972,677564386.58969
2024-04-24 00:00:00+00:00,0.15972,0.1645,0.14923,0.1513,1182047084.43532
2024-04-25 00:00:00+00:00,0.15131,0.15432,0.14733,0.15123,738547943.34041
2024-04-26 00:00:00+00:00,0.15124,0.15171,0.14674,0.14792,578028223.29715
2024-04-27 00:00:00+00:00,0.14791,0.14965,0.14145,0.14767,604821360.65065
2024-04-28 00:00:00+00:00,0.14767,0.15106,0.14588,0.14659,430662668.78896
2024-04-29 00:00:00+00:00,0.14659,0.14803,0.13943,0.14334,748618617.44801
2024-04-30 00:00:00+00:00,0.14334,0.14593,0.12901,0.13329,1009783403.58424
2024-05-01 00:00:00+00:00,0.13329,0.13387,0.12002,0.13014,1447769545.13088
2024-05-02 00:00:00+00:00,0.13013,0.13436,0.12397,0.13188,907166496.03322
2024-05-03 00:00:00+00:00,0.13187,0.148,0.13104,0.14597,855603797.95939
2024-05-04 00:00:00+00:00,0.14597,0.17025,0.14565,0.16005,2165942658.54294
2024-05-05 00:00:00+00:00,0.16005,0.16348,0.15445,0.16089,1227235085.46211
2024-05-06 00:00:00+00:00,0.1609,0.1691,0.15406,0.15642,1517602305.20669
2024-05-07 00:00:00+00:00,0.15642,0.1599,0.14925,0.14997,943851585.22963
2024-05-08 00:00:00+00:00,0.14997,0.15191,0.142,0.14311,856287587.92005
2024-05-09 00:00:00+00:00,0.14311,0.15412,0.143,0.15211,831855300.46153
2024-05-10 00:00:00+00:00,0.15211,0.15385,0.14216,0.14381,802128070.10208
2024-05-11 00:00:00+00:00,0.1438,0.14623,0.14242,0.143,380612890.56947
2024-05-12 00:00:00+00:00,0.14299,0.1444,0.1389,0.14111,504001324.60804
2024-05-13 00:00:00+00:00,0.14111,0.15728,0.13574,0.14856,1553391573.27726
2024-05-14 00:00:00+00:00,0.14856,0.1551,0.14422,0.14543,1290825061.50357
2024-05-15 00:00:00+00:00,0.14543,0.15696,0.1452,0.15527,1006602575.76334
2024-05-16 00:00:00+00:00,0.15527,0.15931,0.14857,0.14963,713075377.68306
2024-05-17 00:00:00+00:00,0.14962,0.15664,0.1491,0.15549,526471564.98731
2024-05-18 00:00:00+00:00,0.1555,0.15688,0.15112,0.15295,437293613.41695
2024-05-19 00:00:00+00:00,0.15295,0.156,0.1473,0.14899,508332279.16409
2024-05-20 00:00:00+00:00,0.14899,0.16637,0.14755,0.16572,947515034.0225
2024-05-21 00:00:00+00:00,0.16573,0.17346,0.16076,0.17035,1365308357.48646
2024-05-22 00:00:00+00:00,0.17034,0.1748,0.16175,0.16637,1097622765.52672
2024-05-23 00:00:00+00:00,0.16638,0.16954,0.15004,0.15973,1249226569.66985
2024-05-24 00:00:00+00:00,0.15973,0.17337,0.15502,0.16388,1680416842.78112
2024-05-25 00:00:00+00:00,0.16387,0.17442,0.16271,0.1741,771411411.61281
2024-05-26 00:00:00+00:00,0.1741,0.17497,0.16557,0.16625,800729078.69836
2024-05-27 00:00:00+00:00,0.16625,0.1737,0.1642,0.16919,730580229.68543
2024-05-28 00:00:00+00:00,0.1692,0.16999,0.1616,0.16511,869397973.06317
2024-05-29 00:00:00+00:00,0.1651,0.17114,0.16224,0.16397,935414763.92334
2024-05-30 00:00:00+00:00,0.16397,0.16588,0.15642,0.15954,957884323.96345
2024-05-31 00:00:00+00:00,0.15953,0.16309,0.15432,0.15909,593798231.2278
2024-06-01 00:00:00+00:00,0.15909,0.16196,0.15851,0.16043,266630699.49394
2024-06-02 00:00:00+00:00,0.16044,0.16149,0.15471,0.15718,372552073.73361
2024-06-03 00:00:00+00:00,0.15719,0.16363,0.15588,0.15841,581540327.89924
2024-06-04 00:00:00+00:00,0.15841,0.16199,0.15716,0.16148,405509943.56833
2024-06-05 00:00:00+00:00,0.16149,0.16499,0.16129,0.16341,475508810.78152
2024-06-06 00:00:00+00:00,0.16342,0.16595,0.15836,0.16026,491224381.0359
2024-06-07 00:00:00+00:00,0.16025,0.16223,0.13628,0.14821,941335671.61806
2024-06-08 00:00:00+00:00,0.14821,0.14876,0.14354,0.14589,371420562.48963
2024-06-09 00:00:00+00:00,0.14588,0.14916,0.14491,0.14676,274324859.82477
2024-06-10 00:00:00+00:00,0.14676,0.14794,0.14315,0.14476,325874658.01973
2024-06-11 00:00:00+00:00,0.14477,0.1452,0.1335,0.13801,643884991.15046
2024-06-12 00:00:00+00:00,0.13801,0.1508,0.13453,0.14624,824455867.34441
2024-06-13 00:00:00+00:00,0.14623,0.14652,0.14011,0.14111,502937394.71181
2024-06-14 00:00:00+00:00,0.14111,0.14341,0.131,0.13488,573482556.10926
2024-06-15 00:00:00+00:00,0.13488,0.13742,0.13391,0.1367,234733376.37826
2024-06-16 00:00:00+00:00,0.1367,0.13764,0.13458,0.13705,196847566.47682
2024-06-17 00:00:00+00:00,0.13704,0.13819,0.126,0.12869,670799476.426
2024-06-18 00:00:00+00:00,0.12869,0.12922,0.11309,0.12216,920981935.57308
2024-06-19 00:00:00+00:00,0.12216,0.1267,0.12133,0.12242,427846824.39974
2024-06-20 00:00:00+00:00,0.12242,0.12872,0.12127,0.12447,434200436.79421
2024-06-21 00:00:00+00:00,0.12447,0.12565,0.12129,0.12411,393938924.07292
2024-06-22 00:00:00+00:00,0.1241,0.12551,0.1228,0.12368,190725548.35717
2024-06-23 00:00:00+00:00,0.12368,0.12635,0.12079,0.12214,347625744.24965
2024-06-24 00:00:00+00:00,0.12214,0.12389,0.11355,0.11894,602937864.39833
2024-06-25 00:00:00+00:00,0.11894,0.12856,0.11873,0.12611,487624688.9684
2024-06-26 00:00:00+00:00,0.1261,0.12863,0.12177,0.12274,325642688.85747
2024-06-27 00:00:00+00:00,0.12274,0.12843,0.12059,0.12707,389758617.14617
2024-06-28 00:00:00+00:00,0.12707,0.12849,0.12211,0.12301,396048602.93826
2024-06-29 00:00:00+00:00,0.12301,0.12436,0.12133,0.1218,146478007.12735
2024-06-30 00:00:00+00:00,0.1218,0.1256,0.12043,0.12445,205949508.40163
2024-07-01 00:00:00+00:00,0.12445,0.12748,0.12316,0.12345,274836149.97996
2024-07-02 00:00:00+00:00,0.12344,0.12541,0.12235,0.12529,225046961.00289
2024-07-03 00:00:00+00:00,0.12528,0.12554,0.11668,0.11842,397037514.64099
2024-07-04 00:00:00+00:00,0.11842,0.11906,0.10374,0.10497,792064248.60123
2024-07-05 00:00:00+00:00,0.10497,0.10642,0.09099,0.10537,1016970380.25287
2024-07-06 00:00:00+00:00,0.10537,0.11413,0.10464,0.11337,500816072.55641
2024-07-07 00:00:00+00:00,0.11338,0.11345,0.10353,0.10409,381358280.94166
2024-07-08 00:00:00+00:00,0.10409,0.11133,0.09867,0.10752,610622756.92142
2024-07-09 00:00:00+00:00,0.10752,0.10948,0.10571,0.10751,272645372.05483
2024-07-10 00:00:00+00:00,0.1075,0.11049,0.10564,0.10794,267821436.04814
2024-07-11 00:00:00+00:00,0.10794,0.11238,0.10607,0.10656,270303765.68414
2024-07-12 00:00:00+00:00,0.10656,0.10827,0.1047,0.10759,196418910.27745
2024-07-13 00:00:00+00:00,0.10759,0.11298,0.10721,0.11227,240417119.97466
2024-07-14 00:00:00+00:00,0.11226,0.11696,0.11105,0.11526,271931628.52333
2024-07-15 00:00:00+00:00,0.11527,0.12549,0.11451,0.12482,456624289.89929
2024-07-16 00:00:00+00:00,0.12481,0.1278,0.11888,0.12474,527927102.48378
2024-07-17 00:00:00+00:00,0.12474,0.12765,0.12025,0.12172,382950200.10573
2024-07-18 00:00:00+00:00,0.12172,0.1239,0.11703,0.11948,333690291.80696
2024-07-19 00:00:00+00:00,0.11948,0.126,0.11735,0.12541,343657459.83439
2024-07-20 00:00:00+00:00,0.12541,0.13578,0.12423,0.1342,644553030.09471
2024-07-21 00:00:00+00:00,0.13421,0.14372,0.12564,0.14025,846983095.10412
2024-07-22 00:00:00+00:00,0.14025,0.14265,0.1355,0.1377,828150956.0425
2024-07-23 00:00:00+00:00,0.1377,0.13918,0.128,0.13024,639071561.52365
2024-07-24 00:00:00+00:00,0.13023,0.13477,0.12678,0.12786,391485799.43537
2024-07-25 00:00:00+00:00,0.12785,0.12869,0.12,0.12516,542281599.68301
2024-07-26 00:00:00+00:00,0.12517,0.13493,0.12498,0.13416,406240220.20471
2024-07-27 00:00:00+00:00,0.13416,0.13878,0.13001,0.13141,861692770.07447
2024-07-28 00:00:00+00:00,0.13141,0.13179,0.12805,0.12996,299993100.66162
2024-07-29 00:00:00+00:00,0.12995,0.13505,0.12744,0.12837,505697765.05892
2024-07-30 00:00:00+00:00,0.12837,0.13058,0.12308,0.12542,365745195.38076
2024-07-31 00:00:00+00:00,0.12543,0.1273,0.12107,0.12187,342158663.81357
2024-08-01 00:00:00+00:00,0.12186,0.12308,0.112,0.11895,533456666.90197
2024-08-02 00:00:00+00:00,0.11894,0.11969,0.11012,0.11149,475010219.98495
2024-08-03 00:00:00+00:00,0.11148,0.11468,0.10517,0.10807,453693448.86182
2024-08-04 00:00:00+00:00,0.10806,0.10937,0.0989,0.10371,470904079.38079
2024-08-05 00:00:00+00:00,0.1037,0.10425,0.08041,0.0943,1647463903.4332
2024-08-06 00:00:00+00:00,0.09431,0.10142,0.0939,0.09638,563614059.90143
2024-08-07 00:00:00+00:00,0.09639,0.10201,0.09421,0.09555,566229688.8168
2024-08-08 00:00:00+00:00,0.09554,0.10797,0.09348,0.10741,515971447.53475
2024-08-09 00:00:00+00:00,0.10741,0.10778,0.10153,0.10378,298320561.97885
2024-08-10 00:00:00+00:00,0.10379,0.10587,0.10282,0.10511,148424595.34422
2024-08-11 00:00:00+00:00,0.10512,0.11094,0.10001,0.10053,432367932.96871
2024-08-12 00:00:00+00:00,0.10054,0.10864,0.10005,0.10784,489231245.72819
2024-08-13 00:00:00+00:00,0.10783,0.10899,0.10324,0.1063,316512131.09493
2024-08-14 00:00:00+00:00,0.1063,0.10686,0.1013,0.10235,260919912.06742
2024-08-15 00:00:00+00:00,0.10235,0.10491,0.09782,0.10013,335116018.22923
2024-08-16 00:00:00+00:00,0.10013,0.102,0.09736,0.10028,275552704.94632
2024-08-17 00:00:00+00:00,0.10028,0.10366,0.09992,0.10271,138475349.60742
2024-08-18 00:00:00+00:00,0.10271,0.10456,0.09989,0.09998,183987706.90994
2024-08-19 00:00:00+00:00,0.09999,0.1019,0.09853,0.10127,211480207.68381
2024-08-20 00:00:00+00:00,0.10128,0.10624,0.10102,0.10286,447079096.62189
2024-08-21 00:00:00+00:00,0.10285,0.10792,0.10203,0.10612,252206065.77623
2024-08-22 00:00:00+00:00,0.10613,0.10686,0.10392,0.10522,174161560.90579
2024-08-23 00:00:00+00:00,0.10521,0.1154,0.10518,0.11288,524915734.88171
2024-08-24 00:00:00+00:00,0.11288,0.11496,0.11067,0.1125,347119911.67643
2024-08-25 00:00:00+00:00,0.11251,0.11279,0.10772,0.10954,302130640.86198
2024-08-26 00:00:00+00:00,0.10954,0.11027,0.10431,0.10513,299051668.85885
2024-08-27 00:00:00+00:00,0.10513,0.10648,0.09622,0.09884,348515736.69799
2024-08-28 00:00:00+00:00,0.09884,0.10186,0.09676,0.09956,317767231.24069
2024-08-29 00:00:00+00:00,0.09956,0.10257,0.09821,0.10031,209698563.8887
2024-08-30 00:00:00+00:00,0.10031,0.10325,0.09689,0.10175,335764957.09684
2024-08-31 00:00:00+00:00,0.10175,0.10235,0.1003,0.10124,154567146.01232
2024-09-01 00:00:00+00:00,0.10124,0.10148,0.09382,0.09502,256716002.78635
2024-09-02 00:00:00+00:00,0.09502,0.09994,0.09403,0.09907,252825401.4634
2024-09-03 00:00:00+00:00,0.09907,0.10074,0.09634,0.09674,234775016.45157
2024-09-04 00:00:00+00:00,0.09673,0.09951,0.09186,0.09797,377045443.88554
2024-09-05 00:00:00+00:00,0.09797,0.09914,0.09595,0.09837,270921996.71162
2024-09-06 00:00:00+00:00,0.09837,0.0994,0.08886,0.09244,536856598.86461
2024-09-07 00:00:00+00:00,0.09244,0.09565,0.0917,0.09534,210400202.29302
2024-09-08 00:00:00+00:00,0.09534,0.09698,0.09376,0.09609,205749382.79571
2024-09-09 00:00:00+00:00,0.09609,0.10492,0.09564,0.10375,450664229.78971
2024-09-10 00:00:00+00:00,0.10375,0.10456,0.1015,0.10274,263296020.40447
2024-09-11 00:00:00+00:00,0.10275,0.10303,0.09779,0.10125,316974947.98237
2024-09-12 00:00:00+00:00,0.10125,0.1033,0.10037,0.10267,230299035.773
2024-09-13 00:00:00+00:00,0.10268,0.10842,0.10172,0.1069,411402854.14523
2024-09-14 00:00:00+00:00,0.10691,0.1077,0.10426,0.10534,224800988.46192
2024-09-15 00:00:00+00:00,0.10534,0.10639,0.10207,0.10275,227840261.7852
2024-09-16 00:00:00+00:00,0.10275,0.10318,0.09829,0.0996,281425290.22744
2024-09-17 00:00:00+00:00,0.0996,0.1026,0.09865,0.10105,258825909.40828
2024-09-18 00:00:00+00:00,0.10106,0.10385,0.09928,0.10381,299151522.50406
2024-09-19 00:00:00+00:00,0.10382,0.1071,0.10342,0.10497,317397832.51219
2024-09-20 00:00:00+00:00,0.10496,0.10747,0.10355,0.10548,312680427.74522
2024-09-21 00:00:00+00:00,0.10548,0.11048,0.104,0.1099,267055524.57857
2024-09-22 00:00:00+00:00,0.10991,0.10996,0.10369,0.10627,262857611.65419
2024-09-23 00:00:00+00:00,0.10627,0.10917,0.10402,0.108,310244970.07548
2024-09-24 00:00:00+00:00,0.108,0.11066,0.10676,0.10973,363083252.13716
2024-09-25 00:00:00+00:00,0.10973,0.11116,0.1079,0.10843,347673045.78876
2024-09-26 00:00:00+00:00,0.10843,0.12071,0.1069,0.11813,816185122.48122
2024-09-27 00:00:00+00:00,0.11813,0.12872,0.11697,0.12348,844026062.04757
2024-09-28 00:00:00+00:00,0.12347,0.1322,0.12004,0.12805,972770350.15544
2024-09-29 00:00:00+00:00,0.12805,0.13038,0.12432,0.12435,563634310.54845
2024-09-30 00:00:00+00:00,0.12435,0.12461,0.1132,0.11415,655348151.75078
2024-10-01 00:00:00+00:00,0.11415,0.11931,0.10249,0.10679,832609591.91275
2024-10-02 00:00:00+00:00,0.10679,0.10947,0.10216,0.10459,506523825.91574
2024-10-03 00:00:00+00:00,0.10458,0.10677,0.101,0.10502,481446711.71324
2024-10-04 00:00:00+00:00,0.10501,0.11056,0.10466,0.10918,373547015.52599
2024-10-05 00:00:00+00:00,0.10918,0.1102,0.10741,0.10937,229522756.52921
2024-10-06 00:00:00+00:00,0.10938,0.11284,0.10834,0.11153,241731290.13399
2024-10-07 00:00:00+00:00,0.11154,0.11545,0.1082,0.10837,474511676.9903
2024-10-08 00:00:00+00:00,0.10837,0.10982,0.10517,0.10704,317900309.40537
2024-10-09 00:00:00+00:00,0.10705,0.11149,0.10604,0.10788,393331718.70133
2024-10-10 00:00:00+00:00,0.10788,0.10868,0.10307,0.10596,356758691.55062
2024-10-11 00:00:00+00:00,0.10595,0.11137,0.10552,0.11075,305944574.54456
2024-10-12 00:00:00+00:00,0.11075,0.11216,0.1093,0.11132,212228043.29857
2024-10-13 00:00:00+00:00,0.11133,0.11207,0.1086,0.11136,271457276.30317
2024-10-14 00:00:00+00:00,0.11135,0.11768,0.10926,0.11664,494882863.79836
2024-10-15 00:00:00+00:00,0.11664,0.1193,0.11008,0.11747,743555372.19855
2024-10-16 00:00:00+00:00,0.11747,0.13006,0.11575,0.12571,1463229167.40835
2024-10-17 00:00:00+00:00,0.12572,0.13099,0.12043,0.1296,1075384206.26292
2024-10-18 00:00:00+00:00,0.12961,0.14081,0.12946,0.13717,1549990039.17442
2024-10-19 00:00:00+00:00,0.13717,0.14697,0.13692,0.14402,1478463329.92144
2024-10-20 00:00:00+00:00,0.14401,0.14574,0.13718,0.1421,988607611.03895
2024-10-21 00:00:00+00:00,0.1421,0.14979,0.13812,0.14363,1396818305.85257
2024-10-22 00:00:00+00:00,0.14363,0.14853,0.13642,0.13964,1178381858.53484
2024-10-23 00:00:00+00:00,0.13964,0.14091,0.1331,0.13998,1067064758.0651
2024-10-24 00:00:00+00:00,0.13998,0.14385,0.13627,0.14188,918009445.75238
2024-10-25 00:00:00+00:00,0.14187,0.14275,0.12771,0.13154,1038254716.46788
2024-10-26 00:00:00+00:00,0.13155,0.13816,0.13062,0.13739,554906499.82107
2024-10-27 00:00:00+00:00,0.13739,0.1463,0.13602,0.14425,673449896.67034
2024-10-28 00:00:00+00:00,0.14424,0.16263,0.14107,0.1614,2219487581.72125
2024-10-29 00:00:00+00:00,0.16141,0.17974,0.16048,0.17587,2933650982.34534
2024-10-30 00:00:00+00:00,0.17586,0.17802,0.1644,0.16829,1727995629.29994
2024-10-31 00:00:00+00:00,0.1683,0.17368,0.15634,0.16162,1838967498.37092
2024-11-01 00:00:00+00:00,0.16163,0.16894,0.15417,0.15913,1970995199.90384
2024-11-02 00:00:00+00:00,0.15912,0.16357,0.15531,0.15952,961013584.72571
2024-11-03 00:00:00+00:00,0.15952,0.15987,0.14217,0.15129,2010465924.85424
2024-11-04 00:00:00+00:00,0.15129,0.16024,0.14815,0.15817,2212033252.72433
2024-11-05 00:00:00+00:00,0.15817,0.17943,0.15785,0.16991,3774348143.27437
2024-11-06 00:00:00+00:00,0.16991,0.22,0.1689,0.19646,9836531856.99785
2024-11-07 00:00:00+00:00,0.19646,0.2046,0.1852,0.19334,3041259011.20754
2024-11-08 00:00:00+00:00,0.19334,0.20713,0.19051,0.20203,2913129221.60264
2024-11-09 00:00:00+00:00,0.20203,0.22025,0.19722,0.219,2799717103.89014
2024-11-10 00:00:00+00:00,0.219,0.298,0.21664,0.27794,9619426807.83372
2024-11-11 00:00:00+00:00,0.27794,0.352,0.27285,0.35184,12902881639.26611
2024-11-12 00:00:00+00:00,0.35185,0.43995,0.32699,0.3802,25999081538.80066
2024-11-13 00:00:00+00:00,0.3802,0.43439,0.35173,0.39903,16248712802.62409
2024-11-14 00:00:00+00:00,0.39903,0.4175,0.35276,0.36261,9071981150.63334
2024-11-15 00:00:00+00:00,0.36261,0.3854,0.35214,0.38203,6841105226.74809
2024-11-16 00:00:00+00:00,0.38202,0.39181,0.3599,0.36435,4141202532.51774
2024-11-17 00:00:00+00:00,0.36436,0.37611,0.3401,0.36737,4424268084.85076
2024-11-18 00:00:00+00:00,0.36737,0.38164,0.35737,0.37144,4995053370.70745
2024-11-19 00:00:00+00:00,0.37145,0.421,0.3664,0.3908,7777224155.169
2024-11-20 00:00:00+00:00,0.3908,0.39734,0.364,0.37791,5004069149.42531
2024-11-21 00:00:00+00:00,0.3779,0.396,0.3687,0.387,4560935440.11302
2024-11-22 00:00:00+00:00,0.387,0.4211,0.381,0.41301,7555187379.09411
2024-11-23 00:00:00+00:00,0.41301,0.481,0.40428,0.43049,11115946593.63817
2024-11-24 00:00:00+00:00,0.4305,0.45356,0.3992,0.43046,6970570892.13349
2024-11-25 00:00:00+00:00,0.43045,0.43794,0.38111,0.39284,5635727123.33919
2024-11-26 00:00:00+00:00,0.39282,0.4091,0.36482,0.38733,5428930137.27486
2024-11-27 00:00:00+00:00,0.38733,0.408,0.38035,0.4013,3636639874.6021
2024-11-28 00:00:00+00:00,0.40129,0.42927,0.39122,0.40192,3407303134.62552
2024-11-29 00:00:00+00:00,0.40193,0.43791,0.39965,0.42664,3640359093.41883
2024-11-30 00:00:00+00:00,0.42663,0.43626,0.41402,0.42179,2859894313.40648
2024-12-01 00:00:00+00:00,0.42179,0.4502,0.41648,0.44092,4352527902.72565
2024-12-02 00:00:00+00:00,0.44091,0.4643,0.4,0.42497,7165711212.68324
2024-12-03 00:00:00+00:00,0.42496,0.42997,0.38799,0.4067,4332211067.31336
2024-12-04 00:00:00+00:00,0.40671,0.43714,0.40017,0.43318,4139065724.55944
2024-12-05 00:00:00+00:00,0.43318,0.46747,0.40644,0.42718,8544848693.88767
2024-12-06 00:00:00+00:00,0.42719,0.44199,0.42,0.43505,3393613191.22388
2024-12-07 00:00:00+00:00,0.43506,0.4669,0.4309,0.45332,4269878951.62679
2024-12-08 00:00:00+00:00,0.45333,0.485,0.44637,0.46673,5010827229.02613
2024-12-09 00:00:00+00:00,0.46674,0.4677,0.36867,0.41393,7585869605.72054
2024-12-10 00:00:00+00:00,0.41395,0.42298,0.365,0.39372,6635826260.99137
2024-12-11 00:00:00+00:00,0.39372,0.41895,0.37497,0.41404,3816114791.00402
2024-12-12 00:00:00+00:00,0.41403,0.42423,0.40114,0.406,3215976139.45698
2024-12-13 00:00:00+00:00,0.406,0.41218,0.3989,0.40901,2071568679.20441
2024-12-14 00:00:00+00:00,0.409,0.41416,0.38704,0.39805,2056002973.93879
2024-12-15 00:00:00+00:00,0.39806,0.4113,0.39225,0.40642,1720395857.80482
2024-12-16 00:00:00+00:00,0.40643,0.41492,0.39226,0.40185,2456920358.44638
2024-12-17 00:00:00+00:00,0.40185,0.41028,0.39103,0.39393,2263246168.98613
2024-12-18 00:00:00+00:00,0.39393,0.39625,0.3486,0.35808,3605943796.32535
2024-12-19 00:00:00+00:00,0.35809,0.3672,0.3,0.31416,5793529046.92707
2024-12-20 00:00:00+00:00,0.31417,0.32893,0.2623,0.31779,6256196853.39506
2024-12-21 00:00:00+00:00,0.31778,0.34987,0.3139,0.32027,4259880037.83359
2024-12-22 00:00:00+00:00,0.32028,0.32435,0.30482,0.31246,2966290791.42789
2024-12-23 00:00:00+00:00,0.31247,0.32868,0.30273,0.32481,2713839882.40637
2024-12-24 00:00:00+00:00,0.32482,0.34032,0.31596,0.33696,1827427542.44741
2024-12-25 00:00:00+00:00,0.33695,0.34212,0.32644,0.3342,1405681755.03605
2024-12-26 00:00:00+00:00,0.3342,0.33788,0.3083,0.31252,1597342463.47286
2024-12-27 00:00:00+00:00,0.31252,0.32482,0.30855,0.31176,1535512026.80157
2024-12-28 00:00:00+00:00,0.31176,0.32745,0.31111,0.32429,885921546.55676
2024-12-29 00:00:00+00:00,0.32429,0.32955,0.31169,0.31419,1059406398.19894
2024-12-30 00:00:00+00:00,0.31418,0.32319,0.30654,0.31382,1687467046.93449
2024-12-31 00:00:00+00:00,0.31382,0.3289,0.30909,0.31582,1447537738.02187
2025-01-01 00:00:00+00:00,0.31582,0.32741,0.3118,0.32504,975517769.18511
2025-01-02 00:00:00+00:00,0.32505,0.34483,0.3245,0.33879,1875040821.54849
2025-01-03 00:00:00+00:00,0.3388,0.3894,0.33552,0.37981,3094164636.29333
2025-01-04 00:00:00+00:00,0.37981,0.39864,0.37632,0.39467,2948894523.25944
2025-01-05 00:00:00+00:00,0.39466,0.39773,0.37512,0.38219,1719750599.89532
2025-01-06 00:00:00+00:00,0.3822,0.39556,0.3758,0.38767,2169480539.60774
2025-01-07 00:00:00+00:00,0.38768,0.3983,0.34649,0.3478,3949062087.06006
2025-01-08 00:00:00+00:00,0.3478,0.3555,0.32434,0.34206,3352331501.11451
2025-01-09 00:00:00+00:00,0.34206,0.34669,0.31406,0.32071,2623786712.75146
2025-01-10 00:00:00+00:00,0.3207,0.33955,0.32063,0.33364,2133244142.4193
2025-01-11 00:00:00+00:00,0.33365,0.34792,0.32941,0.341,1055140180.60693
2025-01-12 00:00:00+00:00,0.341,0.34331,0.3315,0.33573,1003565268.94393
2025-01-13 00:00:00+00:00,0.33574,0.34606,0.30834,0.33791,2688611508.1777
2025-01-14 00:00:00+00:00,0.3379,0.36209,0.33567,0.35579,2084558092.02455
2025-01-15 00:00:00+00:00,0.35579,0.38762,0.34817,0.38509,2810447570.79899
2025-01-16 00:00:00+00:00,0.38509,0.39021,0.36743,0.37632,2821830478.88101
2025-01-17 00:00:00+00:00,0.37632,0.4219,0.37534,0.41512,3760909801.41275
2025-01-18 00:00:00+00:00,0.41512,0.434,0.383,0.39625,4702009059.72103
2025-01-19 00:00:00+00:00,0.39626,0.40978,0.34641,0.35822,5339216309.19268
2025-01-20 00:00:00+00:00,0.35823,0.38633,0.3449,0.3544,4787743084.57496
2025-01-21 00:00:00+00:00,0.3544,0.40157,0.33552,0.37166,5969907806.26164
2025-01-22 00:00:00+00:00,0.37165,0.37366,0.35507,0.36272,2036525341.30837
2025-01-23 00:00:00+00:00,0.36271,0.36434,0.34081,0.35193,2214620001.29778
2025-01-24 00:00:00+00:00,0.35193,0.36453,0.34252,0.35065,1392278267.26826
2025-01-25 00:00:00+00:00,0.35065,0.36204,0.34521,0.35335,1098233921.82591
2025-01-26 00:00:00+00:00,0.35335,0.3572,0.33459,0.33579,877078290.72714
2025-01-27 00:00:00+00:00,0.33579,0.33689,0.30441,0.33377,2762008240.74374
2025-01-28 00:00:00+00:00,0.33377,0.33889,0.315,0.31853,1467141863.07493
2025-01-29 00:00:00+00:00,0.31852,0.33469,0.31635,0.32388,1423992036.61083
2025-01-30 00:00:00+00:00,0.32389,0.3387,0.32183,0.33137,861739712.12211
2025-01-31 00:00:00+00:00,0.33137,0.34181,0.32329,0.32872,1342717381.83472
2025-02-01 00:00:00+00:00,0.32873,0.33217,0.30298,0.30771,1078206611.46871
2025-02-02 00:00:00+00:00,0.3077,0.31459,0.24946,0.26793,3620029050.73388
2025-02-03 00:00:00+00:00,0.26794,0.29275,0.202,0.28469,5338618865.40609
2025-02-04 00:00:00+00:00,0.28468,0.28883,0.25517,0.26331,2734427239.05798
2025-02-05 00:00:00+00:00,0.26332,0.26899,0.25309,0.25604,1185342640.80352
2025-02-06 00:00:00+00:00,0.25603,0.26588,0.24248,0.24773,1217123115.17203
2025-02-07 00:00:00+00:00,0.24773,0.26143,0.23842,0.24637,1232907411.28424
2025-02-08 00:00:00+00:00,0.24636,0.25407,0.24438,0.25274,624810840.60908
2025-02-09 00:00:00+00:00,0.25274,0.25994,0.2395,0.24873,797207155.64297
2025-02-10 00:00:00+00:00,0.24873,0.25637,0.24142,0.25528,922073970.44366
2025-02-11 00:00:00+00:00,0.25528,0.2699,0.24824,0.25292,1280222078.65645
2025-02-12 00:00:00+00:00,0.25291,0.26721,0.24642,0.26411,1363957365.99451
2025-02-13 00:00:00+00:00,0.26412,0.26704,0.25321,0.2623,1013091084.03836
2025-02-14 00:00:00+00:00,0.26231,0.28662,0.26062,0.27164,1648776041.27476
2025-02-15 00:00:00+00:00,0.27164,0.28316,0.26802,0.27161,1071321962.71638
2025-02-16 00:00:00+00:00,0.2716,0.27409,0.26334,0.26545,728759142.24105
2025-02-17 00:00:00+00:00,0.26546,0.26874,0.25358,0.25807,1054784597.18187
2025-02-18 00:00:00+00:00,0.25807,0.25977,0.24198,0.25119,1053823237.76072
2025-02-19 00:00:00+00:00,0.25118,0.2553,0.24876,0.25467,713222906.09993
2025-02-20 00:00:00+00:00,0.25466,0.25747,0.24973,0.25458,737271208.5522
2025-02-21 00:00:00+00:00,0.25458,0.2612,0.23421,0.23941,1311368917.33921
2025-02-22 00:00:00+00:00,0.23942,0.24769,0.23785,0.24643,571895997.662
2025-02-23 00:00:00+00:00,0.24643,0.24743,0.24022,0.24269,478924201.87292
2025-02-24 00:00:00+00:00,0.24268,0.24383,0.20571,0.21037,1677713539.12892
2025-02-25 00:00:00+00:00,0.21037,0.21448,0.19545,0.21147,2342184052.48214
2025-02-26 00:00:00+00:00,0.21147,0.21398,0.196,0.20347,1482241316.91335
2025-02-27 00:00:00+00:00,0.20348,0.21146,0.20088,0.20678,969381439.77473
2025-02-28 00:00:00+00:00,0.20677,0.20716,0.1814,0.20176,1974072868.6806
2025-03-01 00:00:00+00:00,0.20176,0.20889,0.19926,0.20663,844526131.65595
2025-03-02 00:00:00+00:00,0.20663,0.24203,0.20158,0.23918,2035324442.97356
2025-03-03 00:00:00+00:00,0.23918,0.24046,0.19312,0.19903,1967771534.08511
2025-03-04 00:00:00+00:00,0.19903,0.20225,0.1826,0.19898,1535946552.28254
2025-03-05 00:00:00+00:00,0.19897,0.20656,0.19622,0.20463,885356229.38296
2025-03-06 00:00:00+00:00,0.20462,0.21989,0.19886,0.2014,1282316859.76117
2025-03-07 00:00:00+00:00,0.20139,0.20859,0.19011,0.19829,1269200566.6469
2025-03-08 00:00:00+00:00,0.1983,0.2008,0.19103,0.1922,562439820.24617
2025-03-09 00:00:00+00:00,0.1922,0.19414,0.16524,0.16799,1304561623.18609
2025-03-10 00:00:00+00:00,0.168,0.1809,0.15039,0.15401,1553964809.9217
2025-03-11 00:00:00+00:00,0.15402,0.16853,0.14269,0.1645,1672990659.86224
2025-03-12 00:00:00+00:00,0.1645,0.17406,0.15948,0.17231,1156893825.77652
2025-03-13 00:00:00+00:00,0.17231,0.1729,0.1616,0.16513,981932430.91929
2025-03-14 00:00:00+00:00,0.16514,0.17621,0.16454,0.17185,681370546.35913
2025-03-15 00:00:00+00:00,0.17186,0.17777,0.17109,0.17586,463090448.12856
2025-03-16 00:00:00+00:00,0.17585,0.17676,0.16558,0.1681,750609163.66539
2025-03-17 00:00:00+00:00,0.1681,0.17617,0.16792,0.17325,727952130.85133
2025-03-18 00:00:00+00:00,0.17325,0.17343,0.16258,0.16794,674583198.36161
2025-03-19 00:00:00+00:00,0.16794,0.17871,0.16671,0.1779,763377796.39683
2025-03-20 00:00:00+00:00,0.17791,0.17909,0.16652,0.16938,654280380.87896
2025-03-21 00:00:00+00:00,0.16938,0.17148,0.16457,0.16718,472544670.88556
2025-03-22 00:00:00+00:00,0.16718,0.16972,0.16648,0.16729,280730028.58584
2025-03-23 00:00:00+00:00,0.16728,0.17255,0.16693,0.17255,398915913.63474
2025-03-24 00:00:00+00:00,0.17254,0.18899,0.17058,0.1829,968014263.59952
2025-03-25 00:00:00+00:00,0.1829,0.1939,0.1807,0.19056,1195686408.75537
2025-03-26 00:00:00+00:00,0.19056,0.20574,0.18928,0.19481,1719631568.50661
2025-03-27 00:00:00+00:00,0.1948,0.20049,0.18756,0.19039,1096925935.40367
2025-03-28 00:00:00+00:00,0.19039,0.1928,0.1771,0.18013,1081337024.10681
2025-03-29 00:00:00+00:00,0.18013,0.1825,0.16564,0.16946,931787827.625
2025-03-30 00:00:00+00:00,0.16946,0.1723,0.16434,0.16645,656814920.87923
2025-03-31 00:00:00+00:00,0.16646,0.16829,0.16,0.16658,1012300015.16083
2025-04-01 00:00:00+00:00,0.16657,0.17572,0.16592,0.17391,834123331.69311
2025-04-02 00:00:00+00:00,0.1739,0.18005,0.16185,0.16376,1402614533.02637
2025-04-03 00:00:00+00:00,0.16376,0.1674,0.15527,0.16222,884679414.71023
2025-04-04 00:00:00+00:00,0.16222,0.17279,0.15991,0.1712,1298820988.14094
2025-04-05 00:00:00+00:00,0.17119,0.17165,0.16603,0.16887,457566264.95738
2025-04-06 00:00:00+00:00,0.16887,0.16992,0.14574,0.14915,1167104933.14205
2025-04-07 00:00:00+00:00,0.14914,0.15396,0.12983,0.14951,2499117168.71418
2025-04-08 00:00:00+00:00,0.1495,0.15699,0.14102,0.1422,1326998776.73911
2025-04-09 00:00:00+00:00,0.1422,0.16416,0.13646,0.16028,1814186427.22337
2025-04-10 00:00:00+00:00,0.16027,0.16043,0.14872,0.15349,1046395323.81008
2025-04-11 00:00:00+00:00,0.15348,0.16245,0.1532,0.15996,656735950.44362
2025-04-12 00:00:00+00:00,0.15996,0.1694,0.15755,0.16757,699853630.98482
2025-04-13 00:00:00+00:00,0.16757,0.16859,0.16092,0.16252,781759280.05544
2025-04-14 00:00:00+00:00,0.16252,0.16957,0.15717,0.15845,811313310.73177
2025-04-15 00:00:00+00:00,0.15845,0.16127,0.15302,0.15349,648657414.1372
2025-04-16 00:00:00+00:00,0.15349,0.15729,0.1501,0.15464,749102822.77772
2025-04-17 00:00:00+00:00,0.15463,0.15939,0.15288,0.15579,523220792.75294
2025-04-18 00:00:00+00:00,0.15578,0.1589,0.15344,0.15753,375990578.15207
2025-04-19 00:00:00+00:00,0.15753,0.16086,0.1562,0.15726,390804804.23545
2025-04-20 00:00:00+00:00,0.15726,0.1595,0.15235,0.15519,542030901.84233
2025-04-21 00:00:00+00:00,0.15519,0.16352,0.15493,0.15931,875472857.71665
2025-04-22 00:00:00+00:00,0.15931,0.18,0.15711,0.17857,1281836908.721
2025-04-23 00:00:00+00:00,0.17858,0.18538,0.17483,0.17858,1345210875.54056
2025-04-24 00:00:00+00:00,0.17857,0.18322,0.16974,0.18246,1114691859.4814
2025-04-25 00:00:00+00:00,0.18245,0.18615,0.17741,0.18154,1140576434.44039
2025-04-26 00:00:00+00:00,0.18153,0.19298,0.18002,0.18182,934458968.66721
2025-04-27 00:00:00+00:00,0.18183,0.18345,0.17638,0.17924,743500486.43807
2025-04-28 00:00:00+00:00,0.17923,0.18269,0.17364,0.17898,968531275.31942
2025-04-29 00:00:00+00:00,0.17897,0.18066,0.17229,0.17453,786698896.67399
2025-04-30 00:00:00+00:00,0.17454,0.17658,0.16654,0.17217,792971126.88244
2025-05-01 00:00:00+00:00,0.17217,0.18329,0.17199,0.18057,746395506.10222
2025-05-02 00:00:00+00:00,0.18057,0.1844,0.17907,0.18142,696936609.1645
2025-05-03 00:00:00+00:00,0.18143,0.18212,0.17514,0.17555,482091961.82518
2025-05-04 00:00:00+00:00,0.17555,0.17734,0.16963,0.1704,565704213.24759
2025-05-05 00:00:00+00:00,0.17039,0.17456,0.168,0.1705,641218967.70899
2025-05-06 00:00:00+00:00,0.1705,0.1725,0.16416,0.17211,810695112.34485
2025-05-07 00:00:00+00:00,0.1721,0.17437,0.16884,0.17193,686530208.04984
2025-05-08 00:00:00+00:00,0.17193,0.19837,0.17161,0.19807,1456789249.54687
2025-05-09 00:00:00+00:00,0.19808,0.2145,0.19294,0.20521,1836039926.42401
2025-05-10 00:00:00+00:00,0.20521,0.2512,0.20328,0.25057,2606837661.28654
2025-05-11 00:00:00+00:00,0.25058,0.25973,0.22204,0.23172,2837035071.52474
2025-05-12 00:00:00+00:00,0.23173,0.25341,0.22039,0.2309,3321332363.5646
2025-05-13 00:00:00+00:00,0.2309,0.24303,0.21717,0.24068,2032276251.72993
2025-05-14 00:00:00+00:00,0.24069,0.24751,0.22806,0.23267,1759983181.35371
2025-05-15 00:00:00+00:00,0.23268,0.23667,0.21353,0.21926,1956351910.45786
2025-05-16 00:00:00+00:00,0.21926,0.23085,0.2178,0.221,1308648302.40444
2025-05-17 00:00:00+00:00,0.22098,0.22214,0.2106,0.21449,1057755666.4602
2025-05-18 00:00:00+00:00,0.2145,0.23793,0.21388,0.23296,1727435456.64999
2025-05-19 00:00:00+00:00,0.23297,0.23576,0.21368,0.22437,1543290256.84113
2025-05-20 00:00:00+00:00,0.22437,0.23077,0.21751,0.22617,1412231596.97681
2025-05-21 00:00:00+00:00,0.22617,0.23799,0.22244,0.23398,1992414550.14477
2025-05-22 00:00:00+00:00,0.23398,0.24573,0.23375,0.24547,1699741660.72972
2025-05-23 00:00:00+00:00,0.24548,0.25439,0.22294,0.22505,2433790643.19263
2025-05-24 00:00:00+00:00,0.22505,0.2303,0.22346,0.22501,749384834.79003
2025-05-25 00:00:00+00:00,0.22501,0.22633,0.21552,0.22478,918359280.51358
2025-05-26 00:00:00+00:00,0.22477,0.23025,0.22239,0.22585,893264704.44284
2025-05-27 00:00:00+00:00,0.22584,0.23206,0.21956,0.22589,1122440540.59877
2025-05-28 00:00:00+00:00,0.22589,0.22776,0.21672,0.22086,841573994.66937
2025-05-29 00:00:00+00:00,0.22085,0.22787,0.21389,0.21477,1191512296.02622
2025-05-30 00:00:00+00:00,0.21477,0.21637,0.19036,0.19348,1620690641.81087
2025-05-31 00:00:00+00:00,0.19348,0.19543,0.18539,0.19241,1224802713.0894
2025-06-01 00:00:00+00:00,0.19242,0.19483,0.18628,0.19353,798059751.70353
2025-06-02 00:00:00+00:00,0.19352,0.19633,0.18841,0.19498,871987281.75185
2025-06-03 00:00:00+00:00,0.19498,0.2004,0.1911,0.19302,907795921.85841
2025-06-04 00:00:00+00:00,0.19301,0.19701,0.18679,0.188,717706357.8667
2025-06-05 00:00:00+00:00,0.188,0.19239,0.16778,0.17095,1603370012.60237
2025-06-06 00:00:00+00:00,0.17096,0.1844,0.16929,0.17869,1099707761.33271
2025-06-07 00:00:00+00:00,0.1787,0.18861,0.17766,0.18502,833478789.02202
2025-06-08 00:00:00+00:00,0.18502,0.18694,0.18026,0.18409,640663354.21698
2025-06-09 00:00:00+00:00,0.18409,0.19619,0.18009,0.19482,1105281890.09449
2025-06-10 00:00:00+00:00,0.19481,0.19848,0.18847,0.19838,1209629038.45813
2025-06-11 00:00:00+00:00,0.19838,0.2067,0.19117,0.19284,1463602331.13342
2025-06-12 00:00:00+00:00,0.19284,0.19358,0.1798,0.18103,1140090488.91953
2025-06-13 00:00:00+00:00,0.18103,0.1814,0.16961,0.18032,1442182734.23922
2025-06-14 00:00:00+00:00,0.18031,0.18036,0.17451,0.17817,610087681.45109
2025-06-15 00:00:00+00:00,0.17818,0.17862,0.17126,0.17543,704942969.26563
2025-06-16 00:00:00+00:00,0.17543,0.18112,0.172,0.17261,957841109.05005
2025-06-17 00:00:00+00:00,0.1726,0.17602,0.16381,0.16926,1079037114.41343
2025-06-18 00:00:00+00:00,0.16927,0.17216,0.16398,0.17057,839013147.4994
2025-06-19 00:00:00+00:00,0.17058,0.17195,0.16762,0.17085,537367416.07693
2025-06-20 00:00:00+00:00,0.17084,0.1719,0.1582,0.16227,974168458.77272
2025-06-21 00:00:00+00:00,0.16227,0.1643,0.15,0.1544,681122618.98913
2025-06-22 00:00:00+00:00,0.1544,0.15763,0.14258,0.15118,1440132196.48589
2025-06-23 00:00:00+00:00,0.15119,0.16533,0.14854,0.16371,1310774071.03707
2025-06-24 00:00:00+00:00,0.16371,0.16763,0.1616,0.16564,850936539.32887
2025-06-25 00:00:00+00:00,0.16563,0.16764,0.16247,0.16451,748493412.11101
2025-06-26 00:00:00+00:00,0.1645,0.16809,0.15782,0.15993,857475744.36937
2025-06-27 00:00:00+00:00,0.15994,0.16335,0.15693,0.16097,655030809.81389
2025-06-28 00:00:00+00:00,0.16098,0.16495,0.16032,0.16357,385738013.47805
2025-06-29 00:00:00+00:00,0.16357,0.16999,0.16251,0.16938,540449346.74451
2025-06-30 00:00:00+00:00,0.16937,0.16986,0.16215,0.16509,794862391.94613
2025-07-01 00:00:00+00:00,0.16509,0.16622,0.15667,0.15769,724512364.95204
2025-07-02 00:00:00+00:00,0.15769,0.17263,0.15645,0.16866,1163422759.31415
2025-07-03 00:00:00+00:00,0.16866,0.17538,0.1673,0.17194,1064051393.25271
2025-07-04 00:00:00+00:00,0.17195,0.1729,0.16115,0.16279,986401407.24932
2025-07-05 00:00:00+00:00,0.1628,0.16499,0.16187,0.16413,409436227.00219
2025-07-06 00:00:00+00:00,0.16414,0.1752,0.16303,0.17188,960175044.26406
2025-07-07 00:00:00+00:00,0.17188,0.17715,0.16558,0.16782,1065300255.23072
2025-07-08 00:00:00+00:00,0.16783,0.17196,0.16581,0.17085,743610544.74603
2025-07-09 00:00:00+00:00,0.17084,0.18667,0.16981,0.18051,1240962824.44405
2025-07-10 00:00:00+00:00,0.18052,0.19635,0.17872,0.195,1222214774.60956
2025-07-11 00:00:00+00:00,0.19501,0.21373,0.19115,0.20103,2667991447.90587
2025-07-12 00:00:00+00:00,0.20103,0.20654,0.19184,0.19732,1347742933.7223
2025-07-13 00:00:00+00:00,0.19731,0.20406,0.19565,0.19843,1144019262.29556
2025-07-14 00:00:00+00:00,0.19844,0.21094,0.19441,0.19736,1808729972.27205
2025-07-15 00:00:00+00:00,0.19737,0.19936,0.18843,0.19916,1743348942.24907
2025-07-16 00:00:00+00:00,0.19915,0.22083,0.1955,0.2127,1942519353.20507
2025-07-17 00:00:00+00:00,0.21271,0.2224,0.20657,0.21826,2565669901.30882
2025-07-18 00:00:00+00:00,0.21827,0.25439,0.21617,0.23576,4771430269.2725
2025-07-19 00:00:00+00:00,0.23577,0.25806,0.23553,0.24136,3456279119.22569
2025-07-20 00:00:00+00:00,0.24136,0.27837,0.23992,0.27379,4367398587.0986
2025-07-21 00:00:00+00:00,0.27378,0.28767,0.26426,0.2714,5029651536.26965
2025-07-22 00:00:00+00:00,0.2714,0.27494,0.25729,0.27107,3443134752.89785
2025-07-23 00:00:00+00:00,0.27108,0.27125,0.23011,0.24072,3523069642.44381
2025-07-24 00:00:00+00:00,0.24072,0.24663,0.22164,0.23208,3208000847.24759
2025-07-25 00:00:00+00:00,0.23208,0.23691,0.22082,0.23662,2285253738.99246
2025-07-26 00:00:00+00:00,0.23662,0.24025,0.23289,0.23537,1150215357.09199
2025-07-27 00:00:00+00:00,0.23537,0.24369,0.23414,0.24059,1642833640.99367
2025-07-28 00:00:00+00:00,0.24059,0.2485,0.22411,0.22606,2144906206.13098
2025-07-29 00:00:00+00:00,0.22607,0.23268,0.21728,0.22381,1851927304.35159
2025-07-30 00:00:00+00:00,0.22381,0.22645,0.20871,0.21988,2007080013.80157
2025-07-31 00:00:00+00:00,0.21987,0.22558,0.208,0.20966,1592669796.75721
2025-08-01 00:00:00+00:00,0.20967,0.2125,0.19511,0.20085,2453445425.90048
2025-08-02 00:00:00+00:00,0.20085,0.2034,0.18932,0.19093,1632623784.34118
2025-08-03 00:00:00+00:00,0.19094,0.2004,0.18851,0.19866,991798934.28483
2025-08-04 00:00:00+00:00,0.19866,0.21119,0.19837,0.21031,1384354556.65519
2025-08-05 00:00:00+00:00,0.21031,0.21097,0.19591,0.19971,1461738774.02372
2025-08-06 00:00:00+00:00,0.19971,0.20709,0.19551,0.20519,1087778376.78099
2025-08-07 00:00:00+00:00,0.20518,0.22294,0.20323,0.22216,1485200755.05707
2025-08-08 00:00:00+00:00,0.22217,0.23245,0.21945,0.23032,1913652040.30226
2025-08-09 00:00:00+00:00,0.23033,0.24673,0.22962,0.23989,2124600920.63415
2025-08-10 00:00:00+00:00,0.2399,0.24346,0.22937,0.23377,1693995397.33774
2025-08-11 00:00:00+00:00,0.23378,0.24168,0.22111,0.22198,2370698807.40463
2025-08-12 00:00:00+00:00,0.22198,0.23829,0.21854,0.23571,1912067626.33734
2025-08-13 00:00:00+00:00,0.23572,0.25056,0.23131,0.24478,2874211423.24003
2025-08-14 00:00:00+00:00,0.24478,0.25578,0.2173,0.22368,3510880360.97673
2025-08-15 00:00:00+00:00,0.22369,0.23302,0.22004,0.22875,2265985555.26409
2025-08-16 00:00:00+00:00,0.22874,0.23615,0.22514,0.23103,1375834638.88035
2025-08-17 00:00:00+00:00,0.23104,0.24248,0.2283,0.23447,1674226863.27491
2025-08-18 00:00:00+00:00,0.23446,0.23546,0.21978,0.22253,1730803901.16665
2025-08-19 00:00:00+00:00,0.22253,0.22566,0.2086,0.20933,1841798602.97408
2025-08-20 00:00:00+00:00,0.20932,0.22278,0.20744,0.2216,1704489222.43559
2025-08-21 00:00:00+00:00,0.2216,0.22442,0.21376,0.21465,1272975396.37115
2025-08-22 00:00:00+00:00,0.21465,0.24218,0.20812,0.2405,2609675142.08107
2025-08-23 00:00:00+00:00,0.24051,0.24084,0.22895,0.23625,1562569728.87843
2025-08-24 00:00:00+00:00,0.23626,0.24492,0.22737,0.23175,1937753682.27352
2025-08-25 00:00:00+00:00,0.23174,0.2345,0.20571,0.20953,2171082693.51027
2025-08-26 00:00:00+00:00,0.20953,0.21996,0.20699,0.21833,1263341026.60572
2025-08-27 00:00:00+00:00,0.21832,0.22382,0.216,0.21883,1356626593.17273
2025-08-28 00:00:00+00:00,0.21884,0.22601,0.21661,0.2243,1055690709.82929
2025-08-29 00:00:00+00:00,0.2243,0.22538,0.20966,0.2138,1653491742.49032
2025-08-30 00:00:00+00:00,0.2138,0.21881,0.21119,0.21585,671739249.94591
2025-08-31 00:00:00+00:00,0.21586,0.2213,0.21314,0.21359,733921147.71547
2025-09-01 00:00:00+00:00,0.21358,0.21982,0.20459,0.21063,1715146273.67757
2025-09-02 00:00:00+00:00,0.21063,0.21549,0.20648,0.21481,1376039994.8583
2025-09-03 00:00:00+00:00,0.2148,0.22347,0.21241,0.22022,1020883896.78195
2025-09-04 00:00:00+00:00,0.22022,0.221,0.21036,0.2123,1021648034.02247
2025-09-05 00:00:00+00:00,0.21229,0.22093,0.21171,0.21778,1448317443.82159
2025-09-06 00:00:00+00:00,0.21778,0.2188,0.21213,0.21583,610169016.14119
2025-09-07 00:00:00+00:00,0.21583,0.22918,0.21559,0.22868,1048494252.04181
2025-09-08 00:00:00+00:00,0.22867,0.2441,0.2264,0.24157,2061101342.27711
2025-09-09 00:00:00+00:00,0.24156,0.24948,0.23351,0.24051,2598635207.47738
2025-09-10 00:00:00+00:00,0.24052,0.24862,0.23607,0.24525,1668648600.58156
2025-09-11 00:00:00+00:00,0.24524,0.25691,0.24168,0.25591,2051274896.39017
2025-09-12 00:00:00+00:00,0.25592,0.27856,0.25469,0.27545,2579063191.68348
2025-09-13 00:00:00+00:00,0.27545,0.30679,0.27261,0.28933,5199599965.86034
2025-09-14 00:00:00+00:00,0.28932,0.29505,0.27263,0.27785,3428046007.8103
2025-09-15 00:00:00+00:00,0.27784,0.282,0.25854,0.26818,3144399263.91603
2025-09-16 00:00:00+00:00,0.26818,0.27188,0.25653,0.26984,2510753391.27777
2025-09-17 00:00:00+00:00,0.26984,0.28368,0.26005,0.28241,2986930859.02476
2025-09-18 00:00:00+00:00,0.28242,0.2887,0.2754,0.27838,2743597464.53158
2025-09-19 00:00:00+00:00,0.27838,0.28485,0.263,0.26513,2157461107.43198
2025-09-20 00:00:00+00:00,0.26513,0.2693,0.26277,0.26747,1007305434.30834
2025-09-21 00:00:00+00:00,0.26746,0.2696,0.26016,0.2606,1086500980.68337
2025-09-22 00:00:00+00:00,0.26059,0.26219,0.22775,0.24109,2998059385.17144
2025-09-23 00:00:00+00:00,0.2411,0.24384,0.23401,0.23698,1779491894.51128
2025-09-24 00:00:00+00:00,0.23698,0.25053,0.23087,0.24097,2037888759.42627
2025-09-25 00:00:00+00:00,0.24097,0.24185,0.22042,0.22281,2749740272.8394
2025-09-26 00:00:00+00:00,0.22281,0.2332,0.22123,0.23232,1647851397.45979
2025-09-27 00:00:00+00:00,0.23232,0.2342,0.22765,0.23067,755597254.85713
2025-09-28 00:00:00+00:00,0.23066,0.23758,0.22487,0.23722,971615632.4609
2025-09-29 00:00:00+00:00,0.23722,0.23888,0.2285,0.23469,1556184352.64952
2025-09-30 00:00:00+00:00,0.23468,0.23581,0.22623,0.23282,1280885448.76963
2025-10-01 00:00:00+00:00,0.23282,0.24909,0.23023,0.24894,1580050731.40182
2025-10-02 00:00:00+00:00,0.24893,0.264,0.2466,0.26191,2133161439.0582
2025-10-03 00:00:00+00:00,0.2619,0.26529,0.2526,0.25811,2045117626.76856
2025-10-04 00:00:00+00:00,0.25812,0.25972,0.24662,0.2507,1326830832.94195
2025-10-05 00:00:00+00:00,0.2507,0.26516,0.24941,0.25268,2222161455.12878
2025-10-06 00:00:00+00:00,0.25268,0.27039,0.2504,0.26601,2418705499.0694
2025-10-07 00:00:00+00:00,0.26601,0.26833,0.24592,0.24671,2758541891.66615
2025-10-08 00:00:00+00:00,0.24672,0.26107,0.2428,0.25557,2125008922.48057
2025-10-09 00:00:00+00:00,0.25557,0.25587,0.24097,0.24843,2244203940.56835
2025-10-10 00:00:00+00:00,0.24843,0.25398,0.08385,0.19312,5371731733.89869
2025-10-11 00:00:00+00:00,0.19312,0.2003,0.17807,0.18516,3599519418.20974
2025-10-12 00:00:00+00:00,0.18517,0.21406,0.18059,0.20704,4374142141.44021
2025-10-13 00:00:00+00:00,0.20704,0.21823,0.20181,0.2137,5995551375.11597
2025-10-14 00:00:00+00:00,0.21371,0.21553,0.19319,0.20426,5291751915.25884
2025-10-15 00:00:00+00:00,0.20427,0.20845,0.19404,0.19611,1884088066.17404
2025-10-16 00:00:00+00:00,0.19611,0.20142,0.18455,0.18838,2262987208.91933
2025-10-17 00:00:00+00:00,0.18838,0.19106,0.17538,0.18463,1973227141.8628
2025-10-18 00:00:00+00:00,0.18464,0.19052,0.18418,0.18951,759907119.30098
2025-10-19 00:00:00+00:00,0.18951,0.19861,0.18595,0.19526,1234053293.45289
2025-10-20 00:00:00+00:00,0.19526,0.20241,0.1916,0.19991,1398542716.35814
2025-10-21 00:00:00+00:00,0.19991,0.20556,0.19199,0.19418,1666377705.56978
2025-10-22 00:00:00+00:00,0.19417,0.19532,0.18447,0.18982,1598844128.38521
2025-10-23 00:00:00+00:00,0.18983,0.19736,0.18947,0.19484,960318934.22068
2025-10-24 00:00:00+00:00,0.19484,0.20113,0.19396,0.19766,943289995.79661
2025-10-25 00:00:00+00:00,0.19766,0.19983,0.19582,0.1964,587915584.11549
2025-10-26 00:00:00+00:00,0.19639,0.20745,0.19449,0.2057,971455947.61051
2025-10-27 00:00:00+00:00,0.2057,0.20945,0.199,0.2003,1255485278.15105
2025-10-28 00:00:00+00:00,0.2003,0.20301,0.19,0.19351,1392883079.3698
2025-10-29 00:00:00+00:00,0.19352,0.19721,0.18703,0.19228,1415406127.85257
2025-10-30 00:00:00+00:00,0.19228,0.19452,0.17631,0.18256,1530016402.09661
2025-10-31 00:00:00+00:00,0.18257,0.18801,0.18215,0.18635,798099763.53435
2025-11-01 00:00:00+00:00,0.18635,0.18831,0.185,0.18726,355003271.85169
2025-11-02 00:00:00+00:00,0.18727,0.18877,0.18157,0.18629,551984177.18725
2025-11-03 00:00:00+00:00,0.18629,0.18659,0.15942,0.1673,1925957435.58345
2025-11-04 00:00:00+00:00,0.16731,0.17103,0.15146,0.16217,2378256582.68293
2025-11-05 00:00:00+00:00,0.16216,0.16878,0.15443,0.16709,1070667898.28806
2025-11-06 00:00:00+00:00,0.1671,0.16773,0.15691,0.16155,832736451.79951
2025-11-07 00:00:00+00:00,0.16155,0.18159,0.15953,0.17873,1224146669.68396
2025-11-08 00:00:00+00:00,0.17872,0.18329,0.17287,0.17597,932915770.80396
2025-11-09 00:00:00+00:00,0.17596,0.18152,0.17112,0.17922,786362498.62304
2025-11-10 00:00:00+00:00,0.17922,0.18569,0.17711,0.1817,975525542.15661
2025-11-11 00:00:00+00:00,0.18171,0.18636,0.17146,0.17197,1059342410.58477
2025-11-12 00:00:00+00:00,0.17198,0.17848,0.1671,0.17008,965651006.82409
2025-11-13 00:00:00+00:00,0.17007,0.17764,0.15981,0.16374,1233273804.04464
2025-11-14 00:00:00+00:00,0.16373,0.16618,0.15458,0.15756,1365795100.38877
2025-11-15 00:00:00+00:00,0.15756,0.16476,0.15709,0.16309,526403486.48443
2025-11-16 00:00:00+00:00,0.16309,0.16559,0.15345,0.15851,912076948.38069
2025-11-17 00:00:00+00:00,0.1585,0.16506,0.15054,0.15205,1309314528.28264
2025-11-18 00:00:00+00:00,0.15206,0.1629,0.14928,0.16168,1118481719.64829
2025-11-19 00:00:00+00:00,0.16168,0.16247,0.14705,0.15453,1193313301.49681
2025-11-20 00:00:00+00:00,0.15453,0.15974,0.14607,0.14886,1296651379.29497
2025-11-21 00:00:00+00:00,0.14886,0.15102,0.13316,0.14022,1955246513.65338
2025-11-22 00:00:00+00:00,0.14023,0.14238,0.13538,0.14019,923642730.00682
2025-11-23 00:00:00+00:00,0.1402,0.1477,0.13959,0.14494,667119041.93909
2025-11-24 00:00:00+00:00,0.14495,0.15392,0.14268,0.15173,991503410.58268
2025-11-25 00:00:00+00:00,0.15174,0.15497,0.14576,0.15295,756358100.95687
2025-11-26 00:00:00+00:00,0.15295,0.15673,0.14856,0.15467,772208729.15463
2025-11-27 00:00:00+00:00,0.15466,0.15554,0.15212,0.15256,459680448.08536
2025-11-28 00:00:00+00:00,0.15257,0.15548,0.14815,0.15011,764455412.23103
2025-11-29 00:00:00+00:00,0.15011,0.15089,0.14715,0.14829,358614843.97464
2025-11-30 00:00:00+00:00,0.1483,0.15054,0.14577,0.1459,425407068.25856
2025-12-01 00:00:00+00:00,0.1459,0.14629,0.13165,0.13536,997939171.13827
2025-12-02 00:00:00+00:00,0.13536,0.14781,0.13436,0.1457,778674649.56484
2025-12-03 00:00:00+00:00,0.14569,0.15337,0.14513,0.15159,718568582.40084
2025-12-04 00:00:00+00:00,0.1516,0.15313,0.14551,0.14734,588172534.39154
2025-12-05 00:00:00+00:00,0.14735,0.1483,0.13712,0.13947,647368683.45303
2025-12-06 00:00:00+00:00,0.13948,0.14068,0.13827,0.1397,286649747.85163
2025-12-07 00:00:00+00:00,0.13969,0.14282,0.13478,0.13862,565952916.32166
2025-12-08 00:00:00+00:00,0.13861,0.14499,0.1379,0.14253,577781404.81106
2025-12-09 00:00:00+00:00,0.14254,0.15313,0.13935,0.1479,797536796.83488
2025-12-10 00:00:00+00:00,0.14789,0.15029,0.14223,0.14324,742329815.97214
2025-12-11 00:00:00+00:00,0.14324,0.14352,0.13615,0.14028,678833740.41269
2025-12-12 00:00:00+00:00,0.14027,0.14147,0.13416,0.13684,527914175.40904
2025-12-13 00:00:00+00:00,0.13684,0.13997,0.13682,0.13897,255370725.98391
2025-12-14 00:00:00+00:00,0.13898,0.13919,0.1325,0.134,384699527.71907
2025-12-15 00:00:00+00:00,0.13399,0.13839,0.12654,0.12968,753825254.19096
2025-12-16 00:00:00+00:00,0.12967,0.133,0.12713,0.13171,532016381.02621
2025-12-17 00:00:00+00:00,0.13171,0.13628,0.12469,0.12626,757517089.20813
2025-12-18 00:00:00+00:00,0.12627,0.13068,0.11985,0.12203,886343602.61854
2025-12-19 00:00:00+00:00,0.12203,0.13349,0.12049,0.13215,699355601.42067
2025-12-20 00:00:00+00:00,0.13216,0.13252,0.13061,0.13188,241771029.84426
2025-12-21 00:00:00+00:00,0.13188,0.1334,0.12864,0.13105,351612471.6365
2025-12-22 00:00:00+00:00,0.13106,0.13534,0.12937,0.13249,555330478.09207
2025-12-23 00:00:00+00:00,0.1325,0.13363,0.12782,0.12923,467395011.94127
2025-12-24 00:00:00+00:00,0.12922,0.1303,0.12643,0.12849,347361685.33897
2025-12-25 00:00:00+00:00,0.12849,0.12904,0.12292,0.12356,355099218.67535
2025-12-26 00:00:00+00:00,0.12356,0.12748,0.12052,0.12205,556565086.24989
2025-12-27 00:00:00+00:00,0.12206,0.12491,0.12186,0.1243,274014067.60106
2025-12-28 00:00:00+00:00,0.12431,0.12483,0.12268,0.12388,230141508.64215
2025-12-29 00:00:00+00:00,0.12389,0.128,0.12218,0.1228,609992507.70247
2025-12-30 00:00:00+00:00,0.12279,0.12541,0.12233,0.12326,406126229.95042
2025-12-31 00:00:00+00:00,0.12326,0.12377,0.11534,0.11741,541606071.72395
2026-01-01 00:00:00+00:00,0.11741,0.1275,0.11736,0.12679,679305603.36991
2026-01-02 00:00:00+00:00,0.12679,0.145,0.12588,0.14181,1429627237.65344
2026-01-03 00:00:00+00:00,0.14182,0.14448,0.13897,0.14307,712448421.27828
2026-01-04 00:00:00+00:00,0.14307,0.15417,0.14271,0.14944,1271490836.83647
2026-01-05 00:00:00+00:00,0.14944,0.15439,0.14558,0.15165,1236987231.42549
2026-01-06 00:00:00+00:00,0.15164,0.15656,0.1424,0.15048,1327046290.45844
2026-01-07 00:00:00+00:00,0.15048,0.15404,0.14472,0.14634,911734864.88432
2026-01-08 00:00:00+00:00,0.14633,0.14772,0.13784,0.14189,911063083.23347
2026-01-09 00:00:00+00:00,0.14189,0.14455,0.13813,0.14065,646489882.98924
2026-01-10 00:00:00+00:00,0.14066,0.14069,0.139,0.13958,204366655.46193
2026-01-11 00:00:00+00:00,0.13959,0.14116,0.13579,0.13794,424279993.00162
2026-01-12 00:00:00+00:00,0.13795,0.14229,0.13484,0.13653,699019830.20831
2026-01-13 00:00:00+00:00,0.13653,0.15089,0.13618,0.14821,788981605.52113
2026-01-14 00:00:00+00:00,0.14821,0.15127,0.14553,0.14712,727999472.13305
2026-01-15 00:00:00+00:00,0.14713,0.14716,0.13871,0.13997,645955891.03586
2026-01-16 00:00:00+00:00,0.13998,0.14037,0.13501,0.13804,516275631.28062
2026-01-17 00:00:00+00:00,0.13804,0.13996,0.13673,0.13781,261576302.90492
2026-01-18 00:00:00+00:00,0.13781,0.13829,0.1312,0.13156,399905784.66877
2026-01-19 00:00:00+00:00,0.13156,0.13156,0.11928,0.12909,818548765.06748
2026-01-20 00:00:00+00:00,0.1291,0.12929,0.12168,0.12329,661925521.1797
2026-01-21 00:00:00+00:00,0.12329,0.12876,0.12022,0.12644,827331930.61027
2026-01-22 00:00:00+00:00,0.12645,0.12786,0.12312,0.12431,419676331.55724
2026-01-23 00:00:00+00:00,0.1243,0.12783,0.12194,0.1247,471362074.12594
2026-01-24 00:00:00+00:00,0.1247,0.12487,0.12284,0.12415,156814474.48208
2026-01-25 00:00:00+00:00,0.12416,0.1243,0.11754,0.11938,488864940.46851
2026-01-26 00:00:00+00:00,0.11938,0.12378,0.11915,0.12228,498410839.65471
2026-01-27 00:00:00+00:00,0.12228,0.1266,0.12131,0.12615,495055181.7402
2026-01-28 00:00:00+00:00,0.12614,0.12768,0.12363,0.12495,464951698.92201
2026-01-29 00:00:00+00:00,0.12496,0.12521,0.11427,0.1172,750952719.94438
2026-01-30 00:00:00+00:00,0.11721,0.11866,0.11139,0.11577,766691943.20733
2026-01-31 00:00:00+00:00,0.11576,0.11588,0.09459,0.10417,1101631374.83255
2026-02-01 00:00:00+00:00,0.10417,0.10679,0.101,0.10421,721137604.54323
2026-02-02 00:00:00+00:00,0.10421,0.11048,0.09945,0.10785,877324990.79317
2026-02-03 00:00:00+00:00,0.10785,0.11054,0.1022,0.10595,884989821.27895
2026-02-04 00:00:00+00:00,0.10595,0.10946,0.10119,0.10377,694780353.38881
2026-02-05 00:00:00+00:00,0.10377,0.10475,0.08667,0.08841,1555701105.28611
2026-02-06 00:00:00+00:00,0.08841,0.10219,0.07991,0.09842,1276221052.51253
2026-02-07 00:00:00+00:00,0.09843,0.09943,0.09458,0.09819,605526117.34943
2026-02-08 00:00:00+00:00,0.09819,0.09898,0.09504,0.09657,394711162.26417
2026-02-09 00:00:00+00:00,0.09656,0.0975,0.09239,0.09605,422355518.20948
2026-02-10 00:00:00+00:00,0.09606,0.09653,0.09162,0.09271,344979854.29909
2026-02-11 00:00:00+00:00,0.09271,0.09357,0.08783,0.09107,491708322.50463
2026-02-12 00:00:00+00:00,0.09106,0.09454,0.09063,0.09296,410583563.7577
2026-02-13 00:00:00+00:00,0.09296,0.09771,0.09174,0.09663,399203594.45825
2026-02-14 00:00:00+00:00,0.09662,0.11369,0.09625,0.11099,759199985.86484
2026-02-15 00:00:00+00:00,0.11098,0.11759,0.10147,0.10261,1258820219.43217
2026-02-16 00:00:00+00:00,0.10261,0.10355,0.09844,0.10097,694773775.75727
2026-02-17 00:00:00+00:00,0.10097,0.10353,0.09823,0.10061,567072514.96146
2026-02-18 00:00:00+00:00,0.10062,0.10227,0.09741,0.09849,462962757.81021
2026-02-19 00:00:00+00:00,0.0985,0.09923,0.09545,0.09831,460242895.50816
2026-02-20 00:00:00+00:00,0.09831,0.10236,0.09556,0.10004,624616256.65259
2026-02-21 00:00:00+00:00,0.10004,0.10094,0.09834,0.09836,284298892.96973
2026-02-22 00:00:00+00:00,0.09836,0.09849,0.09452,0.09552,318134282.76276
2026-02-23 00:00:00+00:00,0.09552,0.09757,0.09136,0.09263,682880985.66086
2026-02-24 00:00:00+00:00,0.09263,0.09357,0.08987,0.09133,472307856.80462
2026-02-25 00:00:00+00:00,0.09132,0.10617,0.09083,0.10091,935710516.61271
2026-02-26 00:00:00+00:00,0.10091,0.10165,0.09535,0.09694,589801434.64606
2026-02-27 00:00:00+00:00,0.09695,0.09907,0.09183,0.09331,542592564.33424
2026-02-28 00:00:00+00:00,0.09331,0.09497,0.08759,0.094,761410793.9363
2026-03-01 00:00:00+00:00,0.09399,0.09786,0.09049,0.09186,664903855.5436
2026-03-02 00:00:00+00:00,0.09186,0.09774,0.09072,0.09351,646049779.90104
2026-03-03 00:00:00+00:00,0.09352,0.0938,0.08825,0.08991,681431270.76994
2026-03-04 00:00:00+00:00,0.08991,0.10427,0.08852,0.0989,1183882347.66053
2026-03-05 00:00:00+00:00,0.09889,0.0992,0.09268,0.09353,749881736.1515
2026-03-06 00:00:00+00:00,0.09353,0.0943,0.08991,0.09123,555044586.62818
2026-03-07 00:00:00+00:00,0.09122,0.09208,0.08911,0.08987,296330459.04699
2026-03-08 00:00:00+00:00,0.08988,0.09127,0.08653,0.08907,499528134.74907
2026-03-09 00:00:00+00:00,0.08908,0.09282,0.08894,0.09042,596050844.21271
2026-03-10 00:00:00+00:00,0.09042,0.10043,0.09027,0.09446,1119229226.05986
2026-03-11 00:00:00+00:00,0.09446,0.09481,0.09105,0.09283,707735172.17755
2026-03-12 00:00:00+00:00,0.09283,0.0958,0.09172,0.09469,604719873.16559
2026-03-13 00:00:00+00:00,0.09469,0.10199,0.09449,0.09591,959042027.40535
2026-03-14 00:00:00+00:00,0.09591,0.09639,0.09394,0.09599,367674973.27806
2026-03-15 00:00:00+00:00,0.09599,0.09807,0.0944,0.09734,436913239.04197
2026-03-16 00:00:00+00:00,0.09734,0.1037,0.09701,0.10299,1051183684.55745
2026-03-17 00:00:00+00:00,0.10298,0.10445,0.09826,0.10012,674636856.30589
2026-03-18 00:00:00+00:00,0.10012,0.10183,0.0932,0.0952,671868993.70714
2026-03-19 00:00:00+00:00,0.0952,0.09606,0.09171,0.09349,465361113.48714
2026-03-20 00:00:00+00:00,0.09348,0.09538,0.09274,0.09413,410991635.02568
2026-03-21 00:00:00+00:00,0.09412,0.09494,0.0905,0.09129,294210825.08143
2026-03-22 00:00:00+00:00,0.09129,0.09286,0.08907,0.09008,429341924.09067
2026-03-23 00:00:00+00:00,0.09008,0.09577,0.08918,0.09408,751338848.16453
2026-03-24 00:00:00+00:00,0.09408,0.09559,0.09236,0.09506,455174717.43601
2026-03-25 00:00:00+00:00,0.09506,0.09795,0.09433,0.09613,505145243.30607
2026-03-26 00:00:00+00:00,0.09613,0.09622,0.09038,0.09201,521763258.11573
2026-03-27 00:00:00+00:00,0.092,0.09267,0.08918,0.09005,387538316.44854
2026-03-28 00:00:00+00:00,0.09004,0.09532,0.08962,0.09092,460805063.92127
2026-03-29 00:00:00+00:00,0.09092,0.09162,0.08786,0.0904,360053703.73243
2026-03-30 00:00:00+00:00,0.09041,0.09391,0.0902,0.09078,535748205.57399
2026-03-31 00:00:00+00:00,0.09079,0.09281,0.08929,0.09228,553995337.58422
2026-04-01 00:00:00+00:00,0.09227,0.0945,0.09155,0.09214,453368020.09873
2026-04-02 00:00:00+00:00,0.09214,0.09266,0.08891,0.09035,503561041.57488
2026-04-03 00:00:00+00:00,0.09034,0.09256,0.08986,0.0915,345608279.33001
2026-04-04 00:00:00+00:00,0.09151,0.0931,0.09068,0.09202,256126838.54591
2026-04-05 00:00:00+00:00,0.09203,0.0924,0.08962,0.09235,423795390.7422
2026-04-06 00:00:00+00:00,0.09234,0.0936,0.08984,0.09053,535106265.25314
2026-04-07 00:00:00+00:00,0.09053,0.09602,0.09,0.09491,567435582.13927
2026-04-08 00:00:00+00:00,0.0949,0.09558,0.09207,0.09235,540487266.86629
2026-04-09 00:00:00+00:00,0.09236,0.09497,0.09086,0.09255,525916508.84536
2026-04-10 00:00:00+00:00,0.09256,0.09527,0.09186,0.09365,474001672.74914
2026-04-11 00:00:00+00:00,0.09364,0.09487,0.09218,0.09303,378962474.49882
2026-04-12 00:00:00+00:00,0.09303,0.09321,0.09023,0.09078,432477227.09188
2026-04-13 00:00:00+00:00,0.09079,0.09434,0.09066,0.09409,530734109.94862
2026-04-14 00:00:00+00:00,0.0941,0.09804,0.09233,0.0929,820093719.72506
2026-04-15 00:00:00+00:00,0.0929,0.09676,0.09256,0.09485,463453214.84552
2026-04-16 00:00:00+00:00,0.09486,0.09984,0.09432,0.09917,963873070.42297
2026-04-17 00:00:00+00:00,0.09918,0.10216,0.09666,0.09936,921077536.10503
2026-04-18 00:00:00+00:00,0.09936,0.09973,0.09403,0.09473,554270728.48242
2026-04-19 00:00:00+00:00,0.09473,0.09706,0.09246,0.09298,615231111.77963
2026-04-20 00:00:00+00:00,0.09299,0.09605,0.09285,0.09515,398919415.80881
2026-04-21 00:00:00+00:00,0.09515,0.09588,0.0935,0.09513,345642057.30805
2026-04-22 00:00:00+00:00,0.09513,0.09858,0.09482,0.09557,577352924.52088
2026-04-23 00:00:00+00:00,0.09558,0.09799,0.09505,0.09709,570941805.84796
2026-04-24 00:00:00+00:00,0.09709,0.09951,0.09678,0.09839,475318999.12185
2026-04-25 00:00:00+00:00,0.09839,0.09905,0.09733,0.09796,263596112.23903
2026-04-26 00:00:00+00:00,0.09796,0.09989,0.09741,0.09916,327567044.13806
2026-04-27 00:00:00+00:00,0.09916,0.10084,0.09686,0.09889,554528815.24138
2026-04-28 00:00:00+00:00,0.0989,0.10099,0.09801,0.09928,578549512.27944
2026-04-29 00:00:00+00:00,0.09929,0.112,0.09919,0.10402,1817633772.56413
2026-04-30 00:00:00+00:00,0.10402,0.10835,0.1039,0.10645,1018397118.17368
2026-05-01 00:00:00+00:00,0.10646,0.1105,0.10636,0.10845,862614705.05995
2026-05-02 00:00:00+00:00,0.10846,0.10931,0.10711,0.10844,410672503.10723
2026-05-03 00:00:00+00:00,0.10845,0.10963,0.10705,0.10822,385255348.86199
2026-05-04 00:00:00+00:00,0.10823,0.11383,0.10753,0.11005,1069776927.67819
2026-05-05 00:00:00+00:00,0.11004,0.1165,0.10991,0.11478,642146985.68718
2026-05-06 00:00:00+00:00,0.11477,0.11723,0.11118,0.11239,929388724.10811
2026-05-07 00:00:00+00:00,0.11239,0.11245,0.10652,0.10778,698671359.18284
2026-05-08 00:00:00+00:00,0.10779,0.10963,0.10552,0.10947,486130427.67153
2026-05-09 00:00:00+00:00,0.10948,0.11129,0.10801,0.10869,390769646.21266
2026-05-10 00:00:00+00:00,0.10869,0.11283,0.1062,0.11242,789418201.46522
2026-05-11 00:00:00+00:00,0.11243,0.11273,0.10834,0.11127,820355194.55816
2026-05-12 00:00:00+00:00,0.11128,0.11157,0.10743,0.11012,617411826.37323
2026-05-13 00:00:00+00:00,0.11011,0.11468,0.10955,0.11261,796307045.48584
2026-05-14 00:00:00+00:00,0.1126,0.11859,0.11184,0.1154,1301868083.42179
2026-05-15 00:00:00+00:00,0.1154,0.11746,0.11068,0.1133,803517156.28648
2026-05-16 00:00:00+00:00,0.1133,0.11343,0.10764,0.10933,473010322.80043
2026-05-17 00:00:00+00:00,0.10933,0.11278,0.10501,0.10891,526566146.25373
2026-05-18 00:00:00+00:00,0.10891,0.10902,0.10244,0.10472,789427150.62294
2026-05-19 00:00:00+00:00,0.10472,0.10547,0.10258,0.10293,376148622.78918
2026-05-20 00:00:00+00:00,0.10293,0.10492,0.10181,0.10365,367508303.32864
2026-05-21 00:00:00+00:00,0.10365,0.10649,0.1036,0.10562,467555965.40288
2026-05-22 00:00:00+00:00,0.10561,0.10674,0.1015,0.10228,426163114.46065
2026-05-23 00:00:00+00:00,0.10229,0.10502,0.09715,0.10303,568062130.32932
2026-05-24 00:00:00+00:00,0.10303,0.10388,0.1005,0.10222,291226419.97938
2026-05-25 00:00:00+00:00,0.10222,0.10376,0.10158,0.10208,266170229.43713
2026-05-26 00:00:00+00:00,0.10209,0.10382,0.1002,0.10099,360851551.54255
2026-05-27 00:00:00+00:00,0.10099,0.10337,0.0992,0.10043,395593564.78252
2026-05-28 00:00:00+00:00,0.10043,0.1008,0.0964,0.09951,461304318.80529
2026-05-29 00:00:00+00:00,0.09951,0.10116,0.09737,0.09965,339865687.48797
2026-05-30 00:00:00+00:00,0.09965,0.10177,0.09943,0.10056,244811856.63862
2026-05-31 00:00:00+00:00,0.10056,0.10138,0.09895,0.10038,252338143.24793
