time,open,high,low,close,volume
2020-01-17 00:00:00+00:00,2.669,2.896,2.592,2.696,22425934.89725
2020-01-18 00:00:00+00:00,2.696,2.799,2.56,2.774,21440910.5591
2020-01-19 00:00:00+00:00,2.777,2.854,2.519,2.623,25247536.95095
2020-01-20 00:00:00+00:00,2.623,2.745,2.544,2.695,19123342.09899
2020-01-21 00:00:00+00:00,2.694,2.745,2.561,2.673,15706662.17502
2020-01-22 00:00:00+00:00,2.675,2.694,2.626,2.654,8813676.45578
2020-01-23 00:00:00+00:00,2.656,2.659,2.43,2.471,13164039.29156
2020-01-24 00:00:00+00:00,2.47,2.542,2.35,2.504,9314780.46289
2020-01-25 00:00:00+00:00,2.506,2.515,2.436,2.448,4994751.19487
2020-01-26 00:00:00+00:00,2.449,2.582,2.429,2.575,4519267.92872
2020-01-27 00:00:00+00:00,2.579,2.683,2.561,2.608,10004663.89104
2020-01-28 00:00:00+00:00,2.61,2.678,2.588,2.656,8507284.78084
2020-01-29 00:00:00+00:00,2.659,2.839,2.644,2.781,13801884.94774
2020-01-30 00:00:00+00:00,2.781,2.95,2.706,2.914,19451691.89007
2020-01-31 00:00:00+00:00,2.917,2.929,2.762,2.825,11247269.86853
2020-02-01 00:00:00+00:00,2.83,2.888,2.737,2.841,8196149.8842
2020-02-02 00:00:00+00:00,2.84,2.894,2.737,2.832,10810858.43364
2020-02-03 00:00:00+00:00,2.832,2.884,2.747,2.782,10037299.89042
2020-02-04 00:00:00+00:00,2.78,2.806,2.676,2.741,13644207.64028
2020-02-05 00:00:00+00:00,2.743,2.891,2.732,2.843,18900536.46915
2020-02-06 00:00:00+00:00,2.843,2.97,2.794,2.902,19712674.37223
2020-02-07 00:00:00+00:00,2.902,3.365,2.9,3.311,68850706.69227
2020-02-08 00:00:00+00:00,3.31,3.48,3.11,3.42,46362591.52324
2020-02-09 00:00:00+00:00,3.419,3.525,3.232,3.504,35813340.69914
2020-02-10 00:00:00+00:00,3.503,3.511,3.272,3.388,43418524.12255
2020-02-11 00:00:00+00:00,3.389,3.999,3.353,3.989,74548717.47831
2020-02-12 00:00:00+00:00,3.992,4.2,3.861,3.988,86826634.52592
2020-02-13 00:00:00+00:00,3.996,4.141,3.669,3.878,60731868.18432
2020-02-14 00:00:00+00:00,3.877,4.494,3.797,4.43,68503920.94191
2020-02-15 00:00:00+00:00,4.434,4.632,4.05,4.328,110588683.66441
2020-02-16 00:00:00+00:00,4.327,4.884,4.0,4.454,163125205.46949
2020-02-17 00:00:00+00:00,4.45,4.567,3.854,4.302,123703898.05274
2020-02-18 00:00:00+00:00,4.308,4.656,4.139,4.564,98623863.46759
2020-02-19 00:00:00+00:00,4.56,4.869,4.172,4.386,106394232.85321
2020-02-20 00:00:00+00:00,4.386,4.481,4.066,4.267,76620260.75259
2020-02-21 00:00:00+00:00,4.268,4.51,4.18,4.275,62753120.25094
2020-02-22 00:00:00+00:00,4.276,4.348,4.052,4.105,55927552.89178
2020-02-23 00:00:00+00:00,4.105,4.378,4.072,4.236,53348404.71812
2020-02-24 00:00:00+00:00,4.239,4.295,3.801,3.923,70972065.43254
2020-02-25 00:00:00+00:00,3.923,3.964,3.478,3.491,80529163.54203
2020-02-26 00:00:00+00:00,3.49,3.85,3.312,3.564,120328941.26179
2020-02-27 00:00:00+00:00,3.564,4.116,3.41,3.956,110000390.49091
2020-02-28 00:00:00+00:00,3.956,4.246,3.736,4.161,117100937.67557
2020-02-29 00:00:00+00:00,4.161,4.347,4.052,4.062,104867244.03232
2020-03-01 00:00:00+00:00,4.056,4.24,3.756,3.858,110010817.57406
2020-03-02 00:00:00+00:00,3.862,4.327,3.816,4.242,104164011.44294
2020-03-03 00:00:00+00:00,4.242,4.68,4.131,4.591,138112155.38221
2020-03-04 00:00:00+00:00,4.591,4.953,4.535,4.635,197884503.97712
2020-03-05 00:00:00+00:00,4.634,4.9,4.617,4.707,129411630.56484
2020-03-06 00:00:00+00:00,4.71,4.748,4.538,4.683,105646272.83346
2020-03-07 00:00:00+00:00,4.683,4.688,4.31,4.342,108044913.49841
2020-03-08 00:00:00+00:00,4.342,4.398,3.834,4.059,203716934.70302
2020-03-09 00:00:00+00:00,4.059,4.371,3.6,4.12,250653883.92342
2020-03-10 00:00:00+00:00,4.12,4.2,3.913,4.08,148060112.80248
2020-03-11 00:00:00+00:00,4.079,4.109,3.55,3.815,137670747.46881
2020-03-12 00:00:00+00:00,3.811,3.85,1.75,1.993,269038119.80196
2020-03-13 00:00:00+00:00,1.99,2.747,1.364,2.426,161706740.97746
2020-03-14 00:00:00+00:00,2.427,2.514,2.051,2.129,74404440.67226
2020-03-15 00:00:00+00:00,2.128,2.401,2.005,2.086,62753612.41331
2020-03-16 00:00:00+00:00,2.086,2.086,1.53,1.785,110470370.87871
2020-03-17 00:00:00+00:00,1.783,2.071,1.728,1.861,75848449.39755
2020-03-18 00:00:00+00:00,1.861,1.96,1.756,1.948,54137374.23126
2020-03-19 00:00:00+00:00,1.949,2.385,1.885,2.241,82991687.7443
2020-03-20 00:00:00+00:00,2.241,2.629,2.01,2.26,110630675.87468
2020-03-21 00:00:00+00:00,2.26,2.376,2.1,2.28,46927659.91466
2020-03-22 00:00:00+00:00,2.281,2.33,1.925,1.981,43437832.28414
2020-03-23 00:00:00+00:00,1.984,2.283,1.926,2.245,52055068.71133
2020-03-24 00:00:00+00:00,2.246,2.373,2.19,2.311,44620540.13637
2020-03-25 00:00:00+00:00,2.31,2.352,2.179,2.254,31912227.23233
2020-03-26 00:00:00+00:00,2.256,2.313,2.202,2.313,19130952.11648
2020-03-27 00:00:00+00:00,2.311,2.362,2.1,2.131,19097250.04196
2020-03-28 00:00:00+00:00,2.131,2.151,2.038,2.131,29193531.98774
2020-03-29 00:00:00+00:00,2.13,2.147,2.002,2.006,18668375.25736
2020-03-30 00:00:00+00:00,2.006,2.197,2.002,2.134,23941001.56957
2020-03-31 00:00:00+00:00,2.133,2.3,2.108,2.259,22258665.75565
2020-04-01 00:00:00+00:00,2.261,2.31,2.142,2.276,41104981.15876
2020-04-02 00:00:00+00:00,2.276,2.456,2.256,2.294,44676215.57723
2020-04-03 00:00:00+00:00,2.293,2.384,2.267,2.301,22519226.89467
2020-04-04 00:00:00+00:00,2.3,2.342,2.253,2.315,18104749.96016
2020-04-05 00:00:00+00:00,2.316,2.323,2.242,2.264,11315481.38903
2020-04-06 00:00:00+00:00,2.264,2.564,2.264,2.55,33384199.09563
2020-04-07 00:00:00+00:00,2.55,2.911,2.547,2.729,118209706.92561
2020-04-08 00:00:00+00:00,2.73,3.27,2.709,3.171,125996012.65421
2020-04-09 00:00:00+00:00,3.17,3.48,3.122,3.313,203096671.43023
2020-04-10 00:00:00+00:00,3.312,3.324,2.941,3.22,219723067.52029
2020-04-11 00:00:00+00:00,3.218,3.434,3.06,3.286,209906886.22846
2020-04-12 00:00:00+00:00,3.286,3.638,3.165,3.414,231011009.85371
2020-04-13 00:00:00+00:00,3.411,3.459,3.185,3.365,196536608.91303
2020-04-14 00:00:00+00:00,3.366,3.443,3.201,3.249,121486061.7291
2020-04-15 00:00:00+00:00,3.248,3.3,3.1,3.119,125295262.57298
2020-04-16 00:00:00+00:00,3.12,3.58,2.96,3.486,156815538.99696
2020-04-17 00:00:00+00:00,3.487,3.535,3.38,3.454,78999474.0424
2020-04-18 00:00:00+00:00,3.453,3.837,3.443,3.782,119041230.52793
2020-04-19 00:00:00+00:00,3.782,3.809,3.512,3.588,126331632.08738
2020-04-20 00:00:00+00:00,3.588,3.795,3.368,3.431,174031829.97055
2020-04-21 00:00:00+00:00,3.431,3.57,3.379,3.457,116276887.00661
2020-04-22 00:00:00+00:00,3.457,3.688,3.429,3.676,97841678.84038
2020-04-23 00:00:00+00:00,3.676,3.937,3.594,3.761,115856737.18221
2020-04-24 00:00:00+00:00,3.762,3.895,3.74,3.78,75389873.61881
2020-04-25 00:00:00+00:00,3.78,3.913,3.747,3.79,60514411.1579
2020-04-26 00:00:00+00:00,3.79,3.819,3.617,3.723,82925842.75833
2020-04-27 00:00:00+00:00,3.723,3.743,3.461,3.636,97046036.68841
2020-04-28 00:00:00+00:00,3.637,3.74,3.557,3.648,69914137.50324
2020-04-29 00:00:00+00:00,3.646,4.019,3.633,3.895,137079782.90115
2020-04-30 00:00:00+00:00,3.896,3.987,3.628,3.709,119800151.78799
2020-05-01 00:00:00+00:00,3.708,3.921,3.705,3.764,71487384.60866
2020-05-02 00:00:00+00:00,3.764,3.872,3.731,3.819,44624097.36277
2020-05-03 00:00:00+00:00,3.818,3.874,3.639,3.716,44228207.04054
2020-05-04 00:00:00+00:00,3.715,3.834,3.506,3.753,89039535.68409
2020-05-05 00:00:00+00:00,3.753,3.827,3.658,3.685,46620199.33893
2020-05-06 00:00:00+00:00,3.685,3.769,3.572,3.595,44765292.22317
2020-05-07 00:00:00+00:00,3.595,3.858,3.566,3.764,67661226.20592
2020-05-08 00:00:00+00:00,3.765,3.864,3.693,3.801,57400344.01135
2020-05-09 00:00:00+00:00,3.803,4.225,3.766,4.023,142860630.02816
2020-05-10 00:00:00+00:00,4.022,4.029,3.409,3.761,127252411.26424
2020-05-11 00:00:00+00:00,3.762,3.838,3.288,3.587,80850797.67073
2020-05-12 00:00:00+00:00,3.588,3.799,3.544,3.698,54356733.64243
2020-05-13 00:00:00+00:00,3.698,3.822,3.633,3.768,38468569.5577
2020-05-14 00:00:00+00:00,3.768,3.865,3.695,3.81,44383202.73351
2020-05-15 00:00:00+00:00,3.811,3.837,3.62,3.665,32041463.53968
2020-05-16 00:00:00+00:00,3.664,3.79,3.62,3.763,24678924.01013
2020-05-17 00:00:00+00:00,3.763,3.855,3.755,3.783,24602494.63955
2020-05-18 00:00:00+00:00,3.781,3.957,3.78,3.891,39808362.9296
2020-05-19 00:00:00+00:00,3.891,3.954,3.777,3.947,32292062.42758
2020-05-20 00:00:00+00:00,3.946,4.14,3.894,4.086,83911205.24502
2020-05-21 00:00:00+00:00,4.086,4.175,3.74,3.831,93506611.54875
2020-05-22 00:00:00+00:00,3.83,4.146,3.8,4.061,65851414.55893
2020-05-23 00:00:00+00:00,4.061,4.107,3.91,3.929,48904470.37095
2020-05-24 00:00:00+00:00,3.929,4.03,3.786,3.79,51250185.75174
2020-05-25 00:00:00+00:00,3.794,3.909,3.77,3.865,31064759.7424
2020-05-26 00:00:00+00:00,3.867,3.886,3.772,3.846,27559726.39367
2020-05-27 00:00:00+00:00,3.847,3.917,3.807,3.857,25264255.62913
2020-05-28 00:00:00+00:00,3.856,4.063,3.83,4.044,29598394.59962
2020-05-29 00:00:00+00:00,4.045,4.132,3.951,3.981,37453291.66715
2020-05-30 00:00:00+00:00,3.981,4.187,3.943,4.183,36127136.2411
2020-05-31 00:00:00+00:00,4.183,4.289,4.041,4.133,53477362.85502
2020-06-01 00:00:00+00:00,4.132,4.484,4.123,4.393,88206637.29526
2020-06-02 00:00:00+00:00,4.392,4.625,4.1,4.4,83871389.2894
2020-06-03 00:00:00+00:00,4.4,4.536,4.289,4.494,43273755.62724
2020-06-04 00:00:00+00:00,4.492,4.513,4.287,4.434,45429150.7271
2020-06-05 00:00:00+00:00,4.43,4.49,4.343,4.363,30163077.6176
2020-06-06 00:00:00+00:00,4.362,4.4,4.308,4.355,16464056.24041
2020-06-07 00:00:00+00:00,4.356,4.41,4.211,4.353,24706740.68802
2020-06-08 00:00:00+00:00,4.353,4.48,4.329,4.478,24827034.46073
2020-06-09 00:00:00+00:00,4.478,4.515,4.367,4.442,29293509.09423
2020-06-10 00:00:00+00:00,4.443,4.446,4.352,4.425,23951888.2942
2020-06-11 00:00:00+00:00,4.427,4.458,3.89,3.962,59719495.45651
2020-06-12 00:00:00+00:00,3.962,4.191,3.858,4.087,32700583.33418
2020-06-13 00:00:00+00:00,4.087,4.132,4.007,4.112,12396773.25559
2020-06-14 00:00:00+00:00,4.112,4.116,3.918,3.942,15246954.06517
2020-06-15 00:00:00+00:00,3.944,3.989,3.657,3.929,53595114.20405
2020-06-16 00:00:00+00:00,3.93,4.09,3.893,4.048,49156290.89147
2020-06-17 00:00:00+00:00,4.048,4.189,3.961,4.163,46003275.16978
2020-06-18 00:00:00+00:00,4.163,4.245,4.092,4.136,40287087.03272
2020-06-19 00:00:00+00:00,4.139,4.187,4.052,4.096,33393036.59352
2020-06-20 00:00:00+00:00,4.096,4.207,4.064,4.179,35765848.07307
2020-06-21 00:00:00+00:00,4.178,4.207,4.14,4.184,18987067.43618
2020-06-22 00:00:00+00:00,4.183,4.486,4.178,4.48,52072024.9514
2020-06-23 00:00:00+00:00,4.48,4.94,4.426,4.805,135173820.61651
2020-06-24 00:00:00+00:00,4.805,4.941,4.5,4.71,121594680.50751
2020-06-25 00:00:00+00:00,4.71,4.838,4.5,4.804,98253457.02789
2020-06-26 00:00:00+00:00,4.806,4.859,4.643,4.68,69609800.82373
2020-06-27 00:00:00+00:00,4.681,4.693,4.3,4.408,62223870.93585
2020-06-28 00:00:00+00:00,4.406,4.615,4.334,4.568,49399599.70532
2020-06-29 00:00:00+00:00,4.568,4.649,4.423,4.618,46686880.17892
2020-06-30 00:00:00+00:00,4.619,4.664,4.539,4.564,33516243.05045
2020-07-01 00:00:00+00:00,4.564,4.73,4.52,4.705,40570131.06912
2020-07-02 00:00:00+00:00,4.706,4.92,4.596,4.796,85676377.05887
2020-07-03 00:00:00+00:00,4.796,4.895,4.702,4.731,45614979.4992
2020-07-04 00:00:00+00:00,4.73,4.858,4.72,4.817,26193892.26639
2020-07-05 00:00:00+00:00,4.817,4.836,4.622,4.749,36330261.02639
2020-07-06 00:00:00+00:00,4.748,5.517,4.737,5.367,131942557.64358
2020-07-07 00:00:00+00:00,5.367,5.898,5.336,5.734,222496135.80463
2020-07-08 00:00:00+00:00,5.734,6.61,5.6,6.502,273523649.74925
2020-07-09 00:00:00+00:00,6.502,6.505,5.679,6.09,207087520.43219
2020-07-10 00:00:00+00:00,6.09,6.21,5.7,6.151,148034529.26866
2020-07-11 00:00:00+00:00,6.149,6.276,5.962,6.109,82202792.95183
2020-07-12 00:00:00+00:00,6.109,7.39,6.105,7.328,382619155.19077
2020-07-13 00:00:00+00:00,7.326,8.58,6.859,7.157,642910989.97888
2020-07-14 00:00:00+00:00,7.157,8.359,6.95,8.113,512333284.07258
2020-07-15 00:00:00+00:00,8.113,8.979,7.818,8.64,553663283.65568
2020-07-16 00:00:00+00:00,8.64,8.887,7.911,8.341,526055618.1967
2020-07-17 00:00:00+00:00,8.344,8.63,8.188,8.264,229684419.76311
2020-07-18 00:00:00+00:00,8.263,8.264,7.643,7.968,236823835.95176
2020-07-19 00:00:00+00:00,7.968,8.197,7.777,8.082,158465402.83383
2020-07-20 00:00:00+00:00,8.085,8.143,7.116,7.241,271929443.99658
2020-07-21 00:00:00+00:00,7.238,7.676,6.9,7.306,264855175.65903
2020-07-22 00:00:00+00:00,7.309,7.62,7.084,7.479,231945341.23821
2020-07-23 00:00:00+00:00,7.479,8.08,7.406,7.887,266473548.28758
2020-07-24 00:00:00+00:00,7.891,7.915,7.381,7.425,180310889.44335
2020-07-25 00:00:00+00:00,7.425,7.798,7.368,7.678,138616272.12742
2020-07-26 00:00:00+00:00,7.68,7.95,7.064,7.499,212588207.62945
2020-07-27 00:00:00+00:00,7.499,7.499,6.444,7.091,304151838.63097
2020-07-28 00:00:00+00:00,7.092,7.422,6.902,7.232,145428785.48309
2020-07-29 00:00:00+00:00,7.235,7.465,6.979,7.083,130331812.22714
2020-07-30 00:00:00+00:00,7.084,7.57,7.016,7.405,144349408.84139
2020-07-31 00:00:00+00:00,7.402,7.847,7.402,7.793,162444991.24451
2020-08-01 00:00:00+00:00,7.793,8.481,7.623,8.32,174303619.49824
2020-08-02 00:00:00+00:00,8.319,8.8,6.609,8.276,467000267.69236
2020-08-03 00:00:00+00:00,8.277,9.268,8.132,9.234,290499588.07154
2020-08-04 00:00:00+00:00,9.234,9.93,9.058,9.839,428647590.4583
2020-08-05 00:00:00+00:00,9.839,9.845,9.3,9.516,213937583.91518
2020-08-06 00:00:00+00:00,9.516,10.29,9.427,10.217,229060970.4235
2020-08-07 00:00:00+00:00,10.22,10.24,8.984,10.116,298767050.38609
2020-08-08 00:00:00+00:00,10.123,14.7,9.92,12.713,768417411.55339
2020-08-09 00:00:00+00:00,12.717,14.48,12.0,13.805,846592211.32793
2020-08-10 00:00:00+00:00,13.809,14.4,12.356,13.493,516141757.86439
2020-08-11 00:00:00+00:00,13.494,13.555,12.092,13.013,492358093.70917
2020-08-12 00:00:00+00:00,13.005,16.83,12.6,16.463,875642800.66712
2020-08-13 00:00:00+00:00,16.468,18.385,15.8,17.196,1299749574.47555
2020-08-14 00:00:00+00:00,17.193,17.646,16.3,16.965,558857160.32682
2020-08-15 00:00:00+00:00,16.966,19.968,16.564,19.228,901061991.70589
2020-08-16 00:00:00+00:00,19.228,20.296,18.508,18.848,624739814.95422
2020-08-17 00:00:00+00:00,18.847,19.8,15.62,16.812,689675677.49082
2020-08-18 00:00:00+00:00,16.812,17.698,14.65,16.202,1028000677.40252
2020-08-19 00:00:00+00:00,16.202,17.274,14.866,16.209,800458299.36899
2020-08-20 00:00:00+00:00,16.217,16.82,15.727,16.091,427367319.53606
2020-08-21 00:00:00+00:00,16.09,16.192,12.897,13.85,850071864.32495
2020-08-22 00:00:00+00:00,13.853,16.347,13.667,15.823,608142781.88319
2020-08-23 00:00:00+00:00,15.817,16.017,14.666,15.172,379258105.14372
2020-08-24 00:00:00+00:00,15.174,15.899,14.7,15.165,318448130.65435
2020-08-25 00:00:00+00:00,15.165,15.4,13.455,14.131,475430681.36352
2020-08-26 00:00:00+00:00,14.124,15.69,14.065,15.228,420368628.10527
2020-08-27 00:00:00+00:00,15.225,15.56,13.988,14.531,418804256.76398
2020-08-28 00:00:00+00:00,14.531,15.521,14.247,15.135,243756025.85573
2020-08-29 00:00:00+00:00,15.135,17.059,14.982,16.367,439937752.13566
2020-08-30 00:00:00+00:00,16.371,17.798,16.361,16.498,480977765.00305
2020-08-31 00:00:00+00:00,16.5,16.968,15.505,15.586,374020634.64139
2020-09-01 00:00:00+00:00,15.585,16.525,15.066,16.058,358468557.04806
2020-09-02 00:00:00+00:00,16.052,16.397,13.92,14.799,399499136.20113
2020-09-03 00:00:00+00:00,14.803,15.0,10.9,11.861,595711675.55382
2020-09-04 00:00:00+00:00,11.857,12.923,10.981,12.372,593570797.21324
2020-09-05 00:00:00+00:00,12.377,12.773,8.955,10.6,664966784.94409
2020-09-06 00:00:00+00:00,10.6,13.25,9.7,12.8,549024555.62496
2020-09-07 00:00:00+00:00,12.802,13.175,11.158,12.462,561506737.37428
2020-09-08 00:00:00+00:00,12.462,12.735,11.026,11.737,391385714.15537
2020-09-09 00:00:00+00:00,11.738,12.667,11.433,12.343,266818562.01322
2020-09-10 00:00:00+00:00,12.344,13.281,12.11,12.506,334444749.17371
2020-09-11 00:00:00+00:00,12.501,12.695,12.015,12.435,221621314.17467
2020-09-12 00:00:00+00:00,12.44,12.75,12.089,12.729,171699735.5394
2020-09-13 00:00:00+00:00,12.722,13.238,11.738,12.064,294828461.25179
2020-09-14 00:00:00+00:00,12.068,12.398,11.63,12.137,222133728.00487
2020-09-15 00:00:00+00:00,12.136,12.249,10.728,10.921,265296796.92636
2020-09-16 00:00:00+00:00,10.921,11.28,10.475,10.735,249779775.86609
2020-09-17 00:00:00+00:00,10.736,11.68,10.495,11.016,271875511.77729
2020-09-18 00:00:00+00:00,11.016,11.139,9.782,10.094,192885647.96994
2020-09-19 00:00:00+00:00,10.093,10.501,9.877,10.124,132966436.2381
2020-09-20 00:00:00+00:00,10.124,10.63,9.454,9.74,188005816.34371
2020-09-21 00:00:00+00:00,9.736,9.929,8.451,8.706,380538426.74774
2020-09-22 00:00:00+00:00,8.708,9.073,8.52,8.733,203038681.35521
2020-09-23 00:00:00+00:00,8.732,8.791,7.309,7.64,358855571.73807
2020-09-24 00:00:00+00:00,7.642,10.4,7.464,9.865,634629354.87876
2020-09-25 00:00:00+00:00,9.867,11.184,9.363,10.714,541959105.3179
2020-09-26 00:00:00+00:00,10.714,11.094,9.964,10.306,361531028.11769
2020-09-27 00:00:00+00:00,10.306,10.985,9.88,10.788,312074347.82624
2020-09-28 00:00:00+00:00,10.789,11.07,10.135,10.278,260699012.19871
2020-09-29 00:00:00+00:00,10.279,10.382,9.43,10.129,326180204.8481
2020-09-30 00:00:00+00:00,10.13,10.237,9.563,9.859,211660527.91498
2020-10-01 00:00:00+00:00,9.859,10.41,9.27,9.632,297220038.20778
2020-10-02 00:00:00+00:00,9.631,9.84,8.794,9.202,331599805.75719
2020-10-03 00:00:00+00:00,9.202,9.533,9.088,9.26,153210014.79258
2020-10-04 00:00:00+00:00,9.26,9.45,9.102,9.383,133425427.97771
2020-10-05 00:00:00+00:00,9.379,9.731,9.256,9.605,176970358.39661
2020-10-06 00:00:00+00:00,9.605,9.652,8.55,8.765,225186056.56689
2020-10-07 00:00:00+00:00,8.767,9.013,8.377,8.963,206667553.5222
2020-10-08 00:00:00+00:00,8.964,9.676,8.422,9.544,265513572.94482
2020-10-09 00:00:00+00:00,9.547,10.51,9.356,10.386,331950526.32439
2020-10-10 00:00:00+00:00,10.386,10.92,10.36,10.514,307325871.13019
2020-10-11 00:00:00+00:00,10.513,11.026,10.147,10.834,290371991.78146
2020-10-12 00:00:00+00:00,10.833,11.793,10.67,11.418,457354426.12907
2020-10-13 00:00:00+00:00,11.418,11.573,10.516,10.998,367112875.41911
2020-10-14 00:00:00+00:00,10.998,11.332,10.611,10.888,306843301.49983
2020-10-15 00:00:00+00:00,10.887,10.933,10.47,10.752,281457408.58553
2020-10-16 00:00:00+00:00,10.752,10.89,10.261,10.58,239827437.65411
2020-10-17 00:00:00+00:00,10.58,10.71,10.41,10.616,133205853.02558
2020-10-18 00:00:00+00:00,10.616,10.98,10.588,10.936,136353762.9686
2020-10-19 00:00:00+00:00,10.935,11.227,10.651,10.92,221479698.33479
2020-10-20 00:00:00+00:00,10.92,10.937,9.756,9.852,286919579.4008
2020-10-21 00:00:00+00:00,9.852,11.14,9.781,10.78,355166006.49895
2020-10-22 00:00:00+00:00,10.781,12.426,10.711,11.948,453657123.29678
2020-10-23 00:00:00+00:00,11.949,12.274,11.58,12.156,385726539.72798
2020-10-24 00:00:00+00:00,12.153,12.95,11.979,12.691,355841410.2431
2020-10-25 00:00:00+00:00,12.692,12.85,11.9,12.148,291567532.92622
2020-10-26 00:00:00+00:00,12.146,12.45,11.256,11.701,374681738.48177
2020-10-27 00:00:00+00:00,11.701,12.465,11.487,11.912,344094685.88434
2020-10-28 00:00:00+00:00,11.911,12.158,11.14,11.434,321477621.61799
2020-10-29 00:00:00+00:00,11.433,11.803,11.068,11.269,293888210.55824
2020-10-30 00:00:00+00:00,11.269,11.476,10.75,11.091,297549131.77877
2020-10-31 00:00:00+00:00,11.092,11.396,10.906,11.222,194621895.96462
2020-11-01 00:00:00+00:00,11.222,11.59,11.015,11.57,159947084.30637
2020-11-02 00:00:00+00:00,11.569,11.69,10.707,10.779,301205480.12751
2020-11-03 00:00:00+00:00,10.779,10.782,9.953,10.394,327641257.90944
2020-11-04 00:00:00+00:00,10.392,10.666,9.741,10.469,343767834.96756
2020-11-05 00:00:00+00:00,10.469,11.271,10.077,10.971,394126747.60275
2020-11-06 00:00:00+00:00,10.971,12.294,10.916,12.171,434937297.38115
2020-11-07 00:00:00+00:00,12.172,13.741,11.45,11.766,982440969.19054
2020-11-08 00:00:00+00:00,11.765,13.1,11.475,12.71,446208039.2391
2020-11-09 00:00:00+00:00,12.71,13.013,12.044,12.508,535754956.9293
2020-11-10 00:00:00+00:00,12.508,13.3,12.306,13.018,518040973.2208
2020-11-11 00:00:00+00:00,13.017,13.438,12.745,12.757,404813043.53326
2020-11-12 00:00:00+00:00,12.758,13.097,12.262,12.405,345194503.85052
2020-11-13 00:00:00+00:00,12.405,13.012,12.299,12.867,340341625.35843
2020-11-14 00:00:00+00:00,12.867,12.938,12.316,12.565,211433983.3917
2020-11-15 00:00:00+00:00,12.566,12.662,11.815,12.121,231636436.01556
2020-11-16 00:00:00+00:00,12.123,12.825,11.991,12.628,270576705.82217
2020-11-17 00:00:00+00:00,12.629,13.473,12.556,13.427,424754078.01213
2020-11-18 00:00:00+00:00,13.426,14.394,12.51,13.573,736994885.49732
2020-11-19 00:00:00+00:00,13.575,14.03,13.017,13.62,408898756.42515
2020-11-20 00:00:00+00:00,13.62,14.517,13.471,14.106,460033192.8429
2020-11-21 00:00:00+00:00,14.106,15.56,13.68,15.477,650162688.43394
2020-11-22 00:00:00+00:00,15.48,15.75,13.8,14.528,626153174.45134
2020-11-23 00:00:00+00:00,14.526,15.448,14.279,15.279,537546452.23769
2020-11-24 00:00:00+00:00,15.278,16.413,14.96,15.694,783728039.87694
2020-11-25 00:00:00+00:00,15.693,15.918,13.795,14.226,458435433.26769
2020-11-26 00:00:00+00:00,14.226,14.484,11.14,12.6,930542220.50034
2020-11-27 00:00:00+00:00,12.6,12.947,11.952,12.51,346838032.21467
2020-11-28 00:00:00+00:00,12.511,13.433,12.36,13.09,268787716.60342
2020-11-29 00:00:00+00:00,13.087,13.488,12.848,13.395,248401368.13867
2020-11-30 00:00:00+00:00,13.396,14.467,13.394,14.284,424415637.61703
2020-12-01 00:00:00+00:00,14.287,14.885,13.061,13.358,507873715.10116
2020-12-02 00:00:00+00:00,13.359,14.171,13.055,13.995,269980972.74531
2020-12-03 00:00:00+00:00,13.995,14.244,13.668,13.985,217699123.09456
2020-12-04 00:00:00+00:00,13.986,14.053,12.5,12.689,238093705.78647
2020-12-05 00:00:00+00:00,12.685,13.357,12.53,13.177,180176178.76984
2020-12-06 00:00:00+00:00,13.177,13.55,12.771,13.519,171669252.2316
2020-12-07 00:00:00+00:00,13.52,13.574,12.88,13.082,132780471.69889
2020-12-08 00:00:00+00:00,13.083,13.207,11.994,12.135,194576791.76519
2020-12-09 00:00:00+00:00,12.14,12.832,11.568,12.617,265664201.61395
2020-12-10 00:00:00+00:00,12.616,12.671,11.855,11.916,135172731.88159
2020-12-11 00:00:00+00:00,11.916,11.994,11.423,11.644,188359369.51869
2020-12-12 00:00:00+00:00,11.645,12.358,11.603,12.228,155710520.39639
2020-12-13 00:00:00+00:00,12.229,13.277,12.026,12.941,222089987.44145
2020-12-14 00:00:00+00:00,12.942,12.991,12.322,12.858,199102342.35456
2020-12-15 00:00:00+00:00,12.858,13.034,12.47,12.692,135752825.5033
2020-12-16 00:00:00+00:00,12.693,13.519,12.313,13.498,257172122.37273
2020-12-17 00:00:00+00:00,13.497,14.547,13.1,13.457,521995882.62191
2020-12-18 00:00:00+00:00,13.457,14.038,13.187,13.517,253462640.72554
2020-12-19 00:00:00+00:00,13.518,14.007,13.311,13.486,200918928.63879
2020-12-20 00:00:00+00:00,13.487,13.819,12.65,13.064,234414827.29702
2020-12-21 00:00:00+00:00,13.064,13.287,12.082,12.317,245930947.10162
2020-12-22 00:00:00+00:00,12.314,12.848,11.809,12.788,234496627.04343
2020-12-23 00:00:00+00:00,12.788,12.87,8.022,10.972,525458416.23852
2020-12-24 00:00:00+00:00,10.971,11.683,9.849,11.563,431777545.85111
2020-12-25 00:00:00+00:00,11.562,11.915,11.05,11.56,270445018.09556
2020-12-26 00:00:00+00:00,11.561,11.816,10.62,10.98,280586081.33795
2020-12-27 00:00:00+00:00,10.98,13.274,10.478,12.169,599450884.50689
2020-12-28 00:00:00+00:00,12.172,12.974,11.979,12.62,411875714.62224
2020-12-29 00:00:00+00:00,12.619,13.057,10.806,11.781,394825831.78635
2020-12-30 00:00:00+00:00,11.779,11.99,11.071,11.248,241557989.83821
2020-12-31 00:00:00+00:00,11.248,11.756,10.944,11.244,212978391.27779
2021-01-01 00:00:00+00:00,11.244,12.485,11.071,11.869,275698398.08201
2021-01-02 00:00:00+00:00,11.868,12.455,11.456,12.226,306834498.75651
2021-01-03 00:00:00+00:00,12.228,14.069,11.85,13.719,574579797.31754
2021-01-04 00:00:00+00:00,13.724,15.86,12.333,13.611,929423519.30375
2021-01-05 00:00:00+00:00,13.61,14.931,13.113,14.531,573328235.68196
2021-01-06 00:00:00+00:00,14.537,17.366,14.158,17.29,780996825.90726
2021-01-07 00:00:00+00:00,17.295,17.52,15.078,15.989,679400024.27279
2021-01-08 00:00:00+00:00,15.99,16.262,14.13,15.251,631716086.88155
2021-01-09 00:00:00+00:00,15.253,17.936,15.004,17.589,543953237.86493
2021-01-10 00:00:00+00:00,17.595,18.498,15.488,16.228,664060770.22667
2021-01-11 00:00:00+00:00,16.221,16.281,12.5,14.657,788047540.36191
2021-01-12 00:00:00+00:00,14.655,15.495,13.684,13.982,444226256.79287
2021-01-13 00:00:00+00:00,13.978,16.254,13.376,15.952,398719084.37636
2021-01-14 00:00:00+00:00,15.956,18.047,15.35,18.023,457800875.80141
2021-01-15 00:00:00+00:00,18.027,21.682,17.562,20.766,1707364631.45444
2021-01-16 00:00:00+00:00,20.768,23.067,19.655,20.13,1309485385.64676
2021-01-17 00:00:00+00:00,20.134,23.78,19.388,23.286,1014115251.40621
2021-01-18 00:00:00+00:00,23.279,23.75,21.085,22.069,664826504.21984
2021-01-19 00:00:00+00:00,22.067,22.93,20.398,20.585,568457763.63199
2021-01-20 00:00:00+00:00,20.564,21.991,19.055,21.867,649176010.00992
2021-01-21 00:00:00+00:00,21.861,22.086,18.06,18.441,754510112.47826
2021-01-22 00:00:00+00:00,18.437,22.548,17.111,21.578,839759075.7799
2021-01-23 00:00:00+00:00,21.58,25.56,21.163,24.824,1166877437.33859
2021-01-24 00:00:00+00:00,24.827,24.988,23.1,24.831,735101359.99687
2021-01-25 00:00:00+00:00,24.835,25.845,22.613,23.367,735765149.18405
2021-01-26 00:00:00+00:00,23.367,23.993,21.669,23.132,558255992.5405
2021-01-27 00:00:00+00:00,23.128,23.272,20.282,20.989,553643300.83651
2021-01-28 00:00:00+00:00,20.986,24.516,20.521,23.02,618442508.64036
2021-01-29 00:00:00+00:00,23.031,24.324,22.085,22.781,552881481.08429
2021-01-30 00:00:00+00:00,22.779,24.033,22.188,23.699,342465255.67843
2021-01-31 00:00:00+00:00,23.694,24.797,22.1,22.609,387633751.33272
2021-02-01 00:00:00+00:00,22.601,23.236,21.65,22.928,265167585.44668
2021-02-02 00:00:00+00:00,22.92,24.234,22.77,23.725,321624159.76275
2021-02-03 00:00:00+00:00,23.734,25.659,23.62,25.131,484970663.15913
2021-02-04 00:00:00+00:00,25.139,26.278,22.687,24.519,619526192.87721
2021-02-05 00:00:00+00:00,24.516,27.133,24.45,26.352,661593698.54249
2021-02-06 00:00:00+00:00,26.353,26.893,24.207,25.102,452466383.15519
2021-02-07 00:00:00+00:00,25.102,25.354,22.781,24.777,392792340.71805
2021-02-08 00:00:00+00:00,24.774,26.08,24.002,25.465,430426560.28499
2021-02-09 00:00:00+00:00,25.47,28.079,25.043,27.667,554857331.41788
2021-02-10 00:00:00+00:00,27.659,28.744,24.65,26.853,820866212.24235
2021-02-11 00:00:00+00:00,26.848,28.662,26.225,27.895,445011819.97345
2021-02-12 00:00:00+00:00,27.894,31.55,26.713,30.713,617837894.13527
2021-02-13 00:00:00+00:00,30.713,35.0,29.135,34.316,849203961.15981
2021-02-14 00:00:00+00:00,34.313,35.8,32.306,33.215,721583969.18435
2021-02-15 00:00:00+00:00,33.215,35.0,27.07,32.683,891404129.16188
2021-02-16 00:00:00+00:00,32.681,33.498,30.807,32.004,556880550.31828
2021-02-17 00:00:00+00:00,32.013,32.796,30.033,32.289,401923803.8249
2021-02-18 00:00:00+00:00,32.288,33.718,31.835,32.524,372247269.87889
2021-02-19 00:00:00+00:00,32.524,35.695,31.404,34.766,605347639.14627
2021-02-20 00:00:00+00:00,34.771,37.075,31.912,33.977,808637460.06214
2021-02-21 00:00:00+00:00,33.977,35.36,33.3,34.13,376064742.86224
2021-02-22 00:00:00+00:00,34.133,34.264,24.84,31.486,1005627258.86509
2021-02-23 00:00:00+00:00,31.494,31.716,20.671,25.986,1196387130.67526
2021-02-24 00:00:00+00:00,25.987,29.357,24.53,28.101,676719601.09663
2021-02-25 00:00:00+00:00,28.104,28.73,24.389,24.721,480606766.73474
2021-02-26 00:00:00+00:00,24.726,27.03,23.662,25.196,484062505.75351
2021-02-27 00:00:00+00:00,25.202,27.433,24.868,26.193,372502893.36268
2021-02-28 00:00:00+00:00,26.191,26.766,22.873,24.714,423665687.2868
2021-03-01 00:00:00+00:00,24.719,27.77,24.602,27.735,325235431.86847
2021-03-02 00:00:00+00:00,27.739,30.569,27.299,28.51,534475724.79202
2021-03-03 00:00:00+00:00,28.511,31.498,28.16,29.854,408657540.9487
2021-03-04 00:00:00+00:00,29.848,30.61,27.23,27.721,431692424.73125
2021-03-05 00:00:00+00:00,27.722,28.26,25.7,27.862,347836203.32919
2021-03-06 00:00:00+00:00,27.857,28.414,26.317,28.166,221696502.07975
2021-03-07 00:00:00+00:00,28.166,29.15,27.39,28.603,243843299.97214
2021-03-08 00:00:00+00:00,28.603,31.894,28.276,31.892,479015625.94377
2021-03-09 00:00:00+00:00,31.881,32.07,30.4,31.539,325184389.2926
2021-03-10 00:00:00+00:00,31.547,31.862,29.3,29.919,379250331.40955
2021-03-11 00:00:00+00:00,29.92,30.519,28.538,30.175,381899231.76198
2021-03-12 00:00:00+00:00,30.172,30.489,27.673,28.393,387140380.85605
2021-03-13 00:00:00+00:00,28.396,30.63,26.908,29.8,410049422.60571
2021-03-14 00:00:00+00:00,29.813,30.264,28.542,28.57,279414527.71149
2021-03-15 00:00:00+00:00,28.561,29.496,26.8,27.525,413556668.14175
2021-03-16 00:00:00+00:00,27.513,28.196,26.38,27.947,277276277.92632
2021-03-17 00:00:00+00:00,27.945,31.274,27.312,31.095,600352830.29659
2021-03-18 00:00:00+00:00,31.096,31.411,29.009,29.444,364497142.16313
2021-03-19 00:00:00+00:00,29.435,30.598,28.696,29.806,257206694.79381
2021-03-20 00:00:00+00:00,29.807,31.5,29.6,29.687,273064580.56401
2021-03-21 00:00:00+00:00,29.691,30.12,28.605,29.25,208288818.02264
2021-03-22 00:00:00+00:00,29.249,29.485,27.069,27.286,251386077.05143
2021-03-23 00:00:00+00:00,27.283,27.961,26.66,26.802,210669135.94438
2021-03-24 00:00:00+00:00,26.803,27.919,23.465,24.872,356405438.14113
2021-03-25 00:00:00+00:00,24.876,26.668,24.441,25.561,382607128.28898
2021-03-26 00:00:00+00:00,25.561,27.435,25.4,27.422,223170385.4369
2021-03-27 00:00:00+00:00,27.419,27.52,26.032,26.913,163577466.2215
2021-03-28 00:00:00+00:00,26.909,27.71,26.115,26.687,177840137.75597
2021-03-29 00:00:00+00:00,26.686,28.67,26.417,28.06,249526315.64059
2021-03-30 00:00:00+00:00,28.06,28.639,27.459,27.865,187696960.98251
2021-03-31 00:00:00+00:00,27.86,29.482,26.186,29.479,372880605.44085
2021-04-01 00:00:00+00:00,29.475,31.2,29.362,30.107,420906219.24073
2021-04-02 00:00:00+00:00,30.113,32.612,29.566,32.552,410865004.59201
2021-04-03 00:00:00+00:00,32.546,33.299,29.189,29.322,544497294.09322
2021-04-04 00:00:00+00:00,29.329,31.515,28.7,30.791,300879313.68367
2021-04-05 00:00:00+00:00,30.789,32.713,29.654,32.459,416222429.31987
2021-04-06 00:00:00+00:00,32.457,34.981,31.35,34.775,873840020.1909
2021-04-07 00:00:00+00:00,34.777,35.242,30.246,31.149,809764639.93897
2021-04-08 00:00:00+00:00,31.151,32.955,30.959,32.821,314052887.33642
2021-04-09 00:00:00+00:00,32.819,33.336,31.25,31.639,254944196.09401
2021-04-10 00:00:00+00:00,31.64,33.143,30.985,31.95,300215182.52683
2021-04-11 00:00:00+00:00,31.949,34.573,31.787,33.964,425936934.89228
2021-04-12 00:00:00+00:00,33.961,34.261,31.9,33.168,341270887.498
2021-04-13 00:00:00+00:00,33.163,36.061,32.45,35.592,576645349.51789
2021-04-14 00:00:00+00:00,35.593,42.078,34.88,41.434,1546823015.00217
2021-04-15 00:00:00+00:00,41.436,44.5,39.77,42.625,1373734976.34659
2021-04-16 00:00:00+00:00,42.633,43.405,38.5,41.993,1225436792.57537
2021-04-17 00:00:00+00:00,41.995,44.18,39.899,39.977,825625969.62724
2021-04-18 00:00:00+00:00,39.978,40.427,29.453,39.103,1924181125.99394
2021-04-19 00:00:00+00:00,39.103,42.046,34.839,35.771,1418209098.00775
2021-04-20 00:00:00+00:00,35.778,39.426,33.223,39.0,1117317958.80504
2021-04-21 00:00:00+00:00,38.993,39.509,35.9,36.281,720316671.64194
2021-04-22 00:00:00+00:00,36.281,40.919,33.799,35.162,1161824958.74592
2021-04-23 00:00:00+00:00,35.164,35.983,30.0,35.217,1286079090.86731
2021-04-24 00:00:00+00:00,35.226,35.345,31.017,31.254,530196075.17163
2021-04-25 00:00:00+00:00,31.256,33.454,29.824,31.697,470521921.78121
2021-04-26 00:00:00+00:00,31.697,35.319,31.382,35.151,515294219.1764
2021-04-27 00:00:00+00:00,35.151,37.699,34.514,36.805,511289558.28798
2021-04-28 00:00:00+00:00,36.805,37.85,34.972,36.275,507923451.18603
2021-04-29 00:00:00+00:00,36.286,37.5,35.04,36.513,511515296.41405
2021-04-30 00:00:00+00:00,36.512,38.853,35.856,38.142,462582295.06911
2021-05-01 00:00:00+00:00,38.142,41.298,37.5,41.298,462450578.14958
2021-05-02 00:00:00+00:00,41.298,41.5,38.739,39.502,541617567.77586
2021-05-03 00:00:00+00:00,39.501,42.783,39.095,42.12,633714492.81022
2021-05-04 00:00:00+00:00,42.127,48.646,38.5,45.544,1927468612.1943
2021-05-05 00:00:00+00:00,45.574,51.267,44.881,49.664,1500283012.33483
2021-05-06 00:00:00+00:00,49.664,50.108,45.31,47.184,1119769185.65357
2021-05-07 00:00:00+00:00,47.192,52.06,45.737,49.175,1089937863.47728
2021-05-08 00:00:00+00:00,49.179,50.325,46.52,48.666,636129161.2602
2021-05-09 00:00:00+00:00,48.666,52.501,45.81,52.311,1006560461.38009
2021-05-10 00:00:00+00:00,52.312,53.07,40.16,46.341,1205889908.55065
2021-05-11 00:00:00+00:00,46.361,48.922,44.608,48.831,672319202.1336
2021-05-12 00:00:00+00:00,48.828,49.916,40.83,41.609,917544298.27157
2021-05-13 00:00:00+00:00,41.633,45.0,39.158,43.309,946622322.94366
2021-05-14 00:00:00+00:00,43.309,47.91,42.936,46.619,540295797.57046
2021-05-15 00:00:00+00:00,46.618,47.867,41.021,41.53,671518072.11764
2021-05-16 00:00:00+00:00,41.531,44.703,37.989,40.696,715368297.51202
2021-05-17 00:00:00+00:00,40.693,40.716,35.08,37.203,845224697.2809
2021-05-18 00:00:00+00:00,37.198,44.698,36.677,42.6,921073967.81479
2021-05-19 00:00:00+00:00,42.604,43.549,19.541,26.249,1728599294.90525
2021-05-20 00:00:00+00:00,26.222,33.019,22.366,30.631,1100644714.79767
2021-05-21 00:00:00+00:00,30.645,31.969,22.047,25.552,749054256.33291
2021-05-22 00:00:00+00:00,25.549,26.206,22.218,23.3,518611211.23356
2021-05-23 00:00:00+00:00,23.302,24.363,14.98,19.836,809442526.0619
2021-05-24 00:00:00+00:00,19.839,26.42,19.655,26.404,690858233.6542
2021-05-25 00:00:00+00:00,26.404,27.646,23.662,27.517,633713696.71643
2021-05-26 00:00:00+00:00,27.514,34.293,26.831,34.004,902956193.07971
2021-05-27 00:00:00+00:00,34.011,35.343,30.052,31.722,912651280.9077
2021-05-28 00:00:00+00:00,31.732,32.168,26.808,27.866,926776904.6572
2021-05-29 00:00:00+00:00,27.866,29.738,24.107,25.361,619651841.09807
2021-05-30 00:00:00+00:00,25.356,29.162,23.624,26.805,602852360.75543
2021-05-31 00:00:00+00:00,26.808,32.15,25.562,32.098,619641811.94899
2021-06-01 00:00:00+00:00,32.097,32.654,29.048,30.715,564799650.54777
2021-06-02 00:00:00+00:00,30.724,32.23,29.655,30.67,396654968.99852
2021-06-03 00:00:00+00:00,30.671,32.855,30.01,32.208,416974724.76848
2021-06-04 00:00:00+00:00,32.209,32.282,27.155,28.83,588696362.13138
2021-06-05 00:00:00+00:00,28.833,30.209,26.05,27.124,446652740.58053
2021-06-06 00:00:00+00:00,27.119,28.196,26.816,27.537,246887691.97272
2021-06-07 00:00:00+00:00,27.534,28.696,24.229,24.581,479020008.61317
2021-06-08 00:00:00+00:00,24.576,25.103,21.329,24.079,711333135.6259
2021-06-09 00:00:00+00:00,24.077,25.626,22.42,25.587,579871798.84924
2021-06-10 00:00:00+00:00,25.578,25.78,22.714,23.119,382104730.67881
2021-06-11 00:00:00+00:00,23.125,23.383,20.957,21.467,357808952.67162
2021-06-12 00:00:00+00:00,21.458,22.283,19.974,21.65,449440375.50875
2021-06-13 00:00:00+00:00,21.651,23.869,20.39,23.304,467036053.24669
2021-06-14 00:00:00+00:00,23.309,25.268,22.827,24.954,466034987.19615
2021-06-15 00:00:00+00:00,24.952,26.45,24.393,24.49,523589432.451
2021-06-16 00:00:00+00:00,24.49,24.641,22.911,23.035,479788343.93153
2021-06-17 00:00:00+00:00,23.034,24.444,22.792,23.4,357932215.75467
2021-06-18 00:00:00+00:00,23.4,23.428,20.514,21.232,454216568.40025
2021-06-19 00:00:00+00:00,21.231,21.953,20.164,20.256,311252896.96573
2021-06-20 00:00:00+00:00,20.255,22.064,19.06,21.644,432176537.36147
2021-06-21 00:00:00+00:00,21.637,21.875,16.983,17.352,892921694.9646
2021-06-22 00:00:00+00:00,17.352,18.784,14.964,16.849,886406592.06559
2021-06-23 00:00:00+00:00,16.843,19.197,16.141,18.379,495178844.2734
2021-06-24 00:00:00+00:00,18.382,19.525,17.344,19.055,362439369.32785
2021-06-25 00:00:00+00:00,19.054,19.498,16.801,16.859,446545368.22278
2021-06-26 00:00:00+00:00,16.86,17.49,15.913,16.938,371732359.86348
2021-06-27 00:00:00+00:00,16.935,18.4,16.58,18.389,320283136.50542
2021-06-28 00:00:00+00:00,18.391,19.428,17.909,18.832,343879826.53677
2021-06-29 00:00:00+00:00,18.832,20.548,18.736,19.533,423060974.80299
2021-06-30 00:00:00+00:00,19.535,19.776,18.136,19.519,404235020.32236
2021-07-01 00:00:00+00:00,19.52,19.527,17.593,18.169,342375476.97486
2021-07-02 00:00:00+00:00,18.169,18.525,17.256,18.269,294820517.88906
2021-07-03 00:00:00+00:00,18.264,18.892,17.85,18.543,200629409.22419
2021-07-04 00:00:00+00:00,18.542,19.91,17.983,19.237,268388372.51441
2021-07-05 00:00:00+00:00,19.239,19.245,17.763,18.353,331908120.0331
2021-07-06 00:00:00+00:00,18.353,20.272,18.302,20.067,453917581.71728
2021-07-07 00:00:00+00:00,20.066,21.27,19.614,19.783,468334670.77936
2021-07-08 00:00:00+00:00,19.784,19.871,18.126,18.362,413044994.2076
2021-07-09 00:00:00+00:00,18.362,18.858,17.62,18.648,333375219.46635
2021-07-10 00:00:00+00:00,18.648,18.98,17.72,18.2,227564026.9101
2021-07-11 00:00:00+00:00,18.201,18.576,17.858,18.381,189111710.80057
2021-07-12 00:00:00+00:00,18.38,18.6,17.123,17.506,238268229.28883
2021-07-13 00:00:00+00:00,17.506,17.764,16.656,16.869,236307474.99332
2021-07-14 00:00:00+00:00,16.87,17.402,16.0,16.935,272991069.30694
2021-07-15 00:00:00+00:00,16.935,17.229,15.514,15.76,277883083.20529
2021-07-16 00:00:00+00:00,15.764,16.33,15.129,15.234,256149064.18597
2021-07-17 00:00:00+00:00,15.233,15.692,15.01,15.342,263768495.67976
2021-07-18 00:00:00+00:00,15.343,16.076,15.13,15.469,227924908.68206
2021-07-19 00:00:00+00:00,15.471,15.642,14.392,14.521,313158395.07001
2021-07-20 00:00:00+00:00,14.521,14.78,13.363,13.73,383731805.03666
2021-07-21 00:00:00+00:00,13.731,15.791,13.45,15.295,376323228.48943
2021-07-22 00:00:00+00:00,15.294,16.167,14.952,16.064,272598240.5101
2021-07-23 00:00:00+00:00,16.064,16.567,15.227,16.497,243848042.53855
2021-07-24 00:00:00+00:00,16.496,17.129,16.3,16.671,238876720.62941
2021-07-25 00:00:00+00:00,16.677,17.054,16.139,16.728,215493599.67011
2021-07-26 00:00:00+00:00,16.726,19.955,16.64,18.025,702129296.38734
2021-07-27 00:00:00+00:00,18.019,19.573,17.595,19.477,430386477.35601
2021-07-28 00:00:00+00:00,19.475,19.99,18.6,19.108,428927778.3015
2021-07-29 00:00:00+00:00,19.106,19.464,18.579,19.364,251422926.95198
2021-07-30 00:00:00+00:00,19.364,22.698,18.813,22.262,1021149676.56226
2021-07-31 00:00:00+00:00,22.255,23.381,21.26,22.721,626679943.43322
2021-08-01 00:00:00+00:00,22.72,23.933,21.771,22.067,676430856.58973
2021-08-02 00:00:00+00:00,22.066,23.995,21.4,23.482,619867943.03152
2021-08-03 00:00:00+00:00,23.482,24.452,22.091,23.945,872820724.4015
2021-08-04 00:00:00+00:00,23.95,25.0,22.863,24.204,725743649.30213
2021-08-05 00:00:00+00:00,24.198,24.345,22.455,24.064,589936060.12335
2021-08-06 00:00:00+00:00,24.063,24.41,23.07,23.899,516484301.20257
2021-08-07 00:00:00+00:00,23.898,25.186,23.626,24.708,531465161.20085
2021-08-08 00:00:00+00:00,24.708,24.956,22.559,23.034,456468957.82661
2021-08-09 00:00:00+00:00,23.034,24.7,22.076,24.205,473470920.47596
2021-08-10 00:00:00+00:00,24.201,25.55,23.736,24.556,527778280.2028
2021-08-11 00:00:00+00:00,24.562,27.344,24.474,25.92,628636152.51917
2021-08-12 00:00:00+00:00,25.923,26.953,24.12,24.948,521275525.0404
2021-08-13 00:00:00+00:00,24.95,27.796,24.724,27.769,451992639.40804
2021-08-14 00:00:00+00:00,27.778,28.0,26.409,27.17,469667810.48774
2021-08-15 00:00:00+00:00,27.17,28.016,25.931,27.94,384110546.34052
2021-08-16 00:00:00+00:00,27.936,30.568,27.662,27.961,816256829.73331
2021-08-17 00:00:00+00:00,27.96,30.338,25.9,26.156,876453783.46543
2021-08-18 00:00:00+00:00,26.159,26.94,24.856,25.354,640746085.20878
2021-08-19 00:00:00+00:00,25.349,27.151,24.51,27.12,531381824.63318
2021-08-20 00:00:00+00:00,27.112,29.088,26.645,28.708,524471395.89247
2021-08-21 00:00:00+00:00,28.716,29.205,27.663,27.867,510594920.11537
2021-08-22 00:00:00+00:00,27.86,28.698,26.8,28.007,396684195.85373
2021-08-23 00:00:00+00:00,28.007,29.367,27.8,28.6,468669360.71592
2021-08-24 00:00:00+00:00,28.594,28.957,25.727,25.741,481389039.42931
2021-08-25 00:00:00+00:00,25.741,26.909,25.277,26.63,422588672.89064
2021-08-26 00:00:00+00:00,26.633,26.965,23.881,24.4,465702160.92783
2021-08-27 00:00:00+00:00,24.4,26.176,24.01,26.068,388909948.32365
2021-08-28 00:00:00+00:00,26.073,26.221,25.371,25.765,231211244.92239
2021-08-29 00:00:00+00:00,25.766,26.609,25.149,25.791,313714814.4396
2021-08-30 00:00:00+00:00,25.786,26.515,24.294,25.059,369979018.94807
2021-08-31 00:00:00+00:00,25.058,27.575,24.706,26.719,598662592.92988
2021-09-01 00:00:00+00:00,26.72,29.87,26.11,29.756,736522007.23915
2021-09-02 00:00:00+00:00,29.752,30.919,28.8,29.984,639997075.52928
2021-09-03 00:00:00+00:00,29.983,31.8,29.094,30.793,688963861.36936
2021-09-04 00:00:00+00:00,30.794,31.215,29.453,29.914,438366073.64204
2021-09-05 00:00:00+00:00,29.92,33.684,29.565,33.63,619652331.37222
2021-09-06 00:00:00+00:00,33.623,36.386,32.477,34.842,1209514014.64454
2021-09-07 00:00:00+00:00,34.836,35.393,22.046,28.254,1664477476.1582
2021-09-08 00:00:00+00:00,28.254,29.21,25.191,27.175,783960670.94274
2021-09-09 00:00:00+00:00,27.175,30.205,26.5,28.017,679832132.55483
2021-09-10 00:00:00+00:00,28.021,29.587,25.633,26.399,702402386.32229
2021-09-11 00:00:00+00:00,26.397,27.707,26.257,27.024,359285042.6829
2021-09-12 00:00:00+00:00,27.017,29.8,26.364,29.446,472287008.86911
2021-09-13 00:00:00+00:00,29.446,29.976,25.086,26.97,761890077.26157
2021-09-14 00:00:00+00:00,26.965,30.874,26.734,30.813,696305469.5622
2021-09-15 00:00:00+00:00,30.815,31.479,29.6,30.692,734340910.44217
2021-09-16 00:00:00+00:00,30.692,32.141,29.057,29.824,687183489.218
2021-09-17 00:00:00+00:00,29.824,30.148,27.385,27.76,517830416.96005
2021-09-18 00:00:00+00:00,27.761,29.463,27.402,28.415,313636533.24945
2021-09-19 00:00:00+00:00,28.411,28.821,26.921,27.389,277194879.86451
2021-09-20 00:00:00+00:00,27.387,27.444,22.969,23.572,680741315.24293
2021-09-21 00:00:00+00:00,23.568,24.379,20.802,21.433,583099762.97558
2021-09-22 00:00:00+00:00,21.429,24.506,21.012,24.443,378307037.27712
2021-09-23 00:00:00+00:00,24.443,25.475,23.401,25.414,373418041.70431
2021-09-24 00:00:00+00:00,25.411,25.499,21.334,23.257,521629345.493
2021-09-25 00:00:00+00:00,23.256,24.689,22.029,24.485,379476838.37377
2021-09-26 00:00:00+00:00,24.486,25.363,22.336,24.588,683394627.35026
2021-09-27 00:00:00+00:00,24.591,25.465,22.945,23.004,372711692.53126
2021-09-28 00:00:00+00:00,23.004,23.736,21.977,22.076,385953180.59464
2021-09-29 00:00:00+00:00,22.077,23.921,22.0,22.843,329954014.49859
2021-09-30 00:00:00+00:00,22.845,24.382,22.704,23.987,335059729.69006
2021-10-01 00:00:00+00:00,23.988,26.717,23.571,26.318,419173400.32846
2021-10-02 00:00:00+00:00,26.325,27.813,25.822,26.884,328931217.8034
2021-10-03 00:00:00+00:00,26.883,28.186,26.502,27.584,321900794.75584
2021-10-04 00:00:00+00:00,27.585,27.677,25.568,26.626,384387614.02699
2021-10-05 00:00:00+00:00,26.627,27.526,26.181,27.265,358932472.85215
2021-10-06 00:00:00+00:00,27.266,28.228,25.207,26.817,516613986.43748
2021-10-07 00:00:00+00:00,26.821,27.766,25.912,26.865,446782793.89814
2021-10-08 00:00:00+00:00,26.866,27.5,26.048,26.41,380660702.73697
2021-10-09 00:00:00+00:00,26.417,27.958,26.043,27.474,377011242.80119
2021-10-10 00:00:00+00:00,27.474,27.519,25.445,25.553,336977597.11173
2021-10-11 00:00:00+00:00,25.549,26.8,24.634,25.227,352925771.3884
2021-10-12 00:00:00+00:00,25.228,25.26,23.518,24.661,398483658.88018
2021-10-13 00:00:00+00:00,24.65,25.694,24.161,25.694,379343710.68944
2021-10-14 00:00:00+00:00,25.695,27.911,25.401,26.75,553649810.05962
2021-10-15 00:00:00+00:00,26.748,27.424,26.027,27.035,477416345.11564
2021-10-16 00:00:00+00:00,27.037,28.755,26.968,27.246,548696040.00278
2021-10-17 00:00:00+00:00,27.245,27.662,25.551,26.568,356587943.54801
2021-10-18 00:00:00+00:00,26.568,26.762,25.27,25.732,327473108.51719
2021-10-19 00:00:00+00:00,25.731,26.316,25.371,25.936,297126912.55806
2021-10-20 00:00:00+00:00,25.934,27.685,25.871,27.514,396083395.66228
2021-10-21 00:00:00+00:00,27.511,29.372,27.2,28.314,931416514.60509
2021-10-22 00:00:00+00:00,28.312,30.064,28.038,28.69,745147799.89314
2021-10-23 00:00:00+00:00,28.691,31.498,28.324,31.39,822053200.90239
2021-10-24 00:00:00+00:00,31.39,31.548,28.743,29.716,562670372.69701
2021-10-25 00:00:00+00:00,29.715,32.961,29.551,32.402,766115308.7492
2021-10-26 00:00:00+00:00,32.407,33.861,31.33,32.552,698798927.159
2021-10-27 00:00:00+00:00,32.556,33.958,27.348,28.887,1101760086.19031
2021-10-28 00:00:00+00:00,28.887,30.876,28.614,30.2,630995147.35219
2021-10-29 00:00:00+00:00,30.2,31.985,29.958,30.995,499669420.02624
2021-10-30 00:00:00+00:00,30.995,31.144,29.161,29.823,325309632.87113
2021-10-31 00:00:00+00:00,29.815,30.722,28.65,30.019,348131586.51216
2021-11-01 00:00:00+00:00,30.024,31.912,29.188,31.706,478743811.09324
2021-11-02 00:00:00+00:00,31.707,32.535,31.035,32.298,374155702.9212
2021-11-03 00:00:00+00:00,32.298,32.834,30.572,31.983,416323541.16804
2021-11-04 00:00:00+00:00,31.983,32.148,30.216,31.004,306999763.35195
2021-11-05 00:00:00+00:00,31.003,33.75,30.672,32.89,610647467.55358
2021-11-06 00:00:00+00:00,32.891,33.249,30.729,32.044,357968845.23936
2021-11-07 00:00:00+00:00,32.048,32.63,31.707,32.37,244893599.15387
2021-11-08 00:00:00+00:00,32.369,34.863,32.213,34.509,574255132.31173
2021-11-09 00:00:00+00:00,34.52,35.66,33.346,33.855,562996091.33892
2021-11-10 00:00:00+00:00,33.856,38.376,31.5,34.234,1338707006.9209
2021-11-11 00:00:00+00:00,34.234,36.969,33.371,34.69,857997577.08188
2021-11-12 00:00:00+00:00,34.688,35.517,32.67,34.272,647431739.67948
2021-11-13 00:00:00+00:00,34.272,34.616,33.198,34.01,322813779.03597
2021-11-14 00:00:00+00:00,34.01,34.442,32.522,33.77,293070594.71299
2021-11-15 00:00:00+00:00,33.77,34.538,32.003,32.09,377377742.10089
2021-11-16 00:00:00+00:00,32.081,32.091,27.52,29.164,752852464.26609
2021-11-17 00:00:00+00:00,29.164,29.743,28.028,29.215,352960546.10245
2021-11-18 00:00:00+00:00,29.214,29.722,25.8,26.547,556394451.14593
2021-11-19 00:00:00+00:00,26.555,28.849,26.083,28.278,382305968.75813
2021-11-20 00:00:00+00:00,28.279,28.737,27.28,28.383,294073974.71567
2021-11-21 00:00:00+00:00,28.383,29.259,27.708,29.004,286678721.68139
2021-11-22 00:00:00+00:00,29.005,29.095,26.3,26.767,359114900.64303
2021-11-23 00:00:00+00:00,26.766,27.591,26.141,26.963,301699272.19213
2021-11-24 00:00:00+00:00,26.964,27.178,25.177,25.601,283826706.82979
2021-11-25 00:00:00+00:00,25.601,27.625,25.4,26.439,317211057.31093
2021-11-26 00:00:00+00:00,26.439,26.617,22.8,23.965,578494505.07996
2021-11-27 00:00:00+00:00,23.962,25.002,23.778,24.103,247989821.84459
2021-11-28 00:00:00+00:00,24.1,25.0,22.603,24.769,287544584.17865
2021-11-29 00:00:00+00:00,24.772,25.606,24.511,25.004,267060352.99058
2021-11-30 00:00:00+00:00,25.003,26.525,24.152,25.342,385271933.81575
2021-12-01 00:00:00+00:00,25.343,26.916,24.966,25.347,323464123.20264
2021-12-02 00:00:00+00:00,25.348,25.363,24.167,24.551,251329519.23598
2021-12-03 00:00:00+00:00,24.552,25.85,22.192,23.302,391440028.2325
2021-12-04 00:00:00+00:00,23.299,23.366,15.033,20.637,890269214.32335
2021-12-05 00:00:00+00:00,20.637,20.953,18.438,19.481,352403802.17398
2021-12-06 00:00:00+00:00,19.485,19.912,17.215,19.782,398831967.60223
2021-12-07 00:00:00+00:00,19.778,21.175,19.686,21.08,399987933.67646
2021-12-08 00:00:00+00:00,21.079,23.2,20.736,22.909,710751377.06844
2021-12-09 00:00:00+00:00,22.913,23.049,20.233,20.257,485681785.21887
2021-12-10 00:00:00+00:00,20.255,20.88,18.448,18.532,444218989.71354
2021-12-11 00:00:00+00:00,18.536,20.199,18.147,19.967,277700806.18068
2021-12-12 00:00:00+00:00,19.962,20.778,19.209,20.402,226341530.39612
2021-12-13 00:00:00+00:00,20.404,20.556,17.289,17.764,432413694.14075
2021-12-14 00:00:00+00:00,17.764,18.606,17.419,18.421,339639257.59356
2021-12-15 00:00:00+00:00,18.419,19.981,17.25,19.679,408757188.27801
2021-12-16 00:00:00+00:00,19.681,20.338,18.683,18.758,273633169.44647
2021-12-17 00:00:00+00:00,18.762,19.218,17.728,18.25,319432477.35677
2021-12-18 00:00:00+00:00,18.25,19.988,17.795,19.532,328162810.24693
2021-12-19 00:00:00+00:00,19.533,20.39,18.795,18.864,317935391.80593
2021-12-20 00:00:00+00:00,18.864,19.194,18.02,18.779,276630935.61051
2021-12-21 00:00:00+00:00,18.779,19.66,18.362,19.415,234688334.66003
2021-12-22 00:00:00+00:00,19.418,20.829,19.194,19.922,300709986.80011
2021-12-23 00:00:00+00:00,19.923,22.214,19.557,22.166,444747479.70957
2021-12-24 00:00:00+00:00,22.166,22.664,21.2,21.48,352866187.91449
2021-12-25 00:00:00+00:00,21.483,22.389,21.284,22.117,228370574.14486
2021-12-26 00:00:00+00:00,22.117,23.588,21.111,22.986,448724848.01518
2021-12-27 00:00:00+00:00,22.986,24.493,22.745,23.016,472811744.39214
2021-12-28 00:00:00+00:00,23.017,23.022,20.295,20.379,567100218.95564
2021-12-29 00:00:00+00:00,20.377,20.96,19.504,19.734,431043571.43176
2021-12-30 00:00:00+00:00,19.736,20.43,19.148,19.93,323774035.6476
2021-12-31 00:00:00+00:00,19.926,20.632,19.021,19.514,311249394.06991
2022-01-01 00:00:00+00:00,19.514,20.791,19.508,20.736,230111463.61101
2022-01-02 00:00:00+00:00,20.738,22.193,20.559,21.854,396328338.30186
2022-01-03 00:00:00+00:00,21.852,23.745,21.237,23.697,650318096.62298
2022-01-04 00:00:00+00:00,23.699,24.472,22.773,23.426,726453395.15842
2022-01-05 00:00:00+00:00,23.426,27.457,22.336,25.222,2094544214.24672
2022-01-06 00:00:00+00:00,25.218,25.963,23.323,25.379,1551232276.72211
2022-01-07 00:00:00+00:00,25.379,27.328,22.626,25.975,1863710845.35068
2022-01-08 00:00:00+00:00,25.979,27.33,23.5,25.306,1384737043.07449
2022-01-09 00:00:00+00:00,25.312,28.691,25.088,27.538,1731331040.51422
2022-01-10 00:00:00+00:00,27.536,28.5,25.071,27.974,1842597624.92339
2022-01-11 00:00:00+00:00,27.975,28.688,25.837,26.582,1197559021.60907
2022-01-12 00:00:00+00:00,26.578,27.231,25.571,26.751,867447039.02913
2022-01-13 00:00:00+00:00,26.745,26.758,24.426,24.852,733072573.39646
2022-01-14 00:00:00+00:00,24.858,25.862,23.9,25.706,534264705.9902
2022-01-15 00:00:00+00:00,25.704,26.198,25.097,25.167,457220504.96712
2022-01-16 00:00:00+00:00,25.166,26.341,24.629,25.498,442875360.79973
2022-01-17 00:00:00+00:00,25.5,25.621,23.258,23.771,441722715.57034
2022-01-18 00:00:00+00:00,23.773,24.328,22.041,22.951,492132694.44914
2022-01-19 00:00:00+00:00,22.951,23.14,21.204,21.541,508405274.91466
2022-01-20 00:00:00+00:00,21.535,22.964,20.031,20.164,491233095.11947
2022-01-21 00:00:00+00:00,20.164,20.496,17.1,17.414,839558235.30956
2022-01-22 00:00:00+00:00,17.411,17.813,14.23,15.844,816598341.46243
2022-01-23 00:00:00+00:00,15.85,16.878,15.146,16.622,443196147.70729
2022-01-24 00:00:00+00:00,16.621,16.63,13.481,15.568,673103343.88099
2022-01-25 00:00:00+00:00,15.567,16.016,14.583,15.487,401260648.83772
2022-01-26 00:00:00+00:00,15.489,16.8,14.664,15.224,490167015.01779
2022-01-27 00:00:00+00:00,15.222,15.7,14.281,15.209,418544472.95423
2022-01-28 00:00:00+00:00,15.208,16.275,14.719,16.133,366139354.07399
2022-01-29 00:00:00+00:00,16.132,16.75,15.948,16.217,289578545.7012
2022-01-30 00:00:00+00:00,16.217,18.121,16.004,17.754,545515407.49394
2022-01-31 00:00:00+00:00,17.752,17.875,16.429,17.143,538783289.59334
2022-02-01 00:00:00+00:00,17.145,17.877,16.81,16.974,394083248.19313
2022-02-02 00:00:00+00:00,16.974,17.369,15.51,15.772,359238960.6081
2022-02-03 00:00:00+00:00,15.773,16.324,15.245,16.29,333920197.84052
2022-02-04 00:00:00+00:00,16.285,17.54,15.996,17.5,370570640.46307
2022-02-05 00:00:00+00:00,17.497,18.317,17.403,17.747,383277267.46518
2022-02-06 00:00:00+00:00,17.746,18.167,17.151,18.064,276608678.5668
2022-02-07 00:00:00+00:00,18.064,19.393,17.633,18.874,417914405.54907
2022-02-08 00:00:00+00:00,18.875,19.533,17.675,18.367,448405778.33392
2022-02-09 00:00:00+00:00,18.372,18.739,17.73,18.664,258045804.90134
2022-02-10 00:00:00+00:00,18.664,18.749,17.319,17.486,441112858.20908
2022-02-11 00:00:00+00:00,17.486,17.799,15.899,16.189,317974222.01497
2022-02-12 00:00:00+00:00,16.189,16.371,15.556,15.949,280348737.22605
2022-02-13 00:00:00+00:00,15.952,16.32,15.51,15.601,196212236.31435
2022-02-14 00:00:00+00:00,15.601,16.116,15.188,15.896,267002613.86967
2022-02-15 00:00:00+00:00,15.896,17.451,15.805,17.339,294919901.98419
2022-02-16 00:00:00+00:00,17.336,17.399,16.503,17.11,275874784.19167
2022-02-17 00:00:00+00:00,17.108,17.44,15.424,15.582,318124629.36576
2022-02-18 00:00:00+00:00,15.581,16.04,15.015,15.174,259283518.83639
2022-02-19 00:00:00+00:00,15.173,15.68,14.819,15.507,200241958.32218
2022-02-20 00:00:00+00:00,15.508,15.523,14.389,14.601,250071443.2627
2022-02-21 00:00:00+00:00,14.603,15.303,13.356,13.492,464524666.93738
2022-02-22 00:00:00+00:00,13.492,14.175,12.988,13.983,325251434.27103
2022-02-23 00:00:00+00:00,13.984,14.654,13.288,13.34,276073418.37958
2022-02-24 00:00:00+00:00,13.34,14.105,11.388,13.261,679932010.78627
2022-02-25 00:00:00+00:00,13.261,14.482,13.063,14.359,313998512.1183
2022-02-26 00:00:00+00:00,14.358,15.358,14.069,14.706,255439897.66698
2022-02-27 00:00:00+00:00,14.706,14.847,13.452,13.635,308086060.1065
2022-02-28 00:00:00+00:00,13.636,15.152,13.3,15.117,332955723.16971
2022-03-01 00:00:00+00:00,15.117,15.726,14.693,15.343,307802695.64595
2022-03-02 00:00:00+00:00,15.346,15.865,14.901,15.276,307429753.55577
2022-03-03 00:00:00+00:00,15.276,15.368,14.439,14.881,207291357.43595
2022-03-04 00:00:00+00:00,14.881,14.966,13.533,13.727,256026698.20874
2022-03-05 00:00:00+00:00,13.727,14.273,13.4,14.017,138614537.62892
2022-03-06 00:00:00+00:00,14.014,14.115,13.234,13.315,167284694.73419
2022-03-07 00:00:00+00:00,13.315,13.662,12.413,12.664,291392857.49056
2022-03-08 00:00:00+00:00,12.664,13.545,12.561,13.085,242793668.14618
2022-03-09 00:00:00+00:00,13.085,14.447,13.048,14.0,267239729.03685
2022-03-10 00:00:00+00:00,14.001,14.109,12.939,13.173,225400681.26144
2022-03-11 00:00:00+00:00,13.174,13.646,12.793,13.038,192975386.45029
2022-03-12 00:00:00+00:00,13.038,13.45,13.008,13.138,125656936.98146
2022-03-13 00:00:00+00:00,13.136,13.431,12.565,12.696,161021172.11933
2022-03-14 00:00:00+00:00,12.695,13.439,12.587,13.398,223034823.07273
2022-03-15 00:00:00+00:00,13.398,13.798,12.865,13.694,225186043.01395
2022-03-16 00:00:00+00:00,13.693,14.78,13.654,14.661,322792226.80908
2022-03-17 00:00:00+00:00,14.662,14.926,14.215,14.404,226541596.91903
2022-03-18 00:00:00+00:00,14.404,15.273,14.115,15.005,253960847.23497
2022-03-19 00:00:00+00:00,15.005,15.401,14.82,14.994,192034664.13287
2022-03-20 00:00:00+00:00,14.995,15.135,14.423,14.546,155438651.42383
2022-03-21 00:00:00+00:00,14.545,15.273,14.28,14.986,199598464.94009
2022-03-22 00:00:00+00:00,14.987,15.852,14.978,15.427,231610562.16621
2022-03-23 00:00:00+00:00,15.427,15.952,15.118,15.828,208769811.39716
2022-03-24 00:00:00+00:00,15.828,16.439,15.596,16.157,284861772.12642
2022-03-25 00:00:00+00:00,16.16,16.454,15.449,15.585,275528392.11622
2022-03-26 00:00:00+00:00,15.584,15.953,15.472,15.831,162565461.53506
2022-03-27 00:00:00+00:00,15.83,16.9,15.612,16.855,269105564.60871
2022-03-28 00:00:00+00:00,16.854,17.365,16.324,16.496,317137251.40996
2022-03-29 00:00:00+00:00,16.495,17.527,16.46,16.971,306381063.27173
2022-03-30 00:00:00+00:00,16.97,17.58,16.516,17.214,306968837.77918
2022-03-31 00:00:00+00:00,17.214,18.058,16.645,16.92,343018401.03842
2022-04-01 00:00:00+00:00,16.922,17.376,16.151,17.352,237684526.47101
2022-04-02 00:00:00+00:00,17.353,17.865,17.091,17.407,243022564.97537
2022-04-03 00:00:00+00:00,17.41,18.324,17.15,18.082,264806660.21781
2022-04-04 00:00:00+00:00,18.081,18.086,16.81,17.506,264295571.47882
2022-04-05 00:00:00+00:00,17.506,17.662,16.65,16.736,192320896.02741
2022-04-06 00:00:00+00:00,16.737,16.777,15.26,15.399,283483783.94555
2022-04-07 00:00:00+00:00,15.397,15.872,15.086,15.733,184443409.9241
2022-04-08 00:00:00+00:00,15.731,15.903,15.006,15.115,169379002.96686
2022-04-09 00:00:00+00:00,15.115,15.464,15.107,15.422,105894935.91562
2022-04-10 00:00:00+00:00,15.422,15.921,15.139,15.226,152484172.91176
2022-04-11 00:00:00+00:00,15.226,15.267,13.5,13.755,261836005.67932
2022-04-12 00:00:00+00:00,13.754,14.32,13.627,13.97,176750887.51557
2022-04-13 00:00:00+00:00,13.97,14.217,13.673,14.187,166745189.72585
2022-04-14 00:00:00+00:00,14.187,14.325,13.318,13.636,186163139.17904
2022-04-15 00:00:00+00:00,13.636,14.193,13.617,14.099,140450123.47379
2022-04-16 00:00:00+00:00,14.099,14.267,13.823,14.146,149547399.59754
2022-04-17 00:00:00+00:00,14.145,14.619,13.635,13.714,306543114.37465
2022-04-18 00:00:00+00:00,13.713,14.059,13.135,14.047,223393532.21798
2022-04-19 00:00:00+00:00,14.046,14.405,13.828,14.239,165475201.29992
2022-04-20 00:00:00+00:00,14.239,14.488,13.698,14.021,203779538.30114
2022-04-21 00:00:00+00:00,14.022,14.373,13.346,13.568,197677081.38361
2022-04-22 00:00:00+00:00,13.567,13.879,13.461,13.577,147717357.61088
2022-04-23 00:00:00+00:00,13.577,13.684,13.202,13.31,105043740.30006
2022-04-24 00:00:00+00:00,13.308,13.638,13.2,13.257,118180367.03272
2022-04-25 00:00:00+00:00,13.257,13.504,12.52,13.427,231126313.73546
2022-04-26 00:00:00+00:00,13.428,13.498,12.127,12.359,179918455.0721
2022-04-27 00:00:00+00:00,12.359,12.797,12.292,12.731,151833602.98556
2022-04-28 00:00:00+00:00,12.732,12.984,12.392,12.652,186883611.61127
2022-04-29 00:00:00+00:00,12.653,12.729,11.824,11.968,131846058.58836
2022-04-30 00:00:00+00:00,11.97,12.239,10.633,10.951,162157065.45905
2022-05-01 00:00:00+00:00,10.951,11.476,10.802,11.293,157685509.5269
2022-05-02 00:00:00+00:00,11.292,11.435,10.75,11.168,155351120.19596
2022-05-03 00:00:00+00:00,11.168,11.495,10.785,11.117,141962316.45668
2022-05-04 00:00:00+00:00,11.117,12.208,11.078,12.193,199371385.61646
2022-05-05 00:00:00+00:00,12.193,12.288,10.559,10.907,250054638.13275
2022-05-06 00:00:00+00:00,10.906,11.019,10.384,10.781,185707947.83611
2022-05-07 00:00:00+00:00,10.781,10.842,9.971,10.205,161649205.40991
2022-05-08 00:00:00+00:00,10.205,10.371,9.83,9.99,182003596.85123
2022-05-09 00:00:00+00:00,9.99,10.16,7.983,8.081,427853152.79211
2022-05-10 00:00:00+00:00,8.081,9.318,7.875,8.577,448784215.43081
2022-05-11 00:00:00+00:00,8.576,8.844,6.528,6.936,522113994.94565
2022-05-12 00:00:00+00:00,6.936,7.414,5.519,6.562,427082148.77598
2022-05-13 00:00:00+00:00,6.562,7.702,6.471,7.146,227509103.71241
2022-05-14 00:00:00+00:00,7.145,7.44,6.624,7.246,135741617.28337
2022-05-15 00:00:00+00:00,7.248,7.985,7.006,7.96,132827487.72068
2022-05-16 00:00:00+00:00,7.959,7.963,7.152,7.418,166495450.24703
2022-05-17 00:00:00+00:00,7.418,7.969,7.288,7.71,135368111.46229
2022-05-18 00:00:00+00:00,7.707,7.808,6.774,6.798,140631140.0472
2022-05-19 00:00:00+00:00,6.803,7.257,6.637,7.218,136357512.64099
2022-05-20 00:00:00+00:00,7.218,7.363,6.743,6.864,152439320.20363
2022-05-21 00:00:00+00:00,6.864,7.118,6.76,7.05,79595583.17422
2022-05-22 00:00:00+00:00,7.051,7.403,6.908,7.319,124208829.19321
2022-05-23 00:00:00+00:00,7.317,7.675,6.97,7.022,163655569.26383
2022-05-24 00:00:00+00:00,7.021,7.3,6.708,7.23,174524872.01373
2022-05-25 00:00:00+00:00,7.23,7.394,6.936,6.951,138970777.92566
2022-05-26 00:00:00+00:00,6.951,7.089,6.204,6.565,190899008.9152
2022-05-27 00:00:00+00:00,6.563,6.702,6.207,6.283,205344986.24514
2022-05-28 00:00:00+00:00,6.284,6.651,6.203,6.564,122789766.64627
2022-05-29 00:00:00+00:00,6.564,6.743,6.329,6.709,102421336.46121
2022-05-30 00:00:00+00:00,6.708,7.516,6.645,7.452,172277802.44451
2022-05-31 00:00:00+00:00,7.452,7.728,7.168,7.587,178640685.71962
2022-06-01 00:00:00+00:00,7.588,7.764,6.743,6.926,186547058.29123
2022-06-02 00:00:00+00:00,6.926,7.241,6.807,7.192,111894408.02711
2022-06-03 00:00:00+00:00,7.192,7.215,6.682,6.85,123632225.99308
2022-06-04 00:00:00+00:00,6.849,7.438,6.675,7.406,131042399.73759
2022-06-05 00:00:00+00:00,7.405,7.894,7.242,7.642,400324470.97419
2022-06-06 00:00:00+00:00,7.643,8.199,7.619,7.972,346250552.81576
2022-06-07 00:00:00+00:00,7.972,8.994,7.305,8.704,467985392.46474
2022-06-08 00:00:00+00:00,8.708,8.98,8.223,8.7,441723515.21284
2022-06-09 00:00:00+00:00,8.701,9.672,8.485,9.265,716612751.07512
2022-06-10 00:00:00+00:00,9.266,9.539,7.986,8.033,650418113.95751
2022-06-11 00:00:00+00:00,8.033,8.419,6.928,7.04,554833537.25144
2022-06-12 00:00:00+00:00,7.041,7.138,6.25,6.264,474283377.93436
2022-06-13 00:00:00+00:00,6.261,6.336,5.288,5.922,816099617.92343
2022-06-14 00:00:00+00:00,5.922,6.876,5.385,6.726,690298060.89614
2022-06-15 00:00:00+00:00,6.728,7.369,5.828,7.319,821980533.83938
2022-06-16 00:00:00+00:00,7.319,7.502,6.202,6.355,459720382.03809
2022-06-17 00:00:00+00:00,6.354,6.734,6.252,6.357,303634490.0479
2022-06-18 00:00:00+00:00,6.358,6.464,5.391,5.921,413312684.08449
2022-06-19 00:00:00+00:00,5.92,6.812,5.822,6.601,383223583.87614
2022-06-20 00:00:00+00:00,6.598,7.285,6.307,6.98,353098649.1903
2022-06-21 00:00:00+00:00,6.98,7.565,6.746,6.854,358665746.44602
2022-06-22 00:00:00+00:00,6.856,7.029,6.455,6.62,298036854.29753
2022-06-23 00:00:00+00:00,6.619,7.092,6.599,6.985,260129046.49274
2022-06-24 00:00:00+00:00,6.986,7.436,6.944,7.259,235046422.23487
2022-06-25 00:00:00+00:00,7.26,7.374,6.789,7.259,207900595.31343
2022-06-26 00:00:00+00:00,7.257,7.495,6.681,6.693,217585635.69668
2022-06-27 00:00:00+00:00,6.693,6.992,6.392,6.553,219124943.2152
2022-06-28 00:00:00+00:00,6.553,7.26,6.264,6.314,445861088.94164
2022-06-29 00:00:00+00:00,6.314,6.487,6.126,6.233,288690365.633
2022-06-30 00:00:00+00:00,6.231,6.318,5.87,6.27,299744272.75698
2022-07-01 00:00:00+00:00,6.27,6.427,5.927,6.075,249944706.9367
2022-07-02 00:00:00+00:00,6.076,6.284,5.974,6.22,156136589.93067
2022-07-03 00:00:00+00:00,6.221,6.246,6.008,6.216,137940214.28082
2022-07-04 00:00:00+00:00,6.217,6.456,6.011,6.429,187617289.62953
2022-07-05 00:00:00+00:00,6.428,6.556,6.047,6.305,236597608.91022
2022-07-06 00:00:00+00:00,6.305,6.42,6.164,6.335,173066742.76075
2022-07-07 00:00:00+00:00,6.334,6.75,6.304,6.635,192869003.10691
2022-07-08 00:00:00+00:00,6.635,6.838,6.327,6.349,241292897.35009
2022-07-09 00:00:00+00:00,6.348,6.58,6.342,6.481,115572961.35783
2022-07-10 00:00:00+00:00,6.482,6.487,6.096,6.19,134101396.11401
2022-07-11 00:00:00+00:00,6.191,6.435,5.977,6.039,254663143.05472
2022-07-12 00:00:00+00:00,6.038,6.237,5.916,5.945,188823053.94765
2022-07-13 00:00:00+00:00,5.943,6.2,5.677,6.17,238781622.24542
2022-07-14 00:00:00+00:00,6.169,6.39,5.987,6.271,196996916.2424
2022-07-15 00:00:00+00:00,6.271,6.457,6.112,6.321,198135929.06511
2022-07-16 00:00:00+00:00,6.321,6.614,6.138,6.594,162812716.45662
2022-07-17 00:00:00+00:00,6.593,6.711,6.308,6.345,137674061.77613
2022-07-18 00:00:00+00:00,6.345,7.146,6.325,7.033,281891015.57774
2022-07-19 00:00:00+00:00,7.034,7.384,6.73,7.249,295949015.62925
2022-07-20 00:00:00+00:00,7.251,7.58,6.819,6.862,284535312.40548
2022-07-21 00:00:00+00:00,6.861,7.05,6.636,6.989,193744851.16351
2022-07-22 00:00:00+00:00,6.989,7.284,6.737,6.78,184372427.73687
2022-07-23 00:00:00+00:00,6.78,7.025,6.603,6.841,125571955.77981
2022-07-24 00:00:00+00:00,6.841,7.249,6.835,7.091,152210457.57391
2022-07-25 00:00:00+00:00,7.091,7.143,6.393,6.425,178576653.94938
2022-07-26 00:00:00+00:00,6.425,6.444,6.071,6.337,151032299.0122
2022-07-27 00:00:00+00:00,6.338,6.864,6.182,6.853,158280644.4524
2022-07-28 00:00:00+00:00,6.853,7.296,6.669,7.216,186783890.06929
2022-07-29 00:00:00+00:00,7.218,8.122,7.106,7.882,399531940.36389
2022-07-30 00:00:00+00:00,7.884,8.209,7.67,7.819,261941017.05171
2022-07-31 00:00:00+00:00,7.819,8.087,7.573,7.65,205897415.61336
2022-08-01 00:00:00+00:00,7.649,7.882,7.406,7.567,166615293.63825
2022-08-02 00:00:00+00:00,7.568,7.665,7.014,7.173,184811254.82446
2022-08-03 00:00:00+00:00,7.174,7.636,7.043,7.277,157732649.17844
2022-08-04 00:00:00+00:00,7.278,7.538,7.165,7.359,146064723.89053
2022-08-05 00:00:00+00:00,7.358,7.896,7.343,7.874,196832478.97514
2022-08-06 00:00:00+00:00,7.875,8.113,7.732,7.788,132139616.05678
2022-08-07 00:00:00+00:00,7.789,8.38,7.651,8.341,180256888.4156
2022-08-08 00:00:00+00:00,8.342,8.79,8.22,8.604,384741203.1104
2022-08-09 00:00:00+00:00,8.604,8.955,8.266,8.738,392745430.80591
2022-08-10 00:00:00+00:00,8.738,9.299,8.29,9.05,428051167.70634
2022-08-11 00:00:00+00:00,9.049,9.224,8.81,8.957,290844023.16677
2022-08-12 00:00:00+00:00,8.956,9.503,8.793,9.317,396456936.50193
2022-08-13 00:00:00+00:00,9.319,9.48,9.05,9.141,189916716.79902
2022-08-14 00:00:00+00:00,9.14,9.365,8.66,8.764,216101225.38989
2022-08-15 00:00:00+00:00,8.764,9.054,8.485,8.641,256538511.39238
2022-08-16 00:00:00+00:00,8.64,8.819,8.366,8.444,204901827.73934
2022-08-17 00:00:00+00:00,8.444,8.739,7.981,8.057,208305494.48021
2022-08-18 00:00:00+00:00,8.058,8.235,7.596,7.644,195154598.38395
2022-08-19 00:00:00+00:00,7.643,7.695,6.81,6.894,339053048.00063
2022-08-20 00:00:00+00:00,6.893,7.202,6.658,6.893,217530631.19115
2022-08-21 00:00:00+00:00,6.892,7.163,6.871,7.076,147992351.01938
2022-08-22 00:00:00+00:00,7.075,7.083,6.67,7.036,164514733.39017
2022-08-23 00:00:00+00:00,7.036,7.35,6.767,7.236,178928371.11031
2022-08-24 00:00:00+00:00,7.236,7.376,7.009,7.119,139551660.51365
2022-08-25 00:00:00+00:00,7.118,7.369,7.0,7.12,137699045.81998
2022-08-26 00:00:00+00:00,7.119,7.183,6.393,6.497,222873140.5907
2022-08-27 00:00:00+00:00,6.497,6.613,6.404,6.526,127376532.73442
2022-08-28 00:00:00+00:00,6.525,6.628,6.218,6.25,128141578.09246
2022-08-29 00:00:00+00:00,6.25,6.726,6.185,6.693,136980163.40031
2022-08-30 00:00:00+00:00,6.692,6.824,6.361,6.555,149262188.89771
2022-08-31 00:00:00+00:00,6.555,6.896,6.54,6.62,150692113.86777
2022-09-01 00:00:00+00:00,6.62,6.955,6.441,6.92,155872966.86245
2022-09-02 00:00:00+00:00,6.92,7.248,6.783,6.922,204690532.66473
2022-09-03 00:00:00+00:00,6.921,6.963,6.714,6.852,81137751.16283
2022-09-04 00:00:00+00:00,6.853,7.28,6.783,7.149,227156817.73677
2022-09-05 00:00:00+00:00,7.148,7.43,7.088,7.371,258176605.69663
2022-09-06 00:00:00+00:00,7.372,7.583,6.567,6.652,254274468.45503
2022-09-07 00:00:00+00:00,6.652,7.143,6.57,7.081,164647077.64646
2022-09-08 00:00:00+00:00,7.083,7.504,7.0,7.401,218324710.52419
2022-09-09 00:00:00+00:00,7.403,8.099,7.386,7.736,309379663.8581
2022-09-10 00:00:00+00:00,7.737,8.027,7.61,7.898,187698775.1173
2022-09-11 00:00:00+00:00,7.899,8.173,7.723,8.022,180462083.51282
2022-09-12 00:00:00+00:00,8.023,8.306,7.6,7.751,263971722.85361
2022-09-13 00:00:00+00:00,7.752,7.954,7.012,7.017,213869095.18828
2022-09-14 00:00:00+00:00,7.017,7.539,6.971,7.451,202948229.16355
2022-09-15 00:00:00+00:00,7.45,7.599,7.01,7.56,255058022.00204
2022-09-16 00:00:00+00:00,7.561,7.8,7.414,7.653,291896970.15508
2022-09-17 00:00:00+00:00,7.653,8.139,7.635,8.085,222708823.58775
2022-09-18 00:00:00+00:00,8.085,8.134,7.384,7.518,253051626.59389
2022-09-19 00:00:00+00:00,7.519,7.675,7.002,7.296,259219162.13572
2022-09-20 00:00:00+00:00,7.295,7.333,6.8,6.882,209344330.32659
2022-09-21 00:00:00+00:00,6.881,7.314,6.512,6.673,262881939.25518
2022-09-22 00:00:00+00:00,6.672,7.174,6.631,7.118,146376683.04835
2022-09-23 00:00:00+00:00,7.118,7.49,6.955,7.445,271796175.45146
2022-09-24 00:00:00+00:00,7.444,7.87,7.363,7.625,338965769.69238
2022-09-25 00:00:00+00:00,7.624,8.076,7.56,7.86,489185464.63831
2022-09-26 00:00:00+00:00,7.861,7.955,7.458,7.936,388334208.29623
2022-09-27 00:00:00+00:00,7.936,8.397,7.65,8.053,516406446.30696
2022-09-28 00:00:00+00:00,8.053,8.537,7.72,7.787,919429491.41658
2022-09-29 00:00:00+00:00,7.788,7.938,7.567,7.895,455261489.23235
2022-09-30 00:00:00+00:00,7.896,7.913,7.5,7.581,287402594.05413
2022-10-01 00:00:00+00:00,7.581,7.645,7.307,7.389,183168912.82011
2022-10-02 00:00:00+00:00,7.389,7.54,7.08,7.106,211641168.81563
2022-10-03 00:00:00+00:00,7.106,7.349,7.009,7.322,234870273.72464
2022-10-04 00:00:00+00:00,7.323,7.829,7.315,7.716,372166079.47845
2022-10-05 00:00:00+00:00,7.717,7.938,7.582,7.87,356643716.52714
2022-10-06 00:00:00+00:00,7.869,7.934,7.587,7.627,245588260.56105
2022-10-07 00:00:00+00:00,7.628,7.795,7.465,7.6,210230161.86385
2022-10-08 00:00:00+00:00,7.6,7.654,7.332,7.452,112717192.65622
2022-10-09 00:00:00+00:00,7.452,7.653,7.411,7.624,135144009.43156
2022-10-10 00:00:00+00:00,7.624,7.732,7.317,7.328,249547468.64661
2022-10-11 00:00:00+00:00,7.328,7.382,7.061,7.129,250602290.80464
2022-10-12 00:00:00+00:00,7.129,7.27,7.081,7.142,157034145.60155
2022-10-13 00:00:00+00:00,7.141,7.155,6.288,7.021,357207682.39107
2022-10-14 00:00:00+00:00,7.019,7.248,6.79,6.883,210392986.5385
2022-10-15 00:00:00+00:00,6.882,6.983,6.812,6.879,112082613.08362
2022-10-16 00:00:00+00:00,6.879,7.235,6.869,7.164,177106253.8433
2022-10-17 00:00:00+00:00,7.164,7.371,7.062,7.325,206890503.06167
2022-10-18 00:00:00+00:00,7.325,7.368,6.956,7.123,199871122.11819
2022-10-19 00:00:00+00:00,7.122,7.132,6.7,6.768,174554398.11026
2022-10-20 00:00:00+00:00,6.769,6.909,6.596,6.655,190180010.00816
2022-10-21 00:00:00+00:00,6.655,6.845,6.435,6.806,210180720.17445
2022-10-22 00:00:00+00:00,6.805,6.927,6.719,6.866,98229294.87939
2022-10-23 00:00:00+00:00,6.866,7.086,6.801,7.064,138847519.14997
2022-10-24 00:00:00+00:00,7.064,7.084,6.784,6.902,149969479.62928
2022-10-25 00:00:00+00:00,6.903,7.279,6.809,7.057,238495661.96417
2022-10-26 00:00:00+00:00,7.058,7.291,7.024,7.153,215152653.1824
2022-10-27 00:00:00+00:00,7.153,7.364,6.85,6.888,221094065.56839
2022-10-28 00:00:00+00:00,6.888,7.199,6.82,7.105,178485875.96178
2022-10-29 00:00:00+00:00,7.105,7.655,7.076,7.633,280243099.13449
2022-10-30 00:00:00+00:00,7.632,7.925,7.487,7.777,331467259.03459
2022-10-31 00:00:00+00:00,7.776,8.325,7.657,7.848,570893421.76841
2022-11-01 00:00:00+00:00,7.848,7.919,7.622,7.68,210556805.84456
2022-11-02 00:00:00+00:00,7.679,7.993,7.332,7.428,442584243.57637
2022-11-03 00:00:00+00:00,7.428,8.029,7.382,7.716,376375356.6398
2022-11-04 00:00:00+00:00,7.717,8.895,7.654,8.712,567741811.30412
2022-11-05 00:00:00+00:00,8.712,9.0,8.564,8.661,327933713.81887
2022-11-06 00:00:00+00:00,8.661,8.768,8.085,8.096,268386121.50528
2022-11-07 00:00:00+00:00,8.096,9.244,7.89,8.948,597150505.49519
2022-11-08 00:00:00+00:00,8.95,9.48,6.47,7.702,1885708178.02196
2022-11-09 00:00:00+00:00,7.702,7.89,5.753,6.228,956915401.16484
2022-11-10 00:00:00+00:00,6.227,7.514,6.083,7.204,596282604.291
2022-11-11 00:00:00+00:00,7.204,7.334,6.505,7.039,340090731.85541
2022-11-12 00:00:00+00:00,7.041,7.055,6.171,6.278,390111391.84773
2022-11-13 00:00:00+00:00,6.278,6.541,5.93,6.073,236964456.84718
2022-11-14 00:00:00+00:00,6.074,6.433,5.683,6.285,385377341.20052
2022-11-15 00:00:00+00:00,6.285,6.666,6.202,6.417,316979941.20434
2022-11-16 00:00:00+00:00,6.418,6.56,6.071,6.174,240615397.8155
2022-11-17 00:00:00+00:00,6.174,6.34,6.024,6.223,221562246.37044
2022-11-18 00:00:00+00:00,6.222,6.412,6.064,6.178,209546091.44914
2022-11-19 00:00:00+00:00,6.179,6.219,5.979,6.141,130826175.64294
2022-11-20 00:00:00+00:00,6.142,6.247,5.7,5.76,210438272.83052
2022-11-21 00:00:00+00:00,5.76,5.894,5.522,5.87,325180454.70572
2022-11-22 00:00:00+00:00,5.871,6.481,5.833,6.419,579407335.9813
2022-11-23 00:00:00+00:00,6.419,6.81,6.337,6.701,428833057.71475
2022-11-24 00:00:00+00:00,6.701,6.978,6.581,6.825,363270401.69149
2022-11-25 00:00:00+00:00,6.824,6.994,6.654,6.843,318666165.901
2022-11-26 00:00:00+00:00,6.844,7.293,6.818,7.152,426773217.28314
2022-11-27 00:00:00+00:00,7.152,7.273,6.856,6.9,280671043.74544
2022-11-28 00:00:00+00:00,6.899,7.347,6.524,7.19,616725102.88553
2022-11-29 00:00:00+00:00,7.19,7.51,7.121,7.313,499306388.90621
2022-11-30 00:00:00+00:00,7.313,7.754,7.263,7.666,520066093.17616
2022-12-01 00:00:00+00:00,7.666,7.809,7.429,7.678,457663714.95884
2022-12-02 00:00:00+00:00,7.679,7.724,7.45,7.604,331374914.31543
2022-12-03 00:00:00+00:00,7.604,7.63,7.201,7.233,233166402.96133
2022-12-04 00:00:00+00:00,7.233,7.466,7.173,7.439,232425618.05575
2022-12-05 00:00:00+00:00,7.437,7.593,7.155,7.27,303024863.16062
2022-12-06 00:00:00+00:00,7.27,7.331,6.951,7.126,295902173.33669
2022-12-07 00:00:00+00:00,7.127,7.156,6.73,6.877,287235747.56446
2022-12-08 00:00:00+00:00,6.877,7.063,6.77,6.997,226635249.13101
2022-12-09 00:00:00+00:00,6.997,7.048,6.791,6.859,186426844.9917
2022-12-10 00:00:00+00:00,6.859,6.917,6.687,6.852,149169760.465
2022-12-11 00:00:00+00:00,6.852,6.957,6.627,6.694,150375694.57491
2022-12-12 00:00:00+00:00,6.694,6.724,6.433,6.696,205801037.84883
2022-12-13 00:00:00+00:00,6.696,7.044,6.461,6.924,343867325.62854
2022-12-14 00:00:00+00:00,6.925,6.964,6.681,6.716,214349476.52075
2022-12-15 00:00:00+00:00,6.716,6.73,6.378,6.451,200826679.25767
2022-12-16 00:00:00+00:00,6.451,6.538,5.771,5.889,307548837.48967
2022-12-17 00:00:00+00:00,5.889,6.062,5.783,6.025,195743181.09073
2022-12-18 00:00:00+00:00,6.027,6.061,5.91,5.948,132908947.91791
2022-12-19 00:00:00+00:00,5.948,6.066,5.658,5.786,263893234.3531
2022-12-20 00:00:00+00:00,5.785,6.119,5.748,6.01,232477681.50601
2022-12-21 00:00:00+00:00,6.011,6.042,5.879,5.984,161791729.64403
2022-12-22 00:00:00+00:00,5.984,6.039,5.852,6.003,169829984.33436
2022-12-23 00:00:00+00:00,6.003,6.052,5.918,5.936,139977254.51155
2022-12-24 00:00:00+00:00,5.936,5.96,5.875,5.913,66613725.39896
2022-12-25 00:00:00+00:00,5.913,5.994,5.88,5.984,103127544.42931
2022-12-26 00:00:00+00:00,5.985,6.045,5.934,6.045,107529355.08206
2022-12-27 00:00:00+00:00,6.044,6.067,5.843,5.9,134135629.8656
2022-12-28 00:00:00+00:00,5.899,5.911,5.62,5.673,228893023.92563
2022-12-29 00:00:00+00:00,5.672,5.732,5.49,5.597,210295585.16011
2022-12-30 00:00:00+00:00,5.596,5.64,5.408,5.474,192010080.49243
2022-12-31 00:00:00+00:00,5.473,5.627,5.38,5.573,146622420.2163
2023-01-01 00:00:00+00:00,5.574,5.638,5.501,5.626,102967205.25216
2023-01-02 00:00:00+00:00,5.627,5.761,5.546,5.689,179934716.72065
2023-01-03 00:00:00+00:00,5.688,5.721,5.563,5.618,158549571.50282
2023-01-04 00:00:00+00:00,5.619,5.861,5.607,5.805,235331124.281
2023-01-05 00:00:00+00:00,5.806,5.817,5.602,5.657,176766621.71741
2023-01-06 00:00:00+00:00,5.657,5.728,5.5,5.71,206525331.35912
2023-01-07 00:00:00+00:00,5.71,5.845,5.687,5.827,130808810.37443
2023-01-08 00:00:00+00:00,5.827,5.981,5.751,5.962,187014165.20818
2023-01-09 00:00:00+00:00,5.962,6.254,5.929,6.063,375466085.23857
2023-01-10 00:00:00+00:00,6.063,6.304,5.964,6.165,228439897.09507
2023-01-11 00:00:00+00:00,6.164,6.301,6.01,6.281,227104461.4845
2023-01-12 00:00:00+00:00,6.281,6.413,6.0,6.384,377724199.46513
2023-01-13 00:00:00+00:00,6.384,6.62,6.256,6.606,282393761.78536
2023-01-14 00:00:00+00:00,6.605,7.12,6.421,6.86,527008717.15962
2023-01-15 00:00:00+00:00,6.859,6.937,6.596,6.701,262493487.3614
2023-01-16 00:00:00+00:00,6.701,6.958,6.404,6.672,380788395.62379
2023-01-17 00:00:00+00:00,6.673,7.0,6.54,6.811,345605865.00017
2023-01-18 00:00:00+00:00,6.811,6.99,6.224,6.331,412216803.9319
2023-01-19 00:00:00+00:00,6.332,6.545,6.312,6.508,185076295.84355
2023-01-20 00:00:00+00:00,6.507,6.978,6.415,6.947,216862498.78701
2023-01-21 00:00:00+00:00,6.947,7.122,6.798,6.858,286893588.21241
2023-01-22 00:00:00+00:00,6.858,7.283,6.772,6.986,308214883.29043
2023-01-23 00:00:00+00:00,6.986,7.243,6.81,7.019,318231979.56291
2023-01-24 00:00:00+00:00,7.018,7.206,6.508,6.658,286196172.49005
2023-01-25 00:00:00+00:00,6.658,7.1,6.506,6.957,259706758.72512
2023-01-26 00:00:00+00:00,6.958,7.321,6.822,7.173,315193724.62326
2023-01-27 00:00:00+00:00,7.175,7.505,6.918,7.386,372178827.78612
2023-01-28 00:00:00+00:00,7.386,7.521,7.115,7.213,194608010.0386
2023-01-29 00:00:00+00:00,7.212,7.538,7.146,7.375,231862087.25195
2023-01-30 00:00:00+00:00,7.376,7.446,6.689,6.916,283010429.1985
2023-01-31 00:00:00+00:00,6.915,7.075,6.84,6.95,166248724.20834
2023-02-01 00:00:00+00:00,6.949,7.283,6.662,7.221,284580509.57243
2023-02-02 00:00:00+00:00,7.221,7.495,7.033,7.106,274857756.81753
2023-02-03 00:00:00+00:00,7.107,7.345,7.014,7.298,216504298.46235
2023-02-04 00:00:00+00:00,7.299,7.369,7.13,7.242,147054467.55673
2023-02-05 00:00:00+00:00,7.243,7.257,6.822,6.984,173602619.36332
2023-02-06 00:00:00+00:00,6.984,7.064,6.761,6.831,172158444.63762
2023-02-07 00:00:00+00:00,6.831,7.217,6.811,7.199,213329687.17179
2023-02-08 00:00:00+00:00,7.2,7.308,6.95,7.137,251933674.90861
2023-02-09 00:00:00+00:00,7.137,7.823,6.812,6.982,1185311266.99009
2023-02-10 00:00:00+00:00,6.981,7.12,6.754,6.886,452037459.56546
2023-02-11 00:00:00+00:00,6.886,7.032,6.851,6.997,154062420.36147
2023-02-12 00:00:00+00:00,6.997,7.085,6.675,6.806,177356726.34812
2023-02-13 00:00:00+00:00,6.805,6.843,6.411,6.665,303555709.08207
2023-02-14 00:00:00+00:00,6.664,6.827,6.508,6.805,230387551.53539
2023-02-15 00:00:00+00:00,6.804,7.308,6.722,7.281,248435067.17704
2023-02-16 00:00:00+00:00,7.281,7.491,6.996,7.013,414109541.66503
2023-02-17 00:00:00+00:00,7.013,7.717,6.969,7.652,388297047.31412
2023-02-18 00:00:00+00:00,7.651,8.259,7.501,7.995,573063607.22228
2023-02-19 00:00:00+00:00,7.996,8.296,7.823,8.017,530999673.06494
2023-02-20 00:00:00+00:00,8.017,8.408,7.716,8.018,437976742.129
2023-02-21 00:00:00+00:00,8.019,8.08,7.5,7.642,348155087.43545
2023-02-22 00:00:00+00:00,7.642,7.738,7.291,7.716,363348242.8478
2023-02-23 00:00:00+00:00,7.716,8.213,7.672,7.94,559133858.73058
2023-02-24 00:00:00+00:00,7.939,8.149,7.1,7.462,504516100.6549
2023-02-25 00:00:00+00:00,7.462,7.489,7.162,7.368,236560996.96668
2023-02-26 00:00:00+00:00,7.369,7.54,7.288,7.489,138812737.55088
2023-02-27 00:00:00+00:00,7.488,7.504,7.119,7.27,226815571.01768
2023-02-28 00:00:00+00:00,7.271,7.419,7.086,7.192,235702231.27485
2023-03-01 00:00:00+00:00,7.193,7.545,7.142,7.533,198428621.78923
2023-03-02 00:00:00+00:00,7.533,7.583,7.158,7.272,188770992.44276
2023-03-03 00:00:00+00:00,7.272,7.273,6.595,6.954,228671019.64476
2023-03-04 00:00:00+00:00,6.954,7.006,6.702,6.855,137478008.16672
2023-03-05 00:00:00+00:00,6.854,7.013,6.803,6.943,111790952.26069
2023-03-06 00:00:00+00:00,6.942,6.978,6.815,6.853,143552650.5631
2023-03-07 00:00:00+00:00,6.852,6.973,6.663,6.881,184615385.84584
2023-03-08 00:00:00+00:00,6.881,6.948,6.48,6.574,232811225.3904
2023-03-09 00:00:00+00:00,6.573,6.689,6.0,6.155,275959941.13828
2023-03-10 00:00:00+00:00,6.155,6.261,5.887,6.209,275608179.11752
2023-03-11 00:00:00+00:00,6.209,6.383,5.913,6.158,202752210.00055
2023-03-12 00:00:00+00:00,6.158,6.573,6.064,6.552,194167431.01348
2023-03-13 00:00:00+00:00,6.552,6.882,6.393,6.76,285767915.13007
2023-03-14 00:00:00+00:00,6.761,7.202,6.605,6.962,392237955.44076
2023-03-15 00:00:00+00:00,6.962,7.116,6.374,6.543,357897909.93222
2023-03-16 00:00:00+00:00,6.543,6.676,6.44,6.652,182478090.00389
2023-03-17 00:00:00+00:00,6.652,7.256,6.594,7.206,287640912.0282
2023-03-18 00:00:00+00:00,7.205,7.299,6.84,6.922,262422976.57637
2023-03-19 00:00:00+00:00,6.921,7.284,6.916,7.081,213184343.81265
2023-03-20 00:00:00+00:00,7.082,7.438,6.907,7.047,426566631.47335
2023-03-21 00:00:00+00:00,7.046,7.472,6.833,7.373,331405954.23365
2023-03-22 00:00:00+00:00,7.372,7.716,6.992,7.17,523922173.73486
2023-03-23 00:00:00+00:00,7.169,7.63,7.083,7.603,276085234.10753
2023-03-24 00:00:00+00:00,7.604,7.653,7.107,7.189,230846661.10457
2023-03-25 00:00:00+00:00,7.188,7.252,6.964,7.072,147073344.2293
2023-03-26 00:00:00+00:00,7.071,7.286,7.044,7.256,118551783.33353
2023-03-27 00:00:00+00:00,7.256,7.272,6.731,6.864,186101393.37929
2023-03-28 00:00:00+00:00,6.864,7.04,6.745,6.945,175499604.11811
2023-03-29 00:00:00+00:00,6.944,7.497,6.922,7.381,241321252.38535
2023-03-30 00:00:00+00:00,7.381,7.556,7.125,7.225,252336013.02839
2023-03-31 00:00:00+00:00,7.226,7.674,7.219,7.584,288905684.20008
2023-04-01 00:00:00+00:00,7.585,7.633,7.418,7.545,130294767.40539
2023-04-02 00:00:00+00:00,7.545,7.545,7.185,7.248,156489863.27144
2023-04-03 00:00:00+00:00,7.249,7.437,7.015,7.239,232503239.53872
2023-04-04 00:00:00+00:00,7.239,7.479,7.193,7.367,165019603.1453
2023-04-05 00:00:00+00:00,7.368,7.604,7.212,7.316,215194044.30523
2023-04-06 00:00:00+00:00,7.316,7.33,7.106,7.195,145213217.45968
2023-04-07 00:00:00+00:00,7.195,7.306,7.1,7.262,109570937.44386
2023-04-08 00:00:00+00:00,7.263,7.294,7.07,7.124,85352620.44223
2023-04-09 00:00:00+00:00,7.125,7.251,7.042,7.198,85423747.4503
2023-04-10 00:00:00+00:00,7.198,7.363,7.126,7.34,131060016.1088
2023-04-11 00:00:00+00:00,7.34,7.45,7.27,7.297,138067029.55096
2023-04-12 00:00:00+00:00,7.297,7.369,7.086,7.229,182368418.13879
2023-04-13 00:00:00+00:00,7.228,7.55,7.167,7.457,158802751.51423
2023-04-14 00:00:00+00:00,7.458,7.907,7.455,7.745,308144820.9421
2023-04-15 00:00:00+00:00,7.745,8.099,7.611,8.013,221189134.64249
2023-04-16 00:00:00+00:00,8.013,8.198,7.9,8.142,215356300.48898
2023-04-17 00:00:00+00:00,8.141,8.307,7.856,8.166,376360935.54978
2023-04-18 00:00:00+00:00,8.167,8.804,8.024,8.584,452168065.97241
2023-04-19 00:00:00+00:00,8.584,8.607,7.612,7.749,441315556.59698
2023-04-20 00:00:00+00:00,7.749,7.969,7.451,7.51,312609019.41994
2023-04-21 00:00:00+00:00,7.509,7.606,7.004,7.108,275170630.19536
2023-04-22 00:00:00+00:00,7.108,7.236,7.075,7.169,125830966.38799
2023-04-23 00:00:00+00:00,7.169,7.169,6.85,7.08,176147871.52054
2023-04-24 00:00:00+00:00,7.08,7.267,6.985,7.065,209467572.14176
2023-04-25 00:00:00+00:00,7.065,7.298,6.942,7.271,170353269.81154
2023-04-26 00:00:00+00:00,7.272,7.5,6.691,6.998,267134974.30598
2023-04-27 00:00:00+00:00,6.999,7.229,6.974,7.166,207770013.82105
2023-04-28 00:00:00+00:00,7.167,7.185,6.927,7.036,121144521.68183
2023-04-29 00:00:00+00:00,7.036,7.217,6.987,7.181,102771494.57541
2023-04-30 00:00:00+00:00,7.182,7.303,7.008,7.019,156324163.90789
2023-05-01 00:00:00+00:00,7.019,7.078,6.784,6.891,160385694.89117
2023-05-02 00:00:00+00:00,6.891,7.011,6.794,6.983,120956048.5639
2023-05-03 00:00:00+00:00,6.983,7.148,6.813,7.128,197378041.52603
2023-05-04 00:00:00+00:00,7.127,7.16,6.953,6.993,100660650.57647
2023-05-05 00:00:00+00:00,6.993,7.276,6.855,7.223,152881663.0949
2023-05-06 00:00:00+00:00,7.224,7.278,6.85,6.916,139475519.18313
2023-05-07 00:00:00+00:00,6.917,6.988,6.857,6.907,95001450.58502
2023-05-08 00:00:00+00:00,6.906,6.91,6.35,6.579,212672623.83538
2023-05-09 00:00:00+00:00,6.58,6.629,6.447,6.518,98514019.82883
2023-05-10 00:00:00+00:00,6.518,6.693,6.264,6.584,166284113.05328
2023-05-11 00:00:00+00:00,6.584,6.588,6.205,6.354,161711243.32378
2023-05-12 00:00:00+00:00,6.355,6.637,6.217,6.62,149392517.55729
2023-05-13 00:00:00+00:00,6.621,6.632,6.468,6.488,75300533.50216
2023-05-14 00:00:00+00:00,6.489,6.611,6.433,6.543,74099451.41026
2023-05-15 00:00:00+00:00,6.543,6.708,6.448,6.63,127489267.65126
2023-05-16 00:00:00+00:00,6.63,6.725,6.545,6.656,127772367.71824
2023-05-17 00:00:00+00:00,6.657,6.803,6.546,6.754,161948431.54184
2023-05-18 00:00:00+00:00,6.754,6.764,6.423,6.527,151994829.4343
2023-05-19 00:00:00+00:00,6.528,6.555,6.45,6.508,94812346.66156
2023-05-20 00:00:00+00:00,6.508,6.541,6.464,6.499,50882359.6764
2023-05-21 00:00:00+00:00,6.5,6.542,6.344,6.425,72723466.05416
2023-05-22 00:00:00+00:00,6.426,6.606,6.328,6.529,141541917.28419
2023-05-23 00:00:00+00:00,6.53,6.632,6.468,6.502,101698483.78263
2023-05-24 00:00:00+00:00,6.503,6.509,6.189,6.317,153830750.61148
2023-05-25 00:00:00+00:00,6.317,6.345,6.15,6.275,99475458.98764
2023-05-26 00:00:00+00:00,6.276,6.381,6.23,6.342,87154092.22937
2023-05-27 00:00:00+00:00,6.342,6.44,6.319,6.436,60890007.74465
2023-05-28 00:00:00+00:00,6.435,6.661,6.415,6.634,109716012.09432
2023-05-29 00:00:00+00:00,6.633,6.678,6.522,6.637,94061124.45913
2023-05-30 00:00:00+00:00,6.637,6.673,6.532,6.612,94037241.10569
2023-05-31 00:00:00+00:00,6.611,6.636,6.38,6.475,109928364.3431
2023-06-01 00:00:00+00:00,6.475,6.517,6.31,6.342,95951136.94542
2023-06-02 00:00:00+00:00,6.342,6.479,6.299,6.446,90005943.45165
2023-06-03 00:00:00+00:00,6.446,6.457,6.355,6.418,47724528.40937
2023-06-04 00:00:00+00:00,6.419,6.53,6.39,6.446,63690277.32196
2023-06-05 00:00:00+00:00,6.446,6.491,5.924,6.05,171694874.93409
2023-06-06 00:00:00+00:00,6.05,6.312,5.999,6.259,123529057.27958
2023-06-07 00:00:00+00:00,6.259,6.268,5.822,5.914,144516698.55568
2023-06-08 00:00:00+00:00,5.913,6.034,5.878,5.991,86645363.19333
2023-06-09 00:00:00+00:00,5.992,6.08,5.916,5.989,87019183.66162
2023-06-10 00:00:00+00:00,5.989,6.006,4.689,5.229,332491852.1219
2023-06-11 00:00:00+00:00,5.23,5.249,5.086,5.171,108859877.91639
2023-06-12 00:00:00+00:00,5.171,5.194,4.994,5.156,120376652.27536
2023-06-13 00:00:00+00:00,5.157,5.416,5.106,5.295,146506298.65339
2023-06-14 00:00:00+00:00,5.295,5.505,5.136,5.247,226159802.42915
2023-06-15 00:00:00+00:00,5.246,5.417,5.156,5.307,177594563.51904
2023-06-16 00:00:00+00:00,5.307,5.396,5.118,5.321,132530461.85934
2023-06-17 00:00:00+00:00,5.322,5.393,5.217,5.277,112170106.52417
2023-06-18 00:00:00+00:00,5.277,5.299,5.062,5.152,114071046.61386
2023-06-19 00:00:00+00:00,5.153,5.191,4.97,5.129,146819074.40668
2023-06-20 00:00:00+00:00,5.13,5.279,4.993,5.265,186722711.47739
2023-06-21 00:00:00+00:00,5.265,5.586,5.241,5.552,198343495.98267
2023-06-22 00:00:00+00:00,5.551,5.82,5.497,5.554,220242933.29987
2023-06-23 00:00:00+00:00,5.554,6.153,5.549,6.068,349148974.01502
2023-06-24 00:00:00+00:00,6.069,6.196,5.895,6.129,201281741.31219
2023-06-25 00:00:00+00:00,6.129,6.376,6.055,6.153,180500411.99253
2023-06-26 00:00:00+00:00,6.153,6.261,6.0,6.054,200589802.9772
2023-06-27 00:00:00+00:00,6.055,6.256,6.041,6.197,175815743.84912
2023-06-28 00:00:00+00:00,6.196,6.205,5.689,5.81,204178629.17598
2023-06-29 00:00:00+00:00,5.81,6.181,5.783,5.888,183525654.343
2023-06-30 00:00:00+00:00,5.889,6.449,5.699,6.311,388167050.63246
2023-07-01 00:00:00+00:00,6.31,6.525,6.117,6.502,211133634.23161
2023-07-02 00:00:00+00:00,6.503,6.56,6.33,6.538,228103497.70946
2023-07-03 00:00:00+00:00,6.539,6.691,6.465,6.626,194057727.9128
2023-07-04 00:00:00+00:00,6.627,6.628,6.381,6.521,155310716.39675
2023-07-05 00:00:00+00:00,6.521,6.571,6.207,6.297,173696524.5006
2023-07-06 00:00:00+00:00,6.297,6.508,6.071,6.074,206215378.5625
2023-07-07 00:00:00+00:00,6.074,6.221,6.007,6.153,120777014.23998
2023-07-08 00:00:00+00:00,6.154,6.219,6.087,6.194,87764544.44469
2023-07-09 00:00:00+00:00,6.194,6.237,6.118,6.146,79109156.60279
2023-07-10 00:00:00+00:00,6.147,6.302,6.012,6.164,149648609.17112
2023-07-11 00:00:00+00:00,6.164,6.237,6.116,6.201,93987171.91347
2023-07-12 00:00:00+00:00,6.202,6.342,6.189,6.248,135280319.31626
2023-07-13 00:00:00+00:00,6.248,7.176,6.206,7.128,372729827.44648
2023-07-14 00:00:00+00:00,7.128,7.348,6.66,6.954,413032749.45394
2023-07-15 00:00:00+00:00,6.954,7.02,6.83,6.914,125359542.29671
2023-07-16 00:00:00+00:00,6.914,6.917,6.557,6.603,143540252.87412
2023-07-17 00:00:00+00:00,6.602,7.265,6.43,7.185,454731479.16392
2023-07-18 00:00:00+00:00,7.185,7.3,6.774,6.911,538217937.10454
2023-07-19 00:00:00+00:00,6.912,7.046,6.771,6.911,253550555.82898
2023-07-20 00:00:00+00:00,6.911,8.48,6.879,8.355,2235322495.45356
2023-07-21 00:00:00+00:00,8.354,8.448,8.032,8.127,1208198799.3397
2023-07-22 00:00:00+00:00,8.127,8.388,7.7,7.878,697740070.64812
2023-07-23 00:00:00+00:00,7.877,8.099,7.811,7.884,334605918.53455
2023-07-24 00:00:00+00:00,7.884,7.885,7.372,7.581,394191437.09758
2023-07-25 00:00:00+00:00,7.581,7.639,7.335,7.386,266356456.48308
2023-07-26 00:00:00+00:00,7.387,7.831,7.27,7.737,442582559.95051
2023-07-27 00:00:00+00:00,7.736,8.132,7.678,7.983,560835460.11556
2023-07-28 00:00:00+00:00,7.983,8.089,7.756,7.767,290105817.20942
2023-07-29 00:00:00+00:00,7.767,7.895,7.721,7.839,152310309.43473
2023-07-30 00:00:00+00:00,7.839,7.861,7.341,7.55,240221729.95206
2023-07-31 00:00:00+00:00,7.551,7.712,7.424,7.546,229356128.32022
2023-08-01 00:00:00+00:00,7.545,7.646,7.241,7.638,287225016.09464
2023-08-02 00:00:00+00:00,7.638,7.714,7.328,7.348,307132794.07033
2023-08-03 00:00:00+00:00,7.348,7.407,7.058,7.121,255087736.19686
2023-08-04 00:00:00+00:00,7.122,7.261,7.0,7.14,240503170.70591
2023-08-05 00:00:00+00:00,7.139,7.243,7.098,7.226,126416244.2605
2023-08-06 00:00:00+00:00,7.226,7.271,7.073,7.098,118082515.62735
2023-08-07 00:00:00+00:00,7.097,7.396,6.926,7.326,273266939.44573
2023-08-08 00:00:00+00:00,7.325,7.538,7.285,7.453,356515169.40192
2023-08-09 00:00:00+00:00,7.454,7.916,7.376,7.677,429382742.09654
2023-08-10 00:00:00+00:00,7.677,7.735,7.555,7.614,230867483.74081
2023-08-11 00:00:00+00:00,7.614,7.641,7.403,7.488,147871969.22338
2023-08-12 00:00:00+00:00,7.488,7.537,7.379,7.441,96687057.66993
2023-08-13 00:00:00+00:00,7.442,7.556,7.311,7.363,151215369.72572
2023-08-14 00:00:00+00:00,7.363,7.632,7.302,7.409,232737296.29039
2023-08-15 00:00:00+00:00,7.409,7.43,6.737,7.037,269694518.37993
2023-08-16 00:00:00+00:00,7.037,7.068,6.59,6.761,250990678.1159
2023-08-17 00:00:00+00:00,6.762,6.867,5.551,6.183,336979647.38276
2023-08-18 00:00:00+00:00,6.183,6.281,6.058,6.172,197488533.63218
2023-08-19 00:00:00+00:00,6.172,6.261,6.108,6.176,89807480.37198
2023-08-20 00:00:00+00:00,6.175,6.233,6.112,6.216,64618146.13887
2023-08-21 00:00:00+00:00,6.216,6.254,6.0,6.172,149652925.69623
2023-08-22 00:00:00+00:00,6.172,6.253,5.837,6.111,196087026.79091
2023-08-23 00:00:00+00:00,6.112,6.438,6.099,6.348,182537753.18256
2023-08-24 00:00:00+00:00,6.347,6.364,5.979,6.08,152649164.10029
2023-08-25 00:00:00+00:00,6.08,6.082,5.907,6.01,156801063.63828
2023-08-26 00:00:00+00:00,6.009,6.039,5.952,6.002,66433770.37331
2023-08-27 00:00:00+00:00,6.001,6.043,5.951,6.025,63209974.01059
2023-08-28 00:00:00+00:00,6.025,6.05,5.846,5.98,138315475.53058
2023-08-29 00:00:00+00:00,5.98,6.319,5.834,6.19,226917188.01466
2023-08-30 00:00:00+00:00,6.189,6.197,5.864,5.92,133415296.45197
2023-08-31 00:00:00+00:00,5.92,6.063,5.716,5.873,174503452.75325
2023-09-01 00:00:00+00:00,5.874,6.029,5.811,5.937,181454909.32749
2023-09-02 00:00:00+00:00,5.937,5.996,5.883,5.967,69062321.57409
2023-09-03 00:00:00+00:00,5.967,6.061,5.944,6.025,90074237.74937
2023-09-04 00:00:00+00:00,6.025,6.164,5.939,6.009,122696453.54807
2023-09-05 00:00:00+00:00,6.008,6.15,5.901,6.133,113828853.53946
2023-09-06 00:00:00+00:00,6.133,6.368,6.088,6.297,195232591.36794
2023-09-07 00:00:00+00:00,6.298,6.468,6.196,6.382,151983288.67346
2023-09-08 00:00:00+00:00,6.382,6.402,6.136,6.275,99864192.25344
2023-09-09 00:00:00+00:00,6.275,6.29,6.152,6.161,54331514.11413
2023-09-10 00:00:00+00:00,6.161,6.161,5.931,6.012,126405584.94366
2023-09-11 00:00:00+00:00,6.011,6.033,5.731,5.824,171295378.4866
2023-09-12 00:00:00+00:00,5.823,6.08,5.803,5.954,145801086.22629
2023-09-13 00:00:00+00:00,5.955,6.094,5.923,6.014,108687508.98992
2023-09-14 00:00:00+00:00,6.015,6.21,6.001,6.149,109893713.48603
2023-09-15 00:00:00+00:00,6.149,6.373,6.096,6.36,99123215.62445
2023-09-16 00:00:00+00:00,6.361,6.42,6.181,6.275,90001540.75616
2023-09-17 00:00:00+00:00,6.275,6.277,6.042,6.142,83357610.85546
2023-09-18 00:00:00+00:00,6.143,6.839,6.091,6.56,548471278.15183
2023-09-19 00:00:00+00:00,6.56,6.967,6.512,6.841,350534507.61867
2023-09-20 00:00:00+00:00,6.84,7.043,6.738,6.902,323976190.37787
2023-09-21 00:00:00+00:00,6.903,6.945,6.603,6.662,209448282.49812
2023-09-22 00:00:00+00:00,6.663,6.97,6.585,6.953,183378066.19004
2023-09-23 00:00:00+00:00,6.954,7.229,6.912,7.183,344341380.83024
2023-09-24 00:00:00+00:00,7.183,7.249,6.941,6.969,251637035.25573
2023-09-25 00:00:00+00:00,6.968,7.512,6.903,7.486,457591738.60089
2023-09-26 00:00:00+00:00,7.486,7.574,7.243,7.353,381063859.10384
2023-09-27 00:00:00+00:00,7.354,7.876,7.266,7.638,521544036.67068
2023-09-28 00:00:00+00:00,7.637,8.068,7.565,7.805,508220832.89323
2023-09-29 00:00:00+00:00,7.804,8.078,7.667,7.941,352094493.33039
2023-09-30 00:00:00+00:00,7.941,8.267,7.931,8.185,447802065.17539
2023-10-01 00:00:00+00:00,8.184,8.256,7.772,8.049,481100630.40988
2023-10-02 00:00:00+00:00,8.049,8.099,7.345,7.464,627817448.78035
2023-10-03 00:00:00+00:00,7.465,7.741,7.355,7.404,453745815.01656
2023-10-04 00:00:00+00:00,7.403,7.779,7.158,7.667,495371913.56709
2023-10-05 00:00:00+00:00,7.667,7.788,7.448,7.463,327468718.47261
2023-10-06 00:00:00+00:00,7.464,7.76,7.426,7.635,244180511.86211
2023-10-07 00:00:00+00:00,7.635,7.679,7.466,7.521,140502333.56982
2023-10-08 00:00:00+00:00,7.522,7.946,7.497,7.669,291451376.11233
2023-10-09 00:00:00+00:00,7.668,7.694,7.123,7.274,365268642.18693
2023-10-10 00:00:00+00:00,7.274,7.389,7.168,7.257,239868023.30596
2023-10-11 00:00:00+00:00,7.258,7.43,7.1,7.387,264983048.03248
2023-10-12 00:00:00+00:00,7.387,7.412,7.108,7.194,211293231.5372
2023-10-13 00:00:00+00:00,7.194,7.402,7.105,7.252,202789931.91597
2023-10-14 00:00:00+00:00,7.253,7.369,7.212,7.325,92942712.4981
2023-10-15 00:00:00+00:00,7.325,7.57,7.281,7.42,160685001.14219
2023-10-16 00:00:00+00:00,7.419,7.83,7.406,7.519,319295850.21158
2023-10-17 00:00:00+00:00,7.52,7.556,7.244,7.318,171181439.65846
2023-10-18 00:00:00+00:00,7.317,7.477,7.274,7.354,167268615.0781
2023-10-19 00:00:00+00:00,7.354,7.433,7.206,7.301,164761363.1802
2023-10-20 00:00:00+00:00,7.301,7.71,7.256,7.567,236942780.23779
2023-10-21 00:00:00+00:00,7.567,9.175,7.516,8.91,1024645496.74284
2023-10-22 00:00:00+00:00,8.911,10.236,8.835,10.182,1845554502.02783
2023-10-23 00:00:00+00:00,10.183,11.08,9.783,10.577,2301451142.55336
2023-10-24 00:00:00+00:00,10.578,11.156,9.616,10.372,1326900780.94797
2023-10-25 00:00:00+00:00,10.371,11.794,10.333,11.057,1565304190.87587
2023-10-26 00:00:00+00:00,11.057,11.395,10.35,10.93,927754638.27696
2023-10-27 00:00:00+00:00,10.93,11.449,10.608,11.185,1019724765.06258
2023-10-28 00:00:00+00:00,11.186,11.675,10.815,10.922,663511109.43095
2023-10-29 00:00:00+00:00,10.922,11.3,10.745,11.088,494082954.53353
2023-10-30 00:00:00+00:00,11.089,11.877,10.887,11.223,727495101.40961
2023-10-31 00:00:00+00:00,11.224,12.033,10.91,11.359,910507956.83552
2023-11-01 00:00:00+00:00,11.358,11.789,10.646,11.652,745206232.99428
2023-11-02 00:00:00+00:00,11.653,11.762,10.805,11.013,613824798.18002
2023-11-03 00:00:00+00:00,11.013,11.611,10.498,11.472,556657721.47176
2023-11-04 00:00:00+00:00,11.473,11.637,11.154,11.508,345656926.74431
2023-11-05 00:00:00+00:00,11.508,12.58,11.374,12.238,815234820.42022
2023-11-06 00:00:00+00:00,12.236,13.275,12.125,12.997,810350381.45058
2023-11-07 00:00:00+00:00,12.997,13.352,12.529,13.053,861400298.03907
2023-11-08 00:00:00+00:00,13.053,14.993,12.817,14.918,990762330.54443
2023-11-09 00:00:00+00:00,14.92,15.999,13.17,14.609,1383982820.70841
2023-11-10 00:00:00+00:00,14.61,15.653,14.124,15.512,879944475.89176
2023-11-11 00:00:00+00:00,15.513,16.68,14.7,16.484,931032977.92824
2023-11-12 00:00:00+00:00,16.484,16.556,15.36,16.031,652299906.14754
2023-11-13 00:00:00+00:00,16.031,16.325,14.311,14.37,751526225.68592
2023-11-14 00:00:00+00:00,14.371,14.923,13.322,13.96,803317933.44401
2023-11-15 00:00:00+00:00,13.959,15.412,13.94,15.034,622679621.69088
2023-11-16 00:00:00+00:00,15.034,15.236,13.545,13.871,770325477.70812
2023-11-17 00:00:00+00:00,13.87,14.27,12.85,13.704,639028126.48999
2023-11-18 00:00:00+00:00,13.704,13.813,12.92,13.751,391374001.77512
2023-11-19 00:00:00+00:00,13.75,15.058,13.371,14.911,570176926.8675
2023-11-20 00:00:00+00:00,14.912,15.402,14.371,14.488,652412813.71231
2023-11-21 00:00:00+00:00,14.488,14.677,13.28,13.361,662715376.82296
2023-11-22 00:00:00+00:00,13.36,14.628,13.22,14.213,489618917.41744
2023-11-23 00:00:00+00:00,14.212,14.915,14.124,14.402,431753066.84899
2023-11-24 00:00:00+00:00,14.402,14.859,14.215,14.479,299548103.98259
2023-11-25 00:00:00+00:00,14.48,14.978,14.372,14.766,270158309.95778
2023-11-26 00:00:00+00:00,14.766,15.333,14.333,14.763,451529386.10151
2023-11-27 00:00:00+00:00,14.764,15.305,13.867,14.181,472374948.07222
2023-11-28 00:00:00+00:00,14.181,14.718,13.762,14.525,370795622.5606
2023-11-29 00:00:00+00:00,14.525,14.996,14.392,14.513,360818750.84927
2023-11-30 00:00:00+00:00,14.513,14.839,14.257,14.407,327717482.63826
2023-12-01 00:00:00+00:00,14.407,15.05,14.268,14.991,336202028.59509
2023-12-02 00:00:00+00:00,14.99,16.21,14.917,15.999,547490735.2419
2023-12-03 00:00:00+00:00,15.998,16.306,15.669,15.721,374407038.56212
2023-12-04 00:00:00+00:00,15.721,16.421,15.07,15.825,630569096.5283
2023-12-05 00:00:00+00:00,15.825,16.1,15.18,15.73,542292080.57297
2023-12-06 00:00:00+00:00,15.73,16.183,15.232,15.274,615978912.57508
2023-12-07 00:00:00+00:00,15.272,15.824,14.66,15.71,620386670.35265
2023-12-08 00:00:00+00:00,15.709,17.36,15.561,16.945,836499593.69583
2023-12-09 00:00:00+00:00,16.944,17.333,16.03,16.209,620106951.36737
2023-12-10 00:00:00+00:00,16.209,16.468,15.798,16.38,332950742.258
2023-12-11 00:00:00+00:00,16.38,16.477,13.666,14.769,899848217.80722
2023-12-12 00:00:00+00:00,14.769,15.146,14.165,14.533,473589498.0052
2023-12-13 00:00:00+00:00,14.532,14.959,13.856,14.775,507851615.20766
2023-12-14 00:00:00+00:00,14.775,15.59,14.034,15.381,595310471.38518
2023-12-15 00:00:00+00:00,15.381,15.403,14.26,14.288,377797282.65616
2023-12-16 00:00:00+00:00,14.289,14.808,14.087,14.33,282815282.44723
2023-12-17 00:00:00+00:00,14.33,14.386,13.91,14.031,284441887.99296
2023-12-18 00:00:00+00:00,14.03,14.688,13.64,14.672,616239678.80509
2023-12-19 00:00:00+00:00,14.672,14.815,13.921,14.104,321046682.39698
2023-12-20 00:00:00+00:00,14.105,14.819,13.978,14.262,322381646.98012
2023-12-21 00:00:00+00:00,14.263,15.328,14.188,15.318,433027537.63685
2023-12-22 00:00:00+00:00,15.319,15.751,15.076,15.496,429600893.50177
2023-12-23 00:00:00+00:00,15.495,15.923,14.911,15.695,406618529.41171
2023-12-24 00:00:00+00:00,15.695,15.989,15.1,15.279,399630207.13798
2023-12-25 00:00:00+00:00,15.279,15.752,15.134,15.601,330097766.21533
2023-12-26 00:00:00+00:00,15.601,15.929,14.21,15.108,432326103.23483
2023-12-27 00:00:00+00:00,15.108,16.759,14.657,16.728,600011351.88356
2023-12-28 00:00:00+00:00,16.728,17.687,15.995,16.022,827557497.79188
2023-12-29 00:00:00+00:00,16.023,16.246,15.124,15.552,453604812.28997
2023-12-30 00:00:00+00:00,15.552,15.64,15.026,15.18,189985657.0652
2023-12-31 00:00:00+00:00,15.181,15.538,14.75,14.952,217522067.95268
2024-01-01 00:00:00+00:00,14.951,15.594,14.812,15.563,182026790.32425
2024-01-02 00:00:00+00:00,15.563,16.087,15.059,15.18,324211955.7226
2024-01-03 00:00:00+00:00,15.18,15.593,12.066,14.147,522907259.53923
2024-01-04 00:00:00+00:00,14.146,14.78,13.972,14.526,255578128.11432
2024-01-05 00:00:00+00:00,14.527,14.659,13.675,14.091,390353542.15985
2024-01-06 00:00:00+00:00,14.091,14.1,13.161,13.432,218870080.46966
2024-01-07 00:00:00+00:00,13.432,13.74,12.959,13.15,210648565.89144
2024-01-08 00:00:00+00:00,13.149,14.398,12.517,14.14,397371567.00308
2024-01-09 00:00:00+00:00,14.14,14.25,13.152,13.712,371384913.32527
2024-01-10 00:00:00+00:00,13.711,15.364,13.562,15.077,381649160.67703
2024-01-11 00:00:00+00:00,15.077,15.696,14.593,15.02,362634109.73931
2024-01-12 00:00:00+00:00,15.02,15.306,13.563,14.157,342202494.98918
2024-01-13 00:00:00+00:00,14.156,14.435,13.784,14.35,145874741.8419
2024-01-14 00:00:00+00:00,14.345,15.443,14.266,14.765,443613453.03749
2024-01-15 00:00:00+00:00,14.765,16.027,14.756,15.185,506095447.11335
2024-01-16 00:00:00+00:00,15.185,15.365,14.733,15.269,253940280.39717
2024-01-17 00:00:00+00:00,15.269,16.396,15.269,15.761,646623399.8698
2024-01-18 00:00:00+00:00,15.761,15.777,14.183,14.653,438785108.33798
2024-01-19 00:00:00+00:00,14.654,16.425,14.455,16.121,641305374.34764
2024-01-20 00:00:00+00:00,16.122,16.567,15.628,15.782,554195145.79424
2024-01-21 00:00:00+00:00,15.781,15.915,15.373,15.396,243119118.63461
2024-01-22 00:00:00+00:00,15.397,15.979,14.5,14.593,577219312.58886
2024-01-23 00:00:00+00:00,14.593,14.886,13.554,14.292,421633265.52941
2024-01-24 00:00:00+00:00,14.292,14.437,13.905,14.237,301010780.5741
2024-01-25 00:00:00+00:00,14.238,14.262,13.5,13.741,211599811.75494
2024-01-26 00:00:00+00:00,13.742,14.306,13.633,14.184,229018013.15103
2024-01-27 00:00:00+00:00,14.182,14.398,14.083,14.338,133007415.92709
2024-01-28 00:00:00+00:00,14.337,14.695,14.19,14.475,223396820.31863
2024-01-29 00:00:00+00:00,14.476,15.081,14.257,15.001,308900501.46713
2024-01-30 00:00:00+00:00,15.001,15.805,14.892,15.476,337334521.56734
2024-01-31 00:00:00+00:00,15.476,16.061,15.08,15.424,547817184.39713
2024-02-01 00:00:00+00:00,15.423,17.388,15.146,17.191,988873484.39276
2024-02-02 00:00:00+00:00,17.191,18.887,17.129,17.822,1561316965.87651
2024-02-03 00:00:00+00:00,17.825,18.15,17.505,17.66,571205474.70493
2024-02-04 00:00:00+00:00,17.661,18.72,17.526,18.15,638618552.27629
2024-02-05 00:00:00+00:00,18.151,19.8,17.8,19.156,1129654885.62941
2024-02-06 00:00:00+00:00,19.154,19.33,18.215,18.289,652316587.09802
2024-02-07 00:00:00+00:00,18.289,19.073,18.052,18.809,503369880.15658
2024-02-08 00:00:00+00:00,18.81,19.261,17.956,18.2,576333968.33235
2024-02-09 00:00:00+00:00,18.2,18.62,18.0,18.469,454988698.70125
2024-02-10 00:00:00+00:00,18.47,19.13,17.974,19.08,364308824.22424
2024-02-11 00:00:00+00:00,19.079,20.69,18.85,20.153,831361994.74789
2024-02-12 00:00:00+00:00,20.153,20.86,19.756,20.472,748681829.2663
2024-02-13 00:00:00+00:00,20.474,20.6,19.365,19.879,504550408.71207
2024-02-14 00:00:00+00:00,19.88,20.45,19.713,20.26,450674808.67915
2024-02-15 00:00:00+00:00,20.261,20.55,19.656,19.952,450561272.57125
2024-02-16 00:00:00+00:00,19.952,20.337,19.115,19.566,422610615.50182
2024-02-17 00:00:00+00:00,19.567,20.297,19.226,20.046,358910584.79372
2024-02-18 00:00:00+00:00,20.049,20.401,19.761,20.137,288532085.8248
2024-02-19 00:00:00+00:00,20.135,20.269,19.656,19.848,391935772.50816
2024-02-20 00:00:00+00:00,19.848,19.904,18.264,19.296,490651784.29114
2024-02-21 00:00:00+00:00,19.297,19.307,18.005,18.598,346106509.64148
2024-02-22 00:00:00+00:00,18.599,19.034,18.088,18.14,309658334.08786
2024-02-23 00:00:00+00:00,18.14,18.306,17.597,17.954,352602322.0749
2024-02-24 00:00:00+00:00,17.954,18.585,17.77,18.549,201795465.00743
2024-02-25 00:00:00+00:00,18.549,18.889,18.384,18.741,175546828.66222
2024-02-26 00:00:00+00:00,18.741,19.288,18.15,19.106,312867525.21144
2024-02-27 00:00:00+00:00,19.106,19.388,18.682,19.047,320585010.35301
2024-02-28 00:00:00+00:00,19.05,20.931,17.911,19.454,842937390.86052
2024-02-29 00:00:00+00:00,19.454,20.491,18.809,19.297,568251857.18702
2024-03-01 00:00:00+00:00,19.296,20.128,19.293,20.081,288466927.94468
2024-03-02 00:00:00+00:00,20.081,21.724,19.986,21.427,541590670.85331
2024-03-03 00:00:00+00:00,21.426,21.576,19.265,20.53,395089474.89955
2024-03-04 00:00:00+00:00,20.53,20.933,19.832,20.44,443307298.26631
2024-03-05 00:00:00+00:00,20.44,21.101,16.351,18.978,861901994.11994
2024-03-06 00:00:00+00:00,18.978,20.176,18.4,20.107,412865497.59181
2024-03-07 00:00:00+00:00,20.107,20.431,19.608,20.117,303860927.2466
2024-03-08 00:00:00+00:00,20.117,20.418,19.11,19.721,373325612.19541
2024-03-09 00:00:00+00:00,19.721,20.36,19.679,19.997,235132471.45048
2024-03-10 00:00:00+00:00,19.999,21.988,19.383,21.703,441532043.77178
2024-03-11 00:00:00+00:00,21.703,22.9,20.634,21.316,739617160.18837
2024-03-12 00:00:00+00:00,21.317,21.38,19.502,20.724,572807839.70581
2024-03-13 00:00:00+00:00,20.724,20.994,20.222,20.77,329359499.18897
2024-03-14 00:00:00+00:00,20.771,21.98,19.88,20.909,802823464.27464
2024-03-15 00:00:00+00:00,20.91,21.037,18.438,19.648,671299110.71425
2024-03-16 00:00:00+00:00,19.649,19.851,17.815,18.13,433327785.94825
2024-03-17 00:00:00+00:00,18.132,18.841,17.382,18.68,343598592.53445
2024-03-18 00:00:00+00:00,18.68,19.509,18.062,18.319,498613490.62175
2024-03-19 00:00:00+00:00,18.318,18.483,16.504,16.816,668672183.08025
2024-03-20 00:00:00+00:00,16.816,18.51,16.267,18.425,554221227.19484
2024-03-21 00:00:00+00:00,18.424,18.93,17.895,18.468,385343863.32293
2024-03-22 00:00:00+00:00,18.467,18.599,17.334,18.38,388129686.9164
2024-03-23 00:00:00+00:00,18.38,18.489,17.904,18.078,237815263.63505
2024-03-24 00:00:00+00:00,18.078,18.644,17.984,18.538,178740999.79934
2024-03-25 00:00:00+00:00,18.538,19.511,18.389,19.396,279946012.0764
2024-03-26 00:00:00+00:00,19.396,20.765,19.351,20.023,401071842.92197
2024-03-27 00:00:00+00:00,20.024,20.207,19.026,19.315,354664261.87423
2024-03-28 00:00:00+00:00,19.315,19.833,19.062,19.172,224846566.38082
2024-03-29 00:00:00+00:00,19.172,19.312,18.718,18.989,213544577.59249
2024-03-30 00:00:00+00:00,18.989,19.317,18.803,18.953,161675319.05929
2024-03-31 00:00:00+00:00,18.953,19.376,18.891,19.193,128619257.44161
2024-04-01 00:00:00+00:00,19.193,19.3,17.868,18.377,301687650.87094
2024-04-02 00:00:00+00:00,18.378,18.496,17.337,17.97,484631271.79758
2024-04-03 00:00:00+00:00,17.97,18.355,17.384,17.699,247228250.84859
2024-04-04 00:00:00+00:00,17.697,18.276,17.404,17.799,239087423.23896
2024-04-05 00:00:00+00:00,17.8,17.801,16.868,17.34,215299754.36838
2024-04-06 00:00:00+00:00,17.341,17.692,17.27,17.572,110709293.02958
2024-04-07 00:00:00+00:00,17.573,17.986,17.51,17.922,134413452.17169
2024-04-08 00:00:00+00:00,17.923,18.693,17.551,18.116,241125741.89336
2024-04-09 00:00:00+00:00,18.117,18.196,17.245,17.372,255135302.57951
2024-04-10 00:00:00+00:00,17.373,17.595,16.784,17.431,247275613.44789
2024-04-11 00:00:00+00:00,17.432,17.633,17.016,17.566,189004564.6443
2024-04-12 00:00:00+00:00,17.566,17.885,12.736,15.151,565771755.18026
2024-04-13 00:00:00+00:00,15.151,15.396,11.711,13.28,657881541.33758
2024-04-14 00:00:00+00:00,13.279,14.242,12.71,14.084,421788232.68585
2024-04-15 00:00:00+00:00,14.085,14.66,13.217,13.573,329945710.86649
2024-04-16 00:00:00+00:00,13.573,13.805,12.812,13.456,257199067.05496
2024-04-17 00:00:00+00:00,13.456,13.599,12.704,13.124,235424880.02903
2024-04-18 00:00:00+00:00,13.123,13.973,12.805,13.879,205890454.14646
2024-04-19 00:00:00+00:00,13.879,14.115,12.732,13.936,295922659.45628
2024-04-20 00:00:00+00:00,13.935,15.025,13.736,14.947,166954199.34911
2024-04-21 00:00:00+00:00,14.947,15.162,14.521,15.091,145306460.35505
2024-04-22 00:00:00+00:00,15.091,16.03,14.995,15.434,284099905.86627
2024-04-23 00:00:00+00:00,15.434,15.564,15.088,15.169,146795326.75573
2024-04-24 00:00:00+00:00,15.169,15.626,14.348,14.526,219715799.50489
2024-04-25 00:00:00+00:00,14.525,14.891,14.35,14.58,188213177.22821
2024-04-26 00:00:00+00:00,14.58,14.926,14.335,14.483,157203463.49719
2024-04-27 00:00:00+00:00,14.483,14.519,13.857,14.258,180034863.67496
2024-04-28 00:00:00+00:00,14.256,14.434,13.718,13.797,108814503.18768
2024-04-29 00:00:00+00:00,13.798,14.177,13.7,14.066,175794818.16831
2024-04-30 00:00:00+00:00,14.067,14.206,12.765,13.123,228462576.72536
2024-05-01 00:00:00+00:00,13.123,13.511,12.393,13.34,264363220.17899
2024-05-02 00:00:00+00:00,13.34,13.771,12.918,13.584,144740747.883
2024-05-03 00:00:00+00:00,13.584,14.191,13.452,14.084,133913629.31396
2024-05-04 00:00:00+00:00,14.083,14.476,13.962,14.307,120641873.00316
2024-05-05 00:00:00+00:00,14.307,14.655,14.099,14.362,107521415.54316
2024-05-06 00:00:00+00:00,14.362,15.162,14.262,14.478,206552446.61321
2024-05-07 00:00:00+00:00,14.478,14.72,13.955,13.992,159937355.24692
2024-05-08 00:00:00+00:00,13.992,14.118,13.658,13.892,171645949.12447
2024-05-09 00:00:00+00:00,13.892,14.358,13.834,14.226,146806400.64166
2024-05-10 00:00:00+00:00,14.227,14.366,13.479,13.552,156284993.02389
2024-05-11 00:00:00+00:00,13.552,13.805,13.27,13.299,86327661.33066
2024-05-12 00:00:00+00:00,13.299,13.586,13.27,13.551,86623036.94636
2024-05-13 00:00:00+00:00,13.551,13.669,13.064,13.383,171257805.33823
2024-05-14 00:00:00+00:00,13.383,13.593,12.92,12.975,147021535.82802
2024-05-15 00:00:00+00:00,12.975,13.935,12.834,13.861,160941239.97056
2024-05-16 00:00:00+00:00,13.861,15.861,13.528,15.503,519817182.4701
2024-05-17 00:00:00+00:00,15.504,16.76,15.46,16.222,945422618.79634
2024-05-18 00:00:00+00:00,16.222,16.565,16.033,16.32,337068157.49679
2024-05-19 00:00:00+00:00,16.321,17.112,16.28,16.551,557654616.96919
2024-05-20 00:00:00+00:00,16.551,17.46,16.347,17.259,632412314.79844
2024-05-21 00:00:00+00:00,17.259,17.443,16.51,16.748,357122581.41077
2024-05-22 00:00:00+00:00,16.749,16.939,16.161,16.362,312044529.64322
2024-05-23 00:00:00+00:00,16.362,17.1,15.4,16.606,377058225.92716
2024-05-24 00:00:00+00:00,16.606,17.79,16.572,17.259,508441705.2582
2024-05-25 00:00:00+00:00,17.26,17.476,16.913,17.445,177119770.25246
2024-05-26 00:00:00+00:00,17.446,17.926,17.003,17.046,235923682.83057
2024-05-27 00:00:00+00:00,17.046,18.884,16.877,18.801,379663112.64563
2024-05-28 00:00:00+00:00,18.801,18.854,17.867,18.545,366989353.87901
2024-05-29 00:00:00+00:00,18.546,19.241,18.046,18.464,332622828.60897
2024-05-30 00:00:00+00:00,18.464,19.224,17.78,17.948,304383834.34618
2024-05-31 00:00:00+00:00,17.949,18.758,17.464,18.422,233862833.10246
2024-06-01 00:00:00+00:00,18.421,18.695,18.274,18.455,130785341.43932
2024-06-02 00:00:00+00:00,18.455,18.578,18.078,18.153,129506306.1459
2024-06-03 00:00:00+00:00,18.153,18.372,17.546,17.635,208595942.2027
2024-06-04 00:00:00+00:00,17.636,17.865,17.475,17.73,136922787.75528
2024-06-05 00:00:00+00:00,17.728,18.093,17.631,17.762,145962521.07967
2024-06-06 00:00:00+00:00,17.761,17.801,17.111,17.267,179702139.7418
2024-06-07 00:00:00+00:00,17.267,17.741,15.198,16.32,327769812.65975
2024-06-08 00:00:00+00:00,16.321,16.428,15.679,15.926,124135112.26986
2024-06-09 00:00:00+00:00,15.926,16.379,15.904,16.368,93397622.71423
2024-06-10 00:00:00+00:00,16.368,16.385,15.763,15.907,137298890.83225
2024-06-11 00:00:00+00:00,15.908,15.915,14.664,14.982,231827762.57721
2024-06-12 00:00:00+00:00,14.982,16.233,14.723,16.009,232602984.02234
2024-06-13 00:00:00+00:00,16.009,16.052,15.05,15.139,163798715.77154
2024-06-14 00:00:00+00:00,15.139,15.46,14.46,14.736,187666204.5354
2024-06-15 00:00:00+00:00,14.735,15.106,14.694,14.852,96410804.67475
2024-06-16 00:00:00+00:00,14.852,15.217,14.561,15.134,105312041.75836
2024-06-17 00:00:00+00:00,15.133,15.209,14.0,14.512,211006319.29544
2024-06-18 00:00:00+00:00,14.513,14.612,12.875,13.972,316270326.28823
2024-06-19 00:00:00+00:00,13.971,14.495,13.9,14.336,143045106.09534
2024-06-20 00:00:00+00:00,14.336,14.848,14.181,14.25,140862438.71658
2024-06-21 00:00:00+00:00,14.251,14.587,13.837,13.841,192061520.75685
2024-06-22 00:00:00+00:00,13.842,13.903,13.457,13.472,103051512.09779
2024-06-23 00:00:00+00:00,13.472,13.676,13.116,13.187,104018983.04582
2024-06-24 00:00:00+00:00,13.188,13.678,12.577,13.609,228948347.51216
2024-06-25 00:00:00+00:00,13.608,14.28,13.565,14.186,128544342.00296
2024-06-26 00:00:00+00:00,14.186,14.287,13.85,13.911,105984887.62161
2024-06-27 00:00:00+00:00,13.911,14.551,13.58,14.426,146191582.40437
2024-06-28 00:00:00+00:00,14.426,14.596,13.755,13.771,145916474.66545
2024-06-29 00:00:00+00:00,13.772,14.161,13.476,13.536,103391961.85036
2024-06-30 00:00:00+00:00,13.537,14.348,13.44,14.278,122561703.0291
2024-07-01 00:00:00+00:00,14.276,14.581,14.212,14.332,133479736.64448
2024-07-02 00:00:00+00:00,14.333,14.75,14.243,14.412,131495395.97431
2024-07-03 00:00:00+00:00,14.411,14.594,13.549,13.584,254125070.69666
2024-07-04 00:00:00+00:00,13.584,13.729,12.502,12.529,279981777.54046
2024-07-05 00:00:00+00:00,12.528,12.539,11.007,12.303,401789467.67513
2024-07-06 00:00:00+00:00,12.303,13.276,12.178,13.173,139997727.43047
2024-07-07 00:00:00+00:00,13.173,13.185,12.276,12.348,128472329.23236
2024-07-08 00:00:00+00:00,12.348,13.523,11.769,13.111,276485070.29423
2024-07-09 00:00:00+00:00,13.11,13.311,12.719,12.831,178878620.73169
2024-07-10 00:00:00+00:00,12.831,13.162,12.682,12.782,139190074.50742
2024-07-11 00:00:00+00:00,12.782,13.16,12.278,12.336,166902606.65533
2024-07-12 00:00:00+00:00,12.337,12.823,12.222,12.735,123141256.76931
2024-07-13 00:00:00+00:00,12.736,13.13,12.696,13.011,113915996.08454
2024-07-14 00:00:00+00:00,13.009,13.518,12.882,13.442,140639052.72354
2024-07-15 00:00:00+00:00,13.441,14.502,13.395,14.382,179097123.83435
2024-07-16 00:00:00+00:00,14.381,14.617,13.805,14.199,199813931.99358
2024-07-17 00:00:00+00:00,14.201,14.494,13.721,13.73,141954057.15242
2024-07-18 00:00:00+00:00,13.73,13.999,13.406,13.589,130894855.34805
2024-07-19 00:00:00+00:00,13.589,14.135,13.334,14.071,131165070.76365
2024-07-20 00:00:00+00:00,14.07,14.326,13.838,14.24,95414784.02299
2024-07-21 00:00:00+00:00,14.241,15.006,13.932,14.81,217416846.5661
2024-07-22 00:00:00+00:00,14.81,14.873,13.768,13.926,179300942.97272
2024-07-23 00:00:00+00:00,13.926,14.157,13.479,13.899,182899397.97146
2024-07-24 00:00:00+00:00,13.9,13.955,13.242,13.394,131253826.38335
2024-07-25 00:00:00+00:00,13.394,13.441,12.462,12.932,185984758.47404
2024-07-26 00:00:00+00:00,12.932,13.636,12.912,13.52,111575384.40599
2024-07-27 00:00:00+00:00,13.521,13.87,13.254,13.541,114298520.83006
2024-07-28 00:00:00+00:00,13.541,13.639,13.186,13.3,72582035.70497
2024-07-29 00:00:00+00:00,13.299,13.894,13.294,13.527,148603969.77672
2024-07-30 00:00:00+00:00,13.527,13.79,12.972,13.129,135188819.18041
2024-07-31 00:00:00+00:00,13.129,13.409,12.762,12.824,141441897.84952
2024-08-01 00:00:00+00:00,12.822,13.093,12.113,12.877,202375869.37732
2024-08-02 00:00:00+00:00,12.877,12.948,11.765,11.914,219431170.66693
2024-08-03 00:00:00+00:00,11.914,12.127,11.335,11.681,166769979.40465
2024-08-04 00:00:00+00:00,11.681,11.781,10.478,10.881,207907578.4462
2024-08-05 00:00:00+00:00,10.881,10.973,7.864,9.477,824936352.45441
2024-08-06 00:00:00+00:00,9.478,10.448,9.464,10.058,249704097.23177
2024-08-07 00:00:00+00:00,10.058,10.476,9.415,9.488,214479477.0154
2024-08-08 00:00:00+00:00,9.487,10.829,9.338,10.745,194581463.41871
2024-08-09 00:00:00+00:00,10.746,10.746,10.15,10.528,134693191.6345
2024-08-10 00:00:00+00:00,10.529,10.697,10.461,10.548,77140622.72999
2024-08-11 00:00:00+00:00,10.548,10.836,9.936,9.995,110613901.93349
2024-08-12 00:00:00+00:00,9.995,10.748,9.937,10.548,183762726.09564
2024-08-13 00:00:00+00:00,10.547,10.687,10.086,10.567,130442648.06297
2024-08-14 00:00:00+00:00,10.566,10.736,10.196,10.388,122387794.45776
2024-08-15 00:00:00+00:00,10.387,10.692,9.975,10.166,147132608.17336
2024-08-16 00:00:00+00:00,10.166,10.397,9.904,10.121,134557993.27929
2024-08-17 00:00:00+00:00,10.122,10.172,10.019,10.152,60593132.99553
2024-08-18 00:00:00+00:00,10.152,10.468,10.049,10.078,90363296.2505
2024-08-19 00:00:00+00:00,10.079,10.194,9.934,10.177,102375984.11024
2024-08-20 00:00:00+00:00,10.177,10.544,10.03,10.231,117133826.60527
2024-08-21 00:00:00+00:00,10.231,11.403,10.134,11.209,178805472.45463
2024-08-22 00:00:00+00:00,11.209,11.61,11.126,11.467,173479106.75722
2024-08-23 00:00:00+00:00,11.468,12.206,11.448,12.047,190046247.87763
2024-08-24 00:00:00+00:00,12.046,12.553,11.895,12.335,128897928.28276
2024-08-25 00:00:00+00:00,12.335,12.375,11.935,12.097,121121784.03246
2024-08-26 00:00:00+00:00,12.095,12.685,11.831,11.833,214840840.21138
2024-08-27 00:00:00+00:00,11.831,12.047,10.88,11.147,183224625.91701
2024-08-28 00:00:00+00:00,11.146,11.699,10.931,11.17,179355940.0634
2024-08-29 00:00:00+00:00,11.169,11.461,10.803,10.937,104966886.23
2024-08-30 00:00:00+00:00,10.936,11.195,10.497,11.114,123748531.48565
2024-08-31 00:00:00+00:00,11.113,11.202,10.927,11.009,58659617.58493
2024-09-01 00:00:00+00:00,11.009,11.016,10.222,10.359,104764780.95782
2024-09-02 00:00:00+00:00,10.358,10.828,10.316,10.756,98970464.5318
2024-09-03 00:00:00+00:00,10.755,10.875,10.209,10.311,112962206.68373
2024-09-04 00:00:00+00:00,10.311,10.494,9.812,10.331,137187229.81327
2024-09-05 00:00:00+00:00,10.331,10.394,9.904,10.021,83838703.2273
2024-09-06 00:00:00+00:00,10.021,10.175,9.276,9.568,178408853.86186
2024-09-07 00:00:00+00:00,9.568,10.156,9.554,10.023,91788196.05919
2024-09-08 00:00:00+00:00,10.024,10.449,9.962,10.346,88253070.67589
2024-09-09 00:00:00+00:00,10.346,10.82,10.267,10.532,154609615.96764
2024-09-10 00:00:00+00:00,10.533,10.737,10.323,10.584,105783275.08511
2024-09-11 00:00:00+00:00,10.585,10.593,10.159,10.393,123299219.05001
2024-09-12 00:00:00+00:00,10.393,10.801,10.384,10.78,99719784.30463
2024-09-13 00:00:00+00:00,10.78,11.553,10.637,11.441,177540185.01549
2024-09-14 00:00:00+00:00,11.441,11.467,11.201,11.29,76827062.57471
2024-09-15 00:00:00+00:00,11.29,11.355,10.781,10.799,80890718.22477
2024-09-16 00:00:00+00:00,10.799,10.827,10.408,10.537,121210176.74963
2024-09-17 00:00:00+00:00,10.536,10.912,10.432,10.616,105799416.81674
2024-09-18 00:00:00+00:00,10.616,10.894,10.279,10.891,125070416.46826
2024-09-19 00:00:00+00:00,10.892,11.394,10.892,11.199,130361241.48582
2024-09-20 00:00:00+00:00,11.198,11.734,11.117,11.43,134655415.22767
2024-09-21 00:00:00+00:00,11.429,11.541,11.203,11.486,72712305.28176
2024-09-22 00:00:00+00:00,11.485,11.542,10.839,11.122,106826994.43323
2024-09-23 00:00:00+00:00,11.121,11.604,10.901,11.389,139506605.20108
2024-09-24 00:00:00+00:00,11.388,12.227,11.194,12.149,168548251.91472
2024-09-25 00:00:00+00:00,12.149,12.554,12.062,12.107,164238622.63226
2024-09-26 00:00:00+00:00,12.109,12.744,11.874,12.557,183312470.60869
2024-09-27 00:00:00+00:00,12.557,12.88,12.447,12.667,139156105.4972
2024-09-28 00:00:00+00:00,12.668,12.974,12.358,12.942,127779349.05853
2024-09-29 00:00:00+00:00,12.942,12.976,12.43,12.458,94089237.08303
2024-09-30 00:00:00+00:00,12.459,12.474,11.743,11.843,149169654.26999
2024-10-01 00:00:00+00:00,11.843,12.248,10.833,11.008,225506515.18084
2024-10-02 00:00:00+00:00,11.008,11.309,10.446,10.647,168071707.94
2024-10-03 00:00:00+00:00,10.646,10.862,10.332,10.651,155687724.96723
2024-10-04 00:00:00+00:00,10.651,11.246,10.589,11.069,105949225.32216
2024-10-05 00:00:00+00:00,11.07,11.376,10.979,11.26,74520363.50472
2024-10-06 00:00:00+00:00,11.261,11.399,11.152,11.274,80421215.81958
2024-10-07 00:00:00+00:00,11.273,11.759,11.114,11.152,145387732.48718
2024-10-08 00:00:00+00:00,11.152,11.289,10.785,10.828,107112187.7227
2024-10-09 00:00:00+00:00,10.828,10.97,10.406,10.53,109834274.94239
2024-10-10 00:00:00+00:00,10.53,10.735,10.243,10.553,116364528.2673
2024-10-11 00:00:00+00:00,10.552,11.023,10.492,10.901,94162567.58897
2024-10-12 00:00:00+00:00,10.902,11.144,10.829,10.999,71676559.69763
2024-10-13 00:00:00+00:00,10.998,11.079,10.621,10.746,80533534.64449
2024-10-14 00:00:00+00:00,10.746,11.345,10.6,11.28,136173020.6355
2024-10-15 00:00:00+00:00,11.281,11.699,10.933,11.458,235089611.61831
2024-10-16 00:00:00+00:00,11.459,11.535,11.066,11.242,132546806.40802
2024-10-17 00:00:00+00:00,11.242,11.35,10.844,11.027,110843434.41286
2024-10-18 00:00:00+00:00,11.027,11.508,10.978,11.482,110463264.55678
2024-10-19 00:00:00+00:00,11.481,11.605,11.293,11.418,62006146.67065
2024-10-20 00:00:00+00:00,11.417,12.042,11.277,11.977,121060104.92834
2024-10-21 00:00:00+00:00,11.976,12.036,11.545,11.711,115712624.54723
2024-10-22 00:00:00+00:00,11.71,12.341,11.589,11.976,223491689.13695
2024-10-23 00:00:00+00:00,11.976,12.004,10.995,11.321,164154853.71216
2024-10-24 00:00:00+00:00,11.321,11.642,11.218,11.615,106375604.00883
2024-10-25 00:00:00+00:00,11.616,12.093,10.793,11.128,282341511.21595
2024-10-26 00:00:00+00:00,11.127,11.392,10.812,11.002,166672600.49089
2024-10-27 00:00:00+00:00,11.001,11.175,10.837,10.977,95486787.80128
2024-10-28 00:00:00+00:00,10.976,11.258,10.701,11.179,154366342.61029
2024-10-29 00:00:00+00:00,11.178,11.81,11.143,11.798,142198731.10426
2024-10-30 00:00:00+00:00,11.798,12.459,11.651,12.396,218330677.95528
2024-10-31 00:00:00+00:00,12.396,12.468,11.319,11.419,205493419.97273
2024-11-01 00:00:00+00:00,11.419,11.722,11.133,11.248,213995305.15917
2024-11-02 00:00:00+00:00,11.248,11.398,11.067,11.185,101151549.22263
2024-11-03 00:00:00+00:00,11.184,11.227,10.502,10.752,146945888.55807
2024-11-04 00:00:00+00:00,10.752,10.904,10.06,10.248,165292981.24208
2024-11-05 00:00:00+00:00,10.249,10.936,10.172,10.829,136823425.58583
2024-11-06 00:00:00+00:00,10.829,12.319,10.792,12.175,270093435.30028
2024-11-07 00:00:00+00:00,12.174,12.716,12.07,12.595,207699669.77109
2024-11-08 00:00:00+00:00,12.595,13.757,12.527,13.696,305492550.42524
2024-11-09 00:00:00+00:00,13.696,13.855,13.281,13.782,212432824.07415
2024-11-10 00:00:00+00:00,13.781,14.877,13.657,14.271,421827075.13958
2024-11-11 00:00:00+00:00,14.271,14.953,13.618,14.93,369155680.90272
2024-11-12 00:00:00+00:00,14.93,15.366,13.68,13.96,474135884.87859
2024-11-13 00:00:00+00:00,13.96,14.391,13.058,13.491,413927866.16342
2024-11-14 00:00:00+00:00,13.491,13.838,12.802,13.005,297100348.57758
2024-11-15 00:00:00+00:00,13.005,13.908,12.71,13.849,245920363.38972
2024-11-16 00:00:00+00:00,13.85,14.807,13.74,14.539,257973330.8398
2024-11-17 00:00:00+00:00,14.54,14.906,13.564,13.792,267166140.66625
2024-11-18 00:00:00+00:00,13.793,16.023,13.756,15.281,436200333.50682
2024-11-19 00:00:00+00:00,15.281,15.439,14.33,14.631,291358951.28522
2024-11-20 00:00:00+00:00,14.631,15.338,14.036,14.241,314067654.60933
2024-11-21 00:00:00+00:00,14.242,15.387,13.838,14.909,333529515.94663
2024-11-22 00:00:00+00:00,14.909,16.61,14.729,16.582,486270794.91574
2024-11-23 00:00:00+00:00,16.582,18.411,16.323,17.4,651755557.00322
2024-11-24 00:00:00+00:00,17.4,18.359,16.113,17.921,528721659.34803
2024-11-25 00:00:00+00:00,17.922,19.069,17.154,17.355,609944173.91155
2024-11-26 00:00:00+00:00,17.352,17.852,16.185,17.349,470229555.28028
2024-11-27 00:00:00+00:00,17.349,19.013,16.974,18.672,450553823.41738
2024-11-28 00:00:00+00:00,18.671,18.714,17.501,17.948,267190642.32433
2024-11-29 00:00:00+00:00,17.949,18.42,17.531,18.26,247529127.23316
2024-11-30 00:00:00+00:00,18.261,19.471,17.948,19.016,333347436.8448
2024-12-01 00:00:00+00:00,19.017,19.132,18.443,18.935,310826972.24781
2024-12-02 00:00:00+00:00,18.938,26.918,18.591,25.241,2053139848.0436
2024-12-03 00:00:00+00:00,25.242,26.277,22.569,24.127,1626231551.68765
2024-12-04 00:00:00+00:00,24.127,26.534,23.625,24.092,1009877062.18454
2024-12-05 00:00:00+00:00,24.09,24.832,22.275,23.172,762329309.57251
2024-12-06 00:00:00+00:00,23.173,25.961,22.759,25.893,622136306.86158
2024-12-07 00:00:00+00:00,25.893,26.884,24.46,24.808,546212269.38158
2024-12-08 00:00:00+00:00,24.808,27.425,24.706,26.12,816312281.78089
2024-12-09 00:00:00+00:00,26.121,27.379,19.279,22.241,1577083385.06148
2024-12-10 00:00:00+00:00,22.243,23.774,20.267,22.115,1112379966.05667
2024-12-11 00:00:00+00:00,22.116,24.316,21.14,24.064,588631752.43139
2024-12-12 00:00:00+00:00,24.064,29.454,23.866,29.128,1922818671.16457
2024-12-13 00:00:00+00:00,29.13,30.947,27.526,28.983,1503747979.84001
2024-12-14 00:00:00+00:00,28.983,30.774,28.72,29.117,1505475039.74851
2024-12-15 00:00:00+00:00,29.118,29.88,28.014,29.257,979686226.11346
2024-12-16 00:00:00+00:00,29.257,30.845,28.404,28.73,1413462695.39477
2024-12-17 00:00:00+00:00,28.729,29.049,27.344,27.858,829143252.73354
2024-12-18 00:00:00+00:00,27.86,28.409,24.595,24.855,1114421426.42038
2024-12-19 00:00:00+00:00,24.855,25.592,21.706,22.806,1182317891.86792
2024-12-20 00:00:00+00:00,22.803,23.711,20.011,23.38,1026698704.16681
2024-12-21 00:00:00+00:00,23.38,24.92,21.774,22.123,749749767.43914
2024-12-22 00:00:00+00:00,22.124,22.775,21.296,22.084,467754742.7588
2024-12-23 00:00:00+00:00,22.083,24.95,21.485,24.539,784933756.55645
2024-12-24 00:00:00+00:00,24.54,25.98,23.546,25.418,642311342.38506
2024-12-25 00:00:00+00:00,25.417,25.574,24.133,24.428,408641793.75243
2024-12-26 00:00:00+00:00,24.431,24.697,22.414,22.665,432084832.99954
2024-12-27 00:00:00+00:00,22.665,23.664,21.352,21.558,505720392.49268
2024-12-28 00:00:00+00:00,21.558,22.37,21.054,21.974,370300828.88321
2024-12-29 00:00:00+00:00,21.974,22.006,20.768,20.946,255645147.14475
2024-12-30 00:00:00+00:00,20.946,21.821,20.083,20.569,466349184.88527
2024-12-31 00:00:00+00:00,20.568,21.184,19.809,20.003,351438452.82718
2025-01-01 00:00:00+00:00,20.002,21.846,19.687,21.721,380456009.5284
2025-01-02 00:00:00+00:00,21.722,22.894,21.711,22.064,443167673.60181
2025-01-03 00:00:00+00:00,22.066,23.903,21.641,23.48,444297139.25852
2025-01-04 00:00:00+00:00,23.48,24.045,22.872,23.591,337332887.70562
2025-01-05 00:00:00+00:00,23.592,23.834,22.851,23.574,271423321.2793
2025-01-06 00:00:00+00:00,23.575,24.793,23.004,23.816,518676192.53434
2025-01-07 00:00:00+00:00,23.817,23.835,21.157,21.377,499011510.76277
2025-01-08 00:00:00+00:00,21.377,21.716,19.557,20.426,518759821.17946
2025-01-09 00:00:00+00:00,20.425,20.715,19.124,19.635,393338724.70497
2025-01-10 00:00:00+00:00,19.635,20.526,19.53,20.234,374852182.10975
2025-01-11 00:00:00+00:00,20.235,20.679,19.8,20.204,183363170.83962
2025-01-12 00:00:00+00:00,20.204,20.323,19.575,19.833,183731886.20768
2025-01-13 00:00:00+00:00,19.833,20.439,17.737,19.349,615427883.49073
2025-01-14 00:00:00+00:00,19.348,20.486,19.241,20.323,278510746.21488
2025-01-15 00:00:00+00:00,20.323,22.138,20.089,22.075,474033829.45424
2025-01-16 00:00:00+00:00,22.074,23.783,21.284,23.015,658099006.11641
2025-01-17 00:00:00+00:00,23.017,25.22,23.016,25.089,520902955.54615
2025-01-18 00:00:00+00:00,25.087,25.656,23.368,24.098,668949296.8613
2025-01-19 00:00:00+00:00,24.098,26.696,22.185,24.339,1219915201.06816
2025-01-20 00:00:00+00:00,24.338,26.952,23.391,25.069,1665289837.29565
2025-01-21 00:00:00+00:00,25.071,27.089,23.679,26.651,917594992.51577
2025-01-22 00:00:00+00:00,26.653,27.2,25.11,25.293,452973286.32405
2025-01-23 00:00:00+00:00,25.29,26.232,23.976,25.65,668058596.55306
2025-01-24 00:00:00+00:00,25.649,26.421,24.851,25.17,427348911.22523
2025-01-25 00:00:00+00:00,25.171,25.431,24.677,24.911,289949248.98508
2025-01-26 00:00:00+00:00,24.911,26.389,24.839,24.867,361968570.81248
2025-01-27 00:00:00+00:00,24.867,25.112,22.164,24.196,779706620.90057
2025-01-28 00:00:00+00:00,24.197,24.643,22.335,22.599,369191027.88352
2025-01-29 00:00:00+00:00,22.598,24.438,22.31,23.649,495507731.86258
2025-01-30 00:00:00+00:00,23.649,25.192,23.393,24.449,370853190.15251
2025-01-31 00:00:00+00:00,24.449,26.433,24.121,25.15,508162507.86085
2025-02-01 00:00:00+00:00,25.15,25.952,22.75,22.961,449104295.07644
2025-02-02 00:00:00+00:00,22.957,23.311,19.258,20.45,794386888.97359
2025-02-03 00:00:00+00:00,20.45,22.016,15.429,21.636,1407268426.14213
2025-02-04 00:00:00+00:00,21.636,21.702,19.323,19.965,746481800.66885
2025-02-05 00:00:00+00:00,19.966,20.264,18.95,19.181,454705027.13376
2025-02-06 00:00:00+00:00,19.181,19.921,18.394,18.574,399611109.46252
2025-02-07 00:00:00+00:00,18.574,19.828,17.786,18.368,451355944.28969
2025-02-08 00:00:00+00:00,18.368,18.614,17.863,18.428,214015651.41546
2025-02-09 00:00:00+00:00,18.428,18.998,17.424,18.255,308994909.91822
2025-02-10 00:00:00+00:00,18.254,19.115,17.652,18.791,358784406.05832
2025-02-11 00:00:00+00:00,18.792,19.787,18.209,18.635,362496409.63563
2025-02-12 00:00:00+00:00,18.635,19.5,17.629,19.19,421773874.24176
2025-02-13 00:00:00+00:00,19.192,19.324,18.165,18.54,290962318.55322
2025-02-14 00:00:00+00:00,18.541,19.84,18.434,19.371,326806288.04225
2025-02-15 00:00:00+00:00,19.373,19.65,18.717,18.987,205527410.37684
2025-02-16 00:00:00+00:00,18.988,19.253,18.533,18.69,209797214.63402
2025-02-17 00:00:00+00:00,18.69,19.783,18.351,19.097,354801400.95935
2025-02-18 00:00:00+00:00,19.097,19.188,17.273,17.856,386200249.87564
2025-02-19 00:00:00+00:00,17.855,18.198,17.422,17.963,263533136.19819
2025-02-20 00:00:00+00:00,17.964,18.465,17.82,18.278,281827736.76837
2025-02-21 00:00:00+00:00,18.278,19.052,17.118,17.412,415890588.07949
2025-02-22 00:00:00+00:00,17.412,18.019,17.295,17.745,173355181.65414
2025-02-23 00:00:00+00:00,17.745,18.125,17.417,17.604,170840004.41083
2025-02-24 00:00:00+00:00,17.603,17.736,14.94,15.249,442126003.47635
2025-02-25 00:00:00+00:00,15.248,15.573,14.019,15.306,620270350.33125
2025-02-26 00:00:00+00:00,15.306,15.77,14.662,15.249,413408840.57102
2025-02-27 00:00:00+00:00,15.249,15.767,14.767,15.103,278518312.23473
2025-02-28 00:00:00+00:00,15.103,15.186,13.449,14.81,461186644.67873
2025-03-01 00:00:00+00:00,14.81,15.135,14.217,14.751,228065756.52027
2025-03-02 00:00:00+00:00,14.751,17.532,14.402,17.407,491929600.47568
2025-03-03 00:00:00+00:00,17.407,17.483,14.361,14.445,551678819.42436
2025-03-04 00:00:00+00:00,14.445,15.345,13.063,14.855,665099724.45515
2025-03-05 00:00:00+00:00,14.855,16.581,14.624,16.411,507246644.7148
2025-03-06 00:00:00+00:00,16.413,17.66,16.369,17.046,607092301.18177
2025-03-07 00:00:00+00:00,17.045,17.528,15.722,15.928,729142648.63444
2025-03-08 00:00:00+00:00,15.929,16.024,15.106,15.253,267672799.95001
2025-03-09 00:00:00+00:00,15.253,15.356,13.587,13.795,334501473.19601
2025-03-10 00:00:00+00:00,13.795,14.56,12.409,12.653,483478789.27819
2025-03-11 00:00:00+00:00,12.652,13.644,11.839,13.132,506516810.33016
2025-03-12 00:00:00+00:00,13.131,13.804,12.641,13.479,376061644.87836
2025-03-13 00:00:00+00:00,13.478,13.594,12.71,13.035,293767041.03914
2025-03-14 00:00:00+00:00,13.034,14.682,12.983,13.656,800835210.06341
2025-03-15 00:00:00+00:00,13.655,14.242,13.624,14.006,250640595.46298
2025-03-16 00:00:00+00:00,14.007,14.183,13.201,13.358,251466322.55653
2025-03-17 00:00:00+00:00,13.358,14.235,13.329,14.021,243102380.10275
2025-03-18 00:00:00+00:00,14.021,14.268,13.445,13.909,249883759.06739
2025-03-19 00:00:00+00:00,13.909,15.036,13.763,15.013,311166479.25449
2025-03-20 00:00:00+00:00,15.013,15.164,14.072,14.211,224618385.69444
2025-03-21 00:00:00+00:00,14.21,14.377,13.81,13.949,171146206.01969
2025-03-22 00:00:00+00:00,13.949,14.492,13.921,14.242,127248692.37035
2025-03-23 00:00:00+00:00,14.242,14.485,14.199,14.461,147921662.19061
2025-03-24 00:00:00+00:00,14.461,15.406,14.139,15.121,285467761.93263
2025-03-25 00:00:00+00:00,15.122,15.608,14.861,15.428,205455874.58767
2025-03-26 00:00:00+00:00,15.428,15.994,14.936,15.241,240789108.20333
2025-03-27 00:00:00+00:00,15.24,15.793,15.16,15.513,221219961.85224
2025-03-28 00:00:00+00:00,15.513,15.582,13.991,14.244,287198926.06839
2025-03-29 00:00:00+00:00,14.245,14.403,13.364,13.544,195855854.25661
2025-03-30 00:00:00+00:00,13.545,13.856,13.183,13.408,186954259.49512
2025-03-31 00:00:00+00:00,13.409,13.703,12.949,13.501,241226681.20064
2025-04-01 00:00:00+00:00,13.501,14.391,13.482,14.038,220888135.52019
2025-04-02 00:00:00+00:00,14.037,14.398,12.8,12.894,459005945.11107
2025-04-03 00:00:00+00:00,12.893,13.296,12.293,12.891,286729430.99809
2025-04-04 00:00:00+00:00,12.892,13.183,12.345,12.938,324274327.48687
2025-04-05 00:00:00+00:00,12.938,13.047,12.566,12.838,128035972.82344
2025-04-06 00:00:00+00:00,12.838,12.946,10.998,11.279,340713920.25349
2025-04-07 00:00:00+00:00,11.279,11.871,10.1,11.448,663026319.88862
2025-04-08 00:00:00+00:00,11.447,11.884,10.774,10.918,385735857.356
2025-04-09 00:00:00+00:00,10.917,12.819,10.437,12.652,495859803.86251
2025-04-10 00:00:00+00:00,12.651,12.664,11.667,12.067,287165381.98996
2025-04-11 00:00:00+00:00,12.066,12.899,12.02,12.639,221982933.23135
2025-04-12 00:00:00+00:00,12.639,13.279,12.464,13.142,190638305.24981
2025-04-13 00:00:00+00:00,13.142,13.224,12.417,12.616,242656664.18764
2025-04-14 00:00:00+00:00,12.617,13.238,12.562,12.632,273145344.77891
2025-04-15 00:00:00+00:00,12.631,12.823,12.205,12.229,241152968.07954
2025-04-16 00:00:00+00:00,12.23,12.52,11.892,12.349,253620446.04098
2025-04-17 00:00:00+00:00,12.349,12.697,12.193,12.53,195001689.30664
2025-04-18 00:00:00+00:00,12.53,12.717,12.395,12.555,127865142.32515
2025-04-19 00:00:00+00:00,12.555,13.05,12.529,12.931,131386571.16666
2025-04-20 00:00:00+00:00,12.93,13.595,12.869,13.277,190872322.60366
2025-04-21 00:00:00+00:00,13.278,13.687,12.956,13.093,223128685.09671
2025-04-22 00:00:00+00:00,13.092,14.185,12.851,14.129,270814262.64224
2025-04-23 00:00:00+00:00,14.129,15.275,14.013,15.01,350258832.79856
2025-04-24 00:00:00+00:00,15.011,15.146,14.153,15.053,301830357.37079
2025-04-25 00:00:00+00:00,15.053,15.349,14.701,14.912,313951717.71116
2025-04-26 00:00:00+00:00,14.913,15.277,14.664,14.858,185792961.03903
2025-04-27 00:00:00+00:00,14.858,15.086,14.346,14.548,198883520.13979
2025-04-28 00:00:00+00:00,14.548,15.102,14.232,15.018,279585026.82596
2025-04-29 00:00:00+00:00,15.018,15.233,14.466,14.589,227951049.41546
2025-04-30 00:00:00+00:00,14.588,14.746,13.813,14.284,198082829.83294
2025-05-01 00:00:00+00:00,14.284,15.034,14.283,14.739,189499263.55112
2025-05-02 00:00:00+00:00,14.739,15.025,14.482,14.65,191600759.4067
2025-05-03 00:00:00+00:00,14.65,14.662,14.144,14.241,134342010.38627
2025-05-04 00:00:00+00:00,14.24,14.36,13.8,13.848,147076382.83165
2025-05-05 00:00:00+00:00,13.849,14.193,13.47,13.632,219569356.72132
2025-05-06 00:00:00+00:00,13.633,13.881,13.198,13.816,211605070.61049
2025-05-07 00:00:00+00:00,13.816,14.077,13.454,13.81,233623140.14853
2025-05-08 00:00:00+00:00,13.81,15.99,13.8,15.883,444484211.8248
2025-05-09 00:00:00+00:00,15.882,16.777,15.581,16.009,495157516.4855
2025-05-10 00:00:00+00:00,16.01,17.465,15.853,17.332,420978349.72598
2025-05-11 00:00:00+00:00,17.332,17.434,16.292,17.104,388284122.43965
2025-05-12 00:00:00+00:00,17.104,17.976,16.004,16.722,543520429.28767
2025-05-13 00:00:00+00:00,16.723,17.805,16.022,17.385,437262436.58342
2025-05-14 00:00:00+00:00,17.385,17.528,16.666,17.005,378183289.36342
2025-05-15 00:00:00+00:00,17.005,17.2,15.678,16.033,399945461.19176
2025-05-16 00:00:00+00:00,16.033,16.535,15.599,15.748,278359661.3699
2025-05-17 00:00:00+00:00,15.749,15.789,15.063,15.316,249161416.02365
2025-05-18 00:00:00+00:00,15.316,16.393,14.864,15.863,363484875.76873
2025-05-19 00:00:00+00:00,15.864,15.996,14.832,15.779,338574283.97082
2025-05-20 00:00:00+00:00,15.779,16.413,15.228,15.695,330794665.74139
2025-05-21 00:00:00+00:00,15.695,16.481,15.5,16.094,488447554.19878
2025-05-22 00:00:00+00:00,16.095,16.906,16.023,16.733,331761510.08757
2025-05-23 00:00:00+00:00,16.734,17.154,15.41,15.528,499589972.98424
2025-05-24 00:00:00+00:00,15.528,15.896,15.236,15.329,177709450.36994
2025-05-25 00:00:00+00:00,15.329,15.548,14.853,15.523,204847794.47648
2025-05-26 00:00:00+00:00,15.524,15.95,15.373,15.524,208370278.72776
2025-05-27 00:00:00+00:00,15.524,16.122,15.144,15.901,242897593.88026
2025-05-28 00:00:00+00:00,15.901,16.144,15.299,15.682,238080057.02389
2025-05-29 00:00:00+00:00,15.682,16.186,14.962,15.034,316424836.21449
2025-05-30 00:00:00+00:00,15.034,15.11,13.75,13.878,366331965.94946
2025-05-31 00:00:00+00:00,13.879,14.18,13.387,13.96,236603869.45306
2025-06-01 00:00:00+00:00,13.96,14.115,13.571,14.054,176206695.99811
2025-06-02 00:00:00+00:00,14.054,14.114,13.58,14.071,191584368.11115
2025-06-03 00:00:00+00:00,14.072,14.437,13.952,14.103,216231977.1046
2025-06-04 00:00:00+00:00,14.103,14.469,13.707,13.826,206302456.19892
2025-06-05 00:00:00+00:00,13.826,14.03,12.633,12.876,330212919.34899
2025-06-06 00:00:00+00:00,12.876,13.67,12.812,13.562,204315371.26672
2025-06-07 00:00:00+00:00,13.562,14.075,13.47,13.814,167760509.11757
2025-06-08 00:00:00+00:00,13.814,13.969,13.531,13.712,135199109.93412
2025-06-09 00:00:00+00:00,13.713,14.403,13.53,14.346,210767334.0627
2025-06-10 00:00:00+00:00,14.346,15.529,14.318,15.445,490228878.77253
2025-06-11 00:00:00+00:00,15.445,15.651,14.764,14.886,386049883.79822
2025-06-12 00:00:00+00:00,14.886,14.919,13.825,13.965,391964249.09219
2025-06-13 00:00:00+00:00,13.965,13.979,12.754,13.432,399057927.73888
2025-06-14 00:00:00+00:00,13.433,13.453,12.823,13.141,166792636.96872
2025-06-15 00:00:00+00:00,13.142,13.318,12.982,13.289,158570014.83423
2025-06-16 00:00:00+00:00,13.289,14.156,13.163,13.558,258312243.84047
2025-06-17 00:00:00+00:00,13.559,13.776,12.796,12.98,296712180.58564
2025-06-18 00:00:00+00:00,12.981,13.217,12.623,13.106,240242075.30825
2025-06-19 00:00:00+00:00,13.107,13.369,12.904,13.063,189157077.72941
2025-06-20 00:00:00+00:00,13.064,13.274,12.289,12.499,250611423.72791
2025-06-21 00:00:00+00:00,12.499,12.739,11.645,12.014,220020705.40988
2025-06-22 00:00:00+00:00,12.017,12.19,10.923,11.648,392118405.77613
2025-06-23 00:00:00+00:00,11.648,12.936,11.395,12.818,365661495.01392
2025-06-24 00:00:00+00:00,12.819,13.726,12.774,13.405,391426567.82259
2025-06-25 00:00:00+00:00,13.405,13.503,12.983,13.133,245432876.15213
2025-06-26 00:00:00+00:00,13.134,13.554,12.869,12.93,223116482.25723
2025-06-27 00:00:00+00:00,12.93,13.228,12.719,13.044,200882653.64814
2025-06-28 00:00:00+00:00,13.045,13.44,12.991,13.39,113769204.96996
2025-06-29 00:00:00+00:00,13.39,13.87,13.236,13.701,155060706.2419
2025-06-30 00:00:00+00:00,13.702,13.772,13.116,13.367,243759089.75132
2025-07-01 00:00:00+00:00,13.367,13.426,12.777,12.887,173065716.07778
2025-07-02 00:00:00+00:00,12.888,13.852,12.716,13.552,245563140.96695
2025-07-03 00:00:00+00:00,13.552,14.073,13.437,13.66,270491156.2036
2025-07-04 00:00:00+00:00,13.66,13.779,12.927,13.16,232236161.01534
2025-07-05 00:00:00+00:00,13.159,13.264,12.987,13.222,100160121.86412
2025-07-06 00:00:00+00:00,13.223,13.694,13.09,13.477,133862802.69817
2025-07-07 00:00:00+00:00,13.478,13.723,13.24,13.426,247493538.57693
2025-07-08 00:00:00+00:00,13.426,13.991,13.191,13.964,214244330.47361
2025-07-09 00:00:00+00:00,13.964,14.374,13.806,14.243,343072766.21472
2025-07-10 00:00:00+00:00,14.243,15.339,14.145,15.24,365976525.71181
2025-07-11 00:00:00+00:00,15.241,15.878,15.019,15.287,431285702.84421
2025-07-12 00:00:00+00:00,15.286,15.48,14.7,15.101,229135376.44435
2025-07-13 00:00:00+00:00,15.101,15.95,15.041,15.649,257660870.84381
2025-07-14 00:00:00+00:00,15.649,16.47,15.568,15.753,419311379.46651
2025-07-15 00:00:00+00:00,15.754,16.195,15.141,16.106,401662440.54013
2025-07-16 00:00:00+00:00,16.105,17.039,15.824,16.671,413471205.19718
2025-07-17 00:00:00+00:00,16.671,18.125,16.327,17.997,563623222.36381
2025-07-18 00:00:00+00:00,17.998,19.294,17.319,17.828,745114163.68845
2025-07-19 00:00:00+00:00,17.827,18.548,17.536,18.391,321526620.26003
2025-07-20 00:00:00+00:00,18.391,19.975,18.319,19.284,558303348.88846
2025-07-21 00:00:00+00:00,19.285,20.287,18.991,19.502,600043975.33025
2025-07-22 00:00:00+00:00,19.502,19.998,18.628,19.669,638735986.34817
2025-07-23 00:00:00+00:00,19.67,19.775,17.531,18.173,570220331.21192
2025-07-24 00:00:00+00:00,18.174,18.679,17.149,17.904,556308979.36517
2025-07-25 00:00:00+00:00,17.903,18.488,17.25,18.284,490764946.69015
2025-07-26 00:00:00+00:00,18.283,18.636,18.165,18.402,248103156.85785
2025-07-27 00:00:00+00:00,18.402,19.287,18.347,19.228,329519269.65911
2025-07-28 00:00:00+00:00,19.229,19.555,17.96,18.115,537046276.61772
2025-07-29 00:00:00+00:00,18.115,18.633,17.468,17.823,410333327.39944
2025-07-30 00:00:00+00:00,17.824,17.95,16.749,17.698,360990741.96393
2025-07-31 00:00:00+00:00,17.699,18.222,16.839,16.921,314613491.25896
2025-08-01 00:00:00+00:00,16.922,17.024,15.656,16.06,539637037.91177
2025-08-02 00:00:00+00:00,16.061,16.245,15.428,15.635,256025621.54619
2025-08-03 00:00:00+00:00,15.635,16.392,15.432,16.288,175409352.83849
2025-08-04 00:00:00+00:00,16.288,17.192,16.262,17.107,263614661.71285
2025-08-05 00:00:00+00:00,17.106,17.116,16.069,16.374,274808292.38769
2025-08-06 00:00:00+00:00,16.375,16.898,16.023,16.666,213938182.23655
2025-08-07 00:00:00+00:00,16.666,18.495,16.575,18.46,570154863.66592
2025-08-08 00:00:00+00:00,18.461,19.968,18.082,19.887,836874567.79021
2025-08-09 00:00:00+00:00,19.887,21.991,19.782,21.939,900535994.83676
2025-08-10 00:00:00+00:00,21.939,22.699,21.155,22.059,974665237.54807
2025-08-11 00:00:00+00:00,22.06,22.598,20.835,21.062,823995599.75561
2025-08-12 00:00:00+00:00,21.062,24.191,20.995,23.592,1146534583.88416
2025-08-13 00:00:00+00:00,23.591,24.719,23.228,23.966,1172459382.41214
2025-08-14 00:00:00+00:00,23.966,24.32,21.442,22.447,1125746238.99454
2025-08-15 00:00:00+00:00,22.447,23.034,21.356,21.737,638074109.12587
2025-08-16 00:00:00+00:00,21.736,22.958,21.39,22.627,449590689.63967
2025-08-17 00:00:00+00:00,22.628,26.338,22.358,25.639,1477759824.45481
2025-08-18 00:00:00+00:00,25.638,26.72,24.277,25.765,2143811856.20171
2025-08-19 00:00:00+00:00,25.766,25.802,23.432,23.553,1538676612.94876
2025-08-20 00:00:00+00:00,23.553,26.885,23.362,26.446,1835874873.36045
2025-08-21 00:00:00+00:00,26.446,26.591,24.628,24.804,1389590097.81794
2025-08-22 00:00:00+00:00,24.803,27.863,24.113,26.8,1744957474.1882
2025-08-23 00:00:00+00:00,26.799,26.834,25.517,26.276,847783383.61407
2025-08-24 00:00:00+00:00,26.276,26.609,25.223,25.817,1043675015.60304
2025-08-25 00:00:00+00:00,25.817,26.471,23.074,23.373,1236467672.7466
2025-08-26 00:00:00+00:00,23.374,24.738,22.865,24.369,939297534.05302
2025-08-27 00:00:00+00:00,24.369,24.68,23.571,23.773,799657276.54159
2025-08-28 00:00:00+00:00,23.773,26.032,23.558,25.171,1475456843.96573
2025-08-29 00:00:00+00:00,25.17,25.22,23.101,23.413,951770730.06602
2025-08-30 00:00:00+00:00,23.414,23.513,22.814,23.493,387920222.68424
2025-08-31 00:00:00+00:00,23.494,24.057,23.175,23.195,419870141.85322
2025-09-01 00:00:00+00:00,23.194,23.854,22.074,22.505,732854517.38474
2025-09-02 00:00:00+00:00,22.506,23.595,22.336,23.49,654022734.11221
2025-09-03 00:00:00+00:00,23.49,23.9,23.209,23.686,406927092.45547
2025-09-04 00:00:00+00:00,23.687,23.955,22.177,22.301,513483612.99893
2025-09-05 00:00:00+00:00,22.3,23.235,22.03,22.284,724995571.09727
2025-09-06 00:00:00+00:00,22.284,22.51,21.855,22.191,279476020.79957
2025-09-07 00:00:00+00:00,22.192,22.607,22.108,22.452,305372576.68095
2025-09-08 00:00:00+00:00,22.452,23.295,22.224,23.035,551359882.83903
2025-09-09 00:00:00+00:00,23.034,23.822,22.822,23.041,657830558.83587
2025-09-10 00:00:00+00:00,23.04,23.929,22.873,23.566,513304627.46338
2025-09-11 00:00:00+00:00,23.566,24.486,23.28,24.452,577431529.47834
2025-09-12 00:00:00+00:00,24.452,25.327,24.156,25.122,621550631.92871
2025-09-13 00:00:00+00:00,25.122,25.638,24.433,24.876,534701606.39831
2025-09-14 00:00:00+00:00,24.876,25.011,23.825,24.083,366431609.48504
2025-09-15 00:00:00+00:00,24.083,24.418,22.965,23.55,525563187.62592
2025-09-16 00:00:00+00:00,23.549,23.743,23.082,23.472,371352207.30886
2025-09-17 00:00:00+00:00,23.473,24.239,22.727,23.988,610980749.2333
2025-09-18 00:00:00+00:00,23.989,24.745,23.681,24.624,487622968.06926
2025-09-19 00:00:00+00:00,24.624,24.889,23.251,23.462,635667063.89158
2025-09-20 00:00:00+00:00,23.461,23.638,23.073,23.318,254173661.57535
2025-09-21 00:00:00+00:00,23.318,23.479,22.881,22.941,225387140.71546
2025-09-22 00:00:00+00:00,22.94,23.038,20.032,21.642,760755524.90009
2025-09-23 00:00:00+00:00,21.642,22.036,21.172,21.508,442769746.74398
2025-09-24 00:00:00+00:00,21.509,21.954,20.942,21.594,395494688.37205
2025-09-25 00:00:00+00:00,21.595,21.648,19.82,20.139,716601126.64375
2025-09-26 00:00:00+00:00,20.138,21.23,19.924,21.06,459190238.93609
2025-09-27 00:00:00+00:00,21.06,21.143,20.721,20.906,182769872.18206
2025-09-28 00:00:00+00:00,20.907,21.714,20.419,21.668,292037866.14485
2025-09-29 00:00:00+00:00,21.668,21.889,20.891,21.72,383930468.30841
2025-09-30 00:00:00+00:00,21.721,21.867,20.95,21.304,421034069.472
2025-10-01 00:00:00+00:00,21.304,22.624,21.053,22.568,458164151.63569
2025-10-02 00:00:00+00:00,22.568,23.115,21.926,22.764,490563336.62195
2025-10-03 00:00:00+00:00,22.764,23.082,22.079,22.499,484877938.2718
2025-10-04 00:00:00+00:00,22.499,22.612,21.754,22.009,314467197.1124
2025-10-05 00:00:00+00:00,22.01,22.939,21.861,21.984,461780126.43028
2025-10-06 00:00:00+00:00,21.984,23.598,21.469,23.368,651135505.62184
2025-10-07 00:00:00+00:00,23.369,23.735,21.75,21.791,781066330.06212
2025-10-08 00:00:00+00:00,21.791,22.661,21.614,22.625,421415181.81548
2025-10-09 00:00:00+00:00,22.625,22.672,21.314,21.986,459545614.89719
2025-10-10 00:00:00+00:00,21.986,22.777,8.164,17.275,1484795335.50626
2025-10-11 00:00:00+00:00,17.279,18.51,16.598,17.19,741804923.88259
2025-10-12 00:00:00+00:00,17.19,19.417,16.669,18.983,576844346.69868
2025-10-13 00:00:00+00:00,18.983,20.189,18.72,19.838,624279845.70754
2025-10-14 00:00:00+00:00,19.839,20.058,18.058,19.093,678244824.36829
2025-10-15 00:00:00+00:00,19.093,19.244,17.709,18.044,430702230.71306
2025-10-16 00:00:00+00:00,18.043,18.616,17.093,17.417,467948416.21056
2025-10-17 00:00:00+00:00,17.418,17.689,15.683,16.594,565659226.90314
2025-10-18 00:00:00+00:00,16.594,16.997,16.563,16.804,194408217.59883
2025-10-19 00:00:00+00:00,16.804,17.651,16.519,17.274,274359972.68213
2025-10-20 00:00:00+00:00,17.274,19.18,16.921,18.647,586046582.21375
2025-10-21 00:00:00+00:00,18.646,18.959,17.528,17.597,686513117.4184
2025-10-22 00:00:00+00:00,17.598,17.825,16.691,17.195,469164241.02429
2025-10-23 00:00:00+00:00,17.196,17.785,17.088,17.423,308870120.44189
2025-10-24 00:00:00+00:00,17.423,18.1,17.281,17.888,279929162.7233
2025-10-25 00:00:00+00:00,17.888,18.244,17.781,18.007,142417939.67053
2025-10-26 00:00:00+00:00,18.007,18.679,17.682,18.535,273710195.05695
2025-10-27 00:00:00+00:00,18.535,19.056,18.078,18.205,388957949.43456
2025-10-28 00:00:00+00:00,18.206,18.814,17.408,17.814,430820756.73085
2025-10-29 00:00:00+00:00,17.815,18.667,17.522,18.128,462647660.27837
2025-10-30 00:00:00+00:00,18.129,18.424,16.311,16.787,535392685.93011
2025-10-31 00:00:00+00:00,16.788,17.451,16.724,17.233,372687652.03759
2025-11-01 00:00:00+00:00,17.233,17.435,17.026,17.135,176750194.33756
2025-11-02 00:00:00+00:00,17.136,17.636,16.98,17.581,249698880.44015
2025-11-03 00:00:00+00:00,17.581,17.659,14.427,15.237,661532265.82388
2025-11-04 00:00:00+00:00,15.239,15.5,13.686,14.674,702772288.62334
2025-11-05 00:00:00+00:00,14.675,15.393,13.979,15.083,378535008.64922
2025-11-06 00:00:00+00:00,15.084,15.229,14.234,14.733,326698395.35518
2025-11-07 00:00:00+00:00,14.734,16.213,14.3,15.79,401092731.24523
2025-11-08 00:00:00+00:00,15.791,16.028,15.109,15.508,259267037.06224
2025-11-09 00:00:00+00:00,15.509,16.123,15.012,15.919,233850367.56186
2025-11-10 00:00:00+00:00,15.92,16.662,15.776,16.358,302072972.05721
2025-11-11 00:00:00+00:00,16.359,16.789,15.23,15.275,318015101.4343
2025-11-12 00:00:00+00:00,15.276,16.244,14.907,15.142,383410915.06458
2025-11-13 00:00:00+00:00,15.142,16.014,14.138,14.537,434489936.23445
2025-11-14 00:00:00+00:00,14.537,14.599,13.571,13.802,450513602.36678
2025-11-15 00:00:00+00:00,13.801,14.33,13.787,14.128,201562775.55837
2025-11-16 00:00:00+00:00,14.127,14.518,13.385,13.727,304366603.04879
2025-11-17 00:00:00+00:00,13.727,14.28,13.074,13.323,350665535.65071
2025-11-18 00:00:00+00:00,13.322,13.99,13.05,13.797,315499195.20937
2025-11-19 00:00:00+00:00,13.796,13.835,12.757,13.52,378751389.29922
2025-11-20 00:00:00+00:00,13.521,14.0,12.759,12.932,378635992.95548
2025-11-21 00:00:00+00:00,12.931,13.206,11.602,12.11,600829726.77368
2025-11-22 00:00:00+00:00,12.11,12.299,11.731,12.166,214129111.09806
2025-11-23 00:00:00+00:00,12.166,12.742,12.105,12.511,201302143.96479
2025-11-24 00:00:00+00:00,12.512,13.198,12.295,12.962,273606550.84809
2025-11-25 00:00:00+00:00,12.962,13.216,12.541,13.077,243046892.52008
2025-11-26 00:00:00+00:00,13.078,13.503,12.74,13.449,191692455.27501
2025-11-27 00:00:00+00:00,13.448,13.568,13.221,13.329,128909483.83974
2025-11-28 00:00:00+00:00,13.329,13.543,13.034,13.114,186199870.63868
2025-11-29 00:00:00+00:00,13.115,13.214,12.904,12.976,115612238.96104
2025-11-30 00:00:00+00:00,12.976,13.413,12.928,12.945,134824105.83784
2025-12-01 00:00:00+00:00,12.944,12.973,11.739,12.067,333617488.33987
2025-12-02 00:00:00+00:00,12.067,13.586,11.968,13.462,281022804.38258
2025-12-03 00:00:00+00:00,13.462,14.738,13.431,14.631,425720162.75891
2025-12-04 00:00:00+00:00,14.631,14.921,13.957,14.248,299054837.89405
2025-12-05 00:00:00+00:00,14.248,14.393,13.355,13.581,275390880.23505
2025-12-06 00:00:00+00:00,13.581,14.071,13.486,13.912,163917370.52813
2025-12-07 00:00:00+00:00,13.912,14.168,13.168,13.641,248554980.08089
2025-12-08 00:00:00+00:00,13.642,14.285,13.551,13.754,223836142.07626
2025-12-09 00:00:00+00:00,13.754,15.006,13.532,14.399,293236922.28708
2025-12-10 00:00:00+00:00,14.399,14.884,13.931,14.088,322080855.38561
2025-12-11 00:00:00+00:00,14.088,14.207,13.382,14.06,265872342.65994
2025-12-12 00:00:00+00:00,14.059,14.339,13.266,13.627,234898660.08879
2025-12-13 00:00:00+00:00,13.627,13.965,13.591,13.725,100045655.97783
2025-12-14 00:00:00+00:00,13.725,13.787,13.084,13.267,124991039.21101
2025-12-15 00:00:00+00:00,13.267,13.731,12.46,12.851,237563156.70164
2025-12-16 00:00:00+00:00,12.85,13.128,12.539,12.92,184826947.94742
2025-12-17 00:00:00+00:00,12.921,13.176,12.113,12.261,266762925.64166
2025-12-18 00:00:00+00:00,12.261,12.872,11.728,11.929,281763900.16703
2025-12-19 00:00:00+00:00,11.93,12.752,11.835,12.533,193135062.10107
2025-12-20 00:00:00+00:00,12.534,12.712,12.472,12.547,81170519.39612
2025-12-21 00:00:00+00:00,12.547,12.706,12.214,12.43,128399108.67972
2025-12-22 00:00:00+00:00,12.43,12.955,12.313,12.58,198759020.93152
2025-12-23 00:00:00+00:00,12.579,12.694,12.064,12.389,157912456.91233
2025-12-24 00:00:00+00:00,12.39,12.431,11.991,12.269,132147552.97618
2025-12-25 00:00:00+00:00,12.269,12.421,11.976,12.055,104755752.88041
2025-12-26 00:00:00+00:00,12.054,12.539,12.014,12.179,163171453.03606
2025-12-27 00:00:00+00:00,12.179,12.549,12.155,12.515,88751793.23858
2025-12-28 00:00:00+00:00,12.516,12.595,12.313,12.49,107342946.6408
2025-12-29 00:00:00+00:00,12.49,13.035,12.237,12.297,236051510.78288
2025-12-30 00:00:00+00:00,12.296,12.598,12.254,12.409,140728418.99937
2025-12-31 00:00:00+00:00,12.409,12.55,12.18,12.202,147175574.6623
2026-01-01 00:00:00+00:00,12.201,12.638,12.142,12.605,129955228.16261
2026-01-02 00:00:00+00:00,12.606,13.44,12.584,13.273,307640187.25487
2026-01-03 00:00:00+00:00,13.273,13.37,12.962,13.225,147384947.31966
2026-01-04 00:00:00+00:00,13.226,13.575,13.202,13.415,168027962.98804
2026-01-05 00:00:00+00:00,13.416,14.128,13.385,13.907,290914831.12163
2026-01-06 00:00:00+00:00,13.907,14.231,13.46,14.029,333302053.76147
2026-01-07 00:00:00+00:00,14.03,14.037,13.277,13.44,204909612.71906
2026-01-08 00:00:00+00:00,13.441,13.554,13.018,13.209,182095930.94401
2026-01-09 00:00:00+00:00,13.209,13.443,13.026,13.135,188054426.0274
2026-01-10 00:00:00+00:00,13.136,13.245,13.056,13.132,76002878.89853
2026-01-11 00:00:00+00:00,13.132,13.372,13.039,13.201,115318566.43474
2026-01-12 00:00:00+00:00,13.2,13.517,12.9,13.068,208003910.91386
2026-01-13 00:00:00+00:00,13.068,14.187,13.046,14.058,238182316.27901
2026-01-14 00:00:00+00:00,14.058,14.404,13.85,14.106,222503550.5971
2026-01-15 00:00:00+00:00,14.106,14.207,13.55,13.782,199087039.44877
2026-01-16 00:00:00+00:00,13.783,13.862,13.418,13.722,144003084.93503
2026-01-17 00:00:00+00:00,13.721,13.89,13.625,13.733,93063797.30839
2026-01-18 00:00:00+00:00,13.734,13.874,13.284,13.3,126562564.38723
2026-01-19 00:00:00+00:00,13.301,13.301,12.3,12.877,201369961.04242
2026-01-20 00:00:00+00:00,12.878,12.9,12.02,12.12,208608077.55339
2026-01-21 00:00:00+00:00,12.121,12.667,11.884,12.395,232989264.60782
2026-01-22 00:00:00+00:00,12.395,12.575,12.115,12.252,116735012.08604
2026-01-23 00:00:00+00:00,12.251,12.495,12.034,12.21,132496828.56426
2026-01-24 00:00:00+00:00,12.21,12.278,12.125,12.197,59715643.22679
2026-01-25 00:00:00+00:00,12.198,12.216,11.355,11.517,182639726.54053
2026-01-26 00:00:00+00:00,11.517,12.126,11.501,11.941,153259922.93661
2026-01-27 00:00:00+00:00,11.942,12.185,11.831,12.036,137999222.06444
2026-01-28 00:00:00+00:00,12.036,12.06,11.686,11.835,145159784.40201
2026-01-29 00:00:00+00:00,11.836,11.864,10.822,11.115,230879081.02529
2026-01-30 00:00:00+00:00,11.116,11.158,10.499,10.784,243974951.96781
2026-01-31 00:00:00+00:00,10.785,10.832,8.957,9.983,355480852.8462
2026-02-01 00:00:00+00:00,9.982,10.075,9.208,9.401,222957383.05999
2026-02-02 00:00:00+00:00,9.401,10.024,9.013,9.801,290681047.41634
2026-02-03 00:00:00+00:00,9.801,9.889,9.083,9.484,268640611.06172
2026-02-04 00:00:00+00:00,9.484,9.768,9.016,9.247,249614247.88469
2026-02-05 00:00:00+00:00,9.247,9.348,7.845,7.906,461382510.31936
2026-02-06 00:00:00+00:00,7.907,9.0,7.117,8.879,384661106.53836
2026-02-07 00:00:00+00:00,8.878,9.04,8.575,8.903,197037228.01278
2026-02-08 00:00:00+00:00,8.904,9.047,8.715,8.818,121191456.68245
2026-02-09 00:00:00+00:00,8.818,9.014,8.458,8.832,144189097.289
2026-02-10 00:00:00+00:00,8.833,8.882,8.467,8.57,119788956.68452
2026-02-11 00:00:00+00:00,8.569,8.608,8.122,8.319,188350377.3207
2026-02-12 00:00:00+00:00,8.319,8.593,8.168,8.41,137299440.38061
2026-02-13 00:00:00+00:00,8.411,8.911,8.296,8.764,125244301.59624
2026-02-14 00:00:00+00:00,8.763,9.212,8.752,9.085,114631529.65999
2026-02-15 00:00:00+00:00,9.085,9.239,8.595,8.779,161862764.71893
2026-02-16 00:00:00+00:00,8.779,8.987,8.641,8.929,118432824.59543
2026-02-17 00:00:00+00:00,8.93,8.99,8.658,8.825,110134589.44081
2026-02-18 00:00:00+00:00,8.825,8.995,8.511,8.598,107414733.88877
2026-02-19 00:00:00+00:00,8.599,8.748,8.338,8.572,98086012.47201
2026-02-20 00:00:00+00:00,8.572,9.011,8.45,8.937,151487803.20126
2026-02-21 00:00:00+00:00,8.938,9.057,8.841,8.868,84097119.25639
2026-02-22 00:00:00+00:00,8.867,8.896,8.599,8.677,79752149.98182
2026-02-23 00:00:00+00:00,8.677,8.692,8.165,8.262,163024858.99067
2026-02-24 00:00:00+00:00,8.262,8.335,8.05,8.191,109804056.18296
2026-02-25 00:00:00+00:00,8.192,9.589,8.177,9.266,238069738.86683
2026-02-26 00:00:00+00:00,9.266,9.338,8.853,9.093,152553569.40003
2026-02-27 00:00:00+00:00,9.093,9.293,8.543,8.705,137951295.51232
2026-02-28 00:00:00+00:00,8.705,8.94,8.203,8.84,169671792.5759
2026-03-01 00:00:00+00:00,8.839,9.206,8.532,8.669,154740533.55634
2026-03-02 00:00:00+00:00,8.669,9.268,8.581,8.945,152835523.43922
2026-03-03 00:00:00+00:00,8.946,9.007,8.552,8.805,136410511.24657
2026-03-04 00:00:00+00:00,8.804,9.628,8.681,9.343,171024444.83209
2026-03-05 00:00:00+00:00,9.344,9.482,9.063,9.199,140117866.4776
2026-03-06 00:00:00+00:00,9.199,9.295,8.663,8.791,119791918.63092
2026-03-07 00:00:00+00:00,8.792,8.852,8.635,8.692,60971805.15505
2026-03-08 00:00:00+00:00,8.693,8.773,8.386,8.507,89720105.05987
2026-03-09 00:00:00+00:00,8.508,9.099,8.5,8.863,127062398.37075
2026-03-10 00:00:00+00:00,8.862,9.18,8.846,8.979,127982173.90055
2026-03-11 00:00:00+00:00,8.98,9.168,8.862,8.993,117985348.29478
2026-03-12 00:00:00+00:00,8.993,9.103,8.826,9.052,114534035.77906
2026-03-13 00:00:00+00:00,9.052,9.594,9.014,9.081,174805632.84156
2026-03-14 00:00:00+00:00,9.08,9.168,8.912,9.162,86586512.22407
2026-03-15 00:00:00+00:00,9.162,9.557,9.108,9.489,114526281.2286
2026-03-16 00:00:00+00:00,9.49,10.077,9.405,9.918,207665169.05599
2026-03-17 00:00:00+00:00,9.918,10.017,9.677,9.786,123967826.91192
2026-03-18 00:00:00+00:00,9.787,9.922,9.076,9.222,159726111.80581
2026-03-19 00:00:00+00:00,9.223,9.335,8.887,9.041,126878691.48582
2026-03-20 00:00:00+00:00,9.041,9.209,8.952,9.107,93014426.15262
2026-03-21 00:00:00+00:00,9.108,9.173,8.758,8.819,72020283.03783
2026-03-22 00:00:00+00:00,8.819,8.968,8.569,8.685,94103356.01209
2026-03-23 00:00:00+00:00,8.684,9.286,8.571,9.103,210091871.10958
2026-03-24 00:00:00+00:00,9.103,9.267,8.989,9.246,131793315.76396
2026-03-25 00:00:00+00:00,9.247,9.493,9.172,9.372,112578153.08645
2026-03-26 00:00:00+00:00,9.373,9.387,8.805,8.906,118327479.0776
2026-03-27 00:00:00+00:00,8.907,8.978,8.477,8.564,114421516.00321
2026-03-28 00:00:00+00:00,8.564,8.693,8.364,8.428,90219491.47192
2026-03-29 00:00:00+00:00,8.429,8.594,8.184,8.409,96241261.28909
2026-03-30 00:00:00+00:00,8.41,8.927,8.394,8.622,139712242.15083
2026-03-31 00:00:00+00:00,8.621,8.888,8.498,8.777,114561473.26253
2026-04-01 00:00:00+00:00,8.778,9.193,8.735,8.939,119986976.37166
2026-04-02 00:00:00+00:00,8.939,9.006,8.416,8.627,140952875.32654
2026-04-03 00:00:00+00:00,8.628,8.807,8.585,8.654,75260060.84167
2026-04-04 00:00:00+00:00,8.654,8.778,8.605,8.689,46582801.8648
2026-04-05 00:00:00+00:00,8.69,8.872,8.471,8.82,78102360.51129
2026-04-06 00:00:00+00:00,8.82,9.153,8.718,8.794,142161737.87954
2026-04-07 00:00:00+00:00,8.794,9.417,8.566,9.285,159258222.78101
2026-04-08 00:00:00+00:00,9.284,9.337,8.83,8.851,120787485.1153
2026-04-09 00:00:00+00:00,8.852,9.183,8.683,8.943,121603937.51419
2026-04-10 00:00:00+00:00,8.942,9.173,8.875,9.08,94295844.109
2026-04-11 00:00:00+00:00,9.081,9.286,8.944,9.065,74257193.53372
2026-04-12 00:00:00+00:00,9.066,9.077,8.679,8.729,95882965.61288
2026-04-13 00:00:00+00:00,8.73,9.435,8.678,9.359,144646146.03666
2026-04-14 00:00:00+00:00,9.359,9.386,8.922,9.014,124341994.20017
2026-04-15 00:00:00+00:00,9.014,9.37,8.988,9.258,91191606.40599
2026-04-16 00:00:00+00:00,9.259,9.677,9.122,9.596,154220826.84434
2026-04-17 00:00:00+00:00,9.595,9.865,9.334,9.607,133147926.77754
2026-04-18 00:00:00+00:00,9.607,9.647,9.25,9.277,100686857.47754
2026-04-19 00:00:00+00:00,9.277,9.37,8.993,9.058,105414447.95785
2026-04-20 00:00:00+00:00,9.059,9.402,9.045,9.282,113334035.99059
2026-04-21 00:00:00+00:00,9.281,9.487,9.232,9.392,103083256.46375
2026-04-22 00:00:00+00:00,9.392,9.556,9.268,9.284,102495328.14277
2026-04-23 00:00:00+00:00,9.285,9.385,9.139,9.344,104313824.02069
2026-04-24 00:00:00+00:00,9.345,9.442,9.24,9.371,80118464.09004
2026-04-25 00:00:00+00:00,9.37,9.443,9.282,9.342,49901126.42341
2026-04-26 00:00:00+00:00,9.342,9.535,9.294,9.479,64177322.35514
2026-04-27 00:00:00+00:00,9.48,9.588,9.146,9.316,100244119.62897
2026-04-28 00:00:00+00:00,9.317,9.325,9.14,9.237,62684830.49539
2026-04-29 00:00:00+00:00,9.237,9.414,8.904,9.107,120607168.98695
2026-04-30 00:00:00+00:00,9.107,9.185,9.014,9.1,59016504.72705
2026-05-01 00:00:00+00:00,9.101,9.276,9.061,9.09,75298287.57172
2026-05-02 00:00:00+00:00,9.09,9.254,9.06,9.174,53496953.73188
2026-05-03 00:00:00+00:00,9.174,9.222,9.063,9.122,73072566.78411
2026-05-04 00:00:00+00:00,9.122,9.653,9.083,9.355,180068438.90191
2026-05-05 00:00:00+00:00,9.354,9.844,9.349,9.763,124793210.76651
2026-05-06 00:00:00+00:00,9.763,10.247,9.755,9.993,158364133.68861
2026-05-07 00:00:00+00:00,9.994,10.129,9.794,9.846,110291343.42796
2026-05-08 00:00:00+00:00,9.845,10.491,9.761,10.34,150443335.67879
2026-05-09 00:00:00+00:00,10.34,10.606,10.274,10.368,108492112.53878
2026-05-10 00:00:00+00:00,10.369,10.87,10.277,10.716,150917955.41225
2026-05-11 00:00:00+00:00,10.716,10.755,10.386,10.591,123838355.77929
2026-05-12 00:00:00+00:00,10.591,10.591,10.088,10.284,136556438.44543
2026-05-13 00:00:00+00:00,10.283,10.802,10.031,10.213,163065537.47715
2026-05-14 00:00:00+00:00,10.213,10.769,10.087,10.48,149312070.02159
2026-05-15 00:00:00+00:00,10.481,10.559,9.954,10.064,139939810.16617
2026-05-16 00:00:00+00:00,10.065,10.092,9.609,9.713,105897005.52779
2026-05-17 00:00:00+00:00,9.712,9.848,9.319,9.561,107172627.05865
2026-05-18 00:00:00+00:00,9.56,9.615,9.298,9.602,126250747.39331
2026-05-19 00:00:00+00:00,9.603,9.821,9.428,9.443,116839335.04711
2026-05-20 00:00:00+00:00,9.444,9.685,9.372,9.631,98836742.45456
2026-05-21 00:00:00+00:00,9.631,9.853,9.512,9.75,127034336.45195
2026-05-22 00:00:00+00:00,9.751,10.031,9.352,9.414,158949794.26592
2026-05-23 00:00:00+00:00,9.414,9.78,9.034,9.559,151887527.70176
2026-05-24 00:00:00+00:00,9.559,9.646,9.242,9.426,90310379.47715
2026-05-25 00:00:00+00:00,9.427,9.668,9.362,9.499,77665852.25081
2026-05-26 00:00:00+00:00,9.499,9.682,9.335,9.38,129586899.46956
2026-05-27 00:00:00+00:00,9.381,9.48,9.1,9.13,122592810.63533
2026-05-28 00:00:00+00:00,9.13,9.151,8.745,8.998,149526641.32869
2026-05-29 00:00:00+00:00,8.997,9.133,8.785,9.017,104045254.22554
2026-05-30 00:00:00+00:00,9.017,9.31,9.013,9.187,93405684.18922
2026-05-31 00:00:00+00:00,9.187,9.298,8.984,9.143,79244319.48256
