time,open,high,low,close,volume
2019-09-01 00:00:00+00:00,1.7788,1.8,1.717,1.7686,2343808.993756
2019-09-02 00:00:00+00:00,1.7696,1.89,1.7272,1.8287,5527140.173787
2019-09-03 00:00:00+00:00,1.8307,1.9424,1.8147,1.849,5997210.327933
2019-09-04 00:00:00+00:00,1.8486,1.87,1.7167,1.7784,6383418.411104
2019-09-05 00:00:00+00:00,1.7793,1.8624,1.768,1.7921,4979721.839578
2019-09-06 00:00:00+00:00,1.7919,1.86,1.6767,1.7226,5630495.566505
2019-09-07 00:00:00+00:00,1.7222,1.806,1.7085,1.7672,4219207.724271
2019-09-08 00:00:00+00:00,1.7672,1.9054,1.761,1.8275,6430515.622676
2019-09-09 00:00:00+00:00,1.829,1.8731,1.761,1.7872,6323682.303087
2019-09-10 00:00:00+00:00,1.7883,1.8326,1.773,1.7998,4891387.975576
2019-09-11 00:00:00+00:00,1.7988,1.8258,1.7136,1.7301,3918515.822395
2019-09-12 00:00:00+00:00,1.7301,1.7458,1.6918,1.7073,3823973.622408
2019-09-13 00:00:00+00:00,1.7073,1.7099,1.51,1.5759,10598044.802062
2019-09-14 00:00:00+00:00,1.5761,1.6375,1.5239,1.5634,9072573.988018
2019-09-15 00:00:00+00:00,1.5634,1.6458,1.56,1.6104,6482781.439093
2019-09-16 00:00:00+00:00,1.611,1.6355,1.545,1.5806,5624544.163061
2019-09-17 00:00:00+00:00,1.5806,1.6765,1.5532,1.624,8714835.385778
2019-09-18 00:00:00+00:00,1.624,1.8462,1.624,1.801,14349788.105683
2019-09-19 00:00:00+00:00,1.7994,1.9075,1.7079,1.8744,15710104.15257
2019-09-20 00:00:00+00:00,1.8743,1.8772,1.751,1.8245,6350663.860901
2019-09-21 00:00:00+00:00,1.8215,1.8888,1.7881,1.8855,5105903.211972
2019-09-22 00:00:00+00:00,1.8848,1.8868,1.7711,1.8157,4207056.964399
2019-09-23 00:00:00+00:00,1.8149,1.88,1.7799,1.8048,4898382.212044
2019-09-24 00:00:00+00:00,1.8034,2.0657,1.4612,1.716,30520015.62132
2019-09-25 00:00:00+00:00,1.7135,1.9286,1.6249,1.7443,15541919.879327
2019-09-26 00:00:00+00:00,1.7476,1.7584,1.5276,1.6512,11469705.438744
2019-09-27 00:00:00+00:00,1.6512,1.6786,1.5573,1.659,6997435.262801
2019-09-28 00:00:00+00:00,1.6593,1.7017,1.6284,1.6742,3966341.324873
2019-09-29 00:00:00+00:00,1.6748,1.7492,1.6441,1.7002,5630013.418347
2019-09-30 00:00:00+00:00,1.7004,1.769,1.6404,1.7677,6091950.81525
2019-10-01 00:00:00+00:00,1.7677,1.882,1.7522,1.8286,7423999.322832
2019-10-02 00:00:00+00:00,1.8285,2.0233,1.8121,2.011,11112247.031841
2019-10-03 00:00:00+00:00,2.0134,2.0338,1.88,1.9442,13738006.095326
2019-10-04 00:00:00+00:00,1.9443,1.9949,1.888,1.9663,6616268.435621
2019-10-05 00:00:00+00:00,1.9663,1.9775,1.9113,1.9624,4352706.761247
2019-10-06 00:00:00+00:00,1.9624,2.2659,1.9531,2.1669,20769400.456857
2019-10-07 00:00:00+00:00,2.1669,2.4899,2.0971,2.3963,29801791.519983
2019-10-08 00:00:00+00:00,2.3963,2.65,2.268,2.5765,39941066.734364
2019-10-09 00:00:00+00:00,2.577,2.95,2.501,2.8011,59920511.493088
2019-10-10 00:00:00+00:00,2.7977,2.8058,2.465,2.6279,40234731.695434
2019-10-11 00:00:00+00:00,2.6293,2.7936,2.5619,2.7481,30788011.386101
2019-10-12 00:00:00+00:00,2.7443,2.7572,2.5519,2.5975,16335299.928878
2019-10-13 00:00:00+00:00,2.5975,2.6443,2.4351,2.486,14028108.107929
2019-10-14 00:00:00+00:00,2.485,2.6741,2.4527,2.5324,14946710.649806
2019-10-15 00:00:00+00:00,2.5315,2.597,2.332,2.3974,15365785.895973
2019-10-16 00:00:00+00:00,2.3949,2.4143,2.182,2.3717,27206709.268527
2019-10-17 00:00:00+00:00,2.3736,2.49,2.274,2.4124,25329634.625496
2019-10-18 00:00:00+00:00,2.419,2.4999,2.3164,2.3546,17402268.009348
2019-10-19 00:00:00+00:00,2.3521,2.391,2.2914,2.3521,10576298.587082
2019-10-20 00:00:00+00:00,2.3513,2.451,2.278,2.4444,10590364.059115
2019-10-21 00:00:00+00:00,2.4443,2.69,2.4347,2.6223,29229981.871716
2019-10-22 00:00:00+00:00,2.6216,2.8178,2.5619,2.6074,30378844.911824
2019-10-23 00:00:00+00:00,2.6073,2.684,2.3717,2.6055,35925377.402288
2019-10-24 00:00:00+00:00,2.6071,2.7748,2.602,2.72,26208747.16147
2019-10-25 00:00:00+00:00,2.7201,3.0063,2.6165,2.8374,39183456.515066
2019-10-26 00:00:00+00:00,2.8374,2.9977,2.664,2.7348,37577155.6897
2019-10-27 00:00:00+00:00,2.7323,2.762,2.6511,2.6646,16107491.701176
2019-10-28 00:00:00+00:00,2.6707,2.8859,2.66,2.6611,21718242.279411
2019-10-29 00:00:00+00:00,2.6601,2.769,2.6321,2.662,9594968.284065
2019-10-30 00:00:00+00:00,2.661,2.6768,2.5107,2.6093,10291062.33242
2019-10-31 00:00:00+00:00,2.6044,2.7573,2.5365,2.7219,10990946.465983
2019-11-01 00:00:00+00:00,2.7233,2.7952,2.6428,2.7091,10249112.158616
2019-11-02 00:00:00+00:00,2.7092,2.7399,2.6828,2.6973,5268003.218848
2019-11-03 00:00:00+00:00,2.7015,2.7104,2.6202,2.6605,4469114.694315
2019-11-04 00:00:00+00:00,2.6594,2.73,2.6267,2.6746,6212035.895785
2019-11-05 00:00:00+00:00,2.6746,2.6947,2.6322,2.6746,5293153.906611
2019-11-06 00:00:00+00:00,2.6743,2.82,2.6479,2.7448,8633537.38242
2019-11-07 00:00:00+00:00,2.7446,2.7549,2.6022,2.6757,9378925.726752
2019-11-08 00:00:00+00:00,2.6758,2.7333,2.621,2.71,7872219.383253
2019-11-09 00:00:00+00:00,2.7091,2.8497,2.7031,2.8009,12964192.96665
2019-11-10 00:00:00+00:00,2.8008,2.837,2.7362,2.777,7305469.524705
2019-11-11 00:00:00+00:00,2.7773,2.7777,2.6655,2.744,5828171.1037
2019-11-12 00:00:00+00:00,2.7438,2.8733,2.7311,2.8152,9014693.33417
2019-11-13 00:00:00+00:00,2.8177,3.0894,2.7851,3.02,19407023.301341
2019-11-14 00:00:00+00:00,3.0189,3.16,2.9666,3.039,20357505.651534
2019-11-15 00:00:00+00:00,3.037,3.07,2.797,3.0389,16687015.248947
2019-11-16 00:00:00+00:00,3.0372,3.0435,2.9115,2.9894,5875410.748617
2019-11-17 00:00:00+00:00,2.9893,2.9894,2.8644,2.91,4777241.256149
2019-11-18 00:00:00+00:00,2.91,2.961,2.6977,2.7885,9896687.156992
2019-11-19 00:00:00+00:00,2.7886,2.8069,2.58,2.7255,12210133.545297
2019-11-20 00:00:00+00:00,2.7279,2.7957,2.63,2.6982,9788974.060772
2019-11-21 00:00:00+00:00,2.6983,2.7153,2.471,2.5456,11822351.34076
2019-11-22 00:00:00+00:00,2.5456,2.5952,2.1,2.3466,25155731.535202
2019-11-23 00:00:00+00:00,2.3434,2.4621,2.2604,2.4266,11394019.118919
2019-11-24 00:00:00+00:00,2.4272,2.4533,2.2,2.2216,10364009.312878
2019-11-25 00:00:00+00:00,2.2218,2.3976,2.02,2.2523,18067328.574598
2019-11-26 00:00:00+00:00,2.2554,2.3578,2.1459,2.2424,16895075.120843
2019-11-27 00:00:00+00:00,2.2437,2.2882,2.1002,2.2242,17482571.172316
2019-11-28 00:00:00+00:00,2.2216,2.3248,2.1711,2.2702,10686163.320838
2019-11-29 00:00:00+00:00,2.2716,2.3763,2.2611,2.3403,9593827.726752
2019-11-30 00:00:00+00:00,2.3403,2.3437,2.1943,2.2373,6609497.051741
2019-12-01 00:00:00+00:00,2.236,2.2385,2.1274,2.1638,7624553.065352
2019-12-02 00:00:00+00:00,2.1634,2.166,2.0524,2.0911,7690564.314598
2019-12-03 00:00:00+00:00,2.0913,2.1891,2.058,2.1222,8035197.925475
2019-12-04 00:00:00+00:00,2.1222,2.17,2.0,2.029,13621672.234095
2019-12-05 00:00:00+00:00,2.0282,2.074,1.9583,2.0068,10777462.949475
2019-12-06 00:00:00+00:00,2.0059,2.1042,1.9685,2.0943,7884108.644559
2019-12-07 00:00:00+00:00,2.0918,2.1114,2.0346,2.044,4979102.437878
2019-12-08 00:00:00+00:00,2.0402,2.085,2.0012,2.0528,4133361.364856
2019-12-09 00:00:00+00:00,2.052,2.0985,2.0151,2.0984,5692654.630081
2019-12-10 00:00:00+00:00,2.0983,2.2862,2.0611,2.2657,23756741.183967
2019-12-11 00:00:00+00:00,2.2655,2.3042,2.147,2.1786,10700085.694165
2019-12-12 00:00:00+00:00,2.1784,2.1951,2.0197,2.1056,10011804.878543
2019-12-13 00:00:00+00:00,2.1037,2.121,2.0575,2.0709,4103172.485886
2019-12-14 00:00:00+00:00,2.0713,2.0933,1.97,1.9946,3558852.032907
2019-12-15 00:00:00+00:00,1.9947,2.1168,1.9606,2.0708,5298548.406837
2019-12-16 00:00:00+00:00,2.0722,2.0873,1.967,1.9751,5163335.703938
2019-12-17 00:00:00+00:00,1.9705,2.0025,1.7,1.7598,13404189.603779
2019-12-18 00:00:00+00:00,1.7594,1.8995,1.5996,1.8703,15257212.512118
2019-12-19 00:00:00+00:00,1.8703,1.8901,1.749,1.805,9133713.965819
2019-12-20 00:00:00+00:00,1.805,1.9238,1.7849,1.9182,6091824.338371
2019-12-21 00:00:00+00:00,1.9182,1.9204,1.8544,1.8575,4254205.469336
2019-12-22 00:00:00+00:00,1.8563,1.94,1.853,1.9181,5644600.76416
2019-12-23 00:00:00+00:00,1.9167,1.9532,1.846,1.8629,5427329.28527
2019-12-24 00:00:00+00:00,1.8638,1.8854,1.8154,1.8435,4213545.308207
2019-12-25 00:00:00+00:00,1.8434,1.8462,1.76,1.7826,2850096.336449
2019-12-26 00:00:00+00:00,1.7836,1.9604,1.7702,1.8539,4968900.806642
2019-12-27 00:00:00+00:00,1.8538,1.9299,1.8435,1.8751,4554211.728957
2019-12-28 00:00:00+00:00,1.8777,1.8994,1.8555,1.8746,2384012.458777
2019-12-29 00:00:00+00:00,1.8716,1.92,1.8444,1.8976,2639603.916525
2019-12-30 00:00:00+00:00,1.898,1.898,1.8072,1.8243,2036388.793954
2019-12-31 00:00:00+00:00,1.8215,1.8292,1.754,1.7673,2932500.922639
2020-01-01 00:00:00+00:00,1.7678,1.8548,1.7606,1.8111,2106254.74259
2020-01-02 00:00:00+00:00,1.8109,1.8164,1.7065,1.7366,2504308.00848
2020-01-03 00:00:00+00:00,1.7366,1.8292,1.7013,1.804,3187182.290008
2020-01-04 00:00:00+00:00,1.803,1.8446,1.784,1.8242,2252857.636543
2020-01-05 00:00:00+00:00,1.8243,1.8413,1.785,1.7957,2772110.961593
2020-01-06 00:00:00+00:00,1.7954,1.9386,1.7925,1.9374,6220041.881102
2020-01-07 00:00:00+00:00,1.9373,2.1398,1.8993,2.1033,14001167.440691
2020-01-08 00:00:00+00:00,2.1006,2.3495,2.1006,2.1892,27023850.830352
2020-01-09 00:00:00+00:00,2.1877,2.2344,2.0977,2.1886,11033777.878201
2020-01-10 00:00:00+00:00,2.1867,2.2489,2.1455,2.2257,9348490.029328
2020-01-11 00:00:00+00:00,2.2255,2.345,2.218,2.2734,9937638.524702
2020-01-12 00:00:00+00:00,2.273,2.3212,2.212,2.2383,5654985.971158
2020-01-13 00:00:00+00:00,2.2382,2.2382,2.1561,2.1901,4316436.049985
2020-01-14 00:00:00+00:00,2.1904,2.4701,2.1792,2.3751,16495572.985585
2020-01-15 00:00:00+00:00,2.3751,2.5604,2.3332,2.3953,15725822.570767
2020-01-16 00:00:00+00:00,2.3991,2.51,2.2932,2.4925,11961158.69569
2020-01-17 00:00:00+00:00,2.4924,2.86,2.4589,2.7006,32928477.751669
2020-01-18 00:00:00+00:00,2.7006,2.7946,2.58,2.7709,12187370.41578
2020-01-19 00:00:00+00:00,2.7749,2.8475,2.5385,2.6212,17723998.926728
2020-01-20 00:00:00+00:00,2.6207,2.7443,2.5425,2.688,10966736.422783
2020-01-21 00:00:00+00:00,2.6881,2.744,2.57,2.6716,8677468.397662
2020-01-22 00:00:00+00:00,2.6724,2.6978,2.6187,2.6426,4351550.91377
2020-01-23 00:00:00+00:00,2.6425,2.647,2.4256,2.4698,11989939.300899
2020-01-24 00:00:00+00:00,2.4695,2.533,2.3638,2.5024,10232694.793375
2020-01-25 00:00:00+00:00,2.5024,2.51,2.421,2.4468,4631083.628652
2020-01-26 00:00:00+00:00,2.4425,2.5764,2.4266,2.5764,4876802.332708
2020-01-27 00:00:00+00:00,2.5764,2.6764,2.5656,2.6055,8983048.130743
2020-01-28 00:00:00+00:00,2.6051,2.67,2.5868,2.6558,8190994.708915
2020-01-29 00:00:00+00:00,2.6544,2.8348,2.6316,2.7773,14425009.197172
2020-01-30 00:00:00+00:00,2.7785,2.9482,2.7167,2.9156,16529966.221006
2020-01-31 00:00:00+00:00,2.912,2.9153,2.7628,2.8259,11114615.65424
2020-02-01 00:00:00+00:00,2.8258,2.88,2.7438,2.8378,7681755.743857
2020-02-02 00:00:00+00:00,2.8372,2.8869,2.7314,2.8267,9768511.051874
2020-02-03 00:00:00+00:00,2.8225,2.879,2.7451,2.771,8691569.654548
2020-02-04 00:00:00+00:00,2.7713,2.8038,2.6751,2.7395,12270090.086861
2020-02-05 00:00:00+00:00,2.7397,2.8845,2.7261,2.839,12053160.78155
2020-02-06 00:00:00+00:00,2.836,2.9436,2.79,2.89,12632075.944485
2020-02-07 00:00:00+00:00,2.89,3.3682,2.8882,3.3072,47536114.156012
2020-02-08 00:00:00+00:00,3.3071,3.4865,3.131,3.4171,33442719.414118
2020-02-09 00:00:00+00:00,3.4179,3.4984,3.233,3.4945,20655537.547869
2020-02-10 00:00:00+00:00,3.4927,3.4972,3.2806,3.3862,22873780.17518
2020-02-11 00:00:00+00:00,3.3874,3.9964,3.35,3.9931,43237892.692082
2020-02-12 00:00:00+00:00,3.9937,4.2,3.8472,3.9953,55003441.647905
2020-02-13 00:00:00+00:00,3.993,4.1147,3.7123,3.8765,32416055.398167
2020-02-14 00:00:00+00:00,3.8753,4.487,3.7873,4.426,43468717.183474
2020-02-15 00:00:00+00:00,4.4262,4.621,4.065,4.3241,68514672.461874
2020-02-16 00:00:00+00:00,4.3215,4.8671,4.0384,4.4566,99672983.283162
2020-02-17 00:00:00+00:00,4.4563,4.5522,3.8449,4.3108,80859272.12602
2020-02-18 00:00:00+00:00,4.3059,4.636,4.1416,4.5523,52870430.990999
2020-02-19 00:00:00+00:00,4.5539,4.8355,4.193,4.3873,46417990.67109
2020-02-20 00:00:00+00:00,4.384,4.4865,4.0673,4.2644,48988610.962952
2020-02-21 00:00:00+00:00,4.2666,4.5127,4.184,4.2778,33610465.144214
2020-02-22 00:00:00+00:00,4.2789,4.35,4.0332,4.1066,27976312.645338
2020-02-23 00:00:00+00:00,4.1006,4.3768,4.0693,4.2365,24032570.083964
2020-02-24 00:00:00+00:00,4.2366,4.2871,3.7916,3.9148,34393400.24606
2020-02-25 00:00:00+00:00,3.9179,3.96,3.4864,3.4905,45560015.711433
2020-02-26 00:00:00+00:00,3.4874,3.8587,3.3113,3.5648,79253903.994869
2020-02-27 00:00:00+00:00,3.5648,4.132,3.4197,3.9579,73709388.667313
2020-02-28 00:00:00+00:00,3.9568,4.2395,3.75,4.1609,72869826.761623
2020-02-29 00:00:00+00:00,4.1614,4.3535,4.0572,4.0579,52784929.732009
2020-03-01 00:00:00+00:00,4.06,4.2385,3.7607,3.859,58869388.27488
2020-03-02 00:00:00+00:00,3.8622,4.3435,3.8173,4.2423,52493228.923206
2020-03-03 00:00:00+00:00,4.2421,4.68,4.1249,4.5846,75145836.87199
2020-03-04 00:00:00+00:00,4.5873,4.9762,4.5333,4.6406,88271977.43112
2020-03-05 00:00:00+00:00,4.6388,4.899,4.6239,4.7151,56507767.004489
2020-03-06 00:00:00+00:00,4.7144,4.78,4.5429,4.6814,35594630.161441
2020-03-07 00:00:00+00:00,4.6813,4.6863,4.3143,4.3412,37077348.439829
2020-03-08 00:00:00+00:00,4.3468,4.4646,3.85,4.0537,76704000.260849
2020-03-09 00:00:00+00:00,4.0537,4.369,3.6012,4.1231,117048733.6128
2020-03-10 00:00:00+00:00,4.1237,4.2119,3.9132,4.0839,73423955.1774
2020-03-11 00:00:00+00:00,4.0842,4.11,3.5514,3.8169,74775482.53567
2020-03-12 00:00:00+00:00,3.817,3.8519,0.0001,1.9931,190728042.065768
2020-03-13 00:00:00+00:00,1.999,2.752,1.36,2.4333,158669681.822411
2020-03-14 00:00:00+00:00,2.4328,2.5141,2.0607,2.1379,49665845.0193
2020-03-15 00:00:00+00:00,2.1401,2.4,2.015,2.0884,51979848.940518
2020-03-16 00:00:00+00:00,2.0868,2.0898,1.5571,1.7832,83730824.597792
2020-03-17 00:00:00+00:00,1.7832,2.069,1.73,1.8641,63607268.71138
2020-03-18 00:00:00+00:00,1.866,1.9543,1.762,1.9483,41616263.148234
2020-03-19 00:00:00+00:00,1.9497,2.37,1.8841,2.2398,72131641.874988
2020-03-20 00:00:00+00:00,2.2409,2.6249,2.0143,2.26,92950604.203597
2020-03-21 00:00:00+00:00,2.2631,2.375,2.105,2.2787,43555963.344588
2020-03-22 00:00:00+00:00,2.2754,2.33,1.9334,1.9898,45651954.71691
2020-03-23 00:00:00+00:00,1.9889,2.3,1.9352,2.2468,50113221.86206
2020-03-24 00:00:00+00:00,2.247,2.3709,2.195,2.3104,42125779.988059
2020-03-25 00:00:00+00:00,2.3109,2.35,2.1804,2.257,25603393.547877
2020-03-26 00:00:00+00:00,2.2569,2.3132,2.1884,2.3132,15381812.42816
2020-03-27 00:00:00+00:00,2.3125,2.3599,2.1055,2.1373,18458235.878502
2020-03-28 00:00:00+00:00,2.1372,2.1544,2.0372,2.1364,23165235.569611
2020-03-29 00:00:00+00:00,2.1356,2.152,2.007,2.0083,14309647.633855
2020-03-30 00:00:00+00:00,2.0083,2.2,2.0006,2.135,17962419.164607
2020-03-31 00:00:00+00:00,2.1348,2.302,2.1102,2.2658,18900217.731304
2020-04-01 00:00:00+00:00,2.2657,2.2999,2.14,2.2753,29903847.761825
2020-04-02 00:00:00+00:00,2.2764,2.485,2.2566,2.2941,30798141.032473
2020-04-03 00:00:00+00:00,2.294,2.3837,2.2652,2.3013,19628894.276646
2020-04-04 00:00:00+00:00,2.2995,2.3423,2.2545,2.3155,14060279.534739
2020-04-05 00:00:00+00:00,2.3155,2.3219,2.2437,2.2635,7361336.519118
2020-04-06 00:00:00+00:00,2.2638,2.5677,2.2621,2.5555,29594871.538147
2020-04-07 00:00:00+00:00,2.5556,2.908,2.555,2.7303,83403369.18591
2020-04-08 00:00:00+00:00,2.7295,3.2748,2.7124,3.1693,80619866.264211
2020-04-09 00:00:00+00:00,3.1695,3.4741,3.1224,3.3099,122792285.89866
2020-04-10 00:00:00+00:00,3.3099,3.3199,2.945,3.22,136026639.499367
2020-04-11 00:00:00+00:00,3.2207,3.4364,3.0629,3.29,99484494.047391
2020-04-12 00:00:00+00:00,3.2912,3.6412,3.167,3.4189,111420529.959802
2020-04-13 00:00:00+00:00,3.4117,3.4602,3.2,3.3702,99093977.113535
2020-04-14 00:00:00+00:00,3.3719,3.4437,3.21,3.252,57101788.376537
2020-04-15 00:00:00+00:00,3.2517,3.3061,3.1085,3.1212,50161624.541745
2020-04-16 00:00:00+00:00,3.1212,3.5555,2.9761,3.4851,81880780.976227
2020-04-17 00:00:00+00:00,3.4831,3.525,3.3778,3.4523,43843772.888384
2020-04-18 00:00:00+00:00,3.4525,3.83,3.447,3.7805,59767496.007162
2020-04-19 00:00:00+00:00,3.7814,3.8102,3.5131,3.5902,59872603.955703
2020-04-20 00:00:00+00:00,3.5885,3.792,3.372,3.4322,73867372.338287
2020-04-21 00:00:00+00:00,3.4317,3.5719,3.3903,3.4577,48394710.657951
2020-04-22 00:00:00+00:00,3.4593,3.6904,3.4327,3.6786,43010614.01199
2020-04-23 00:00:00+00:00,3.6787,3.9101,3.5968,3.7533,53390059.847793
2020-04-24 00:00:00+00:00,3.7551,3.8874,3.7364,3.7735,30361499.52359
2020-04-25 00:00:00+00:00,3.7735,3.9062,3.742,3.7865,23261065.041254
2020-04-26 00:00:00+00:00,3.7865,3.816,3.6432,3.721,30808734.632196
2020-04-27 00:00:00+00:00,3.7212,3.7385,3.4621,3.6383,40891564.502353
2020-04-28 00:00:00+00:00,3.6373,3.7354,3.5554,3.6413,26928714.472057
2020-04-29 00:00:00+00:00,3.6422,3.9918,3.63,3.8879,57370181.286304
2020-04-30 00:00:00+00:00,3.8881,3.9741,3.62,3.7025,51376800.294297
2020-05-01 00:00:00+00:00,3.7014,3.9162,3.7003,3.7571,30928293.222303
2020-05-02 00:00:00+00:00,3.7571,3.86,3.73,3.8182,16996494.732517
2020-05-03 00:00:00+00:00,3.8186,3.86,3.6379,3.7092,20891814.879718
2020-05-04 00:00:00+00:00,3.7098,3.8272,3.5033,3.7499,40395738.452247
2020-05-05 00:00:00+00:00,3.7496,3.814,3.654,3.6833,17621530.53707
2020-05-06 00:00:00+00:00,3.682,3.7654,3.57,3.5872,19570134.054998
2020-05-07 00:00:00+00:00,3.5874,3.85,3.5633,3.756,31361055.942226
2020-05-08 00:00:00+00:00,3.758,3.859,3.6874,3.801,27986549.846176
2020-05-09 00:00:00+00:00,3.8001,4.2129,3.7601,4.015,61673011.985419
2020-05-10 00:00:00+00:00,4.0149,4.0197,3.4602,3.7582,73819362.155943
2020-05-11 00:00:00+00:00,3.7574,3.832,3.2865,3.5837,47852980.089775
2020-05-12 00:00:00+00:00,3.5838,3.7932,3.54,3.6943,28881156.065597
2020-05-13 00:00:00+00:00,3.6938,3.815,3.6366,3.7655,22305758.75735
2020-05-14 00:00:00+00:00,3.7654,3.8583,3.6947,3.8096,27791822.366878
2020-05-15 00:00:00+00:00,3.8093,3.8337,3.6144,3.6615,20834597.144413
2020-05-16 00:00:00+00:00,3.6626,3.79,3.6168,3.7614,15074632.82974
2020-05-17 00:00:00+00:00,3.7621,3.8524,3.7526,3.7815,13836374.900628
2020-05-18 00:00:00+00:00,3.7815,3.95,3.7786,3.8895,22325924.800608
2020-05-19 00:00:00+00:00,3.8895,3.9488,3.7734,3.947,14566206.961468
2020-05-20 00:00:00+00:00,3.9466,4.1388,3.8955,4.0866,39739891.923841
2020-05-21 00:00:00+00:00,4.088,4.174,3.7292,3.8298,41318047.346203
2020-05-22 00:00:00+00:00,3.8307,4.1447,3.7932,4.0611,28640710.818572
2020-05-23 00:00:00+00:00,4.062,4.1072,3.91,3.925,23409323.210431
2020-05-24 00:00:00+00:00,3.9242,4.0262,3.7844,3.7917,24381695.037582
2020-05-25 00:00:00+00:00,3.7878,3.9073,3.77,3.8614,17123412.802926
2020-05-26 00:00:00+00:00,3.8634,3.8816,3.7689,3.844,14457491.49291
2020-05-27 00:00:00+00:00,3.8436,3.9143,3.8065,3.8526,14676078.521812
2020-05-28 00:00:00+00:00,3.8542,4.0601,3.827,4.0461,16636880.49073
2020-05-29 00:00:00+00:00,4.0462,4.13,3.9488,3.98,21163186.505656
2020-05-30 00:00:00+00:00,3.982,4.18,3.943,4.1763,19356855.902123
2020-05-31 00:00:00+00:00,4.178,4.2838,4.041,4.131,25986422.584228
2020-06-01 00:00:00+00:00,4.1278,4.48,4.1175,4.3785,38003418.526322
2020-06-02 00:00:00+00:00,4.3795,4.6185,4.1075,4.3976,36032762.072281
2020-06-03 00:00:00+00:00,4.3987,4.53,4.2898,4.4892,18674008.891019
2020-06-04 00:00:00+00:00,4.4881,4.5081,4.2864,4.4243,14276426.128534
2020-06-05 00:00:00+00:00,4.4263,4.486,4.3405,4.358,10222018.438044
2020-06-06 00:00:00+00:00,4.3569,4.3979,4.3034,4.3512,5990660.11973
2020-06-07 00:00:00+00:00,4.3513,4.41,4.2068,4.3465,9251257.559036
2020-06-08 00:00:00+00:00,4.3487,4.4759,4.325,4.473,8929343.506046
2020-06-09 00:00:00+00:00,4.4753,4.5062,4.3605,4.435,10188354.437975
2020-06-10 00:00:00+00:00,4.4374,4.4404,4.3426,4.4225,9805902.949828
2020-06-11 00:00:00+00:00,4.4207,4.4503,3.91,3.9565,27281682.636331
2020-06-12 00:00:00+00:00,3.953,4.1874,3.8573,4.0819,19678935.310617
2020-06-13 00:00:00+00:00,4.0807,4.1346,4.0054,4.11,6524511.677829
2020-06-14 00:00:00+00:00,4.11,4.1134,3.9143,3.9371,6841578.031834
2020-06-15 00:00:00+00:00,3.9395,3.9889,3.6551,3.9274,26068942.977983
2020-06-16 00:00:00+00:00,3.9254,4.0918,3.8935,4.0502,14554530.182153
2020-06-17 00:00:00+00:00,4.0502,4.2,3.957,4.1659,17558113.834275
2020-06-18 00:00:00+00:00,4.1663,4.2491,4.0957,4.1415,13969700.005075
2020-06-19 00:00:00+00:00,4.1417,4.1839,4.0521,4.098,9970938.730321
2020-06-20 00:00:00+00:00,4.0978,4.2072,4.0654,4.1765,10014907.932098
2020-06-21 00:00:00+00:00,4.1762,4.2058,4.1395,4.1812,5582676.143464
2020-06-22 00:00:00+00:00,4.1819,4.4859,4.176,4.4841,20337993.409293
2020-06-23 00:00:00+00:00,4.484,4.9422,4.4254,4.8051,51490875.405939
2020-06-24 00:00:00+00:00,4.8061,4.9411,4.4986,4.7075,48438749.917063
2020-06-25 00:00:00+00:00,4.7075,4.8407,4.5033,4.8134,33201638.532615
2020-06-26 00:00:00+00:00,4.8129,4.8587,4.6424,4.6813,26122757.013841
2020-06-27 00:00:00+00:00,4.683,4.6957,4.3,4.4058,27809003.537887
2020-06-28 00:00:00+00:00,4.4051,4.62,4.3647,4.5668,21438525.932538
2020-06-29 00:00:00+00:00,4.5658,4.65,4.4232,4.6187,21719855.120024
2020-06-30 00:00:00+00:00,4.6192,4.6622,4.5337,4.5626,13846694.623755
2020-07-01 00:00:00+00:00,4.5625,4.73,4.5217,4.7067,18974243.782419
2020-07-02 00:00:00+00:00,4.7068,4.9181,4.6025,4.7996,36415952.505931
2020-07-03 00:00:00+00:00,4.7998,4.8964,4.7031,4.7309,22310627.42872
2020-07-04 00:00:00+00:00,4.73,4.8539,4.7186,4.82,13800358.488113
2020-07-05 00:00:00+00:00,4.8198,4.8325,4.6118,4.7439,17222148.352507
2020-07-06 00:00:00+00:00,4.7426,5.5,4.7362,5.3617,61715137.636092
2020-07-07 00:00:00+00:00,5.3613,5.889,5.33,5.7248,77507285.647053
2020-07-08 00:00:00+00:00,5.7245,6.5782,5.592,6.4987,103639173.926565
2020-07-09 00:00:00+00:00,6.5001,6.5006,5.7029,6.082,78926963.649899
2020-07-10 00:00:00+00:00,6.082,6.2009,5.7096,6.1488,59206657.003459
2020-07-11 00:00:00+00:00,6.15,6.27,5.961,6.0994,33306983.432903
2020-07-12 00:00:00+00:00,6.1043,7.3898,6.0975,7.3345,128119147.502207
2020-07-13 00:00:00+00:00,7.3447,8.48,6.8525,7.163,235671215.534008
2020-07-14 00:00:00+00:00,7.1616,8.3446,6.965,8.1321,192793205.386486
2020-07-15 00:00:00+00:00,8.1315,8.908,7.8309,8.6494,172454027.970736
2020-07-16 00:00:00+00:00,8.6486,8.8822,7.9427,8.354,173628619.952191
2020-07-17 00:00:00+00:00,8.3545,8.6444,8.2,8.2605,73132110.990298
2020-07-18 00:00:00+00:00,8.2589,8.2648,7.657,7.9734,90986110.877302
2020-07-19 00:00:00+00:00,7.9731,8.21,7.7782,8.0784,54936816.029277
2020-07-20 00:00:00+00:00,8.0848,8.1388,7.121,7.2301,84263150.672353
2020-07-21 00:00:00+00:00,7.2301,7.6788,6.9232,7.3101,80041038.794645
2020-07-22 00:00:00+00:00,7.3086,7.6365,7.0832,7.4689,70889640.581397
2020-07-23 00:00:00+00:00,7.469,8.099,7.4029,7.8983,85602332.793113
2020-07-24 00:00:00+00:00,7.8982,7.9304,7.384,7.4284,55872769.49791
2020-07-25 00:00:00+00:00,7.4284,7.8009,7.3744,7.672,57301182.627428
2020-07-26 00:00:00+00:00,7.6737,7.945,7.1885,7.5022,80431491.353258
2020-07-27 00:00:00+00:00,7.5009,7.5045,6.5101,7.1,117115066.796146
2020-07-28 00:00:00+00:00,7.099,7.4243,6.9106,7.2333,60812597.213253
2020-07-29 00:00:00+00:00,7.2332,7.4871,6.9867,7.0876,50881041.657358
2020-07-30 00:00:00+00:00,7.0876,7.5757,7.0253,7.4093,56187278.516101
2020-07-31 00:00:00+00:00,7.4093,7.8649,7.4085,7.8033,57010133.853312
2020-08-01 00:00:00+00:00,7.8025,8.472,7.6373,8.3248,74293026.607006
2020-08-02 00:00:00+00:00,8.3216,8.7972,6.87,8.2814,187308467.652054
2020-08-03 00:00:00+00:00,8.2851,9.2707,8.1408,9.2502,110153067.259904
2020-08-04 00:00:00+00:00,9.2502,9.9645,9.0807,9.8687,175441511.349966
2020-08-05 00:00:00+00:00,9.8686,9.8686,9.3207,9.5253,92516426.181216
2020-08-06 00:00:00+00:00,9.5265,10.2917,9.4515,10.2343,88144051.281299
2020-08-07 00:00:00+00:00,10.2284,10.2615,9.05,10.1286,115615702.847156
2020-08-08 00:00:00+00:00,10.1286,13.8799,9.9287,12.7093,344524050.251085
2020-08-09 00:00:00+00:00,12.7095,14.4586,12.0,13.8104,380027221.109276
2020-08-10 00:00:00+00:00,13.8105,14.0551,12.52,13.4722,240435838.158743
2020-08-11 00:00:00+00:00,13.4722,13.5403,12.0905,12.9971,225363799.555485
2020-08-12 00:00:00+00:00,12.9999,16.8,12.5936,16.4635,342158761.497398
2020-08-13 00:00:00+00:00,16.4634,18.3488,15.9175,17.1883,527277033.750073
2020-08-14 00:00:00+00:00,17.1728,17.5998,16.3,16.9574,192093622.379803
2020-08-15 00:00:00+00:00,16.9447,19.8303,16.5554,19.2285,330894146.757813
2020-08-16 00:00:00+00:00,19.2108,20.1111,18.5144,18.8061,206509430.890802
2020-08-17 00:00:00+00:00,18.8096,19.7111,15.5,16.8196,248379200.466978
2020-08-18 00:00:00+00:00,16.8064,17.6738,14.69,16.1927,445332598.906783
2020-08-19 00:00:00+00:00,16.1846,17.2554,14.8653,16.1863,297904852.921642
2020-08-20 00:00:00+00:00,16.1884,16.7862,15.7232,16.0483,180390522.546372
2020-08-21 00:00:00+00:00,16.0476,16.1421,12.89,13.8325,376950369.86233
2020-08-22 00:00:00+00:00,13.8342,16.33,13.66,15.8078,252846542.374424
2020-08-23 00:00:00+00:00,15.8085,16.0042,14.6536,15.1428,163472424.139357
2020-08-24 00:00:00+00:00,15.1572,15.8797,14.7,15.1419,129276315.544617
2020-08-25 00:00:00+00:00,15.1363,15.3743,13.4578,14.1164,185468410.615145
2020-08-26 00:00:00+00:00,14.1171,15.6664,14.0537,15.2,169354713.555486
2020-08-27 00:00:00+00:00,15.2088,15.5215,13.9679,14.5234,173417861.594761
2020-08-28 00:00:00+00:00,14.5234,15.4989,14.236,15.1207,108574634.620773
2020-08-29 00:00:00+00:00,15.1136,17.0305,14.9565,16.3612,201913227.676983
2020-08-30 00:00:00+00:00,16.3612,17.7777,16.3547,16.4788,206099731.368455
2020-08-31 00:00:00+00:00,16.4782,16.9495,15.4451,15.5772,157331308.632499
2020-09-01 00:00:00+00:00,15.5746,16.5053,15.0629,16.0333,147310626.184526
2020-09-02 00:00:00+00:00,16.0284,16.3587,14.0,14.7982,156728589.070049
2020-09-03 00:00:00+00:00,14.7922,14.9989,10.8261,11.8895,234194680.238765
2020-09-04 00:00:00+00:00,11.8802,12.904,11.0,12.3708,226424705.221292
2020-09-05 00:00:00+00:00,12.3804,12.7655,9.1,10.6017,278579076.119159
2020-09-06 00:00:00+00:00,10.6087,13.24,9.7155,12.8044,255921102.715099
2020-09-07 00:00:00+00:00,12.806,13.1747,11.17,12.47,258808749.464222
2020-09-08 00:00:00+00:00,12.4744,12.7362,11.0284,11.746,176444797.969033
2020-09-09 00:00:00+00:00,11.7359,12.6566,11.4356,12.3444,129646130.940538
2020-09-10 00:00:00+00:00,12.3452,13.28,12.18,12.4957,192824150.234178
2020-09-11 00:00:00+00:00,12.4948,12.696,12.019,12.4406,92935019.612597
2020-09-12 00:00:00+00:00,12.4406,12.747,12.0934,12.7187,77894547.324634
2020-09-13 00:00:00+00:00,12.7194,13.23,11.7658,12.067,138433490.779564
2020-09-14 00:00:00+00:00,12.0757,12.3863,11.6349,12.1374,106057143.095359
2020-09-15 00:00:00+00:00,12.13,12.24,10.75,10.9314,132790893.203613
2020-09-16 00:00:00+00:00,10.9301,11.3002,10.4771,10.7367,112764173.289477
2020-09-17 00:00:00+00:00,10.7367,11.6759,10.472,11.0139,111006019.313852
2020-09-18 00:00:00+00:00,11.0139,11.1315,9.7863,10.094,93387663.390679
2020-09-19 00:00:00+00:00,10.0938,10.4969,9.8756,10.1209,57003865.43326
2020-09-20 00:00:00+00:00,10.1192,10.6199,9.5,9.7357,75754454.122826
2020-09-21 00:00:00+00:00,9.7394,9.9235,8.5012,8.7114,141463825.603597
2020-09-22 00:00:00+00:00,8.7162,9.08,8.54,8.7401,74013112.799925
2020-09-23 00:00:00+00:00,8.744,8.8016,7.2869,7.6364,146302053.27176
2020-09-24 00:00:00+00:00,7.6404,10.53,7.4761,9.87,244576010.031214
2020-09-25 00:00:00+00:00,9.8701,11.199,9.3771,10.7279,206454816.906008
2020-09-26 00:00:00+00:00,10.7218,11.1,9.9757,10.3169,125904478.046726
2020-09-27 00:00:00+00:00,10.3079,10.991,9.9122,10.7939,105032767.023057
2020-09-28 00:00:00+00:00,10.8,11.07,10.15,10.283,92852705.719628
2020-09-29 00:00:00+00:00,10.2809,10.3882,9.4502,10.135,133367813.411048
2020-09-30 00:00:00+00:00,10.1356,10.2314,9.5768,9.8694,65702358.508233
2020-10-01 00:00:00+00:00,9.8727,10.4119,9.2457,9.6394,95847497.433632
2020-10-02 00:00:00+00:00,9.6394,9.8449,8.7975,9.2167,102858124.310114
2020-10-03 00:00:00+00:00,9.2132,9.5555,9.104,9.269,44596863.209795
2020-10-04 00:00:00+00:00,9.2686,9.466,9.1141,9.3922,43259192.531491
2020-10-05 00:00:00+00:00,9.3906,9.72,9.2629,9.6176,59002318.704904
2020-10-06 00:00:00+00:00,9.6134,9.658,8.563,8.7689,67725437.73261
2020-10-07 00:00:00+00:00,8.769,9.01,8.3817,8.9799,66050966.575883
2020-10-08 00:00:00+00:00,8.9801,9.6909,8.4016,9.5594,98953033.692226
2020-10-09 00:00:00+00:00,9.5519,10.5254,9.3701,10.3959,112848361.622316
2020-10-10 00:00:00+00:00,10.3923,10.92,10.37,10.5198,100981242.650247
2020-10-11 00:00:00+00:00,10.5168,11.0258,10.15,10.8515,86822525.348776
2020-10-12 00:00:00+00:00,10.8515,11.8028,10.6807,11.4259,133822859.020918
2020-10-13 00:00:00+00:00,11.4259,11.5833,10.5221,11.0016,108341426.898189
2020-10-14 00:00:00+00:00,11.0016,11.3536,10.6201,10.8896,85355115.387802
2020-10-15 00:00:00+00:00,10.8896,10.9317,10.455,10.7483,74710678.913053
2020-10-16 00:00:00+00:00,10.7472,10.8935,10.2694,10.5877,70509800.968159
2020-10-17 00:00:00+00:00,10.5867,10.7149,10.4082,10.6267,35094088.72581
2020-10-18 00:00:00+00:00,10.6254,11.0,10.6,10.9409,39786628.520014
2020-10-19 00:00:00+00:00,10.9435,11.2226,10.651,10.9147,48718810.825249
2020-10-20 00:00:00+00:00,10.9116,10.9349,9.7665,9.8589,73348543.718074
2020-10-21 00:00:00+00:00,9.8589,11.1372,9.7864,10.7863,87959927.254485
2020-10-22 00:00:00+00:00,10.7805,12.4173,10.7142,11.9539,120347363.471673
2020-10-23 00:00:00+00:00,11.9551,12.264,11.5784,12.1586,105284717.757531
2020-10-24 00:00:00+00:00,12.1592,12.95,11.9839,12.7001,94696449.50991
2020-10-25 00:00:00+00:00,12.7002,12.8574,11.908,12.1481,86556404.590524
2020-10-26 00:00:00+00:00,12.148,12.4472,11.2594,11.7096,105064062.243032
2020-10-27 00:00:00+00:00,11.7086,12.4774,11.49,11.9224,91572821.516159
2020-10-28 00:00:00+00:00,11.921,12.16,11.15,11.4403,92907204.404543
2020-10-29 00:00:00+00:00,11.4448,11.81,11.0816,11.2772,97764888.03438
2020-10-30 00:00:00+00:00,11.2743,11.4811,10.72,11.09,87953508.452678
2020-10-31 00:00:00+00:00,11.0947,11.3981,10.9053,11.2277,55628362.477468
2020-11-01 00:00:00+00:00,11.2259,11.5885,11.0181,11.5722,43600203.221406
2020-11-02 00:00:00+00:00,11.5681,11.685,10.7049,10.7814,77195587.414894
2020-11-03 00:00:00+00:00,10.7814,10.7814,9.9454,10.3911,103361987.76138
2020-11-04 00:00:00+00:00,10.3982,10.675,9.75,10.4713,87960780.13898
2020-11-05 00:00:00+00:00,10.473,11.2749,10.0764,10.9794,113944704.163996
2020-11-06 00:00:00+00:00,10.9822,12.2813,10.9286,12.1687,127324266.424005
2020-11-07 00:00:00+00:00,12.1686,13.5956,11.3123,11.7638,313997464.19674
2020-11-08 00:00:00+00:00,11.7668,13.1,11.477,12.71,160307018.584043
2020-11-09 00:00:00+00:00,12.7083,13.0026,12.04,12.5107,158185417.453007
2020-11-10 00:00:00+00:00,12.5182,13.278,12.3156,13.0017,159010073.800091
2020-11-11 00:00:00+00:00,13.0017,13.4293,12.75,12.753,123406439.354398
2020-11-12 00:00:00+00:00,12.753,13.0956,12.27,12.4038,112513610.954958
2020-11-13 00:00:00+00:00,12.4038,13.0,12.3079,12.8687,100542935.44233
2020-11-14 00:00:00+00:00,12.8679,12.9335,12.3,12.5574,62985384.748301
2020-11-15 00:00:00+00:00,12.557,12.6484,11.8156,12.1192,70272602.843772
2020-11-16 00:00:00+00:00,12.1199,12.8132,11.9971,12.6223,74513586.46646
2020-11-17 00:00:00+00:00,12.6204,13.4228,12.5414,13.3944,144053287.434351
2020-11-18 00:00:00+00:00,13.3943,14.2669,12.585,13.5598,250471400.734222
2020-11-19 00:00:00+00:00,13.5602,14.0,13.0111,13.6187,132702779.576659
2020-11-20 00:00:00+00:00,13.6117,14.477,13.4618,14.0933,157339512.781055
2020-11-21 00:00:00+00:00,14.0913,15.5,13.6876,15.4511,205026976.631182
2020-11-22 00:00:00+00:00,15.4408,15.7179,13.8402,14.5098,209484344.072466
2020-11-23 00:00:00+00:00,14.5098,15.425,14.252,15.2746,185908896.434168
2020-11-24 00:00:00+00:00,15.2648,16.39,14.943,15.6703,244854909.968313
2020-11-25 00:00:00+00:00,15.6637,15.86,13.79,14.2016,143152160.425823
2020-11-26 00:00:00+00:00,14.218,14.4743,11.2939,12.603,307279277.327672
2020-11-27 00:00:00+00:00,12.6036,12.953,11.9454,12.4989,113207146.166308
2020-11-28 00:00:00+00:00,12.5038,13.43,12.3489,13.0853,94277169.777059
2020-11-29 00:00:00+00:00,13.0848,13.4765,12.8408,13.38,86105236.957895
2020-11-30 00:00:00+00:00,13.3855,14.437,13.3855,14.2677,144279297.497666
2020-12-01 00:00:00+00:00,14.2626,14.8328,13.0456,13.3461,156494544.102538
2020-12-02 00:00:00+00:00,13.3544,14.1482,13.05,13.9799,84254383.606195
2020-12-03 00:00:00+00:00,13.9785,14.22,13.6446,13.9749,59535321.277544
2020-12-04 00:00:00+00:00,13.9749,14.0332,12.5101,12.68,77278887.900824
2020-12-05 00:00:00+00:00,12.68,13.3478,12.5265,13.1748,45139625.043621
2020-12-06 00:00:00+00:00,13.1743,13.5282,12.7671,13.5057,51066277.919775
2020-12-07 00:00:00+00:00,13.509,13.5536,12.8671,13.0704,42456988.214556
2020-12-08 00:00:00+00:00,13.0737,13.1929,12.0,12.1356,65179633.510039
2020-12-09 00:00:00+00:00,12.128,12.829,11.5726,12.6212,82265185.579124
2020-12-10 00:00:00+00:00,12.62,12.673,11.8549,11.9172,43505463.200802
2020-12-11 00:00:00+00:00,11.9172,11.9899,11.43,11.6335,58518128.081848
2020-12-12 00:00:00+00:00,11.6393,12.3529,11.601,12.2259,53042649.048896
2020-12-13 00:00:00+00:00,12.228,13.2697,12.021,12.9392,76518629.712782
2020-12-14 00:00:00+00:00,12.9389,12.98,12.3238,12.8502,57479569.418854
2020-12-15 00:00:00+00:00,12.8513,13.022,12.4659,12.6818,40697243.409961
2020-12-16 00:00:00+00:00,12.6786,13.5,12.3119,13.4852,86754874.400685
2020-12-17 00:00:00+00:00,13.484,14.5038,13.0575,13.444,159771314.816353
2020-12-18 00:00:00+00:00,13.444,14.0235,13.1725,13.5001,74887035.618083
2020-12-19 00:00:00+00:00,13.5,13.9697,13.2981,13.4747,63085787.183181
2020-12-20 00:00:00+00:00,13.4748,13.8,12.6752,13.0604,69925342.050334
2020-12-21 00:00:00+00:00,13.0603,13.27,12.1354,12.3049,72463318.720611
2020-12-22 00:00:00+00:00,12.3028,12.84,11.8117,12.7842,76401009.342543
2020-12-23 00:00:00+00:00,12.7811,12.8634,8.05,10.9736,169896907.859621
2020-12-24 00:00:00+00:00,10.973,11.6877,9.8564,11.5724,157801028.127017
2020-12-25 00:00:00+00:00,11.5705,11.9234,11.0601,11.5543,84858112.102137
2020-12-26 00:00:00+00:00,11.564,11.8151,10.6238,10.9809,101097430.676484
2020-12-27 00:00:00+00:00,10.984,13.2448,10.4763,12.1541,227207994.125888
2020-12-28 00:00:00+00:00,12.1542,12.9781,11.971,12.6081,140502595.13623
2020-12-29 00:00:00+00:00,12.608,13.0351,10.8161,11.7786,151908257.485387
2020-12-30 00:00:00+00:00,11.7786,11.99,11.0671,11.2435,88452080.080807
2020-12-31 00:00:00+00:00,11.2437,11.753,10.9039,11.2364,75185499.510762
2021-01-01 00:00:00+00:00,11.2364,12.46,11.0638,11.8477,98568840.49803
2021-01-02 00:00:00+00:00,11.8453,12.4188,11.4303,12.2215,114491937.948875
2021-01-03 00:00:00+00:00,12.2206,13.9999,11.8355,13.6814,205217865.592833
2021-01-04 00:00:00+00:00,13.6815,15.644,12.3713,13.5935,322955066.71522
2021-01-05 00:00:00+00:00,13.5962,14.89,13.0928,14.5162,209370877.254314
2021-01-06 00:00:00+00:00,14.5141,17.2997,14.1427,17.2322,340015154.899592
2021-01-07 00:00:00+00:00,17.2342,17.41,15.0657,15.9628,277758064.872215
2021-01-08 00:00:00+00:00,15.9659,16.1917,14.12,15.2381,229670019.321559
2021-01-09 00:00:00+00:00,15.2395,17.8888,15.0029,17.5501,209291870.637596
2021-01-10 00:00:00+00:00,17.5501,18.4386,15.4418,16.206,280816795.252121
2021-01-11 00:00:00+00:00,16.1998,16.2596,12.5,14.6393,311217081.884431
2021-01-12 00:00:00+00:00,14.6312,15.476,13.6701,13.9655,173492877.43317
2021-01-13 00:00:00+00:00,13.9609,16.2356,13.3701,15.9356,171574472.365628
2021-01-14 00:00:00+00:00,15.9396,17.99,15.33,17.9804,222251134.879382
2021-01-15 00:00:00+00:00,17.9888,21.4533,17.5355,20.7375,747230065.688146
2021-01-16 00:00:00+00:00,20.7405,22.96,19.628,20.1054,604888546.579992
2021-01-17 00:00:00+00:00,20.1003,23.767,19.3729,23.2819,467638469.644666
2021-01-18 00:00:00+00:00,23.2676,23.6862,21.06,22.0336,305185395.253203
2021-01-19 00:00:00+00:00,22.0325,22.8564,20.3774,20.5557,237722946.070185
2021-01-20 00:00:00+00:00,20.5437,21.9788,19.0645,21.8482,253774113.5538
2021-01-21 00:00:00+00:00,21.8421,22.0307,18.0611,18.4119,292463988.986109
2021-01-22 00:00:00+00:00,18.4109,22.4997,17.1269,21.5519,345510917.564393
2021-01-23 00:00:00+00:00,21.5467,25.5,21.14,24.8046,454839786.10718
2021-01-24 00:00:00+00:00,24.8168,24.953,23.1612,24.7935,288463125.649637
2021-01-25 00:00:00+00:00,24.7912,25.7824,22.6,23.3418,306912765.134203
2021-01-26 00:00:00+00:00,23.3418,23.9761,21.65,23.0981,204806722.400524
2021-01-27 00:00:00+00:00,23.0914,23.2295,20.2767,20.9586,231685950.637728
2021-01-28 00:00:00+00:00,20.9586,24.4716,20.501,23.0145,261037335.334986
2021-01-29 00:00:00+00:00,22.9869,24.24,22.045,22.748,268974918.797829
2021-01-30 00:00:00+00:00,22.748,23.98,22.1534,23.6399,170151883.013205
2021-01-31 00:00:00+00:00,23.6491,24.678,22.0603,22.5613,176522664.396065
2021-02-01 00:00:00+00:00,22.5643,23.2,21.6526,22.8757,143840563.077423
2021-02-02 00:00:00+00:00,22.8752,24.1693,22.7354,23.6582,150785695.697183
2021-02-03 00:00:00+00:00,23.6578,25.5674,23.5318,25.087,208371471.102371
2021-02-04 00:00:00+00:00,25.0814,26.15,22.6174,24.492,211454409.799766
2021-02-05 00:00:00+00:00,24.4841,27.0,24.4081,26.3034,261420127.991983
2021-02-06 00:00:00+00:00,26.3023,26.8,24.2081,25.0231,179162080.81319
2021-02-07 00:00:00+00:00,25.0336,25.2836,22.81,24.7254,158090713.43822
2021-02-08 00:00:00+00:00,24.7335,25.98,23.9587,25.4115,176555192.563758
2021-02-09 00:00:00+00:00,25.407,28.0,25.0,27.6034,246830741.984506
2021-02-10 00:00:00+00:00,27.615,28.6412,25.1227,26.8121,318520820.936008
2021-02-11 00:00:00+00:00,26.8,28.5705,26.2172,27.8475,184194154.343396
2021-02-12 00:00:00+00:00,27.8645,31.4485,26.6746,30.6265,284415827.015371
2021-02-13 00:00:00+00:00,30.6404,34.7573,29.07,34.1941,346597837.151995
2021-02-14 00:00:00+00:00,34.1969,35.6945,32.3088,33.1565,320608675.072321
2021-02-15 00:00:00+00:00,33.1555,34.9252,27.5,32.5899,347155987.362537
2021-02-16 00:00:00+00:00,32.5853,33.4269,30.784,31.9632,226739707.795313
2021-02-17 00:00:00+00:00,31.963,32.6705,30.0,32.2324,179236500.482032
2021-02-18 00:00:00+00:00,32.2256,33.5961,31.7785,32.4801,177806526.830069
2021-02-19 00:00:00+00:00,32.4727,35.5072,31.3799,34.6846,283085390.984455
2021-02-20 00:00:00+00:00,34.6846,36.9307,32.0,33.9387,353378014.183607
2021-02-21 00:00:00+00:00,33.9293,35.2918,33.2712,34.0915,177022601.013856
2021-02-22 00:00:00+00:00,34.0916,34.2185,25.2312,31.4542,405234941.614203
2021-02-23 00:00:00+00:00,31.4482,31.6822,20.8088,25.9249,624277459.572454
2021-02-24 00:00:00+00:00,25.9573,29.337,24.505,28.0851,315453616.879729
2021-02-25 00:00:00+00:00,28.0737,28.6802,24.2509,24.7144,215188023.480766
2021-02-26 00:00:00+00:00,24.7144,26.9906,23.6574,25.1862,229379802.333632
2021-02-27 00:00:00+00:00,25.165,27.4472,24.8545,26.1896,197484805.389982
2021-02-28 00:00:00+00:00,26.1941,26.7624,22.8578,24.7016,192931571.231219
2021-03-01 00:00:00+00:00,24.6954,27.7326,24.5758,27.7116,325463708.368687
2021-03-02 00:00:00+00:00,27.7187,30.5251,27.1757,28.4769,280459229.088758
2021-03-03 00:00:00+00:00,28.464,31.43,28.1272,29.85,207575714.103625
2021-03-04 00:00:00+00:00,29.8334,30.5731,27.1891,27.6943,196844608.981791
2021-03-05 00:00:00+00:00,27.6856,28.2338,25.6483,27.8343,156133465.590018
2021-03-06 00:00:00+00:00,27.8195,28.3985,26.2889,28.1479,104430323.982577
2021-03-07 00:00:00+00:00,28.1608,29.1258,27.3859,28.5932,130068525.626605
2021-03-08 00:00:00+00:00,28.5918,31.8469,28.2652,31.8469,214499763.671706
2021-03-09 00:00:00+00:00,31.8227,32.0,30.3639,31.4914,162354930.344317
2021-03-10 00:00:00+00:00,31.4914,31.7934,29.2545,29.9036,149593272.645724
2021-03-11 00:00:00+00:00,29.8743,30.5285,28.5516,30.1166,149748656.001503
2021-03-12 00:00:00+00:00,30.1227,30.411,27.3717,28.3553,138581044.615935
2021-03-13 00:00:00+00:00,28.3523,30.57,26.9326,29.7384,165481441.627432
2021-03-14 00:00:00+00:00,29.7506,30.2,28.5108,28.5469,92035323.393899
2021-03-15 00:00:00+00:00,28.531,29.4217,26.8,27.5091,146211161.745217
2021-03-16 00:00:00+00:00,27.5006,28.1883,26.3975,27.9099,103719656.374653
2021-03-17 00:00:00+00:00,27.91,31.2,27.3027,31.0579,242286489.388598
2021-03-18 00:00:00+00:00,31.0579,31.3588,29.0,29.3949,149811858.606948
2021-03-19 00:00:00+00:00,29.3929,30.551,28.6802,29.777,106995221.745171
2021-03-20 00:00:00+00:00,29.7866,31.4325,29.5701,29.6465,103288551.131955
2021-03-21 00:00:00+00:00,29.6564,30.08,28.5817,29.2097,75950277.119193
2021-03-22 00:00:00+00:00,29.2117,29.4444,27.1362,27.2431,101952820.239153
2021-03-23 00:00:00+00:00,27.2551,27.9351,26.6283,26.7813,100854061.547892
2021-03-24 00:00:00+00:00,26.7831,27.8814,23.61,24.8684,134144662.883672
2021-03-25 00:00:00+00:00,24.8679,26.6401,24.3665,25.535,131267808.362475
2021-03-26 00:00:00+00:00,25.53,27.4,25.3591,27.3927,110639639.877689
2021-03-27 00:00:00+00:00,27.3988,27.4982,26.003,26.8766,54444866.171443
2021-03-28 00:00:00+00:00,26.8765,27.6624,26.0889,26.6588,59540478.333827
2021-03-29 00:00:00+00:00,26.6576,28.6203,26.3886,28.0357,100828209.959639
2021-03-30 00:00:00+00:00,28.0356,28.5735,27.446,27.8301,70951865.805178
2021-03-31 00:00:00+00:00,27.83,29.4401,26.18,29.4167,120899948.307188
2021-04-01 00:00:00+00:00,29.4168,31.125,29.3143,30.0684,163918974.46391
2021-04-02 00:00:00+00:00,30.0808,32.5555,29.361,32.4864,140319884.091602
2021-04-03 00:00:00+00:00,32.4867,33.1707,29.1256,29.293,168809622.793117
2021-04-04 00:00:00+00:00,29.293,31.4643,28.6801,30.7471,92244085.273381
2021-04-05 00:00:00+00:00,30.7473,32.6399,29.6179,32.3791,159550598.481593
2021-04-06 00:00:00+00:00,32.3791,34.9,31.3074,34.725,294619829.342981
2021-04-07 00:00:00+00:00,34.7295,35.12,30.2286,31.109,238994490.26708
2021-04-08 00:00:00+00:00,31.1008,32.8999,30.9466,32.7884,113821093.938442
2021-04-09 00:00:00+00:00,32.787,33.2876,31.2348,31.5893,101198020.859738
2021-04-10 00:00:00+00:00,31.5961,33.0,31.0,31.8944,114002353.797651
2021-04-11 00:00:00+00:00,31.898,34.4397,31.7283,33.8811,164132318.892838
2021-04-12 00:00:00+00:00,33.8811,34.1468,31.8601,33.108,135740510.080708
2021-04-13 00:00:00+00:00,33.1023,35.8645,32.3842,35.5217,209119134.357158
2021-04-14 00:00:00+00:00,35.5416,41.9901,35.0,41.3641,529881704.401301
2021-04-15 00:00:00+00:00,41.3371,44.33,39.6638,42.5601,528586963.212793
2021-04-16 00:00:00+00:00,42.5654,43.2902,38.5273,41.9861,396960532.153648
2021-04-17 00:00:00+00:00,41.9797,44.1116,39.8304,39.9137,285166359.494866
2021-04-18 00:00:00+00:00,39.9135,40.3436,28.8,39.0799,582629851.498307
2021-04-19 00:00:00+00:00,39.0858,41.99,34.8144,35.7359,501387565.857883
2021-04-20 00:00:00+00:00,35.7504,39.3901,33.1933,38.9954,444597297.456849
2021-04-21 00:00:00+00:00,38.9983,39.4872,35.8933,36.2274,300536189.265606
2021-04-22 00:00:00+00:00,36.2364,40.82,33.7859,35.1306,525902201.5961
2021-04-23 00:00:00+00:00,35.1256,35.9643,30.02,35.2121,506298101.483447
2021-04-24 00:00:00+00:00,35.2121,35.3033,31.0,31.2443,217943013.101465
2021-04-25 00:00:00+00:00,31.237,33.432,29.801,31.692,145623471.9601612
2021-04-26 00:00:00+00:00,31.69,35.275,31.363,35.13,227581850.891747
2021-04-27 00:00:00+00:00,35.112,37.665,34.483,36.788,197766128.622712
2021-04-28 00:00:00+00:00,36.786,37.808,34.901,36.233,188502398.651488
2021-04-29 00:00:00+00:00,36.253,37.45,35.0,36.467,185805140.864879
2021-04-30 00:00:00+00:00,36.465,38.79,35.827,38.1,199687110.530773
2021-05-01 00:00:00+00:00,38.101,41.27,37.428,41.257,205646715.546808
2021-05-02 00:00:00+00:00,41.249,41.46,38.69,39.461,207340045.270796
2021-05-03 00:00:00+00:00,39.461,42.728,39.166,42.052,247350302.019397
2021-05-04 00:00:00+00:00,42.06,48.54,38.634,45.527,863252537.6632615
2021-05-05 00:00:00+00:00,45.508,51.2,44.865,49.575,821248409.758113
2021-05-06 00:00:00+00:00,49.576,49.9,45.343,47.154,470680577.330889
2021-05-07 00:00:00+00:00,47.148,51.969,45.666,49.129,516351633.188068
2021-05-08 00:00:00+00:00,49.134,50.265,46.5,48.597,284891150.261694
2021-05-09 00:00:00+00:00,48.607,52.426,45.83,52.269,426793073.532266
2021-05-10 00:00:00+00:00,52.277,53.0,40.7,46.334,558406008.399448
2021-05-11 00:00:00+00:00,46.326,49.0,44.576,48.826,350323815.039442
2021-05-12 00:00:00+00:00,48.805,49.836,40.914,41.622,385143024.003147
2021-05-13 00:00:00+00:00,41.541,44.958,39.227,43.287,465894176.275359
2021-05-14 00:00:00+00:00,43.273,47.875,42.935,46.567,286892711.13827
2021-05-15 00:00:00+00:00,46.558,47.8,40.975,41.492,432508792.292812
2021-05-16 00:00:00+00:00,41.512,44.901,37.944,40.67,405459703.416693
2021-05-17 00:00:00+00:00,40.662,40.674,35.068,37.177,402004417.070571
2021-05-18 00:00:00+00:00,37.176,44.69,36.655,42.566,458446915.797016
2021-05-19 00:00:00+00:00,42.555,43.5,21.0,26.227,955151359.6236063
2021-05-20 00:00:00+00:00,26.227,33.05,22.35,30.606,581361616.798996
2021-05-21 00:00:00+00:00,30.633,31.945,22.019,25.546,441531414.63277
2021-05-22 00:00:00+00:00,25.548,26.2,22.225,23.296,318178020.601505
2021-05-23 00:00:00+00:00,23.293,24.368,15.0,19.844,544418294.525986
2021-05-24 00:00:00+00:00,19.849,26.431,19.677,26.412,438969277.53074
2021-05-25 00:00:00+00:00,26.4,27.644,23.673,27.503,349644756.552859
2021-05-26 00:00:00+00:00,27.505,34.285,26.847,34.018,480343382.033353
2021-05-27 00:00:00+00:00,34.03,35.334,30.033,31.732,489547108.00429
2021-05-28 00:00:00+00:00,31.723,32.185,26.821,27.878,534795267.558348
2021-05-29 00:00:00+00:00,27.872,29.734,24.12,25.365,315256380.511648
2021-05-30 00:00:00+00:00,25.377,29.168,23.7,26.818,312950968.243365
2021-05-31 00:00:00+00:00,26.813,32.159,25.555,32.098,331718286.962684
2021-06-01 00:00:00+00:00,32.098,32.65,29.035,30.719,259984727.939724
2021-06-02 00:00:00+00:00,30.729,32.218,29.669,30.67,206237098.253458
2021-06-03 00:00:00+00:00,30.669,32.856,30.0,32.198,227488589.358243
2021-06-04 00:00:00+00:00,32.199,32.267,27.172,28.826,342066389.421376
2021-06-05 00:00:00+00:00,28.829,30.186,26.044,27.129,225679386.339502
2021-06-06 00:00:00+00:00,27.127,28.19,26.818,27.532,112444104.352036
2021-06-07 00:00:00+00:00,27.53,28.693,24.234,24.584,203643550.99746
2021-06-08 00:00:00+00:00,24.574,25.098,21.334,24.076,295574436.161603
2021-06-09 00:00:00+00:00,24.079,25.626,22.441,25.585,260291692.384243
2021-06-10 00:00:00+00:00,25.589,25.78,22.721,23.114,205165324.424408
2021-06-11 00:00:00+00:00,23.117,23.374,21.0,21.478,173010156.641202
2021-06-12 00:00:00+00:00,21.475,22.287,20.0,21.67,187229450.897955
2021-06-13 00:00:00+00:00,21.671,23.886,20.396,23.312,185046191.056721
2021-06-14 00:00:00+00:00,23.314,25.28,22.837,24.973,205700381.909721
2021-06-15 00:00:00+00:00,24.967,26.458,24.376,24.482,193319127.421206
2021-06-16 00:00:00+00:00,24.48,24.64,22.918,23.044,178533107.224234
2021-06-17 00:00:00+00:00,23.042,24.445,22.81,23.396,124169528.162337
2021-06-18 00:00:00+00:00,23.401,23.425,20.526,21.233,152509020.466292
2021-06-19 00:00:00+00:00,21.236,21.95,20.0,20.246,106637463.105757
2021-06-20 00:00:00+00:00,20.263,22.071,19.077,21.646,137732898.205387
2021-06-21 00:00:00+00:00,21.641,21.881,16.981,17.365,308466419.020081
2021-06-22 00:00:00+00:00,17.357,18.797,15.0,16.85,331778322.879534
2021-06-23 00:00:00+00:00,16.84,19.199,16.149,18.395,198558592.683205
2021-06-24 00:00:00+00:00,18.393,19.525,17.352,19.06,128546084.063027
2021-06-25 00:00:00+00:00,19.06,19.5,16.813,16.87,180427350.819284
2021-06-26 00:00:00+00:00,16.872,17.495,15.92,16.952,139573102.416934
2021-06-27 00:00:00+00:00,16.951,18.412,16.591,18.406,114536575.969322
2021-06-28 00:00:00+00:00,18.407,19.434,17.902,18.83,143388019.449989
2021-06-29 00:00:00+00:00,18.83,20.546,18.752,19.535,156696688.26957
2021-06-30 00:00:00+00:00,19.531,19.776,18.149,19.516,140455540.498243
2021-07-01 00:00:00+00:00,19.517,19.533,17.603,18.186,110692885.333255
2021-07-02 00:00:00+00:00,18.184,18.523,17.256,18.274,96812536.24166
2021-07-03 00:00:00+00:00,18.277,18.894,17.864,18.543,63881017.228346
2021-07-04 00:00:00+00:00,18.543,19.925,18.002,19.242,89744606.463504
2021-07-05 00:00:00+00:00,19.238,19.242,17.767,18.362,97808426.100181
2021-07-06 00:00:00+00:00,18.364,20.271,18.317,20.073,163897700.319879
2021-07-07 00:00:00+00:00,20.073,21.274,19.62,19.788,151741420.254102
2021-07-08 00:00:00+00:00,19.786,19.873,18.138,18.353,147286139.11518
2021-07-09 00:00:00+00:00,18.365,18.877,17.617,18.656,96078729.731306
2021-07-10 00:00:00+00:00,18.656,18.988,17.734,18.204,74281041.51352
2021-07-11 00:00:00+00:00,18.209,18.581,17.861,18.383,50175468.813285
2021-07-12 00:00:00+00:00,18.382,18.609,17.0,17.518,67478473.010961
2021-07-13 00:00:00+00:00,17.514,17.766,16.663,16.87,63065527.862072
2021-07-14 00:00:00+00:00,16.873,17.419,16.014,16.936,91077161.197475
2021-07-15 00:00:00+00:00,16.936,17.238,15.517,15.764,100749032.952886
2021-07-16 00:00:00+00:00,15.764,16.33,15.125,15.234,81425975.08708
2021-07-17 00:00:00+00:00,15.234,15.678,15.02,15.352,79367648.641436
2021-07-18 00:00:00+00:00,15.352,16.078,15.155,15.47,61782528.397115
2021-07-19 00:00:00+00:00,15.475,15.641,14.404,14.528,86687221.757585
2021-07-20 00:00:00+00:00,14.529,14.783,13.384,13.742,106144415.473661
2021-07-21 00:00:00+00:00,13.744,15.797,13.46,15.297,125644680.883429
2021-07-22 00:00:00+00:00,15.3,16.176,14.961,16.071,90861872.183538
2021-07-23 00:00:00+00:00,16.073,16.572,15.23,16.502,82912521.788886
2021-07-24 00:00:00+00:00,16.507,17.132,16.307,16.683,90598549.748561
2021-07-25 00:00:00+00:00,16.687,17.062,16.156,16.746,77949003.95935
2021-07-26 00:00:00+00:00,16.745,19.958,16.662,18.028,266013577.596689
2021-07-27 00:00:00+00:00,18.03,19.58,17.602,19.489,155100408.386629
2021-07-28 00:00:00+00:00,19.483,19.987,18.611,19.109,146917435.66299
2021-07-29 00:00:00+00:00,19.106,19.472,18.608,19.37,78822273.253904
2021-07-30 00:00:00+00:00,19.372,22.666,18.823,22.269,268533799.715331
2021-07-31 00:00:00+00:00,22.269,23.375,21.266,22.713,168549900.215942
2021-08-01 00:00:00+00:00,22.722,23.94,21.789,22.062,201172448.424459
2021-08-02 00:00:00+00:00,22.065,23.975,21.401,23.472,165193520.862074
2021-08-03 00:00:00+00:00,23.474,24.431,22.039,23.942,220346161.674371
2021-08-04 00:00:00+00:00,23.942,25.0,22.869,24.193,196908547.172268
2021-08-05 00:00:00+00:00,24.188,24.335,22.468,24.057,168718502.093171
2021-08-06 00:00:00+00:00,24.051,24.391,22.996,23.89,175331359.863921
2021-08-07 00:00:00+00:00,23.889,25.157,23.626,24.694,151438825.098517
2021-08-08 00:00:00+00:00,24.688,24.946,22.565,23.029,123871284.081399
2021-08-09 00:00:00+00:00,23.026,24.691,22.072,24.197,140917845.704159
2021-08-10 00:00:00+00:00,24.198,25.518,23.736,24.537,161685184.321108
2021-08-11 00:00:00+00:00,24.536,27.313,24.459,25.906,203922175.381076
2021-08-12 00:00:00+00:00,25.902,26.902,24.085,24.944,161099505.1582
2021-08-13 00:00:00+00:00,24.941,27.771,24.715,27.748,129526890.472951
2021-08-14 00:00:00+00:00,27.748,27.955,26.371,27.144,159572397.88547
2021-08-15 00:00:00+00:00,27.139,27.983,25.901,27.901,120758382.482116
2021-08-16 00:00:00+00:00,27.901,30.51,27.638,27.944,272278412.021482
2021-08-17 00:00:00+00:00,27.95,30.299,25.881,26.146,278293062.35701
2021-08-18 00:00:00+00:00,26.145,26.922,24.847,25.341,218987283.912359
2021-08-19 00:00:00+00:00,25.341,27.132,24.479,27.096,205111314.43783
2021-08-20 00:00:00+00:00,27.101,29.048,26.647,28.678,188171433.776857
2021-08-21 00:00:00+00:00,28.681,29.156,27.648,27.844,147280224.130137
2021-08-22 00:00:00+00:00,27.85,28.663,26.785,27.982,118510108.269127
2021-08-23 00:00:00+00:00,27.981,29.3,27.78,28.552,175067867.43627
2021-08-24 00:00:00+00:00,28.556,28.923,25.712,25.728,174291548.746339
2021-08-25 00:00:00+00:00,25.728,26.879,25.279,26.612,152307753.162034
2021-08-26 00:00:00+00:00,26.612,26.94,23.88,24.39,145782918.645656
2021-08-27 00:00:00+00:00,24.38,26.14,24.0,26.04,128684391.282661
2021-08-28 00:00:00+00:00,26.05,26.2,25.36,25.73,75721358.115834
2021-08-29 00:00:00+00:00,25.74,26.57,25.14,25.76,87162661.728826
2021-08-30 00:00:00+00:00,25.77,26.49,24.3,25.04,114577875.3275
2021-08-31 00:00:00+00:00,25.03,27.537,24.69,26.7,202343311.592602
2021-09-01 00:00:00+00:00,26.7,29.81,26.09,29.72,233967142.722385
2021-09-02 00:00:00+00:00,29.72,30.88,28.75,29.95,211324527.158422
2021-09-03 00:00:00+00:00,29.95,31.75,29.05,30.75,210704046.340617
2021-09-04 00:00:00+00:00,30.75,31.17,29.39,29.88,128774927.119
2021-09-05 00:00:00+00:00,29.89,33.61,29.54,33.55,186565201.480855
2021-09-06 00:00:00+00:00,33.54,36.33,32.44,34.81,359725411.704594
2021-09-07 00:00:00+00:00,34.8,35.34,23.79,28.26,675535326.609229
2021-09-08 00:00:00+00:00,28.25,29.19,25.18,27.16,371272295.0182
2021-09-09 00:00:00+00:00,27.17,30.18,26.46,28.01,292636702.9322
2021-09-10 00:00:00+00:00,28.01,29.56,25.62,26.39,269253580.2753
2021-09-11 00:00:00+00:00,26.39,27.71,26.25,26.99,134903434.7141
2021-09-12 00:00:00+00:00,27.0,29.77,26.36,29.42,198717011.401
2021-09-13 00:00:00+00:00,29.42,29.95,25.17,26.96,363906756.6709
2021-09-14 00:00:00+00:00,26.96,30.85,26.73,30.8,290787002.4649
2021-09-15 00:00:00+00:00,30.78,31.46,29.57,30.67,298930029.6147
2021-09-16 00:00:00+00:00,30.68,32.11,29.04,29.8,297027429.0797
2021-09-17 00:00:00+00:00,29.81,30.12,27.38,27.72,204569127.0901
2021-09-18 00:00:00+00:00,27.73,29.46,27.39,28.39,130401775.4333
2021-09-19 00:00:00+00:00,28.39,28.8,26.93,27.36,108695425.7988
2021-09-20 00:00:00+00:00,27.37,27.43,23.0,23.57,303481204.646239
2021-09-21 00:00:00+00:00,23.57,24.39,20.82,21.42,257038365.289715
2021-09-22 00:00:00+00:00,21.42,24.5,21.03,24.45,179127417.377
2021-09-23 00:00:00+00:00,24.45,25.48,23.39,25.41,166632655.2143
2021-09-24 00:00:00+00:00,25.42,25.5,21.35,23.26,243229989.794
2021-09-25 00:00:00+00:00,23.26,24.7,22.03,24.51,162372503.9971
2021-09-26 00:00:00+00:00,24.5,25.38,22.36,24.6,289614171.502
2021-09-27 00:00:00+00:00,24.59,25.47,22.96,23.01,137166091.797
2021-09-28 00:00:00+00:00,23.02,23.75,22.0,22.1,144327578.9825
2021-09-29 00:00:00+00:00,22.09,23.93,22.01,22.85,123228384.4463
2021-09-30 00:00:00+00:00,22.85,24.4,22.72,24.0,132908673.1182
2021-10-01 00:00:00+00:00,24.0,26.7,23.59,26.31,188696923.2822
2021-10-02 00:00:00+00:00,26.32,27.81,25.82,26.89,139984158.8072
2021-10-03 00:00:00+00:00,26.88,28.16,26.5,27.57,122973585.8386
2021-10-04 00:00:00+00:00,27.56,27.67,25.59,26.6,147184107.0616
2021-10-05 00:00:00+00:00,26.62,27.49,26.19,27.23,137177146.17
2021-10-06 00:00:00+00:00,27.23,28.19,25.2,26.8,187167451.6521
2021-10-07 00:00:00+00:00,26.8,27.71,25.9,26.83,161995988.3842
2021-10-08 00:00:00+00:00,26.84,27.46,26.12,26.39,133594013.9075
2021-10-09 00:00:00+00:00,26.4,27.89,26.05,27.45,127639892.4566
2021-10-10 00:00:00+00:00,27.45,27.49,25.44,25.56,104540172.856
2021-10-11 00:00:00+00:00,25.55,26.76,24.63,25.22,110756408.8246
2021-10-12 00:00:00+00:00,25.22,25.27,23.53,24.65,130953565.7681
2021-10-13 00:00:00+00:00,24.63,25.67,24.16,25.66,153577716.8722
2021-10-14 00:00:00+00:00,25.67,27.88,25.38,26.72,208382842.835
2021-10-15 00:00:00+00:00,26.71,27.38,26.01,27.01,203600573.6458
2021-10-16 00:00:00+00:00,27.01,28.7,26.92,27.23,172819229.2902
2021-10-17 00:00:00+00:00,27.22,27.63,25.58,26.54,123093321.2514
2021-10-18 00:00:00+00:00,26.54,26.74,25.26,25.71,114680943.6922
2021-10-19 00:00:00+00:00,25.71,26.29,25.36,25.91,92082312.6447
2021-10-20 00:00:00+00:00,25.9,27.66,25.85,27.49,119651352.5267
2021-10-21 00:00:00+00:00,27.48,29.34,27.19,28.26,275264013.8636
2021-10-22 00:00:00+00:00,28.27,30.04,28.02,28.67,223941941.7964
2021-10-23 00:00:00+00:00,28.68,31.46,28.3,31.36,246544672.1703
2021-10-24 00:00:00+00:00,31.37,31.53,28.72,29.7,172220456.0015
2021-10-25 00:00:00+00:00,29.71,32.9,29.53,32.38,235678353.1584
2021-10-26 00:00:00+00:00,32.38,33.82,31.31,32.52,212122010.7046
2021-10-27 00:00:00+00:00,32.52,33.91,27.91,28.88,365825738.4038
2021-10-28 00:00:00+00:00,28.89,30.85,28.61,30.19,215922508.7382
2021-10-29 00:00:00+00:00,30.19,31.96,29.94,30.96,168280705.9125
2021-10-30 00:00:00+00:00,30.96,31.12,29.16,29.79,113508318.1549
2021-10-31 00:00:00+00:00,29.78,30.68,28.65,30.0,129916693.0723
2021-11-01 00:00:00+00:00,30.0,31.87,29.14,31.66,152394280.3435
2021-11-02 00:00:00+00:00,31.67,32.48,31.0,32.26,147808570.1859
2021-11-03 00:00:00+00:00,32.27,32.78,30.54,31.96,155722212.5987
2021-11-04 00:00:00+00:00,31.97,32.11,30.2,31.0,117107390.041
2021-11-05 00:00:00+00:00,30.99,33.71,30.66,32.86,218324159.8591
2021-11-06 00:00:00+00:00,32.86,33.2,30.72,32.05,142478643.2637
2021-11-07 00:00:00+00:00,32.05,32.59,31.71,32.34,91900787.4229
2021-11-08 00:00:00+00:00,32.34,34.82,32.18,34.46,211438857.9524
2021-11-09 00:00:00+00:00,34.46,35.62,33.38,33.82,188246325.3437
2021-11-10 00:00:00+00:00,33.82,38.31,31.9,34.21,484542930.644952
2021-11-11 00:00:00+00:00,34.21,36.95,33.34,34.69,268520710.2074
2021-11-12 00:00:00+00:00,34.68,35.46,32.67,34.26,203926058.5896
2021-11-13 00:00:00+00:00,34.26,34.58,33.19,34.0,114282890.856
2021-11-14 00:00:00+00:00,34.0,34.43,32.53,33.75,97034110.7755
2021-11-15 00:00:00+00:00,33.75,34.5,31.98,32.04,140614159.6195
2021-11-16 00:00:00+00:00,32.05,32.06,28.0,29.16,307891678.6864
2021-11-17 00:00:00+00:00,29.16,29.74,28.03,29.18,146908040.9354
2021-11-18 00:00:00+00:00,29.19,29.72,25.82,26.55,195432231.2096
2021-11-19 00:00:00+00:00,26.55,28.85,26.08,28.27,138754406.8755
2021-11-20 00:00:00+00:00,28.27,28.72,27.26,28.36,127393978.7966
2021-11-21 00:00:00+00:00,28.37,29.26,27.69,28.98,108852048.0423
2021-11-22 00:00:00+00:00,29.0,29.09,26.31,26.77,130553615.0629
2021-11-23 00:00:00+00:00,26.77,27.57,26.17,26.94,125099886.437
2021-11-24 00:00:00+00:00,26.94,27.15,25.15,25.58,129261942.4865
2021-11-25 00:00:00+00:00,25.58,27.61,25.37,26.41,150830095.8527
2021-11-26 00:00:00+00:00,26.41,26.59,22.9,23.96,260363332.6457
2021-11-27 00:00:00+00:00,23.96,24.99,23.78,24.1,97166554.054
2021-11-28 00:00:00+00:00,24.09,25.01,22.63,24.76,108229165.9946
2021-11-29 00:00:00+00:00,24.76,25.61,24.54,24.99,118292090.3941
2021-11-30 00:00:00+00:00,24.99,26.52,24.11,25.31,147809397.0321
2021-12-01 00:00:00+00:00,25.31,26.9,24.96,25.32,120852707.4284
2021-12-02 00:00:00+00:00,25.32,25.33,24.16,24.55,96880208.5884
2021-12-03 00:00:00+00:00,24.54,25.85,22.44,23.31,139727086.7806
2021-12-04 00:00:00+00:00,23.31,23.36,15.32,20.64,400552429.456512
2021-12-05 00:00:00+00:00,20.65,20.93,18.46,19.48,146003619.8558
2021-12-06 00:00:00+00:00,19.49,20.01,17.21,19.8,156835015.0453
2021-12-07 00:00:00+00:00,19.79,21.18,19.7,21.09,152134118.4617
2021-12-08 00:00:00+00:00,21.08,23.2,20.75,22.91,245695427.8884
2021-12-09 00:00:00+00:00,22.91,23.05,20.25,20.25,175227578.6201
2021-12-10 00:00:00+00:00,20.25,20.88,18.46,18.56,153508749.6456
2021-12-11 00:00:00+00:00,18.55,20.22,18.16,19.97,107528362.3066
2021-12-12 00:00:00+00:00,19.97,20.8,19.2,20.41,63954847.3416
2021-12-13 00:00:00+00:00,20.41,20.56,17.3,17.78,130400790.3866
2021-12-14 00:00:00+00:00,17.78,18.61,17.44,18.44,102484139.1595
2021-12-15 00:00:00+00:00,18.43,20.0,17.26,19.69,130271869.372
2021-12-16 00:00:00+00:00,19.7,20.34,18.69,18.76,97031213.5986
2021-12-17 00:00:00+00:00,18.77,19.23,17.74,18.25,101169381.4316
2021-12-18 00:00:00+00:00,18.26,20.0,17.81,19.54,103094931.359
2021-12-19 00:00:00+00:00,19.53,20.38,18.8,18.86,96439325.2557
2021-12-20 00:00:00+00:00,18.86,19.2,18.04,18.78,93947844.0741
2021-12-21 00:00:00+00:00,18.79,19.67,18.37,19.42,69855265.8686
2021-12-22 00:00:00+00:00,19.41,20.83,19.2,19.93,101027782.2842
2021-12-23 00:00:00+00:00,19.92,22.22,19.57,22.17,159293814.9153
2021-12-24 00:00:00+00:00,22.18,22.66,21.2,21.48,123326698.5812
2021-12-25 00:00:00+00:00,21.48,22.39,21.29,22.1,70245227.3653
2021-12-26 00:00:00+00:00,22.11,23.58,21.12,22.98,147018868.6954
2021-12-27 00:00:00+00:00,22.99,24.49,22.75,23.02,154264723.5371
2021-12-28 00:00:00+00:00,23.02,23.02,20.32,20.37,196524428.5217
2021-12-29 00:00:00+00:00,20.38,20.97,19.53,19.74,141572982.9865
2021-12-30 00:00:00+00:00,19.74,20.44,19.17,19.93,119027096.5511
2021-12-31 00:00:00+00:00,19.94,20.63,19.04,19.51,111303815.013
2022-01-01 00:00:00+00:00,19.52,20.79,19.5,20.76,69230918.4038
2022-01-02 00:00:00+00:00,20.75,22.2,20.57,21.87,109522039.379
2022-01-03 00:00:00+00:00,21.86,23.75,21.25,23.72,180419192.4853
2022-01-04 00:00:00+00:00,23.72,24.49,22.71,23.42,255837161.1855
2022-01-05 00:00:00+00:00,23.43,27.48,22.29,25.24,618136964.5705
2022-01-06 00:00:00+00:00,25.24,25.98,23.34,25.38,417934611.1043
2022-01-07 00:00:00+00:00,25.39,27.33,22.65,25.98,551175663.0047
2022-01-08 00:00:00+00:00,25.98,27.33,23.51,25.32,399127842.1983
2022-01-09 00:00:00+00:00,25.31,28.68,25.08,27.54,506801131.9938
2022-01-10 00:00:00+00:00,27.54,28.51,25.07,27.98,500988361.4577
2022-01-11 00:00:00+00:00,27.98,28.71,25.84,26.59,365234104.8324
2022-01-12 00:00:00+00:00,26.6,27.25,25.61,26.75,273364207.6394
2022-01-13 00:00:00+00:00,26.76,26.76,24.43,24.86,202251622.0303
2022-01-14 00:00:00+00:00,24.86,25.89,23.91,25.72,160797497.4295
2022-01-15 00:00:00+00:00,25.72,26.22,25.11,25.17,106235389.3842
2022-01-16 00:00:00+00:00,25.17,26.34,24.65,25.5,113329790.2881
2022-01-17 00:00:00+00:00,25.51,25.62,23.27,23.79,109015495.323
2022-01-18 00:00:00+00:00,23.79,24.34,22.04,22.96,113153055.2759
2022-01-19 00:00:00+00:00,22.96,23.15,21.22,21.55,125193459.9224
2022-01-20 00:00:00+00:00,21.54,22.98,20.04,20.17,121967570.9576
2022-01-21 00:00:00+00:00,20.18,20.51,17.1,17.42,275442573.2219
2022-01-22 00:00:00+00:00,17.41,17.82,14.24,15.85,299956002.600027
2022-01-23 00:00:00+00:00,15.86,16.88,15.15,16.64,152413055.6084
2022-01-24 00:00:00+00:00,16.63,16.65,13.48,15.58,216929048.321753
2022-01-25 00:00:00+00:00,15.58,16.03,14.59,15.49,117703286.302
2022-01-26 00:00:00+00:00,15.5,16.8,14.68,15.23,155159933.3695
2022-01-27 00:00:00+00:00,15.23,15.71,14.29,15.22,127973205.9005
2022-01-28 00:00:00+00:00,15.22,16.28,14.74,16.15,96104908.219
2022-01-29 00:00:00+00:00,16.14,16.75,15.96,16.23,64038684.7702
2022-01-30 00:00:00+00:00,16.23,18.1,16.01,17.77,131395815.4636
2022-01-31 00:00:00+00:00,17.76,17.88,16.45,17.15,131452085.6335
2022-02-01 00:00:00+00:00,17.15,17.91,16.8,16.98,102234729.4359
2022-02-02 00:00:00+00:00,16.98,17.38,15.56,15.78,78422000.4434
2022-02-03 00:00:00+00:00,15.78,16.33,15.26,16.3,84010991.6284
2022-02-04 00:00:00+00:00,16.31,17.55,16.0,17.5,97039293.2028
2022-02-05 00:00:00+00:00,17.5,18.32,17.42,17.76,89508285.2541
2022-02-06 00:00:00+00:00,17.75,18.17,17.17,18.07,55233444.7925
2022-02-07 00:00:00+00:00,18.06,19.4,17.65,18.88,117087736.9866
2022-02-08 00:00:00+00:00,18.89,19.54,17.72,18.38,121935156.5698
2022-02-09 00:00:00+00:00,18.38,18.75,17.75,18.67,68516797.831
2022-02-10 00:00:00+00:00,18.67,18.75,17.35,17.5,104841441.4918
2022-02-11 00:00:00+00:00,17.51,17.81,15.89,16.21,76473743.4779
2022-02-12 00:00:00+00:00,16.2,16.38,15.56,15.95,66586538.0481
2022-02-13 00:00:00+00:00,15.96,16.33,15.52,15.6,42713256.3958
2022-02-14 00:00:00+00:00,15.61,16.12,15.2,15.9,56833036.2866
2022-02-15 00:00:00+00:00,15.91,17.45,15.81,17.34,68875782.8101
2022-02-16 00:00:00+00:00,17.34,17.41,16.49,17.12,61191862.8681
2022-02-17 00:00:00+00:00,17.13,17.45,15.45,15.59,80145149.8648
2022-02-18 00:00:00+00:00,15.6,16.06,15.03,15.19,59811086.8412
2022-02-19 00:00:00+00:00,15.18,15.68,14.84,15.51,49243295.152
2022-02-20 00:00:00+00:00,15.52,15.53,14.39,14.6,56555136.4965
2022-02-21 00:00:00+00:00,14.61,15.31,13.38,13.51,106352661.976895
2022-02-22 00:00:00+00:00,13.5,14.2,13.02,13.99,80031788.126204
2022-02-23 00:00:00+00:00,13.98,14.66,13.3,13.35,72145875.2838
2022-02-24 00:00:00+00:00,13.34,13.95,11.4,13.27,194779955.280825
2022-02-25 00:00:00+00:00,13.27,14.49,13.08,14.36,82424455.8236
2022-02-26 00:00:00+00:00,14.36,15.05,14.09,14.72,75218312.1233
2022-02-27 00:00:00+00:00,14.71,14.86,13.47,13.64,94148021.37
2022-02-28 00:00:00+00:00,13.64,15.15,13.31,15.13,93550858.3643
2022-03-01 00:00:00+00:00,15.12,15.73,14.72,15.35,97490908.6031
2022-03-02 00:00:00+00:00,15.34,15.87,14.91,15.28,96972346.7457
2022-03-03 00:00:00+00:00,15.29,15.38,14.46,14.89,69108685.0394
2022-03-04 00:00:00+00:00,14.89,14.98,13.54,13.73,85251891.0681
2022-03-05 00:00:00+00:00,13.74,14.27,13.41,14.03,38502970.7803
2022-03-06 00:00:00+00:00,14.02,14.12,13.25,13.32,48376701.6897
2022-03-07 00:00:00+00:00,13.31,13.67,12.42,12.68,94927795.2518
2022-03-08 00:00:00+00:00,12.67,13.56,12.58,13.08,90221634.4376
2022-03-09 00:00:00+00:00,13.08,14.46,13.05,14.01,89907155.634
2022-03-10 00:00:00+00:00,14.0,14.11,12.96,13.17,72953590.5137
2022-03-11 00:00:00+00:00,13.18,13.65,12.8,13.05,61442961.8707
2022-03-12 00:00:00+00:00,13.04,13.46,13.02,13.15,33179306.4054
2022-03-13 00:00:00+00:00,13.15,13.43,12.59,12.7,35795294.9224
2022-03-14 00:00:00+00:00,12.71,13.44,12.6,13.41,60609653.0943
2022-03-15 00:00:00+00:00,13.41,13.8,12.87,13.69,46015312.1289
2022-03-16 00:00:00+00:00,13.69,14.78,13.66,14.66,92216913.7764
2022-03-17 00:00:00+00:00,14.66,14.93,14.23,14.4,60628137.1681
2022-03-18 00:00:00+00:00,14.41,15.27,14.12,15.01,65203270.6102
2022-03-19 00:00:00+00:00,15.0,15.4,14.83,15.01,49510365.2854
2022-03-20 00:00:00+00:00,15.01,15.13,14.42,14.54,42574847.0582
2022-03-21 00:00:00+00:00,14.54,15.28,14.3,15.0,55353265.1045
2022-03-22 00:00:00+00:00,14.99,15.86,14.98,15.43,69966605.0453
2022-03-23 00:00:00+00:00,15.43,15.98,15.13,15.83,59400737.8182
2022-03-24 00:00:00+00:00,15.84,16.44,15.6,16.17,83473816.3395
2022-03-25 00:00:00+00:00,16.16,16.46,15.47,15.59,74390545.181
2022-03-26 00:00:00+00:00,15.6,15.96,15.49,15.83,38109551.5704
2022-03-27 00:00:00+00:00,15.83,16.91,15.63,16.87,63833184.4172
2022-03-28 00:00:00+00:00,16.86,17.37,16.34,16.5,100611693.976
2022-03-29 00:00:00+00:00,16.5,17.52,16.47,16.98,76536909.502
2022-03-30 00:00:00+00:00,16.98,17.58,16.53,17.22,83570486.8355
2022-03-31 00:00:00+00:00,17.21,18.05,16.64,16.91,99995868.4872
2022-04-01 00:00:00+00:00,16.91,17.37,16.16,17.34,76273213.6886
2022-04-02 00:00:00+00:00,17.34,17.87,17.1,17.4,63498083.4955
2022-04-03 00:00:00+00:00,17.4,18.32,17.15,18.08,61222535.4909
2022-04-04 00:00:00+00:00,18.07,18.08,16.82,17.5,66498861.6262
2022-04-05 00:00:00+00:00,17.51,17.66,16.66,16.74,40235806.3799
2022-04-06 00:00:00+00:00,16.75,16.79,15.27,15.41,73962946.5128
2022-04-07 00:00:00+00:00,15.41,15.88,15.1,15.75,44539243.1236
2022-04-08 00:00:00+00:00,15.74,15.91,15.01,15.13,36076432.846
2022-04-09 00:00:00+00:00,15.12,15.47,15.12,15.43,20934233.2204
2022-04-10 00:00:00+00:00,15.43,15.93,15.17,15.24,25031136.9472
2022-04-11 00:00:00+00:00,15.23,15.28,13.51,13.76,56867147.907
2022-04-12 00:00:00+00:00,13.76,14.33,13.63,13.98,36982702.9426
2022-04-13 00:00:00+00:00,13.98,14.22,13.68,14.19,31209233.1008
2022-04-14 00:00:00+00:00,14.2,14.33,13.33,13.65,40058996.1995
2022-04-15 00:00:00+00:00,13.64,14.19,13.63,14.11,25350090.7386
2022-04-16 00:00:00+00:00,14.11,14.28,13.83,14.14,21326680.4148
2022-04-17 00:00:00+00:00,14.14,14.62,13.65,13.73,37678856.6933
2022-04-18 00:00:00+00:00,13.72,14.06,13.14,14.06,53176002.9999
2022-04-19 00:00:00+00:00,14.06,14.42,13.83,14.24,32027601.8026
2022-04-20 00:00:00+00:00,14.24,14.5,13.7,14.02,46019392.9416
2022-04-21 00:00:00+00:00,14.02,14.37,13.34,13.57,41645796.1182
2022-04-22 00:00:00+00:00,13.57,13.88,13.47,13.58,33652260.0545
2022-04-23 00:00:00+00:00,13.58,13.68,13.18,13.31,21095370.5333
2022-04-24 00:00:00+00:00,13.32,13.63,13.21,13.26,24261683.4846
2022-04-25 00:00:00+00:00,13.27,13.51,12.53,13.44,54036943.8854
2022-04-26 00:00:00+00:00,13.44,13.51,12.14,12.37,42323550.2275
2022-04-27 00:00:00+00:00,12.36,12.8,12.3,12.74,40314743.0097
2022-04-28 00:00:00+00:00,12.74,12.99,12.4,12.66,46528598.7315
2022-04-29 00:00:00+00:00,12.66,12.73,11.83,11.97,37407510.2406
2022-04-30 00:00:00+00:00,11.98,12.25,10.65,10.95,49780867.207473
2022-05-01 00:00:00+00:00,10.96,11.5,10.81,11.31,44773156.0761
2022-05-02 00:00:00+00:00,11.3,11.45,10.77,11.17,43794663.6338
2022-05-03 00:00:00+00:00,11.17,11.5,10.8,11.12,43106903.0506
2022-05-04 00:00:00+00:00,11.13,12.23,11.08,12.2,54854651.716
2022-05-05 00:00:00+00:00,12.2,12.29,10.63,10.91,71802693.9503
2022-05-06 00:00:00+00:00,10.91,11.03,10.4,10.79,57237421.550972
2022-05-07 00:00:00+00:00,10.78,10.84,10.0,10.21,27820440.66591
2022-05-08 00:00:00+00:00,10.21,10.38,9.84,10.0,40602718.8936
2022-05-09 00:00:00+00:00,10.0,10.16,8.01,8.1,100610655.720183
2022-05-10 00:00:00+00:00,8.1,9.33,7.89,8.59,121134236.569251
2022-05-11 00:00:00+00:00,8.58,8.85,6.54,6.95,146064756.898573
2022-05-12 00:00:00+00:00,6.95,7.43,5.53,6.56,131329606.19725
2022-05-13 00:00:00+00:00,6.57,7.8,6.48,7.15,70512452.1805
2022-05-14 00:00:00+00:00,7.14,7.44,6.64,7.26,39769756.7776
2022-05-15 00:00:00+00:00,7.26,7.99,7.01,7.96,37873868.8894
2022-05-16 00:00:00+00:00,7.97,7.97,7.16,7.42,56982782.4787
2022-05-17 00:00:00+00:00,7.42,7.98,7.3,7.72,40466316.4093
2022-05-18 00:00:00+00:00,7.72,7.81,6.78,6.81,39277333.097
2022-05-19 00:00:00+00:00,6.81,7.26,6.64,7.22,41012245.0276
2022-05-20 00:00:00+00:00,7.23,7.37,6.75,6.87,37572689.2074
2022-05-21 00:00:00+00:00,6.86,7.12,6.77,7.06,15102458.5424
2022-05-22 00:00:00+00:00,7.05,7.41,6.92,7.33,40008400.7254
2022-05-23 00:00:00+00:00,7.32,7.68,6.98,7.02,37995958.753
2022-05-24 00:00:00+00:00,7.03,7.81,6.72,7.23,42160985.6123
2022-05-25 00:00:00+00:00,7.23,7.4,6.94,6.96,33720204.0734
2022-05-26 00:00:00+00:00,6.96,7.09,6.22,6.57,39950162.1538
2022-05-27 00:00:00+00:00,6.57,6.71,6.2,6.29,41229793.3964
2022-05-28 00:00:00+00:00,6.29,6.66,6.21,6.58,23194522.112
2022-05-29 00:00:00+00:00,6.58,6.75,6.34,6.71,16420032.1576
2022-05-30 00:00:00+00:00,6.72,7.52,6.65,7.46,42810935.3658
2022-05-31 00:00:00+00:00,7.45,7.73,7.18,7.59,39252966.0777
2022-06-01 00:00:00+00:00,7.59,7.77,6.75,6.93,46981037.0894
2022-06-02 00:00:00+00:00,6.93,7.25,6.81,7.19,26875630.649
2022-06-03 00:00:00+00:00,7.19,7.22,6.69,6.85,25773951.6662
2022-06-04 00:00:00+00:00,6.86,7.44,6.68,7.4,21208428.0714
2022-06-05 00:00:00+00:00,7.41,7.89,7.25,7.64,39043094.1822
2022-06-06 00:00:00+00:00,7.64,8.2,7.62,7.97,53998159.3722
2022-06-07 00:00:00+00:00,7.98,9.0,7.31,8.71,94007882.7919
2022-06-08 00:00:00+00:00,8.72,9.0,8.23,8.7,109136255.141
2022-06-09 00:00:00+00:00,8.71,9.64,8.49,9.27,111309516.3347
2022-06-10 00:00:00+00:00,9.27,9.54,8.0,8.04,109820757.8569
2022-06-11 00:00:00+00:00,8.04,8.42,6.94,7.04,91748233.0123
2022-06-12 00:00:00+00:00,7.04,7.14,6.25,6.27,72087245.0119
2022-06-13 00:00:00+00:00,6.26,6.35,5.3,5.93,137029443.70315
2022-06-14 00:00:00+00:00,5.92,6.88,5.39,6.74,138443843.0185
2022-06-15 00:00:00+00:00,6.73,7.38,5.83,7.33,187200794.6955
2022-06-16 00:00:00+00:00,7.33,7.51,6.2,6.36,111579849.2836
2022-06-17 00:00:00+00:00,6.36,6.74,6.26,6.36,52014916.9823
2022-06-18 00:00:00+00:00,6.36,6.47,5.41,5.92,93218207.5501
2022-06-19 00:00:00+00:00,5.92,6.82,5.83,6.6,62030912.3105
2022-06-20 00:00:00+00:00,6.6,7.29,6.31,6.98,69272588.5894
2022-06-21 00:00:00+00:00,6.98,7.57,6.75,6.86,68197003.8219
2022-06-22 00:00:00+00:00,6.86,7.03,6.44,6.63,57398967.9096
2022-06-23 00:00:00+00:00,6.62,7.09,6.61,6.99,45914070.0419
2022-06-24 00:00:00+00:00,6.99,7.44,6.95,7.26,46292015.7441
2022-06-25 00:00:00+00:00,7.27,7.38,6.79,7.26,40043466.4848
2022-06-26 00:00:00+00:00,7.27,7.49,6.68,6.7,39742467.1945
2022-06-27 00:00:00+00:00,6.7,6.99,6.41,6.55,43497628.5187
2022-06-28 00:00:00+00:00,6.56,7.26,6.27,6.32,71863302.4993
2022-06-29 00:00:00+00:00,6.32,6.49,6.13,6.23,43952686.1686
2022-06-30 00:00:00+00:00,6.23,6.32,5.88,6.27,40714345.0006
2022-07-01 00:00:00+00:00,6.27,6.43,5.93,6.08,40304067.281
2022-07-02 00:00:00+00:00,6.07,6.29,5.98,6.22,16983433.6865
2022-07-03 00:00:00+00:00,6.23,6.25,6.01,6.22,17024207.5669
2022-07-04 00:00:00+00:00,6.22,6.46,6.02,6.43,28254559.0332
2022-07-05 00:00:00+00:00,6.43,6.56,6.06,6.31,36673354.3818
2022-07-06 00:00:00+00:00,6.31,6.42,6.17,6.34,24890623.6757
2022-07-07 00:00:00+00:00,6.34,6.76,6.31,6.64,29350846.0899
2022-07-08 00:00:00+00:00,6.64,6.84,6.33,6.36,39817724.4627
2022-07-09 00:00:00+00:00,6.35,6.59,6.34,6.48,17366422.5302
2022-07-10 00:00:00+00:00,6.49,6.49,6.1,6.2,21167272.6431
2022-07-11 00:00:00+00:00,6.2,6.43,5.98,6.04,30320038.2836
2022-07-12 00:00:00+00:00,6.05,6.24,5.92,5.94,23175302.1459
2022-07-13 00:00:00+00:00,5.95,6.19,5.7,6.175,40572266.16831
2022-07-14 00:00:00+00:00,6.176,6.387,5.993,6.275,43730141.85638
2022-07-15 00:00:00+00:00,6.275,6.457,6.121,6.325,62808375.36216
2022-07-16 00:00:00+00:00,6.325,6.618,6.142,6.595,43646748.97339
2022-07-17 00:00:00+00:00,6.596,6.715,6.32,6.347,34758380.0106
2022-07-18 00:00:00+00:00,6.347,7.149,6.329,7.037,71169344.83324
2022-07-19 00:00:00+00:00,7.037,7.37,6.734,7.254,82404411.94676
2022-07-20 00:00:00+00:00,7.255,7.581,6.83,6.867,69775261.95435
2022-07-21 00:00:00+00:00,6.867,7.055,6.645,6.994,43696936.04157
2022-07-22 00:00:00+00:00,6.994,7.285,6.744,6.782,49292620.68294
2022-07-23 00:00:00+00:00,6.783,7.03,6.608,6.844,28813078.96695
2022-07-24 00:00:00+00:00,6.844,7.247,6.841,7.094,35173349.98796
2022-07-25 00:00:00+00:00,7.093,7.145,6.411,6.431,41374561.58907
2022-07-26 00:00:00+00:00,6.431,6.448,6.077,6.341,34545203.78449
2022-07-27 00:00:00+00:00,6.341,6.869,6.187,6.86,35212894.56094
2022-07-28 00:00:00+00:00,6.86,7.295,6.677,7.217,47808997.45995
2022-07-29 00:00:00+00:00,7.218,8.118,7.11,7.883,98558590.00732
2022-07-30 00:00:00+00:00,7.883,8.21,7.668,7.82,66142845.40776
2022-07-31 00:00:00+00:00,7.82,8.092,7.578,7.651,48549080.23288
2022-08-01 00:00:00+00:00,7.652,7.88,7.407,7.57,39088080.69869
2022-08-02 00:00:00+00:00,7.572,7.665,7.02,7.177,52079531.55883
2022-08-03 00:00:00+00:00,7.179,7.638,7.05,7.284,33546977.34701
2022-08-04 00:00:00+00:00,7.284,7.54,7.176,7.364,28733209.82378
2022-08-05 00:00:00+00:00,7.364,7.9,7.348,7.878,40357692.11313
2022-08-06 00:00:00+00:00,7.88,8.11,7.735,7.792,25345730.59329
2022-08-07 00:00:00+00:00,7.792,8.375,7.658,8.343,33651300.35938
2022-08-08 00:00:00+00:00,8.343,8.78,8.224,8.608,69310259.30124
2022-08-09 00:00:00+00:00,8.605,8.953,8.27,8.742,84864026.06994
2022-08-10 00:00:00+00:00,8.74,9.3,8.297,9.055,79825735.52954
2022-08-11 00:00:00+00:00,9.056,9.227,8.823,8.958,54635868.17544
2022-08-12 00:00:00+00:00,8.96,9.5,8.8,9.324,71928677.34532
2022-08-13 00:00:00+00:00,9.326,9.482,9.06,9.144,34905834.67888
2022-08-14 00:00:00+00:00,9.147,9.369,8.677,8.765,39749353.87508
2022-08-15 00:00:00+00:00,8.768,9.057,8.493,8.646,45055104.74294
2022-08-16 00:00:00+00:00,8.644,8.826,8.37,8.452,29624458.82304
2022-08-17 00:00:00+00:00,8.45,8.749,7.99,8.061,41955340.16401
2022-08-18 00:00:00+00:00,8.061,8.241,7.615,7.649,31618611.90682
2022-08-19 00:00:00+00:00,7.647,7.701,6.816,6.899,61153670.24644
2022-08-20 00:00:00+00:00,6.898,7.207,6.66,6.9,36145198.46848
2022-08-21 00:00:00+00:00,6.899,7.177,6.88,7.082,24608503.5207
2022-08-22 00:00:00+00:00,7.083,7.088,6.68,7.044,25530427.23032
2022-08-23 00:00:00+00:00,7.043,7.355,6.772,7.241,29604683.193
2022-08-24 00:00:00+00:00,7.243,7.376,7.016,7.124,19178724.23715
2022-08-25 00:00:00+00:00,7.123,7.372,6.998,7.124,27617025.38008
2022-08-26 00:00:00+00:00,7.125,7.187,6.404,6.504,40263869.003
2022-08-27 00:00:00+00:00,6.501,6.614,6.414,6.529,21266674.965
2022-08-28 00:00:00+00:00,6.531,6.634,6.226,6.255,22016912.24138
2022-08-29 00:00:00+00:00,6.255,6.734,6.2,6.7,22597963.90913
2022-08-30 00:00:00+00:00,6.699,6.827,6.366,6.556,23364279.41051
2022-08-31 00:00:00+00:00,6.558,6.9,6.545,6.627,25150740.90064
2022-09-01 00:00:00+00:00,6.627,6.961,6.445,6.925,22290267.38214
2022-09-02 00:00:00+00:00,6.924,7.24,6.787,6.926,27975817.74945
2022-09-03 00:00:00+00:00,6.926,6.966,6.721,6.859,11180622.5627
2022-09-04 00:00:00+00:00,6.859,7.278,6.79,7.156,28731529.93182
2022-09-05 00:00:00+00:00,7.153,7.424,7.094,7.375,29157524.86369
2022-09-06 00:00:00+00:00,7.375,7.568,6.576,6.659,39622443.78449
2022-09-07 00:00:00+00:00,6.656,7.15,6.57,7.085,32982903.96032
2022-09-08 00:00:00+00:00,7.086,7.5,7.006,7.406,42815707.8057
2022-09-09 00:00:00+00:00,7.406,8.099,7.392,7.742,58479606.59632
2022-09-10 00:00:00+00:00,7.746,8.034,7.616,7.904,47341623.50823
2022-09-11 00:00:00+00:00,7.906,8.173,7.732,8.028,40108401.79013
2022-09-12 00:00:00+00:00,8.029,8.3,7.609,7.762,51621488.53888
2022-09-13 00:00:00+00:00,7.759,7.963,7.02,7.025,53776344.29322
2022-09-14 00:00:00+00:00,7.024,7.54,6.982,7.456,43274790.40934
2022-09-15 00:00:00+00:00,7.454,7.605,7.011,7.566,51848441.89125
2022-09-16 00:00:00+00:00,7.568,7.803,7.419,7.656,50484446.25131
2022-09-17 00:00:00+00:00,7.657,8.143,7.641,8.092,40162313.48519
2022-09-18 00:00:00+00:00,8.092,8.14,7.402,7.523,42768091.98391
2022-09-19 00:00:00+00:00,7.524,7.677,7.005,7.301,56711372.88069
2022-09-20 00:00:00+00:00,7.3,7.337,6.81,6.883,37589384.58074
2022-09-21 00:00:00+00:00,6.884,7.318,6.519,6.68,57418597.63909
2022-09-22 00:00:00+00:00,6.679,7.176,6.638,7.123,31725321.03978
2022-09-23 00:00:00+00:00,7.123,7.492,6.963,7.449,54796588.81423
2022-09-24 00:00:00+00:00,7.45,7.874,7.371,7.629,52838264.16569
2022-09-25 00:00:00+00:00,7.629,8.078,7.563,7.865,67223442.56234
2022-09-26 00:00:00+00:00,7.866,7.957,7.465,7.945,50568452.08945
2022-09-27 00:00:00+00:00,7.942,8.399,7.651,8.056,96376105.35531
2022-09-28 00:00:00+00:00,8.056,8.54,7.722,7.795,129864233.21631
2022-09-29 00:00:00+00:00,7.795,7.949,7.57,7.899,59629415.48128
2022-09-30 00:00:00+00:00,7.904,7.919,7.505,7.585,43081976.47168
2022-10-01 00:00:00+00:00,7.584,7.646,7.313,7.394,25707960.62466
2022-10-02 00:00:00+00:00,7.393,7.545,7.09,7.11,30054052.35212
2022-10-03 00:00:00+00:00,7.111,7.354,7.01,7.33,36913418.83145
2022-10-04 00:00:00+00:00,7.328,7.83,7.323,7.723,48311938.89082
2022-10-05 00:00:00+00:00,7.724,7.943,7.585,7.875,47763393.60037
2022-10-06 00:00:00+00:00,7.876,7.939,7.595,7.632,31618387.5434
2022-10-07 00:00:00+00:00,7.63,7.802,7.473,7.606,31133283.90935
2022-10-08 00:00:00+00:00,7.606,7.656,7.339,7.455,15452064.55222
2022-10-09 00:00:00+00:00,7.455,7.657,7.417,7.63,12449216.75935
2022-10-10 00:00:00+00:00,7.628,7.733,7.321,7.335,27157209.69339
2022-10-11 00:00:00+00:00,7.334,7.384,7.068,7.135,29809359.56152
2022-10-12 00:00:00+00:00,7.135,7.278,7.087,7.145,15824076.15696
2022-10-13 00:00:00+00:00,7.145,7.157,6.306,7.027,50097183.4845
2022-10-14 00:00:00+00:00,7.026,7.25,6.796,6.887,31215130.87252
2022-10-15 00:00:00+00:00,6.886,6.991,6.818,6.886,13798762.56723
2022-10-16 00:00:00+00:00,6.886,7.237,6.876,7.173,15940568.83857
2022-10-17 00:00:00+00:00,7.167,7.374,7.067,7.328,23364961.14815
2022-10-18 00:00:00+00:00,7.33,7.372,6.963,7.127,27259786.93776
2022-10-19 00:00:00+00:00,7.126,7.135,6.698,6.772,20118068.56335
2022-10-20 00:00:00+00:00,6.773,6.912,6.601,6.657,20681408.41961
2022-10-21 00:00:00+00:00,6.658,6.847,6.444,6.809,25846102.59334
2022-10-22 00:00:00+00:00,6.81,6.931,6.725,6.868,8500540.74031
2022-10-23 00:00:00+00:00,6.87,7.092,6.799,7.066,18020720.76184
2022-10-24 00:00:00+00:00,7.067,7.086,6.791,6.906,24335258.79955
2022-10-25 00:00:00+00:00,6.908,7.28,6.814,7.063,38086977.2091
2022-10-26 00:00:00+00:00,7.063,7.29,7.027,7.157,30065054.06679
2022-10-27 00:00:00+00:00,7.158,7.365,6.858,6.892,30714307.53915
2022-10-28 00:00:00+00:00,6.893,7.2,6.83,7.109,22384385.43907
2022-10-29 00:00:00+00:00,7.108,7.661,7.076,7.636,43586411.00135
2022-10-30 00:00:00+00:00,7.637,7.932,7.48,7.782,48314353.79686
2022-10-31 00:00:00+00:00,7.783,8.333,7.664,7.857,67630099.8215
2022-11-01 00:00:00+00:00,7.854,7.923,7.63,7.684,29439256.27702
2022-11-02 00:00:00+00:00,7.683,8.0,7.338,7.437,64029729.00664
2022-11-03 00:00:00+00:00,7.436,8.02,7.388,7.72,62564608.05491
2022-11-04 00:00:00+00:00,7.72,8.898,7.66,8.715,98774017.64201
2022-11-05 00:00:00+00:00,8.715,9.008,8.562,8.663,55895433.24499
2022-11-06 00:00:00+00:00,8.664,8.772,8.094,8.101,45910250.4759
2022-11-07 00:00:00+00:00,8.101,9.261,7.895,8.956,97366046.73339
2022-11-08 00:00:00+00:00,8.956,9.47,6.578,7.708,301313110.23092
2022-11-09 00:00:00+00:00,7.708,7.9,5.775,6.231,159062051.39263
2022-11-10 00:00:00+00:00,6.232,7.51,6.087,7.21,128075832.11045
2022-11-11 00:00:00+00:00,7.209,7.339,6.513,7.044,77651501.14814
2022-11-12 00:00:00+00:00,7.045,7.074,6.158,6.281,97643564.02154
2022-11-13 00:00:00+00:00,6.28,6.545,5.94,6.078,45422401.31609
2022-11-14 00:00:00+00:00,6.077,6.438,5.69,6.291,74288053.37186
2022-11-15 00:00:00+00:00,6.291,6.672,6.207,6.421,58364458.60071
2022-11-16 00:00:00+00:00,6.421,6.564,6.077,6.179,39562816.09355
2022-11-17 00:00:00+00:00,6.18,6.342,6.029,6.225,30263489.00306
2022-11-18 00:00:00+00:00,6.224,6.44,6.069,6.183,32627018.46391
2022-11-19 00:00:00+00:00,6.184,6.22,5.99,6.146,17818230.55664
2022-11-20 00:00:00+00:00,6.146,6.252,5.709,5.768,29792054.05031
2022-11-21 00:00:00+00:00,5.767,5.896,5.528,5.876,45079333.64236
2022-11-22 00:00:00+00:00,5.874,6.485,5.837,6.422,73312569.08168
2022-11-23 00:00:00+00:00,6.423,6.809,6.343,6.707,64504866.00591
2022-11-24 00:00:00+00:00,6.708,6.978,6.586,6.831,45421620.88419
2022-11-25 00:00:00+00:00,6.83,6.993,6.661,6.848,39209013.52817
2022-11-26 00:00:00+00:00,6.848,7.299,6.824,7.156,57109526.62374
2022-11-27 00:00:00+00:00,7.157,7.278,6.858,6.902,35387622.00056
2022-11-28 00:00:00+00:00,6.904,7.347,6.53,7.194,93251021.80269
2022-11-29 00:00:00+00:00,7.194,7.513,7.123,7.318,66419163.60329
2022-11-30 00:00:00+00:00,7.317,7.75,7.272,7.672,62610480.76876
2022-12-01 00:00:00+00:00,7.673,7.812,7.441,7.681,57997359.00621
2022-12-02 00:00:00+00:00,7.681,7.726,7.479,7.61,38484351.5025
2022-12-03 00:00:00+00:00,7.611,7.633,7.207,7.235,27484803.09496
2022-12-04 00:00:00+00:00,7.238,7.47,7.185,7.444,24955057.75554
2022-12-05 00:00:00+00:00,7.442,7.594,7.16,7.275,41707402.26287
2022-12-06 00:00:00+00:00,7.275,7.336,6.957,7.132,38902423.36086
2022-12-07 00:00:00+00:00,7.132,7.158,6.77,6.881,31650320.0927
2022-12-08 00:00:00+00:00,6.881,7.069,6.775,7.0,25863736.07694
2022-12-09 00:00:00+00:00,7.001,7.054,6.796,6.863,21194713.01702
2022-12-10 00:00:00+00:00,6.863,6.921,6.694,6.858,16610861.42092
2022-12-11 00:00:00+00:00,6.857,6.96,6.646,6.7,13753519.50922
2022-12-12 00:00:00+00:00,6.698,6.728,6.457,6.701,25899772.45907
2022-12-13 00:00:00+00:00,6.702,7.101,6.466,6.926,47049528.39863
2022-12-14 00:00:00+00:00,6.926,6.965,6.687,6.718,23701361.48376
2022-12-15 00:00:00+00:00,6.719,6.732,6.386,6.456,26485632.78609
2022-12-16 00:00:00+00:00,6.456,6.543,5.778,5.893,42799427.82887
2022-12-17 00:00:00+00:00,5.892,6.067,5.789,6.03,24567920.30177
2022-12-18 00:00:00+00:00,6.03,6.064,5.914,5.949,13226533.47215
2022-12-19 00:00:00+00:00,5.95,6.066,5.671,5.79,23787722.11608
2022-12-20 00:00:00+00:00,5.789,6.12,5.752,6.013,21314539.93941
2022-12-21 00:00:00+00:00,6.014,6.044,5.885,5.989,12505987.81068
2022-12-22 00:00:00+00:00,5.988,6.04,5.856,6.005,17402389.15747
2022-12-23 00:00:00+00:00,6.005,6.053,5.924,5.941,13360754.86452
2022-12-24 00:00:00+00:00,5.94,5.962,5.88,5.916,6223708.58438
2022-12-25 00:00:00+00:00,5.915,5.996,5.887,5.99,10247507.22446
2022-12-26 00:00:00+00:00,5.989,6.048,5.94,6.048,10661498.31252
2022-12-27 00:00:00+00:00,6.048,6.068,5.846,5.903,14783476.51445
2022-12-28 00:00:00+00:00,5.905,5.913,5.625,5.675,19035813.77013
2022-12-29 00:00:00+00:00,5.676,5.731,5.5,5.601,20058605.6627
2022-12-30 00:00:00+00:00,5.6,5.642,5.413,5.475,18768827.17925
2022-12-31 00:00:00+00:00,5.475,5.627,5.387,5.575,12746327.87999
2023-01-01 00:00:00+00:00,5.575,5.64,5.505,5.628,8172481.03839
2023-01-02 00:00:00+00:00,5.63,5.76,5.548,5.691,14951181.60487
2023-01-03 00:00:00+00:00,5.691,5.724,5.567,5.621,12105562.07781
2023-01-04 00:00:00+00:00,5.621,5.895,5.61,5.809,22133875.52122
2023-01-05 00:00:00+00:00,5.809,5.818,5.606,5.66,16251716.14117
2023-01-06 00:00:00+00:00,5.661,5.73,5.523,5.712,15204458.9633
2023-01-07 00:00:00+00:00,5.713,5.846,5.691,5.83,11501693.13655
2023-01-08 00:00:00+00:00,5.832,5.977,5.755,5.963,13630980.5762
2023-01-09 00:00:00+00:00,5.965,6.255,5.931,6.065,34742722.98921
2023-01-10 00:00:00+00:00,6.064,6.3,5.968,6.166,21181878.72951
2023-01-11 00:00:00+00:00,6.167,6.305,6.01,6.284,22079870.24658
2023-01-12 00:00:00+00:00,6.284,6.412,6.05,6.387,36912811.99152
2023-01-13 00:00:00+00:00,6.386,6.618,6.26,6.605,28529776.55137
2023-01-14 00:00:00+00:00,6.604,7.107,6.45,6.856,70949747.81748
2023-01-15 00:00:00+00:00,6.857,6.926,6.6,6.694,38136470.35041
2023-01-16 00:00:00+00:00,6.694,6.948,6.413,6.669,47802567.248
2023-01-17 00:00:00+00:00,6.67,6.995,6.543,6.804,40872760.76221
2023-01-18 00:00:00+00:00,6.807,6.985,6.256,6.334,55881221.2481
2023-01-19 00:00:00+00:00,6.333,6.545,6.314,6.506,21134635.4237
2023-01-20 00:00:00+00:00,6.506,6.971,6.414,6.941,27830731.73289
2023-01-21 00:00:00+00:00,6.942,7.11,6.802,6.853,45344248.1008
2023-01-22 00:00:00+00:00,6.853,7.271,6.777,6.984,47764216.74929
2023-01-23 00:00:00+00:00,6.983,7.234,6.848,7.015,45756617.40156
2023-01-24 00:00:00+00:00,7.015,7.2,6.525,6.661,37589315.59651
2023-01-25 00:00:00+00:00,6.661,7.099,6.51,6.954,45612002.73189
2023-01-26 00:00:00+00:00,6.955,7.316,6.824,7.169,49340507.52614
2023-01-27 00:00:00+00:00,7.17,7.496,6.922,7.384,49240075.45307
2023-01-28 00:00:00+00:00,7.384,7.509,7.12,7.211,29341991.26285
2023-01-29 00:00:00+00:00,7.21,7.518,7.144,7.372,37008071.6078
2023-01-30 00:00:00+00:00,7.373,7.439,6.748,6.914,35325388.07901
2023-01-31 00:00:00+00:00,6.915,7.074,6.855,6.952,23271447.02712
2023-02-01 00:00:00+00:00,6.952,7.277,6.67,7.214,38229868.24028
2023-02-02 00:00:00+00:00,7.214,7.484,7.035,7.099,41979312.77008
2023-02-03 00:00:00+00:00,7.1,7.338,7.012,7.294,31580344.48917
2023-02-04 00:00:00+00:00,7.293,7.364,7.126,7.237,23306427.94014
2023-02-05 00:00:00+00:00,7.24,7.252,6.861,6.985,24029442.25939
2023-02-06 00:00:00+00:00,6.985,7.063,6.765,6.832,24368382.10801
2023-02-07 00:00:00+00:00,6.831,7.214,6.814,7.197,31940844.58184
2023-02-08 00:00:00+00:00,7.199,7.3,6.952,7.136,35202886.85344
2023-02-09 00:00:00+00:00,7.137,7.817,6.818,6.984,139108115.06778
2023-02-10 00:00:00+00:00,6.983,7.12,6.777,6.89,45977522.77328
2023-02-11 00:00:00+00:00,6.889,7.036,6.853,7.003,15897589.82762
2023-02-12 00:00:00+00:00,7.003,7.09,6.685,6.808,23000593.11427
2023-02-13 00:00:00+00:00,6.81,6.847,6.4,6.669,35797891.451
2023-02-14 00:00:00+00:00,6.669,6.832,6.527,6.808,29402031.08378
2023-02-15 00:00:00+00:00,6.808,7.31,6.726,7.281,36181020.0506
2023-02-16 00:00:00+00:00,7.28,7.495,6.997,7.011,59698915.45343
2023-02-17 00:00:00+00:00,7.011,7.711,6.972,7.65,59820622.23835
2023-02-18 00:00:00+00:00,7.649,8.256,7.495,7.989,90689528.98713
2023-02-19 00:00:00+00:00,7.986,8.289,7.82,8.014,75998996.05408
2023-02-20 00:00:00+00:00,8.01,8.4,7.721,8.017,65299250.76544
2023-02-21 00:00:00+00:00,8.019,8.077,7.505,7.64,45835031.50449
2023-02-22 00:00:00+00:00,7.641,7.752,7.294,7.717,48803507.79223
2023-02-23 00:00:00+00:00,7.717,8.21,7.67,7.935,80670114.08024
2023-02-24 00:00:00+00:00,7.937,8.149,7.22,7.466,75162145.09463
2023-02-25 00:00:00+00:00,7.466,7.491,7.168,7.373,31404475.91232
2023-02-26 00:00:00+00:00,7.371,7.548,7.293,7.497,18856092.10065
2023-02-27 00:00:00+00:00,7.494,7.508,7.121,7.274,29286764.82945
2023-02-28 00:00:00+00:00,7.274,7.422,7.096,7.195,29419842.87225
2023-03-01 00:00:00+00:00,7.196,7.547,7.146,7.536,27768618.58261
2023-03-02 00:00:00+00:00,7.536,7.585,7.163,7.275,20987481.36674
2023-03-03 00:00:00+00:00,7.275,7.276,6.655,6.958,36480196.78213
2023-03-04 00:00:00+00:00,6.958,7.011,6.708,6.857,18824654.48917
2023-03-05 00:00:00+00:00,6.857,7.017,6.807,6.945,13658001.79348
2023-03-06 00:00:00+00:00,6.946,6.981,6.819,6.854,17978200.71398
2023-03-07 00:00:00+00:00,6.857,6.974,6.667,6.881,20542030.2261
2023-03-08 00:00:00+00:00,6.884,6.948,6.494,6.577,27510464.06733
2023-03-09 00:00:00+00:00,6.578,6.69,6.007,6.16,38140540.92253
2023-03-10 00:00:00+00:00,6.161,6.264,5.89,6.215,40558501.03733
2023-03-11 00:00:00+00:00,6.214,6.392,5.92,6.162,34587171.82137
2023-03-12 00:00:00+00:00,6.161,6.574,6.07,6.551,30170146.64141
2023-03-13 00:00:00+00:00,6.552,6.885,6.395,6.761,51948034.91692
2023-03-14 00:00:00+00:00,6.76,7.2,6.608,6.96,61574401.71164
2023-03-15 00:00:00+00:00,6.959,7.11,6.379,6.546,45730101.22589
2023-03-16 00:00:00+00:00,6.546,6.678,6.443,6.656,23828025.7148
2023-03-17 00:00:00+00:00,6.656,7.258,6.597,7.207,48176993.16447
2023-03-18 00:00:00+00:00,7.206,7.299,6.85,6.922,40291430.98778
2023-03-19 00:00:00+00:00,6.922,7.281,6.916,7.081,25619028.29212
2023-03-20 00:00:00+00:00,7.081,7.48,6.91,7.05,64932408.53673
2023-03-21 00:00:00+00:00,7.05,7.47,6.838,7.375,47034209.42232
2023-03-22 00:00:00+00:00,7.375,7.723,7.001,7.173,89425523.05166
2023-03-23 00:00:00+00:00,7.173,7.637,7.086,7.61,44172430.96029
2023-03-24 00:00:00+00:00,7.608,7.659,7.111,7.191,35722855.94783
2023-03-25 00:00:00+00:00,7.191,7.254,6.97,7.075,21478926.48334
2023-03-26 00:00:00+00:00,7.074,7.29,7.049,7.261,14143893.95785
2023-03-27 00:00:00+00:00,7.26,7.274,6.747,6.87,31727920.31528
2023-03-28 00:00:00+00:00,6.871,7.046,6.75,6.947,28070389.00778
2023-03-29 00:00:00+00:00,6.947,7.499,6.927,7.382,42347891.15739
2023-03-30 00:00:00+00:00,7.382,7.558,7.132,7.233,38692226.47443
2023-03-31 00:00:00+00:00,7.23,7.69,7.225,7.588,47505613.77922
2023-04-01 00:00:00+00:00,7.588,7.636,7.427,7.548,20400775.36766
2023-04-02 00:00:00+00:00,7.545,7.546,7.191,7.255,19324327.35443
2023-04-03 00:00:00+00:00,7.255,7.441,7.022,7.245,37805653.34694
2023-04-04 00:00:00+00:00,7.244,7.477,7.202,7.37,32057752.6772
2023-04-05 00:00:00+00:00,7.37,7.606,7.217,7.321,38379947.40469
2023-04-06 00:00:00+00:00,7.322,7.333,7.113,7.201,21549604.48375
2023-04-07 00:00:00+00:00,7.2,7.308,7.106,7.267,13634980.29792
2023-04-08 00:00:00+00:00,7.267,7.297,7.076,7.13,10364315.76619
2023-04-09 00:00:00+00:00,7.129,7.255,7.05,7.203,9153036.08161
2023-04-10 00:00:00+00:00,7.203,7.367,7.131,7.343,19173014.02328
2023-04-11 00:00:00+00:00,7.344,7.453,7.28,7.301,22172929.85957
2023-04-12 00:00:00+00:00,7.3,7.372,7.1,7.23,27626823.71917
2023-04-13 00:00:00+00:00,7.23,7.546,7.167,7.458,28459938.98811
2023-04-14 00:00:00+00:00,7.458,7.899,7.457,7.743,60214451.34968
2023-04-15 00:00:00+00:00,7.743,8.089,7.613,8.005,38047700.95187
2023-04-16 00:00:00+00:00,8.005,8.19,7.902,8.14,34635875.44204
2023-04-17 00:00:00+00:00,8.136,8.299,7.861,8.16,62536505.84512
2023-04-18 00:00:00+00:00,8.161,8.798,8.03,8.578,79757906.32826
2023-04-19 00:00:00+00:00,8.578,8.6,7.63,7.752,82052682.01753
2023-04-20 00:00:00+00:00,7.752,7.967,7.453,7.512,57205335.10623
2023-04-21 00:00:00+00:00,7.512,7.609,7.006,7.113,50478423.4445
2023-04-22 00:00:00+00:00,7.113,7.242,7.08,7.175,21565753.41964
2023-04-23 00:00:00+00:00,7.174,7.174,6.866,7.082,29179621.42612
2023-04-24 00:00:00+00:00,7.082,7.269,6.996,7.068,28700514.76376
2023-04-25 00:00:00+00:00,7.069,7.3,6.948,7.274,25952303.04914
2023-04-26 00:00:00+00:00,7.275,7.503,6.703,7.004,51992232.75784
2023-04-27 00:00:00+00:00,7.004,7.232,6.982,7.17,37864976.52222
2023-04-28 00:00:00+00:00,7.17,7.187,6.949,7.04,24825457.35691
2023-04-29 00:00:00+00:00,7.04,7.22,6.992,7.185,17030840.96356
2023-04-30 00:00:00+00:00,7.185,7.305,7.014,7.025,19899522.30512
2023-05-01 00:00:00+00:00,7.025,7.082,6.797,6.898,22770206.8544
2023-05-02 00:00:00+00:00,6.896,7.013,6.8,6.987,14355313.93847
2023-05-03 00:00:00+00:00,6.987,7.151,6.819,7.129,22744459.21031
2023-05-04 00:00:00+00:00,7.129,7.162,6.959,6.998,12274252.01306
2023-05-05 00:00:00+00:00,6.997,7.28,6.888,7.226,20568455.39198
2023-05-06 00:00:00+00:00,7.226,7.279,6.866,6.92,18291039.57772
2023-05-07 00:00:00+00:00,6.92,6.989,6.858,6.911,11617584.62952
2023-05-08 00:00:00+00:00,6.911,6.913,6.394,6.582,35191093.98142
2023-05-09 00:00:00+00:00,6.582,6.633,6.452,6.522,14392713.94019
2023-05-10 00:00:00+00:00,6.521,6.696,6.3,6.588,28099337.64414
2023-05-11 00:00:00+00:00,6.588,6.592,6.212,6.36,25378190.3406
2023-05-12 00:00:00+00:00,6.36,6.64,6.224,6.623,21374197.95657
2023-05-13 00:00:00+00:00,6.623,6.636,6.475,6.491,11411039.09437
2023-05-14 00:00:00+00:00,6.49,6.61,6.41,6.547,7792947.53088
2023-05-15 00:00:00+00:00,6.547,6.711,6.453,6.635,15445235.16361
2023-05-16 00:00:00+00:00,6.635,6.728,6.552,6.659,15268349.50031
2023-05-17 00:00:00+00:00,6.658,6.812,6.552,6.758,22073448.37542
2023-05-18 00:00:00+00:00,6.758,6.767,6.428,6.531,15005340.96092
2023-05-19 00:00:00+00:00,6.531,6.555,6.458,6.51,9243474.54892
2023-05-20 00:00:00+00:00,6.51,6.543,6.471,6.503,4921349.17727
2023-05-21 00:00:00+00:00,6.505,6.545,6.356,6.43,8245380.7009
2023-05-22 00:00:00+00:00,6.43,6.608,6.334,6.533,16922719.89121
2023-05-23 00:00:00+00:00,6.534,6.635,6.474,6.504,11466306.23672
2023-05-24 00:00:00+00:00,6.505,6.509,6.206,6.32,19547662.73559
2023-05-25 00:00:00+00:00,6.321,6.345,6.164,6.278,11655528.18828
2023-05-26 00:00:00+00:00,6.279,6.458,6.235,6.344,10775115.85727
2023-05-27 00:00:00+00:00,6.344,6.441,6.327,6.438,7029342.70093
2023-05-28 00:00:00+00:00,6.437,6.659,6.419,6.631,13274885.29828
2023-05-29 00:00:00+00:00,6.636,6.678,6.527,6.637,14769767.0681
2023-05-30 00:00:00+00:00,6.637,6.672,6.536,6.613,15815712.60994
2023-05-31 00:00:00+00:00,6.611,6.636,6.396,6.478,16905433.54684
2023-06-01 00:00:00+00:00,6.478,6.513,6.317,6.344,13878183.13948
2023-06-02 00:00:00+00:00,6.344,6.481,6.306,6.45,13752657.82659
2023-06-03 00:00:00+00:00,6.451,6.459,6.361,6.421,5572719.11046
2023-06-04 00:00:00+00:00,6.421,6.532,6.393,6.452,7847441.8643
2023-06-05 00:00:00+00:00,6.45,6.492,5.961,6.054,27794982.01964
2023-06-06 00:00:00+00:00,6.054,6.312,6.003,6.261,22843396.04315
2023-06-07 00:00:00+00:00,6.261,6.269,5.829,5.917,18122151.28994
2023-06-08 00:00:00+00:00,5.919,6.036,5.883,5.995,8520866.40416
2023-06-09 00:00:00+00:00,5.994,6.081,5.92,5.993,7581782.2428
2023-06-10 00:00:00+00:00,5.992,6.007,4.761,5.233,72264747.247205
2023-06-11 00:00:00+00:00,5.233,5.254,5.089,5.175,12693018.52504
2023-06-12 00:00:00+00:00,5.175,5.198,5.003,5.16,14080413.39215
2023-06-13 00:00:00+00:00,5.16,5.412,5.11,5.3,13109533.55227
2023-06-14 00:00:00+00:00,5.299,5.507,5.142,5.25,20245282.83326
2023-06-15 00:00:00+00:00,5.25,5.419,5.163,5.312,15270873.03434
2023-06-16 00:00:00+00:00,5.312,5.398,5.128,5.324,11473064.75639
2023-06-17 00:00:00+00:00,5.325,5.396,5.221,5.279,9996244.35578
2023-06-18 00:00:00+00:00,5.282,5.302,5.04,5.156,10277445.20759
2023-06-19 00:00:00+00:00,5.157,5.194,4.993,5.133,16498548.28735
2023-06-20 00:00:00+00:00,5.134,5.281,5.0,5.267,21819720.69244
2023-06-21 00:00:00+00:00,5.267,5.588,5.242,5.556,28684063.09826
2023-06-22 00:00:00+00:00,5.555,5.823,5.507,5.558,26318462.88739
2023-06-23 00:00:00+00:00,5.557,6.154,5.551,6.07,39850155.7728
2023-06-24 00:00:00+00:00,6.071,6.196,5.912,6.133,19412877.05974
2023-06-25 00:00:00+00:00,6.133,6.378,6.059,6.157,19914491.44536
2023-06-26 00:00:00+00:00,6.157,6.259,6.005,6.057,23755338.39903
2023-06-27 00:00:00+00:00,6.058,6.255,6.046,6.198,20086360.6827
2023-06-28 00:00:00+00:00,6.2,6.205,5.703,5.815,24680528.74771
2023-06-29 00:00:00+00:00,5.814,6.183,5.787,5.891,25226398.90809
2023-06-30 00:00:00+00:00,5.891,6.452,5.721,6.313,53632119.65402
2023-07-01 00:00:00+00:00,6.313,6.524,6.122,6.503,32311506.39291
2023-07-02 00:00:00+00:00,6.503,6.565,6.333,6.54,26326953.97029
2023-07-03 00:00:00+00:00,6.541,6.692,6.468,6.628,21370876.96785
2023-07-04 00:00:00+00:00,6.628,6.63,6.392,6.521,16983151.19632
2023-07-05 00:00:00+00:00,6.523,6.571,6.214,6.299,19197166.58383
2023-07-06 00:00:00+00:00,6.299,6.507,6.08,6.08,23372277.90622
2023-07-07 00:00:00+00:00,6.08,6.223,6.012,6.156,12651805.0435
2023-07-08 00:00:00+00:00,6.157,6.222,6.094,6.196,7927204.49372
2023-07-09 00:00:00+00:00,6.198,6.24,6.123,6.15,7409719.1101
2023-07-10 00:00:00+00:00,6.149,6.303,6.02,6.167,13261291.21174
2023-07-11 00:00:00+00:00,6.169,6.238,6.121,6.206,6582530.78199
2023-07-12 00:00:00+00:00,6.205,6.35,6.196,6.252,12947430.73593
2023-07-13 00:00:00+00:00,6.252,7.198,6.211,7.124,44787595.15615
2023-07-14 00:00:00+00:00,7.125,7.343,6.687,6.958,50557965.59913
2023-07-15 00:00:00+00:00,6.957,7.02,6.832,6.918,13187178.03788
2023-07-16 00:00:00+00:00,6.918,6.921,6.567,6.607,17987739.65552
2023-07-17 00:00:00+00:00,6.608,7.265,6.45,7.186,56668213.86962
2023-07-18 00:00:00+00:00,7.186,7.3,6.757,6.911,59930882.30374
2023-07-19 00:00:00+00:00,6.913,7.048,6.773,6.915,28568055.62795
2023-07-20 00:00:00+00:00,6.916,8.464,6.884,8.361,196113775.1554
2023-07-21 00:00:00+00:00,8.361,8.449,8.042,8.133,73612142.85919
2023-07-22 00:00:00+00:00,8.128,8.383,7.76,7.881,50608756.07241
2023-07-23 00:00:00+00:00,7.88,8.099,7.817,7.89,24648696.65829
2023-07-24 00:00:00+00:00,7.89,7.89,7.435,7.586,43718207.75491
2023-07-25 00:00:00+00:00,7.584,7.643,7.34,7.392,26226693.55354
2023-07-26 00:00:00+00:00,7.391,7.835,7.275,7.742,45440095.29291
2023-07-27 00:00:00+00:00,7.741,8.145,7.68,7.989,43653133.66119
2023-07-28 00:00:00+00:00,7.987,8.092,7.763,7.77,24614248.80612
2023-07-29 00:00:00+00:00,7.77,7.897,7.724,7.842,14842881.05157
2023-07-30 00:00:00+00:00,7.843,7.863,7.343,7.555,22776451.57149
2023-07-31 00:00:00+00:00,7.555,7.716,7.433,7.547,26205888.14845
2023-08-01 00:00:00+00:00,7.55,7.648,7.139,7.641,28623340.7318
2023-08-02 00:00:00+00:00,7.643,7.715,7.334,7.351,31652892.57016
2023-08-03 00:00:00+00:00,7.35,7.409,7.07,7.125,24663930.98646
2023-08-04 00:00:00+00:00,7.125,7.265,7.007,7.143,21997724.22843
2023-08-05 00:00:00+00:00,7.143,7.246,7.103,7.231,11663367.45195
2023-08-06 00:00:00+00:00,7.231,7.275,7.076,7.102,12166000.93645
2023-08-07 00:00:00+00:00,7.101,7.397,6.94,7.324,23804328.42411
2023-08-08 00:00:00+00:00,7.328,7.534,7.29,7.461,29462292.1506
2023-08-09 00:00:00+00:00,7.458,7.919,7.378,7.678,41215740.17824
2023-08-10 00:00:00+00:00,7.678,7.735,7.559,7.619,24705541.47516
2023-08-11 00:00:00+00:00,7.619,7.642,7.405,7.492,13893134.68381
2023-08-12 00:00:00+00:00,7.492,7.539,7.385,7.442,9790328.68597
2023-08-13 00:00:00+00:00,7.443,7.56,7.313,7.369,15359384.74222
2023-08-14 00:00:00+00:00,7.368,7.636,7.307,7.412,28406427.95521
2023-08-15 00:00:00+00:00,7.412,7.434,6.8,7.043,43724704.40437
2023-08-16 00:00:00+00:00,7.041,7.072,6.6,6.762,41664313.48086
2023-08-17 00:00:00+00:00,6.763,6.871,5.6,6.189,53670816.42712
2023-08-18 00:00:00+00:00,6.187,6.287,6.065,6.176,29925614.05555
2023-08-19 00:00:00+00:00,6.175,6.264,6.114,6.181,14372813.9845
2023-08-20 00:00:00+00:00,6.18,6.236,6.118,6.22,7858884.07283
2023-08-21 00:00:00+00:00,6.22,6.256,6.002,6.174,18883471.00535
2023-08-22 00:00:00+00:00,6.175,6.255,5.865,6.112,23952607.66752
2023-08-23 00:00:00+00:00,6.116,6.435,6.103,6.352,22737210.35024
2023-08-24 00:00:00+00:00,6.351,6.368,5.984,6.084,18546918.51151
2023-08-25 00:00:00+00:00,6.084,6.085,5.913,6.014,18608605.44722
2023-08-26 00:00:00+00:00,6.014,6.043,5.955,6.006,9831736.03779
2023-08-27 00:00:00+00:00,6.005,6.045,5.953,6.03,7962966.91621
2023-08-28 00:00:00+00:00,6.029,6.051,5.85,5.981,20081827.71261
2023-08-29 00:00:00+00:00,5.981,6.318,5.842,6.194,34084138.22278
2023-08-30 00:00:00+00:00,6.193,6.198,5.881,5.925,19254648.7181
2023-08-31 00:00:00+00:00,5.925,6.064,5.73,5.879,24744528.63329
2023-09-01 00:00:00+00:00,5.878,6.034,5.817,5.941,21825755.99281
2023-09-02 00:00:00+00:00,5.941,5.999,5.89,5.972,7567146.35702
2023-09-03 00:00:00+00:00,5.972,6.064,5.948,6.027,10723458.90361
2023-09-04 00:00:00+00:00,6.03,6.164,5.944,6.012,16887315.62009
2023-09-05 00:00:00+00:00,6.013,6.154,5.906,6.137,17908408.67184
2023-09-06 00:00:00+00:00,6.138,6.35,6.094,6.302,29452089.43283
2023-09-07 00:00:00+00:00,6.301,6.47,6.195,6.387,19579151.59193
2023-09-08 00:00:00+00:00,6.388,6.404,6.144,6.28,12556152.42122
2023-09-09 00:00:00+00:00,6.28,6.293,6.157,6.165,6446688.80844
2023-09-10 00:00:00+00:00,6.165,6.165,5.949,6.015,17796169.16604
2023-09-11 00:00:00+00:00,6.016,6.035,5.737,5.829,25228436.64476
2023-09-12 00:00:00+00:00,5.827,6.077,5.808,5.957,18501829.29665
2023-09-13 00:00:00+00:00,5.958,6.094,5.927,6.02,17982601.98484
2023-09-14 00:00:00+00:00,6.021,6.213,6.006,6.151,20841059.89002
2023-09-15 00:00:00+00:00,6.152,6.381,6.099,6.367,15627812.25801
2023-09-16 00:00:00+00:00,6.367,6.421,6.184,6.281,11975787.79091
2023-09-17 00:00:00+00:00,6.279,6.282,6.051,6.146,9266864.64517
2023-09-18 00:00:00+00:00,6.146,6.84,6.099,6.567,52394596.90155
2023-09-19 00:00:00+00:00,6.566,6.969,6.515,6.846,37469548.31765
2023-09-20 00:00:00+00:00,6.846,7.045,6.741,6.905,31296697.6995
2023-09-21 00:00:00+00:00,6.907,6.946,6.605,6.664,28782510.53296
2023-09-22 00:00:00+00:00,6.665,6.972,6.593,6.958,20920452.02912
2023-09-23 00:00:00+00:00,6.959,7.232,6.917,7.189,44634284.59624
2023-09-24 00:00:00+00:00,7.189,7.25,6.95,6.972,22447202.1664
2023-09-25 00:00:00+00:00,6.972,7.509,6.908,7.494,36254757.87521
2023-09-26 00:00:00+00:00,7.494,7.576,7.248,7.356,28698339.6908
2023-09-27 00:00:00+00:00,7.355,7.901,7.271,7.645,54590364.53385
2023-09-28 00:00:00+00:00,7.641,8.07,7.572,7.807,56335724.06916
2023-09-29 00:00:00+00:00,7.81,8.082,7.674,7.946,36311757.19381
2023-09-30 00:00:00+00:00,7.947,8.276,7.939,8.191,43246928.17421
2023-10-01 00:00:00+00:00,8.19,8.26,7.778,8.054,46153757.80741
2023-10-02 00:00:00+00:00,8.053,8.103,7.352,7.47,57325674.01534
2023-10-03 00:00:00+00:00,7.472,7.744,7.366,7.409,35916072.14376
2023-10-04 00:00:00+00:00,7.408,7.78,7.2,7.674,41343272.94321
2023-10-05 00:00:00+00:00,7.673,7.793,7.451,7.465,29362136.49098
2023-10-06 00:00:00+00:00,7.469,7.764,7.432,7.639,24134850.62353
2023-10-07 00:00:00+00:00,7.64,7.68,7.47,7.524,16934629.39497
2023-10-08 00:00:00+00:00,7.521,7.948,7.5,7.673,40191832.55423
2023-10-09 00:00:00+00:00,7.671,7.696,7.134,7.276,40026721.42072
2023-10-10 00:00:00+00:00,7.276,7.392,7.174,7.259,24152207.66761
2023-10-11 00:00:00+00:00,7.259,7.43,7.1,7.391,27006057.00437
2023-10-12 00:00:00+00:00,7.39,7.416,7.115,7.197,24822409.42983
2023-10-13 00:00:00+00:00,7.198,7.403,7.107,7.256,30666618.6949
2023-10-14 00:00:00+00:00,7.257,7.373,7.205,7.331,11100863.28931
2023-10-15 00:00:00+00:00,7.331,7.568,7.285,7.423,17017438.84225
2023-10-16 00:00:00+00:00,7.422,7.832,7.411,7.525,33964843.42367
2023-10-17 00:00:00+00:00,7.525,7.559,7.262,7.32,21226531.34853
2023-10-18 00:00:00+00:00,7.32,7.483,7.28,7.356,16979414.97488
2023-10-19 00:00:00+00:00,7.356,7.435,7.215,7.304,17759339.63534
2023-10-20 00:00:00+00:00,7.304,7.71,7.261,7.57,32728827.35326
2023-10-21 00:00:00+00:00,7.57,9.171,7.52,8.914,133634101.00988
2023-10-22 00:00:00+00:00,8.914,10.288,8.839,10.19,176456914.83463
2023-10-23 00:00:00+00:00,10.189,11.058,9.789,10.577,255886777.80713
2023-10-24 00:00:00+00:00,10.578,11.15,9.661,10.372,175850424.5087
2023-10-25 00:00:00+00:00,10.371,11.788,10.337,11.058,191623950.23086
2023-10-26 00:00:00+00:00,11.059,11.392,10.348,10.928,119208669.04088
2023-10-27 00:00:00+00:00,10.927,11.434,10.605,11.185,129451116.94823
2023-10-28 00:00:00+00:00,11.184,11.666,10.819,10.923,86729883.32123
2023-10-29 00:00:00+00:00,10.923,11.297,10.75,11.081,58255211.17639
2023-10-30 00:00:00+00:00,11.085,11.854,10.89,11.22,106793709.23733
2023-10-31 00:00:00+00:00,11.22,12.026,10.92,11.353,142813122.04359
2023-11-01 00:00:00+00:00,11.352,11.786,10.647,11.638,118107823.74664
2023-11-02 00:00:00+00:00,11.639,11.749,10.806,11.007,90049986.7764
2023-11-03 00:00:00+00:00,11.007,11.596,10.5,11.46,98581602.62749
2023-11-04 00:00:00+00:00,11.457,11.626,11.147,11.496,59443955.54407
2023-11-05 00:00:00+00:00,11.496,12.559,11.356,12.231,143154909.31344
2023-11-06 00:00:00+00:00,12.231,13.255,12.118,12.984,125991889.3028
2023-11-07 00:00:00+00:00,12.984,13.34,12.528,13.04,154499235.8978
2023-11-08 00:00:00+00:00,13.04,14.98,12.81,14.919,175239537.26609
2023-11-09 00:00:00+00:00,14.918,15.99,13.589,14.603,280301399.72718
2023-11-10 00:00:00+00:00,14.603,15.644,14.122,15.493,190685843.64798
2023-11-11 00:00:00+00:00,15.502,16.6,14.708,16.477,187529355.93821
2023-11-12 00:00:00+00:00,16.477,16.543,15.371,16.025,151077585.18664
2023-11-13 00:00:00+00:00,16.025,16.3,14.304,14.358,153549320.18469
2023-11-14 00:00:00+00:00,14.354,14.91,13.361,13.945,183276340.44336
2023-11-15 00:00:00+00:00,13.947,15.389,13.93,15.027,141422139.78388
2023-11-16 00:00:00+00:00,15.027,15.22,13.55,13.866,166032670.40601
2023-11-17 00:00:00+00:00,13.866,14.269,12.853,13.702,140844962.09135
2023-11-18 00:00:00+00:00,13.707,13.81,12.921,13.75,80700673.80889
2023-11-19 00:00:00+00:00,13.751,15.054,13.369,14.908,114729933.55449
2023-11-20 00:00:00+00:00,14.911,15.393,14.365,14.477,117470342.93036
2023-11-21 00:00:00+00:00,14.475,14.663,13.3,13.359,130690622.72039
2023-11-22 00:00:00+00:00,13.362,14.621,13.24,14.212,103981564.20852
2023-11-23 00:00:00+00:00,14.213,14.887,14.122,14.398,83646270.85141
2023-11-24 00:00:00+00:00,14.398,14.843,14.208,14.482,63064539.44479
2023-11-25 00:00:00+00:00,14.481,14.975,14.376,14.762,48882638.95608
2023-11-26 00:00:00+00:00,14.763,15.333,14.364,14.766,78025855.7933
2023-11-27 00:00:00+00:00,14.768,15.3,13.88,14.186,88783677.67896
2023-11-28 00:00:00+00:00,14.186,14.712,13.765,14.521,77128802.3456
2023-11-29 00:00:00+00:00,14.524,14.993,14.376,14.511,70989583.41618
2023-11-30 00:00:00+00:00,14.514,14.832,14.268,14.412,63719582.86703
2023-12-01 00:00:00+00:00,14.411,15.048,14.271,14.988,68476548.32227
2023-12-02 00:00:00+00:00,14.987,16.199,14.919,15.992,103112115.36964
2023-12-03 00:00:00+00:00,15.992,16.29,15.666,15.705,69868182.81018
2023-12-04 00:00:00+00:00,15.706,16.396,15.11,15.813,139434906.24724
2023-12-05 00:00:00+00:00,15.812,16.088,15.178,15.729,111968205.436
2023-12-06 00:00:00+00:00,15.72,16.164,15.232,15.268,126434036.28565
2023-12-07 00:00:00+00:00,15.266,15.802,14.658,15.691,138728132.29109
2023-12-08 00:00:00+00:00,15.688,17.324,15.55,16.925,177727228.50166
2023-12-09 00:00:00+00:00,16.926,17.299,16.023,16.196,141427596.37533
2023-12-10 00:00:00+00:00,16.195,16.454,15.791,16.367,77075783.57713
2023-12-11 00:00:00+00:00,16.368,16.462,13.78,14.768,210262385.58783
2023-12-12 00:00:00+00:00,14.767,15.138,14.17,14.523,109772316.28013
2023-12-13 00:00:00+00:00,14.527,14.959,13.857,14.77,117925837.92027
2023-12-14 00:00:00+00:00,14.773,15.586,14.21,15.37,126296875.80554
2023-12-15 00:00:00+00:00,15.372,15.394,14.257,14.281,83190160.91558
2023-12-16 00:00:00+00:00,14.281,14.801,14.086,14.32,57534750.23196
2023-12-17 00:00:00+00:00,14.32,14.372,13.91,14.013,50496829.05702
2023-12-18 00:00:00+00:00,14.016,14.681,13.633,14.674,116322335.44621
2023-12-19 00:00:00+00:00,14.669,14.808,13.923,14.1,67856499.43635
2023-12-20 00:00:00+00:00,14.1,14.805,13.975,14.253,73436419.14789
2023-12-21 00:00:00+00:00,14.252,15.311,14.179,15.305,103275598.51638
2023-12-22 00:00:00+00:00,15.306,15.729,14.969,15.479,97981959.72098
2023-12-23 00:00:00+00:00,15.478,15.9,14.894,15.682,96703831.33163
2023-12-24 00:00:00+00:00,15.682,15.95,15.11,15.262,92802129.55644
2023-12-25 00:00:00+00:00,15.263,15.802,15.12,15.585,79928546.31045
2023-12-26 00:00:00+00:00,15.586,15.9,14.3,15.092,97836193.17875
2023-12-27 00:00:00+00:00,15.092,16.75,14.646,16.709,136785210.09551
2023-12-28 00:00:00+00:00,16.711,17.672,15.975,16.005,209252738.19674
2023-12-29 00:00:00+00:00,16.006,16.224,15.116,15.54,110618351.40606
2023-12-30 00:00:00+00:00,15.539,15.623,15.017,15.167,45123375.11613
2023-12-31 00:00:00+00:00,15.17,15.528,14.77,14.941,53145917.53242
2024-01-01 00:00:00+00:00,14.942,15.58,14.81,15.548,48410299.5335
2024-01-02 00:00:00+00:00,15.547,16.063,15.017,15.166,88582158.81126
2024-01-03 00:00:00+00:00,15.165,15.578,12.2,14.148,143513686.83934
2024-01-04 00:00:00+00:00,14.148,14.777,13.975,14.526,62880870.46925
2024-01-05 00:00:00+00:00,14.53,14.655,13.705,14.091,86179566.41586
2024-01-06 00:00:00+00:00,14.092,14.098,13.18,13.436,48206687.88498
2024-01-07 00:00:00+00:00,13.435,13.741,13.0,13.151,41054293.34619
2024-01-08 00:00:00+00:00,13.155,14.402,12.527,14.139,85708213.74553
2024-01-09 00:00:00+00:00,14.143,14.25,13.242,13.716,83646753.23174
2024-01-10 00:00:00+00:00,13.716,15.363,13.563,15.072,87012368.77934
2024-01-11 00:00:00+00:00,15.073,15.695,14.597,15.022,90221354.98828
2024-01-12 00:00:00+00:00,15.021,15.304,13.59,14.151,76063919.32785
2024-01-13 00:00:00+00:00,14.155,14.43,13.788,14.345,34062289.54046
2024-01-14 00:00:00+00:00,14.345,15.434,14.267,14.755,104648731.27882
2024-01-15 00:00:00+00:00,14.755,16.018,14.75,15.185,110499086.02243
2024-01-16 00:00:00+00:00,15.185,15.365,14.739,15.271,60443747.66732
2024-01-17 00:00:00+00:00,15.267,16.395,15.267,15.761,141244276.42517
2024-01-18 00:00:00+00:00,15.761,15.773,14.189,14.658,100766459.45176
2024-01-19 00:00:00+00:00,14.658,16.415,14.461,16.118,152384672.95382
2024-01-20 00:00:00+00:00,16.118,16.61,15.624,15.781,134024889.72297
2024-01-21 00:00:00+00:00,15.781,15.912,15.365,15.396,54168056.07828
2024-01-22 00:00:00+00:00,15.393,15.974,14.507,14.598,136876085.88633
2024-01-23 00:00:00+00:00,14.597,14.886,13.561,14.3,108046194.11044
2024-01-24 00:00:00+00:00,14.298,14.442,13.911,14.243,69367952.09241
2024-01-25 00:00:00+00:00,14.242,14.261,13.506,13.744,54985527.16049
2024-01-26 00:00:00+00:00,13.744,14.3,13.637,14.187,57876011.27382
2024-01-27 00:00:00+00:00,14.188,14.4,14.091,14.345,29982600.03758
2024-01-28 00:00:00+00:00,14.341,14.7,14.201,14.48,56753018.67047
2024-01-29 00:00:00+00:00,14.479,15.081,14.265,15.004,82412342.22473
2024-01-30 00:00:00+00:00,15.004,15.805,14.895,15.475,101537444.75931
2024-01-31 00:00:00+00:00,15.474,16.06,15.083,15.429,151455614.08874
2024-02-01 00:00:00+00:00,15.427,17.382,15.147,17.19,260696961.62748
2024-02-02 00:00:00+00:00,17.192,18.88,17.132,17.828,335752047.10345
2024-02-03 00:00:00+00:00,17.827,18.148,17.502,17.658,135768023.96605
2024-02-04 00:00:00+00:00,17.661,18.711,17.532,18.153,136708704.23616
2024-02-05 00:00:00+00:00,18.154,19.794,17.806,19.164,222110438.40201
2024-02-06 00:00:00+00:00,19.163,19.333,18.21,18.287,144957782.21098
2024-02-07 00:00:00+00:00,18.287,19.077,18.021,18.817,116099264.62914
2024-02-08 00:00:00+00:00,18.818,19.271,17.969,18.212,118829903.5195
2024-02-09 00:00:00+00:00,18.209,18.625,17.973,18.47,104384521.12498
2024-02-10 00:00:00+00:00,18.47,19.17,17.986,19.084,78346370.59898
2024-02-11 00:00:00+00:00,19.083,20.676,18.829,20.146,175091237.48581
2024-02-12 00:00:00+00:00,20.147,20.856,19.751,20.465,184402354.62064
2024-02-13 00:00:00+00:00,20.467,20.592,19.45,19.87,124378539.55182
2024-02-14 00:00:00+00:00,19.869,20.43,19.702,20.24,102253074.33663
2024-02-15 00:00:00+00:00,20.24,20.524,19.65,19.932,97647045.91914
2024-02-16 00:00:00+00:00,19.931,20.31,19.116,19.551,90757236.43581
2024-02-17 00:00:00+00:00,19.555,20.273,19.218,20.032,73120457.60744
2024-02-18 00:00:00+00:00,20.031,20.373,19.752,20.119,57911475.34542
2024-02-19 00:00:00+00:00,20.12,20.245,19.647,19.832,82556516.09926
2024-02-20 00:00:00+00:00,19.832,19.883,18.378,19.281,110028447.41696
2024-02-21 00:00:00+00:00,19.281,19.287,18.0,18.594,91705367.23368
2024-02-22 00:00:00+00:00,18.594,19.014,18.078,18.121,77791612.42669
2024-02-23 00:00:00+00:00,18.12,18.286,17.56,17.935,88340099.7093
2024-02-24 00:00:00+00:00,17.936,18.564,17.756,18.533,42167516.31767
2024-02-25 00:00:00+00:00,18.533,18.859,18.37,18.722,37291396.05309
2024-02-26 00:00:00+00:00,18.721,19.264,18.128,19.083,83595331.06823
2024-02-27 00:00:00+00:00,19.083,19.362,18.662,19.023,92098585.27813
2024-02-28 00:00:00+00:00,19.022,20.87,18.006,19.43,263558313.60712
2024-02-29 00:00:00+00:00,19.43,20.455,18.801,19.274,160126241.27135
2024-03-01 00:00:00+00:00,19.274,20.1,19.266,20.051,80257853.74536
2024-03-02 00:00:00+00:00,20.052,21.69,19.956,21.398,163185570.13252
2024-03-03 00:00:00+00:00,21.397,21.536,19.38,20.507,116500660.57904
2024-03-04 00:00:00+00:00,20.507,20.895,19.82,20.416,132319926.31279
2024-03-05 00:00:00+00:00,20.415,21.055,16.553,18.973,266234738.93392
2024-03-06 00:00:00+00:00,18.973,20.152,18.389,20.085,133144093.87503
2024-03-07 00:00:00+00:00,20.084,20.4,19.591,20.091,94128714.76551
2024-03-08 00:00:00+00:00,20.092,20.391,19.14,19.699,111443901.13223
2024-03-09 00:00:00+00:00,19.698,20.33,19.659,19.972,74275087.13876
2024-03-10 00:00:00+00:00,19.973,21.96,19.379,21.68,133333119.0158
2024-03-11 00:00:00+00:00,21.682,22.868,20.661,21.277,284360477.15631
2024-03-12 00:00:00+00:00,21.277,21.341,19.516,20.704,185424289.08475
2024-03-13 00:00:00+00:00,20.705,20.96,20.201,20.751,107163180.19576
2024-03-14 00:00:00+00:00,20.752,21.949,19.87,20.88,272546001.8235
2024-03-15 00:00:00+00:00,20.88,20.998,18.452,19.63,197487212.3742
2024-03-16 00:00:00+00:00,19.633,19.829,17.806,18.115,125586774.53568
2024-03-17 00:00:00+00:00,18.114,18.832,17.383,18.666,96794666.98712
2024-03-18 00:00:00+00:00,18.666,19.494,18.043,18.301,137663354.97982
2024-03-19 00:00:00+00:00,18.3,18.462,16.5,16.805,193299221.39321
2024-03-20 00:00:00+00:00,16.804,18.5,16.244,18.412,150519292.98809
2024-03-21 00:00:00+00:00,18.413,18.919,17.874,18.458,93456294.70775
2024-03-22 00:00:00+00:00,18.458,18.584,17.325,18.367,79223048.09665
2024-03-23 00:00:00+00:00,18.367,18.47,17.89,18.063,45968254.46026
2024-03-24 00:00:00+00:00,18.063,18.628,17.97,18.518,35448067.06363
2024-03-25 00:00:00+00:00,18.519,19.497,18.372,19.375,64995356.77808
2024-03-26 00:00:00+00:00,19.375,20.737,19.331,20.007,101403459.46345
2024-03-27 00:00:00+00:00,20.007,20.186,19.002,19.289,85029021.92533
2024-03-28 00:00:00+00:00,19.29,19.808,19.043,19.148,59097381.25182
2024-03-29 00:00:00+00:00,19.148,19.294,18.71,18.967,48797214.22827
2024-03-30 00:00:00+00:00,18.967,19.291,18.783,18.933,39912362.38394
2024-03-31 00:00:00+00:00,18.932,19.35,18.872,19.171,30385988.1151
2024-04-01 00:00:00+00:00,19.17,19.275,17.856,18.358,69143799.68535
2024-04-02 00:00:00+00:00,18.358,18.486,17.366,17.952,118980926.80136
2024-04-03 00:00:00+00:00,17.953,18.337,17.38,17.687,60645794.95846
2024-04-04 00:00:00+00:00,17.683,18.26,17.395,17.791,51782770.48602
2024-04-05 00:00:00+00:00,17.79,17.791,16.862,17.325,49100447.22192
2024-04-06 00:00:00+00:00,17.326,17.676,17.262,17.559,25989471.66445
2024-04-07 00:00:00+00:00,17.56,17.973,17.501,17.913,30020481.24214
2024-04-08 00:00:00+00:00,17.913,18.677,17.545,18.101,70168343.97081
2024-04-09 00:00:00+00:00,18.1,18.181,17.241,17.362,53498413.62548
2024-04-10 00:00:00+00:00,17.362,17.579,16.801,17.417,59883140.18139
2024-04-11 00:00:00+00:00,17.417,17.62,17.006,17.555,33357319.38486
2024-04-12 00:00:00+00:00,17.554,17.869,13.368,15.156,186329086.53952
2024-04-13 00:00:00+00:00,15.155,15.398,11.788,13.288,196434467.7536
2024-04-14 00:00:00+00:00,13.288,14.256,12.717,14.098,136422048.53959
2024-04-15 00:00:00+00:00,14.099,14.668,13.222,13.58,102508797.07606
2024-04-16 00:00:00+00:00,13.582,13.814,12.816,13.46,64584389.9696
2024-04-17 00:00:00+00:00,13.459,13.608,12.718,13.133,63770701.6001
2024-04-18 00:00:00+00:00,13.132,13.984,12.815,13.887,52833808.63222
2024-04-19 00:00:00+00:00,13.888,14.119,12.742,13.946,81859863.55707
2024-04-20 00:00:00+00:00,13.945,15.037,13.746,14.959,44786506.81006
2024-04-21 00:00:00+00:00,14.958,15.178,14.527,15.105,31444269.22872
2024-04-22 00:00:00+00:00,15.105,16.039,15.012,15.445,67103232.57667
2024-04-23 00:00:00+00:00,15.445,15.572,15.098,15.178,39562620.80913
2024-04-24 00:00:00+00:00,15.178,15.638,14.361,14.536,61931876.68316
2024-04-25 00:00:00+00:00,14.536,14.902,14.352,14.593,50197535.2519
2024-04-26 00:00:00+00:00,14.594,14.934,14.348,14.49,40114877.7797
2024-04-27 00:00:00+00:00,14.491,14.525,13.87,14.267,41192661.43715
2024-04-28 00:00:00+00:00,14.267,14.443,13.729,13.809,23006422.76311
2024-04-29 00:00:00+00:00,13.809,14.186,13.714,14.074,31244980.90554
2024-04-30 00:00:00+00:00,14.075,14.207,12.768,13.129,48812528.68349
2024-05-01 00:00:00+00:00,13.128,13.506,12.35,13.347,63768531.38039
2024-05-02 00:00:00+00:00,13.348,13.776,12.926,13.59,32470226.73454
2024-05-03 00:00:00+00:00,13.59,14.2,13.459,14.093,30180754.91247
2024-05-04 00:00:00+00:00,14.093,14.48,13.973,14.316,30620958.07491
2024-05-05 00:00:00+00:00,14.317,14.662,14.11,14.371,21416508.55613
2024-05-06 00:00:00+00:00,14.371,15.165,14.277,14.484,47949159.52999
2024-05-07 00:00:00+00:00,14.484,14.725,13.963,13.997,36780917.17889
2024-05-08 00:00:00+00:00,13.997,14.121,13.689,13.9,37390609.20232
2024-05-09 00:00:00+00:00,13.899,14.369,13.842,14.237,32267834.28268
2024-05-10 00:00:00+00:00,14.237,14.37,13.5,13.564,39210541.46742
2024-05-11 00:00:00+00:00,13.565,13.812,13.28,13.306,17891073.10781
2024-05-12 00:00:00+00:00,13.306,13.595,13.284,13.559,12540149.18085
2024-05-13 00:00:00+00:00,13.559,13.678,13.076,13.393,33788159.45687
2024-05-14 00:00:00+00:00,13.392,13.6,12.933,12.98,34651990.37375
2024-05-15 00:00:00+00:00,12.985,13.938,12.84,13.865,39094126.12478
2024-05-16 00:00:00+00:00,13.867,15.866,13.537,15.516,109596758.08333
2024-05-17 00:00:00+00:00,15.516,16.765,15.478,16.231,151694684.95919
2024-05-18 00:00:00+00:00,16.231,16.567,16.05,16.329,54178328.01008
2024-05-19 00:00:00+00:00,16.33,17.136,16.3,16.56,82796253.85751
2024-05-20 00:00:00+00:00,16.56,17.46,16.362,17.262,110623422.20124
2024-05-21 00:00:00+00:00,17.263,17.439,16.51,16.739,92095128.35
2024-05-22 00:00:00+00:00,16.741,16.929,16.148,16.354,66519417.2489
2024-05-23 00:00:00+00:00,16.352,16.808,15.442,16.596,93811325.01619
2024-05-24 00:00:00+00:00,16.596,17.798,16.56,17.25,126210221.12192
2024-05-25 00:00:00+00:00,17.25,17.472,16.912,17.443,41668842.90567
2024-05-26 00:00:00+00:00,17.442,17.915,16.991,17.042,55975360.47582
2024-05-27 00:00:00+00:00,17.042,18.867,16.878,18.786,101809382.62813
2024-05-28 00:00:00+00:00,18.791,18.838,17.847,18.528,102437426.27287
2024-05-29 00:00:00+00:00,18.539,19.22,18.036,18.453,81824480.14262
2024-05-30 00:00:00+00:00,18.453,19.207,17.781,17.944,68901339.3941
2024-05-31 00:00:00+00:00,17.943,18.74,17.461,18.414,55169560.14045
2024-06-01 00:00:00+00:00,18.411,18.686,18.266,18.443,26093242.6873
2024-06-02 00:00:00+00:00,18.442,18.566,18.072,18.143,27912583.96317
2024-06-03 00:00:00+00:00,18.142,18.359,17.539,17.629,43905977.56663
2024-06-04 00:00:00+00:00,17.629,17.852,17.474,17.716,33108741.01947
2024-06-05 00:00:00+00:00,17.716,18.082,17.6,17.741,39721212.45145
2024-06-06 00:00:00+00:00,17.743,17.776,17.102,17.248,51171292.36675
2024-06-07 00:00:00+00:00,17.248,17.722,15.3,16.318,70071328.53364
2024-06-08 00:00:00+00:00,16.319,16.421,15.682,15.928,30705500.20944
2024-06-09 00:00:00+00:00,15.929,16.383,15.901,16.372,17672329.90944
2024-06-10 00:00:00+00:00,16.371,16.39,15.76,15.905,28406239.59595
2024-06-11 00:00:00+00:00,15.906,15.913,14.662,14.988,53360601.49149
2024-06-12 00:00:00+00:00,14.987,16.236,14.73,16.006,55451609.03928
2024-06-13 00:00:00+00:00,16.007,16.05,15.052,15.141,35648129.52781
2024-06-14 00:00:00+00:00,15.139,15.462,14.469,14.744,44344526.07192
2024-06-15 00:00:00+00:00,14.745,15.113,14.702,14.857,23307238.40683
2024-06-16 00:00:00+00:00,14.859,15.23,14.57,15.144,22623114.31908
2024-06-17 00:00:00+00:00,15.141,15.22,14.017,14.523,43520971.91832
2024-06-18 00:00:00+00:00,14.522,14.62,12.931,13.986,75772985.08947
2024-06-19 00:00:00+00:00,13.986,14.503,13.913,14.345,29587077.81995
2024-06-20 00:00:00+00:00,14.346,14.86,14.192,14.255,27641464.2479
2024-06-21 00:00:00+00:00,14.26,14.595,13.844,13.848,44259723.52028
2024-06-22 00:00:00+00:00,13.849,13.912,13.468,13.482,19049290.08838
2024-06-23 00:00:00+00:00,13.483,13.685,13.123,13.194,19660625.41784
2024-06-24 00:00:00+00:00,13.194,13.689,12.63,13.617,49893335.76386
2024-06-25 00:00:00+00:00,13.617,14.291,13.571,14.198,30234318.08154
2024-06-26 00:00:00+00:00,14.197,14.293,13.857,13.915,20708639.63275
2024-06-27 00:00:00+00:00,13.917,14.63,13.585,14.433,36877510.92982
2024-06-28 00:00:00+00:00,14.432,14.6,13.757,13.778,31484531.74658
2024-06-29 00:00:00+00:00,13.777,14.167,13.481,13.543,20507933.28121
2024-06-30 00:00:00+00:00,13.544,14.35,13.451,14.281,22634093.74383
2024-07-01 00:00:00+00:00,14.279,14.579,14.22,14.338,25246456.98834
2024-07-02 00:00:00+00:00,14.338,14.754,14.245,14.415,31255819.9625
2024-07-03 00:00:00+00:00,14.413,14.596,13.5,13.589,50200003.43705
2024-07-04 00:00:00+00:00,13.59,13.739,12.512,12.538,60327391.91545
2024-07-05 00:00:00+00:00,12.539,12.549,11.053,12.311,95362871.17224
2024-07-06 00:00:00+00:00,12.312,13.283,12.187,13.18,23916467.89665
2024-07-07 00:00:00+00:00,13.18,13.195,12.289,12.352,21119755.17104
2024-07-08 00:00:00+00:00,12.355,13.526,11.772,13.121,50276492.08459
2024-07-09 00:00:00+00:00,13.119,13.316,12.73,12.841,39263137.55584
2024-07-10 00:00:00+00:00,12.841,13.168,12.69,12.79,29878993.33726
2024-07-11 00:00:00+00:00,12.791,13.191,12.291,12.347,37169659.23675
2024-07-12 00:00:00+00:00,12.343,12.829,12.228,12.74,39356669.04637
2024-07-13 00:00:00+00:00,12.743,13.136,12.7,13.021,23881659.38673
2024-07-14 00:00:00+00:00,13.019,13.527,12.889,13.448,36209482.47733
2024-07-15 00:00:00+00:00,13.448,14.511,13.405,14.394,44282081.63383
2024-07-16 00:00:00+00:00,14.399,14.622,13.814,14.206,48033949.20382
2024-07-17 00:00:00+00:00,14.208,14.504,13.73,13.737,37332174.45215
2024-07-18 00:00:00+00:00,13.737,14.003,13.414,13.593,33593451.20059
2024-07-19 00:00:00+00:00,13.592,14.139,13.335,14.076,35873622.46963
2024-07-20 00:00:00+00:00,14.076,14.333,13.849,14.247,21803002.06585
2024-07-21 00:00:00+00:00,14.246,15.196,13.944,14.816,49736239.62883
2024-07-22 00:00:00+00:00,14.817,14.881,13.78,13.93,23537598.89128
2024-07-23 00:00:00+00:00,13.93,14.17,13.494,13.91,19724004.18863
2024-07-24 00:00:00+00:00,13.9,13.96,13.25,13.4,17184424.89843
2024-07-25 00:00:00+00:00,13.41,13.45,12.47,12.94,24329947.43362
2024-07-26 00:00:00+00:00,12.93,13.64,12.91,13.53,15696596.4254
2024-07-27 00:00:00+00:00,13.53,13.88,13.26,13.54,19844666.7282
2024-07-28 00:00:00+00:00,13.55,13.65,13.19,13.3,9473690.2123
2024-07-29 00:00:00+00:00,13.3,13.91,13.3,13.53,20801764.8055
2024-07-30 00:00:00+00:00,13.53,13.8,12.98,13.14,18289862.0967
2024-07-31 00:00:00+00:00,13.13,13.42,12.768,12.83,19618608.99638
2024-08-01 00:00:00+00:00,12.82,13.1,12.12,12.88,23652328.77057
2024-08-02 00:00:00+00:00,12.88,12.96,11.76,11.93,32567873.24865
2024-08-03 00:00:00+00:00,11.92,12.14,11.34,11.68,20534667.91591
2024-08-04 00:00:00+00:00,11.69,11.79,10.48,10.88,27172447.28827
2024-08-05 00:00:00+00:00,10.88,10.97,8.08,9.49,156754898.71542
2024-08-06 00:00:00+00:00,9.49,10.7,9.47,10.07,38306218.0025
2024-08-07 00:00:00+00:00,10.06,10.49,9.39,9.48,28871324.2995
2024-08-08 00:00:00+00:00,9.49,10.84,9.34,10.75,28041256.5433
2024-08-09 00:00:00+00:00,10.74,10.75,10.16,10.53,18220104.9101
2024-08-10 00:00:00+00:00,10.53,10.71,10.47,10.55,10281526.8423
2024-08-11 00:00:00+00:00,10.56,10.84,9.94,10.0,16123415.2788
2024-08-12 00:00:00+00:00,10.0,10.75,9.94,10.56,26700768.8802
2024-08-13 00:00:00+00:00,10.55,10.69,10.09,10.58,20358607.7391
2024-08-14 00:00:00+00:00,10.58,10.74,10.21,10.39,16865548.6983
2024-08-15 00:00:00+00:00,10.39,10.69,9.98,10.17,21335970.6178
2024-08-16 00:00:00+00:00,10.17,10.4,9.91,10.12,14333131.3154
2024-08-17 00:00:00+00:00,10.13,10.18,10.03,10.16,6672107.8226
2024-08-18 00:00:00+00:00,10.16,10.48,10.06,10.09,13284672.7061
2024-08-19 00:00:00+00:00,10.09,10.2,9.94,10.19,14553574.2244
2024-08-20 00:00:00+00:00,10.19,10.55,10.04,10.23,16369062.4349
2024-08-21 00:00:00+00:00,10.24,11.4,10.14,11.22,28070836.8315
2024-08-22 00:00:00+00:00,11.21,11.62,11.14,11.48,26938794.2177
2024-08-23 00:00:00+00:00,11.48,12.21,11.45,12.05,29477737.0018
2024-08-24 00:00:00+00:00,12.06,12.56,11.9,12.35,23050338.4369
2024-08-25 00:00:00+00:00,12.34,12.39,11.94,12.1,20401860.2357
2024-08-26 00:00:00+00:00,12.1,12.7,11.83,11.83,33412958.1766
2024-08-27 00:00:00+00:00,11.83,12.06,10.9,11.16,29037748.7208
2024-08-28 00:00:00+00:00,11.15,11.71,10.93,11.17,26925320.9453
2024-08-29 00:00:00+00:00,11.17,11.47,10.81,10.94,16600245.2303
2024-08-30 00:00:00+00:00,10.94,11.2,10.5,11.11,17519267.7637
2024-08-31 00:00:00+00:00,11.12,11.21,10.93,11.02,8457110.7285
2024-09-01 00:00:00+00:00,11.02,11.02,10.23,10.37,16102186.8078
2024-09-02 00:00:00+00:00,10.37,10.84,10.32,10.77,13948067.3613
2024-09-03 00:00:00+00:00,10.77,10.88,10.21,10.31,16755650.4746
2024-09-04 00:00:00+00:00,10.32,10.5,9.82,10.34,23237025.0498
2024-09-05 00:00:00+00:00,10.33,10.4,9.91,10.03,12507768.2345
2024-09-06 00:00:00+00:00,10.03,10.18,9.28,9.57,26527843.9012
2024-09-07 00:00:00+00:00,9.58,10.16,9.56,10.03,13323006.8077
2024-09-08 00:00:00+00:00,10.03,10.46,9.97,10.35,13828599.6678
2024-09-09 00:00:00+00:00,10.35,10.83,10.27,10.53,26718063.6529
2024-09-10 00:00:00+00:00,10.54,10.74,10.33,10.58,15501576.9502
2024-09-11 00:00:00+00:00,10.58,10.6,10.17,10.4,15871868.3345
2024-09-12 00:00:00+00:00,10.39,10.81,10.39,10.78,15367277.6936
2024-09-13 00:00:00+00:00,10.79,11.56,10.64,11.45,32876137.7234
2024-09-14 00:00:00+00:00,11.45,11.48,11.21,11.29,12999299.8622
2024-09-15 00:00:00+00:00,11.3,11.36,10.79,10.81,13673465.5276
2024-09-16 00:00:00+00:00,10.81,10.83,10.41,10.54,20064712.8519
2024-09-17 00:00:00+00:00,10.54,10.92,10.43,10.63,19354105.616
2024-09-18 00:00:00+00:00,10.63,10.9,10.29,10.89,20870588.3934
2024-09-19 00:00:00+00:00,10.9,11.4,10.9,11.21,31679431.6782
2024-09-20 00:00:00+00:00,11.21,11.74,11.12,11.44,31157096.9414
2024-09-21 00:00:00+00:00,11.44,11.55,11.21,11.5,15016361.0351
2024-09-22 00:00:00+00:00,11.5,11.55,10.84,11.13,17817304.1018
2024-09-23 00:00:00+00:00,11.12,11.61,10.92,11.39,25635451.6707
2024-09-24 00:00:00+00:00,11.4,12.23,11.2,12.15,33199650.7093
2024-09-25 00:00:00+00:00,12.15,12.56,12.06,12.11,31964507.9322
2024-09-26 00:00:00+00:00,12.11,12.75,11.87,12.56,38464740.7062
2024-09-27 00:00:00+00:00,12.56,12.88,12.44,12.67,35621967.9596
2024-09-28 00:00:00+00:00,12.66,12.98,12.36,12.95,27837112.2037
2024-09-29 00:00:00+00:00,12.95,12.98,12.43,12.46,18741076.7222
2024-09-30 00:00:00+00:00,12.47,12.48,11.75,11.85,24879899.8394
2024-10-01 00:00:00+00:00,11.85,12.26,10.84,11.01,47623047.0095
2024-10-02 00:00:00+00:00,11.01,11.31,10.45,10.66,34057936.2925
2024-10-03 00:00:00+00:00,10.65,10.87,10.34,10.66,27606989.8183
2024-10-04 00:00:00+00:00,10.66,11.25,10.59,11.08,23966102.125
2024-10-05 00:00:00+00:00,11.08,11.38,10.98,11.27,13520992.709
2024-10-06 00:00:00+00:00,11.27,11.4,11.16,11.27,16213819.7
2024-10-07 00:00:00+00:00,11.28,11.76,11.12,11.16,33224432.7587
2024-10-08 00:00:00+00:00,11.16,11.29,10.78,10.82,27712365.2984
2024-10-09 00:00:00+00:00,10.83,10.97,10.41,10.53,27496002.2021
2024-10-10 00:00:00+00:00,10.54,10.75,10.25,10.56,24362408.2619
2024-10-11 00:00:00+00:00,10.55,11.03,10.5,10.91,18606168.8034
2024-10-12 00:00:00+00:00,10.9,11.15,10.83,11.01,15550155.7285
2024-10-13 00:00:00+00:00,11.0,11.08,10.62,10.75,15891991.5502
2024-10-14 00:00:00+00:00,10.75,11.35,10.6,11.28,30574330.4135
2024-10-15 00:00:00+00:00,11.29,11.7,10.93,11.45,54679228.448
2024-10-16 00:00:00+00:00,11.45,11.54,11.06,11.24,24604795.1935
2024-10-17 00:00:00+00:00,11.25,11.35,10.85,11.03,20395020.9788
2024-10-18 00:00:00+00:00,11.03,11.51,10.98,11.48,24698092.6542
2024-10-19 00:00:00+00:00,11.48,11.6,11.29,11.42,11890198.3948
2024-10-20 00:00:00+00:00,11.42,12.04,11.27,11.98,24296523.6718
2024-10-21 00:00:00+00:00,11.98,12.03,11.54,11.71,25240002.015
2024-10-22 00:00:00+00:00,11.7,12.35,11.59,11.97,45189493.6072
2024-10-23 00:00:00+00:00,11.98,12.01,11.0,11.32,32500555.8142
2024-10-24 00:00:00+00:00,11.32,11.65,11.22,11.62,23493466.7473
2024-10-25 00:00:00+00:00,11.62,12.1,10.8,11.13,48214747.343
2024-10-26 00:00:00+00:00,11.14,11.4,10.82,11.01,26985405.7582
2024-10-27 00:00:00+00:00,11.01,11.18,10.84,10.99,14211839.1016
2024-10-28 00:00:00+00:00,10.99,11.27,10.71,11.18,24528651.5482
2024-10-29 00:00:00+00:00,11.19,11.81,11.15,11.8,27812429.3616
2024-10-30 00:00:00+00:00,11.8,12.45,11.65,12.39,37677510.2286
2024-10-31 00:00:00+00:00,12.4,12.47,11.31,11.41,31853582.752
2024-11-01 00:00:00+00:00,11.41,11.73,11.13,11.25,35275245.8138
2024-11-02 00:00:00+00:00,11.24,11.4,11.07,11.19,23988504.102
2024-11-03 00:00:00+00:00,11.19,11.24,10.51,10.76,33003883.3729
2024-11-04 00:00:00+00:00,10.75,10.92,10.07,10.26,34447144.6311
2024-11-05 00:00:00+00:00,10.25,10.94,10.18,10.83,26107600.8513
2024-11-06 00:00:00+00:00,10.84,12.32,10.8,12.17,70601112.812
2024-11-07 00:00:00+00:00,12.17,12.71,12.06,12.59,50979081.8999
2024-11-08 00:00:00+00:00,12.59,13.75,12.52,13.69,77064721.2067
2024-11-09 00:00:00+00:00,13.69,13.84,13.28,13.78,43667844.8248
2024-11-10 00:00:00+00:00,13.78,14.85,13.65,14.25,103540254.80292
2024-11-11 00:00:00+00:00,14.26,14.94,13.61,14.91,100580417.27419
2024-11-12 00:00:00+00:00,14.91,15.34,13.66,13.95,139544471.87743
2024-11-13 00:00:00+00:00,13.95,14.38,13.05,13.48,109236722.8471
2024-11-14 00:00:00+00:00,13.49,13.83,12.8,13.0,73907649.5921
2024-11-15 00:00:00+00:00,13.0,13.9,12.71,13.84,59432128.5716
2024-11-16 00:00:00+00:00,13.84,14.8,13.73,14.52,83889956.9425
2024-11-17 00:00:00+00:00,14.53,14.9,13.56,13.78,69837527.868
2024-11-18 00:00:00+00:00,13.79,16.0,13.75,15.26,127404266.56973
2024-11-19 00:00:00+00:00,15.27,15.43,14.33,14.62,67448092.5247
2024-11-20 00:00:00+00:00,14.62,15.32,14.03,14.24,83253123.158
2024-11-21 00:00:00+00:00,14.24,15.38,13.83,14.89,89308487.913
2024-11-22 00:00:00+00:00,14.89,16.59,14.72,16.57,158160391.76448
2024-11-23 00:00:00+00:00,16.57,18.39,16.3,17.38,198484986.16767
2024-11-24 00:00:00+00:00,17.39,18.34,16.1,17.91,144372803.7186
2024-11-25 00:00:00+00:00,17.91,19.06,17.14,17.34,187158991.52597
2024-11-26 00:00:00+00:00,17.34,17.84,16.18,17.34,116079140.6982
2024-11-27 00:00:00+00:00,17.34,19.0,16.96,18.66,131293904.8581
2024-11-28 00:00:00+00:00,18.66,18.69,17.48,17.93,82881000.5
2024-11-29 00:00:00+00:00,17.94,18.41,17.52,18.24,69377841.0361
2024-11-30 00:00:00+00:00,18.25,19.441,17.93,19.0,94295089.27637
2024-12-01 00:00:00+00:00,19.0,19.11,18.43,18.92,77778793.4794
2024-12-02 00:00:00+00:00,18.91,26.9,18.57,25.23,794939892.02905
2024-12-03 00:00:00+00:00,25.22,26.32,22.54,24.09,539645955.9869
2024-12-04 00:00:00+00:00,24.1,26.59,23.6,24.07,349634191.7628
2024-12-05 00:00:00+00:00,24.07,24.82,22.41,23.15,231864607.3815
2024-12-06 00:00:00+00:00,23.15,25.94,22.75,25.87,206332081.7244
2024-12-07 00:00:00+00:00,25.88,26.89,24.44,24.79,175519398.5078
2024-12-08 00:00:00+00:00,24.79,27.41,24.68,26.09,245095876.22351
2024-12-09 00:00:00+00:00,26.09,27.36,19.56,22.25,463136992.4349
2024-12-10 00:00:00+00:00,22.24,23.78,20.27,22.12,342699534.092
2024-12-11 00:00:00+00:00,22.11,24.33,21.14,24.07,179963149.4907
2024-12-12 00:00:00+00:00,24.06,29.45,23.87,29.13,583651247.24604
2024-12-13 00:00:00+00:00,29.14,30.94,27.53,28.99,417184765.98709
2024-12-14 00:00:00+00:00,28.99,30.77,28.71,29.12,318524375.7764
2024-12-15 00:00:00+00:00,29.13,29.88,28.02,29.26,207187309.3059
2024-12-16 00:00:00+00:00,29.25,30.85,28.41,28.73,333800200.398
2024-12-17 00:00:00+00:00,28.74,29.07,27.3,27.86,230177861.2048
2024-12-18 00:00:00+00:00,27.86,28.4,24.72,24.86,291675807.9454
2024-12-19 00:00:00+00:00,24.85,25.61,21.72,22.81,355068510.7792
2024-12-20 00:00:00+00:00,22.81,23.72,20.02,23.39,295876174.5109
2024-12-21 00:00:00+00:00,23.4,24.94,21.78,22.13,203382017.255
2024-12-22 00:00:00+00:00,22.14,22.79,21.31,22.08,99094179.8304
2024-12-23 00:00:00+00:00,22.08,24.97,21.49,24.55,213195847.4371
2024-12-24 00:00:00+00:00,24.55,25.99,23.54,25.42,205811032.7601
2024-12-25 00:00:00+00:00,25.43,25.59,24.15,24.44,116984340.6108
2024-12-26 00:00:00+00:00,24.44,24.7,22.42,22.68,98625756.6288
2024-12-27 00:00:00+00:00,22.68,23.67,21.37,21.57,116409480.1271
2024-12-28 00:00:00+00:00,21.56,22.38,21.06,21.99,100096973.6961
2024-12-29 00:00:00+00:00,21.99,22.02,20.77,20.96,54398428.7225
2024-12-30 00:00:00+00:00,20.96,21.83,20.09,20.58,94321234.0832
2024-12-31 00:00:00+00:00,20.57,21.2,19.82,20.01,92115406.4129
2025-01-01 00:00:00+00:00,20.02,21.86,19.67,21.73,98808034.4598
2025-01-02 00:00:00+00:00,21.73,22.91,21.72,22.07,132406604.3565
2025-01-03 00:00:00+00:00,22.07,23.9,21.63,23.48,142715278.7279
2025-01-04 00:00:00+00:00,23.48,24.05,22.87,23.6,80640836.3873
2025-01-05 00:00:00+00:00,23.6,23.83,22.85,23.58,58710231.9288
2025-01-06 00:00:00+00:00,23.58,24.78,23.01,23.83,140499666.4445
2025-01-07 00:00:00+00:00,23.83,23.84,21.18,21.38,170696788.1834
2025-01-08 00:00:00+00:00,21.39,21.73,19.59,20.44,140072745.2986
2025-01-09 00:00:00+00:00,20.44,20.73,19.14,19.65,108787360.969
2025-01-10 00:00:00+00:00,19.64,20.54,19.53,20.24,101965764.5871
2025-01-11 00:00:00+00:00,20.25,20.69,19.81,20.21,51828138.8911
2025-01-12 00:00:00+00:00,20.21,20.34,19.59,19.84,47152347.8702
2025-01-13 00:00:00+00:00,19.85,20.44,17.83,19.35,168130674.9303
2025-01-14 00:00:00+00:00,19.36,20.51,19.25,20.32,84509578.1233
2025-01-15 00:00:00+00:00,20.33,22.15,20.1,22.1,151854329.4827
2025-01-16 00:00:00+00:00,22.1,23.78,21.3,23.03,183103343.9239
2025-01-17 00:00:00+00:00,23.03,25.23,23.02,25.09,129010962.0974
2025-01-18 00:00:00+00:00,25.1,25.67,23.37,24.12,173963184.4462
2025-01-19 00:00:00+00:00,24.12,26.71,22.19,24.34,453671100.9588
2025-01-20 00:00:00+00:00,24.34,26.94,23.4,25.09,548961117.217
2025-01-21 00:00:00+00:00,25.08,27.09,23.68,26.67,268157542.2658
2025-01-22 00:00:00+00:00,26.67,27.21,25.13,25.3,111429165.8481
2025-01-23 00:00:00+00:00,25.29,26.25,23.98,25.65,167236991.1679
2025-01-24 00:00:00+00:00,25.66,26.44,24.86,25.18,118051494.0996
2025-01-25 00:00:00+00:00,25.17,25.44,24.68,24.93,69264726.054
2025-01-26 00:00:00+00:00,24.93,26.39,24.86,24.88,90302768.2884
2025-01-27 00:00:00+00:00,24.88,25.14,22.18,24.21,221324535.9099
2025-01-28 00:00:00+00:00,24.22,24.66,22.36,22.61,103190284.8969
2025-01-29 00:00:00+00:00,22.62,24.45,22.32,23.66,126332884.3251
2025-01-30 00:00:00+00:00,23.66,25.21,23.41,24.46,101555003.1194
2025-01-31 00:00:00+00:00,24.46,26.4,24.12,25.17,142130325.911
2025-02-01 00:00:00+00:00,25.16,25.99,22.76,22.98,113176241.1501
2025-02-02 00:00:00+00:00,22.98,23.33,19.29,20.46,267365103.6764
2025-02-03 00:00:00+00:00,20.47,22.05,15.4,21.64,593173905.1935
2025-02-04 00:00:00+00:00,21.64,21.71,19.32,19.97,208959507.1737
2025-02-05 00:00:00+00:00,19.98,20.27,18.96,19.19,117386762.8041
2025-02-06 00:00:00+00:00,19.19,19.94,18.41,18.58,87591563.0569
2025-02-07 00:00:00+00:00,18.59,19.86,17.79,18.39,112190172.2275
2025-02-08 00:00:00+00:00,18.39,18.63,17.87,18.45,45195182.669
2025-02-09 00:00:00+00:00,18.44,19.0,17.44,18.26,61527497.4035
2025-02-10 00:00:00+00:00,18.26,19.13,17.67,18.81,68920948.0116
2025-02-11 00:00:00+00:00,18.8,19.79,18.22,18.66,81391089.5882
2025-02-12 00:00:00+00:00,18.65,19.51,17.64,19.2,103689231.126
2025-02-13 00:00:00+00:00,19.2,19.34,18.18,18.56,47661024.2132
2025-02-14 00:00:00+00:00,18.56,19.84,18.45,19.38,62976478.4745
2025-02-15 00:00:00+00:00,19.39,19.67,18.73,18.99,32201612.5684
2025-02-16 00:00:00+00:00,19.0,19.26,18.56,18.69,34612458.6844
2025-02-17 00:00:00+00:00,18.7,19.8,18.36,19.12,69752680.8792
2025-02-18 00:00:00+00:00,19.12,19.2,17.28,17.88,81125118.2242
2025-02-19 00:00:00+00:00,17.88,18.21,17.44,17.98,47884780.9643
2025-02-20 00:00:00+00:00,17.98,18.48,17.81,18.28,49529653.7905
2025-02-21 00:00:00+00:00,18.28,19.06,17.12,17.43,83181155.1583
2025-02-22 00:00:00+00:00,17.43,18.03,17.3,17.76,36269450.2652
2025-02-23 00:00:00+00:00,17.76,18.13,17.42,17.62,30501320.808
2025-02-24 00:00:00+00:00,17.62,17.75,14.97,15.26,85861287.8383
2025-02-25 00:00:00+00:00,15.26,15.59,14.02,15.31,150983033.2925
2025-02-26 00:00:00+00:00,15.31,15.78,14.67,15.26,93861531.9061
2025-02-27 00:00:00+00:00,15.26,15.78,14.78,15.1,51701783.8857
2025-02-28 00:00:00+00:00,15.11,15.2,13.45,14.81,95138294.396
2025-03-01 00:00:00+00:00,14.81,15.14,14.22,14.75,40610512.9202
2025-03-02 00:00:00+00:00,14.75,17.55,14.4,17.42,128254562.6771
2025-03-03 00:00:00+00:00,17.42,17.49,14.36,14.46,131102637.9407
2025-03-04 00:00:00+00:00,14.46,15.36,13.08,14.86,144894861.9487
2025-03-05 00:00:00+00:00,14.87,16.59,14.63,16.43,128604981.1236
2025-03-06 00:00:00+00:00,16.43,17.67,16.37,17.06,148448982.1894
2025-03-07 00:00:00+00:00,17.06,17.54,15.73,15.94,171490067.9756
2025-03-08 00:00:00+00:00,15.95,16.04,15.13,15.26,48550942.9001
2025-03-09 00:00:00+00:00,15.27,15.37,13.6,13.81,61017584.4974
2025-03-10 00:00:00+00:00,13.81,14.57,12.41,12.65,103612729.9169
2025-03-11 00:00:00+00:00,12.66,13.66,11.85,13.13,128415926.576
2025-03-12 00:00:00+00:00,13.14,13.81,12.64,13.49,83574163.0875
2025-03-13 00:00:00+00:00,13.49,13.6,12.71,13.04,54571993.252
2025-03-14 00:00:00+00:00,13.04,14.71,12.99,13.66,178467468.7526
2025-03-15 00:00:00+00:00,13.66,14.25,13.63,14.01,47621397.4214
2025-03-16 00:00:00+00:00,14.02,14.19,13.21,13.37,38117285.1993
2025-03-17 00:00:00+00:00,13.38,14.24,13.34,14.03,45834984.0301
2025-03-18 00:00:00+00:00,14.03,14.28,13.46,13.91,40493548.8302
2025-03-19 00:00:00+00:00,13.92,15.05,13.77,15.03,73126373.0292
2025-03-20 00:00:00+00:00,15.03,15.17,14.08,14.22,45029471.8729
2025-03-21 00:00:00+00:00,14.22,14.39,13.82,13.97,24662386.0122
2025-03-22 00:00:00+00:00,13.96,14.5,13.93,14.25,20981581.1259
2025-03-23 00:00:00+00:00,14.25,14.5,14.21,14.47,20119989.6765
2025-03-24 00:00:00+00:00,14.46,15.41,14.16,15.13,52643960.5413
2025-03-25 00:00:00+00:00,15.13,15.61,14.87,15.44,33976070.635
2025-03-26 00:00:00+00:00,15.43,16.0,14.94,15.24,48811883.1577
2025-03-27 00:00:00+00:00,15.25,15.8,15.17,15.52,38872790.8487
2025-03-28 00:00:00+00:00,15.53,15.59,14.0,14.25,51328687.683
2025-03-29 00:00:00+00:00,14.25,14.42,13.37,13.55,33228008.9476
2025-03-30 00:00:00+00:00,13.56,13.87,13.19,13.41,28042290.8148
2025-03-31 00:00:00+00:00,13.42,13.72,12.96,13.51,35568817.6807
2025-04-01 00:00:00+00:00,13.5,14.4,13.49,14.04,37425026.2424
2025-04-02 00:00:00+00:00,14.04,14.4,12.81,12.9,93448345.0399
2025-04-03 00:00:00+00:00,12.9,13.31,12.3,12.9,65353898.1755
2025-04-04 00:00:00+00:00,12.9,13.2,12.35,12.94,58370703.5135
2025-04-05 00:00:00+00:00,12.94,13.06,12.57,12.85,18140090.1823
2025-04-06 00:00:00+00:00,12.84,12.96,11.0,11.28,51683652.3928
2025-04-07 00:00:00+00:00,11.29,11.89,10.1,11.45,148005629.9468
2025-04-08 00:00:00+00:00,11.46,11.89,10.78,10.93,49810099.3274
2025-04-09 00:00:00+00:00,10.93,12.82,10.44,12.65,104577153.3633
2025-04-10 00:00:00+00:00,12.65,12.67,11.68,12.08,50462805.3858
2025-04-11 00:00:00+00:00,12.07,12.9,12.02,12.64,41561611.7371
2025-04-12 00:00:00+00:00,12.64,13.29,12.47,13.15,32037446.7888
2025-04-13 00:00:00+00:00,13.15,13.23,12.43,12.62,40484024.7559
2025-04-14 00:00:00+00:00,12.63,13.25,12.57,12.63,36103219.743
2025-04-15 00:00:00+00:00,12.64,12.84,12.21,12.24,38697218.7511
2025-04-16 00:00:00+00:00,12.24,12.53,11.89,12.35,35501633.4368
2025-04-17 00:00:00+00:00,12.35,12.71,12.2,12.54,28220397.06
2025-04-18 00:00:00+00:00,12.54,12.72,12.4,12.56,14539045.2185
2025-04-19 00:00:00+00:00,12.57,13.06,12.53,12.94,15247583.4879
2025-04-20 00:00:00+00:00,12.93,13.6,12.87,13.28,29961167.5767
2025-04-21 00:00:00+00:00,13.29,13.7,12.96,13.11,35188846.6664
2025-04-22 00:00:00+00:00,13.1,14.18,12.88,14.13,52701843.4132
2025-04-23 00:00:00+00:00,14.13,15.28,14.01,15.02,66102867.0769
2025-04-24 00:00:00+00:00,15.02,15.15,14.15,15.06,47927276.5427
2025-04-25 00:00:00+00:00,15.06,15.36,14.71,14.92,57142634.9687
2025-04-26 00:00:00+00:00,14.92,15.28,14.67,14.86,31841298.9259
2025-04-27 00:00:00+00:00,14.87,15.1,14.37,14.56,35964045.7696
2025-04-28 00:00:00+00:00,14.56,15.11,14.24,15.03,45048676.6752
2025-04-29 00:00:00+00:00,15.03,15.24,14.47,14.6,32545347.3314
2025-04-30 00:00:00+00:00,14.61,14.76,13.83,14.3,30425747.6123
2025-05-01 00:00:00+00:00,14.3,15.04,14.3,14.74,43806454.9088
2025-05-02 00:00:00+00:00,14.74,15.03,14.49,14.65,41315421.5009
2025-05-03 00:00:00+00:00,14.65,14.67,14.16,14.24,25739335.7529
2025-05-04 00:00:00+00:00,14.24,14.37,13.81,13.86,22259219.134
2025-05-05 00:00:00+00:00,13.86,14.2,13.48,13.65,33776213.605
2025-05-06 00:00:00+00:00,13.65,13.89,13.2,13.82,29238187.005
2025-05-07 00:00:00+00:00,13.82,14.09,13.46,13.82,25845423.1627
2025-05-08 00:00:00+00:00,13.81,15.99,13.81,15.88,85592538.46
2025-05-09 00:00:00+00:00,15.89,16.73,15.58,16.01,110916967.6204
2025-05-10 00:00:00+00:00,16.01,17.47,15.86,17.34,86521781.8084
2025-05-11 00:00:00+00:00,17.34,17.42,16.3,17.1,81013068.4355
2025-05-12 00:00:00+00:00,17.1,17.98,16.03,16.74,110441899.9679
2025-05-13 00:00:00+00:00,16.74,17.81,16.03,17.39,86828154.5487
2025-05-14 00:00:00+00:00,17.4,17.53,16.67,17.01,63879760.3581
2025-05-15 00:00:00+00:00,17.02,17.21,15.69,16.04,75084627.9804
2025-05-16 00:00:00+00:00,16.04,16.54,15.61,15.76,49102367.1938
2025-05-17 00:00:00+00:00,15.76,15.79,15.07,15.32,40495046.6284
2025-05-18 00:00:00+00:00,15.33,16.4,14.88,15.88,66955472.8385
2025-05-19 00:00:00+00:00,15.88,16.01,14.84,15.78,66888436.7496
2025-05-20 00:00:00+00:00,15.79,16.42,15.24,15.71,69428056.6977
2025-05-21 00:00:00+00:00,15.71,16.49,15.52,16.1,96998838.5374
2025-05-22 00:00:00+00:00,16.1,16.91,16.04,16.74,75173542.4699
2025-05-23 00:00:00+00:00,16.74,17.16,15.42,15.53,101599899.5984
2025-05-24 00:00:00+00:00,15.53,15.91,15.24,15.34,40646828.7645
2025-05-25 00:00:00+00:00,15.34,15.56,14.86,15.54,33989579.0638
2025-05-26 00:00:00+00:00,15.54,15.96,15.4,15.54,33544257.0773
2025-05-27 00:00:00+00:00,15.54,16.13,15.15,15.91,39677131.2203
2025-05-28 00:00:00+00:00,15.91,16.16,15.31,15.69,35975289.5249
2025-05-29 00:00:00+00:00,15.69,16.19,15.0,15.05,54242539.6518
2025-05-30 00:00:00+00:00,15.05,15.12,13.76,13.9,87968905.5665
2025-05-31 00:00:00+00:00,13.89,14.19,13.39,13.97,44667893.8954
2025-06-01 00:00:00+00:00,13.97,14.13,13.58,14.06,23234299.9311
2025-06-02 00:00:00+00:00,14.06,14.12,13.59,14.07,24931302.4503
2025-06-03 00:00:00+00:00,14.08,14.45,13.98,14.11,34067280.4778
2025-06-04 00:00:00+00:00,14.12,14.48,13.7,13.83,23999080.6443
2025-06-05 00:00:00+00:00,13.84,14.04,12.64,12.89,57662797.0436
2025-06-06 00:00:00+00:00,12.89,13.69,12.82,13.56,38630922.2731
2025-06-07 00:00:00+00:00,13.57,14.08,13.48,13.83,24967310.4679
2025-06-08 00:00:00+00:00,13.82,13.98,13.55,13.73,17925650.2176
2025-06-09 00:00:00+00:00,13.73,14.4,13.54,14.36,29822019.1009
2025-06-10 00:00:00+00:00,14.36,15.53,14.32,15.45,69253062.0324
2025-06-11 00:00:00+00:00,15.45,15.66,14.77,14.89,66383169.8782
2025-06-12 00:00:00+00:00,14.89,14.93,13.83,13.97,56686101.3956
2025-06-13 00:00:00+00:00,13.98,13.99,12.75,13.44,86214544.512
2025-06-14 00:00:00+00:00,13.45,13.46,12.83,13.15,24273624.7146
2025-06-15 00:00:00+00:00,13.16,13.33,13.0,13.3,19219539.7896
2025-06-16 00:00:00+00:00,13.3,14.17,13.17,13.56,37895538.8579
2025-06-17 00:00:00+00:00,13.57,13.79,12.8,12.99,49659770.9226
2025-06-18 00:00:00+00:00,13.0,13.23,12.63,13.11,33226796.5364
2025-06-19 00:00:00+00:00,13.12,13.38,12.91,13.07,24286855.701
2025-06-20 00:00:00+00:00,13.07,13.29,12.3,12.51,35022843.9975
2025-06-21 00:00:00+00:00,12.51,12.75,11.69,12.03,31745396.0504
2025-06-22 00:00:00+00:00,12.03,12.2,10.94,11.65,68363262.3956
2025-06-23 00:00:00+00:00,11.65,12.97,11.39,12.82,53053448.475
2025-06-24 00:00:00+00:00,12.83,13.73,12.78,13.42,55373649.7408
2025-06-25 00:00:00+00:00,13.42,13.51,12.99,13.13,32749333.961
2025-06-26 00:00:00+00:00,13.14,13.57,12.88,12.94,24961668.317
2025-06-27 00:00:00+00:00,12.94,13.23,12.73,13.05,20257928.793
2025-06-28 00:00:00+00:00,13.05,13.45,13.0,13.39,15862065.3422
2025-06-29 00:00:00+00:00,13.4,13.88,13.24,13.7,20223377.7405
2025-06-30 00:00:00+00:00,13.71,13.78,13.12,13.38,33657046.2936
2025-07-01 00:00:00+00:00,13.37,13.44,12.78,12.9,22664460.6866
2025-07-02 00:00:00+00:00,12.9,13.85,12.73,13.56,43761483.7281
2025-07-03 00:00:00+00:00,13.55,14.08,13.43,13.67,42127142.4484
2025-07-04 00:00:00+00:00,13.66,13.78,12.93,13.16,28578440.9922
2025-07-05 00:00:00+00:00,13.16,13.27,12.99,13.23,11861117.9427
2025-07-06 00:00:00+00:00,13.23,13.7,13.1,13.48,18067981.4736
2025-07-07 00:00:00+00:00,13.49,13.73,13.25,13.44,24756271.1825
2025-07-08 00:00:00+00:00,13.43,14.0,13.2,13.96,28085657.426
2025-07-09 00:00:00+00:00,13.97,14.38,13.81,14.25,47744792.4223
2025-07-10 00:00:00+00:00,14.25,15.34,14.15,15.23,55480787.449
2025-07-11 00:00:00+00:00,15.24,15.88,15.01,15.28,78674913.1375
2025-07-12 00:00:00+00:00,15.29,15.48,14.7,15.11,31177612.4552
2025-07-13 00:00:00+00:00,15.11,15.95,15.04,15.66,43074104.8496
2025-07-14 00:00:00+00:00,15.66,16.47,15.57,15.75,72235528.3712
2025-07-15 00:00:00+00:00,15.76,16.2,15.14,16.11,72517080.709
2025-07-16 00:00:00+00:00,16.11,17.04,15.82,16.67,87448067.3148
2025-07-17 00:00:00+00:00,16.68,18.1,16.32,18.0,101366991.3271
2025-07-18 00:00:00+00:00,18.0,19.17,17.32,17.83,168266381.0259
2025-07-19 00:00:00+00:00,17.83,18.55,17.53,18.39,65966365.1479
2025-07-20 00:00:00+00:00,18.4,20.01,18.32,19.27,133197018.2732
2025-07-21 00:00:00+00:00,19.28,20.28,18.98,19.5,110736296.9051
2025-07-22 00:00:00+00:00,19.49,19.99,18.63,19.66,112576440.5863
2025-07-23 00:00:00+00:00,19.66,19.76,17.55,18.18,92499909.4197
2025-07-24 00:00:00+00:00,18.18,18.69,17.15,17.91,80747677.8369
2025-07-25 00:00:00+00:00,17.92,18.49,17.23,18.28,71760116.1133
2025-07-26 00:00:00+00:00,18.29,18.64,18.16,18.41,37652826.774
2025-07-27 00:00:00+00:00,18.41,19.3,18.35,19.24,55457140.5437
2025-07-28 00:00:00+00:00,19.24,19.56,17.97,18.12,70090051.6286
2025-07-29 00:00:00+00:00,18.11,18.64,17.47,17.83,68391211.1969
2025-07-30 00:00:00+00:00,17.84,17.95,16.77,17.71,63890506.5654
2025-07-31 00:00:00+00:00,17.72,18.24,16.84,16.92,61770354.3156
2025-08-01 00:00:00+00:00,16.93,17.03,15.67,16.07,108695778.5687
2025-08-02 00:00:00+00:00,16.07,16.27,15.43,15.65,48070465.9162
2025-08-03 00:00:00+00:00,15.64,16.4,15.44,16.3,25380539.0702
2025-08-04 00:00:00+00:00,16.3,17.2,16.27,17.11,45368686.7029
2025-08-05 00:00:00+00:00,17.12,17.12,16.08,16.38,50543591.4657
2025-08-06 00:00:00+00:00,16.39,16.91,16.03,16.67,30430150.6037
2025-08-07 00:00:00+00:00,16.67,18.5,16.57,18.48,98534678.2831
2025-08-08 00:00:00+00:00,18.47,19.98,18.08,19.89,146342062.285
2025-08-09 00:00:00+00:00,19.89,21.99,19.78,21.94,158668696.5059
2025-08-10 00:00:00+00:00,21.95,22.7,21.15,22.06,190282586.4162
2025-08-11 00:00:00+00:00,22.07,22.61,20.84,21.07,154725245.9017
2025-08-12 00:00:00+00:00,21.07,24.2,21.0,23.6,258209987.2555
2025-08-13 00:00:00+00:00,23.6,24.74,23.23,23.98,267958828.1029
2025-08-14 00:00:00+00:00,23.98,24.31,21.51,22.46,248860284.3826
2025-08-15 00:00:00+00:00,22.45,23.04,21.36,21.76,121914263.1424
2025-08-16 00:00:00+00:00,21.75,22.97,21.39,22.64,107126329.6789
2025-08-17 00:00:00+00:00,22.64,26.33,22.36,25.64,289795145.6654
2025-08-18 00:00:00+00:00,25.64,26.76,24.29,25.78,404980017.7776
2025-08-19 00:00:00+00:00,25.79,25.81,23.42,23.56,302898105.4892
2025-08-20 00:00:00+00:00,23.56,26.89,23.36,26.45,368495089.9227
2025-08-21 00:00:00+00:00,26.45,26.6,24.63,24.82,220162023.1821
2025-08-22 00:00:00+00:00,24.82,27.87,24.09,26.79,454325685.6598
2025-08-23 00:00:00+00:00,26.8,26.83,25.52,26.28,165012687.4876
2025-08-24 00:00:00+00:00,26.28,26.62,25.21,25.82,192238925.1864
2025-08-25 00:00:00+00:00,25.82,26.46,23.08,23.38,248745817.0702
2025-08-26 00:00:00+00:00,23.38,24.76,22.88,24.38,190568138.4503
2025-08-27 00:00:00+00:00,24.37,24.69,23.58,23.78,175003405.8096
2025-08-28 00:00:00+00:00,23.78,26.03,23.56,25.18,320049702.6784
2025-08-29 00:00:00+00:00,25.18,25.23,23.11,23.43,228709497.8727
2025-08-30 00:00:00+00:00,23.43,23.52,22.83,23.51,64158346.728
2025-08-31 00:00:00+00:00,23.51,24.06,23.18,23.2,99992630.6266
2025-09-01 00:00:00+00:00,23.2,23.87,22.09,22.51,159108703.1891
2025-09-02 00:00:00+00:00,22.52,23.6,22.34,23.49,128774407.6266
2025-09-03 00:00:00+00:00,23.49,23.91,23.21,23.69,87010507.551
2025-09-04 00:00:00+00:00,23.69,23.97,22.18,22.32,90562776.8383
2025-09-05 00:00:00+00:00,22.32,23.24,22.04,22.28,152115446.3969
2025-09-06 00:00:00+00:00,22.28,22.52,21.87,22.19,55207329.7461
2025-09-07 00:00:00+00:00,22.2,22.61,22.12,22.47,42244152.8599
2025-09-08 00:00:00+00:00,22.47,23.31,22.23,23.04,86186840.9771
2025-09-09 00:00:00+00:00,23.04,23.82,22.83,23.05,108066637.1708
2025-09-10 00:00:00+00:00,23.05,23.93,22.89,23.57,77615935.5306
2025-09-11 00:00:00+00:00,23.57,24.5,23.31,24.47,96072381.9688
2025-09-12 00:00:00+00:00,24.47,25.33,24.16,25.13,114613000.2359
2025-09-13 00:00:00+00:00,25.12,25.64,24.44,24.88,104112954.3763
2025-09-14 00:00:00+00:00,24.88,25.02,23.84,24.09,63436716.4217
2025-09-15 00:00:00+00:00,24.1,24.44,22.97,23.56,87178788.0969
2025-09-16 00:00:00+00:00,23.56,23.76,23.1,23.48,60286769.7642
2025-09-17 00:00:00+00:00,23.49,24.24,22.75,23.99,123805137.7382
2025-09-18 00:00:00+00:00,24.0,24.75,23.68,24.62,85065535.9084
2025-09-19 00:00:00+00:00,24.63,24.89,23.27,23.47,102828843.1999
2025-09-20 00:00:00+00:00,23.48,23.66,23.09,23.34,39521252.0506
2025-09-21 00:00:00+00:00,23.33,23.49,22.9,22.96,30629669.5406
2025-09-22 00:00:00+00:00,22.95,23.05,20.24,21.65,176656232.5417
2025-09-23 00:00:00+00:00,21.66,22.05,21.17,21.52,72488401.791
2025-09-24 00:00:00+00:00,21.52,21.97,20.98,21.6,90200808.7833
2025-09-25 00:00:00+00:00,21.61,21.66,19.82,20.14,128749834.4405
2025-09-26 00:00:00+00:00,20.15,21.24,19.93,21.07,78770386.1003
2025-09-27 00:00:00+00:00,21.07,21.15,20.73,20.91,20677011.1831
2025-09-28 00:00:00+00:00,20.92,21.71,20.43,21.68,33609887.9492
2025-09-29 00:00:00+00:00,21.68,21.9,20.9,21.74,53563424.0713
2025-09-30 00:00:00+00:00,21.73,21.87,20.96,21.3,61658338.2592
2025-10-01 00:00:00+00:00,21.31,22.63,21.05,22.58,70760808.2876
2025-10-02 00:00:00+00:00,22.57,23.13,21.93,22.77,85031159.847
2025-10-03 00:00:00+00:00,22.78,23.09,22.09,22.5,92374557.4159
2025-10-04 00:00:00+00:00,22.5,22.62,21.76,22.01,45908579.0524
2025-10-05 00:00:00+00:00,22.02,22.94,21.88,22.0,58769708.4454
2025-10-06 00:00:00+00:00,22.0,23.6,21.47,23.37,126062593.3736
2025-10-07 00:00:00+00:00,23.37,23.73,21.75,21.79,132453559.5759
2025-10-08 00:00:00+00:00,21.8,22.67,21.62,22.63,61682423.264
2025-10-09 00:00:00+00:00,22.63,22.67,21.32,21.99,72496560.2135
2025-10-10 00:00:00+00:00,22.0,22.78,7.9,17.31,424313315.06812
2025-10-11 00:00:00+00:00,17.31,19.0,16.6,17.2,201287604.0769
2025-10-12 00:00:00+00:00,17.2,19.42,16.68,19.0,133166030.5334
2025-10-13 00:00:00+00:00,19.0,20.19,18.73,19.84,156883694.8941
2025-10-14 00:00:00+00:00,19.84,20.07,18.07,19.1,140502777.7271
2025-10-15 00:00:00+00:00,19.1,19.26,17.73,18.06,83623255.8907
2025-10-16 00:00:00+00:00,18.05,18.63,17.1,17.43,89520789.2109
2025-10-17 00:00:00+00:00,17.42,17.69,15.69,16.61,129092042.1475
2025-10-18 00:00:00+00:00,16.61,17.01,16.57,16.82,32024467.4228
2025-10-19 00:00:00+00:00,16.81,17.66,16.53,17.29,66397326.1934
2025-10-20 00:00:00+00:00,17.29,19.19,16.93,18.66,136518261.567
2025-10-21 00:00:00+00:00,18.66,18.97,17.53,17.61,134982691.4482
2025-10-22 00:00:00+00:00,17.6,17.84,16.71,17.2,82344984.2372
2025-10-23 00:00:00+00:00,17.2,17.79,17.09,17.44,58311153.2967
2025-10-24 00:00:00+00:00,17.44,18.1,17.29,17.89,55018803.6823
2025-10-25 00:00:00+00:00,17.89,18.25,17.79,18.02,24012009.5039
2025-10-26 00:00:00+00:00,18.02,18.69,17.69,18.55,61142871.6062
2025-10-27 00:00:00+00:00,18.54,19.06,18.08,18.22,73511377.833
2025-10-28 00:00:00+00:00,18.21,18.83,17.43,17.83,74491637.4322
2025-10-29 00:00:00+00:00,17.83,18.67,17.54,18.13,97970668.4262
2025-10-30 00:00:00+00:00,18.14,18.43,16.32,16.8,111308334.018
2025-10-31 00:00:00+00:00,16.8,17.46,16.73,17.24,63810704.2166
2025-11-01 00:00:00+00:00,17.24,17.44,17.04,17.14,30231815.6493
2025-11-02 00:00:00+00:00,17.15,17.64,16.99,17.58,37812644.3585
2025-11-03 00:00:00+00:00,17.59,17.66,14.51,15.25,135093125.8023
2025-11-04 00:00:00+00:00,15.25,15.51,13.69,14.68,159417875.0818
2025-11-05 00:00:00+00:00,14.69,15.4,13.98,15.09,87780127.2255
2025-11-06 00:00:00+00:00,15.08,15.24,14.24,14.74,56793802.4727
2025-11-07 00:00:00+00:00,14.74,16.23,14.31,15.79,91269828.9505
2025-11-08 00:00:00+00:00,15.79,16.03,15.12,15.51,64385281.162
2025-11-09 00:00:00+00:00,15.52,16.13,15.02,15.93,47743763.1278
2025-11-10 00:00:00+00:00,15.92,16.67,15.79,16.36,77171601.8591
2025-11-11 00:00:00+00:00,16.36,16.8,15.25,15.28,66360489.0914
2025-11-12 00:00:00+00:00,15.28,16.25,14.92,15.15,68754437.2653
2025-11-13 00:00:00+00:00,15.15,16.02,14.14,14.54,89642367.2376
2025-11-14 00:00:00+00:00,14.55,14.61,13.58,13.81,93803115.2458
2025-11-15 00:00:00+00:00,13.81,14.34,13.79,14.14,36042431.0386
2025-11-16 00:00:00+00:00,14.14,14.54,13.4,13.73,75183113.7796
2025-11-17 00:00:00+00:00,13.73,14.29,13.08,13.33,73583167.9287
2025-11-18 00:00:00+00:00,13.34,14.0,13.06,13.79,66312483.8776
2025-11-19 00:00:00+00:00,13.8,13.83,12.77,13.53,69972201.5739
2025-11-20 00:00:00+00:00,13.53,14.0,12.77,12.93,96905302.7368
2025-11-21 00:00:00+00:00,12.94,13.22,11.61,12.11,126787896.6579
2025-11-22 00:00:00+00:00,12.12,12.31,11.74,12.17,41413898.5293
2025-11-23 00:00:00+00:00,12.17,12.75,12.11,12.53,54217175.7413
2025-11-24 00:00:00+00:00,12.52,13.21,12.3,12.97,57358224.7271
2025-11-25 00:00:00+00:00,12.97,13.22,12.55,13.09,58865049.5415
2025-11-26 00:00:00+00:00,13.08,13.51,12.75,13.46,39725922.7152
2025-11-27 00:00:00+00:00,13.45,13.57,13.23,13.34,22809217.7263
2025-11-28 00:00:00+00:00,13.33,13.55,13.04,13.13,28203522.9395
2025-11-29 00:00:00+00:00,13.12,13.22,12.91,12.99,18509524.804
2025-11-30 00:00:00+00:00,12.99,13.42,12.93,12.95,19762726.2449
2025-12-01 00:00:00+00:00,12.95,12.99,11.74,12.07,67213426.0781
2025-12-02 00:00:00+00:00,12.07,13.59,11.98,13.47,63855684.0533
2025-12-03 00:00:00+00:00,13.47,14.75,13.43,14.64,112432949.906
2025-12-04 00:00:00+00:00,14.64,14.93,13.97,14.25,54432643.1086
2025-12-05 00:00:00+00:00,14.25,14.4,13.36,13.59,48305309.5351
2025-12-06 00:00:00+00:00,13.59,14.08,13.49,13.92,25540229.9148
2025-12-07 00:00:00+00:00,13.91,14.18,13.17,13.65,45086115.7118
2025-12-08 00:00:00+00:00,13.65,14.29,13.56,13.76,37112124.2449
2025-12-09 00:00:00+00:00,13.76,15.01,13.53,14.41,53146246.0928
2025-12-10 00:00:00+00:00,14.41,14.89,13.94,14.1,61041107.4988
2025-12-11 00:00:00+00:00,14.09,14.21,13.4,14.07,45849001.9387
2025-12-12 00:00:00+00:00,14.06,14.35,13.27,13.63,38346272.8271
2025-12-13 00:00:00+00:00,13.64,13.97,13.6,13.74,15695093.6658
2025-12-14 00:00:00+00:00,13.74,13.8,13.09,13.28,19471342.9289
2025-12-15 00:00:00+00:00,13.28,13.74,12.47,12.85,48144651.3065
2025-12-16 00:00:00+00:00,12.86,13.13,12.55,12.93,39608006.9272
2025-12-17 00:00:00+00:00,12.93,13.18,12.12,12.27,56418647.3498
2025-12-18 00:00:00+00:00,12.26,12.88,11.74,11.93,53387892.4916
2025-12-19 00:00:00+00:00,11.93,12.76,11.84,12.54,40169941.919
2025-12-20 00:00:00+00:00,12.54,12.72,12.48,12.56,11739075.9527
2025-12-21 00:00:00+00:00,12.55,12.71,12.22,12.44,18227475.6488
2025-12-22 00:00:00+00:00,12.44,12.95,12.33,12.58,28947755.8519
2025-12-23 00:00:00+00:00,12.58,12.7,12.07,12.39,34549513.4011
2025-12-24 00:00:00+00:00,12.39,12.44,12.01,12.28,19730636.6134
2025-12-25 00:00:00+00:00,12.27,12.43,11.99,12.07,16331924.9272
2025-12-26 00:00:00+00:00,12.06,12.54,12.02,12.19,23657855.6247
2025-12-27 00:00:00+00:00,12.18,12.55,12.16,12.52,13167124.5448
2025-12-28 00:00:00+00:00,12.52,12.6,12.32,12.5,15911859.5201
2025-12-29 00:00:00+00:00,12.5,13.03,12.25,12.3,37256445.8783
2025-12-30 00:00:00+00:00,12.31,12.61,12.26,12.42,20480164.4016
2025-12-31 00:00:00+00:00,12.42,12.55,12.19,12.21,20037119.63
2026-01-01 00:00:00+00:00,12.2,12.64,12.15,12.6,16089685.5682
2026-01-02 00:00:00+00:00,12.61,13.43,12.58,13.27,50972592.2501
2026-01-03 00:00:00+00:00,13.27,13.37,12.97,13.23,23900078.1514
2026-01-04 00:00:00+00:00,13.24,13.58,13.21,13.43,25417305.4846
2026-01-05 00:00:00+00:00,13.42,14.13,13.4,13.9,56425737.0829
2026-01-06 00:00:00+00:00,13.91,14.24,13.47,14.04,66038990.6151
2026-01-07 00:00:00+00:00,14.03,14.04,13.29,13.44,42709995.1406
2026-01-08 00:00:00+00:00,13.45,13.56,13.03,13.21,35778086.5531
2026-01-09 00:00:00+00:00,13.22,13.45,13.03,13.14,29896518.5111
2026-01-10 00:00:00+00:00,13.14,13.26,13.07,13.13,13576464.9652
2026-01-11 00:00:00+00:00,13.14,13.37,13.05,13.21,15563450.5616
2026-01-12 00:00:00+00:00,13.21,13.52,12.93,13.08,28820862.5458
2026-01-13 00:00:00+00:00,13.08,14.18,13.05,14.06,44829712.1821
2026-01-14 00:00:00+00:00,14.06,14.4,13.85,14.11,47983721.4615
2026-01-15 00:00:00+00:00,14.11,14.22,13.56,13.8,42725367.5643
2026-01-16 00:00:00+00:00,13.8,13.87,13.43,13.73,25209367.4497
2026-01-17 00:00:00+00:00,13.73,13.9,13.63,13.75,12806072.5957
2026-01-18 00:00:00+00:00,13.74,13.88,13.3,13.32,23780543.2781
2026-01-19 00:00:00+00:00,13.31,13.32,12.37,12.88,59265075.9112
2026-01-20 00:00:00+00:00,12.88,12.91,12.03,12.12,31915977.9951
2026-01-21 00:00:00+00:00,12.13,12.66,11.89,12.4,36226357.4834
2026-01-22 00:00:00+00:00,12.4,12.58,12.12,12.27,22470586.9079
2026-01-23 00:00:00+00:00,12.26,12.5,12.04,12.22,16817473.322
2026-01-24 00:00:00+00:00,12.22,12.28,12.13,12.2,10676701.701
2026-01-25 00:00:00+00:00,12.21,12.22,11.36,11.52,34581566.3963
2026-01-26 00:00:00+00:00,11.53,12.13,11.51,11.95,24116764.5495
2026-01-27 00:00:00+00:00,11.94,12.19,11.84,12.03,26132684.62
2026-01-28 00:00:00+00:00,12.03,12.07,11.69,11.84,19549298.5442
2026-01-29 00:00:00+00:00,11.85,11.87,10.83,11.13,40531974.3749
2026-01-30 00:00:00+00:00,11.13,11.17,10.51,10.79,51691643.2804
2026-01-31 00:00:00+00:00,10.79,10.84,8.97,9.99,95340590.7771
2026-02-01 00:00:00+00:00,9.99,10.08,9.22,9.41,52612673.3918
2026-02-02 00:00:00+00:00,9.4,10.04,9.02,9.81,67946777.9824
2026-02-03 00:00:00+00:00,9.8,9.9,9.08,9.49,55810924.8063
2026-02-04 00:00:00+00:00,9.49,9.78,9.02,9.25,50450603.3867
2026-02-05 00:00:00+00:00,9.26,9.36,7.85,7.92,107071375.0315
2026-02-06 00:00:00+00:00,7.92,9.01,7.15,8.88,95725847.02128
2026-02-07 00:00:00+00:00,8.88,9.05,8.58,8.91,58917653.76
2026-02-08 00:00:00+00:00,8.91,9.05,8.72,8.83,22556678.1367
2026-02-09 00:00:00+00:00,8.83,9.02,8.44,8.83,24570899.0815
2026-02-10 00:00:00+00:00,8.84,8.89,8.47,8.57,20829991.3581
2026-02-11 00:00:00+00:00,8.57,8.62,8.13,8.33,33460766.0915
2026-02-12 00:00:00+00:00,8.32,8.6,8.17,8.41,19396890.8221
2026-02-13 00:00:00+00:00,8.41,8.91,8.3,8.77,19870739.5545
2026-02-14 00:00:00+00:00,8.76,9.21,8.75,9.09,25384873.1232
2026-02-15 00:00:00+00:00,9.1,9.25,8.6,8.79,27455248.835
2026-02-16 00:00:00+00:00,8.79,8.99,8.65,8.94,16699270.7685
2026-02-17 00:00:00+00:00,8.93,9.0,8.66,8.82,16108051.302
2026-02-18 00:00:00+00:00,8.83,9.0,8.52,8.6,15748873.0161
2026-02-19 00:00:00+00:00,8.6,8.76,8.35,8.58,14593206.7842
2026-02-20 00:00:00+00:00,8.58,9.02,8.45,8.95,27301942.2935
2026-02-21 00:00:00+00:00,8.95,9.05,8.85,8.87,16987408.716
2026-02-22 00:00:00+00:00,8.87,8.9,8.6,8.69,11480473.7858
2026-02-23 00:00:00+00:00,8.69,8.7,8.17,8.26,35906134.9188
2026-02-24 00:00:00+00:00,8.27,8.34,8.05,8.19,21236059.6384
2026-02-25 00:00:00+00:00,8.2,9.59,8.18,9.27,51162991.8568
2026-02-26 00:00:00+00:00,9.27,9.34,8.86,9.09,30844677.5571
2026-02-27 00:00:00+00:00,9.1,9.3,8.55,8.71,19467499.5638
2026-02-28 00:00:00+00:00,8.71,8.95,8.21,8.85,38911906.4856
2026-03-01 00:00:00+00:00,8.85,9.21,8.54,8.67,31616196.481
2026-03-02 00:00:00+00:00,8.67,9.27,8.59,8.96,32223278.4667
2026-03-03 00:00:00+00:00,8.95,9.02,8.56,8.8,21460768.9846
2026-03-04 00:00:00+00:00,8.81,9.64,8.68,9.35,38888908.523
2026-03-05 00:00:00+00:00,9.35,9.49,9.07,9.21,31672851.6241
2026-03-06 00:00:00+00:00,9.2,9.3,8.67,8.8,19926066.9558
2026-03-07 00:00:00+00:00,8.8,8.86,8.64,8.7,10365303.003
2026-03-08 00:00:00+00:00,8.7,8.78,8.4,8.52,19163042.7546
2026-03-09 00:00:00+00:00,8.51,9.1,8.51,8.87,28480823.4926
2026-03-10 00:00:00+00:00,8.87,9.19,8.85,8.99,28541963.6045
2026-03-11 00:00:00+00:00,8.98,9.18,8.86,8.99,25862185.1185
2026-03-12 00:00:00+00:00,8.99,9.11,8.83,9.05,23556260.1876
2026-03-13 00:00:00+00:00,9.06,9.6,9.02,9.08,43293151.9733
2026-03-14 00:00:00+00:00,9.08,9.18,8.92,9.17,16953772.9834
2026-03-15 00:00:00+00:00,9.17,9.56,9.11,9.5,28095397.7138
2026-03-16 00:00:00+00:00,9.5,10.08,9.41,9.92,65020222.4712
2026-03-17 00:00:00+00:00,9.92,10.03,9.68,9.79,37598764.5836
2026-03-18 00:00:00+00:00,9.79,9.93,9.08,9.22,33074713.0418
2026-03-19 00:00:00+00:00,9.23,9.34,8.89,9.04,34105500.8259
2026-03-20 00:00:00+00:00,9.05,9.21,8.96,9.12,25631944.3458
2026-03-21 00:00:00+00:00,9.11,9.17,8.76,8.82,13945763.114
2026-03-22 00:00:00+00:00,8.82,8.97,8.57,8.68,27342717.0127
2026-03-23 00:00:00+00:00,8.69,9.29,8.58,9.11,55174577.6327
2026-03-24 00:00:00+00:00,9.1,9.27,9.01,9.25,32512991.5311
2026-03-25 00:00:00+00:00,9.25,9.5,9.17,9.37,27548301.319
2026-03-26 00:00:00+00:00,9.37,9.39,8.81,8.91,27467902.3214
2026-03-27 00:00:00+00:00,8.92,8.98,8.48,8.57,26623201.3962
2026-03-28 00:00:00+00:00,8.57,8.7,8.37,8.44,17948712.1848
2026-03-29 00:00:00+00:00,8.43,8.59,8.2,8.42,12699435.2152
2026-03-30 00:00:00+00:00,8.42,8.93,8.4,8.62,26005346.3733
2026-03-31 00:00:00+00:00,8.63,8.89,8.5,8.78,21955739.566
2026-04-01 00:00:00+00:00,8.78,9.2,8.74,8.94,28086407.5541
2026-04-02 00:00:00+00:00,8.94,9.01,8.42,8.63,28584249.9886
2026-04-03 00:00:00+00:00,8.63,8.81,8.59,8.65,10723436.2862
2026-04-04 00:00:00+00:00,8.65,8.78,8.61,8.69,6646163.9529
2026-04-05 00:00:00+00:00,8.7,8.87,8.47,8.82,11604075.6337
2026-04-06 00:00:00+00:00,8.83,9.15,8.72,8.81,24084842.7391
2026-04-07 00:00:00+00:00,8.8,9.42,8.57,9.29,45584587.6883
2026-04-08 00:00:00+00:00,9.29,9.34,8.84,8.85,33745131.8076
2026-04-09 00:00:00+00:00,8.85,9.19,8.68,8.95,33986080.5043
2026-04-10 00:00:00+00:00,8.95,9.18,8.88,9.09,21067621.5931
2026-04-11 00:00:00+00:00,9.09,9.28,8.95,9.06,15894554.445
2026-04-12 00:00:00+00:00,9.06,9.09,8.68,8.73,25230623.9038
2026-04-13 00:00:00+00:00,8.73,9.44,8.69,9.36,33979122.9289
2026-04-14 00:00:00+00:00,9.36,9.39,8.93,9.02,33091559.7541
2026-04-15 00:00:00+00:00,9.02,9.37,8.99,9.26,21401115.8113
2026-04-16 00:00:00+00:00,9.26,9.68,9.11,9.59,38273180.935
2026-04-17 00:00:00+00:00,9.6,9.87,9.34,9.62,30167556.0222
2026-04-18 00:00:00+00:00,9.61,9.65,9.26,9.28,24445082.7074
2026-04-19 00:00:00+00:00,9.29,9.38,9.0,9.06,27228350.7607
2026-04-20 00:00:00+00:00,9.06,9.41,9.05,9.29,22912612.565
2026-04-21 00:00:00+00:00,9.29,9.49,9.24,9.4,23204622.0027
2026-04-22 00:00:00+00:00,9.4,9.56,9.28,9.29,21691358.6373
2026-04-23 00:00:00+00:00,9.29,9.39,9.14,9.35,21308510.3699
2026-04-24 00:00:00+00:00,9.35,9.45,9.24,9.38,11496056.279
2026-04-25 00:00:00+00:00,9.38,9.45,9.28,9.34,7810004.2292
2026-04-26 00:00:00+00:00,9.35,9.54,9.3,9.48,11773841.3178
2026-04-27 00:00:00+00:00,9.48,9.6,9.15,9.33,18015189.7096
2026-04-28 00:00:00+00:00,9.32,9.34,9.15,9.24,10383159.3833
2026-04-29 00:00:00+00:00,9.24,9.42,8.91,9.11,17268390.0711
2026-04-30 00:00:00+00:00,9.12,9.19,9.02,9.11,10981149.4363
2026-05-01 00:00:00+00:00,9.11,9.28,9.06,9.1,11984729.397
2026-05-02 00:00:00+00:00,9.09,9.25,9.06,9.17,11546947.13
2026-05-03 00:00:00+00:00,9.18,9.22,9.07,9.13,12245235.0774
2026-05-04 00:00:00+00:00,9.13,9.66,9.09,9.36,57614819.4541
2026-05-05 00:00:00+00:00,9.35,9.85,9.35,9.76,35864834.626
2026-05-06 00:00:00+00:00,9.76,10.26,9.75,9.99,48192784.0156
2026-05-07 00:00:00+00:00,9.99,10.13,9.8,9.85,26338607.4759
2026-05-08 00:00:00+00:00,9.85,10.5,9.77,10.34,46377361.3806
2026-05-09 00:00:00+00:00,10.34,10.61,10.28,10.37,25194964.7981
2026-05-10 00:00:00+00:00,10.38,10.87,10.28,10.72,32753394.1304
2026-05-11 00:00:00+00:00,10.71,10.76,10.4,10.6,32320251.1183
2026-05-12 00:00:00+00:00,10.59,10.6,10.09,10.28,33452092.541
2026-05-13 00:00:00+00:00,10.29,10.81,10.03,10.21,46831376.7606
2026-05-14 00:00:00+00:00,10.21,10.77,10.09,10.48,47622874.2553
2026-05-15 00:00:00+00:00,10.48,10.57,9.96,10.07,27794921.6989
2026-05-16 00:00:00+00:00,10.07,10.1,9.61,9.72,25313218.6809
2026-05-17 00:00:00+00:00,9.71,9.85,9.34,9.57,24820809.4192
2026-05-18 00:00:00+00:00,9.57,9.62,9.31,9.6,27393327.4633
2026-05-19 00:00:00+00:00,9.61,9.83,9.43,9.45,19904932.4786
2026-05-20 00:00:00+00:00,9.45,9.702,9.38,9.636,22771269.02778
2026-05-21 00:00:00+00:00,9.635,9.858,9.52,9.757,24495791.55824
2026-05-22 00:00:00+00:00,9.755,10.034,9.363,9.42,31392595.26773
2026-05-23 00:00:00+00:00,9.42,9.784,9.059,9.565,27326934.86242
2026-05-24 00:00:00+00:00,9.566,9.651,9.25,9.431,17065596.42313
2026-05-25 00:00:00+00:00,9.431,9.672,9.368,9.506,13786959.15441
2026-05-26 00:00:00+00:00,9.506,9.686,9.341,9.386,20632069.02689
2026-05-27 00:00:00+00:00,9.386,9.484,9.099,9.136,20285140.29939
2026-05-28 00:00:00+00:00,9.135,9.153,8.762,9.004,27065554.508
2026-05-29 00:00:00+00:00,9.004,9.146,8.795,9.022,16231585.73003
2026-05-30 00:00:00+00:00,9.022,9.315,9.019,9.191,16622988.0838
2026-05-31 00:00:00+00:00,9.192,9.301,8.993,9.148,13650441.59625
