time,funding_rate
2020-09-13 16:00:00.004000+00:00,0.0001
2020-09-14 00:00:00.003000+00:00,0.0001
2020-09-14 08:00:00.008000+00:00,0.0001
2020-09-14 16:00:00+00:00,0.0001
2020-09-15 00:00:00+00:00,0.0001
2020-09-15 08:00:00.010000+00:00,0.0001
2020-09-15 16:00:00.003000+00:00,0.0001
2020-09-16 00:00:00.014000+00:00,0.0001
2020-09-16 08:00:00+00:00,0.0001
2020-09-16 16:00:00.001000+00:00,0.0001
2020-09-17 00:00:00.006000+00:00,0.0001
2020-09-17 08:00:00.012000+00:00,0.0001
2020-09-17 16:00:00+00:00,0.0001
2020-09-18 00:00:00.001000+00:00,0.0001
2020-09-18 08:00:00.002000+00:00,0.0001
2020-09-18 16:00:00.002000+00:00,0.0001
2020-09-19 00:00:00+00:00,-1.36e-05
2020-09-19 08:00:00.005000+00:00,0.0001
2020-09-19 16:00:00.008000+00:00,0.0001
2020-09-20 00:00:00.002000+00:00,0.0001
2020-09-20 08:00:00.005000+00:00,-0.00020633
2020-09-20 16:00:00.005000+00:00,-0.00042585
2020-09-21 00:00:00+00:00,0.0001
2020-09-21 08:00:00.001000+00:00,0.0001
2020-09-21 16:00:00+00:00,0.0001
2020-09-22 00:00:00.001000+00:00,-4.279e-05
2020-09-22 08:00:00+00:00,0.0001
2020-09-22 16:00:00.004000+00:00,0.0001
2020-09-23 00:00:00.007000+00:00,0.0001
2020-09-23 08:00:00.001000+00:00,0.0001
2020-09-23 16:00:00.001000+00:00,0.0001
2020-09-24 00:00:00+00:00,-8.917e-05
2020-09-24 08:00:00+00:00,0.0001
2020-09-24 16:00:00+00:00,0.0001
2020-09-25 00:00:00.009000+00:00,0.0001
2020-09-25 08:00:00.045000+00:00,0.0001
2020-09-25 16:00:00+00:00,-0.00039395
2020-09-26 00:00:00+00:00,-0.00044892
2020-09-26 08:00:00+00:00,0.0001
2020-09-26 16:00:00.005000+00:00,0.0001
2020-09-27 00:00:00+00:00,0.0001
2020-09-27 08:00:00+00:00,0.0001
2020-09-27 16:00:00.019000+00:00,0.0001
2020-09-28 00:00:00.001000+00:00,0.0001
2020-09-28 08:00:00+00:00,0.0001
2020-09-28 16:00:00.002000+00:00,0.0001
2020-09-29 00:00:00+00:00,0.0001
2020-09-29 08:00:00+00:00,0.0001
2020-09-29 16:00:00+00:00,0.0001
2020-09-30 00:00:00.005000+00:00,0.0001
2020-09-30 08:00:00+00:00,0.0001
2020-09-30 16:00:00+00:00,0.0001
2020-10-01 00:00:00+00:00,0.0001
2020-10-01 08:00:00+00:00,0.0001
2020-10-01 16:00:00+00:00,0.0001
2020-10-02 00:00:00.011000+00:00,0.0001
2020-10-02 08:00:00+00:00,0.0001
2020-10-02 16:00:00.005000+00:00,0.0001
2020-10-03 00:00:00+00:00,0.0001
2020-10-03 08:00:00.001000+00:00,0.0001
2020-10-03 16:00:00+00:00,0.0001
2020-10-04 00:00:00+00:00,0.0001
2020-10-04 08:00:00.003000+00:00,0.0001
2020-10-04 16:00:00.001000+00:00,0.0001
2020-10-05 00:00:00+00:00,0.0001
2020-10-05 08:00:00+00:00,0.0001
2020-10-05 16:00:00.012000+00:00,0.0001
2020-10-06 00:00:00+00:00,0.0001
2020-10-06 08:00:00.005000+00:00,0.0001
2020-10-06 16:00:00+00:00,0.0001
2020-10-07 00:00:00+00:00,0.0001
2020-10-07 08:00:00+00:00,0.0001
2020-10-07 16:00:00+00:00,0.0001
2020-10-08 00:00:00+00:00,0.0001
2020-10-08 08:00:00.009000+00:00,0.0001
2020-10-08 16:00:00.003000+00:00,0.0001
2020-10-09 00:00:00.001000+00:00,0.0001
2020-10-09 08:00:00+00:00,0.0001
2020-10-09 16:00:00.004000+00:00,0.0001
2020-10-10 00:00:00.005000+00:00,0.0001
2020-10-10 08:00:00+00:00,0.00028914
2020-10-10 16:00:00.011000+00:00,0.00019105
2020-10-11 00:00:00.002000+00:00,0.00070989
2020-10-11 08:00:00.003000+00:00,0.0001
2020-10-11 16:00:00.004000+00:00,0.0001
2020-10-12 00:00:00.001000+00:00,0.0001
2020-10-12 08:00:00+00:00,0.00022458
2020-10-12 16:00:00.011000+00:00,0.0001
2020-10-13 00:00:00.003000+00:00,0.0001
2020-10-13 08:00:00+00:00,0.0001
2020-10-13 16:00:00.001000+00:00,0.00017596
2020-10-14 00:00:00.001000+00:00,0.0001
2020-10-14 08:00:00+00:00,0.0001
2020-10-14 16:00:00.001000+00:00,0.00028415
2020-10-15 00:00:00+00:00,0.0001
2020-10-15 08:00:00+00:00,0.0001
2020-10-15 16:00:00+00:00,0.0001
2020-10-16 00:00:00.002000+00:00,0.0001
2020-10-16 08:00:00.003000+00:00,0.0001
2020-10-16 16:00:00+00:00,0.0001
2020-10-17 00:00:00.006000+00:00,0.0001
2020-10-17 08:00:00.007000+00:00,0.0001
2020-10-17 16:00:00.009000+00:00,0.0001
2020-10-18 00:00:00.006000+00:00,0.0001
2020-10-18 08:00:00+00:00,0.0001
2020-10-18 16:00:00+00:00,0.0001
2020-10-19 00:00:00+00:00,0.0001
2020-10-19 08:00:00+00:00,0.0001
2020-10-19 16:00:00+00:00,0.0001
2020-10-20 00:00:00.015000+00:00,0.0001
2020-10-20 08:00:00+00:00,0.0001
2020-10-20 16:00:00.008000+00:00,0.0001
2020-10-21 00:00:00.009000+00:00,0.0001
2020-10-21 08:00:00.004000+00:00,0.0001
2020-10-21 16:00:00+00:00,0.0001
2020-10-22 00:00:00+00:00,0.00035786
2020-10-22 08:00:00+00:00,0.0001
2020-10-22 16:00:00.004000+00:00,0.0001
2020-10-23 00:00:00.007000+00:00,0.0001
2020-10-23 08:00:00+00:00,0.00019126
2020-10-23 16:00:00+00:00,0.00035682
2020-10-24 00:00:00+00:00,0.0005586
2020-10-24 08:00:00+00:00,0.0001
2020-10-24 16:00:00.008000+00:00,0.0008903
2020-10-25 00:00:00.005000+00:00,0.00059139
2020-10-25 08:00:00.014000+00:00,0.00027335
2020-10-25 16:00:00+00:00,0.0001986
2020-10-26 00:00:00.004000+00:00,0.0001
2020-10-26 08:00:00+00:00,0.0001
2020-10-26 16:00:00+00:00,0.0001
2020-10-27 00:00:00+00:00,0.0001
2020-10-27 08:00:00+00:00,0.0001
2020-10-27 16:00:00+00:00,0.0001
2020-10-28 00:00:00+00:00,0.0001
2020-10-28 08:00:00.006000+00:00,0.0001
2020-10-28 16:00:00.001000+00:00,0.0001
2020-10-29 00:00:00+00:00,0.0001
2020-10-29 08:00:00+00:00,0.0001
2020-10-29 16:00:00+00:00,0.0001
2020-10-30 00:00:00+00:00,0.0001
2020-10-30 08:00:00.002000+00:00,0.0001
2020-10-30 16:00:00.002000+00:00,-2.73e-06
2020-10-31 00:00:00.003000+00:00,-0.00062124
2020-10-31 08:00:00+00:00,4.476e-05
2020-10-31 16:00:00+00:00,-0.00035502
2020-11-01 00:00:00+00:00,-0.0014979
2020-11-01 08:00:00+00:00,0.0001
2020-11-01 16:00:00+00:00,0.0001
2020-11-02 00:00:00+00:00,0.0001
2020-11-02 08:00:00.010000+00:00,0.0001
2020-11-02 16:00:00+00:00,0.0001
2020-11-03 00:00:00+00:00,0.0001
2020-11-03 08:00:00.004000+00:00,0.0001
2020-11-03 16:00:00.009000+00:00,0.0001
2020-11-04 00:00:00+00:00,0.0001
2020-11-04 08:00:00+00:00,0.0001
2020-11-04 16:00:00.005000+00:00,0.0001
2020-11-05 00:00:00.017000+00:00,0.0001
2020-11-05 08:00:00.001000+00:00,0.0001
2020-11-05 16:00:00+00:00,0.0001
2020-11-06 00:00:00+00:00,0.0001
2020-11-06 08:00:00.001000+00:00,0.0001
2020-11-06 16:00:00.001000+00:00,-0.0001338
2020-11-07 00:00:00.001000+00:00,-0.00163209
2020-11-07 08:00:00+00:00,0.0001
2020-11-07 16:00:00.006000+00:00,0.00037936
2020-11-08 00:00:00+00:00,0.0001
2020-11-08 08:00:00+00:00,0.0001
2020-11-08 16:00:00+00:00,0.00010028
2020-11-09 00:00:00.007000+00:00,0.00027346
2020-11-09 08:00:00.001000+00:00,0.0001
2020-11-09 16:00:00.002000+00:00,0.0001
2020-11-10 00:00:00.003000+00:00,0.0001
2020-11-10 08:00:00.011000+00:00,0.00036412
2020-11-10 16:00:00+00:00,0.0001
2020-11-11 00:00:00+00:00,0.0001
2020-11-11 08:00:00.009000+00:00,0.00026794
2020-11-11 16:00:00.003000+00:00,0.00018849
2020-11-12 00:00:00.001000+00:00,0.0001
2020-11-12 08:00:00.001000+00:00,0.0001
2020-11-12 16:00:00+00:00,0.0001
2020-11-13 00:00:00+00:00,0.0001
2020-11-13 08:00:00+00:00,0.0001
2020-11-13 16:00:00+00:00,0.0001
2020-11-14 00:00:00.005000+00:00,0.0001
2020-11-14 08:00:00.004000+00:00,0.0001
2020-11-14 16:00:00.001000+00:00,0.0001
2020-11-15 00:00:00.001000+00:00,0.0001
2020-11-15 08:00:00+00:00,0.0001
2020-11-15 16:00:00.003000+00:00,0.00024228
2020-11-16 00:00:00+00:00,0.0001
2020-11-16 08:00:00.010000+00:00,0.0001
2020-11-16 16:00:00.001000+00:00,0.0001
2020-11-17 00:00:00.002000+00:00,0.0001
2020-11-17 08:00:00.003000+00:00,0.00055062
2020-11-17 16:00:00.003000+00:00,0.0003889
2020-11-18 00:00:00.005000+00:00,0.00129737
2020-11-18 08:00:00.006000+00:00,0.00033069
2020-11-18 16:00:00+00:00,2.149e-05
2020-11-19 00:00:00.008000+00:00,0.0001
2020-11-19 08:00:00+00:00,-0.00098885
2020-11-19 16:00:00.001000+00:00,0.0001
2020-11-20 00:00:00.003000+00:00,0.0001
2020-11-20 08:00:00.005000+00:00,0.0001
2020-11-20 16:00:00+00:00,0.00025095
2020-11-21 00:00:00+00:00,0.0001
2020-11-21 08:00:00+00:00,0.0001
2020-11-21 16:00:00.001000+00:00,0.00101282
2020-11-22 00:00:00.005000+00:00,0.00102128
2020-11-22 08:00:00+00:00,-0.00055853
2020-11-22 16:00:00+00:00,-0.00074916
2020-11-23 00:00:00.005000+00:00,-0.00047751
2020-11-23 08:00:00+00:00,-0.00013206
2020-11-23 16:00:00.003000+00:00,-1.472e-05
2020-11-24 00:00:00+00:00,0.0001
2020-11-24 08:00:00+00:00,0.00030371
2020-11-24 16:00:00.005000+00:00,0.0001
2020-11-25 00:00:00.005000+00:00,0.00041817
2020-11-25 08:00:00.005000+00:00,0.0001
2020-11-25 16:00:00.015000+00:00,0.00068985
2020-11-26 00:00:00.012000+00:00,-0.00027055
2020-11-26 08:00:00.002000+00:00,-0.00419164
2020-11-26 16:00:00.001000+00:00,-0.00095725
2020-11-27 00:00:00.001000+00:00,-0.0025881
2020-11-27 08:00:00+00:00,-0.00179633
2020-11-27 16:00:00.007000+00:00,-0.00258539
2020-11-28 00:00:00.007000+00:00,-0.00121635
2020-11-28 08:00:00.012000+00:00,-0.00136122
2020-11-28 16:00:00+00:00,-0.00091001
2020-11-29 00:00:00.007000+00:00,-0.0008815
2020-11-29 08:00:00+00:00,-0.00225574
2020-11-29 16:00:00+00:00,-0.0006728
2020-11-30 00:00:00.004000+00:00,-0.0007644
2020-11-30 08:00:00.007000+00:00,-0.00090649
2020-11-30 16:00:00+00:00,-0.00055293
2020-12-01 00:00:00+00:00,-0.00099685
2020-12-01 08:00:00.003000+00:00,-0.00089102
2020-12-01 16:00:00+00:00,-0.0012781
2020-12-02 00:00:00.001000+00:00,-0.0014013
2020-12-02 08:00:00.011000+00:00,-1.74e-06
2020-12-02 16:00:00.005000+00:00,-0.00109398
2020-12-03 00:00:00.001000+00:00,0.0001
2020-12-03 08:00:00.031000+00:00,0.0001
2020-12-03 16:00:00+00:00,0.0001
2020-12-04 00:00:00.006000+00:00,0.0001
2020-12-04 08:00:00.009000+00:00,-0.00024496
2020-12-04 16:00:00+00:00,-0.0011123
2020-12-05 00:00:00+00:00,-0.00060138
2020-12-05 08:00:00+00:00,0.0001
2020-12-05 16:00:00+00:00,-1.751e-05
2020-12-06 00:00:00.004000+00:00,0.0001
2020-12-06 08:00:00+00:00,0.0001
2020-12-06 16:00:00.001000+00:00,0.0001
2020-12-07 00:00:00+00:00,0.0001
2020-12-07 08:00:00.008000+00:00,0.0001
2020-12-07 16:00:00+00:00,0.0001
2020-12-08 00:00:00.003000+00:00,0.0001
2020-12-08 08:00:00.003000+00:00,0.0001
2020-12-08 16:00:00.033000+00:00,0.0001
2020-12-09 00:00:00+00:00,7.7e-06
2020-12-09 08:00:00.010000+00:00,0.0001
2020-12-09 16:00:00+00:00,1.44e-05
2020-12-10 00:00:00+00:00,-5.839e-05
2020-12-10 08:00:00+00:00,5.504e-05
2020-12-10 16:00:00.007000+00:00,-0.00079147
2020-12-11 00:00:00+00:00,0.0001
2020-12-11 08:00:00.016000+00:00,-0.00073541
2020-12-11 16:00:00.010000+00:00,0.0001
2020-12-12 00:00:00.009000+00:00,8.023e-05
2020-12-12 08:00:00.002000+00:00,-0.00234814
2020-12-12 16:00:00+00:00,-0.00143339
2020-12-13 00:00:00.007000+00:00,-0.00173105
2020-12-13 08:00:00+00:00,-0.00055675
2020-12-13 16:00:00+00:00,-0.00072483
2020-12-14 00:00:00+00:00,-0.00035996
2020-12-14 08:00:00+00:00,-9.372e-05
2020-12-14 16:00:00+00:00,-8.654e-05
2020-12-15 00:00:00.006000+00:00,-0.00046511
2020-12-15 08:00:00.001000+00:00,-0.0007831
2020-12-15 16:00:00+00:00,-0.00056365
2020-12-16 00:00:00.001000+00:00,-0.00035194
2020-12-16 08:00:00+00:00,0.0001
2020-12-16 16:00:00+00:00,0.0001
2020-12-17 00:00:00+00:00,0.0001
2020-12-17 08:00:00+00:00,0.0001
2020-12-17 16:00:00.011000+00:00,0.0001
2020-12-18 00:00:00+00:00,0.0001
2020-12-18 08:00:00+00:00,0.0001
2020-12-18 16:00:00+00:00,0.0001
2020-12-19 00:00:00+00:00,0.0001
2020-12-19 08:00:00.018000+00:00,0.0001
2020-12-19 16:00:00+00:00,0.0001
2020-12-20 00:00:00.001000+00:00,0.0001
2020-12-20 08:00:00.011000+00:00,0.0001
2020-12-20 16:00:00.023000+00:00,0.0001
2020-12-21 00:00:00.011000+00:00,0.0001
2020-12-21 08:00:00+00:00,0.0001
2020-12-21 16:00:00+00:00,0.00027015
2020-12-22 00:00:00.001000+00:00,0.0001
2020-12-22 08:00:00.006000+00:00,0.0001
2020-12-22 16:00:00+00:00,0.0001
2020-12-23 00:00:00+00:00,-4.427e-05
2020-12-23 08:00:00+00:00,0.0001
2020-12-23 16:00:00+00:00,0.0001
2020-12-24 00:00:00.012000+00:00,-0.00044413
2020-12-24 08:00:00.009000+00:00,-0.00049946
2020-12-24 16:00:00.001000+00:00,-0.00023132
2020-12-25 00:00:00+00:00,-0.00041957
2020-12-25 08:00:00+00:00,-0.00119
2020-12-25 16:00:00+00:00,-0.00128276
2020-12-26 00:00:00.009000+00:00,-0.00143412
2020-12-26 08:00:00.001000+00:00,-0.00120753
2020-12-26 16:00:00.006000+00:00,-0.00254219
2020-12-27 00:00:00+00:00,-0.00101518
2020-12-27 08:00:00+00:00,-0.00163498
2020-12-27 16:00:00.001000+00:00,-0.00071416
2020-12-28 00:00:00.015000+00:00,9.235e-05
2020-12-28 08:00:00.019000+00:00,-6.254e-05
2020-12-28 16:00:00+00:00,-0.00078108
2020-12-29 00:00:00.004000+00:00,-0.0004725
2020-12-29 08:00:00.003000+00:00,-0.00169461
2020-12-29 16:00:00+00:00,-0.00039761
2020-12-30 00:00:00.001000+00:00,-0.00045529
2020-12-30 08:00:00.001000+00:00,-0.00154578
2020-12-30 16:00:00.012000+00:00,-0.00112551
2020-12-31 00:00:00.009000+00:00,-0.0008723
2020-12-31 08:00:00+00:00,-0.00095399
2020-12-31 16:00:00.010000+00:00,-0.00161978
2021-01-01 00:00:00.002000+00:00,-0.00165238
2021-01-01 08:00:00.006000+00:00,-0.00204383
2021-01-01 16:00:00.003000+00:00,-0.0008075
2021-01-02 00:00:00+00:00,-0.00120567
2021-01-02 08:00:00+00:00,0.0001
2021-01-02 16:00:00.006000+00:00,-7.871e-05
2021-01-03 00:00:00.018000+00:00,-9.318e-05
2021-01-03 08:00:00+00:00,-0.00048296
2021-01-03 16:00:00.002000+00:00,-0.00253289
2021-01-04 00:00:00+00:00,-0.00302774
2021-01-04 08:00:00+00:00,0.0001
2021-01-04 16:00:00+00:00,-0.00240332
2021-01-05 00:00:00.020000+00:00,-0.00667102
2021-01-05 08:00:00.003000+00:00,-0.00285395
2021-01-05 16:00:00.003000+00:00,-0.00482538
2021-01-06 00:00:00.010000+00:00,-0.0075
2021-01-06 08:00:00.003000+00:00,-0.0075
2021-01-06 16:00:00+00:00,-0.0075
2021-01-07 00:00:00.007000+00:00,-0.0075
2021-01-07 08:00:00+00:00,-0.0075
2021-01-07 16:00:00.004000+00:00,0.0
2021-01-08 00:00:00+00:00,-0.00094262
2021-01-08 08:00:00+00:00,0.00071256
2021-01-08 16:00:00+00:00,0.00012872
2021-01-09 00:00:00.009000+00:00,0.0003294
2021-01-09 08:00:00.004000+00:00,0.00138669
2021-01-09 16:00:00+00:00,0.00051747
2021-01-10 00:00:00+00:00,0.00318311
2021-01-10 08:00:00.005000+00:00,0.00201398
2021-01-10 16:00:00+00:00,0.00080074
2021-01-11 00:00:00+00:00,0.00024441
2021-01-11 08:00:00.012000+00:00,0.0001
2021-01-11 16:00:00+00:00,0.00087274
2021-01-12 00:00:00+00:00,0.0001
2021-01-12 08:00:00+00:00,-4.075e-05
2021-01-12 16:00:00.008000+00:00,0.0001
2021-01-13 00:00:00.001000+00:00,0.00030906
2021-01-13 08:00:00+00:00,0.00028285
2021-01-13 16:00:00.003000+00:00,0.0001
2021-01-14 00:00:00+00:00,0.0001
2021-01-14 08:00:00.012000+00:00,0.00013077
2021-01-14 16:00:00+00:00,0.00127162
2021-01-15 00:00:00.002000+00:00,0.0001
2021-01-15 08:00:00+00:00,0.0001
2021-01-15 16:00:00.004000+00:00,0.00099857
2021-01-16 00:00:00+00:00,0.00063201
2021-01-16 08:00:00.008000+00:00,0.00082427
2021-01-16 16:00:00+00:00,0.00199151
2021-01-17 00:00:00.009000+00:00,0.0011316
2021-01-17 08:00:00+00:00,0.00088588
2021-01-17 16:00:00.001000+00:00,0.00026075
2021-01-18 00:00:00+00:00,0.00122517
2021-01-18 08:00:00.004000+00:00,0.0007264
2021-01-18 16:00:00+00:00,0.00146114
2021-01-19 00:00:00+00:00,0.00120146
2021-01-19 08:00:00.005000+00:00,0.00123494
2021-01-19 16:00:00.012000+00:00,0.0001
2021-01-20 00:00:00.012000+00:00,0.0001
2021-01-20 08:00:00.001000+00:00,0.0001
2021-01-20 16:00:00.001000+00:00,-0.00034721
2021-01-21 00:00:00+00:00,-4.668e-05
2021-01-21 08:00:00+00:00,0.0001
2021-01-21 16:00:00.004000+00:00,-8.357e-05
2021-01-22 00:00:00.012000+00:00,-0.00054589
2021-01-22 08:00:00.003000+00:00,-0.00028412
2021-01-22 16:00:00.001000+00:00,0.0001
2021-01-23 00:00:00+00:00,0.0001
2021-01-23 08:00:00.002000+00:00,0.0001
2021-01-23 16:00:00+00:00,0.0001
2021-01-24 00:00:00.001000+00:00,0.0001
2021-01-24 08:00:00.011000+00:00,0.00014037
2021-01-24 16:00:00.005000+00:00,0.0001
2021-01-25 00:00:00.007000+00:00,0.00019694
2021-01-25 08:00:00.012000+00:00,0.0011324
2021-01-25 16:00:00+00:00,0.0001
2021-01-26 00:00:00.007000+00:00,0.0001
2021-01-26 08:00:00+00:00,0.0001
2021-01-26 16:00:00+00:00,0.0001
2021-01-27 00:00:00+00:00,0.0001
2021-01-27 08:00:00.011000+00:00,0.0001
2021-01-27 16:00:00.003000+00:00,0.0001
2021-01-28 00:00:00+00:00,0.0001
2021-01-28 08:00:00+00:00,0.0001
2021-01-28 16:00:00+00:00,0.00032246
2021-01-29 00:00:00.009000+00:00,0.0001027
2021-01-29 08:00:00+00:00,0.00046897
2021-01-29 16:00:00+00:00,0.00135527
2021-01-30 00:00:00+00:00,0.00074522
2021-01-30 08:00:00+00:00,0.000426
2021-01-30 16:00:00+00:00,0.00083867
2021-01-31 00:00:00.009000+00:00,0.00136282
2021-01-31 08:00:00+00:00,0.00068997
2021-01-31 16:00:00+00:00,0.00125194
2021-02-01 00:00:00.001000+00:00,0.00025519
2021-02-01 08:00:00.014000+00:00,0.00037017
2021-02-01 16:00:00+00:00,0.00023243
2021-02-02 00:00:00+00:00,0.00049185
2021-02-02 08:00:00.006000+00:00,0.00049058
2021-02-02 16:00:00+00:00,0.00178222
2021-02-03 00:00:00.009000+00:00,0.00185223
2021-02-03 08:00:00.006000+00:00,0.00090423
2021-02-03 16:00:00.006000+00:00,0.00103602
2021-02-04 00:00:00.005000+00:00,0.00114612
2021-02-04 08:00:00+00:00,0.00196534
2021-02-04 16:00:00.011000+00:00,0.00116031
2021-02-05 00:00:00.009000+00:00,0.00139904
2021-02-05 08:00:00.004000+00:00,0.00250409
2021-02-05 16:00:00+00:00,0.00248849
2021-02-06 00:00:00.008000+00:00,0.0012523
2021-02-06 08:00:00.009000+00:00,0.00177772
2021-02-06 16:00:00+00:00,0.0015495
2021-02-07 00:00:00+00:00,0.00069317
2021-02-07 08:00:00.005000+00:00,0.0001
2021-02-07 16:00:00.001000+00:00,0.0001
2021-02-08 00:00:00+00:00,0.00045129
2021-02-08 08:00:00.001000+00:00,0.00085861
2021-02-08 16:00:00+00:00,0.00189272
2021-02-09 00:00:00.010000+00:00,0.00209319
2021-02-09 08:00:00.006000+00:00,0.00304915
2021-02-09 16:00:00.007000+00:00,0.0028669
2021-02-10 00:00:00.009000+00:00,0.00243443
2021-02-10 08:00:00.014000+00:00,0.00332469
2021-02-10 16:00:00.005000+00:00,0.00113941
2021-02-11 00:00:00+00:00,0.0016268
2021-02-11 08:00:00+00:00,0.00151791
2021-02-11 16:00:00+00:00,0.00128569
2021-02-12 00:00:00+00:00,0.00211126
2021-02-12 08:00:00+00:00,0.00076834
2021-02-12 16:00:00+00:00,0.00087438
2021-02-13 00:00:00.001000+00:00,0.0026051
2021-02-13 08:00:00.003000+00:00,0.00188627
2021-02-13 16:00:00+00:00,0.0014149
2021-02-14 00:00:00.013000+00:00,0.00251514
2021-02-14 08:00:00+00:00,0.00252331
2021-02-14 16:00:00.008000+00:00,0.00257419
2021-02-15 00:00:00+00:00,0.00066418
2021-02-15 08:00:00.006000+00:00,0.0001
2021-02-15 16:00:00+00:00,0.0001
2021-02-16 00:00:00.001000+00:00,0.0001
2021-02-16 08:00:00+00:00,0.00158627
2021-02-16 16:00:00.010000+00:00,0.00147931
2021-02-17 00:00:00.005000+00:00,0.0001
2021-02-17 08:00:00.010000+00:00,0.00100129
2021-02-17 16:00:00.008000+00:00,0.00142102
2021-02-18 00:00:00.012000+00:00,0.00104079
2021-02-18 08:00:00+00:00,0.00155495
2021-02-18 16:00:00.009000+00:00,0.00083108
2021-02-19 00:00:00.010000+00:00,0.00094704
2021-02-19 08:00:00.002000+00:00,0.00094971
2021-02-19 16:00:00.008000+00:00,0.00077114
2021-02-20 00:00:00+00:00,0.00134072
2021-02-20 08:00:00.009000+00:00,0.00167508
2021-02-20 16:00:00+00:00,0.00248155
2021-02-21 00:00:00.007000+00:00,0.00087849
2021-02-21 08:00:00.012000+00:00,0.00097512
2021-02-21 16:00:00.001000+00:00,0.00101935
2021-02-22 00:00:00.006000+00:00,0.00090367
2021-02-22 08:00:00.002000+00:00,0.00060976
2021-02-22 16:00:00+00:00,0.0001
2021-02-23 00:00:00+00:00,-0.00114458
2021-02-23 08:00:00.006000+00:00,0.0001
2021-02-23 16:00:00+00:00,0.0001
2021-02-24 00:00:00.012000+00:00,0.0001
2021-02-24 08:00:00.016000+00:00,0.00031868
2021-02-24 16:00:00.011000+00:00,0.0001
2021-02-25 00:00:00.007000+00:00,0.0001
2021-02-25 08:00:00+00:00,0.0001
2021-02-25 16:00:00.010000+00:00,0.00038425
2021-02-26 00:00:00+00:00,0.0001
2021-02-26 08:00:00.025000+00:00,0.0001
2021-02-26 16:00:00.010000+00:00,0.0001
2021-02-27 00:00:00.001000+00:00,0.0001
2021-02-27 08:00:00+00:00,0.0001
2021-02-27 16:00:00+00:00,0.00013802
2021-02-28 00:00:00.021000+00:00,0.0001
2021-02-28 08:00:00.009000+00:00,0.0001
2021-02-28 16:00:00+00:00,0.0001
2021-03-01 00:00:00+00:00,0.0001
2021-03-01 08:00:00.003000+00:00,0.00012534
2021-03-01 16:00:00.001000+00:00,0.00038175
2021-03-02 00:00:00+00:00,0.00021657
2021-03-02 08:00:00+00:00,0.00051119
2021-03-02 16:00:00.004000+00:00,0.00023872
2021-03-03 00:00:00+00:00,0.0007243
2021-03-03 08:00:00.016000+00:00,0.00026329
2021-03-03 16:00:00+00:00,0.00096015
2021-03-04 00:00:00+00:00,0.00017193
2021-03-04 08:00:00.015000+00:00,0.00048191
2021-03-04 16:00:00.001000+00:00,0.00058971
2021-03-05 00:00:00+00:00,0.00018864
2021-03-05 08:00:00.002000+00:00,0.0001
2021-03-05 16:00:00.008000+00:00,0.00018812
2021-03-06 00:00:00+00:00,0.00051149
2021-03-06 08:00:00+00:00,0.00058979
2021-03-06 16:00:00+00:00,0.00023359
2021-03-07 00:00:00.006000+00:00,0.0006165
2021-03-07 08:00:00.005000+00:00,0.0009311
2021-03-07 16:00:00.008000+00:00,0.00051022
2021-03-08 00:00:00+00:00,0.0004945
2021-03-08 08:00:00+00:00,0.00048468
2021-03-08 16:00:00.006000+00:00,0.00127854
2021-03-09 00:00:00+00:00,0.00142095
2021-03-09 08:00:00+00:00,0.00139988
2021-03-09 16:00:00+00:00,0.00131768
2021-03-10 00:00:00.009000+00:00,0.00167246
2021-03-10 08:00:00.006000+00:00,0.00078312
2021-03-10 16:00:00.008000+00:00,0.00110016
2021-03-11 00:00:00+00:00,0.00059116
2021-03-11 08:00:00+00:00,0.00064766
2021-03-11 16:00:00.014000+00:00,0.00068954
2021-03-12 00:00:00.002000+00:00,0.00065755
2021-03-12 08:00:00.005000+00:00,0.00087095
2021-03-12 16:00:00.011000+00:00,0.00056749
2021-03-13 00:00:00+00:00,0.00077028
2021-03-13 08:00:00.002000+00:00,0.0004546
2021-03-13 16:00:00+00:00,0.00143906
2021-03-14 00:00:00.011000+00:00,0.00115139
2021-03-14 08:00:00+00:00,0.00123232
2021-03-14 16:00:00+00:00,0.00131239
2021-03-15 00:00:00.012000+00:00,0.00131865
2021-03-15 08:00:00.016000+00:00,0.00074456
2021-03-15 16:00:00.030000+00:00,0.00089187
2021-03-16 00:00:00.005000+00:00,0.00091104
2021-03-16 08:00:00.008000+00:00,0.00038295
2021-03-16 16:00:00.012000+00:00,0.0008697
2021-03-17 00:00:00.010000+00:00,0.00083967
2021-03-17 08:00:00+00:00,0.00114411
2021-03-17 16:00:00.009000+00:00,0.00074567
2021-03-18 00:00:00.001000+00:00,0.00143186
2021-03-18 08:00:00+00:00,0.00099333
2021-03-18 16:00:00+00:00,0.00185766
2021-03-19 00:00:00.011000+00:00,0.0002296
2021-03-19 08:00:00.001000+00:00,0.00044739
2021-03-19 16:00:00+00:00,0.00018788
2021-03-20 00:00:00+00:00,0.00011949
2021-03-20 08:00:00+00:00,0.0001
2021-03-20 16:00:00.007000+00:00,0.00027957
2021-03-21 00:00:00+00:00,0.00012712
2021-03-21 08:00:00+00:00,0.0001
2021-03-21 16:00:00+00:00,0.0001
2021-03-22 00:00:00.007000+00:00,0.0001
2021-03-22 08:00:00.001000+00:00,-0.00015996
2021-03-22 16:00:00+00:00,0.00018783
2021-03-23 00:00:00+00:00,0.0001
2021-03-23 08:00:00.010000+00:00,0.0001
2021-03-23 16:00:00.023000+00:00,7.387e-05
2021-03-24 00:00:00.002000+00:00,0.0001
2021-03-24 08:00:00+00:00,0.0001
2021-03-24 16:00:00+00:00,0.0001
2021-03-25 00:00:00+00:00,0.0001
2021-03-25 08:00:00+00:00,0.0001
2021-03-25 16:00:00+00:00,0.0001
2021-03-26 00:00:00.008000+00:00,0.0001
2021-03-26 08:00:00+00:00,0.0001
2021-03-26 16:00:00.012000+00:00,0.00031536
2021-03-27 00:00:00.018000+00:00,0.0001
2021-03-27 08:00:00+00:00,0.00014263
2021-03-27 16:00:00.001000+00:00,0.00034532
2021-03-28 00:00:00+00:00,0.000344
2021-03-28 08:00:00+00:00,0.00033489
2021-03-28 16:00:00.005000+00:00,0.00081974
2021-03-29 00:00:00.003000+00:00,0.00085582
2021-03-29 08:00:00+00:00,0.00075959
2021-03-29 16:00:00+00:00,0.00077512
2021-03-30 00:00:00.018000+00:00,0.00045834
2021-03-30 08:00:00.012000+00:00,0.00119744
2021-03-30 16:00:00.001000+00:00,0.00134349
2021-03-31 00:00:00+00:00,0.00089395
2021-03-31 08:00:00+00:00,0.00054855
2021-03-31 16:00:00+00:00,0.00057877
2021-04-01 00:00:00.025000+00:00,0.00103263
2021-04-01 08:00:00.011000+00:00,0.00104792
2021-04-01 16:00:00.004000+00:00,0.00084334
2021-04-02 00:00:00+00:00,0.000564
2021-04-02 08:00:00+00:00,0.00150169
2021-04-02 16:00:00+00:00,0.00096656
2021-04-03 00:00:00.003000+00:00,0.00090108
2021-04-03 08:00:00+00:00,0.00142513
2021-04-03 16:00:00+00:00,0.00167753
2021-04-04 00:00:00+00:00,0.00016572
2021-04-04 08:00:00+00:00,0.00080358
2021-04-04 16:00:00.016000+00:00,0.0001
2021-04-05 00:00:00+00:00,0.00085227
2021-04-05 08:00:00.001000+00:00,0.00012199
2021-04-05 16:00:00.001000+00:00,0.00136006
2021-04-06 00:00:00.010000+00:00,0.00140962
2021-04-06 08:00:00+00:00,0.00149504
2021-04-06 16:00:00.003000+00:00,0.00046872
2021-04-07 00:00:00+00:00,0.0001
2021-04-07 08:00:00.006000+00:00,0.0001
2021-04-07 16:00:00.004000+00:00,0.0001
2021-04-08 00:00:00.013000+00:00,0.00030698
2021-04-08 08:00:00.003000+00:00,0.0001
2021-04-08 16:00:00.005000+00:00,0.00017952
2021-04-09 00:00:00+00:00,0.0001
2021-04-09 08:00:00.004000+00:00,0.0001
2021-04-09 16:00:00.004000+00:00,0.00027232
2021-04-10 00:00:00.011000+00:00,0.0001
2021-04-10 08:00:00.005000+00:00,0.00091825
2021-04-10 16:00:00+00:00,0.00083453
2021-04-11 00:00:00.004000+00:00,0.00076444
2021-04-11 08:00:00+00:00,0.00076346
2021-04-11 16:00:00+00:00,0.00042257
2021-04-12 00:00:00.001000+00:00,0.00113291
2021-04-12 08:00:00.001000+00:00,0.00086506
2021-04-12 16:00:00.008000+00:00,0.00065468
2021-04-13 00:00:00.003000+00:00,0.00065355
2021-04-13 08:00:00.008000+00:00,0.00106733
2021-04-13 16:00:00.008000+00:00,0.00161617
2021-04-14 00:00:00.008000+00:00,0.00082883
2021-04-14 08:00:00+00:00,0.00150253
2021-04-14 16:00:00.012000+00:00,0.0005878
2021-04-15 00:00:00.006000+00:00,0.0010579
2021-04-15 08:00:00+00:00,0.00141831
2021-04-15 16:00:00.008000+00:00,0.00054664
2021-04-16 00:00:00.008000+00:00,0.00074493
2021-04-16 08:00:00+00:00,0.00063461
2021-04-16 16:00:00.002000+00:00,0.0017762
2021-04-17 00:00:00.008000+00:00,0.00114295
2021-04-17 08:00:00+00:00,0.00069825
2021-04-17 16:00:00.001000+00:00,0.00098868
2021-04-18 00:00:00.006000+00:00,0.00069042
2021-04-18 08:00:00.004000+00:00,-0.00081587
2021-04-18 16:00:00+00:00,0.0003846
2021-04-19 00:00:00+00:00,0.00011935
2021-04-19 08:00:00+00:00,0.00052771
2021-04-19 16:00:00.009000+00:00,0.0001
2021-04-20 00:00:00.004000+00:00,0.00069128
2021-04-20 08:00:00+00:00,0.00031573
2021-04-20 16:00:00.001000+00:00,0.00013798
2021-04-21 00:00:00.013000+00:00,0.0001
2021-04-21 08:00:00.001000+00:00,0.00029116
2021-04-21 16:00:00.002000+00:00,0.0001
2021-04-22 00:00:00+00:00,0.0001
2021-04-22 08:00:00+00:00,0.0001
2021-04-22 16:00:00.001000+00:00,0.0001
2021-04-23 00:00:00.002000+00:00,0.0001
2021-04-23 08:00:00.009000+00:00,0.00022517
2021-04-23 16:00:00.001000+00:00,0.0001
2021-04-24 00:00:00.019000+00:00,0.0001
2021-04-24 08:00:00.001000+00:00,0.0001
2021-04-24 16:00:00.011000+00:00,0.0001
2021-04-25 00:00:00+00:00,0.0001
2021-04-25 08:00:00.010000+00:00,0.0001537
2021-04-25 16:00:00+00:00,5.25e-05
2021-04-26 00:00:00.003000+00:00,0.0001
2021-04-26 08:00:00.002000+00:00,0.0001
2021-04-26 16:00:00.004000+00:00,0.0001
2021-04-27 00:00:00+00:00,0.00041422
2021-04-27 08:00:00+00:00,0.00028532
2021-04-27 16:00:00.009000+00:00,0.00055267
2021-04-28 00:00:00+00:00,0.00067111
2021-04-28 08:00:00+00:00,0.00018219
2021-04-28 16:00:00.001000+00:00,0.0002257
2021-04-29 00:00:00.004000+00:00,0.0001
2021-04-29 08:00:00.013000+00:00,0.00047434
2021-04-29 16:00:00.003000+00:00,0.00013104
2021-04-30 00:00:00.004000+00:00,0.00019041
2021-04-30 08:00:00.019000+00:00,0.00045193
2021-04-30 16:00:00.003000+00:00,0.00034639
2021-05-01 00:00:00.002000+00:00,0.00050075
2021-05-01 08:00:00.006000+00:00,0.00104765
2021-05-01 16:00:00+00:00,0.00040718
2021-05-02 00:00:00.010000+00:00,0.0004006
2021-05-02 08:00:00.011000+00:00,0.00061887
2021-05-02 16:00:00.007000+00:00,0.00062817
2021-05-03 00:00:00.003000+00:00,0.00027681
2021-05-03 08:00:00+00:00,0.00047332
2021-05-03 16:00:00.043000+00:00,0.00068101
2021-05-04 00:00:00.004000+00:00,0.00089378
2021-05-04 08:00:00.003000+00:00,0.00033292
2021-05-04 16:00:00.011000+00:00,0.00048984
2021-05-05 00:00:00.001000+00:00,0.00021686
2021-05-05 08:00:00.007000+00:00,0.00060678
2021-05-05 16:00:00.001000+00:00,0.00075134
2021-05-06 00:00:00.003000+00:00,0.00077937
2021-05-06 08:00:00.001000+00:00,0.00117706
2021-05-06 16:00:00+00:00,0.00172483
2021-05-07 00:00:00+00:00,0.00090695
2021-05-07 08:00:00+00:00,0.00086546
2021-05-07 16:00:00.001000+00:00,0.00119054
2021-05-08 00:00:00.006000+00:00,0.00075413
2021-05-08 08:00:00+00:00,0.00082146
2021-05-08 16:00:00+00:00,0.00072061
2021-05-09 00:00:00.005000+00:00,0.00043005
2021-05-09 08:00:00.016000+00:00,0.00044195
2021-05-09 16:00:00+00:00,0.00057052
2021-05-10 00:00:00.004000+00:00,0.00057419
2021-05-10 08:00:00+00:00,0.00074243
2021-05-10 16:00:00.013000+00:00,0.00111008
2021-05-11 00:00:00+00:00,0.0001
2021-05-11 08:00:00+00:00,0.0001
2021-05-11 16:00:00.002000+00:00,0.00037151
2021-05-12 00:00:00.004000+00:00,0.0001
2021-05-12 08:00:00.007000+00:00,0.00036144
2021-05-12 16:00:00.012000+00:00,0.00034871
2021-05-13 00:00:00.016000+00:00,0.00022113
2021-05-13 08:00:00+00:00,0.0001
2021-05-13 16:00:00.008000+00:00,0.0001
2021-05-14 00:00:00.007000+00:00,0.0001
2021-05-14 08:00:00.001000+00:00,0.0001
2021-05-14 16:00:00.004000+00:00,0.00014439
2021-05-15 00:00:00.022000+00:00,0.0002179
2021-05-15 08:00:00.014000+00:00,0.00039831
2021-05-15 16:00:00.002000+00:00,0.00046368
2021-05-16 00:00:00+00:00,0.00014056
2021-05-16 08:00:00.003000+00:00,0.00057802
2021-05-16 16:00:00.002000+00:00,0.00044938
2021-05-17 00:00:00.005000+00:00,0.00063116
2021-05-17 08:00:00.001000+00:00,0.0003684
2021-05-17 16:00:00+00:00,0.00040371
2021-05-18 00:00:00.019000+00:00,0.0001
2021-05-18 08:00:00.001000+00:00,0.00021292
2021-05-18 16:00:00.006000+00:00,0.00048279
2021-05-19 00:00:00+00:00,0.0001
2021-05-19 08:00:00.003000+00:00,0.00023608
2021-05-19 16:00:00.018000+00:00,-0.00536402
2021-05-20 00:00:00.005000+00:00,0.00011177
2021-05-20 08:00:00+00:00,0.0001
2021-05-20 16:00:00.005000+00:00,0.0001
2021-05-21 00:00:00+00:00,0.0001
2021-05-21 08:00:00+00:00,0.0001
2021-05-21 16:00:00.001000+00:00,0.0001
2021-05-22 00:00:00.001000+00:00,0.0001
2021-05-22 08:00:00.002000+00:00,0.0001
2021-05-22 16:00:00.005000+00:00,0.0001
2021-05-23 00:00:00.006000+00:00,0.0001
2021-05-23 08:00:00.004000+00:00,0.0001
2021-05-23 16:00:00.002000+00:00,0.0001
2021-05-24 00:00:00.007000+00:00,0.0001
2021-05-24 08:00:00.005000+00:00,0.0001
2021-05-24 16:00:00.005000+00:00,0.0001
2021-05-25 00:00:00+00:00,0.0001
2021-05-25 08:00:00.014000+00:00,0.0001
2021-05-25 16:00:00+00:00,0.0001
2021-05-26 00:00:00.022000+00:00,0.0001
2021-05-26 08:00:00.018000+00:00,0.0001
2021-05-26 16:00:00.004000+00:00,0.0001
2021-05-27 00:00:00+00:00,0.0001
2021-05-27 08:00:00.017000+00:00,0.0001
2021-05-27 16:00:00+00:00,0.0001
2021-05-28 00:00:00.005000+00:00,0.0001
2021-05-28 08:00:00.009000+00:00,0.0001
2021-05-28 16:00:00+00:00,0.0001
2021-05-29 00:00:00.006000+00:00,0.0001
2021-05-29 08:00:00+00:00,0.0001
2021-05-29 16:00:00+00:00,0.0001
2021-05-30 00:00:00.003000+00:00,0.0001
2021-05-30 08:00:00.004000+00:00,0.0001
2021-05-30 16:00:00.018000+00:00,0.0001
2021-05-31 00:00:00.002000+00:00,0.0001
2021-05-31 08:00:00+00:00,0.0001
2021-05-31 16:00:00+00:00,0.0001
2021-06-01 00:00:00.001000+00:00,0.0001
2021-06-01 08:00:00.010000+00:00,0.0001
2021-06-01 16:00:00.010000+00:00,0.0001
2021-06-02 00:00:00.008000+00:00,0.0001
2021-06-02 08:00:00+00:00,0.0001
2021-06-02 16:00:00.007000+00:00,0.0001
2021-06-03 00:00:00.019000+00:00,0.0001
2021-06-03 08:00:00.002000+00:00,0.0001
2021-06-03 16:00:00.003000+00:00,0.0001
2021-06-04 00:00:00.003000+00:00,0.0001
2021-06-04 08:00:00.006000+00:00,0.0001
2021-06-04 16:00:00.002000+00:00,0.0001
2021-06-05 00:00:00+00:00,0.0001
2021-06-05 08:00:00.004000+00:00,0.0001
2021-06-05 16:00:00.020000+00:00,0.0001
2021-06-06 00:00:00+00:00,0.0001
2021-06-06 08:00:00.004000+00:00,0.0001
2021-06-06 16:00:00+00:00,0.0001
2021-06-07 00:00:00.007000+00:00,0.0001
2021-06-07 08:00:00.007000+00:00,0.0001
2021-06-07 16:00:00.003000+00:00,0.0001
2021-06-08 00:00:00+00:00,0.0001
2021-06-08 08:00:00+00:00,0.0001
2021-06-08 16:00:00.002000+00:00,0.0001
2021-06-09 00:00:00.009000+00:00,-1.63e-05
2021-06-09 08:00:00.002000+00:00,1.053e-05
2021-06-09 16:00:00+00:00,-6.088e-05
2021-06-10 00:00:00.007000+00:00,0.0001
2021-06-10 08:00:00.003000+00:00,0.0001
2021-06-10 16:00:00+00:00,0.0001
2021-06-11 00:00:00.010000+00:00,0.0001
2021-06-11 08:00:00.007000+00:00,0.0001
2021-06-11 16:00:00.006000+00:00,0.0001
2021-06-12 00:00:00.005000+00:00,0.0001
2021-06-12 08:00:00+00:00,0.0001
2021-06-12 16:00:00.018000+00:00,0.0001
2021-06-13 00:00:00.002000+00:00,0.0001
2021-06-13 08:00:00+00:00,0.0001
2021-06-13 16:00:00.003000+00:00,0.0001
2021-06-14 00:00:00+00:00,0.0001
2021-06-14 08:00:00.015000+00:00,0.0001
2021-06-14 16:00:00+00:00,0.0001
2021-06-15 00:00:00+00:00,0.0001
2021-06-15 08:00:00+00:00,0.0001
2021-06-15 16:00:00.004000+00:00,0.0001
2021-06-16 00:00:00.004000+00:00,0.0001
2021-06-16 08:00:00.001000+00:00,0.0001
2021-06-16 16:00:00+00:00,0.0001
2021-06-17 00:00:00.004000+00:00,0.0001
2021-06-17 08:00:00+00:00,0.0001
2021-06-17 16:00:00.002000+00:00,0.0001
2021-06-18 00:00:00.009000+00:00,0.0001
2021-06-18 08:00:00.014000+00:00,0.0001
2021-06-18 16:00:00.007000+00:00,0.0001
2021-06-19 00:00:00.003000+00:00,0.0001
2021-06-19 08:00:00.001000+00:00,5.286e-05
2021-06-19 16:00:00+00:00,0.0001
2021-06-20 00:00:00.005000+00:00,5.139e-05
2021-06-20 08:00:00+00:00,1.243e-05
2021-06-20 16:00:00.002000+00:00,-0.00015506
2021-06-21 00:00:00.019000+00:00,0.0001
2021-06-21 08:00:00+00:00,-0.00014527
2021-06-21 16:00:00.024000+00:00,-0.00012222
2021-06-22 00:00:00.008000+00:00,-0.00015939
2021-06-22 08:00:00.009000+00:00,8.849e-05
2021-06-22 16:00:00.001000+00:00,-0.00063866
2021-06-23 00:00:00.003000+00:00,3.778e-05
2021-06-23 08:00:00+00:00,-0.00016983
2021-06-23 16:00:00+00:00,-0.00048376
2021-06-24 00:00:00.009000+00:00,-0.00040513
2021-06-24 08:00:00.018000+00:00,-3.98e-05
2021-06-24 16:00:00.001000+00:00,-3.274e-05
2021-06-25 00:00:00.009000+00:00,-8.45e-06
2021-06-25 08:00:00.004000+00:00,-5.36e-06
2021-06-25 16:00:00+00:00,8.509e-05
2021-06-26 00:00:00.007000+00:00,1.487e-05
2021-06-26 08:00:00+00:00,2.356e-05
2021-06-26 16:00:00.002000+00:00,-0.00027879
2021-06-27 00:00:00.005000+00:00,-0.00010767
2021-06-27 08:00:00.010000+00:00,0.0001
2021-06-27 16:00:00.001000+00:00,0.0001
2021-06-28 00:00:00.025000+00:00,0.0001
2021-06-28 08:00:00.017000+00:00,0.0001
2021-06-28 16:00:00.007000+00:00,0.0001
2021-06-29 00:00:00.008000+00:00,0.0001
2021-06-29 08:00:00+00:00,0.0001
2021-06-29 16:00:00+00:00,-4.814e-05
2021-06-30 00:00:00.011000+00:00,0.0001
2021-06-30 08:00:00.044000+00:00,0.0001
2021-06-30 16:00:00.005000+00:00,0.0001
2021-07-01 00:00:00+00:00,8.824e-05
2021-07-01 08:00:00.004000+00:00,0.0001
2021-07-01 16:00:00.028000+00:00,0.0001
2021-07-02 00:00:00.002000+00:00,0.0001
2021-07-02 08:00:00.016000+00:00,0.0001
2021-07-02 16:00:00.007000+00:00,0.0001
2021-07-03 00:00:00.008000+00:00,0.0001
2021-07-03 08:00:00+00:00,0.0001
2021-07-03 16:00:00.004000+00:00,0.0001
2021-07-04 00:00:00.012000+00:00,0.0001
2021-07-04 08:00:00.002000+00:00,0.0001
2021-07-04 16:00:00.003000+00:00,0.0001
2021-07-05 00:00:00.004000+00:00,0.0001
2021-07-05 08:00:00+00:00,0.0001
2021-07-05 16:00:00.009000+00:00,0.0001
2021-07-06 00:00:00.008000+00:00,0.0001
2021-07-06 08:00:00.019000+00:00,0.0001
2021-07-06 16:00:00+00:00,0.0001
2021-07-07 00:00:00.007000+00:00,0.0001
2021-07-07 08:00:00.001000+00:00,0.0001
2021-07-07 16:00:00.008000+00:00,0.0001
2021-07-08 00:00:00.002000+00:00,0.0001
2021-07-08 08:00:00.010000+00:00,0.0001
2021-07-08 16:00:00.003000+00:00,0.0001
2021-07-09 00:00:00+00:00,0.0001
2021-07-09 08:00:00.006000+00:00,0.0001
2021-07-09 16:00:00+00:00,2.573e-05
2021-07-10 00:00:00.002000+00:00,0.0001
2021-07-10 08:00:00+00:00,0.0001
2021-07-10 16:00:00.001000+00:00,0.0001
2021-07-11 00:00:00.001000+00:00,0.0001
2021-07-11 08:00:00.025000+00:00,0.0001
2021-07-11 16:00:00.006000+00:00,0.0001
2021-07-12 00:00:00+00:00,0.0001
2021-07-12 08:00:00.021000+00:00,0.0001
2021-07-12 16:00:00+00:00,0.0001
2021-07-13 00:00:00+00:00,0.0001
2021-07-13 08:00:00.013000+00:00,0.0001
2021-07-13 16:00:00.005000+00:00,0.0001
2021-07-14 00:00:00+00:00,0.0001
2021-07-14 08:00:00+00:00,0.0001
2021-07-14 16:00:00.005000+00:00,0.0001
2021-07-15 00:00:00.005000+00:00,0.0001
2021-07-15 08:00:00.001000+00:00,0.0001
2021-07-15 16:00:00+00:00,0.0001
2021-07-16 00:00:00+00:00,0.0001
2021-07-16 08:00:00+00:00,0.0001
2021-07-16 16:00:00.001000+00:00,0.0001
2021-07-17 00:00:00.004000+00:00,0.0001
2021-07-17 08:00:00.009000+00:00,0.0001
2021-07-17 16:00:00.006000+00:00,0.0001
2021-07-18 00:00:00+00:00,0.0001
2021-07-18 08:00:00.001000+00:00,0.0001
2021-07-18 16:00:00.003000+00:00,0.0001
2021-07-19 00:00:00.002000+00:00,0.0001
2021-07-19 08:00:00.006000+00:00,0.0001
2021-07-19 16:00:00.006000+00:00,0.0001
2021-07-20 00:00:00.002000+00:00,9.854e-05
2021-07-20 08:00:00.011000+00:00,-8.31e-06
2021-07-20 16:00:00.001000+00:00,-0.00011297
2021-07-21 00:00:00.022000+00:00,-0.00011333
2021-07-21 08:00:00+00:00,2.876e-05
2021-07-21 16:00:00.018000+00:00,8.264e-05
2021-07-22 00:00:00.002000+00:00,0.0001
2021-07-22 08:00:00.006000+00:00,0.0001
2021-07-22 16:00:00.010000+00:00,0.0001
2021-07-23 00:00:00.013000+00:00,0.0001
2021-07-23 08:00:00+00:00,0.0001
2021-07-23 16:00:00.005000+00:00,0.0001
2021-07-24 00:00:00+00:00,0.0001
2021-07-24 08:00:00.002000+00:00,0.0001
2021-07-24 16:00:00.001000+00:00,0.0001
2021-07-25 00:00:00.003000+00:00,0.0001
2021-07-25 08:00:00.015000+00:00,0.0001
2021-07-25 16:00:00+00:00,0.0001
2021-07-26 00:00:00+00:00,0.0001
2021-07-26 08:00:00+00:00,0.0001
2021-07-26 16:00:00+00:00,0.0001
2021-07-27 00:00:00.046000+00:00,0.0001
2021-07-27 08:00:00.014000+00:00,0.0001
2021-07-27 16:00:00.007000+00:00,0.0001
2021-07-28 00:00:00+00:00,0.0001
2021-07-28 08:00:00.002000+00:00,0.0001
2021-07-28 16:00:00.005000+00:00,0.0001
2021-07-29 00:00:00.004000+00:00,0.0001
2021-07-29 08:00:00+00:00,0.0001
2021-07-29 16:00:00.007000+00:00,0.0001
2021-07-30 00:00:00.004000+00:00,0.0001
2021-07-30 08:00:00+00:00,0.0001
2021-07-30 16:00:00+00:00,0.0001
2021-07-31 00:00:00+00:00,0.0001
2021-07-31 08:00:00.014000+00:00,0.0001
2021-07-31 16:00:00.003000+00:00,0.0001
2021-08-01 00:00:00.005000+00:00,0.0001
2021-08-01 08:00:00.016000+00:00,0.0001
2021-08-01 16:00:00.001000+00:00,0.0001
2021-08-02 00:00:00+00:00,0.0001
2021-08-02 08:00:00.014000+00:00,0.0001
2021-08-02 16:00:00.021000+00:00,0.0001
2021-08-03 00:00:00+00:00,0.0001
2021-08-03 08:00:00+00:00,0.0001
2021-08-03 16:00:00.009000+00:00,0.0001
2021-08-04 00:00:00+00:00,0.0001
2021-08-04 08:00:00+00:00,0.0001
2021-08-04 16:00:00.003000+00:00,0.0001
2021-08-05 00:00:00+00:00,0.0001
2021-08-05 08:00:00+00:00,0.0001
2021-08-05 16:00:00.001000+00:00,0.00010194
2021-08-06 00:00:00+00:00,0.0001
2021-08-06 08:00:00.004000+00:00,0.0001
2021-08-06 16:00:00.003000+00:00,0.0001
2021-08-07 00:00:00.015000+00:00,0.00017964
2021-08-07 08:00:00.001000+00:00,0.00013994
2021-08-07 16:00:00.002000+00:00,0.00057549
2021-08-08 00:00:00+00:00,0.00031014
2021-08-08 08:00:00.002000+00:00,0.00022565
2021-08-08 16:00:00.018000+00:00,0.00025136
2021-08-09 00:00:00+00:00,0.0001
2021-08-09 08:00:00+00:00,0.00012233
2021-08-09 16:00:00.002000+00:00,0.0001
2021-08-10 00:00:00+00:00,0.00013435
2021-08-10 08:00:00.003000+00:00,0.00018125
2021-08-10 16:00:00+00:00,0.000245
2021-08-11 00:00:00.006000+00:00,0.00015242
2021-08-11 08:00:00.003000+00:00,0.00032506
2021-08-11 16:00:00+00:00,0.00041409
2021-08-12 00:00:00.013000+00:00,0.00028542
2021-08-12 08:00:00.001000+00:00,0.0001
2021-08-12 16:00:00+00:00,0.0001822
2021-08-13 00:00:00+00:00,0.0001
2021-08-13 08:00:00+00:00,0.0001
2021-08-13 16:00:00.002000+00:00,0.00013008
2021-08-14 00:00:00.006000+00:00,0.00010458
2021-08-14 08:00:00+00:00,0.00029733
2021-08-14 16:00:00+00:00,0.00010998
2021-08-15 00:00:00.003000+00:00,0.00021955
2021-08-15 08:00:00+00:00,0.00027631
2021-08-15 16:00:00.007000+00:00,0.00040055
2021-08-16 00:00:00.012000+00:00,0.00069957
2021-08-16 08:00:00.003000+00:00,0.0008687
2021-08-16 16:00:00.010000+00:00,0.00020261
2021-08-17 00:00:00.018000+00:00,0.00084422
2021-08-17 08:00:00.015000+00:00,0.00048943
2021-08-17 16:00:00.006000+00:00,0.00059362
2021-08-18 00:00:00+00:00,0.0001
2021-08-18 08:00:00+00:00,0.0001
2021-08-18 16:00:00.011000+00:00,0.0001
2021-08-19 00:00:00+00:00,0.00043629
2021-08-19 08:00:00.014000+00:00,0.00019732
2021-08-19 16:00:00+00:00,0.0001
2021-08-20 00:00:00+00:00,0.00012284
2021-08-20 08:00:00.001000+00:00,0.00053092
2021-08-20 16:00:00.001000+00:00,0.00060041
2021-08-21 00:00:00.005000+00:00,0.00053411
2021-08-21 08:00:00.001000+00:00,0.00058059
2021-08-21 16:00:00+00:00,0.00023414
2021-08-22 00:00:00.005000+00:00,0.0001
2021-08-22 08:00:00.007000+00:00,0.00023923
2021-08-22 16:00:00.002000+00:00,0.00023249
2021-08-23 00:00:00.003000+00:00,0.0001
2021-08-23 08:00:00.005000+00:00,0.0003922
2021-08-23 16:00:00.002000+00:00,0.00041888
2021-08-24 00:00:00.006000+00:00,0.00037756
2021-08-24 08:00:00.004000+00:00,0.00071925
2021-08-24 16:00:00+00:00,0.00025647
2021-08-25 00:00:00.015000+00:00,0.0001
2021-08-25 08:00:00+00:00,0.0001
2021-08-25 16:00:00+00:00,0.0001
2021-08-26 00:00:00.001000+00:00,0.0001
2021-08-26 08:00:00.016000+00:00,0.0001
2021-08-26 16:00:00.004000+00:00,0.0001
2021-08-27 00:00:00.013000+00:00,0.0001
2021-08-27 08:00:00.001000+00:00,0.0001
2021-08-27 16:00:00.004000+00:00,0.0001
2021-08-28 00:00:00+00:00,9.474e-05
2021-08-28 08:00:00+00:00,0.0001
2021-08-28 16:00:00+00:00,0.0001
2021-08-29 00:00:00+00:00,0.0001
2021-08-29 08:00:00.002000+00:00,0.0001
2021-08-29 16:00:00.005000+00:00,0.00014102
2021-08-30 00:00:00.013000+00:00,0.0001
2021-08-30 08:00:00.008000+00:00,0.0002077
2021-08-30 16:00:00+00:00,0.0001
2021-08-31 00:00:00+00:00,0.00031369
2021-08-31 08:00:00.007000+00:00,0.0001
2021-08-31 16:00:00.003000+00:00,0.0005946
2021-09-01 00:00:00+00:00,0.00068753
2021-09-01 08:00:00.006000+00:00,0.00042945
2021-09-01 16:00:00+00:00,0.00030261
2021-09-02 00:00:00.009000+00:00,0.00095456
2021-09-02 08:00:00.006000+00:00,0.00086089
2021-09-02 16:00:00.007000+00:00,0.00082164
2021-09-03 00:00:00.011000+00:00,0.00069243
2021-09-03 08:00:00+00:00,0.0001
2021-09-03 16:00:00.002000+00:00,0.00082931
2021-09-04 00:00:00.003000+00:00,0.00038232
2021-09-04 08:00:00.008000+00:00,0.00050916
2021-09-04 16:00:00.009000+00:00,0.00092071
2021-09-05 00:00:00.002000+00:00,0.0005137
2021-09-05 08:00:00.002000+00:00,0.00094466
2021-09-05 16:00:00+00:00,0.00121532
2021-09-06 00:00:00.003000+00:00,0.00077047
2021-09-06 08:00:00.008000+00:00,0.00093618
2021-09-06 16:00:00.009000+00:00,0.00028808
2021-09-07 00:00:00.004000+00:00,0.0001
2021-09-07 08:00:00.002000+00:00,0.0001
2021-09-07 16:00:00.001000+00:00,0.0001
2021-09-08 00:00:00.005000+00:00,0.00032269
2021-09-08 08:00:00+00:00,0.00034589
2021-09-08 16:00:00+00:00,0.00023683
2021-09-09 00:00:00.006000+00:00,0.0001
2021-09-09 08:00:00.014000+00:00,0.00030828
2021-09-09 16:00:00.002000+00:00,0.0001
2021-09-10 00:00:00.001000+00:00,0.00010525
2021-09-10 08:00:00.018000+00:00,0.00024568
2021-09-10 16:00:00.006000+00:00,0.00027075
2021-09-11 00:00:00+00:00,0.00013268
2021-09-11 08:00:00.001000+00:00,0.00010914
2021-09-11 16:00:00+00:00,0.0001
2021-09-12 00:00:00+00:00,0.0001
2021-09-12 08:00:00.002000+00:00,0.00020096
2021-09-12 16:00:00+00:00,0.00034487
2021-09-13 00:00:00+00:00,0.0002385
2021-09-13 08:00:00.007000+00:00,0.00016658
2021-09-13 16:00:00.005000+00:00,0.0001
2021-09-14 00:00:00.002000+00:00,0.0001
2021-09-14 08:00:00+00:00,0.0001
2021-09-14 16:00:00.007000+00:00,0.0001
2021-09-15 00:00:00.012000+00:00,0.00018155
2021-09-15 08:00:00.003000+00:00,0.000248
2021-09-15 16:00:00.006000+00:00,0.00037517
2021-09-16 00:00:00.008000+00:00,0.00039901
2021-09-16 08:00:00.005000+00:00,0.00055144
2021-09-16 16:00:00.002000+00:00,0.00051906
2021-09-17 00:00:00+00:00,0.00049934
2021-09-17 08:00:00.047000+00:00,0.00056357
2021-09-17 16:00:00.013000+00:00,0.00013659
2021-09-18 00:00:00+00:00,0.0001
2021-09-18 08:00:00.010000+00:00,0.0001
2021-09-18 16:00:00.005000+00:00,0.0001
2021-09-19 00:00:00.006000+00:00,0.0001
2021-09-19 08:00:00.015000+00:00,0.00012745
2021-09-19 16:00:00.007000+00:00,0.0001
2021-09-20 00:00:00.018000+00:00,0.00020317
2021-09-20 08:00:00+00:00,0.0001
2021-09-20 16:00:00.005000+00:00,0.0001
2021-09-21 00:00:00.005000+00:00,0.0001
2021-09-21 08:00:00.007000+00:00,0.0001
2021-09-21 16:00:00+00:00,0.0001
2021-09-22 00:00:00.005000+00:00,0.0001
2021-09-22 08:00:00.006000+00:00,0.0001
2021-09-22 16:00:00+00:00,0.0001
2021-09-23 00:00:00.003000+00:00,0.0001
2021-09-23 08:00:00+00:00,0.0001
2021-09-23 16:00:00.007000+00:00,0.0001
2021-09-24 00:00:00+00:00,0.0001
2021-09-24 08:00:00.017000+00:00,0.0001
2021-09-24 16:00:00+00:00,0.0001
2021-09-25 00:00:00.007000+00:00,0.0001
2021-09-25 08:00:00.002000+00:00,0.0001
2021-09-25 16:00:00.004000+00:00,0.0001
2021-09-26 00:00:00.013000+00:00,0.0001
2021-09-26 08:00:00+00:00,0.0001
2021-09-26 16:00:00.005000+00:00,0.0001
2021-09-27 00:00:00+00:00,0.0001
2021-09-27 08:00:00.001000+00:00,0.0001
2021-09-27 16:00:00+00:00,0.0001
2021-09-28 00:00:00+00:00,0.0001
2021-09-28 08:00:00.014000+00:00,0.0001
2021-09-28 16:00:00+00:00,0.0001
2021-09-29 00:00:00+00:00,0.0001
2021-09-29 08:00:00.002000+00:00,0.0001
2021-09-29 16:00:00+00:00,0.0001
2021-09-30 00:00:00+00:00,0.0001
2021-09-30 08:00:00.004000+00:00,0.0001
2021-09-30 16:00:00.005000+00:00,0.0001
2021-10-01 00:00:00.012000+00:00,0.0001
2021-10-01 08:00:00.008000+00:00,0.0001
2021-10-01 16:00:00+00:00,0.0001
2021-10-02 00:00:00+00:00,0.0001
2021-10-02 08:00:00.002000+00:00,0.0001
2021-10-02 16:00:00.011000+00:00,0.0001
2021-10-03 00:00:00.019000+00:00,0.0001
2021-10-03 08:00:00.011000+00:00,0.0001
2021-10-03 16:00:00.004000+00:00,0.0001
2021-10-04 00:00:00.004000+00:00,0.0001
2021-10-04 08:00:00+00:00,0.0001
2021-10-04 16:00:00+00:00,0.0001
2021-10-05 00:00:00.007000+00:00,0.0001
2021-10-05 08:00:00.007000+00:00,0.0001
2021-10-05 16:00:00.004000+00:00,0.00011849
2021-10-06 00:00:00.002000+00:00,0.00032276
2021-10-06 08:00:00+00:00,0.0004101
2021-10-06 16:00:00.003000+00:00,0.00010653
2021-10-07 00:00:00.007000+00:00,0.00040009
2021-10-07 08:00:00.002000+00:00,0.00036912
2021-10-07 16:00:00+00:00,0.00044623
2021-10-08 00:00:00.011000+00:00,0.00020717
2021-10-08 08:00:00.003000+00:00,0.00021534
2021-10-08 16:00:00.002000+00:00,0.00010759
2021-10-09 00:00:00.006000+00:00,0.00020149
2021-10-09 08:00:00.003000+00:00,0.0001
2021-10-09 16:00:00+00:00,0.00038839
2021-10-10 00:00:00+00:00,0.0002851
2021-10-10 08:00:00.008000+00:00,0.00052509
2021-10-10 16:00:00+00:00,0.00030808
2021-10-11 00:00:00.002000+00:00,0.0001
2021-10-11 08:00:00.001000+00:00,0.00011273
2021-10-11 16:00:00.006000+00:00,0.00029944
2021-10-12 00:00:00.008000+00:00,0.0001
2021-10-12 08:00:00.013000+00:00,0.0001
2021-10-12 16:00:00.003000+00:00,0.0001
2021-10-13 00:00:00.003000+00:00,0.0001
2021-10-13 08:00:00.015000+00:00,0.0001
2021-10-13 16:00:00+00:00,0.0001
2021-10-14 00:00:00.011000+00:00,0.0001
2021-10-14 08:00:00.017000+00:00,0.00016917
2021-10-14 16:00:00+00:00,0.00025417
2021-10-15 00:00:00.005000+00:00,0.0002448
2021-10-15 08:00:00.002000+00:00,0.0001
2021-10-15 16:00:00.005000+00:00,0.0001
2021-10-16 00:00:00.009000+00:00,0.0001
2021-10-16 08:00:00+00:00,0.00034779
2021-10-16 16:00:00.003000+00:00,0.00023732
2021-10-17 00:00:00.001000+00:00,0.00032388
2021-10-17 08:00:00.002000+00:00,0.00017979
2021-10-17 16:00:00.002000+00:00,0.00045211
2021-10-18 00:00:00.006000+00:00,0.0001
2021-10-18 08:00:00.004000+00:00,0.00023752
2021-10-18 16:00:00.001000+00:00,0.00018197
2021-10-19 00:00:00.002000+00:00,0.00031947
2021-10-19 08:00:00+00:00,0.00028792
2021-10-19 16:00:00+00:00,0.00020799
2021-10-20 00:00:00.017000+00:00,0.00023648
2021-10-20 08:00:00.004000+00:00,0.00014874
2021-10-20 16:00:00.020000+00:00,0.00013881
2021-10-21 00:00:00+00:00,0.00019697
2021-10-21 08:00:00+00:00,0.00056063
2021-10-21 16:00:00.008000+00:00,0.00051729
2021-10-22 00:00:00.005000+00:00,0.0001
2021-10-22 08:00:00.005000+00:00,0.0003116
2021-10-22 16:00:00.018000+00:00,0.00041034
2021-10-23 00:00:00.005000+00:00,0.00053716
2021-10-23 08:00:00.001000+00:00,0.00026164
2021-10-23 16:00:00.004000+00:00,0.00041495
2021-10-24 00:00:00.006000+00:00,0.00039863
2021-10-24 08:00:00.012000+00:00,0.00081955
2021-10-24 16:00:00.001000+00:00,0.00074679
2021-10-25 00:00:00.012000+00:00,0.00034564
2021-10-25 08:00:00.002000+00:00,0.00031844
2021-10-25 16:00:00.022000+00:00,0.00025157
2021-10-26 00:00:00.005000+00:00,0.00043842
2021-10-26 08:00:00.016000+00:00,0.00056465
2021-10-26 16:00:00+00:00,0.00053961
2021-10-27 00:00:00.004000+00:00,0.00031408
2021-10-27 08:00:00+00:00,0.00054673
2021-10-27 16:00:00.002000+00:00,0.0001
2021-10-28 00:00:00.002000+00:00,0.0001
2021-10-28 08:00:00+00:00,0.0001
2021-10-28 16:00:00.005000+00:00,0.0001
2021-10-29 00:00:00+00:00,0.0001
2021-10-29 08:00:00.007000+00:00,0.0001
2021-10-29 16:00:00.001000+00:00,0.0001
2021-10-30 00:00:00+00:00,0.0001
2021-10-30 08:00:00.001000+00:00,0.00010269
2021-10-30 16:00:00.013000+00:00,0.0001
2021-10-31 00:00:00.008000+00:00,0.0001
2021-10-31 08:00:00.010000+00:00,0.00027856
2021-10-31 16:00:00.001000+00:00,0.0001
2021-11-01 00:00:00.009000+00:00,0.00021406
2021-11-01 08:00:00.014000+00:00,0.0001
2021-11-01 16:00:00.001000+00:00,0.00047033
2021-11-02 00:00:00+00:00,0.00021978
2021-11-02 08:00:00.007000+00:00,0.00043741
2021-11-02 16:00:00.010000+00:00,0.00044948
2021-11-03 00:00:00.019000+00:00,0.00057713
2021-11-03 08:00:00+00:00,0.00031299
2021-11-03 16:00:00.005000+00:00,0.0001
2021-11-04 00:00:00.006000+00:00,0.0001
2021-11-04 08:00:00.004000+00:00,0.0001
2021-11-04 16:00:00.004000+00:00,0.0001
2021-11-05 00:00:00+00:00,0.0001
2021-11-05 08:00:00.013000+00:00,0.0001
2021-11-05 16:00:00.016000+00:00,0.00039814
2021-11-06 00:00:00.010000+00:00,0.0001
2021-11-06 08:00:00+00:00,0.0001
2021-11-06 16:00:00.007000+00:00,0.0001
2021-11-07 00:00:00.013000+00:00,0.0001
2021-11-07 08:00:00.005000+00:00,0.0001
2021-11-07 16:00:00.004000+00:00,0.0001
2021-11-08 00:00:00.001000+00:00,0.00016311
2021-11-08 08:00:00+00:00,0.00065061
2021-11-08 16:00:00+00:00,0.00072728
2021-11-09 00:00:00+00:00,0.00030837
2021-11-09 08:00:00.014000+00:00,0.00031759
2021-11-09 16:00:00.001000+00:00,0.00040583
2021-11-10 00:00:00+00:00,0.00042121
2021-11-10 08:00:00.003000+00:00,0.00032577
2021-11-10 16:00:00.001000+00:00,0.00043648
2021-11-11 00:00:00.008000+00:00,0.0001
2021-11-11 08:00:00.012000+00:00,0.0001
2021-11-11 16:00:00.007000+00:00,0.00025837
2021-11-12 00:00:00+00:00,0.0001
2021-11-12 08:00:00+00:00,0.0001
2021-11-12 16:00:00.004000+00:00,0.0001
2021-11-13 00:00:00+00:00,0.0001
2021-11-13 08:00:00.004000+00:00,0.00022258
2021-11-13 16:00:00.006000+00:00,0.0001
2021-11-14 00:00:00.010000+00:00,0.0001
2021-11-14 08:00:00.001000+00:00,0.0001
2021-11-14 16:00:00+00:00,0.0001
2021-11-15 00:00:00.008000+00:00,0.0001
2021-11-15 08:00:00+00:00,0.00010613
2021-11-15 16:00:00+00:00,0.0001
2021-11-16 00:00:00+00:00,0.0001
2021-11-16 08:00:00.001000+00:00,0.0001
2021-11-16 16:00:00.018000+00:00,0.0001
2021-11-17 00:00:00.005000+00:00,0.0001
2021-11-17 08:00:00.007000+00:00,0.0001
2021-11-17 16:00:00.003000+00:00,0.0001
2021-11-18 00:00:00.017000+00:00,0.0001
2021-11-18 08:00:00.007000+00:00,0.0001
2021-11-18 16:00:00.011000+00:00,0.0001
2021-11-19 00:00:00+00:00,0.0001
2021-11-19 08:00:00+00:00,0.0001
2021-11-19 16:00:00.005000+00:00,0.0001
2021-11-20 00:00:00.012000+00:00,0.0001
2021-11-20 08:00:00+00:00,0.0001
2021-11-20 16:00:00.007000+00:00,0.0001
2021-11-21 00:00:00+00:00,0.0001
2021-11-21 08:00:00.006000+00:00,0.0001
2021-11-21 16:00:00+00:00,0.00015518
2021-11-22 00:00:00.004000+00:00,0.0001
2021-11-22 08:00:00+00:00,0.0001
2021-11-22 16:00:00+00:00,0.0001
2021-11-23 00:00:00.004000+00:00,0.0001
2021-11-23 08:00:00.010000+00:00,0.0001
2021-11-23 16:00:00.005000+00:00,0.0001
2021-11-24 00:00:00.001000+00:00,0.0001
2021-11-24 08:00:00.003000+00:00,0.0001
2021-11-24 16:00:00.010000+00:00,0.0001
2021-11-25 00:00:00+00:00,0.0001
2021-11-25 08:00:00.010000+00:00,0.00040662
2021-11-25 16:00:00+00:00,0.0001
2021-11-26 00:00:00+00:00,0.00028435
2021-11-26 08:00:00+00:00,0.0003784
2021-11-26 16:00:00.016000+00:00,0.0001
2021-11-27 00:00:00.005000+00:00,0.0001
2021-11-27 08:00:00.008000+00:00,0.0001
2021-11-27 16:00:00.007000+00:00,0.0001
2021-11-28 00:00:00.018000+00:00,0.0001
2021-11-28 08:00:00+00:00,0.0001
2021-11-28 16:00:00.004000+00:00,0.0001
2021-11-29 00:00:00.002000+00:00,0.0001
2021-11-29 08:00:00.004000+00:00,0.0001
2021-11-29 16:00:00+00:00,0.0001
2021-11-30 00:00:00+00:00,0.0001
2021-11-30 08:00:00.006000+00:00,0.0001
2021-11-30 16:00:00+00:00,0.0001
2021-12-01 00:00:00+00:00,0.0001
2021-12-01 08:00:00+00:00,0.0001
2021-12-01 16:00:00.001000+00:00,0.0001
2021-12-02 00:00:00+00:00,0.0001
2021-12-02 08:00:00.007000+00:00,0.0001
2021-12-02 16:00:00.008000+00:00,0.0001
2021-12-03 00:00:00.004000+00:00,0.0001
2021-12-03 08:00:00.002000+00:00,0.0001
2021-12-03 16:00:00.006000+00:00,0.0001
2021-12-04 00:00:00.006000+00:00,0.0001
2021-12-04 08:00:00.004000+00:00,-0.00010538
2021-12-04 16:00:00+00:00,0.0001
2021-12-05 00:00:00.003000+00:00,0.0001
2021-12-05 08:00:00.008000+00:00,0.0001
2021-12-05 16:00:00.007000+00:00,0.0001
2021-12-06 00:00:00.009000+00:00,0.0001
2021-12-06 08:00:00.001000+00:00,0.0001
2021-12-06 16:00:00+00:00,0.0001
2021-12-07 00:00:00.018000+00:00,0.0001
2021-12-07 08:00:00+00:00,-2.874e-05
2021-12-07 16:00:00+00:00,0.0001
2021-12-08 00:00:00+00:00,0.0001
2021-12-08 08:00:00.018000+00:00,0.0001
2021-12-08 16:00:00.010000+00:00,0.0001
2021-12-09 00:00:00.010000+00:00,0.0001
2021-12-09 08:00:00+00:00,0.0001
2021-12-09 16:00:00+00:00,0.0001
2021-12-10 00:00:00+00:00,0.0001
2021-12-10 08:00:00.008000+00:00,0.0001
2021-12-10 16:00:00.012000+00:00,0.0001
2021-12-11 00:00:00.009000+00:00,0.0001
2021-12-11 08:00:00.008000+00:00,0.0001
2021-12-11 16:00:00+00:00,0.0001
2021-12-12 00:00:00.001000+00:00,0.0001
2021-12-12 08:00:00.015000+00:00,0.0001
2021-12-12 16:00:00.011000+00:00,0.0001
2021-12-13 00:00:00.006000+00:00,0.0001
2021-12-13 08:00:00.019000+00:00,0.0001
2021-12-13 16:00:00+00:00,0.0001
2021-12-14 00:00:00.004000+00:00,-0.00012513
2021-12-14 08:00:00+00:00,0.0001
2021-12-14 16:00:00.015000+00:00,0.0001
2021-12-15 00:00:00+00:00,0.0001
2021-12-15 08:00:00.008000+00:00,0.0001
2021-12-15 16:00:00.005000+00:00,0.0001
2021-12-16 00:00:00.006000+00:00,0.0001
2021-12-16 08:00:00.009000+00:00,0.0001
2021-12-16 16:00:00+00:00,7.386e-05
2021-12-17 00:00:00+00:00,0.0001
2021-12-17 08:00:00.005000+00:00,0.0001
2021-12-17 16:00:00.006000+00:00,0.0001
2021-12-18 00:00:00.014000+00:00,0.0001
2021-12-18 08:00:00.012000+00:00,0.0001
2021-12-18 16:00:00+00:00,0.0001
2021-12-19 00:00:00.031000+00:00,0.0001
2021-12-19 08:00:00+00:00,0.0001
2021-12-19 16:00:00.003000+00:00,0.0001
2021-12-20 00:00:00.015000+00:00,0.0001
2021-12-20 08:00:00.007000+00:00,0.0001
2021-12-20 16:00:00.005000+00:00,0.0001
2021-12-21 00:00:00.003000+00:00,0.0001
2021-12-21 08:00:00.012000+00:00,0.0001
2021-12-21 16:00:00.005000+00:00,0.0001
2021-12-22 00:00:00+00:00,0.0001
2021-12-22 08:00:00.001000+00:00,0.0001
2021-12-22 16:00:00.006000+00:00,0.0001
2021-12-23 00:00:00.011000+00:00,0.0001
2021-12-23 08:00:00+00:00,0.0001
2021-12-23 16:00:00+00:00,0.0001
2021-12-24 00:00:00.005000+00:00,0.0001
2021-12-24 08:00:00+00:00,0.0001
2021-12-24 16:00:00.011000+00:00,0.0001
2021-12-25 00:00:00+00:00,0.0001
2021-12-25 08:00:00.001000+00:00,0.0001
2021-12-25 16:00:00.005000+00:00,0.0001
2021-12-26 00:00:00.004000+00:00,0.0001
2021-12-26 08:00:00.002000+00:00,0.0001
2021-12-26 16:00:00+00:00,0.0001
2021-12-27 00:00:00.002000+00:00,0.0001
2021-12-27 08:00:00.005000+00:00,0.0001
2021-12-27 16:00:00+00:00,0.0001
2021-12-28 00:00:00+00:00,0.0001
2021-12-28 08:00:00.012000+00:00,0.0001
2021-12-28 16:00:00+00:00,0.0001
2021-12-29 00:00:00.006000+00:00,0.0001
2021-12-29 08:00:00.003000+00:00,0.0001
2021-12-29 16:00:00.004000+00:00,0.0001
2021-12-30 00:00:00.003000+00:00,0.0001
2021-12-30 08:00:00.001000+00:00,0.0001
2021-12-30 16:00:00.017000+00:00,0.0001
2021-12-31 00:00:00.006000+00:00,0.0001
2021-12-31 08:00:00.009000+00:00,0.0001
2021-12-31 16:00:00+00:00,0.0001
2022-01-01 00:00:00.006000+00:00,0.0001
2022-01-01 08:00:00.009000+00:00,0.0001
2022-01-01 16:00:00+00:00,0.0001
2022-01-02 00:00:00.028000+00:00,0.0001
2022-01-02 08:00:00+00:00,0.0001
2022-01-02 16:00:00+00:00,0.0001
2022-01-03 00:00:00.010000+00:00,0.0001
2022-01-03 08:00:00.013000+00:00,0.0001
2022-01-03 16:00:00.018000+00:00,0.0001
2022-01-04 00:00:00+00:00,0.0001
2022-01-04 08:00:00.010000+00:00,0.0001
2022-01-04 16:00:00.002000+00:00,0.0001
2022-01-05 00:00:00.001000+00:00,0.0001
2022-01-05 08:00:00.017000+00:00,0.0001
2022-01-05 16:00:00+00:00,0.0001
2022-01-06 00:00:00.002000+00:00,0.0001
2022-01-06 08:00:00.021000+00:00,0.0001
2022-01-06 16:00:00.006000+00:00,0.0001
2022-01-07 00:00:00.005000+00:00,0.0001
2022-01-07 08:00:00+00:00,0.0001
2022-01-07 16:00:00.001000+00:00,0.0001
2022-01-08 00:00:00.014000+00:00,0.0001
2022-01-08 08:00:00.013000+00:00,0.0001
2022-01-08 16:00:00+00:00,0.0001
2022-01-09 00:00:00.003000+00:00,0.0001
2022-01-09 08:00:00+00:00,0.0001
2022-01-09 16:00:00+00:00,0.0001
2022-01-10 00:00:00+00:00,0.0001
2022-01-10 08:00:00.010000+00:00,0.0001
2022-01-10 16:00:00.007000+00:00,0.0001
2022-01-11 00:00:00.013000+00:00,0.0001
2022-01-11 08:00:00.004000+00:00,0.0001
2022-01-11 16:00:00+00:00,0.0001
2022-01-12 00:00:00.012000+00:00,0.0001
2022-01-12 08:00:00.015000+00:00,0.0001
2022-01-12 16:00:00+00:00,0.0001
2022-01-13 00:00:00.007000+00:00,0.0001
2022-01-13 08:00:00+00:00,0.0001
2022-01-13 16:00:00.014000+00:00,0.0001
2022-01-14 00:00:00+00:00,0.0001
2022-01-14 08:00:00.006000+00:00,0.0001
2022-01-14 16:00:00.014000+00:00,0.0001
2022-01-15 00:00:00+00:00,0.0001
2022-01-15 08:00:00.002000+00:00,0.0001
2022-01-15 16:00:00+00:00,0.0001
2022-01-16 00:00:00+00:00,0.0001
2022-01-16 08:00:00.017000+00:00,0.0001
2022-01-16 16:00:00.011000+00:00,0.0001
2022-01-17 00:00:00.005000+00:00,0.0001
2022-01-17 08:00:00.006000+00:00,0.0001
2022-01-17 16:00:00.012000+00:00,0.0001
2022-01-18 00:00:00.020000+00:00,0.0001
2022-01-18 08:00:00+00:00,0.0001
2022-01-18 16:00:00.013000+00:00,0.0001
2022-01-19 00:00:00.001000+00:00,0.0001
2022-01-19 08:00:00+00:00,0.0001
2022-01-19 16:00:00+00:00,0.0001
2022-01-20 00:00:00.015000+00:00,0.0001
2022-01-20 08:00:00+00:00,0.0001
2022-01-20 16:00:00+00:00,0.0001
2022-01-21 00:00:00.007000+00:00,0.0001
2022-01-21 08:00:00.015000+00:00,0.0001
2022-01-21 16:00:00+00:00,4.765e-05
2022-01-22 00:00:00.017000+00:00,0.0001
2022-01-22 08:00:00.003000+00:00,0.0001
2022-01-22 16:00:00.021000+00:00,-2.909e-05
2022-01-23 00:00:00.026000+00:00,-0.00024156
2022-01-23 08:00:00.010000+00:00,-0.00014168
2022-01-23 16:00:00.009000+00:00,-0.00013112
2022-01-24 00:00:00.010000+00:00,-3.338e-05
2022-01-24 08:00:00+00:00,-0.00021201
2022-01-24 16:00:00.021000+00:00,0.0001
2022-01-25 00:00:00+00:00,-0.0001253
2022-01-25 08:00:00+00:00,-7.29e-06
2022-01-25 16:00:00.012000+00:00,-0.00011904
2022-01-26 00:00:00+00:00,-0.00012652
2022-01-26 08:00:00.001000+00:00,-0.00017698
2022-01-26 16:00:00.005000+00:00,-0.00014955
2022-01-27 00:00:00.004000+00:00,-0.00028709
2022-01-27 08:00:00.004000+00:00,-0.00012589
2022-01-27 16:00:00.019000+00:00,-0.00011855
2022-01-28 00:00:00+00:00,-7.83e-05
2022-01-28 08:00:00+00:00,-0.00012491
2022-01-28 16:00:00.025000+00:00,-0.00022188
2022-01-29 00:00:00.017000+00:00,3.439e-05
2022-01-29 08:00:00+00:00,5.37e-06
2022-01-29 16:00:00.013000+00:00,-1.329e-05
2022-01-30 00:00:00.025000+00:00,-0.0001674
2022-01-30 08:00:00.009000+00:00,-5.62e-06
2022-01-30 16:00:00+00:00,-7.703e-05
2022-01-31 00:00:00+00:00,-0.00026589
2022-01-31 08:00:00+00:00,-0.0001549
2022-01-31 16:00:00+00:00,4.16e-06
2022-02-01 00:00:00.010000+00:00,2.229e-05
2022-02-01 08:00:00+00:00,6.873e-05
2022-02-01 16:00:00.004000+00:00,-0.00019965
2022-02-02 00:00:00.004000+00:00,-0.00011165
2022-02-02 08:00:00+00:00,-3.736e-05
2022-02-02 16:00:00.002000+00:00,3.5e-05
2022-02-03 00:00:00.002000+00:00,-5.362e-05
2022-02-03 08:00:00+00:00,2.861e-05
2022-02-03 16:00:00+00:00,-5.058e-05
2022-02-04 00:00:00.018000+00:00,-0.00033718
2022-02-04 08:00:00.005000+00:00,-2.657e-05
2022-02-04 16:00:00.010000+00:00,0.0001
2022-02-05 00:00:00.014000+00:00,6.989e-05
2022-02-05 08:00:00+00:00,8.29e-05
2022-02-05 16:00:00+00:00,0.0001
2022-02-06 00:00:00+00:00,3.195e-05
2022-02-06 08:00:00+00:00,0.0001
2022-02-06 16:00:00+00:00,0.0001
2022-02-07 00:00:00.003000+00:00,0.0001
2022-02-07 08:00:00.014000+00:00,4.586e-05
2022-02-07 16:00:00.003000+00:00,-9.025e-05
2022-02-08 00:00:00.001000+00:00,-0.00025025
2022-02-08 08:00:00.003000+00:00,-0.00025785
2022-02-08 16:00:00.002000+00:00,0.0001
2022-02-09 00:00:00+00:00,-0.0001339
2022-02-09 08:00:00.005000+00:00,2.718e-05
2022-02-09 16:00:00.001000+00:00,9.188e-05
2022-02-10 00:00:00.012000+00:00,3.246e-05
2022-02-10 08:00:00+00:00,-9.518e-05
2022-02-10 16:00:00.006000+00:00,-0.00019747
2022-02-11 00:00:00+00:00,-0.00018494
2022-02-11 08:00:00.009000+00:00,0.0001
2022-02-11 16:00:00.015000+00:00,-9.482e-05
2022-02-12 00:00:00.020000+00:00,-2.587e-05
2022-02-12 08:00:00.001000+00:00,-2.009e-05
2022-02-12 16:00:00.007000+00:00,-7.354e-05
2022-02-13 00:00:00.022000+00:00,-0.00028416
2022-02-13 08:00:00.001000+00:00,-0.00016471
2022-02-13 16:00:00.007000+00:00,-0.00019993
2022-02-14 00:00:00.005000+00:00,-0.00019975
2022-02-14 08:00:00.013000+00:00,8.372e-05
2022-02-14 16:00:00.019000+00:00,1.073e-05
2022-02-15 00:00:00.012000+00:00,-3.803e-05
2022-02-15 08:00:00.005000+00:00,3.362e-05
2022-02-15 16:00:00.011000+00:00,-7.138e-05
2022-02-16 00:00:00.009000+00:00,0.0001
2022-02-16 08:00:00.001000+00:00,8.325e-05
2022-02-16 16:00:00.014000+00:00,0.0001
2022-02-17 00:00:00.018000+00:00,0.0001
2022-02-17 08:00:00+00:00,7.98e-06
2022-02-17 16:00:00.010000+00:00,0.0001
2022-02-18 00:00:00+00:00,-0.00010135
2022-02-18 08:00:00.002000+00:00,8.49e-06
2022-02-18 16:00:00+00:00,9.853e-05
2022-02-19 00:00:00.007000+00:00,-5.937e-05
2022-02-19 08:00:00+00:00,1.521e-05
2022-02-19 16:00:00.023000+00:00,0.0001
2022-02-20 00:00:00.001000+00:00,0.0001
2022-02-20 08:00:00.003000+00:00,-8.936e-05
2022-02-20 16:00:00.001000+00:00,0.0001
2022-02-21 00:00:00+00:00,4.623e-05
2022-02-21 08:00:00.001000+00:00,-1.3e-07
2022-02-21 16:00:00.005000+00:00,-0.00012328
2022-02-22 00:00:00.005000+00:00,-0.00023825
2022-02-22 08:00:00+00:00,-0.00023126
2022-02-22 16:00:00+00:00,-0.00025532
2022-02-23 00:00:00.002000+00:00,-0.00010827
2022-02-23 08:00:00.005000+00:00,-0.00023449
2022-02-23 16:00:00.010000+00:00,7.735e-05
2022-02-24 00:00:00.008000+00:00,3.882e-05
2022-02-24 08:00:00.003000+00:00,0.0001
2022-02-24 16:00:00.001000+00:00,0.0001
2022-02-25 00:00:00+00:00,0.0001
2022-02-25 08:00:00.006000+00:00,0.0001
2022-02-25 16:00:00.001000+00:00,9.4e-06
2022-02-26 00:00:00.004000+00:00,-4.116e-05
2022-02-26 08:00:00.004000+00:00,1.092e-05
2022-02-26 16:00:00.007000+00:00,-7.933e-05
2022-02-27 00:00:00.012000+00:00,1.93e-05
2022-02-27 08:00:00+00:00,-0.00013711
2022-02-27 16:00:00+00:00,3.243e-05
2022-02-28 00:00:00+00:00,-9.949e-05
2022-02-28 08:00:00.001000+00:00,-2.105e-05
2022-02-28 16:00:00.002000+00:00,0.0001
2022-03-01 00:00:00.002000+00:00,0.0001
2022-03-01 08:00:00.001000+00:00,0.0001
2022-03-01 16:00:00+00:00,0.0001
2022-03-02 00:00:00+00:00,0.0001
2022-03-02 08:00:00+00:00,0.0001
2022-03-02 16:00:00.002000+00:00,0.0001
2022-03-03 00:00:00+00:00,0.0001
2022-03-03 08:00:00+00:00,0.0001
2022-03-03 16:00:00.005000+00:00,0.0001
2022-03-04 00:00:00.018000+00:00,0.0001
2022-03-04 08:00:00+00:00,5.32e-05
2022-03-04 16:00:00+00:00,6.822e-05
2022-03-05 00:00:00.006000+00:00,0.0001
2022-03-05 08:00:00.004000+00:00,-5.695e-05
2022-03-05 16:00:00+00:00,-7.34e-06
2022-03-06 00:00:00.004000+00:00,3.146e-05
2022-03-06 08:00:00+00:00,0.0001
2022-03-06 16:00:00.013000+00:00,6.764e-05
2022-03-07 00:00:00.008000+00:00,-4.323e-05
2022-03-07 08:00:00.006000+00:00,-4.775e-05
2022-03-07 16:00:00+00:00,6.7e-07
2022-03-08 00:00:00.008000+00:00,2.814e-05
2022-03-08 08:00:00.002000+00:00,0.0001
2022-03-08 16:00:00+00:00,0.0001
2022-03-09 00:00:00.008000+00:00,-5.022e-05
2022-03-09 08:00:00+00:00,0.0001
2022-03-09 16:00:00.004000+00:00,0.0001
2022-03-10 00:00:00+00:00,0.0001
2022-03-10 08:00:00.017000+00:00,0.0001
2022-03-10 16:00:00+00:00,-6.881e-05
2022-03-11 00:00:00.008000+00:00,-1.487e-05
2022-03-11 08:00:00+00:00,-3.858e-05
2022-03-11 16:00:00.001000+00:00,7.324e-05
2022-03-12 00:00:00.010000+00:00,7.735e-05
2022-03-12 08:00:00.001000+00:00,9.681e-05
2022-03-12 16:00:00.002000+00:00,9.897e-05
2022-03-13 00:00:00.008000+00:00,0.0001
2022-03-13 08:00:00+00:00,0.0001
2022-03-13 16:00:00.002000+00:00,3.32e-05
2022-03-14 00:00:00.014000+00:00,0.0001
2022-03-14 08:00:00.005000+00:00,0.0001
2022-03-14 16:00:00.002000+00:00,0.0001
2022-03-15 00:00:00.008000+00:00,0.0001
2022-03-15 08:00:00+00:00,0.0001
2022-03-15 16:00:00.006000+00:00,0.0001
2022-03-16 00:00:00.013000+00:00,0.0001
2022-03-16 08:00:00+00:00,0.0001
2022-03-16 16:00:00.008000+00:00,0.0001
2022-03-17 00:00:00.004000+00:00,0.0001
2022-03-17 08:00:00+00:00,0.0001
2022-03-17 16:00:00.004000+00:00,0.0001
2022-03-18 00:00:00+00:00,0.0001
2022-03-18 08:00:00+00:00,0.0001
2022-03-18 16:00:00.017000+00:00,0.0001
2022-03-19 00:00:00.008000+00:00,0.0001
2022-03-19 08:00:00.015000+00:00,0.0001
2022-03-19 16:00:00+00:00,0.0001
2022-03-20 00:00:00+00:00,0.0001
2022-03-20 08:00:00.001000+00:00,0.0001
2022-03-20 16:00:00.002000+00:00,0.0001
2022-03-21 00:00:00.013000+00:00,0.0001
2022-03-21 08:00:00.004000+00:00,6.183e-05
2022-03-21 16:00:00.010000+00:00,4.368e-05
2022-03-22 00:00:00.012000+00:00,0.0001
2022-03-22 08:00:00.001000+00:00,0.0001
2022-03-22 16:00:00.022000+00:00,0.0001
2022-03-23 00:00:00.007000+00:00,0.0001
2022-03-23 08:00:00+00:00,0.0001
2022-03-23 16:00:00.006000+00:00,0.0001
2022-03-24 00:00:00.013000+00:00,0.0001
2022-03-24 08:00:00.006000+00:00,0.0001
2022-03-24 16:00:00.020000+00:00,0.0001
2022-03-25 00:00:00.010000+00:00,0.0001
2022-03-25 08:00:00.001000+00:00,0.0001
2022-03-25 16:00:00.014000+00:00,0.0001
2022-03-26 00:00:00.020000+00:00,0.0001
2022-03-26 08:00:00.006000+00:00,0.0001
2022-03-26 16:00:00+00:00,0.0001
2022-03-27 00:00:00.004000+00:00,0.0001
2022-03-27 08:00:00.001000+00:00,0.0001
2022-03-27 16:00:00.006000+00:00,8.569e-05
2022-03-28 00:00:00.012000+00:00,3.885e-05
2022-03-28 08:00:00.007000+00:00,0.0001
2022-03-28 16:00:00+00:00,0.0001
2022-03-29 00:00:00+00:00,0.0001
2022-03-29 08:00:00.015000+00:00,0.0001
2022-03-29 16:00:00+00:00,0.0001
2022-03-30 00:00:00+00:00,0.0001
2022-03-30 08:00:00.002000+00:00,0.0001
2022-03-30 16:00:00.028000+00:00,0.0001
2022-03-31 00:00:00.017000+00:00,0.0001
2022-03-31 08:00:00+00:00,0.0001
2022-03-31 16:00:00.015000+00:00,0.0001
2022-04-01 00:00:00+00:00,0.0001
2022-04-01 08:00:00+00:00,0.0001
2022-04-01 16:00:00.018000+00:00,0.0001
2022-04-02 00:00:00+00:00,0.0001
2022-04-02 08:00:00.002000+00:00,0.0001
2022-04-02 16:00:00.006000+00:00,0.0001
2022-04-03 00:00:00.018000+00:00,0.0001
2022-04-03 08:00:00.018000+00:00,0.0001
2022-04-03 16:00:00.015000+00:00,0.0001
2022-04-04 00:00:00.006000+00:00,0.0001
2022-04-04 08:00:00+00:00,0.0001
2022-04-04 16:00:00.016000+00:00,0.0001
2022-04-05 00:00:00+00:00,0.0001
2022-04-05 08:00:00.010000+00:00,0.0001
2022-04-05 16:00:00.008000+00:00,0.0001
2022-04-06 00:00:00.001000+00:00,0.0001
2022-04-06 08:00:00.021000+00:00,0.0001
2022-04-06 16:00:00+00:00,0.0001
2022-04-07 00:00:00.009000+00:00,0.0001
2022-04-07 08:00:00+00:00,0.0001
2022-04-07 16:00:00+00:00,-1.999e-05
2022-04-08 00:00:00+00:00,0.0001
2022-04-08 08:00:00.004000+00:00,7.141e-05
2022-04-08 16:00:00.008000+00:00,-8.67e-06
2022-04-09 00:00:00.008000+00:00,-2.102e-05
2022-04-09 08:00:00+00:00,-0.00010071
2022-04-09 16:00:00.001000+00:00,-4.901e-05
2022-04-10 00:00:00.004000+00:00,4.621e-05
2022-04-10 08:00:00.007000+00:00,-3.56e-06
2022-04-10 16:00:00.016000+00:00,-5.867e-05
2022-04-11 00:00:00+00:00,8.77e-05
2022-04-11 08:00:00+00:00,0.0001
2022-04-11 16:00:00.009000+00:00,0.0001
2022-04-12 00:00:00+00:00,1.234e-05
2022-04-12 08:00:00.006000+00:00,-4.518e-05
2022-04-12 16:00:00.013000+00:00,-2.614e-05
2022-04-13 00:00:00.005000+00:00,3.38e-06
2022-04-13 08:00:00.008000+00:00,3.3e-06
2022-04-13 16:00:00.013000+00:00,7.56e-06
2022-04-14 00:00:00.007000+00:00,6.718e-05
2022-04-14 08:00:00+00:00,1.928e-05
2022-04-14 16:00:00.006000+00:00,2.405e-05
2022-04-15 00:00:00.008000+00:00,7.477e-05
2022-04-15 08:00:00.002000+00:00,1.093e-05
2022-04-15 16:00:00+00:00,3.18e-06
2022-04-16 00:00:00.011000+00:00,4.42e-05
2022-04-16 08:00:00.007000+00:00,2.7e-07
2022-04-16 16:00:00.007000+00:00,1.9e-05
2022-04-17 00:00:00+00:00,0.0001
2022-04-17 08:00:00.004000+00:00,6.873e-05
2022-04-17 16:00:00+00:00,0.0001
2022-04-18 00:00:00.008000+00:00,6.509e-05
2022-04-18 08:00:00.012000+00:00,-8.104e-05
2022-04-18 16:00:00+00:00,-8.262e-05
2022-04-19 00:00:00.021000+00:00,7.619e-05
2022-04-19 08:00:00.031000+00:00,0.0001
2022-04-19 16:00:00+00:00,0.0001
2022-04-20 00:00:00.025000+00:00,0.0001
2022-04-20 08:00:00.003000+00:00,0.0001
2022-04-20 16:00:00+00:00,0.0001
2022-04-21 00:00:00+00:00,0.0001
2022-04-21 08:00:00+00:00,0.0001
2022-04-21 16:00:00.024000+00:00,0.0001
2022-04-22 00:00:00.008000+00:00,0.0001
2022-04-22 08:00:00.008000+00:00,0.0001
2022-04-22 16:00:00.008000+00:00,4.562e-05
2022-04-23 00:00:00+00:00,0.0001
2022-04-23 08:00:00+00:00,0.0001
2022-04-23 16:00:00.012000+00:00,-0.00010378
2022-04-24 00:00:00.004000+00:00,-4.956e-05
2022-04-24 08:00:00.003000+00:00,7.34e-06
2022-04-24 16:00:00+00:00,6.085e-05
2022-04-25 00:00:00.008000+00:00,4.967e-05
2022-04-25 08:00:00.018000+00:00,-4.545e-05
2022-04-25 16:00:00+00:00,-8.571e-05
2022-04-26 00:00:00.014000+00:00,-3.7e-06
2022-04-26 08:00:00+00:00,8.835e-05
2022-04-26 16:00:00.017000+00:00,-4.43e-05
2022-04-27 00:00:00.012000+00:00,-9.244e-05
2022-04-27 08:00:00+00:00,4.328e-05
2022-04-27 16:00:00.002000+00:00,5.659e-05
2022-04-28 00:00:00+00:00,-7.066e-05
2022-04-28 08:00:00.004000+00:00,2.847e-05
2022-04-28 16:00:00.030000+00:00,-0.00014775
2022-04-29 00:00:00+00:00,4.822e-05
2022-04-29 08:00:00.016000+00:00,7.776e-05
2022-04-29 16:00:00.010000+00:00,3.948e-05
2022-04-30 00:00:00+00:00,4.104e-05
2022-04-30 08:00:00.005000+00:00,0.0001
2022-04-30 16:00:00.015000+00:00,-1.96e-06
2022-05-01 00:00:00+00:00,-0.00033407
2022-05-01 08:00:00+00:00,-0.0001754
2022-05-01 16:00:00.010000+00:00,-2.366e-05
2022-05-02 00:00:00.018000+00:00,-3.764e-05
2022-05-02 08:00:00.007000+00:00,-7.505e-05
2022-05-02 16:00:00+00:00,-5.79e-05
2022-05-03 00:00:00.006000+00:00,2.527e-05
2022-05-03 08:00:00+00:00,4.176e-05
2022-05-03 16:00:00.021000+00:00,-6.52e-06
2022-05-04 00:00:00.007000+00:00,-1.173e-05
2022-05-04 08:00:00.011000+00:00,3.65e-06
2022-05-04 16:00:00+00:00,-5.21e-06
2022-05-05 00:00:00.005000+00:00,1.202e-05
2022-05-05 08:00:00.019000+00:00,0.0001
2022-05-05 16:00:00.005000+00:00,1.41e-05
2022-05-06 00:00:00.005000+00:00,-0.00019937
2022-05-06 08:00:00.001000+00:00,2.119e-05
2022-05-06 16:00:00.010000+00:00,-1.453e-05
2022-05-07 00:00:00.004000+00:00,-7.63e-06
2022-05-07 08:00:00.016000+00:00,5.92e-06
2022-05-07 16:00:00.011000+00:00,-6.997e-05
2022-05-08 00:00:00+00:00,-6.156e-05
2022-05-08 08:00:00.007000+00:00,5.65e-06
2022-05-08 16:00:00.015000+00:00,9.782e-05
2022-05-09 00:00:00+00:00,-0.00013911
2022-05-09 08:00:00.001000+00:00,-3.995e-05
2022-05-09 16:00:00+00:00,-0.00013895
2022-05-10 00:00:00+00:00,-0.00015146
2022-05-10 08:00:00.007000+00:00,8.977e-05
2022-05-10 16:00:00.008000+00:00,-8.877e-05
2022-05-11 00:00:00.004000+00:00,-0.0003563
2022-05-11 08:00:00.007000+00:00,-0.00037782
2022-05-11 16:00:00.008000+00:00,-0.00131956
2022-05-12 00:00:00.014000+00:00,-0.00121558
2022-05-12 08:00:00+00:00,-0.00136442
2022-05-12 16:00:00.007000+00:00,-0.00132411
2022-05-13 00:00:00.014000+00:00,-0.00066663
2022-05-13 08:00:00.001000+00:00,-0.00086267
2022-05-13 16:00:00+00:00,-0.00034587
2022-05-14 00:00:00+00:00,-0.0001833
2022-05-14 08:00:00+00:00,-0.00013604
2022-05-14 16:00:00.001000+00:00,-0.00042046
2022-05-15 00:00:00+00:00,-6.465e-05
2022-05-15 08:00:00+00:00,-3.59e-06
2022-05-15 16:00:00+00:00,-0.00013599
2022-05-16 00:00:00.021000+00:00,-0.00012304
2022-05-16 08:00:00.013000+00:00,-5.115e-05
2022-05-16 16:00:00.006000+00:00,-0.00021481
2022-05-17 00:00:00+00:00,-0.00016672
2022-05-17 08:00:00.010000+00:00,-0.00012752
2022-05-17 16:00:00.023000+00:00,-4.305e-05
2022-05-18 00:00:00.003000+00:00,-7.6e-07
2022-05-18 08:00:00.024000+00:00,-6.376e-05
2022-05-18 16:00:00.014000+00:00,-0.00011468
2022-05-19 00:00:00+00:00,-7.774e-05
2022-05-19 08:00:00.008000+00:00,-6.592e-05
2022-05-19 16:00:00.015000+00:00,5.065e-05
2022-05-20 00:00:00.001000+00:00,3.377e-05
2022-05-20 08:00:00.003000+00:00,-1.922e-05
2022-05-20 16:00:00.012000+00:00,-6.114e-05
2022-05-21 00:00:00.008000+00:00,-4.397e-05
2022-05-21 08:00:00.001000+00:00,-3.735e-05
2022-05-21 16:00:00.007000+00:00,-6.202e-05
2022-05-22 00:00:00.003000+00:00,4.62e-06
2022-05-22 08:00:00.016000+00:00,3.055e-05
2022-05-22 16:00:00+00:00,1.666e-05
2022-05-23 00:00:00.011000+00:00,6.402e-05
2022-05-23 08:00:00+00:00,0.0001
2022-05-23 16:00:00.023000+00:00,5.049e-05
2022-05-24 00:00:00.011000+00:00,-0.00012309
2022-05-24 08:00:00+00:00,-0.00011051
2022-05-24 16:00:00.009000+00:00,-0.00015371
2022-05-25 00:00:00.001000+00:00,6.104e-05
2022-05-25 08:00:00+00:00,7.84e-05
2022-05-25 16:00:00.015000+00:00,-2.86e-05
2022-05-26 00:00:00.005000+00:00,0.0001
2022-05-26 08:00:00.001000+00:00,-0.00011389
2022-05-26 16:00:00+00:00,-0.00021906
2022-05-27 00:00:00.007000+00:00,-0.00014257
2022-05-27 08:00:00.008000+00:00,-5.33e-06
2022-05-27 16:00:00+00:00,-1.81e-06
2022-05-28 00:00:00.018000+00:00,7.5e-06
2022-05-28 08:00:00.016000+00:00,-1.494e-05
2022-05-28 16:00:00.013000+00:00,-1.802e-05
2022-05-29 00:00:00+00:00,-2.49e-06
2022-05-29 08:00:00.025000+00:00,-3.26e-06
2022-05-29 16:00:00.002000+00:00,0.0001
2022-05-30 00:00:00+00:00,8.839e-05
2022-05-30 08:00:00.013000+00:00,0.0001
2022-05-30 16:00:00.005000+00:00,0.0001
2022-05-31 00:00:00.016000+00:00,0.0001
2022-05-31 08:00:00+00:00,0.0001
2022-05-31 16:00:00+00:00,0.0001
2022-06-01 00:00:00+00:00,0.0001
2022-06-01 08:00:00.011000+00:00,0.0001
2022-06-01 16:00:00+00:00,0.0001
2022-06-02 00:00:00+00:00,-4.526e-05
2022-06-02 08:00:00.006000+00:00,-8.497e-05
2022-06-02 16:00:00.021000+00:00,-2.33e-05
2022-06-03 00:00:00.016000+00:00,6.063e-05
2022-06-03 08:00:00.016000+00:00,3.726e-05
2022-06-03 16:00:00.012000+00:00,-2.772e-05
2022-06-04 00:00:00.005000+00:00,6.593e-05
2022-06-04 08:00:00+00:00,-7.799e-05
2022-06-04 16:00:00.007000+00:00,-0.00011171
2022-06-05 00:00:00.005000+00:00,-8.688e-05
2022-06-05 08:00:00.015000+00:00,-9.031e-05
2022-06-05 16:00:00+00:00,-4.947e-05
2022-06-06 00:00:00+00:00,1.117e-05
2022-06-06 08:00:00.017000+00:00,3.923e-05
2022-06-06 16:00:00+00:00,0.0001
2022-06-07 00:00:00+00:00,3.519e-05
2022-06-07 08:00:00.011000+00:00,6.625e-05
2022-06-07 16:00:00+00:00,-0.00012704
2022-06-08 00:00:00.008000+00:00,2.202e-05
2022-06-08 08:00:00.020000+00:00,-5.611e-05
2022-06-08 16:00:00.012000+00:00,-5.28e-06
2022-06-09 00:00:00+00:00,-2.06e-05
2022-06-09 08:00:00+00:00,3.94e-06
2022-06-09 16:00:00+00:00,2.197e-05
2022-06-10 00:00:00.009000+00:00,9.694e-05
2022-06-10 08:00:00+00:00,4.696e-05
2022-06-10 16:00:00.006000+00:00,-9.951e-05
2022-06-11 00:00:00.018000+00:00,-9.987e-05
2022-06-11 08:00:00.014000+00:00,-9.415e-05
2022-06-11 16:00:00+00:00,-0.0003144
2022-06-12 00:00:00.015000+00:00,-0.0004073
2022-06-12 08:00:00.019000+00:00,-0.00024937
2022-06-12 16:00:00.010000+00:00,-0.00018527
2022-06-13 00:00:00.009000+00:00,-0.00018721
2022-06-13 08:00:00+00:00,-0.00035495
2022-06-13 16:00:00.007000+00:00,-0.00027264
2022-06-14 00:00:00.013000+00:00,-0.00018856
2022-06-14 08:00:00.008000+00:00,-0.00024766
2022-06-14 16:00:00.006000+00:00,-0.00012208
2022-06-15 00:00:00+00:00,-0.00011727
2022-06-15 08:00:00.016000+00:00,-0.00011617
2022-06-15 16:00:00.008000+00:00,2.489e-05
2022-06-16 00:00:00.009000+00:00,-9.465e-05
2022-06-16 08:00:00.016000+00:00,6.463e-05
2022-06-16 16:00:00+00:00,-0.00015316
2022-06-17 00:00:00.008000+00:00,-8.995e-05
2022-06-17 08:00:00.003000+00:00,-0.00023728
2022-06-17 16:00:00+00:00,-0.00020039
2022-06-18 00:00:00.020000+00:00,0.0001
2022-06-18 08:00:00.025000+00:00,-0.00019382
2022-06-18 16:00:00.014000+00:00,-0.00015715
2022-06-19 00:00:00.012000+00:00,-0.00027253
2022-06-19 08:00:00.012000+00:00,3.851e-05
2022-06-19 16:00:00.008000+00:00,3.159e-05
2022-06-20 00:00:00.016000+00:00,0.0001
2022-06-20 08:00:00+00:00,-7.43e-06
2022-06-20 16:00:00.013000+00:00,0.0001
2022-06-21 00:00:00.012000+00:00,1.335e-05
2022-06-21 08:00:00.018000+00:00,-4.834e-05
2022-06-21 16:00:00.010000+00:00,-0.0001115
2022-06-22 00:00:00+00:00,-0.00018474
2022-06-22 08:00:00.001000+00:00,-2.989e-05
2022-06-22 16:00:00.012000+00:00,-7.087e-05
2022-06-23 00:00:00+00:00,-5.501e-05
2022-06-23 08:00:00+00:00,-4.23e-06
2022-06-23 16:00:00.016000+00:00,4.8e-05
2022-06-24 00:00:00.005000+00:00,-3.462e-05
2022-06-24 08:00:00.004000+00:00,-3.472e-05
2022-06-24 16:00:00.018000+00:00,5.941e-05
2022-06-25 00:00:00.001000+00:00,4.599e-05
2022-06-25 08:00:00.010000+00:00,6.69e-06
2022-06-25 16:00:00+00:00,4.134e-05
2022-06-26 00:00:00.002000+00:00,0.0001
2022-06-26 08:00:00.016000+00:00,5.422e-05
2022-06-26 16:00:00.006000+00:00,2.984e-05
2022-06-27 00:00:00.008000+00:00,-8.524e-05
2022-06-27 08:00:00+00:00,-5.212e-05
2022-06-27 16:00:00.016000+00:00,-5.794e-05
2022-06-28 00:00:00.016000+00:00,-1.66e-06
2022-06-28 08:00:00.001000+00:00,-0.00011607
2022-06-28 16:00:00.005000+00:00,-0.00010439
2022-06-29 00:00:00+00:00,-3.836e-05
2022-06-29 08:00:00.013000+00:00,-9.36e-06
2022-06-29 16:00:00+00:00,5.463e-05
2022-06-30 00:00:00+00:00,-9.058e-05
2022-06-30 08:00:00+00:00,9.26e-06
2022-06-30 16:00:00+00:00,-1.65e-05
2022-07-01 00:00:00.001000+00:00,-7.592e-05
2022-07-01 08:00:00.017000+00:00,-0.00012661
2022-07-01 16:00:00.005000+00:00,-3.883e-05
2022-07-02 00:00:00+00:00,-8.115e-05
2022-07-02 08:00:00+00:00,-6.851e-05
2022-07-02 16:00:00.008000+00:00,-2.603e-05
2022-07-03 00:00:00.015000+00:00,-1.291e-05
2022-07-03 08:00:00.004000+00:00,1.283e-05
2022-07-03 16:00:00.005000+00:00,-5.817e-05
2022-07-04 00:00:00.021000+00:00,-1.79e-06
2022-07-04 08:00:00.001000+00:00,-0.00014514
2022-07-04 16:00:00+00:00,6.37e-06
2022-07-05 00:00:00+00:00,-3.792e-05
2022-07-05 08:00:00+00:00,-7.35e-05
2022-07-05 16:00:00.015000+00:00,-4.487e-05
2022-07-06 00:00:00.006000+00:00,6.23e-06
2022-07-06 08:00:00+00:00,3.646e-05
2022-07-06 16:00:00+00:00,4.154e-05
2022-07-07 00:00:00.010000+00:00,-1.899e-05
2022-07-07 08:00:00.010000+00:00,7.689e-05
2022-07-07 16:00:00.011000+00:00,-4.495e-05
2022-07-08 00:00:00.008000+00:00,3.905e-05
2022-07-08 08:00:00.009000+00:00,8.517e-05
2022-07-08 16:00:00+00:00,-0.00010229
2022-07-09 00:00:00+00:00,6.265e-05
2022-07-09 08:00:00+00:00,0.0001
2022-07-09 16:00:00.009000+00:00,4.984e-05
2022-07-10 00:00:00.001000+00:00,5.998e-05
2022-07-10 08:00:00.002000+00:00,0.0001
2022-07-10 16:00:00.001000+00:00,0.0001
2022-07-11 00:00:00+00:00,0.0001
2022-07-11 08:00:00.003000+00:00,0.0001
2022-07-11 16:00:00.001000+00:00,6.141e-05
2022-07-12 00:00:00+00:00,-2.61e-06
2022-07-12 08:00:00.021000+00:00,-3.365e-05
2022-07-12 16:00:00+00:00,8.5e-06
2022-07-13 00:00:00.012000+00:00,-6.728e-05
2022-07-13 08:00:00.022000+00:00,-6.822e-05
2022-07-13 16:00:00.005000+00:00,-0.00017596
2022-07-14 00:00:00.017000+00:00,1.647e-05
2022-07-14 08:00:00.001000+00:00,0.0001
2022-07-14 16:00:00+00:00,-4.3e-07
2022-07-15 00:00:00.004000+00:00,0.0001
2022-07-15 08:00:00.019000+00:00,0.0001
2022-07-15 16:00:00.017000+00:00,2.787e-05
2022-07-16 00:00:00.021000+00:00,7.745e-05
2022-07-16 08:00:00.014000+00:00,0.0001
2022-07-16 16:00:00.005000+00:00,4.828e-05
2022-07-17 00:00:00+00:00,0.0001
2022-07-17 08:00:00.003000+00:00,0.0001
2022-07-17 16:00:00.007000+00:00,0.0001
2022-07-18 00:00:00.001000+00:00,4.956e-05
2022-07-18 08:00:00.004000+00:00,0.0001
2022-07-18 16:00:00.019000+00:00,0.0001
2022-07-19 00:00:00+00:00,0.0001
2022-07-19 08:00:00+00:00,0.0001
2022-07-19 16:00:00.001000+00:00,0.0001
2022-07-20 00:00:00.004000+00:00,0.0001
2022-07-20 08:00:00+00:00,0.0001
2022-07-20 16:00:00.003000+00:00,0.0001
2022-07-21 00:00:00+00:00,0.0001
2022-07-21 08:00:00.018000+00:00,0.0001
2022-07-21 16:00:00.011000+00:00,0.0001
2022-07-22 00:00:00.014000+00:00,0.0001
2022-07-22 08:00:00+00:00,0.0001
2022-07-22 16:00:00+00:00,0.0001
2022-07-23 00:00:00.004000+00:00,5.983e-05
2022-07-23 08:00:00.002000+00:00,7.218e-05
2022-07-23 16:00:00.001000+00:00,0.0001
2022-07-24 00:00:00+00:00,1.546e-05
2022-07-24 08:00:00.011000+00:00,0.0001
2022-07-24 16:00:00+00:00,2.87e-05
2022-07-25 00:00:00+00:00,0.0001
2022-07-25 08:00:00.014000+00:00,-2.96e-05
2022-07-25 16:00:00.006000+00:00,1.302e-05
2022-07-26 00:00:00.010000+00:00,2.473e-05
2022-07-26 08:00:00+00:00,4.215e-05
2022-07-26 16:00:00+00:00,7.794e-05
2022-07-27 00:00:00.008000+00:00,7.23e-06
2022-07-27 08:00:00+00:00,6.03e-05
2022-07-27 16:00:00.003000+00:00,-7.25e-06
2022-07-28 00:00:00.009000+00:00,0.0001
2022-07-28 08:00:00.008000+00:00,0.0001
2022-07-28 16:00:00.013000+00:00,0.0001
2022-07-29 00:00:00+00:00,0.0001
2022-07-29 08:00:00+00:00,0.0001
2022-07-29 16:00:00+00:00,0.0001
2022-07-30 00:00:00.005000+00:00,0.0001
2022-07-30 08:00:00.009000+00:00,0.0001
2022-07-30 16:00:00+00:00,0.0001
2022-07-31 00:00:00.022000+00:00,0.0001
2022-07-31 08:00:00.011000+00:00,0.0001
2022-07-31 16:00:00.019000+00:00,0.0001
2022-08-01 00:00:00.010000+00:00,1.22e-05
2022-08-01 08:00:00.019000+00:00,0.0001
2022-08-01 16:00:00.017000+00:00,0.0001
2022-08-02 00:00:00+00:00,9.608e-05
2022-08-02 08:00:00.007000+00:00,-1.138e-05
2022-08-02 16:00:00.014000+00:00,-5.7e-06
2022-08-03 00:00:00.001000+00:00,3.935e-05
2022-08-03 08:00:00.020000+00:00,-8.266e-05
2022-08-03 16:00:00.008000+00:00,-0.0001824
2022-08-04 00:00:00.001000+00:00,-3.691e-05
2022-08-04 08:00:00.009000+00:00,-5.352e-05
2022-08-04 16:00:00.015000+00:00,-1.77e-06
2022-08-05 00:00:00.005000+00:00,2.935e-05
2022-08-05 08:00:00+00:00,0.0001
2022-08-05 16:00:00+00:00,9.433e-05
2022-08-06 00:00:00.021000+00:00,0.0001
2022-08-06 08:00:00+00:00,0.0001
2022-08-06 16:00:00.015000+00:00,0.0001
2022-08-07 00:00:00.013000+00:00,0.0001
2022-08-07 08:00:00+00:00,8.3e-05
2022-08-07 16:00:00.014000+00:00,6.506e-05
2022-08-08 00:00:00.009000+00:00,0.0001
2022-08-08 08:00:00.006000+00:00,0.0001
2022-08-08 16:00:00+00:00,0.0001
2022-08-09 00:00:00.020000+00:00,0.0001
2022-08-09 08:00:00+00:00,0.0001
2022-08-09 16:00:00+00:00,0.0001
2022-08-10 00:00:00+00:00,6.131e-05
2022-08-10 08:00:00.016000+00:00,0.0001
2022-08-10 16:00:00.018000+00:00,0.0001
2022-08-11 00:00:00.012000+00:00,0.0001
2022-08-11 08:00:00+00:00,0.0001
2022-08-11 16:00:00+00:00,0.0001
2022-08-12 00:00:00.006000+00:00,0.0001
2022-08-12 08:00:00+00:00,0.0001
2022-08-12 16:00:00.005000+00:00,0.0001
2022-08-13 00:00:00.012000+00:00,0.0001
2022-08-13 08:00:00.006000+00:00,0.0001
2022-08-13 16:00:00.018000+00:00,0.0001
2022-08-14 00:00:00+00:00,0.0001
2022-08-14 08:00:00+00:00,0.0001
2022-08-14 16:00:00+00:00,5.903e-05
2022-08-15 00:00:00.010000+00:00,0.0001
2022-08-15 08:00:00.002000+00:00,0.0001
2022-08-15 16:00:00.010000+00:00,0.0001
2022-08-16 00:00:00.010000+00:00,5.359e-05
2022-08-16 08:00:00.002000+00:00,0.0001
2022-08-16 16:00:00+00:00,7.023e-05
2022-08-17 00:00:00.020000+00:00,5.26e-05
2022-08-17 08:00:00.016000+00:00,2.94e-06
2022-08-17 16:00:00.001000+00:00,3.733e-05
2022-08-18 00:00:00.005000+00:00,-0.0001383
2022-08-18 08:00:00.012000+00:00,3.437e-05
2022-08-18 16:00:00.013000+00:00,-0.00010846
2022-08-19 00:00:00+00:00,6.21e-06
2022-08-19 08:00:00+00:00,-0.00038828
2022-08-19 16:00:00.009000+00:00,-0.00033393
2022-08-20 00:00:00+00:00,-0.00011506
2022-08-20 08:00:00.005000+00:00,-5.997e-05
2022-08-20 16:00:00+00:00,-1.428e-05
2022-08-21 00:00:00.010000+00:00,-0.00010479
2022-08-21 08:00:00.013000+00:00,-8.599e-05
2022-08-21 16:00:00+00:00,-0.00026181
2022-08-22 00:00:00.011000+00:00,-0.0003227
2022-08-22 08:00:00.005000+00:00,-2.91e-05
2022-08-22 16:00:00.005000+00:00,-9.817e-05
2022-08-23 00:00:00+00:00,-4.493e-05
2022-08-23 08:00:00.021000+00:00,6.755e-05
2022-08-23 16:00:00.005000+00:00,4.169e-05
2022-08-24 00:00:00.017000+00:00,7.789e-05
2022-08-24 08:00:00.021000+00:00,-8.471e-05
2022-08-24 16:00:00+00:00,-5.88e-06
2022-08-25 00:00:00.003000+00:00,2.438e-05
2022-08-25 08:00:00+00:00,-0.00015818
2022-08-25 16:00:00.004000+00:00,-0.0001082
2022-08-26 00:00:00.001000+00:00,-8.608e-05
2022-08-26 08:00:00.004000+00:00,-0.00030594
2022-08-26 16:00:00+00:00,-0.00012159
2022-08-27 00:00:00.010000+00:00,-0.00044781
2022-08-27 08:00:00.007000+00:00,-0.00042888
2022-08-27 16:00:00.008000+00:00,-0.00023003
2022-08-28 00:00:00.019000+00:00,-0.00040142
2022-08-28 08:00:00+00:00,-0.00026121
2022-08-28 16:00:00+00:00,-0.00027065
2022-08-29 00:00:00+00:00,-0.00049567
2022-08-29 08:00:00+00:00,-0.00023722
2022-08-29 16:00:00.001000+00:00,-1.951e-05
2022-08-30 00:00:00.001000+00:00,4.076e-05
2022-08-30 08:00:00.005000+00:00,-5.69e-06
2022-08-30 16:00:00.010000+00:00,-9.646e-05
2022-08-31 00:00:00+00:00,3.327e-05
2022-08-31 08:00:00.005000+00:00,4.943e-05
2022-08-31 16:00:00.013000+00:00,-1.411e-05
2022-09-01 00:00:00.012000+00:00,1.033e-05
2022-09-01 08:00:00+00:00,-0.00010618
2022-09-01 16:00:00.013000+00:00,3.81e-06
2022-09-02 00:00:00.002000+00:00,5.04e-05
2022-09-02 08:00:00.013000+00:00,0.0001
2022-09-02 16:00:00+00:00,7.74e-05
2022-09-03 00:00:00+00:00,-0.00014696
2022-09-03 08:00:00.002000+00:00,-6.406e-05
2022-09-03 16:00:00.007000+00:00,-0.00012061
2022-09-04 00:00:00.008000+00:00,-1.164e-05
2022-09-04 08:00:00.009000+00:00,6.509e-05
2022-09-04 16:00:00+00:00,0.0001
2022-09-05 00:00:00.015000+00:00,8.913e-05
2022-09-05 08:00:00.013000+00:00,0.0001
2022-09-05 16:00:00.007000+00:00,1.162e-05
2022-09-06 00:00:00.018000+00:00,9.084e-05
2022-09-06 08:00:00.020000+00:00,0.0001
2022-09-06 16:00:00.028000+00:00,0.0001
2022-09-07 00:00:00.013000+00:00,-0.00016706
2022-09-07 08:00:00.022000+00:00,-7.127e-05
2022-09-07 16:00:00.021000+00:00,-1.799e-05
2022-09-08 00:00:00.010000+00:00,0.0001
2022-09-08 08:00:00+00:00,0.0001
2022-09-08 16:00:00.003000+00:00,0.0001
2022-09-09 00:00:00.011000+00:00,0.0001
2022-09-09 08:00:00+00:00,0.0001
2022-09-09 16:00:00+00:00,0.0001
2022-09-10 00:00:00.003000+00:00,0.0001
2022-09-10 08:00:00+00:00,0.0001
2022-09-10 16:00:00.012000+00:00,0.0001
2022-09-11 00:00:00.009000+00:00,0.0001
2022-09-11 08:00:00.012000+00:00,9.056e-05
2022-09-11 16:00:00.005000+00:00,5.748e-05
2022-09-12 00:00:00.007000+00:00,5.331e-05
2022-09-12 08:00:00.013000+00:00,6.804e-05
2022-09-12 16:00:00+00:00,0.0001
2022-09-13 00:00:00.004000+00:00,9.816e-05
2022-09-13 08:00:00+00:00,1.301e-05
2022-09-13 16:00:00+00:00,1.102e-05
2022-09-14 00:00:00+00:00,-0.00012007
2022-09-14 08:00:00+00:00,-0.00016733
2022-09-14 16:00:00+00:00,-0.00017481
2022-09-15 00:00:00.019000+00:00,-3.747e-05
2022-09-15 08:00:00.012000+00:00,4.054e-05
2022-09-15 16:00:00.007000+00:00,-1.19e-05
2022-09-16 00:00:00+00:00,4.718e-05
2022-09-16 08:00:00+00:00,9.735e-05
2022-09-16 16:00:00+00:00,6.856e-05
2022-09-17 00:00:00+00:00,6.919e-05
2022-09-17 08:00:00.012000+00:00,5.892e-05
2022-09-17 16:00:00.017000+00:00,-2.2e-05
2022-09-18 00:00:00+00:00,-1.851e-05
2022-09-18 08:00:00.004000+00:00,8.689e-05
2022-09-18 16:00:00+00:00,0.0001
2022-09-19 00:00:00.018000+00:00,-6.003e-05
2022-09-19 08:00:00.006000+00:00,1.902e-05
2022-09-19 16:00:00.010000+00:00,-7.24e-05
2022-09-20 00:00:00.007000+00:00,4.552e-05
2022-09-20 08:00:00.001000+00:00,0.0001
2022-09-20 16:00:00+00:00,1.907e-05
2022-09-21 00:00:00.001000+00:00,-1.212e-05
2022-09-21 08:00:00.005000+00:00,-3.318e-05
2022-09-21 16:00:00+00:00,1.837e-05
2022-09-22 00:00:00+00:00,-0.00018851
2022-09-22 08:00:00+00:00,-0.00013428
2022-09-22 16:00:00.011000+00:00,0.0001
2022-09-23 00:00:00.023000+00:00,0.0001
2022-09-23 08:00:00.004000+00:00,0.0001
2022-09-23 16:00:00.005000+00:00,-0.00010164
2022-09-24 00:00:00+00:00,0.0001
2022-09-24 08:00:00.005000+00:00,0.0001
2022-09-24 16:00:00+00:00,0.0001
2022-09-25 00:00:00.010000+00:00,0.0001
2022-09-25 08:00:00+00:00,0.0001
2022-09-25 16:00:00.003000+00:00,0.0001
2022-09-26 00:00:00.001000+00:00,3.61e-05
2022-09-26 08:00:00.006000+00:00,8.988e-05
2022-09-26 16:00:00+00:00,6.761e-05
2022-09-27 00:00:00.026000+00:00,0.0001
2022-09-27 08:00:00.004000+00:00,0.0001
2022-09-27 16:00:00.006000+00:00,9.514e-05
2022-09-28 00:00:00.011000+00:00,-0.00013748
2022-09-28 08:00:00+00:00,1.343e-05
2022-09-28 16:00:00+00:00,-0.00011599
2022-09-29 00:00:00.010000+00:00,-6.72e-06
2022-09-29 08:00:00+00:00,0.0001
2022-09-29 16:00:00+00:00,0.0001
2022-09-30 00:00:00.006000+00:00,0.0001
2022-09-30 08:00:00.002000+00:00,-1.118e-05
2022-09-30 16:00:00.007000+00:00,0.0001
2022-10-01 00:00:00.008000+00:00,5.725e-05
2022-10-01 08:00:00.011000+00:00,-9.37e-06
2022-10-01 16:00:00+00:00,-8.454e-05
2022-10-02 00:00:00+00:00,-3.16e-06
2022-10-02 08:00:00+00:00,-0.00012694
2022-10-02 16:00:00.006000+00:00,-5.076e-05
2022-10-03 00:00:00+00:00,0.0001
2022-10-03 08:00:00.014000+00:00,0.0001
2022-10-03 16:00:00.010000+00:00,-3.979e-05
2022-10-04 00:00:00.006000+00:00,4.722e-05
2022-10-04 08:00:00.004000+00:00,0.0001
2022-10-04 16:00:00.013000+00:00,-5.705e-05
2022-10-05 00:00:00+00:00,-2.002e-05
2022-10-05 08:00:00+00:00,4.8e-05
2022-10-05 16:00:00.012000+00:00,7.886e-05
2022-10-06 00:00:00.008000+00:00,2.369e-05
2022-10-06 08:00:00.002000+00:00,0.0001
2022-10-06 16:00:00.006000+00:00,6.34e-06
2022-10-07 00:00:00+00:00,5e-08
2022-10-07 08:00:00+00:00,8.021e-05
2022-10-07 16:00:00.007000+00:00,-0.00014355
2022-10-08 00:00:00.010000+00:00,-8e-07
2022-10-08 08:00:00.004000+00:00,0.0001
2022-10-08 16:00:00.018000+00:00,0.0001
2022-10-09 00:00:00+00:00,-5.496e-05
2022-10-09 08:00:00.007000+00:00,3.166e-05
2022-10-09 16:00:00.011000+00:00,-7.535e-05
2022-10-10 00:00:00.018000+00:00,0.0001
2022-10-10 08:00:00+00:00,0.0001
2022-10-10 16:00:00.026000+00:00,0.0001
2022-10-11 00:00:00.020000+00:00,0.0001
2022-10-11 08:00:00.027000+00:00,0.0001
2022-10-11 16:00:00+00:00,1.173e-05
2022-10-12 00:00:00.014000+00:00,3.208e-05
2022-10-12 08:00:00+00:00,-6.356e-05
2022-10-12 16:00:00+00:00,0.0001
2022-10-13 00:00:00.013000+00:00,2.943e-05
2022-10-13 08:00:00.016000+00:00,-5.1e-06
2022-10-13 16:00:00.009000+00:00,-0.00018636
2022-10-14 00:00:00.020000+00:00,-5.035e-05
2022-10-14 08:00:00+00:00,3.869e-05
2022-10-14 16:00:00.009000+00:00,8.847e-05
2022-10-15 00:00:00.001000+00:00,2.301e-05
2022-10-15 08:00:00.005000+00:00,-7.96e-05
2022-10-15 16:00:00.004000+00:00,-6.648e-05
2022-10-16 00:00:00.012000+00:00,3.129e-05
2022-10-16 08:00:00+00:00,-0.00010784
2022-10-16 16:00:00.010000+00:00,-8.849e-05
2022-10-17 00:00:00.012000+00:00,-0.00011773
2022-10-17 08:00:00.010000+00:00,1.724e-05
2022-10-17 16:00:00.017000+00:00,5.717e-05
2022-10-18 00:00:00.010000+00:00,1.567e-05
2022-10-18 08:00:00.008000+00:00,0.0001
2022-10-18 16:00:00+00:00,9.704e-05
2022-10-19 00:00:00.007000+00:00,3.131e-05
2022-10-19 08:00:00.022000+00:00,0.0001
2022-10-19 16:00:00.016000+00:00,0.0001
2022-10-20 00:00:00+00:00,8.555e-05
2022-10-20 08:00:00.013000+00:00,0.0001
2022-10-20 16:00:00+00:00,9.895e-05
2022-10-21 00:00:00.005000+00:00,0.0001
2022-10-21 08:00:00.018000+00:00,7.42e-06
2022-10-21 16:00:00+00:00,4.104e-05
2022-10-22 00:00:00+00:00,-0.00016497
2022-10-22 08:00:00.015000+00:00,-1.121e-05
2022-10-22 16:00:00+00:00,-9.324e-05
2022-10-23 00:00:00.025000+00:00,3.894e-05
2022-10-23 08:00:00+00:00,1.405e-05
2022-10-23 16:00:00.004000+00:00,7.513e-05
2022-10-24 00:00:00.009000+00:00,0.0001
2022-10-24 08:00:00.012000+00:00,0.0001
2022-10-24 16:00:00.002000+00:00,-3.209e-05
2022-10-25 00:00:00.013000+00:00,-1.944e-05
2022-10-25 08:00:00.013000+00:00,9.947e-05
2022-10-25 16:00:00+00:00,1.166e-05
2022-10-26 00:00:00.006000+00:00,0.0001
2022-10-26 08:00:00.013000+00:00,0.0001
2022-10-26 16:00:00+00:00,8.93e-06
2022-10-27 00:00:00.009000+00:00,6.525e-05
2022-10-27 08:00:00.006000+00:00,0.0001
2022-10-27 16:00:00.009000+00:00,8.781e-05
2022-10-28 00:00:00+00:00,6.137e-05
2022-10-28 08:00:00+00:00,7.565e-05
2022-10-28 16:00:00.007000+00:00,-6.715e-05
2022-10-29 00:00:00+00:00,0.0001
2022-10-29 08:00:00.003000+00:00,0.0001
2022-10-29 16:00:00.010000+00:00,0.0001
2022-10-30 00:00:00+00:00,7.022e-05
2022-10-30 08:00:00.013000+00:00,0.0001
2022-10-30 16:00:00.009000+00:00,0.0001
2022-10-31 00:00:00.012000+00:00,0.0001
2022-10-31 08:00:00+00:00,0.0001
2022-10-31 16:00:00.010000+00:00,5.671e-05
2022-11-01 00:00:00+00:00,-7.785e-05
2022-11-01 08:00:00+00:00,-3.806e-05
2022-11-01 16:00:00+00:00,-6.234e-05
2022-11-02 00:00:00+00:00,9.5e-07
2022-11-02 08:00:00+00:00,1.628e-05
2022-11-02 16:00:00.019000+00:00,4.18e-06
2022-11-03 00:00:00.011000+00:00,-0.00025803
2022-11-03 08:00:00.016000+00:00,6.571e-05
2022-11-03 16:00:00.005000+00:00,2.784e-05
2022-11-04 00:00:00+00:00,-8.29e-05
2022-11-04 08:00:00.004000+00:00,0.0001
2022-11-04 16:00:00.020000+00:00,9.262e-05
2022-11-05 00:00:00.009000+00:00,0.0001
2022-11-05 08:00:00.007000+00:00,0.0001
2022-11-05 16:00:00.018000+00:00,0.0001
2022-11-06 00:00:00.009000+00:00,0.0001
2022-11-06 08:00:00+00:00,0.0001
2022-11-06 16:00:00.010000+00:00,0.0001
2022-11-07 00:00:00.012000+00:00,0.0001
2022-11-07 08:00:00.014000+00:00,9.319e-05
2022-11-07 16:00:00.006000+00:00,0.0001
2022-11-08 00:00:00+00:00,-0.00035346
2022-11-08 08:00:00.001000+00:00,-0.00124635
2022-11-08 16:00:00.005000+00:00,-0.00059042
2022-11-09 00:00:00+00:00,-0.0075
2022-11-09 08:00:00.013000+00:00,-0.0075
2022-11-09 16:00:00.004000+00:00,-0.015
2022-11-09 20:00:00.018000+00:00,-0.02
2022-11-10 00:00:00.006000+00:00,-0.02
2022-11-10 04:00:00.011000+00:00,-0.02
2022-11-10 06:00:00+00:00,-0.02
2022-11-10 08:00:00+00:00,-0.02
2022-11-10 10:00:00+00:00,-0.02
2022-11-10 12:00:00+00:00,-0.02
2022-11-10 14:00:00.007000+00:00,-0.00937683
2022-11-10 16:00:00.015000+00:00,-0.00801579
2022-11-10 18:00:00.011000+00:00,-0.01610749
2022-11-10 20:00:00+00:00,-0.01792917
2022-11-10 22:00:00+00:00,-0.00023209
2022-11-11 00:00:00+00:00,-0.00262997
2022-11-11 02:00:00.011000+00:00,-0.00229218
2022-11-11 04:00:00.003000+00:00,-0.00407097
2022-11-11 06:00:00.007000+00:00,-0.00209331
2022-11-11 08:00:00.015000+00:00,-0.00097284
2022-11-11 10:00:00.009000+00:00,-0.00229598
2022-11-11 12:00:00.005000+00:00,-0.0026638
2022-11-11 14:00:00+00:00,-0.00373271
2022-11-11 16:00:00.027000+00:00,-0.01139731
2022-11-11 18:00:00+00:00,-0.00145664
2022-11-11 20:00:00.004000+00:00,-0.00153438
2022-11-11 22:00:00+00:00,-0.0007073
2022-11-12 00:00:00.007000+00:00,-0.00029718
2022-11-12 02:00:00.013000+00:00,-0.0018903
2022-11-12 04:00:00+00:00,-0.00194529
2022-11-12 06:00:00.015000+00:00,-0.00678495
2022-11-12 08:00:00.016000+00:00,-0.00090442
2022-11-12 10:00:00.015000+00:00,-0.00043311
2022-11-12 12:00:00.014000+00:00,-0.00166604
2022-11-12 14:00:00.013000+00:00,-0.00153586
2022-11-12 16:00:00+00:00,-0.00087212
2022-11-12 18:00:00+00:00,-0.00018986
2022-11-12 20:00:00+00:00,-0.0002072
2022-11-12 22:00:00.016000+00:00,-0.00097367
2022-11-13 00:00:00.004000+00:00,-0.00070342
2022-11-13 02:00:00.006000+00:00,-0.00078974
2022-11-13 04:00:00.001000+00:00,-0.00163101
2022-11-13 06:00:00.015000+00:00,-0.00033147
2022-11-13 08:00:00+00:00,-0.0017701
2022-11-13 10:00:00+00:00,-0.00099368
2022-11-13 12:00:00.007000+00:00,-0.00083974
2022-11-13 14:00:00.011000+00:00,-0.0008275
2022-11-13 16:00:00.017000+00:00,-0.00013499
2022-11-13 18:00:00.001000+00:00,1.458e-05
2022-11-13 20:00:00.011000+00:00,-0.00019347
2022-11-13 22:00:00.003000+00:00,-0.00049299
2022-11-14 00:00:00+00:00,-0.0017293
2022-11-14 02:00:00+00:00,-0.00444734
2022-11-14 04:00:00.004000+00:00,-0.00469829
2022-11-14 06:00:00+00:00,-0.00025664
2022-11-14 08:00:00+00:00,-0.00020798
2022-11-14 10:00:00+00:00,-0.00037676
2022-11-14 12:00:00+00:00,-0.00065817
2022-11-14 14:00:00.013000+00:00,2.5e-05
2022-11-14 16:00:00+00:00,-0.00078889
2022-11-14 18:00:00+00:00,-0.00120937
2022-11-14 20:00:00.021000+00:00,2.5e-05
2022-11-14 22:00:00.015000+00:00,-7.464e-05
2022-11-15 00:00:00.014000+00:00,2.5e-05
2022-11-15 02:00:00+00:00,2.5e-05
2022-11-15 04:00:00.016000+00:00,-0.0004769
2022-11-15 06:00:00.010000+00:00,-0.00073828
2022-11-15 08:00:00.009000+00:00,2.5e-05
2022-11-15 10:00:00.018000+00:00,2.5e-05
2022-11-15 12:00:00.030000+00:00,-0.00022903
2022-11-15 14:00:00.006000+00:00,-0.00022959
2022-11-15 16:00:00.010000+00:00,-0.00071141
2022-11-15 18:00:00.010000+00:00,-0.00136816
2022-11-15 20:00:00+00:00,-0.00066296
2022-11-15 22:00:00+00:00,-0.00074848
2022-11-16 00:00:00.011000+00:00,-0.00095985
2022-11-16 02:00:00+00:00,-0.00055134
2022-11-16 04:00:00.014000+00:00,-0.00094499
2022-11-16 06:00:00.006000+00:00,-0.00045854
2022-11-16 08:00:00.004000+00:00,-0.0009133
2022-11-16 10:00:00+00:00,-0.0011055
2022-11-16 12:00:00+00:00,-0.00107526
2022-11-16 14:00:00+00:00,-0.00074867
2022-11-16 16:00:00.008000+00:00,-0.00031476
2022-11-16 18:00:00.018000+00:00,-0.00062708
2022-11-16 20:00:00.006000+00:00,-3.556e-05
2022-11-16 22:00:00+00:00,-4.335e-05
2022-11-17 00:00:00+00:00,-0.00015275
2022-11-17 02:00:00.009000+00:00,-8.299e-05
2022-11-17 04:00:00.022000+00:00,-0.00033443
2022-11-17 06:00:00.013000+00:00,-1.852e-05
2022-11-17 08:00:00+00:00,-9.19e-05
2022-11-17 10:00:00.022000+00:00,-3.299e-05
2022-11-17 12:00:00.009000+00:00,2.5e-05
2022-11-17 14:00:00+00:00,-0.00336778
2022-11-17 16:00:00.006000+00:00,-0.00141975
2022-11-17 18:00:00.003000+00:00,-0.00141426
2022-11-17 20:00:00.020000+00:00,-0.00038974
2022-11-17 22:00:00.008000+00:00,-0.00040385
2022-11-18 00:00:00.004000+00:00,-0.00107448
2022-11-18 02:00:00.004000+00:00,-0.00046528
2022-11-18 04:00:00+00:00,-0.00035674
2022-11-18 06:00:00.007000+00:00,-0.00029566
2022-11-18 08:00:00.016000+00:00,-0.00021531
2022-11-18 16:00:00+00:00,-0.00082757
2022-11-19 00:00:00+00:00,-0.00068642
2022-11-19 08:00:00.004000+00:00,-0.00114938
2022-11-19 16:00:00.024000+00:00,-0.00052327
2022-11-20 00:00:00.015000+00:00,-0.00047571
2022-11-20 08:00:00.004000+00:00,-0.00037408
2022-11-20 16:00:00+00:00,-0.00112922
2022-11-21 00:00:00.006000+00:00,-0.00075953
2022-11-21 08:00:00.015000+00:00,-0.0005083
2022-11-21 16:00:00+00:00,-0.00116096
2022-11-22 00:00:00+00:00,-0.00016606
2022-11-22 08:00:00+00:00,-0.00056977
2022-11-22 16:00:00+00:00,-0.00089583
2022-11-23 00:00:00+00:00,-0.00042476
2022-11-23 08:00:00.011000+00:00,-0.00011053
2022-11-23 16:00:00.014000+00:00,-0.00097051
2022-11-24 00:00:00.007000+00:00,-0.00110661
2022-11-24 08:00:00.014000+00:00,-0.0014096
2022-11-24 16:00:00.013000+00:00,-0.00203998
2022-11-25 00:00:00.004000+00:00,-0.00066695
2022-11-25 08:00:00.015000+00:00,-0.00025529
2022-11-25 16:00:00+00:00,-0.00056949
2022-11-26 00:00:00.011000+00:00,-0.00015345
2022-11-26 08:00:00+00:00,-0.00034616
2022-11-26 16:00:00+00:00,-0.00055804
2022-11-27 00:00:00.012000+00:00,-0.00147702
2022-11-27 08:00:00+00:00,-0.00043291
2022-11-27 16:00:00.003000+00:00,-0.00032864
2022-11-28 00:00:00.015000+00:00,-0.00016117
2022-11-28 08:00:00.004000+00:00,-0.00540619
2022-11-28 16:00:00.011000+00:00,-0.00281466
2022-11-29 00:00:00+00:00,-0.00021025
2022-11-29 08:00:00.015000+00:00,-0.0004623
2022-11-29 16:00:00+00:00,-0.00073299
2022-11-30 00:00:00.007000+00:00,-0.00048248
2022-11-30 08:00:00+00:00,-0.00140667
2022-11-30 16:00:00.015000+00:00,-0.00041907
2022-12-01 00:00:00.001000+00:00,-0.00083649
2022-12-01 08:00:00.006000+00:00,-0.00015134
2022-12-01 16:00:00+00:00,-0.0001949
2022-12-02 00:00:00.001000+00:00,-0.00093645
2022-12-02 08:00:00.016000+00:00,-0.00174192
2022-12-02 16:00:00.017000+00:00,-5.628e-05
2022-12-03 00:00:00.006000+00:00,9.346e-05
2022-12-03 08:00:00+00:00,-0.00016897
2022-12-03 16:00:00.011000+00:00,-0.00030733
2022-12-04 00:00:00.006000+00:00,-0.00022684
2022-12-04 08:00:00+00:00,4.642e-05
2022-12-04 16:00:00.006000+00:00,-1.362e-05
2022-12-05 00:00:00.002000+00:00,0.0001
2022-12-05 08:00:00.011000+00:00,-6.606e-05
2022-12-05 16:00:00.008000+00:00,0.0001
2022-12-06 00:00:00.014000+00:00,0.0001
2022-12-06 08:00:00.027000+00:00,6.467e-05
2022-12-06 16:00:00.009000+00:00,1.418e-05
2022-12-07 00:00:00+00:00,4.454e-05
2022-12-07 08:00:00+00:00,3.151e-05
2022-12-07 16:00:00+00:00,5.056e-05
2022-12-08 00:00:00.006000+00:00,5.017e-05
2022-12-08 08:00:00+00:00,-0.00028326
2022-12-08 16:00:00.014000+00:00,1.999e-05
2022-12-09 00:00:00.017000+00:00,-9.895e-05
2022-12-09 08:00:00.005000+00:00,-2.372e-05
2022-12-09 16:00:00+00:00,7.054e-05
2022-12-10 00:00:00.009000+00:00,-4.552e-05
2022-12-10 08:00:00.010000+00:00,-5.93e-06
2022-12-10 16:00:00.001000+00:00,-0.00016454
2022-12-11 00:00:00.011000+00:00,-3.942e-05
2022-12-11 08:00:00.007000+00:00,-0.00010562
2022-12-11 16:00:00.011000+00:00,-9.44e-06
2022-12-12 00:00:00+00:00,-0.0001843
2022-12-12 08:00:00.004000+00:00,-0.00028652
2022-12-12 16:00:00+00:00,-0.00012371
2022-12-13 00:00:00+00:00,-1.654e-05
2022-12-13 08:00:00.018000+00:00,2e-07
2022-12-13 16:00:00.011000+00:00,0.0001
2022-12-14 00:00:00.010000+00:00,0.0001
2022-12-14 08:00:00.015000+00:00,0.0001
2022-12-14 16:00:00.004000+00:00,0.0001
2022-12-15 00:00:00+00:00,0.0001
2022-12-15 08:00:00.023000+00:00,0.0001
2022-12-15 16:00:00.010000+00:00,0.0001
2022-12-16 00:00:00.016000+00:00,0.0001
2022-12-16 08:00:00.011000+00:00,0.0001
2022-12-16 16:00:00.001000+00:00,-3.932e-05
2022-12-17 00:00:00.001000+00:00,-7.161e-05
2022-12-17 08:00:00.011000+00:00,-0.0004589
2022-12-17 16:00:00.011000+00:00,-0.00034297
2022-12-18 00:00:00.008000+00:00,-0.00045493
2022-12-18 08:00:00.001000+00:00,-0.00027776
2022-12-18 16:00:00.012000+00:00,-0.00035966
2022-12-19 00:00:00+00:00,-0.00018596
2022-12-19 08:00:00+00:00,-0.00045428
2022-12-19 16:00:00+00:00,-0.000376
2022-12-20 00:00:00.005000+00:00,-0.00029256
2022-12-20 08:00:00.016000+00:00,-0.00020607
2022-12-20 16:00:00+00:00,-0.00024139
2022-12-21 00:00:00.007000+00:00,-7.839e-05
2022-12-21 08:00:00.012000+00:00,-0.00034859
2022-12-21 16:00:00.017000+00:00,-0.00033756
2022-12-22 00:00:00.004000+00:00,-0.00027437
2022-12-22 08:00:00+00:00,-0.00027483
2022-12-22 16:00:00.001000+00:00,-0.00010761
2022-12-23 00:00:00.018000+00:00,-9.791e-05
2022-12-23 08:00:00+00:00,9.921e-05
2022-12-23 16:00:00+00:00,-7.019e-05
2022-12-24 00:00:00.001000+00:00,-1.74e-06
2022-12-24 08:00:00.007000+00:00,-0.00121249
2022-12-24 16:00:00.008000+00:00,-0.00155484
2022-12-25 00:00:00+00:00,-0.00063471
2022-12-25 08:00:00.013000+00:00,-0.00080818
2022-12-25 16:00:00+00:00,-0.00017688
2022-12-26 00:00:00.001000+00:00,-0.00017839
2022-12-26 08:00:00+00:00,-0.00035979
2022-12-26 16:00:00.005000+00:00,-0.00034214
2022-12-27 00:00:00.005000+00:00,-0.00014455
2022-12-27 08:00:00.010000+00:00,2.9e-07
2022-12-27 16:00:00.006000+00:00,-0.00016284
2022-12-28 00:00:00.010000+00:00,0.0001
2022-12-28 08:00:00.010000+00:00,-0.00049469
2022-12-28 16:00:00.010000+00:00,-0.00062657
2022-12-29 00:00:00.011000+00:00,-0.00049537
2022-12-29 08:00:00+00:00,-0.00011408
2022-12-29 16:00:00.008000+00:00,-0.00013498
2022-12-30 00:00:00+00:00,-0.00277763
2022-12-30 08:00:00+00:00,-0.00216253
2022-12-30 16:00:00+00:00,-0.00240802
2022-12-31 00:00:00.014000+00:00,-0.00284191
2022-12-31 08:00:00+00:00,-0.00180298
2022-12-31 16:00:00+00:00,-0.00095178
2023-01-01 00:00:00+00:00,-0.00092452
2023-01-01 08:00:00.008000+00:00,-0.00039729
2023-01-01 16:00:00+00:00,-0.00097445
2023-01-02 00:00:00+00:00,-0.00105604
2023-01-02 08:00:00.008000+00:00,-0.00073395
2023-01-02 16:00:00.015000+00:00,-0.00036678
2023-01-03 00:00:00.003000+00:00,-0.00137389
2023-01-03 08:00:00.018000+00:00,-0.0032206
2023-01-03 16:00:00+00:00,-0.00820119
2023-01-04 00:00:00+00:00,-0.00349905
2023-01-04 08:00:00.016000+00:00,-0.00927078
2023-01-04 16:00:00.011000+00:00,-0.00145742
2023-01-05 00:00:00.009000+00:00,-0.00197574
2023-01-05 08:00:00.011000+00:00,-0.00017797
2023-01-05 16:00:00+00:00,-0.00035808
2023-01-06 00:00:00.005000+00:00,-0.0028675
2023-01-06 08:00:00.001000+00:00,-5.103e-05
2023-01-06 16:00:00+00:00,-0.00097063
2023-01-07 00:00:00.006000+00:00,-0.00063098
2023-01-07 08:00:00.017000+00:00,-8.222e-05
2023-01-07 16:00:00+00:00,-0.00049317
2023-01-08 00:00:00.015000+00:00,-0.00032422
2023-01-08 08:00:00+00:00,-0.00041686
2023-01-08 16:00:00.010000+00:00,-0.0002307
2023-01-09 00:00:00.003000+00:00,-0.0002275
2023-01-09 08:00:00+00:00,0.0001
2023-01-09 16:00:00.006000+00:00,0.0001
2023-01-10 00:00:00.003000+00:00,0.0001
2023-01-10 08:00:00.021000+00:00,0.0001
2023-01-10 16:00:00+00:00,-0.00015347
2023-01-11 00:00:00.011000+00:00,-0.0002485
2023-01-11 08:00:00.006000+00:00,-1.768e-05
2023-01-11 16:00:00.004000+00:00,0.0001
2023-01-12 00:00:00+00:00,0.0001
2023-01-12 08:00:00+00:00,0.0001
2023-01-12 16:00:00+00:00,-0.00044772
2023-01-13 00:00:00.004000+00:00,-5.616e-05
2023-01-13 08:00:00+00:00,2.603e-05
2023-01-13 16:00:00.018000+00:00,-0.00058902
2023-01-14 00:00:00+00:00,0.0001
2023-01-14 08:00:00.001000+00:00,0.00027702
2023-01-14 16:00:00+00:00,0.0001
2023-01-15 00:00:00.010000+00:00,0.00023978
2023-01-15 08:00:00.002000+00:00,0.00036502
2023-01-15 16:00:00+00:00,0.00012309
2023-01-16 00:00:00.010000+00:00,0.00019979
2023-01-16 08:00:00.007000+00:00,0.00041624
2023-01-16 16:00:00+00:00,0.0001
2023-01-17 00:00:00.004000+00:00,0.00012293
2023-01-17 08:00:00.005000+00:00,0.0001
2023-01-17 16:00:00.001000+00:00,0.0001
2023-01-18 00:00:00.008000+00:00,0.0001
2023-01-18 08:00:00.009000+00:00,0.0001
2023-01-18 16:00:00.017000+00:00,0.0001
2023-01-19 00:00:00+00:00,0.0001
2023-01-19 08:00:00.015000+00:00,0.0001
2023-01-19 16:00:00.012000+00:00,0.0001
2023-01-20 00:00:00+00:00,0.0001
2023-01-20 08:00:00+00:00,0.0001
2023-01-20 16:00:00+00:00,0.0001
2023-01-21 00:00:00.013000+00:00,0.0001
2023-01-21 08:00:00.001000+00:00,0.00030268
2023-01-21 16:00:00.016000+00:00,0.0001
2023-01-22 00:00:00+00:00,0.0001
2023-01-22 08:00:00+00:00,0.0001
2023-01-22 16:00:00.023000+00:00,0.0001
2023-01-23 00:00:00.014000+00:00,0.0001
2023-01-23 08:00:00.014000+00:00,0.0001
2023-01-23 16:00:00.016000+00:00,0.0001
2023-01-24 00:00:00.008000+00:00,0.0001
2023-01-24 08:00:00.008000+00:00,0.00013079
2023-01-24 16:00:00+00:00,0.0001
2023-01-25 00:00:00.012000+00:00,0.0001
2023-01-25 08:00:00+00:00,1.239e-05
2023-01-25 16:00:00.010000+00:00,0.0001
2023-01-26 00:00:00.010000+00:00,0.0001
2023-01-26 08:00:00.003000+00:00,0.0001
2023-01-26 16:00:00.020000+00:00,0.0001
2023-01-27 00:00:00.008000+00:00,0.0001
2023-01-27 08:00:00+00:00,0.0001
2023-01-27 16:00:00+00:00,0.0001
2023-01-28 00:00:00.009000+00:00,0.0001
2023-01-28 08:00:00.018000+00:00,0.00013046
2023-01-28 16:00:00.005000+00:00,0.0001
2023-01-29 00:00:00.011000+00:00,0.0001
2023-01-29 08:00:00+00:00,0.0001
2023-01-29 16:00:00.008000+00:00,0.0001
2023-01-30 00:00:00.001000+00:00,0.00050275
2023-01-30 08:00:00+00:00,0.0001
2023-01-30 16:00:00+00:00,0.0001
2023-01-31 00:00:00.005000+00:00,0.0001
2023-01-31 08:00:00+00:00,0.0001
2023-01-31 16:00:00.007000+00:00,0.0001
2023-02-01 00:00:00.013000+00:00,0.0001
2023-02-01 08:00:00+00:00,0.0001
2023-02-01 16:00:00.012000+00:00,0.0001
2023-02-02 00:00:00.004000+00:00,0.0001
2023-02-02 08:00:00.023000+00:00,0.00026236
2023-02-02 16:00:00.003000+00:00,0.0001
2023-02-03 00:00:00.010000+00:00,0.0001
2023-02-03 08:00:00+00:00,6.262e-05
2023-02-03 16:00:00+00:00,7.317e-05
2023-02-04 00:00:00.010000+00:00,0.0001
2023-02-04 08:00:00+00:00,0.0001
2023-02-04 16:00:00+00:00,0.0001
2023-02-05 00:00:00.016000+00:00,0.0001
2023-02-05 08:00:00.009000+00:00,-8.182e-05
2023-02-05 16:00:00.018000+00:00,-0.00019779
2023-02-06 00:00:00.001000+00:00,-4.068e-05
2023-02-06 08:00:00+00:00,0.0001
2023-02-06 16:00:00.012000+00:00,0.0001
2023-02-07 00:00:00.004000+00:00,-0.00011165
2023-02-07 08:00:00.011000+00:00,2.94e-05
2023-02-07 16:00:00.018000+00:00,0.0001
2023-02-08 00:00:00.009000+00:00,-1.031e-05
2023-02-08 08:00:00.010000+00:00,0.0001
2023-02-08 16:00:00+00:00,0.0001
2023-02-09 00:00:00.014000+00:00,0.0001
2023-02-09 08:00:00.006000+00:00,-0.00018909
2023-02-09 16:00:00.001000+00:00,0.0001
2023-02-10 00:00:00.012000+00:00,0.0001
2023-02-10 08:00:00.005000+00:00,-0.0001841
2023-02-10 16:00:00.020000+00:00,-0.00011823
2023-02-11 00:00:00.007000+00:00,-0.00020422
2023-02-11 08:00:00.002000+00:00,-7.827e-05
2023-02-11 16:00:00.021000+00:00,-0.00029396
2023-02-12 00:00:00.004000+00:00,-0.00043025
2023-02-12 08:00:00+00:00,-0.00045565
2023-02-12 16:00:00.002000+00:00,-0.00025702
2023-02-13 00:00:00.006000+00:00,-0.00021151
2023-02-13 08:00:00.008000+00:00,-0.00021904
2023-02-13 16:00:00.002000+00:00,0.0001
2023-02-14 00:00:00.013000+00:00,-0.00020755
2023-02-14 08:00:00.014000+00:00,-0.00022864
2023-02-14 16:00:00.016000+00:00,1.781e-05
2023-02-15 00:00:00.011000+00:00,9.858e-05
2023-02-15 08:00:00+00:00,8.397e-05
2023-02-15 16:00:00.005000+00:00,-7.224e-05
2023-02-16 00:00:00.019000+00:00,0.0001
2023-02-16 08:00:00+00:00,0.0001
2023-02-16 16:00:00.001000+00:00,0.0001
2023-02-17 00:00:00.003000+00:00,0.0001
2023-02-17 08:00:00.016000+00:00,0.0001
2023-02-17 16:00:00+00:00,0.0001
2023-02-18 00:00:00.011000+00:00,0.0001
2023-02-18 08:00:00+00:00,0.0001
2023-02-18 16:00:00.007000+00:00,0.0001
2023-02-19 00:00:00.019000+00:00,0.0001
2023-02-19 08:00:00.005000+00:00,0.0001
2023-02-19 16:00:00.003000+00:00,0.00014645
2023-02-20 00:00:00.006000+00:00,0.00017117
2023-02-20 08:00:00.008000+00:00,0.00019193
2023-02-20 16:00:00.006000+00:00,0.0001276
2023-02-21 00:00:00.001000+00:00,0.0001
2023-02-21 08:00:00.004000+00:00,0.00016004
2023-02-21 16:00:00.011000+00:00,0.0001
2023-02-22 00:00:00.009000+00:00,0.0001
2023-02-22 08:00:00.010000+00:00,0.0001
2023-02-22 16:00:00+00:00,0.0001
2023-02-23 00:00:00.006000+00:00,0.0001
2023-02-23 08:00:00.005000+00:00,0.0001
2023-02-23 16:00:00.002000+00:00,0.0001
2023-02-24 00:00:00.015000+00:00,0.0001
2023-02-24 08:00:00.011000+00:00,0.0001
2023-02-24 16:00:00.014000+00:00,0.0001
2023-02-25 00:00:00.015000+00:00,-3.219e-05
2023-02-25 08:00:00.015000+00:00,0.0001
2023-02-25 16:00:00.015000+00:00,0.0001
2023-02-26 00:00:00.007000+00:00,-4.144e-05
2023-02-26 08:00:00.012000+00:00,-7.838e-05
2023-02-26 16:00:00+00:00,-1.898e-05
2023-02-27 00:00:00.011000+00:00,5.327e-05
2023-02-27 08:00:00.003000+00:00,0.0001
2023-02-27 16:00:00+00:00,8.837e-05
2023-02-28 00:00:00.011000+00:00,5.76e-05
2023-02-28 08:00:00.018000+00:00,0.0001
2023-02-28 16:00:00.005000+00:00,8.349e-05
2023-03-01 00:00:00.016000+00:00,5.877e-05
2023-03-01 08:00:00+00:00,0.0001
2023-03-01 16:00:00.008000+00:00,0.0001
2023-03-02 00:00:00.009000+00:00,0.0001
2023-03-02 08:00:00.013000+00:00,0.0001
2023-03-02 16:00:00+00:00,-8.101e-05
2023-03-03 00:00:00+00:00,2.047e-05
2023-03-03 08:00:00.013000+00:00,2.627e-05
2023-03-03 16:00:00+00:00,9.745e-05
2023-03-04 00:00:00.001000+00:00,6.271e-05
2023-03-04 08:00:00.008000+00:00,4.321e-05
2023-03-04 16:00:00.012000+00:00,0.0001
2023-03-05 00:00:00+00:00,0.0001
2023-03-05 08:00:00+00:00,0.0001
2023-03-05 16:00:00.015000+00:00,0.0001
2023-03-06 00:00:00.007000+00:00,0.0001
2023-03-06 08:00:00.017000+00:00,3.586e-05
2023-03-06 16:00:00+00:00,-2.168e-05
2023-03-07 00:00:00.009000+00:00,-9.6e-05
2023-03-07 08:00:00.016000+00:00,-7.843e-05
2023-03-07 16:00:00.017000+00:00,-0.00011785
2023-03-08 00:00:00+00:00,-5.279e-05
2023-03-08 08:00:00.014000+00:00,-0.00015628
2023-03-08 16:00:00.021000+00:00,-0.00015932
2023-03-09 00:00:00.010000+00:00,-4.86e-05
2023-03-09 08:00:00.013000+00:00,-0.00015189
2023-03-09 16:00:00.002000+00:00,0.0001
2023-03-10 00:00:00+00:00,-0.00018592
2023-03-10 08:00:00+00:00,8.585e-05
2023-03-10 16:00:00.005000+00:00,-0.00019429
2023-03-11 00:00:00.011000+00:00,-0.00036773
2023-03-11 08:00:00.003000+00:00,-0.0001919
2023-03-11 16:00:00.011000+00:00,-0.00035499
2023-03-12 00:00:00.001000+00:00,-0.00013186
2023-03-12 08:00:00+00:00,6.8e-05
2023-03-12 16:00:00.005000+00:00,-0.00019726
2023-03-13 00:00:00.010000+00:00,0.0001
2023-03-13 08:00:00.018000+00:00,0.0001
2023-03-13 16:00:00.003000+00:00,0.0001
2023-03-14 00:00:00.010000+00:00,0.0001
2023-03-14 08:00:00.009000+00:00,0.0001
2023-03-14 16:00:00.010000+00:00,0.0001
2023-03-15 00:00:00.011000+00:00,0.00018064
2023-03-15 08:00:00+00:00,0.0001
2023-03-15 16:00:00.012000+00:00,0.0001
2023-03-16 00:00:00.004000+00:00,-0.00010063
2023-03-16 08:00:00.018000+00:00,0.0001
2023-03-16 16:00:00.005000+00:00,-0.00017595
2023-03-17 00:00:00.017000+00:00,6.18e-06
2023-03-17 08:00:00.010000+00:00,-3.828e-05
2023-03-17 16:00:00.003000+00:00,-5.87e-05
2023-03-18 00:00:00.012000+00:00,0.0001
2023-03-18 08:00:00+00:00,0.00027581
2023-03-18 16:00:00.016000+00:00,0.0001
2023-03-19 00:00:00.013000+00:00,0.0001
2023-03-19 08:00:00.024000+00:00,0.0001
2023-03-19 16:00:00+00:00,0.0001
2023-03-20 00:00:00.005000+00:00,0.0001
2023-03-20 08:00:00.012000+00:00,0.0001
2023-03-20 16:00:00.015000+00:00,0.0001
2023-03-21 00:00:00.006000+00:00,0.0001
2023-03-21 08:00:00.004000+00:00,0.0001
2023-03-21 16:00:00.003000+00:00,0.0001
2023-03-22 00:00:00+00:00,0.0001
2023-03-22 08:00:00.003000+00:00,6.109e-05
2023-03-22 16:00:00+00:00,0.0001
2023-03-23 00:00:00.016000+00:00,-8.698e-05
2023-03-23 08:00:00.001000+00:00,1.638e-05
2023-03-23 16:00:00.013000+00:00,0.0001
2023-03-24 00:00:00.013000+00:00,0.0001
2023-03-24 08:00:00.012000+00:00,0.0001
2023-03-24 16:00:00.027000+00:00,0.0001
2023-03-25 00:00:00.015000+00:00,-6.551e-05
2023-03-25 08:00:00.011000+00:00,-5.825e-05
2023-03-25 16:00:00.011000+00:00,-4.6e-05
2023-03-26 00:00:00+00:00,-0.00010361
2023-03-26 08:00:00.015000+00:00,-2.291e-05
2023-03-26 16:00:00+00:00,-4.191e-05
2023-03-27 00:00:00.019000+00:00,0.0001
2023-03-27 08:00:00.009000+00:00,3.888e-05
2023-03-27 16:00:00+00:00,2.013e-05
2023-03-28 00:00:00.007000+00:00,-0.00017394
2023-03-28 08:00:00+00:00,8.36e-05
2023-03-28 16:00:00.013000+00:00,-2.188e-05
2023-03-29 00:00:00.010000+00:00,-0.00016763
2023-03-29 08:00:00.006000+00:00,0.0001
2023-03-29 16:00:00.014000+00:00,8.936e-05
2023-03-30 00:00:00+00:00,4.312e-05
2023-03-30 08:00:00+00:00,7.675e-05
2023-03-30 16:00:00.006000+00:00,-6.11e-05
2023-03-31 00:00:00.003000+00:00,-0.00011842
2023-03-31 08:00:00.006000+00:00,-3.734e-05
2023-03-31 16:00:00.011000+00:00,-1.814e-05
2023-04-01 00:00:00+00:00,0.0001
2023-04-01 08:00:00+00:00,0.0001
2023-04-01 16:00:00.018000+00:00,0.0001
2023-04-02 00:00:00.013000+00:00,0.0001
2023-04-02 08:00:00.014000+00:00,0.0001
2023-04-02 16:00:00.001000+00:00,6.11e-06
2023-04-03 00:00:00+00:00,-0.00014684
2023-04-03 08:00:00.013000+00:00,2.36e-05
2023-04-03 16:00:00.011000+00:00,7.659e-05
2023-04-04 00:00:00.002000+00:00,7.915e-05
2023-04-04 08:00:00.017000+00:00,2.383e-05
2023-04-04 16:00:00.008000+00:00,0.0001
2023-04-05 00:00:00+00:00,0.0001
2023-04-05 08:00:00.016000+00:00,0.0001
2023-04-05 16:00:00.004000+00:00,0.0001
2023-04-06 00:00:00+00:00,0.0001
2023-04-06 08:00:00.011000+00:00,8.021e-05
2023-04-06 16:00:00+00:00,1.019e-05
2023-04-07 00:00:00.006000+00:00,4.2e-07
2023-04-07 08:00:00.005000+00:00,-7.207e-05
2023-04-07 16:00:00+00:00,2.05e-06
2023-04-08 00:00:00+00:00,0.0001
2023-04-08 08:00:00.014000+00:00,4.752e-05
2023-04-08 16:00:00.018000+00:00,8.084e-05
2023-04-09 00:00:00.013000+00:00,8.52e-06
2023-04-09 08:00:00.024000+00:00,-1.384e-05
2023-04-09 16:00:00.010000+00:00,8.973e-05
2023-04-10 00:00:00+00:00,0.0001
2023-04-10 08:00:00.010000+00:00,6.116e-05
2023-04-10 16:00:00.006000+00:00,0.0001
2023-04-11 00:00:00.008000+00:00,0.0001
2023-04-11 08:00:00.007000+00:00,0.0001
2023-04-11 16:00:00.016000+00:00,0.0001
2023-04-12 00:00:00.006000+00:00,0.0001
2023-04-12 08:00:00.008000+00:00,0.0001
2023-04-12 16:00:00.014000+00:00,0.0001
2023-04-13 00:00:00.027000+00:00,2.795e-05
2023-04-13 08:00:00.010000+00:00,6.992e-05
2023-04-13 16:00:00+00:00,0.0001
2023-04-14 00:00:00.001000+00:00,0.0001
2023-04-14 08:00:00.008000+00:00,0.0001
2023-04-14 16:00:00.007000+00:00,0.0001
2023-04-15 00:00:00.007000+00:00,0.0001
2023-04-15 08:00:00.007000+00:00,0.0001
2023-04-15 16:00:00.011000+00:00,0.0001
2023-04-16 00:00:00.014000+00:00,0.0001
2023-04-16 08:00:00.007000+00:00,0.00025575
2023-04-16 16:00:00.002000+00:00,0.0001
2023-04-17 00:00:00.017000+00:00,0.0002925
2023-04-17 08:00:00.006000+00:00,0.00035646
2023-04-17 16:00:00+00:00,0.00013821
2023-04-18 00:00:00.013000+00:00,0.0001
2023-04-18 08:00:00.017000+00:00,0.0001
2023-04-18 16:00:00+00:00,0.0001
2023-04-19 00:00:00.022000+00:00,0.0001
2023-04-19 08:00:00.014000+00:00,0.0001
2023-04-19 16:00:00+00:00,-5.574e-05
2023-04-20 00:00:00.010000+00:00,0.0001
2023-04-20 08:00:00.012000+00:00,0.0001
2023-04-20 16:00:00.012000+00:00,0.0001
2023-04-21 00:00:00.009000+00:00,-3.575e-05
2023-04-21 08:00:00.009000+00:00,0.0001
2023-04-21 16:00:00.003000+00:00,0.0001
2023-04-22 00:00:00+00:00,-1.147e-05
2023-04-22 08:00:00+00:00,9.14e-06
2023-04-22 16:00:00.016000+00:00,-3.008e-05
2023-04-23 00:00:00.009000+00:00,-4.662e-05
2023-04-23 08:00:00.020000+00:00,7.476e-05
2023-04-23 16:00:00.007000+00:00,9.355e-05
2023-04-24 00:00:00+00:00,3.83e-06
2023-04-24 08:00:00.008000+00:00,9.297e-05
2023-04-24 16:00:00.006000+00:00,0.0001
2023-04-25 00:00:00.014000+00:00,-1.61e-05
2023-04-25 08:00:00.009000+00:00,-2.918e-05
2023-04-25 16:00:00.015000+00:00,1.692e-05
2023-04-26 00:00:00.015000+00:00,5.839e-05
2023-04-26 08:00:00.013000+00:00,1.365e-05
2023-04-26 16:00:00.001000+00:00,0.0001
2023-04-27 00:00:00.014000+00:00,-0.00012155
2023-04-27 08:00:00.008000+00:00,2.06e-05
2023-04-27 16:00:00.005000+00:00,5.188e-05
2023-04-28 00:00:00.011000+00:00,0.0001
2023-04-28 08:00:00.007000+00:00,0.0001
2023-04-28 16:00:00.006000+00:00,0.0001
2023-04-29 00:00:00.004000+00:00,6.328e-05
2023-04-29 08:00:00.016000+00:00,0.0001
2023-04-29 16:00:00.001000+00:00,0.0001
2023-04-30 00:00:00.008000+00:00,5.413e-05
2023-04-30 08:00:00+00:00,7.129e-05
2023-04-30 16:00:00.010000+00:00,0.0001
2023-05-01 00:00:00.004000+00:00,0.0001
2023-05-01 08:00:00.008000+00:00,1.535e-05
2023-05-01 16:00:00.014000+00:00,0.0001
2023-05-02 00:00:00.015000+00:00,6.98e-06
2023-05-02 08:00:00.018000+00:00,3.889e-05
2023-05-02 16:00:00+00:00,-4.732e-05
2023-05-03 00:00:00.009000+00:00,2.069e-05
2023-05-03 08:00:00.003000+00:00,3.138e-05
2023-05-03 16:00:00.011000+00:00,3.849e-05
2023-05-04 00:00:00+00:00,-2.27e-06
2023-05-04 08:00:00+00:00,0.0001
2023-05-04 16:00:00.011000+00:00,0.0001
2023-05-05 00:00:00.002000+00:00,0.0001
2023-05-05 08:00:00+00:00,3.223e-05
2023-05-05 16:00:00+00:00,0.0001
2023-05-06 00:00:00.009000+00:00,0.0001
2023-05-06 08:00:00+00:00,0.0001
2023-05-06 16:00:00+00:00,2.441e-05
2023-05-07 00:00:00+00:00,3.648e-05
2023-05-07 08:00:00+00:00,-2.12e-05
2023-05-07 16:00:00.006000+00:00,6.249e-05
2023-05-08 00:00:00+00:00,0.0001
2023-05-08 08:00:00.007000+00:00,-7.742e-05
2023-05-08 16:00:00.015000+00:00,2.595e-05
2023-05-09 00:00:00.015000+00:00,-0.00019637
2023-05-09 08:00:00+00:00,-5.327e-05
2023-05-09 16:00:00+00:00,-5.678e-05
2023-05-10 00:00:00.007000+00:00,-4.287e-05
2023-05-10 08:00:00.003000+00:00,2.809e-05
2023-05-10 16:00:00+00:00,-2.9e-07
2023-05-11 00:00:00.011000+00:00,7.952e-05
2023-05-11 08:00:00+00:00,2.605e-05
2023-05-11 16:00:00.005000+00:00,2.286e-05
2023-05-12 00:00:00.020000+00:00,1.031e-05
2023-05-12 08:00:00.001000+00:00,8.362e-05
2023-05-12 16:00:00.010000+00:00,8.03e-06
2023-05-13 00:00:00+00:00,1.245e-05
2023-05-13 08:00:00+00:00,6.953e-05
2023-05-13 16:00:00.026000+00:00,0.0001
2023-05-14 00:00:00.029000+00:00,7.69e-05
2023-05-14 08:00:00.010000+00:00,6.449e-05
2023-05-14 16:00:00.008000+00:00,6.799e-05
2023-05-15 00:00:00.006000+00:00,8.94e-06
2023-05-15 08:00:00.005000+00:00,6.491e-05
2023-05-15 16:00:00.008000+00:00,8.447e-05
2023-05-16 00:00:00.021000+00:00,0.0001
2023-05-16 08:00:00+00:00,6.067e-05
2023-05-16 16:00:00+00:00,0.0001
2023-05-17 00:00:00.010000+00:00,3.051e-05
2023-05-17 08:00:00+00:00,0.0001
2023-05-17 16:00:00.001000+00:00,9.695e-05
2023-05-18 00:00:00+00:00,0.0001
2023-05-18 08:00:00.026000+00:00,0.0001
2023-05-18 16:00:00.019000+00:00,2.95e-05
2023-05-19 00:00:00+00:00,-9.122e-05
2023-05-19 08:00:00.002000+00:00,2.946e-05
2023-05-19 16:00:00+00:00,8.946e-05
2023-05-20 00:00:00.005000+00:00,9.555e-05
2023-05-20 08:00:00.014000+00:00,2.515e-05
2023-05-20 16:00:00.020000+00:00,3.057e-05
2023-05-21 00:00:00.014000+00:00,0.0001
2023-05-21 08:00:00.001000+00:00,0.0001
2023-05-21 16:00:00.015000+00:00,9.479e-05
2023-05-22 00:00:00.028000+00:00,2.963e-05
2023-05-22 08:00:00+00:00,7.846e-05
2023-05-22 16:00:00.012000+00:00,0.0001
2023-05-23 00:00:00.006000+00:00,0.0001
2023-05-23 08:00:00.014000+00:00,9.997e-05
2023-05-23 16:00:00.008000+00:00,0.0001
2023-05-24 00:00:00+00:00,0.0001
2023-05-24 08:00:00.025000+00:00,6.455e-05
2023-05-24 16:00:00.008000+00:00,9.78e-05
2023-05-25 00:00:00+00:00,5.668e-05
2023-05-25 08:00:00.025000+00:00,5.885e-05
2023-05-25 16:00:00.016000+00:00,0.0001
2023-05-26 00:00:00+00:00,0.0001
2023-05-26 08:00:00.024000+00:00,0.0001
2023-05-26 16:00:00.012000+00:00,0.0001
2023-05-27 00:00:00.012000+00:00,0.0001
2023-05-27 08:00:00.018000+00:00,0.0001
2023-05-27 16:00:00.008000+00:00,0.0001
2023-05-28 00:00:00.017000+00:00,0.0001
2023-05-28 08:00:00.015000+00:00,0.0001
2023-05-28 16:00:00+00:00,0.0001
2023-05-29 00:00:00+00:00,0.0001
2023-05-29 08:00:00.020000+00:00,0.0001
2023-05-29 16:00:00.011000+00:00,0.0001
2023-05-30 00:00:00.003000+00:00,0.0001
2023-05-30 08:00:00+00:00,0.0001
2023-05-30 16:00:00.003000+00:00,0.0001
2023-05-31 00:00:00.013000+00:00,0.0001
2023-05-31 08:00:00+00:00,0.0001
2023-05-31 16:00:00+00:00,0.0001
2023-06-01 00:00:00.008000+00:00,0.0001
2023-06-01 08:00:00.012000+00:00,0.0001
2023-06-01 16:00:00+00:00,0.0001
2023-06-02 00:00:00+00:00,0.0001
2023-06-02 08:00:00.006000+00:00,0.0001
2023-06-02 16:00:00.012000+00:00,0.0001
2023-06-03 00:00:00+00:00,0.0001
2023-06-03 08:00:00.011000+00:00,0.0001
2023-06-03 16:00:00.003000+00:00,0.0001
2023-06-04 00:00:00+00:00,0.0001
2023-06-04 08:00:00+00:00,0.0001
2023-06-04 16:00:00+00:00,0.0001
2023-06-05 00:00:00.005000+00:00,0.0001
2023-06-05 08:00:00+00:00,0.0001
2023-06-05 16:00:00+00:00,0.0001
2023-06-06 00:00:00+00:00,-7.522e-05
2023-06-06 08:00:00.009000+00:00,-1.215e-05
2023-06-06 16:00:00.013000+00:00,6.245e-05
2023-06-07 00:00:00+00:00,0.0001
2023-06-07 08:00:00.016000+00:00,0.0001
2023-06-07 16:00:00+00:00,8.161e-05
2023-06-08 00:00:00.006000+00:00,-2.973e-05
2023-06-08 08:00:00+00:00,-6.138e-05
2023-06-08 16:00:00+00:00,-3.987e-05
2023-06-09 00:00:00+00:00,-1.99e-05
2023-06-09 08:00:00+00:00,2.244e-05
2023-06-09 16:00:00+00:00,4.756e-05
2023-06-10 00:00:00+00:00,4.312e-05
2023-06-10 08:00:00+00:00,-0.00018689
2023-06-10 16:00:00+00:00,-0.00045568
2023-06-11 00:00:00.001000+00:00,-0.00025962
2023-06-11 08:00:00+00:00,-0.00039139
2023-06-11 16:00:00+00:00,-0.00011432
2023-06-12 00:00:00+00:00,-5.452e-05
2023-06-12 08:00:00+00:00,-0.00010351
2023-06-12 16:00:00.001000+00:00,0.0001
2023-06-13 00:00:00+00:00,-6.7e-06
2023-06-13 08:00:00+00:00,8.95e-06
2023-06-13 16:00:00+00:00,-1.734e-05
2023-06-14 00:00:00+00:00,-6.216e-05
2023-06-14 08:00:00+00:00,-9.959e-05
2023-06-14 16:00:00+00:00,-3.849e-05
2023-06-15 00:00:00+00:00,-3.913e-05
2023-06-15 08:00:00+00:00,-0.0001096
2023-06-15 16:00:00+00:00,0.0001
2023-06-16 00:00:00+00:00,2.986e-05
2023-06-16 08:00:00+00:00,3.481e-05
2023-06-16 16:00:00+00:00,-4.6e-06
2023-06-17 00:00:00+00:00,-3.146e-05
2023-06-17 08:00:00+00:00,5.237e-05
2023-06-17 16:00:00+00:00,6.248e-05
2023-06-18 00:00:00+00:00,-2.892e-05
2023-06-18 08:00:00+00:00,-5.493e-05
2023-06-18 16:00:00+00:00,-1.03e-06
2023-06-19 00:00:00+00:00,-6.35e-05
2023-06-19 08:00:00+00:00,-8.954e-05
2023-06-19 16:00:00+00:00,-4.972e-05
2023-06-20 00:00:00.001000+00:00,-0.0001454
2023-06-20 08:00:00+00:00,-8.12e-06
2023-06-20 16:00:00+00:00,1.7e-06
2023-06-21 00:00:00+00:00,5.55e-06
2023-06-21 08:00:00+00:00,7.67e-05
2023-06-21 16:00:00+00:00,1.523e-05
2023-06-22 00:00:00+00:00,5.684e-05
2023-06-22 08:00:00.001000+00:00,1.267e-05
2023-06-22 16:00:00+00:00,-9.97e-06
2023-06-23 00:00:00+00:00,8.86e-05
2023-06-23 08:00:00+00:00,0.0001
2023-06-23 16:00:00+00:00,-3.27e-06
2023-06-24 00:00:00+00:00,-5.354e-05
2023-06-24 08:00:00+00:00,8.164e-05
2023-06-24 16:00:00+00:00,1.615e-05
2023-06-25 00:00:00+00:00,-9.403e-05
2023-06-25 08:00:00+00:00,4.045e-05
2023-06-25 16:00:00+00:00,2.049e-05
2023-06-26 00:00:00+00:00,2.481e-05
2023-06-26 08:00:00+00:00,-6.749e-05
2023-06-26 16:00:00+00:00,5.956e-05
2023-06-27 00:00:00+00:00,-2.886e-05
2023-06-27 08:00:00+00:00,0.0001
2023-06-27 16:00:00+00:00,0.0001
2023-06-28 00:00:00+00:00,0.0001
2023-06-28 08:00:00+00:00,-1.801e-05
2023-06-28 16:00:00+00:00,5.458e-05
2023-06-29 00:00:00+00:00,1.7e-05
2023-06-29 08:00:00+00:00,0.0001
2023-06-29 16:00:00+00:00,0.0001
2023-06-30 00:00:00+00:00,4.827e-05
2023-06-30 08:00:00+00:00,0.0001
2023-06-30 16:00:00.001000+00:00,0.0001
2023-07-01 00:00:00+00:00,0.0001
2023-07-01 08:00:00+00:00,0.0001
2023-07-01 16:00:00+00:00,2.201e-05
2023-07-02 00:00:00+00:00,0.0001
2023-07-02 08:00:00+00:00,0.0001
2023-07-02 16:00:00.001000+00:00,0.0001
2023-07-03 00:00:00+00:00,0.0001
2023-07-03 08:00:00+00:00,0.0001
2023-07-03 16:00:00+00:00,0.0001
2023-07-04 00:00:00.001000+00:00,6.327e-05
2023-07-04 08:00:00+00:00,0.0001
2023-07-04 16:00:00+00:00,0.0001
2023-07-05 00:00:00+00:00,0.0001
2023-07-05 08:00:00+00:00,0.0001
2023-07-05 16:00:00+00:00,4.304e-05
2023-07-06 00:00:00+00:00,-5.29e-06
2023-07-06 08:00:00+00:00,0.0001
2023-07-06 16:00:00+00:00,0.0001
2023-07-07 00:00:00+00:00,0.0001
2023-07-07 08:00:00+00:00,8.838e-05
2023-07-07 16:00:00+00:00,-0.00022841
2023-07-08 00:00:00+00:00,-5.703e-05
2023-07-08 08:00:00+00:00,1.315e-05
2023-07-08 16:00:00+00:00,0.0001
2023-07-09 00:00:00+00:00,-0.00011345
2023-07-09 08:00:00+00:00,1.049e-05
2023-07-09 16:00:00+00:00,0.0001
2023-07-10 00:00:00+00:00,0.0001
2023-07-10 08:00:00+00:00,0.0001
2023-07-10 16:00:00+00:00,-5.346e-05
2023-07-11 00:00:00+00:00,-0.00013561
2023-07-11 08:00:00+00:00,-2.651e-05
2023-07-11 16:00:00+00:00,2.775e-05
2023-07-12 00:00:00+00:00,1.497e-05
2023-07-12 08:00:00+00:00,-2.714e-05
2023-07-12 16:00:00+00:00,4.12e-05
2023-07-13 00:00:00+00:00,9.789e-05
2023-07-13 08:00:00+00:00,-6.37e-06
2023-07-13 16:00:00+00:00,-0.00021919
2023-07-14 00:00:00+00:00,0.0001
2023-07-14 08:00:00+00:00,0.00029523
2023-07-14 16:00:00+00:00,0.00017912
2023-07-15 00:00:00+00:00,0.0001
2023-07-15 08:00:00+00:00,0.0001
2023-07-15 16:00:00+00:00,0.0001
2023-07-16 00:00:00.001000+00:00,0.0001
2023-07-16 08:00:00+00:00,0.0001
2023-07-16 16:00:00+00:00,0.0001
2023-07-17 00:00:00+00:00,0.0001
2023-07-17 08:00:00+00:00,0.0001
2023-07-17 16:00:00+00:00,0.0001
2023-07-18 00:00:00+00:00,9.171e-05
2023-07-18 08:00:00+00:00,0.0001
2023-07-18 16:00:00+00:00,0.0001
2023-07-19 00:00:00+00:00,0.0001
2023-07-19 08:00:00+00:00,0.0001
2023-07-19 16:00:00.001000+00:00,0.0001
2023-07-20 00:00:00+00:00,7.165e-05
2023-07-20 08:00:00+00:00,0.0001
2023-07-20 16:00:00+00:00,0.0001
2023-07-21 00:00:00.001000+00:00,1.25e-05
2023-07-21 08:00:00+00:00,-1.51e-06
2023-07-21 16:00:00+00:00,7.977e-05
2023-07-22 00:00:00+00:00,2.099e-05
2023-07-22 08:00:00+00:00,0.0001
2023-07-22 16:00:00+00:00,0.0001
2023-07-23 00:00:00+00:00,8.045e-05
2023-07-23 08:00:00+00:00,6.786e-05
2023-07-23 16:00:00+00:00,0.0001
2023-07-24 00:00:00+00:00,5.539e-05
2023-07-24 08:00:00+00:00,8.79e-05
2023-07-24 16:00:00+00:00,0.0001
2023-07-25 00:00:00+00:00,2.921e-05
2023-07-25 08:00:00+00:00,4.666e-05
2023-07-25 16:00:00+00:00,-2.252e-05
2023-07-26 00:00:00+00:00,9.281e-05
2023-07-26 08:00:00.001000+00:00,-1.83e-06
2023-07-26 16:00:00+00:00,4.654e-05
2023-07-27 00:00:00+00:00,0.0001
2023-07-27 08:00:00+00:00,2.473e-05
2023-07-27 16:00:00.001000+00:00,1.048e-05
2023-07-28 00:00:00+00:00,0.0001
2023-07-28 08:00:00+00:00,0.0001
2023-07-28 16:00:00+00:00,0.0001
2023-07-29 00:00:00+00:00,0.0001
2023-07-29 08:00:00+00:00,0.0001
2023-07-29 16:00:00.001000+00:00,8.555e-05
2023-07-30 00:00:00+00:00,0.0001
2023-07-30 08:00:00+00:00,9.213e-05
2023-07-30 16:00:00+00:00,0.0001
2023-07-31 00:00:00+00:00,9.232e-05
2023-07-31 08:00:00+00:00,-2.568e-05
2023-07-31 16:00:00.001000+00:00,4.713e-05
2023-08-01 00:00:00+00:00,0.0001
2023-08-01 08:00:00+00:00,7.943e-05
2023-08-01 16:00:00+00:00,6.97e-05
2023-08-02 00:00:00+00:00,1.932e-05
2023-08-02 08:00:00+00:00,1.057e-05
2023-08-02 16:00:00+00:00,3.245e-05
2023-08-03 00:00:00+00:00,-2.37e-05
2023-08-03 08:00:00+00:00,0.0001
2023-08-03 16:00:00.001000+00:00,-3.185e-05
2023-08-04 00:00:00+00:00,1.777e-05
2023-08-04 08:00:00+00:00,9.93e-06
2023-08-04 16:00:00+00:00,5.856e-05
2023-08-05 00:00:00+00:00,0.0001
2023-08-05 08:00:00+00:00,2.082e-05
2023-08-05 16:00:00.001000+00:00,4.43e-05
2023-08-06 00:00:00+00:00,-3.498e-05
2023-08-06 08:00:00.001000+00:00,0.0001
2023-08-06 16:00:00.005000+00:00,0.0001
2023-08-07 00:00:00+00:00,0.0001
2023-08-07 08:00:00+00:00,7.203e-05
2023-08-07 16:00:00+00:00,0.0001
2023-08-08 00:00:00+00:00,7.405e-05
2023-08-08 08:00:00+00:00,0.0001
2023-08-08 16:00:00+00:00,9.805e-05
2023-08-09 00:00:00+00:00,9.326e-05
2023-08-09 08:00:00+00:00,7.15e-06
2023-08-09 16:00:00+00:00,6.361e-05
2023-08-10 00:00:00.001000+00:00,0.0001
2023-08-10 08:00:00+00:00,0.0001
2023-08-10 16:00:00+00:00,0.0001
2023-08-11 00:00:00+00:00,5.018e-05
2023-08-11 08:00:00+00:00,0.0001
2023-08-11 16:00:00+00:00,0.0001
2023-08-12 00:00:00+00:00,0.0001
2023-08-12 08:00:00+00:00,0.0001
2023-08-12 16:00:00+00:00,0.0001
2023-08-13 00:00:00+00:00,7.464e-05
2023-08-13 08:00:00+00:00,5.155e-05
2023-08-13 16:00:00+00:00,0.0001
2023-08-14 00:00:00.001000+00:00,0.0001
2023-08-14 08:00:00+00:00,7.157e-05
2023-08-14 16:00:00+00:00,3.069e-05
2023-08-15 00:00:00.001000+00:00,7.225e-05
2023-08-15 08:00:00+00:00,0.0001
2023-08-15 16:00:00+00:00,0.0001
2023-08-16 00:00:00+00:00,0.0001
2023-08-16 08:00:00.001000+00:00,0.0001
2023-08-16 16:00:00+00:00,5.907e-05
2023-08-17 00:00:00+00:00,6.9e-07
2023-08-17 08:00:00+00:00,0.0001
2023-08-17 16:00:00+00:00,3.019e-05
2023-08-18 00:00:00+00:00,-0.00029147
2023-08-18 08:00:00+00:00,-2.584e-05
2023-08-18 16:00:00+00:00,8.169e-05
2023-08-19 00:00:00+00:00,-7.003e-05
2023-08-19 08:00:00+00:00,-5.498e-05
2023-08-19 16:00:00+00:00,-6.27e-05
2023-08-20 00:00:00+00:00,-6.623e-05
2023-08-20 08:00:00+00:00,-7.076e-05
2023-08-20 16:00:00+00:00,-3.023e-05
2023-08-21 00:00:00+00:00,-3.625e-05
2023-08-21 08:00:00+00:00,-7.183e-05
2023-08-21 16:00:00+00:00,-7.18e-06
2023-08-22 00:00:00+00:00,1.569e-05
2023-08-22 08:00:00+00:00,5.112e-05
2023-08-22 16:00:00+00:00,2.087e-05
2023-08-23 00:00:00+00:00,-0.00012671
2023-08-23 08:00:00+00:00,-3.319e-05
2023-08-23 16:00:00+00:00,3.526e-05
2023-08-24 00:00:00+00:00,-7.433e-05
2023-08-24 08:00:00+00:00,-9.124e-05
2023-08-24 16:00:00+00:00,-9.96e-06
2023-08-25 00:00:00+00:00,-8.674e-05
2023-08-25 08:00:00+00:00,-5.421e-05
2023-08-25 16:00:00+00:00,-0.00018382
2023-08-26 00:00:00+00:00,-0.00014373
2023-08-26 08:00:00+00:00,-0.00024234
2023-08-26 16:00:00+00:00,-0.00018306
2023-08-27 00:00:00+00:00,-0.00017578
2023-08-27 08:00:00+00:00,-0.00011914
2023-08-27 16:00:00+00:00,-0.00016818
2023-08-28 00:00:00+00:00,-3.451e-05
2023-08-28 08:00:00.001000+00:00,-2.329e-05
2023-08-28 16:00:00.001000+00:00,2.945e-05
2023-08-29 00:00:00+00:00,8.373e-05
2023-08-29 08:00:00+00:00,5.29e-06
2023-08-29 16:00:00+00:00,-0.00040362
2023-08-30 00:00:00+00:00,0.0001
2023-08-30 08:00:00+00:00,2.088e-05
2023-08-30 16:00:00+00:00,8.869e-05
2023-08-31 00:00:00+00:00,-5.589e-05
2023-08-31 08:00:00+00:00,-7.295e-05
2023-08-31 16:00:00+00:00,-9.89e-05
2023-09-01 00:00:00+00:00,-0.00013928
2023-09-01 08:00:00+00:00,-9.007e-05
2023-09-01 16:00:00.001000+00:00,5.2e-05
2023-09-02 00:00:00+00:00,6.71e-06
2023-09-02 08:00:00+00:00,-8.469e-05
2023-09-02 16:00:00+00:00,-5.343e-05
2023-09-03 00:00:00+00:00,-6.5e-07
2023-09-03 08:00:00+00:00,-3.935e-05
2023-09-03 16:00:00+00:00,-3.56e-05
2023-09-04 00:00:00+00:00,-5.078e-05
2023-09-04 08:00:00+00:00,-7.224e-05
2023-09-04 16:00:00+00:00,8.919e-05
2023-09-05 00:00:00+00:00,1.756e-05
2023-09-05 08:00:00+00:00,-6.252e-05
2023-09-05 16:00:00+00:00,-0.00010758
2023-09-06 00:00:00+00:00,-1.341e-05
2023-09-06 08:00:00+00:00,8.04e-06
2023-09-06 16:00:00.001000+00:00,2.839e-05
2023-09-07 00:00:00+00:00,-2.787e-05
2023-09-07 08:00:00+00:00,2.88e-06
2023-09-07 16:00:00+00:00,3.3e-07
2023-09-08 00:00:00+00:00,-8.527e-05
2023-09-08 08:00:00+00:00,-0.00013966
2023-09-08 16:00:00+00:00,-0.00021132
2023-09-09 00:00:00+00:00,-0.0001045
2023-09-09 08:00:00+00:00,-0.00021188
2023-09-09 16:00:00+00:00,-0.00016996
2023-09-10 00:00:00+00:00,-0.0002388
2023-09-10 08:00:00+00:00,-0.00038599
2023-09-10 16:00:00+00:00,-0.00047908
2023-09-11 00:00:00+00:00,-0.00036941
2023-09-11 08:00:00+00:00,-0.00022734
2023-09-11 16:00:00.001000+00:00,-6.124e-05
2023-09-12 00:00:00+00:00,-3.978e-05
2023-09-12 08:00:00+00:00,-5.673e-05
2023-09-12 16:00:00+00:00,-7.381e-05
2023-09-13 00:00:00+00:00,-0.00016024
2023-09-13 08:00:00+00:00,-0.00017635
2023-09-13 16:00:00+00:00,-4.981e-05
2023-09-14 00:00:00+00:00,-0.00016123
2023-09-14 08:00:00.001000+00:00,-0.0001497
2023-09-14 16:00:00+00:00,-0.00024678
2023-09-15 00:00:00+00:00,-0.0002153
2023-09-15 08:00:00+00:00,-0.00012046
2023-09-15 16:00:00+00:00,-5.91e-06
2023-09-16 00:00:00+00:00,1.257e-05
2023-09-16 08:00:00+00:00,-5.38e-05
2023-09-16 16:00:00+00:00,-0.00014091
2023-09-17 00:00:00+00:00,-0.00021514
2023-09-17 08:00:00+00:00,-7.124e-05
2023-09-17 16:00:00+00:00,-5.427e-05
2023-09-18 00:00:00+00:00,-0.00030943
2023-09-18 08:00:00+00:00,-7.847e-05
2023-09-18 16:00:00+00:00,-0.00013976
2023-09-19 00:00:00+00:00,-5.9e-05
2023-09-19 08:00:00.001000+00:00,-0.00010841
2023-09-19 16:00:00+00:00,0.0001
2023-09-20 00:00:00+00:00,-0.00014401
2023-09-20 08:00:00+00:00,-8.143e-05
2023-09-20 16:00:00+00:00,-9.609e-05
2023-09-21 00:00:00.001000+00:00,-7.77e-06
2023-09-21 08:00:00+00:00,-6.489e-05
2023-09-21 16:00:00+00:00,0.0001
2023-09-22 00:00:00+00:00,1.075e-05
2023-09-22 08:00:00+00:00,1.389e-05
2023-09-22 16:00:00+00:00,4.359e-05
2023-09-23 00:00:00+00:00,5.987e-05
2023-09-23 08:00:00+00:00,0.0001
2023-09-23 16:00:00+00:00,5.94e-05
2023-09-24 00:00:00+00:00,8.557e-05
2023-09-24 08:00:00+00:00,8.1e-06
2023-09-24 16:00:00+00:00,6.559e-05
2023-09-25 00:00:00+00:00,1.511e-05
2023-09-25 08:00:00+00:00,-3.233e-05
2023-09-25 16:00:00+00:00,2.778e-05
2023-09-26 00:00:00+00:00,1.913e-05
2023-09-26 08:00:00+00:00,-6.278e-05
2023-09-26 16:00:00+00:00,1.89e-05
2023-09-27 00:00:00+00:00,7.51e-05
2023-09-27 08:00:00.001000+00:00,3.583e-05
2023-09-27 16:00:00+00:00,2.165e-05
2023-09-28 00:00:00+00:00,-0.00025005
2023-09-28 08:00:00+00:00,4.959e-05
2023-09-28 16:00:00+00:00,0.0001
2023-09-29 00:00:00+00:00,-8.879e-05
2023-09-29 08:00:00+00:00,3.522e-05
2023-09-29 16:00:00+00:00,-8.995e-05
2023-09-30 00:00:00+00:00,-9.192e-05
2023-09-30 08:00:00+00:00,-0.00013968
2023-09-30 16:00:00+00:00,-0.00033235
2023-10-01 00:00:00+00:00,-0.00015019
2023-10-01 08:00:00+00:00,-0.00024577
2023-10-01 16:00:00+00:00,4.55e-05
2023-10-02 00:00:00+00:00,0.0001
2023-10-02 08:00:00+00:00,-5.358e-05
2023-10-02 16:00:00+00:00,7.399e-05
2023-10-03 00:00:00+00:00,0.0001
2023-10-03 08:00:00+00:00,-9.329e-05
2023-10-03 16:00:00+00:00,-0.00016715
2023-10-04 00:00:00+00:00,-0.00020449
2023-10-04 08:00:00+00:00,-0.00014362
2023-10-04 16:00:00+00:00,1.008e-05
2023-10-05 00:00:00+00:00,-0.00019583
2023-10-05 08:00:00+00:00,-0.00010441
2023-10-05 16:00:00.001000+00:00,-0.0002138
2023-10-06 00:00:00+00:00,-0.00014401
2023-10-06 08:00:00+00:00,-1.702e-05
2023-10-06 16:00:00+00:00,6.028e-05
2023-10-07 00:00:00+00:00,1.517e-05
2023-10-07 08:00:00+00:00,-3.624e-05
2023-10-07 16:00:00+00:00,-0.00013829
2023-10-08 00:00:00+00:00,-7.284e-05
2023-10-08 08:00:00.001000+00:00,-4.763e-05
2023-10-08 16:00:00+00:00,-2.324e-05
2023-10-09 00:00:00+00:00,-2.043e-05
2023-10-09 08:00:00+00:00,-0.00010232
2023-10-09 16:00:00+00:00,-8.685e-05
2023-10-10 00:00:00+00:00,-0.00026515
2023-10-10 08:00:00+00:00,-0.00011672
2023-10-10 16:00:00+00:00,-4.739e-05
2023-10-11 00:00:00+00:00,-8.746e-05
2023-10-11 08:00:00+00:00,-1.27e-05
2023-10-11 16:00:00+00:00,-0.00010217
2023-10-12 00:00:00+00:00,-5.206e-05
2023-10-12 08:00:00+00:00,5.051e-05
2023-10-12 16:00:00+00:00,-4.469e-05
2023-10-13 00:00:00+00:00,-4.739e-05
2023-10-13 08:00:00+00:00,-7.419e-05
2023-10-13 16:00:00+00:00,-7.301e-05
2023-10-14 00:00:00+00:00,-0.00015669
2023-10-14 08:00:00+00:00,-0.0003452
2023-10-14 16:00:00+00:00,-4.015e-05
2023-10-15 00:00:00+00:00,-7.073e-05
2023-10-15 08:00:00+00:00,-1.29e-06
2023-10-15 16:00:00+00:00,2.222e-05
2023-10-16 00:00:00+00:00,-0.00010829
2023-10-16 08:00:00+00:00,-6.321e-05
2023-10-16 16:00:00+00:00,-0.00013087
2023-10-17 00:00:00+00:00,8.45e-06
2023-10-17 08:00:00+00:00,-0.00014135
2023-10-17 16:00:00+00:00,2.264e-05
2023-10-18 00:00:00+00:00,7.478e-05
2023-10-18 08:00:00+00:00,-2.937e-05
2023-10-18 16:00:00+00:00,9.438e-05
2023-10-19 00:00:00+00:00,1.267e-05
2023-10-19 08:00:00.001000+00:00,-0.00010177
2023-10-19 16:00:00+00:00,-0.00018428
2023-10-20 00:00:00+00:00,-1.42e-05
2023-10-20 08:00:00.005000+00:00,-0.00060231
2023-10-20 16:00:00+00:00,-6.18e-06
2023-10-21 00:00:00+00:00,-8.888e-05
2023-10-21 08:00:00+00:00,-9.934e-05
2023-10-21 16:00:00+00:00,6.969e-05
2023-10-22 00:00:00+00:00,-9.897e-05
2023-10-22 08:00:00+00:00,-4.073e-05
2023-10-22 16:00:00+00:00,5.08e-05
2023-10-23 00:00:00+00:00,2.37e-06
2023-10-23 08:00:00.001000+00:00,-2.29e-06
2023-10-23 16:00:00.001000+00:00,1.601e-05
2023-10-24 00:00:00+00:00,0.0001
2023-10-24 08:00:00+00:00,0.0001
2023-10-24 16:00:00+00:00,0.0001
2023-10-25 00:00:00+00:00,0.0001
2023-10-25 08:00:00+00:00,0.0001
2023-10-25 16:00:00.001000+00:00,0.0001
2023-10-26 00:00:00.001000+00:00,0.0001
2023-10-26 08:00:00+00:00,0.0001
2023-10-26 16:00:00+00:00,4.969e-05
2023-10-27 00:00:00+00:00,0.0001
2023-10-27 08:00:00+00:00,0.0001
2023-10-27 16:00:00+00:00,0.0001
2023-10-28 00:00:00+00:00,0.0001
2023-10-28 08:00:00.001000+00:00,0.0001
2023-10-28 16:00:00+00:00,0.0001
2023-10-29 00:00:00+00:00,0.0001
2023-10-29 08:00:00+00:00,0.0001
2023-10-29 16:00:00+00:00,0.0001
2023-10-30 00:00:00+00:00,0.0001
2023-10-30 08:00:00+00:00,9.376e-05
2023-10-30 16:00:00+00:00,0.0001
2023-10-31 00:00:00.001000+00:00,0.0001
2023-10-31 08:00:00+00:00,0.0001
2023-10-31 16:00:00+00:00,4.712e-05
2023-11-01 00:00:00+00:00,5.676e-05
2023-11-01 08:00:00+00:00,-4.06e-05
2023-11-01 16:00:00+00:00,-0.00041129
2023-11-02 00:00:00.001000+00:00,0.0001
2023-11-02 08:00:00+00:00,0.0001
2023-11-02 16:00:00+00:00,0.0001
2023-11-03 00:00:00+00:00,0.0001
2023-11-03 08:00:00+00:00,0.0001
2023-11-03 16:00:00+00:00,0.0001
2023-11-04 00:00:00+00:00,0.0001
2023-11-04 08:00:00+00:00,0.0001
2023-11-04 16:00:00+00:00,0.0001
2023-11-05 00:00:00+00:00,0.0001
2023-11-05 08:00:00+00:00,0.0001
2023-11-05 16:00:00+00:00,0.0001
2023-11-06 00:00:00+00:00,0.0001
2023-11-06 08:00:00.001000+00:00,0.0001
2023-11-06 16:00:00+00:00,0.00015286
2023-11-07 00:00:00.001000+00:00,0.0001
2023-11-07 08:00:00+00:00,0.0001
2023-11-07 16:00:00+00:00,0.00020579
2023-11-08 00:00:00+00:00,0.00017143
2023-11-08 08:00:00+00:00,0.0001
2023-11-08 16:00:00+00:00,0.0001
2023-11-09 00:00:00+00:00,0.0001
2023-11-09 08:00:00+00:00,0.0001
2023-11-09 16:00:00+00:00,0.00028089
2023-11-10 00:00:00+00:00,0.0001
2023-11-10 08:00:00+00:00,0.00015368
2023-11-10 16:00:00+00:00,0.00011529
2023-11-11 00:00:00+00:00,0.0001
2023-11-11 08:00:00+00:00,0.0001
2023-11-11 16:00:00+00:00,0.00030654
2023-11-12 00:00:00+00:00,0.00051279
2023-11-12 08:00:00+00:00,0.00017231
2023-11-12 16:00:00.001000+00:00,0.00016254
2023-11-13 00:00:00+00:00,0.00050694
2023-11-13 08:00:00+00:00,0.00033025
2023-11-13 16:00:00+00:00,0.0001
2023-11-14 00:00:00+00:00,0.00047225
2023-11-14 08:00:00+00:00,0.0001
2023-11-14 16:00:00.001000+00:00,0.00027352
2023-11-15 00:00:00+00:00,0.00012356
2023-11-15 08:00:00+00:00,0.00010903
2023-11-15 16:00:00+00:00,0.00026624
2023-11-16 00:00:00+00:00,0.00031874
2023-11-16 08:00:00+00:00,0.00014572
2023-11-16 16:00:00.001000+00:00,0.0003015
2023-11-17 00:00:00+00:00,0.0001
2023-11-17 08:00:00.001000+00:00,0.0001
2023-11-17 16:00:00.001000+00:00,0.0001
2023-11-18 00:00:00+00:00,0.0001
2023-11-18 08:00:00+00:00,0.0001
2023-11-18 16:00:00+00:00,0.0001
2023-11-19 00:00:00+00:00,0.0001
2023-11-19 08:00:00+00:00,0.0001
2023-11-19 16:00:00+00:00,0.0001
2023-11-20 00:00:00+00:00,0.0001
2023-11-20 08:00:00+00:00,0.0001
2023-11-20 16:00:00+00:00,0.0001
2023-11-21 00:00:00+00:00,0.0001
2023-11-21 08:00:00+00:00,0.0001
2023-11-21 16:00:00+00:00,0.0001
2023-11-22 00:00:00+00:00,0.0001
2023-11-22 08:00:00+00:00,0.0001
2023-11-22 16:00:00+00:00,0.0001
2023-11-23 00:00:00+00:00,0.0001
2023-11-23 08:00:00+00:00,0.0001
2023-11-23 16:00:00.001000+00:00,0.0001
2023-11-24 00:00:00+00:00,0.0001
2023-11-24 08:00:00+00:00,0.0001
2023-11-24 16:00:00+00:00,0.0001
2023-11-25 00:00:00+00:00,0.0001
2023-11-25 08:00:00+00:00,0.0001
2023-11-25 16:00:00+00:00,0.0001
2023-11-26 00:00:00+00:00,0.0001
2023-11-26 08:00:00+00:00,0.0001
2023-11-26 16:00:00+00:00,0.0001
2023-11-27 00:00:00+00:00,0.0001
2023-11-27 08:00:00.001000+00:00,0.0001
2023-11-27 16:00:00+00:00,0.0001
2023-11-28 00:00:00+00:00,0.0001
2023-11-28 08:00:00+00:00,0.0001
2023-11-28 16:00:00+00:00,0.0001
2023-11-29 00:00:00.001000+00:00,0.0001
2023-11-29 08:00:00+00:00,0.0001
2023-11-29 16:00:00+00:00,0.0001
2023-11-30 00:00:00+00:00,0.0001
2023-11-30 08:00:00+00:00,0.0001
2023-11-30 16:00:00+00:00,0.0001
2023-12-01 00:00:00+00:00,0.0001
2023-12-01 08:00:00+00:00,0.0001
2023-12-01 16:00:00+00:00,0.0001
2023-12-02 00:00:00+00:00,0.0001
2023-12-02 08:00:00+00:00,0.00030174
2023-12-02 16:00:00+00:00,0.0001
2023-12-03 00:00:00+00:00,0.0001
2023-12-03 08:00:00+00:00,0.00020381
2023-12-03 16:00:00+00:00,0.00018264
2023-12-04 00:00:00+00:00,0.0001
2023-12-04 08:00:00+00:00,0.00053853
2023-12-04 16:00:00+00:00,0.0001
2023-12-05 00:00:00+00:00,0.0001
2023-12-05 08:00:00+00:00,0.0001
2023-12-05 16:00:00+00:00,0.0001
2023-12-06 00:00:00+00:00,0.00025226
2023-12-06 08:00:00+00:00,0.00045867
2023-12-06 16:00:00+00:00,0.00011861
2023-12-07 00:00:00+00:00,0.0001
2023-12-07 08:00:00+00:00,0.0001
2023-12-07 16:00:00+00:00,0.00036868
2023-12-08 00:00:00+00:00,0.00061268
2023-12-08 08:00:00+00:00,0.00024053
2023-12-08 16:00:00+00:00,0.0002033
2023-12-09 00:00:00+00:00,0.00032215
2023-12-09 08:00:00+00:00,0.000394
2023-12-09 16:00:00+00:00,0.0001
2023-12-10 00:00:00+00:00,0.00025874
2023-12-10 08:00:00+00:00,0.00037686
2023-12-10 16:00:00+00:00,0.00020175
2023-12-11 00:00:00+00:00,0.00027221
2023-12-11 08:00:00+00:00,0.0001
2023-12-11 16:00:00+00:00,0.0001
2023-12-12 00:00:00+00:00,0.00023316
2023-12-12 08:00:00+00:00,0.00011574
2023-12-12 16:00:00+00:00,0.00011972
2023-12-13 00:00:00+00:00,0.0001
2023-12-13 08:00:00+00:00,0.0001
2023-12-13 16:00:00.001000+00:00,0.0001
2023-12-14 00:00:00+00:00,0.0001
2023-12-14 08:00:00+00:00,0.0001
2023-12-14 16:00:00+00:00,0.0001
2023-12-15 00:00:00+00:00,0.00016198
2023-12-15 08:00:00+00:00,0.0001688
2023-12-15 16:00:00+00:00,0.00032874
2023-12-16 00:00:00+00:00,0.0001
2023-12-16 08:00:00+00:00,0.0001
2023-12-16 16:00:00.001000+00:00,0.0001
2023-12-17 00:00:00+00:00,0.0001
2023-12-17 08:00:00+00:00,0.0001
2023-12-17 16:00:00+00:00,0.0001
2023-12-18 00:00:00+00:00,0.0001
2023-12-18 08:00:00.001000+00:00,0.0001
2023-12-18 16:00:00+00:00,0.0001
2023-12-19 00:00:00+00:00,0.0001
2023-12-19 08:00:00+00:00,0.0001
2023-12-19 16:00:00+00:00,0.0001033
2023-12-20 00:00:00+00:00,0.0001
2023-12-20 08:00:00+00:00,0.00028564
2023-12-20 16:00:00+00:00,0.00018812
2023-12-21 00:00:00+00:00,0.0001
2023-12-21 08:00:00+00:00,0.0001
2023-12-21 16:00:00+00:00,0.0001
2023-12-22 00:00:00+00:00,0.00031152
2023-12-22 08:00:00+00:00,0.00036827
2023-12-22 16:00:00+00:00,0.00012814
2023-12-23 00:00:00+00:00,0.0001
2023-12-23 08:00:00.001000+00:00,0.00018694
2023-12-23 16:00:00+00:00,0.0001
2023-12-24 00:00:00+00:00,0.00034505
2023-12-24 08:00:00+00:00,0.00025777
2023-12-24 16:00:00+00:00,0.00012453
2023-12-25 00:00:00+00:00,0.0001913
2023-12-25 08:00:00+00:00,0.00018571
2023-12-25 16:00:00+00:00,0.00063964
2023-12-26 00:00:00+00:00,0.00029627
2023-12-26 08:00:00+00:00,0.00012594
2023-12-26 16:00:00+00:00,0.00014423
2023-12-27 00:00:00+00:00,0.0001
2023-12-27 08:00:00+00:00,0.00041146
2023-12-27 16:00:00+00:00,0.00067699
2023-12-28 00:00:00+00:00,0.00053993
2023-12-28 08:00:00+00:00,0.00086297
2023-12-28 16:00:00+00:00,0.00084399
2023-12-29 00:00:00.001000+00:00,0.00050327
2023-12-29 08:00:00+00:00,0.00040365
2023-12-29 16:00:00+00:00,0.00044869
2023-12-30 00:00:00.001000+00:00,0.00046726
2023-12-30 08:00:00+00:00,0.00024082
2023-12-30 16:00:00+00:00,0.00030813
2023-12-31 00:00:00+00:00,0.00034362
2023-12-31 08:00:00.001000+00:00,0.00052654
2023-12-31 16:00:00+00:00,0.00041035
2024-01-01 00:00:00+00:00,0.0002241
2024-01-01 08:00:00+00:00,0.00032989
2024-01-01 16:00:00+00:00,0.00051477
2024-01-02 00:00:00+00:00,0.00057513
2024-01-02 08:00:00+00:00,0.00046798
2024-01-02 16:00:00+00:00,0.00096801
2024-01-03 00:00:00+00:00,0.00032289
2024-01-03 08:00:00+00:00,0.00013468
2024-01-03 16:00:00+00:00,0.0001
2024-01-04 00:00:00+00:00,0.0001
2024-01-04 08:00:00+00:00,0.0001
2024-01-04 16:00:00+00:00,0.0001
2024-01-05 00:00:00.001000+00:00,0.0001
2024-01-05 08:00:00+00:00,0.0001
2024-01-05 16:00:00+00:00,0.0001
2024-01-06 00:00:00+00:00,0.0001
2024-01-06 08:00:00+00:00,0.0001
2024-01-06 16:00:00+00:00,0.0001
2024-01-07 00:00:00+00:00,0.0001
2024-01-07 08:00:00.001000+00:00,0.0001
2024-01-07 16:00:00.001000+00:00,0.0001
2024-01-08 00:00:00+00:00,0.0001
2024-01-08 08:00:00+00:00,0.0001
2024-01-08 16:00:00+00:00,0.0001
2024-01-09 00:00:00.001000+00:00,0.0001
2024-01-09 08:00:00+00:00,0.0001
2024-01-09 16:00:00+00:00,0.0001
2024-01-10 00:00:00+00:00,0.0001
2024-01-10 08:00:00+00:00,0.0001
2024-01-10 16:00:00+00:00,0.0001
2024-01-11 00:00:00+00:00,0.0001
2024-01-11 08:00:00+00:00,0.0001
2024-01-11 16:00:00+00:00,0.0001
2024-01-12 00:00:00.001000+00:00,0.0001
2024-01-12 08:00:00+00:00,0.0001
2024-01-12 16:00:00+00:00,0.0001
2024-01-13 00:00:00+00:00,0.0001
2024-01-13 08:00:00+00:00,0.0001
2024-01-13 16:00:00.001000+00:00,0.0001
2024-01-14 00:00:00+00:00,0.0001
2024-01-14 08:00:00+00:00,0.0001
2024-01-14 16:00:00.001000+00:00,0.0001
2024-01-15 00:00:00+00:00,0.0001
2024-01-15 08:00:00+00:00,0.0001
2024-01-15 16:00:00+00:00,0.0001
2024-01-16 00:00:00+00:00,0.0001
2024-01-16 08:00:00+00:00,0.0001
2024-01-16 16:00:00.001000+00:00,0.0001
2024-01-17 00:00:00+00:00,0.0001
2024-01-17 08:00:00+00:00,0.0001
2024-01-17 16:00:00+00:00,0.0001
2024-01-18 00:00:00.001000+00:00,0.0001
2024-01-18 08:00:00+00:00,0.0001
2024-01-18 16:00:00+00:00,0.0001
2024-01-19 00:00:00+00:00,0.0001
2024-01-19 08:00:00+00:00,0.0001
2024-01-19 16:00:00.002000+00:00,0.0001
2024-01-20 00:00:00+00:00,0.0001
2024-01-20 08:00:00.003000+00:00,0.0001
2024-01-20 16:00:00+00:00,0.0001
2024-01-21 00:00:00+00:00,0.0001
2024-01-21 08:00:00+00:00,0.0001
2024-01-21 16:00:00+00:00,0.0001
2024-01-22 00:00:00+00:00,0.0001
2024-01-22 08:00:00+00:00,0.0001
2024-01-22 16:00:00+00:00,0.0001
2024-01-23 00:00:00+00:00,0.0001
2024-01-23 08:00:00+00:00,0.0001
2024-01-23 16:00:00+00:00,0.0001
2024-01-24 00:00:00+00:00,0.0001
2024-01-24 08:00:00+00:00,0.0001
2024-01-24 16:00:00+00:00,0.0001
2024-01-25 00:00:00+00:00,0.0001
2024-01-25 08:00:00.001000+00:00,0.0001
2024-01-25 16:00:00+00:00,0.0001
2024-01-26 00:00:00.001000+00:00,0.0001
2024-01-26 08:00:00+00:00,0.0001
2024-01-26 16:00:00+00:00,7.999e-05
2024-01-27 00:00:00+00:00,0.0001
2024-01-27 08:00:00+00:00,0.0001
2024-01-27 16:00:00+00:00,0.0001
2024-01-28 00:00:00+00:00,8.902e-05
2024-01-28 08:00:00+00:00,2.568e-05
2024-01-28 16:00:00+00:00,0.0001
2024-01-29 00:00:00+00:00,0.0001
2024-01-29 08:00:00.001000+00:00,3.929e-05
2024-01-29 16:00:00+00:00,0.0001
2024-01-30 00:00:00+00:00,0.0001
2024-01-30 08:00:00+00:00,4.333e-05
2024-01-30 16:00:00.001000+00:00,0.0001
2024-01-31 00:00:00+00:00,0.0001
2024-01-31 08:00:00+00:00,5.702e-05
2024-01-31 16:00:00+00:00,0.0001
2024-02-01 00:00:00+00:00,5.15e-05
2024-02-01 08:00:00+00:00,0.0001
2024-02-01 16:00:00.002000+00:00,7.451e-05
2024-02-02 00:00:00+00:00,0.0001
2024-02-02 08:00:00+00:00,0.0001
2024-02-02 16:00:00+00:00,0.0001
2024-02-03 00:00:00+00:00,0.0001
2024-02-03 08:00:00+00:00,9.726e-05
2024-02-03 16:00:00.001000+00:00,0.0001
2024-02-04 00:00:00+00:00,0.0001
2024-02-04 08:00:00.004000+00:00,0.0001
2024-02-04 16:00:00+00:00,0.0001
2024-02-05 00:00:00+00:00,0.0001
2024-02-05 08:00:00+00:00,0.0001
2024-02-05 16:00:00+00:00,0.0001
2024-02-06 00:00:00+00:00,5.616e-05
2024-02-06 08:00:00.001000+00:00,0.0001
2024-02-06 16:00:00+00:00,0.0001
2024-02-07 00:00:00+00:00,0.0001
2024-02-07 08:00:00+00:00,0.0001
2024-02-07 16:00:00+00:00,0.0001
2024-02-08 00:00:00+00:00,0.0001
2024-02-08 08:00:00+00:00,0.0001
2024-02-08 16:00:00+00:00,0.0001
2024-02-09 00:00:00+00:00,7.069e-05
2024-02-09 08:00:00+00:00,3.075e-05
2024-02-09 16:00:00.001000+00:00,0.0001
2024-02-10 00:00:00.001000+00:00,0.0001
2024-02-10 08:00:00+00:00,0.0001
2024-02-10 16:00:00+00:00,0.0001
2024-02-11 00:00:00+00:00,0.0001
2024-02-11 08:00:00.001000+00:00,0.0001
2024-02-11 16:00:00+00:00,0.0001
2024-02-12 00:00:00+00:00,0.0001
2024-02-12 08:00:00+00:00,0.0001
2024-02-12 16:00:00+00:00,0.0001
2024-02-13 00:00:00+00:00,0.0001
2024-02-13 08:00:00+00:00,0.00014166
2024-02-13 16:00:00+00:00,0.0001
2024-02-14 00:00:00+00:00,0.0001
2024-02-14 08:00:00+00:00,0.0001
2024-02-14 16:00:00+00:00,0.00029225
2024-02-15 00:00:00+00:00,0.00013572
2024-02-15 08:00:00+00:00,0.00015932
2024-02-15 16:00:00+00:00,0.00012
2024-02-16 00:00:00+00:00,0.00022371
2024-02-16 08:00:00+00:00,0.00032087
2024-02-16 16:00:00+00:00,0.00016914
2024-02-17 00:00:00+00:00,0.00017661
2024-02-17 08:00:00+00:00,0.00042046
2024-02-17 16:00:00+00:00,0.00028279
2024-02-18 00:00:00+00:00,0.00022777
2024-02-18 08:00:00+00:00,0.00019395
2024-02-18 16:00:00+00:00,0.00022192
2024-02-19 00:00:00+00:00,0.0003023
2024-02-19 08:00:00+00:00,0.00029566
2024-02-19 16:00:00+00:00,0.00031944
2024-02-20 00:00:00+00:00,0.0004747
2024-02-20 08:00:00+00:00,0.00029934
2024-02-20 16:00:00+00:00,0.00031742
2024-02-21 00:00:00+00:00,0.00016255
2024-02-21 08:00:00+00:00,0.0002531
2024-02-21 16:00:00+00:00,0.0001773
2024-02-22 00:00:00.001000+00:00,0.00016351
2024-02-22 08:00:00.001000+00:00,0.00021049
2024-02-22 16:00:00+00:00,0.00018339
2024-02-23 00:00:00+00:00,0.00026289
2024-02-23 08:00:00+00:00,0.00032841
2024-02-23 16:00:00+00:00,0.00016957
2024-02-24 00:00:00+00:00,0.00027113
2024-02-24 08:00:00.001000+00:00,0.00033132
2024-02-24 16:00:00+00:00,0.0002623
2024-02-25 00:00:00.001000+00:00,0.00027207
2024-02-25 08:00:00+00:00,0.00041614
2024-02-25 16:00:00+00:00,0.00042645
2024-02-26 00:00:00+00:00,0.00055329
2024-02-26 08:00:00+00:00,0.00055349
2024-02-26 16:00:00+00:00,0.00038701
2024-02-27 00:00:00+00:00,0.00060184
2024-02-27 08:00:00+00:00,0.00069189
2024-02-27 16:00:00+00:00,0.00051508
2024-02-28 00:00:00+00:00,0.00032603
2024-02-28 08:00:00+00:00,0.00040753
2024-02-28 16:00:00+00:00,0.00078549
2024-02-29 00:00:00+00:00,0.00089
2024-02-29 08:00:00+00:00,0.00098885
2024-02-29 16:00:00+00:00,0.00081567
2024-03-01 00:00:00+00:00,0.00060436
2024-03-01 08:00:00+00:00,0.00061591
2024-03-01 16:00:00+00:00,0.00066424
2024-03-02 00:00:00+00:00,0.00073268
2024-03-02 08:00:00.001000+00:00,0.000755
2024-03-02 16:00:00+00:00,0.00063147
2024-03-03 00:00:00+00:00,0.00076414
2024-03-03 08:00:00+00:00,0.0005416
2024-03-03 16:00:00+00:00,0.00058338
2024-03-04 00:00:00+00:00,0.00070533
2024-03-04 08:00:00+00:00,0.00072401
2024-03-04 16:00:00+00:00,0.00073074
2024-03-05 00:00:00+00:00,0.00071628
2024-03-05 08:00:00+00:00,0.00119261
2024-03-05 16:00:00+00:00,0.0011456
2024-03-06 00:00:00+00:00,0.0001
2024-03-06 08:00:00.001000+00:00,0.00036233
2024-03-06 16:00:00+00:00,0.00038317
2024-03-07 00:00:00+00:00,0.00038906
2024-03-07 08:00:00+00:00,0.00054339
2024-03-07 16:00:00+00:00,0.00052411
2024-03-08 00:00:00+00:00,0.00059435
2024-03-08 08:00:00+00:00,0.00055843
2024-03-08 16:00:00+00:00,0.00053032
2024-03-09 00:00:00+00:00,0.00048054
2024-03-09 08:00:00.001000+00:00,0.00029228
2024-03-09 16:00:00+00:00,0.00044156
2024-03-10 00:00:00+00:00,0.00040915
2024-03-10 08:00:00+00:00,0.00084919
2024-03-10 16:00:00+00:00,0.00033129
2024-03-11 00:00:00+00:00,0.00023257
2024-03-11 08:00:00+00:00,0.00066664
2024-03-11 16:00:00+00:00,0.00081096
2024-03-12 00:00:00+00:00,0.00071463
2024-03-12 08:00:00+00:00,0.00073858
2024-03-12 16:00:00+00:00,0.00055607
2024-03-13 00:00:00+00:00,0.00064251
2024-03-13 08:00:00.001000+00:00,0.00069679
2024-03-13 16:00:00+00:00,0.00064562
2024-03-14 00:00:00.001000+00:00,0.0005267
2024-03-14 08:00:00+00:00,0.0005183
2024-03-14 16:00:00+00:00,0.00052725
2024-03-15 00:00:00+00:00,0.00063046
2024-03-15 08:00:00+00:00,0.00034279
2024-03-15 16:00:00+00:00,0.0002746
2024-03-16 00:00:00+00:00,0.00014955
2024-03-16 08:00:00+00:00,0.00020435
2024-03-16 16:00:00+00:00,0.00015327
2024-03-17 00:00:00+00:00,0.00014108
2024-03-17 08:00:00+00:00,0.0001
2024-03-17 16:00:00+00:00,0.00030858
2024-03-18 00:00:00+00:00,0.00033129
2024-03-18 08:00:00+00:00,0.00028956
2024-03-18 16:00:00.001000+00:00,0.00018996
2024-03-19 00:00:00+00:00,0.0002092
2024-03-19 08:00:00+00:00,0.00020307
2024-03-19 16:00:00.001000+00:00,0.0001
2024-03-20 00:00:00+00:00,0.00018828
2024-03-20 08:00:00.004000+00:00,0.00018831
2024-03-20 16:00:00+00:00,0.00010917
2024-03-21 00:00:00+00:00,0.00015928
2024-03-21 08:00:00+00:00,0.00030752
2024-03-21 16:00:00+00:00,0.00014524
2024-03-22 00:00:00+00:00,0.00014092
2024-03-22 08:00:00+00:00,0.00014802
2024-03-22 16:00:00+00:00,0.00016161
2024-03-23 00:00:00+00:00,0.00015244
2024-03-23 08:00:00+00:00,0.00015091
2024-03-23 16:00:00+00:00,0.00016841
2024-03-24 00:00:00+00:00,0.00017713
2024-03-24 08:00:00+00:00,0.00015435
2024-03-24 16:00:00+00:00,0.00025686
2024-03-25 00:00:00+00:00,0.00021466
2024-03-25 08:00:00.001000+00:00,0.00017494
2024-03-25 16:00:00+00:00,0.00020373
2024-03-26 00:00:00+00:00,0.00039207
2024-03-26 08:00:00+00:00,0.00020767
2024-03-26 16:00:00+00:00,0.00025173
2024-03-27 00:00:00+00:00,0.00032068
2024-03-27 08:00:00.001000+00:00,0.0004048
2024-03-27 16:00:00+00:00,0.00025221
2024-03-28 00:00:00+00:00,0.00026487
2024-03-28 08:00:00+00:00,0.00039989
2024-03-28 16:00:00+00:00,0.00036742
2024-03-29 00:00:00+00:00,0.00045018
2024-03-29 08:00:00+00:00,0.00035449
2024-03-29 16:00:00+00:00,0.00040773
2024-03-30 00:00:00+00:00,0.00052381
2024-03-30 08:00:00+00:00,0.00055026
2024-03-30 16:00:00+00:00,0.00058211
2024-03-31 00:00:00+00:00,0.00044594
2024-03-31 08:00:00+00:00,0.00046087
2024-03-31 16:00:00.001000+00:00,0.00053015
2024-04-01 00:00:00+00:00,0.00083459
2024-04-01 08:00:00+00:00,0.00044327
2024-04-01 16:00:00+00:00,0.00031429
2024-04-02 00:00:00.007000+00:00,0.00015817
2024-04-02 08:00:00.015000+00:00,0.0001
2024-04-02 16:00:00+00:00,0.00015893
2024-04-03 00:00:00+00:00,0.0001096
2024-04-03 08:00:00+00:00,0.0001
2024-04-03 16:00:00+00:00,0.00016154
2024-04-04 00:00:00+00:00,0.0001
2024-04-04 08:00:00+00:00,0.0001
2024-04-04 16:00:00+00:00,0.00016815
2024-04-05 00:00:00+00:00,0.0001
2024-04-05 08:00:00+00:00,0.0001
2024-04-05 16:00:00+00:00,0.0001
2024-04-06 00:00:00+00:00,0.0001
2024-04-06 08:00:00+00:00,0.0001
2024-04-06 16:00:00+00:00,0.0001
2024-04-07 00:00:00+00:00,0.0001
2024-04-07 08:00:00+00:00,0.0001
2024-04-07 16:00:00+00:00,0.0001
2024-04-08 00:00:00.001000+00:00,0.00013953
2024-04-08 08:00:00+00:00,0.00025466
2024-04-08 16:00:00.006000+00:00,0.00018234
2024-04-09 00:00:00+00:00,0.00013524
2024-04-09 08:00:00.001000+00:00,0.00012502
2024-04-09 16:00:00.001000+00:00,0.00011397
2024-04-10 00:00:00+00:00,0.00036513
2024-04-10 08:00:00.001000+00:00,0.00031624
2024-04-10 16:00:00+00:00,0.00017163
2024-04-11 00:00:00+00:00,0.00027306
2024-04-11 08:00:00+00:00,0.00024101
2024-04-11 16:00:00+00:00,0.00027676
2024-04-12 00:00:00+00:00,0.00026578
2024-04-12 08:00:00.001000+00:00,0.0002941
2024-04-12 16:00:00+00:00,0.00025596
2024-04-13 00:00:00+00:00,0.0001
2024-04-13 08:00:00+00:00,0.0001
2024-04-13 16:00:00.001000+00:00,0.0001
2024-04-14 00:00:00+00:00,0.0001
2024-04-14 08:00:00+00:00,0.0001
2024-04-14 16:00:00+00:00,0.0001
2024-04-15 00:00:00+00:00,9.686e-05
2024-04-15 08:00:00.001000+00:00,-7.58e-06
2024-04-15 16:00:00+00:00,6.37e-05
2024-04-16 00:00:00.001000+00:00,-5.815e-05
2024-04-16 08:00:00+00:00,4.459e-05
2024-04-16 16:00:00+00:00,2.516e-05
2024-04-17 00:00:00+00:00,-2.599e-05
2024-04-17 08:00:00+00:00,3.33e-06
2024-04-17 16:00:00+00:00,0.0001
2024-04-18 00:00:00+00:00,6.888e-05
2024-04-18 08:00:00+00:00,7.203e-05
2024-04-18 16:00:00+00:00,6.59e-05
2024-04-19 00:00:00.001000+00:00,-1.667e-05
2024-04-19 08:00:00+00:00,4.68e-05
2024-04-19 16:00:00+00:00,2.007e-05
2024-04-20 00:00:00+00:00,0.0001
2024-04-20 08:00:00+00:00,4.184e-05
2024-04-20 16:00:00+00:00,6.594e-05
2024-04-21 00:00:00+00:00,7.055e-05
2024-04-21 08:00:00+00:00,-2.982e-05
2024-04-21 16:00:00+00:00,4.268e-05
2024-04-22 00:00:00+00:00,3.735e-05
2024-04-22 08:00:00+00:00,8.512e-05
2024-04-22 16:00:00+00:00,-3.018e-05
2024-04-23 00:00:00+00:00,-1.27e-05
2024-04-23 08:00:00+00:00,-4.214e-05
2024-04-23 16:00:00.001000+00:00,1.577e-05
2024-04-24 00:00:00+00:00,9.77e-06
2024-04-24 08:00:00+00:00,6.43e-06
2024-04-24 16:00:00+00:00,0.0001
2024-04-25 00:00:00+00:00,0.0001
2024-04-25 08:00:00+00:00,2.239e-05
2024-04-25 16:00:00.010000+00:00,0.0001
2024-04-26 00:00:00.001000+00:00,6.164e-05
2024-04-26 08:00:00+00:00,8.426e-05
2024-04-26 16:00:00+00:00,8.505e-05
2024-04-27 00:00:00+00:00,5.384e-05
2024-04-27 08:00:00.001000+00:00,-2.561e-05
2024-04-27 16:00:00+00:00,2.358e-05
2024-04-28 00:00:00+00:00,2.733e-05
2024-04-28 08:00:00+00:00,3.029e-05
2024-04-28 16:00:00+00:00,0.0001
2024-04-29 00:00:00+00:00,0.0001
2024-04-29 08:00:00+00:00,0.0001
2024-04-29 16:00:00+00:00,0.0001
2024-04-30 00:00:00+00:00,6.384e-05
2024-04-30 08:00:00+00:00,0.0001
2024-04-30 16:00:00+00:00,4.102e-05
2024-05-01 00:00:00+00:00,-3.566e-05
2024-05-01 08:00:00+00:00,0.0001
2024-05-01 16:00:00+00:00,9.105e-05
2024-05-02 00:00:00+00:00,3.78e-06
2024-05-02 08:00:00+00:00,7.951e-05
2024-05-02 16:00:00.002000+00:00,3.479e-05
2024-05-03 00:00:00+00:00,5.799e-05
2024-05-03 08:00:00+00:00,-5.326e-05
2024-05-03 16:00:00+00:00,3.126e-05
2024-05-04 00:00:00+00:00,-8.768e-05
2024-05-04 08:00:00+00:00,1.077e-05
2024-05-04 16:00:00+00:00,1.309e-05
2024-05-05 00:00:00+00:00,5.621e-05
2024-05-05 08:00:00+00:00,8.266e-05
2024-05-05 16:00:00+00:00,7.548e-05
2024-05-06 00:00:00+00:00,5.854e-05
2024-05-06 08:00:00+00:00,5.22e-05
2024-05-06 16:00:00+00:00,0.0001
2024-05-07 00:00:00+00:00,7.714e-05
2024-05-07 08:00:00+00:00,-1.698e-05
2024-05-07 16:00:00+00:00,2.502e-05
2024-05-08 00:00:00+00:00,0.0001
2024-05-08 08:00:00+00:00,0.0001
2024-05-08 16:00:00+00:00,0.0001
2024-05-09 00:00:00+00:00,5.327e-05
2024-05-09 08:00:00+00:00,8.335e-05
2024-05-09 16:00:00+00:00,7.648e-05
2024-05-10 00:00:00+00:00,2.012e-05
2024-05-10 08:00:00+00:00,5.156e-05
2024-05-10 16:00:00+00:00,0.0001
2024-05-11 00:00:00+00:00,4.734e-05
2024-05-11 08:00:00+00:00,9.445e-05
2024-05-11 16:00:00+00:00,5.096e-05
2024-05-12 00:00:00+00:00,4.613e-05
2024-05-12 08:00:00+00:00,2.9e-05
2024-05-12 16:00:00+00:00,6.071e-05
2024-05-13 00:00:00.001000+00:00,-7.24e-06
2024-05-13 08:00:00.001000+00:00,0.0001
2024-05-13 16:00:00+00:00,9.778e-05
2024-05-14 00:00:00+00:00,0.0001
2024-05-14 08:00:00+00:00,8.969e-05
2024-05-14 16:00:00+00:00,4.564e-05
2024-05-15 00:00:00+00:00,1.738e-05
2024-05-15 08:00:00+00:00,1.895e-05
2024-05-15 16:00:00+00:00,8.36e-05
2024-05-16 00:00:00.004000+00:00,0.0001
2024-05-16 08:00:00+00:00,0.0001
2024-05-16 16:00:00+00:00,0.0001
2024-05-17 00:00:00+00:00,7.45e-05
2024-05-17 08:00:00+00:00,3.361e-05
2024-05-17 16:00:00+00:00,4.112e-05
2024-05-18 00:00:00+00:00,4.208e-05
2024-05-18 08:00:00+00:00,2.883e-05
2024-05-18 16:00:00+00:00,6.893e-05
2024-05-19 00:00:00+00:00,3.799e-05
2024-05-19 08:00:00+00:00,1.875e-05
2024-05-19 16:00:00+00:00,8.795e-05
2024-05-20 00:00:00+00:00,0.0001
2024-05-20 08:00:00+00:00,0.0001
2024-05-20 16:00:00.003000+00:00,6.762e-05
2024-05-21 00:00:00+00:00,0.0001
2024-05-21 08:00:00.001000+00:00,0.0001
2024-05-21 16:00:00+00:00,0.0001
2024-05-22 00:00:00+00:00,0.0001
2024-05-22 08:00:00+00:00,0.0001
2024-05-22 16:00:00+00:00,0.0001
2024-05-23 00:00:00+00:00,0.0001
2024-05-23 08:00:00+00:00,0.0001
2024-05-23 16:00:00+00:00,0.0001
2024-05-24 00:00:00+00:00,0.0001
2024-05-24 08:00:00+00:00,0.0001
2024-05-24 16:00:00+00:00,0.0001
2024-05-25 00:00:00+00:00,0.0001
2024-05-25 08:00:00+00:00,0.0001
2024-05-25 16:00:00+00:00,0.0001
2024-05-26 00:00:00+00:00,0.0001
2024-05-26 08:00:00+00:00,0.0001
2024-05-26 16:00:00+00:00,0.0001
2024-05-27 00:00:00+00:00,0.0001
2024-05-27 08:00:00+00:00,0.0001
2024-05-27 16:00:00+00:00,0.0001
2024-05-28 00:00:00+00:00,0.0001
2024-05-28 08:00:00+00:00,0.0001
2024-05-28 16:00:00+00:00,0.00014129
2024-05-29 00:00:00.001000+00:00,0.00018529
2024-05-29 08:00:00+00:00,0.00013729
2024-05-29 16:00:00+00:00,0.0001
2024-05-30 00:00:00+00:00,0.0001
2024-05-30 08:00:00+00:00,0.0001
2024-05-30 16:00:00+00:00,0.0001
2024-05-31 00:00:00+00:00,0.0001
2024-05-31 08:00:00+00:00,0.0001
2024-05-31 16:00:00+00:00,0.0001
2024-06-01 00:00:00+00:00,0.00016081
2024-06-01 08:00:00+00:00,0.00011764
2024-06-01 16:00:00.001000+00:00,0.00010981
2024-06-02 00:00:00+00:00,0.00016684
2024-06-02 08:00:00+00:00,0.0001
2024-06-02 16:00:00+00:00,0.0001
2024-06-03 00:00:00+00:00,0.00012157
2024-06-03 08:00:00+00:00,0.00010832
2024-06-03 16:00:00+00:00,0.00011323
2024-06-04 00:00:00+00:00,0.00015497
2024-06-04 08:00:00+00:00,0.00013282
2024-06-04 16:00:00+00:00,0.00016338
2024-06-05 00:00:00+00:00,0.00021045
2024-06-05 08:00:00+00:00,0.00023899
2024-06-05 16:00:00+00:00,0.00021842
2024-06-06 00:00:00+00:00,0.00016193
2024-06-06 08:00:00.008000+00:00,0.00020255
2024-06-06 16:00:00+00:00,0.00020758
2024-06-07 00:00:00+00:00,0.0001
2024-06-07 08:00:00+00:00,0.00016418
2024-06-07 16:00:00+00:00,0.0001698
2024-06-08 00:00:00+00:00,0.0001
2024-06-08 08:00:00+00:00,0.0001
2024-06-08 16:00:00+00:00,0.0001
2024-06-09 00:00:00+00:00,0.0001
2024-06-09 08:00:00+00:00,0.0001
2024-06-09 16:00:00.001000+00:00,0.0001
2024-06-10 00:00:00+00:00,0.0001
2024-06-10 08:00:00+00:00,0.0001
2024-06-10 16:00:00.001000+00:00,0.0001
2024-06-11 00:00:00.001000+00:00,0.0001
2024-06-11 08:00:00+00:00,0.0001
2024-06-11 16:00:00+00:00,0.0001
2024-06-12 00:00:00+00:00,0.0001
2024-06-12 08:00:00+00:00,0.0001
2024-06-12 16:00:00+00:00,0.0001
2024-06-13 00:00:00+00:00,0.0001
2024-06-13 08:00:00.001000+00:00,0.0001
2024-06-13 16:00:00+00:00,0.0001
2024-06-14 00:00:00+00:00,0.0001
2024-06-14 08:00:00+00:00,8.277e-05
2024-06-14 16:00:00+00:00,9.897e-05
2024-06-15 00:00:00+00:00,0.0001
2024-06-15 08:00:00+00:00,0.0001
2024-06-15 16:00:00+00:00,0.0001
2024-06-16 00:00:00.001000+00:00,0.0001
2024-06-16 08:00:00+00:00,0.0001
2024-06-16 16:00:00+00:00,3.192e-05
2024-06-17 00:00:00+00:00,0.0001
2024-06-17 08:00:00+00:00,0.0001
2024-06-17 16:00:00+00:00,7.161e-05
2024-06-18 00:00:00+00:00,7.592e-05
2024-06-18 08:00:00+00:00,-8.849e-05
2024-06-18 16:00:00+00:00,0.0001
2024-06-19 00:00:00.001000+00:00,0.0001
2024-06-19 08:00:00.001000+00:00,4.103e-05
2024-06-19 16:00:00+00:00,6.996e-05
2024-06-20 00:00:00+00:00,7.341e-05
2024-06-20 08:00:00+00:00,1.175e-05
2024-06-20 16:00:00+00:00,-2.605e-05
2024-06-21 00:00:00+00:00,8.76e-06
2024-06-21 08:00:00+00:00,4.454e-05
2024-06-21 16:00:00+00:00,4.111e-05
2024-06-22 00:00:00+00:00,7.06e-05
2024-06-22 08:00:00+00:00,-2.362e-05
2024-06-22 16:00:00+00:00,0.0001
2024-06-23 00:00:00+00:00,7.846e-05
2024-06-23 08:00:00+00:00,3.933e-05
2024-06-23 16:00:00+00:00,4.131e-05
2024-06-24 00:00:00.002000+00:00,0.0001
2024-06-24 08:00:00+00:00,3.318e-05
2024-06-24 16:00:00+00:00,2.872e-05
2024-06-25 00:00:00+00:00,1.182e-05
2024-06-25 08:00:00+00:00,-3.228e-05
2024-06-25 16:00:00+00:00,8.255e-05
2024-06-26 00:00:00.002000+00:00,0.0001
2024-06-26 08:00:00+00:00,0.0001
2024-06-26 16:00:00+00:00,0.0001
2024-06-27 00:00:00+00:00,0.0001
2024-06-27 08:00:00.001000+00:00,0.0001
2024-06-27 16:00:00+00:00,0.0001
2024-06-28 00:00:00+00:00,0.0001
2024-06-28 08:00:00+00:00,8.707e-05
2024-06-28 16:00:00+00:00,9.286e-05
2024-06-29 00:00:00.001000+00:00,0.0001
2024-06-29 08:00:00+00:00,0.0001
2024-06-29 16:00:00+00:00,0.0001
2024-06-30 00:00:00+00:00,0.0001
2024-06-30 08:00:00+00:00,0.0001
2024-06-30 16:00:00+00:00,0.0001
2024-07-01 00:00:00+00:00,8.734e-05
2024-07-01 08:00:00+00:00,5.816e-05
2024-07-01 16:00:00.001000+00:00,0.0001
2024-07-02 00:00:00+00:00,0.0001
2024-07-02 08:00:00+00:00,7.576e-05
2024-07-02 16:00:00+00:00,2.759e-05
2024-07-03 00:00:00+00:00,0.0001
2024-07-03 08:00:00.001000+00:00,0.0001
2024-07-03 16:00:00+00:00,0.0001
2024-07-04 00:00:00+00:00,0.0001
2024-07-04 08:00:00+00:00,8.877e-05
2024-07-04 16:00:00+00:00,4.97e-05
2024-07-05 00:00:00+00:00,-9.47e-06
2024-07-05 08:00:00+00:00,5.21e-05
2024-07-05 16:00:00+00:00,-0.0001139
2024-07-06 00:00:00+00:00,7.35e-05
2024-07-06 08:00:00+00:00,4.265e-05
2024-07-06 16:00:00+00:00,-0.00012992
2024-07-07 00:00:00.001000+00:00,3.52e-06
2024-07-07 08:00:00+00:00,0.0001
2024-07-07 16:00:00+00:00,0.0001
2024-07-08 00:00:00+00:00,0.0001
2024-07-08 08:00:00+00:00,-5.629e-05
2024-07-08 16:00:00+00:00,0.0001
2024-07-09 00:00:00+00:00,0.0001
2024-07-09 08:00:00.001000+00:00,5.602e-05
2024-07-09 16:00:00+00:00,4.22e-05
2024-07-10 00:00:00+00:00,8.78e-05
2024-07-10 08:00:00+00:00,8.961e-05
2024-07-10 16:00:00+00:00,7.406e-05
2024-07-11 00:00:00.002000+00:00,0.0001
2024-07-11 08:00:00.002000+00:00,2.205e-05
2024-07-11 16:00:00.004000+00:00,-1.433e-05
2024-07-12 00:00:00+00:00,0.0001
2024-07-12 08:00:00+00:00,4.566e-05
2024-07-12 16:00:00+00:00,-1.079e-05
2024-07-13 00:00:00+00:00,1.668e-05
2024-07-13 08:00:00+00:00,8.326e-05
2024-07-13 16:00:00+00:00,4.063e-05
2024-07-14 00:00:00+00:00,8.116e-05
2024-07-14 08:00:00+00:00,4.07e-05
2024-07-14 16:00:00+00:00,2.006e-05
2024-07-15 00:00:00+00:00,-1.038e-05
2024-07-15 08:00:00+00:00,2.402e-05
2024-07-15 16:00:00+00:00,3.81e-05
2024-07-16 00:00:00+00:00,-3.759e-05
2024-07-16 08:00:00+00:00,0.0001
2024-07-16 16:00:00+00:00,7.774e-05
2024-07-17 00:00:00+00:00,0.0001
2024-07-17 08:00:00.001000+00:00,5.083e-05
2024-07-17 16:00:00+00:00,0.0001
2024-07-18 00:00:00+00:00,6.464e-05
2024-07-18 08:00:00+00:00,8.411e-05
2024-07-18 16:00:00+00:00,0.0001
2024-07-19 00:00:00+00:00,7.366e-05
2024-07-19 08:00:00+00:00,0.0001
2024-07-19 16:00:00+00:00,5.128e-05
2024-07-20 00:00:00.001000+00:00,0.0001
2024-07-20 08:00:00+00:00,2.379e-05
2024-07-20 16:00:00+00:00,3.05e-06
2024-07-21 00:00:00+00:00,0.0001
2024-07-21 08:00:00+00:00,0.0001
2024-07-21 16:00:00+00:00,5.463e-05
2024-07-22 00:00:00+00:00,0.0001
2024-07-22 08:00:00+00:00,0.0001
2024-07-22 16:00:00+00:00,7.105e-05
2024-07-23 00:00:00+00:00,0.0001
2024-07-23 08:00:00+00:00,0.0001
2024-07-23 16:00:00+00:00,0.0001
2024-07-24 00:00:00+00:00,4.584e-05
2024-07-24 08:00:00+00:00,0.0001
2024-07-24 16:00:00+00:00,7.12e-05
2024-07-25 00:00:00+00:00,8.091e-05
2024-07-25 08:00:00+00:00,9.813e-05
2024-07-25 16:00:00+00:00,7.841e-05
2024-07-26 00:00:00+00:00,7.483e-05
2024-07-26 08:00:00+00:00,3.235e-05
2024-07-26 16:00:00+00:00,6.143e-05
2024-07-27 00:00:00+00:00,4.76e-05
2024-07-27 08:00:00+00:00,3.411e-05
2024-07-27 16:00:00+00:00,8.705e-05
2024-07-28 00:00:00+00:00,0.0001
2024-07-28 08:00:00+00:00,0.0001
2024-07-28 16:00:00.001000+00:00,8.932e-05
2024-07-29 00:00:00.001000+00:00,3.694e-05
2024-07-29 08:00:00+00:00,0.0001
2024-07-29 16:00:00.001000+00:00,0.0001
2024-07-30 00:00:00+00:00,7.783e-05
2024-07-30 08:00:00.001000+00:00,0.0001
2024-07-30 16:00:00+00:00,0.0001
2024-07-31 00:00:00+00:00,3.184e-05
2024-07-31 08:00:00+00:00,7.743e-05
2024-07-31 16:00:00+00:00,8.931e-05
2024-08-01 00:00:00+00:00,9.291e-05
2024-08-01 08:00:00+00:00,0.0001
2024-08-01 16:00:00+00:00,0.0001
2024-08-02 00:00:00+00:00,3.639e-05
2024-08-02 08:00:00.001000+00:00,0.0001
2024-08-02 16:00:00+00:00,0.0001
2024-08-03 00:00:00+00:00,9.802e-05
2024-08-03 08:00:00+00:00,0.0001
2024-08-03 16:00:00.001000+00:00,8.073e-05
2024-08-04 00:00:00+00:00,-1.748e-05
2024-08-04 08:00:00+00:00,8.871e-05
2024-08-04 16:00:00+00:00,4.224e-05
2024-08-05 00:00:00+00:00,6.211e-05
2024-08-05 08:00:00+00:00,-7.57e-06
2024-08-05 16:00:00+00:00,4.63e-06
2024-08-06 00:00:00+00:00,8.019e-05
2024-08-06 08:00:00+00:00,-5.258e-05
2024-08-06 16:00:00+00:00,-3.23e-06
2024-08-07 00:00:00+00:00,2.337e-05
2024-08-07 08:00:00.001000+00:00,-8.086e-05
2024-08-07 16:00:00+00:00,1.745e-05
2024-08-08 00:00:00.001000+00:00,7.141e-05
2024-08-08 08:00:00+00:00,2.523e-05
2024-08-08 16:00:00+00:00,-2.941e-05
2024-08-09 00:00:00+00:00,3.148e-05
2024-08-09 08:00:00+00:00,1.575e-05
2024-08-09 16:00:00+00:00,2.642e-05
2024-08-10 00:00:00+00:00,-6.621e-05
2024-08-10 08:00:00+00:00,4.285e-05
2024-08-10 16:00:00+00:00,5.146e-05
2024-08-11 00:00:00+00:00,-3.889e-05
2024-08-11 08:00:00+00:00,-1.62e-05
2024-08-11 16:00:00.001000+00:00,2.894e-05
2024-08-12 00:00:00+00:00,9.903e-05
2024-08-12 08:00:00+00:00,6.88e-06
2024-08-12 16:00:00+00:00,-9.32e-06
2024-08-13 00:00:00+00:00,-6.2e-06
2024-08-13 08:00:00+00:00,5.492e-05
2024-08-13 16:00:00+00:00,8.364e-05
2024-08-14 00:00:00+00:00,-1e-07
2024-08-14 08:00:00+00:00,2.644e-05
2024-08-14 16:00:00+00:00,8.21e-06
2024-08-15 00:00:00+00:00,5.88e-06
2024-08-15 08:00:00+00:00,4.403e-05
2024-08-15 16:00:00+00:00,-2.764e-05
2024-08-16 00:00:00+00:00,-6.592e-05
2024-08-16 08:00:00+00:00,2.572e-05
2024-08-16 16:00:00+00:00,-3.407e-05
2024-08-17 00:00:00+00:00,2.001e-05
2024-08-17 08:00:00+00:00,-1.28e-05
2024-08-17 16:00:00+00:00,-7.03e-06
2024-08-18 00:00:00+00:00,4.55e-06
2024-08-18 08:00:00+00:00,-2.019e-05
2024-08-18 16:00:00+00:00,-0.00010289
2024-08-19 00:00:00+00:00,1.862e-05
2024-08-19 08:00:00+00:00,-9.28e-06
2024-08-19 16:00:00.002000+00:00,5.854e-05
2024-08-20 00:00:00+00:00,3.839e-05
2024-08-20 08:00:00+00:00,-2.96e-05
2024-08-20 16:00:00.001000+00:00,-3.807e-05
2024-08-21 00:00:00.001000+00:00,2.703e-05
2024-08-21 08:00:00+00:00,8.62e-06
2024-08-21 16:00:00.001000+00:00,-1.553e-05
2024-08-22 00:00:00+00:00,6.11e-06
2024-08-22 08:00:00+00:00,6.844e-05
2024-08-22 16:00:00.008000+00:00,2.936e-05
2024-08-23 00:00:00+00:00,4.556e-05
2024-08-23 08:00:00+00:00,4.05e-05
2024-08-23 16:00:00+00:00,-4.648e-05
2024-08-24 00:00:00+00:00,7.101e-05
2024-08-24 08:00:00.005000+00:00,2.046e-05
2024-08-24 16:00:00+00:00,6.232e-05
2024-08-25 00:00:00+00:00,9.763e-05
2024-08-25 08:00:00+00:00,0.0001
2024-08-25 16:00:00+00:00,-1.338e-05
2024-08-26 00:00:00+00:00,1.048e-05
2024-08-26 08:00:00.001000+00:00,0.0001
2024-08-26 16:00:00+00:00,2.054e-05
2024-08-27 00:00:00.001000+00:00,0.0001
2024-08-27 08:00:00+00:00,4.402e-05
2024-08-27 16:00:00+00:00,5.909e-05
2024-08-28 00:00:00+00:00,-1.779e-05
2024-08-28 08:00:00+00:00,1.753e-05
2024-08-28 16:00:00.001000+00:00,2.718e-05
2024-08-29 00:00:00+00:00,-1.723e-05
2024-08-29 08:00:00.001000+00:00,-8.639e-05
2024-08-29 16:00:00+00:00,-9.711e-05
2024-08-30 00:00:00+00:00,-3.891e-05
2024-08-30 08:00:00+00:00,3.115e-05
2024-08-30 16:00:00+00:00,-5.69e-05
2024-08-31 00:00:00+00:00,-6.239e-05
2024-08-31 08:00:00+00:00,4.9e-05
2024-08-31 16:00:00+00:00,1.853e-05
2024-09-01 00:00:00+00:00,-9.59e-06
2024-09-01 08:00:00.001000+00:00,-2.631e-05
2024-09-01 16:00:00+00:00,-2.877e-05
2024-09-02 00:00:00.001000+00:00,-4.426e-05
2024-09-02 08:00:00.001000+00:00,5.21e-06
2024-09-02 16:00:00+00:00,-5.556e-05
2024-09-03 00:00:00+00:00,-8.288e-05
2024-09-03 08:00:00.001000+00:00,3.441e-05
2024-09-03 16:00:00+00:00,5.362e-05
2024-09-04 00:00:00+00:00,8.904e-05
2024-09-04 08:00:00+00:00,-1.3e-05
2024-09-04 16:00:00+00:00,3.561e-05
2024-09-05 00:00:00+00:00,6.659e-05
2024-09-05 08:00:00+00:00,5.123e-05
2024-09-05 16:00:00.005000+00:00,1.522e-05
2024-09-06 00:00:00+00:00,5.678e-05
2024-09-06 08:00:00.001000+00:00,4.047e-05
2024-09-06 16:00:00+00:00,-1.324e-05
2024-09-07 00:00:00+00:00,-2.225e-05
2024-09-07 08:00:00+00:00,-2.317e-05
2024-09-07 16:00:00+00:00,5.99e-06
2024-09-08 00:00:00+00:00,8.148e-05
2024-09-08 08:00:00+00:00,6.264e-05
2024-09-08 16:00:00+00:00,6.412e-05
2024-09-09 00:00:00+00:00,3.966e-05
2024-09-09 08:00:00+00:00,-5.564e-05
2024-09-09 16:00:00.001000+00:00,-4.794e-05
2024-09-10 00:00:00+00:00,9.587e-05
2024-09-10 08:00:00+00:00,-1.672e-05
2024-09-10 16:00:00+00:00,2.349e-05
2024-09-11 00:00:00+00:00,-6.617e-05
2024-09-11 08:00:00+00:00,-1.813e-05
2024-09-11 16:00:00+00:00,-2.041e-05
2024-09-12 00:00:00+00:00,-2.81e-05
2024-09-12 08:00:00+00:00,-8.6e-06
2024-09-12 16:00:00+00:00,1.32e-05
2024-09-13 00:00:00+00:00,2.638e-05
2024-09-13 08:00:00.001000+00:00,1.756e-05
2024-09-13 16:00:00.001000+00:00,1.798e-05
2024-09-14 00:00:00+00:00,-1.2e-06
2024-09-14 08:00:00+00:00,3.207e-05
2024-09-14 16:00:00.001000+00:00,5.55e-06
2024-09-15 00:00:00+00:00,1.401e-05
2024-09-15 08:00:00+00:00,1.07e-06
2024-09-15 16:00:00+00:00,1.278e-05
2024-09-16 00:00:00+00:00,1.892e-05
2024-09-16 08:00:00.001000+00:00,-5.218e-05
2024-09-16 16:00:00+00:00,7.164e-05
2024-09-17 00:00:00.001000+00:00,0.0001
2024-09-17 08:00:00+00:00,2.206e-05
2024-09-17 16:00:00+00:00,2.153e-05
2024-09-18 00:00:00+00:00,-1.61e-06
2024-09-18 08:00:00+00:00,-3.792e-05
2024-09-18 16:00:00.004000+00:00,2.354e-05
2024-09-19 00:00:00+00:00,6.423e-05
2024-09-19 08:00:00+00:00,8.771e-05
2024-09-19 16:00:00.001000+00:00,1.474e-05
2024-09-20 00:00:00+00:00,0.0001
2024-09-20 08:00:00.001000+00:00,0.0001
2024-09-20 16:00:00+00:00,0.0001
2024-09-21 00:00:00.001000+00:00,0.0001
2024-09-21 08:00:00+00:00,0.0001
2024-09-21 16:00:00+00:00,4.074e-05
2024-09-22 00:00:00+00:00,0.0001
2024-09-22 08:00:00+00:00,7.587e-05
2024-09-22 16:00:00+00:00,1.979e-05
2024-09-23 00:00:00+00:00,-4.401e-05
2024-09-23 08:00:00+00:00,5.545e-05
2024-09-23 16:00:00+00:00,-2.612e-05
2024-09-24 00:00:00+00:00,4.827e-05
2024-09-24 08:00:00+00:00,6.92e-05
2024-09-24 16:00:00.001000+00:00,5.57e-06
2024-09-25 00:00:00+00:00,0.0001
2024-09-25 08:00:00.003000+00:00,0.0001
2024-09-25 16:00:00+00:00,5.783e-05
2024-09-26 00:00:00.005000+00:00,3.616e-05
2024-09-26 08:00:00+00:00,6.697e-05
2024-09-26 16:00:00+00:00,0.0001
2024-09-27 00:00:00+00:00,0.0001
2024-09-27 08:00:00+00:00,9.81e-06
2024-09-27 16:00:00+00:00,0.0001
2024-09-28 00:00:00+00:00,0.0001
2024-09-28 08:00:00.001000+00:00,9.8e-05
2024-09-28 16:00:00+00:00,0.0001
2024-09-29 00:00:00.001000+00:00,9.314e-05
2024-09-29 08:00:00+00:00,0.0001
2024-09-29 16:00:00+00:00,0.0001
2024-09-30 00:00:00+00:00,0.0001
2024-09-30 08:00:00.001000+00:00,0.0001
2024-09-30 16:00:00+00:00,0.0001
2024-10-01 00:00:00+00:00,0.0001
2024-10-01 08:00:00+00:00,0.0001
2024-10-01 16:00:00.001000+00:00,0.0001
2024-10-02 00:00:00+00:00,0.0001
2024-10-02 08:00:00+00:00,1.306e-05
2024-10-02 16:00:00+00:00,7.012e-05
2024-10-03 00:00:00+00:00,1.07e-06
2024-10-03 08:00:00+00:00,5.138e-05
2024-10-03 16:00:00+00:00,-3.81e-06
2024-10-04 00:00:00+00:00,3.715e-05
2024-10-04 08:00:00+00:00,-4.939e-05
2024-10-04 16:00:00.001000+00:00,5.24e-06
2024-10-05 00:00:00+00:00,5.818e-05
2024-10-05 08:00:00+00:00,9.502e-05
2024-10-05 16:00:00+00:00,4.49e-06
2024-10-06 00:00:00+00:00,0.0001
2024-10-06 08:00:00.001000+00:00,0.0001
2024-10-06 16:00:00+00:00,3.507e-05
2024-10-07 00:00:00+00:00,3.973e-05
2024-10-07 08:00:00+00:00,7.543e-05
2024-10-07 16:00:00.001000+00:00,5.43e-06
2024-10-08 00:00:00+00:00,3.9e-07
2024-10-08 08:00:00+00:00,0.0001
2024-10-08 16:00:00+00:00,-2.549e-05
2024-10-09 00:00:00+00:00,8.84e-06
2024-10-09 08:00:00+00:00,-3.713e-05
2024-10-09 16:00:00+00:00,0.0001
2024-10-10 00:00:00+00:00,0.0001
2024-10-10 08:00:00+00:00,-3.657e-05
2024-10-10 16:00:00+00:00,5.098e-05
2024-10-11 00:00:00+00:00,5.45e-06
2024-10-11 08:00:00+00:00,2.89e-06
2024-10-11 16:00:00.001000+00:00,-6.334e-05
2024-10-12 00:00:00+00:00,-3.249e-05
2024-10-12 08:00:00.001000+00:00,6.95e-05
2024-10-12 16:00:00+00:00,-4.766e-05
2024-10-13 00:00:00+00:00,5.22e-06
2024-10-13 08:00:00+00:00,5.938e-05
2024-10-13 16:00:00+00:00,5.394e-05
2024-10-14 00:00:00+00:00,1.631e-05
2024-10-14 08:00:00+00:00,7.203e-05
2024-10-14 16:00:00+00:00,7.332e-05
2024-10-15 00:00:00+00:00,0.0001
2024-10-15 08:00:00+00:00,0.0001
2024-10-15 16:00:00+00:00,0.0001
2024-10-16 00:00:00+00:00,6.943e-05
2024-10-16 08:00:00.001000+00:00,2.087e-05
2024-10-16 16:00:00+00:00,9.905e-05
2024-10-17 00:00:00+00:00,4.579e-05
2024-10-17 08:00:00+00:00,9.905e-05
2024-10-17 16:00:00.001000+00:00,0.0001
2024-10-18 00:00:00.010000+00:00,7.589e-05
2024-10-18 08:00:00.001000+00:00,3.467e-05
2024-10-18 16:00:00+00:00,9.885e-05
2024-10-19 00:00:00+00:00,3.918e-05
2024-10-19 08:00:00+00:00,5.265e-05
2024-10-19 16:00:00+00:00,7.269e-05
2024-10-20 00:00:00+00:00,0.0001
2024-10-20 08:00:00+00:00,4.903e-05
2024-10-20 16:00:00+00:00,7.01e-05
2024-10-21 00:00:00+00:00,0.0001
2024-10-21 08:00:00+00:00,0.0001
2024-10-21 16:00:00+00:00,0.0001
2024-10-22 00:00:00+00:00,0.0001
2024-10-22 08:00:00+00:00,0.0001
2024-10-22 16:00:00+00:00,0.0001
2024-10-23 00:00:00+00:00,0.0001
2024-10-23 08:00:00+00:00,0.0001
2024-10-23 16:00:00+00:00,0.0001
2024-10-24 00:00:00+00:00,0.0001
2024-10-24 08:00:00+00:00,0.0001
2024-10-24 16:00:00+00:00,0.0001
2024-10-25 00:00:00+00:00,0.0001
2024-10-25 08:00:00+00:00,0.0001
2024-10-25 16:00:00+00:00,3.16e-05
2024-10-26 00:00:00+00:00,5.848e-05
2024-10-26 08:00:00.001000+00:00,5.269e-05
2024-10-26 16:00:00+00:00,0.0001
2024-10-27 00:00:00+00:00,0.0001
2024-10-27 08:00:00+00:00,4.801e-05
2024-10-27 16:00:00+00:00,-1.684e-05
2024-10-28 00:00:00+00:00,8.656e-05
2024-10-28 08:00:00.001000+00:00,0.0001
2024-10-28 16:00:00+00:00,2.332e-05
2024-10-29 00:00:00+00:00,0.0001
2024-10-29 08:00:00+00:00,0.0001
2024-10-29 16:00:00.004000+00:00,0.0001
2024-10-30 00:00:00+00:00,0.0001
2024-10-30 08:00:00+00:00,0.0001
2024-10-30 16:00:00.013000+00:00,0.0001
2024-10-31 00:00:00+00:00,0.0001
2024-10-31 08:00:00+00:00,0.0001
2024-10-31 16:00:00+00:00,0.0001
2024-11-01 00:00:00+00:00,0.0001
2024-11-01 08:00:00+00:00,0.0001
2024-11-01 16:00:00+00:00,0.0001
2024-11-02 00:00:00+00:00,6.813e-05
2024-11-02 08:00:00+00:00,9.387e-05
2024-11-02 16:00:00+00:00,6.9e-05
2024-11-03 00:00:00+00:00,3.98e-05
2024-11-03 08:00:00+00:00,3.241e-05
2024-11-03 16:00:00+00:00,8.014e-05
2024-11-04 00:00:00+00:00,4.818e-05
2024-11-04 08:00:00+00:00,6.725e-05
2024-11-04 16:00:00+00:00,6.216e-05
2024-11-05 00:00:00+00:00,5.868e-05
2024-11-05 08:00:00.003000+00:00,4.51e-05
2024-11-05 16:00:00.001000+00:00,7.17e-06
2024-11-06 00:00:00+00:00,-1.892e-05
2024-11-06 08:00:00+00:00,0.0001
2024-11-06 16:00:00+00:00,0.0001
2024-11-07 00:00:00+00:00,0.0001
2024-11-07 08:00:00+00:00,0.0001
2024-11-07 16:00:00+00:00,0.0001
2024-11-08 00:00:00+00:00,0.0001
2024-11-08 08:00:00+00:00,0.0001
2024-11-08 16:00:00+00:00,0.0001
2024-11-09 00:00:00+00:00,0.0001
2024-11-09 08:00:00+00:00,0.0001
2024-11-09 16:00:00+00:00,0.0001
2024-11-10 00:00:00+00:00,0.0001
2024-11-10 08:00:00+00:00,0.00019071
2024-11-10 16:00:00+00:00,0.00041975
2024-11-11 00:00:00.001000+00:00,0.00034668
2024-11-11 08:00:00+00:00,0.00011081
2024-11-11 16:00:00+00:00,0.00022373
2024-11-12 00:00:00.002000+00:00,0.00035969
2024-11-12 08:00:00+00:00,0.00043733
2024-11-12 16:00:00+00:00,0.00048819
2024-11-13 00:00:00+00:00,0.00032823
2024-11-13 08:00:00.010000+00:00,0.00020936
2024-11-13 16:00:00+00:00,0.00022016
2024-11-14 00:00:00.001000+00:00,0.00020764
2024-11-14 08:00:00+00:00,0.00022462
2024-11-14 16:00:00+00:00,0.0001
2024-11-15 00:00:00+00:00,0.0001
2024-11-15 08:00:00+00:00,0.0001
2024-11-15 16:00:00+00:00,0.0001
2024-11-16 00:00:00.001000+00:00,0.0001
2024-11-16 08:00:00.001000+00:00,0.00023693
2024-11-16 16:00:00+00:00,0.00016028
2024-11-17 00:00:00+00:00,0.0001
2024-11-17 08:00:00+00:00,0.00044518
2024-11-17 16:00:00.001000+00:00,0.00021627
2024-11-18 00:00:00+00:00,0.00023762
2024-11-18 08:00:00+00:00,0.0001653
2024-11-18 16:00:00+00:00,0.0002213
2024-11-19 00:00:00+00:00,0.00022018
2024-11-19 08:00:00+00:00,0.00019184
2024-11-19 16:00:00+00:00,0.00012644
2024-11-20 00:00:00.003000+00:00,0.0001
2024-11-20 08:00:00+00:00,0.0001
2024-11-20 16:00:00+00:00,0.0001
2024-11-21 00:00:00.001000+00:00,0.0001
2024-11-21 08:00:00+00:00,0.0001
2024-11-21 16:00:00.001000+00:00,0.0001
2024-11-22 00:00:00+00:00,0.00043945
2024-11-22 08:00:00+00:00,0.00022593
2024-11-22 16:00:00.001000+00:00,0.0001702
2024-11-23 00:00:00+00:00,0.0001
2024-11-23 08:00:00+00:00,0.00028946
2024-11-23 16:00:00+00:00,0.00025577
2024-11-24 00:00:00.001000+00:00,0.00018175
2024-11-24 08:00:00+00:00,0.00033189
2024-11-24 16:00:00+00:00,0.00025244
2024-11-25 00:00:00+00:00,0.00014445
2024-11-25 08:00:00+00:00,0.00019888
2024-11-25 16:00:00+00:00,0.00010485
2024-11-26 00:00:00+00:00,0.0001
2024-11-26 08:00:00+00:00,0.0001
2024-11-26 16:00:00+00:00,0.0001
2024-11-27 00:00:00+00:00,0.0001
2024-11-27 08:00:00+00:00,0.0001
2024-11-27 16:00:00.001000+00:00,0.0001
2024-11-28 00:00:00+00:00,0.0001
2024-11-28 08:00:00+00:00,0.0001
2024-11-28 16:00:00+00:00,0.0001
2024-11-29 00:00:00+00:00,0.0001
2024-11-29 08:00:00+00:00,0.0001
2024-11-29 16:00:00+00:00,0.0001
2024-11-30 00:00:00+00:00,0.0001
2024-11-30 08:00:00+00:00,0.0001
2024-11-30 16:00:00+00:00,0.0001
2024-12-01 00:00:00+00:00,0.00011575
2024-12-01 08:00:00+00:00,0.0001
2024-12-01 16:00:00+00:00,0.00021606
2024-12-02 00:00:00.001000+00:00,0.00037518
2024-12-02 08:00:00.001000+00:00,0.00025587
2024-12-02 16:00:00+00:00,0.00026772
2024-12-03 00:00:00+00:00,0.00032728
2024-12-03 08:00:00+00:00,0.00031454
2024-12-03 16:00:00+00:00,0.00030312
2024-12-04 00:00:00+00:00,0.00035501
2024-12-04 08:00:00+00:00,0.00023264
2024-12-04 16:00:00+00:00,0.00036215
2024-12-05 00:00:00.001000+00:00,0.00027166
2024-12-05 08:00:00+00:00,0.00055995
2024-12-05 16:00:00+00:00,0.0005091
2024-12-06 00:00:00+00:00,0.00032251
2024-12-06 08:00:00+00:00,0.00032302
2024-12-06 16:00:00+00:00,0.00012425
2024-12-07 00:00:00+00:00,0.00041557
2024-12-07 08:00:00+00:00,0.00034529
2024-12-07 16:00:00+00:00,0.00038467
2024-12-08 00:00:00+00:00,0.00045069
2024-12-08 08:00:00+00:00,0.00019374
2024-12-08 16:00:00+00:00,0.00013754
2024-12-09 00:00:00+00:00,0.00025945
2024-12-09 08:00:00+00:00,0.00015891
2024-12-09 16:00:00.001000+00:00,0.00012595
2024-12-10 00:00:00.007000+00:00,0.0001
2024-12-10 08:00:00+00:00,0.0001
2024-12-10 16:00:00+00:00,0.0001
2024-12-11 00:00:00+00:00,0.0001
2024-12-11 08:00:00+00:00,0.0001
2024-12-11 16:00:00.001000+00:00,0.0001
2024-12-12 00:00:00.001000+00:00,0.0001
2024-12-12 08:00:00+00:00,0.0001
2024-12-12 16:00:00.001000+00:00,0.0001
2024-12-13 00:00:00+00:00,0.0001
2024-12-13 08:00:00+00:00,0.0001
2024-12-13 16:00:00.001000+00:00,0.0001
2024-12-14 00:00:00+00:00,0.0001
2024-12-14 08:00:00+00:00,0.0001
2024-12-14 16:00:00+00:00,0.0001
2024-12-15 00:00:00+00:00,0.0001
2024-12-15 08:00:00+00:00,6.761e-05
2024-12-15 16:00:00+00:00,0.0001
2024-12-16 00:00:00+00:00,0.0001
2024-12-16 08:00:00.001000+00:00,0.0001
2024-12-16 16:00:00+00:00,0.0001
2024-12-17 00:00:00+00:00,0.0001
2024-12-17 08:00:00+00:00,4.064e-05
2024-12-17 16:00:00+00:00,0.0001
2024-12-18 00:00:00+00:00,0.0001
2024-12-18 08:00:00+00:00,9.102e-05
2024-12-18 16:00:00+00:00,6.23e-06
2024-12-19 00:00:00+00:00,-3.6e-05
2024-12-19 08:00:00+00:00,-1.903e-05
2024-12-19 16:00:00+00:00,1.572e-05
2024-12-20 00:00:00+00:00,-1.795e-05
2024-12-20 08:00:00.001000+00:00,-2.757e-05
2024-12-20 16:00:00.014000+00:00,-6.045e-05
2024-12-21 00:00:00+00:00,-0.00018625
2024-12-21 08:00:00+00:00,-0.00013946
2024-12-21 16:00:00.001000+00:00,-4.2e-05
2024-12-22 00:00:00+00:00,-0.00011655
2024-12-22 08:00:00+00:00,2.97e-05
2024-12-22 16:00:00+00:00,-0.00010865
2024-12-23 00:00:00+00:00,-5.764e-05
2024-12-23 08:00:00+00:00,-2.514e-05
2024-12-23 16:00:00.001000+00:00,-1.518e-05
2024-12-24 00:00:00+00:00,4.56e-06
2024-12-24 08:00:00+00:00,-8.87e-06
2024-12-24 16:00:00.001000+00:00,-2.528e-05
2024-12-25 00:00:00.001000+00:00,-1.032e-05
2024-12-25 08:00:00+00:00,-2.015e-05
2024-12-25 16:00:00+00:00,3.692e-05
2024-12-26 00:00:00+00:00,2.735e-05
2024-12-26 08:00:00+00:00,0.0001
2024-12-26 16:00:00+00:00,1.522e-05
2024-12-27 00:00:00+00:00,3.726e-05
2024-12-27 08:00:00+00:00,-2.625e-05
2024-12-27 16:00:00+00:00,-8.145e-05
2024-12-28 00:00:00.001000+00:00,9.283e-05
2024-12-28 08:00:00+00:00,1.275e-05
2024-12-28 16:00:00+00:00,-9.03e-06
2024-12-29 00:00:00+00:00,7.78e-06
2024-12-29 08:00:00+00:00,-2.727e-05
2024-12-29 16:00:00+00:00,6.14e-05
2024-12-30 00:00:00+00:00,0.0001
2024-12-30 08:00:00.001000+00:00,4.76e-05
2024-12-30 16:00:00+00:00,5.906e-05
2024-12-31 00:00:00+00:00,8.373e-05
2024-12-31 08:00:00+00:00,2.697e-05
2024-12-31 16:00:00+00:00,6.744e-05
2025-01-01 00:00:00.015000+00:00,-5.587e-05
2025-01-01 08:00:00+00:00,-2.663e-05
2025-01-01 16:00:00.001000+00:00,-1.487e-05
2025-01-02 00:00:00+00:00,0.0001
2025-01-02 08:00:00.006000+00:00,0.0001
2025-01-02 16:00:00+00:00,9.337e-05
2025-01-03 00:00:00+00:00,0.0001
2025-01-03 08:00:00+00:00,-1.47e-05
2025-01-03 16:00:00+00:00,-7.967e-05
2025-01-04 00:00:00+00:00,-7.358e-05
2025-01-04 08:00:00+00:00,4.915e-05
2025-01-04 16:00:00+00:00,5.813e-05
2025-01-05 00:00:00+00:00,9.572e-05
2025-01-05 08:00:00+00:00,-3.098e-05
2025-01-05 16:00:00+00:00,0.0001
2025-01-06 00:00:00+00:00,-1.03e-06
2025-01-06 08:00:00.001000+00:00,-1.539e-05
2025-01-06 16:00:00+00:00,5.815e-05
2025-01-07 00:00:00+00:00,-2.492e-05
2025-01-07 08:00:00+00:00,1.88e-05
2025-01-07 16:00:00.008000+00:00,1.765e-05
2025-01-08 00:00:00.001000+00:00,9.47e-06
2025-01-08 08:00:00+00:00,9.384e-05
2025-01-08 16:00:00+00:00,-2.658e-05
2025-01-09 00:00:00+00:00,-4.356e-05
2025-01-09 08:00:00+00:00,0.0001
2025-01-09 16:00:00+00:00,-1.659e-05
2025-01-10 00:00:00+00:00,8.73e-06
2025-01-10 08:00:00+00:00,-7.385e-05
2025-01-10 16:00:00+00:00,3.388e-05
2025-01-11 00:00:00+00:00,9.89e-06
2025-01-11 08:00:00+00:00,-3.578e-05
2025-01-11 16:00:00+00:00,-4.343e-05
2025-01-12 00:00:00+00:00,2.102e-05
2025-01-12 08:00:00+00:00,-4.366e-05
2025-01-12 16:00:00+00:00,3.548e-05
2025-01-13 00:00:00+00:00,0.0001
2025-01-13 08:00:00+00:00,2.66e-05
2025-01-13 16:00:00+00:00,8.17e-06
2025-01-14 00:00:00+00:00,-4.601e-05
2025-01-14 08:00:00+00:00,-2.434e-05
2025-01-14 16:00:00+00:00,2.374e-05
2025-01-15 00:00:00+00:00,3.357e-05
2025-01-15 08:00:00+00:00,-5.153e-05
2025-01-15 16:00:00+00:00,-2.957e-05
2025-01-16 00:00:00+00:00,0.0001
2025-01-16 08:00:00+00:00,0.0001
2025-01-16 16:00:00+00:00,0.0001
2025-01-17 00:00:00.004000+00:00,0.0001
2025-01-17 08:00:00+00:00,8.22e-05
2025-01-17 16:00:00.008000+00:00,0.0001
2025-01-18 00:00:00+00:00,0.0001
2025-01-18 08:00:00.007000+00:00,1.883e-05
2025-01-18 16:00:00+00:00,5.671e-05
2025-01-19 00:00:00+00:00,0.0001
2025-01-19 08:00:00+00:00,9.252e-05
2025-01-19 16:00:00+00:00,5.667e-05
2025-01-20 00:00:00+00:00,-0.0007115
2025-01-20 08:00:00.009000+00:00,-7.723e-05
2025-01-20 16:00:00+00:00,8.924e-05
2025-01-21 00:00:00+00:00,-0.00027508
2025-01-21 08:00:00+00:00,9.31e-05
2025-01-21 16:00:00+00:00,-3.008e-05
2025-01-22 00:00:00+00:00,0.0001
2025-01-22 08:00:00+00:00,-2.092e-05
2025-01-22 16:00:00+00:00,8.64e-05
2025-01-23 00:00:00.001000+00:00,0.0001
2025-01-23 08:00:00+00:00,8.081e-05
2025-01-23 16:00:00+00:00,-7.98e-05
2025-01-24 00:00:00+00:00,6.903e-05
2025-01-24 08:00:00+00:00,9.064e-05
2025-01-24 16:00:00+00:00,0.0001
2025-01-25 00:00:00+00:00,-1.473e-05
2025-01-25 08:00:00+00:00,-4.82e-06
2025-01-25 16:00:00.001000+00:00,-0.00012014
2025-01-26 00:00:00+00:00,0.0001
2025-01-26 08:00:00+00:00,8.407e-05
2025-01-26 16:00:00+00:00,2.626e-05
2025-01-27 00:00:00+00:00,-3.653e-05
2025-01-27 08:00:00+00:00,5.173e-05
2025-01-27 16:00:00+00:00,-0.00018696
2025-01-28 00:00:00+00:00,7.942e-05
2025-01-28 08:00:00+00:00,-4.139e-05
2025-01-28 16:00:00+00:00,3.672e-05
2025-01-29 00:00:00+00:00,8.718e-05
2025-01-29 08:00:00+00:00,5.356e-05
2025-01-29 16:00:00+00:00,-1.196e-05
2025-01-30 00:00:00+00:00,1.678e-05
2025-01-30 08:00:00+00:00,0.0001
2025-01-30 16:00:00+00:00,2.727e-05
2025-01-31 00:00:00+00:00,-7.61e-06
2025-01-31 08:00:00+00:00,-4.97e-05
2025-01-31 16:00:00+00:00,5.524e-05
2025-02-01 00:00:00+00:00,-6.866e-05
2025-02-01 08:00:00+00:00,3.033e-05
2025-02-01 16:00:00+00:00,-5.063e-05
2025-02-02 00:00:00.001000+00:00,-5.306e-05
2025-02-02 08:00:00+00:00,7.21e-06
2025-02-02 16:00:00+00:00,2.68e-06
2025-02-03 00:00:00+00:00,7.72e-06
2025-02-03 08:00:00+00:00,-0.00012368
2025-02-03 16:00:00+00:00,-8.808e-05
2025-02-04 00:00:00+00:00,-0.00055791
2025-02-04 08:00:00.001000+00:00,-4.35e-05
2025-02-04 16:00:00+00:00,5.7e-05
2025-02-05 00:00:00.001000+00:00,-3.571e-05
2025-02-05 08:00:00.001000+00:00,-4.834e-05
2025-02-05 16:00:00+00:00,-0.0001085
2025-02-06 00:00:00.001000+00:00,-4.538e-05
2025-02-06 08:00:00.001000+00:00,-1.671e-05
2025-02-06 16:00:00+00:00,6.857e-05
2025-02-07 00:00:00+00:00,2.703e-05
2025-02-07 08:00:00+00:00,6.95e-06
2025-02-07 16:00:00+00:00,7.27e-06
2025-02-08 00:00:00+00:00,-2.483e-05
2025-02-08 08:00:00+00:00,2.105e-05
2025-02-08 16:00:00+00:00,5.719e-05
2025-02-09 00:00:00+00:00,-0.00011027
2025-02-09 08:00:00+00:00,-4.053e-05
2025-02-09 16:00:00+00:00,-0.00021227
2025-02-10 00:00:00+00:00,-0.00016119
2025-02-10 08:00:00+00:00,-2.743e-05
2025-02-10 16:00:00+00:00,-4.863e-05
2025-02-11 00:00:00+00:00,-0.00018095
2025-02-11 08:00:00+00:00,-0.00011994
2025-02-11 16:00:00+00:00,-0.00027714
2025-02-12 00:00:00+00:00,-0.00022332
2025-02-12 08:00:00+00:00,1.847e-05
2025-02-12 16:00:00.001000+00:00,7.002e-05
2025-02-13 00:00:00.001000+00:00,3.627e-05
2025-02-13 08:00:00+00:00,-3.212e-05
2025-02-13 16:00:00.001000+00:00,-0.00012867
2025-02-14 00:00:00+00:00,-1.559e-05
2025-02-14 08:00:00.001000+00:00,8.32e-05
2025-02-14 16:00:00+00:00,8.466e-05
2025-02-15 00:00:00+00:00,8.582e-05
2025-02-15 08:00:00+00:00,3.121e-05
2025-02-15 16:00:00+00:00,-5.05e-05
2025-02-16 00:00:00+00:00,-5.811e-05
2025-02-16 08:00:00+00:00,-2.569e-05
2025-02-16 16:00:00+00:00,-0.00016876
2025-02-17 00:00:00+00:00,-0.00015544
2025-02-17 08:00:00+00:00,-0.00016029
2025-02-17 16:00:00+00:00,2.136e-05
2025-02-18 00:00:00+00:00,3.5e-05
2025-02-18 08:00:00+00:00,3.939e-05
2025-02-18 16:00:00+00:00,7.053e-05
2025-02-19 00:00:00+00:00,-1.072e-05
2025-02-19 08:00:00+00:00,3.53e-06
2025-02-19 16:00:00+00:00,-3.859e-05
2025-02-20 00:00:00+00:00,-6.024e-05
2025-02-20 08:00:00+00:00,1.172e-05
2025-02-20 16:00:00+00:00,-2.991e-05
2025-02-21 00:00:00.001000+00:00,7.497e-05
2025-02-21 08:00:00+00:00,1.692e-05
2025-02-21 16:00:00+00:00,-4.765e-05
2025-02-22 00:00:00+00:00,-0.00011947
2025-02-22 08:00:00+00:00,-6.714e-05
2025-02-22 16:00:00+00:00,-6.107e-05
2025-02-23 00:00:00+00:00,9.111e-05
2025-02-23 08:00:00+00:00,7.31e-05
2025-02-23 16:00:00+00:00,-5.162e-05
2025-02-24 00:00:00+00:00,-6.07e-05
2025-02-24 08:00:00+00:00,-6.256e-05
2025-02-24 16:00:00+00:00,6.005e-05
2025-02-25 00:00:00+00:00,2.735e-05
2025-02-25 08:00:00+00:00,3.295e-05
2025-02-25 16:00:00+00:00,-5.354e-05
2025-02-26 00:00:00+00:00,-0.00010562
2025-02-26 08:00:00+00:00,2.46e-05
2025-02-26 16:00:00+00:00,3.131e-05
2025-02-27 00:00:00.001000+00:00,7.728e-05
2025-02-27 08:00:00+00:00,2.605e-05
2025-02-27 16:00:00+00:00,0.0001
2025-02-28 00:00:00.001000+00:00,0.0001
2025-02-28 08:00:00+00:00,0.0001
2025-02-28 16:00:00+00:00,0.0001
2025-03-01 00:00:00+00:00,0.0001
2025-03-01 08:00:00+00:00,8.741e-05
2025-03-01 16:00:00.001000+00:00,7.852e-05
2025-03-02 00:00:00+00:00,-8.161e-05
2025-03-02 08:00:00+00:00,9.93e-05
2025-03-02 16:00:00+00:00,7.81e-05
2025-03-03 00:00:00.001000+00:00,-3.892e-05
2025-03-03 08:00:00+00:00,6.535e-05
2025-03-03 16:00:00+00:00,-8.506e-05
2025-03-04 00:00:00.001000+00:00,-7.114e-05
2025-03-04 08:00:00.005000+00:00,-8.372e-05
2025-03-04 16:00:00+00:00,3.869e-05
2025-03-05 00:00:00+00:00,-0.00014911
2025-03-05 08:00:00+00:00,2.866e-05
2025-03-05 16:00:00+00:00,-6.413e-05
2025-03-06 00:00:00+00:00,-0.00011916
2025-03-06 08:00:00.001000+00:00,-1.489e-05
2025-03-06 16:00:00+00:00,-3.599e-05
2025-03-07 00:00:00+00:00,-0.00011194
2025-03-07 08:00:00.001000+00:00,-8.351e-05
2025-03-07 16:00:00+00:00,4.709e-05
2025-03-08 00:00:00+00:00,6.15e-05
2025-03-08 08:00:00.001000+00:00,-3.422e-05
2025-03-08 16:00:00.001000+00:00,-6.242e-05
2025-03-09 00:00:00.001000+00:00,-0.00010535
2025-03-09 08:00:00+00:00,5.62e-06
2025-03-09 16:00:00+00:00,6.936e-05
2025-03-10 00:00:00+00:00,-5.692e-05
2025-03-10 08:00:00+00:00,-0.00010237
2025-03-10 16:00:00+00:00,-9.844e-05
2025-03-11 00:00:00+00:00,-0.00011653
2025-03-11 08:00:00+00:00,9.198e-05
2025-03-11 16:00:00.001000+00:00,8.681e-05
2025-03-12 00:00:00+00:00,-7.98e-06
2025-03-12 08:00:00+00:00,3.25e-06
2025-03-12 16:00:00.001000+00:00,-3.859e-05
2025-03-13 00:00:00+00:00,1.189e-05
2025-03-13 08:00:00+00:00,-7.287e-05
2025-03-13 16:00:00+00:00,7.399e-05
2025-03-14 00:00:00+00:00,3.347e-05
2025-03-14 08:00:00+00:00,0.0001
2025-03-14 16:00:00+00:00,9.595e-05
2025-03-15 00:00:00+00:00,0.0001
2025-03-15 08:00:00+00:00,7.299e-05
2025-03-15 16:00:00+00:00,-2.397e-05
2025-03-16 00:00:00+00:00,3.93e-06
2025-03-16 08:00:00+00:00,5.58e-05
2025-03-16 16:00:00+00:00,-3.228e-05
2025-03-17 00:00:00+00:00,-8.027e-05
2025-03-17 08:00:00+00:00,-5.403e-05
2025-03-17 16:00:00+00:00,-3.998e-05
2025-03-18 00:00:00+00:00,-6.365e-05
2025-03-18 08:00:00+00:00,-8.081e-05
2025-03-18 16:00:00+00:00,-2.71e-05
2025-03-19 00:00:00+00:00,-6.788e-05
2025-03-19 08:00:00+00:00,7.274e-05
2025-03-19 16:00:00+00:00,0.0001
2025-03-20 00:00:00+00:00,0.0001
2025-03-20 08:00:00+00:00,0.0001
2025-03-20 16:00:00+00:00,-1.871e-05
2025-03-21 00:00:00+00:00,-3.932e-05
2025-03-21 08:00:00+00:00,-1.407e-05
2025-03-21 16:00:00+00:00,-3.604e-05
2025-03-22 00:00:00+00:00,-3.723e-05
2025-03-22 08:00:00.004000+00:00,-2.882e-05
2025-03-22 16:00:00+00:00,-8.49e-06
2025-03-23 00:00:00+00:00,-6.482e-05
2025-03-23 08:00:00+00:00,2.642e-05
2025-03-23 16:00:00+00:00,5.551e-05
2025-03-24 00:00:00+00:00,-2.538e-05
2025-03-24 08:00:00+00:00,0.0001
2025-03-24 16:00:00+00:00,5.301e-05
2025-03-25 00:00:00.001000+00:00,0.0001
2025-03-25 08:00:00+00:00,1.127e-05
2025-03-25 16:00:00+00:00,1.713e-05
2025-03-26 00:00:00+00:00,6.16e-06
2025-03-26 08:00:00+00:00,-4.441e-05
2025-03-26 16:00:00.001000+00:00,-0.00012817
2025-03-27 00:00:00.001000+00:00,-0.00013711
2025-03-27 08:00:00.001000+00:00,-5.633e-05
2025-03-27 16:00:00.002000+00:00,-2.555e-05
2025-03-28 00:00:00.001000+00:00,-3.227e-05
2025-03-28 08:00:00.001000+00:00,-0.00010137
2025-03-28 16:00:00+00:00,-9.351e-05
2025-03-29 00:00:00+00:00,-4.899e-05
2025-03-29 08:00:00+00:00,2.251e-05
2025-03-29 16:00:00+00:00,-8.909e-05
2025-03-30 00:00:00+00:00,-0.00025778
2025-03-30 08:00:00+00:00,-0.00040116
2025-03-30 16:00:00+00:00,-0.00018023
2025-03-31 00:00:00+00:00,-0.0002337
2025-03-31 08:00:00+00:00,-7.84e-06
2025-03-31 16:00:00+00:00,-4.24e-06
2025-04-01 00:00:00+00:00,-9.179e-05
2025-04-01 08:00:00.001000+00:00,-5.66e-06
2025-04-01 16:00:00+00:00,-5.281e-05
2025-04-02 00:00:00.001000+00:00,-6.427e-05
2025-04-02 08:00:00+00:00,-0.00013428
2025-04-02 16:00:00+00:00,4.319e-05
2025-04-03 00:00:00+00:00,-7.645e-05
2025-04-03 08:00:00+00:00,-7.305e-05
2025-04-03 16:00:00+00:00,-0.00011099
2025-04-04 00:00:00+00:00,-0.00033632
2025-04-04 08:00:00+00:00,-1.52e-06
2025-04-04 16:00:00+00:00,5.6e-06
2025-04-05 00:00:00+00:00,4.038e-05
2025-04-05 08:00:00+00:00,9.687e-05
2025-04-05 16:00:00+00:00,2.06e-05
2025-04-06 00:00:00+00:00,-5.619e-05
2025-04-06 08:00:00+00:00,0.0001
2025-04-06 16:00:00.002000+00:00,-5.463e-05
2025-04-07 00:00:00+00:00,-5.72e-06
2025-04-07 08:00:00+00:00,3.966e-05
2025-04-07 16:00:00+00:00,-5.584e-05
2025-04-08 00:00:00+00:00,-0.00011753
2025-04-08 08:00:00+00:00,-4.472e-05
2025-04-08 16:00:00+00:00,-0.00023327
2025-04-09 00:00:00+00:00,-8.09e-05
2025-04-09 08:00:00.001000+00:00,-7.831e-05
2025-04-09 16:00:00+00:00,7.621e-05
2025-04-10 00:00:00+00:00,0.0001
2025-04-10 08:00:00+00:00,0.0001
2025-04-10 16:00:00+00:00,3.456e-05
2025-04-11 00:00:00.001000+00:00,-6.109e-05
2025-04-11 08:00:00+00:00,4.298e-05
2025-04-11 16:00:00+00:00,0.0001
2025-04-12 00:00:00+00:00,5.911e-05
2025-04-12 08:00:00.001000+00:00,-1.714e-05
2025-04-12 16:00:00+00:00,2.768e-05
2025-04-13 00:00:00+00:00,-3.35e-06
2025-04-13 08:00:00+00:00,0.0001
2025-04-13 16:00:00+00:00,8.174e-05
2025-04-14 00:00:00+00:00,9.053e-05
2025-04-14 08:00:00+00:00,-3.957e-05
2025-04-14 16:00:00+00:00,-9.45e-05
2025-04-15 00:00:00+00:00,-5.912e-05
2025-04-15 08:00:00+00:00,-0.00013087
2025-04-15 16:00:00.001000+00:00,1.824e-05
2025-04-16 00:00:00+00:00,-9.158e-05
2025-04-16 08:00:00+00:00,-3.187e-05
2025-04-16 16:00:00+00:00,-2.327e-05
2025-04-17 00:00:00.001000+00:00,0.0001
2025-04-17 08:00:00+00:00,0.0001
2025-04-17 16:00:00.001000+00:00,1.614e-05
2025-04-18 00:00:00+00:00,1.84e-06
2025-04-18 08:00:00+00:00,-1.498e-05
2025-04-18 16:00:00+00:00,-3.334e-05
2025-04-19 00:00:00+00:00,-5.659e-05
2025-04-19 08:00:00+00:00,-5.634e-05
2025-04-19 16:00:00+00:00,-0.00013071
2025-04-20 00:00:00+00:00,-7.971e-05
2025-04-20 08:00:00+00:00,-0.00016975
2025-04-20 16:00:00+00:00,-0.00013544
2025-04-21 00:00:00+00:00,-0.00019655
2025-04-21 08:00:00.005000+00:00,-0.0001549
2025-04-21 16:00:00.003000+00:00,-0.00010934
2025-04-22 00:00:00.008000+00:00,-0.00025936
2025-04-22 08:00:00+00:00,3.362e-05
2025-04-22 16:00:00+00:00,4.549e-05
2025-04-23 00:00:00+00:00,0.0001
2025-04-23 08:00:00.002000+00:00,-3.559e-05
2025-04-23 16:00:00+00:00,6.137e-05
2025-04-24 00:00:00+00:00,0.0001
2025-04-24 08:00:00.001000+00:00,0.0001
2025-04-24 16:00:00.001000+00:00,5.163e-05
2025-04-25 00:00:00.007000+00:00,0.0001
2025-04-25 08:00:00.002000+00:00,0.0001
2025-04-25 16:00:00.003000+00:00,1.235e-05
2025-04-26 00:00:00.002000+00:00,1.05e-05
2025-04-26 08:00:00+00:00,-4.023e-05
2025-04-26 16:00:00.002000+00:00,-7.805e-05
2025-04-27 00:00:00.001000+00:00,1.325e-05
2025-04-27 08:00:00+00:00,-7.219e-05
2025-04-27 16:00:00+00:00,5.977e-05
2025-04-28 00:00:00.001000+00:00,-2.3e-05
2025-04-28 08:00:00.003000+00:00,5.514e-05
2025-04-28 16:00:00.005000+00:00,-0.00010338
2025-04-29 00:00:00+00:00,-0.00016044
2025-04-29 08:00:00+00:00,-4.373e-05
2025-04-29 16:00:00.010000+00:00,2.238e-05
2025-04-30 00:00:00.001000+00:00,-6.214e-05
2025-04-30 08:00:00+00:00,-5.841e-05
2025-04-30 16:00:00.003000+00:00,-0.0001511
2025-05-01 00:00:00+00:00,4.946e-05
2025-05-01 08:00:00+00:00,8.433e-05
2025-05-01 16:00:00.001000+00:00,5.6e-06
2025-05-02 00:00:00+00:00,2.49e-05
2025-05-02 08:00:00+00:00,-5.683e-05
2025-05-02 16:00:00.003000+00:00,-5.442e-05
2025-05-03 00:00:00+00:00,-0.00012523
2025-05-03 08:00:00+00:00,-3.821e-05
2025-05-03 16:00:00+00:00,-9.958e-05
2025-05-04 00:00:00.001000+00:00,-4.04e-06
2025-05-04 08:00:00.001000+00:00,-4.138e-05
2025-05-04 16:00:00.002000+00:00,-0.00012151
2025-05-05 00:00:00+00:00,-6.756e-05
2025-05-05 08:00:00+00:00,1.617e-05
2025-05-05 16:00:00.006000+00:00,-9.298e-05
2025-05-06 00:00:00.002000+00:00,6.405e-05
2025-05-06 08:00:00.005000+00:00,-4.546e-05
2025-05-06 16:00:00+00:00,-2.434e-05
2025-05-07 00:00:00.002000+00:00,8.971e-05
2025-05-07 08:00:00+00:00,3.313e-05
2025-05-07 16:00:00.006000+00:00,6.688e-05
2025-05-08 00:00:00+00:00,2.457e-05
2025-05-08 08:00:00.001000+00:00,5.832e-05
2025-05-08 16:00:00.002000+00:00,9.64e-05
2025-05-09 00:00:00.001000+00:00,0.0001
2025-05-09 08:00:00.006000+00:00,0.0001
2025-05-09 16:00:00+00:00,0.0001
2025-05-10 00:00:00.001000+00:00,0.0001
2025-05-10 08:00:00+00:00,0.0001
2025-05-10 16:00:00.001000+00:00,0.0001
2025-05-11 00:00:00+00:00,0.0001
2025-05-11 08:00:00.001000+00:00,0.0001
2025-05-11 16:00:00.001000+00:00,5.117e-05
2025-05-12 00:00:00.004000+00:00,3.571e-05
2025-05-12 08:00:00+00:00,6.886e-05
2025-05-12 16:00:00+00:00,0.0001
2025-05-13 00:00:00+00:00,8.216e-05
2025-05-13 08:00:00.008000+00:00,0.0001
2025-05-13 16:00:00.001000+00:00,4.667e-05
2025-05-14 00:00:00.007000+00:00,0.0001
2025-05-14 08:00:00+00:00,0.0001
2025-05-14 16:00:00.002000+00:00,2.295e-05
2025-05-15 00:00:00+00:00,-2.267e-05
2025-05-15 08:00:00.003000+00:00,9.24e-06
2025-05-15 16:00:00+00:00,3.324e-05
2025-05-16 00:00:00.001000+00:00,-1.229e-05
2025-05-16 08:00:00+00:00,8.483e-05
2025-05-16 16:00:00+00:00,-1.038e-05
2025-05-17 00:00:00+00:00,-4.807e-05
2025-05-17 08:00:00.001000+00:00,3.475e-05
2025-05-17 16:00:00.004000+00:00,1.111e-05
2025-05-18 00:00:00+00:00,2.02e-05
2025-05-18 08:00:00+00:00,7.853e-05
2025-05-18 16:00:00+00:00,5.057e-05
2025-05-19 00:00:00+00:00,-1.197e-05
2025-05-19 08:00:00.006000+00:00,-0.00013744
2025-05-19 16:00:00.010000+00:00,-0.00010509
2025-05-20 00:00:00+00:00,7.217e-05
2025-05-20 08:00:00.002000+00:00,0.0001
2025-05-20 16:00:00+00:00,-2.235e-05
2025-05-21 00:00:00+00:00,6.901e-05
2025-05-21 08:00:00.001000+00:00,9.58e-05
2025-05-21 16:00:00.004000+00:00,9.897e-05
2025-05-22 00:00:00.001000+00:00,7.607e-05
2025-05-22 08:00:00+00:00,0.0001
2025-05-22 16:00:00.002000+00:00,0.0001
2025-05-23 00:00:00.006000+00:00,0.0001
2025-05-23 08:00:00+00:00,0.0001
2025-05-23 16:00:00.007000+00:00,0.0001
2025-05-24 00:00:00.010000+00:00,0.0001
2025-05-24 08:00:00+00:00,-2.064e-05
2025-05-24 16:00:00.003000+00:00,1.263e-05
2025-05-25 00:00:00.004000+00:00,6.352e-05
2025-05-25 08:00:00+00:00,-3.821e-05
2025-05-25 16:00:00+00:00,-3.651e-05
2025-05-26 00:00:00+00:00,-9.9e-06
2025-05-26 08:00:00+00:00,1.765e-05
2025-05-26 16:00:00.002000+00:00,8.686e-05
2025-05-27 00:00:00.003000+00:00,-8.877e-05
2025-05-27 08:00:00.001000+00:00,-2.909e-05
2025-05-27 16:00:00.005000+00:00,0.0001
2025-05-28 00:00:00.002000+00:00,0.0001
2025-05-28 08:00:00.003000+00:00,-2.762e-05
2025-05-28 16:00:00.002000+00:00,-0.00013891
2025-05-29 00:00:00+00:00,-8.565e-05
2025-05-29 08:00:00.006000+00:00,7.947e-05
2025-05-29 16:00:00+00:00,-3.067e-05
2025-05-30 00:00:00.003000+00:00,-1.093e-05
2025-05-30 08:00:00.003000+00:00,-5.322e-05
2025-05-30 16:00:00+00:00,3.101e-05
2025-05-31 00:00:00+00:00,3.422e-05
2025-05-31 08:00:00+00:00,1.633e-05
2025-05-31 16:00:00+00:00,-0.00010143
2025-06-01 00:00:00.001000+00:00,-6.233e-05
2025-06-01 08:00:00.002000+00:00,-8.005e-05
2025-06-01 16:00:00+00:00,-4.325e-05
2025-06-02 00:00:00.001000+00:00,4.401e-05
2025-06-02 08:00:00+00:00,4.587e-05
2025-06-02 16:00:00+00:00,-3.75e-06
2025-06-03 00:00:00+00:00,4.371e-05
2025-06-03 08:00:00+00:00,6.746e-05
2025-06-03 16:00:00.001000+00:00,5.76e-06
2025-06-04 00:00:00+00:00,-4.581e-05
2025-06-04 08:00:00+00:00,5.065e-05
2025-06-04 16:00:00+00:00,1.795e-05
2025-06-05 00:00:00.016000+00:00,1.332e-05
2025-06-05 08:00:00+00:00,3.552e-05
2025-06-05 16:00:00+00:00,-6.04e-06
2025-06-06 00:00:00.002000+00:00,-6.476e-05
2025-06-06 08:00:00+00:00,-0.00011387
2025-06-06 16:00:00.006000+00:00,-1.384e-05
2025-06-07 00:00:00+00:00,6.211e-05
2025-06-07 08:00:00+00:00,1.3e-05
2025-06-07 16:00:00.002000+00:00,-2.393e-05
2025-06-08 00:00:00+00:00,-7.4e-07
2025-06-08 08:00:00+00:00,4.196e-05
2025-06-08 16:00:00+00:00,-2.649e-05
2025-06-09 00:00:00+00:00,0.0001
2025-06-09 08:00:00.001000+00:00,2.864e-05
2025-06-09 16:00:00.001000+00:00,4.81e-05
2025-06-10 00:00:00+00:00,9.077e-05
2025-06-10 08:00:00.001000+00:00,0.0001
2025-06-10 16:00:00.003000+00:00,-1.13e-06
2025-06-11 00:00:00+00:00,0.0001
2025-06-11 08:00:00+00:00,0.0001
2025-06-11 16:00:00.010000+00:00,0.0001
2025-06-12 00:00:00.002000+00:00,5.193e-05
2025-06-12 08:00:00.003000+00:00,3.997e-05
2025-06-12 16:00:00.001000+00:00,-2.02e-06
2025-06-13 00:00:00+00:00,-1.707e-05
2025-06-13 08:00:00.001000+00:00,-9.27e-05
2025-06-13 16:00:00.004000+00:00,1.064e-05
2025-06-14 00:00:00+00:00,8.928e-05
2025-06-14 08:00:00+00:00,2.159e-05
2025-06-14 16:00:00+00:00,-4.8e-06
2025-06-15 00:00:00.005000+00:00,-3.76e-05
2025-06-15 08:00:00.009000+00:00,7.334e-05
2025-06-15 16:00:00+00:00,8.709e-05
2025-06-16 00:00:00+00:00,0.0001
2025-06-16 08:00:00+00:00,0.0001
2025-06-16 16:00:00.003000+00:00,-6.24e-06
2025-06-17 00:00:00+00:00,9.96e-06
2025-06-17 08:00:00.006000+00:00,0.0001
2025-06-17 16:00:00.001000+00:00,5.322e-05
2025-06-18 00:00:00.001000+00:00,5.552e-05
2025-06-18 08:00:00.001000+00:00,-7.1e-06
2025-06-18 16:00:00.001000+00:00,-2.074e-05
2025-06-19 00:00:00.005000+00:00,2.853e-05
2025-06-19 08:00:00.003000+00:00,2.565e-05
2025-06-19 16:00:00+00:00,1.075e-05
2025-06-20 00:00:00+00:00,5.538e-05
2025-06-20 08:00:00.002000+00:00,4.09e-05
2025-06-20 16:00:00.001000+00:00,1.443e-05
2025-06-21 00:00:00.002000+00:00,-5.118e-05
2025-06-21 08:00:00.005000+00:00,-7.613e-05
2025-06-21 16:00:00+00:00,2.732e-05
2025-06-22 00:00:00.005000+00:00,-3.464e-05
2025-06-22 08:00:00+00:00,3.965e-05
2025-06-22 16:00:00.003000+00:00,8.55e-06
2025-06-23 00:00:00+00:00,4.979e-05
2025-06-23 08:00:00.004000+00:00,4.69e-06
2025-06-23 16:00:00.013000+00:00,1.44e-05
2025-06-24 00:00:00.003000+00:00,8.638e-05
2025-06-24 08:00:00+00:00,-2.013e-05
2025-06-24 16:00:00+00:00,2.041e-05
2025-06-25 00:00:00.005000+00:00,-1.345e-05
2025-06-25 08:00:00+00:00,0.0001
2025-06-25 16:00:00.005000+00:00,4.739e-05
2025-06-26 00:00:00+00:00,3.413e-05
2025-06-26 08:00:00.006000+00:00,2.145e-05
2025-06-26 16:00:00.007000+00:00,-6.184e-05
2025-06-27 00:00:00+00:00,-6.442e-05
2025-06-27 08:00:00+00:00,1.541e-05
2025-06-27 16:00:00.009000+00:00,1.738e-05
2025-06-28 00:00:00.001000+00:00,6.933e-05
2025-06-28 08:00:00.002000+00:00,0.0001
2025-06-28 16:00:00+00:00,0.0001
2025-06-29 00:00:00.004000+00:00,0.0001
2025-06-29 08:00:00.001000+00:00,0.0001
2025-06-29 16:00:00.001000+00:00,3.46e-05
2025-06-30 00:00:00+00:00,6.987e-05
2025-06-30 08:00:00.005000+00:00,8.33e-06
2025-06-30 16:00:00.002000+00:00,3.926e-05
2025-07-01 00:00:00.007000+00:00,9.123e-05
2025-07-01 08:00:00.002000+00:00,5.05e-05
2025-07-01 16:00:00+00:00,-7.235e-05
2025-07-02 00:00:00.001000+00:00,-5.826e-05
2025-07-02 08:00:00+00:00,-4.281e-05
2025-07-02 16:00:00.003000+00:00,-4.92e-06
2025-07-03 00:00:00.006000+00:00,7.514e-05
2025-07-03 08:00:00.003000+00:00,8.784e-05
2025-07-03 16:00:00.003000+00:00,-8.08e-06
2025-07-04 00:00:00.005000+00:00,-1.339e-05
2025-07-04 08:00:00.003000+00:00,9.974e-05
2025-07-04 16:00:00.001000+00:00,-6.162e-05
2025-07-05 00:00:00.004000+00:00,-0.00015145
2025-07-05 08:00:00.009000+00:00,-7.863e-05
2025-07-05 16:00:00.006000+00:00,-6.498e-05
2025-07-06 00:00:00.001000+00:00,-3.364e-05
2025-07-06 08:00:00.002000+00:00,-7.54e-05
2025-07-06 16:00:00.004000+00:00,3.442e-05
2025-07-07 00:00:00+00:00,0.0001
2025-07-07 08:00:00.007000+00:00,6.88e-05
2025-07-07 16:00:00+00:00,3.57e-05
2025-07-08 00:00:00.010000+00:00,3.474e-05
2025-07-08 08:00:00.003000+00:00,-3.311e-05
2025-07-08 16:00:00+00:00,-7.41e-06
2025-07-09 00:00:00.002000+00:00,2.053e-05
2025-07-09 08:00:00.006000+00:00,1.7e-07
2025-07-09 16:00:00.001000+00:00,5.52e-06
2025-07-10 00:00:00.003000+00:00,0.0001
2025-07-10 08:00:00+00:00,2.127e-05
2025-07-10 16:00:00.004000+00:00,1.69e-05
2025-07-11 00:00:00.004000+00:00,0.0001
2025-07-11 08:00:00.007000+00:00,4.064e-05
2025-07-11 16:00:00.001000+00:00,0.0001
2025-07-12 00:00:00+00:00,0.0001
2025-07-12 08:00:00.001000+00:00,0.0001
2025-07-12 16:00:00.002000+00:00,0.0001
2025-07-13 00:00:00.006000+00:00,0.0001
2025-07-13 08:00:00.001000+00:00,0.0001
2025-07-13 16:00:00.003000+00:00,7.719e-05
2025-07-14 00:00:00+00:00,3.59e-05
2025-07-14 08:00:00+00:00,0.0001
2025-07-14 16:00:00+00:00,0.0001
2025-07-15 00:00:00.002000+00:00,7.758e-05
2025-07-15 08:00:00+00:00,-3.61e-06
2025-07-15 16:00:00+00:00,2.244e-05
2025-07-16 00:00:00+00:00,0.0001
2025-07-16 08:00:00+00:00,0.0001
2025-07-16 16:00:00.008000+00:00,0.0001
2025-07-17 00:00:00.003000+00:00,0.0001
2025-07-17 08:00:00+00:00,0.0001
2025-07-17 16:00:00+00:00,0.0001
2025-07-18 00:00:00.004000+00:00,0.0001
2025-07-18 08:00:00+00:00,0.0001
2025-07-18 16:00:00+00:00,0.0001
2025-07-19 00:00:00.009000+00:00,0.0001
2025-07-19 08:00:00+00:00,0.0001
2025-07-19 16:00:00.002000+00:00,0.0001
2025-07-20 00:00:00+00:00,0.0001
2025-07-20 08:00:00+00:00,0.0001
2025-07-20 16:00:00+00:00,0.0001
2025-07-21 00:00:00.001000+00:00,0.0001
2025-07-21 08:00:00+00:00,0.0001
2025-07-21 16:00:00.001000+00:00,0.000129
2025-07-22 00:00:00+00:00,0.0001
2025-07-22 08:00:00.010000+00:00,0.0001
2025-07-22 16:00:00.007000+00:00,0.0001
2025-07-23 00:00:00+00:00,0.0001
2025-07-23 08:00:00.004000+00:00,0.0001
2025-07-23 16:00:00.002000+00:00,0.0001
2025-07-24 00:00:00+00:00,0.0001
2025-07-24 08:00:00.001000+00:00,0.0001
2025-07-24 16:00:00+00:00,0.0001
2025-07-25 00:00:00+00:00,0.0001
2025-07-25 08:00:00+00:00,6.102e-05
2025-07-25 16:00:00+00:00,0.0001
2025-07-26 00:00:00.001000+00:00,0.0001
2025-07-26 08:00:00.005000+00:00,0.0001
2025-07-26 16:00:00.001000+00:00,0.0001
2025-07-27 00:00:00.001000+00:00,0.0001
2025-07-27 08:00:00+00:00,0.0001
2025-07-27 16:00:00.008000+00:00,0.0001
2025-07-28 00:00:00.005000+00:00,0.0001
2025-07-28 08:00:00+00:00,0.0001
2025-07-28 16:00:00+00:00,0.0001
2025-07-29 00:00:00.001000+00:00,-3.47e-06
2025-07-29 08:00:00+00:00,8.17e-06
2025-07-29 16:00:00+00:00,4.218e-05
2025-07-30 00:00:00.011000+00:00,1.098e-05
2025-07-30 08:00:00+00:00,7.655e-05
2025-07-30 16:00:00.008000+00:00,-1.266e-05
2025-07-31 00:00:00+00:00,-8.14e-06
2025-07-31 08:00:00.009000+00:00,4.662e-05
2025-07-31 16:00:00+00:00,8.62e-06
2025-08-01 00:00:00.001000+00:00,4.034e-05
2025-08-01 08:00:00.003000+00:00,-1.44e-05
2025-08-01 16:00:00+00:00,3.852e-05
2025-08-02 00:00:00.004000+00:00,-3.851e-05
2025-08-02 08:00:00+00:00,3.654e-05
2025-08-02 16:00:00+00:00,3.981e-05
2025-08-03 00:00:00+00:00,-0.00010062
2025-08-03 08:00:00+00:00,-5.92e-05
2025-08-03 16:00:00.003000+00:00,-7.571e-05
2025-08-04 00:00:00.004000+00:00,-0.00014534
2025-08-04 08:00:00+00:00,-6.297e-05
2025-08-04 16:00:00.002000+00:00,-6.458e-05
2025-08-05 00:00:00+00:00,-3.577e-05
2025-08-05 08:00:00+00:00,-2.117e-05
2025-08-05 16:00:00+00:00,-4.816e-05
2025-08-06 00:00:00.005000+00:00,-6.84e-05
2025-08-06 08:00:00+00:00,-3.584e-05
2025-08-06 16:00:00+00:00,1.84e-05
2025-08-07 00:00:00.003000+00:00,0.0001
2025-08-07 08:00:00.002000+00:00,1.246e-05
2025-08-07 16:00:00.002000+00:00,4.431e-05
2025-08-08 00:00:00.002000+00:00,6.422e-05
2025-08-08 08:00:00.004000+00:00,1.197e-05
2025-08-08 16:00:00+00:00,3.043e-05
2025-08-09 00:00:00.005000+00:00,0.0001
2025-08-09 08:00:00+00:00,8.345e-05
2025-08-09 16:00:00.007000+00:00,7.712e-05
2025-08-10 00:00:00.003000+00:00,9.612e-05
2025-08-10 08:00:00.005000+00:00,7.842e-05
2025-08-10 16:00:00.002000+00:00,0.0001
2025-08-11 00:00:00+00:00,9.508e-05
2025-08-11 08:00:00+00:00,0.0001
2025-08-11 16:00:00+00:00,3.19e-06
2025-08-12 00:00:00+00:00,-2.394e-05
2025-08-12 08:00:00.001000+00:00,-1.203e-05
2025-08-12 16:00:00.005000+00:00,-2.257e-05
2025-08-13 00:00:00+00:00,0.0001
2025-08-13 08:00:00.002000+00:00,0.0001
2025-08-13 16:00:00.006000+00:00,0.0001
2025-08-14 00:00:00.002000+00:00,0.0001
2025-08-14 08:00:00.003000+00:00,0.00025876
2025-08-14 16:00:00+00:00,0.0001
2025-08-15 00:00:00+00:00,0.0001
2025-08-15 08:00:00+00:00,0.0001
2025-08-15 16:00:00+00:00,4.024e-05
2025-08-16 00:00:00.004000+00:00,-4.219e-05
2025-08-16 08:00:00+00:00,6.279e-05
2025-08-16 16:00:00.002000+00:00,7.134e-05
2025-08-17 00:00:00+00:00,0.0001
2025-08-17 08:00:00.001000+00:00,9.63e-05
2025-08-17 16:00:00.007000+00:00,5.105e-05
2025-08-18 00:00:00+00:00,8.86e-05
2025-08-18 08:00:00.001000+00:00,-5.077e-05
2025-08-18 16:00:00.002000+00:00,-6.163e-05
2025-08-19 00:00:00+00:00,-1.986e-05
2025-08-19 08:00:00.001000+00:00,4.048e-05
2025-08-19 16:00:00+00:00,6.293e-05
2025-08-20 00:00:00+00:00,2.581e-05
2025-08-20 08:00:00+00:00,8.81e-05
2025-08-20 16:00:00+00:00,0.0001
2025-08-21 00:00:00.006000+00:00,0.0001
2025-08-21 08:00:00+00:00,0.0001
2025-08-21 16:00:00.003000+00:00,1.366e-05
2025-08-22 00:00:00.010000+00:00,3.301e-05
2025-08-22 08:00:00.007000+00:00,0.0001
2025-08-22 16:00:00.001000+00:00,0.0001
2025-08-23 00:00:00.004000+00:00,0.0001
2025-08-23 08:00:00.006000+00:00,0.0001
2025-08-23 16:00:00+00:00,0.0001
2025-08-24 00:00:00.001000+00:00,0.0001
2025-08-24 08:00:00.002000+00:00,0.0001
2025-08-24 16:00:00.001000+00:00,0.0001
2025-08-25 00:00:00+00:00,0.0001
2025-08-25 08:00:00.002000+00:00,0.0001
2025-08-25 16:00:00.002000+00:00,0.0001
2025-08-26 00:00:00+00:00,2.857e-05
2025-08-26 08:00:00+00:00,-8.98e-06
2025-08-26 16:00:00+00:00,5.27e-05
2025-08-27 00:00:00.003000+00:00,0.0001
2025-08-27 08:00:00+00:00,0.0001
2025-08-27 16:00:00.009000+00:00,0.0001
2025-08-28 00:00:00+00:00,0.0001
2025-08-28 08:00:00.005000+00:00,0.0001
2025-08-28 16:00:00.004000+00:00,0.0001
2025-08-29 00:00:00+00:00,8.562e-05
2025-08-29 08:00:00+00:00,7.793e-05
2025-08-29 16:00:00.005000+00:00,7.047e-05
2025-08-30 00:00:00+00:00,-1.362e-05
2025-08-30 08:00:00.002000+00:00,5.373e-05
2025-08-30 16:00:00.003000+00:00,-3.14e-05
2025-08-31 00:00:00.016000+00:00,1.753e-05
2025-08-31 08:00:00+00:00,9.518e-05
2025-08-31 16:00:00.001000+00:00,9.036e-05
2025-09-01 00:00:00+00:00,9.019e-05
2025-09-01 08:00:00+00:00,7.92e-06
2025-09-01 16:00:00.001000+00:00,2.302e-05
2025-09-02 00:00:00+00:00,4.576e-05
2025-09-02 08:00:00.005000+00:00,0.0001
2025-09-02 16:00:00.007000+00:00,9.872e-05
2025-09-03 00:00:00.006000+00:00,0.0001
2025-09-03 08:00:00.002000+00:00,8.685e-05
2025-09-03 16:00:00.002000+00:00,7.61e-06
2025-09-04 00:00:00.002000+00:00,3.074e-05
2025-09-04 08:00:00+00:00,6.703e-05
2025-09-04 16:00:00+00:00,6.691e-05
2025-09-05 00:00:00.001000+00:00,-4.57e-06
2025-09-05 08:00:00.006000+00:00,1.493e-05
2025-09-05 16:00:00+00:00,1.122e-05
2025-09-06 00:00:00+00:00,8.9e-05
2025-09-06 08:00:00.005000+00:00,0.0001
2025-09-06 16:00:00+00:00,1.754e-05
2025-09-07 00:00:00+00:00,6e-08
2025-09-07 08:00:00+00:00,6.542e-05
2025-09-07 16:00:00+00:00,3.077e-05
2025-09-08 00:00:00.007000+00:00,0.0001
2025-09-08 08:00:00+00:00,0.0001
2025-09-08 16:00:00+00:00,0.0001
2025-09-09 00:00:00+00:00,8.916e-05
2025-09-09 08:00:00+00:00,0.0001
2025-09-09 16:00:00+00:00,0.0001
2025-09-10 00:00:00+00:00,3.617e-05
2025-09-10 08:00:00.002000+00:00,0.0001
2025-09-10 16:00:00+00:00,0.0001
2025-09-11 00:00:00+00:00,4.953e-05
2025-09-11 08:00:00+00:00,-1.99e-05
2025-09-11 16:00:00.001000+00:00,9.486e-05
2025-09-12 00:00:00.002000+00:00,2.36e-06
2025-09-12 08:00:00.001000+00:00,4.69e-06
2025-09-12 16:00:00.005000+00:00,7.19e-06
2025-09-13 00:00:00.005000+00:00,1.709e-05
2025-09-13 08:00:00.002000+00:00,6.327e-05
2025-09-13 16:00:00+00:00,5.623e-05
2025-09-14 00:00:00.006000+00:00,-3.76e-06
2025-09-14 08:00:00+00:00,5.813e-05
2025-09-14 16:00:00.001000+00:00,2.92e-05
2025-09-15 00:00:00.006000+00:00,-7.17e-06
2025-09-15 08:00:00.002000+00:00,8.58e-06
2025-09-15 16:00:00.001000+00:00,4.813e-05
2025-09-16 00:00:00.001000+00:00,6.405e-05
2025-09-16 08:00:00+00:00,7.636e-05
2025-09-16 16:00:00+00:00,7.783e-05
2025-09-17 00:00:00.001000+00:00,-1.958e-05
2025-09-17 08:00:00+00:00,3.782e-05
2025-09-17 16:00:00.003000+00:00,3.428e-05
2025-09-18 00:00:00.006000+00:00,8.719e-05
2025-09-18 08:00:00.002000+00:00,0.0001
2025-09-18 16:00:00+00:00,1.468e-05
2025-09-19 00:00:00+00:00,0.0001
2025-09-19 08:00:00.005000+00:00,9.667e-05
2025-09-19 16:00:00+00:00,8.03e-06
2025-09-20 00:00:00+00:00,-3.324e-05
2025-09-20 08:00:00+00:00,-6.98e-05
2025-09-20 16:00:00.002000+00:00,-2.909e-05
2025-09-21 00:00:00+00:00,-4.39e-06
2025-09-21 08:00:00+00:00,4.391e-05
2025-09-21 16:00:00+00:00,9.63e-06
2025-09-22 00:00:00.005000+00:00,4.06e-06
2025-09-22 08:00:00.003000+00:00,-1.362e-05
2025-09-22 16:00:00+00:00,-0.00010344
2025-09-23 00:00:00+00:00,4.622e-05
2025-09-23 08:00:00.001000+00:00,4.873e-05
2025-09-23 16:00:00+00:00,5.93e-06
2025-09-24 00:00:00.003000+00:00,2.831e-05
2025-09-24 08:00:00.001000+00:00,3.094e-05
2025-09-24 16:00:00.002000+00:00,-3.4e-06
2025-09-25 00:00:00+00:00,-0.0001284
2025-09-25 08:00:00.001000+00:00,-3.446e-05
2025-09-25 16:00:00+00:00,3.595e-05
2025-09-26 00:00:00+00:00,3.743e-05
2025-09-26 08:00:00+00:00,-3.977e-05
2025-09-26 16:00:00.008000+00:00,-4.772e-05
2025-09-27 00:00:00+00:00,-9.862e-05
2025-09-27 08:00:00.010000+00:00,6.955e-05
2025-09-27 16:00:00.003000+00:00,-2.293e-05
2025-09-28 00:00:00+00:00,2.105e-05
2025-09-28 08:00:00+00:00,-3.715e-05
2025-09-28 16:00:00+00:00,1.97e-05
2025-09-29 00:00:00+00:00,4.762e-05
2025-09-29 08:00:00.002000+00:00,0.0001
2025-09-29 16:00:00.001000+00:00,-7.412e-05
2025-09-30 00:00:00.002000+00:00,-5.066e-05
2025-09-30 08:00:00.005000+00:00,-0.00016084
2025-09-30 16:00:00+00:00,-3.859e-05
2025-10-01 00:00:00+00:00,7.07e-05
2025-10-01 08:00:00+00:00,0.0001
2025-10-01 16:00:00+00:00,-7.02e-06
2025-10-02 00:00:00+00:00,7.943e-05
2025-10-02 08:00:00.013000+00:00,-9.812e-05
2025-10-02 16:00:00+00:00,-2.091e-05
2025-10-03 00:00:00.006000+00:00,-9.937e-05
2025-10-03 08:00:00.006000+00:00,6.248e-05
2025-10-03 16:00:00+00:00,7.389e-05
2025-10-04 00:00:00.001000+00:00,7.725e-05
2025-10-04 08:00:00+00:00,5.17e-06
2025-10-04 16:00:00+00:00,1.04e-05
2025-10-05 00:00:00+00:00,1.013e-05
2025-10-05 08:00:00.003000+00:00,8.81e-05
2025-10-05 16:00:00.009000+00:00,-4.722e-05
2025-10-06 00:00:00.004000+00:00,-7.241e-05
2025-10-06 08:00:00.002000+00:00,2.963e-05
2025-10-06 16:00:00.004000+00:00,5.395e-05
2025-10-07 00:00:00+00:00,1.768e-05
2025-10-07 08:00:00.003000+00:00,-6.695e-05
2025-10-07 16:00:00+00:00,-2.108e-05
2025-10-08 00:00:00+00:00,-6.781e-05
2025-10-08 08:00:00.006000+00:00,-6.05e-06
2025-10-08 16:00:00.002000+00:00,-3.581e-05
2025-10-09 00:00:00.001000+00:00,0.0001
2025-10-09 08:00:00+00:00,0.0001
2025-10-09 16:00:00+00:00,-2.36e-06
2025-10-10 00:00:00.005000+00:00,-2.367e-05
2025-10-10 08:00:00.002000+00:00,2.784e-05
2025-10-10 16:00:00.014000+00:00,3.06e-06
2025-10-11 00:00:00+00:00,-0.00302761
2025-10-11 08:00:00.003000+00:00,-0.00203878
2025-10-11 16:00:00+00:00,-0.00158704
2025-10-12 00:00:00.004000+00:00,-0.00124994
2025-10-12 08:00:00.002000+00:00,-0.00123408
2025-10-12 16:00:00+00:00,-0.00057183
2025-10-13 00:00:00.003000+00:00,-0.00060725
2025-10-13 08:00:00.002000+00:00,-0.00023311
2025-10-13 16:00:00.003000+00:00,-5.122e-05
2025-10-14 00:00:00+00:00,6.21e-06
2025-10-14 08:00:00+00:00,4.088e-05
2025-10-14 16:00:00+00:00,-7.11e-05
2025-10-15 00:00:00.006000+00:00,-6.096e-05
2025-10-15 08:00:00.002000+00:00,5.749e-05
2025-10-15 16:00:00+00:00,4.099e-05
2025-10-16 00:00:00+00:00,-6.784e-05
2025-10-16 08:00:00.003000+00:00,-4.113e-05
2025-10-16 16:00:00.002000+00:00,-7.614e-05
2025-10-17 00:00:00.001000+00:00,-2.994e-05
2025-10-17 08:00:00.005000+00:00,7.329e-05
2025-10-17 16:00:00.003000+00:00,9.462e-05
2025-10-18 00:00:00+00:00,-8.545e-05
2025-10-18 08:00:00.002000+00:00,-1.55e-06
2025-10-18 16:00:00.001000+00:00,-3.501e-05
2025-10-19 00:00:00.001000+00:00,0.0001
2025-10-19 08:00:00.001000+00:00,1.997e-05
2025-10-19 16:00:00.001000+00:00,2.25e-05
2025-10-20 00:00:00.004000+00:00,-8.569e-05
2025-10-20 08:00:00.001000+00:00,5.3e-06
2025-10-20 16:00:00+00:00,-3.004e-05
2025-10-21 00:00:00.009000+00:00,-3.42e-06
2025-10-21 08:00:00+00:00,-8.944e-05
2025-10-21 16:00:00+00:00,4.135e-05
2025-10-22 00:00:00.004000+00:00,0.0001
2025-10-22 08:00:00+00:00,-9.872e-05
2025-10-22 16:00:00+00:00,-2.23e-05
2025-10-23 00:00:00+00:00,-3.216e-05
2025-10-23 08:00:00.001000+00:00,6.84e-06
2025-10-23 16:00:00.004000+00:00,0.0001
2025-10-24 00:00:00+00:00,0.0001
2025-10-24 08:00:00+00:00,0.0001
2025-10-24 16:00:00.009000+00:00,1.595e-05
2025-10-25 00:00:00+00:00,0.0001
2025-10-25 08:00:00.001000+00:00,0.0001
2025-10-25 16:00:00.001000+00:00,5.536e-05
2025-10-26 00:00:00.001000+00:00,6.721e-05
2025-10-26 08:00:00.001000+00:00,4.492e-05
2025-10-26 16:00:00+00:00,5.882e-05
2025-10-27 00:00:00+00:00,0.0001
2025-10-27 08:00:00.005000+00:00,0.0001
2025-10-27 16:00:00+00:00,3.983e-05
2025-10-28 00:00:00+00:00,1.82e-05
2025-10-28 08:00:00+00:00,7.929e-05
2025-10-28 16:00:00.004000+00:00,6.17e-06
2025-10-29 00:00:00.004000+00:00,-0.0001386
2025-10-29 08:00:00.005000+00:00,-5.808e-05
2025-10-29 16:00:00+00:00,8.873e-05
2025-10-30 00:00:00.004000+00:00,7.1e-07
2025-10-30 08:00:00.008000+00:00,2.026e-05
2025-10-30 16:00:00.001000+00:00,-0.00016797
2025-10-31 00:00:00+00:00,-0.00022069
2025-10-31 08:00:00.008000+00:00,-7.523e-05
2025-10-31 16:00:00.007000+00:00,-1.38e-06
2025-11-01 00:00:00.001000+00:00,1.5e-06
2025-11-01 08:00:00+00:00,2.93e-05
2025-11-01 16:00:00+00:00,-5.041e-05
2025-11-02 00:00:00.007000+00:00,5.263e-05
2025-11-02 08:00:00+00:00,2.822e-05
2025-11-02 16:00:00.001000+00:00,-7.385e-05
2025-11-03 00:00:00+00:00,2.882e-05
2025-11-03 08:00:00.010000+00:00,-0.00017049
2025-11-03 16:00:00+00:00,-0.00015146
2025-11-04 00:00:00.002000+00:00,-4.994e-05
2025-11-04 08:00:00.004000+00:00,-0.00013832
2025-11-04 16:00:00+00:00,1.759e-05
2025-11-05 00:00:00+00:00,3.273e-05
2025-11-05 08:00:00+00:00,5.027e-05
2025-11-05 16:00:00.004000+00:00,-0.00011308
2025-11-06 00:00:00.001000+00:00,-0.0001041
2025-11-06 08:00:00+00:00,-4.391e-05
2025-11-06 16:00:00.001000+00:00,7.661e-05
2025-11-07 00:00:00.005000+00:00,-1.927e-05
2025-11-07 08:00:00.003000+00:00,-4.73e-06
2025-11-07 16:00:00.005000+00:00,1.958e-05
2025-11-08 00:00:00.011000+00:00,8.95e-05
2025-11-08 08:00:00.015000+00:00,-1.277e-05
2025-11-08 16:00:00.001000+00:00,4.85e-06
2025-11-09 00:00:00.004000+00:00,-9.501e-05
2025-11-09 08:00:00+00:00,-2.922e-05
2025-11-09 16:00:00.005000+00:00,4.444e-05
2025-11-10 00:00:00+00:00,0.0001
2025-11-10 08:00:00+00:00,-0.00011243
2025-11-10 16:00:00.003000+00:00,-7.96e-05
2025-11-11 00:00:00.007000+00:00,-4.5e-05
2025-11-11 08:00:00+00:00,-0.00020845
2025-11-11 16:00:00.009000+00:00,-1.407e-05
2025-11-12 00:00:00+00:00,-2e-05
2025-11-12 08:00:00.002000+00:00,-0.00015825
2025-11-12 16:00:00+00:00,-3.65e-05
2025-11-13 00:00:00.002000+00:00,-8.205e-05
2025-11-13 08:00:00+00:00,3.785e-05
2025-11-13 16:00:00.001000+00:00,-1.195e-05
2025-11-14 00:00:00+00:00,-0.00019091
2025-11-14 08:00:00+00:00,-9.95e-06
2025-11-14 16:00:00.001000+00:00,0.0001
2025-11-15 00:00:00.005000+00:00,0.0001
2025-11-15 08:00:00+00:00,5.851e-05
2025-11-15 16:00:00.001000+00:00,-1.324e-05
2025-11-16 00:00:00.001000+00:00,4.071e-05
2025-11-16 08:00:00+00:00,7.161e-05
2025-11-16 16:00:00+00:00,-5.32e-06
2025-11-17 00:00:00.003000+00:00,0.0001
2025-11-17 08:00:00.003000+00:00,0.0001
2025-11-17 16:00:00+00:00,9.994e-05
2025-11-18 00:00:00.002000+00:00,2.095e-05
2025-11-18 08:00:00.004000+00:00,0.0001
2025-11-18 16:00:00+00:00,8.922e-05
2025-11-19 00:00:00+00:00,2.756e-05
2025-11-19 08:00:00+00:00,8.916e-05
2025-11-19 16:00:00.008000+00:00,-6.86e-06
2025-11-20 00:00:00+00:00,-0.00010212
2025-11-20 08:00:00+00:00,0.0001
2025-11-20 16:00:00+00:00,0.0001
2025-11-21 00:00:00.001000+00:00,-9.397e-05
2025-11-21 08:00:00+00:00,5.033e-05
2025-11-21 16:00:00.001000+00:00,-0.00012104
2025-11-22 00:00:00.004000+00:00,-5.419e-05
2025-11-22 08:00:00+00:00,-3.816e-05
2025-11-22 16:00:00+00:00,-5.023e-05
2025-11-23 00:00:00+00:00,4.294e-05
2025-11-23 08:00:00.008000+00:00,-4.937e-05
2025-11-23 16:00:00.003000+00:00,2.945e-05
2025-11-24 00:00:00.004000+00:00,1.509e-05
2025-11-24 08:00:00+00:00,3.449e-05
2025-11-24 16:00:00.006000+00:00,4.57e-06
2025-11-25 00:00:00+00:00,-4.847e-05
2025-11-25 08:00:00.009000+00:00,8.543e-05
2025-11-25 16:00:00.007000+00:00,-0.00018105
2025-11-26 00:00:00.001000+00:00,-6.75e-06
2025-11-26 08:00:00.001000+00:00,0.0001
2025-11-26 16:00:00+00:00,-8.604e-05
2025-11-27 00:00:00.013000+00:00,8.82e-05
2025-11-27 08:00:00+00:00,-1.255e-05
2025-11-27 16:00:00.004000+00:00,2.643e-05
2025-11-28 00:00:00.008000+00:00,-6.408e-05
2025-11-28 08:00:00+00:00,-0.00015136
2025-11-28 16:00:00.008000+00:00,2.204e-05
2025-11-29 00:00:00+00:00,-8.328e-05
2025-11-29 08:00:00.005000+00:00,6.1e-05
2025-11-29 16:00:00.001000+00:00,1.089e-05
2025-11-30 00:00:00.003000+00:00,7.173e-05
2025-11-30 08:00:00+00:00,6.664e-05
2025-11-30 16:00:00.004000+00:00,8.402e-05
2025-12-01 00:00:00+00:00,0.0001
2025-12-01 08:00:00.004000+00:00,-9.161e-05
2025-12-01 16:00:00+00:00,7.07e-06
2025-12-02 00:00:00.004000+00:00,-6.147e-05
2025-12-02 08:00:00+00:00,1.549e-05
2025-12-02 16:00:00+00:00,2.488e-05
2025-12-03 00:00:00+00:00,0.0001
2025-12-03 08:00:00+00:00,8.835e-05
2025-12-03 16:00:00.005000+00:00,6.438e-05
2025-12-04 00:00:00.012000+00:00,0.0001
2025-12-04 08:00:00+00:00,7.212e-05
2025-12-04 16:00:00.011000+00:00,0.0001
2025-12-05 00:00:00+00:00,2.583e-05
2025-12-05 08:00:00+00:00,4.599e-05
2025-12-05 16:00:00.010000+00:00,6.353e-05
2025-12-06 00:00:00.001000+00:00,-2.519e-05
2025-12-06 08:00:00.001000+00:00,-1.154e-05
2025-12-06 16:00:00.008000+00:00,-2.208e-05
2025-12-07 00:00:00+00:00,4.977e-05
2025-12-07 08:00:00.004000+00:00,2.491e-05
2025-12-07 16:00:00+00:00,-4.449e-05
2025-12-08 00:00:00+00:00,-4.676e-05
2025-12-08 08:00:00+00:00,6.981e-05
2025-12-08 16:00:00.001000+00:00,7.621e-05
2025-12-09 00:00:00.001000+00:00,-4.393e-05
2025-12-09 08:00:00.001000+00:00,3.189e-05
2025-12-09 16:00:00.007000+00:00,-1.38e-05
2025-12-10 00:00:00.007000+00:00,0.0001
2025-12-10 08:00:00.002000+00:00,2.067e-05
2025-12-10 16:00:00.012000+00:00,2.31e-05
2025-12-11 00:00:00.001000+00:00,9.45e-06
2025-12-11 08:00:00+00:00,-0.00016369
2025-12-11 16:00:00+00:00,-6.531e-05
2025-12-12 00:00:00.005000+00:00,9.412e-05
2025-12-12 08:00:00.007000+00:00,0.0001
2025-12-12 16:00:00.002000+00:00,0.0001
2025-12-13 00:00:00.001000+00:00,-7.703e-05
2025-12-13 08:00:00.006000+00:00,-2.011e-05
2025-12-13 16:00:00+00:00,-2.083e-05
2025-12-14 00:00:00+00:00,-1.51e-05
2025-12-14 08:00:00.003000+00:00,-2.194e-05
2025-12-14 16:00:00.005000+00:00,-9.436e-05
2025-12-15 00:00:00+00:00,-9.823e-05
2025-12-15 08:00:00+00:00,2.213e-05
2025-12-15 16:00:00+00:00,2.482e-05
2025-12-16 00:00:00.002000+00:00,-0.00012962
2025-12-16 08:00:00+00:00,-6.503e-05
2025-12-16 16:00:00.002000+00:00,6.541e-05
2025-12-17 00:00:00.004000+00:00,3.595e-05
2025-12-17 08:00:00+00:00,3.39e-05
2025-12-17 16:00:00+00:00,5.848e-05
2025-12-18 00:00:00.005000+00:00,-0.00017374
2025-12-18 08:00:00.007000+00:00,-3.187e-05
2025-12-18 16:00:00.001000+00:00,4.877e-05
2025-12-19 00:00:00+00:00,-3.298e-05
2025-12-19 08:00:00.001000+00:00,7.363e-05
2025-12-19 16:00:00+00:00,0.0001
2025-12-20 00:00:00.005000+00:00,0.0001
2025-12-20 08:00:00+00:00,6.912e-05
2025-12-20 16:00:00.002000+00:00,6.936e-05
2025-12-21 00:00:00+00:00,8.009e-05
2025-12-21 08:00:00.009000+00:00,9.929e-05
2025-12-21 16:00:00+00:00,-1.358e-05
2025-12-22 00:00:00+00:00,3.525e-05
2025-12-22 08:00:00.005000+00:00,4.368e-05
2025-12-22 16:00:00.009000+00:00,5.393e-05
2025-12-23 00:00:00+00:00,-6.2e-05
2025-12-23 08:00:00+00:00,2.113e-05
2025-12-23 16:00:00.001000+00:00,-7.533e-05
2025-12-24 00:00:00.001000+00:00,7.105e-05
2025-12-24 08:00:00.001000+00:00,-3.47e-06
2025-12-24 16:00:00+00:00,2.942e-05
2025-12-25 00:00:00+00:00,0.0001
2025-12-25 08:00:00.001000+00:00,0.0001
2025-12-25 16:00:00.005000+00:00,2.98e-05
2025-12-26 00:00:00.004000+00:00,8.16e-05
2025-12-26 08:00:00.001000+00:00,4.708e-05
2025-12-26 16:00:00.007000+00:00,0.0001
2025-12-27 00:00:00+00:00,4.89e-06
2025-12-27 08:00:00+00:00,0.0001
2025-12-27 16:00:00.011000+00:00,0.0001
2025-12-28 00:00:00.008000+00:00,0.0001
2025-12-28 08:00:00+00:00,0.0001
2025-12-28 16:00:00+00:00,0.0001
2025-12-29 00:00:00.016000+00:00,5.464e-05
2025-12-29 08:00:00.001000+00:00,0.0001
2025-12-29 16:00:00+00:00,-3.375e-05
2025-12-30 00:00:00.005000+00:00,-2.097e-05
2025-12-30 08:00:00.001000+00:00,-3.541e-05
2025-12-30 16:00:00.003000+00:00,0.0001
2025-12-31 00:00:00.004000+00:00,0.0001
2025-12-31 08:00:00.001000+00:00,2.078e-05
2025-12-31 16:00:00.001000+00:00,0.0001
2026-01-01 00:00:00.008000+00:00,2.778e-05
2026-01-01 08:00:00.002000+00:00,1.759e-05
2026-01-01 16:00:00.001000+00:00,2.227e-05
2026-01-02 00:00:00.006000+00:00,0.0001
2026-01-02 08:00:00.007000+00:00,0.0001
2026-01-02 16:00:00+00:00,0.0001
2026-01-03 00:00:00.001000+00:00,0.0001
2026-01-03 08:00:00+00:00,8.286e-05
2026-01-03 16:00:00+00:00,6.427e-05
2026-01-04 00:00:00+00:00,0.0001
2026-01-04 08:00:00+00:00,4.499e-05
2026-01-04 16:00:00.001000+00:00,4.667e-05
2026-01-05 00:00:00+00:00,5.164e-05
2026-01-05 08:00:00+00:00,1.007e-05
2026-01-05 16:00:00+00:00,1.357e-05
2026-01-06 00:00:00.010000+00:00,0.0001
2026-01-06 08:00:00+00:00,3.473e-05
2026-01-06 16:00:00+00:00,0.0001
2026-01-07 00:00:00.001000+00:00,0.0001
2026-01-07 08:00:00.001000+00:00,-1.47e-06
2026-01-07 16:00:00.001000+00:00,-4.471e-05
2026-01-08 00:00:00.001000+00:00,2.799e-05
2026-01-08 08:00:00+00:00,7.768e-05
2026-01-08 16:00:00+00:00,8.5e-07
2026-01-09 00:00:00.003000+00:00,0.0001
2026-01-09 08:00:00+00:00,9.569e-05
2026-01-09 16:00:00.001000+00:00,0.0001
2026-01-10 00:00:00+00:00,-9.725e-05
2026-01-10 08:00:00.002000+00:00,-6.589e-05
2026-01-10 16:00:00.001000+00:00,-1.82e-06
2026-01-11 00:00:00.003000+00:00,8.687e-05
2026-01-11 08:00:00.006000+00:00,0.0001
2026-01-11 16:00:00+00:00,4.403e-05
2026-01-12 00:00:00.005000+00:00,0.0001
2026-01-12 08:00:00+00:00,0.0001
2026-01-12 16:00:00+00:00,3.69e-05
2026-01-13 00:00:00.007000+00:00,3.697e-05
2026-01-13 08:00:00.009000+00:00,2.223e-05
2026-01-13 16:00:00.002000+00:00,0.0001
2026-01-14 00:00:00+00:00,0.0001
2026-01-14 08:00:00.001000+00:00,0.0001
2026-01-14 16:00:00.004000+00:00,9.806e-05
2026-01-15 00:00:00+00:00,0.0001
2026-01-15 08:00:00.004000+00:00,9.75e-06
2026-01-15 16:00:00.002000+00:00,-1.293e-05
2026-01-16 00:00:00+00:00,-4.172e-05
2026-01-16 08:00:00+00:00,-1.717e-05
2026-01-16 16:00:00.001000+00:00,1.27e-05
2026-01-17 00:00:00+00:00,0.0001
2026-01-17 08:00:00+00:00,7.146e-05
2026-01-17 16:00:00.002000+00:00,-1.012e-05
2026-01-18 00:00:00.001000+00:00,1.596e-05
2026-01-18 08:00:00+00:00,-9.483e-05
2026-01-18 16:00:00+00:00,-3.06e-05
2026-01-19 00:00:00.007000+00:00,-1.163e-05
2026-01-19 08:00:00.007000+00:00,2.229e-05
2026-01-19 16:00:00.007000+00:00,9.979e-05
2026-01-20 00:00:00.005000+00:00,2.304e-05
2026-01-20 08:00:00.001000+00:00,8.389e-05
2026-01-20 16:00:00.009000+00:00,-6.674e-05
2026-01-21 00:00:00.001000+00:00,2.13e-06
2026-01-21 08:00:00.011000+00:00,-2.73e-05
2026-01-21 16:00:00.011000+00:00,3.81e-06
2026-01-22 00:00:00.010000+00:00,6.571e-05
2026-01-22 08:00:00.003000+00:00,-6.167e-05
2026-01-22 16:00:00.005000+00:00,-6.749e-05
2026-01-23 00:00:00.005000+00:00,-1.016e-05
2026-01-23 08:00:00+00:00,1.237e-05
2026-01-23 16:00:00.011000+00:00,-6.703e-05
2026-01-24 00:00:00.011000+00:00,-1.852e-05
2026-01-24 08:00:00.002000+00:00,-9.28e-06
2026-01-24 16:00:00.001000+00:00,5.43e-06
2026-01-25 00:00:00.002000+00:00,-7.297e-05
2026-01-25 08:00:00.011000+00:00,-3.952e-05
2026-01-25 16:00:00.005000+00:00,5.353e-05
2026-01-26 00:00:00+00:00,-0.00020746
2026-01-26 08:00:00.003000+00:00,7.17e-06
2026-01-26 16:00:00+00:00,2.194e-05
2026-01-27 00:00:00.002000+00:00,8.056e-05
2026-01-27 08:00:00+00:00,7.857e-05
2026-01-27 16:00:00+00:00,2.427e-05
2026-01-28 00:00:00+00:00,8.604e-05
2026-01-28 08:00:00+00:00,6.014e-05
2026-01-28 16:00:00+00:00,3.305e-05
2026-01-29 00:00:00+00:00,1.45e-05
2026-01-29 08:00:00.009000+00:00,-5.141e-05
2026-01-29 16:00:00+00:00,-7.62e-05
2026-01-30 00:00:00.008000+00:00,-0.000182
2026-01-30 08:00:00+00:00,-8.985e-05
2026-01-30 16:00:00.001000+00:00,-4.603e-05
2026-01-31 00:00:00+00:00,-4.73e-06
2026-01-31 08:00:00.001000+00:00,-0.00019176
2026-01-31 16:00:00.009000+00:00,-0.00015483
2026-02-01 00:00:00.001000+00:00,-0.00069212
2026-02-01 08:00:00.004000+00:00,-0.00019219
2026-02-01 16:00:00+00:00,-8.954e-05
2026-02-02 00:00:00+00:00,-0.00014659
2026-02-02 08:00:00.014000+00:00,-7.189e-05
2026-02-02 16:00:00+00:00,-5.479e-05
2026-02-03 00:00:00+00:00,-0.00012874
2026-02-03 08:00:00.007000+00:00,-9.347e-05
2026-02-03 16:00:00+00:00,-0.00016414
2026-02-04 00:00:00.002000+00:00,-0.00017777
2026-02-04 08:00:00.007000+00:00,-0.00047041
2026-02-04 16:00:00+00:00,-0.00033402
2026-02-05 00:00:00.011000+00:00,-2.794e-05
2026-02-05 08:00:00+00:00,9.48e-06
2026-02-05 16:00:00.007000+00:00,-2.324e-05
2026-02-06 00:00:00+00:00,-0.00016041
2026-02-06 08:00:00.001000+00:00,-0.00043701
2026-02-06 16:00:00+00:00,-0.00055144
2026-02-07 00:00:00.003000+00:00,-0.00053126
2026-02-07 08:00:00+00:00,-0.00024143
2026-02-07 16:00:00.010000+00:00,-0.00015393
2026-02-08 00:00:00.003000+00:00,-0.00028211
2026-02-08 08:00:00+00:00,-0.00039857
2026-02-08 16:00:00+00:00,-0.00030758
2026-02-09 00:00:00.002000+00:00,-0.00018599
2026-02-09 08:00:00.001000+00:00,-0.00015733
2026-02-09 16:00:00.007000+00:00,-1.919e-05
2026-02-10 00:00:00+00:00,-0.00012797
2026-02-10 08:00:00.007000+00:00,-9.266e-05
2026-02-10 16:00:00+00:00,-0.00015079
2026-02-11 00:00:00+00:00,3.598e-05
2026-02-11 08:00:00.006000+00:00,-9.212e-05
2026-02-11 16:00:00+00:00,-8.635e-05
2026-02-12 00:00:00+00:00,-0.0001924
2026-02-12 08:00:00.001000+00:00,-7.372e-05
2026-02-12 16:00:00.001000+00:00,-0.00016709
2026-02-13 00:00:00.007000+00:00,-4.022e-05
2026-02-13 08:00:00.003000+00:00,-6.12e-06
2026-02-13 16:00:00.005000+00:00,7.1e-06
2026-02-14 00:00:00.002000+00:00,2.902e-05
2026-02-14 08:00:00.004000+00:00,-7.743e-05
2026-02-14 16:00:00.002000+00:00,-5.619e-05
2026-02-15 00:00:00+00:00,-0.00017847
2026-02-15 08:00:00.002000+00:00,-1.01e-05
2026-02-15 16:00:00+00:00,5.339e-05
2026-02-16 00:00:00.001000+00:00,-4.817e-05
2026-02-16 08:00:00.003000+00:00,-6.6e-06
2026-02-16 16:00:00+00:00,-0.00015888
2026-02-17 00:00:00.008000+00:00,-3.812e-05
2026-02-17 08:00:00.001000+00:00,-5.851e-05
2026-02-17 16:00:00.002000+00:00,-0.00012454
2026-02-18 00:00:00+00:00,-9.696e-05
2026-02-18 08:00:00+00:00,-3.984e-05
2026-02-18 16:00:00.011000+00:00,-0.0002287
2026-02-19 00:00:00.013000+00:00,-0.00012426
2026-02-19 08:00:00+00:00,-0.00012365
2026-02-19 16:00:00.003000+00:00,3.106e-05
2026-02-20 00:00:00+00:00,2.253e-05
2026-02-20 08:00:00+00:00,-9.514e-05
2026-02-20 16:00:00+00:00,3.03e-06
2026-02-21 00:00:00.004000+00:00,5.856e-05
2026-02-21 08:00:00+00:00,-9.185e-05
2026-02-21 16:00:00.005000+00:00,-6.16e-06
2026-02-22 00:00:00.001000+00:00,-5.057e-05
2026-02-22 08:00:00.004000+00:00,-0.00010584
2026-02-22 16:00:00+00:00,-6.575e-05
2026-02-23 00:00:00.001000+00:00,-7.447e-05
2026-02-23 08:00:00+00:00,-0.00053535
2026-02-23 16:00:00+00:00,-0.00014788
2026-02-24 00:00:00.007000+00:00,-4.143e-05
2026-02-24 08:00:00+00:00,-7.491e-05
2026-02-24 16:00:00.001000+00:00,-5.768e-05
2026-02-25 00:00:00.001000+00:00,-0.00017258
2026-02-25 08:00:00.007000+00:00,6.827e-05
2026-02-25 16:00:00+00:00,6.24e-05
2026-02-26 00:00:00+00:00,0.0001
2026-02-26 08:00:00.006000+00:00,1.584e-05
2026-02-26 16:00:00.002000+00:00,-6.714e-05
2026-02-27 00:00:00.007000+00:00,-2.35e-06
2026-02-27 08:00:00+00:00,-8.411e-05
2026-02-27 16:00:00.001000+00:00,-0.00018881
2026-02-28 00:00:00+00:00,5.04e-06
2026-02-28 08:00:00+00:00,-0.00020116
2026-02-28 16:00:00.004000+00:00,-0.00022315
2026-03-01 00:00:00.005000+00:00,-4.585e-05
2026-03-01 08:00:00+00:00,0.0001
2026-03-01 16:00:00.002000+00:00,5.377e-05
2026-03-02 00:00:00.001000+00:00,2.413e-05
2026-03-02 08:00:00.007000+00:00,-8.58e-05
2026-03-02 16:00:00+00:00,-1.424e-05
2026-03-03 00:00:00+00:00,-3.622e-05
2026-03-03 08:00:00+00:00,-6.186e-05
2026-03-03 16:00:00.007000+00:00,-0.00014862
2026-03-04 00:00:00.001000+00:00,3.07e-06
2026-03-04 08:00:00.005000+00:00,1.145e-05
2026-03-04 16:00:00+00:00,2.4e-05
2026-03-05 00:00:00+00:00,5.985e-05
2026-03-05 08:00:00+00:00,-7.723e-05
2026-03-05 16:00:00.004000+00:00,-0.00011105
2026-03-06 00:00:00.001000+00:00,6.362e-05
2026-03-06 08:00:00.001000+00:00,-7.936e-05
2026-03-06 16:00:00.004000+00:00,-0.00013058
2026-03-07 00:00:00.001000+00:00,-6.121e-05
2026-03-07 08:00:00.012000+00:00,2.98e-06
2026-03-07 16:00:00.001000+00:00,-0.00012228
2026-03-08 00:00:00.001000+00:00,-0.00010523
2026-03-08 08:00:00+00:00,-0.00016925
2026-03-08 16:00:00.002000+00:00,-0.00019962
2026-03-09 00:00:00+00:00,-0.00010144
2026-03-09 08:00:00.004000+00:00,-8.215e-05
2026-03-09 16:00:00.003000+00:00,-1.812e-05
2026-03-10 00:00:00.012000+00:00,3.046e-05
2026-03-10 08:00:00.002000+00:00,6.257e-05
2026-03-10 16:00:00.001000+00:00,-1.909e-05
2026-03-11 00:00:00+00:00,6.61e-06
2026-03-11 08:00:00.007000+00:00,-9.673e-05
2026-03-11 16:00:00.010000+00:00,-0.00010183
2026-03-12 00:00:00+00:00,4.554e-05
2026-03-12 08:00:00+00:00,-0.00016439
2026-03-12 16:00:00+00:00,-3.63e-06
2026-03-13 00:00:00.006000+00:00,7.234e-05
2026-03-13 08:00:00.001000+00:00,7.241e-05
2026-03-13 16:00:00+00:00,9.095e-05
2026-03-14 00:00:00.001000+00:00,-2.65e-05
2026-03-14 08:00:00+00:00,-6.738e-05
2026-03-14 16:00:00.007000+00:00,-9.915e-05
2026-03-15 00:00:00+00:00,-0.00010764
2026-03-15 08:00:00+00:00,-5.506e-05
2026-03-15 16:00:00+00:00,1.663e-05
2026-03-16 00:00:00+00:00,9.583e-05
2026-03-16 08:00:00.010000+00:00,0.0001
2026-03-16 16:00:00+00:00,5.241e-05
2026-03-17 00:00:00+00:00,8.675e-05
2026-03-17 08:00:00.002000+00:00,4.97e-06
2026-03-17 16:00:00.011000+00:00,-1.43e-05
2026-03-18 00:00:00.002000+00:00,-8.83e-06
2026-03-18 08:00:00.002000+00:00,-4.951e-05
2026-03-18 16:00:00.005000+00:00,-6.465e-05
2026-03-19 00:00:00+00:00,-0.00010064
2026-03-19 08:00:00.003000+00:00,-1.65e-06
2026-03-19 16:00:00.003000+00:00,-3.8e-06
2026-03-20 00:00:00.002000+00:00,3.87e-06
2026-03-20 08:00:00+00:00,-4.929e-05
2026-03-20 16:00:00+00:00,-6.064e-05
2026-03-21 00:00:00+00:00,2.431e-05
2026-03-21 08:00:00+00:00,-1.16e-05
2026-03-21 16:00:00.014000+00:00,-0.00012136
2026-03-22 00:00:00.012000+00:00,-0.00012994
2026-03-22 08:00:00.007000+00:00,-0.00013452
2026-03-22 16:00:00.002000+00:00,-0.00012882
2026-03-23 00:00:00+00:00,-6.305e-05
2026-03-23 08:00:00.003000+00:00,-1.921e-05
2026-03-23 16:00:00.002000+00:00,4.974e-05
2026-03-24 00:00:00+00:00,0.0001
2026-03-24 08:00:00+00:00,2.758e-05
2026-03-24 16:00:00.003000+00:00,-0.00011027
2026-03-25 00:00:00+00:00,-4.578e-05
2026-03-25 08:00:00+00:00,6.687e-05
2026-03-25 16:00:00.013000+00:00,9.615e-05
2026-03-26 00:00:00.001000+00:00,8.033e-05
2026-03-26 08:00:00.001000+00:00,-0.00019611
2026-03-26 16:00:00+00:00,-0.00022349
2026-03-27 00:00:00.006000+00:00,-0.00022517
2026-03-27 08:00:00+00:00,-0.00019053
2026-03-27 16:00:00+00:00,-0.0003981
2026-03-28 00:00:00.005000+00:00,-0.00028259
2026-03-28 08:00:00.005000+00:00,-0.00021298
2026-03-28 16:00:00+00:00,-0.00016926
2026-03-29 00:00:00.003000+00:00,-0.00030226
2026-03-29 08:00:00.001000+00:00,-0.00023173
2026-03-29 16:00:00+00:00,-0.00014871
2026-03-30 00:00:00+00:00,-0.00027324
2026-03-30 08:00:00.005000+00:00,-7.1e-06
2026-03-30 16:00:00+00:00,-1.962e-05
2026-03-31 00:00:00+00:00,-8.653e-05
2026-03-31 08:00:00+00:00,3.994e-05
2026-03-31 16:00:00+00:00,-0.0001383
2026-04-01 00:00:00+00:00,1.608e-05
2026-04-01 08:00:00+00:00,-6.42e-06
2026-04-01 16:00:00+00:00,-1.877e-05
2026-04-02 00:00:00.003000+00:00,1.042e-05
2026-04-02 08:00:00.001000+00:00,-0.00023581
2026-04-02 16:00:00.001000+00:00,-6.199e-05
2026-04-03 00:00:00+00:00,-6.8e-06
2026-04-03 08:00:00.008000+00:00,-2.576e-05
2026-04-03 16:00:00.008000+00:00,4.323e-05
2026-04-04 00:00:00+00:00,-4.223e-05
2026-04-04 08:00:00.003000+00:00,-7.014e-05
2026-04-04 16:00:00+00:00,-3.973e-05
2026-04-05 00:00:00.008000+00:00,-4.086e-05
2026-04-05 08:00:00+00:00,-9.381e-05
2026-04-05 16:00:00.001000+00:00,-7.917e-05
2026-04-06 00:00:00.004000+00:00,-1.272e-05
2026-04-06 08:00:00.001000+00:00,7.896e-05
2026-04-06 16:00:00.003000+00:00,-1.845e-05
2026-04-07 00:00:00+00:00,-0.00010287
2026-04-07 08:00:00+00:00,-0.00021212
2026-04-07 16:00:00+00:00,-6.822e-05
2026-04-08 00:00:00+00:00,0.0001
2026-04-08 08:00:00+00:00,0.0001
2026-04-08 16:00:00.006000+00:00,0.0001
2026-04-09 00:00:00+00:00,4.258e-05
2026-04-09 08:00:00.010000+00:00,-1.292e-05
2026-04-09 16:00:00.001000+00:00,2.462e-05
2026-04-10 00:00:00+00:00,0.0001
2026-04-10 08:00:00.005000+00:00,1e-06
2026-04-10 16:00:00+00:00,8.338e-05
2026-04-11 00:00:00+00:00,4.33e-05
2026-04-11 08:00:00+00:00,-1.872e-05
2026-04-11 16:00:00.003000+00:00,-1.22e-05
2026-04-12 00:00:00+00:00,0.0001
2026-04-12 08:00:00+00:00,-0.00011509
2026-04-12 16:00:00+00:00,-6.761e-05
2026-04-13 00:00:00.011000+00:00,3.827e-05
2026-04-13 08:00:00.006000+00:00,-9.36e-06
2026-04-13 16:00:00+00:00,0.0001
2026-04-14 00:00:00.005000+00:00,0.0001
2026-04-14 08:00:00.003000+00:00,0.0001
2026-04-14 16:00:00.001000+00:00,0.0001
2026-04-15 00:00:00+00:00,1.64e-06
2026-04-15 08:00:00+00:00,-9.128e-05
2026-04-15 16:00:00+00:00,-2.279e-05
2026-04-16 00:00:00.013000+00:00,0.0001
2026-04-16 08:00:00+00:00,0.0001
2026-04-16 16:00:00+00:00,7.305e-05
2026-04-17 00:00:00.001000+00:00,0.0001
2026-04-17 08:00:00.011000+00:00,3.085e-05
2026-04-17 16:00:00.001000+00:00,1.016e-05
2026-04-18 00:00:00.001000+00:00,2.64e-06
2026-04-18 08:00:00.006000+00:00,-8.193e-05
2026-04-18 16:00:00+00:00,-7.993e-05
2026-04-19 00:00:00.002000+00:00,-6.547e-05
2026-04-19 08:00:00.010000+00:00,-9.117e-05
2026-04-19 16:00:00.001000+00:00,-7.527e-05
2026-04-20 00:00:00+00:00,-8.585e-05
2026-04-20 08:00:00+00:00,-1.265e-05
2026-04-20 16:00:00.001000+00:00,4.88e-05
2026-04-21 00:00:00+00:00,8.917e-05
2026-04-21 08:00:00.004000+00:00,2.729e-05
2026-04-21 16:00:00.004000+00:00,-7.3e-07
2026-04-22 00:00:00.004000+00:00,6.371e-05
2026-04-22 08:00:00+00:00,0.0001
2026-04-22 16:00:00+00:00,0.0001
2026-04-23 00:00:00+00:00,8.553e-05
2026-04-23 08:00:00+00:00,-4.21e-05
2026-04-23 16:00:00.004000+00:00,1.908e-05
2026-04-24 00:00:00.006000+00:00,-7.719e-05
2026-04-24 08:00:00+00:00,-2.981e-05
2026-04-24 16:00:00+00:00,-5.314e-05
2026-04-25 00:00:00+00:00,5.235e-05
2026-04-25 08:00:00.002000+00:00,1.927e-05
2026-04-25 16:00:00.002000+00:00,-5.575e-05
2026-04-26 00:00:00.003000+00:00,-4.604e-05
2026-04-26 08:00:00.007000+00:00,9.411e-05
2026-04-26 16:00:00.004000+00:00,-3.44e-06
2026-04-27 00:00:00.004000+00:00,-1.262e-05
2026-04-27 08:00:00+00:00,-2.08e-05
2026-04-27 16:00:00.002000+00:00,-0.00011407
2026-04-28 00:00:00.001000+00:00,-0.00011394
2026-04-28 08:00:00+00:00,8.41e-06
2026-04-28 16:00:00.004000+00:00,-4.511e-05
2026-04-29 00:00:00.006000+00:00,-1.641e-05
2026-04-29 08:00:00.011000+00:00,7.892e-05
2026-04-29 16:00:00.003000+00:00,-6.745e-05
2026-04-30 00:00:00.002000+00:00,-3.778e-05
2026-04-30 08:00:00+00:00,7.422e-05
2026-04-30 16:00:00+00:00,7.585e-05
2026-05-01 00:00:00+00:00,6.01e-05
2026-05-01 08:00:00.005000+00:00,1.697e-05
2026-05-01 16:00:00+00:00,4.955e-05
2026-05-02 00:00:00.006000+00:00,7.261e-05
2026-05-02 08:00:00+00:00,-3.588e-05
2026-05-02 16:00:00.010000+00:00,-1.782e-05
2026-05-03 00:00:00.005000+00:00,4.38e-05
2026-05-03 08:00:00.003000+00:00,-2.973e-05
2026-05-03 16:00:00+00:00,-1.872e-05
2026-05-04 00:00:00+00:00,7.211e-05
2026-05-04 08:00:00+00:00,0.0001
2026-05-04 16:00:00.003000+00:00,2.423e-05
2026-05-05 00:00:00+00:00,6.511e-05
2026-05-05 08:00:00.011000+00:00,7.893e-05
2026-05-05 16:00:00+00:00,0.0001
2026-05-06 00:00:00.010000+00:00,0.0001
2026-05-06 08:00:00+00:00,5.677e-05
2026-05-06 16:00:00.002000+00:00,0.0001
2026-05-07 00:00:00+00:00,8.995e-05
2026-05-07 08:00:00+00:00,8.232e-05
2026-05-07 16:00:00.004000+00:00,-5.96e-05
2026-05-08 00:00:00.003000+00:00,9.448e-05
2026-05-08 08:00:00.002000+00:00,0.0001
2026-05-08 16:00:00.003000+00:00,-9.97e-06
2026-05-09 00:00:00+00:00,0.0001
2026-05-09 08:00:00.001000+00:00,4.331e-05
2026-05-09 16:00:00.002000+00:00,1.497e-05
2026-05-10 00:00:00.003000+00:00,-5.236e-05
2026-05-10 08:00:00+00:00,1.717e-05
2026-05-10 16:00:00+00:00,-8.59e-06
2026-05-11 00:00:00+00:00,8.884e-05
2026-05-11 08:00:00+00:00,3.592e-05
2026-05-11 16:00:00+00:00,6.498e-05
2026-05-12 00:00:00.002000+00:00,3.539e-05
2026-05-12 08:00:00.008000+00:00,-6.049e-05
2026-05-12 16:00:00+00:00,8.095e-05
2026-05-13 00:00:00.010000+00:00,0.0001
2026-05-13 08:00:00.003000+00:00,-1.573e-05
2026-05-13 16:00:00.001000+00:00,-0.00012043
2026-05-14 00:00:00.005000+00:00,-0.0001508
2026-05-14 08:00:00+00:00,-3.038e-05
2026-05-14 16:00:00+00:00,-5.361e-05
2026-05-15 00:00:00+00:00,-1.584e-05
2026-05-15 08:00:00.016000+00:00,4.052e-05
2026-05-15 16:00:00.012000+00:00,2.053e-05
2026-05-16 00:00:00.005000+00:00,0.0001
2026-05-16 08:00:00+00:00,5.209e-05
2026-05-16 16:00:00.005000+00:00,-0.00015361
2026-05-17 00:00:00+00:00,-5.139e-05
2026-05-17 08:00:00.010000+00:00,-5.436e-05
2026-05-17 16:00:00.009000+00:00,-0.00012569
2026-05-18 00:00:00.007000+00:00,-0.00010788
2026-05-18 08:00:00.002000+00:00,3.36e-06
2026-05-18 16:00:00.007000+00:00,5.09e-06
2026-05-19 00:00:00.001000+00:00,3.87e-06
2026-05-19 08:00:00.001000+00:00,-2.902e-05
2026-05-19 16:00:00.009000+00:00,-0.00010936
2026-05-20 00:00:00.001000+00:00,2.839e-05
2026-05-20 08:00:00.006000+00:00,-6.66e-06
2026-05-20 16:00:00+00:00,-1.433e-05
2026-05-21 00:00:00.001000+00:00,-2.74e-06
2026-05-21 08:00:00+00:00,6.241e-05
2026-05-21 16:00:00+00:00,2.943e-05
2026-05-22 00:00:00+00:00,0.0001
2026-05-22 08:00:00.004000+00:00,-1.571e-05
2026-05-22 16:00:00.001000+00:00,-1.78e-06
2026-05-23 00:00:00.009000+00:00,2.621e-05
2026-05-23 08:00:00.001000+00:00,-0.0001267
2026-05-23 16:00:00.003000+00:00,-0.00028322
2026-05-24 00:00:00.011000+00:00,-4.389e-05
2026-05-24 08:00:00.008000+00:00,5.791e-05
2026-05-24 16:00:00+00:00,9.58e-06
2026-05-25 00:00:00.001000+00:00,-4.636e-05
2026-05-25 08:00:00.001000+00:00,-4.276e-05
2026-05-25 16:00:00.001000+00:00,3.864e-05
2026-05-26 00:00:00+00:00,4.297e-05
2026-05-26 08:00:00.003000+00:00,-0.00010038
2026-05-26 16:00:00+00:00,4.692e-05
2026-05-27 00:00:00+00:00,-0.00014384
2026-05-27 08:00:00.004000+00:00,-8.548e-05
2026-05-27 16:00:00.009000+00:00,1.025e-05
2026-05-28 00:00:00.001000+00:00,-5.061e-05
2026-05-28 08:00:00+00:00,-0.00014123
2026-05-28 16:00:00.001000+00:00,-3.559e-05
2026-05-29 00:00:00+00:00,4.219e-05
2026-05-29 08:00:00.001000+00:00,2.5e-05
2026-05-29 16:00:00.008000+00:00,6.335e-05
2026-05-30 00:00:00+00:00,7.48e-05
2026-05-30 08:00:00.001000+00:00,3.702e-05
2026-05-30 16:00:00+00:00,4.292e-05
2026-05-31 00:00:00+00:00,2.3e-05
2026-05-31 08:00:00+00:00,3.645e-05
2026-05-31 16:00:00.004000+00:00,2.671e-05
