time,open,high,low,close,volume
2020-08-11 00:00:00+00:00,2.85,3.5208,2.8433,3.2985,4939148.938107
2020-08-12 00:00:00+00:00,3.2985,3.9289,3.08,3.7558,6176153.724638
2020-08-13 00:00:00+00:00,3.75,4.1387,3.5003,3.73,6446567.98049
2020-08-14 00:00:00+00:00,3.7207,3.7676,3.321,3.4099,5205834.095977
2020-08-15 00:00:00+00:00,3.4181,3.74,3.15,3.173,3658005.622202
2020-08-16 00:00:00+00:00,3.173,3.4907,3.12,3.3885,2227715.62781
2020-08-17 00:00:00+00:00,3.3885,3.3952,3.1,3.11,2355329.78763
2020-08-18 00:00:00+00:00,3.11,3.7092,2.8105,3.3407,8885306.133224
2020-08-19 00:00:00+00:00,3.334,3.49,2.8,2.8868,4380403.488824
2020-08-20 00:00:00+00:00,2.8962,3.445,2.8871,3.2038,4078240.331482
2020-08-21 00:00:00+00:00,3.2038,3.24,2.89,2.9317,3480342.67494
2020-08-22 00:00:00+00:00,2.9213,3.2,2.7431,3.0126,3433997.193736
2020-08-23 00:00:00+00:00,3.0224,3.4,3.0014,3.25,3846250.69637
2020-08-24 00:00:00+00:00,3.2658,3.62,3.21,3.3405,4504839.417218
2020-08-25 00:00:00+00:00,3.3406,3.3654,3.0001,3.25,3629890.757954
2020-08-26 00:00:00+00:00,3.2576,3.7999,3.1809,3.5684,8065581.239321
2020-08-27 00:00:00+00:00,3.5557,3.8575,3.2434,3.4501,8578461.964527
2020-08-28 00:00:00+00:00,3.4503,4.3091,3.4503,4.0063,10089370.365356
2020-08-29 00:00:00+00:00,4.007,4.1121,3.7748,3.9535,5290923.089625
2020-08-30 00:00:00+00:00,3.9531,4.7117,3.9,4.4309,7967065.168313
2020-08-31 00:00:00+00:00,4.4127,4.8865,4.1,4.7435,6664671.747242
2020-09-01 00:00:00+00:00,4.7432,4.9475,4.3,4.3397,5871722.637441
2020-09-02 00:00:00+00:00,4.3213,4.3506,3.66,4.17,8136932.352629
2020-09-03 00:00:00+00:00,4.17,4.459,3.4772,3.5051,12941589.824478
2020-09-04 00:00:00+00:00,3.5062,3.8346,3.1739,3.5301,7262296.371156
2020-09-05 00:00:00+00:00,3.5301,3.6637,2.0926,2.6052,11872722.479966
2020-09-06 00:00:00+00:00,2.6119,3.18,2.2575,3.0941,7940868.463262
2020-09-07 00:00:00+00:00,3.0785,3.1983,2.38,2.9237,7269853.908694
2020-09-08 00:00:00+00:00,2.9237,2.9499,2.4,2.468,4163484.174943
2020-09-09 00:00:00+00:00,2.468,3.8838,2.3821,3.6001,22147440.589737
2020-09-10 00:00:00+00:00,3.6107,3.875,3.304,3.4761,15482088.381925
2020-09-11 00:00:00+00:00,3.4707,3.5036,3.0316,3.3965,7208721.224244
2020-09-12 00:00:00+00:00,3.3967,3.47,3.1494,3.3316,3845112.025727
2020-09-13 00:00:00+00:00,3.3386,3.47,2.9838,3.2603,6528375.660923
2020-09-14 00:00:00+00:00,3.2656,3.5393,3.0752,3.2641,11170955.417119
2020-09-15 00:00:00+00:00,3.264,3.3249,2.8955,2.9295,5332430.834567
2020-09-16 00:00:00+00:00,2.9288,2.9293,2.4282,2.5327,12739762.363066
2020-09-17 00:00:00+00:00,2.5376,2.9389,2.36,2.8829,12078123.514301
2020-09-18 00:00:00+00:00,2.883,3.16,2.726,3.1144,12294993.323244
2020-09-19 00:00:00+00:00,3.1084,3.2545,2.9564,3.031,4884899.265676
2020-09-20 00:00:00+00:00,3.0216,3.0319,2.7,2.8628,4183733.720404
2020-09-21 00:00:00+00:00,2.8628,3.0397,2.4689,2.7672,9634412.017789
2020-09-22 00:00:00+00:00,2.7571,3.0107,2.65,2.9082,9798314.273441
2020-09-23 00:00:00+00:00,2.9184,3.09,2.7001,2.8548,7980465.497946
2020-09-24 00:00:00+00:00,2.855,3.2571,2.7804,3.1433,9088676.27259
2020-09-25 00:00:00+00:00,3.1409,3.2766,2.9003,3.1937,7516842.110046
2020-09-26 00:00:00+00:00,3.185,3.25,3.03,3.1287,4232119.885692
2020-09-27 00:00:00+00:00,3.1292,3.1857,2.9819,3.1578,3052809.12141
2020-09-28 00:00:00+00:00,3.1557,3.2109,2.908,2.9599,3987560.497313
2020-09-29 00:00:00+00:00,2.9549,3.027,2.8735,2.9505,2801168.419802
2020-09-30 00:00:00+00:00,2.9447,2.9838,2.8228,2.8967,2099223.900761
2020-10-01 00:00:00+00:00,2.8967,2.9889,2.65,2.8669,3893342.82485
2020-10-02 00:00:00+00:00,2.8667,2.8873,2.42,2.6232,7275003.798862
2020-10-03 00:00:00+00:00,2.6231,2.6708,2.5356,2.5439,1435302.238821
2020-10-04 00:00:00+00:00,2.542,2.5898,2.42,2.5202,1911132.616223
2020-10-05 00:00:00+00:00,2.5181,2.683,2.4561,2.6522,2349406.462249
2020-10-06 00:00:00+00:00,2.6486,2.6604,2.13,2.174,4217794.484588
2020-10-07 00:00:00+00:00,2.1721,2.4083,2.081,2.3005,4681013.952151
2020-10-08 00:00:00+00:00,2.3001,2.4569,2.0123,2.3638,6159554.618655
2020-10-09 00:00:00+00:00,2.3686,2.63,2.303,2.5314,4668501.519986
2020-10-10 00:00:00+00:00,2.5274,2.6056,2.3873,2.3999,3208987.720961
2020-10-11 00:00:00+00:00,2.3988,2.4607,2.3401,2.4227,2160332.631941
2020-10-12 00:00:00+00:00,2.4228,2.7044,2.4132,2.5836,5542124.89453
2020-10-13 00:00:00+00:00,2.5826,2.5867,2.336,2.4062,4782866.497653
2020-10-14 00:00:00+00:00,2.4061,2.4424,2.2331,2.3107,2631151.893218
2020-10-15 00:00:00+00:00,2.3108,2.3485,2.1932,2.2682,1711559.856295
2020-10-16 00:00:00+00:00,2.2648,2.269,2.1071,2.1398,3372968.587202
2020-10-17 00:00:00+00:00,2.1374,2.2462,2.1107,2.2053,1058101.061082
2020-10-18 00:00:00+00:00,2.2031,2.2595,2.1763,2.215,1061887.097601
2020-10-19 00:00:00+00:00,2.2137,2.2148,2.05,2.0592,1903930.178309
2020-10-20 00:00:00+00:00,2.0552,2.108,1.8401,1.885,3745710.468754
2020-10-21 00:00:00+00:00,1.8873,2.11,1.8415,1.8887,6268421.040971
2020-10-22 00:00:00+00:00,1.8868,2.09,1.8481,1.9582,3222019.146192
2020-10-23 00:00:00+00:00,1.9566,1.9902,1.85,1.959,3003774.15618
2020-10-24 00:00:00+00:00,1.9652,1.973,1.88,1.9142,1442961.135641
2020-10-25 00:00:00+00:00,1.9175,1.9244,1.76,1.7926,2529847.695912
2020-10-26 00:00:00+00:00,1.7925,1.8685,1.6121,1.6799,3511995.568414
2020-10-27 00:00:00+00:00,1.6771,1.75,1.5906,1.711,4356215.36409
2020-10-28 00:00:00+00:00,1.7084,1.7255,1.4508,1.518,5216558.27784
2020-10-29 00:00:00+00:00,1.5166,1.5754,1.4148,1.4327,1842933.592142
2020-10-30 00:00:00+00:00,1.4328,1.4726,1.3163,1.4381,1968214.125436
2020-10-31 00:00:00+00:00,1.4383,1.558,1.4266,1.5497,1279143.701258
2020-11-01 00:00:00+00:00,1.5497,1.6463,1.5137,1.608,1513803.241013
2020-11-02 00:00:00+00:00,1.6076,1.6432,1.4621,1.4738,1329879.298246
2020-11-03 00:00:00+00:00,1.4729,1.484,1.4062,1.4118,1417472.23241
2020-11-04 00:00:00+00:00,1.4123,1.4144,1.2733,1.3912,3469939.628607
2020-11-05 00:00:00+00:00,1.3895,1.4928,1.3,1.4007,2248173.921394
2020-11-06 00:00:00+00:00,1.403,1.9482,1.3946,1.9,6594074.177594
2020-11-07 00:00:00+00:00,1.9069,2.4975,1.8276,2.0215,18925496.085891
2020-11-08 00:00:00+00:00,2.0264,2.2825,1.9608,2.1558,10113462.920695
2020-11-09 00:00:00+00:00,2.1515,2.1991,1.9456,2.0299,6301466.475163
2020-11-10 00:00:00+00:00,2.0383,2.3257,2.008,2.2661,4643502.147985
2020-11-11 00:00:00+00:00,2.2665,2.3,1.9673,2.0,3969960.469142
2020-11-12 00:00:00+00:00,2.0,2.06,1.825,1.9089,2966665.838018
2020-11-13 00:00:00+00:00,1.9089,2.0808,1.8997,2.0141,3182612.615469
2020-11-14 00:00:00+00:00,2.0222,2.0374,1.869,1.9182,2317159.52727
2020-11-15 00:00:00+00:00,1.9204,2.218,1.9133,2.0407,7009325.761049
2020-11-16 00:00:00+00:00,2.039,2.37,1.9858,2.2626,7162125.476854
2020-11-17 00:00:00+00:00,2.2665,2.33,2.125,2.1998,5142151.686803
2020-11-18 00:00:00+00:00,2.1962,2.2173,2.0001,2.1153,4318166.297843
2020-11-19 00:00:00+00:00,2.1122,2.1848,2.0136,2.085,2921103.665305
2020-11-20 00:00:00+00:00,2.0841,2.2387,2.0521,2.1033,3421570.60394
2020-11-21 00:00:00+00:00,2.0999,2.51,2.0351,2.3822,6792951.294501
2020-11-22 00:00:00+00:00,2.3825,2.4201,2.04,2.1514,5384096.526709
2020-11-23 00:00:00+00:00,2.161,2.3635,2.112,2.2786,4728024.575351
2020-11-24 00:00:00+00:00,2.2786,2.4731,2.1338,2.2823,8099789.005977
2020-11-25 00:00:00+00:00,2.2795,2.49,2.1703,2.2661,8395020.403142
2020-11-26 00:00:00+00:00,2.2653,2.3101,1.7212,1.9111,13120752.286015
2020-11-27 00:00:00+00:00,1.9117,2.04,1.7694,1.861,3400282.056161
2020-11-28 00:00:00+00:00,1.8644,1.94,1.8016,1.8868,2587763.391607
2020-11-29 00:00:00+00:00,1.8858,1.947,1.85,1.9153,1640192.465796
2020-11-30 00:00:00+00:00,1.9184,2.0182,1.9034,1.9665,2153816.628444
2020-12-01 00:00:00+00:00,1.9641,2.1404,1.9168,1.9738,4264962.987415
2020-12-02 00:00:00+00:00,1.9702,2.2098,1.9333,2.1209,4622524.291342
2020-12-03 00:00:00+00:00,2.119,2.2279,2.074,2.0967,6879026.850462
2020-12-04 00:00:00+00:00,2.0967,2.1123,1.836,1.8535,2831580.005419
2020-12-05 00:00:00+00:00,1.8507,1.983,1.82,1.9795,2064360.949696
2020-12-06 00:00:00+00:00,1.9795,1.9907,1.7956,1.8505,2103758.729584
2020-12-07 00:00:00+00:00,1.8515,1.899,1.8088,1.8272,1782235.426144
2020-12-08 00:00:00+00:00,1.8301,1.8301,1.6211,1.6631,3952989.975303
2020-12-09 00:00:00+00:00,1.66,1.6777,1.5,1.6592,3356724.798495
2020-12-10 00:00:00+00:00,1.6599,1.6664,1.5395,1.5683,1690563.374839
2020-12-11 00:00:00+00:00,1.5739,1.5774,1.4328,1.4389,2118546.038527
2020-12-12 00:00:00+00:00,1.4368,1.5382,1.4366,1.4912,2138974.439021
2020-12-13 00:00:00+00:00,1.4909,1.7,1.4578,1.5701,2750609.24284
2020-12-14 00:00:00+00:00,1.5651,1.6253,1.5224,1.5946,2364778.817184
2020-12-15 00:00:00+00:00,1.594,1.8039,1.5875,1.7586,6137279.761818
2020-12-16 00:00:00+00:00,1.7577,1.7919,1.6025,1.7829,5244157.926672
2020-12-17 00:00:00+00:00,1.78,1.8064,1.6382,1.68,4361515.596146
2020-12-18 00:00:00+00:00,1.6769,1.7077,1.6307,1.7014,1881531.610429
2020-12-19 00:00:00+00:00,1.6987,1.7677,1.6595,1.6707,2284718.058379
2020-12-20 00:00:00+00:00,1.6706,1.6889,1.521,1.5635,2205354.887547
2020-12-21 00:00:00+00:00,1.5605,1.62,1.49,1.5331,1962929.509565
2020-12-22 00:00:00+00:00,1.5354,1.5799,1.47,1.49,3101990.178312
2020-12-23 00:00:00+00:00,1.49,1.5126,1.0301,1.198,5671452.635849
2020-12-24 00:00:00+00:00,1.1987,1.3888,1.1652,1.3612,2284843.158139
2020-12-25 00:00:00+00:00,1.3641,1.4599,1.3417,1.4464,1960791.34808
2020-12-26 00:00:00+00:00,1.4488,1.4497,1.3118,1.3258,1249352.525031
2020-12-27 00:00:00+00:00,1.324,1.417,1.2616,1.3037,2890460.602484
2020-12-28 00:00:00+00:00,1.3041,1.5223,1.2867,1.5172,3054831.73762
2020-12-29 00:00:00+00:00,1.5187,1.735,1.4388,1.6704,7729613.894394
2020-12-30 00:00:00+00:00,1.6734,1.6903,1.5235,1.535,3448579.364743
2020-12-31 00:00:00+00:00,1.5337,1.5523,1.42,1.5073,3244558.10504
2021-01-01 00:00:00+00:00,1.5088,1.86,1.499,1.8421,7454786.751421
2021-01-02 00:00:00+00:00,1.8421,2.0,1.7116,1.7999,9557980.687576
2021-01-03 00:00:00+00:00,1.7998,2.38,1.7973,2.1779,17482673.121984
2021-01-04 00:00:00+00:00,2.1789,2.4989,1.86,2.4909,17263517.831706
2021-01-05 00:00:00+00:00,2.4911,2.5093,2.0621,2.1636,15133557.770003
2021-01-06 00:00:00+00:00,2.1636,2.189,1.9017,1.9414,17221696.084861
2021-01-07 00:00:00+00:00,1.9404,2.65,1.9214,2.3635,70874327.568453
2021-01-08 00:00:00+00:00,2.3655,3.8,2.175,3.2214,88937219.791137
2021-01-09 00:00:00+00:00,3.212,3.6998,2.93,3.3829,32398842.926319
2021-01-10 00:00:00+00:00,3.3734,3.7517,3.1556,3.449,19820052.059074
2021-01-11 00:00:00+00:00,3.4455,3.5282,2.5795,3.1016,26060971.369733
2021-01-12 00:00:00+00:00,3.1016,3.88,3.058,3.6354,24684774.366721
2021-01-13 00:00:00+00:00,3.6354,3.637,3.2633,3.5242,17689395.168177
2021-01-14 00:00:00+00:00,3.5243,3.5955,3.1814,3.2921,21634400.518985
2021-01-15 00:00:00+00:00,3.2921,3.4489,2.9618,3.2475,15747506.379938
2021-01-16 00:00:00+00:00,3.2479,3.7081,3.2463,3.4247,29411668.953917
2021-01-17 00:00:00+00:00,3.4251,3.9876,3.3,3.8268,31265663.121215
2021-01-18 00:00:00+00:00,3.8243,4.17,3.6167,3.7868,24245044.142963
2021-01-19 00:00:00+00:00,3.7873,4.0498,3.6,3.6287,18206626.785967
2021-01-20 00:00:00+00:00,3.6288,3.7413,3.34,3.7166,17069848.358915
2021-01-21 00:00:00+00:00,3.7199,3.7411,2.9717,2.9899,14701372.413305
2021-01-22 00:00:00+00:00,2.9893,3.4992,2.5295,3.3352,20052814.354677
2021-01-23 00:00:00+00:00,3.3302,3.6,3.3056,3.5079,7924853.012163
2021-01-24 00:00:00+00:00,3.5018,3.79,3.4781,3.6278,8934610.122345
2021-01-25 00:00:00+00:00,3.6287,3.9928,3.4398,3.7038,24997969.213301
2021-01-26 00:00:00+00:00,3.7036,4.097,3.6478,4.041,25778078.437092
2021-01-27 00:00:00+00:00,4.0418,4.0422,3.5114,3.675,9309018.959412
2021-01-28 00:00:00+00:00,3.664,3.96,3.6,3.81,7853439.524328
2021-01-29 00:00:00+00:00,3.8092,3.912,3.6,3.8293,11255370.836075
2021-01-30 00:00:00+00:00,3.8301,4.3179,3.7667,4.228,15975662.223064
2021-01-31 00:00:00+00:00,4.228,4.805,4.154,4.2525,24123927.24661
2021-02-01 00:00:00+00:00,4.2568,4.617,4.1075,4.6148,9013963.451821
2021-02-02 00:00:00+00:00,4.6148,5.4026,4.4632,5.2331,26689709.64986
2021-02-03 00:00:00+00:00,5.243,5.783,5.0513,5.7311,21574159.897548
2021-02-04 00:00:00+00:00,5.7339,6.5426,5.5676,6.4085,33394633.201873
2021-02-05 00:00:00+00:00,6.4181,7.1438,6.4086,6.7005,28683157.531563
2021-02-06 00:00:00+00:00,6.7001,6.8181,5.7,6.1225,30867026.916009
2021-02-07 00:00:00+00:00,6.1219,6.8807,5.75,6.6976,32805036.405193
2021-02-08 00:00:00+00:00,6.6931,8.078,6.4554,7.855,49942119.465461
2021-02-09 00:00:00+00:00,7.8651,8.4945,7.55,7.8005,38293809.125972
2021-02-10 00:00:00+00:00,7.8005,9.09,7.26,9.09,36539932.533117
2021-02-11 00:00:00+00:00,9.0897,9.7425,8.72,9.2004,52587971.716616
2021-02-12 00:00:00+00:00,9.2058,9.93,9.0353,9.2,27168226.830558
2021-02-13 00:00:00+00:00,9.2007,9.5117,8.658,8.7441,31507609.162436
2021-02-14 00:00:00+00:00,8.7448,9.23,8.5293,8.7158,25413161.64747
2021-02-15 00:00:00+00:00,8.7234,9.38,7.7,8.8516,29417065.029097
2021-02-16 00:00:00+00:00,8.866,9.0,7.9601,8.3002,19153014.48074
2021-02-17 00:00:00+00:00,8.3035,8.45,7.5182,8.2357,26819100.252406
2021-02-18 00:00:00+00:00,8.2412,9.32,8.23,8.9771,21998195.017925
2021-02-19 00:00:00+00:00,8.988,11.85,8.5257,11.4912,72459294.279835
2021-02-20 00:00:00+00:00,11.4845,11.8327,9.754,9.9869,50507984.938603
2021-02-21 00:00:00+00:00,9.9849,11.6707,9.8101,11.0753,39855306.180938
2021-02-22 00:00:00+00:00,11.0738,14.8,9.1,14.4191,169938699.228894
2021-02-23 00:00:00+00:00,14.4176,15.8888,11.47,15.2244,343036326.062575
2021-02-24 00:00:00+00:00,15.2389,18.2052,14.7917,17.1691,177956628.838101
2021-02-25 00:00:00+00:00,17.1745,17.69,13.6579,13.8442,151275933.818703
2021-02-26 00:00:00+00:00,13.8565,15.5083,13.1,13.5962,113366684.183196
2021-02-27 00:00:00+00:00,13.5864,14.8359,13.01,13.1916,86421910.083089
2021-02-28 00:00:00+00:00,13.1853,13.7739,11.417,13.0887,90254864.658408
2021-03-01 00:00:00+00:00,13.08,15.5469,13.0102,14.9855,80299278.758967
2021-03-02 00:00:00+00:00,14.9989,15.25,13.3544,13.9438,58918570.783889
2021-03-03 00:00:00+00:00,13.9546,14.738,13.7018,14.0742,46641795.220439
2021-03-04 00:00:00+00:00,14.0936,14.2737,12.736,13.0508,37143577.894612
2021-03-05 00:00:00+00:00,13.0649,13.0992,12.1251,12.5382,25992581.667972
2021-03-06 00:00:00+00:00,12.5507,13.31,11.9,13.0421,38310955.352192
2021-03-07 00:00:00+00:00,13.0443,14.014,12.7049,13.8174,40433938.28287
2021-03-08 00:00:00+00:00,13.8174,13.906,12.996,13.6028,28420084.283378
2021-03-09 00:00:00+00:00,13.608,14.9921,13.1985,14.839,36980232.038198
2021-03-10 00:00:00+00:00,14.85,15.2118,14.0525,14.2048,28288700.219665
2021-03-11 00:00:00+00:00,14.2011,16.3222,13.67,16.031,61653754.148963
2021-03-12 00:00:00+00:00,16.0519,16.5,14.0803,14.5597,56522592.893258
2021-03-13 00:00:00+00:00,14.5532,15.4072,13.8439,15.3033,38570674.500294
2021-03-14 00:00:00+00:00,15.2902,15.376,14.3399,14.4605,25743993.252414
2021-03-15 00:00:00+00:00,14.461,14.8214,13.6179,14.1577,28644014.169331
2021-03-16 00:00:00+00:00,14.1586,14.2933,13.1389,13.6392,34213686.415383
2021-03-17 00:00:00+00:00,13.6379,14.2685,13.0326,14.2018,23249828.712251
2021-03-18 00:00:00+00:00,14.1987,14.75,13.957,14.204,22525364.901113
2021-03-19 00:00:00+00:00,14.2153,14.4883,13.8554,14.1552,20715848.138351
2021-03-20 00:00:00+00:00,14.1588,14.9793,14.09,14.1894,20257722.910337
2021-03-21 00:00:00+00:00,14.1788,14.3636,13.638,14.3372,16710937.908478
2021-03-22 00:00:00+00:00,14.3372,16.59,14.1697,14.7964,80202279.764827
2021-03-23 00:00:00+00:00,14.7962,15.227,14.0146,14.1552,29200863.470128
2021-03-24 00:00:00+00:00,14.1433,15.3719,13.5842,13.5973,33720016.229751
2021-03-25 00:00:00+00:00,13.5844,13.7329,12.47,12.9787,30105541.655817
2021-03-26 00:00:00+00:00,12.9789,14.7921,12.3043,14.7664,40946344.199711
2021-03-27 00:00:00+00:00,14.7751,16.8,14.7173,16.4589,63898875.327585
2021-03-28 00:00:00+00:00,16.4516,19.38,16.3049,18.0645,131121238.871813
2021-03-29 00:00:00+00:00,18.0645,19.0,17.6439,18.9504,56347906.972913
2021-03-30 00:00:00+00:00,18.9504,20.87,18.9105,19.0685,75587274.760449
2021-03-31 00:00:00+00:00,19.0645,19.8154,18.0,19.3861,53121280.865585
2021-04-01 00:00:00+00:00,19.3818,20.3583,18.7433,19.0443,43548214.197199
2021-04-02 00:00:00+00:00,19.0443,19.8003,18.345,19.7501,33917396.911248
2021-04-03 00:00:00+00:00,19.7513,23.8476,19.7228,22.5,137391230.217785
2021-04-04 00:00:00+00:00,22.4672,25.5309,21.9867,23.7755,126161802.440904
2021-04-05 00:00:00+00:00,23.7755,24.78,22.7664,22.9717,66850404.146919
2021-04-06 00:00:00+00:00,22.9876,25.3,21.7554,25.0548,78333293.278892
2021-04-07 00:00:00+00:00,25.0548,27.5203,22.9078,26.5385,201814363.689801
2021-04-08 00:00:00+00:00,26.537,27.9951,25.6431,26.9384,112559503.065008
2021-04-09 00:00:00+00:00,26.9261,29.0,26.7097,27.6172,85351831.609869
2021-04-10 00:00:00+00:00,27.6194,28.2948,25.9017,26.8021,73911290.607029
2021-04-11 00:00:00+00:00,26.7993,28.649,25.5131,27.8517,67836753.328399
2021-04-12 00:00:00+00:00,27.8598,29.9295,26.8049,28.5424,80542411.86851
2021-04-13 00:00:00+00:00,28.5266,28.8162,26.2616,27.4507,62367159.936301
2021-04-14 00:00:00+00:00,27.4571,27.5613,24.7,26.4067,94840132.118805
2021-04-15 00:00:00+00:00,26.4182,28.2,25.4479,27.7816,57745447.741172
2021-04-16 00:00:00+00:00,27.7946,28.2571,24.8547,25.2996,70603854.3893
2021-04-17 00:00:00+00:00,25.2926,26.7914,24.8181,24.85,63171961.762013
2021-04-18 00:00:00+00:00,24.8517,32.99,21.1,32.3358,322873223.287968
2021-04-19 00:00:00+00:00,32.3324,36.095,29.8066,31.4711,395020951.613176
2021-04-20 00:00:00+00:00,31.5303,32.8,28.81,31.7028,216033040.836129
2021-04-21 00:00:00+00:00,31.6939,35.1801,30.1101,32.5534,215427917.004327
2021-04-22 00:00:00+00:00,32.5965,41.1587,31.4586,38.9,522706696.08916
2021-04-23 00:00:00+00:00,38.8718,41.74,31.4936,37.3893,523364025.242309
2021-04-24 00:00:00+00:00,37.3018,43.6397,34.5861,40.8401,378538393.899074
2021-04-25 00:00:00+00:00,40.8525,48.644,40.572,47.405,530145484.409496
2021-04-26 00:00:00+00:00,47.395,48.499,43.267,43.878,510656400.888738
2021-04-27 00:00:00+00:00,43.884,46.606,42.5,43.147,315533192.401205
2021-04-28 00:00:00+00:00,43.147,46.962,40.516,44.833,347808465.69507
2021-04-29 00:00:00+00:00,44.831,46.233,40.906,42.484,251627153.968543
2021-04-30 00:00:00+00:00,42.452,44.313,41.21,42.786,141789174.448049
2021-05-01 00:00:00+00:00,42.786,49.88,42.001,49.67,267045680.136971
2021-05-02 00:00:00+00:00,49.646,49.99,45.904,46.897,179774455.900234
2021-05-03 00:00:00+00:00,46.926,49.0,44.774,45.912,174276397.094595
2021-05-04 00:00:00+00:00,45.935,47.81,42.26,42.636,188277042.525307
2021-05-05 00:00:00+00:00,42.636,46.0,42.305,44.98,123635464.329988
2021-05-06 00:00:00+00:00,44.965,44.98,42.55,43.496,102163369.963182
2021-05-07 00:00:00+00:00,43.496,46.243,41.42,43.182,141988293.018936
2021-05-08 00:00:00+00:00,43.154,46.65,42.275,45.612,112805791.971977
2021-05-09 00:00:00+00:00,45.632,47.15,42.6,44.33,138870748.080674
2021-05-10 00:00:00+00:00,44.33,45.89,39.0,42.854,124756005.351221
2021-05-11 00:00:00+00:00,42.868,45.18,39.7,44.538,115628588.75262
2021-05-12 00:00:00+00:00,44.579,49.243,42.18,43.709,348904390.326094
2021-05-13 00:00:00+00:00,43.394,45.501,37.43,41.049,299309995.222707
2021-05-14 00:00:00+00:00,41.051,44.897,39.901,42.7,144598209.93172
2021-05-15 00:00:00+00:00,42.697,45.5,39.305,43.486,140531821.079396
2021-05-16 00:00:00+00:00,43.462,52.6,41.602,46.85,619838806.091997
2021-05-17 00:00:00+00:00,46.85,51.985,43.01,46.708,670057766.317604
2021-05-18 00:00:00+00:00,46.747,58.38,46.051,55.977,665410806.089472
2021-05-19 00:00:00+00:00,55.969,57.691,26.5,34.988,985527942.935427
2021-05-20 00:00:00+00:00,34.987,53.0,32.0,44.42,772138094.480206
2021-05-21 00:00:00+00:00,44.367,47.7,33.673,38.925,555354956.609492
2021-05-22 00:00:00+00:00,38.925,40.0,31.134,31.222,359703861.220408
2021-05-23 00:00:00+00:00,31.222,32.4,19.117,24.536,632115869.638851
2021-05-24 00:00:00+00:00,24.53,32.19,24.496,31.416,443929987.514046
2021-05-25 00:00:00+00:00,31.42,33.195,25.915,29.973,298415170.731741
2021-05-26 00:00:00+00:00,29.985,37.25,28.858,35.43,358243359.566401
2021-05-27 00:00:00+00:00,35.427,35.594,30.976,33.747,191965509.913526
2021-05-28 00:00:00+00:00,33.761,34.551,28.0,28.989,194317729.830184
2021-05-29 00:00:00+00:00,28.993,30.066,25.7,27.388,109362582.78609
2021-05-30 00:00:00+00:00,27.407,29.781,25.586,28.588,111975244.538995
2021-05-31 00:00:00+00:00,28.573,33.014,27.489,32.75,160794249.932761
2021-06-01 00:00:00+00:00,32.759,33.285,29.852,30.938,127601407.34258
2021-06-02 00:00:00+00:00,30.931,35.129,30.402,33.994,150880106.234414
2021-06-03 00:00:00+00:00,33.994,41.523,33.736,39.602,299415873.032833
2021-06-04 00:00:00+00:00,39.599,39.737,34.187,37.338,328450531.481096
2021-06-05 00:00:00+00:00,37.356,42.787,36.982,39.633,349869352.640525
2021-06-06 00:00:00+00:00,39.663,43.4,38.912,42.205,254022477.410977
2021-06-07 00:00:00+00:00,42.2,44.2,37.8,38.235,337872362.546919
2021-06-08 00:00:00+00:00,38.2,42.596,33.6,41.245,635390288.373884
2021-06-09 00:00:00+00:00,41.245,44.0,39.291,42.032,454086698.189658
2021-06-10 00:00:00+00:00,42.032,43.097,39.459,41.105,213330357.219946
2021-06-11 00:00:00+00:00,41.091,41.376,35.074,36.157,182293620.081256
2021-06-12 00:00:00+00:00,36.131,37.64,34.1,36.476,187288052.406729
2021-06-13 00:00:00+00:00,36.492,39.442,34.72,38.706,150202838.217655
2021-06-14 00:00:00+00:00,38.713,40.561,36.627,39.694,177057758.588132
2021-06-15 00:00:00+00:00,39.7,41.741,39.154,39.536,150827423.618637
2021-06-16 00:00:00+00:00,39.513,41.75,37.455,39.728,199446618.363721
2021-06-17 00:00:00+00:00,39.73,41.264,38.211,39.265,130590317.812374
2021-06-18 00:00:00+00:00,39.259,39.502,34.898,36.82,139854390.717253
2021-06-19 00:00:00+00:00,36.802,37.318,34.901,35.19,79787571.60204
2021-06-20 00:00:00+00:00,35.195,35.949,31.3,35.257,133260490.894256
2021-06-21 00:00:00+00:00,35.248,35.499,25.925,26.59,246501068.916909
2021-06-22 00:00:00+00:00,26.597,28.813,20.187,26.958,393752740.686368
2021-06-23 00:00:00+00:00,26.957,32.9,25.626,30.837,360070228.235708
2021-06-24 00:00:00+00:00,30.835,33.0,28.481,31.141,221085666.761107
2021-06-25 00:00:00+00:00,31.144,32.989,27.949,28.641,219888857.856975
2021-06-26 00:00:00+00:00,28.619,30.181,26.659,29.698,183566327.297619
2021-06-27 00:00:00+00:00,29.691,31.95,29.186,31.897,178035416.403871
2021-06-28 00:00:00+00:00,31.883,34.34,30.961,33.001,162522646.594988
2021-06-29 00:00:00+00:00,33.018,35.837,32.665,33.97,154213056.693286
2021-06-30 00:00:00+00:00,33.974,36.0,31.555,35.51,178975642.021054
2021-07-01 00:00:00+00:00,35.51,35.567,32.17,33.271,151028766.442459
2021-07-02 00:00:00+00:00,33.27,34.217,31.367,34.0,140908038.302153
2021-07-03 00:00:00+00:00,34.001,35.406,33.217,34.498,105690439.312064
2021-07-04 00:00:00+00:00,34.497,35.531,33.533,34.28,103428667.559317
2021-07-05 00:00:00+00:00,34.278,34.49,32.37,32.908,100655425.27353
2021-07-06 00:00:00+00:00,32.908,35.041,32.883,34.226,111418811.563157
2021-07-07 00:00:00+00:00,34.221,38.1,33.82,36.673,167269030.357017
2021-07-08 00:00:00+00:00,36.667,36.934,32.654,33.142,156944971.450182
2021-07-09 00:00:00+00:00,33.134,34.46,31.976,33.315,93430690.975875
2021-07-10 00:00:00+00:00,33.315,34.215,31.025,31.693,92460631.92128
2021-07-11 00:00:00+00:00,31.716,32.568,31.3,32.182,62238927.039282
2021-07-12 00:00:00+00:00,32.173,32.696,30.011,30.77,70408687.928317
2021-07-13 00:00:00+00:00,30.77,31.096,28.81,29.136,54860385.065094
2021-07-14 00:00:00+00:00,29.154,31.5,27.363,31.365,101600599.92145
2021-07-15 00:00:00+00:00,31.365,31.485,27.975,28.545,107745442.668065
2021-07-16 00:00:00+00:00,28.562,29.478,26.196,26.271,81405823.760962
2021-07-17 00:00:00+00:00,26.269,27.836,25.979,26.802,56460667.131039
2021-07-18 00:00:00+00:00,26.789,27.756,26.233,26.673,46674422.658561
2021-07-19 00:00:00+00:00,26.679,26.71,23.975,24.509,78158738.802734
2021-07-20 00:00:00+00:00,24.524,24.982,22.1,23.474,82758691.731088
2021-07-21 00:00:00+00:00,23.484,27.461,22.8,26.7,116862935.668493
2021-07-22 00:00:00+00:00,26.706,28.17,25.91,27.699,71691184.161645
2021-07-23 00:00:00+00:00,27.7,28.713,26.385,28.516,83834585.176884
2021-07-24 00:00:00+00:00,28.53,29.548,28.013,28.616,77044282.903373
2021-07-25 00:00:00+00:00,28.626,28.898,26.5,28.248,65090395.546989
2021-07-26 00:00:00+00:00,28.247,31.115,27.83,28.184,185071260.843483
2021-07-27 00:00:00+00:00,28.183,28.95,26.893,28.103,83973834.089948
2021-07-28 00:00:00+00:00,28.119,28.76,27.354,27.875,65388598.78105
2021-07-29 00:00:00+00:00,27.891,31.888,27.319,31.235,110419263.54677
2021-07-30 00:00:00+00:00,31.238,33.084,29.91,32.354,156365971.267959
2021-07-31 00:00:00+00:00,32.354,37.004,31.653,36.744,146906971.502862
2021-08-01 00:00:00+00:00,36.742,36.822,33.165,34.165,123483357.252692
2021-08-02 00:00:00+00:00,34.178,35.95,33.0,33.167,106104314.167518
2021-08-03 00:00:00+00:00,33.177,35.9,32.327,34.105,119580010.529757
2021-08-04 00:00:00+00:00,34.094,36.658,33.236,35.76,99340895.750769
2021-08-05 00:00:00+00:00,35.757,38.267,35.5,37.353,150224471.701714
2021-08-06 00:00:00+00:00,37.354,40.4,35.611,39.525,151446524.695115
2021-08-07 00:00:00+00:00,39.502,40.5,37.502,39.469,139249910.941098
2021-08-08 00:00:00+00:00,39.454,39.549,36.896,37.65,77745568.463121
2021-08-09 00:00:00+00:00,37.653,39.999,36.351,38.646,82127593.886901
2021-08-10 00:00:00+00:00,38.646,41.678,38.183,40.64,104631605.023893
2021-08-11 00:00:00+00:00,40.639,43.729,40.605,41.621,106505944.939688
2021-08-12 00:00:00+00:00,41.619,43.401,39.316,41.102,98924676.676477
2021-08-13 00:00:00+00:00,41.105,44.911,40.668,44.83,99544516.411655
2021-08-14 00:00:00+00:00,44.859,44.874,42.727,44.14,67926559.943512
2021-08-15 00:00:00+00:00,44.124,54.8,43.361,53.531,309850774.829744
2021-08-16 00:00:00+00:00,53.515,69.132,52.269,62.016,947671575.126456
2021-08-17 00:00:00+00:00,62.042,75.155,58.822,64.123,1024581216.554078
2021-08-18 00:00:00+00:00,64.135,80.5,59.722,72.663,1093260830.151369
2021-08-19 00:00:00+00:00,72.659,75.436,68.24,72.764,562302367.608002
2021-08-20 00:00:00+00:00,72.8,80.0,70.873,78.643,424719084.854653
2021-08-21 00:00:00+00:00,78.684,82.0,72.6,73.801,396408173.088469
2021-08-22 00:00:00+00:00,73.852,77.6,71.244,72.775,213468963.7425
2021-08-23 00:00:00+00:00,72.751,76.81,71.545,75.623,306079632.543251
2021-08-24 00:00:00+00:00,75.647,79.45,68.5,70.527,508984577.412884
2021-08-25 00:00:00+00:00,70.519,72.83,66.03,71.973,351840973.572073
2021-08-26 00:00:00+00:00,71.982,78.3,66.2,74.92,480323043.299548
2021-08-27 00:00:00+00:00,74.92,88.92,72.55,87.98,721830146.034961
2021-08-28 00:00:00+00:00,87.98,97.82,85.59,96.22,531913395.781063
2021-08-29 00:00:00+00:00,96.17,97.82,90.3,94.23,390634983.9499
2021-08-30 00:00:00+00:00,94.23,116.84,93.58,110.25,1163838842.93738
2021-08-31 00:00:00+00:00,110.26,130.11,103.06,108.27,1927599440.257785
2021-09-01 00:00:00+00:00,108.27,119.72,105.89,110.71,908134889.9009
2021-09-02 00:00:00+00:00,110.71,131.96,109.18,128.23,1113846856.867106
2021-09-03 00:00:00+00:00,128.2,148.99,128.12,146.4,1668352305.559141
2021-09-04 00:00:00+00:00,146.36,150.6,135.73,138.88,882463269.733808
2021-09-05 00:00:00+00:00,138.88,144.99,134.74,142.0,646117252.6224
2021-09-06 00:00:00+00:00,141.98,166.13,136.92,164.22,1281375300.439107
2021-09-07 00:00:00+00:00,164.19,195.48,128.01,173.46,4280553283.795629
2021-09-08 00:00:00+00:00,173.49,198.0,146.5,191.02,2877007646.003
2021-09-09 00:00:00+00:00,191.02,216.0,180.7,187.9,3302106193.718854
2021-09-10 00:00:00+00:00,187.89,197.41,167.82,179.6,1634482755.5335
2021-09-11 00:00:00+00:00,179.6,193.51,175.14,179.04,1248193831.1412
2021-09-12 00:00:00+00:00,179.05,181.75,170.15,174.29,647992867.3794
2021-09-13 00:00:00+00:00,174.31,175.0,150.3,169.53,1356943603.3582
2021-09-14 00:00:00+00:00,169.54,171.83,142.6,158.88,1261689247.3987
2021-09-15 00:00:00+00:00,158.72,166.5,153.69,158.79,976500292.0318
2021-09-16 00:00:00+00:00,158.77,163.5,147.35,152.29,738871246.7892
2021-09-17 00:00:00+00:00,152.3,153.55,134.0,147.58,1088492757.8538
2021-09-18 00:00:00+00:00,147.59,171.47,144.1,169.22,1302873557.4884
2021-09-19 00:00:00+00:00,169.22,170.96,150.6,152.76,794443935.4482
2021-09-20 00:00:00+00:00,152.78,153.43,130.26,132.77,1432110844.5892
2021-09-21 00:00:00+00:00,132.77,144.64,116.0,124.29,1275393492.8197
2021-09-22 00:00:00+00:00,124.3,151.36,122.1,148.02,1022897106.3983
2021-09-23 00:00:00+00:00,148.02,152.5,142.92,149.91,767818469.5908
2021-09-24 00:00:00+00:00,149.9,151.2,128.15,139.13,928759366.0754
2021-09-25 00:00:00+00:00,139.11,144.18,133.54,136.06,446899248.1387
2021-09-26 00:00:00+00:00,136.05,140.81,124.8,135.64,579686581.9965
2021-09-27 00:00:00+00:00,135.7,148.92,133.72,136.35,740686665.9262
2021-09-28 00:00:00+00:00,136.34,139.4,128.17,132.2,521861056.3998
2021-09-29 00:00:00+00:00,132.22,140.17,131.12,135.25,502380517.6917
2021-09-30 00:00:00+00:00,135.24,142.95,134.02,141.37,465705307.7185
2021-10-01 00:00:00+00:00,141.38,164.95,138.25,161.56,1029107048.8542
2021-10-02 00:00:00+00:00,161.62,175.0,156.06,168.98,839389841.287
2021-10-03 00:00:00+00:00,169.0,177.79,165.58,172.98,730363770.8363
2021-10-04 00:00:00+00:00,172.99,173.34,162.0,167.13,725561361.6554
2021-10-05 00:00:00+00:00,167.13,170.18,159.68,164.62,559005861.2785
2021-10-06 00:00:00+00:00,164.64,165.42,150.1,153.87,707202511.6444
2021-10-07 00:00:00+00:00,153.9,161.42,150.34,154.26,507033126.6141
2021-10-08 00:00:00+00:00,154.26,168.97,152.39,158.86,603926551.1655
2021-10-09 00:00:00+00:00,158.88,161.54,154.18,156.84,290322350.9863
2021-10-10 00:00:00+00:00,156.8,158.5,145.55,147.55,312056345.8687
2021-10-11 00:00:00+00:00,147.56,154.0,140.24,144.77,326311439.8805
2021-10-12 00:00:00+00:00,144.79,153.5,137.61,152.32,492107861.1209
2021-10-13 00:00:00+00:00,152.35,155.56,144.28,148.04,407781874.7029
2021-10-14 00:00:00+00:00,148.05,155.65,147.27,150.02,401621913.4086
2021-10-15 00:00:00+00:00,150.01,165.75,146.68,163.18,857073350.2463
2021-10-16 00:00:00+00:00,163.15,164.8,156.36,157.54,317763749.0649
2021-10-17 00:00:00+00:00,157.54,167.65,153.13,160.12,496800526.5193
2021-10-18 00:00:00+00:00,160.11,162.98,154.91,157.12,354661694.7836
2021-10-19 00:00:00+00:00,157.12,159.45,153.06,155.78,285106689.835
2021-10-20 00:00:00+00:00,155.77,176.87,155.0,176.72,648992235.6395
2021-10-21 00:00:00+00:00,176.72,194.21,176.7,190.5,1457539718.5878
2021-10-22 00:00:00+00:00,190.46,215.1,187.96,196.29,1702782574.0682
2021-10-23 00:00:00+00:00,196.29,205.78,191.86,197.75,651763689.7838
2021-10-24 00:00:00+00:00,197.75,204.86,185.22,202.14,693230334.2614
2021-10-25 00:00:00+00:00,202.15,218.93,198.0,209.7,1030729845.0932
2021-10-26 00:00:00+00:00,209.73,214.2,196.36,199.85,654485744.3456
2021-10-27 00:00:00+00:00,199.87,205.49,176.94,184.49,956618126.2704
2021-10-28 00:00:00+00:00,184.45,201.38,181.64,195.42,678298772.1298
2021-10-29 00:00:00+00:00,195.37,205.22,194.45,200.41,497606675.4685
2021-10-30 00:00:00+00:00,200.36,200.62,187.3,195.7,313557872.6871
2021-10-31 00:00:00+00:00,195.69,205.0,185.31,202.49,463132484.4958
2021-11-01 00:00:00+00:00,202.53,211.66,197.7,203.9,645166048.7765
2021-11-02 00:00:00+00:00,203.91,222.22,200.97,220.82,605529841.3593
2021-11-03 00:00:00+00:00,220.81,247.0,215.69,243.37,1212857714.678528
2021-11-04 00:00:00+00:00,243.37,250.5,234.0,247.07,859506826.42668
2021-11-05 00:00:00+00:00,247.06,248.84,230.34,236.06,532866847.4735
2021-11-06 00:00:00+00:00,236.04,259.9,234.79,258.44,753428880.694
2021-11-07 00:00:00+00:00,258.41,258.66,245.65,249.68,484918560.7454
2021-11-08 00:00:00+00:00,249.62,253.3,240.68,248.26,566280886.1995
2021-11-09 00:00:00+00:00,248.27,253.22,237.62,239.04,541627505.4756
2021-11-10 00:00:00+00:00,239.06,248.0,217.5,233.09,731537386.827
2021-11-11 00:00:00+00:00,233.06,246.5,229.4,233.37,478333948.479
2021-11-12 00:00:00+00:00,233.34,239.09,220.83,228.48,484150570.2329
2021-11-13 00:00:00+00:00,228.46,241.97,224.79,241.59,339685082.7887
2021-11-14 00:00:00+00:00,241.58,242.0,230.4,238.64,253873402.6549
2021-11-15 00:00:00+00:00,238.63,246.36,234.49,238.2,463075752.6991
2021-11-16 00:00:00+00:00,238.18,238.21,213.81,219.04,576884837.3003
2021-11-17 00:00:00+00:00,219.09,222.44,209.53,218.94,451229368.1312
2021-11-18 00:00:00+00:00,218.9,222.78,186.5,195.01,624208055.0207
2021-11-19 00:00:00+00:00,195.19,219.59,188.99,215.25,559175543.827
2021-11-20 00:00:00+00:00,215.25,221.17,205.84,217.63,334473495.7275
2021-11-21 00:00:00+00:00,217.64,240.0,210.53,230.51,420452594.5684
2021-11-22 00:00:00+00:00,230.56,231.99,211.6,215.59,541317085.3909
2021-11-23 00:00:00+00:00,215.58,226.08,210.91,221.75,360287368.5668
2021-11-24 00:00:00+00:00,221.76,222.47,200.14,205.7,396608869.9866
2021-11-25 00:00:00+00:00,205.76,216.35,201.93,209.97,370397490.601
2021-11-26 00:00:00+00:00,209.94,210.53,182.7,192.42,540229501.1197
2021-11-27 00:00:00+00:00,192.37,199.39,190.61,192.74,201451693.2264
2021-11-28 00:00:00+00:00,192.74,202.1,180.93,200.69,297730465.4787
2021-11-29 00:00:00+00:00,200.71,212.75,199.63,204.09,299901553.1901
2021-11-30 00:00:00+00:00,204.1,218.28,199.55,208.53,457195214.4479
2021-12-01 00:00:00+00:00,208.52,232.63,207.89,229.81,577828638.8561
2021-12-02 00:00:00+00:00,229.81,243.12,220.0,233.6,700072045.5843
2021-12-03 00:00:00+00:00,233.59,239.37,204.68,211.65,641504675.3806
2021-12-04 00:00:00+00:00,211.65,212.62,169.0,200.67,954137663.0529
2021-12-05 00:00:00+00:00,200.68,204.51,181.44,196.43,478706797.8306
2021-12-06 00:00:00+00:00,196.49,197.71,176.17,193.56,527018793.7263
2021-12-07 00:00:00+00:00,193.57,204.1,187.26,190.19,381921839.6113
2021-12-08 00:00:00+00:00,190.24,196.27,183.5,194.61,317713289.1329
2021-12-09 00:00:00+00:00,194.61,196.6,178.64,181.11,310244140.7139
2021-12-10 00:00:00+00:00,181.08,184.6,167.0,167.39,328445622.4408
2021-12-11 00:00:00+00:00,167.39,173.8,161.33,172.15,260637632.2971
2021-12-12 00:00:00+00:00,172.15,176.85,167.64,172.8,167631329.5836
2021-12-13 00:00:00+00:00,172.83,172.83,148.04,155.21,394239559.0818
2021-12-14 00:00:00+00:00,155.2,163.35,149.6,161.26,336483180.6314
2021-12-15 00:00:00+00:00,161.25,182.64,156.81,178.52,563215533.5204
2021-12-16 00:00:00+00:00,178.53,189.0,174.37,176.86,452932181.2015
2021-12-17 00:00:00+00:00,176.89,182.5,167.88,175.51,406619554.3441
2021-12-18 00:00:00+00:00,175.48,184.24,170.96,182.78,217402537.3582
2021-12-19 00:00:00+00:00,182.78,189.43,177.99,179.93,224029422.5445
2021-12-20 00:00:00+00:00,179.9,181.18,168.49,173.9,252805360.6904
2021-12-21 00:00:00+00:00,173.9,182.54,170.27,179.63,232062935.9867
2021-12-22 00:00:00+00:00,179.62,187.55,177.05,178.4,252282579.7556
2021-12-23 00:00:00+00:00,178.38,193.5,175.64,190.03,318109249.5394
2021-12-24 00:00:00+00:00,190.08,197.55,184.14,190.36,316537547.9102
2021-12-25 00:00:00+00:00,190.37,195.0,189.08,193.1,201292809.2236
2021-12-26 00:00:00+00:00,193.03,200.59,190.22,197.81,301973673.358
2021-12-27 00:00:00+00:00,197.85,204.75,194.71,195.67,243809505.9215
2021-12-28 00:00:00+00:00,195.68,195.68,176.2,177.32,371876481.5718
2021-12-29 00:00:00+00:00,177.28,180.62,170.01,170.63,269857955.5562
2021-12-30 00:00:00+00:00,170.65,175.74,168.17,172.52,176482572.0928
2021-12-31 00:00:00+00:00,172.53,177.65,167.67,169.99,177345239.6125
2022-01-01 00:00:00+00:00,170.01,179.2,169.93,179.06,110585214.9165
2022-01-02 00:00:00+00:00,179.06,179.53,174.31,176.35,109509310.7134
2022-01-03 00:00:00+00:00,176.34,176.49,166.59,170.15,177240351.9702
2022-01-04 00:00:00+00:00,170.14,173.93,166.47,167.72,176538222.7298
2022-01-05 00:00:00+00:00,167.74,171.32,144.92,154.52,266979906.6384
2022-01-06 00:00:00+00:00,154.48,154.8,145.98,150.26,236312050.3837
2022-01-07 00:00:00+00:00,150.28,150.72,133.08,136.45,380212392.3515
2022-01-08 00:00:00+00:00,136.43,148.11,133.0,142.14,380841698.6352
2022-01-09 00:00:00+00:00,142.1,145.71,137.83,140.82,203808588.2502
2022-01-10 00:00:00+00:00,140.82,143.86,130.0,135.86,257484771.7658
2022-01-11 00:00:00+00:00,135.84,143.5,133.58,140.2,184178762.8854
2022-01-12 00:00:00+00:00,140.19,153.39,138.22,151.51,284704608.1415
2022-01-13 00:00:00+00:00,151.5,157.8,145.41,146.14,300358586.1974
2022-01-14 00:00:00+00:00,146.13,150.56,141.84,146.17,209190212.3234
2022-01-15 00:00:00+00:00,146.18,149.49,143.9,147.64,126821898.9623
2022-01-16 00:00:00+00:00,147.61,151.96,146.09,147.98,143408413.9133
2022-01-17 00:00:00+00:00,147.98,148.29,137.02,139.8,184551841.5054
2022-01-18 00:00:00+00:00,139.81,142.77,134.39,141.22,173470525.6841
2022-01-19 00:00:00+00:00,141.32,142.7,132.77,135.25,160857229.2032
2022-01-20 00:00:00+00:00,135.23,143.83,126.01,127.54,200702305.013
2022-01-21 00:00:00+00:00,127.54,128.73,106.11,112.27,544063534.4105
2022-01-22 00:00:00+00:00,112.24,114.89,87.73,94.54,635108263.4286
2022-01-23 00:00:00+00:00,94.57,104.82,93.25,99.78,351997642.8836
2022-01-24 00:00:00+00:00,99.74,99.83,80.83,91.93,615205074.608
2022-01-25 00:00:00+00:00,91.94,99.95,87.41,94.67,324014683.736
2022-01-26 00:00:00+00:00,94.65,104.43,89.19,92.12,434996978.6907
2022-01-27 00:00:00+00:00,92.11,94.6,85.71,89.51,317470432.0929
2022-01-28 00:00:00+00:00,89.51,93.55,87.21,91.34,240233251.6856
2022-01-29 00:00:00+00:00,91.35,98.93,90.5,96.13,194994553.8294
2022-01-30 00:00:00+00:00,96.15,97.6,91.38,93.29,118979094.2397
2022-01-31 00:00:00+00:00,93.26,101.4,89.18,99.49,229303857.837
2022-02-01 00:00:00+00:00,99.5,113.66,99.02,110.02,451677238.5892
2022-02-02 00:00:00+00:00,109.99,112.35,96.99,101.88,514972931.5411
2022-02-03 00:00:00+00:00,101.91,103.13,94.0,101.77,380416658.2175
2022-02-04 00:00:00+00:00,101.83,112.81,100.28,112.62,446505812.5773
2022-02-05 00:00:00+00:00,112.63,118.6,110.22,113.75,302738096.0985
2022-02-06 00:00:00+00:00,113.74,116.06,111.09,115.28,177818919.2675
2022-02-07 00:00:00+00:00,115.26,121.93,112.69,117.55,323264554.6453
2022-02-08 00:00:00+00:00,117.57,120.36,109.66,113.45,321854907.0326
2022-02-09 00:00:00+00:00,113.44,117.08,109.4,113.93,240051448.3335
2022-02-10 00:00:00+00:00,113.96,115.38,105.68,106.17,308218719.2783
2022-02-11 00:00:00+00:00,106.18,108.14,95.14,96.53,261118404.0618
2022-02-12 00:00:00+00:00,96.53,99.79,92.8,95.96,173107556.4531
2022-02-13 00:00:00+00:00,95.98,97.36,91.35,92.85,115326539.3591
2022-02-14 00:00:00+00:00,92.85,97.99,90.72,96.37,169748618.5019
2022-02-15 00:00:00+00:00,96.39,105.77,96.38,105.52,240632353.7154
2022-02-16 00:00:00+00:00,105.52,105.6,98.27,101.86,215708905.3656
2022-02-17 00:00:00+00:00,101.85,102.82,92.33,93.52,194565671.9256
2022-02-18 00:00:00+00:00,93.55,96.37,89.31,89.86,186100175.1081
2022-02-19 00:00:00+00:00,89.86,92.75,88.6,91.27,116505357.5701
2022-02-20 00:00:00+00:00,91.27,94.5,85.56,90.72,229568085.4621
2022-02-21 00:00:00+00:00,90.7,96.14,82.62,82.96,365437826.7867
2022-02-22 00:00:00+00:00,82.95,87.56,81.06,86.38,238850054.3276
2022-02-23 00:00:00+00:00,86.39,93.4,84.38,84.59,284825279.1137
2022-02-24 00:00:00+00:00,84.58,93.9,75.35,89.36,625458651.9577
2022-02-25 00:00:00+00:00,89.35,95.0,86.86,92.71,332795301.0672
2022-02-26 00:00:00+00:00,92.73,95.49,89.23,90.23,209017446.4943
2022-02-27 00:00:00+00:00,90.25,92.19,84.08,85.63,228781062.1315
2022-02-28 00:00:00+00:00,85.61,103.0,84.17,99.68,392961670.0973
2022-03-01 00:00:00+00:00,99.67,102.03,94.21,98.66,359368373.9761
2022-03-02 00:00:00+00:00,98.65,106.43,96.76,100.68,441097205.6531
2022-03-03 00:00:00+00:00,100.69,101.7,94.0,95.62,253940370.881
2022-03-04 00:00:00+00:00,95.63,95.94,87.0,88.32,260751773.1297
2022-03-05 00:00:00+00:00,88.33,91.22,86.0,89.63,132577728.3357
2022-03-06 00:00:00+00:00,89.61,89.96,84.09,84.57,158938647.3889
2022-03-07 00:00:00+00:00,84.58,86.71,79.92,81.66,268367077.2916
2022-03-08 00:00:00+00:00,81.65,85.04,81.3,82.32,216640314.7061
2022-03-09 00:00:00+00:00,82.32,89.92,81.9,88.06,293276442.5009
2022-03-10 00:00:00+00:00,88.06,88.57,80.63,82.87,235307930.7831
2022-03-11 00:00:00+00:00,82.86,84.29,80.07,80.67,206921492.6402
2022-03-12 00:00:00+00:00,80.67,82.75,80.57,81.38,111234273.6544
2022-03-13 00:00:00+00:00,81.4,83.34,77.65,78.73,162105572.6583
2022-03-14 00:00:00+00:00,78.72,82.29,78.0,81.22,167010301.5519
2022-03-15 00:00:00+00:00,81.23,85.99,78.72,82.84,173536935.3186
2022-03-16 00:00:00+00:00,82.84,87.98,81.53,87.77,222116241.7732
2022-03-17 00:00:00+00:00,87.77,91.0,86.58,87.8,232117458.5886
2022-03-18 00:00:00+00:00,87.8,92.28,84.41,89.8,257737465.0237
2022-03-19 00:00:00+00:00,89.81,94.55,89.25,92.31,189155993.9181
2022-03-20 00:00:00+00:00,92.31,92.55,87.82,88.62,135160820.5356
2022-03-21 00:00:00+00:00,88.62,91.28,86.74,88.59,176751354.7868
2022-03-22 00:00:00+00:00,88.58,93.98,88.0,90.43,239094582.9373
2022-03-23 00:00:00+00:00,90.44,96.36,89.19,94.89,265825349.012
2022-03-24 00:00:00+00:00,94.88,103.7,93.26,102.32,474517921.1292
2022-03-25 00:00:00+00:00,102.32,104.86,96.95,98.6,341404558.2387
2022-03-26 00:00:00+00:00,98.6,103.4,97.63,101.73,192503281.4375
2022-03-27 00:00:00+00:00,101.73,107.46,98.77,107.04,242015312.5972
2022-03-28 00:00:00+00:00,107.04,113.87,105.22,105.75,454984710.5219
2022-03-29 00:00:00+00:00,105.75,115.7,105.49,111.62,416037180.6463
2022-03-30 00:00:00+00:00,111.62,125.26,107.11,120.82,615094936.7057
2022-03-31 00:00:00+00:00,120.82,129.5,119.95,122.77,640563903.8799
2022-04-01 00:00:00+00:00,122.79,138.4,117.39,134.52,704191459.0215
2022-04-02 00:00:00+00:00,134.53,143.51,131.47,132.49,575683426.3868
2022-04-03 00:00:00+00:00,132.48,141.11,130.52,136.9,405018764.7833
2022-04-04 00:00:00+00:00,136.9,138.29,125.82,132.14,457752604.0445
2022-04-05 00:00:00+00:00,132.14,136.63,126.07,126.87,374058737.7225
2022-04-06 00:00:00+00:00,126.88,127.4,112.1,112.95,512273613.6953
2022-04-07 00:00:00+00:00,112.94,120.0,110.88,118.48,383156868.6751
2022-04-08 00:00:00+00:00,118.47,122.42,108.1,109.92,387721449.4475
2022-04-09 00:00:00+00:00,109.92,113.69,108.28,112.96,152114680.8922
2022-04-10 00:00:00+00:00,112.97,116.09,109.71,111.07,175614158.7559
2022-04-11 00:00:00+00:00,111.06,111.94,98.1,99.67,348238454.5094
2022-04-12 00:00:00+00:00,99.64,109.36,98.31,103.22,366259936.4194
2022-04-13 00:00:00+00:00,103.21,106.04,100.09,104.94,228562636.8247
2022-04-14 00:00:00+00:00,104.92,107.72,98.77,100.77,279743555.6211
2022-04-15 00:00:00+00:00,100.77,102.91,99.55,101.31,140391145.6665
2022-04-16 00:00:00+00:00,101.38,103.5,100.71,102.06,102584953.5336
2022-04-17 00:00:00+00:00,102.06,105.44,99.62,100.15,155271562.7464
2022-04-18 00:00:00+00:00,100.15,102.65,94.62,102.33,271730806.7518
2022-04-19 00:00:00+00:00,102.37,109.0,101.02,108.51,280654686.0573
2022-04-20 00:00:00+00:00,108.51,110.9,104.25,105.59,297974331.0006
2022-04-21 00:00:00+00:00,105.58,110.0,99.86,101.78,284134458.7273
2022-04-22 00:00:00+00:00,101.78,103.55,99.19,100.55,180380786.8659
2022-04-23 00:00:00+00:00,100.55,102.9,98.31,100.63,109466876.3668
2022-04-24 00:00:00+00:00,100.63,102.31,98.55,99.23,106954414.4213
2022-04-25 00:00:00+00:00,99.22,101.59,94.32,100.99,226174939.4707
2022-04-26 00:00:00+00:00,100.98,101.98,94.61,95.7,187010168.6056
2022-04-27 00:00:00+00:00,95.7,100.79,94.89,98.36,180105223.6554
2022-04-28 00:00:00+00:00,98.35,100.55,96.33,98.24,182594839.5316
2022-04-29 00:00:00+00:00,98.23,98.68,92.35,93.96,166246202.3275
2022-04-30 00:00:00+00:00,93.96,94.95,81.91,84.63,164168373.5793
2022-05-01 00:00:00+00:00,84.63,93.12,84.15,89.68,207825708.0776
2022-05-02 00:00:00+00:00,89.67,90.89,85.1,87.5,168665929.5505
2022-05-03 00:00:00+00:00,87.49,88.81,84.66,85.86,135931235.1297
2022-05-04 00:00:00+00:00,85.86,93.06,85.47,92.77,198783148.9305
2022-05-05 00:00:00+00:00,92.77,95.25,81.32,84.52,290368666.4692
2022-05-06 00:00:00+00:00,84.52,84.84,79.98,81.68,213954688.34
2022-05-07 00:00:00+00:00,81.67,82.33,77.03,78.86,153609731.6619
2022-05-08 00:00:00+00:00,78.86,79.41,73.69,75.38,210452506.8299
2022-05-09 00:00:00+00:00,75.39,77.21,61.7,62.16,404836586.308331
2022-05-10 00:00:00+00:00,62.16,74.03,60.13,66.9,533633557.199898
2022-05-11 00:00:00+00:00,66.9,68.44,43.17,50.9,655895713.542589
2022-05-12 00:00:00+00:00,50.9,54.29,37.37,44.64,615675880.93754
2022-05-13 00:00:00+00:00,44.64,56.99,43.83,48.92,445956256.0485
2022-05-14 00:00:00+00:00,48.93,53.91,45.81,52.43,253571501.88
2022-05-15 00:00:00+00:00,52.43,59.31,49.63,58.83,208778706.7702
2022-05-16 00:00:00+00:00,58.83,58.83,51.89,53.79,295070394.3347
2022-05-17 00:00:00+00:00,53.8,58.22,53.04,57.02,242391527.4977
2022-05-18 00:00:00+00:00,57.01,57.85,49.38,49.93,235605712.6601
2022-05-19 00:00:00+00:00,49.93,54.09,48.2,52.2,246302390.7366
2022-05-20 00:00:00+00:00,52.2,53.62,47.81,49.43,245429377.9878
2022-05-21 00:00:00+00:00,49.42,51.21,48.43,50.31,98299753.259
2022-05-22 00:00:00+00:00,50.3,53.2,49.69,52.48,140435263.8116
2022-05-23 00:00:00+00:00,52.48,54.68,48.61,49.17,219973233.886
2022-05-24 00:00:00+00:00,49.17,50.85,47.1,49.67,179621230.7128
2022-05-25 00:00:00+00:00,49.67,50.55,47.57,47.98,160613552.1388
2022-05-26 00:00:00+00:00,47.97,48.66,41.69,43.44,314922743.5919
2022-05-27 00:00:00+00:00,43.44,43.95,39.93,41.17,315086453.0078
2022-05-28 00:00:00+00:00,41.18,45.08,40.33,44.25,183339589.409
2022-05-29 00:00:00+00:00,44.24,45.67,41.79,44.98,202572097.5885
2022-05-30 00:00:00+00:00,44.98,48.39,44.27,47.22,253574633.2647
2022-05-31 00:00:00+00:00,47.22,48.24,44.56,45.77,207640573.6838
2022-06-01 00:00:00+00:00,45.78,46.12,39.51,40.11,205803279.5537
2022-06-02 00:00:00+00:00,40.11,41.65,38.13,40.85,206604815.9131
2022-06-03 00:00:00+00:00,40.86,41.54,37.63,38.28,172766731.5807
2022-06-04 00:00:00+00:00,38.28,39.5,35.71,39.0,139577288.6715
2022-06-05 00:00:00+00:00,39.02,40.22,37.85,38.52,141881168.631
2022-06-06 00:00:00+00:00,38.53,44.87,38.33,42.39,290291015.6326
2022-06-07 00:00:00+00:00,42.39,42.8,37.12,39.31,302649368.6022
2022-06-08 00:00:00+00:00,39.32,40.96,38.28,38.83,156635684.2698
2022-06-09 00:00:00+00:00,38.83,41.97,38.44,39.96,185342283.8484
2022-06-10 00:00:00+00:00,39.96,40.9,36.8,37.17,168826417.9157
2022-06-11 00:00:00+00:00,37.17,37.93,33.17,33.93,164203312.634082
2022-06-12 00:00:00+00:00,33.94,34.5,30.56,30.61,222245784.905825
2022-06-13 00:00:00+00:00,30.6,31.11,26.05,28.6,372532264.645125
2022-06-14 00:00:00+00:00,28.59,32.32,25.86,29.59,335148563.73442
2022-06-15 00:00:00+00:00,29.59,34.86,26.79,34.76,376046180.3309
2022-06-16 00:00:00+00:00,34.75,36.0,29.52,30.12,335024040.421
2022-06-17 00:00:00+00:00,30.12,32.19,29.26,30.71,195306060.2521
2022-06-18 00:00:00+00:00,30.72,32.06,27.15,32.02,275582397.1253
2022-06-19 00:00:00+00:00,32.01,35.4,28.68,34.19,294048592.2679
2022-06-20 00:00:00+00:00,34.19,36.9,31.73,35.24,281820809.8979
2022-06-21 00:00:00+00:00,35.25,39.19,34.2,36.42,275003273.0888
2022-06-22 00:00:00+00:00,36.42,36.87,33.65,34.12,227729988.5166
2022-06-23 00:00:00+00:00,34.13,38.65,33.91,38.15,257121431.1557
2022-06-24 00:00:00+00:00,38.15,42.92,37.67,41.91,263461013.4666
2022-06-25 00:00:00+00:00,41.91,42.64,39.73,42.22,177460350.6068
2022-06-26 00:00:00+00:00,42.22,42.49,39.14,39.39,164663443.9117
2022-06-27 00:00:00+00:00,39.39,41.25,37.9,38.52,164427982.2266
2022-06-28 00:00:00+00:00,38.5,39.9,35.02,35.35,209748465.2987
2022-06-29 00:00:00+00:00,35.34,36.12,33.1,34.05,199587272.3007
2022-06-30 00:00:00+00:00,34.06,34.2,30.92,33.76,171919474.3534
2022-07-01 00:00:00+00:00,33.76,35.4,31.82,32.84,204979216.4937
2022-07-02 00:00:00+00:00,32.85,34.14,31.87,33.36,90108872.2628
2022-07-03 00:00:00+00:00,33.36,33.77,32.14,33.39,78904888.1308
2022-07-04 00:00:00+00:00,33.4,36.94,32.45,36.71,140036013.5678
2022-07-05 00:00:00+00:00,36.71,36.99,33.03,35.4,213296068.6633
2022-07-06 00:00:00+00:00,35.41,37.65,34.8,37.04,190911989.1768
2022-07-07 00:00:00+00:00,37.04,39.29,36.39,38.46,154787628.7583
2022-07-08 00:00:00+00:00,38.46,39.72,36.46,38.12,200786736.7789
2022-07-09 00:00:00+00:00,38.12,38.95,37.77,38.06,80090467.8886
2022-07-10 00:00:00+00:00,38.06,38.14,36.26,36.71,80772185.7284
2022-07-11 00:00:00+00:00,36.71,36.73,33.24,33.42,102666563.3043
2022-07-12 00:00:00+00:00,33.42,34.61,32.6,32.68,107886665.716
2022-07-13 00:00:00+00:00,32.69,35.08,31.82,34.94,159907054.0099
2022-07-14 00:00:00+00:00,34.94,37.31,33.58,37.15,183611446.5667
2022-07-15 00:00:00+00:00,37.14,39.1,36.49,37.36,167467008.2313
2022-07-16 00:00:00+00:00,37.36,40.41,36.35,39.58,152184601.3786
2022-07-17 00:00:00+00:00,39.59,41.09,38.29,38.62,150590859.7178
2022-07-18 00:00:00+00:00,38.61,44.07,38.55,43.52,261136738.344
2022-07-19 00:00:00+00:00,43.52,47.36,42.54,44.87,355431156.7672
2022-07-20 00:00:00+00:00,44.87,46.3,41.24,42.04,282469604.681
2022-07-21 00:00:00+00:00,42.03,44.24,39.64,43.11,256606729.2511
2022-07-22 00:00:00+00:00,43.1,44.33,40.03,40.54,190642884.6141
2022-07-23 00:00:00+00:00,40.54,41.91,38.6,39.97,137541597.5661
2022-07-24 00:00:00+00:00,39.97,42.1,39.47,40.93,135780064.9887
2022-07-25 00:00:00+00:00,40.93,41.09,36.56,36.65,163307551.8679
2022-07-26 00:00:00+00:00,36.66,36.84,34.67,36.25,160614557.475
2022-07-27 00:00:00+00:00,36.26,40.55,35.68,40.23,223453249.4009
2022-07-28 00:00:00+00:00,40.23,44.15,39.03,42.91,276873228.499
2022-07-29 00:00:00+00:00,42.92,44.42,41.13,41.91,210837990.9007
2022-07-30 00:00:00+00:00,41.92,46.65,41.41,43.84,237288804.5691
2022-07-31 00:00:00+00:00,43.84,45.21,42.22,42.35,143781304.3512
2022-08-01 00:00:00+00:00,42.34,43.26,40.57,41.65,139083404.4631
2022-08-02 00:00:00+00:00,41.65,42.45,39.5,39.79,147271230.043
2022-08-03 00:00:00+00:00,39.78,40.99,37.43,38.54,328867086.3493
2022-08-04 00:00:00+00:00,38.54,39.85,37.96,38.83,161519760.4173
2022-08-05 00:00:00+00:00,38.83,41.33,38.71,40.55,140932183.6564
2022-08-06 00:00:00+00:00,40.55,40.89,39.85,40.07,64746156.3028
2022-08-07 00:00:00+00:00,40.07,41.57,39.21,40.6,70500121.0893
2022-08-08 00:00:00+00:00,40.6,43.71,40.55,42.18,162376505.9103
2022-08-09 00:00:00+00:00,42.17,42.76,39.73,40.33,116602997.6823
2022-08-10 00:00:00+00:00,40.34,42.87,39.15,42.47,183638736.4122
2022-08-11 00:00:00+00:00,42.47,45.32,42.34,42.77,255477156.2086
2022-08-12 00:00:00+00:00,42.78,45.49,42.12,45.48,147076807.7503
2022-08-13 00:00:00+00:00,45.49,48.38,45.27,46.6,221163601.1316
2022-08-14 00:00:00+00:00,46.59,48.06,44.46,44.87,160581257.1123
2022-08-15 00:00:00+00:00,44.86,47.24,42.75,43.72,184631369.5405
2022-08-16 00:00:00+00:00,43.72,44.31,42.53,43.08,156167066.4442
2022-08-17 00:00:00+00:00,43.08,44.75,40.18,40.54,177306555.0919
2022-08-18 00:00:00+00:00,40.54,41.67,39.31,39.52,115649126.7058
2022-08-19 00:00:00+00:00,39.51,39.59,35.25,35.81,229665906.5356
2022-08-20 00:00:00+00:00,35.82,37.27,34.21,35.28,139348419.6454
2022-08-21 00:00:00+00:00,35.28,37.09,34.51,36.47,114371070.7415
2022-08-22 00:00:00+00:00,36.48,36.56,33.73,35.41,130553965.0561
2022-08-23 00:00:00+00:00,35.42,36.11,34.24,35.68,96791702.1244
2022-08-24 00:00:00+00:00,35.69,36.4,34.31,34.89,91505106.8965
2022-08-25 00:00:00+00:00,34.9,36.49,34.87,35.27,88431667.9552
2022-08-26 00:00:00+00:00,35.26,35.79,31.36,31.72,178600552.0664
2022-08-27 00:00:00+00:00,31.72,32.25,30.86,31.53,95536331.7927
2022-08-28 00:00:00+00:00,31.53,32.21,30.19,30.44,70747826.5421
2022-08-29 00:00:00+00:00,30.43,32.64,30.0,32.42,117286548.9862
2022-08-30 00:00:00+00:00,32.42,33.16,30.64,31.47,110580073.7036
2022-08-31 00:00:00+00:00,31.47,32.95,31.18,31.5,87063572.749
2022-09-01 00:00:00+00:00,31.49,31.79,30.44,31.61,71765182.3355
2022-09-02 00:00:00+00:00,31.61,32.38,30.76,31.23,73632569.0037
2022-09-03 00:00:00+00:00,31.23,31.29,30.8,31.12,24037613.0527
2022-09-04 00:00:00+00:00,31.11,32.2,31.02,32.16,41253531.369
2022-09-05 00:00:00+00:00,32.17,32.5,31.15,32.18,49170515.5549
2022-09-06 00:00:00+00:00,32.17,33.9,30.44,30.88,150579456.2478
2022-09-07 00:00:00+00:00,30.88,32.94,30.31,32.69,79529365.9434
2022-09-08 00:00:00+00:00,32.7,33.98,31.97,33.61,100808683.4772
2022-09-09 00:00:00+00:00,33.62,35.96,33.59,34.67,131064314.68
2022-09-10 00:00:00+00:00,34.68,35.41,34.27,35.03,68775341.7172
2022-09-11 00:00:00+00:00,35.04,36.0,34.04,34.99,70012318.6021
2022-09-12 00:00:00+00:00,34.99,38.39,34.4,37.44,191408166.7532
2022-09-13 00:00:00+00:00,37.44,39.01,32.93,33.0,232055941.6584
2022-09-14 00:00:00+00:00,33.0,34.35,32.67,34.12,105993547.5424
2022-09-15 00:00:00+00:00,34.12,34.84,32.42,33.07,124035458.2519
2022-09-16 00:00:00+00:00,33.08,33.26,31.5,32.25,70677122.3721
2022-09-17 00:00:00+00:00,32.25,33.89,32.23,33.68,46775450.87
2022-09-18 00:00:00+00:00,33.69,33.99,30.86,31.1,74834816.7651
2022-09-19 00:00:00+00:00,31.1,33.08,30.5,32.62,110989466.1614
2022-09-20 00:00:00+00:00,32.63,32.88,31.29,31.41,82122176.3544
2022-09-21 00:00:00+00:00,31.42,33.48,30.01,30.65,144523070.5697
2022-09-22 00:00:00+00:00,30.65,32.87,30.59,32.43,94798520.6756
2022-09-23 00:00:00+00:00,32.43,33.98,31.2,33.66,112813259.8629
2022-09-24 00:00:00+00:00,33.67,34.79,33.14,33.38,105295309.9683
2022-09-25 00:00:00+00:00,33.39,34.05,31.87,32.34,60952435.2227
2022-09-26 00:00:00+00:00,32.33,33.95,31.87,33.88,108235930.2297
2022-09-27 00:00:00+00:00,33.89,35.41,32.08,32.69,149901959.8887
2022-09-28 00:00:00+00:00,32.68,33.81,31.65,33.22,101111027.1956
2022-09-29 00:00:00+00:00,33.23,34.42,32.65,33.93,92013851.0166
2022-09-30 00:00:00+00:00,33.94,35.22,32.62,33.25,145450985.037
2022-10-01 00:00:00+00:00,33.25,33.25,32.34,32.44,47925215.8558
2022-10-02 00:00:00+00:00,32.44,33.0,31.9,32.06,47873022.1239
2022-10-03 00:00:00+00:00,32.06,33.27,31.73,32.89,61796987.1633
2022-10-04 00:00:00+00:00,32.9,34.4,32.84,34.09,65903648.5851
2022-10-05 00:00:00+00:00,34.1,34.37,33.18,34.04,60090464.2879
2022-10-06 00:00:00+00:00,34.04,34.5,33.23,33.36,61090995.6879
2022-10-07 00:00:00+00:00,33.35,33.76,32.43,32.98,64927457.4639
2022-10-08 00:00:00+00:00,32.98,33.08,32.35,32.58,25764335.1662
2022-10-09 00:00:00+00:00,32.57,33.14,32.44,32.92,28997559.5829
2022-10-10 00:00:00+00:00,32.92,33.46,31.88,31.96,50718925.4625
2022-10-11 00:00:00+00:00,31.95,31.96,30.42,30.8,60351311.8529
2022-10-12 00:00:00+00:00,30.8,31.55,30.67,31.16,32646321.7327
2022-10-13 00:00:00+00:00,31.15,31.21,27.87,30.49,129678785.4251
2022-10-14 00:00:00+00:00,30.48,31.98,29.62,30.0,73979072.9324
2022-10-15 00:00:00+00:00,30.0,30.2,29.42,29.59,30157685.2855
2022-10-16 00:00:00+00:00,29.59,30.53,29.56,30.17,28064981.6304
2022-10-17 00:00:00+00:00,30.16,31.29,29.84,31.21,51999174.8099
2022-10-18 00:00:00+00:00,31.22,31.48,29.73,30.15,60139490.4005
2022-10-19 00:00:00+00:00,30.14,30.26,28.61,28.86,50923897.9696
2022-10-20 00:00:00+00:00,28.86,29.47,27.98,28.01,68526396.5981
2022-10-21 00:00:00+00:00,28.01,28.28,26.84,28.1,88781181.5634
2022-10-22 00:00:00+00:00,28.1,28.22,27.48,28.01,37199974.65
2022-10-23 00:00:00+00:00,28.01,29.44,27.73,29.28,61344404.57
2022-10-24 00:00:00+00:00,29.28,29.5,28.16,28.3,72407568.2489
2022-10-25 00:00:00+00:00,28.31,32.31,28.05,30.86,133430123.8296
2022-10-26 00:00:00+00:00,30.87,32.17,30.63,31.29,122340982.6768
2022-10-27 00:00:00+00:00,31.29,32.36,30.41,30.58,113361840.8967
2022-10-28 00:00:00+00:00,30.6,32.54,30.11,32.07,94457060.5072
2022-10-29 00:00:00+00:00,32.06,33.84,31.85,32.87,109586845.3865
2022-10-30 00:00:00+00:00,32.87,33.54,31.93,32.94,64151562.7928
2022-10-31 00:00:00+00:00,32.93,34.39,32.2,32.56,102302329.1078
2022-11-01 00:00:00+00:00,32.57,33.39,32.15,32.2,65891304.4398
2022-11-02 00:00:00+00:00,32.2,32.95,30.24,30.8,107898622.3516
2022-11-03 00:00:00+00:00,30.81,32.25,30.61,30.85,72414161.3203
2022-11-04 00:00:00+00:00,30.86,34.2,30.66,33.74,134935951.6667
2022-11-05 00:00:00+00:00,33.73,38.79,33.66,36.9,272433712.0872
2022-11-06 00:00:00+00:00,36.9,37.06,32.31,32.62,164782709.5099
2022-11-07 00:00:00+00:00,32.61,33.13,28.0,29.62,308389485.1667
2022-11-08 00:00:00+00:00,29.62,31.72,19.8,24.38,745105277.800207
2022-11-09 00:00:00+00:00,24.38,24.38,12.37,14.08,604959490.742503
2022-11-10 00:00:00+00:00,14.08,18.87,13.14,17.66,494275918.8863
2022-11-11 00:00:00+00:00,17.65,18.31,15.1,16.45,283397692.0683
2022-11-12 00:00:00+00:00,16.46,16.53,14.47,14.58,106603740.9743
2022-11-13 00:00:00+00:00,14.58,14.74,13.02,13.18,106360669.2869
2022-11-14 00:00:00+00:00,13.18,15.01,12.07,14.0,171237609.7191
2022-11-15 00:00:00+00:00,14.0,15.1,13.82,14.32,110580868.7186
2022-11-16 00:00:00+00:00,14.32,14.64,13.64,14.27,58349495.4387
2022-11-17 00:00:00+00:00,14.27,14.5,12.93,13.65,90166530.5767
2022-11-18 00:00:00+00:00,13.65,13.89,13.0,13.27,39653187.5079
2022-11-19 00:00:00+00:00,13.28,13.28,12.58,12.84,37459974.3927
2022-11-20 00:00:00+00:00,12.84,13.58,12.1,12.27,61291532.9701
2022-11-21 00:00:00+00:00,12.26,12.29,11.27,11.83,58064656.239262
2022-11-22 00:00:00+00:00,11.83,12.5,10.94,12.44,64284791.2958
2022-11-23 00:00:00+00:00,12.43,14.5,12.4,14.36,105011604.6065
2022-11-24 00:00:00+00:00,14.36,14.96,13.84,14.59,68013704.6707
2022-11-25 00:00:00+00:00,14.6,14.61,13.91,14.03,39918747.0179
2022-11-26 00:00:00+00:00,14.03,14.98,13.97,14.17,42001304.9539
2022-11-27 00:00:00+00:00,14.17,14.45,14.05,14.12,29472967.3289
2022-11-28 00:00:00+00:00,14.11,14.17,12.78,13.32,63044912.9796
2022-11-29 00:00:00+00:00,13.33,13.96,13.14,13.34,35266841.3659
2022-11-30 00:00:00+00:00,13.35,14.32,13.21,14.16,49268922.7456
2022-12-01 00:00:00+00:00,14.17,14.19,13.4,13.51,35283701.8709
2022-12-02 00:00:00+00:00,13.51,13.84,13.33,13.71,38880254.2555
2022-12-03 00:00:00+00:00,13.71,13.77,13.2,13.29,26510419.9808
2022-12-04 00:00:00+00:00,13.29,13.75,13.27,13.71,24011576.8554
2022-12-05 00:00:00+00:00,13.71,14.17,13.58,13.82,55137018.0152
2022-12-06 00:00:00+00:00,13.82,14.38,13.81,14.3,46177390.4947
2022-12-07 00:00:00+00:00,14.3,14.34,13.39,13.49,36316567.7892
2022-12-08 00:00:00+00:00,13.49,13.77,13.27,13.69,29973338.0257
2022-12-09 00:00:00+00:00,13.69,14.02,13.51,13.59,35741987.3066
2022-12-10 00:00:00+00:00,13.58,13.73,13.54,13.58,12943087.0124
2022-12-11 00:00:00+00:00,13.58,13.8,13.39,13.42,16488172.7352
2022-12-12 00:00:00+00:00,13.42,13.5,12.82,13.31,34795876.6935
2022-12-13 00:00:00+00:00,13.31,14.15,12.76,13.89,53647953.5915
2022-12-14 00:00:00+00:00,13.9,14.96,13.81,14.12,73011670.0454
2022-12-15 00:00:00+00:00,14.12,14.52,13.86,14.04,38233174.5311
2022-12-16 00:00:00+00:00,14.05,14.17,12.0,12.25,59074303.446
2022-12-17 00:00:00+00:00,12.25,12.6,11.92,12.51,30275875.4776
2022-12-18 00:00:00+00:00,12.5,12.6,12.25,12.38,16889762.1124
2022-12-19 00:00:00+00:00,12.38,12.59,11.66,11.94,29005256.2365
2022-12-20 00:00:00+00:00,11.94,12.49,11.84,12.26,20852720.2713
2022-12-21 00:00:00+00:00,12.26,12.29,11.9,12.14,18693850.6327
2022-12-22 00:00:00+00:00,12.14,12.19,11.67,11.82,21542776.7838
2022-12-23 00:00:00+00:00,11.81,12.11,11.72,11.78,19580748.0832
2022-12-24 00:00:00+00:00,11.79,11.79,11.07,11.45,26033045.1144
2022-12-25 00:00:00+00:00,11.45,11.56,11.24,11.38,10444203.1737
2022-12-26 00:00:00+00:00,11.39,11.49,11.06,11.32,18177914.3844
2022-12-27 00:00:00+00:00,11.33,11.44,10.71,11.09,33580524.4483
2022-12-28 00:00:00+00:00,11.1,11.12,9.39,9.76,73951659.2539
2022-12-29 00:00:00+00:00,9.76,10.89,8.0,9.64,110705885.85642
2022-12-30 00:00:00+00:00,9.64,10.26,9.0,9.9,121032784.4865
2022-12-31 00:00:00+00:00,9.91,10.2,9.66,9.97,36021998.1605
2023-01-01 00:00:00+00:00,9.97,10.09,9.69,9.99,22677368.606
2023-01-02 00:00:00+00:00,9.99,12.0,9.81,11.28,84247394.8021
2023-01-03 00:00:00+00:00,11.28,13.91,11.0,13.37,187865593.433
2023-01-04 00:00:00+00:00,13.37,14.24,12.83,13.43,171471280.1082
2023-01-05 00:00:00+00:00,13.43,13.89,12.95,13.43,77737743.1028
2023-01-06 00:00:00+00:00,13.43,13.6,12.69,13.5,71212454.9079
2023-01-07 00:00:00+00:00,13.51,13.51,13.01,13.1,25243947.5092
2023-01-08 00:00:00+00:00,13.1,14.89,12.85,14.45,86019750.9483
2023-01-09 00:00:00+00:00,14.46,17.5,14.28,16.25,316363880.1986
2023-01-10 00:00:00+00:00,16.25,16.73,15.57,16.2,137351433.7181
2023-01-11 00:00:00+00:00,16.2,16.67,15.28,16.36,106146574.4196
2023-01-12 00:00:00+00:00,16.37,17.0,15.54,16.59,156910911.0103
2023-01-13 00:00:00+00:00,16.59,18.65,16.29,18.29,188439640.5455
2023-01-14 00:00:00+00:00,18.29,24.75,18.2,24.24,582130895.5072
2023-01-15 00:00:00+00:00,24.23,25.0,21.98,22.89,260922697.1761
2023-01-16 00:00:00+00:00,22.9,25.0,22.3,23.58,236275598.1671
2023-01-17 00:00:00+00:00,23.58,23.95,22.7,22.86,141744206.6662
2023-01-18 00:00:00+00:00,22.86,23.65,20.34,20.79,249548184.959
2023-01-19 00:00:00+00:00,20.78,21.88,20.41,21.4,129469309.5297
2023-01-20 00:00:00+00:00,21.4,25.82,20.93,25.51,224450465.311
2023-01-21 00:00:00+00:00,25.51,26.6,24.24,24.57,323053489.4484
2023-01-22 00:00:00+00:00,24.56,25.45,23.5,24.21,161129672.5073
2023-01-23 00:00:00+00:00,24.21,24.93,23.7,24.33,148819700.0186
2023-01-24 00:00:00+00:00,24.32,25.24,22.25,22.78,147893897.2001
2023-01-25 00:00:00+00:00,22.77,25.43,22.24,24.52,197305373.3786
2023-01-26 00:00:00+00:00,24.53,25.23,23.73,24.33,133760026.4129
2023-01-27 00:00:00+00:00,24.33,24.96,23.27,24.43,113487754.4239
2023-01-28 00:00:00+00:00,24.43,25.24,23.7,24.0,82088985.9207
2023-01-29 00:00:00+00:00,24.0,26.8,23.73,26.07,198403773.4859
2023-01-30 00:00:00+00:00,26.07,26.31,23.11,23.96,184489313.7033
2023-01-31 00:00:00+00:00,23.97,24.47,23.49,23.92,97470696.9435
2023-02-01 00:00:00+00:00,23.93,25.22,22.48,25.0,173855967.4862
2023-02-02 00:00:00+00:00,25.0,26.15,24.05,24.32,182296022.6084
2023-02-03 00:00:00+00:00,24.32,25.07,24.01,24.69,116686417.1035
2023-02-04 00:00:00+00:00,24.69,24.95,24.17,24.34,50018630.8464
2023-02-05 00:00:00+00:00,24.34,24.46,23.02,23.47,114325096.5203
2023-02-06 00:00:00+00:00,23.46,23.72,22.45,22.66,83162189.8951
2023-02-07 00:00:00+00:00,22.65,23.96,22.54,23.82,113919835.6398
2023-02-08 00:00:00+00:00,23.82,24.24,22.8,23.22,93320916.9079
2023-02-09 00:00:00+00:00,23.21,23.35,20.0,20.48,140853126.4038
2023-02-10 00:00:00+00:00,20.48,21.2,19.68,20.11,114043614.2483
2023-02-11 00:00:00+00:00,20.1,20.92,20.1,20.81,37966292.1576
2023-02-12 00:00:00+00:00,20.81,22.59,20.62,21.49,99659665.35
2023-02-13 00:00:00+00:00,21.49,21.61,19.73,20.77,137841810.9737
2023-02-14 00:00:00+00:00,20.77,22.37,20.66,21.84,164389151.8082
2023-02-15 00:00:00+00:00,21.84,23.99,21.45,23.86,126682730.283
2023-02-16 00:00:00+00:00,23.86,24.2,22.2,22.24,160295399.2841
2023-02-17 00:00:00+00:00,22.24,23.54,21.99,23.14,103726111.0098
2023-02-18 00:00:00+00:00,23.14,23.94,22.92,23.45,61949018.6979
2023-02-19 00:00:00+00:00,23.46,25.64,23.2,24.84,203680508.218
2023-02-20 00:00:00+00:00,24.83,27.12,24.11,26.26,267714765.3583
2023-02-21 00:00:00+00:00,26.26,26.61,24.5,24.98,170844057.6607
2023-02-22 00:00:00+00:00,24.98,25.24,23.21,24.16,171234545.1979
2023-02-23 00:00:00+00:00,24.16,24.69,23.6,23.91,105959747.4924
2023-02-24 00:00:00+00:00,23.91,24.13,22.46,23.07,113551145.864
2023-02-25 00:00:00+00:00,23.07,23.33,21.41,22.37,101747626.2334
2023-02-26 00:00:00+00:00,22.37,23.53,22.21,23.25,64558477.8948
2023-02-27 00:00:00+00:00,23.25,23.41,22.32,22.68,83962050.3112
2023-02-28 00:00:00+00:00,22.68,22.75,21.75,21.89,51071590.7125
2023-03-01 00:00:00+00:00,21.88,22.91,21.65,22.51,54847196.6386
2023-03-02 00:00:00+00:00,22.5,22.65,21.67,22.0,49073754.3441
2023-03-03 00:00:00+00:00,22.0,22.02,20.34,21.42,76486305.9361
2023-03-04 00:00:00+00:00,21.42,21.62,20.2,20.98,36745274.1578
2023-03-05 00:00:00+00:00,20.98,21.72,20.84,20.97,36815880.4825
2023-03-06 00:00:00+00:00,20.98,21.19,20.47,20.63,46081041.9169
2023-03-07 00:00:00+00:00,20.62,20.95,19.71,20.25,63162152.5823
2023-03-08 00:00:00+00:00,20.25,20.39,18.1,18.41,111198944.9338
2023-03-09 00:00:00+00:00,18.41,18.78,16.69,17.33,139985823.0474
2023-03-10 00:00:00+00:00,17.34,18.36,16.0,18.17,163280019.6269
2023-03-11 00:00:00+00:00,18.17,18.89,16.94,18.07,117330612.9782
2023-03-12 00:00:00+00:00,18.07,20.53,17.71,20.2,123325702.2025
2023-03-13 00:00:00+00:00,20.19,21.47,18.87,20.4,213837675.7817
2023-03-14 00:00:00+00:00,20.4,22.12,19.75,20.86,206265491.743
2023-03-15 00:00:00+00:00,20.86,21.46,18.7,19.24,152873436.1115
2023-03-16 00:00:00+00:00,19.25,19.9,18.88,19.67,85218944.7111
2023-03-17 00:00:00+00:00,19.67,21.69,19.42,21.6,119477590.3191
2023-03-18 00:00:00+00:00,21.6,22.94,21.05,21.2,163869083.7443
2023-03-19 00:00:00+00:00,21.2,22.43,21.19,21.86,93875263.5697
2023-03-20 00:00:00+00:00,21.86,23.91,21.35,22.13,229184068.5418
2023-03-21 00:00:00+00:00,22.13,23.33,21.51,22.53,147281635.2492
2023-03-22 00:00:00+00:00,22.52,23.09,20.93,21.42,190178186.1945
2023-03-23 00:00:00+00:00,21.41,22.95,21.08,22.16,110887607.2172
2023-03-24 00:00:00+00:00,22.16,22.27,20.26,20.66,105444805.2465
2023-03-25 00:00:00+00:00,20.66,20.98,20.09,20.41,48126751.7977
2023-03-26 00:00:00+00:00,20.4,21.14,20.29,20.94,38525107.7875
2023-03-27 00:00:00+00:00,20.94,20.99,19.33,19.91,71424696.4961
2023-03-28 00:00:00+00:00,19.91,20.88,19.6,20.45,66838750.3537
2023-03-29 00:00:00+00:00,20.45,21.56,20.43,21.1,71294760.149
2023-03-30 00:00:00+00:00,21.1,21.67,20.16,20.55,90293720.9049
2023-03-31 00:00:00+00:00,20.55,21.49,20.04,21.16,66841059.7936
2023-04-01 00:00:00+00:00,21.15,21.34,20.74,21.08,38378008.2739
2023-04-02 00:00:00+00:00,21.07,21.3,20.23,20.52,37792706.5648
2023-04-03 00:00:00+00:00,20.52,20.99,19.94,20.45,81293742.0618
2023-04-04 00:00:00+00:00,20.45,21.26,20.28,20.92,52336172.1135
2023-04-05 00:00:00+00:00,20.91,21.34,20.58,20.97,54699560.3752
2023-04-06 00:00:00+00:00,20.96,20.99,20.43,20.62,34623160.801
2023-04-07 00:00:00+00:00,20.62,20.78,20.22,20.44,24962530.9341
2023-04-08 00:00:00+00:00,20.44,20.74,19.85,20.04,32613603.6507
2023-04-09 00:00:00+00:00,20.04,20.44,19.87,20.28,21204993.0137
2023-04-10 00:00:00+00:00,20.29,20.95,20.08,20.89,33082258.5347
2023-04-11 00:00:00+00:00,20.89,23.68,20.82,22.98,187821252.6031
2023-04-12 00:00:00+00:00,22.99,24.48,22.29,23.8,245273383.4527
2023-04-13 00:00:00+00:00,23.81,25.3,23.63,24.43,148267011.9938
2023-04-14 00:00:00+00:00,24.43,25.49,23.73,24.71,158987936.1012
2023-04-15 00:00:00+00:00,24.72,24.8,23.81,24.05,69401166.774
2023-04-16 00:00:00+00:00,24.05,25.49,23.81,25.34,85696287.3758
2023-04-17 00:00:00+00:00,25.34,26.0,24.28,24.58,141638685.5921
2023-04-18 00:00:00+00:00,24.57,25.44,24.0,24.82,86340721.1576
2023-04-19 00:00:00+00:00,24.82,24.98,21.71,22.66,154611702.9451
2023-04-20 00:00:00+00:00,22.66,23.18,21.59,22.2,122984399.7062
2023-04-21 00:00:00+00:00,22.19,22.41,21.0,21.25,91117869.2633
2023-04-22 00:00:00+00:00,21.26,21.99,21.05,21.79,39509360.2929
2023-04-23 00:00:00+00:00,21.79,22.25,20.91,21.47,59657685.9679
2023-04-24 00:00:00+00:00,21.47,22.02,21.0,21.38,67118302.581
2023-04-25 00:00:00+00:00,21.39,21.97,20.73,21.93,70038971.4649
2023-04-26 00:00:00+00:00,21.94,22.97,20.36,21.28,145622482.2452
2023-04-27 00:00:00+00:00,21.28,22.52,21.18,22.33,103151347.5371
2023-04-28 00:00:00+00:00,22.34,23.5,22.16,23.34,101037207.0132
2023-04-29 00:00:00+00:00,23.34,23.89,22.9,23.19,74573317.0256
2023-04-30 00:00:00+00:00,23.18,23.99,22.69,22.74,72653365.1858
2023-05-01 00:00:00+00:00,22.73,22.88,21.54,21.96,83028090.5666
2023-05-02 00:00:00+00:00,21.95,22.38,21.75,22.25,56694549.2913
2023-05-03 00:00:00+00:00,22.25,22.3,21.23,22.24,90683868.5326
2023-05-04 00:00:00+00:00,22.24,22.49,21.61,21.74,55794938.995
2023-05-05 00:00:00+00:00,21.74,23.07,21.56,22.82,81078034.571
2023-05-06 00:00:00+00:00,22.82,23.23,21.56,21.91,63556974.2493
2023-05-07 00:00:00+00:00,21.91,22.78,21.63,21.66,65622089.6294
2023-05-08 00:00:00+00:00,21.65,21.81,20.0,20.62,110323115.846
2023-05-09 00:00:00+00:00,20.63,21.0,20.4,20.65,49074673.718
2023-05-10 00:00:00+00:00,20.66,21.31,19.74,20.91,105186175.6784
2023-05-11 00:00:00+00:00,20.92,20.93,19.69,20.17,75301830.7803
2023-05-12 00:00:00+00:00,20.17,20.95,19.8,20.9,62576189.0804
2023-05-13 00:00:00+00:00,20.91,21.29,20.77,20.84,38541774.649
2023-05-14 00:00:00+00:00,20.83,21.28,20.62,20.93,32524042.8007
2023-05-15 00:00:00+00:00,20.93,21.52,20.6,20.99,60589521.0732
2023-05-16 00:00:00+00:00,20.98,21.13,20.43,20.67,56488107.1277
2023-05-17 00:00:00+00:00,20.68,21.23,20.42,21.06,54381219.574
2023-05-18 00:00:00+00:00,21.06,21.09,20.07,20.34,54122873.6492
2023-05-19 00:00:00+00:00,20.35,20.59,20.21,20.36,24774397.6472
2023-05-20 00:00:00+00:00,20.35,20.37,20.08,20.28,17331516.0412
2023-05-21 00:00:00+00:00,20.28,20.39,19.33,19.61,39399092.8894
2023-05-22 00:00:00+00:00,19.61,20.03,19.28,19.53,40435124.8665
2023-05-23 00:00:00+00:00,19.52,20.18,19.42,20.02,49125104.3996
2023-05-24 00:00:00+00:00,20.02,20.07,18.66,19.22,53714029.7822
2023-05-25 00:00:00+00:00,19.22,19.58,18.77,19.25,32636649.6644
2023-05-26 00:00:00+00:00,19.25,19.56,19.08,19.35,19995752.4831
2023-05-27 00:00:00+00:00,19.35,20.54,19.33,20.43,31175014.0542
2023-05-28 00:00:00+00:00,20.42,21.19,20.29,20.81,59442842.8656
2023-05-29 00:00:00+00:00,20.81,20.98,20.26,20.57,45832375.1958
2023-05-30 00:00:00+00:00,20.57,21.4,20.46,21.25,67259618.8489
2023-05-31 00:00:00+00:00,21.25,21.33,20.37,20.81,42487752.8681
2023-06-01 00:00:00+00:00,20.82,20.98,20.41,20.49,35827115.892
2023-06-02 00:00:00+00:00,20.49,21.37,20.3,21.26,43533850.4529
2023-06-03 00:00:00+00:00,21.26,21.35,20.95,21.19,23911838.3216
2023-06-04 00:00:00+00:00,21.19,22.3,21.03,21.82,61235931.7012
2023-06-05 00:00:00+00:00,21.83,22.06,19.03,20.0,128314404.5497
2023-06-06 00:00:00+00:00,20.01,20.7,19.23,20.38,87570026.4616
2023-06-07 00:00:00+00:00,20.38,20.53,18.5,18.64,74564492.2795
2023-06-08 00:00:00+00:00,18.64,19.11,18.23,18.89,49983556.2839
2023-06-09 00:00:00+00:00,18.88,19.37,17.11,17.4,86834563.3293
2023-06-10 00:00:00+00:00,17.4,17.43,12.8,15.61,257899669.9241
2023-06-11 00:00:00+00:00,15.61,16.18,15.11,15.55,94450259.4782
2023-06-12 00:00:00+00:00,15.55,15.69,14.74,15.19,79018834.5821
2023-06-13 00:00:00+00:00,15.19,16.0,14.76,15.04,73501068.0974
2023-06-14 00:00:00+00:00,15.03,15.37,14.06,14.48,59168861.0578
2023-06-15 00:00:00+00:00,14.49,15.08,14.18,14.77,68956600.1054
2023-06-16 00:00:00+00:00,14.78,15.47,14.38,15.31,42032019.3608
2023-06-17 00:00:00+00:00,15.32,16.12,15.16,15.64,39363071.3267
2023-06-18 00:00:00+00:00,15.65,15.84,15.28,15.45,24988841.2491
2023-06-19 00:00:00+00:00,15.45,16.14,15.34,16.1,29630700.9155
2023-06-20 00:00:00+00:00,16.1,16.69,15.73,16.64,48599821.6509
2023-06-21 00:00:00+00:00,16.65,17.4,16.54,17.23,70174971.8578
2023-06-22 00:00:00+00:00,17.23,17.75,16.57,16.62,60681208.2693
2023-06-23 00:00:00+00:00,16.62,17.53,16.16,17.13,81683374.9206
2023-06-24 00:00:00+00:00,17.14,17.53,16.37,16.64,49434893.8546
2023-06-25 00:00:00+00:00,16.64,17.38,16.57,16.96,46423157.9487
2023-06-26 00:00:00+00:00,16.96,17.12,15.89,16.27,50708531.8759
2023-06-27 00:00:00+00:00,16.27,16.93,16.13,16.63,48945681.0979
2023-06-28 00:00:00+00:00,16.63,16.65,15.6,15.97,65244690.9615
2023-06-29 00:00:00+00:00,15.98,18.28,15.87,17.99,138922032.3826
2023-06-30 00:00:00+00:00,18.0,20.03,17.01,18.86,213782011.5099
2023-07-01 00:00:00+00:00,18.85,19.0,17.9,18.7,64576714.604
2023-07-02 00:00:00+00:00,18.7,19.74,18.53,19.45,93143280.6398
2023-07-03 00:00:00+00:00,19.46,19.66,18.87,19.26,59024387.909
2023-07-04 00:00:00+00:00,19.25,19.94,19.06,19.13,60240000.1787
2023-07-05 00:00:00+00:00,19.14,19.53,18.32,19.0,45542827.1218
2023-07-06 00:00:00+00:00,18.99,21.0,18.82,19.61,191792798.087
2023-07-07 00:00:00+00:00,19.61,21.9,19.26,21.5,201924527.8472
2023-07-08 00:00:00+00:00,21.51,22.5,21.32,21.81,141295328.4756
2023-07-09 00:00:00+00:00,21.82,22.38,20.99,21.32,83516230.0646
2023-07-10 00:00:00+00:00,21.32,21.81,20.47,21.3,119669352.0442
2023-07-11 00:00:00+00:00,21.3,22.37,21.2,22.07,101337891.1135
2023-07-12 00:00:00+00:00,22.06,22.8,21.74,21.94,135359662.4727
2023-07-13 00:00:00+00:00,21.93,26.82,21.42,26.01,395883099.3332
2023-07-14 00:00:00+00:00,26.01,32.13,25.23,26.67,548113747.1387
2023-07-15 00:00:00+00:00,26.67,29.12,26.45,27.46,308185912.933
2023-07-16 00:00:00+00:00,27.47,28.7,26.46,27.42,185949789.3068
2023-07-17 00:00:00+00:00,27.41,28.49,25.55,26.8,233808383.0853
2023-07-18 00:00:00+00:00,26.8,27.09,24.76,25.54,162539120.383
2023-07-19 00:00:00+00:00,25.54,26.99,25.35,26.31,130869739.9305
2023-07-20 00:00:00+00:00,26.31,27.38,25.03,25.38,130841441.1932
2023-07-21 00:00:00+00:00,25.38,26.0,25.06,25.5,83937045.0701
2023-07-22 00:00:00+00:00,25.51,25.97,24.0,24.52,60174223.5534
2023-07-23 00:00:00+00:00,24.52,25.26,24.15,24.76,57939891.7406
2023-07-24 00:00:00+00:00,24.76,24.83,22.89,23.37,95589118.3535
2023-07-25 00:00:00+00:00,23.36,23.6,22.73,23.27,58601388.8823
2023-07-26 00:00:00+00:00,23.28,25.68,23.17,25.17,148145864.3815
2023-07-27 00:00:00+00:00,25.18,25.65,24.66,25.1,105905173.1477
2023-07-28 00:00:00+00:00,25.1,25.56,24.54,24.82,68413824.7713
2023-07-29 00:00:00+00:00,24.82,25.39,24.75,25.17,44445373.719
2023-07-30 00:00:00+00:00,25.17,25.21,23.47,24.25,67970555.1828
2023-07-31 00:00:00+00:00,24.25,24.79,23.52,23.73,76731579.0872
2023-08-01 00:00:00+00:00,23.72,24.07,22.84,24.05,84313016.4271
2023-08-02 00:00:00+00:00,24.06,24.29,22.82,23.15,77670104.6778
2023-08-03 00:00:00+00:00,23.14,23.38,22.44,22.65,68128726.6414
2023-08-04 00:00:00+00:00,22.65,23.57,22.48,22.8,74192665.6663
2023-08-05 00:00:00+00:00,22.8,22.94,22.23,22.65,40302201.422
2023-08-06 00:00:00+00:00,22.66,23.48,22.58,23.2,61527018.5438
2023-08-07 00:00:00+00:00,23.2,23.67,22.27,23.12,75746901.1799
2023-08-08 00:00:00+00:00,23.11,24.79,23.02,24.22,111090298.3643
2023-08-09 00:00:00+00:00,24.22,24.99,24.1,24.38,94808230.4201
2023-08-10 00:00:00+00:00,24.39,24.89,24.13,24.62,62687048.1736
2023-08-11 00:00:00+00:00,24.63,24.93,24.34,24.62,59437169.2551
2023-08-12 00:00:00+00:00,24.63,25.24,24.4,24.91,44812274.9433
2023-08-13 00:00:00+00:00,24.91,24.95,24.21,24.23,49547712.2162
2023-08-14 00:00:00+00:00,24.22,25.3,24.06,25.18,72516463.8837
2023-08-15 00:00:00+00:00,25.19,25.42,23.74,23.9,94605194.4731
2023-08-16 00:00:00+00:00,23.91,24.03,22.36,22.82,100697586.3594
2023-08-17 00:00:00+00:00,22.82,23.43,20.0,21.66,140793386.6388
2023-08-18 00:00:00+00:00,21.67,22.2,20.9,21.34,84162797.6669
2023-08-19 00:00:00+00:00,21.34,22.18,21.29,21.9,36834078.2759
2023-08-20 00:00:00+00:00,21.89,22.04,21.57,21.77,22975768.0599
2023-08-21 00:00:00+00:00,21.78,21.79,20.3,21.2,55880117.1629
2023-08-22 00:00:00+00:00,21.2,21.26,19.35,20.59,74265939.7045
2023-08-23 00:00:00+00:00,20.59,21.82,20.33,21.74,78082936.8294
2023-08-24 00:00:00+00:00,21.74,22.02,20.67,21.06,58030701.1228
2023-08-25 00:00:00+00:00,21.05,21.06,20.09,20.42,47660754.9463
2023-08-26 00:00:00+00:00,20.42,20.44,20.19,20.29,15106443.2397
2023-08-27 00:00:00+00:00,20.28,20.92,20.24,20.79,22767336.9163
2023-08-28 00:00:00+00:00,20.79,20.8,20.03,20.56,33203550.06
2023-08-29 00:00:00+00:00,20.57,22.05,20.12,21.79,112370312.9134
2023-08-30 00:00:00+00:00,21.79,21.99,20.6,20.82,52276975.2441
2023-08-31 00:00:00+00:00,20.82,21.07,19.43,19.74,67332480.3367
2023-09-01 00:00:00+00:00,19.74,19.93,19.02,19.33,49096752.3059
2023-09-02 00:00:00+00:00,19.33,19.69,19.13,19.5,27635764.6698
2023-09-03 00:00:00+00:00,19.5,19.67,19.23,19.57,20100346.6546
2023-09-04 00:00:00+00:00,19.57,20.05,19.15,19.52,43282188.0348
2023-09-05 00:00:00+00:00,19.52,20.6,19.03,20.26,83331680.1958
2023-09-06 00:00:00+00:00,20.26,20.39,19.14,19.64,67450770.1299
2023-09-07 00:00:00+00:00,19.63,20.0,19.32,19.92,46704804.4122
2023-09-08 00:00:00+00:00,19.92,20.28,19.37,19.61,38871204.3314
2023-09-09 00:00:00+00:00,19.6,19.61,19.38,19.44,12603416.1473
2023-09-10 00:00:00+00:00,19.43,19.44,17.78,18.24,103500551.9531
2023-09-11 00:00:00+00:00,18.23,18.46,17.33,17.72,84740705.2826
2023-09-12 00:00:00+00:00,17.72,18.8,17.57,17.92,87276943.0381
2023-09-13 00:00:00+00:00,17.91,18.56,17.69,18.4,73823254.1175
2023-09-14 00:00:00+00:00,18.4,19.33,18.38,18.85,83152569.967
2023-09-15 00:00:00+00:00,18.85,19.5,18.55,19.14,39672434.6332
2023-09-16 00:00:00+00:00,19.15,19.46,18.86,19.12,27107934.4685
2023-09-17 00:00:00+00:00,19.12,19.14,18.63,18.81,20277133.883
2023-09-18 00:00:00+00:00,18.81,20.15,18.58,19.64,72857443.4693
2023-09-19 00:00:00+00:00,19.65,20.42,19.58,20.03,62239325.0748
2023-09-20 00:00:00+00:00,20.02,20.54,19.8,20.29,52138246.8347
2023-09-21 00:00:00+00:00,20.29,20.29,19.29,19.46,58335226.1091
2023-09-22 00:00:00+00:00,19.45,19.81,19.15,19.43,36258735.7943
2023-09-23 00:00:00+00:00,19.42,19.57,19.29,19.49,17455702.8811
2023-09-24 00:00:00+00:00,19.48,19.68,19.2,19.36,21286773.3658
2023-09-25 00:00:00+00:00,19.36,19.74,19.07,19.39,33180641.1587
2023-09-26 00:00:00+00:00,19.39,19.53,18.84,19.03,38045923.2588
2023-09-27 00:00:00+00:00,19.03,19.48,18.73,19.14,46717096.3049
2023-09-28 00:00:00+00:00,19.13,19.98,19.1,19.96,54608721.0076
2023-09-29 00:00:00+00:00,19.97,20.46,19.85,20.28,55001555.0016
2023-09-30 00:00:00+00:00,20.28,21.81,20.07,21.37,75104202.503
2023-10-01 00:00:00+00:00,21.37,24.5,21.13,23.87,147394194.9449
2023-10-02 00:00:00+00:00,23.88,24.8,22.9,23.37,151138394.8727
2023-10-03 00:00:00+00:00,23.38,24.77,23.21,23.6,141345651.82
2023-10-04 00:00:00+00:00,23.61,23.86,22.58,23.13,91358908.5365
2023-10-05 00:00:00+00:00,23.13,23.76,22.53,22.7,75895759.5138
2023-10-06 00:00:00+00:00,22.7,23.76,22.66,23.41,101516273.266
2023-10-07 00:00:00+00:00,23.41,24.21,23.08,23.3,69543092.1686
2023-10-08 00:00:00+00:00,23.29,23.64,23.06,23.22,45188043.053
2023-10-09 00:00:00+00:00,23.21,23.37,21.59,22.1,93745879.4345
2023-10-10 00:00:00+00:00,22.09,22.48,21.69,22.11,51580637.1773
2023-10-11 00:00:00+00:00,22.11,22.43,21.62,22.01,60337421.9816
2023-10-12 00:00:00+00:00,22.01,22.05,20.93,21.28,62502282.2977
2023-10-13 00:00:00+00:00,21.29,22.23,21.11,21.84,51985427.7056
2023-10-14 00:00:00+00:00,21.85,22.31,21.8,22.0,28705566.0171
2023-10-15 00:00:00+00:00,22.0,22.17,21.66,21.93,31890986.6125
2023-10-16 00:00:00+00:00,21.93,24.75,21.89,23.95,163524930.9762
2023-10-17 00:00:00+00:00,23.95,24.56,23.46,23.93,107191830.7672
2023-10-18 00:00:00+00:00,23.94,24.43,23.36,23.42,71109877.9128
2023-10-19 00:00:00+00:00,23.41,25.77,23.11,24.93,144450495.7131
2023-10-20 00:00:00+00:00,24.92,27.5,24.73,27.03,192705209.5561
2023-10-21 00:00:00+00:00,27.02,30.31,26.65,29.32,275425425.7736
2023-10-22 00:00:00+00:00,29.33,30.01,28.09,29.05,161191207.2513
2023-10-23 00:00:00+00:00,29.06,32.81,28.74,31.88,368359321.6522
2023-10-24 00:00:00+00:00,31.88,32.61,29.5,30.17,348657613.8056
2023-10-25 00:00:00+00:00,30.18,33.9,30.0,32.44,342328412.2615
2023-10-26 00:00:00+00:00,32.43,33.28,30.73,32.77,222596123.3402
2023-10-27 00:00:00+00:00,32.78,33.35,31.2,31.73,202864018.835
2023-10-28 00:00:00+00:00,31.73,32.51,31.35,31.63,82954765.4507
2023-10-29 00:00:00+00:00,31.62,33.19,31.27,32.83,113025329.7575
2023-10-30 00:00:00+00:00,32.83,35.35,32.28,34.94,260895757.8188
2023-10-31 00:00:00+00:00,34.94,38.62,34.82,38.4,337465622.3293
2023-11-01 00:00:00+00:00,38.41,46.9,37.81,41.15,804674930.0029
2023-11-02 00:00:00+00:00,41.16,44.57,38.65,40.23,615193542.0957
2023-11-03 00:00:00+00:00,40.24,40.26,37.98,39.45,402362618.1382
2023-11-04 00:00:00+00:00,39.45,42.72,39.0,42.41,307758388.5108
2023-11-05 00:00:00+00:00,42.41,42.85,40.1,41.15,170745448.0714
2023-11-06 00:00:00+00:00,41.16,42.2,39.66,42.16,197526734.9915
2023-11-07 00:00:00+00:00,42.16,44.78,40.08,42.93,372908004.0304
2023-11-08 00:00:00+00:00,42.93,43.88,42.25,43.13,197444613.609
2023-11-09 00:00:00+00:00,43.12,48.88,41.36,45.29,572434384.9024
2023-11-10 00:00:00+00:00,45.3,57.54,45.05,56.67,748150174.9656
2023-11-11 00:00:00+00:00,56.67,63.95,53.55,56.34,802941068.374
2023-11-12 00:00:00+00:00,56.36,61.86,54.5,56.28,593063677.35
2023-11-13 00:00:00+00:00,56.27,59.86,51.28,51.6,619757525.5514
2023-11-14 00:00:00+00:00,51.6,57.99,51.12,56.81,669746384.3861
2023-11-15 00:00:00+00:00,56.81,67.12,56.15,65.43,793157487.201
2023-11-16 00:00:00+00:00,65.43,68.2,56.31,57.8,873421967.7829
2023-11-17 00:00:00+00:00,57.81,60.57,54.1,58.51,691077611.1932
2023-11-18 00:00:00+00:00,58.52,59.37,54.7,58.56,423498344.4916
2023-11-19 00:00:00+00:00,58.56,62.1,56.61,61.1,420647369.4472
2023-11-20 00:00:00+00:00,61.1,61.33,56.0,56.57,419235822.3655
2023-11-21 00:00:00+00:00,56.57,57.4,51.23,51.65,586407080.0082
2023-11-22 00:00:00+00:00,51.65,58.94,51.43,57.56,437326650.2853
2023-11-23 00:00:00+00:00,57.55,59.63,56.14,56.51,284148025.1951
2023-11-24 00:00:00+00:00,56.52,58.79,56.2,56.86,224921680.8743
2023-11-25 00:00:00+00:00,56.86,59.82,55.7,58.82,239441357.6541
2023-11-26 00:00:00+00:00,58.81,59.04,56.12,57.57,178464407.2827
2023-11-27 00:00:00+00:00,57.57,58.09,53.47,55.06,255149638.2161
2023-11-28 00:00:00+00:00,55.06,58.65,53.94,58.18,318405563.2279
2023-11-29 00:00:00+00:00,58.18,61.78,57.72,59.31,452934119.5893
2023-11-30 00:00:00+00:00,59.31,61.7,58.75,59.3,275587046.658
2023-12-01 00:00:00+00:00,59.3,61.9,58.6,59.75,328236649.1286
2023-12-02 00:00:00+00:00,59.74,63.9,59.67,63.66,303922362.6854
2023-12-03 00:00:00+00:00,63.66,65.53,62.22,62.98,297939228.062
2023-12-04 00:00:00+00:00,62.99,65.25,59.75,61.64,480297269.4067
2023-12-05 00:00:00+00:00,61.63,62.6,59.11,61.03,365959805.8631
2023-12-06 00:00:00+00:00,61.04,66.68,61.03,61.85,708229617.1834
2023-12-07 00:00:00+00:00,61.85,69.37,61.64,67.74,693832168.8671
2023-12-08 00:00:00+00:00,67.74,75.3,67.74,74.94,813635345.247846
2023-12-09 00:00:00+00:00,74.93,77.78,71.5,72.3,661734151.0119
2023-12-10 00:00:00+00:00,72.31,74.89,70.67,74.87,429356414.6488
2023-12-11 00:00:00+00:00,74.88,75.0,64.18,70.25,901955694.2818
2023-12-12 00:00:00+00:00,70.24,72.42,65.75,68.6,541671172.2283
2023-12-13 00:00:00+00:00,68.6,72.6,63.67,70.62,559579173.0734
2023-12-14 00:00:00+00:00,70.62,76.24,68.18,75.68,543474285.6242
2023-12-15 00:00:00+00:00,75.68,79.5,72.13,72.51,673033918.0997
2023-12-16 00:00:00+00:00,72.51,77.22,71.18,73.72,410808269.5864
2023-12-17 00:00:00+00:00,73.71,75.05,70.36,70.87,372478234.0344
2023-12-18 00:00:00+00:00,70.85,75.46,67.0,74.42,509564447.4618
2023-12-19 00:00:00+00:00,74.41,76.37,71.78,73.0,452723595.9081
2023-12-20 00:00:00+00:00,73.0,84.14,72.96,82.21,844729188.4502
2023-12-21 00:00:00+00:00,82.22,95.54,81.03,93.84,1071627249.9601
2023-12-22 00:00:00+00:00,93.86,99.5,90.34,97.9,1142233209.1915
2023-12-23 00:00:00+00:00,97.91,110.0,92.8,107.88,834085981.572
2023-12-24 00:00:00+00:00,107.88,118.1,107.3,112.45,1381818060.2829
2023-12-25 00:00:00+00:00,112.45,126.36,107.92,120.91,1304701622.3238
2023-12-26 00:00:00+00:00,120.91,121.36,102.09,112.49,1381917663.7165
2023-12-27 00:00:00+00:00,112.48,115.3,104.58,106.91,984653333.0384
2023-12-28 00:00:00+00:00,106.92,109.66,97.14,101.8,1043685011.5619
2023-12-29 00:00:00+00:00,101.8,110.0,99.0,106.17,998024734.4306
2023-12-30 00:00:00+00:00,106.17,107.47,100.62,101.9,432370368.8049
2023-12-31 00:00:00+00:00,101.9,105.21,99.54,101.72,393154901.3442
2024-01-01 00:00:00+00:00,101.72,109.93,101.44,109.91,464763783.1089
2024-01-02 00:00:00+00:00,109.93,116.95,106.02,106.73,872701826.1161
2024-01-03 00:00:00+00:00,106.72,109.9,85.0,98.52,1229680872.7649
2024-01-04 00:00:00+00:00,98.52,108.15,96.6,104.91,737464117.3016
2024-01-05 00:00:00+00:00,104.91,105.48,95.23,99.94,670654588.264
2024-01-06 00:00:00+00:00,99.93,100.3,91.53,93.77,489617161.2686
2024-01-07 00:00:00+00:00,93.77,96.8,87.68,89.44,518106999.3883
2024-01-08 00:00:00+00:00,89.44,99.97,85.16,97.88,898941032.1847
2024-01-09 00:00:00+00:00,97.88,104.89,95.25,99.36,856996851.9727
2024-01-10 00:00:00+00:00,99.36,105.52,91.68,102.0,844272802.6054
2024-01-11 00:00:00+00:00,101.99,107.32,97.67,99.9,917867725.4233
2024-01-12 00:00:00+00:00,99.89,100.49,87.0,92.12,617727525.6966
2024-01-13 00:00:00+00:00,92.14,97.05,89.51,95.85,378014581.5299
2024-01-14 00:00:00+00:00,95.85,102.87,93.62,93.81,563898813.3397
2024-01-15 00:00:00+00:00,93.81,96.96,92.97,94.36,343222588.9155
2024-01-16 00:00:00+00:00,94.35,98.73,94.16,97.61,364626155.0271
2024-01-17 00:00:00+00:00,97.6,102.8,96.5,102.1,694509428.5928
2024-01-18 00:00:00+00:00,102.1,103.59,91.41,94.4,605242236.5343
2024-01-19 00:00:00+00:00,94.39,95.47,87.04,93.62,586831116.74
2024-01-20 00:00:00+00:00,93.62,94.27,90.2,92.88,258219863.8251
2024-01-21 00:00:00+00:00,92.88,93.93,90.79,91.09,186423090.0921
2024-01-22 00:00:00+00:00,91.08,91.9,82.06,83.84,613926823.3588
2024-01-23 00:00:00+00:00,83.84,86.0,79.0,84.35,677658028.8172
2024-01-24 00:00:00+00:00,84.36,89.47,83.3,88.77,522038046.019
2024-01-25 00:00:00+00:00,88.77,89.64,85.09,86.91,350394786.4719
2024-01-26 00:00:00+00:00,86.9,93.72,85.96,92.28,425941268.207
2024-01-27 00:00:00+00:00,92.29,94.5,90.68,94.28,253216534.3118
2024-01-28 00:00:00+00:00,94.27,99.44,93.31,95.98,541703113.8627
2024-01-29 00:00:00+00:00,95.99,101.98,95.06,101.68,569954869.7252
2024-01-30 00:00:00+00:00,101.67,106.49,100.95,101.4,726848061.3678
2024-01-31 00:00:00+00:00,101.4,102.73,95.9,96.96,859420024.3337
2024-02-01 00:00:00+00:00,96.96,98.11,93.11,97.81,627562058.6994
2024-02-02 00:00:00+00:00,97.81,102.57,97.39,100.58,548625813.6662
2024-02-03 00:00:00+00:00,100.57,101.24,96.53,97.96,274762025.0328
2024-02-04 00:00:00+00:00,97.95,98.59,95.08,95.49,282911440.8033
2024-02-05 00:00:00+00:00,95.48,98.7,94.11,95.66,375072768.1381
2024-02-06 00:00:00+00:00,95.66,97.88,92.88,96.88,408309176.2014
2024-02-07 00:00:00+00:00,96.87,101.58,94.62,101.14,446039059.9197
2024-02-08 00:00:00+00:00,101.14,104.98,100.51,102.76,521415121.7323
2024-02-09 00:00:00+00:00,102.77,109.13,102.76,106.94,705846559.5141
2024-02-10 00:00:00+00:00,106.94,110.86,106.86,109.01,429171975.2434
2024-02-11 00:00:00+00:00,109.01,110.67,107.24,107.46,300070898.8657
2024-02-12 00:00:00+00:00,107.46,112.22,103.4,111.64,665452212.1685
2024-02-13 00:00:00+00:00,111.65,115.15,108.25,112.48,631903077.7933
2024-02-14 00:00:00+00:00,112.49,118.69,110.61,116.97,563977441.6739
2024-02-15 00:00:00+00:00,116.97,118.39,111.51,113.5,567749563.9749
2024-02-16 00:00:00+00:00,113.5,114.25,107.94,110.33,438070793.2023
2024-02-17 00:00:00+00:00,110.32,111.08,105.0,108.92,314210779.8993
2024-02-18 00:00:00+00:00,108.92,114.04,107.51,112.24,343205223.4657
2024-02-19 00:00:00+00:00,112.25,114.87,110.75,111.53,422129836.0457
2024-02-20 00:00:00+00:00,111.53,112.11,103.0,108.31,614703000.8099
2024-02-21 00:00:00+00:00,108.32,108.4,100.23,105.03,493622986.4706
2024-02-22 00:00:00+00:00,105.04,107.1,101.53,101.76,408028903.1197
2024-02-23 00:00:00+00:00,101.75,103.1,98.64,99.9,359325149.9384
2024-02-24 00:00:00+00:00,99.91,104.85,98.48,104.01,237972991.0225
2024-02-25 00:00:00+00:00,104.02,104.43,102.0,103.47,202983222.2078
2024-02-26 00:00:00+00:00,103.47,110.89,100.29,109.9,570413289.4648
2024-02-27 00:00:00+00:00,109.9,112.3,105.29,108.36,679932921.2006
2024-02-28 00:00:00+00:00,108.35,119.06,106.85,119.03,1332835060.4958
2024-02-29 00:00:00+00:00,119.03,134.65,117.15,125.68,1758043857.4217
2024-03-01 00:00:00+00:00,125.68,137.8,125.61,129.43,1112504025.3327
2024-03-02 00:00:00+00:00,129.43,131.69,127.2,130.02,605833422.1776
2024-03-03 00:00:00+00:00,130.03,132.11,124.17,130.16,674383368.58
2024-03-04 00:00:00+00:00,130.16,134.95,127.35,133.27,1054037091.2205
2024-03-05 00:00:00+00:00,133.26,142.72,105.0,125.31,2212988765.0951
2024-03-06 00:00:00+00:00,125.31,134.95,120.0,130.79,1233993440.9801
2024-03-07 00:00:00+00:00,130.8,149.3,130.52,143.82,1553231320.4747
2024-03-08 00:00:00+00:00,143.82,152.64,142.0,144.79,1186459433.4229
2024-03-09 00:00:00+00:00,144.79,149.15,143.54,144.29,539026432.734
2024-03-10 00:00:00+00:00,144.3,148.5,140.43,144.39,651013489.9828
2024-03-11 00:00:00+00:00,144.39,150.2,136.49,148.83,1126194337.6658
2024-03-12 00:00:00+00:00,148.83,155.0,141.5,151.05,1337735992.299
2024-03-13 00:00:00+00:00,151.06,166.73,148.71,163.9,1188025236.9035
2024-03-14 00:00:00+00:00,163.9,178.5,159.2,176.65,1755161226.801
2024-03-15 00:00:00+00:00,176.65,188.98,164.5,183.95,3111253071.4139
2024-03-16 00:00:00+00:00,183.95,197.95,176.78,182.05,2445058679.4621
2024-03-17 00:00:00+00:00,182.05,205.2,178.55,201.86,2004364577.5184
2024-03-18 00:00:00+00:00,201.85,210.18,193.8,195.92,2344955653.1751
2024-03-19 00:00:00+00:00,195.92,198.68,166.0,169.82,3057454424.4943
2024-03-20 00:00:00+00:00,169.82,193.19,162.45,191.77,2168361320.8378
2024-03-21 00:00:00+00:00,191.76,195.68,175.84,179.46,1503728905.9272
2024-03-22 00:00:00+00:00,179.46,181.95,167.57,175.21,1071851931.7356
2024-03-23 00:00:00+00:00,175.21,179.0,170.38,172.65,614080772.8799
2024-03-24 00:00:00+00:00,172.65,186.78,171.25,183.88,633069986.073
2024-03-25 00:00:00+00:00,183.87,194.6,180.92,188.99,990571953.4972
2024-03-26 00:00:00+00:00,188.98,196.57,186.0,190.46,855869951.7265
2024-03-27 00:00:00+00:00,190.46,192.74,180.0,186.33,963119325.2371
2024-03-28 00:00:00+00:00,186.34,190.93,180.92,189.63,670716258.4836
2024-03-29 00:00:00+00:00,189.64,193.0,183.39,192.01,671638567.4255
2024-03-30 00:00:00+00:00,192.02,200.0,190.71,194.2,684129474.8723
2024-03-31 00:00:00+00:00,194.19,203.17,193.69,202.45,474008544.464
2024-04-01 00:00:00+00:00,202.45,204.46,186.87,192.24,898620905.5771
2024-04-02 00:00:00+00:00,192.24,192.24,175.92,181.53,1054470061.6503
2024-04-03 00:00:00+00:00,181.53,192.0,176.92,185.05,936613348.8762
2024-04-04 00:00:00+00:00,185.05,190.13,180.02,184.0,698792503.645
2024-04-05 00:00:00+00:00,184.0,185.07,167.84,174.37,873276254.3407
2024-04-06 00:00:00+00:00,174.37,179.89,173.54,178.68,467410701.0699
2024-04-07 00:00:00+00:00,178.69,182.71,176.85,179.52,402864467.6964
2024-04-08 00:00:00+00:00,179.51,184.68,175.25,180.68,666300708.1333
2024-04-09 00:00:00+00:00,180.68,180.9,169.11,172.42,595711370.2435
2024-04-10 00:00:00+00:00,172.41,175.5,162.28,173.31,789367464.6301
2024-04-11 00:00:00+00:00,173.3,176.32,170.07,172.37,651891318.369
2024-04-12 00:00:00+00:00,172.37,175.98,141.0,153.16,1093302149.2422
2024-04-13 00:00:00+00:00,153.16,155.0,116.0,138.47,2156725925.997
2024-04-14 00:00:00+00:00,138.47,152.84,130.45,151.25,1742133326.178
2024-04-15 00:00:00+00:00,151.26,156.06,133.56,138.51,1359049188.7721
2024-04-16 00:00:00+00:00,138.51,140.57,126.4,136.22,1308017674.4311
2024-04-17 00:00:00+00:00,136.21,142.77,126.87,131.84,1287664513.08
2024-04-18 00:00:00+00:00,131.84,144.25,127.62,142.07,1057713479.8153
2024-04-19 00:00:00+00:00,142.08,147.49,128.5,142.5,1564359376.953
2024-04-20 00:00:00+00:00,142.5,152.39,139.66,151.22,705680673.9451
2024-04-21 00:00:00+00:00,151.21,153.5,146.68,148.8,546975842.8448
2024-04-22 00:00:00+00:00,148.81,158.5,146.63,156.95,760453706.3163
2024-04-23 00:00:00+00:00,156.94,160.0,153.04,154.75,641853097.1333
2024-04-24 00:00:00+00:00,154.75,159.8,145.58,147.78,1000742354.2504
2024-04-25 00:00:00+00:00,147.79,149.6,142.09,144.84,792818208.0524
2024-04-26 00:00:00+00:00,144.83,146.19,138.74,139.23,536537208.9817
2024-04-27 00:00:00+00:00,139.23,143.04,132.88,141.31,527111064.541
2024-04-28 00:00:00+00:00,141.31,144.82,137.03,137.99,420263449.8182
2024-04-29 00:00:00+00:00,137.99,138.93,133.38,137.77,578946009.02877
2024-04-30 00:00:00+00:00,137.79,139.77,121.21,126.77,780739771.36254
2024-05-01 00:00:00+00:00,126.76,135.97,118.47,134.64,1008351786.04678
2024-05-02 00:00:00+00:00,134.64,140.9,128.19,137.58,775239966.24235
2024-05-03 00:00:00+00:00,137.58,145.0,135.88,143.69,636701248.97452
2024-05-04 00:00:00+00:00,143.7,149.14,142.22,146.05,409395252.13994
2024-05-05 00:00:00+00:00,146.05,148.0,143.1,145.73,310504070.39615
2024-05-06 00:00:00+00:00,145.74,156.89,145.4,152.82,729944626.53061
2024-05-07 00:00:00+00:00,152.81,159.19,147.76,148.03,692683918.35024
2024-05-08 00:00:00+00:00,148.03,152.0,140.0,142.18,661888498.59383
2024-05-09 00:00:00+00:00,142.17,153.39,140.61,152.57,571152033.41234
2024-05-10 00:00:00+00:00,152.56,155.75,144.49,146.01,618548257.76221
2024-05-11 00:00:00+00:00,146.02,147.7,143.12,145.42,292868240.91002
2024-05-12 00:00:00+00:00,145.42,147.8,142.5,143.43,206518187.5423
2024-05-13 00:00:00+00:00,143.42,150.88,137.78,147.54,636617019.96036
2024-05-14 00:00:00+00:00,147.53,149.09,141.82,142.03,491650914.90056
2024-05-15 00:00:00+00:00,142.03,158.88,141.21,158.52,734214270.26841
2024-05-16 00:00:00+00:00,158.52,164.79,156.46,159.37,675510074.16727
2024-05-17 00:00:00+00:00,159.36,174.0,159.32,169.44,682669638.66178
2024-05-18 00:00:00+00:00,169.43,176.06,168.65,172.4,496940232.56438
2024-05-19 00:00:00+00:00,172.4,175.5,165.96,169.93,460508285.32582
2024-05-20 00:00:00+00:00,169.93,188.32,167.47,186.7,1022051849.6692
2024-05-21 00:00:00+00:00,186.69,188.89,174.37,178.15,854999395.09577
2024-05-22 00:00:00+00:00,178.15,185.0,174.96,176.95,766148690.37294
2024-05-23 00:00:00+00:00,176.96,181.04,165.35,176.16,977277434.41105
2024-05-24 00:00:00+00:00,176.15,176.15,162.5,167.7,810028558.31071
2024-05-25 00:00:00+00:00,167.7,170.55,165.9,168.35,321691312.78369
2024-05-26 00:00:00+00:00,168.35,168.4,161.0,163.41,512894771.41766
2024-05-27 00:00:00+00:00,163.42,172.28,163.26,170.15,547344142.9486
2024-05-28 00:00:00+00:00,170.15,173.24,164.92,168.68,637522900.01295
2024-05-29 00:00:00+00:00,168.68,173.93,167.0,168.32,500443628.716
2024-05-30 00:00:00+00:00,168.32,173.0,163.55,166.88,555770168.75021
2024-05-31 00:00:00+00:00,166.88,170.94,163.67,165.65,432816352.94655
2024-06-01 00:00:00+00:00,165.65,167.95,165.64,166.14,178824432.11781
2024-06-02 00:00:00+00:00,166.14,167.1,161.32,163.15,274722936.49486
2024-06-03 00:00:00+00:00,163.14,167.21,161.79,164.89,392561788.00562
2024-06-04 00:00:00+00:00,164.9,171.87,164.31,171.78,356126382.83239
2024-06-05 00:00:00+00:00,171.78,175.6,170.0,173.54,443704811.3612
2024-06-06 00:00:00+00:00,173.55,174.4,167.51,170.15,363765530.70853
2024-06-07 00:00:00+00:00,170.15,172.85,152.92,162.5,584574048.04206
2024-06-08 00:00:00+00:00,162.51,163.78,157.37,157.83,287653524.77527
2024-06-09 00:00:00+00:00,157.83,163.04,156.52,162.12,231109362.89601
2024-06-10 00:00:00+00:00,162.12,163.18,157.46,159.05,281863612.18113
2024-06-11 00:00:00+00:00,159.04,159.75,145.2,149.31,554100633.37648
2024-06-12 00:00:00+00:00,149.31,161.84,145.44,155.22,598161585.14139
2024-06-13 00:00:00+00:00,155.21,155.21,146.03,147.29,385605225.31535
2024-06-14 00:00:00+00:00,147.29,149.0,139.67,143.05,460357684.10748
2024-06-15 00:00:00+00:00,143.04,145.78,142.92,145.52,194646238.58695
2024-06-16 00:00:00+00:00,145.52,151.35,143.08,151.3,206570978.08947
2024-06-17 00:00:00+00:00,151.3,151.79,139.85,143.27,494336447.73763
2024-06-18 00:00:00+00:00,143.28,143.82,127.95,137.41,888291180.97423
2024-06-19 00:00:00+00:00,137.41,141.9,134.47,135.62,488039592.77287
2024-06-20 00:00:00+00:00,135.62,141.29,131.9,133.55,475840535.65983
2024-06-21 00:00:00+00:00,133.55,135.38,128.76,134.6,426673566.8023
2024-06-22 00:00:00+00:00,134.61,136.74,133.0,133.69,188365519.2827
2024-06-23 00:00:00+00:00,133.7,135.09,128.22,128.69,197001384.22396
2024-06-24 00:00:00+00:00,128.68,132.66,122.0,132.33,709427098.28488
2024-06-25 00:00:00+00:00,132.34,139.9,131.2,136.58,541175887.65102
2024-06-26 00:00:00+00:00,136.57,140.41,134.85,136.81,343612682.12807
2024-06-27 00:00:00+00:00,136.81,151.21,135.2,149.71,646251166.23058
2024-06-28 00:00:00+00:00,149.71,150.84,139.01,140.03,481073901.27222
2024-06-29 00:00:00+00:00,140.03,143.26,139.67,140.28,208157309.84296
2024-06-30 00:00:00+00:00,140.28,147.62,137.09,146.61,296853184.38976
2024-07-01 00:00:00+00:00,146.61,149.36,145.87,146.67,336552447.23335
2024-07-02 00:00:00+00:00,146.68,155.0,146.14,154.03,417015417.22148
2024-07-03 00:00:00+00:00,154.03,154.5,139.01,140.84,607418245.77144
2024-07-04 00:00:00+00:00,140.84,142.75,127.2,127.86,702763141.49909
2024-07-05 00:00:00+00:00,127.85,136.58,121.0,134.32,983389317.89722
2024-07-06 00:00:00+00:00,134.32,144.35,132.33,143.05,398979042.90841
2024-07-07 00:00:00+00:00,143.05,143.33,131.23,131.64,357932288.7914
2024-07-08 00:00:00+00:00,131.64,142.0,127.77,139.81,778233609.89992
2024-07-09 00:00:00+00:00,139.81,144.33,136.45,141.42,474835006.13947
2024-07-10 00:00:00+00:00,141.43,146.2,138.6,141.98,384433518.86052
2024-07-11 00:00:00+00:00,141.99,146.1,135.64,135.73,472185792.21612
2024-07-12 00:00:00+00:00,135.73,140.55,133.92,139.46,400570824.13592
2024-07-13 00:00:00+00:00,139.47,143.6,137.94,141.9,190214241.6967
2024-07-14 00:00:00+00:00,141.89,148.56,141.87,147.66,435942051.37289
2024-07-15 00:00:00+00:00,147.66,159.95,147.0,159.38,526088294.36737
2024-07-16 00:00:00+00:00,159.37,162.49,152.57,160.62,629159430.00225
2024-07-17 00:00:00+00:00,160.62,163.8,154.68,155.5,453684708.7259
2024-07-18 00:00:00+00:00,155.5,161.6,155.07,159.22,409279722.45088
2024-07-19 00:00:00+00:00,159.22,172.42,156.07,169.13,774783060.77819
2024-07-20 00:00:00+00:00,169.12,175.1,167.27,173.6,350329363.85493
2024-07-21 00:00:00+00:00,173.6,185.17,170.27,184.49,651749302.14181
2024-07-22 00:00:00+00:00,184.49,185.0,176.71,178.9,602525041.9877
2024-07-23 00:00:00+00:00,178.9,180.54,169.72,173.03,682470078.60841
2024-07-24 00:00:00+00:00,173.03,182.5,170.9,178.06,682705655.25175
2024-07-25 00:00:00+00:00,178.07,179.59,165.42,171.85,829732654.80752
2024-07-26 00:00:00+00:00,171.86,185.01,171.69,183.06,541455609.23512
2024-07-27 00:00:00+00:00,183.07,188.33,178.11,183.92,647090166.85253
2024-07-28 00:00:00+00:00,183.92,186.77,181.16,184.9,350662180.92843
2024-07-29 00:00:00+00:00,184.91,193.98,181.57,182.57,759977442.45996
2024-07-30 00:00:00+00:00,182.57,184.95,175.39,179.16,555301399.55814
2024-07-31 00:00:00+00:00,179.16,185.1,171.61,171.71,582939536.24755
2024-08-01 00:00:00+00:00,171.7,172.91,157.91,167.37,917091024.19327
2024-08-02 00:00:00+00:00,167.37,169.43,150.0,152.77,880989082.65712
2024-08-03 00:00:00+00:00,152.78,154.05,140.0,142.52,803132863.9915
2024-08-04 00:00:00+00:00,142.53,146.08,131.22,138.33,979026258.03256
2024-08-05 00:00:00+00:00,138.32,139.37,110.0,129.78,3003271600.88404
2024-08-06 00:00:00+00:00,129.79,149.59,129.4,144.4,1184669504.90055
2024-08-07 00:00:00+00:00,144.4,155.0,142.21,144.77,1249654524.5767
2024-08-08 00:00:00+00:00,144.78,163.7,141.4,163.13,1137205545.63164
2024-08-09 00:00:00+00:00,163.12,163.54,150.72,156.28,639908115.46544
2024-08-10 00:00:00+00:00,156.29,158.75,152.54,154.01,291664636.47097
2024-08-11 00:00:00+00:00,154.01,158.0,141.2,141.57,517779240.96725
2024-08-12 00:00:00+00:00,141.56,150.79,141.2,146.29,721770026.12754
2024-08-13 00:00:00+00:00,146.29,149.82,142.92,146.65,418947930.81089
2024-08-14 00:00:00+00:00,146.65,152.18,142.36,143.71,575678706.56274
2024-08-15 00:00:00+00:00,143.7,147.64,137.78,142.58,603098548.3133
2024-08-16 00:00:00+00:00,142.58,144.88,136.1,139.04,567440808.99247
2024-08-17 00:00:00+00:00,139.04,141.99,137.61,141.93,218485355.29024
2024-08-18 00:00:00+00:00,141.92,147.31,140.56,142.42,339317046.09327
2024-08-19 00:00:00+00:00,142.42,146.19,140.33,144.29,420454387.86405
2024-08-20 00:00:00+00:00,144.28,148.83,141.0,142.27,437968467.22535
2024-08-21 00:00:00+00:00,142.27,144.42,138.7,142.79,357577461.78616
2024-08-22 00:00:00+00:00,142.78,144.88,140.63,143.22,260990437.28999
2024-08-23 00:00:00+00:00,143.23,154.08,142.68,153.26,557770796.32283
2024-08-24 00:00:00+00:00,153.27,162.3,151.97,160.67,588656966.40684
2024-08-25 00:00:00+00:00,160.67,162.0,155.25,158.92,416869258.12242
2024-08-26 00:00:00+00:00,158.92,162.0,155.53,157.12,526697469.93657
2024-08-27 00:00:00+00:00,157.12,159.69,145.03,146.79,559434487.43673
2024-08-28 00:00:00+00:00,146.78,149.3,140.53,143.95,619453816.72578
2024-08-29 00:00:00+00:00,143.96,147.36,138.05,140.0,418889238.56372
2024-08-30 00:00:00+00:00,140.01,141.11,132.04,137.99,552772623.16571
2024-08-31 00:00:00+00:00,137.99,139.23,134.49,135.35,168333087.14831
2024-09-01 00:00:00+00:00,135.35,136.15,127.66,128.5,386814972.37561
2024-09-02 00:00:00+00:00,128.5,135.39,126.8,134.94,411715340.55512
2024-09-03 00:00:00+00:00,134.95,138.13,127.15,127.54,347419442.89269
2024-09-04 00:00:00+00:00,127.54,134.98,122.6,133.64,493863453.34695
2024-09-05 00:00:00+00:00,133.64,135.58,127.85,129.41,363814655.91648
2024-09-06 00:00:00+00:00,129.4,134.29,120.0,125.05,698281647.27321
2024-09-07 00:00:00+00:00,125.05,129.5,124.13,127.71,268366867.55258
2024-09-08 00:00:00+00:00,127.72,131.7,126.61,130.15,254464239.08089
2024-09-09 00:00:00+00:00,130.15,137.09,126.96,135.08,481085523.61761
2024-09-10 00:00:00+00:00,135.07,138.0,132.5,135.63,311229293.36815
2024-09-11 00:00:00+00:00,135.64,135.91,128.2,132.42,414398406.21866
2024-09-12 00:00:00+00:00,132.43,136.78,132.38,136.05,306779738.70621
2024-09-13 00:00:00+00:00,136.06,139.8,131.7,139.02,368359528.65679
2024-09-14 00:00:00+00:00,139.02,139.8,135.6,137.14,192268912.45152
2024-09-15 00:00:00+00:00,137.15,137.95,130.43,131.37,248848021.94444
2024-09-16 00:00:00+00:00,131.38,132.4,128.91,131.47,279606319.67364
2024-09-17 00:00:00+00:00,131.47,135.55,130.12,131.54,310574750.11516
2024-09-18 00:00:00+00:00,131.54,134.45,127.07,134.34,430929910.80921
2024-09-19 00:00:00+00:00,134.34,144.04,134.27,142.89,577699422.06203
2024-09-20 00:00:00+00:00,142.88,152.5,141.18,146.66,664077947.16975
2024-09-21 00:00:00+00:00,146.67,150.25,144.61,149.41,282626113.20776
2024-09-22 00:00:00+00:00,149.42,149.92,141.12,144.63,314113730.48354
2024-09-23 00:00:00+00:00,144.64,149.07,142.13,144.79,467054364.81911
2024-09-24 00:00:00+00:00,144.79,154.0,143.09,152.73,592206584.36052
2024-09-25 00:00:00+00:00,152.74,153.93,147.28,147.98,411459401.65579
2024-09-26 00:00:00+00:00,147.97,158.05,146.57,155.55,653415043.08504
2024-09-27 00:00:00+00:00,155.54,161.43,153.89,157.64,588310567.9394
2024-09-28 00:00:00+00:00,157.63,159.43,155.0,156.75,248277861.32032
2024-09-29 00:00:00+00:00,156.75,161.78,155.09,158.46,371044350.37015
2024-09-30 00:00:00+00:00,158.47,159.77,151.73,152.49,505193825.22015
2024-10-01 00:00:00+00:00,152.51,157.34,142.29,145.13,745512858.98242
2024-10-02 00:00:00+00:00,145.12,148.96,138.61,140.18,550570685.31102
2024-10-03 00:00:00+00:00,140.18,142.96,133.11,136.82,514812941.95153
2024-10-04 00:00:00+00:00,136.81,144.55,135.95,143.24,439091983.66735
2024-10-05 00:00:00+00:00,143.24,144.93,141.06,142.59,211080413.77507
2024-10-06 00:00:00+00:00,142.59,146.75,142.0,146.48,203954747.24911
2024-10-07 00:00:00+00:00,146.47,152.4,143.5,143.96,535056906.3955
2024-10-08 00:00:00+00:00,143.97,145.6,141.17,143.49,309326890.82457
2024-10-09 00:00:00+00:00,143.5,145.34,138.66,139.33,293977143.09486
2024-10-10 00:00:00+00:00,139.33,140.92,135.52,139.03,316766669.27985
2024-10-11 00:00:00+00:00,139.04,146.62,138.68,145.53,325024798.54017
2024-10-12 00:00:00+00:00,145.52,147.32,144.71,146.4,197164215.71221
2024-10-13 00:00:00+00:00,146.39,148.86,144.45,147.74,234391884.38395
2024-10-14 00:00:00+00:00,147.74,158.1,146.8,157.59,612698964.45627
2024-10-15 00:00:00+00:00,157.59,159.73,150.3,154.76,692975854.02436
2024-10-16 00:00:00+00:00,154.76,158.41,153.0,154.28,442239613.5375
2024-10-17 00:00:00+00:00,154.28,155.73,147.66,150.5,404740607.93776
2024-10-18 00:00:00+00:00,150.5,156.65,149.56,154.94,281306391.09424
2024-10-19 00:00:00+00:00,154.93,159.85,153.45,159.79,269205539.47737
2024-10-20 00:00:00+00:00,159.79,167.94,157.58,167.4,499091756.88122
2024-10-21 00:00:00+00:00,167.4,171.76,160.99,166.17,802248688.37832
2024-10-22 00:00:00+00:00,166.16,170.99,162.99,167.59,688160680.55922
2024-10-23 00:00:00+00:00,167.6,174.3,164.13,170.85,757152123.98221
2024-10-24 00:00:00+00:00,170.86,179.3,170.5,177.19,680676981.90358
2024-10-25 00:00:00+00:00,177.19,177.6,159.12,164.9,975203392.12616
2024-10-26 00:00:00+00:00,164.91,173.25,162.43,170.88,505678400.81293
2024-10-27 00:00:00+00:00,170.87,178.27,170.26,176.63,456430957.53051
2024-10-28 00:00:00+00:00,176.63,179.8,172.45,178.29,682720697.43
2024-10-29 00:00:00+00:00,178.28,183.38,176.41,179.42,729686178.77882
2024-10-30 00:00:00+00:00,179.43,181.36,173.01,174.87,510367902.92025
2024-10-31 00:00:00+00:00,174.87,176.56,167.56,168.69,458128321.23974
2024-11-01 00:00:00+00:00,168.69,174.0,163.43,166.1,557854086.52407
2024-11-02 00:00:00+00:00,166.11,168.61,162.11,166.17,264909940.27946
2024-11-03 00:00:00+00:00,166.16,166.61,157.82,162.53,443630725.97122
2024-11-04 00:00:00+00:00,162.52,165.04,155.11,157.95,486901138.20844
2024-11-05 00:00:00+00:00,157.95,169.3,156.86,166.62,563101491.3414
2024-11-06 00:00:00+00:00,166.63,190.01,166.4,186.59,1909187913.25849
2024-11-07 00:00:00+00:00,186.59,197.84,185.84,196.35,805298768.52591
2024-11-08 00:00:00+00:00,196.36,205.0,195.64,199.85,1026696176.73963
2024-11-09 00:00:00+00:00,199.86,203.45,194.86,199.89,565544974.68205
2024-11-10 00:00:00+00:00,199.89,215.27,198.68,210.07,1650287820.01631
2024-11-11 00:00:00+00:00,210.07,224.0,204.16,222.13,1923338631.62358
2024-11-12 00:00:00+00:00,222.12,225.21,204.71,211.64,1932232237.824
2024-11-13 00:00:00+00:00,211.63,220.44,200.67,215.13,2287313943.88454
2024-11-14 00:00:00+00:00,215.14,222.8,206.78,209.57,1606845662.13136
2024-11-15 00:00:00+00:00,209.57,220.5,204.48,218.45,1117551465.38711
2024-11-16 00:00:00+00:00,218.44,221.99,213.35,215.71,915510373.4512
2024-11-17 00:00:00+00:00,215.72,242.33,212.1,237.47,1960587171.68452
2024-11-18 00:00:00+00:00,237.47,248.44,234.01,239.79,1804490953.93808
2024-11-19 00:00:00+00:00,239.79,247.5,233.4,237.63,1350659078.09119
2024-11-20 00:00:00+00:00,237.64,242.54,230.37,235.48,1289751835.31258
2024-11-21 00:00:00+00:00,235.48,259.8,229.6,256.37,2120001679.0177
2024-11-22 00:00:00+00:00,256.38,264.39,251.47,256.9,1326798359.45141
2024-11-23 00:00:00+00:00,256.9,264.0,252.69,254.89,1248450578.228
2024-11-24 00:00:00+00:00,254.9,259.78,240.93,252.73,918826601.65279
2024-11-25 00:00:00+00:00,252.74,256.7,231.21,234.18,1149248739.7001
2024-11-26 00:00:00+00:00,234.18,239.66,221.8,230.69,1157330881.01868
2024-11-27 00:00:00+00:00,230.69,243.33,227.51,241.96,898274398.45495
2024-11-28 00:00:00+00:00,241.96,245.28,232.8,237.59,640996914.88985
2024-11-29 00:00:00+00:00,237.58,246.77,236.55,243.33,699720103.9149
2024-11-30 00:00:00+00:00,243.33,245.4,237.5,237.6,550410857.7652
2024-12-01 00:00:00+00:00,237.6,239.89,234.1,236.8,577329157.83331
2024-12-02 00:00:00+00:00,236.79,238.2,220.0,225.72,1332640777.80382
2024-12-03 00:00:00+00:00,225.73,239.6,215.0,233.92,1569314471.01514
2024-12-04 00:00:00+00:00,233.92,241.0,224.67,229.15,1160635660.55354
2024-12-05 00:00:00+00:00,229.15,244.77,222.95,235.84,1743320226.07373
2024-12-06 00:00:00+00:00,235.84,247.0,230.92,236.87,1225759651.15259
2024-12-07 00:00:00+00:00,236.87,243.61,234.12,238.14,701579666.62957
2024-12-08 00:00:00+00:00,238.14,241.51,233.22,237.02,526456056.82991
2024-12-09 00:00:00+00:00,237.02,237.28,203.0,216.63,1645628210.24901
2024-12-10 00:00:00+00:00,216.62,221.06,203.21,213.6,1494401948.21546
2024-12-11 00:00:00+00:00,213.6,230.65,211.51,227.29,1044765862.39521
2024-12-12 00:00:00+00:00,227.29,234.69,225.67,226.96,818643376.99027
2024-12-13 00:00:00+00:00,226.95,228.44,220.6,224.79,648285519.70338
2024-12-14 00:00:00+00:00,224.79,227.51,215.13,219.93,478317134.38287
2024-12-15 00:00:00+00:00,219.94,225.5,215.68,224.27,469130131.65022
2024-12-16 00:00:00+00:00,224.26,227.56,213.26,216.19,847551475.44925
2024-12-17 00:00:00+00:00,216.19,228.95,211.36,223.15,1148991395.56908
2024-12-18 00:00:00+00:00,223.16,226.04,204.8,206.53,1191309782.42507
2024-12-19 00:00:00+00:00,206.53,212.14,187.0,193.81,1481798971.45023
2024-12-20 00:00:00+00:00,193.82,199.81,175.26,194.48,1829760754.5958
2024-12-21 00:00:00+00:00,194.48,201.98,178.3,181.45,988401321.05068
2024-12-22 00:00:00+00:00,181.46,187.87,176.88,180.52,650666980.95565
2024-12-23 00:00:00+00:00,180.53,193.48,176.48,190.11,778371475.46434
2024-12-24 00:00:00+00:00,190.12,199.0,186.13,197.09,525181703.2473
2024-12-25 00:00:00+00:00,197.09,201.85,195.0,197.44,388541679.68554
2024-12-26 00:00:00+00:00,197.45,199.71,186.54,188.46,392011204.61471
2024-12-27 00:00:00+00:00,188.46,194.39,182.74,184.22,366402095.63853
2024-12-28 00:00:00+00:00,184.22,196.1,183.82,195.5,283725173.66562
2024-12-29 00:00:00+00:00,195.5,197.71,188.57,189.94,302551036.41535
2024-12-30 00:00:00+00:00,189.94,196.47,185.89,191.38,462392599.37737
2024-12-31 00:00:00+00:00,191.37,199.27,188.04,189.31,476451076.66598
2025-01-01 00:00:00+00:00,189.31,195.33,188.0,194.28,316558431.70699
2025-01-02 00:00:00+00:00,194.28,210.48,193.43,208.31,660170412.599
2025-01-03 00:00:00+00:00,208.3,219.83,205.63,217.99,694370536.02236
2025-01-04 00:00:00+00:00,218.0,218.18,213.54,216.67,420200326.94243
2025-01-05 00:00:00+00:00,216.67,219.05,211.46,213.41,451130694.57664
2025-01-06 00:00:00+00:00,213.41,223.18,211.56,218.22,621928433.92415
2025-01-07 00:00:00+00:00,218.22,219.11,201.8,202.17,786521513.88121
2025-01-08 00:00:00+00:00,202.17,203.28,188.34,197.48,873913213.74813
2025-01-09 00:00:00+00:00,197.48,199.06,182.0,184.95,684344914.22428
2025-01-10 00:00:00+00:00,184.96,193.02,183.51,187.68,687353802.31763
2025-01-11 00:00:00+00:00,187.69,191.91,184.01,188.09,411533204.16097
2025-01-12 00:00:00+00:00,188.09,191.0,185.17,188.51,250109405.58559
2025-01-13 00:00:00+00:00,188.5,191.99,168.88,182.87,1015651889.57331
2025-01-14 00:00:00+00:00,182.86,190.11,181.88,187.57,510258589.71248
2025-01-15 00:00:00+00:00,187.57,206.04,185.84,205.86,735465044.82904
2025-01-16 00:00:00+00:00,205.86,217.14,198.47,211.14,1196137559.83409
2025-01-17 00:00:00+00:00,211.15,222.11,209.84,219.51,952526271.30062
2025-01-18 00:00:00+00:00,219.52,270.67,217.29,261.97,4849480490.65198
2025-01-19 00:00:00+00:00,261.97,295.83,236.68,252.42,6733958631.98131
2025-01-20 00:00:00+00:00,252.4,273.29,229.44,242.19,4215741222.97163
2025-01-21 00:00:00+00:00,242.18,260.06,230.0,250.33,1907066376.77776
2025-01-22 00:00:00+00:00,250.33,272.03,248.43,257.36,1612462526.67869
2025-01-23 00:00:00+00:00,257.37,258.48,242.19,253.11,1698329260.27982
2025-01-24 00:00:00+00:00,253.12,270.18,247.18,253.37,1357937147.07766
2025-01-25 00:00:00+00:00,253.36,260.78,246.33,256.41,934052018.21903
2025-01-26 00:00:00+00:00,256.4,260.16,240.32,240.5,766488890.38499
2025-01-27 00:00:00+00:00,240.49,242.68,220.89,234.89,2058026956.44399
2025-01-28 00:00:00+00:00,234.9,244.0,225.01,227.06,819684554.0642
2025-01-29 00:00:00+00:00,227.06,238.49,222.63,228.16,886979893.13737
2025-01-30 00:00:00+00:00,228.16,244.7,226.84,238.31,799766743.7033
2025-01-31 00:00:00+00:00,238.3,241.82,228.24,231.77,694071690.64743
2025-02-01 00:00:00+00:00,231.77,236.46,212.74,213.03,640184468.98493
2025-02-02 00:00:00+00:00,213.03,218.9,192.31,203.51,1496343825.74038
2025-02-03 00:00:00+00:00,203.52,218.7,175.89,216.28,2538322103.03744
2025-02-04 00:00:00+00:00,216.27,219.97,201.87,206.64,1265056545.46502
2025-02-05 00:00:00+00:00,206.64,209.39,195.14,196.12,639424685.67492
2025-02-06 00:00:00+00:00,196.12,203.98,187.39,189.54,674411227.22245
2025-02-07 00:00:00+00:00,189.53,203.42,188.12,191.99,767993723.82559
2025-02-08 00:00:00+00:00,192.0,200.88,189.81,199.32,382617624.43681
2025-02-09 00:00:00+00:00,199.32,207.37,193.53,200.47,578324813.09662
2025-02-10 00:00:00+00:00,200.47,209.05,195.85,200.47,819921205.01373
2025-02-11 00:00:00+00:00,200.47,206.18,195.12,197.96,792182733.69756
2025-02-12 00:00:00+00:00,197.95,198.56,188.48,196.78,756076037.68729
2025-02-13 00:00:00+00:00,196.78,198.47,188.78,194.25,468975077.17204
2025-02-14 00:00:00+00:00,194.24,205.34,194.11,199.39,744993253.44044
2025-02-15 00:00:00+00:00,199.4,200.27,192.61,194.48,319980278.83566
2025-02-16 00:00:00+00:00,194.47,196.24,186.3,188.27,383704847.67239
2025-02-17 00:00:00+00:00,188.26,189.72,174.63,177.53,779271190.58224
2025-02-18 00:00:00+00:00,177.53,179.09,160.88,169.32,1061518548.68995
2025-02-19 00:00:00+00:00,169.32,174.3,163.75,168.93,590112452.81958
2025-02-20 00:00:00+00:00,168.94,176.65,167.66,176.0,508528834.82322
2025-02-21 00:00:00+00:00,176.0,180.52,167.15,168.94,715436161.65543
2025-02-22 00:00:00+00:00,168.94,174.68,168.07,172.07,324983318.38902
2025-02-23 00:00:00+00:00,172.07,173.07,166.42,167.94,252136318.55605
2025-02-24 00:00:00+00:00,167.94,169.69,138.0,141.81,1226692646.03078
2025-02-25 00:00:00+00:00,141.81,147.09,131.91,144.33,1635111010.70032
2025-02-26 00:00:00+00:00,144.33,145.19,130.65,135.32,736842199.24
2025-02-27 00:00:00+00:00,135.33,142.9,134.71,137.68,599160525.54253
2025-02-28 00:00:00+00:00,137.68,148.72,125.55,148.18,1368611824.73409
2025-03-01 00:00:00+00:00,148.18,151.25,138.57,143.66,597723583.50179
2025-03-02 00:00:00+00:00,143.66,179.85,140.04,178.71,2212052717.47645
2025-03-03 00:00:00+00:00,178.72,179.47,139.21,142.16,1748078985.39323
2025-03-04 00:00:00+00:00,142.16,147.0,130.66,144.79,1438316454.58464
2025-03-05 00:00:00+00:00,144.8,149.73,140.18,146.28,706791297.23729
2025-03-06 00:00:00+00:00,146.27,152.9,142.44,143.31,656676724.6538
2025-03-07 00:00:00+00:00,143.3,150.88,135.04,139.39,1039508735.19796
2025-03-08 00:00:00+00:00,139.39,141.09,135.29,137.01,295310260.9805
2025-03-09 00:00:00+00:00,137.01,139.88,125.41,126.51,514516598.4873
2025-03-10 00:00:00+00:00,126.52,131.57,115.47,118.32,820279149.5914
2025-03-11 00:00:00+00:00,118.32,128.43,112.0,125.35,783022212.27215
2025-03-12 00:00:00+00:00,125.35,131.33,121.22,126.62,552333767.76339
2025-03-13 00:00:00+00:00,126.61,128.76,120.76,123.37,352338027.09973
2025-03-14 00:00:00+00:00,123.36,136.03,122.98,133.54,468530950.60997
2025-03-15 00:00:00+00:00,133.53,136.53,132.44,135.86,257628407.34355
2025-03-16 00:00:00+00:00,135.86,136.71,125.21,126.13,360794496.2616
2025-03-17 00:00:00+00:00,126.13,130.64,125.55,128.01,347309564.93446
2025-03-18 00:00:00+00:00,128.01,128.19,121.76,125.33,395405699.24355
2025-03-19 00:00:00+00:00,125.33,136.08,124.2,135.33,541158128.72602
2025-03-20 00:00:00+00:00,135.33,136.12,126.65,127.6,340143750.52064
2025-03-21 00:00:00+00:00,127.6,130.18,124.81,128.48,306105567.68726
2025-03-22 00:00:00+00:00,128.47,131.84,127.8,128.51,194061126.95637
2025-03-23 00:00:00+00:00,128.5,134.06,128.21,132.84,232208409.45648
2025-03-24 00:00:00+00:00,132.85,144.96,132.04,141.01,638280711.52939
2025-03-25 00:00:00+00:00,141.01,147.48,138.17,143.64,505738904.94536
2025-03-26 00:00:00+00:00,143.64,145.49,135.89,137.34,437189263.88719
2025-03-27 00:00:00+00:00,137.35,140.22,135.63,138.43,341254155.91117
2025-03-28 00:00:00+00:00,138.44,139.05,127.69,129.49,515501341.03969
2025-03-29 00:00:00+00:00,129.5,130.54,122.68,124.58,329643079.8165
2025-03-30 00:00:00+00:00,124.58,127.08,123.0,124.82,218155180.69158
2025-03-31 00:00:00+00:00,124.83,127.81,122.75,124.54,468042537.66829
2025-04-01 00:00:00+00:00,124.53,130.55,123.74,126.67,452578878.01829
2025-04-02 00:00:00+00:00,126.68,136.21,117.0,117.42,796943491.9591
2025-04-03 00:00:00+00:00,117.42,120.94,112.24,117.17,683637733.06036
2025-04-04 00:00:00+00:00,117.17,124.0,113.25,122.79,677703415.89485
2025-04-05 00:00:00+00:00,122.8,122.85,117.15,120.32,213707959.9349
2025-04-06 00:00:00+00:00,120.33,121.13,103.81,105.91,547868774.14022
2025-04-07 00:00:00+00:00,105.9,113.0,95.26,106.99,1310680814.72602
2025-04-08 00:00:00+00:00,106.98,112.58,102.96,105.4,630835932.39869
2025-04-09 00:00:00+00:00,105.4,121.0,101.26,119.05,1033143449.36244
2025-04-10 00:00:00+00:00,119.05,119.3,108.21,112.81,632204181.15054
2025-04-11 00:00:00+00:00,112.8,122.65,112.16,121.41,514950895.3424
2025-04-12 00:00:00+00:00,121.41,134.11,119.41,132.24,588559519.13812
2025-04-13 00:00:00+00:00,132.24,133.96,125.32,128.38,525575877.83406
2025-04-14 00:00:00+00:00,128.38,136.13,127.98,129.42,546940838.03531
2025-04-15 00:00:00+00:00,129.41,134.45,125.82,126.11,446714548.40398
2025-04-16 00:00:00+00:00,126.1,133.91,123.49,131.33,680727729.62112
2025-04-17 00:00:00+00:00,131.33,136.2,129.5,134.83,508520833.35897
2025-04-18 00:00:00+00:00,134.84,136.02,132.47,134.04,343312222.8375
2025-04-19 00:00:00+00:00,134.05,140.5,133.58,139.87,389745180.09418
2025-04-20 00:00:00+00:00,139.86,141.96,135.64,137.86,482908343.29459
2025-04-21 00:00:00+00:00,137.86,143.25,133.82,136.56,645692434.21612
2025-04-22 00:00:00+00:00,136.57,150.23,134.68,148.79,727917404.64025
2025-04-23 00:00:00+00:00,148.78,154.21,147.13,151.1,724657996.32039
2025-04-24 00:00:00+00:00,151.1,152.9,144.87,152.55,527261359.19678
2025-04-25 00:00:00+00:00,152.55,157.0,149.87,150.82,647250679.34811
2025-04-26 00:00:00+00:00,150.82,153.17,147.75,149.21,264884274.04215
2025-04-27 00:00:00+00:00,149.22,150.41,145.51,147.98,237125168.081
2025-04-28 00:00:00+00:00,147.97,153.4,144.63,147.84,522023426.4148
2025-04-29 00:00:00+00:00,147.84,150.39,145.0,146.31,369541045.06508
2025-04-30 00:00:00+00:00,146.3,148.67,140.32,147.54,403132464.35529
2025-05-01 00:00:00+00:00,147.54,153.99,147.54,150.85,458689825.21601
2025-05-02 00:00:00+00:00,150.85,151.91,147.3,148.05,332262056.95998
2025-05-03 00:00:00+00:00,148.04,149.05,145.82,146.71,207747277.73483
2025-05-04 00:00:00+00:00,146.71,147.81,143.5,143.95,235442072.04033
2025-05-05 00:00:00+00:00,143.94,147.73,142.5,146.72,295411016.24423
2025-05-06 00:00:00+00:00,146.72,147.23,141.41,146.88,339458035.32269
2025-05-07 00:00:00+00:00,146.89,149.54,144.68,147.32,358909988.86087
2025-05-08 00:00:00+00:00,147.32,164.6,147.08,164.46,947386329.98644
2025-05-09 00:00:00+00:00,164.46,176.15,161.07,172.78,1066435830.02627
2025-05-10 00:00:00+00:00,172.77,178.98,168.72,177.89,576546707.44572
2025-05-11 00:00:00+00:00,177.89,180.26,169.35,173.19,560754526.1296
2025-05-12 00:00:00+00:00,173.2,181.46,168.31,174.22,1096750784.26202
2025-05-13 00:00:00+00:00,174.22,184.83,166.18,183.75,805977156.69272
2025-05-14 00:00:00+00:00,183.75,184.88,173.23,176.64,650301806.43098
2025-05-15 00:00:00+00:00,176.63,178.33,166.7,169.16,607575969.68482
2025-05-16 00:00:00+00:00,169.16,174.21,166.36,167.4,473923633.57258
2025-05-17 00:00:00+00:00,167.4,169.99,164.01,165.94,377239175.69118
2025-05-18 00:00:00+00:00,165.94,176.77,164.54,173.3,544510554.62809
2025-05-19 00:00:00+00:00,173.3,173.94,159.44,166.86,670683465.64664
2025-05-20 00:00:00+00:00,166.87,173.11,164.51,168.59,526700156.84318
2025-05-21 00:00:00+00:00,168.59,175.99,165.51,173.53,749188809.37931
2025-05-22 00:00:00+00:00,173.54,180.87,172.59,179.68,640424778.4173
2025-05-23 00:00:00+00:00,179.68,187.71,173.23,174.01,1104030043.56186
2025-05-24 00:00:00+00:00,174.0,178.33,172.5,175.87,407150995.30293
2025-05-25 00:00:00+00:00,175.87,176.88,169.14,175.74,435707799.2341
2025-05-26 00:00:00+00:00,175.75,179.02,173.48,174.91,391142612.45651
2025-05-27 00:00:00+00:00,174.92,179.41,171.24,176.71,452738959.54561
2025-05-28 00:00:00+00:00,176.72,177.45,168.92,172.21,437379320.47623
2025-05-29 00:00:00+00:00,172.22,175.34,165.96,166.71,450903344.10682
2025-05-30 00:00:00+00:00,166.71,167.51,155.22,156.2,609076479.51084
2025-05-31 00:00:00+00:00,156.2,158.01,152.14,156.45,364885611.94149
2025-06-01 00:00:00+00:00,156.45,157.92,150.59,157.68,315215977.43484
2025-06-02 00:00:00+00:00,157.68,158.93,151.67,156.83,386842477.22604
2025-06-03 00:00:00+00:00,156.83,163.64,154.14,155.19,455003937.65742
2025-06-04 00:00:00+00:00,155.19,157.97,152.94,153.26,310274443.07951
2025-06-05 00:00:00+00:00,153.27,154.61,141.53,144.29,634979837.8416
2025-06-06 00:00:00+00:00,144.28,152.39,144.11,147.83,322608804.0136
2025-06-07 00:00:00+00:00,147.82,152.84,146.84,150.06,212333839.77254
2025-06-08 00:00:00+00:00,150.07,155.3,147.88,152.45,236874131.83445
2025-06-09 00:00:00+00:00,152.45,161.73,149.58,161.16,478105971.723
2025-06-10 00:00:00+00:00,161.16,165.67,156.32,165.12,578045039.31202
2025-06-11 00:00:00+00:00,165.12,168.36,159.21,160.97,663220131.68288
2025-06-12 00:00:00+00:00,160.98,161.28,152.02,152.32,454850637.40677
2025-06-13 00:00:00+00:00,152.32,152.59,140.21,148.6,775171113.32776
2025-06-14 00:00:00+00:00,148.6,148.7,141.97,144.64,244007516.51517
2025-06-15 00:00:00+00:00,144.65,153.54,144.22,152.97,422563512.67885
2025-06-16 00:00:00+00:00,152.97,158.8,150.3,150.72,556278400.06253
2025-06-17 00:00:00+00:00,150.73,154.33,145.61,147.57,508658147.22473
2025-06-18 00:00:00+00:00,147.58,149.28,143.65,146.34,409856193.71815
2025-06-19 00:00:00+00:00,146.35,147.9,142.92,147.04,332397675.29724
2025-06-20 00:00:00+00:00,147.04,148.81,135.69,140.11,483166807.07631
2025-06-21 00:00:00+00:00,140.11,142.6,130.9,135.43,390271799.64798
2025-06-22 00:00:00+00:00,135.43,137.62,126.0,131.71,557857427.53674
2025-06-23 00:00:00+00:00,131.71,146.92,130.68,144.51,627079580.57708
2025-06-24 00:00:00+00:00,144.51,146.77,142.31,145.92,395980461.45042
2025-06-25 00:00:00+00:00,145.93,147.95,142.25,143.57,324533547.19572
2025-06-26 00:00:00+00:00,143.57,148.0,138.62,139.06,360989062.59112
2025-06-27 00:00:00+00:00,139.05,144.85,137.14,142.09,349943506.06527
2025-06-28 00:00:00+00:00,142.09,152.7,141.13,150.72,391373737.69054
2025-06-29 00:00:00+00:00,150.73,154.77,149.36,153.32,325934665.45081
2025-06-30 00:00:00+00:00,153.32,159.99,149.45,154.81,598342659.37994
2025-07-01 00:00:00+00:00,154.82,155.64,144.85,146.88,413588502.7609
2025-07-02 00:00:00+00:00,146.87,154.47,145.85,152.27,399566857.59119
2025-07-03 00:00:00+00:00,152.28,156.35,149.86,152.36,411857243.43209
2025-07-04 00:00:00+00:00,152.35,153.88,145.22,147.7,344301514.30937
2025-07-05 00:00:00+00:00,147.69,148.7,145.9,147.55,173152977.64954
2025-07-06 00:00:00+00:00,147.55,153.89,146.78,151.86,374754049.20113
2025-07-07 00:00:00+00:00,151.86,153.6,147.7,148.88,327954661.1623
2025-07-08 00:00:00+00:00,148.89,152.88,147.85,151.67,408864092.13441
2025-07-09 00:00:00+00:00,151.68,157.93,150.53,157.05,448417630.2251
2025-07-10 00:00:00+00:00,157.06,165.43,155.64,164.34,547305235.76648
2025-07-11 00:00:00+00:00,164.33,168.2,159.54,162.93,715116916.43081
2025-07-12 00:00:00+00:00,162.92,163.9,157.74,160.69,328647415.71788
2025-07-13 00:00:00+00:00,160.7,164.19,159.63,161.15,312565043.60087
2025-07-14 00:00:00+00:00,161.15,168.65,160.61,162.21,658265226.60694
2025-07-15 00:00:00+00:00,162.21,164.26,157.23,163.98,589073859.89953
2025-07-16 00:00:00+00:00,163.98,176.0,161.51,173.63,849924900.12035
2025-07-17 00:00:00+00:00,173.62,178.19,168.71,175.87,781437221.96743
2025-07-18 00:00:00+00:00,175.88,184.67,173.24,177.28,931893082.3748
2025-07-19 00:00:00+00:00,177.28,178.61,174.0,176.96,363940083.0705
2025-07-20 00:00:00+00:00,176.97,183.66,176.33,181.43,666377253.9008
2025-07-21 00:00:00+00:00,181.44,199.28,178.25,195.72,1245489002.45574
2025-07-22 00:00:00+00:00,195.72,206.3,193.75,205.7,1728386077.16153
2025-07-23 00:00:00+00:00,205.7,205.75,183.97,189.4,1070982208.4614
2025-07-24 00:00:00+00:00,189.4,191.87,179.21,182.87,971502034.18813
2025-07-25 00:00:00+00:00,182.88,186.85,175.63,186.76,806409380.29809
2025-07-26 00:00:00+00:00,186.75,189.78,184.29,184.88,331235849.63192
2025-07-27 00:00:00+00:00,184.89,190.7,184.53,188.64,418620553.40531
2025-07-28 00:00:00+00:00,188.64,195.26,182.16,183.11,768873079.63638
2025-07-29 00:00:00+00:00,183.1,186.68,178.3,181.48,463596650.71106
2025-07-30 00:00:00+00:00,181.47,182.56,170.29,177.77,585983082.58663
2025-07-31 00:00:00+00:00,177.77,182.7,171.44,172.22,466405400.70146
2025-08-01 00:00:00+00:00,172.22,172.26,159.2,162.71,722230246.87119
2025-08-02 00:00:00+00:00,162.71,165.3,155.83,158.48,355113008.8377
2025-08-03 00:00:00+00:00,158.49,163.14,156.28,161.97,370496365.83064
2025-08-04 00:00:00+00:00,161.98,169.8,161.26,169.55,444266444.38758
2025-08-05 00:00:00+00:00,169.55,171.73,161.3,164.09,425083041.90688
2025-08-06 00:00:00+00:00,164.09,169.93,161.13,168.09,297879603.0579
2025-08-07 00:00:00+00:00,168.1,175.51,166.7,175.36,515712927.73765
2025-08-08 00:00:00+00:00,175.37,179.66,173.43,176.78,648764863.62977
2025-08-09 00:00:00+00:00,176.79,183.45,176.64,179.95,600713701.9436
2025-08-10 00:00:00+00:00,179.96,186.18,177.51,182.66,764487779.16299
2025-08-11 00:00:00+00:00,182.67,186.8,173.43,174.84,716297040.55758
2025-08-12 00:00:00+00:00,174.83,193.76,173.6,191.78,928619384.54652
2025-08-13 00:00:00+00:00,191.77,204.96,191.48,201.51,1420646837.29987
2025-08-14 00:00:00+00:00,201.51,209.86,186.68,192.47,1785079918.85764
2025-08-15 00:00:00+00:00,192.46,198.07,183.3,185.72,829105705.03941
2025-08-16 00:00:00+00:00,185.71,190.06,185.2,189.6,394159921.57508
2025-08-17 00:00:00+00:00,189.61,195.89,187.35,190.99,434881253.74428
2025-08-18 00:00:00+00:00,191.0,191.33,180.0,182.94,618792820.898
2025-08-19 00:00:00+00:00,182.94,185.87,175.69,176.22,585480412.157
2025-08-20 00:00:00+00:00,176.22,187.97,176.04,187.94,631568652.47851
2025-08-21 00:00:00+00:00,187.95,190.1,179.43,180.29,539342225.23738
2025-08-22 00:00:00+00:00,180.3,202.4,177.27,200.69,1256886660.78769
2025-08-23 00:00:00+00:00,200.69,208.62,195.26,204.14,973536839.81952
2025-08-24 00:00:00+00:00,204.15,211.99,201.09,205.98,1481731932.84565
2025-08-25 00:00:00+00:00,205.99,213.6,185.33,187.2,1582418695.44157
2025-08-26 00:00:00+00:00,187.19,198.1,185.58,195.86,902012356.43676
2025-08-27 00:00:00+00:00,195.85,212.08,193.78,202.95,1604543620.28289
2025-08-28 00:00:00+00:00,202.95,216.89,201.72,214.43,1535414273.75746
2025-08-29 00:00:00+00:00,214.43,218.0,199.85,205.08,1804668250.00784
2025-08-30 00:00:00+00:00,205.09,207.06,197.52,202.7,788507477.6062
2025-08-31 00:00:00+00:00,202.7,206.66,200.28,200.62,673804991.87307
2025-09-01 00:00:00+00:00,200.62,204.58,194.19,197.32,888774733.51505
2025-09-02 00:00:00+00:00,197.32,209.68,196.77,209.65,995253298.23912
2025-09-03 00:00:00+00:00,209.64,213.02,207.42,210.77,853869392.7096
2025-09-04 00:00:00+00:00,210.77,211.94,201.84,202.32,562140700.46499
2025-09-05 00:00:00+00:00,202.32,210.0,200.95,203.36,845694209.95453
2025-09-06 00:00:00+00:00,203.37,204.68,199.32,200.16,299268104.11997
2025-09-07 00:00:00+00:00,200.17,207.95,200.12,206.35,452766240.274
2025-09-08 00:00:00+00:00,206.35,217.11,205.59,214.11,1218755448.80921
2025-09-09 00:00:00+00:00,214.11,219.79,210.79,217.21,1074352909.955
2025-09-10 00:00:00+00:00,217.22,226.0,215.09,224.07,1068145608.20625
2025-09-11 00:00:00+00:00,224.06,228.95,221.72,228.73,982824602.60322
2025-09-12 00:00:00+00:00,228.73,244.04,228.11,242.18,1401494582.28432
2025-09-13 00:00:00+00:00,242.18,244.14,235.73,242.38,797410753.30843
2025-09-14 00:00:00+00:00,242.38,249.6,239.23,239.76,1020860755.13829
2025-09-15 00:00:00+00:00,239.75,244.0,230.15,234.31,1116796443.80521
2025-09-16 00:00:00+00:00,234.32,240.95,231.26,236.96,751087110.05172
2025-09-17 00:00:00+00:00,236.96,246.62,232.23,244.84,1131152511.04479
2025-09-18 00:00:00+00:00,244.84,253.51,242.58,247.5,969547754.18097
2025-09-19 00:00:00+00:00,247.5,248.57,235.12,238.53,816472208.89022
2025-09-20 00:00:00+00:00,238.53,241.22,236.91,239.48,370629858.97415
2025-09-21 00:00:00+00:00,239.48,241.82,235.32,236.16,332349583.59001
2025-09-22 00:00:00+00:00,236.16,236.96,214.5,220.38,1306702324.90479
2025-09-23 00:00:00+00:00,220.39,221.71,212.34,213.3,749395007.69619
2025-09-24 00:00:00+00:00,213.29,216.45,204.81,211.6,934723852.95988
2025-09-25 00:00:00+00:00,211.61,212.44,191.32,192.74,1356874816.64603
2025-09-26 00:00:00+00:00,192.73,205.52,190.8,205.17,1107437559.64762
2025-09-27 00:00:00+00:00,205.16,205.43,199.88,203.46,426788361.48016
2025-09-28 00:00:00+00:00,203.47,211.0,198.0,210.83,447175240.70321
2025-09-29 00:00:00+00:00,210.83,214.74,204.58,212.75,674793150.7918
2025-09-30 00:00:00+00:00,212.74,213.67,204.29,208.68,679647220.11924
2025-10-01 00:00:00+00:00,208.68,222.77,206.31,222.04,873666054.98369
2025-10-02 00:00:00+00:00,222.04,234.99,219.52,234.74,1041743948.15148
2025-10-03 00:00:00+00:00,234.74,237.0,227.13,232.84,977118748.09201
2025-10-04 00:00:00+00:00,232.84,234.05,224.07,227.86,420089668.09435
2025-10-05 00:00:00+00:00,227.86,237.22,226.45,228.56,718004023.22144
2025-10-06 00:00:00+00:00,228.56,237.79,227.55,232.35,696237930.30736
2025-10-07 00:00:00+00:00,232.35,235.21,219.7,219.97,999073406.40618
2025-10-08 00:00:00+00:00,219.98,229.72,217.3,229.02,692169444.64124
2025-10-09 00:00:00+00:00,229.03,229.69,216.53,220.93,728443051.98444
2025-10-10 00:00:00+00:00,220.93,224.46,168.79,188.43,1933764147.70444
2025-10-11 00:00:00+00:00,188.43,191.05,172.58,177.62,1336674581.83677
2025-10-12 00:00:00+00:00,177.63,199.0,173.0,197.0,1212033480.30209
2025-10-13 00:00:00+00:00,196.99,209.28,190.02,208.69,1243650930.49898
2025-10-14 00:00:00+00:00,208.69,211.25,191.03,202.44,1468181584.29201
2025-10-15 00:00:00+00:00,202.45,208.91,192.04,193.84,1077459951.2918
2025-10-16 00:00:00+00:00,193.84,198.42,182.03,184.85,1031907451.9011
2025-10-17 00:00:00+00:00,184.84,187.55,174.06,181.96,1105131379.71511
2025-10-18 00:00:00+00:00,181.97,188.26,181.75,187.56,390464630.80473
2025-10-19 00:00:00+00:00,187.55,192.29,183.19,187.86,467903351.76606
2025-10-20 00:00:00+00:00,187.86,194.5,183.82,189.71,603125239.27637
2025-10-21 00:00:00+00:00,189.71,197.71,182.72,185.63,882667767.13181
2025-10-22 00:00:00+00:00,185.62,187.45,177.04,180.12,728436136.60218
2025-10-23 00:00:00+00:00,180.13,193.45,179.68,191.35,660476128.42061
2025-10-24 00:00:00+00:00,191.36,197.0,188.83,193.59,645504079.80877
2025-10-25 00:00:00+00:00,193.58,195.25,191.19,193.84,314665640.87631
2025-10-26 00:00:00+00:00,193.84,202.43,191.9,200.03,509121280.43437
2025-10-27 00:00:00+00:00,200.03,205.33,197.34,198.7,708336575.4123
2025-10-28 00:00:00+00:00,198.71,203.99,190.22,194.15,859454239.36776
2025-10-29 00:00:00+00:00,194.16,201.7,189.37,193.88,904296220.37263
2025-10-30 00:00:00+00:00,193.89,198.19,178.65,184.69,951567373.37045
2025-10-31 00:00:00+00:00,184.69,190.26,183.7,187.21,595975738.67529
2025-11-01 00:00:00+00:00,187.21,187.55,183.79,186.35,276116739.23029
2025-11-02 00:00:00+00:00,186.35,188.34,182.0,187.71,326634314.33352
2025-11-03 00:00:00+00:00,187.71,189.13,163.15,166.06,1264049328.01724
2025-11-04 00:00:00+00:00,166.06,168.42,145.85,155.03,1304788600.2289
2025-11-05 00:00:00+00:00,155.04,163.97,147.29,162.37,731570306.64341
2025-11-06 00:00:00+00:00,162.37,162.91,153.45,155.28,566130762.86118
2025-11-07 00:00:00+00:00,155.27,164.48,149.82,161.79,661451643.57886
2025-11-08 00:00:00+00:00,161.8,164.89,155.8,158.02,399996303.16123
2025-11-09 00:00:00+00:00,158.01,166.57,155.11,164.53,520708062.09549
2025-11-10 00:00:00+00:00,164.53,170.48,163.42,167.31,607111109.27836
2025-11-11 00:00:00+00:00,167.31,171.94,153.93,154.63,766449925.55292
2025-11-12 00:00:00+00:00,154.63,161.14,151.2,153.42,645568636.5188
2025-11-13 00:00:00+00:00,153.43,157.2,141.04,144.73,812546000.91323
2025-11-14 00:00:00+00:00,144.74,145.68,135.76,138.92,871175641.3312
2025-11-15 00:00:00+00:00,138.93,144.69,138.61,139.61,332993047.78325
2025-11-16 00:00:00+00:00,139.6,143.38,134.42,137.17,468359686.65837
2025-11-17 00:00:00+00:00,137.17,143.28,128.82,130.99,766512711.10863
2025-11-18 00:00:00+00:00,131.0,142.17,129.0,140.69,757005300.5472
2025-11-19 00:00:00+00:00,140.68,142.84,130.53,137.06,583711754.9035
2025-11-20 00:00:00+00:00,137.06,144.8,131.11,133.67,972668410.79627
2025-11-21 00:00:00+00:00,133.67,135.06,121.66,128.68,1059214775.74427
2025-11-22 00:00:00+00:00,128.69,129.94,125.08,127.59,332301149.10065
2025-11-23 00:00:00+00:00,127.6,133.54,127.56,130.58,368727256.45107
2025-11-24 00:00:00+00:00,130.58,139.87,128.44,138.44,632869856.70086
2025-11-25 00:00:00+00:00,138.43,140.5,133.13,138.96,409226323.33044
2025-11-26 00:00:00+00:00,138.96,144.75,135.5,143.02,562094537.22552
2025-11-27 00:00:00+00:00,143.01,144.29,140.47,140.85,331918081.73149
2025-11-28 00:00:00+00:00,140.85,143.6,136.01,137.33,490598696.88363
2025-11-29 00:00:00+00:00,137.33,138.1,134.76,135.91,254173125.62851
2025-11-30 00:00:00+00:00,135.92,140.19,133.26,133.48,357882224.67243
2025-12-01 00:00:00+00:00,133.48,133.74,123.11,126.66,635198829.37354
2025-12-02 00:00:00+00:00,126.66,140.88,126.01,138.68,675106831.85339
2025-12-03 00:00:00+00:00,138.67,146.08,137.76,144.67,560511341.40006
2025-12-04 00:00:00+00:00,144.67,146.91,137.8,139.01,383629221.93813
2025-12-05 00:00:00+00:00,139.01,140.75,130.73,133.29,457172027.12608
2025-12-06 00:00:00+00:00,133.29,134.13,131.28,132.19,178276609.9626
2025-12-07 00:00:00+00:00,132.2,136.35,127.7,132.24,413797116.36681
2025-12-08 00:00:00+00:00,132.25,139.36,131.52,133.25,440265638.92837
2025-12-09 00:00:00+00:00,133.24,144.93,131.62,137.88,623533690.7888
2025-12-10 00:00:00+00:00,137.87,142.57,135.39,136.26,624546006.02724
2025-12-11 00:00:00+00:00,136.26,137.79,129.0,136.41,581262368.19525
2025-12-12 00:00:00+00:00,136.41,140.12,130.35,132.27,542914566.1894
2025-12-13 00:00:00+00:00,132.28,134.28,131.6,133.14,195790564.90788
2025-12-14 00:00:00+00:00,133.13,133.66,127.98,129.4,227172804.50155
2025-12-15 00:00:00+00:00,129.39,135.43,123.63,127.81,505572419.27462
2025-12-16 00:00:00+00:00,127.81,130.14,124.87,129.15,368318615.17013
2025-12-17 00:00:00+00:00,129.15,133.99,121.36,123.27,574312574.39112
2025-12-18 00:00:00+00:00,123.28,129.05,116.88,119.6,589276513.97563
2025-12-19 00:00:00+00:00,119.6,127.87,117.61,126.27,508624593.21844
2025-12-20 00:00:00+00:00,126.27,126.89,125.3,125.81,155070613.06539
2025-12-21 00:00:00+00:00,125.8,126.62,123.4,126.03,227009325.56382
2025-12-22 00:00:00+00:00,126.03,128.78,124.2,125.93,337356985.61644
2025-12-23 00:00:00+00:00,125.93,126.93,122.16,124.01,303158690.00044
2025-12-24 00:00:00+00:00,124.02,124.3,120.63,122.53,196266334.88911
2025-12-25 00:00:00+00:00,122.52,124.46,119.71,120.06,222666013.3961
2025-12-26 00:00:00+00:00,120.05,125.14,119.24,122.26,407793789.6008
2025-12-27 00:00:00+00:00,122.27,125.08,121.86,124.73,167427635.64651
2025-12-28 00:00:00+00:00,124.74,125.64,123.08,125.27,227049720.92228
2025-12-29 00:00:00+00:00,125.27,130.16,122.36,123.28,543723304.50905
2025-12-30 00:00:00+00:00,123.28,126.52,122.58,125.01,308730777.48262
2025-12-31 00:00:00+00:00,125.02,132.75,122.99,124.65,368493594.69384
2026-01-01 00:00:00+00:00,124.64,127.25,124.15,126.9,217068948.15615
2026-01-02 00:00:00+00:00,126.91,133.25,125.84,132.29,378213187.58117
2026-01-03 00:00:00+00:00,132.28,133.99,129.6,133.37,200295921.55764
2026-01-04 00:00:00+00:00,133.37,135.54,133.12,134.12,242985169.55108
2026-01-05 00:00:00+00:00,134.12,139.87,133.18,137.9,452911084.26412
2026-01-06 00:00:00+00:00,137.91,143.48,136.19,141.08,526491231.9802
2026-01-07 00:00:00+00:00,141.08,141.4,134.41,136.39,319140449.80578
2026-01-08 00:00:00+00:00,136.39,140.07,132.67,138.37,425211873.06351
2026-01-09 00:00:00+00:00,138.37,141.17,134.98,135.97,522670162.73951
2026-01-10 00:00:00+00:00,135.96,137.05,135.37,135.84,136346330.79801
2026-01-11 00:00:00+00:00,135.85,141.6,135.75,139.7,306185406.75845
2026-01-12 00:00:00+00:00,139.69,144.4,138.34,139.22,587559710.0406
2026-01-13 00:00:00+00:00,139.21,148.74,137.82,145.51,598713149.38546
2026-01-14 00:00:00+00:00,145.52,148.44,143.37,146.69,539088197.85762
2026-01-15 00:00:00+00:00,146.7,146.73,140.9,142.4,354149725.74563
2026-01-16 00:00:00+00:00,142.41,145.55,140.26,144.89,271758949.58215
2026-01-17 00:00:00+00:00,144.9,144.99,143.32,143.72,120390445.12905
2026-01-18 00:00:00+00:00,143.73,144.0,137.74,137.87,266417011.22107
2026-01-19 00:00:00+00:00,137.87,137.87,130.0,133.44,397766014.10622
2026-01-20 00:00:00+00:00,133.44,134.63,124.68,125.8,456200360.19412
2026-01-21 00:00:00+00:00,125.81,132.17,125.26,129.54,406727656.32141
2026-01-22 00:00:00+00:00,129.53,130.94,126.73,128.47,233570687.82335
2026-01-23 00:00:00+00:00,128.47,130.2,125.28,127.43,261243943.98141
2026-01-24 00:00:00+00:00,127.43,128.12,126.64,127.21,102804908.33679
2026-01-25 00:00:00+00:00,127.22,127.46,117.15,118.85,549164530.09031
2026-01-26 00:00:00+00:00,118.85,125.6,118.53,124.24,289767656.39401
2026-01-27 00:00:00+00:00,124.24,127.84,123.12,127.19,255047826.37975
2026-01-28 00:00:00+00:00,127.18,128.34,124.78,125.35,252933659.86287
2026-01-29 00:00:00+00:00,125.34,125.51,115.39,117.82,444597605.45512
2026-01-30 00:00:00+00:00,117.82,119.12,112.14,117.59,552023487.13287
2026-01-31 00:00:00+00:00,117.6,118.85,96.4,105.58,920582075.30101
2026-02-01 00:00:00+00:00,105.58,106.69,98.02,100.79,432839562.25445
2026-02-02 00:00:00+00:00,100.78,106.12,95.95,104.55,566609041.93448
2026-02-03 00:00:00+00:00,104.54,105.1,96.64,97.89,455865168.22654
2026-02-04 00:00:00+00:00,97.89,99.67,89.3,92.12,589863839.90233
2026-02-05 00:00:00+00:00,92.11,93.43,77.6,78.35,874788983.51127
2026-02-06 00:00:00+00:00,78.34,89.84,67.5,87.46,944308125.32202
2026-02-07 00:00:00+00:00,87.45,89.2,84.16,87.59,389575196.26258
2026-02-08 00:00:00+00:00,87.59,89.08,85.77,86.99,222107656.10678
2026-02-09 00:00:00+00:00,86.99,88.69,82.86,86.77,315211863.58337
2026-02-10 00:00:00+00:00,86.77,87.49,81.91,82.99,251317963.78963
2026-02-11 00:00:00+00:00,82.99,84.39,78.04,79.3,308205411.26465
2026-02-12 00:00:00+00:00,79.31,82.25,76.6,78.4,254145719.77685
2026-02-13 00:00:00+00:00,78.39,85.63,77.53,84.33,275784441.45232
2026-02-14 00:00:00+00:00,84.34,88.9,84.21,88.06,234370543.10908
2026-02-15 00:00:00+00:00,88.06,91.26,84.89,86.16,346250701.78011
2026-02-16 00:00:00+00:00,86.15,86.93,82.55,86.45,302546627.54411
2026-02-17 00:00:00+00:00,86.45,87.69,82.92,85.08,235673494.40328
2026-02-18 00:00:00+00:00,85.09,86.09,80.48,81.61,261289831.6858
2026-02-19 00:00:00+00:00,81.61,82.67,79.61,82.5,231385778.97627
2026-02-20 00:00:00+00:00,82.5,85.49,81.77,84.67,314351728.4764
2026-02-21 00:00:00+00:00,84.68,86.72,83.97,85.17,152190722.00216
2026-02-22 00:00:00+00:00,85.17,85.6,82.48,82.79,151392933.93976
2026-02-23 00:00:00+00:00,82.8,82.85,77.15,77.9,407884335.70471
2026-02-24 00:00:00+00:00,77.91,79.62,75.63,78.99,278002990.9516
2026-02-25 00:00:00+00:00,78.99,92.1,78.73,88.06,481433269.20429
2026-02-26 00:00:00+00:00,88.05,89.27,84.34,85.91,292271358.94249
2026-02-27 00:00:00+00:00,85.91,88.29,80.32,81.85,282372399.31505
2026-02-28 00:00:00+00:00,81.84,85.65,77.12,84.35,381018103.31188
2026-03-01 00:00:00+00:00,84.35,88.9,81.69,83.6,379704573.89707
2026-03-02 00:00:00+00:00,83.61,90.29,82.37,86.64,441466075.27522
2026-03-03 00:00:00+00:00,86.65,87.46,82.5,86.97,352407982.68373
2026-03-04 00:00:00+00:00,86.98,94.05,84.78,90.85,569095803.57597
2026-03-05 00:00:00+00:00,90.86,92.96,87.91,88.77,338381026.60303
2026-03-06 00:00:00+00:00,88.78,89.31,83.64,84.7,270442360.96293
2026-03-07 00:00:00+00:00,84.69,85.07,82.28,83.22,122963798.86816
2026-03-08 00:00:00+00:00,83.22,84.13,80.26,81.59,172996198.81307
2026-03-09 00:00:00+00:00,81.6,87.06,81.54,84.96,303762981.41433
2026-03-10 00:00:00+00:00,84.95,88.8,84.83,85.88,315747627.25955
2026-03-11 00:00:00+00:00,85.88,88.09,84.36,86.58,274584022.30669
2026-03-12 00:00:00+00:00,86.58,87.69,84.72,86.84,251461590.54647
2026-03-13 00:00:00+00:00,86.83,92.98,86.71,88.18,444382862.34735
2026-03-14 00:00:00+00:00,88.17,88.71,86.51,88.03,131023050.50446
2026-03-15 00:00:00+00:00,88.04,93.23,87.36,92.3,234767488.50501
2026-03-16 00:00:00+00:00,92.31,97.68,91.18,96.2,528050134.14179
2026-03-17 00:00:00+00:00,96.19,96.95,93.15,94.62,268101714.95452
2026-03-18 00:00:00+00:00,94.61,95.65,88.55,90.08,300917405.38526
2026-03-19 00:00:00+00:00,90.07,91.41,87.0,88.89,232099704.87992
2026-03-20 00:00:00+00:00,88.9,90.45,88.13,89.84,196421070.04267
2026-03-21 00:00:00+00:00,89.85,90.81,87.14,87.56,111256092.32793
2026-03-22 00:00:00+00:00,87.55,89.2,85.14,86.2,186560079.07073
2026-03-23 00:00:00+00:00,86.21,92.26,85.11,91.43,408668711.98439
2026-03-24 00:00:00+00:00,91.44,92.22,88.42,90.8,278959551.29154
2026-03-25 00:00:00+00:00,90.8,93.47,90.71,91.7,244373310.11937
2026-03-26 00:00:00+00:00,91.7,91.98,85.45,86.53,313848720.7704
2026-03-27 00:00:00+00:00,86.52,87.04,81.86,83.11,239097154.26725
2026-03-28 00:00:00+00:00,83.11,84.29,81.69,82.09,138586353.26362
2026-03-29 00:00:00+00:00,82.09,83.24,78.96,81.44,132619257.69694
2026-03-30 00:00:00+00:00,81.45,84.99,81.15,82.54,252604976.45833
2026-03-31 00:00:00+00:00,82.55,84.62,80.08,83.2,350168600.26211
2026-04-01 00:00:00+00:00,83.19,86.65,80.77,81.18,390375500.93046
2026-04-02 00:00:00+00:00,81.19,81.77,76.7,78.94,332877124.59013
2026-04-03 00:00:00+00:00,78.95,80.91,78.85,80.4,178180006.68359
2026-04-04 00:00:00+00:00,80.39,81.61,79.57,80.83,126024814.1398
2026-04-05 00:00:00+00:00,80.84,82.13,78.52,81.89,138744190.8724
2026-04-06 00:00:00+00:00,81.89,83.2,79.6,80.03,223718858.15637
2026-04-07 00:00:00+00:00,80.03,87.02,78.38,85.56,352019236.78463
2026-04-08 00:00:00+00:00,85.56,85.9,82.24,82.57,248176777.53562
2026-04-09 00:00:00+00:00,82.56,85.95,81.4,83.33,231023182.06021
2026-04-10 00:00:00+00:00,83.33,85.67,82.62,84.83,183586491.42502
2026-04-11 00:00:00+00:00,84.83,86.26,83.8,84.93,133250533.99659
2026-04-12 00:00:00+00:00,84.94,85.0,81.27,81.53,179048096.72296
2026-04-13 00:00:00+00:00,81.54,86.81,81.4,86.51,246881043.41407
2026-04-14 00:00:00+00:00,86.51,87.67,83.3,83.72,302583169.25849
2026-04-15 00:00:00+00:00,83.72,85.83,82.65,84.9,218518458.54018
2026-04-16 00:00:00+00:00,84.9,90.53,83.8,89.05,342538921.72054
2026-04-17 00:00:00+00:00,89.06,90.73,87.34,88.76,377307282.79799
2026-04-18 00:00:00+00:00,88.77,89.16,85.78,86.16,165249225.53869
2026-04-19 00:00:00+00:00,86.15,87.12,82.94,83.47,221105423.00326
2026-04-20 00:00:00+00:00,83.47,86.22,83.34,85.28,195747705.12717
2026-04-21 00:00:00+00:00,85.29,86.89,84.31,86.03,180689885.18477
2026-04-22 00:00:00+00:00,86.04,89.32,86.01,86.87,277312968.48886
2026-04-23 00:00:00+00:00,86.86,87.18,84.48,86.12,248381347.37972
2026-04-24 00:00:00+00:00,86.12,86.94,84.92,86.18,156360251.67295
2026-04-25 00:00:00+00:00,86.18,86.8,85.53,86.18,89083751.12267
2026-04-26 00:00:00+00:00,86.19,87.32,85.84,86.93,125727370.39517
2026-04-27 00:00:00+00:00,86.93,88.08,83.63,84.82,258019187.38674
2026-04-28 00:00:00+00:00,84.82,84.93,82.98,84.06,139515262.33159
2026-04-29 00:00:00+00:00,84.06,85.56,81.4,83.04,215702892.97072
2026-04-30 00:00:00+00:00,83.05,84.01,82.16,83.09,114147099.21202
2026-05-01 00:00:00+00:00,83.09,84.86,83.08,83.76,151073553.34307
2026-05-02 00:00:00+00:00,83.76,84.97,83.44,84.26,86371425.97718
2026-05-03 00:00:00+00:00,84.26,84.97,83.58,83.91,106740859.1955
2026-05-04 00:00:00+00:00,83.91,85.9,83.23,84.1,293561075.29853
2026-05-05 00:00:00+00:00,84.11,86.98,84.04,86.29,211908510.33936
2026-05-06 00:00:00+00:00,86.29,90.03,86.1,89.16,308151763.87133
2026-05-07 00:00:00+00:00,89.16,90.44,87.63,88.42,256798285.69353
2026-05-08 00:00:00+00:00,88.43,92.8,87.6,92.01,237710210.22825
2026-05-09 00:00:00+00:00,92.02,94.17,91.85,93.13,184273334.88941
2026-05-10 00:00:00+00:00,93.12,97.0,92.6,96.47,242180573.08509
2026-05-11 00:00:00+00:00,96.46,98.41,94.3,97.37,295699382.12628
2026-05-12 00:00:00+00:00,97.37,97.68,93.55,94.28,267797491.336
2026-05-13 00:00:00+00:00,94.28,95.99,90.27,91.17,296684142.90225
2026-05-14 00:00:00+00:00,91.17,93.68,89.82,92.15,248759454.4034
2026-05-15 00:00:00+00:00,92.16,92.66,88.55,89.24,242000435.50568
2026-05-16 00:00:00+00:00,89.23,89.44,85.52,86.54,171166955.42498
2026-05-17 00:00:00+00:00,86.53,87.29,83.5,85.24,164713788.40151
2026-05-18 00:00:00+00:00,85.23,85.8,83.5,85.38,234894720.11943
2026-05-19 00:00:00+00:00,85.38,85.97,83.7,84.29,140968974.0037
2026-05-20 00:00:00+00:00,84.3,87.09,83.85,86.17,202352075.07971
2026-05-21 00:00:00+00:00,86.17,88.0,85.32,87.36,230197727.51692
2026-05-22 00:00:00+00:00,87.35,87.85,84.0,84.4,190465397.24417
2026-05-23 00:00:00+00:00,84.4,87.5,81.5,85.75,250189655.93753
2026-05-24 00:00:00+00:00,85.76,87.0,83.7,85.27,178546179.16054
2026-05-25 00:00:00+00:00,85.27,86.52,84.71,85.06,133934038.93491
2026-05-26 00:00:00+00:00,85.06,86.13,83.15,83.72,199494844.50827
2026-05-27 00:00:00+00:00,83.73,84.84,82.1,82.44,177381689.48777
2026-05-28 00:00:00+00:00,82.43,83.01,80.0,82.11,187780235.65195
2026-05-29 00:00:00+00:00,82.12,83.24,80.35,82.04,169419195.71328
2026-05-30 00:00:00+00:00,82.04,83.17,81.86,82.73,84139656.69554
2026-05-31 00:00:00+00:00,82.74,83.42,81.33,82.44,81945760.25686
