time,open,high,low,close,volume
2019-09-01 00:00:00+00:00,0.25747,0.25891,0.25,0.25593,8396989.383994
2019-09-02 00:00:00+00:00,0.25596,0.26428,0.25295,0.2606,15660047.933325
2019-09-03 00:00:00+00:00,0.2606,0.267,0.25751,0.26242,14738850.844038
2019-09-04 00:00:00+00:00,0.26252,0.26299,0.25598,0.25843,12827285.98578
2019-09-05 00:00:00+00:00,0.25843,0.25937,0.25337,0.25617,11089322.561886
2019-09-06 00:00:00+00:00,0.25616,0.25868,0.24692,0.2511,16136824.769319
2019-09-07 00:00:00+00:00,0.25115,0.26285,0.25009,0.25993,13824418.378517
2019-09-08 00:00:00+00:00,0.25989,0.26591,0.2555,0.26205,17002657.729988
2019-09-09 00:00:00+00:00,0.26205,0.26423,0.25634,0.25855,15205988.480434
2019-09-10 00:00:00+00:00,0.25869,0.26371,0.2535,0.25859,15995536.301485
2019-09-11 00:00:00+00:00,0.25855,0.26092,0.251,0.25519,14279228.06347
2019-09-12 00:00:00+00:00,0.25515,0.25686,0.25087,0.25406,14843159.904309
2019-09-13 00:00:00+00:00,0.25404,0.256,0.25132,0.2552,12086872.250654
2019-09-14 00:00:00+00:00,0.25536,0.26551,0.25389,0.26124,18393277.175896
2019-09-15 00:00:00+00:00,0.26125,0.26419,0.25386,0.26022,13494004.949412
2019-09-16 00:00:00+00:00,0.26015,0.263,0.25664,0.26098,11582013.032137
2019-09-17 00:00:00+00:00,0.26103,0.2985,0.25944,0.28561,61450339.084478
2019-09-18 00:00:00+00:00,0.28553,0.32631,0.28493,0.31344,93346877.964625
2019-09-19 00:00:00+00:00,0.31344,0.31345,0.28208,0.30062,82282462.004308
2019-09-20 00:00:00+00:00,0.30064,0.30159,0.2835,0.2936,46476133.728335
2019-09-21 00:00:00+00:00,0.2936,0.298,0.28625,0.28961,33163246.274949
2019-09-22 00:00:00+00:00,0.28964,0.28982,0.2686,0.27653,32630853.067018
2019-09-23 00:00:00+00:00,0.27656,0.28666,0.26601,0.26786,42540797.18759
2019-09-24 00:00:00+00:00,0.26787,0.27317,0.21333,0.23282,74890289.350329
2019-09-25 00:00:00+00:00,0.23282,0.24953,0.23132,0.2457,40828894.012041
2019-09-26 00:00:00+00:00,0.24567,0.25,0.22775,0.2422,30233595.403305
2019-09-27 00:00:00+00:00,0.2423,0.248,0.23296,0.24208,21396438.049458
2019-09-28 00:00:00+00:00,0.24209,0.24433,0.238,0.24163,10912438.143011
2019-09-29 00:00:00+00:00,0.24165,0.24261,0.23427,0.24024,10450612.04699
2019-09-30 00:00:00+00:00,0.24024,0.26192,0.2354,0.2566,39681370.165334
2019-10-01 00:00:00+00:00,0.25659,0.261,0.24441,0.24788,31747823.245256
2019-10-02 00:00:00+00:00,0.24787,0.25481,0.24421,0.25247,24270217.95518
2019-10-03 00:00:00+00:00,0.25248,0.25305,0.24159,0.24674,17609786.126323
2019-10-04 00:00:00+00:00,0.24687,0.25664,0.2445,0.25243,22794419.623895
2019-10-05 00:00:00+00:00,0.2525,0.2566,0.24671,0.25325,20818475.3038
2019-10-06 00:00:00+00:00,0.25325,0.25634,0.2506,0.25552,16049454.661113
2019-10-07 00:00:00+00:00,0.25551,0.28114,0.25333,0.27592,57283043.346304
2019-10-08 00:00:00+00:00,0.27584,0.28548,0.27062,0.2774,33759866.366353
2019-10-09 00:00:00+00:00,0.2774,0.28693,0.27358,0.28082,29652647.358558
2019-10-10 00:00:00+00:00,0.28089,0.28168,0.26455,0.27021,22049865.097712
2019-10-11 00:00:00+00:00,0.27021,0.27485,0.26431,0.26743,19245009.01261
2019-10-12 00:00:00+00:00,0.26741,0.27729,0.26712,0.27226,15793462.494851
2019-10-13 00:00:00+00:00,0.27232,0.28138,0.27109,0.27726,19658319.603199
2019-10-14 00:00:00+00:00,0.27729,0.29779,0.27641,0.29727,43914160.127687
2019-10-15 00:00:00+00:00,0.29722,0.299,0.283,0.28859,43050670.162818
2019-10-16 00:00:00+00:00,0.28859,0.29219,0.27858,0.28331,31117606.760202
2019-10-17 00:00:00+00:00,0.28334,0.3038,0.27969,0.30167,43648518.977833
2019-10-18 00:00:00+00:00,0.30166,0.30207,0.28433,0.29404,38944008.261668
2019-10-19 00:00:00+00:00,0.29404,0.29952,0.287,0.29145,30340201.859798
2019-10-20 00:00:00+00:00,0.29144,0.29615,0.28091,0.29386,32197424.448582
2019-10-21 00:00:00+00:00,0.29393,0.2942,0.28826,0.29187,20925101.97125
2019-10-22 00:00:00+00:00,0.29186,0.30278,0.28862,0.29046,30355779.115747
2019-10-23 00:00:00+00:00,0.29041,0.29127,0.25005,0.27306,51332366.498768
2019-10-24 00:00:00+00:00,0.27307,0.28,0.26629,0.27596,27095997.912027
2019-10-25 00:00:00+00:00,0.27597,0.3081,0.2742,0.29829,58012555.974919
2019-10-26 00:00:00+00:00,0.29839,0.312,0.284,0.29351,80688942.423661
2019-10-27 00:00:00+00:00,0.29351,0.30213,0.28901,0.29818,53575550.193199
2019-10-28 00:00:00+00:00,0.29825,0.3051,0.29309,0.29447,40059342.616639
2019-10-29 00:00:00+00:00,0.29443,0.30972,0.29416,0.30192,43828554.092707
2019-10-30 00:00:00+00:00,0.30192,0.30636,0.29016,0.29471,35044956.865821
2019-10-31 00:00:00+00:00,0.29471,0.29874,0.28777,0.29452,29601327.487168
2019-11-01 00:00:00+00:00,0.29459,0.2946,0.28448,0.29146,24809316.4701
2019-11-02 00:00:00+00:00,0.29148,0.2975,0.29112,0.29456,21323849.059357
2019-11-03 00:00:00+00:00,0.29456,0.29614,0.28855,0.29024,20112216.213021
2019-11-04 00:00:00+00:00,0.29024,0.2999,0.2891,0.29863,25105863.267256
2019-11-05 00:00:00+00:00,0.29863,0.30443,0.29416,0.30061,32311660.743242
2019-11-06 00:00:00+00:00,0.30062,0.31367,0.2961,0.31009,32657633.897357
2019-11-07 00:00:00+00:00,0.31016,0.3149,0.27503,0.29061,69353199.829256
2019-11-08 00:00:00+00:00,0.29068,0.291,0.27023,0.27547,46386875.333001
2019-11-09 00:00:00+00:00,0.27546,0.28156,0.2745,0.2799,17509161.476087
2019-11-10 00:00:00+00:00,0.2799,0.284,0.27658,0.27894,20319030.725051
2019-11-11 00:00:00+00:00,0.27899,0.28106,0.26935,0.27423,19091462.7089
2019-11-12 00:00:00+00:00,0.27423,0.27641,0.2676,0.27222,21181919.667568
2019-11-13 00:00:00+00:00,0.27224,0.27563,0.27013,0.27202,14359109.116035
2019-11-14 00:00:00+00:00,0.27207,0.27294,0.26354,0.26795,19366232.437807
2019-11-15 00:00:00+00:00,0.26795,0.26952,0.25303,0.26069,29381854.306466
2019-11-16 00:00:00+00:00,0.2607,0.26444,0.25911,0.26218,13670861.705531
2019-11-17 00:00:00+00:00,0.2622,0.266,0.25891,0.26311,13707451.702774
2019-11-18 00:00:00+00:00,0.26316,0.26318,0.2411,0.25179,25302252.644981
2019-11-19 00:00:00+00:00,0.25174,0.25654,0.243,0.25398,21882500.803854
2019-11-20 00:00:00+00:00,0.25398,0.25861,0.24809,0.25014,19902291.151566
2019-11-21 00:00:00+00:00,0.25022,0.25349,0.23613,0.24345,27594274.952877
2019-11-22 00:00:00+00:00,0.24345,0.2459,0.22122,0.23,41301641.154196
2019-11-23 00:00:00+00:00,0.23004,0.23541,0.22526,0.23407,20015819.079247
2019-11-24 00:00:00+00:00,0.23409,0.23466,0.21829,0.21989,21702594.781492
2019-11-25 00:00:00+00:00,0.22011,0.225,0.20013,0.21731,48844307.828819
2019-11-26 00:00:00+00:00,0.2173,0.2219,0.21327,0.2206,19092485.275499
2019-11-27 00:00:00+00:00,0.22054,0.2295,0.21259,0.224,26524670.216238
2019-11-28 00:00:00+00:00,0.22408,0.22946,0.22246,0.22313,13310126.059553
2019-11-29 00:00:00+00:00,0.22312,0.23229,0.22245,0.22998,13672137.931229
2019-11-30 00:00:00+00:00,0.22997,0.23192,0.22354,0.2255,11052152.993926
2019-12-01 00:00:00+00:00,0.22549,0.2255,0.2186,0.22477,13691786.756988
2019-12-02 00:00:00+00:00,0.22471,0.22623,0.21731,0.21914,14526198.883314
2019-12-03 00:00:00+00:00,0.21904,0.22182,0.2178,0.21951,7614717.260383
2019-12-04 00:00:00+00:00,0.2195,0.22491,0.20952,0.2139,24000030.156536
2019-12-05 00:00:00+00:00,0.21398,0.2262,0.212,0.22118,20382570.686384
2019-12-06 00:00:00+00:00,0.22118,0.2268,0.2191,0.22546,16179037.214377
2019-12-07 00:00:00+00:00,0.22554,0.228,0.22281,0.22699,10596180.403409
2019-12-08 00:00:00+00:00,0.22702,0.232,0.2237,0.22909,12372294.132834
2019-12-09 00:00:00+00:00,0.22913,0.23083,0.22113,0.22445,12075583.633184
2019-12-10 00:00:00+00:00,0.22435,0.2256,0.21894,0.22256,9920308.103338
2019-12-11 00:00:00+00:00,0.22256,0.22365,0.21973,0.22093,5820575.255672
2019-12-12 00:00:00+00:00,0.22103,0.22322,0.2164,0.21837,10844545.417528
2019-12-13 00:00:00+00:00,0.21837,0.22074,0.21537,0.22054,11344997.48012
2019-12-14 00:00:00+00:00,0.22055,0.22086,0.21463,0.21605,6831705.156862
2019-12-15 00:00:00+00:00,0.21605,0.21939,0.21463,0.21735,5695553.743575
2019-12-16 00:00:00+00:00,0.21735,0.21747,0.202,0.2055,18111443.951951
2019-12-17 00:00:00+00:00,0.20547,0.20568,0.17754,0.1831,49983422.817549
2019-12-18 00:00:00+00:00,0.1831,0.2,0.175,0.19573,39019551.703506
2019-12-19 00:00:00+00:00,0.19573,0.19706,0.18447,0.1878,16898416.262179
2019-12-20 00:00:00+00:00,0.1878,0.19787,0.18369,0.19521,27304791.682781
2019-12-21 00:00:00+00:00,0.19508,0.19617,0.18993,0.19143,11107941.807704
2019-12-22 00:00:00+00:00,0.19134,0.19665,0.19045,0.19649,10331460.609655
2019-12-23 00:00:00+00:00,0.1965,0.19974,0.18809,0.18953,18435268.919213
2019-12-24 00:00:00+00:00,0.18958,0.19413,0.18745,0.19077,12636776.752597
2019-12-25 00:00:00+00:00,0.19069,0.19137,0.18633,0.18852,7478003.201801
2019-12-26 00:00:00+00:00,0.18864,0.1941,0.18722,0.18923,8857810.272597
2019-12-27 00:00:00+00:00,0.18924,0.19015,0.1848,0.19003,6588601.727331
2019-12-28 00:00:00+00:00,0.19003,0.19469,0.18969,0.1932,7086061.707362
2019-12-29 00:00:00+00:00,0.19321,0.1985,0.1908,0.19653,9561940.204942
2019-12-30 00:00:00+00:00,0.19651,0.1979,0.19206,0.19326,8159012.311359
2019-12-31 00:00:00+00:00,0.19327,0.19422,0.18988,0.19295,7799069.731933
2020-01-01 00:00:00+00:00,0.19285,0.19526,0.19219,0.19305,5771433.604383
2020-01-02 00:00:00+00:00,0.19304,0.19304,0.18508,0.1875,9073315.019168
2020-01-03 00:00:00+00:00,0.1875,0.19395,0.1845,0.19338,13425667.294313
2020-01-04 00:00:00+00:00,0.19331,0.19363,0.19119,0.19305,6591839.235992
2020-01-05 00:00:00+00:00,0.19305,0.19722,0.19288,0.19453,10607350.475197
2020-01-06 00:00:00+00:00,0.19453,0.22396,0.19421,0.2231,49710472.358389
2020-01-07 00:00:00+00:00,0.2231,0.2255,0.20702,0.21335,44351703.875862
2020-01-08 00:00:00+00:00,0.21334,0.21836,0.20311,0.2075,31472465.535346
2020-01-09 00:00:00+00:00,0.2075,0.20877,0.20126,0.20373,15431045.589763
2020-01-10 00:00:00+00:00,0.20375,0.21318,0.20023,0.21284,29977092.952851
2020-01-11 00:00:00+00:00,0.21277,0.21994,0.20852,0.21121,25532572.239015
2020-01-12 00:00:00+00:00,0.21121,0.21713,0.20941,0.21539,15123300.637255
2020-01-13 00:00:00+00:00,0.21536,0.2156,0.2096,0.21134,10795581.67681
2020-01-14 00:00:00+00:00,0.21134,0.24526,0.21134,0.23464,68826737.174193
2020-01-15 00:00:00+00:00,0.23455,0.24356,0.2263,0.23367,55956373.09643
2020-01-16 00:00:00+00:00,0.23367,0.23501,0.2223,0.229,31838224.540542
2020-01-17 00:00:00+00:00,0.22899,0.24453,0.22659,0.23921,50576051.723939
2020-01-18 00:00:00+00:00,0.23922,0.25456,0.23183,0.24357,50099945.919774
2020-01-19 00:00:00+00:00,0.24357,0.25175,0.227,0.23558,43172566.93071
2020-01-20 00:00:00+00:00,0.23554,0.23672,0.22415,0.23314,26640859.519468
2020-01-21 00:00:00+00:00,0.23314,0.242,0.23,0.23726,26486822.906382
2020-01-22 00:00:00+00:00,0.23738,0.23996,0.23213,0.23733,20010091.379251
2020-01-23 00:00:00+00:00,0.23733,0.23746,0.22123,0.22586,24097989.545807
2020-01-24 00:00:00+00:00,0.22584,0.2263,0.21378,0.22222,26926281.582988
2020-01-25 00:00:00+00:00,0.22219,0.22271,0.21662,0.21946,12470105.17451
2020-01-26 00:00:00+00:00,0.21946,0.23276,0.218,0.23131,17962846.058326
2020-01-27 00:00:00+00:00,0.23121,0.23393,0.2263,0.23077,23755953.851886
2020-01-28 00:00:00+00:00,0.23078,0.24162,0.23077,0.23906,37078070.268662
2020-01-29 00:00:00+00:00,0.23912,0.24197,0.23425,0.23539,27305581.984165
2020-01-30 00:00:00+00:00,0.23538,0.24669,0.23056,0.24376,38659074.563365
2020-01-31 00:00:00+00:00,0.24376,0.24486,0.2335,0.23946,29315461.81043
2020-02-01 00:00:00+00:00,0.23947,0.24304,0.23684,0.24141,18983141.141455
2020-02-02 00:00:00+00:00,0.24146,0.26163,0.2355,0.25093,55336019.745377
2020-02-03 00:00:00+00:00,0.25094,0.2595,0.24678,0.25453,42349822.143385
2020-02-04 00:00:00+00:00,0.25447,0.271,0.24752,0.26737,71201308.848661
2020-02-05 00:00:00+00:00,0.26742,0.2824,0.26737,0.27774,85518327.622684
2020-02-06 00:00:00+00:00,0.27782,0.28856,0.26778,0.28325,77128867.819627
2020-02-07 00:00:00+00:00,0.28325,0.28832,0.27766,0.27953,44807968.236822
2020-02-08 00:00:00+00:00,0.27951,0.28223,0.2636,0.27735,45400358.533089
2020-02-09 00:00:00+00:00,0.27731,0.28924,0.27622,0.28257,42852878.727218
2020-02-10 00:00:00+00:00,0.28255,0.28322,0.2673,0.27338,39179667.171409
2020-02-11 00:00:00+00:00,0.27342,0.2835,0.26738,0.281,41421937.644401
2020-02-12 00:00:00+00:00,0.28092,0.309,0.28091,0.30427,105875104.900374
2020-02-13 00:00:00+00:00,0.30427,0.34,0.3,0.32709,221009646.854612
2020-02-14 00:00:00+00:00,0.32718,0.33942,0.3104,0.33594,114034581.268989
2020-02-15 00:00:00+00:00,0.33585,0.34676,0.2955,0.30729,128137062.317949
2020-02-16 00:00:00+00:00,0.30729,0.31892,0.27,0.29224,113239956.892601
2020-02-17 00:00:00+00:00,0.29248,0.29511,0.26821,0.28736,99269030.96835
2020-02-18 00:00:00+00:00,0.28741,0.30273,0.27474,0.29827,86321655.126464
2020-02-19 00:00:00+00:00,0.29834,0.30777,0.27007,0.27466,64036617.683121
2020-02-20 00:00:00+00:00,0.27466,0.28168,0.26109,0.2709,73579378.377882
2020-02-21 00:00:00+00:00,0.27094,0.27898,0.2678,0.27418,48263687.837263
2020-02-22 00:00:00+00:00,0.27424,0.2785,0.27,0.27468,29292468.963573
2020-02-23 00:00:00+00:00,0.27462,0.28467,0.27462,0.28298,37646258.077608
2020-02-24 00:00:00+00:00,0.28298,0.28425,0.26401,0.2704,50198305.728272
2020-02-25 00:00:00+00:00,0.2703,0.271,0.251,0.25209,54520365.69997
2020-02-26 00:00:00+00:00,0.25218,0.25512,0.22271,0.22915,86964308.842675
2020-02-27 00:00:00+00:00,0.22917,0.24722,0.22363,0.2385,59103715.419501
2020-02-28 00:00:00+00:00,0.23854,0.244,0.2285,0.23663,44944524.957791
2020-02-29 00:00:00+00:00,0.23658,0.24244,0.2287,0.22892,24722678.529473
2020-03-01 00:00:00+00:00,0.22897,0.23607,0.22428,0.22696,28835622.110862
2020-03-02 00:00:00+00:00,0.22699,0.24149,0.22582,0.23958,32516162.665898
2020-03-03 00:00:00+00:00,0.23968,0.2397,0.22942,0.23428,30665218.41354
2020-03-04 00:00:00+00:00,0.23433,0.23839,0.23,0.23453,21670173.524398
2020-03-05 00:00:00+00:00,0.23449,0.2432,0.23449,0.23909,31325344.325326
2020-03-06 00:00:00+00:00,0.23907,0.24629,0.23804,0.24477,28216830.669972
2020-03-07 00:00:00+00:00,0.24475,0.245,0.235,0.23622,23018458.797905
2020-03-08 00:00:00+00:00,0.23624,0.23624,0.2,0.20385,58950052.644317
2020-03-09 00:00:00+00:00,0.20387,0.2115,0.19787,0.20952,59338524.526144
2020-03-10 00:00:00+00:00,0.20946,0.21567,0.19979,0.21185,38376165.662722
2020-03-11 00:00:00+00:00,0.21181,0.2138,0.199,0.20813,36943051.521371
2020-03-12 00:00:00+00:00,0.20824,0.20988,0.12798,0.13549,126862479.008309
2020-03-13 00:00:00+00:00,0.13536,0.16614,0.10129,0.15872,176952697.598356
2020-03-14 00:00:00+00:00,0.15875,0.161,0.14351,0.14588,48507307.93506
2020-03-15 00:00:00+00:00,0.1459,0.16422,0.14449,0.15308,44671418.303825
2020-03-16 00:00:00+00:00,0.15306,0.15338,0.12815,0.14102,74672811.705282
2020-03-17 00:00:00+00:00,0.1411,0.1519,0.13962,0.14694,46647608.112147
2020-03-18 00:00:00+00:00,0.14691,0.14938,0.14001,0.1476,33736394.872818
2020-03-19 00:00:00+00:00,0.14749,0.17257,0.14428,0.1646,56107159.305619
2020-03-20 00:00:00+00:00,0.16458,0.175,0.14504,0.15695,83327848.650776
2020-03-21 00:00:00+00:00,0.15705,0.16196,0.15156,0.15797,42248980.407437
2020-03-22 00:00:00+00:00,0.15798,0.16178,0.14611,0.14776,34064640.067766
2020-03-23 00:00:00+00:00,0.14774,0.16163,0.14472,0.15854,43440715.282625
2020-03-24 00:00:00+00:00,0.15853,0.16387,0.15689,0.16225,40232050.461006
2020-03-25 00:00:00+00:00,0.16229,0.16524,0.15667,0.16168,32280625.729188
2020-03-26 00:00:00+00:00,0.1617,0.17742,0.15984,0.17593,34206852.499773
2020-03-27 00:00:00+00:00,0.17591,0.18724,0.16936,0.17269,55791468.335753
2020-03-28 00:00:00+00:00,0.17271,0.17984,0.16637,0.17543,52931319.272324
2020-03-29 00:00:00+00:00,0.1754,0.1767,0.16184,0.16278,31770063.65595
2020-03-30 00:00:00+00:00,0.16279,0.17546,0.16242,0.17112,31139110.222378
2020-03-31 00:00:00+00:00,0.17109,0.17789,0.17044,0.17353,27630973.270037
2020-04-01 00:00:00+00:00,0.17359,0.1763,0.16783,0.17494,31705061.12557
2020-04-02 00:00:00+00:00,0.17497,0.1865,0.17384,0.17828,39831050.609157
2020-04-03 00:00:00+00:00,0.17828,0.18277,0.17568,0.17957,30611897.823596
2020-04-04 00:00:00+00:00,0.17956,0.18365,0.1777,0.18114,21073737.203889
2020-04-05 00:00:00+00:00,0.18114,0.18206,0.17627,0.17925,15006077.305189
2020-04-06 00:00:00+00:00,0.17927,0.19834,0.17917,0.19803,42647674.02742
2020-04-07 00:00:00+00:00,0.198,0.20519,0.18986,0.19285,53940498.196549
2020-04-08 00:00:00+00:00,0.19283,0.20294,0.19155,0.20192,30755096.870222
2020-04-09 00:00:00+00:00,0.20192,0.20231,0.1938,0.19829,20760538.162821
2020-04-10 00:00:00+00:00,0.19826,0.19872,0.18119,0.18758,30441890.608963
2020-04-11 00:00:00+00:00,0.1876,0.19213,0.185,0.1885,18977182.628246
2020-04-12 00:00:00+00:00,0.18848,0.19567,0.18616,0.18939,24900274.476309
2020-04-13 00:00:00+00:00,0.18932,0.18947,0.18011,0.18763,29319579.405971
2020-04-14 00:00:00+00:00,0.18764,0.18931,0.18313,0.18613,17488252.493986
2020-04-15 00:00:00+00:00,0.18605,0.18973,0.18,0.1805,22474988.498451
2020-04-16 00:00:00+00:00,0.1805,0.19399,0.174,0.19053,41065594.104639
2020-04-17 00:00:00+00:00,0.1905,0.19185,0.18618,0.18863,17382005.139332
2020-04-18 00:00:00+00:00,0.18863,0.19715,0.18838,0.19544,21916048.618325
2020-04-19 00:00:00+00:00,0.19539,0.19638,0.18772,0.18901,17264504.169321
2020-04-20 00:00:00+00:00,0.18892,0.19453,0.17821,0.18151,32618188.185516
2020-04-21 00:00:00+00:00,0.18147,0.18637,0.18109,0.18341,20526910.210593
2020-04-22 00:00:00+00:00,0.18342,0.18964,0.18202,0.18804,17524430.811153
2020-04-23 00:00:00+00:00,0.18803,0.19951,0.18558,0.1926,34473402.308242
2020-04-24 00:00:00+00:00,0.19261,0.19695,0.19197,0.19325,22146163.860907
2020-04-25 00:00:00+00:00,0.19327,0.19776,0.1916,0.19418,15346321.201071
2020-04-26 00:00:00+00:00,0.19414,0.19775,0.19133,0.19618,18195800.864697
2020-04-27 00:00:00+00:00,0.1962,0.19979,0.19407,0.19747,20557795.797883
2020-04-28 00:00:00+00:00,0.1975,0.21806,0.19459,0.21416,50693359.878989
2020-04-29 00:00:00+00:00,0.21415,0.23075,0.20981,0.22648,64552311.119371
2020-04-30 00:00:00+00:00,0.22644,0.2359,0.20816,0.21135,69473163.648632
2020-05-01 00:00:00+00:00,0.21135,0.22418,0.21117,0.21786,34920373.571459
2020-05-02 00:00:00+00:00,0.21785,0.22575,0.21534,0.22369,26515783.345987
2020-05-03 00:00:00+00:00,0.22377,0.22667,0.2154,0.21936,24624153.913559
2020-05-04 00:00:00+00:00,0.21936,0.22057,0.20713,0.21776,35767192.497783
2020-05-05 00:00:00+00:00,0.21777,0.22213,0.21316,0.21688,23263009.84562
2020-05-06 00:00:00+00:00,0.21688,0.2224,0.21029,0.21158,28673363.827597
2020-05-07 00:00:00+00:00,0.21172,0.2211,0.20934,0.21862,38007015.383897
2020-05-08 00:00:00+00:00,0.2186,0.22199,0.21423,0.21865,29250576.989275
2020-05-09 00:00:00+00:00,0.21865,0.225,0.21554,0.21642,35087403.059432
2020-05-10 00:00:00+00:00,0.21642,0.21651,0.178,0.19702,60926889.82589
2020-05-11 00:00:00+00:00,0.19708,0.20031,0.184,0.19254,36506741.96018
2020-05-12 00:00:00+00:00,0.19254,0.2001,0.19128,0.19711,23710733.439909
2020-05-13 00:00:00+00:00,0.1971,0.20429,0.19564,0.20177,19051354.369793
2020-05-14 00:00:00+00:00,0.20176,0.20636,0.19838,0.20386,25092468.52641
2020-05-15 00:00:00+00:00,0.20379,0.20467,0.19505,0.19818,28517135.976807
2020-05-16 00:00:00+00:00,0.19818,0.2025,0.19664,0.19969,18846378.001292
2020-05-17 00:00:00+00:00,0.19969,0.20465,0.19889,0.20131,17382542.865857
2020-05-18 00:00:00+00:00,0.20132,0.20805,0.2007,0.20543,26571284.084875
2020-05-19 00:00:00+00:00,0.20537,0.20668,0.20087,0.20496,20308677.738706
2020-05-20 00:00:00+00:00,0.20486,0.20624,0.1975,0.20179,21674783.129598
2020-05-21 00:00:00+00:00,0.20178,0.20305,0.18928,0.19434,23543670.920691
2020-05-22 00:00:00+00:00,0.19434,0.2025,0.19212,0.20034,26830045.187892
2020-05-23 00:00:00+00:00,0.20032,0.20216,0.19793,0.19883,17664632.020712
2020-05-24 00:00:00+00:00,0.19883,0.20122,0.19222,0.19256,17579270.341137
2020-05-25 00:00:00+00:00,0.19263,0.19719,0.18972,0.19622,18809282.038849
2020-05-26 00:00:00+00:00,0.19622,0.19695,0.19139,0.19372,17758963.940541
2020-05-27 00:00:00+00:00,0.19371,0.20048,0.19355,0.19791,19606099.882905
2020-05-28 00:00:00+00:00,0.19792,0.20095,0.19502,0.20052,21835213.636664
2020-05-29 00:00:00+00:00,0.20052,0.20292,0.19622,0.19759,19620435.164664
2020-05-30 00:00:00+00:00,0.19762,0.208,0.19596,0.20701,31456500.105055
2020-05-31 00:00:00+00:00,0.207,0.21356,0.20026,0.20245,37293044.94795
2020-06-01 00:00:00+00:00,0.20241,0.21268,0.20112,0.211,32564541.552482
2020-06-02 00:00:00+00:00,0.21093,0.2147,0.1961,0.20301,42200256.167473
2020-06-03 00:00:00+00:00,0.20294,0.20487,0.2008,0.2041,20811724.763499
2020-06-04 00:00:00+00:00,0.20413,0.20724,0.19957,0.20427,25824214.132588
2020-06-05 00:00:00+00:00,0.20432,0.20585,0.20129,0.20274,20105805.907832
2020-06-06 00:00:00+00:00,0.20274,0.20484,0.20125,0.20361,16114585.187014
2020-06-07 00:00:00+00:00,0.2036,0.20496,0.19839,0.20329,18875028.463495
2020-06-08 00:00:00+00:00,0.20327,0.20444,0.20116,0.20403,12767362.010578
2020-06-09 00:00:00+00:00,0.20406,0.20528,0.2,0.20127,16520867.171308
2020-06-10 00:00:00+00:00,0.20135,0.20388,0.1985,0.20266,15280061.414238
2020-06-11 00:00:00+00:00,0.20266,0.2036,0.1846,0.18817,25844804.816227
2020-06-12 00:00:00+00:00,0.18823,0.19505,0.1869,0.19307,14533799.771144
2020-06-13 00:00:00+00:00,0.19308,0.19379,0.19076,0.19234,12170228.260262
2020-06-14 00:00:00+00:00,0.19238,0.19249,0.1887,0.19022,11158945.785282
2020-06-15 00:00:00+00:00,0.19022,0.19344,0.18202,0.19238,24415172.117359
2020-06-16 00:00:00+00:00,0.19238,0.19404,0.19007,0.19238,14666578.928633
2020-06-17 00:00:00+00:00,0.19236,0.19895,0.18846,0.19315,27856615.183625
2020-06-18 00:00:00+00:00,0.19315,0.19325,0.18802,0.18975,15843553.693894
2020-06-19 00:00:00+00:00,0.18975,0.19036,0.18658,0.18722,19119359.597477
2020-06-20 00:00:00+00:00,0.18724,0.18897,0.18488,0.18792,12232229.508848
2020-06-21 00:00:00+00:00,0.18793,0.18848,0.18565,0.18602,12484413.486531
2020-06-22 00:00:00+00:00,0.18602,0.19051,0.18569,0.18928,22925902.512118
2020-06-23 00:00:00+00:00,0.18933,0.19042,0.18831,0.18889,15203951.752928
2020-06-24 00:00:00+00:00,0.18889,0.19016,0.1799,0.18348,18502915.659501
2020-06-25 00:00:00+00:00,0.18344,0.18414,0.17849,0.18156,15201347.41991
2020-06-26 00:00:00+00:00,0.18156,0.18694,0.17848,0.18249,24516731.370918
2020-06-27 00:00:00+00:00,0.18247,0.1835,0.169,0.17509,17772779.348697
2020-06-28 00:00:00+00:00,0.1751,0.17983,0.17337,0.17693,14183202.989403
2020-06-29 00:00:00+00:00,0.17694,0.17939,0.17487,0.17726,19131133.776332
2020-06-30 00:00:00+00:00,0.17737,0.17775,0.17487,0.17533,11241515.751834
2020-07-01 00:00:00+00:00,0.17533,0.17814,0.17373,0.17647,17042899.871378
2020-07-02 00:00:00+00:00,0.17645,0.1777,0.172,0.17477,19165320.483997
2020-07-03 00:00:00+00:00,0.17476,0.17865,0.1743,0.1762,16520877.857541
2020-07-04 00:00:00+00:00,0.17618,0.17964,0.17593,0.17808,17979199.30731
2020-07-05 00:00:00+00:00,0.1781,0.1788,0.17372,0.17695,19241614.017257
2020-07-06 00:00:00+00:00,0.17691,0.18934,0.17644,0.18875,33204449.903344
2020-07-07 00:00:00+00:00,0.18876,0.18969,0.18312,0.18508,22136652.803759
2020-07-08 00:00:00+00:00,0.18508,0.20669,0.18382,0.20551,67681685.844916
2020-07-09 00:00:00+00:00,0.20544,0.21186,0.19667,0.20263,74431591.147896
2020-07-10 00:00:00+00:00,0.20263,0.20272,0.19252,0.19909,42071935.192573
2020-07-11 00:00:00+00:00,0.19906,0.20482,0.19792,0.2011,34447407.904762
2020-07-12 00:00:00+00:00,0.20112,0.20401,0.19758,0.20128,24769203.868089
2020-07-13 00:00:00+00:00,0.20122,0.2066,0.191,0.19867,42306094.039462
2020-07-14 00:00:00+00:00,0.19866,0.19978,0.195,0.19909,24969935.006765
2020-07-15 00:00:00+00:00,0.19908,0.1999,0.19635,0.19721,19325266.670079
2020-07-16 00:00:00+00:00,0.19722,0.19756,0.18822,0.19444,29776964.664402
2020-07-17 00:00:00+00:00,0.19447,0.19824,0.19125,0.1944,23222588.347467
2020-07-18 00:00:00+00:00,0.19441,0.20203,0.19392,0.1999,24883703.336682
2020-07-19 00:00:00+00:00,0.19989,0.20205,0.19574,0.19956,23382843.508856
2020-07-20 00:00:00+00:00,0.19961,0.20019,0.19194,0.19465,22476358.41557
2020-07-21 00:00:00+00:00,0.19465,0.201,0.19386,0.19949,23094933.038207
2020-07-22 00:00:00+00:00,0.19946,0.20441,0.196,0.20348,25445742.450528
2020-07-23 00:00:00+00:00,0.20351,0.21584,0.20142,0.20851,47793197.433814
2020-07-24 00:00:00+00:00,0.20847,0.20855,0.20189,0.20392,33175901.359486
2020-07-25 00:00:00+00:00,0.20393,0.21756,0.2035,0.21463,50101789.935724
2020-07-26 00:00:00+00:00,0.21462,0.22499,0.21255,0.21532,60582099.786355
2020-07-27 00:00:00+00:00,0.21528,0.23,0.20861,0.22437,78837943.66513
2020-07-28 00:00:00+00:00,0.22445,0.23476,0.217,0.23029,78508822.193674
2020-07-29 00:00:00+00:00,0.23031,0.25,0.22919,0.24327,101932060.973486
2020-07-30 00:00:00+00:00,0.24323,0.24954,0.233,0.24408,82500395.916323
2020-07-31 00:00:00+00:00,0.24407,0.26042,0.24158,0.25939,73781607.937082
2020-08-01 00:00:00+00:00,0.25938,0.29739,0.25557,0.29089,192372370.249556
2020-08-02 00:00:00+00:00,0.29089,0.32628,0.2476,0.28803,319783013.590693
2020-08-03 00:00:00+00:00,0.28809,0.31999,0.28357,0.31016,202645747.188177
2020-08-04 00:00:00+00:00,0.31008,0.31926,0.29038,0.30138,159903257.900735
2020-08-05 00:00:00+00:00,0.30137,0.30813,0.2908,0.30228,113786682.709406
2020-08-06 00:00:00+00:00,0.30233,0.31126,0.29722,0.30311,95740810.477769
2020-08-07 00:00:00+00:00,0.30309,0.31037,0.27936,0.29437,104613031.153893
2020-08-08 00:00:00+00:00,0.29444,0.2987,0.2898,0.29527,53160920.89494
2020-08-09 00:00:00+00:00,0.29532,0.29839,0.28215,0.2879,56426495.734923
2020-08-10 00:00:00+00:00,0.28792,0.30008,0.28301,0.29469,105174273.353254
2020-08-11 00:00:00+00:00,0.29468,0.30736,0.26727,0.2831,132691665.278141
2020-08-12 00:00:00+00:00,0.28308,0.28737,0.27139,0.28233,84822358.723429
2020-08-13 00:00:00+00:00,0.28233,0.29561,0.27243,0.2942,96909703.2663
2020-08-14 00:00:00+00:00,0.2942,0.3073,0.28918,0.29995,124939231.557538
2020-08-15 00:00:00+00:00,0.29995,0.30537,0.2907,0.29884,96907524.068825
2020-08-16 00:00:00+00:00,0.2989,0.3048,0.29186,0.30455,81578876.755705
2020-08-17 00:00:00+00:00,0.3046,0.32689,0.29702,0.31539,187018369.290665
2020-08-18 00:00:00+00:00,0.31535,0.32156,0.29614,0.30251,125998018.680262
2020-08-19 00:00:00+00:00,0.3025,0.30616,0.27809,0.28975,113932105.785389
2020-08-20 00:00:00+00:00,0.28969,0.29465,0.28431,0.29218,63110464.112807
2020-08-21 00:00:00+00:00,0.29217,0.29585,0.27671,0.27933,84779306.01874
2020-08-22 00:00:00+00:00,0.27935,0.28663,0.2733,0.28592,56060954.001977
2020-08-23 00:00:00+00:00,0.28589,0.28808,0.27698,0.2848,41797800.643935
2020-08-24 00:00:00+00:00,0.2848,0.292,0.28224,0.2884,47142715.931314
2020-08-25 00:00:00+00:00,0.2884,0.28959,0.27,0.27625,65341936.081103
2020-08-26 00:00:00+00:00,0.27628,0.28078,0.2739,0.27653,42419994.100277
2020-08-27 00:00:00+00:00,0.27645,0.27833,0.25453,0.26469,72352751.671078
2020-08-28 00:00:00+00:00,0.26478,0.2732,0.26,0.27174,43178213.037698
2020-08-29 00:00:00+00:00,0.27166,0.27685,0.26865,0.2738,33040428.367236
2020-08-30 00:00:00+00:00,0.27375,0.28389,0.27375,0.28302,43985400.051606
2020-08-31 00:00:00+00:00,0.28302,0.2845,0.27804,0.28115,46334854.982068
2020-09-01 00:00:00+00:00,0.28115,0.29884,0.27574,0.29521,85019226.045613
2020-09-02 00:00:00+00:00,0.29515,0.304,0.2622,0.27595,104193607.454721
2020-09-03 00:00:00+00:00,0.27594,0.2765,0.238,0.24409,98000534.91627
2020-09-04 00:00:00+00:00,0.24404,0.26582,0.24012,0.25385,87432536.780235
2020-09-05 00:00:00+00:00,0.25385,0.25951,0.231,0.23738,83561833.045509
2020-09-06 00:00:00+00:00,0.23737,0.24358,0.22937,0.23986,58474242.64096
2020-09-07 00:00:00+00:00,0.23987,0.24292,0.22962,0.24198,51478872.451686
2020-09-08 00:00:00+00:00,0.24202,0.24365,0.2312,0.23657,43907960.315417
2020-09-09 00:00:00+00:00,0.23658,0.24278,0.23303,0.23901,28868110.3727
2020-09-10 00:00:00+00:00,0.239,0.24871,0.23878,0.24302,36881925.995935
2020-09-11 00:00:00+00:00,0.24302,0.2444,0.23683,0.24252,24851112.714879
2020-09-12 00:00:00+00:00,0.24252,0.24879,0.24019,0.24752,21958265.412655
2020-09-13 00:00:00+00:00,0.24749,0.2535,0.23757,0.24218,32977928.093221
2020-09-14 00:00:00+00:00,0.24214,0.2484,0.23901,0.24564,31519192.260207
2020-09-15 00:00:00+00:00,0.24562,0.2494,0.24225,0.24331,30328603.084105
2020-09-16 00:00:00+00:00,0.24331,0.25117,0.2341,0.24686,37716252.838501
2020-09-17 00:00:00+00:00,0.24682,0.2586,0.24601,0.25214,49350788.132887
2020-09-18 00:00:00+00:00,0.25208,0.25522,0.2463,0.25065,31139489.423272
2020-09-19 00:00:00+00:00,0.25065,0.25497,0.24733,0.25112,23685321.042841
2020-09-20 00:00:00+00:00,0.25112,0.25125,0.2423,0.24652,24906611.324016
2020-09-21 00:00:00+00:00,0.24657,0.24809,0.22915,0.23102,55501544.15145
2020-09-22 00:00:00+00:00,0.23104,0.23459,0.22916,0.23302,26224389.789565
2020-09-23 00:00:00+00:00,0.23301,0.2352,0.22017,0.22164,34012112.732716
2020-09-24 00:00:00+00:00,0.22164,0.23401,0.21944,0.23276,39352163.147503
2020-09-25 00:00:00+00:00,0.23277,0.24477,0.2295,0.24154,34780905.367382
2020-09-26 00:00:00+00:00,0.24154,0.24568,0.23764,0.24153,27432232.220307
2020-09-27 00:00:00+00:00,0.24147,0.24474,0.23729,0.24334,22146900.091589
2020-09-28 00:00:00+00:00,0.24329,0.24851,0.23979,0.24107,29741294.957383
2020-09-29 00:00:00+00:00,0.2411,0.24662,0.2383,0.24285,26469745.144946
2020-09-30 00:00:00+00:00,0.24286,0.24289,0.2375,0.24171,24347238.787406
2020-10-01 00:00:00+00:00,0.24172,0.24452,0.23372,0.23819,30495397.259874
2020-10-02 00:00:00+00:00,0.23813,0.23937,0.22829,0.23386,34176222.851323
2020-10-03 00:00:00+00:00,0.23387,0.23499,0.23254,0.23273,13997096.9467
2020-10-04 00:00:00+00:00,0.23274,0.25024,0.23159,0.24794,37951261.265445
2020-10-05 00:00:00+00:00,0.24794,0.25442,0.24628,0.2503,57235368.600163
2020-10-06 00:00:00+00:00,0.25034,0.25932,0.24021,0.24545,94929219.472188
2020-10-07 00:00:00+00:00,0.24549,0.25141,0.24077,0.2487,43649107.300601
2020-10-08 00:00:00+00:00,0.24871,0.25297,0.24206,0.25141,49015452.564364
2020-10-09 00:00:00+00:00,0.25141,0.25665,0.24935,0.25293,48500548.309277
2020-10-10 00:00:00+00:00,0.25293,0.26071,0.25265,0.25402,42523830.303293
2020-10-11 00:00:00+00:00,0.25401,0.25842,0.25321,0.25544,33068068.215823
2020-10-12 00:00:00+00:00,0.25545,0.25826,0.24732,0.25603,57452750.353896
2020-10-13 00:00:00+00:00,0.25602,0.25997,0.25267,0.2565,59570256.079706
2020-10-14 00:00:00+00:00,0.25658,0.2584,0.24593,0.24906,50509873.509913
2020-10-15 00:00:00+00:00,0.24906,0.25014,0.24287,0.24596,38896100.048339
2020-10-16 00:00:00+00:00,0.24584,0.24787,0.2375,0.24011,36128367.830974
2020-10-17 00:00:00+00:00,0.24014,0.24329,0.23853,0.24057,18367534.830073
2020-10-18 00:00:00+00:00,0.24059,0.24362,0.24005,0.24221,14427329.696737
2020-10-19 00:00:00+00:00,0.2422,0.24945,0.24011,0.24558,35439791.433392
2020-10-20 00:00:00+00:00,0.24557,0.25039,0.2411,0.24322,34925003.950024
2020-10-21 00:00:00+00:00,0.24324,0.25555,0.24249,0.25088,53312284.345912
2020-10-22 00:00:00+00:00,0.2508,0.26357,0.25077,0.25709,67897774.180178
2020-10-23 00:00:00+00:00,0.25703,0.25921,0.25005,0.25471,37255585.126815
2020-10-24 00:00:00+00:00,0.25472,0.25763,0.25253,0.2562,18346177.888177
2020-10-25 00:00:00+00:00,0.2562,0.25714,0.25105,0.25313,17779246.308911
2020-10-26 00:00:00+00:00,0.25313,0.2591,0.24341,0.2481,38536423.228923
2020-10-27 00:00:00+00:00,0.24811,0.25398,0.24743,0.25273,31443502.818749
2020-10-28 00:00:00+00:00,0.25273,0.25666,0.2444,0.2454,38044417.438282
2020-10-29 00:00:00+00:00,0.2454,0.24702,0.2396,0.24239,31205978.45702
2020-10-30 00:00:00+00:00,0.24232,0.24402,0.23057,0.23905,31703289.82017
2020-10-31 00:00:00+00:00,0.23906,0.24351,0.23743,0.23968,20324011.512796
2020-11-01 00:00:00+00:00,0.2396,0.24138,0.23648,0.23999,15489254.777157
2020-11-02 00:00:00+00:00,0.23999,0.2452,0.23264,0.23523,30969679.633886
2020-11-03 00:00:00+00:00,0.23526,0.24425,0.22772,0.2396,50432667.449816
2020-11-04 00:00:00+00:00,0.2396,0.24045,0.23213,0.23758,41444809.320879
2020-11-05 00:00:00+00:00,0.23759,0.24743,0.23712,0.24561,53398705.87834
2020-11-06 00:00:00+00:00,0.24569,0.2614,0.24508,0.25863,73660073.770537
2020-11-07 00:00:00+00:00,0.2586,0.26733,0.24419,0.2491,67744770.59906
2020-11-08 00:00:00+00:00,0.24913,0.25701,0.24724,0.25374,30293017.54379
2020-11-09 00:00:00+00:00,0.25368,0.2562,0.24557,0.25059,40400329.700759
2020-11-10 00:00:00+00:00,0.25058,0.265,0.24806,0.2538,64042649.826889
2020-11-11 00:00:00+00:00,0.25379,0.26,0.25209,0.25581,39896988.270745
2020-11-12 00:00:00+00:00,0.25581,0.25818,0.2525,0.2549,35653157.512493
2020-11-13 00:00:00+00:00,0.2549,0.2659,0.2535,0.2659,50106120.77904
2020-11-14 00:00:00+00:00,0.26587,0.2777,0.26128,0.26824,85844084.31263
2020-11-15 00:00:00+00:00,0.26829,0.27677,0.26405,0.26954,61029873.409176
2020-11-16 00:00:00+00:00,0.26957,0.28998,0.26737,0.28813,89951174.769696
2020-11-17 00:00:00+00:00,0.28814,0.305,0.28722,0.30247,158066984.773729
2020-11-18 00:00:00+00:00,0.30247,0.30818,0.28055,0.29335,143882251.992721
2020-11-19 00:00:00+00:00,0.29333,0.30659,0.284,0.30358,107051451.94677
2020-11-20 00:00:00+00:00,0.30356,0.33091,0.29679,0.32991,151151000.068398
2020-11-21 00:00:00+00:00,0.32993,0.4695,0.32929,0.46283,665185391.442565
2020-11-22 00:00:00+00:00,0.46283,0.49659,0.40155,0.44611,840784017.987635
2020-11-23 00:00:00+00:00,0.44592,0.61984,0.43232,0.61579,962347929.293642
2020-11-24 00:00:00+00:00,0.61562,0.78068,0.56777,0.694,1926961549.006279
2020-11-25 00:00:00+00:00,0.69399,0.725,0.58405,0.63022,1118433083.087708
2020-11-26 00:00:00+00:00,0.63024,0.652,0.456,0.53654,1245423133.082161
2020-11-27 00:00:00+00:00,0.53649,0.58669,0.50345,0.5623,673153678.076203
2020-11-28 00:00:00+00:00,0.5625,0.64888,0.5387,0.62579,765827539.010403
2020-11-29 00:00:00+00:00,0.62573,0.637,0.58285,0.60543,524064378.113816
2020-11-30 00:00:00+00:00,0.60543,0.6791,0.59881,0.66417,753345635.265384
2020-12-01 00:00:00+00:00,0.66378,0.681,0.56401,0.61088,686847842.126497
2020-12-02 00:00:00+00:00,0.6113,0.6368,0.59455,0.62972,365585853.26122
2020-12-03 00:00:00+00:00,0.62969,0.6418,0.6149,0.63046,246271840.092999
2020-12-04 00:00:00+00:00,0.63046,0.6342,0.54253,0.55367,389782264.85841
2020-12-05 00:00:00+00:00,0.55355,0.59628,0.54833,0.58517,250932396.48905
2020-12-06 00:00:00+00:00,0.58516,0.62801,0.57907,0.62107,387889035.538819
2020-12-07 00:00:00+00:00,0.62096,0.624,0.59084,0.60818,235094193.699529
2020-12-08 00:00:00+00:00,0.60822,0.61048,0.55,0.5589,293197052.256611
2020-12-09 00:00:00+00:00,0.55897,0.60544,0.50383,0.58265,510964260.483071
2020-12-10 00:00:00+00:00,0.58284,0.58848,0.55318,0.57267,319869975.206341
2020-12-11 00:00:00+00:00,0.57267,0.58697,0.52594,0.54945,529070040.377017
2020-12-12 00:00:00+00:00,0.54847,0.55102,0.48521,0.50658,515199855.292531
2020-12-13 00:00:00+00:00,0.50658,0.5278,0.4855,0.51365,307920815.128821
2020-12-14 00:00:00+00:00,0.51366,0.51852,0.48901,0.4974,188157111.950966
2020-12-15 00:00:00+00:00,0.49737,0.50715,0.46433,0.46793,247959761.427087
2020-12-16 00:00:00+00:00,0.46793,0.57477,0.43722,0.56941,618850157.504063
2020-12-17 00:00:00+00:00,0.56938,0.65852,0.5358,0.5769,1061411734.895644
2020-12-18 00:00:00+00:00,0.57685,0.61346,0.55101,0.58337,562936094.726901
2020-12-19 00:00:00+00:00,0.58335,0.60377,0.56588,0.57666,358870636.706041
2020-12-20 00:00:00+00:00,0.57692,0.58658,0.5287,0.55586,310455066.216071
2020-12-21 00:00:00+00:00,0.55576,0.56935,0.49825,0.51445,317815563.941486
2020-12-22 00:00:00+00:00,0.51469,0.52213,0.40215,0.44642,702363072.807373
2020-12-23 00:00:00+00:00,0.44636,0.44842,0.21164,0.2605,1486807317.120062
2020-12-24 00:00:00+00:00,0.2605,0.3778,0.24003,0.33863,1078318896.969619
2020-12-25 00:00:00+00:00,0.33865,0.3855,0.2797,0.31768,1115617187.970133
2020-12-26 00:00:00+00:00,0.3179,0.32723,0.28303,0.29481,514901209.79865
2020-12-27 00:00:00+00:00,0.29484,0.312,0.266,0.28407,422815733.678889
2020-12-28 00:00:00+00:00,0.28401,0.31,0.2341,0.24845,427264401.087717
2020-12-29 00:00:00+00:00,0.24832,0.25167,0.17351,0.22142,912641375.416483
2020-12-30 00:00:00+00:00,0.22142,0.23665,0.19186,0.21138,545797740.259575
2020-12-31 00:00:00+00:00,0.21133,0.22949,0.20521,0.21959,302605100.002844
2021-01-01 00:00:00+00:00,0.21953,0.25,0.216,0.23746,351730366.621461
2021-01-02 00:00:00+00:00,0.2374,0.23823,0.21084,0.22064,256890338.077948
2021-01-03 00:00:00+00:00,0.22064,0.23852,0.215,0.2254,263559996.334464
2021-01-04 00:00:00+00:00,0.2254,0.26091,0.218,0.23565,355687350.480361
2021-01-05 00:00:00+00:00,0.23568,0.24269,0.21774,0.22573,271653748.912711
2021-01-06 00:00:00+00:00,0.22577,0.2745,0.22139,0.24854,429156673.649992
2021-01-07 00:00:00+00:00,0.24856,0.37,0.2453,0.32389,1218860817.912378
2021-01-08 00:00:00+00:00,0.32389,0.3467,0.28487,0.32032,642118744.307826
2021-01-09 00:00:00+00:00,0.32049,0.3395,0.30523,0.32419,378279817.306759
2021-01-10 00:00:00+00:00,0.32419,0.368,0.28708,0.31491,567099789.194815
2021-01-11 00:00:00+00:00,0.31487,0.31627,0.25343,0.28743,549762215.522203
2021-01-12 00:00:00+00:00,0.28742,0.31003,0.27743,0.29254,323719332.688381
2021-01-13 00:00:00+00:00,0.29241,0.31,0.2848,0.30582,227883371.965583
2021-01-14 00:00:00+00:00,0.3057,0.309,0.28334,0.29642,262513956.21671
2021-01-15 00:00:00+00:00,0.29648,0.30337,0.261,0.27991,240600936.030388
2021-01-16 00:00:00+00:00,0.27987,0.29666,0.27503,0.27924,213356467.698998
2021-01-17 00:00:00+00:00,0.2792,0.28572,0.26846,0.27746,150338386.635075
2021-01-18 00:00:00+00:00,0.27741,0.28875,0.27144,0.28528,151122037.34263
2021-01-19 00:00:00+00:00,0.28529,0.33,0.28396,0.29396,385029745.38853
2021-01-20 00:00:00+00:00,0.29395,0.31184,0.28,0.29539,247845672.785467
2021-01-21 00:00:00+00:00,0.29553,0.30797,0.25992,0.26802,257641399.418685
2021-01-22 00:00:00+00:00,0.26786,0.27826,0.24021,0.27217,212058886.99997
2021-01-23 00:00:00+00:00,0.27216,0.28356,0.26545,0.27167,122131855.331534
2021-01-24 00:00:00+00:00,0.27169,0.27798,0.26804,0.27339,96574389.387948
2021-01-25 00:00:00+00:00,0.27335,0.285,0.26679,0.26757,133188951.448691
2021-01-26 00:00:00+00:00,0.26751,0.27095,0.258,0.26834,101956457.832435
2021-01-27 00:00:00+00:00,0.26837,0.26871,0.24388,0.25039,119454680.469665
2021-01-28 00:00:00+00:00,0.25058,0.27,0.24699,0.26407,128796097.246275
2021-01-29 00:00:00+00:00,0.26413,0.31724,0.25915,0.2829,482447395.073534
2021-01-30 00:00:00+00:00,0.2829,0.5178,0.278,0.44372,2280599179.36687
2021-01-31 00:00:00+00:00,0.44369,0.51,0.385,0.49507,2080703862.129768
2021-02-01 00:00:00+00:00,0.49516,0.755,0.35928,0.37106,4589983778.525757
2021-02-02 00:00:00+00:00,0.37123,0.41123,0.3401,0.37254,784141246.925064
2021-02-03 00:00:00+00:00,0.37254,0.419,0.37254,0.39721,539893636.834907
2021-02-04 00:00:00+00:00,0.39721,0.48159,0.37885,0.44545,960323654.471758
2021-02-05 00:00:00+00:00,0.44535,0.47222,0.4241,0.45219,688979088.776413
2021-02-06 00:00:00+00:00,0.45195,0.45688,0.42,0.44307,386022330.254404
2021-02-07 00:00:00+00:00,0.44307,0.45089,0.39123,0.41849,486363286.059079
2021-02-08 00:00:00+00:00,0.41848,0.4692,0.4125,0.45099,505332982.467878
2021-02-09 00:00:00+00:00,0.45098,0.49,0.44901,0.47636,594781548.27888
2021-02-10 00:00:00+00:00,0.47637,0.54224,0.45,0.50429,1012450835.781283
2021-02-11 00:00:00+00:00,0.50422,0.53545,0.49982,0.52806,498922643.591832
2021-02-12 00:00:00+00:00,0.52824,0.61922,0.51871,0.609,956721161.371605
2021-02-13 00:00:00+00:00,0.609,0.64244,0.54306,0.63309,966760308.901824
2021-02-14 00:00:00+00:00,0.63309,0.63981,0.56111,0.59211,608849180.303591
2021-02-15 00:00:00+00:00,0.59217,0.6043,0.50891,0.54976,682566427.159418
2021-02-16 00:00:00+00:00,0.54987,0.58005,0.48111,0.51995,617505050.665783
2021-02-17 00:00:00+00:00,0.5198,0.55751,0.49336,0.53467,483480822.986445
2021-02-18 00:00:00+00:00,0.5346,0.55995,0.51901,0.53204,410813120.460258
2021-02-19 00:00:00+00:00,0.53217,0.58195,0.5131,0.56465,621007938.394041
2021-02-20 00:00:00+00:00,0.56478,0.58235,0.47231,0.51167,679894672.341166
2021-02-21 00:00:00+00:00,0.5115,0.55858,0.50311,0.54468,542004027.418675
2021-02-22 00:00:00+00:00,0.54468,0.65155,0.51,0.56646,2066191522.766014
2021-02-23 00:00:00+00:00,0.56637,0.57172,0.365,0.47579,1207887539.425895
2021-02-24 00:00:00+00:00,0.4758,0.49999,0.4512,0.4686,471927159.816689
2021-02-25 00:00:00+00:00,0.46864,0.48233,0.4244,0.43601,329847166.287576
2021-02-26 00:00:00+00:00,0.43599,0.45067,0.41111,0.42788,390947843.286356
2021-02-27 00:00:00+00:00,0.42794,0.45945,0.42681,0.43589,270371729.780691
2021-02-28 00:00:00+00:00,0.43586,0.43876,0.39268,0.41565,279171271.502784
2021-03-01 00:00:00+00:00,0.4157,0.454,0.41207,0.44537,259430312.516534
2021-03-02 00:00:00+00:00,0.44537,0.45532,0.42159,0.4357,282458415.457801
2021-03-03 00:00:00+00:00,0.43572,0.46869,0.43011,0.44846,288542355.519115
2021-03-04 00:00:00+00:00,0.44841,0.49449,0.43411,0.48096,576276593.911221
2021-03-05 00:00:00+00:00,0.4812,0.48488,0.44575,0.45457,344230596.124093
2021-03-06 00:00:00+00:00,0.45441,0.4765,0.44901,0.46285,168337881.577025
2021-03-07 00:00:00+00:00,0.46292,0.4689,0.45641,0.46558,151093370.735674
2021-03-08 00:00:00+00:00,0.46579,0.48987,0.45505,0.47412,321518987.206181
2021-03-09 00:00:00+00:00,0.47413,0.48736,0.471,0.4849,237676409.039218
2021-03-10 00:00:00+00:00,0.48481,0.4887,0.4545,0.46155,279457487.973426
2021-03-11 00:00:00+00:00,0.4617,0.46427,0.44058,0.45187,242133628.161213
2021-03-12 00:00:00+00:00,0.45187,0.46488,0.42205,0.43934,296752184.509377
2021-03-13 00:00:00+00:00,0.43934,0.46646,0.43205,0.45787,246625018.869059
2021-03-14 00:00:00+00:00,0.45786,0.46155,0.43857,0.43905,186867219.541913
2021-03-15 00:00:00+00:00,0.439,0.44815,0.42268,0.43574,232012451.405
2021-03-16 00:00:00+00:00,0.43566,0.52221,0.42723,0.46024,683407174.157422
2021-03-17 00:00:00+00:00,0.46037,0.48245,0.45317,0.4698,263902659.484528
2021-03-18 00:00:00+00:00,0.46993,0.4905,0.46558,0.46893,263757843.889031
2021-03-19 00:00:00+00:00,0.46899,0.47536,0.45848,0.46651,158130280.805004
2021-03-20 00:00:00+00:00,0.4665,0.54999,0.46424,0.52613,589598402.883497
2021-03-21 00:00:00+00:00,0.52584,0.54691,0.49508,0.51651,452720932.865974
2021-03-22 00:00:00+00:00,0.51661,0.6,0.50082,0.5441,922895186.811096
2021-03-23 00:00:00+00:00,0.54403,0.59638,0.5378,0.5498,620265578.732113
2021-03-24 00:00:00+00:00,0.54945,0.56302,0.45212,0.48021,467418386.243383
2021-03-25 00:00:00+00:00,0.48022,0.5248,0.454,0.51058,451595543.224611
2021-03-26 00:00:00+00:00,0.51034,0.57689,0.50999,0.56357,403613462.350171
2021-03-27 00:00:00+00:00,0.56348,0.57464,0.5342,0.54752,252238439.283737
2021-03-28 00:00:00+00:00,0.54735,0.56075,0.53879,0.54552,187521498.074165
2021-03-29 00:00:00+00:00,0.5455,0.57082,0.54317,0.56538,299295436.39772
2021-03-30 00:00:00+00:00,0.56528,0.588,0.55903,0.5621,328603814.092404
2021-03-31 00:00:00+00:00,0.56207,0.57682,0.52624,0.56982,368338400.037883
2021-04-01 00:00:00+00:00,0.5698,0.59555,0.54864,0.57087,403620335.990511
2021-04-02 00:00:00+00:00,0.57061,0.61,0.56522,0.60701,469092621.706064
2021-04-03 00:00:00+00:00,0.60701,0.64262,0.573,0.57831,610941357.367848
2021-04-04 00:00:00+00:00,0.57836,0.63599,0.56591,0.635,398033638.91737
2021-04-05 00:00:00+00:00,0.63501,0.93999,0.6194,0.91584,2594712865.019058
2021-04-06 00:00:00+00:00,0.91584,1.119,0.7931,1.09663,3956999209.7454834
2021-04-07 00:00:00+00:00,1.09666,1.10882,0.856,0.91542,2057878537.577001
2021-04-08 00:00:00+00:00,0.91544,1.07294,0.90128,1.05599,1202251447.193933
2021-04-09 00:00:00+00:00,1.05571,1.0849,0.9808,1.01721,990383345.956822
2021-04-10 00:00:00+00:00,1.01754,1.399,1.00617,1.3728,3353669231.6680913
2021-04-11 00:00:00+00:00,1.37215,1.5,1.305,1.35118,2759553621.651804
2021-04-12 00:00:00+00:00,1.35118,1.475,1.31804,1.46843,1551301546.996534
2021-04-13 00:00:00+00:00,1.4685,1.88888,1.41778,1.79611,4232701999.743603
2021-04-14 00:00:00+00:00,1.79607,1.96689,1.56001,1.83468,3790184503.519214
2021-04-15 00:00:00+00:00,1.83396,1.885,1.65243,1.75781,1972494342.045326
2021-04-16 00:00:00+00:00,1.75781,1.81041,1.42,1.54805,2928098753.87874
2021-04-17 00:00:00+00:00,1.54805,1.74163,1.52991,1.53896,1795844763.135436
2021-04-18 00:00:00+00:00,1.53988,1.56505,1.16,1.40797,2726554646.230822
2021-04-19 00:00:00+00:00,1.40797,1.5339,1.251,1.30945,2226346359.837807
2021-04-20 00:00:00+00:00,1.30941,1.44796,1.18,1.38501,1998260575.197018
2021-04-21 00:00:00+00:00,1.385,1.4645,1.27545,1.29097,1787718096.866206
2021-04-22 00:00:00+00:00,1.2911,1.41947,1.0859,1.15489,2272197864.679995
2021-04-23 00:00:00+00:00,1.15489,1.19724,0.88601,1.17073,2842229471.527245
2021-04-24 00:00:00+00:00,1.17019,1.172,1.01753,1.04833,1223943584.741048
2021-04-25 00:00:00+00:00,1.04971,1.156,0.9418,1.0351,1083686710.5408976
2021-04-26 00:00:00+00:00,1.0353,1.375,1.0133,1.3629,2295854108.115131
2021-04-27 00:00:00+00:00,1.3629,1.462,1.3284,1.4017,2118259481.893091
2021-04-28 00:00:00+00:00,1.4017,1.4492,1.2814,1.3576,1485523114.708695
2021-04-29 00:00:00+00:00,1.3576,1.42,1.3263,1.3978,1140421598.270039
2021-04-30 00:00:00+00:00,1.3978,1.6397,1.3745,1.5988,2214906822.015991
2021-05-01 00:00:00+00:00,1.5989,1.6666,1.5226,1.651,1113456410.580291
2021-05-02 00:00:00+00:00,1.651,1.658,1.525,1.5605,951116358.690543
2021-05-03 00:00:00+00:00,1.5605,1.6216,1.47,1.5546,1056220070.625321
2021-05-04 00:00:00+00:00,1.5546,1.558,1.32,1.3877,1969497041.495127
2021-05-05 00:00:00+00:00,1.3878,1.624,1.366,1.6133,1919965081.164776
2021-05-06 00:00:00+00:00,1.6137,1.7658,1.521,1.6028,2502923635.432614
2021-05-07 00:00:00+00:00,1.6028,1.695,1.505,1.5793,1424596624.880693
2021-05-08 00:00:00+00:00,1.5795,1.6277,1.5404,1.5611,813345139.867209
2021-05-09 00:00:00+00:00,1.5611,1.5968,1.4249,1.5345,1101438306.388421
2021-05-10 00:00:00+00:00,1.5343,1.627,1.214,1.3906,1710822393.281455
2021-05-11 00:00:00+00:00,1.391,1.4905,1.3555,1.4786,1034939727.843303
2021-05-12 00:00:00+00:00,1.4788,1.547,1.235,1.2691,1466457937.998855
2021-05-13 00:00:00+00:00,1.269,1.389,1.2,1.364,1704562073.983852
2021-05-14 00:00:00+00:00,1.3644,1.4488,1.321,1.4,1068218575.674334
2021-05-15 00:00:00+00:00,1.3998,1.5869,1.3211,1.4904,2182427860.642728
2021-05-16 00:00:00+00:00,1.4911,1.6131,1.3373,1.4496,2246034545.927513
2021-05-17 00:00:00+00:00,1.4496,1.565,1.3242,1.4946,2285970917.955227
2021-05-18 00:00:00+00:00,1.4952,1.705,1.4698,1.5889,2869966240.904703
2021-05-19 00:00:00+00:00,1.5893,1.6448,0.85,1.0568,4014465848.075416
2021-05-20 00:00:00+00:00,1.0565,1.2664,0.9,1.1795,2249207333.90962
2021-05-21 00:00:00+00:00,1.1802,1.2194,0.8641,1.0062,1910760508.201792
2021-05-22 00:00:00+00:00,1.0062,1.0162,0.816,0.9052,1344592320.99863
2021-05-23 00:00:00+00:00,0.9052,0.9679,0.65,0.7898,1525740498.704614
2021-05-24 00:00:00+00:00,0.7899,0.997,0.7537,0.993,1380671268.94531
2021-05-25 00:00:00+00:00,0.9934,1.07,0.8791,0.9746,1594338433.676522
2021-05-26 00:00:00+00:00,0.9747,1.0698,0.9461,1.0316,1170818020.838289
2021-05-27 00:00:00+00:00,1.0316,1.0423,0.9322,0.9747,986757435.570752
2021-05-28 00:00:00+00:00,0.9747,0.9847,0.8445,0.8985,1098606646.151902
2021-05-29 00:00:00+00:00,0.8985,0.9413,0.7911,0.8318,845941030.510912
2021-05-30 00:00:00+00:00,0.8319,0.9337,0.7974,0.9058,730804950.58208
2021-05-31 00:00:00+00:00,0.9058,1.0495,0.8789,1.0409,1196677931.148537
2021-06-01 00:00:00+00:00,1.0409,1.1,0.9742,1.0108,1161830746.20794
2021-06-02 00:00:00+00:00,1.0108,1.0498,0.9793,1.0241,686061395.104792
2021-06-03 00:00:00+00:00,1.0241,1.0789,1.0069,1.045,727545023.97135
2021-06-04 00:00:00+00:00,1.0453,1.0466,0.9156,0.9683,785851513.117171
2021-06-05 00:00:00+00:00,0.9683,0.9973,0.8921,0.923,590664198.31932
2021-06-06 00:00:00+00:00,0.923,0.9493,0.917,0.947,369842230.845661
2021-06-07 00:00:00+00:00,0.9469,0.976,0.838,0.8618,623660636.681841
2021-06-08 00:00:00+00:00,0.8619,0.8861,0.7838,0.8731,838984629.187942
2021-06-09 00:00:00+00:00,0.873,0.9218,0.83,0.9218,695183593.047394
2021-06-10 00:00:00+00:00,0.9218,0.9298,0.8522,0.8686,524032840.289698
2021-06-11 00:00:00+00:00,0.8686,0.88,0.8335,0.8471,330610541.780051
2021-06-12 00:00:00+00:00,0.8469,0.8479,0.8054,0.8326,309940575.854708
2021-06-13 00:00:00+00:00,0.8325,0.8883,0.817,0.8832,292933567.324073
2021-06-14 00:00:00+00:00,0.8833,0.93,0.8628,0.8906,391647479.28625
2021-06-15 00:00:00+00:00,0.8905,0.9017,0.8551,0.8663,323448196.777283
2021-06-16 00:00:00+00:00,0.8663,0.8733,0.8259,0.832,321967166.653003
2021-06-17 00:00:00+00:00,0.8319,0.8612,0.8234,0.8419,266502679.947359
2021-06-18 00:00:00+00:00,0.8419,0.845,0.7687,0.7972,315203423.849539
2021-06-19 00:00:00+00:00,0.7971,0.8055,0.7557,0.7582,250165846.017548
2021-06-20 00:00:00+00:00,0.7583,0.785,0.6968,0.7741,434933509.582573
2021-06-21 00:00:00+00:00,0.7741,0.7803,0.6037,0.6067,726811232.210993
2021-06-22 00:00:00+00:00,0.6068,0.65,0.509,0.5468,924711210.060986
2021-06-23 00:00:00+00:00,0.5468,0.6655,0.5203,0.6383,718902393.384626
2021-06-24 00:00:00+00:00,0.6383,0.6928,0.6163,0.6731,414531256.9778
2021-06-25 00:00:00+00:00,0.6731,0.6889,0.6019,0.6111,507757434.410945
2021-06-26 00:00:00+00:00,0.611,0.6329,0.5814,0.6162,331034642.860335
2021-06-27 00:00:00+00:00,0.6163,0.6523,0.5963,0.6484,291546469.959756
2021-06-28 00:00:00+00:00,0.6483,0.6583,0.6238,0.6444,295080578.941469
2021-06-29 00:00:00+00:00,0.6444,0.734,0.6417,0.7063,499125657.535112
2021-06-30 00:00:00+00:00,0.7062,0.7145,0.6477,0.7063,430338352.853713
2021-07-01 00:00:00+00:00,0.7062,0.7064,0.644,0.6591,308347617.586596
2021-07-02 00:00:00+00:00,0.6592,0.6676,0.6329,0.6556,250197212.451509
2021-07-03 00:00:00+00:00,0.6557,0.6849,0.6433,0.6732,220039385.468026
2021-07-04 00:00:00+00:00,0.6733,0.7091,0.6655,0.696,231043551.519703
2021-07-05 00:00:00+00:00,0.696,0.697,0.6444,0.6526,272157623.911145
2021-07-06 00:00:00+00:00,0.6526,0.68,0.6511,0.6648,237002304.260219
2021-07-07 00:00:00+00:00,0.6648,0.674,0.65,0.6522,189337257.938107
2021-07-08 00:00:00+00:00,0.6521,0.6545,0.6108,0.6215,270371824.233761
2021-07-09 00:00:00+00:00,0.6214,0.6457,0.5917,0.6369,222783584.324884
2021-07-10 00:00:00+00:00,0.6369,0.6489,0.612,0.6246,175168807.399414
2021-07-11 00:00:00+00:00,0.6246,0.6449,0.6169,0.6364,126735758.289656
2021-07-12 00:00:00+00:00,0.6363,0.6575,0.6172,0.6288,227368047.087189
2021-07-13 00:00:00+00:00,0.6288,0.6426,0.6086,0.6192,197239801.148567
2021-07-14 00:00:00+00:00,0.6193,0.625,0.5851,0.6197,214004345.439567
2021-07-15 00:00:00+00:00,0.6196,0.6269,0.5874,0.5979,205379901.265931
2021-07-16 00:00:00+00:00,0.5979,0.6211,0.5874,0.5893,169475844.833166
2021-07-17 00:00:00+00:00,0.5893,0.5977,0.56,0.5821,153250260.950617
2021-07-18 00:00:00+00:00,0.5822,0.6016,0.571,0.5866,142185627.413456
2021-07-19 00:00:00+00:00,0.5867,0.5889,0.5533,0.557,167395788.725372
2021-07-20 00:00:00+00:00,0.557,0.5699,0.5157,0.5284,209159245.716989
2021-07-21 00:00:00+00:00,0.5284,0.584,0.5193,0.5719,274778745.312626
2021-07-22 00:00:00+00:00,0.5718,0.6033,0.5609,0.592,237900523.662438
2021-07-23 00:00:00+00:00,0.592,0.6101,0.5753,0.6091,213508431.984355
2021-07-24 00:00:00+00:00,0.6092,0.6205,0.5996,0.6085,194417445.849221
2021-07-25 00:00:00+00:00,0.6085,0.6118,0.5906,0.6069,155812116.926149
2021-07-26 00:00:00+00:00,0.6069,0.6793,0.6048,0.6234,521065033.907782
2021-07-27 00:00:00+00:00,0.6234,0.6528,0.6121,0.6451,270446381.791156
2021-07-28 00:00:00+00:00,0.645,0.7549,0.6308,0.7327,832092412.281381
2021-07-29 00:00:00+00:00,0.7327,0.7665,0.697,0.7488,368115400.852823
2021-07-30 00:00:00+00:00,0.7488,0.7697,0.7115,0.7521,447185226.73487
2021-07-31 00:00:00+00:00,0.7522,0.7591,0.7367,0.746,282409913.796145
2021-08-01 00:00:00+00:00,0.7461,0.7778,0.7042,0.7242,354676880.56225
2021-08-02 00:00:00+00:00,0.7242,0.774,0.715,0.738,305390858.785136
2021-08-03 00:00:00+00:00,0.738,0.745,0.7008,0.7136,285457695.687979
2021-08-04 00:00:00+00:00,0.7136,0.7398,0.6952,0.731,237584357.639538
2021-08-05 00:00:00+00:00,0.731,0.7389,0.701,0.7327,239492318.471074
2021-08-06 00:00:00+00:00,0.7327,0.753,0.7219,0.7474,225134914.547848
2021-08-07 00:00:00+00:00,0.7474,0.8189,0.7411,0.8162,463343332.664844
2021-08-08 00:00:00+00:00,0.8163,0.8413,0.7717,0.7788,447885548.576865
2021-08-09 00:00:00+00:00,0.7788,0.8279,0.7596,0.817,382110622.319562
2021-08-10 00:00:00+00:00,0.8169,0.8622,0.8,0.8511,417292098.623833
2021-08-11 00:00:00+00:00,0.8511,1.0906,0.848,1.0105,1082107505.919323
2021-08-12 00:00:00+00:00,1.0106,1.045,0.9222,0.966,974967199.76355
2021-08-13 00:00:00+00:00,0.9661,1.0968,0.9501,1.0901,696016979.970035
2021-08-14 00:00:00+00:00,1.0901,1.31,1.0691,1.2791,1665378192.292437
2021-08-15 00:00:00+00:00,1.2788,1.35,1.2252,1.2839,1485993854.110072
2021-08-16 00:00:00+00:00,1.2838,1.3288,1.1432,1.1855,1134779963.994439
2021-08-17 00:00:00+00:00,1.1855,1.2479,1.085,1.0978,1044647325.972026
2021-08-18 00:00:00+00:00,1.098,1.1963,1.0501,1.1431,973083353.962184
2021-08-19 00:00:00+00:00,1.143,1.2355,1.0895,1.2347,833027094.558431
2021-08-20 00:00:00+00:00,1.2347,1.2897,1.1992,1.2629,740518731.261929
2021-08-21 00:00:00+00:00,1.2629,1.2835,1.2,1.2158,489884887.6497
2021-08-22 00:00:00+00:00,1.2158,1.2557,1.1776,1.226,439116952.711535
2021-08-23 00:00:00+00:00,1.2258,1.3046,1.2024,1.2457,830621615.344627
2021-08-24 00:00:00+00:00,1.2456,1.2658,1.1212,1.1353,762644112.689952
2021-08-25 00:00:00+00:00,1.1353,1.1779,1.1073,1.1735,610817777.128184
2021-08-26 00:00:00+00:00,1.1735,1.1866,1.0636,1.0712,633927173.724687
2021-08-27 00:00:00+00:00,1.0713,1.1926,1.0501,1.1918,630214549.741496
2021-08-28 00:00:00+00:00,1.1918,1.198,1.1329,1.1459,364699164.615611
2021-08-29 00:00:00+00:00,1.1458,1.1683,1.112,1.1408,357866960.9484
2021-08-30 00:00:00+00:00,1.1408,1.1488,1.0946,1.1002,411809728.9024
2021-08-31 00:00:00+00:00,1.1005,1.2441,1.0907,1.1856,826987896.932631
2021-09-01 00:00:00+00:00,1.1856,1.2384,1.158,1.2362,563037891.0848
2021-09-02 00:00:00+00:00,1.2362,1.295,1.2216,1.2533,632172811.386001
2021-09-03 00:00:00+00:00,1.2533,1.3235,1.2189,1.2907,674112638.880399
2021-09-04 00:00:00+00:00,1.2906,1.2972,1.2352,1.2548,451197569.7524
2021-09-05 00:00:00+00:00,1.2548,1.3125,1.2361,1.3076,427279713.9735
2021-09-06 00:00:00+00:00,1.3075,1.4151,1.3065,1.3894,967534789.847962
2021-09-07 00:00:00+00:00,1.3894,1.3922,0.9524,1.1292,1530457369.035018
2021-09-08 00:00:00+00:00,1.129,1.148,1.0133,1.0998,865948220.4902
2021-09-09 00:00:00+00:00,1.0999,1.1377,1.0619,1.0868,668447113.2499
2021-09-10 00:00:00+00:00,1.0868,1.245,1.03,1.0552,1007065760.5272
2021-09-11 00:00:00+00:00,1.0552,1.12,1.0503,1.0787,364352999.4019
2021-09-12 00:00:00+00:00,1.0788,1.1276,1.0576,1.1181,355164242.8765
2021-09-13 00:00:00+00:00,1.1181,1.1266,1.025,1.0643,542699043.4266
2021-09-14 00:00:00+00:00,1.0644,1.0978,1.0566,1.0963,296824863.0249
2021-09-15 00:00:00+00:00,1.0962,1.13,1.0784,1.1207,318565154.1035
2021-09-16 00:00:00+00:00,1.1207,1.13,1.0662,1.0902,334126208.1512
2021-09-17 00:00:00+00:00,1.0903,1.1025,1.0509,1.0661,320042162.7333
2021-09-18 00:00:00+00:00,1.0663,1.0952,1.0562,1.0751,210969782.0848
2021-09-19 00:00:00+00:00,1.0752,1.0837,1.0383,1.0483,224922100.167
2021-09-20 00:00:00+00:00,1.0483,1.0497,0.8738,0.9216,792700101.401447
2021-09-21 00:00:00+00:00,0.9216,0.9593,0.8582,0.8743,577784882.95354
2021-09-22 00:00:00+00:00,0.874,1.0094,0.8679,1.0033,574463634.2947
2021-09-23 00:00:00+00:00,1.0033,1.017,0.9676,1.0016,406888652.8701
2021-09-24 00:00:00+00:00,1.0016,1.0027,0.8858,0.944,566743451.816
2021-09-25 00:00:00+00:00,0.9442,0.9577,0.9163,0.94,326093439.8415
2021-09-26 00:00:00+00:00,0.9399,0.9567,0.8915,0.9436,356582690.4028
2021-09-27 00:00:00+00:00,0.9436,0.9818,0.9194,0.9218,334311153.3625
2021-09-28 00:00:00+00:00,0.9217,0.9431,0.8903,0.8928,289321906.2127
2021-09-29 00:00:00+00:00,0.8928,0.9941,0.8861,0.9268,430499983.899
2021-09-30 00:00:00+00:00,0.9266,0.964,0.9217,0.9533,314656116.1335
2021-10-01 00:00:00+00:00,0.9535,1.0695,0.9443,1.0422,652127951.2652
2021-10-02 00:00:00+00:00,1.0422,1.0733,1.0079,1.0359,413036443.6857
2021-10-03 00:00:00+00:00,1.0359,1.0884,1.021,1.0552,433656250.1538
2021-10-04 00:00:00+00:00,1.0552,1.0596,1.0059,1.0425,431530625.3531
2021-10-05 00:00:00+00:00,1.0429,1.088,1.038,1.0839,456101439.3792
2021-10-06 00:00:00+00:00,1.084,1.1081,1.0171,1.0765,543208784.6736
2021-10-07 00:00:00+00:00,1.0766,1.0942,1.0423,1.0678,440046088.3941
2021-10-08 00:00:00+00:00,1.0677,1.0927,1.0539,1.0636,359658964.0998
2021-10-09 00:00:00+00:00,1.0636,1.2089,1.0565,1.1604,774368159.19448
2021-10-10 00:00:00+00:00,1.1604,1.23,1.1262,1.1352,763401930.315
2021-10-11 00:00:00+00:00,1.1352,1.182,1.1017,1.1364,493219103.8297
2021-10-12 00:00:00+00:00,1.1363,1.1364,1.0634,1.1018,498806214.9117
2021-10-13 00:00:00+00:00,1.1017,1.1387,1.075,1.1275,444999640.5
2021-10-14 00:00:00+00:00,1.1277,1.16,1.1174,1.1336,400855761.5899
2021-10-15 00:00:00+00:00,1.1335,1.1656,1.0914,1.1413,648102623.4315
2021-10-16 00:00:00+00:00,1.1415,1.1869,1.13,1.1343,390396344.3135
2021-10-17 00:00:00+00:00,1.1343,1.1407,1.0172,1.0944,422600928.3237
2021-10-18 00:00:00+00:00,1.0943,1.1064,1.0642,1.0827,349574306.1556
2021-10-19 00:00:00+00:00,1.0827,1.1009,1.0661,1.0911,255777828.0828
2021-10-20 00:00:00+00:00,1.0911,1.1529,1.0868,1.1455,388488239.2722
2021-10-21 00:00:00+00:00,1.1451,1.164,1.0851,1.0886,498949022.2723
2021-10-22 00:00:00+00:00,1.0885,1.1288,1.0739,1.0885,366473886.8915
2021-10-23 00:00:00+00:00,1.0885,1.1018,1.0763,1.0934,206632213.8513
2021-10-24 00:00:00+00:00,1.0935,1.0961,1.0522,1.0821,253010407.2552
2021-10-25 00:00:00+00:00,1.0821,1.1034,1.0778,1.0951,238965157.4406
2021-10-26 00:00:00+00:00,1.0951,1.1606,1.0905,1.1075,491588833.5156
2021-10-27 00:00:00+00:00,1.1076,1.1248,0.9483,0.995,948155132.437
2021-10-28 00:00:00+00:00,0.9951,1.0816,0.981,1.0579,714218398.5176
2021-10-29 00:00:00+00:00,1.058,1.0903,1.0409,1.0825,383066388.4638
2021-10-30 00:00:00+00:00,1.0825,1.1169,1.0611,1.0846,403826768.1772
2021-10-31 00:00:00+00:00,1.0845,1.1544,1.0689,1.1128,727992493.5445
2021-11-01 00:00:00+00:00,1.1128,1.1321,1.069,1.0915,417467396.2556
2021-11-02 00:00:00+00:00,1.0916,1.1468,1.0851,1.1349,444398509.345
2021-11-03 00:00:00+00:00,1.1348,1.2363,1.1255,1.2101,995581269.6626
2021-11-04 00:00:00+00:00,1.21,1.2574,1.1604,1.2004,666720493.3713
2021-11-05 00:00:00+00:00,1.2004,1.2015,1.1311,1.1581,372181223.325
2021-11-06 00:00:00+00:00,1.1581,1.1828,1.1,1.151,297442023.9152
2021-11-07 00:00:00+00:00,1.1511,1.2374,1.1451,1.2198,444359161.8766
2021-11-08 00:00:00+00:00,1.2198,1.296,1.2192,1.2815,766012117.34615
2021-11-09 00:00:00+00:00,1.2815,1.2884,1.2245,1.2571,584938595.7314
2021-11-10 00:00:00+00:00,1.2572,1.3493,1.1174,1.1902,1175404692.7939
2021-11-11 00:00:00+00:00,1.1902,1.2544,1.1764,1.2142,577096707.3746
2021-11-12 00:00:00+00:00,1.2142,1.2332,1.1542,1.1883,531437316.5595
2021-11-13 00:00:00+00:00,1.1884,1.2039,1.167,1.1892,284873053.1299
2021-11-14 00:00:00+00:00,1.1894,1.1995,1.1675,1.1879,227345320.609
2021-11-15 00:00:00+00:00,1.1879,1.2198,1.1651,1.172,319547494.8597
2021-11-16 00:00:00+00:00,1.172,1.1721,1.0418,1.0877,662858882.2038
2021-11-17 00:00:00+00:00,1.0877,1.113,1.0588,1.0953,416331389.1518
2021-11-18 00:00:00+00:00,1.0953,1.17,1.015,1.0406,762250060.677
2021-11-19 00:00:00+00:00,1.0406,1.103,1.0174,1.0892,370490515.5623
2021-11-20 00:00:00+00:00,1.0892,1.1015,1.0594,1.0965,273011333.8425
2021-11-21 00:00:00+00:00,1.0965,1.0974,1.0544,1.0569,245324674.6924
2021-11-22 00:00:00+00:00,1.0571,1.071,1.0251,1.0354,320708762.399
2021-11-23 00:00:00+00:00,1.0354,1.0715,1.0192,1.0661,357152586.7084
2021-11-24 00:00:00+00:00,1.0662,1.0735,1.0068,1.0326,356216660.773
2021-11-25 00:00:00+00:00,1.0325,1.0647,1.0215,1.0438,325685350.5721
2021-11-26 00:00:00+00:00,1.0439,1.0467,0.9108,0.9394,635807297.3388
2021-11-27 00:00:00+00:00,0.9392,0.9656,0.9336,0.9452,214040812.9727
2021-11-28 00:00:00+00:00,0.9453,0.9692,0.8825,0.9687,310943922.6142
2021-11-29 00:00:00+00:00,0.9687,1.0019,0.9631,0.9898,297699683.6272
2021-11-30 00:00:00+00:00,0.9899,1.0304,0.97,0.9983,339684740.1831
2021-12-01 00:00:00+00:00,0.9984,1.0173,0.9799,0.9899,250962192.9921
2021-12-02 00:00:00+00:00,0.9898,0.9901,0.9545,0.9716,207549885.5161
2021-12-03 00:00:00+00:00,0.9715,0.9838,0.89,0.9211,282383779.9832
2021-12-04 00:00:00+00:00,0.9211,0.9245,0.6,0.8449,1041408385.914634
2021-12-05 00:00:00+00:00,0.8452,0.862,0.769,0.8045,420563233.4764
2021-12-06 00:00:00+00:00,0.8045,0.8303,0.7485,0.8255,398532303.1907
2021-12-07 00:00:00+00:00,0.8256,0.8467,0.8042,0.8154,264723351.7763
2021-12-08 00:00:00+00:00,0.8154,0.8844,0.8026,0.8622,349152928.9331
2021-12-09 00:00:00+00:00,0.8623,0.9361,0.8319,0.8583,605671793.4532
2021-12-10 00:00:00+00:00,0.8583,0.8829,0.7914,0.7992,416778024.2323
2021-12-11 00:00:00+00:00,0.7992,0.8445,0.7844,0.8392,234938185.3594
2021-12-12 00:00:00+00:00,0.8391,0.8572,0.8088,0.8393,186434002.2961
2021-12-13 00:00:00+00:00,0.8394,0.8444,0.7601,0.7818,303448083.6711
2021-12-14 00:00:00+00:00,0.782,0.8214,0.7717,0.8103,280765038.7079
2021-12-15 00:00:00+00:00,0.8102,0.84,0.777,0.8262,286906700.2117
2021-12-16 00:00:00+00:00,0.8262,0.8364,0.8028,0.8051,169655788.8523
2021-12-17 00:00:00+00:00,0.8053,0.8322,0.7754,0.7966,208935917.9435
2021-12-18 00:00:00+00:00,0.7967,0.8347,0.791,0.8262,139512176.9931
2021-12-19 00:00:00+00:00,0.8263,0.8485,0.819,0.835,136403589.8845
2021-12-20 00:00:00+00:00,0.835,0.915,0.8241,0.8798,482473462.1703
2021-12-21 00:00:00+00:00,0.8799,0.961,0.8527,0.9467,423894867.7381
2021-12-22 00:00:00+00:00,0.9466,0.9738,0.923,0.9537,382128111.3491
2021-12-23 00:00:00+00:00,0.9538,1.0167,0.9372,0.9941,472937211.2679
2021-12-24 00:00:00+00:00,0.9941,0.9966,0.8964,0.9115,537573076.2282
2021-12-25 00:00:00+00:00,0.9114,0.935,0.8981,0.9252,230230296.371
2021-12-26 00:00:00+00:00,0.9252,0.9334,0.9052,0.92,149939963.3385
2021-12-27 00:00:00+00:00,0.92,0.956,0.9141,0.9269,220073798.5184
2021-12-28 00:00:00+00:00,0.9269,0.9269,0.8456,0.8515,283419211.7008
2021-12-29 00:00:00+00:00,0.8516,0.8645,0.81,0.8171,257232945.2212
2021-12-30 00:00:00+00:00,0.8172,0.86,0.802,0.8386,219272099.3347
2021-12-31 00:00:00+00:00,0.8385,0.8545,0.8025,0.8297,200227347.4595
2022-01-01 00:00:00+00:00,0.8298,0.8557,0.8297,0.8507,115507460.3752
2022-01-02 00:00:00+00:00,0.8508,0.8667,0.8372,0.8586,110265575.8458
2022-01-03 00:00:00+00:00,0.8586,0.8587,0.8213,0.8324,149876148.1059
2022-01-04 00:00:00+00:00,0.8324,0.8456,0.7794,0.8228,177691936.9922
2022-01-05 00:00:00+00:00,0.8227,0.8372,0.7092,0.7726,294783762.2987
2022-01-06 00:00:00+00:00,0.7725,0.7909,0.7377,0.7791,234402002.0906
2022-01-07 00:00:00+00:00,0.779,0.7808,0.7287,0.7634,281919749.2178
2022-01-08 00:00:00+00:00,0.7634,0.7768,0.7222,0.7452,190213053.8015
2022-01-09 00:00:00+00:00,0.7452,0.7667,0.7381,0.753,113888420.5369
2022-01-10 00:00:00+00:00,0.753,0.7589,0.6967,0.7399,228730493.4738
2022-01-11 00:00:00+00:00,0.7399,0.7768,0.7306,0.7703,190447525.4492
2022-01-12 00:00:00+00:00,0.7702,0.816,0.757,0.7987,231115520.7739
2022-01-13 00:00:00+00:00,0.7986,0.8024,0.7604,0.768,178544935.2266
2022-01-14 00:00:00+00:00,0.7677,0.8,0.7513,0.7732,170797410.1373
2022-01-15 00:00:00+00:00,0.7733,0.79,0.768,0.7791,107785186.2676
2022-01-16 00:00:00+00:00,0.7791,0.7884,0.768,0.7784,97287674.5834
2022-01-17 00:00:00+00:00,0.7785,0.7805,0.7498,0.7617,138537212.0576
2022-01-18 00:00:00+00:00,0.7616,0.7686,0.7352,0.7509,141172279.38
2022-01-19 00:00:00+00:00,0.751,0.7533,0.7231,0.7381,140704196.393
2022-01-20 00:00:00+00:00,0.7381,0.7622,0.7161,0.7199,153121537.0821
2022-01-21 00:00:00+00:00,0.7199,0.7285,0.6112,0.6368,410698993.8904
2022-01-22 00:00:00+00:00,0.6368,0.6542,0.5489,0.5966,460971551.623324
2022-01-23 00:00:00+00:00,0.5966,0.6352,0.59,0.6283,202062551.6478
2022-01-24 00:00:00+00:00,0.6284,0.6286,0.5524,0.6118,300019737.6239
2022-01-25 00:00:00+00:00,0.6118,0.6243,0.5872,0.618,192980719.1092
2022-01-26 00:00:00+00:00,0.6178,0.6586,0.6047,0.6193,293046543.4372
2022-01-27 00:00:00+00:00,0.6193,0.6247,0.5893,0.6088,176630359.0127
2022-01-28 00:00:00+00:00,0.6089,0.614,0.5916,0.6111,133208703.7599
2022-01-29 00:00:00+00:00,0.6112,0.6255,0.6083,0.6174,95192596.384
2022-01-30 00:00:00+00:00,0.6175,0.6232,0.5973,0.6013,89634415.7316
2022-01-31 00:00:00+00:00,0.6012,0.6242,0.5803,0.6174,127444698.1901
2022-02-01 00:00:00+00:00,0.6174,0.6308,0.6107,0.6284,108325641.3791
2022-02-02 00:00:00+00:00,0.6284,0.6314,0.5955,0.6006,114856317.4968
2022-02-03 00:00:00+00:00,0.6006,0.6116,0.5886,0.6102,100903909.1622
2022-02-04 00:00:00+00:00,0.6101,0.6589,0.6044,0.6555,164697317.0547
2022-02-05 00:00:00+00:00,0.6557,0.6869,0.65,0.6656,207432932.9309
2022-02-06 00:00:00+00:00,0.6656,0.688,0.6589,0.6825,105499040.7399
2022-02-07 00:00:00+00:00,0.6825,0.839,0.6712,0.8314,491875684.7933
2022-02-08 00:00:00+00:00,0.8314,0.9142,0.8034,0.8763,896908628.4032
2022-02-09 00:00:00+00:00,0.8763,0.9168,0.8413,0.8697,549165655.7157
2022-02-10 00:00:00+00:00,0.8699,0.8975,0.821,0.8253,427414739.417
2022-02-11 00:00:00+00:00,0.8253,0.8339,0.75,0.7591,388566707.0626
2022-02-12 00:00:00+00:00,0.759,0.8532,0.7465,0.8223,383669503.4621
2022-02-13 00:00:00+00:00,0.8223,0.8476,0.792,0.8057,288439676.8539
2022-02-14 00:00:00+00:00,0.8057,0.8127,0.7791,0.8012,241701354.4564
2022-02-15 00:00:00+00:00,0.8012,0.8599,0.7961,0.8515,231323680.2361
2022-02-16 00:00:00+00:00,0.8514,0.8532,0.8086,0.8366,210175363.6046
2022-02-17 00:00:00+00:00,0.8367,0.8448,0.7535,0.769,300624314.1474
2022-02-18 00:00:00+00:00,0.7689,0.8055,0.756,0.784,326120877.6789
2022-02-19 00:00:00+00:00,0.7841,0.8547,0.7696,0.8215,400613754.2186
2022-02-20 00:00:00+00:00,0.8215,0.8234,0.7643,0.7769,391269443.4318
2022-02-21 00:00:00+00:00,0.7769,0.802,0.6953,0.7018,474629850.5165
2022-02-22 00:00:00+00:00,0.7018,0.7266,0.6686,0.7209,417027236.6289
2022-02-23 00:00:00+00:00,0.7209,0.7441,0.6924,0.6967,315158238.6433
2022-02-24 00:00:00+00:00,0.6967,0.7226,0.6215,0.6963,649336702.1989
2022-02-25 00:00:00+00:00,0.6962,0.7807,0.6826,0.7699,397739663.4322
2022-02-26 00:00:00+00:00,0.7698,0.7955,0.7403,0.7508,398290215.7972
2022-02-27 00:00:00+00:00,0.7508,0.7677,0.7032,0.7215,324122751.3269
2022-02-28 00:00:00+00:00,0.7216,0.7938,0.7075,0.7809,331004684.9104
2022-03-01 00:00:00+00:00,0.7809,0.8039,0.7574,0.7839,305309246.7925
2022-03-02 00:00:00+00:00,0.784,0.7848,0.7562,0.7687,290891663.0599
2022-03-03 00:00:00+00:00,0.7688,0.7897,0.7336,0.7515,257664904.5485
2022-03-04 00:00:00+00:00,0.7514,0.755,0.6942,0.7127,279450790.8482
2022-03-05 00:00:00+00:00,0.7127,0.7693,0.7049,0.754,265951379.1469
2022-03-06 00:00:00+00:00,0.7539,0.7589,0.7211,0.7251,225032012.6074
2022-03-07 00:00:00+00:00,0.7252,0.7544,0.7033,0.7197,363052083.9685
2022-03-08 00:00:00+00:00,0.7196,0.7313,0.7135,0.7207,212291889.8845
2022-03-09 00:00:00+00:00,0.7208,0.775,0.7199,0.7658,298577935.7299
2022-03-10 00:00:00+00:00,0.7659,0.7797,0.7215,0.7361,294933673.0231
2022-03-11 00:00:00+00:00,0.7361,0.814,0.725,0.8029,402055677.0288
2022-03-12 00:00:00+00:00,0.8028,0.849,0.7783,0.7857,474559889.9224
2022-03-13 00:00:00+00:00,0.7857,0.8057,0.7508,0.7602,244669480.0742
2022-03-14 00:00:00+00:00,0.7602,0.7779,0.745,0.7748,249607534.8329
2022-03-15 00:00:00+00:00,0.7747,0.7768,0.7413,0.7657,185554830.1951
2022-03-16 00:00:00+00:00,0.7658,0.7945,0.7569,0.7919,270905161.1004
2022-03-17 00:00:00+00:00,0.7919,0.802,0.783,0.7935,209115111.7325
2022-03-18 00:00:00+00:00,0.7936,0.8007,0.7762,0.7965,175564924.199
2022-03-19 00:00:00+00:00,0.7964,0.8268,0.7915,0.8194,202388188.4208
2022-03-20 00:00:00+00:00,0.8195,0.822,0.795,0.8057,149611235.7475
2022-03-21 00:00:00+00:00,0.8057,0.8549,0.7875,0.8373,259592940.3888
2022-03-22 00:00:00+00:00,0.8372,0.8653,0.8273,0.8366,257893273.7383
2022-03-23 00:00:00+00:00,0.8366,0.846,0.8171,0.8376,195140355.5946
2022-03-24 00:00:00+00:00,0.8376,0.85,0.8272,0.8428,236615079.7898
2022-03-25 00:00:00+00:00,0.8428,0.8459,0.8185,0.8239,178986690.6411
2022-03-26 00:00:00+00:00,0.8239,0.8349,0.8206,0.8327,101517227.9421
2022-03-27 00:00:00+00:00,0.8326,0.8582,0.8275,0.858,167118139.6212
2022-03-28 00:00:00+00:00,0.8579,0.93,0.8528,0.8641,422637754.2167
2022-03-29 00:00:00+00:00,0.864,0.8857,0.8389,0.8577,230020279.9314
2022-03-30 00:00:00+00:00,0.8576,0.8718,0.8455,0.8613,173039224.5048
2022-03-31 00:00:00+00:00,0.8613,0.8737,0.7794,0.8148,305824263.8892
2022-04-01 00:00:00+00:00,0.8149,0.8343,0.807,0.8277,208774877.5653
2022-04-02 00:00:00+00:00,0.8277,0.8499,0.8185,0.824,175623270.3137
2022-04-03 00:00:00+00:00,0.824,0.8519,0.8143,0.8432,133117452.9172
2022-04-04 00:00:00+00:00,0.8432,0.844,0.8041,0.826,179165135.2421
2022-04-05 00:00:00+00:00,0.8261,0.8366,0.8145,0.8164,144156926.2418
2022-04-06 00:00:00+00:00,0.8164,0.8184,0.7555,0.7595,274381875.7023
2022-04-07 00:00:00+00:00,0.7594,0.7911,0.7523,0.7871,152188903.5217
2022-04-08 00:00:00+00:00,0.787,0.7944,0.7463,0.7549,162771256.5049
2022-04-09 00:00:00+00:00,0.755,0.7668,0.7531,0.7622,77625116.2299
2022-04-10 00:00:00+00:00,0.7623,0.7731,0.7524,0.7543,93662860.1336
2022-04-11 00:00:00+00:00,0.7543,0.7558,0.6802,0.6948,253488704.6894
2022-04-12 00:00:00+00:00,0.6949,0.734,0.6924,0.7152,185940902.0363
2022-04-13 00:00:00+00:00,0.7151,0.7252,0.7017,0.7232,156097770.2643
2022-04-14 00:00:00+00:00,0.7232,0.7413,0.7083,0.7262,173590844.0636
2022-04-15 00:00:00+00:00,0.7262,0.7975,0.7261,0.7858,340018971.2768
2022-04-16 00:00:00+00:00,0.7859,0.7999,0.7658,0.7808,161483053.8088
2022-04-17 00:00:00+00:00,0.7808,0.7861,0.7477,0.7519,145499726.0462
2022-04-18 00:00:00+00:00,0.7519,0.7699,0.7266,0.7699,192473959.5038
2022-04-19 00:00:00+00:00,0.7698,0.786,0.7588,0.7749,153428708.3625
2022-04-20 00:00:00+00:00,0.7749,0.7753,0.742,0.7517,167656195.8777
2022-04-21 00:00:00+00:00,0.7517,0.7686,0.718,0.7328,180731787.3906
2022-04-22 00:00:00+00:00,0.7328,0.7387,0.7142,0.7179,160328204.818
2022-04-23 00:00:00+00:00,0.7178,0.7267,0.7023,0.7057,116203898.7368
2022-04-24 00:00:00+00:00,0.7057,0.7119,0.6944,0.6981,102084222.507
2022-04-25 00:00:00+00:00,0.698,0.6998,0.6451,0.6931,267285979.6594
2022-04-26 00:00:00+00:00,0.6931,0.7065,0.6276,0.642,237444379.8966
2022-04-27 00:00:00+00:00,0.642,0.663,0.6361,0.6522,180637616.853
2022-04-28 00:00:00+00:00,0.6522,0.6577,0.6333,0.6428,156497699.4127
2022-04-29 00:00:00+00:00,0.6428,0.6464,0.5992,0.6116,200206773.4092
2022-04-30 00:00:00+00:00,0.6115,0.6288,0.5663,0.5845,214938073.8545
2022-05-01 00:00:00+00:00,0.5845,0.6125,0.576,0.607,166027183.2312
2022-05-02 00:00:00+00:00,0.607,0.6312,0.5984,0.6143,204458052.8653
2022-05-03 00:00:00+00:00,0.6143,0.628,0.5961,0.6047,174187576.7346
2022-05-04 00:00:00+00:00,0.6047,0.65,0.6039,0.6459,214781739.892
2022-05-05 00:00:00+00:00,0.646,0.6572,0.5801,0.5981,275475127.5275
2022-05-06 00:00:00+00:00,0.5981,0.6164,0.5875,0.6022,218917267.8923
2022-05-07 00:00:00+00:00,0.6022,0.6044,0.5692,0.5808,144029120.1394
2022-05-08 00:00:00+00:00,0.5808,0.5833,0.5572,0.5662,191966430.3333
2022-05-09 00:00:00+00:00,0.5663,0.5789,0.47,0.4873,440258885.078922
2022-05-10 00:00:00+00:00,0.4872,0.5371,0.4722,0.513,459950527.42
2022-05-11 00:00:00+00:00,0.513,0.5253,0.3646,0.4172,731722915.314705
2022-05-12 00:00:00+00:00,0.4172,0.4296,0.3361,0.3856,594186113.526365
2022-05-13 00:00:00+00:00,0.3856,0.4659,0.3813,0.4228,301967793.821
2022-05-14 00:00:00+00:00,0.4229,0.441,0.3955,0.4262,185744367.7124
2022-05-15 00:00:00+00:00,0.4262,0.45,0.4149,0.4481,114744354.5196
2022-05-16 00:00:00+00:00,0.4481,0.4481,0.4087,0.4231,183880284.5874
2022-05-17 00:00:00+00:00,0.4231,0.4403,0.417,0.438,162168648.8597
2022-05-18 00:00:00+00:00,0.438,0.4428,0.4037,0.4056,155713298.6108
2022-05-19 00:00:00+00:00,0.4056,0.4242,0.3908,0.4205,116869173.7599
2022-05-20 00:00:00+00:00,0.4205,0.4407,0.4016,0.4101,150932151.7571
2022-05-21 00:00:00+00:00,0.4101,0.4183,0.403,0.4145,59372483.5825
2022-05-22 00:00:00+00:00,0.4144,0.4255,0.4101,0.4218,60032697.6084
2022-05-23 00:00:00+00:00,0.4217,0.4287,0.4002,0.4052,126188136.5609
2022-05-24 00:00:00+00:00,0.4052,0.4138,0.3908,0.4086,125344682.6655
2022-05-25 00:00:00+00:00,0.4087,0.4138,0.3948,0.406,167969372.2193
2022-05-26 00:00:00+00:00,0.4061,0.4109,0.3753,0.392,246729969.605
2022-05-27 00:00:00+00:00,0.3921,0.4032,0.3764,0.3819,214888250.2271
2022-05-28 00:00:00+00:00,0.382,0.389,0.3805,0.3863,89731706.8105
2022-05-29 00:00:00+00:00,0.3863,0.3908,0.3794,0.3891,73294559.5039
2022-05-30 00:00:00+00:00,0.3891,0.4197,0.3866,0.4187,149384767.0321
2022-05-31 00:00:00+00:00,0.4188,0.4342,0.4065,0.4217,176780178.8201
2022-06-01 00:00:00+00:00,0.4217,0.4266,0.3887,0.398,178928611.5763
2022-06-02 00:00:00+00:00,0.3981,0.4072,0.3907,0.4055,139400566.4511
2022-06-03 00:00:00+00:00,0.4054,0.4105,0.3839,0.3904,112542326.3665
2022-06-04 00:00:00+00:00,0.3903,0.3944,0.3846,0.3925,52239259.2791
2022-06-05 00:00:00+00:00,0.3925,0.3995,0.3895,0.3953,52902644.5682
2022-06-06 00:00:00+00:00,0.3954,0.4099,0.394,0.4026,102110040.337
2022-06-07 00:00:00+00:00,0.4027,0.4175,0.3846,0.4076,166280541.3817
2022-06-08 00:00:00+00:00,0.4076,0.4104,0.3947,0.4006,123154505.0433
2022-06-09 00:00:00+00:00,0.4007,0.4041,0.3965,0.4002,101687547.2932
2022-06-10 00:00:00+00:00,0.4002,0.4118,0.3762,0.3815,157089536.93
2022-06-11 00:00:00+00:00,0.3815,0.3887,0.3557,0.3599,124317447.9689
2022-06-12 00:00:00+00:00,0.3598,0.3654,0.3394,0.3433,149735662.364
2022-06-13 00:00:00+00:00,0.3433,0.3507,0.3012,0.3118,328637316.325002
2022-06-14 00:00:00+00:00,0.3117,0.3267,0.2936,0.3214,243464785.141985
2022-06-15 00:00:00+00:00,0.3215,0.3469,0.298,0.3436,271227096.2417
2022-06-16 00:00:00+00:00,0.3436,0.3475,0.3073,0.3132,190349169.8571
2022-06-17 00:00:00+00:00,0.3132,0.3397,0.3105,0.321,140271381.5595
2022-06-18 00:00:00+00:00,0.321,0.3263,0.2872,0.3075,170366179.895381
2022-06-19 00:00:00+00:00,0.3074,0.333,0.2981,0.3264,123246578.6674
2022-06-20 00:00:00+00:00,0.3262,0.3289,0.3135,0.3227,114351278.5238
2022-06-21 00:00:00+00:00,0.3226,0.3374,0.3187,0.3294,124852730.7156
2022-06-22 00:00:00+00:00,0.3294,0.3297,0.319,0.3223,101794452.0225
2022-06-23 00:00:00+00:00,0.3223,0.3371,0.3213,0.3358,96235892.6572
2022-06-24 00:00:00+00:00,0.3357,0.3871,0.3348,0.3672,223815201.869
2022-06-25 00:00:00+00:00,0.3672,0.3741,0.3542,0.3676,79123639.7719
2022-06-26 00:00:00+00:00,0.3677,0.3751,0.3576,0.3592,71039962.3962
2022-06-27 00:00:00+00:00,0.3591,0.3671,0.348,0.3537,98508600.8805
2022-06-28 00:00:00+00:00,0.3537,0.3557,0.3353,0.3375,109315246.4689
2022-06-29 00:00:00+00:00,0.3375,0.3417,0.3201,0.3296,108924493.26
2022-06-30 00:00:00+00:00,0.3296,0.3333,0.3056,0.3321,147393644.668
2022-07-01 00:00:00+00:00,0.332,0.3363,0.31,0.3139,118587656.9598
2022-07-02 00:00:00+00:00,0.3142,0.3181,0.3089,0.3156,56221451.4424
2022-07-03 00:00:00+00:00,0.3157,0.3258,0.3085,0.3215,61533546.2119
2022-07-04 00:00:00+00:00,0.3216,0.33,0.3146,0.3287,88994114.9657
2022-07-05 00:00:00+00:00,0.3287,0.331,0.3128,0.3252,107262278.4529
2022-07-06 00:00:00+00:00,0.3252,0.334,0.32,0.3324,95886316.4482
2022-07-07 00:00:00+00:00,0.3324,0.3456,0.3269,0.3422,87266153.1303
2022-07-08 00:00:00+00:00,0.3423,0.359,0.3359,0.3402,133000861.9134
2022-07-09 00:00:00+00:00,0.3403,0.3477,0.3392,0.3448,45267170.3163
2022-07-10 00:00:00+00:00,0.3448,0.3449,0.3197,0.3255,79468929.0035
2022-07-11 00:00:00+00:00,0.3256,0.3292,0.3108,0.3152,79546363.024
2022-07-12 00:00:00+00:00,0.3152,0.3182,0.3078,0.3116,73193935.2427
2022-07-13 00:00:00+00:00,0.3117,0.326,0.302,0.3237,111462870.5633
2022-07-14 00:00:00+00:00,0.3236,0.334,0.3122,0.3338,103892845.0904
2022-07-15 00:00:00+00:00,0.3338,0.349,0.3273,0.3342,132631266.8746
2022-07-16 00:00:00+00:00,0.3341,0.3565,0.3313,0.3505,93541230.7602
2022-07-17 00:00:00+00:00,0.3504,0.3614,0.3413,0.3433,71308820.2037
2022-07-18 00:00:00+00:00,0.3434,0.3701,0.3429,0.3653,145950885.0127
2022-07-19 00:00:00+00:00,0.3652,0.3767,0.3515,0.3729,135433770.4909
2022-07-20 00:00:00+00:00,0.3728,0.3817,0.3572,0.3635,122555674.2913
2022-07-21 00:00:00+00:00,0.3635,0.3685,0.3485,0.3669,99082317.9136
2022-07-22 00:00:00+00:00,0.3668,0.3716,0.3541,0.3578,84039196.2595
2022-07-23 00:00:00+00:00,0.3578,0.3628,0.3498,0.3592,50073528.3648
2022-07-24 00:00:00+00:00,0.3592,0.3667,0.3558,0.3586,55971080.8209
2022-07-25 00:00:00+00:00,0.3585,0.3602,0.335,0.3362,86676259.4828
2022-07-26 00:00:00+00:00,0.3362,0.3385,0.3252,0.3372,82443390.9487
2022-07-27 00:00:00+00:00,0.3373,0.3597,0.3304,0.3594,92730683.9319
2022-07-28 00:00:00+00:00,0.3594,0.3792,0.3489,0.3739,122379884.6885
2022-07-29 00:00:00+00:00,0.3738,0.3799,0.3596,0.3679,102455414.6748
2022-07-30 00:00:00+00:00,0.3679,0.4099,0.3629,0.3879,151212668.9887
2022-07-31 00:00:00+00:00,0.388,0.3989,0.3782,0.3792,90300223.1005
2022-08-01 00:00:00+00:00,0.3791,0.386,0.371,0.3791,81602011.2659
2022-08-02 00:00:00+00:00,0.3791,0.3946,0.3667,0.3714,97712462.1301
2022-08-03 00:00:00+00:00,0.3714,0.3775,0.3631,0.3695,78676859.4057
2022-08-04 00:00:00+00:00,0.3695,0.375,0.3643,0.371,63183203.3837
2022-08-05 00:00:00+00:00,0.371,0.3785,0.3673,0.3764,66561027.3224
2022-08-06 00:00:00+00:00,0.3764,0.378,0.3703,0.3715,33182898.9453
2022-08-07 00:00:00+00:00,0.3715,0.3772,0.3682,0.3722,35204727.0933
2022-08-08 00:00:00+00:00,0.3723,0.3847,0.371,0.3787,83979590.9722
2022-08-09 00:00:00+00:00,0.3787,0.3801,0.3606,0.3672,62324528.9408
2022-08-10 00:00:00+00:00,0.3672,0.3815,0.3583,0.3814,81068105.4407
2022-08-11 00:00:00+00:00,0.3814,0.386,0.377,0.3802,80900073.1205
2022-08-12 00:00:00+00:00,0.3801,0.3806,0.3699,0.3796,63609314.0849
2022-08-13 00:00:00+00:00,0.3797,0.3876,0.3763,0.378,46708311.9624
2022-08-14 00:00:00+00:00,0.3779,0.3922,0.3738,0.3757,70663793.9313
2022-08-15 00:00:00+00:00,0.3756,0.3852,0.3658,0.3751,86406258.6863
2022-08-16 00:00:00+00:00,0.375,0.3784,0.3666,0.377,73556611.6893
2022-08-17 00:00:00+00:00,0.377,0.3923,0.368,0.3795,126759099.1176
2022-08-18 00:00:00+00:00,0.3796,0.3815,0.3691,0.3704,77574097.0843
2022-08-19 00:00:00+00:00,0.3703,0.3707,0.3309,0.3344,151469808.2924
2022-08-20 00:00:00+00:00,0.3345,0.3428,0.3321,0.3368,69893445.4186
2022-08-21 00:00:00+00:00,0.3368,0.3485,0.3355,0.3449,63540311.138
2022-08-22 00:00:00+00:00,0.3448,0.3453,0.3313,0.344,87411174.7706
2022-08-23 00:00:00+00:00,0.344,0.348,0.3326,0.3472,76705168.209
2022-08-24 00:00:00+00:00,0.3473,0.3525,0.3389,0.3456,65685897.5246
2022-08-25 00:00:00+00:00,0.3456,0.3522,0.3435,0.3491,69764352.314
2022-08-26 00:00:00+00:00,0.3491,0.3712,0.3325,0.3393,153665419.4402
2022-08-27 00:00:00+00:00,0.3393,0.3447,0.3283,0.3346,58855369.8605
2022-08-28 00:00:00+00:00,0.3346,0.3373,0.3213,0.3224,49504782.3436
2022-08-29 00:00:00+00:00,0.3223,0.3342,0.3186,0.3337,87361744.4692
2022-08-30 00:00:00+00:00,0.3337,0.3359,0.32,0.3267,70259688.5838
2022-08-31 00:00:00+00:00,0.3268,0.3339,0.323,0.3277,64322459.0518
2022-09-01 00:00:00+00:00,0.3276,0.3334,0.3215,0.3331,59848811.8949
2022-09-02 00:00:00+00:00,0.3332,0.3355,0.3253,0.3314,59352103.3702
2022-09-03 00:00:00+00:00,0.3315,0.335,0.3265,0.3297,34043843.1217
2022-09-04 00:00:00+00:00,0.3296,0.3328,0.3275,0.3317,31682221.1852
2022-09-05 00:00:00+00:00,0.3318,0.3338,0.3225,0.3329,58525355.8091
2022-09-06 00:00:00+00:00,0.3329,0.3431,0.3154,0.3212,111776654.5137
2022-09-07 00:00:00+00:00,0.3212,0.3386,0.312,0.3369,86968475.705
2022-09-08 00:00:00+00:00,0.3369,0.3434,0.3282,0.3396,78333843.9986
2022-09-09 00:00:00+00:00,0.3396,0.3597,0.3394,0.3568,117071573.7653
2022-09-10 00:00:00+00:00,0.3568,0.3622,0.3514,0.3573,66220220.8186
2022-09-11 00:00:00+00:00,0.3574,0.3604,0.3485,0.3552,51919619.5378
2022-09-12 00:00:00+00:00,0.3551,0.3602,0.3478,0.3598,86092131.7274
2022-09-13 00:00:00+00:00,0.3598,0.3603,0.3308,0.3326,125815020.3102
2022-09-14 00:00:00+00:00,0.3326,0.3442,0.3312,0.3415,103931939.6545
2022-09-15 00:00:00+00:00,0.3415,0.3429,0.3241,0.3261,135422916.2015
2022-09-16 00:00:00+00:00,0.3261,0.3581,0.3216,0.3552,124260288.7189
2022-09-17 00:00:00+00:00,0.3552,0.381,0.3464,0.3762,162050300.786
2022-09-18 00:00:00+00:00,0.3762,0.3981,0.3556,0.3576,258614760.4064
2022-09-19 00:00:00+00:00,0.3578,0.3932,0.3401,0.3848,265844871.8951
2022-09-20 00:00:00+00:00,0.3847,0.4242,0.3704,0.414,442009185.2686
2022-09-21 00:00:00+00:00,0.4139,0.434,0.38,0.3936,372966189.3786
2022-09-22 00:00:00+00:00,0.3936,0.5,0.3933,0.4862,590174749.6729
2022-09-23 00:00:00+00:00,0.4861,0.559,0.4564,0.5069,917768864.5043
2022-09-24 00:00:00+00:00,0.5069,0.5195,0.4717,0.4878,352715614.3205
2022-09-25 00:00:00+00:00,0.4879,0.5215,0.4757,0.4917,366984733.4815
2022-09-26 00:00:00+00:00,0.4916,0.502,0.4576,0.4683,296847521.539
2022-09-27 00:00:00+00:00,0.4682,0.4882,0.435,0.4457,292038620.5516
2022-09-28 00:00:00+00:00,0.4458,0.4558,0.4168,0.4489,257517246.6334
2022-09-29 00:00:00+00:00,0.4491,0.5109,0.4266,0.4877,365979762.7879
2022-09-30 00:00:00+00:00,0.4876,0.4992,0.4667,0.4799,330105163.3981
2022-10-01 00:00:00+00:00,0.4799,0.4865,0.4667,0.4754,158398722.6391
2022-10-02 00:00:00+00:00,0.4753,0.4785,0.443,0.4485,152945188.2056
2022-10-03 00:00:00+00:00,0.4485,0.4694,0.4372,0.4621,177658038.6668
2022-10-04 00:00:00+00:00,0.4622,0.4858,0.4515,0.4795,248921030.5571
2022-10-05 00:00:00+00:00,0.4795,0.502,0.4716,0.4887,283275013.6859
2022-10-06 00:00:00+00:00,0.4888,0.5063,0.4883,0.4934,204870809.1033
2022-10-07 00:00:00+00:00,0.4934,0.5339,0.48,0.5177,262944156.6285
2022-10-08 00:00:00+00:00,0.5177,0.5292,0.5111,0.517,177286870.9384
2022-10-09 00:00:00+00:00,0.5171,0.549,0.506,0.5325,193058849.2665
2022-10-10 00:00:00+00:00,0.5325,0.538,0.4927,0.4939,269405146.745
2022-10-11 00:00:00+00:00,0.4939,0.5025,0.4768,0.4861,218448308.5653
2022-10-12 00:00:00+00:00,0.486,0.496,0.482,0.4881,119808283.8365
2022-10-13 00:00:00+00:00,0.4881,0.4898,0.4401,0.4791,280980866.2166
2022-10-14 00:00:00+00:00,0.4791,0.5125,0.4782,0.4883,227388021.966
2022-10-15 00:00:00+00:00,0.4882,0.49,0.4774,0.4818,75131086.2498
2022-10-16 00:00:00+00:00,0.4818,0.4876,0.468,0.4766,105829602.9126
2022-10-17 00:00:00+00:00,0.4765,0.4825,0.4627,0.4804,126134721.5191
2022-10-18 00:00:00+00:00,0.4804,0.4843,0.4571,0.4658,136197440.4461
2022-10-19 00:00:00+00:00,0.4657,0.4667,0.4471,0.4504,151199222.0778
2022-10-20 00:00:00+00:00,0.4504,0.4646,0.4224,0.4465,178394403.3926
2022-10-21 00:00:00+00:00,0.4465,0.4617,0.4336,0.4614,161784866.1782
2022-10-22 00:00:00+00:00,0.4613,0.4708,0.4561,0.4653,78201141.1354
2022-10-23 00:00:00+00:00,0.4653,0.4726,0.4518,0.4688,93094955.4316
2022-10-24 00:00:00+00:00,0.4688,0.473,0.4478,0.4529,123072922.4954
2022-10-25 00:00:00+00:00,0.453,0.4728,0.4434,0.4605,160081457.7349
2022-10-26 00:00:00+00:00,0.4606,0.4715,0.4562,0.4689,143488385.6324
2022-10-27 00:00:00+00:00,0.4689,0.4824,0.4584,0.4615,181953642.3573
2022-10-28 00:00:00+00:00,0.4615,0.4755,0.4564,0.4744,120199098.1085
2022-10-29 00:00:00+00:00,0.4743,0.4837,0.4657,0.4701,134590023.725
2022-10-30 00:00:00+00:00,0.4702,0.4735,0.4537,0.4582,84820357.7325
2022-10-31 00:00:00+00:00,0.4582,0.4674,0.4476,0.4641,133261256.4253
2022-11-01 00:00:00+00:00,0.464,0.467,0.4543,0.4636,125642112.0862
2022-11-02 00:00:00+00:00,0.4635,0.4659,0.4451,0.4497,139704185.4005
2022-11-03 00:00:00+00:00,0.4498,0.4598,0.4487,0.4548,100942726.2391
2022-11-04 00:00:00+00:00,0.4548,0.5078,0.4532,0.5064,274689740.9017
2022-11-05 00:00:00+00:00,0.5063,0.51,0.489,0.493,99431885.5075
2022-11-06 00:00:00+00:00,0.493,0.4947,0.468,0.4709,79239163.6907
2022-11-07 00:00:00+00:00,0.4708,0.48,0.4585,0.4648,153239698.2961
2022-11-08 00:00:00+00:00,0.4647,0.4669,0.3355,0.4059,413070512.7862
2022-11-09 00:00:00+00:00,0.4059,0.411,0.316,0.3331,334989216.0276
2022-11-10 00:00:00+00:00,0.3332,0.403,0.3301,0.3942,301512853.2121
2022-11-11 00:00:00+00:00,0.3942,0.3991,0.3661,0.3843,182755584.2806
2022-11-12 00:00:00+00:00,0.3843,0.3846,0.3592,0.3636,93930662.5747
2022-11-13 00:00:00+00:00,0.3635,0.3694,0.3325,0.3408,116988962.6143
2022-11-14 00:00:00+00:00,0.3409,0.3796,0.321,0.3776,241833210.0589
2022-11-15 00:00:00+00:00,0.3775,0.3977,0.3668,0.3888,207028793.2972
2022-11-16 00:00:00+00:00,0.3887,0.3915,0.3614,0.3752,136953796.3009
2022-11-17 00:00:00+00:00,0.3751,0.3873,0.3691,0.3819,156120059.8431
2022-11-18 00:00:00+00:00,0.3819,0.3878,0.3733,0.3829,111602519.5482
2022-11-19 00:00:00+00:00,0.3829,0.3886,0.3752,0.3841,55292721.1727
2022-11-20 00:00:00+00:00,0.3842,0.3969,0.3585,0.3608,116439995.0709
2022-11-21 00:00:00+00:00,0.3608,0.369,0.3457,0.3645,210059781.7228
2022-11-22 00:00:00+00:00,0.3645,0.3784,0.3513,0.3757,169687796.3158
2022-11-23 00:00:00+00:00,0.3758,0.3824,0.3682,0.3815,133209854.523
2022-11-24 00:00:00+00:00,0.3816,0.405,0.3742,0.4018,177033036.2218
2022-11-25 00:00:00+00:00,0.4018,0.4194,0.3888,0.4078,173684378.2258
2022-11-26 00:00:00+00:00,0.4077,0.4146,0.3927,0.396,74555148.8397
2022-11-27 00:00:00+00:00,0.396,0.4096,0.3942,0.3962,80197421.6651
2022-11-28 00:00:00+00:00,0.3961,0.3991,0.373,0.3888,166423172.4506
2022-11-29 00:00:00+00:00,0.3888,0.4039,0.3829,0.3981,139342590.9568
2022-11-30 00:00:00+00:00,0.3981,0.4117,0.3926,0.4078,132883248.9774
2022-12-01 00:00:00+00:00,0.4078,0.4093,0.3944,0.3969,100381351.1923
2022-12-02 00:00:00+00:00,0.3968,0.3975,0.3838,0.3961,100555120.3107
2022-12-03 00:00:00+00:00,0.3961,0.3973,0.3853,0.3873,59974445.9224
2022-12-04 00:00:00+00:00,0.3873,0.3932,0.386,0.3895,52399718.8424
2022-12-05 00:00:00+00:00,0.3895,0.3954,0.38,0.3893,132061033.3122
2022-12-06 00:00:00+00:00,0.3893,0.3925,0.3808,0.3914,116660558.7144
2022-12-07 00:00:00+00:00,0.3914,0.3925,0.3733,0.3835,117648523.9099
2022-12-08 00:00:00+00:00,0.3834,0.3962,0.3826,0.3941,107330684.7435
2022-12-09 00:00:00+00:00,0.3942,0.3952,0.3843,0.3889,101327794.2597
2022-12-10 00:00:00+00:00,0.3889,0.3893,0.3854,0.3865,38539886.5527
2022-12-11 00:00:00+00:00,0.3865,0.3886,0.3778,0.3809,37091781.1508
2022-12-12 00:00:00+00:00,0.3808,0.3898,0.3707,0.3874,131257104.2853
2022-12-13 00:00:00+00:00,0.3875,0.397,0.3786,0.3952,170665867.177
2022-12-14 00:00:00+00:00,0.3953,0.3956,0.3768,0.3853,128096972.2984
2022-12-15 00:00:00+00:00,0.3852,0.3867,0.3735,0.378,86076180.483
2022-12-16 00:00:00+00:00,0.3779,0.3799,0.344,0.3511,136784621.9295
2022-12-17 00:00:00+00:00,0.351,0.3598,0.3467,0.3545,73591621.3634
2022-12-18 00:00:00+00:00,0.3545,0.3556,0.3473,0.3499,40560825.171
2022-12-19 00:00:00+00:00,0.3499,0.353,0.332,0.3389,124752930.4634
2022-12-20 00:00:00+00:00,0.3389,0.3532,0.3359,0.3482,107517453.0116
2022-12-21 00:00:00+00:00,0.3482,0.3505,0.3371,0.3449,98626729.8573
2022-12-22 00:00:00+00:00,0.3448,0.3503,0.3414,0.3492,88031727.671
2022-12-23 00:00:00+00:00,0.3492,0.355,0.3471,0.3543,77773302.9236
2022-12-24 00:00:00+00:00,0.3542,0.3544,0.3509,0.3517,22136772.3408
2022-12-25 00:00:00+00:00,0.3518,0.3519,0.3439,0.3457,34843179.2643
2022-12-26 00:00:00+00:00,0.3457,0.37,0.3455,0.3658,121074083.1859
2022-12-27 00:00:00+00:00,0.3657,0.3731,0.3586,0.3675,141396481.0425
2022-12-28 00:00:00+00:00,0.3675,0.3687,0.3546,0.3558,121246074.983
2022-12-29 00:00:00+00:00,0.3559,0.3577,0.3361,0.3421,120106923.5335
2022-12-30 00:00:00+00:00,0.3421,0.3461,0.3337,0.3451,91624064.7707
2022-12-31 00:00:00+00:00,0.345,0.3453,0.3384,0.3389,47233960.1927
2023-01-01 00:00:00+00:00,0.3389,0.34,0.3354,0.3387,34471638.5714
2023-01-02 00:00:00+00:00,0.3386,0.3555,0.3,0.3482,217803999.7446
2023-01-03 00:00:00+00:00,0.3482,0.352,0.3395,0.3436,119511328.6711
2023-01-04 00:00:00+00:00,0.3436,0.3605,0.339,0.3472,129585304.7284
2023-01-05 00:00:00+00:00,0.3471,0.3487,0.3333,0.338,90735849.1365
2023-01-06 00:00:00+00:00,0.338,0.3462,0.3311,0.3443,93853937.033
2023-01-07 00:00:00+00:00,0.3442,0.3457,0.3413,0.3442,35685499.4695
2023-01-08 00:00:00+00:00,0.3442,0.3469,0.3354,0.3452,63235820.0018
2023-01-09 00:00:00+00:00,0.3452,0.3576,0.3437,0.349,185161444.2836
2023-01-10 00:00:00+00:00,0.3489,0.3541,0.3432,0.3507,118256165.1944
2023-01-11 00:00:00+00:00,0.3506,0.3785,0.3477,0.3728,228637315.3745
2023-01-12 00:00:00+00:00,0.3728,0.382,0.3607,0.3748,188241999.7211
2023-01-13 00:00:00+00:00,0.3748,0.3868,0.368,0.3858,152479844.0566
2023-01-14 00:00:00+00:00,0.3857,0.4089,0.3766,0.3953,230545836.1881
2023-01-15 00:00:00+00:00,0.3953,0.3969,0.3795,0.3845,113574492.6617
2023-01-16 00:00:00+00:00,0.3846,0.4064,0.3777,0.3855,211557382.1895
2023-01-17 00:00:00+00:00,0.3855,0.3987,0.379,0.3868,146669509.5433
2023-01-18 00:00:00+00:00,0.3868,0.3964,0.3655,0.3782,236217050.68
2023-01-19 00:00:00+00:00,0.3782,0.3965,0.3762,0.3928,161047075.7657
2023-01-20 00:00:00+00:00,0.3929,0.4141,0.3859,0.4129,145683006.8193
2023-01-21 00:00:00+00:00,0.4129,0.4166,0.3967,0.4034,141823531.5831
2023-01-22 00:00:00+00:00,0.4034,0.4122,0.3962,0.4004,101062837.4732
2023-01-23 00:00:00+00:00,0.4004,0.433,0.3995,0.4234,304618525.3061
2023-01-24 00:00:00+00:00,0.4233,0.4312,0.4025,0.4078,172683239.9344
2023-01-25 00:00:00+00:00,0.4079,0.4245,0.3965,0.417,153118088.976
2023-01-26 00:00:00+00:00,0.417,0.4178,0.4053,0.4092,119450988.2924
2023-01-27 00:00:00+00:00,0.4091,0.4135,0.3988,0.4128,111625093.023
2023-01-28 00:00:00+00:00,0.4127,0.4168,0.4055,0.4078,61120997.8106
2023-01-29 00:00:00+00:00,0.4078,0.4173,0.4066,0.4134,68802706.7642
2023-01-30 00:00:00+00:00,0.4135,0.4222,0.386,0.3934,174875593.0656
2023-01-31 00:00:00+00:00,0.3933,0.4113,0.388,0.4057,138238341.7796
2023-02-01 00:00:00+00:00,0.4058,0.4157,0.3962,0.4131,153259801.5671
2023-02-02 00:00:00+00:00,0.4132,0.4192,0.408,0.4098,133341656.2179
2023-02-03 00:00:00+00:00,0.4097,0.4137,0.4054,0.4117,112603154.4869
2023-02-04 00:00:00+00:00,0.4116,0.4204,0.4075,0.4106,73370958.019
2023-02-05 00:00:00+00:00,0.4106,0.412,0.3942,0.3984,95563098.0889
2023-02-06 00:00:00+00:00,0.3985,0.4037,0.3909,0.392,125897156.2863
2023-02-07 00:00:00+00:00,0.3921,0.4048,0.3901,0.4036,141141108.6065
2023-02-08 00:00:00+00:00,0.4037,0.406,0.3936,0.3975,105265066.8744
2023-02-09 00:00:00+00:00,0.3975,0.4092,0.3726,0.3819,206981490.6035
2023-02-10 00:00:00+00:00,0.3818,0.3878,0.3771,0.3817,107300522.3004
2023-02-11 00:00:00+00:00,0.3818,0.3841,0.3798,0.3833,47064308.7616
2023-02-12 00:00:00+00:00,0.3834,0.385,0.3716,0.3747,51727784.2532
2023-02-13 00:00:00+00:00,0.3747,0.3783,0.3612,0.3703,141477064.7839
2023-02-14 00:00:00+00:00,0.3703,0.3839,0.3644,0.3819,138499878.2798
2023-02-15 00:00:00+00:00,0.3819,0.4024,0.3765,0.4011,143859246.6086
2023-02-16 00:00:00+00:00,0.401,0.4048,0.384,0.3841,179200203.6661
2023-02-17 00:00:00+00:00,0.3841,0.4,0.3809,0.395,139644124.6396
2023-02-18 00:00:00+00:00,0.3949,0.3976,0.3911,0.3943,57400872.4426
2023-02-19 00:00:00+00:00,0.3942,0.3981,0.3845,0.3863,93146713.9362
2023-02-20 00:00:00+00:00,0.3862,0.409,0.3774,0.3984,220336014.7363
2023-02-21 00:00:00+00:00,0.3985,0.4025,0.3872,0.3919,176374645.4901
2023-02-22 00:00:00+00:00,0.392,0.3977,0.3828,0.3953,151813602.9011
2023-02-23 00:00:00+00:00,0.3953,0.3979,0.3853,0.3882,136524364.7895
2023-02-24 00:00:00+00:00,0.3883,0.3908,0.3723,0.3783,136442442.7247
2023-02-25 00:00:00+00:00,0.3783,0.3795,0.3692,0.3778,67647646.4228
2023-02-26 00:00:00+00:00,0.3779,0.3807,0.3745,0.3779,49371646.179
2023-02-27 00:00:00+00:00,0.3779,0.3801,0.3708,0.3785,158457633.8979
2023-02-28 00:00:00+00:00,0.3785,0.3827,0.3719,0.3762,140007695.9865
2023-03-01 00:00:00+00:00,0.3762,0.3848,0.3726,0.3835,120585971.9244
2023-03-02 00:00:00+00:00,0.3836,0.3846,0.3737,0.3772,106574977.8196
2023-03-03 00:00:00+00:00,0.3772,0.3806,0.3539,0.3774,179848857.5324
2023-03-04 00:00:00+00:00,0.3773,0.38,0.368,0.3735,61584809.5591
2023-03-05 00:00:00+00:00,0.3735,0.3774,0.3653,0.3668,60724189.1932
2023-03-06 00:00:00+00:00,0.3668,0.3743,0.3589,0.3695,156725004.0317
2023-03-07 00:00:00+00:00,0.3696,0.3844,0.3669,0.3801,210785141.3808
2023-03-08 00:00:00+00:00,0.3802,0.4018,0.3723,0.3889,265136639.3485
2023-03-09 00:00:00+00:00,0.3889,0.3976,0.3639,0.3706,252341948.9759
2023-03-10 00:00:00+00:00,0.3706,0.3752,0.3571,0.37,198898835.5473
2023-03-11 00:00:00+00:00,0.3699,0.3741,0.3582,0.3638,125158363.7402
2023-03-12 00:00:00+00:00,0.3637,0.3715,0.3473,0.3714,140064897.6627
2023-03-13 00:00:00+00:00,0.3713,0.38,0.3553,0.3724,204984639.527
2023-03-14 00:00:00+00:00,0.3724,0.387,0.3647,0.3724,203995643.0725
2023-03-15 00:00:00+00:00,0.3724,0.3757,0.356,0.3589,140863011.9457
2023-03-16 00:00:00+00:00,0.3589,0.367,0.3562,0.3647,93875787.5029
2023-03-17 00:00:00+00:00,0.3648,0.3825,0.362,0.3798,151029086.0637
2023-03-18 00:00:00+00:00,0.3797,0.3898,0.3691,0.3739,136790748.2516
2023-03-19 00:00:00+00:00,0.3739,0.4,0.3736,0.3857,185211360.2455
2023-03-20 00:00:00+00:00,0.3858,0.3913,0.3707,0.3734,168478007.0693
2023-03-21 00:00:00+00:00,0.3734,0.4929,0.3728,0.4696,739147786.6806
2023-03-22 00:00:00+00:00,0.4696,0.475,0.4069,0.4213,626614742.0198
2023-03-23 00:00:00+00:00,0.4213,0.4557,0.4116,0.4438,368094025.9115
2023-03-24 00:00:00+00:00,0.4437,0.444,0.4141,0.4259,217558570.5452
2023-03-25 00:00:00+00:00,0.426,0.465,0.4223,0.4429,284432424.3263
2023-03-26 00:00:00+00:00,0.4429,0.4632,0.4403,0.4479,164516868.433
2023-03-27 00:00:00+00:00,0.4479,0.4888,0.4425,0.479,468907973.9647
2023-03-28 00:00:00+00:00,0.4789,0.534,0.4666,0.5144,561768921.786
2023-03-29 00:00:00+00:00,0.5145,0.585,0.5145,0.5425,710720110.8781
2023-03-30 00:00:00+00:00,0.5425,0.558,0.5214,0.5319,444533562.2479
2023-03-31 00:00:00+00:00,0.5319,0.564,0.5257,0.5374,285494944.4927
2023-04-01 00:00:00+00:00,0.5375,0.5375,0.4972,0.5095,265787844.0202
2023-04-02 00:00:00+00:00,0.5095,0.529,0.5015,0.518,202442762.8255
2023-04-03 00:00:00+00:00,0.5179,0.525,0.481,0.4959,264930891.5245
2023-04-04 00:00:00+00:00,0.4958,0.5078,0.4871,0.5026,179555332.6901
2023-04-05 00:00:00+00:00,0.5026,0.5271,0.4986,0.5055,210165518.3216
2023-04-06 00:00:00+00:00,0.5056,0.5097,0.4913,0.5028,158484620.7896
2023-04-07 00:00:00+00:00,0.5028,0.5156,0.4971,0.5126,161500221.0903
2023-04-08 00:00:00+00:00,0.5127,0.513,0.5022,0.5048,69517878.4432
2023-04-09 00:00:00+00:00,0.5049,0.5093,0.4983,0.5054,58532234.578
2023-04-10 00:00:00+00:00,0.5053,0.5199,0.5,0.5176,134434521.2121
2023-04-11 00:00:00+00:00,0.5176,0.5283,0.511,0.5167,186152904.5242
2023-04-12 00:00:00+00:00,0.5166,0.5179,0.4984,0.5049,171358646.2642
2023-04-13 00:00:00+00:00,0.5049,0.5156,0.5014,0.5125,139036177.3945
2023-04-14 00:00:00+00:00,0.5124,0.5465,0.5111,0.5227,243064939.2771
2023-04-15 00:00:00+00:00,0.5227,0.5261,0.516,0.5192,79413896.0197
2023-04-16 00:00:00+00:00,0.5192,0.5244,0.5152,0.5209,81721324.831
2023-04-17 00:00:00+00:00,0.5208,0.521,0.5066,0.5109,153553932.094
2023-04-18 00:00:00+00:00,0.511,0.5391,0.5092,0.5324,186085470.3304
2023-04-19 00:00:00+00:00,0.5325,0.5375,0.471,0.4911,311042377.4707
2023-04-20 00:00:00+00:00,0.4911,0.4993,0.465,0.4752,219794190.8847
2023-04-21 00:00:00+00:00,0.4752,0.4792,0.4403,0.4491,196405832.4614
2023-04-22 00:00:00+00:00,0.4491,0.4761,0.4455,0.4719,111879421.8415
2023-04-23 00:00:00+00:00,0.472,0.472,0.4526,0.4647,103079830.5741
2023-04-24 00:00:00+00:00,0.4648,0.4857,0.4469,0.4611,189723462.6629
2023-04-25 00:00:00+00:00,0.461,0.4723,0.4506,0.4695,173172942.7944
2023-04-26 00:00:00+00:00,0.4696,0.4831,0.4329,0.4618,256463436.6499
2023-04-27 00:00:00+00:00,0.4618,0.4699,0.4557,0.4667,159816336.8441
2023-04-28 00:00:00+00:00,0.4666,0.483,0.4637,0.4796,181922278.9124
2023-04-29 00:00:00+00:00,0.4795,0.4869,0.4709,0.478,84163263.9234
2023-04-30 00:00:00+00:00,0.4779,0.4819,0.4687,0.4705,68124656.7054
2023-05-01 00:00:00+00:00,0.4705,0.4724,0.4544,0.4649,156703971.8915
2023-05-02 00:00:00+00:00,0.4648,0.4662,0.4574,0.4645,152988821.87
2023-05-03 00:00:00+00:00,0.4644,0.4655,0.4497,0.4632,156013152.9334
2023-05-04 00:00:00+00:00,0.4633,0.465,0.4547,0.4608,100405157.9432
2023-05-05 00:00:00+00:00,0.4608,0.4706,0.4545,0.4671,135599010.5934
2023-05-06 00:00:00+00:00,0.4671,0.4695,0.4512,0.4582,77457021.9829
2023-05-07 00:00:00+00:00,0.4582,0.4601,0.4457,0.449,54412904.3018
2023-05-08 00:00:00+00:00,0.4491,0.4512,0.41,0.4283,208516112.0143
2023-05-09 00:00:00+00:00,0.4283,0.4308,0.4202,0.4289,140698488.1352
2023-05-10 00:00:00+00:00,0.4289,0.434,0.4119,0.4303,142959031.4146
2023-05-11 00:00:00+00:00,0.4303,0.4305,0.4114,0.4207,121888401.6044
2023-05-12 00:00:00+00:00,0.4207,0.4446,0.4157,0.4305,174665763.124
2023-05-13 00:00:00+00:00,0.4305,0.4306,0.4227,0.424,43502508.7222
2023-05-14 00:00:00+00:00,0.424,0.4317,0.421,0.4253,41556708.1618
2023-05-15 00:00:00+00:00,0.4253,0.4304,0.4214,0.4273,112456043.0808
2023-05-16 00:00:00+00:00,0.4273,0.443,0.4174,0.4425,152521020.859
2023-05-17 00:00:00+00:00,0.4426,0.4616,0.4375,0.4484,229071343.7915
2023-05-18 00:00:00+00:00,0.4485,0.473,0.443,0.4596,192595312.6275
2023-05-19 00:00:00+00:00,0.4597,0.4755,0.4573,0.4675,152613054.2521
2023-05-20 00:00:00+00:00,0.4674,0.4719,0.4618,0.4685,62057504.8193
2023-05-21 00:00:00+00:00,0.4685,0.4706,0.455,0.4575,70385641.0823
2023-05-22 00:00:00+00:00,0.4574,0.4674,0.4496,0.4618,133114497.6357
2023-05-23 00:00:00+00:00,0.4618,0.4672,0.4583,0.4651,125016933.0484
2023-05-24 00:00:00+00:00,0.4651,0.4651,0.4457,0.453,151915102.1176
2023-05-25 00:00:00+00:00,0.453,0.4551,0.4431,0.4538,85627895.2544
2023-05-26 00:00:00+00:00,0.4538,0.4699,0.4524,0.4684,132032922.1573
2023-05-27 00:00:00+00:00,0.4684,0.4792,0.4652,0.4714,84283690.6692
2023-05-28 00:00:00+00:00,0.4714,0.4863,0.4699,0.482,79310781.4841
2023-05-29 00:00:00+00:00,0.482,0.4954,0.4761,0.4946,158994730.9089
2023-05-30 00:00:00+00:00,0.4946,0.5293,0.4893,0.5205,337412103.77
2023-05-31 00:00:00+00:00,0.5205,0.528,0.5009,0.5166,226321932.8499
2023-06-01 00:00:00+00:00,0.5167,0.5167,0.5014,0.5065,162638528.1577
2023-06-02 00:00:00+00:00,0.5065,0.5271,0.5033,0.5244,151414189.6036
2023-06-03 00:00:00+00:00,0.5245,0.534,0.5144,0.5188,89930000.8953
2023-06-04 00:00:00+00:00,0.5188,0.547,0.5151,0.5359,133246493.0951
2023-06-05 00:00:00+00:00,0.5359,0.5431,0.4867,0.509,319477652.4925
2023-06-06 00:00:00+00:00,0.5089,0.5328,0.4952,0.53,234690913.8299
2023-06-07 00:00:00+00:00,0.53,0.5384,0.507,0.5183,244889718.1241
2023-06-08 00:00:00+00:00,0.5183,0.5278,0.5156,0.5236,137027019.7161
2023-06-09 00:00:00+00:00,0.5237,0.5418,0.5205,0.538,187158472.4652
2023-06-10 00:00:00+00:00,0.538,0.5388,0.472,0.5067,304346642.2294
2023-06-11 00:00:00+00:00,0.5067,0.5293,0.5027,0.5208,113523633.2413
2023-06-12 00:00:00+00:00,0.5209,0.528,0.5086,0.5251,184693488.5544
2023-06-13 00:00:00+00:00,0.5251,0.5658,0.5054,0.5192,411364100.7733
2023-06-14 00:00:00+00:00,0.5193,0.5205,0.461,0.4801,270686306.3722
2023-06-15 00:00:00+00:00,0.4802,0.4858,0.4663,0.4801,161264378.6239
2023-06-16 00:00:00+00:00,0.4801,0.4833,0.4558,0.4759,177084797.8848
2023-06-17 00:00:00+00:00,0.4758,0.4869,0.4694,0.4794,90724364.3014
2023-06-18 00:00:00+00:00,0.4794,0.4979,0.4741,0.4868,109694269.2514
2023-06-19 00:00:00+00:00,0.4868,0.4991,0.4811,0.4936,158029204.5714
2023-06-20 00:00:00+00:00,0.4935,0.4967,0.4716,0.4929,183652110.869
2023-06-21 00:00:00+00:00,0.4928,0.5034,0.4892,0.4999,202941709.1074
2023-06-22 00:00:00+00:00,0.4999,0.5272,0.4821,0.4938,223220058.1374
2023-06-23 00:00:00+00:00,0.4937,0.5023,0.484,0.4961,170930777.4484
2023-06-24 00:00:00+00:00,0.496,0.4961,0.478,0.4865,94403166.4608
2023-06-25 00:00:00+00:00,0.4865,0.4977,0.4829,0.4903,93843422.8092
2023-06-26 00:00:00+00:00,0.4903,0.4919,0.4701,0.479,147000463.6721
2023-06-27 00:00:00+00:00,0.479,0.4851,0.4759,0.4838,140122274.2891
2023-06-28 00:00:00+00:00,0.4839,0.4844,0.4493,0.4647,153329584.7929
2023-06-29 00:00:00+00:00,0.4648,0.4773,0.4612,0.4747,99147276.3141
2023-06-30 00:00:00+00:00,0.4747,0.4827,0.4498,0.4729,185778507.6227
2023-07-01 00:00:00+00:00,0.473,0.476,0.464,0.4732,109210900.2688
2023-07-02 00:00:00+00:00,0.4732,0.4961,0.4697,0.4845,163094434.9659
2023-07-03 00:00:00+00:00,0.4844,0.4914,0.4784,0.489,172807675.4956
2023-07-04 00:00:00+00:00,0.489,0.4935,0.4816,0.4872,146031583.7395
2023-07-05 00:00:00+00:00,0.4872,0.4919,0.4696,0.4777,140622559.5325
2023-07-06 00:00:00+00:00,0.4777,0.4842,0.4612,0.4622,143805418.8002
2023-07-07 00:00:00+00:00,0.4622,0.4708,0.4575,0.4687,107533605.7697
2023-07-08 00:00:00+00:00,0.4686,0.4748,0.4649,0.4704,54396568.3464
2023-07-09 00:00:00+00:00,0.4705,0.4717,0.4664,0.468,37629361.6338
2023-07-10 00:00:00+00:00,0.4681,0.48,0.4622,0.478,157526649.3444
2023-07-11 00:00:00+00:00,0.478,0.4784,0.4709,0.4753,107129231.8382
2023-07-12 00:00:00+00:00,0.4753,0.4772,0.4648,0.471,104191095.7675
2023-07-13 00:00:00+00:00,0.471,0.938,0.4695,0.8153,1758482749.7509
2023-07-14 00:00:00+00:00,0.8151,0.8253,0.6686,0.7179,1152019101.9945
2023-07-15 00:00:00+00:00,0.7178,0.7362,0.6919,0.7145,504452504.4832
2023-07-16 00:00:00+00:00,0.7144,0.79,0.702,0.7468,709571949.0654
2023-07-17 00:00:00+00:00,0.7468,0.7662,0.7122,0.7374,450106863.4749
2023-07-18 00:00:00+00:00,0.7373,0.785,0.7304,0.7779,450543299.0257
2023-07-19 00:00:00+00:00,0.778,0.8547,0.7685,0.8199,735553987.5944
2023-07-20 00:00:00+00:00,0.8198,0.8489,0.771,0.7942,521605123.0001
2023-07-21 00:00:00+00:00,0.7942,0.7987,0.7601,0.7713,320767845.9807
2023-07-22 00:00:00+00:00,0.7713,0.7799,0.7215,0.7331,246545025.6818
2023-07-23 00:00:00+00:00,0.733,0.7525,0.7149,0.7384,216785787.3217
2023-07-24 00:00:00+00:00,0.7384,0.743,0.6808,0.7021,363034637.1972
2023-07-25 00:00:00+00:00,0.702,0.7163,0.6743,0.7089,274098541.9027
2023-07-26 00:00:00+00:00,0.709,0.7313,0.6927,0.7161,261953542.4317
2023-07-27 00:00:00+00:00,0.7161,0.7328,0.7061,0.7139,223798115.8014
2023-07-28 00:00:00+00:00,0.7138,0.7189,0.7021,0.712,143020949.8474
2023-07-29 00:00:00+00:00,0.7119,0.7158,0.7041,0.7121,75047405.3508
2023-07-30 00:00:00+00:00,0.7122,0.7358,0.6825,0.7046,190600448.5184
2023-07-31 00:00:00+00:00,0.7047,0.7205,0.685,0.6976,266346676.5876
2023-08-01 00:00:00+00:00,0.6976,0.7082,0.6732,0.7069,253808721.4183
2023-08-02 00:00:00+00:00,0.7069,0.7081,0.6762,0.685,177961279.0593
2023-08-03 00:00:00+00:00,0.6849,0.6875,0.6543,0.663,236749567.6446
2023-08-04 00:00:00+00:00,0.6629,0.6677,0.625,0.6356,228894407.1158
2023-08-05 00:00:00+00:00,0.6356,0.6358,0.6106,0.6288,181546677.3618
2023-08-06 00:00:00+00:00,0.6288,0.6388,0.6214,0.624,127064254.1824
2023-08-07 00:00:00+00:00,0.624,0.6299,0.5967,0.6236,275111720.6978
2023-08-08 00:00:00+00:00,0.6235,0.6482,0.6141,0.6418,237638533.3265
2023-08-09 00:00:00+00:00,0.6418,0.6662,0.6314,0.6433,285460658.8725
2023-08-10 00:00:00+00:00,0.6434,0.6445,0.6241,0.6331,186480960.7635
2023-08-11 00:00:00+00:00,0.6331,0.6413,0.6257,0.6318,142904471.5788
2023-08-12 00:00:00+00:00,0.6317,0.6335,0.6224,0.6276,54910098.7887
2023-08-13 00:00:00+00:00,0.6276,0.6385,0.6235,0.6256,86527939.4537
2023-08-14 00:00:00+00:00,0.6256,0.6369,0.6241,0.6343,163740850.5512
2023-08-15 00:00:00+00:00,0.6342,0.6348,0.58,0.6104,238684860.1785
2023-08-16 00:00:00+00:00,0.6104,0.617,0.572,0.5889,346941847.5022
2023-08-17 00:00:00+00:00,0.589,0.5948,0.4226,0.5064,457574867.9969
2023-08-18 00:00:00+00:00,0.5064,0.523,0.4829,0.5062,364518617.2381
2023-08-19 00:00:00+00:00,0.5062,0.5249,0.5006,0.5199,153282783.436
2023-08-20 00:00:00+00:00,0.52,0.5582,0.516,0.5384,243112521.7842
2023-08-21 00:00:00+00:00,0.5385,0.5398,0.503,0.5245,276083692.1019
2023-08-22 00:00:00+00:00,0.5245,0.5256,0.5032,0.521,217743145.7154
2023-08-23 00:00:00+00:00,0.5211,0.5368,0.5157,0.5301,150276948.65
2023-08-24 00:00:00+00:00,0.5302,0.5319,0.5111,0.5187,131630382.9377
2023-08-25 00:00:00+00:00,0.5187,0.5319,0.5078,0.5258,168716071.9142
2023-08-26 00:00:00+00:00,0.5258,0.5283,0.5178,0.5231,57772395.7492
2023-08-27 00:00:00+00:00,0.5231,0.5303,0.5163,0.5236,69622811.3558
2023-08-28 00:00:00+00:00,0.5235,0.525,0.5102,0.5232,138002651.4955
2023-08-29 00:00:00+00:00,0.5232,0.5496,0.5131,0.5398,243625243.1025
2023-08-30 00:00:00+00:00,0.5398,0.5404,0.5216,0.5284,148049982.3458
2023-08-31 00:00:00+00:00,0.5284,0.5288,0.495,0.511,185642613.429
2023-09-01 00:00:00+00:00,0.511,0.512,0.4864,0.498,196180468.7422
2023-09-02 00:00:00+00:00,0.4981,0.5029,0.4943,0.4988,86413967.259
2023-09-03 00:00:00+00:00,0.4989,0.5107,0.4971,0.5047,74878959.3547
2023-09-04 00:00:00+00:00,0.5047,0.513,0.4966,0.5087,148200901.2522
2023-09-05 00:00:00+00:00,0.5087,0.5088,0.499,0.5056,131087885.2647
2023-09-06 00:00:00+00:00,0.5056,0.5058,0.4909,0.5033,127756291.7953
2023-09-07 00:00:00+00:00,0.5033,0.5069,0.4965,0.505,105141976.2839
2023-09-08 00:00:00+00:00,0.5051,0.5076,0.4941,0.505,112392001.6491
2023-09-09 00:00:00+00:00,0.5049,0.5049,0.5015,0.5038,34798028.5372
2023-09-10 00:00:00+00:00,0.5038,0.5039,0.4923,0.4969,72189553.5313
2023-09-11 00:00:00+00:00,0.4969,0.4982,0.459,0.4744,231551329.5379
2023-09-12 00:00:00+00:00,0.4744,0.4867,0.47,0.4804,170451184.1332
2023-09-13 00:00:00+00:00,0.4804,0.4897,0.4723,0.4832,131944337.0568
2023-09-14 00:00:00+00:00,0.4833,0.4941,0.4799,0.4892,112816288.3825
2023-09-15 00:00:00+00:00,0.4892,0.5086,0.4874,0.5005,151756322.9436
2023-09-16 00:00:00+00:00,0.5004,0.5035,0.4968,0.4998,66494200.1416
2023-09-17 00:00:00+00:00,0.4997,0.5004,0.4894,0.4925,70781411.8491
2023-09-18 00:00:00+00:00,0.4925,0.5077,0.4864,0.503,148765121.6648
2023-09-19 00:00:00+00:00,0.503,0.5166,0.5005,0.514,150372427.5183
2023-09-20 00:00:00+00:00,0.5139,0.5254,0.5065,0.5212,149026404.1864
2023-09-21 00:00:00+00:00,0.5213,0.5214,0.5001,0.5071,141242377.4972
2023-09-22 00:00:00+00:00,0.5072,0.517,0.5036,0.5122,119497921.1554
2023-09-23 00:00:00+00:00,0.5122,0.5138,0.5055,0.5076,51932821.0136
2023-09-24 00:00:00+00:00,0.5076,0.5118,0.4984,0.5021,57298613.7007
2023-09-25 00:00:00+00:00,0.502,0.5072,0.4912,0.5056,151571274.4503
2023-09-26 00:00:00+00:00,0.5056,0.5075,0.496,0.5019,136072298.7207
2023-09-27 00:00:00+00:00,0.5019,0.5071,0.4968,0.4993,119114611.0416
2023-09-28 00:00:00+00:00,0.4993,0.5102,0.4952,0.5098,124424022.7492
2023-09-29 00:00:00+00:00,0.5097,0.5494,0.5061,0.5215,318719390.9093
2023-09-30 00:00:00+00:00,0.5215,0.5218,0.5134,0.5149,74870559.5311
2023-10-01 00:00:00+00:00,0.5148,0.526,0.5137,0.5241,87152009.1862
2023-10-02 00:00:00+00:00,0.524,0.5266,0.5075,0.5123,165774736.408
2023-10-03 00:00:00+00:00,0.5122,0.5479,0.5055,0.539,206974439.7289
2023-10-04 00:00:00+00:00,0.5391,0.5426,0.5194,0.5326,224478611.1085
2023-10-05 00:00:00+00:00,0.5326,0.5326,0.5155,0.5227,122773047.4518
2023-10-06 00:00:00+00:00,0.5227,0.5298,0.5169,0.5255,114860940.6825
2023-10-07 00:00:00+00:00,0.5255,0.5258,0.5197,0.5216,32985340.1246
2023-10-08 00:00:00+00:00,0.5216,0.5234,0.5153,0.5174,43049947.7345
2023-10-09 00:00:00+00:00,0.5174,0.5201,0.4875,0.5027,162917539.6957
2023-10-10 00:00:00+00:00,0.5027,0.5027,0.4917,0.4965,113450223.3424
2023-10-11 00:00:00+00:00,0.4964,0.4977,0.4788,0.4888,117525638.5842
2023-10-12 00:00:00+00:00,0.4889,0.4889,0.4729,0.483,124638564.2861
2023-10-13 00:00:00+00:00,0.4831,0.4907,0.4786,0.4851,124170633.8704
2023-10-14 00:00:00+00:00,0.4852,0.4883,0.4835,0.4865,45567697.421
2023-10-15 00:00:00+00:00,0.4866,0.4902,0.485,0.4874,49526308.3315
2023-10-16 00:00:00+00:00,0.4874,0.5109,0.485,0.4978,200854473.229
2023-10-17 00:00:00+00:00,0.4977,0.498,0.4845,0.4912,131923465.6873
2023-10-18 00:00:00+00:00,0.4911,0.4924,0.4855,0.4878,99190110.2404
2023-10-19 00:00:00+00:00,0.4878,0.5245,0.4769,0.5197,221204640.8187
2023-10-20 00:00:00+00:00,0.5197,0.5309,0.5084,0.5149,213465377.0241
2023-10-21 00:00:00+00:00,0.515,0.5325,0.5109,0.5208,93228244.9386
2023-10-22 00:00:00+00:00,0.5208,0.5242,0.5118,0.5226,85805435.8149
2023-10-23 00:00:00+00:00,0.5226,0.5536,0.5199,0.5475,278286849.1031
2023-10-24 00:00:00+00:00,0.5475,0.5866,0.5346,0.5588,445409828.1721
2023-10-25 00:00:00+00:00,0.5587,0.5639,0.5404,0.5552,204340817.5026
2023-10-26 00:00:00+00:00,0.5552,0.5695,0.5426,0.5533,220409474.949
2023-10-27 00:00:00+00:00,0.5534,0.5588,0.5325,0.543,171491048.3712
2023-10-28 00:00:00+00:00,0.543,0.5506,0.5405,0.5446,60491790.5594
2023-10-29 00:00:00+00:00,0.5446,0.5614,0.5405,0.5561,88554355.8106
2023-10-30 00:00:00+00:00,0.556,0.5843,0.5494,0.578,248232480.4328
2023-10-31 00:00:00+00:00,0.578,0.6213,0.5627,0.5996,368660558.7841
2023-11-01 00:00:00+00:00,0.5995,0.6164,0.5802,0.6085,281452760.3842
2023-11-02 00:00:00+00:00,0.6084,0.6262,0.5865,0.6054,266920463.1922
2023-11-03 00:00:00+00:00,0.6053,0.615,0.5914,0.6121,198763348.2491
2023-11-04 00:00:00+00:00,0.612,0.6181,0.6083,0.6149,87555326.7674
2023-11-05 00:00:00+00:00,0.6149,0.663,0.6137,0.6607,267196689.0691
2023-11-06 00:00:00+00:00,0.6606,0.7324,0.6584,0.7148,492269742.4642
2023-11-07 00:00:00+00:00,0.7147,0.7155,0.65,0.685,422309909.7894
2023-11-08 00:00:00+00:00,0.6851,0.699,0.6725,0.6869,236500123.9913
2023-11-09 00:00:00+00:00,0.6869,0.7069,0.63,0.6665,526217501.6202
2023-11-10 00:00:00+00:00,0.6667,0.6711,0.6359,0.6595,305377391.8214
2023-11-11 00:00:00+00:00,0.6594,0.69,0.6401,0.6626,253172843.0691
2023-11-12 00:00:00+00:00,0.6626,0.6709,0.6458,0.6613,143035347.164
2023-11-13 00:00:00+00:00,0.6612,0.75,0.6397,0.6702,508338082.6985
2023-11-14 00:00:00+00:00,0.6701,0.6724,0.5967,0.6296,385092136.0451
2023-11-15 00:00:00+00:00,0.6296,0.6504,0.6251,0.6481,215842881.7763
2023-11-16 00:00:00+00:00,0.6482,0.653,0.6033,0.6119,278273459.1294
2023-11-17 00:00:00+00:00,0.6118,0.6244,0.5859,0.6133,224298132.849
2023-11-18 00:00:00+00:00,0.6132,0.6144,0.589,0.6106,116218315.9822
2023-11-19 00:00:00+00:00,0.6106,0.6286,0.6012,0.6258,147981860.3146
2023-11-20 00:00:00+00:00,0.6258,0.6282,0.6061,0.6122,184839298.7315
2023-11-21 00:00:00+00:00,0.6121,0.6178,0.5725,0.5788,282178604.4259
2023-11-22 00:00:00+00:00,0.5787,0.6162,0.5774,0.6109,206849999.4104
2023-11-23 00:00:00+00:00,0.6109,0.6238,0.6059,0.6209,187962573.1608
2023-11-24 00:00:00+00:00,0.6208,0.6258,0.6155,0.6212,188217852.8961
2023-11-25 00:00:00+00:00,0.6212,0.6238,0.6157,0.6228,75608640.3507
2023-11-26 00:00:00+00:00,0.6228,0.6375,0.6064,0.6157,165803435.5441
2023-11-27 00:00:00+00:00,0.6157,0.6168,0.5937,0.6039,187249018.3748
2023-11-28 00:00:00+00:00,0.6039,0.6139,0.5957,0.6107,173255085.9256
2023-11-29 00:00:00+00:00,0.6106,0.617,0.604,0.6091,143645522.7884
2023-11-30 00:00:00+00:00,0.609,0.6099,0.5982,0.6063,140561709.3205
2023-12-01 00:00:00+00:00,0.6063,0.6143,0.6031,0.6125,151500975.4603
2023-12-02 00:00:00+00:00,0.6126,0.6229,0.611,0.6208,88761091.0418
2023-12-03 00:00:00+00:00,0.6207,0.6342,0.6168,0.6229,150119342.5523
2023-12-04 00:00:00+00:00,0.6229,0.6439,0.582,0.6245,306906152.554
2023-12-05 00:00:00+00:00,0.6246,0.6307,0.6076,0.621,227916914.9618
2023-12-06 00:00:00+00:00,0.621,0.6437,0.6104,0.64,312787290.2284
2023-12-07 00:00:00+00:00,0.64,0.6544,0.6204,0.6432,290693308.7034
2023-12-08 00:00:00+00:00,0.6431,0.6756,0.6373,0.6721,325864380.6329
2023-12-09 00:00:00+00:00,0.672,0.7,0.651,0.6584,355677766.9118
2023-12-10 00:00:00+00:00,0.6584,0.6715,0.6468,0.6617,165918653.9992
2023-12-11 00:00:00+00:00,0.6617,0.6628,0.6,0.6187,374407040.2717
2023-12-12 00:00:00+00:00,0.6187,0.6263,0.6067,0.6192,231170040.1073
2023-12-13 00:00:00+00:00,0.6191,0.6348,0.5925,0.6275,234465552.887
2023-12-14 00:00:00+00:00,0.6276,0.6379,0.6053,0.6316,213406134.1976
2023-12-15 00:00:00+00:00,0.6316,0.6441,0.6116,0.6156,224036403.9219
2023-12-16 00:00:00+00:00,0.6156,0.6258,0.61,0.6203,99749269.6558
2023-12-17 00:00:00+00:00,0.6202,0.6237,0.6084,0.6103,108983642.7115
2023-12-18 00:00:00+00:00,0.6103,0.6145,0.5778,0.6125,285526632.3142
2023-12-19 00:00:00+00:00,0.6125,0.6167,0.5972,0.6047,188305009.5832
2023-12-20 00:00:00+00:00,0.6047,0.6264,0.601,0.6171,233730636.44
2023-12-21 00:00:00+00:00,0.6171,0.6249,0.6103,0.6241,181486794.9879
2023-12-22 00:00:00+00:00,0.624,0.6317,0.6154,0.6244,240110049.2457
2023-12-23 00:00:00+00:00,0.6243,0.6249,0.6106,0.6195,105499262.1589
2023-12-24 00:00:00+00:00,0.6195,0.6295,0.6035,0.6121,188565171.4613
2023-12-25 00:00:00+00:00,0.6122,0.6488,0.6082,0.6462,317774651.6537
2023-12-26 00:00:00+00:00,0.6461,0.6469,0.6,0.6219,266404566.6774
2023-12-27 00:00:00+00:00,0.6219,0.6421,0.6127,0.634,228589962.9332
2023-12-28 00:00:00+00:00,0.6341,0.6584,0.6249,0.6346,299092512.0579
2023-12-29 00:00:00+00:00,0.6346,0.6363,0.6121,0.623,217547687.8781
2023-12-30 00:00:00+00:00,0.6229,0.6297,0.6158,0.6207,104681939.6298
2023-12-31 00:00:00+00:00,0.6207,0.6285,0.6055,0.6156,99819076.467
2024-01-01 00:00:00+00:00,0.6155,0.6309,0.6083,0.6294,102732273.8982
2024-01-02 00:00:00+00:00,0.6295,0.6405,0.6213,0.6246,233870765.0564
2024-01-03 00:00:00+00:00,0.6245,0.6394,0.5,0.5823,616476961.0012
2024-01-04 00:00:00+00:00,0.5823,0.5938,0.5692,0.5868,223518040.6822
2024-01-05 00:00:00+00:00,0.5868,0.5885,0.553,0.5757,218834036.5278
2024-01-06 00:00:00+00:00,0.5758,0.5758,0.5568,0.5679,94643295.6385
2024-01-07 00:00:00+00:00,0.568,0.573,0.5454,0.5515,127831730.9433
2024-01-08 00:00:00+00:00,0.5515,0.5821,0.5442,0.5776,294676989.3888
2024-01-09 00:00:00+00:00,0.5776,0.5793,0.5531,0.5669,258327968.5304
2024-01-10 00:00:00+00:00,0.567,0.615,0.5489,0.6008,326124454.5335
2024-01-11 00:00:00+00:00,0.6008,0.624,0.5856,0.6019,310159093.8961
2024-01-12 00:00:00+00:00,0.6019,0.6035,0.5515,0.5699,271305995.4437
2024-01-13 00:00:00+00:00,0.5699,0.5775,0.563,0.5747,82918818.7551
2024-01-14 00:00:00+00:00,0.5746,0.5932,0.5717,0.5763,109243103.8968
2024-01-15 00:00:00+00:00,0.5763,0.5895,0.5687,0.5757,154706565.7047
2024-01-16 00:00:00+00:00,0.5757,0.5797,0.5659,0.5757,143801731.4493
2024-01-17 00:00:00+00:00,0.5758,0.5763,0.5611,0.5685,130910418.9994
2024-01-18 00:00:00+00:00,0.5685,0.569,0.543,0.552,160206212.1524
2024-01-19 00:00:00+00:00,0.552,0.5537,0.5216,0.5443,223694759.7986
2024-01-20 00:00:00+00:00,0.5443,0.5551,0.539,0.5534,104041398.8109
2024-01-21 00:00:00+00:00,0.5534,0.5552,0.5451,0.5464,63480245.1694
2024-01-22 00:00:00+00:00,0.5464,0.5497,0.5169,0.5275,181521750.767
2024-01-23 00:00:00+00:00,0.5275,0.5318,0.4962,0.5183,239931999.7921
2024-01-24 00:00:00+00:00,0.5183,0.5194,0.511,0.5181,131991869.4887
2024-01-25 00:00:00+00:00,0.5182,0.5182,0.5037,0.5138,128611527.1358
2024-01-26 00:00:00+00:00,0.5139,0.5368,0.5084,0.5323,179941832.2146
2024-01-27 00:00:00+00:00,0.5322,0.5349,0.5262,0.5303,58062234.2968
2024-01-28 00:00:00+00:00,0.5304,0.5355,0.5211,0.5241,70557321.5239
2024-01-29 00:00:00+00:00,0.5242,0.54,0.5193,0.5352,166936283.3948
2024-01-30 00:00:00+00:00,0.5351,0.5393,0.5071,0.5107,287974260.4678
2024-01-31 00:00:00+00:00,0.5106,0.5144,0.4853,0.5033,245358209.3109
2024-02-01 00:00:00+00:00,0.5033,0.5107,0.49,0.5058,169136077.9874
2024-02-02 00:00:00+00:00,0.5057,0.5142,0.4987,0.5105,182866296.7909
2024-02-03 00:00:00+00:00,0.5106,0.527,0.506,0.5186,139267739.442
2024-02-04 00:00:00+00:00,0.5187,0.5192,0.5003,0.5032,79994272.0065
2024-02-05 00:00:00+00:00,0.5031,0.5143,0.4969,0.5069,160199486.0272
2024-02-06 00:00:00+00:00,0.5069,0.5112,0.4981,0.505,149476117.6586
2024-02-07 00:00:00+00:00,0.505,0.5155,0.4993,0.5138,170065835.6946
2024-02-08 00:00:00+00:00,0.5138,0.52,0.5101,0.5147,164331767.5466
2024-02-09 00:00:00+00:00,0.5146,0.5282,0.514,0.5262,199001954.3944
2024-02-10 00:00:00+00:00,0.5262,0.5282,0.5186,0.5239,71203753.3982
2024-02-11 00:00:00+00:00,0.5239,0.536,0.5216,0.5261,115829056.7134
2024-02-12 00:00:00+00:00,0.5262,0.538,0.5143,0.5315,201577676.5218
2024-02-13 00:00:00+00:00,0.5315,0.5338,0.514,0.5247,209569577.3208
2024-02-14 00:00:00+00:00,0.5246,0.5418,0.5203,0.5378,213698498.0764
2024-02-15 00:00:00+00:00,0.5378,0.5769,0.537,0.5622,354054978.0784
2024-02-16 00:00:00+00:00,0.5622,0.5791,0.5523,0.5643,295713042.1994
2024-02-17 00:00:00+00:00,0.5643,0.5655,0.5392,0.5496,140263782.4244
2024-02-18 00:00:00+00:00,0.5496,0.5625,0.5471,0.5571,110984253.3261
2024-02-19 00:00:00+00:00,0.557,0.5679,0.5538,0.5626,202602289.0949
2024-02-20 00:00:00+00:00,0.5626,0.5751,0.543,0.5622,324956172.6769
2024-02-21 00:00:00+00:00,0.5622,0.5629,0.5326,0.5491,241554955.7311
2024-02-22 00:00:00+00:00,0.549,0.5517,0.5366,0.541,198108906.342
2024-02-23 00:00:00+00:00,0.541,0.5437,0.5251,0.5342,232931615.3245
2024-02-24 00:00:00+00:00,0.5342,0.5481,0.5313,0.545,109408023.8935
2024-02-25 00:00:00+00:00,0.5449,0.5489,0.542,0.5425,109195370.4684
2024-02-26 00:00:00+00:00,0.5424,0.5528,0.5288,0.5506,239159787.0654
2024-02-27 00:00:00+00:00,0.5506,0.5976,0.5476,0.5861,484204806.3153
2024-02-28 00:00:00+00:00,0.5862,0.6059,0.53,0.575,600527436.5215
2024-02-29 00:00:00+00:00,0.5749,0.626,0.5669,0.5867,789799237.6854
2024-03-01 00:00:00+00:00,0.5868,0.6034,0.5829,0.6013,323258854.7415
2024-03-02 00:00:00+00:00,0.6013,0.6501,0.5993,0.6442,561098506.1994
2024-03-03 00:00:00+00:00,0.6442,0.6446,0.59,0.6271,390250378.2574
2024-03-04 00:00:00+00:00,0.6271,0.666,0.615,0.6477,680037933.8019
2024-03-05 00:00:00+00:00,0.6476,0.6685,0.5386,0.5912,971210812.6012
2024-03-06 00:00:00+00:00,0.5913,0.624,0.5754,0.6121,501543922.8642
2024-03-07 00:00:00+00:00,0.6121,0.6394,0.6064,0.627,491723629.8708
2024-03-08 00:00:00+00:00,0.6271,0.6338,0.6,0.62,403359268.7297
2024-03-09 00:00:00+00:00,0.62,0.6323,0.6158,0.6197,248795359.0
2024-03-10 00:00:00+00:00,0.6198,0.6278,0.5965,0.608,265437261.5992
2024-03-11 00:00:00+00:00,0.608,0.744,0.583,0.723,1397085361.7244
2024-03-12 00:00:00+00:00,0.723,0.7332,0.6585,0.688,809486248.4053
2024-03-13 00:00:00+00:00,0.688,0.7026,0.6684,0.6891,433287999.4329
2024-03-14 00:00:00+00:00,0.6891,0.7077,0.6378,0.669,586214978.9612
2024-03-15 00:00:00+00:00,0.669,0.6759,0.596,0.6342,659887905.8484
2024-03-16 00:00:00+00:00,0.6341,0.6479,0.5915,0.6031,396629023.8596
2024-03-17 00:00:00+00:00,0.603,0.6249,0.5869,0.6191,317996138.2103
2024-03-18 00:00:00+00:00,0.6191,0.6686,0.5946,0.6453,539213807.37
2024-03-19 00:00:00+00:00,0.6453,0.6489,0.5712,0.5845,622800830.9744
2024-03-20 00:00:00+00:00,0.5845,0.6187,0.5681,0.6107,474979753.1727
2024-03-21 00:00:00+00:00,0.6108,0.6546,0.5972,0.6404,499670072.3817
2024-03-22 00:00:00+00:00,0.6403,0.6454,0.5985,0.6115,359961089.1895
2024-03-23 00:00:00+00:00,0.6115,0.6329,0.6032,0.6167,173110244.5216
2024-03-24 00:00:00+00:00,0.6168,0.6358,0.6133,0.6325,191365610.3891
2024-03-25 00:00:00+00:00,0.6326,0.6629,0.6263,0.6406,383334099.9351
2024-03-26 00:00:00+00:00,0.6405,0.653,0.625,0.6317,309446906.7586
2024-03-27 00:00:00+00:00,0.6317,0.6349,0.6055,0.6118,357401973.3555
2024-03-28 00:00:00+00:00,0.6119,0.6378,0.6033,0.6244,311430816.4376
2024-03-29 00:00:00+00:00,0.6243,0.6455,0.6087,0.6301,336042616.7256
2024-03-30 00:00:00+00:00,0.63,0.6372,0.6178,0.6212,172448766.2015
2024-03-31 00:00:00+00:00,0.6211,0.6301,0.6204,0.6292,113924710.714
2024-04-01 00:00:00+00:00,0.6292,0.6336,0.5947,0.611,333965195.5589
2024-04-02 00:00:00+00:00,0.611,0.6185,0.579,0.5854,384513388.8092
2024-04-03 00:00:00+00:00,0.5854,0.593,0.5663,0.5742,287020380.9741
2024-04-04 00:00:00+00:00,0.5741,0.6176,0.5623,0.5935,413917599.608
2024-04-05 00:00:00+00:00,0.5934,0.5939,0.5687,0.5871,245182996.9432
2024-04-06 00:00:00+00:00,0.587,0.5988,0.5852,0.593,97716359.6098
2024-04-07 00:00:00+00:00,0.593,0.6028,0.5894,0.5944,125604904.4772
2024-04-08 00:00:00+00:00,0.5945,0.6265,0.5881,0.6147,312299000.7698
2024-04-09 00:00:00+00:00,0.6146,0.6431,0.6012,0.6141,402883593.0298
2024-04-10 00:00:00+00:00,0.614,0.6204,0.5928,0.6172,273874315.888
2024-04-11 00:00:00+00:00,0.6171,0.6214,0.6029,0.6086,194033425.0445
2024-04-12 00:00:00+00:00,0.6085,0.6159,0.5068,0.5468,509327542.683
2024-04-13 00:00:00+00:00,0.5468,0.5491,0.4188,0.4788,589051261.486
2024-04-14 00:00:00+00:00,0.4788,0.5073,0.4637,0.5033,397952095.5441
2024-04-15 00:00:00+00:00,0.5034,0.5189,0.4811,0.4977,341529467.5271
2024-04-16 00:00:00+00:00,0.4977,0.5021,0.4754,0.4965,262546490.6849
2024-04-17 00:00:00+00:00,0.4965,0.5081,0.4715,0.4951,243899788.0604
2024-04-18 00:00:00+00:00,0.4951,0.5057,0.4856,0.5025,202498358.6896
2024-04-19 00:00:00+00:00,0.5026,0.5108,0.4665,0.503,320230549.4456
2024-04-20 00:00:00+00:00,0.503,0.53,0.4981,0.5288,167172289.5678
2024-04-21 00:00:00+00:00,0.5288,0.5367,0.5183,0.5246,110387883.5848
2024-04-22 00:00:00+00:00,0.5246,0.5715,0.5221,0.556,261174906.7999
2024-04-23 00:00:00+00:00,0.556,0.5576,0.5415,0.5445,216977134.9904
2024-04-24 00:00:00+00:00,0.5445,0.5519,0.5212,0.5275,235729630.8625
2024-04-25 00:00:00+00:00,0.5276,0.5327,0.5137,0.5254,187496339.632
2024-04-26 00:00:00+00:00,0.5254,0.5361,0.5143,0.5261,185956511.4784
2024-04-27 00:00:00+00:00,0.5261,0.5265,0.508,0.5179,101032224.5098
2024-04-28 00:00:00+00:00,0.5178,0.5253,0.5085,0.5103,70458610.2089
2024-04-29 00:00:00+00:00,0.5104,0.5175,0.4986,0.5151,176581449.9024
2024-04-30 00:00:00+00:00,0.515,0.5198,0.4875,0.5006,198721791.9993
2024-05-01 00:00:00+00:00,0.5006,0.5214,0.4782,0.5175,238496942.2037
2024-05-02 00:00:00+00:00,0.5175,0.5245,0.5067,0.518,177688990.7001
2024-05-03 00:00:00+00:00,0.518,0.5367,0.5145,0.5317,190081086.4027
2024-05-04 00:00:00+00:00,0.5317,0.541,0.5272,0.5302,84581329.5159
2024-05-05 00:00:00+00:00,0.5302,0.5334,0.524,0.5296,59417628.2842
2024-05-06 00:00:00+00:00,0.5295,0.5703,0.5247,0.5402,308959227.2858
2024-05-07 00:00:00+00:00,0.5401,0.5443,0.5217,0.5245,185972116.8921
2024-05-08 00:00:00+00:00,0.5244,0.53,0.5153,0.5171,181169260.551
2024-05-09 00:00:00+00:00,0.517,0.5238,0.5087,0.5209,154978198.3729
2024-05-10 00:00:00+00:00,0.5209,0.5209,0.497,0.5022,181324120.6451
2024-05-11 00:00:00+00:00,0.5022,0.5079,0.5005,0.5059,50215891.6399
2024-05-12 00:00:00+00:00,0.5059,0.5088,0.4957,0.4993,48846226.618
2024-05-13 00:00:00+00:00,0.4993,0.5121,0.4866,0.5053,154227486.4018
2024-05-14 00:00:00+00:00,0.5052,0.5132,0.4972,0.5002,154803622.0644
2024-05-15 00:00:00+00:00,0.5002,0.5196,0.4967,0.5188,163996243.7466
2024-05-16 00:00:00+00:00,0.5188,0.5228,0.5123,0.5157,169549941.3106
2024-05-17 00:00:00+00:00,0.5158,0.5292,0.5135,0.5234,149222311.8864
2024-05-18 00:00:00+00:00,0.5235,0.5256,0.5186,0.5213,47112655.4979
2024-05-19 00:00:00+00:00,0.5213,0.5236,0.5063,0.5096,58212030.835
2024-05-20 00:00:00+00:00,0.5096,0.538,0.5064,0.5377,211108604.7321
2024-05-21 00:00:00+00:00,0.5377,0.5571,0.5319,0.537,265966456.3389
2024-05-22 00:00:00+00:00,0.537,0.5383,0.5224,0.5268,161365019.6231
2024-05-23 00:00:00+00:00,0.5268,0.5488,0.5027,0.5289,307894786.7569
2024-05-24 00:00:00+00:00,0.5288,0.5375,0.5168,0.536,170784784.7435
2024-05-25 00:00:00+00:00,0.5359,0.5426,0.5318,0.5416,71152613.0006
2024-05-26 00:00:00+00:00,0.5416,0.542,0.5255,0.5283,58125721.5082
2024-05-27 00:00:00+00:00,0.5283,0.5409,0.5236,0.534,130266495.3384
2024-05-28 00:00:00+00:00,0.5339,0.5355,0.5211,0.5287,149284045.0986
2024-05-29 00:00:00+00:00,0.5286,0.5334,0.52,0.5238,167216243.8768
2024-05-30 00:00:00+00:00,0.5238,0.5283,0.5127,0.5186,188381860.4883
2024-05-31 00:00:00+00:00,0.5185,0.5259,0.5119,0.5176,158091721.3251
2024-06-01 00:00:00+00:00,0.5176,0.5219,0.5174,0.5187,45883952.1242
2024-06-02 00:00:00+00:00,0.5187,0.5209,0.508,0.5135,67445068.4335
2024-06-03 00:00:00+00:00,0.5135,0.5232,0.5118,0.5199,123452735.8403
2024-06-04 00:00:00+00:00,0.5199,0.5303,0.5182,0.5257,132153219.6112
2024-06-05 00:00:00+00:00,0.5257,0.5326,0.524,0.5258,130755905.6584
2024-06-06 00:00:00+00:00,0.5259,0.5281,0.5164,0.5215,151937470.6363
2024-06-07 00:00:00+00:00,0.5214,0.528,0.4508,0.4991,276798279.7619
2024-06-08 00:00:00+00:00,0.4991,0.5008,0.4897,0.4926,75330471.4663
2024-06-09 00:00:00+00:00,0.4927,0.4992,0.4909,0.4986,45014537.6229
2024-06-10 00:00:00+00:00,0.4987,0.506,0.4933,0.4969,124411172.2496
2024-06-11 00:00:00+00:00,0.4969,0.497,0.4707,0.4802,207619435.3427
2024-06-12 00:00:00+00:00,0.4803,0.4982,0.4742,0.4916,166014961.9476
2024-06-13 00:00:00+00:00,0.4917,0.4917,0.4756,0.4769,140783932.6943
2024-06-14 00:00:00+00:00,0.4768,0.4814,0.4601,0.4746,184650858.7677
2024-06-15 00:00:00+00:00,0.4746,0.5053,0.474,0.4908,85997201.5014
2024-06-16 00:00:00+00:00,0.4908,0.4997,0.4878,0.4891,79404153.9125
2024-06-17 00:00:00+00:00,0.4891,0.5213,0.4838,0.5047,293745986.7618
2024-06-18 00:00:00+00:00,0.5048,0.5096,0.469,0.491,286321955.7681
2024-06-19 00:00:00+00:00,0.4909,0.4996,0.4868,0.4933,128534687.302
2024-06-20 00:00:00+00:00,0.4933,0.5023,0.4883,0.4888,161043259.5381
2024-06-21 00:00:00+00:00,0.4888,0.4959,0.4797,0.4889,164176087.5095
2024-06-22 00:00:00+00:00,0.489,0.4897,0.4841,0.4866,38545568.0662
2024-06-23 00:00:00+00:00,0.4867,0.4892,0.4742,0.4797,45970390.4546
2024-06-24 00:00:00+00:00,0.4798,0.4825,0.462,0.474,182515167.4053
2024-06-25 00:00:00+00:00,0.4741,0.4802,0.4731,0.4757,107619378.893
2024-06-26 00:00:00+00:00,0.4758,0.4783,0.4652,0.4698,115124115.2514
2024-06-27 00:00:00+00:00,0.4697,0.4771,0.4657,0.4753,114661621.303
2024-06-28 00:00:00+00:00,0.4753,0.4811,0.4692,0.4716,125897862.9521
2024-06-29 00:00:00+00:00,0.4716,0.4768,0.4716,0.4727,27507212.222
2024-06-30 00:00:00+00:00,0.4727,0.4784,0.4701,0.4761,39267204.7587
2024-07-01 00:00:00+00:00,0.4761,0.4849,0.4754,0.477,101568143.7008
2024-07-02 00:00:00+00:00,0.4771,0.4889,0.476,0.4853,109165036.6018
2024-07-03 00:00:00+00:00,0.4853,0.4875,0.4611,0.4672,151782465.6494
2024-07-04 00:00:00+00:00,0.4672,0.4697,0.4313,0.4329,196369448.1519
2024-07-05 00:00:00+00:00,0.433,0.4335,0.3823,0.4251,298566810.2663
2024-07-06 00:00:00+00:00,0.4252,0.4497,0.4235,0.4488,73695728.8482
2024-07-07 00:00:00+00:00,0.4489,0.4495,0.4182,0.4195,76237441.9827
2024-07-08 00:00:00+00:00,0.4196,0.4438,0.4032,0.4316,225009965.0145
2024-07-09 00:00:00+00:00,0.4316,0.4398,0.427,0.4356,125534601.6712
2024-07-10 00:00:00+00:00,0.4357,0.4426,0.431,0.4388,128814977.5047
2024-07-11 00:00:00+00:00,0.4388,0.4573,0.4363,0.4491,154866122.1217
2024-07-12 00:00:00+00:00,0.4491,0.478,0.4445,0.4745,219137211.8911
2024-07-13 00:00:00+00:00,0.4745,0.5661,0.4737,0.5257,387770132.7423
2024-07-14 00:00:00+00:00,0.5257,0.54,0.5136,0.5205,184831243.3429
2024-07-15 00:00:00+00:00,0.5205,0.5404,0.5203,0.5372,232124637.6693
2024-07-16 00:00:00+00:00,0.5372,0.5945,0.5309,0.5793,463817237.4793
2024-07-17 00:00:00+00:00,0.5792,0.6378,0.5783,0.626,493351543.9464
2024-07-18 00:00:00+00:00,0.626,0.6369,0.5575,0.5697,387629372.5607
2024-07-19 00:00:00+00:00,0.5697,0.5867,0.54,0.5733,301703590.5542
2024-07-20 00:00:00+00:00,0.5733,0.6047,0.5707,0.5937,177039681.4122
2024-07-21 00:00:00+00:00,0.5938,0.608,0.5721,0.5984,172384197.7049
2024-07-22 00:00:00+00:00,0.5985,0.6229,0.5855,0.608,249627595.1045
2024-07-23 00:00:00+00:00,0.608,0.617,0.5797,0.5975,211868663.0719
2024-07-24 00:00:00+00:00,0.5976,0.6327,0.5915,0.6179,259346378.5534
2024-07-25 00:00:00+00:00,0.6179,0.629,0.5844,0.5996,294688423.4857
2024-07-26 00:00:00+00:00,0.5996,0.6093,0.586,0.6034,161078432.4606
2024-07-27 00:00:00+00:00,0.6033,0.6091,0.5833,0.5956,103444913.3214
2024-07-28 00:00:00+00:00,0.5956,0.6161,0.591,0.6012,109970482.6308
2024-07-29 00:00:00+00:00,0.6012,0.6124,0.5921,0.6019,142366926.8737
2024-07-30 00:00:00+00:00,0.6019,0.6379,0.5953,0.6277,267991960.5994
2024-07-31 00:00:00+00:00,0.6278,0.6586,0.6217,0.623,304622609.483
2024-08-01 00:00:00+00:00,0.623,0.6303,0.568,0.5964,254368949.141
2024-08-02 00:00:00+00:00,0.5965,0.597,0.5464,0.5607,234033498.8203
2024-08-03 00:00:00+00:00,0.5606,0.5777,0.5406,0.5558,148824061.0932
2024-08-04 00:00:00+00:00,0.5558,0.559,0.5136,0.5228,128308095.8837
2024-08-05 00:00:00+00:00,0.5229,0.5257,0.4319,0.4889,585195701.4247
2024-08-06 00:00:00+00:00,0.4889,0.5188,0.4877,0.5062,208637971.4739
2024-08-07 00:00:00+00:00,0.5062,0.6434,0.4922,0.6002,570270974.5879
2024-08-08 00:00:00+00:00,0.6003,0.6424,0.5785,0.6166,445857076.4381
2024-08-09 00:00:00+00:00,0.6166,0.6245,0.5656,0.5805,270130308.9509
2024-08-10 00:00:00+00:00,0.5805,0.6022,0.5779,0.5841,126348509.7499
2024-08-11 00:00:00+00:00,0.5841,0.5935,0.5452,0.5528,143140570.7283
2024-08-12 00:00:00+00:00,0.5528,0.5795,0.5501,0.5684,201610450.8513
2024-08-13 00:00:00+00:00,0.5683,0.5834,0.5626,0.577,144615862.2374
2024-08-14 00:00:00+00:00,0.577,0.5828,0.5641,0.5687,145748123.0603
2024-08-15 00:00:00+00:00,0.5687,0.5742,0.5504,0.5607,150783279.1196
2024-08-16 00:00:00+00:00,0.5608,0.5723,0.5535,0.5638,132185236.4595
2024-08-17 00:00:00+00:00,0.5637,0.571,0.5611,0.5665,38492076.6976
2024-08-18 00:00:00+00:00,0.5664,0.5845,0.5625,0.5631,68467510.822
2024-08-19 00:00:00+00:00,0.5631,0.6091,0.5608,0.5985,226032960.1027
2024-08-20 00:00:00+00:00,0.5984,0.615,0.5875,0.5937,166939440.7429
2024-08-21 00:00:00+00:00,0.5937,0.6056,0.584,0.5999,163578491.6854
2024-08-22 00:00:00+00:00,0.6,0.6049,0.5923,0.5976,124354601.0201
2024-08-23 00:00:00+00:00,0.5977,0.616,0.5909,0.6109,178744582.077
2024-08-24 00:00:00+00:00,0.6109,0.631,0.6043,0.6127,149700821.9888
2024-08-25 00:00:00+00:00,0.6126,0.614,0.595,0.6,98701742.4595
2024-08-26 00:00:00+00:00,0.6,0.6021,0.5782,0.5874,140151881.0769
2024-08-27 00:00:00+00:00,0.5873,0.6003,0.5528,0.5666,193466113.1768
2024-08-28 00:00:00+00:00,0.5667,0.5845,0.5558,0.5693,178712747.2288
2024-08-29 00:00:00+00:00,0.5692,0.577,0.5573,0.5619,119318759.902
2024-08-30 00:00:00+00:00,0.5618,0.5678,0.5462,0.5667,144880198.221
2024-08-31 00:00:00+00:00,0.5667,0.5721,0.5624,0.5662,38071491.6847
2024-09-01 00:00:00+00:00,0.5662,0.5667,0.5434,0.5472,67240139.7845
2024-09-02 00:00:00+00:00,0.5471,0.5688,0.5443,0.5677,96910244.9205
2024-09-03 00:00:00+00:00,0.5677,0.5724,0.5565,0.5572,101678841.1744
2024-09-04 00:00:00+00:00,0.5572,0.5648,0.5326,0.5579,150462306.7639
2024-09-05 00:00:00+00:00,0.5579,0.5598,0.5399,0.5444,117601582.2975
2024-09-06 00:00:00+00:00,0.5445,0.5473,0.5026,0.5211,202224802.5433
2024-09-07 00:00:00+00:00,0.5211,0.5329,0.5197,0.5248,43681401.2204
2024-09-08 00:00:00+00:00,0.5249,0.5316,0.5208,0.5295,35793549.1403
2024-09-09 00:00:00+00:00,0.5295,0.5431,0.5269,0.5395,89651583.9404
2024-09-10 00:00:00+00:00,0.5395,0.5428,0.5337,0.5408,72985900.3095
2024-09-11 00:00:00+00:00,0.5407,0.5413,0.5231,0.5348,99961274.4973
2024-09-12 00:00:00+00:00,0.5347,0.5884,0.5334,0.5626,212290449.4507
2024-09-13 00:00:00+00:00,0.5625,0.5745,0.5556,0.5728,153147135.2078
2024-09-14 00:00:00+00:00,0.5727,0.5992,0.5704,0.5956,135676017.5805
2024-09-15 00:00:00+00:00,0.5956,0.5958,0.5686,0.5706,73909574.975
2024-09-16 00:00:00+00:00,0.5706,0.5916,0.5598,0.5866,142162473.1295
2024-09-17 00:00:00+00:00,0.5865,0.5934,0.5789,0.5839,101465255.3219
2024-09-18 00:00:00+00:00,0.5838,0.5858,0.562,0.5852,117710333.4437
2024-09-19 00:00:00+00:00,0.5852,0.5945,0.581,0.5868,130488341.6623
2024-09-20 00:00:00+00:00,0.5868,0.593,0.5763,0.5851,127110507.0887
2024-09-21 00:00:00+00:00,0.5851,0.6128,0.58,0.5976,86324780.7721
2024-09-22 00:00:00+00:00,0.5977,0.6053,0.5778,0.5871,71336242.2732
2024-09-23 00:00:00+00:00,0.5871,0.596,0.5787,0.5847,94683080.2949
2024-09-24 00:00:00+00:00,0.5848,0.5927,0.5814,0.5911,99334500.6533
2024-09-25 00:00:00+00:00,0.5912,0.5957,0.5824,0.5831,105934017.5679
2024-09-26 00:00:00+00:00,0.5831,0.5964,0.5739,0.5905,133016574.0989
2024-09-27 00:00:00+00:00,0.5905,0.5972,0.5824,0.5888,131204198.1735
2024-09-28 00:00:00+00:00,0.5889,0.6259,0.5856,0.6138,270625181.981
2024-09-29 00:00:00+00:00,0.6139,0.6649,0.6076,0.6412,282395798.5195
2024-09-30 00:00:00+00:00,0.6412,0.6548,0.6088,0.6114,251892928.3997
2024-10-01 00:00:00+00:00,0.6114,0.6342,0.5778,0.5967,354187629.9135
2024-10-02 00:00:00+00:00,0.5968,0.6069,0.5267,0.5383,363439241.3882
2024-10-03 00:00:00+00:00,0.5383,0.5445,0.5068,0.5217,295535389.462
2024-10-04 00:00:00+00:00,0.5218,0.539,0.51,0.534,179594487.2864
2024-10-05 00:00:00+00:00,0.534,0.5352,0.526,0.5294,56840743.5621
2024-10-06 00:00:00+00:00,0.5294,0.5372,0.5279,0.5336,48080871.5717
2024-10-07 00:00:00+00:00,0.5336,0.5459,0.5286,0.5286,132839229.9698
2024-10-08 00:00:00+00:00,0.5287,0.5358,0.5209,0.531,86941550.2843
2024-10-09 00:00:00+00:00,0.531,0.5346,0.521,0.5245,89966411.8673
2024-10-10 00:00:00+00:00,0.5245,0.545,0.5228,0.5305,141944030.2263
2024-10-11 00:00:00+00:00,0.5305,0.5419,0.5296,0.5388,105654597.4571
2024-10-12 00:00:00+00:00,0.5387,0.5432,0.5353,0.5393,45255241.1267
2024-10-13 00:00:00+00:00,0.5393,0.5395,0.5252,0.5321,50039757.4125
2024-10-14 00:00:00+00:00,0.5321,0.5524,0.5282,0.5483,118828175.9496
2024-10-15 00:00:00+00:00,0.5484,0.5556,0.5315,0.5417,154044066.4528
2024-10-16 00:00:00+00:00,0.5417,0.5538,0.5375,0.5482,121260012.753
2024-10-17 00:00:00+00:00,0.5481,0.5666,0.5419,0.5441,172709637.0481
2024-10-18 00:00:00+00:00,0.5441,0.5532,0.5397,0.5465,120070174.4039
2024-10-19 00:00:00+00:00,0.5465,0.55,0.5406,0.544,49148150.6861
2024-10-20 00:00:00+00:00,0.544,0.549,0.5366,0.5482,63742631.6173
2024-10-21 00:00:00+00:00,0.5482,0.5608,0.5409,0.5449,155854758.1834
2024-10-22 00:00:00+00:00,0.5449,0.5498,0.5291,0.5339,134413329.191
2024-10-23 00:00:00+00:00,0.5338,0.5341,0.5117,0.5258,110819607.6545
2024-10-24 00:00:00+00:00,0.5259,0.5338,0.5241,0.532,103669635.7471
2024-10-25 00:00:00+00:00,0.532,0.5322,0.486,0.5022,180198092.5499
2024-10-26 00:00:00+00:00,0.5022,0.5154,0.4989,0.5134,62068050.7443
2024-10-27 00:00:00+00:00,0.5135,0.518,0.5108,0.5168,33824741.5139
2024-10-28 00:00:00+00:00,0.5168,0.5217,0.5113,0.5195,82504218.5324
2024-10-29 00:00:00+00:00,0.5195,0.5305,0.5185,0.5284,116080622.9275
2024-10-30 00:00:00+00:00,0.5285,0.5285,0.5194,0.5229,92996879.94
2024-10-31 00:00:00+00:00,0.5229,0.5238,0.5031,0.5095,100337235.6703
2024-11-01 00:00:00+00:00,0.5096,0.5244,0.5025,0.5131,143027276.6229
2024-11-02 00:00:00+00:00,0.513,0.516,0.5063,0.5103,35113233.8082
2024-11-03 00:00:00+00:00,0.5103,0.5111,0.4917,0.503,87962652.7113
2024-11-04 00:00:00+00:00,0.503,0.5147,0.4957,0.5035,107079103.2573
2024-11-05 00:00:00+00:00,0.5035,0.5191,0.5019,0.514,97415686.7577
2024-11-06 00:00:00+00:00,0.514,0.5469,0.514,0.5418,241408146.257
2024-11-07 00:00:00+00:00,0.5418,0.5785,0.5377,0.5556,193108808.9942
2024-11-08 00:00:00+00:00,0.5556,0.56,0.5413,0.5537,143790365.5543
2024-11-09 00:00:00+00:00,0.5537,0.562,0.5436,0.5593,127417352.0794
2024-11-10 00:00:00+00:00,0.5592,0.6187,0.5555,0.5884,420968960.3954
2024-11-11 00:00:00+00:00,0.5885,0.633,0.5703,0.6207,395399037.3729
2024-11-12 00:00:00+00:00,0.6208,0.7398,0.5968,0.704,1176494232.7575
2024-11-13 00:00:00+00:00,0.7042,0.748,0.64,0.6898,832627297.3654
2024-11-14 00:00:00+00:00,0.6897,0.8473,0.6822,0.7736,1007947938.2256
2024-11-15 00:00:00+00:00,0.7736,0.9279,0.7704,0.8922,1204261039.4699
2024-11-16 00:00:00+00:00,0.8921,1.2698,0.8778,1.1209,2568822464.7048
2024-11-17 00:00:00+00:00,1.1208,1.1603,1.0026,1.0543,1332901319.8997
2024-11-18 00:00:00+00:00,1.0545,1.1865,1.0543,1.1137,1064978324.571
2024-11-19 00:00:00+00:00,1.1138,1.148,1.0688,1.1003,619965971.0097
2024-11-20 00:00:00+00:00,1.1004,1.151,1.0556,1.1041,673862209.4399
2024-11-21 00:00:00+00:00,1.1042,1.2643,1.0774,1.247,1211740794.9622
2024-11-22 00:00:00+00:00,1.2471,1.5,1.247,1.4726,2243532362.048237
2024-11-23 00:00:00+00:00,1.4726,1.63,1.4033,1.4685,1907103196.374523
2024-11-24 00:00:00+00:00,1.4686,1.513,1.2775,1.4331,1339319912.6698
2024-11-25 00:00:00+00:00,1.4334,1.5393,1.355,1.4142,1323332053.1164
2024-11-26 00:00:00+00:00,1.4142,1.4588,1.2833,1.3984,1068658916.8656
2024-11-27 00:00:00+00:00,1.3984,1.5217,1.3524,1.4696,858258348.0475
2024-11-28 00:00:00+00:00,1.4696,1.5465,1.4292,1.5421,649688261.1702
2024-11-29 00:00:00+00:00,1.542,1.8149,1.5233,1.8006,1761609239.793645
2024-11-30 00:00:00+00:00,1.8005,1.9575,1.7635,1.9513,2096903381.533929
2024-12-01 00:00:00+00:00,1.9514,2.35,1.8475,2.2937,2385698260.929747
2024-12-02 00:00:00+00:00,2.2937,2.8723,2.2011,2.7245,6398460707.914024
2024-12-03 00:00:00+00:00,2.7244,2.9092,2.25,2.5102,5069619948.336822
2024-12-04 00:00:00+00:00,2.5103,2.68,2.28,2.3574,2806170530.8602
2024-12-05 00:00:00+00:00,2.3574,2.4942,2.1743,2.2446,2553726598.6946
2024-12-06 00:00:00+00:00,2.2445,2.4637,2.2252,2.4257,1570287414.952
2024-12-07 00:00:00+00:00,2.4257,2.6196,2.384,2.6099,1345487946.9721
2024-12-08 00:00:00+00:00,2.6099,2.6469,2.4843,2.6013,1172409461.2909
2024-12-09 00:00:00+00:00,2.6013,2.6076,2.0012,2.2124,2321117255.8532
2024-12-10 00:00:00+00:00,2.2124,2.42,1.9,2.3709,2974339782.9316
2024-12-11 00:00:00+00:00,2.3708,2.4703,2.2303,2.3941,1644764788.996
2024-12-12 00:00:00+00:00,2.3942,2.484,2.308,2.3384,1271981639.9824
2024-12-13 00:00:00+00:00,2.3385,2.4788,2.284,2.4217,1118328085.7842
2024-12-14 00:00:00+00:00,2.4218,2.5319,2.3548,2.4005,846025555.0811
2024-12-15 00:00:00+00:00,2.4006,2.473,2.3677,2.4469,666829508.9957
2024-12-16 00:00:00+00:00,2.447,2.5872,2.3333,2.4841,1484486729.0995
2024-12-17 00:00:00+00:00,2.4842,2.7281,2.4401,2.5673,1939849488.1879
2024-12-18 00:00:00+00:00,2.5672,2.5921,2.2478,2.3103,1865326386.8297
2024-12-19 00:00:00+00:00,2.3102,2.4317,2.1595,2.239,1861735899.8107
2024-12-20 00:00:00+00:00,2.2391,2.355,1.9601,2.2793,2413652844.3876
2024-12-21 00:00:00+00:00,2.2793,2.3858,2.1915,2.238,1028141511.9217
2024-12-22 00:00:00+00:00,2.2379,2.2938,2.1604,2.2031,691300978.408
2024-12-23 00:00:00+00:00,2.2032,2.2789,2.1308,2.2617,853238655.7111
2024-12-24 00:00:00+00:00,2.2616,2.3507,2.2138,2.3238,569493372.0705
2024-12-25 00:00:00+00:00,2.3238,2.3325,2.2615,2.2973,371772271.3074
2024-12-26 00:00:00+00:00,2.2973,2.3164,2.1277,2.1559,584690463.4899
2024-12-27 00:00:00+00:00,2.1559,2.2379,2.1149,2.1466,552171658.2544
2024-12-28 00:00:00+00:00,2.1467,2.2076,2.1343,2.1843,230698893.1437
2024-12-29 00:00:00+00:00,2.1843,2.1976,2.0711,2.0942,277622074.0076
2024-12-30 00:00:00+00:00,2.0941,2.1526,1.9954,2.0587,674750374.331
2024-12-31 00:00:00+00:00,2.0587,2.1491,2.0126,2.0836,421967928.6518
2025-01-01 00:00:00+00:00,2.0836,2.3545,2.0811,2.3328,760832060.3151
2025-01-02 00:00:00+00:00,2.3329,2.4522,2.3297,2.4024,865949775.7157
2025-01-03 00:00:00+00:00,2.4024,2.4798,2.3966,2.4547,569422075.2811
2025-01-04 00:00:00+00:00,2.4546,2.509,2.3999,2.4201,440309558.1877
2025-01-05 00:00:00+00:00,2.4201,2.4285,2.3273,2.3994,370016358.6036
2025-01-06 00:00:00+00:00,2.3993,2.4584,2.3674,2.42,468861826.3566
2025-01-07 00:00:00+00:00,2.42,2.4683,2.2572,2.2712,806352782.1044
2025-01-08 00:00:00+00:00,2.2712,2.3986,2.2001,2.3731,926470982.8333
2025-01-09 00:00:00+00:00,2.373,2.3956,2.2351,2.2722,679791974.642
2025-01-10 00:00:00+00:00,2.2722,2.3699,2.2465,2.3414,570867396.723
2025-01-11 00:00:00+00:00,2.3414,2.6036,2.3249,2.5764,860275796.7852
2025-01-12 00:00:00+00:00,2.5764,2.5835,2.47,2.5046,561787996.9803
2025-01-13 00:00:00+00:00,2.5045,2.5634,2.3297,2.5232,1264512280.7045
2025-01-14 00:00:00+00:00,2.5232,2.7,2.5126,2.6673,1032281639.4498
2025-01-15 00:00:00+00:00,2.6673,3.2,2.6492,3.1429,3077399206.080279
2025-01-16 00:00:00+00:00,3.143,3.4,2.9228,3.2451,3552620342.311679
2025-01-17 00:00:00+00:00,3.245,3.3544,3.1758,3.2922,1732354391.4355
2025-01-18 00:00:00+00:00,3.2923,3.2996,3.058,3.2697,1458009309.0717
2025-01-19 00:00:00+00:00,3.2697,3.2929,2.8277,2.9587,2059430331.7526
2025-01-20 00:00:00+00:00,2.9586,3.3695,2.909,3.1053,2662458999.8704
2025-01-21 00:00:00+00:00,3.1053,3.246,3.0124,3.1738,1176436619.5296
2025-01-22 00:00:00+00:00,3.1739,3.2854,3.1237,3.1803,933005266.3769
2025-01-23 00:00:00+00:00,3.1802,3.1868,3.0374,3.1194,951855494.0834
2025-01-24 00:00:00+00:00,3.1194,3.2031,3.055,3.1009,731330547.6169
2025-01-25 00:00:00+00:00,3.1008,3.1446,3.0784,3.108,310069024.4943
2025-01-26 00:00:00+00:00,3.1079,3.1443,3.0115,3.0223,399929472.8279
2025-01-27 00:00:00+00:00,3.0222,3.0587,2.6559,3.0552,1900074942.1515
2025-01-28 00:00:00+00:00,3.0552,3.214,3.0062,3.0572,1152177187.4389
2025-01-29 00:00:00+00:00,3.0572,3.1363,2.9673,3.0683,781733902.2928
2025-01-30 00:00:00+00:00,3.0683,3.1544,3.0466,3.1276,539405335.0565
2025-01-31 00:00:00+00:00,3.1276,3.1333,3.003,3.0361,498266349.8299
2025-02-01 00:00:00+00:00,3.0361,3.0727,2.8281,2.8778,514185531.7884
2025-02-02 00:00:00+00:00,2.8779,2.9559,2.4603,2.58,1833042745.5623
2025-02-03 00:00:00+00:00,2.5801,2.7814,1.7711,2.7001,4362783819.6807
2025-02-04 00:00:00+00:00,2.7,2.7874,2.4209,2.5274,1611405680.33
2025-02-05 00:00:00+00:00,2.5275,2.5692,2.3384,2.381,835666325.0093
2025-02-06 00:00:00+00:00,2.381,2.4699,2.2772,2.325,765674914.4537
2025-02-07 00:00:00+00:00,2.3251,2.542,2.2655,2.3968,1081213105.8638
2025-02-08 00:00:00+00:00,2.3969,2.4372,2.3506,2.419,371554857.0273
2025-02-09 00:00:00+00:00,2.419,2.5079,2.3113,2.3928,493229868.4024
2025-02-10 00:00:00+00:00,2.3928,2.4733,2.3235,2.4237,498991376.0799
2025-02-11 00:00:00+00:00,2.4238,2.529,2.3708,2.4131,610136390.0508
2025-02-12 00:00:00+00:00,2.413,2.4962,2.3323,2.4734,549253249.7923
2025-02-13 00:00:00+00:00,2.4734,2.6061,2.4154,2.5599,527319051.3815
2025-02-14 00:00:00+00:00,2.56,2.8356,2.53,2.7384,1099747748.5297
2025-02-15 00:00:00+00:00,2.7384,2.8335,2.713,2.7619,512007575.2376
2025-02-16 00:00:00+00:00,2.7619,2.8054,2.6879,2.7283,364119985.9186
2025-02-17 00:00:00+00:00,2.7283,2.7648,2.6075,2.6599,569177522.7938
2025-02-18 00:00:00+00:00,2.6599,2.6699,2.4693,2.5628,582472946.2462
2025-02-19 00:00:00+00:00,2.5629,2.747,2.5121,2.7378,545032758.8183
2025-02-20 00:00:00+00:00,2.7378,2.749,2.6671,2.6877,435621246.1541
2025-02-21 00:00:00+00:00,2.6878,2.716,2.5076,2.5721,674793413.9233
2025-02-22 00:00:00+00:00,2.5722,2.6099,2.5505,2.574,238844803.0007
2025-02-23 00:00:00+00:00,2.574,2.6016,2.5201,2.5763,234022514.1027
2025-02-24 00:00:00+00:00,2.5763,2.609,2.2336,2.2783,849040644.8015
2025-02-25 00:00:00+00:00,2.2784,2.3663,2.0637,2.3222,1687911041.6206
2025-02-26 00:00:00+00:00,2.3222,2.3314,2.1507,2.1982,817894826.1718
2025-02-27 00:00:00+00:00,2.1983,2.2577,2.1453,2.1985,505961815.8416
2025-02-28 00:00:00+00:00,2.1985,2.2017,1.951,2.1453,957869589.5801
2025-03-01 00:00:00+00:00,2.1454,2.2199,2.1214,2.1916,316213252.1932
2025-03-02 00:00:00+00:00,2.1917,2.999,2.1735,2.9396,2163390347.287
2025-03-03 00:00:00+00:00,2.9395,2.9676,2.2976,2.3873,2001737322.1551
2025-03-04 00:00:00+00:00,2.3873,2.5388,2.2123,2.4543,1355169063.3158
2025-03-05 00:00:00+00:00,2.4542,2.5409,2.408,2.4998,631175246.6963
2025-03-06 00:00:00+00:00,2.4998,2.6461,2.4707,2.6001,755127708.3694
2025-03-07 00:00:00+00:00,2.6,2.6217,2.3435,2.3855,1121586094.7692
2025-03-08 00:00:00+00:00,2.3855,2.4106,2.3013,2.3261,279496752.3362
2025-03-09 00:00:00+00:00,2.3262,2.351,2.083,2.1387,608123226.9348
2025-03-10 00:00:00+00:00,2.1388,2.2613,1.9925,2.0216,829514635.4073
2025-03-11 00:00:00+00:00,2.0216,2.2138,1.9,2.1711,797538821.3747
2025-03-12 00:00:00+00:00,2.171,2.2769,2.1333,2.2396,612133003.8231
2025-03-13 00:00:00+00:00,2.2395,2.347,2.2137,2.2527,553752724.5531
2025-03-14 00:00:00+00:00,2.2526,2.3893,2.2371,2.3564,457779727.5892
2025-03-15 00:00:00+00:00,2.3564,2.4751,2.3525,2.3911,362455350.4134
2025-03-16 00:00:00+00:00,2.3911,2.4109,2.2677,2.2938,353905686.8893
2025-03-17 00:00:00+00:00,2.2938,2.3788,2.2915,2.3382,313586432.7361
2025-03-18 00:00:00+00:00,2.3381,2.3399,2.2225,2.2851,373795463.5277
2025-03-19 00:00:00+00:00,2.2851,2.59,2.2653,2.5469,1145549057.2826
2025-03-20 00:00:00+00:00,2.5469,2.5638,2.389,2.4361,556990257.8759
2025-03-21 00:00:00+00:00,2.436,2.4669,2.3564,2.3809,343554538.9887
2025-03-22 00:00:00+00:00,2.3809,2.417,2.3594,2.3711,164935168.8237
2025-03-23 00:00:00+00:00,2.3712,2.4409,2.365,2.4393,197375933.9193
2025-03-24 00:00:00+00:00,2.4392,2.5044,2.4134,2.4501,345465247.8068
2025-03-25 00:00:00+00:00,2.4501,2.4783,2.4071,2.4492,262047435.3401
2025-03-26 00:00:00+00:00,2.4491,2.4794,2.328,2.3494,340471844.0816
2025-03-27 00:00:00+00:00,2.3494,2.39,2.3021,2.341,286517138.3176
2025-03-28 00:00:00+00:00,2.3411,2.3433,2.1535,2.2073,470524788.2178
2025-03-29 00:00:00+00:00,2.2072,2.2267,2.0607,2.1351,399565637.9547
2025-03-30 00:00:00+00:00,2.1352,2.2142,2.1077,2.1369,309556823.1236
2025-03-31 00:00:00+00:00,2.1371,2.1415,2.0238,2.0899,470475027.3572
2025-04-01 00:00:00+00:00,2.0899,2.1999,2.065,2.1387,440370529.1045
2025-04-02 00:00:00+00:00,2.1387,2.233,1.9841,2.0237,661278600.2195
2025-04-03 00:00:00+00:00,2.0237,2.082,1.96,2.0648,574582911.2022
2025-04-04 00:00:00+00:00,2.0648,2.1626,2.016,2.1302,522053640.9747
2025-04-05 00:00:00+00:00,2.1303,2.1764,2.1139,2.1442,168933379.2612
2025-04-06 00:00:00+00:00,2.1443,2.1592,1.8625,1.9218,494395445.2549
2025-04-07 00:00:00+00:00,1.9218,2.0109,1.6134,1.8987,1564910506.5203
2025-04-08 00:00:00+00:00,1.8986,1.975,1.777,1.7963,622942580.4604
2025-04-09 00:00:00+00:00,1.7965,2.0897,1.7218,2.0529,983263446.1844
2025-04-10 00:00:00+00:00,2.0529,2.0572,1.9223,1.9658,446583819.8456
2025-04-11 00:00:00+00:00,1.9657,2.0647,1.9475,2.0225,352455438.3911
2025-04-12 00:00:00+00:00,2.0225,2.1862,2.0033,2.1598,341792852.5043
2025-04-13 00:00:00+00:00,2.1597,2.2475,2.0801,2.1196,419017456.6249
2025-04-14 00:00:00+00:00,2.1196,2.1804,2.1038,2.1275,296792059.4906
2025-04-15 00:00:00+00:00,2.1276,2.1853,2.0837,2.0842,280926951.9743
2025-04-16 00:00:00+00:00,2.0843,2.13,2.0355,2.0834,318042232.2303
2025-04-17 00:00:00+00:00,2.0834,2.1146,2.0524,2.0673,215185592.53274
2025-04-18 00:00:00+00:00,2.0673,2.0896,2.0434,2.0619,150530241.72514
2025-04-19 00:00:00+00:00,2.0619,2.0975,2.0586,2.0877,104485797.93701
2025-04-20 00:00:00+00:00,2.0877,2.0945,2.0388,2.0787,159807702.05961
2025-04-21 00:00:00+00:00,2.0786,2.1409,2.0594,2.0855,279135954.92696
2025-04-22 00:00:00+00:00,2.0855,2.2504,2.0638,2.2139,463874787.33304
2025-04-23 00:00:00+00:00,2.2138,2.301,2.1902,2.2184,494085337.30413
2025-04-24 00:00:00+00:00,2.2183,2.2354,2.1166,2.2049,403912284.76951
2025-04-25 00:00:00+00:00,2.2049,2.2193,2.1634,2.1812,294138569.17227
2025-04-26 00:00:00+00:00,2.1812,2.2483,2.1796,2.1912,197714019.96509
2025-04-27 00:00:00+00:00,2.1912,2.2948,2.1581,2.252,394172934.52954
2025-04-28 00:00:00+00:00,2.2521,2.363,2.2184,2.2949,432932125.11437
2025-04-29 00:00:00+00:00,2.295,2.3147,2.2217,2.238,248308443.54734
2025-04-30 00:00:00+00:00,2.2379,2.2588,2.1235,2.1908,371180616.59514
2025-05-01 00:00:00+00:00,2.1907,2.2567,2.1868,2.2123,214862147.68855
2025-05-02 00:00:00+00:00,2.2122,2.2411,2.192,2.2093,187929913.43163
2025-05-03 00:00:00+00:00,2.2093,2.22,2.176,2.1872,106715010.83749
2025-05-04 00:00:00+00:00,2.1872,2.2188,2.151,2.156,128384945.07249
2025-05-05 00:00:00+00:00,2.1561,2.2,2.1067,2.1306,278055926.60453
2025-05-06 00:00:00+00:00,2.1306,2.1595,2.0777,2.155,232503539.08214
2025-05-07 00:00:00+00:00,2.155,2.1716,2.1039,2.1265,195823475.6504
2025-05-08 00:00:00+00:00,2.1264,2.3297,2.1176,2.3272,492146244.28859
2025-05-09 00:00:00+00:00,2.3272,2.4291,2.2845,2.3439,637201286.41537
2025-05-10 00:00:00+00:00,2.3438,2.477,2.3359,2.4711,417538802.27194
2025-05-11 00:00:00+00:00,2.4711,2.4844,2.3283,2.367,387738035.17048
2025-05-12 00:00:00+00:00,2.3671,2.6549,2.3515,2.5439,1275311866.31161
2025-05-13 00:00:00+00:00,2.544,2.6053,2.4215,2.5829,582508619.40381
2025-05-14 00:00:00+00:00,2.5828,2.6516,2.5194,2.5503,551933214.0695
2025-05-15 00:00:00+00:00,2.5504,2.5719,2.3525,2.3856,515143174.14976
2025-05-16 00:00:00+00:00,2.3856,2.4399,2.3471,2.3798,329039410.53355
2025-05-17 00:00:00+00:00,2.3797,2.3892,2.2984,2.3531,247839876.54358
2025-05-18 00:00:00+00:00,2.3531,2.4497,2.332,2.428,263270059.37711
2025-05-19 00:00:00+00:00,2.428,2.441,2.2827,2.3803,381979266.64326
2025-05-20 00:00:00+00:00,2.3803,2.409,2.3141,2.3565,321341594.69735
2025-05-21 00:00:00+00:00,2.3565,2.4288,2.3308,2.3952,415539143.43446
2025-05-22 00:00:00+00:00,2.3953,2.4555,2.3881,2.4311,350758657.64766
2025-05-23 00:00:00+00:00,2.4311,2.4799,2.2838,2.2966,471539404.39892
2025-05-24 00:00:00+00:00,2.2965,2.36,2.2859,2.3303,118575581.84926
2025-05-25 00:00:00+00:00,2.3304,2.345,2.266,2.3417,187626186.24011
2025-05-26 00:00:00+00:00,2.3416,2.3593,2.2958,2.3103,175231902.2193
2025-05-27 00:00:00+00:00,2.3103,2.3543,2.2671,2.3168,217701881.39648
2025-05-28 00:00:00+00:00,2.3167,2.3232,2.2265,2.2742,227259719.06362
2025-05-29 00:00:00+00:00,2.2742,2.3125,2.238,2.2442,226227584.71746
2025-05-30 00:00:00+00:00,2.2441,2.2523,2.1297,2.1398,421027264.31235
2025-05-31 00:00:00+00:00,2.1397,2.2065,2.0794,2.1738,234327423.61236
2025-06-01 00:00:00+00:00,2.1739,2.1879,2.1231,2.1792,135732307.10343
2025-06-02 00:00:00+00:00,2.1792,2.2045,2.1357,2.1965,208841688.8584
2025-06-03 00:00:00+00:00,2.1965,2.2821,2.1838,2.2446,245370237.05632
2025-06-04 00:00:00+00:00,2.2445,2.2658,2.1951,2.2009,185497995.0584
2025-06-05 00:00:00+00:00,2.2009,2.2265,2.0591,2.0936,325805169.6314
2025-06-06 00:00:00+00:00,2.0936,2.1903,2.0812,2.1598,198545872.82096
2025-06-07 00:00:00+00:00,2.1598,2.1912,2.1475,2.1769,88267737.87746
2025-06-08 00:00:00+00:00,2.1768,2.2988,2.1661,2.267,260488969.11327
2025-06-09 00:00:00+00:00,2.2669,2.3293,2.2223,2.3211,292145217.57631
2025-06-10 00:00:00+00:00,2.321,2.3276,2.2601,2.3074,275076155.03374
2025-06-11 00:00:00+00:00,2.3074,2.3379,2.2524,2.2704,273751359.9951
2025-06-12 00:00:00+00:00,2.2704,2.2733,2.1706,2.1899,219058539.733
2025-06-13 00:00:00+00:00,2.19,2.1918,2.0828,2.1472,365832602.13346
2025-06-14 00:00:00+00:00,2.1473,2.1801,2.1093,2.1394,145441133.2027
2025-06-15 00:00:00+00:00,2.1393,2.1759,2.1375,2.1655,100552015.23866
2025-06-16 00:00:00+00:00,2.1655,2.337,2.1512,2.238,409153397.01986
2025-06-17 00:00:00+00:00,2.2379,2.2572,2.1417,2.159,321488422.84618
2025-06-18 00:00:00+00:00,2.1591,2.1808,2.1181,2.1705,206443945.70966
2025-06-19 00:00:00+00:00,2.1704,2.1855,2.1441,2.1648,121396684.86737
2025-06-20 00:00:00+00:00,2.1647,2.1797,2.0852,2.1194,208777086.67049
2025-06-21 00:00:00+00:00,2.1195,2.145,2.0,2.0632,184162670.13492
2025-06-22 00:00:00+00:00,2.0632,2.0898,1.9083,2.0172,410005733.15721
2025-06-23 00:00:00+00:00,2.0173,2.1706,1.9615,2.1584,358869371.56328
2025-06-24 00:00:00+00:00,2.1584,2.2165,2.1316,2.1898,286252275.51631
2025-06-25 00:00:00+00:00,2.1897,2.2296,2.1696,2.1859,200687070.2887
2025-06-26 00:00:00+00:00,2.1858,2.2127,2.0956,2.1054,258879805.93921
2025-06-27 00:00:00+00:00,2.1053,2.1556,2.0671,2.1419,253354119.55423
2025-06-28 00:00:00+00:00,2.142,2.2079,2.1336,2.1854,153000277.86009
2025-06-29 00:00:00+00:00,2.1855,2.2198,2.1754,2.2061,101168900.61689
2025-06-30 00:00:00+00:00,2.2062,2.3271,2.165,2.2362,339174016.72813
2025-07-01 00:00:00+00:00,2.2362,2.2537,2.1475,2.172,271747201.44651
2025-07-02 00:00:00+00:00,2.1719,2.2917,2.157,2.2336,332390384.71747
2025-07-03 00:00:00+00:00,2.2335,2.3135,2.2243,2.2569,337550211.45131
2025-07-04 00:00:00+00:00,2.2569,2.2678,2.196,2.2205,161034633.34504
2025-07-05 00:00:00+00:00,2.2205,2.2339,2.2014,2.2178,75534635.00788
2025-07-06 00:00:00+00:00,2.2177,2.29,2.2086,2.2709,208524256.08502
2025-07-07 00:00:00+00:00,2.2709,2.3537,2.2552,2.2708,406522543.28426
2025-07-08 00:00:00+00:00,2.2707,2.3223,2.2485,2.3108,243274438.91839
2025-07-09 00:00:00+00:00,2.3109,2.4288,2.2975,2.4038,430696105.43214
2025-07-10 00:00:00+00:00,2.4038,2.5678,2.3931,2.5471,518124516.29744
2025-07-11 00:00:00+00:00,2.5471,2.975,2.5119,2.7322,1686420297.77456
2025-07-12 00:00:00+00:00,2.7323,2.8479,2.6629,2.7395,942433146.00476
2025-07-13 00:00:00+00:00,2.7395,2.8949,2.7232,2.8361,734315044.62449
2025-07-14 00:00:00+00:00,2.8361,3.035,2.8207,2.9582,1306107613.19463
2025-07-15 00:00:00+00:00,2.9582,2.9582,2.8038,2.919,876135273.94815
2025-07-16 00:00:00+00:00,2.9189,3.1,2.8774,3.038,816215592.9658
2025-07-17 00:00:00+00:00,3.038,3.5495,2.9873,3.4814,2128757999.408594
2025-07-18 00:00:00+00:00,3.4813,3.6607,3.3439,3.4135,2134357921.939423
2025-07-19 00:00:00+00:00,3.4136,3.4855,3.3547,3.4244,703152321.0151
2025-07-20 00:00:00+00:00,3.4243,3.5579,3.3856,3.454,980886591.64219
2025-07-21 00:00:00+00:00,3.4541,3.6495,3.4076,3.5495,921984407.31231
2025-07-22 00:00:00+00:00,3.5494,3.5787,3.4218,3.5504,870975104.85711
2025-07-23 00:00:00+00:00,3.5504,3.5519,3.02,3.1838,1457586129.76382
2025-07-24 00:00:00+00:00,3.1839,3.2651,2.9555,3.1453,1153018184.36765
2025-07-25 00:00:00+00:00,3.1454,3.1618,2.9981,3.1423,722764506.5418
2025-07-26 00:00:00+00:00,3.1422,3.2181,3.1088,3.1662,307355739.6897
2025-07-27 00:00:00+00:00,3.1662,3.2515,3.1564,3.2389,417730767.23353
2025-07-28 00:00:00+00:00,3.239,3.3308,3.1073,3.1235,712789221.37273
2025-07-29 00:00:00+00:00,3.1235,3.1856,3.0533,3.128,492226662.10514
2025-07-30 00:00:00+00:00,3.1281,3.1621,3.001,3.0966,537359368.14812
2025-07-31 00:00:00+00:00,3.0967,3.1784,3.0108,3.0224,420102533.68383
2025-08-01 00:00:00+00:00,3.0223,3.059,2.892,2.9613,776844279.75715
2025-08-02 00:00:00+00:00,2.9614,3.0206,2.7387,2.7695,517122396.59234
2025-08-03 00:00:00+00:00,2.7695,2.9625,2.728,2.948,428642540.28723
2025-08-04 00:00:00+00:00,2.9481,3.0899,2.9312,3.0716,497892197.09911
2025-08-05 00:00:00+00:00,3.0715,3.1072,2.9164,2.9623,434220001.48929
2025-08-06 00:00:00+00:00,2.9622,3.0187,2.9014,2.9908,338336033.16284
2025-08-07 00:00:00+00:00,2.9908,3.3338,2.9641,3.3197,664683073.06994
2025-08-08 00:00:00+00:00,3.3196,3.3825,3.2051,3.2859,906088512.11288
2025-08-09 00:00:00+00:00,3.2858,3.3475,3.2083,3.2259,429960482.32511
2025-08-10 00:00:00+00:00,3.2259,3.2795,3.1521,3.187,394427876.11695
2025-08-11 00:00:00+00:00,3.1869,3.3342,3.1176,3.1295,720817949.89397
2025-08-12 00:00:00+00:00,3.1295,3.3067,3.1041,3.2676,495632945.53978
2025-08-13 00:00:00+00:00,3.2675,3.335,3.2026,3.2744,631098137.98234
2025-08-14 00:00:00+00:00,3.2744,3.3512,2.9915,3.0792,957150840.92371
2025-08-15 00:00:00+00:00,3.0792,3.1427,3.0024,3.0779,416173245.39755
2025-08-16 00:00:00+00:00,3.0778,3.156,3.0715,3.1055,200967314.48386
2025-08-17 00:00:00+00:00,3.1056,3.1472,3.0773,3.0877,207693595.90509
2025-08-18 00:00:00+00:00,3.0877,3.0969,2.9404,3.0616,491582713.4588
2025-08-19 00:00:00+00:00,3.0616,3.0808,2.8488,2.8608,441814217.90826
2025-08-20 00:00:00+00:00,2.8608,2.9896,2.8184,2.9512,443141083.59139
2025-08-21 00:00:00+00:00,2.9512,2.9588,2.8424,2.8519,265375827.20168
2025-08-22 00:00:00+00:00,2.8518,3.1056,2.7826,3.0744,756680141.67969
2025-08-23 00:00:00+00:00,3.0745,3.0756,2.9697,3.0485,312851396.2456
2025-08-24 00:00:00+00:00,3.0486,3.128,2.987,3.0258,478627892.76714
2025-08-25 00:00:00+00:00,3.0259,3.0535,2.8223,2.8584,516651925.35531
2025-08-26 00:00:00+00:00,2.8584,3.0817,2.8459,3.0123,473684122.4472
2025-08-27 00:00:00+00:00,3.0123,3.0454,2.9621,2.9688,373244514.9522
2025-08-28 00:00:00+00:00,2.9688,3.0263,2.9432,2.9665,330930941.91631
2025-08-29 00:00:00+00:00,2.9665,2.9768,2.7734,2.8195,484925782.40824
2025-08-30 00:00:00+00:00,2.8195,2.8349,2.7604,2.8181,191313300.47443
2025-08-31 00:00:00+00:00,2.818,2.8693,2.7707,2.7757,159218563.44986
2025-09-01 00:00:00+00:00,2.7757,2.839,2.6975,2.7589,496207294.84045
2025-09-02 00:00:00+00:00,2.7589,2.8641,2.7484,2.862,378125448.29701
2025-09-03 00:00:00+00:00,2.862,2.8867,2.811,2.8443,275705151.28905
2025-09-04 00:00:00+00:00,2.8442,2.8629,2.7842,2.7946,267173303.80852
2025-09-05 00:00:00+00:00,2.7947,2.8849,2.778,2.8147,342895699.44597
2025-09-06 00:00:00+00:00,2.8146,2.8289,2.7927,2.8098,88181784.77706
2025-09-07 00:00:00+00:00,2.8098,2.9285,2.8092,2.877,237845923.06924
2025-09-08 00:00:00+00:00,2.877,2.9964,2.8627,2.9697,357100825.89235
2025-09-09 00:00:00+00:00,2.9698,3.0365,2.9337,2.9474,348474616.90628
2025-09-10 00:00:00+00:00,2.9474,3.024,2.9357,2.9834,254595352.64087
2025-09-11 00:00:00+00:00,2.9834,3.049,2.9507,3.0398,346200965.61326
2025-09-12 00:00:00+00:00,3.0398,3.1376,3.018,3.1054,399729991.30432
2025-09-13 00:00:00+00:00,3.1054,3.1858,3.089,3.1193,353633295.94383
2025-09-14 00:00:00+00:00,3.1193,3.1267,3.0099,3.0279,264813571.07064
2025-09-15 00:00:00+00:00,3.028,3.0669,2.9532,2.9969,365716669.60396
2025-09-16 00:00:00+00:00,2.9969,3.0586,2.9642,3.0376,232295040.69566
2025-09-17 00:00:00+00:00,3.0376,3.1079,2.9814,3.0841,402038606.26675
2025-09-18 00:00:00+00:00,3.0841,3.1397,3.0558,3.0735,375568570.86294
2025-09-19 00:00:00+00:00,3.0735,3.0941,2.9784,2.9901,280653897.19982
2025-09-20 00:00:00+00:00,2.99,3.0091,2.9652,2.975,187146184.3628
2025-09-21 00:00:00+00:00,2.975,3.0135,2.9523,2.9701,136202072.65893
2025-09-22 00:00:00+00:00,2.9701,2.9755,2.6975,2.8526,649499096.84506
2025-09-23 00:00:00+00:00,2.8525,2.8964,2.7991,2.8247,286849193.23602
2025-09-24 00:00:00+00:00,2.8247,2.9955,2.7883,2.9257,363496485.78589
2025-09-25 00:00:00+00:00,2.9257,2.9446,2.7244,2.7435,553085511.60956
2025-09-26 00:00:00+00:00,2.7435,2.809,2.6984,2.7835,448119979.14279
2025-09-27 00:00:00+00:00,2.7836,2.8287,2.7619,2.8047,124610959.09304
2025-09-28 00:00:00+00:00,2.8047,2.8675,2.7661,2.8674,185001358.95664
2025-09-29 00:00:00+00:00,2.8675,2.9289,2.8454,2.8801,335494346.18332
2025-09-30 00:00:00+00:00,2.8801,2.9077,2.8132,2.8468,286480582.91276
2025-10-01 00:00:00+00:00,2.8468,2.9616,2.8141,2.9485,396809364.15718
2025-10-02 00:00:00+00:00,2.9485,3.0998,2.9403,3.0389,442317543.96961
2025-10-03 00:00:00+00:00,3.0388,3.0948,3.0041,3.0401,382280908.83134
2025-10-04 00:00:00+00:00,3.0402,3.0522,2.939,2.9685,207321266.10311
2025-10-05 00:00:00+00:00,2.9685,3.0716,2.9468,2.9697,318245690.32152
2025-10-06 00:00:00+00:00,2.9697,3.0506,2.9551,2.9883,352104152.38073
2025-10-07 00:00:00+00:00,2.9883,3.0012,2.8489,2.852,443920050.41119
2025-10-08 00:00:00+00:00,2.8521,2.9248,2.8303,2.8797,247518098.06655
2025-10-09 00:00:00+00:00,2.8797,2.8801,2.7714,2.8021,310379763.91407
2025-10-10 00:00:00+00:00,2.8021,2.8372,1.2543,2.3704,1416016000.51225
2025-10-11 00:00:00+00:00,2.3704,2.5061,2.3,2.3819,909770588.80687
2025-10-12 00:00:00+00:00,2.3819,2.5841,2.3121,2.5282,607237964.21932
2025-10-13 00:00:00+00:00,2.5283,2.646,2.5125,2.6052,558246044.00344
2025-10-14 00:00:00+00:00,2.6052,2.6208,2.3888,2.5033,587762059.79276
2025-10-15 00:00:00+00:00,2.5033,2.5475,2.3754,2.4109,363905099.1024
2025-10-16 00:00:00+00:00,2.411,2.4665,2.2833,2.328,467212723.60674
2025-10-17 00:00:00+00:00,2.328,2.4,2.1901,2.2936,533049692.5888
2025-10-18 00:00:00+00:00,2.2936,2.3915,2.2894,2.3596,164699862.1112
2025-10-19 00:00:00+00:00,2.3596,2.4195,2.3177,2.3908,204746942.77784
2025-10-20 00:00:00+00:00,2.3907,2.5529,2.3547,2.4948,325043707.31512
2025-10-21 00:00:00+00:00,2.4948,2.5323,2.4011,2.4222,349446603.8966
2025-10-22 00:00:00+00:00,2.4221,2.4375,2.3255,2.3647,314639214.69154
2025-10-23 00:00:00+00:00,2.3647,2.4259,2.3617,2.3947,202214305.62803
2025-10-24 00:00:00+00:00,2.3948,2.516,2.3863,2.5103,276766703.76931
2025-10-25 00:00:00+00:00,2.5103,2.6542,2.5021,2.5959,246949699.35457
2025-10-26 00:00:00+00:00,2.5958,2.6624,2.592,2.6461,220148409.4358
2025-10-27 00:00:00+00:00,2.646,2.6975,2.6013,2.634,301816650.99461
2025-10-28 00:00:00+00:00,2.634,2.6887,2.5675,2.6034,325741633.67731
2025-10-29 00:00:00+00:00,2.6034,2.664,2.537,2.5502,333619686.1261
2025-10-30 00:00:00+00:00,2.5502,2.5944,2.3769,2.4393,377157606.2916
2025-10-31 00:00:00+00:00,2.4393,2.5546,2.4311,2.5097,289080627.19977
2025-11-01 00:00:00+00:00,2.5096,2.5233,2.476,2.5053,103930956.29276
2025-11-02 00:00:00+00:00,2.5053,2.5549,2.478,2.5267,129684074.86327
2025-11-03 00:00:00+00:00,2.5267,2.5322,2.2631,2.3096,414201479.14369
2025-11-04 00:00:00+00:00,2.3095,2.3655,2.0665,2.2053,771446660.12197
2025-11-05 00:00:00+00:00,2.2053,2.3766,2.1015,2.3432,468286637.04496
2025-11-06 00:00:00+00:00,2.3432,2.416,2.1796,2.213,393700992.04894
2025-11-07 00:00:00+00:00,2.213,2.3729,2.1536,2.3154,401217238.3277
2025-11-08 00:00:00+00:00,2.3155,2.3381,2.2424,2.2863,192268872.34323
2025-11-09 00:00:00+00:00,2.2864,2.395,2.2392,2.3662,198278601.16981
2025-11-10 00:00:00+00:00,2.3662,2.5808,2.3462,2.526,494186025.29096
2025-11-11 00:00:00+00:00,2.526,2.57,2.3787,2.3915,311862415.17771
2025-11-12 00:00:00+00:00,2.3915,2.4491,2.3166,2.3879,337101476.81378
2025-11-13 00:00:00+00:00,2.3878,2.5264,2.2757,2.3225,648161281.52071
2025-11-14 00:00:00+00:00,2.3225,2.3416,2.2256,2.2443,503933839.45625
2025-11-15 00:00:00+00:00,2.2443,2.3034,2.2111,2.2372,191008990.86777
2025-11-16 00:00:00+00:00,2.2372,2.28,2.1558,2.2149,279635280.28231
2025-11-17 00:00:00+00:00,2.2148,2.3077,2.1146,2.1637,472212439.49585
2025-11-18 00:00:00+00:00,2.1637,2.2413,2.1064,2.2172,409807060.60082
2025-11-19 00:00:00+00:00,2.2171,2.2196,2.0244,2.1098,499124445.18076
2025-11-20 00:00:00+00:00,2.1097,2.1498,1.9743,1.9999,606713707.73017
2025-11-21 00:00:00+00:00,1.9998,2.0308,1.8209,1.9509,674481994.06328
2025-11-22 00:00:00+00:00,1.9509,1.9671,1.889,1.9509,178554276.05228
2025-11-23 00:00:00+00:00,1.9508,2.0846,1.9497,2.0491,277919540.70653
2025-11-24 00:00:00+00:00,2.0491,2.2868,2.0238,2.2276,449036243.07978
2025-11-25 00:00:00+00:00,2.2276,2.2652,2.1482,2.2024,341969966.38068
2025-11-26 00:00:00+00:00,2.2023,2.2547,2.1447,2.2233,241957772.47178
2025-11-27 00:00:00+00:00,2.2232,2.2347,2.1727,2.1999,182415330.68697
2025-11-28 00:00:00+00:00,2.2,2.2752,2.1565,2.1795,311037589.06468
2025-11-29 00:00:00+00:00,2.1795,2.2231,2.1666,2.2009,125384177.30394
2025-11-30 00:00:00+00:00,2.201,2.215,2.1524,2.155,114977582.57313
2025-12-01 00:00:00+00:00,2.1549,2.1609,1.9835,2.0297,355365694.67381
2025-12-02 00:00:00+00:00,2.0297,2.1831,1.995,2.1532,278033250.95284
2025-12-03 00:00:00+00:00,2.1531,2.219,2.1414,2.1976,243427331.82546
2025-12-04 00:00:00+00:00,2.1976,2.2146,2.0691,2.096,216617251.44724
2025-12-05 00:00:00+00:00,2.096,2.113,2.0125,2.0344,196417783.93917
2025-12-06 00:00:00+00:00,2.0344,2.0504,2.0154,2.0309,88516862.0396
2025-12-07 00:00:00+00:00,2.031,2.1109,1.9894,2.0442,171442641.89825
2025-12-08 00:00:00+00:00,2.0442,2.1239,2.0319,2.0724,183591495.3019
2025-12-09 00:00:00+00:00,2.0723,2.178,2.0419,2.1062,240316667.84854
2025-12-10 00:00:00+00:00,2.1061,2.1108,2.0346,2.0418,259342035.77229
2025-12-11 00:00:00+00:00,2.0418,2.057,1.9767,2.034,251500084.80395
2025-12-12 00:00:00+00:00,2.034,2.0478,1.9692,2.0074,156851459.70608
2025-12-13 00:00:00+00:00,2.0075,2.0482,2.0068,2.0227,89650356.06012
2025-12-14 00:00:00+00:00,2.0226,2.0306,1.9527,1.9784,90071177.0555
2025-12-15 00:00:00+00:00,1.9784,2.0143,1.8695,1.8981,224006702.35929
2025-12-16 00:00:00+00:00,1.8981,1.9491,1.852,1.9297,193014736.53332
2025-12-17 00:00:00+00:00,1.9297,1.9874,1.8474,1.8627,213339007.05976
2025-12-18 00:00:00+00:00,1.8627,1.9341,1.8,1.8076,236200241.80635
2025-12-19 00:00:00+00:00,1.8076,1.9213,1.7711,1.9092,268667251.35816
2025-12-20 00:00:00+00:00,1.9092,1.9588,1.8936,1.9335,102570019.69904
2025-12-21 00:00:00+00:00,1.9335,1.9498,1.8948,1.9223,101764349.86736
2025-12-22 00:00:00+00:00,1.9224,1.9493,1.8917,1.9043,170541148.42268
2025-12-23 00:00:00+00:00,1.9044,1.91,1.863,1.8734,146784418.82902
2025-12-24 00:00:00+00:00,1.8734,1.8783,1.8372,1.8628,111432748.24416
2025-12-25 00:00:00+00:00,1.8627,1.8892,1.8291,1.8326,86049091.66366
2025-12-26 00:00:00+00:00,1.8325,1.8833,1.8246,1.8437,142650101.48219
2025-12-27 00:00:00+00:00,1.8437,1.8788,1.8417,1.8735,57872471.63674
2025-12-28 00:00:00+00:00,1.8734,1.8796,1.8539,1.8654,49683128.09448
2025-12-29 00:00:00+00:00,1.8655,1.918,1.845,1.8508,132149106.78247
2025-12-30 00:00:00+00:00,1.8508,1.8864,1.8439,1.8776,90287787.52763
2025-12-31 00:00:00+00:00,1.8776,1.8839,1.8123,1.8423,108118689.1138
2026-01-01 00:00:00+00:00,1.8424,1.8811,1.8261,1.8799,76213964.8482
2026-01-02 00:00:00+00:00,1.8799,2.0315,1.8689,2.0069,247734472.67035
2026-01-03 00:00:00+00:00,2.0068,2.0561,1.9844,2.0182,150077641.84672
2026-01-04 00:00:00+00:00,2.0182,2.1204,2.0163,2.0909,235923401.78094
2026-01-05 00:00:00+00:00,2.0908,2.3695,2.0877,2.3478,467707997.15885
2026-01-06 00:00:00+00:00,2.3479,2.4172,2.2046,2.3042,629154170.10637
2026-01-07 00:00:00+00:00,2.3042,2.3205,2.1517,2.1657,257626886.6184
2026-01-08 00:00:00+00:00,2.1658,2.1925,2.0649,2.1232,331908879.48803
2026-01-09 00:00:00+00:00,2.1232,2.1622,2.0727,2.0958,248795674.65699
2026-01-10 00:00:00+00:00,2.0958,2.1106,2.0806,2.0907,66159954.8428
2026-01-11 00:00:00+00:00,2.0907,2.11,2.045,2.0745,105268581.16162
2026-01-12 00:00:00+00:00,2.0745,2.1086,2.035,2.054,227894784.65359
2026-01-13 00:00:00+00:00,2.0541,2.185,2.0474,2.1655,238793131.74914
2026-01-14 00:00:00+00:00,2.1656,2.1924,2.1116,2.1394,290541648.35856
2026-01-15 00:00:00+00:00,2.1393,2.1434,2.0532,2.0789,187945040.68501
2026-01-16 00:00:00+00:00,2.0789,2.0866,2.0263,2.0678,125412355.52278
2026-01-17 00:00:00+00:00,2.0678,2.0834,2.0536,2.0631,64394685.22584
2026-01-18 00:00:00+00:00,2.0632,2.0679,1.9861,1.9914,94798743.69225
2026-01-19 00:00:00+00:00,1.9914,2.0299,1.847,1.986,312427981.03306
2026-01-20 00:00:00+00:00,1.9861,1.9909,1.87,1.89,245625447.78919
2026-01-21 00:00:00+00:00,1.89,1.9907,1.8712,1.9476,284111499.09742
2026-01-22 00:00:00+00:00,1.9475,1.9679,1.9016,1.9236,119394059.0727
2026-01-23 00:00:00+00:00,1.9237,1.9656,1.8873,1.9196,146213015.14371
2026-01-24 00:00:00+00:00,1.9197,1.9276,1.91,1.9143,52127828.62802
2026-01-25 00:00:00+00:00,1.9143,1.9168,1.8111,1.8356,169883447.84291
2026-01-26 00:00:00+00:00,1.8356,1.946,1.8331,1.9041,198359232.49118
2026-01-27 00:00:00+00:00,1.9042,1.9295,1.8741,1.9158,122893037.08238
2026-01-28 00:00:00+00:00,1.9157,1.9427,1.8944,1.9111,129267981.88222
2026-01-29 00:00:00+00:00,1.9112,1.9134,1.778,1.8076,273416046.53278
2026-01-30 00:00:00+00:00,1.8077,1.8131,1.7107,1.7352,403078897.82779
2026-01-31 00:00:00+00:00,1.7353,1.7547,1.5028,1.6472,538786646.36154
2026-02-01 00:00:00+00:00,1.6472,1.6805,1.5526,1.5908,296003317.28224
2026-02-02 00:00:00+00:00,1.5908,1.6571,1.5307,1.6198,348750978.95153
2026-02-03 00:00:00+00:00,1.6199,1.6339,1.5274,1.5791,303156002.31118
2026-02-04 00:00:00+00:00,1.579,1.6122,1.4948,1.512,302037891.96737
2026-02-05 00:00:00+00:00,1.512,1.5154,1.1371,1.2146,961884169.58011
2026-02-06 00:00:00+00:00,1.2145,1.5442,1.1172,1.4698,961321499.91777
2026-02-07 00:00:00+00:00,1.4697,1.4879,1.3858,1.4231,391963977.31875
2026-02-08 00:00:00+00:00,1.4231,1.4703,1.4099,1.4308,181400964.06214
2026-02-09 00:00:00+00:00,1.4308,1.4642,1.3728,1.437,240567482.71765
2026-02-10 00:00:00+00:00,1.437,1.4532,1.3916,1.3999,160934265.97524
2026-02-11 00:00:00+00:00,1.3998,1.4205,1.3421,1.3697,237549816.71376
2026-02-12 00:00:00+00:00,1.3697,1.4082,1.3461,1.3635,160718927.05486
2026-02-13 00:00:00+00:00,1.3635,1.4285,1.3485,1.4071,173410370.67896
2026-02-14 00:00:00+00:00,1.407,1.5138,1.4051,1.5094,165770321.82151
2026-02-15 00:00:00+00:00,1.5094,1.6714,1.445,1.4753,463522957.61473
2026-02-16 00:00:00+00:00,1.4753,1.5171,1.4485,1.4876,215548748.40283
2026-02-17 00:00:00+00:00,1.4876,1.495,1.4268,1.4743,145124075.30722
2026-02-18 00:00:00+00:00,1.4742,1.4943,1.4102,1.4219,125128541.3237
2026-02-19 00:00:00+00:00,1.422,1.4381,1.382,1.4068,152529210.26218
2026-02-20 00:00:00+00:00,1.4068,1.4389,1.3775,1.4292,175299418.00269
2026-02-21 00:00:00+00:00,1.4292,1.4642,1.4198,1.4304,77755307.09025
2026-02-22 00:00:00+00:00,1.4303,1.4338,1.38,1.3932,85879449.58334
2026-02-23 00:00:00+00:00,1.3932,1.4248,1.3301,1.3518,258694950.26527
2026-02-24 00:00:00+00:00,1.3519,1.3676,1.3124,1.3482,186757096.36945
2026-02-25 00:00:00+00:00,1.3483,1.4935,1.3404,1.4339,348960369.29078
2026-02-26 00:00:00+00:00,1.4338,1.4691,1.3827,1.4027,228794325.21921
2026-02-27 00:00:00+00:00,1.4027,1.4262,1.3386,1.3562,226953194.07107
2026-02-28 00:00:00+00:00,1.3562,1.3931,1.27,1.3762,304579284.42876
2026-03-01 00:00:00+00:00,1.3761,1.4333,1.3369,1.3524,246775158.12428
2026-03-02 00:00:00+00:00,1.3525,1.423,1.3341,1.39,230093238.0767
2026-03-03 00:00:00+00:00,1.3901,1.3953,1.3366,1.3607,184727686.85329
2026-03-04 00:00:00+00:00,1.3607,1.4732,1.3452,1.4309,337526838.95515
2026-03-05 00:00:00+00:00,1.4309,1.4525,1.396,1.4037,168070295.6447
2026-03-06 00:00:00+00:00,1.4038,1.4148,1.346,1.3633,156762791.6806
2026-03-07 00:00:00+00:00,1.3632,1.3749,1.3468,1.3567,65047821.55857
2026-03-08 00:00:00+00:00,1.3568,1.3712,1.3218,1.34,107681979.34124
2026-03-09 00:00:00+00:00,1.3401,1.3841,1.333,1.3631,176631609.9395
2026-03-10 00:00:00+00:00,1.3631,1.4427,1.3605,1.3863,247030406.6345
2026-03-11 00:00:00+00:00,1.3864,1.4112,1.3706,1.3847,154308858.85668
2026-03-12 00:00:00+00:00,1.3847,1.3936,1.365,1.3846,123639723.83376
2026-03-13 00:00:00+00:00,1.3846,1.4528,1.3831,1.3989,287964607.26107
2026-03-14 00:00:00+00:00,1.3988,1.4084,1.3834,1.4063,81207160.82588
2026-03-15 00:00:00+00:00,1.4063,1.4649,1.4021,1.4487,138928399.17402
2026-03-16 00:00:00+00:00,1.4488,1.5522,1.4357,1.543,326441886.3163
2026-03-17 00:00:00+00:00,1.5429,1.607,1.4941,1.5182,357473896.14661
2026-03-18 00:00:00+00:00,1.5182,1.5414,1.4359,1.4647,206568145.5128
2026-03-19 00:00:00+00:00,1.4648,1.4817,1.4219,1.4475,172535664.7207
2026-03-20 00:00:00+00:00,1.4475,1.4665,1.4248,1.4452,127186196.00855
2026-03-21 00:00:00+00:00,1.4452,1.453,1.4003,1.4086,82051700.57759
2026-03-22 00:00:00+00:00,1.4087,1.4263,1.3712,1.3848,107926968.88544
2026-03-23 00:00:00+00:00,1.3849,1.4661,1.3618,1.4323,241026917.0104
2026-03-24 00:00:00+00:00,1.4323,1.435,1.3835,1.416,145747579.47872
2026-03-25 00:00:00+00:00,1.416,1.4379,1.4019,1.4145,137712528.1866
2026-03-26 00:00:00+00:00,1.4145,1.4165,1.336,1.3609,179357164.90353
2026-03-27 00:00:00+00:00,1.3608,1.3726,1.3184,1.3257,160042011.49069
2026-03-28 00:00:00+00:00,1.3256,1.3582,1.3191,1.3333,71963543.71712
2026-03-29 00:00:00+00:00,1.3333,1.3433,1.2954,1.3278,81235909.40779
2026-03-30 00:00:00+00:00,1.3279,1.3669,1.3166,1.3242,134708860.12218
2026-03-31 00:00:00+00:00,1.3242,1.3503,1.3038,1.3411,134339781.10057
2026-04-01 00:00:00+00:00,1.341,1.3683,1.3314,1.3478,117396721.33357
2026-04-02 00:00:00+00:00,1.3477,1.3569,1.2802,1.32,173867551.12521
2026-04-03 00:00:00+00:00,1.32,1.3356,1.3033,1.3184,85394557.07847
2026-04-04 00:00:00+00:00,1.3183,1.3226,1.3067,1.3153,39401337.81849
2026-04-05 00:00:00+00:00,1.3154,1.332,1.2787,1.3263,96722902.21271
2026-04-06 00:00:00+00:00,1.3264,1.3577,1.3122,1.3212,139933245.70375
2026-04-07 00:00:00+00:00,1.3211,1.3962,1.2949,1.3787,174155937.96025
2026-04-08 00:00:00+00:00,1.3786,1.3898,1.3389,1.3428,170943407.16364
2026-04-09 00:00:00+00:00,1.3428,1.3696,1.3218,1.3438,150403078.58352
2026-04-10 00:00:00+00:00,1.3438,1.366,1.3348,1.3559,107494166.28678
2026-04-11 00:00:00+00:00,1.3559,1.3752,1.3394,1.3546,77319141.01944
2026-04-12 00:00:00+00:00,1.3547,1.3559,1.3193,1.3247,93501469.37078
2026-04-13 00:00:00+00:00,1.3246,1.3839,1.3193,1.3756,141726101.52109
2026-04-14 00:00:00+00:00,1.3757,1.3955,1.3521,1.3617,141266984.85634
2026-04-15 00:00:00+00:00,1.3617,1.4086,1.3503,1.3922,150547736.54314
2026-04-16 00:00:00+00:00,1.3922,1.4664,1.3865,1.453,220870592.21472
2026-04-17 00:00:00+00:00,1.453,1.51,1.4225,1.4757,228767880.59186
2026-04-18 00:00:00+00:00,1.4757,1.4823,1.4235,1.4323,119546444.18719
2026-04-19 00:00:00+00:00,1.4324,1.447,1.3909,1.3942,128547268.86372
2026-04-20 00:00:00+00:00,1.3943,1.4369,1.3933,1.4243,141269397.85089
2026-04-21 00:00:00+00:00,1.4244,1.45,1.4116,1.4334,121986052.30914
2026-04-22 00:00:00+00:00,1.4335,1.4626,1.4268,1.4294,120841798.14579
2026-04-23 00:00:00+00:00,1.4293,1.441,1.409,1.4386,131414155.33569
2026-04-24 00:00:00+00:00,1.4386,1.4503,1.4239,1.4334,95105991.07739
2026-04-25 00:00:00+00:00,1.4333,1.4377,1.4187,1.4238,37626803.97471
2026-04-26 00:00:00+00:00,1.4238,1.4366,1.418,1.4307,42837079.14942
2026-04-27 00:00:00+00:00,1.4308,1.4466,1.3836,1.4007,103187233.14259
2026-04-28 00:00:00+00:00,1.4008,1.4009,1.3677,1.3805,73657574.96158
2026-04-29 00:00:00+00:00,1.3806,1.4067,1.3458,1.3691,102032839.77557
2026-04-30 00:00:00+00:00,1.3692,1.3847,1.3591,1.3679,70046335.72061
2026-05-01 00:00:00+00:00,1.368,1.3999,1.3649,1.3858,83190350.48346
2026-05-02 00:00:00+00:00,1.3858,1.4003,1.3812,1.3937,45906488.1872
2026-05-03 00:00:00+00:00,1.3936,1.4042,1.3814,1.388,40704486.57748
2026-05-04 00:00:00+00:00,1.3879,1.4209,1.3829,1.3918,116677475.6981
2026-05-05 00:00:00+00:00,1.3919,1.4222,1.3904,1.4126,95247530.43709
2026-05-06 00:00:00+00:00,1.4126,1.4573,1.4073,1.4249,139092108.68515
2026-05-07 00:00:00+00:00,1.4249,1.4258,1.3802,1.3869,116191193.146
2026-05-08 00:00:00+00:00,1.3869,1.427,1.3778,1.4182,93047737.86844
2026-05-09 00:00:00+00:00,1.4182,1.435,1.4113,1.4205,82290245.74632
2026-05-10 00:00:00+00:00,1.4205,1.5082,1.4119,1.4734,228192058.53491
2026-05-11 00:00:00+00:00,1.4735,1.4886,1.4399,1.4776,173183036.55107
2026-05-12 00:00:00+00:00,1.4777,1.4848,1.4183,1.437,152917084.75215
2026-05-13 00:00:00+00:00,1.437,1.4693,1.4112,1.4273,180862545.61828
2026-05-14 00:00:00+00:00,1.4272,1.5496,1.4208,1.4852,301645366.06319
2026-05-15 00:00:00+00:00,1.4851,1.5002,1.4275,1.434,180205731.61692
2026-05-16 00:00:00+00:00,1.434,1.4396,1.394,1.4136,101247992.19282
2026-05-17 00:00:00+00:00,1.4136,1.4291,1.3715,1.4016,95800657.06201
2026-05-18 00:00:00+00:00,1.4017,1.4027,1.3638,1.39,143205324.09611
2026-05-19 00:00:00+00:00,1.3901,1.3977,1.3531,1.3616,135243538.01752
2026-05-20 00:00:00+00:00,1.3616,1.3807,1.3477,1.3672,94207115.44787
2026-05-21 00:00:00+00:00,1.3672,1.3862,1.3512,1.3739,106947144.55662
2026-05-22 00:00:00+00:00,1.3739,1.376,1.33,1.3345,124540929.44406
2026-05-23 00:00:00+00:00,1.3346,1.3762,1.3019,1.3583,137286609.51775
2026-05-24 00:00:00+00:00,1.3584,1.371,1.3326,1.351,71399332.45425
2026-05-25 00:00:00+00:00,1.351,1.3657,1.3435,1.3503,78197829.61387
2026-05-26 00:00:00+00:00,1.3503,1.3656,1.3273,1.3292,90439418.05153
2026-05-27 00:00:00+00:00,1.3293,1.3437,1.3033,1.3076,103158012.26367
2026-05-28 00:00:00+00:00,1.3076,1.3385,1.2677,1.3156,149427450.21787
2026-05-29 00:00:00+00:00,1.3156,1.3339,1.2947,1.33,131831739.44788
2026-05-30 00:00:00+00:00,1.33,1.3661,1.3281,1.3408,109021117.25326
2026-05-31 00:00:00+00:00,1.3409,1.3484,1.321,1.333,58866931.9392
