time,open,high,low,close,volume
2020-01-06 00:00:00+00:00,0.197,0.2259,0.197,0.2226,20007750.08313
2020-01-07 00:00:00+00:00,0.2227,0.2297,0.2071,0.2138,26854476.37811
2020-01-08 00:00:00+00:00,0.2138,0.2204,0.2013,0.2078,16896601.32776
2020-01-09 00:00:00+00:00,0.2078,0.2089,0.201,0.204,9228119.25305
2020-01-10 00:00:00+00:00,0.2039,0.2136,0.2001,0.2128,12896953.63956
2020-01-11 00:00:00+00:00,0.2128,0.2203,0.2085,0.2117,15791363.06657
2020-01-12 00:00:00+00:00,0.2113,0.217,0.2095,0.2158,14266026.27999
2020-01-13 00:00:00+00:00,0.2155,0.216,0.2104,0.2115,8043847.97629
2020-01-14 00:00:00+00:00,0.2115,0.2458,0.2115,0.235,48238035.67924
2020-01-15 00:00:00+00:00,0.235,0.2444,0.2268,0.2337,41675728.37597
2020-01-16 00:00:00+00:00,0.227,0.2352,0.2213,0.227,17164830.32218
2020-01-17 00:00:00+00:00,0.2291,0.2449,0.2279,0.2284,25725967.23632
2020-01-18 00:00:00+00:00,0.2394,0.2552,0.232,0.2441,37446983.70026
2020-01-19 00:00:00+00:00,0.2442,0.2525,0.226,0.236,31766959.73889
2020-01-20 00:00:00+00:00,0.236,0.237,0.2236,0.2335,17929035.24338
2020-01-21 00:00:00+00:00,0.2333,0.2424,0.229,0.2375,24154808.77918
2020-01-22 00:00:00+00:00,0.2375,0.2404,0.2315,0.2376,20720426.10538
2020-01-23 00:00:00+00:00,0.2375,0.2376,0.2202,0.2262,15372642.60424
2020-01-24 00:00:00+00:00,0.2261,0.2265,0.2135,0.2224,18085740.04619
2020-01-25 00:00:00+00:00,0.2224,0.2227,0.2167,0.2197,11471527.5717
2020-01-26 00:00:00+00:00,0.2197,0.233,0.2179,0.2313,15094099.83551
2020-01-27 00:00:00+00:00,0.2315,0.2342,0.2265,0.2309,17233572.16083
2020-01-28 00:00:00+00:00,0.2309,0.2423,0.2309,0.2393,25475393.30773
2020-01-29 00:00:00+00:00,0.2394,0.2425,0.2343,0.236,20195450.76688
2020-01-30 00:00:00+00:00,0.2358,0.2486,0.2304,0.2443,32502473.32394
2020-01-31 00:00:00+00:00,0.2443,0.2458,0.2333,0.2397,27520811.15219
2020-02-01 00:00:00+00:00,0.2396,0.2434,0.2367,0.2416,18864670.2056
2020-02-02 00:00:00+00:00,0.2417,0.2623,0.2359,0.2515,47315039.92816
2020-02-03 00:00:00+00:00,0.2514,0.2603,0.2475,0.255,34507874.97527
2020-02-04 00:00:00+00:00,0.255,0.2716,0.2478,0.2676,77011349.35695
2020-02-05 00:00:00+00:00,0.2676,0.2826,0.2676,0.2786,90276197.19082
2020-02-06 00:00:00+00:00,0.2784,0.2895,0.2672,0.2841,86750123.92769
2020-02-07 00:00:00+00:00,0.2841,0.289,0.2778,0.2799,50621466.87332
2020-02-08 00:00:00+00:00,0.2799,0.2828,0.2631,0.2775,58800004.82599
2020-02-09 00:00:00+00:00,0.2776,0.2895,0.2763,0.2828,52610442.05434
2020-02-10 00:00:00+00:00,0.2832,0.2839,0.267,0.2736,42467031.18272
2020-02-11 00:00:00+00:00,0.2737,0.2847,0.2678,0.2816,47041304.64147
2020-02-12 00:00:00+00:00,0.2817,0.31,0.2817,0.3043,105193798.92367
2020-02-13 00:00:00+00:00,0.3043,0.3413,0.2968,0.3276,247834557.56503
2020-02-14 00:00:00+00:00,0.3274,0.3407,0.3102,0.3362,114634793.47442
2020-02-15 00:00:00+00:00,0.3365,0.3476,0.291,0.3075,146396518.05497
2020-02-16 00:00:00+00:00,0.3075,0.3195,0.267,0.2926,125536106.52815
2020-02-17 00:00:00+00:00,0.2926,0.2954,0.2688,0.2877,90398177.92294
2020-02-18 00:00:00+00:00,0.2878,0.3034,0.2748,0.2989,97745466.6576
2020-02-19 00:00:00+00:00,0.2989,0.3088,0.2656,0.2746,97914297.75735
2020-02-20 00:00:00+00:00,0.2746,0.2818,0.2609,0.271,90776837.9215
2020-02-21 00:00:00+00:00,0.271,0.2795,0.2679,0.2745,66563181.49603
2020-02-22 00:00:00+00:00,0.2746,0.279,0.2702,0.2749,45467076.22304
2020-02-23 00:00:00+00:00,0.275,0.2852,0.2749,0.2834,60597768.62814
2020-02-24 00:00:00+00:00,0.2834,0.2846,0.2643,0.2707,77092441.30612
2020-02-25 00:00:00+00:00,0.2707,0.2711,0.2505,0.2524,72668581.1692
2020-02-26 00:00:00+00:00,0.2525,0.2556,0.2223,0.2292,120738692.06483
2020-02-27 00:00:00+00:00,0.2291,0.2476,0.2237,0.2388,74459158.16175
2020-02-28 00:00:00+00:00,0.2387,0.2445,0.2283,0.2368,62066748.4037
2020-02-29 00:00:00+00:00,0.2368,0.2428,0.2288,0.2291,42311244.57965
2020-03-01 00:00:00+00:00,0.2291,0.2363,0.2246,0.2274,46475870.00457
2020-03-02 00:00:00+00:00,0.2273,0.2417,0.226,0.2399,44876005.80779
2020-03-03 00:00:00+00:00,0.2399,0.2399,0.23,0.2344,40049011.75319
2020-03-04 00:00:00+00:00,0.2344,0.2387,0.2302,0.2349,36238775.40316
2020-03-05 00:00:00+00:00,0.235,0.2436,0.2348,0.2395,41058944.75137
2020-03-06 00:00:00+00:00,0.2394,0.2465,0.2382,0.2452,40507452.98025
2020-03-07 00:00:00+00:00,0.2453,0.2455,0.2354,0.2364,34375186.79395
2020-03-08 00:00:00+00:00,0.2365,0.2366,0.1986,0.2042,58155650.71394
2020-03-09 00:00:00+00:00,0.204,0.2118,0.1978,0.2096,52898384.5169
2020-03-10 00:00:00+00:00,0.2096,0.2159,0.2054,0.2119,37518026.49566
2020-03-11 00:00:00+00:00,0.212,0.2141,0.1994,0.2084,36111977.21787
2020-03-12 00:00:00+00:00,0.2084,0.2101,0.1271,0.1346,135114976.96299
2020-03-13 00:00:00+00:00,0.1346,0.1659,0.1016,0.1587,169699990.10805
2020-03-14 00:00:00+00:00,0.1587,0.1597,0.1435,0.1458,37123349.8495
2020-03-15 00:00:00+00:00,0.1459,0.1645,0.1443,0.1529,33488607.50127
2020-03-16 00:00:00+00:00,0.1529,0.1531,0.1276,0.1408,58420485.92439
2020-03-17 00:00:00+00:00,0.1407,0.1518,0.1393,0.1469,21758788.82715
2020-03-18 00:00:00+00:00,0.1468,0.1493,0.1397,0.1473,14195438.26863
2020-03-19 00:00:00+00:00,0.1474,0.1728,0.1442,0.1648,27165589.34474
2020-03-20 00:00:00+00:00,0.1647,0.1751,0.1443,0.1568,38454394.68304
2020-03-21 00:00:00+00:00,0.1568,0.1617,0.1508,0.158,17176356.95985
2020-03-22 00:00:00+00:00,0.1578,0.1616,0.1459,0.1476,16520669.70174
2020-03-23 00:00:00+00:00,0.1475,0.1615,0.1444,0.1583,22640855.85757
2020-03-24 00:00:00+00:00,0.1584,0.1636,0.1567,0.162,17107349.05264
2020-03-25 00:00:00+00:00,0.162,0.1652,0.1567,0.1617,15001283.67775
2020-03-26 00:00:00+00:00,0.1618,0.1775,0.1595,0.1758,24650603.42778
2020-03-27 00:00:00+00:00,0.1757,0.1873,0.169,0.1728,54196218.44813
2020-03-28 00:00:00+00:00,0.1728,0.1799,0.1662,0.1753,46535984.58675
2020-03-29 00:00:00+00:00,0.1755,0.1769,0.1616,0.1625,27927633.86132
2020-03-30 00:00:00+00:00,0.1626,0.1755,0.1621,0.1709,27755263.49628
2020-03-31 00:00:00+00:00,0.171,0.178,0.1703,0.1736,25872572.54798
2020-04-01 00:00:00+00:00,0.1736,0.1764,0.1675,0.1747,26004984.91408
2020-04-02 00:00:00+00:00,0.1749,0.1872,0.1735,0.1783,30392633.48332
2020-04-03 00:00:00+00:00,0.1783,0.1826,0.1758,0.1795,17749889.63525
2020-04-04 00:00:00+00:00,0.1794,0.1836,0.1777,0.1811,15093814.05127
2020-04-05 00:00:00+00:00,0.1811,0.1821,0.176,0.179,11709443.93796
2020-04-06 00:00:00+00:00,0.1791,0.1984,0.1789,0.1979,32368318.45645
2020-04-07 00:00:00+00:00,0.198,0.2057,0.1893,0.1925,44850084.08314
2020-04-08 00:00:00+00:00,0.1925,0.2031,0.1914,0.2019,23186494.50636
2020-04-09 00:00:00+00:00,0.2019,0.2025,0.1935,0.198,17908269.07411
2020-04-10 00:00:00+00:00,0.1981,0.1986,0.1809,0.1876,26739536.20467
2020-04-11 00:00:00+00:00,0.1875,0.192,0.1848,0.1881,16758063.69936
2020-04-12 00:00:00+00:00,0.1882,0.1957,0.1859,0.1893,26739308.75836
2020-04-13 00:00:00+00:00,0.1893,0.1893,0.1791,0.1874,27881677.08802
2020-04-14 00:00:00+00:00,0.1874,0.1892,0.1832,0.186,15662698.77523
2020-04-15 00:00:00+00:00,0.186,0.1898,0.1797,0.1805,20480274.20496
2020-04-16 00:00:00+00:00,0.1804,0.1938,0.1737,0.1904,35368005.99177
2020-04-17 00:00:00+00:00,0.1905,0.1918,0.1859,0.1886,16159624.18063
2020-04-18 00:00:00+00:00,0.1886,0.1973,0.1882,0.1951,19610676.89501
2020-04-19 00:00:00+00:00,0.1952,0.1964,0.1876,0.1889,18410270.64511
2020-04-20 00:00:00+00:00,0.1889,0.1946,0.178,0.1813,32913380.33773
2020-04-21 00:00:00+00:00,0.1813,0.1866,0.1809,0.1833,18059640.14488
2020-04-22 00:00:00+00:00,0.1833,0.1898,0.1818,0.188,12409996.62973
2020-04-23 00:00:00+00:00,0.188,0.1995,0.1853,0.1925,34276660.48652
2020-04-24 00:00:00+00:00,0.1925,0.1969,0.1918,0.1931,22038343.26593
2020-04-25 00:00:00+00:00,0.1932,0.1977,0.1913,0.1941,15329176.71167
2020-04-26 00:00:00+00:00,0.1942,0.1977,0.19,0.1961,19103106.27793
2020-04-27 00:00:00+00:00,0.1961,0.1997,0.1939,0.1974,19922360.28584
2020-04-28 00:00:00+00:00,0.1973,0.218,0.1945,0.2143,75709624.56867
2020-04-29 00:00:00+00:00,0.2143,0.2318,0.2137,0.2266,93930428.09705
2020-04-30 00:00:00+00:00,0.2266,0.2364,0.2083,0.2116,99744724.38671
2020-05-01 00:00:00+00:00,0.2116,0.2246,0.2114,0.2178,51507813.60006
2020-05-02 00:00:00+00:00,0.218,0.226,0.2151,0.2238,35475980.34049
2020-05-03 00:00:00+00:00,0.224,0.2269,0.2152,0.2194,36667621.27876
2020-05-04 00:00:00+00:00,0.2195,0.2207,0.2071,0.2181,51583431.67568
2020-05-05 00:00:00+00:00,0.218,0.2223,0.2131,0.2169,27009687.95145
2020-05-06 00:00:00+00:00,0.2169,0.2225,0.2102,0.2118,32801435.06499
2020-05-07 00:00:00+00:00,0.2117,0.2221,0.2093,0.2187,43032050.85115
2020-05-08 00:00:00+00:00,0.2187,0.2223,0.2142,0.2189,30187514.23009
2020-05-09 00:00:00+00:00,0.2188,0.2259,0.2154,0.2167,47357230.41577
2020-05-10 00:00:00+00:00,0.2165,0.2166,0.1755,0.1971,74984223.2989
2020-05-11 00:00:00+00:00,0.1969,0.2003,0.1842,0.1926,44207359.48966
2020-05-12 00:00:00+00:00,0.1925,0.2,0.1911,0.197,27754654.46607
2020-05-13 00:00:00+00:00,0.1972,0.2044,0.1949,0.2015,22479418.45055
2020-05-14 00:00:00+00:00,0.2015,0.2064,0.198,0.2036,25447449.25368
2020-05-15 00:00:00+00:00,0.2036,0.2046,0.195,0.1979,27160505.21098
2020-05-16 00:00:00+00:00,0.1979,0.2026,0.1964,0.1996,16706459.19447
2020-05-17 00:00:00+00:00,0.1997,0.2045,0.1987,0.2011,16023648.21065
2020-05-18 00:00:00+00:00,0.2011,0.2083,0.2004,0.2053,28593007.9262
2020-05-19 00:00:00+00:00,0.2053,0.2067,0.2006,0.2049,19199003.9327
2020-05-20 00:00:00+00:00,0.205,0.2064,0.1962,0.2019,24743623.22048
2020-05-21 00:00:00+00:00,0.2017,0.2032,0.1886,0.1942,26837425.70877
2020-05-22 00:00:00+00:00,0.1942,0.2026,0.192,0.2004,26873673.61821
2020-05-23 00:00:00+00:00,0.2002,0.2022,0.1981,0.1988,20588473.12254
2020-05-24 00:00:00+00:00,0.1986,0.2014,0.1915,0.1923,23592131.04846
2020-05-25 00:00:00+00:00,0.1924,0.1973,0.1892,0.1961,19592019.61018
2020-05-26 00:00:00+00:00,0.1962,0.197,0.1911,0.1936,20311267.61
2020-05-27 00:00:00+00:00,0.1936,0.2005,0.1933,0.1978,19276563.63729
2020-05-28 00:00:00+00:00,0.1979,0.2011,0.1947,0.2005,20822560.47847
2020-05-29 00:00:00+00:00,0.2005,0.203,0.1962,0.1977,19610139.09983
2020-05-30 00:00:00+00:00,0.1976,0.2083,0.1957,0.2072,38132609.94717
2020-05-31 00:00:00+00:00,0.2073,0.2138,0.2,0.2024,60679072.02608
2020-06-01 00:00:00+00:00,0.2024,0.2132,0.201,0.2112,44047221.51384
2020-06-02 00:00:00+00:00,0.2114,0.2153,0.1529,0.203,53973053.89899
2020-06-03 00:00:00+00:00,0.2031,0.2052,0.2008,0.2043,24439984.56528
2020-06-04 00:00:00+00:00,0.2043,0.2073,0.1996,0.2045,35152721.70518
2020-06-05 00:00:00+00:00,0.2045,0.2062,0.2012,0.2027,32302660.01159
2020-06-06 00:00:00+00:00,0.2028,0.2049,0.2004,0.2037,26138798.20104
2020-06-07 00:00:00+00:00,0.2038,0.2052,0.1984,0.2034,31111603.53911
2020-06-08 00:00:00+00:00,0.2033,0.2048,0.201,0.2041,19900217.57104
2020-06-09 00:00:00+00:00,0.204,0.2061,0.1994,0.2014,26409486.81302
2020-06-10 00:00:00+00:00,0.2014,0.2042,0.1989,0.2029,23485532.61222
2020-06-11 00:00:00+00:00,0.2028,0.2036,0.1837,0.1881,41401912.04101
2020-06-12 00:00:00+00:00,0.1881,0.195,0.1867,0.1932,27496523.65198
2020-06-13 00:00:00+00:00,0.1932,0.1939,0.1901,0.1922,21621445.37546
2020-06-14 00:00:00+00:00,0.1923,0.1924,0.1882,0.19,18463030.52346
2020-06-15 00:00:00+00:00,0.19,0.1933,0.1815,0.1922,33564435.80271
2020-06-16 00:00:00+00:00,0.1921,0.194,0.19,0.1923,18453757.34181
2020-06-17 00:00:00+00:00,0.1923,0.1988,0.1882,0.1929,44053677.22988
2020-06-18 00:00:00+00:00,0.1929,0.1931,0.1877,0.1897,22794928.28165
2020-06-19 00:00:00+00:00,0.1897,0.1903,0.1864,0.187,23243712.56631
2020-06-20 00:00:00+00:00,0.187,0.1889,0.1845,0.1878,16473630.2295
2020-06-21 00:00:00+00:00,0.1877,0.1885,0.1855,0.186,12027049.17494
2020-06-22 00:00:00+00:00,0.186,0.1904,0.1856,0.1892,22778310.61069
2020-06-23 00:00:00+00:00,0.1892,0.1904,0.1883,0.1889,14571561.54793
2020-06-24 00:00:00+00:00,0.1888,0.1903,0.18,0.1833,28639262.59257
2020-06-25 00:00:00+00:00,0.1833,0.184,0.1781,0.1814,22499229.51352
2020-06-26 00:00:00+00:00,0.1814,0.1869,0.1781,0.1824,38988506.42222
2020-06-27 00:00:00+00:00,0.1824,0.1836,0.1679,0.175,31883996.47198
2020-06-28 00:00:00+00:00,0.175,0.1799,0.173,0.1768,30710872.73089
2020-06-29 00:00:00+00:00,0.1769,0.1794,0.1746,0.1772,29987043.38822
2020-06-30 00:00:00+00:00,0.1772,0.1778,0.1747,0.1752,13604999.35108
2020-07-01 00:00:00+00:00,0.1753,0.1781,0.1736,0.1764,17300054.17484
2020-07-02 00:00:00+00:00,0.1764,0.1773,0.172,0.1749,26758944.47059
2020-07-03 00:00:00+00:00,0.1749,0.1787,0.1742,0.1762,24534375.86768
2020-07-04 00:00:00+00:00,0.1761,0.1797,0.1758,0.1781,26930727.95664
2020-07-05 00:00:00+00:00,0.178,0.1788,0.1733,0.1769,21302738.77736
2020-07-06 00:00:00+00:00,0.1768,0.1896,0.1763,0.1887,57587892.81847
2020-07-07 00:00:00+00:00,0.1887,0.1897,0.1827,0.1851,39726241.37941
2020-07-08 00:00:00+00:00,0.1851,0.207,0.1837,0.2056,116394375.04349
2020-07-09 00:00:00+00:00,0.2056,0.2122,0.1963,0.2029,141354293.04441
2020-07-10 00:00:00+00:00,0.2029,0.2029,0.1919,0.1991,64404553.25338
2020-07-11 00:00:00+00:00,0.1992,0.2049,0.1977,0.2013,57731934.44015
2020-07-12 00:00:00+00:00,0.2013,0.2045,0.1976,0.2014,56478814.69332
2020-07-13 00:00:00+00:00,0.2014,0.2068,0.191,0.1987,92146742.37661
2020-07-14 00:00:00+00:00,0.1987,0.2,0.1951,0.1992,37987654.51981
2020-07-15 00:00:00+00:00,0.1992,0.2,0.1965,0.1974,29086449.11339
2020-07-16 00:00:00+00:00,0.1974,0.1978,0.1878,0.1946,44210563.47787
2020-07-17 00:00:00+00:00,0.1946,0.1984,0.1913,0.1945,34703571.23773
2020-07-18 00:00:00+00:00,0.1945,0.2023,0.194,0.2001,47367448.88285
2020-07-19 00:00:00+00:00,0.2,0.2024,0.196,0.1998,42914572.00795
2020-07-20 00:00:00+00:00,0.1998,0.2004,0.1913,0.1946,36690926.62009
2020-07-21 00:00:00+00:00,0.1946,0.2013,0.1938,0.1997,43393325.40623
2020-07-22 00:00:00+00:00,0.1997,0.2049,0.1959,0.2039,45363159.78257
2020-07-23 00:00:00+00:00,0.2039,0.2107,0.2016,0.2087,76631430.71983
2020-07-24 00:00:00+00:00,0.2088,0.2088,0.2021,0.2043,53145394.05388
2020-07-25 00:00:00+00:00,0.2043,0.2181,0.2038,0.215,82131290.07182
2020-07-26 00:00:00+00:00,0.215,0.2257,0.213,0.2156,126379482.82646
2020-07-27 00:00:00+00:00,0.2155,0.2299,0.2084,0.2248,176111188.50387
2020-07-28 00:00:00+00:00,0.2249,0.2356,0.2171,0.2307,162610893.29796
2020-07-29 00:00:00+00:00,0.2307,0.2508,0.2296,0.2436,203567834.05102
2020-07-30 00:00:00+00:00,0.2435,0.2503,0.2336,0.2442,155841220.66789
2020-07-31 00:00:00+00:00,0.2442,0.2607,0.2419,0.2596,129984373.79115
2020-08-01 00:00:00+00:00,0.2596,0.2983,0.2125,0.2912,360607267.89242
2020-08-02 00:00:00+00:00,0.2912,0.3298,0.2451,0.2885,660857138.11338
2020-08-03 00:00:00+00:00,0.2885,0.3207,0.2842,0.3102,393487104.94086
2020-08-04 00:00:00+00:00,0.3103,0.3197,0.2906,0.3019,266131299.57619
2020-08-05 00:00:00+00:00,0.3019,0.3086,0.291,0.3025,201157998.89181
2020-08-06 00:00:00+00:00,0.3025,0.3117,0.2976,0.3035,164444364.76536
2020-08-07 00:00:00+00:00,0.3037,0.311,0.2775,0.2947,216272600.64373
2020-08-08 00:00:00+00:00,0.2947,0.2992,0.2904,0.2957,95226315.68267
2020-08-09 00:00:00+00:00,0.2957,0.299,0.2825,0.2886,106207440.37203
2020-08-10 00:00:00+00:00,0.2884,0.301,0.2776,0.295,136766256.43588
2020-08-11 00:00:00+00:00,0.295,0.3079,0.2661,0.2833,236038188.29561
2020-08-12 00:00:00+00:00,0.2832,0.2877,0.2711,0.2826,125039400.31187
2020-08-13 00:00:00+00:00,0.2827,0.2958,0.2726,0.2946,162044937.95986
2020-08-14 00:00:00+00:00,0.2947,0.3079,0.2892,0.3006,214768936.25097
2020-08-15 00:00:00+00:00,0.3006,0.3064,0.2908,0.2992,165646336.30881
2020-08-16 00:00:00+00:00,0.2994,0.3057,0.2918,0.3052,144549972.27924
2020-08-17 00:00:00+00:00,0.3052,0.3285,0.2974,0.3161,296691365.06301
2020-08-18 00:00:00+00:00,0.3159,0.3225,0.2952,0.3029,202636619.34438
2020-08-19 00:00:00+00:00,0.3029,0.3066,0.2775,0.2899,190653744.99287
2020-08-20 00:00:00+00:00,0.2899,0.2947,0.2842,0.2923,64846866.3685
2020-08-21 00:00:00+00:00,0.2923,0.296,0.2759,0.2794,93376719.01523
2020-08-22 00:00:00+00:00,0.2793,0.2869,0.2731,0.2861,55156298.79066
2020-08-23 00:00:00+00:00,0.286,0.2883,0.2773,0.285,41317762.65407
2020-08-24 00:00:00+00:00,0.285,0.2925,0.2825,0.2886,43676417.80351
2020-08-25 00:00:00+00:00,0.2886,0.29,0.2701,0.2767,71562897.51298
2020-08-26 00:00:00+00:00,0.2766,0.2813,0.274,0.2767,42082155.29205
2020-08-27 00:00:00+00:00,0.2767,0.2786,0.2535,0.2646,96760809.81071
2020-08-28 00:00:00+00:00,0.2647,0.2734,0.26,0.2719,45037877.76767
2020-08-29 00:00:00+00:00,0.2718,0.2771,0.2687,0.274,37433757.4506
2020-08-30 00:00:00+00:00,0.2739,0.2844,0.2738,0.2834,45601655.06122
2020-08-31 00:00:00+00:00,0.2835,0.2851,0.2782,0.2815,56981215.55676
2020-09-01 00:00:00+00:00,0.2814,0.2999,0.2756,0.2955,125686931.84345
2020-09-02 00:00:00+00:00,0.2956,0.3048,0.2607,0.276,174476085.36078
2020-09-03 00:00:00+00:00,0.276,0.2767,0.2366,0.2438,147447076.95378
2020-09-04 00:00:00+00:00,0.2438,0.2658,0.2399,0.2537,128796767.45836
2020-09-05 00:00:00+00:00,0.2537,0.2595,0.2312,0.2374,112548870.08253
2020-09-06 00:00:00+00:00,0.2374,0.2436,0.2294,0.2399,67701588.89631
2020-09-07 00:00:00+00:00,0.2399,0.2431,0.2295,0.2422,65051192.44042
2020-09-08 00:00:00+00:00,0.2422,0.2438,0.231,0.2367,55506113.69471
2020-09-09 00:00:00+00:00,0.2365,0.2428,0.233,0.239,37781924.84432
2020-09-10 00:00:00+00:00,0.2391,0.2487,0.2387,0.243,42174731.28619
2020-09-11 00:00:00+00:00,0.243,0.2445,0.2367,0.2424,28980589.7834
2020-09-12 00:00:00+00:00,0.2424,0.2488,0.2401,0.2475,27350608.01645
2020-09-13 00:00:00+00:00,0.2475,0.2535,0.2373,0.242,41006033.37709
2020-09-14 00:00:00+00:00,0.242,0.2483,0.2389,0.2457,34283427.2716
2020-09-15 00:00:00+00:00,0.2457,0.2495,0.242,0.2431,34496164.71281
2020-09-16 00:00:00+00:00,0.2431,0.2509,0.2339,0.2468,46295281.59819
2020-09-17 00:00:00+00:00,0.2468,0.2584,0.2459,0.2522,70085829.1897
2020-09-18 00:00:00+00:00,0.2523,0.2554,0.2462,0.2508,35960135.00082
2020-09-19 00:00:00+00:00,0.2508,0.2552,0.2473,0.2511,39924877.26625
2020-09-20 00:00:00+00:00,0.2511,0.2513,0.2422,0.2466,37133421.94896
2020-09-21 00:00:00+00:00,0.2466,0.2481,0.229,0.2308,73718608.63937
2020-09-22 00:00:00+00:00,0.2309,0.2345,0.2291,0.2329,37138167.44032
2020-09-23 00:00:00+00:00,0.2329,0.235,0.2201,0.2214,48067987.61098
2020-09-24 00:00:00+00:00,0.2215,0.2338,0.2192,0.2326,57250613.89223
2020-09-25 00:00:00+00:00,0.2326,0.2447,0.2294,0.2415,59904422.39082
2020-09-26 00:00:00+00:00,0.2415,0.2457,0.2374,0.2414,35075525.5773
2020-09-27 00:00:00+00:00,0.2414,0.2446,0.2373,0.2435,30774544.03352
2020-09-28 00:00:00+00:00,0.2435,0.2486,0.2393,0.2412,44112234.99364
2020-09-29 00:00:00+00:00,0.2412,0.2467,0.2384,0.2428,38277065.07247
2020-09-30 00:00:00+00:00,0.2428,0.2429,0.2374,0.2416,31261642.9873
2020-10-01 00:00:00+00:00,0.2417,0.2446,0.2336,0.2382,42025093.32015
2020-10-02 00:00:00+00:00,0.2382,0.2394,0.2281,0.2338,44129062.63833
2020-10-03 00:00:00+00:00,0.2338,0.2351,0.2324,0.2327,20838106.79658
2020-10-04 00:00:00+00:00,0.2327,0.2503,0.2314,0.2481,74285324.89332
2020-10-05 00:00:00+00:00,0.248,0.2545,0.2462,0.2503,105838392.69311
2020-10-06 00:00:00+00:00,0.2503,0.2594,0.2399,0.2454,180052242.49278
2020-10-07 00:00:00+00:00,0.2455,0.2514,0.2405,0.2486,61834467.03922
2020-10-08 00:00:00+00:00,0.2486,0.253,0.242,0.2515,61075509.79144
2020-10-09 00:00:00+00:00,0.2514,0.2568,0.2496,0.253,60128171.30037
2020-10-10 00:00:00+00:00,0.253,0.2606,0.2525,0.2541,68264040.89925
2020-10-11 00:00:00+00:00,0.2541,0.2587,0.2533,0.2554,46170758.83198
2020-10-12 00:00:00+00:00,0.2555,0.2584,0.2487,0.2561,72811057.05858
2020-10-13 00:00:00+00:00,0.2562,0.2604,0.2527,0.2567,96425422.67638
2020-10-14 00:00:00+00:00,0.2567,0.2586,0.246,0.2492,89440956.91526
2020-10-15 00:00:00+00:00,0.2492,0.2503,0.2429,0.246,74270177.60682
2020-10-16 00:00:00+00:00,0.2459,0.248,0.2373,0.2403,53635858.62831
2020-10-17 00:00:00+00:00,0.2402,0.2434,0.2386,0.2408,25053341.65169
2020-10-18 00:00:00+00:00,0.2407,0.2437,0.2401,0.2422,19652616.6816
2020-10-19 00:00:00+00:00,0.2422,0.2497,0.2401,0.2457,65056617.0235
2020-10-20 00:00:00+00:00,0.2457,0.2507,0.2413,0.2434,71808700.17434
2020-10-21 00:00:00+00:00,0.2434,0.2558,0.2427,0.2511,105829107.10751
2020-10-22 00:00:00+00:00,0.2512,0.2641,0.2,0.2572,137683896.37384
2020-10-23 00:00:00+00:00,0.2572,0.2596,0.2501,0.2552,70016680.52091
2020-10-24 00:00:00+00:00,0.2552,0.2579,0.2527,0.2564,35393600.37928
2020-10-25 00:00:00+00:00,0.2564,0.2573,0.2507,0.2534,30712260.53703
2020-10-26 00:00:00+00:00,0.2534,0.2594,0.2433,0.2481,70806091.34273
2020-10-27 00:00:00+00:00,0.2481,0.2543,0.2475,0.2526,50953944.7156
2020-10-28 00:00:00+00:00,0.2526,0.2568,0.2443,0.2454,62907684.34245
2020-10-29 00:00:00+00:00,0.2454,0.2471,0.239,0.2424,46568587.50436
2020-10-30 00:00:00+00:00,0.2424,0.244,0.229,0.2388,58690455.35943
2020-10-31 00:00:00+00:00,0.2388,0.2435,0.2373,0.2396,27708148.93527
2020-11-01 00:00:00+00:00,0.2395,0.2415,0.2363,0.2398,22825930.52595
2020-11-02 00:00:00+00:00,0.2398,0.2449,0.2324,0.2353,48656349.62565
2020-11-03 00:00:00+00:00,0.2353,0.2442,0.2273,0.2394,91998299.75943
2020-11-04 00:00:00+00:00,0.2394,0.2405,0.2318,0.2373,67509027.84735
2020-11-05 00:00:00+00:00,0.2373,0.2474,0.2368,0.2456,79644910.85123
2020-11-06 00:00:00+00:00,0.2457,0.2618,0.241,0.2588,153170800.44756
2020-11-07 00:00:00+00:00,0.2588,0.2681,0.2439,0.249,147830024.88551
2020-11-08 00:00:00+00:00,0.2489,0.2571,0.2471,0.2538,47725043.20263
2020-11-09 00:00:00+00:00,0.2538,0.2562,0.2455,0.2507,70385999.62058
2020-11-10 00:00:00+00:00,0.2508,0.265,0.248,0.2543,137083729.39829
2020-11-11 00:00:00+00:00,0.2542,0.2602,0.2526,0.256,79280145.08006
2020-11-12 00:00:00+00:00,0.256,0.2584,0.2523,0.2551,57196665.71771
2020-11-13 00:00:00+00:00,0.2551,0.2662,0.2535,0.2662,100198541.88635
2020-11-14 00:00:00+00:00,0.2662,0.2778,0.2614,0.2683,176214054.75121
2020-11-15 00:00:00+00:00,0.2684,0.2771,0.2642,0.27,121241347.45157
2020-11-16 00:00:00+00:00,0.2699,0.2907,0.2675,0.2885,161278974.39267
2020-11-17 00:00:00+00:00,0.2885,0.3056,0.2875,0.303,254012595.34668
2020-11-18 00:00:00+00:00,0.303,0.3094,0.2802,0.2934,243164849.46418
2020-11-19 00:00:00+00:00,0.2934,0.3074,0.284,0.304,180769730.08829
2020-11-20 00:00:00+00:00,0.304,0.3321,0.2967,0.3306,269078995.88151
2020-11-21 00:00:00+00:00,0.3307,0.4719,0.3299,0.4639,1671895950.72827
2020-11-22 00:00:00+00:00,0.4638,0.498,0.4032,0.4465,2151753126.79072
2020-11-23 00:00:00+00:00,0.4465,0.6216,0.4322,0.6157,2518097503.31982
2020-11-24 00:00:00+00:00,0.6155,0.7839,0.5666,0.6951,4758768274.38556
2020-11-25 00:00:00+00:00,0.6954,0.7293,0.5816,0.6314,2479676873.3938
2020-11-26 00:00:00+00:00,0.6312,0.6532,0.4555,0.537,2784318431.84298
2020-11-27 00:00:00+00:00,0.537,0.5867,0.5033,0.5631,1456628081.42421
2020-11-28 00:00:00+00:00,0.5631,0.6492,0.538,0.6258,1469715912.64286
2020-11-29 00:00:00+00:00,0.6257,0.6384,0.5828,0.6059,1126254428.22302
2020-11-30 00:00:00+00:00,0.6059,0.6821,0.597,0.6648,1568088963.72082
2020-12-01 00:00:00+00:00,0.6648,0.6836,0.5721,0.6114,1419902630.86603
2020-12-02 00:00:00+00:00,0.6114,0.6375,0.5952,0.6303,670359358.06713
2020-12-03 00:00:00+00:00,0.6303,0.6432,0.6154,0.6308,445541439.06532
2020-12-04 00:00:00+00:00,0.6307,0.6354,0.542,0.5534,780561560.23378
2020-12-05 00:00:00+00:00,0.5532,0.5964,0.5481,0.5853,502896397.0478
2020-12-06 00:00:00+00:00,0.5854,0.629,0.5793,0.6216,865909214.83265
2020-12-07 00:00:00+00:00,0.6216,0.6248,0.5905,0.6085,490012567.06935
2020-12-08 00:00:00+00:00,0.6084,0.611,0.5492,0.5587,643513774.24387
2020-12-09 00:00:00+00:00,0.5586,0.6053,0.5034,0.5826,1135011029.18022
2020-12-10 00:00:00+00:00,0.5824,0.5885,0.5512,0.5708,767193921.96217
2020-12-11 00:00:00+00:00,0.5709,0.573,0.5074,0.5127,1230188452.10599
2020-12-12 00:00:00+00:00,0.5127,0.5478,0.4857,0.5065,1295787485.69954
2020-12-13 00:00:00+00:00,0.5065,0.5278,0.4856,0.5138,732717337.67851
2020-12-14 00:00:00+00:00,0.5138,0.5193,0.4888,0.498,508899058.29858
2020-12-15 00:00:00+00:00,0.498,0.5079,0.4642,0.4685,663169192.11766
2020-12-16 00:00:00+00:00,0.4684,0.5749,0.437,0.5686,1693913722.13996
2020-12-17 00:00:00+00:00,0.5687,0.6584,0.5406,0.5777,3075617236.82293
2020-12-18 00:00:00+00:00,0.5776,0.6142,0.5513,0.5843,1411385496.42179
2020-12-19 00:00:00+00:00,0.5841,0.6054,0.5656,0.577,778031581.2057
2020-12-20 00:00:00+00:00,0.5772,0.5875,0.5311,0.5559,693768021.37685
2020-12-21 00:00:00+00:00,0.5558,0.5699,0.4985,0.5152,941981303.00055
2020-12-22 00:00:00+00:00,0.5153,0.5227,0.4012,0.4452,1764498154.03546
2020-12-23 00:00:00+00:00,0.4451,0.4473,0.2111,0.2588,4817820921.12964
2020-12-24 00:00:00+00:00,0.2588,0.378,0.2371,0.3394,2817911940.89443
2020-12-25 00:00:00+00:00,0.3394,0.386,0.2759,0.3178,3233691656.81241
2020-12-26 00:00:00+00:00,0.3178,0.3289,0.2831,0.2952,1314012576.31489
2020-12-27 00:00:00+00:00,0.2952,0.3124,0.2656,0.2844,941611399.34288
2020-12-28 00:00:00+00:00,0.2843,0.3113,0.2326,0.2473,1041694876.94107
2020-12-29 00:00:00+00:00,0.2475,0.2528,0.1707,0.2213,2755107460.97153
2020-12-30 00:00:00+00:00,0.2214,0.2368,0.191,0.2113,1387160204.97428
2020-12-31 00:00:00+00:00,0.2112,0.2295,0.2046,0.2196,771801107.53678
2021-01-01 00:00:00+00:00,0.2195,0.2516,0.2159,0.2377,937271706.71058
2021-01-02 00:00:00+00:00,0.2377,0.2385,0.21,0.221,585581007.6379
2021-01-03 00:00:00+00:00,0.2211,0.2402,0.2153,0.2265,488079363.23456
2021-01-04 00:00:00+00:00,0.2263,0.263,0.2152,0.2361,711692144.96837
2021-01-05 00:00:00+00:00,0.2361,0.2433,0.2155,0.2258,542735199.25218
2021-01-06 00:00:00+00:00,0.2259,0.2744,0.2215,0.2489,739019817.02508
2021-01-07 00:00:00+00:00,0.2491,0.3722,0.2456,0.3243,2455077759.65052
2021-01-08 00:00:00+00:00,0.3244,0.3499,0.2842,0.3206,1267251880.83178
2021-01-09 00:00:00+00:00,0.3209,0.3415,0.3063,0.3247,738157669.81128
2021-01-10 00:00:00+00:00,0.3247,0.3688,0.2872,0.3152,1058951681.85157
2021-01-11 00:00:00+00:00,0.3152,0.3171,0.2501,0.2877,964385951.60315
2021-01-12 00:00:00+00:00,0.2877,0.311,0.278,0.2928,511744496.63099
2021-01-13 00:00:00+00:00,0.2928,0.3109,0.2849,0.3059,360463691.03013
2021-01-14 00:00:00+00:00,0.3061,0.3097,0.2833,0.297,391718658.28433
2021-01-15 00:00:00+00:00,0.2969,0.3043,0.2615,0.2803,366883403.24675
2021-01-16 00:00:00+00:00,0.2801,0.2976,0.2751,0.2797,275530700.95984
2021-01-17 00:00:00+00:00,0.2796,0.2861,0.2688,0.2777,214160401.31432
2021-01-18 00:00:00+00:00,0.2777,0.2896,0.2717,0.2857,221186990.49147
2021-01-19 00:00:00+00:00,0.2858,0.3298,0.2845,0.2942,612259062.95639
2021-01-20 00:00:00+00:00,0.2943,0.3125,0.2796,0.296,404795121.6777
2021-01-21 00:00:00+00:00,0.296,0.3087,0.2597,0.2684,422365847.18563
2021-01-22 00:00:00+00:00,0.2683,0.2786,0.2387,0.2724,319791284.07515
2021-01-23 00:00:00+00:00,0.2724,0.2839,0.2657,0.272,184026112.99132
2021-01-24 00:00:00+00:00,0.2721,0.2783,0.2683,0.2739,138510332.07155
2021-01-25 00:00:00+00:00,0.2739,0.2859,0.2667,0.2678,194500942.38808
2021-01-26 00:00:00+00:00,0.2678,0.2713,0.2581,0.2686,137356915.12008
2021-01-27 00:00:00+00:00,0.2686,0.2691,0.244,0.2507,190953230.62135
2021-01-28 00:00:00+00:00,0.2508,0.2705,0.247,0.2645,157213103.73745
2021-01-29 00:00:00+00:00,0.2645,0.3179,0.2601,0.2833,785163364.63179
2021-01-30 00:00:00+00:00,0.2833,0.52,0.2778,0.4445,4607203582.83184
2021-01-31 00:00:00+00:00,0.4448,0.5144,0.3884,0.4959,4547869727.09656
2021-02-01 00:00:00+00:00,0.4959,0.7577,0.36,0.3714,10723890905.09613
2021-02-02 00:00:00+00:00,0.3716,0.412,0.34,0.3734,1912713263.44057
2021-02-03 00:00:00+00:00,0.3734,0.42,0.373,0.398,1115417179.82259
2021-02-04 00:00:00+00:00,0.3979,0.4819,0.38,0.4462,1810257934.33609
2021-02-05 00:00:00+00:00,0.4463,0.4735,0.4236,0.4535,1277698017.1232
2021-02-06 00:00:00+00:00,0.4534,0.4592,0.426,0.4442,693427942.18029
2021-02-07 00:00:00+00:00,0.4441,0.4526,0.3878,0.4188,878460745.79039
2021-02-08 00:00:00+00:00,0.4188,0.4724,0.4131,0.4522,765016061.55634
2021-02-09 00:00:00+00:00,0.4523,0.4923,0.45,0.4773,925104303.84563
2021-02-10 00:00:00+00:00,0.4772,0.5447,0.44,0.5055,2091873874.90414
2021-02-11 00:00:00+00:00,0.5055,0.5379,0.5009,0.5292,909324521.09123
2021-02-12 00:00:00+00:00,0.5291,0.6216,0.5204,0.6107,1820550463.0744
2021-02-13 00:00:00+00:00,0.6108,0.646,0.5401,0.6348,2087576206.15009
2021-02-14 00:00:00+00:00,0.6348,0.6428,0.56,0.5935,1276437289.35128
2021-02-15 00:00:00+00:00,0.5935,0.6056,0.5,0.55,1490241885.66156
2021-02-16 00:00:00+00:00,0.55,0.5814,0.48,0.5203,1423323513.78936
2021-02-17 00:00:00+00:00,0.5202,0.56,0.493,0.536,1083771338.5834
2021-02-18 00:00:00+00:00,0.5361,0.5614,0.5186,0.5328,695313867.93545
2021-02-19 00:00:00+00:00,0.533,0.5847,0.5128,0.5667,989184888.13469
2021-02-20 00:00:00+00:00,0.5666,0.5855,0.4684,0.5117,1094298235.97598
2021-02-21 00:00:00+00:00,0.5118,0.5601,0.503,0.5459,887224840.52758
2021-02-22 00:00:00+00:00,0.546,0.6535,0.5076,0.5668,3719543875.6985
2021-02-23 00:00:00+00:00,0.5669,0.5727,0.3523,0.4765,2236132040.47664
2021-02-24 00:00:00+00:00,0.4765,0.5007,0.4512,0.4687,759356369.31103
2021-02-25 00:00:00+00:00,0.4688,0.4828,0.4242,0.4358,509110294.57712
2021-02-26 00:00:00+00:00,0.4356,0.451,0.4102,0.4279,626305376.99973
2021-02-27 00:00:00+00:00,0.4281,0.4594,0.4268,0.4361,412974472.74276
2021-02-28 00:00:00+00:00,0.436,0.4391,0.3926,0.4159,472320310.19608
2021-03-01 00:00:00+00:00,0.4159,0.4549,0.4122,0.4458,377226294.65951
2021-03-02 00:00:00+00:00,0.4459,0.4557,0.4222,0.4361,387220927.96288
2021-03-03 00:00:00+00:00,0.436,0.4691,0.43,0.4486,413886367.83129
2021-03-04 00:00:00+00:00,0.4489,0.495,0.4332,0.4816,969769662.26523
2021-03-05 00:00:00+00:00,0.4816,0.4853,0.446,0.4551,527852360.72739
2021-03-06 00:00:00+00:00,0.4551,0.4717,0.4494,0.463,311733043.15172
2021-03-07 00:00:00+00:00,0.4631,0.4696,0.4564,0.466,224757837.24895
2021-03-08 00:00:00+00:00,0.4661,0.4907,0.4552,0.4749,538547400.25129
2021-03-09 00:00:00+00:00,0.4749,0.4885,0.4714,0.4858,347610686.54985
2021-03-10 00:00:00+00:00,0.4859,0.4901,0.452,0.4621,480566399.48784
2021-03-11 00:00:00+00:00,0.4621,0.4649,0.4392,0.4527,383887622.23717
2021-03-12 00:00:00+00:00,0.4526,0.4657,0.4216,0.4399,458963256.30899
2021-03-13 00:00:00+00:00,0.4399,0.4677,0.4323,0.4586,370629108.80446
2021-03-14 00:00:00+00:00,0.4587,0.4624,0.4385,0.4394,279903515.20335
2021-03-15 00:00:00+00:00,0.4394,0.449,0.4226,0.4361,366812579.1061
2021-03-16 00:00:00+00:00,0.4361,0.5213,0.4272,0.4607,1186616166.33313
2021-03-17 00:00:00+00:00,0.4608,0.4831,0.4533,0.4707,509651433.04149
2021-03-18 00:00:00+00:00,0.4708,0.4923,0.4649,0.4696,455285738.89929
2021-03-19 00:00:00+00:00,0.4696,0.476,0.4577,0.4668,275138726.50278
2021-03-20 00:00:00+00:00,0.4669,0.55,0.4651,0.5265,1230759445.37594
2021-03-21 00:00:00+00:00,0.5265,0.5479,0.4952,0.5176,1024842213.75216
2021-03-22 00:00:00+00:00,0.5174,0.6014,0.5014,0.5449,2408341652.75778
2021-03-23 00:00:00+00:00,0.5449,0.598,0.5381,0.5501,1651006972.65556
2021-03-24 00:00:00+00:00,0.55,0.5636,0.4485,0.48,1119843477.42295
2021-03-25 00:00:00+00:00,0.4801,0.525,0.4552,0.511,1105797006.13529
2021-03-26 00:00:00+00:00,0.5111,0.5776,0.5107,0.5638,930133836.4847
2021-03-27 00:00:00+00:00,0.5638,0.5753,0.5343,0.5479,538497507.19765
2021-03-28 00:00:00+00:00,0.5478,0.5614,0.5386,0.5463,360540565.70294
2021-03-29 00:00:00+00:00,0.5463,0.5723,0.5434,0.5662,510902846.61456
2021-03-30 00:00:00+00:00,0.5663,0.5892,0.5601,0.5629,640779415.82256
2021-03-31 00:00:00+00:00,0.563,0.5783,0.5252,0.5708,857361831.42395
2021-04-01 00:00:00+00:00,0.5709,0.5998,0.5478,0.5714,803261758.22895
2021-04-02 00:00:00+00:00,0.5714,0.6124,0.5664,0.6078,920089787.45241
2021-04-03 00:00:00+00:00,0.6078,0.643,0.5715,0.579,1299044811.50834
2021-04-04 00:00:00+00:00,0.579,0.6368,0.5622,0.6353,752946502.45007
2021-04-05 00:00:00+00:00,0.6353,0.9421,0.6207,0.9176,6363079681.63292
2021-04-06 00:00:00+00:00,0.9176,1.124,0.808,1.1005,9987504029.58167
2021-04-07 00:00:00+00:00,1.1006,1.1144,0.854,0.918,6933048543.5641
2021-04-08 00:00:00+00:00,0.9181,1.0753,0.9025,1.0588,3476414702.66448
2021-04-09 00:00:00+00:00,1.0586,1.0876,0.9813,1.0192,2743732463.65186
2021-04-10 00:00:00+00:00,1.0192,1.4063,1.0079,1.3762,9263536896.32333
2021-04-11 00:00:00+00:00,1.3761,1.5057,1.3085,1.3563,7066466680.35252
2021-04-12 00:00:00+00:00,1.3563,1.4778,1.3235,1.4706,4034675980.36383
2021-04-13 00:00:00+00:00,1.4706,1.895,1.4214,1.7993,11284293813.98425
2021-04-14 00:00:00+00:00,1.7987,1.977,1.56,1.8385,11032393823.24671
2021-04-15 00:00:00+00:00,1.8384,1.8948,1.656,1.7599,5348555962.33145
2021-04-16 00:00:00+00:00,1.7599,1.8177,1.41,1.5515,7262376592.93785
2021-04-17 00:00:00+00:00,1.5515,1.745,1.5194,1.5409,3895936125.20586
2021-04-18 00:00:00+00:00,1.5408,1.5677,1.1,1.4105,7327612996.28168
2021-04-19 00:00:00+00:00,1.4105,1.531,1.2479,1.31,5585371100.92664
2021-04-20 00:00:00+00:00,1.3102,1.449,1.172,1.3863,4820390202.63912
2021-04-21 00:00:00+00:00,1.3862,1.4676,1.2745,1.2912,4055054082.02768
2021-04-22 00:00:00+00:00,1.2911,1.4224,1.0816,1.1557,5290677566.31656
2021-04-23 00:00:00+00:00,1.1556,1.1979,0.8702,1.1703,7573479500.33869
2021-04-24 00:00:00+00:00,1.1703,1.1724,1.0209,1.0503,3212073688.49698
2021-04-25 00:00:00+00:00,1.0503,1.1576,0.9439,1.0356,3410583235.048
2021-04-26 00:00:00+00:00,1.0355,1.3766,1.0125,1.3644,6442511682.6998
2021-04-27 00:00:00+00:00,1.3645,1.4671,1.3318,1.4039,5952206190.379
2021-04-28 00:00:00+00:00,1.404,1.4499,1.2831,1.3594,4529158385.11853
2021-04-29 00:00:00+00:00,1.3594,1.4222,1.3278,1.3985,3494484657.99338
2021-04-30 00:00:00+00:00,1.3985,1.64,1.3759,1.6019,6150493687.46453
2021-05-01 00:00:00+00:00,1.6021,1.6686,1.5238,1.6531,3070439341.90727
2021-05-02 00:00:00+00:00,1.6531,1.66,1.5238,1.5618,3272713750.633
2021-05-03 00:00:00+00:00,1.5619,1.6248,1.4604,1.5582,2931557527.24096
2021-05-04 00:00:00+00:00,1.5582,1.5619,1.3189,1.3882,5405770220.7541
2021-05-05 00:00:00+00:00,1.3882,1.631,1.3657,1.6181,4428953346.24948
2021-05-06 00:00:00+00:00,1.6182,1.7722,1.5048,1.6051,5792432941.83408
2021-05-07 00:00:00+00:00,1.6052,1.6965,1.5056,1.5811,3455876933.51754
2021-05-08 00:00:00+00:00,1.5812,1.63,1.541,1.5635,1913874373.83637
2021-05-09 00:00:00+00:00,1.5636,1.6021,1.41,1.5365,2242302913.29644
2021-05-10 00:00:00+00:00,1.5365,1.6298,1.2052,1.3909,3961941194.74804
2021-05-11 00:00:00+00:00,1.3908,1.4903,1.35,1.4808,2299181698.65083
2021-05-12 00:00:00+00:00,1.4808,1.5499,1.2305,1.2686,3372406601.36565
2021-05-13 00:00:00+00:00,1.2685,1.3913,1.1858,1.3657,3930460272.55837
2021-05-14 00:00:00+00:00,1.3657,1.4505,1.3224,1.4003,2036791398.74152
2021-05-15 00:00:00+00:00,1.4003,1.584,1.3221,1.4927,4926051157.03056
2021-05-16 00:00:00+00:00,1.4928,1.615,1.3386,1.4503,4649880520.34788
2021-05-17 00:00:00+00:00,1.45,1.565,1.3257,1.4968,5369893676.44676
2021-05-18 00:00:00+00:00,1.4968,1.7069,1.4725,1.5898,6285556548.06251
2021-05-19 00:00:00+00:00,1.5896,1.647,0.8311,1.0578,7381033614.66054
2021-05-20 00:00:00+00:00,1.0579,1.2659,0.9018,1.1809,4259401481.41628
2021-05-21 00:00:00+00:00,1.1809,1.2208,0.8647,1.0069,3473579987.73397
2021-05-22 00:00:00+00:00,1.0068,1.0167,0.8152,0.9055,2909023704.26383
2021-05-23 00:00:00+00:00,0.9056,0.9686,0.65,0.7899,3804371574.38895
2021-05-24 00:00:00+00:00,0.7899,0.9978,0.7534,0.9936,2998666014.50715
2021-05-25 00:00:00+00:00,0.9935,1.0591,0.8807,0.9745,3439444094.96324
2021-05-26 00:00:00+00:00,0.9744,1.0705,0.946,1.0303,2478608660.5773
2021-05-27 00:00:00+00:00,1.0304,1.0417,0.9303,0.9747,1995717034.07765
2021-05-28 00:00:00+00:00,0.975,0.9849,0.8457,0.8988,2393173193.94754
2021-05-29 00:00:00+00:00,0.8991,0.9425,0.792,0.8306,1925369596.65391
2021-05-30 00:00:00+00:00,0.8308,0.9332,0.7961,0.9047,1778953233.27486
2021-05-31 00:00:00+00:00,0.9048,1.05,0.88,1.041,2895409786.42564
2021-06-01 00:00:00+00:00,1.041,1.1013,0.9742,1.0109,2803075052.99432
2021-06-02 00:00:00+00:00,1.0109,1.0501,0.9791,1.0245,1544295787.90877
2021-06-03 00:00:00+00:00,1.0247,1.0796,1.0067,1.0456,1549430981.60344
2021-06-04 00:00:00+00:00,1.0455,1.0467,0.9156,0.9691,1943214402.01436
2021-06-05 00:00:00+00:00,0.969,0.9977,0.8902,0.9227,1493974342.86068
2021-06-06 00:00:00+00:00,0.9227,0.95,0.9166,0.9466,1013878531.99405
2021-06-07 00:00:00+00:00,0.9466,0.976,0.8351,0.8617,1588401830.93651
2021-06-08 00:00:00+00:00,0.8617,0.8854,0.7825,0.8733,2189521986.90488
2021-06-09 00:00:00+00:00,0.8732,0.9218,0.8296,0.9218,1831675315.4136
2021-06-10 00:00:00+00:00,0.9218,0.9298,0.852,0.8692,1299091125.22143
2021-06-11 00:00:00+00:00,0.8692,0.8809,0.8324,0.8471,932403261.66211
2021-06-12 00:00:00+00:00,0.8471,0.8479,0.8048,0.8326,887324340.25528
2021-06-13 00:00:00+00:00,0.8325,0.888,0.8167,0.8836,844853205.79112
2021-06-14 00:00:00+00:00,0.8837,0.93,0.8629,0.8902,1031081318.82116
2021-06-15 00:00:00+00:00,0.8902,0.9019,0.8543,0.8665,894726494.74027
2021-06-16 00:00:00+00:00,0.8664,0.8737,0.8251,0.8321,869571270.39911
2021-06-17 00:00:00+00:00,0.8321,0.8617,0.8226,0.8415,775771137.2423
2021-06-18 00:00:00+00:00,0.8414,0.8455,0.7671,0.7971,955096586.64405
2021-06-19 00:00:00+00:00,0.7971,0.8054,0.755,0.7577,676347987.70927
2021-06-20 00:00:00+00:00,0.7577,0.785,0.6955,0.7742,1209952116.32691
2021-06-21 00:00:00+00:00,0.7742,0.7805,0.6033,0.6066,1946090882.12063
2021-06-22 00:00:00+00:00,0.6065,0.6496,0.5085,0.5464,2289183514.18425
2021-06-23 00:00:00+00:00,0.5465,0.6658,0.5197,0.638,1834123779.77263
2021-06-24 00:00:00+00:00,0.638,0.6924,0.6158,0.6732,1298866677.27948
2021-06-25 00:00:00+00:00,0.6733,0.6885,0.6015,0.6106,1412109608.34704
2021-06-26 00:00:00+00:00,0.6106,0.6326,0.5809,0.6159,946239504.89764
2021-06-27 00:00:00+00:00,0.6159,0.6521,0.5956,0.648,883433651.06771
2021-06-28 00:00:00+00:00,0.648,0.6569,0.6238,0.6439,858674607.55861
2021-06-29 00:00:00+00:00,0.6439,0.7343,0.6411,0.7065,1464268962.70619
2021-06-30 00:00:00+00:00,0.7064,0.7147,0.6475,0.7057,1232698812.70047
2021-07-01 00:00:00+00:00,0.7057,0.7059,0.6432,0.659,967426416.48076
2021-07-02 00:00:00+00:00,0.659,0.6677,0.6324,0.6555,738187437.37692
2021-07-03 00:00:00+00:00,0.6555,0.6849,0.6425,0.6728,699883768.9636
2021-07-04 00:00:00+00:00,0.6729,0.7089,0.6652,0.6958,724370975.10499
2021-07-05 00:00:00+00:00,0.6958,0.6965,0.6436,0.6523,845281699.74843
2021-07-06 00:00:00+00:00,0.6522,0.6797,0.6506,0.6647,701120898.62968
2021-07-07 00:00:00+00:00,0.6646,0.6739,0.649,0.6516,577816747.01132
2021-07-08 00:00:00+00:00,0.6515,0.6539,0.6107,0.6216,751888628.42072
2021-07-09 00:00:00+00:00,0.6215,0.6453,0.5911,0.6367,786174493.59521
2021-07-10 00:00:00+00:00,0.6366,0.649,0.6115,0.6247,533697080.05162
2021-07-11 00:00:00+00:00,0.6247,0.6449,0.6166,0.6363,451856874.13233
2021-07-12 00:00:00+00:00,0.6363,0.6571,0.6168,0.6285,736287204.09188
2021-07-13 00:00:00+00:00,0.6284,0.6437,0.6081,0.6192,728029926.1345
2021-07-14 00:00:00+00:00,0.6191,0.625,0.5845,0.6197,791393694.30244
2021-07-15 00:00:00+00:00,0.6197,0.6272,0.587,0.5978,656741006.13336
2021-07-16 00:00:00+00:00,0.5978,0.6195,0.5869,0.5894,690712601.4616
2021-07-17 00:00:00+00:00,0.5894,0.5975,0.5566,0.5819,562889284.61522
2021-07-18 00:00:00+00:00,0.582,0.6016,0.5702,0.5866,463093565.08311
2021-07-19 00:00:00+00:00,0.5865,0.5888,0.5525,0.5569,561189315.27434
2021-07-20 00:00:00+00:00,0.557,0.5698,0.5151,0.5283,749821438.56526
2021-07-21 00:00:00+00:00,0.5282,0.584,0.5187,0.5712,790463640.95995
2021-07-22 00:00:00+00:00,0.5713,0.603,0.5606,0.5921,675429177.255
2021-07-23 00:00:00+00:00,0.5921,0.61,0.5751,0.6092,552494710.17361
2021-07-24 00:00:00+00:00,0.6092,0.6204,0.5995,0.6082,468267465.17458
2021-07-25 00:00:00+00:00,0.6082,0.6119,0.5905,0.6064,390807199.04439
2021-07-26 00:00:00+00:00,0.6063,0.6792,0.6043,0.6233,1237403683.56718
2021-07-27 00:00:00+00:00,0.6233,0.6527,0.612,0.6448,778307997.50638
2021-07-28 00:00:00+00:00,0.6448,0.7549,0.6305,0.732,3105887760.45494
2021-07-29 00:00:00+00:00,0.7322,0.7666,0.6971,0.7492,1411844354.9264
2021-07-30 00:00:00+00:00,0.7491,0.7697,0.7117,0.752,1542158657.7169
2021-07-31 00:00:00+00:00,0.752,0.7595,0.736,0.7464,825914492.03729
2021-08-01 00:00:00+00:00,0.7465,0.7783,0.7016,0.7242,1185044710.3758
2021-08-02 00:00:00+00:00,0.7241,0.7739,0.7149,0.7381,998600916.41183
2021-08-03 00:00:00+00:00,0.7382,0.745,0.7006,0.7138,866784633.3477
2021-08-04 00:00:00+00:00,0.7138,0.7399,0.6946,0.7314,703831999.00672
2021-08-05 00:00:00+00:00,0.7315,0.7395,0.7007,0.7335,761330494.04994
2021-08-06 00:00:00+00:00,0.7335,0.7538,0.7225,0.7475,690675721.35534
2021-08-07 00:00:00+00:00,0.7475,0.82,0.7412,0.817,1486769109.24445
2021-08-08 00:00:00+00:00,0.8169,0.8427,0.772,0.7796,1355575323.72656
2021-08-09 00:00:00+00:00,0.7796,0.8291,0.7601,0.8178,1193187868.64535
2021-08-10 00:00:00+00:00,0.8177,0.8632,0.8002,0.8519,1291916979.72381
2021-08-11 00:00:00+00:00,0.852,1.0928,0.849,1.012,3518973498.85721
2021-08-12 00:00:00+00:00,1.0119,1.047,0.9222,0.9667,3501118531.001
2021-08-13 00:00:00+00:00,0.9667,1.0982,0.9508,1.0909,2613832168.0844
2021-08-14 00:00:00+00:00,1.0909,1.312,1.071,1.2805,5684716431.95037
2021-08-15 00:00:00+00:00,1.2805,1.35,1.226,1.285,5025597919.53484
2021-08-16 00:00:00+00:00,1.285,1.3323,1.1383,1.1861,3533162677.29747
2021-08-17 00:00:00+00:00,1.1861,1.2249,1.0842,1.0984,3491217416.98107
2021-08-18 00:00:00+00:00,1.0982,1.1969,1.0501,1.1439,3534405188.43171
2021-08-19 00:00:00+00:00,1.1439,1.2367,1.09,1.2357,2794552476.42953
2021-08-20 00:00:00+00:00,1.2357,1.2904,1.2007,1.264,2480017241.60668
2021-08-21 00:00:00+00:00,1.264,1.2848,1.2033,1.2172,1835777957.11478
2021-08-22 00:00:00+00:00,1.217,1.2579,1.1759,1.2266,1554661309.10913
2021-08-23 00:00:00+00:00,1.2266,1.3066,1.1985,1.2465,2538562416.35634
2021-08-24 00:00:00+00:00,1.2465,1.2671,1.12,1.1358,2307335694.41913
2021-08-25 00:00:00+00:00,1.1358,1.1786,1.107,1.1749,1829358169.22113
2021-08-26 00:00:00+00:00,1.1747,1.1876,1.063,1.0724,2148636443.36759
2021-08-27 00:00:00+00:00,1.0725,1.194,1.0496,1.1925,2009073686.50204
2021-08-28 00:00:00+00:00,1.1927,1.1997,1.1335,1.1471,1159674330.95437
2021-08-29 00:00:00+00:00,1.1472,1.1695,1.1121,1.1423,1262239646.45416
2021-08-30 00:00:00+00:00,1.1422,1.1507,1.0949,1.101,1172807132.93353
2021-08-31 00:00:00+00:00,1.101,1.2443,1.0913,1.1872,2451702644.76138
2021-09-01 00:00:00+00:00,1.1872,1.2394,1.1583,1.237,1920296897.86509
2021-09-02 00:00:00+00:00,1.237,1.2981,1.223,1.2542,2159671561.90236
2021-09-03 00:00:00+00:00,1.2542,1.3266,1.22,1.2921,2273270472.30084
2021-09-04 00:00:00+00:00,1.2921,1.299,1.2364,1.2556,1371313682.32133
2021-09-05 00:00:00+00:00,1.2556,1.314,1.237,1.309,1332971254.16551
2021-09-06 00:00:00+00:00,1.309,1.418,1.308,1.3906,3250149954.2919
2021-09-07 00:00:00+00:00,1.3906,1.3937,0.8969,1.1292,4979915261.73181
2021-09-08 00:00:00+00:00,1.1293,1.1488,1.0138,1.1002,2700749102.93521
2021-09-09 00:00:00+00:00,1.1001,1.1387,1.07,1.0878,1718690818.14827
2021-09-10 00:00:00+00:00,1.0877,1.2459,1.0294,1.0556,3110888444.55554
2021-09-11 00:00:00+00:00,1.0556,1.1135,1.0508,1.0795,1070051752.35642
2021-09-12 00:00:00+00:00,1.0795,1.1285,1.0577,1.1191,977523024.54862
2021-09-13 00:00:00+00:00,1.1194,1.1274,1.0238,1.0651,1486973115.90464
2021-09-14 00:00:00+00:00,1.0652,1.0983,1.0563,1.0965,839991976.48689
2021-09-15 00:00:00+00:00,1.0965,1.1308,1.0782,1.1216,830782470.55367
2021-09-16 00:00:00+00:00,1.1216,1.1312,1.0666,1.0908,1002385728.75968
2021-09-17 00:00:00+00:00,1.0908,1.1027,1.0511,1.0672,827758204.83244
2021-09-18 00:00:00+00:00,1.0672,1.0954,1.0572,1.0756,590992658.32526
2021-09-19 00:00:00+00:00,1.0759,1.0846,1.037,1.0483,665298131.5312
2021-09-20 00:00:00+00:00,1.0482,1.0498,0.87,0.9216,2271098709.44354
2021-09-21 00:00:00+00:00,0.9217,0.959,0.8579,0.8738,1606060627.71235
2021-09-22 00:00:00+00:00,0.8741,1.009,0.8679,1.0031,1482173427.376
2021-09-23 00:00:00+00:00,1.003,1.0171,0.9674,1.0015,975985513.80501
2021-09-24 00:00:00+00:00,1.0014,1.0027,0.8849,0.9439,1373273481.07855
2021-09-25 00:00:00+00:00,0.9439,0.9574,0.9161,0.9398,754995028.58899
2021-09-26 00:00:00+00:00,0.9396,0.9567,0.8909,0.9433,778675945.09602
2021-09-27 00:00:00+00:00,0.9434,0.9814,0.919,0.9208,740814546.72691
2021-09-28 00:00:00+00:00,0.9208,0.9433,0.89,0.8924,641087483.56389
2021-09-29 00:00:00+00:00,0.8925,0.9928,0.8855,0.9261,1234863067.0714
2021-09-30 00:00:00+00:00,0.9258,0.9634,0.9211,0.9531,683031618.15718
2021-10-01 00:00:00+00:00,0.9532,1.0689,0.9436,1.0421,1447334192.43473
2021-10-02 00:00:00+00:00,1.0422,1.0728,1.0074,1.0362,907028089.37832
2021-10-03 00:00:00+00:00,1.0362,1.0888,1.0203,1.0558,983916890.18253
2021-10-04 00:00:00+00:00,1.0558,1.0604,1.0055,1.0435,1016045489.23863
2021-10-05 00:00:00+00:00,1.0435,1.0895,1.0382,1.0848,1054338941.49977
2021-10-06 00:00:00+00:00,1.0849,1.1096,1.0164,1.0773,1204193251.09311
2021-10-07 00:00:00+00:00,1.0773,1.0958,1.0434,1.0686,976193315.55776
2021-10-08 00:00:00+00:00,1.0687,1.0937,1.0531,1.0641,718085765.2751
2021-10-09 00:00:00+00:00,1.0642,1.209,1.057,1.1618,1887176449.09338
2021-10-10 00:00:00+00:00,1.1619,1.2319,1.1261,1.1359,2069381246.20569
2021-10-11 00:00:00+00:00,1.1359,1.1833,1.101,1.1368,1160702445.9911
2021-10-12 00:00:00+00:00,1.1367,1.1369,1.063,1.1023,1282772163.81378
2021-10-13 00:00:00+00:00,1.1022,1.1397,1.0758,1.1284,1036943722.28597
2021-10-14 00:00:00+00:00,1.1285,1.1597,1.1174,1.1345,866685258.29537
2021-10-15 00:00:00+00:00,1.1346,1.1674,1.0887,1.1423,1267368219.76413
2021-10-16 00:00:00+00:00,1.1423,1.1887,1.1304,1.1356,912901013.93044
2021-10-17 00:00:00+00:00,1.1356,1.1419,1.015,1.0947,992040888.31909
2021-10-18 00:00:00+00:00,1.0947,1.1072,1.0652,1.0836,758047087.95948
2021-10-19 00:00:00+00:00,1.0835,1.1018,1.0653,1.0923,561611322.51146
2021-10-20 00:00:00+00:00,1.0922,1.1544,1.088,1.1464,926683482.71807
2021-10-21 00:00:00+00:00,1.1464,1.1662,1.0834,1.0894,1329740848.08488
2021-10-22 00:00:00+00:00,1.0893,1.13,1.0737,1.0895,908195847.38793
2021-10-23 00:00:00+00:00,1.0896,1.1029,1.077,1.0948,494973077.69932
2021-10-24 00:00:00+00:00,1.0949,1.0976,1.0501,1.083,585501827.28035
2021-10-25 00:00:00+00:00,1.083,1.1045,1.079,1.0957,486786329.78396
2021-10-26 00:00:00+00:00,1.0958,1.1624,1.09,1.1082,1267025292.7343
2021-10-27 00:00:00+00:00,1.1084,1.1259,0.931,0.9951,1899732811.10079
2021-10-28 00:00:00+00:00,0.9955,1.0813,0.9811,1.0586,1390091169.99473
2021-10-29 00:00:00+00:00,1.0588,1.0918,1.0536,1.0833,701496381.55554
2021-10-30 00:00:00+00:00,1.0834,1.118,1.0611,1.0856,682801817.19187
2021-10-31 00:00:00+00:00,1.0853,1.1566,1.0686,1.1135,1183521861.69498
2021-11-01 00:00:00+00:00,1.1137,1.1337,1.0701,1.0927,742470851.70078
2021-11-02 00:00:00+00:00,1.0927,1.1486,1.0864,1.1361,817944707.02936
2021-11-03 00:00:00+00:00,1.1361,1.2374,1.127,1.2113,2278485727.66353
2021-11-04 00:00:00+00:00,1.2114,1.2602,1.1623,1.2012,1414997323.81566
2021-11-05 00:00:00+00:00,1.2012,1.2022,1.13,1.1591,760835635.2708
2021-11-06 00:00:00+00:00,1.1591,1.1769,1.095,1.1518,666857162.29078
2021-11-07 00:00:00+00:00,1.1517,1.2386,1.1458,1.2215,968867065.07608
2021-11-08 00:00:00+00:00,1.2215,1.298,1.2205,1.2832,1696881177.64971
2021-11-09 00:00:00+00:00,1.2832,1.29,1.2229,1.2578,1386737790.30909
2021-11-10 00:00:00+00:00,1.2578,1.3525,1.0944,1.1903,2814351951.85783
2021-11-11 00:00:00+00:00,1.1902,1.2546,1.1764,1.2152,1371448747.197
2021-11-12 00:00:00+00:00,1.2151,1.234,1.1545,1.1889,1208308881.71609
2021-11-13 00:00:00+00:00,1.189,1.2046,1.1668,1.1899,595135774.67578
2021-11-14 00:00:00+00:00,1.1899,1.2003,1.168,1.1892,512416716.92534
2021-11-15 00:00:00+00:00,1.1893,1.2214,1.165,1.1729,755866668.43708
2021-11-16 00:00:00+00:00,1.1728,1.1729,1.0332,1.0881,1607577704.09491
2021-11-17 00:00:00+00:00,1.0881,1.1133,1.0584,1.0958,863040979.08126
2021-11-18 00:00:00+00:00,1.0959,1.162,1.0145,1.041,1488908579.50853
2021-11-19 00:00:00+00:00,1.0411,1.1034,1.0179,1.0903,810783563.49593
2021-11-20 00:00:00+00:00,1.0903,1.1024,1.06,1.0976,526934393.5334
2021-11-21 00:00:00+00:00,1.0975,1.0988,1.055,1.0581,428753999.66114
2021-11-22 00:00:00+00:00,1.0582,1.072,1.026,1.0366,660152524.11496
2021-11-23 00:00:00+00:00,1.0365,1.0725,1.02,1.067,628177968.12602
2021-11-24 00:00:00+00:00,1.0671,1.0741,1.005,1.0329,587155601.21032
2021-11-25 00:00:00+00:00,1.0329,1.0663,1.023,1.0447,555885598.43649
2021-11-26 00:00:00+00:00,1.0448,1.0479,0.8836,0.9392,1405981669.98391
2021-11-27 00:00:00+00:00,0.9392,0.9659,0.9338,0.9455,387093529.39964
2021-11-28 00:00:00+00:00,0.9455,0.9693,0.8779,0.9686,675423539.48211
2021-11-29 00:00:00+00:00,0.9686,1.0024,0.9632,0.9901,593090980.25458
2021-11-30 00:00:00+00:00,0.9901,1.0301,0.97,0.9989,767970890.30058
2021-12-01 00:00:00+00:00,0.9989,1.0182,0.98,0.9906,470595021.27337
2021-12-02 00:00:00+00:00,0.9906,0.9909,0.9545,0.9722,421229497.98066
2021-12-03 00:00:00+00:00,0.9722,0.984,0.8854,0.9213,647585860.91156
2021-12-04 00:00:00+00:00,0.9212,0.9246,0.5764,0.8449,2034029555.91786
2021-12-05 00:00:00+00:00,0.8449,0.8623,0.7674,0.8041,880024802.87597
2021-12-06 00:00:00+00:00,0.8041,0.8299,0.7475,0.8251,805250336.73598
2021-12-07 00:00:00+00:00,0.8252,0.8459,0.8037,0.8154,508371462.17254
2021-12-08 00:00:00+00:00,0.8155,0.8842,0.8022,0.862,769897748.58223
2021-12-09 00:00:00+00:00,0.8619,0.934,0.8315,0.8582,1520805601.06613
2021-12-10 00:00:00+00:00,0.8582,0.8829,0.791,0.7985,999859180.979
2021-12-11 00:00:00+00:00,0.7984,0.8442,0.7837,0.8388,539581214.60249
2021-12-12 00:00:00+00:00,0.8388,0.857,0.8081,0.8393,422789298.83071
2021-12-13 00:00:00+00:00,0.8393,0.8444,0.76,0.7815,724663606.58216
2021-12-14 00:00:00+00:00,0.7815,0.8212,0.7716,0.8101,621446335.76666
2021-12-15 00:00:00+00:00,0.8101,0.8396,0.7767,0.8259,661866222.08587
2021-12-16 00:00:00+00:00,0.826,0.8361,0.8025,0.8045,353270358.51014
2021-12-17 00:00:00+00:00,0.8047,0.8323,0.7749,0.7963,484496384.46895
2021-12-18 00:00:00+00:00,0.7963,0.8344,0.7904,0.8261,315516088.97473
2021-12-19 00:00:00+00:00,0.8261,0.8489,0.8187,0.8346,371798659.01868
2021-12-20 00:00:00+00:00,0.8347,0.9149,0.8236,0.879,1292246525.32988
2021-12-21 00:00:00+00:00,0.8791,0.9606,0.8523,0.9462,1043157967.79854
2021-12-22 00:00:00+00:00,0.9462,0.9738,0.9221,0.9531,924150753.65918
2021-12-23 00:00:00+00:00,0.9531,1.0185,0.9361,0.9937,1062092020.30889
2021-12-24 00:00:00+00:00,0.9938,0.996,0.89,0.9126,1297558533.02669
2021-12-25 00:00:00+00:00,0.9125,0.9345,0.8988,0.9252,553301375.7459
2021-12-26 00:00:00+00:00,0.9251,0.9335,0.905,0.9201,389342329.29959
2021-12-27 00:00:00+00:00,0.92,0.9558,0.914,0.9271,560348875.30754
2021-12-28 00:00:00+00:00,0.9271,0.9273,0.845,0.8514,708214114.79652
2021-12-29 00:00:00+00:00,0.8515,0.8642,0.8095,0.8169,567984275.27495
2021-12-30 00:00:00+00:00,0.8168,0.8599,0.8016,0.8382,505033094.29598
2021-12-31 00:00:00+00:00,0.8382,0.8538,0.8022,0.8292,476841999.64114
2022-01-01 00:00:00+00:00,0.8294,0.8558,0.8293,0.8507,277100412.40748
2022-01-02 00:00:00+00:00,0.8507,0.8675,0.8369,0.8583,277281544.81283
2022-01-03 00:00:00+00:00,0.8583,0.8588,0.8212,0.8324,360702658.39761
2022-01-04 00:00:00+00:00,0.8323,0.846,0.8144,0.8228,385050066.64617
2022-01-05 00:00:00+00:00,0.8228,0.8375,0.7074,0.7718,685006407.44503
2022-01-06 00:00:00+00:00,0.7719,0.7903,0.7371,0.7787,516421970.33427
2022-01-07 00:00:00+00:00,0.7788,0.7805,0.7281,0.7634,661571619.90666
2022-01-08 00:00:00+00:00,0.7636,0.7768,0.722,0.745,454051277.69755
2022-01-09 00:00:00+00:00,0.7451,0.7665,0.738,0.7529,270851703.75405
2022-01-10 00:00:00+00:00,0.7528,0.7585,0.6923,0.7393,581529284.08324
2022-01-11 00:00:00+00:00,0.7394,0.7772,0.7303,0.77,445471566.53326
2022-01-12 00:00:00+00:00,0.77,0.8071,0.7568,0.7982,447225383.47647
2022-01-13 00:00:00+00:00,0.7983,0.8023,0.7599,0.7674,360326537.10188
2022-01-14 00:00:00+00:00,0.7673,0.7903,0.7509,0.7727,371499818.07656
2022-01-15 00:00:00+00:00,0.7728,0.7891,0.767,0.7788,248109008.09106
2022-01-16 00:00:00+00:00,0.7788,0.7844,0.7663,0.778,215102099.00223
2022-01-17 00:00:00+00:00,0.778,0.78,0.7491,0.7614,276093438.34479
2022-01-18 00:00:00+00:00,0.7615,0.7685,0.7345,0.7504,285204926.32098
2022-01-19 00:00:00+00:00,0.7504,0.753,0.7229,0.7379,310435894.11975
2022-01-20 00:00:00+00:00,0.7378,0.7616,0.7154,0.7194,332826152.97883
2022-01-21 00:00:00+00:00,0.7193,0.7283,0.6093,0.6364,846705335.95599
2022-01-22 00:00:00+00:00,0.6362,0.6535,0.5468,0.5962,941908927.95045
2022-01-23 00:00:00+00:00,0.5963,0.6349,0.5894,0.6281,438379341.05488
2022-01-24 00:00:00+00:00,0.6281,0.6286,0.5521,0.6116,632770132.289
2022-01-25 00:00:00+00:00,0.6115,0.6242,0.5869,0.6175,362739792.91122
2022-01-26 00:00:00+00:00,0.6175,0.6584,0.6043,0.619,511149948.35054
2022-01-27 00:00:00+00:00,0.619,0.6244,0.589,0.6084,326368865.40197
2022-01-28 00:00:00+00:00,0.6083,0.6137,0.5914,0.6108,304720470.75128
2022-01-29 00:00:00+00:00,0.6108,0.6252,0.6078,0.6173,226156872.17045
2022-01-30 00:00:00+00:00,0.6175,0.623,0.597,0.601,211534901.75384
2022-01-31 00:00:00+00:00,0.601,0.6243,0.5798,0.6173,338245947.08167
2022-02-01 00:00:00+00:00,0.6174,0.6303,0.6106,0.628,284329118.10616
2022-02-02 00:00:00+00:00,0.628,0.6313,0.5949,0.6003,282821683.7535
2022-02-03 00:00:00+00:00,0.6004,0.6109,0.5879,0.6096,248657855.83001
2022-02-04 00:00:00+00:00,0.6096,0.6589,0.6038,0.6555,370741595.73263
2022-02-05 00:00:00+00:00,0.6555,0.6869,0.6499,0.6653,389667297.46731
2022-02-06 00:00:00+00:00,0.6654,0.6877,0.6584,0.6825,241271439.2193
2022-02-07 00:00:00+00:00,0.6825,0.8387,0.6708,0.8307,1424844860.11598
2022-02-08 00:00:00+00:00,0.8309,0.914,0.8033,0.8755,2816548700.4097
2022-02-09 00:00:00+00:00,0.8755,0.9173,0.8433,0.8694,1805204066.5977
2022-02-10 00:00:00+00:00,0.8694,0.8972,0.8198,0.8249,1238841920.58009
2022-02-11 00:00:00+00:00,0.8249,0.8341,0.7494,0.7585,1018944084.47352
2022-02-12 00:00:00+00:00,0.7585,0.8522,0.7457,0.8222,1475967050.60549
2022-02-13 00:00:00+00:00,0.8222,0.847,0.7889,0.8051,1117688904.68504
2022-02-14 00:00:00+00:00,0.8051,0.8123,0.7785,0.8007,788270959.15623
2022-02-15 00:00:00+00:00,0.8008,0.8595,0.7957,0.8512,709865894.30707
2022-02-16 00:00:00+00:00,0.8512,0.8534,0.8074,0.8364,727767916.81222
2022-02-17 00:00:00+00:00,0.8365,0.8447,0.753,0.768,879842025.36226
2022-02-18 00:00:00+00:00,0.7681,0.8045,0.7552,0.7835,913418890.03298
2022-02-19 00:00:00+00:00,0.7836,0.855,0.769,0.8215,1586455857.7242
2022-02-20 00:00:00+00:00,0.8215,0.8234,0.762,0.7764,1246330717.11313
2022-02-21 00:00:00+00:00,0.7763,0.802,0.6947,0.7013,1362582586.5057
2022-02-22 00:00:00+00:00,0.7013,0.7263,0.6667,0.7203,1058586762.57804
2022-02-23 00:00:00+00:00,0.7204,0.7438,0.6919,0.696,770516792.88102
2022-02-24 00:00:00+00:00,0.696,0.7238,0.6208,0.6958,1466171341.69453
2022-02-25 00:00:00+00:00,0.6958,0.781,0.6821,0.7696,920742489.77655
2022-03-01 00:00:00+00:00,0.7808,0.8035,0.7568,0.7836,799298506.20933
2022-03-02 00:00:00+00:00,0.7837,0.7845,0.7559,0.7686,544204361.15234
2022-03-03 00:00:00+00:00,0.7687,0.7896,0.7325,0.751,545429073.17537
2022-03-04 00:00:00+00:00,0.751,0.7534,0.6919,0.7122,584211086.97747
2022-03-05 00:00:00+00:00,0.7122,0.7689,0.7041,0.7537,749757372.72193
2022-03-06 00:00:00+00:00,0.7537,0.7589,0.7203,0.7248,514150574.00554
2022-03-07 00:00:00+00:00,0.7248,0.7538,0.702,0.7192,901209981.87691
2022-03-08 00:00:00+00:00,0.7191,0.7311,0.7129,0.7205,461475136.50651
2022-03-09 00:00:00+00:00,0.7204,0.7751,0.7195,0.7659,623825215.08107
2022-03-10 00:00:00+00:00,0.7658,0.7794,0.7208,0.7359,651143334.60922
2022-03-11 00:00:00+00:00,0.7359,0.8138,0.7244,0.8025,1097386024.48169
2022-03-12 00:00:00+00:00,0.8026,0.8485,0.7777,0.7853,1654980466.58332
2022-03-13 00:00:00+00:00,0.7853,0.8047,0.7489,0.7598,727573038.62129
2022-03-14 00:00:00+00:00,0.7598,0.7776,0.7443,0.7742,641742742.8838
2022-03-15 00:00:00+00:00,0.7742,0.7763,0.7405,0.7654,461376791.85743
2022-03-16 00:00:00+00:00,0.7654,0.7943,0.7565,0.7915,614553134.03137
2022-03-17 00:00:00+00:00,0.7915,0.8024,0.7827,0.7931,409834321.40118
2022-03-18 00:00:00+00:00,0.7932,0.8006,0.7758,0.7966,392753055.62022
2022-03-19 00:00:00+00:00,0.7967,0.827,0.791,0.8192,522719328.32867
2022-03-20 00:00:00+00:00,0.8192,0.822,0.7949,0.8052,338125601.41983
2022-03-21 00:00:00+00:00,0.8053,0.8547,0.786,0.8371,669010761.70948
2022-03-22 00:00:00+00:00,0.8372,0.8652,0.8268,0.8363,574782519.25075
2022-03-23 00:00:00+00:00,0.8364,0.846,0.8157,0.8375,494059201.14467
2022-03-24 00:00:00+00:00,0.8374,0.8502,0.827,0.8427,534611029.87512
2022-03-25 00:00:00+00:00,0.8427,0.8462,0.818,0.824,436634484.30054
2022-03-26 00:00:00+00:00,0.8239,0.8348,0.8204,0.8327,229329528.92765
2022-03-27 00:00:00+00:00,0.8327,0.8581,0.8277,0.8578,423149970.94819
2022-03-28 00:00:00+00:00,0.8578,0.9124,0.85,0.864,968326153.39607
2022-03-29 00:00:00+00:00,0.864,0.8857,0.842,0.8576,548675954.06799
2022-03-30 00:00:00+00:00,0.8576,0.8722,0.845,0.8615,498011124.76149
2022-03-31 00:00:00+00:00,0.8615,0.8741,0.773,0.8146,742946794.11782
2022-04-03 00:00:00+00:00,0.8238,0.8518,0.814,0.8431,308094010.52599
2022-04-04 00:00:00+00:00,0.8432,0.8435,0.8028,0.8259,437116838.83334
2022-04-05 00:00:00+00:00,0.8259,0.8368,0.8143,0.8163,332282801.27091
2022-04-06 00:00:00+00:00,0.8162,0.8182,0.7557,0.7591,626708240.82731
2022-04-07 00:00:00+00:00,0.759,0.791,0.7515,0.787,337230792.34675
2022-04-08 00:00:00+00:00,0.787,0.7935,0.7455,0.7546,360522987.14025
2022-04-09 00:00:00+00:00,0.7545,0.7664,0.7527,0.7622,165063668.23814
2022-04-10 00:00:00+00:00,0.7622,0.7729,0.7519,0.7538,202346138.58792
2022-04-11 00:00:00+00:00,0.7538,0.7555,0.6791,0.6945,596204869.28535
2022-04-12 00:00:00+00:00,0.6945,0.7258,0.6921,0.7147,416725550.45231
2022-04-13 00:00:00+00:00,0.7148,0.7248,0.7014,0.7228,338970305.25139
2022-04-14 00:00:00+00:00,0.7228,0.741,0.7075,0.7259,389239724.70849
2022-04-15 00:00:00+00:00,0.7258,0.7973,0.7256,0.7853,1623270525.17328
2022-04-16 00:00:00+00:00,0.7852,0.8,0.7654,0.7803,609005578.94962
2022-04-17 00:00:00+00:00,0.7802,0.7859,0.7473,0.7516,454519200.85766
2022-04-18 00:00:00+00:00,0.7516,0.7695,0.7257,0.7693,567150524.27414
2022-04-19 00:00:00+00:00,0.7693,0.7821,0.7585,0.7744,383748872.42681
2022-04-20 00:00:00+00:00,0.7745,0.7749,0.7413,0.7513,399676898.98343
2022-04-21 00:00:00+00:00,0.7513,0.7687,0.7157,0.7321,480434016.48039
2022-04-22 00:00:00+00:00,0.732,0.7383,0.7135,0.7177,431135856.9574
2022-04-23 00:00:00+00:00,0.7177,0.7267,0.7011,0.7053,245137552.10058
2022-04-24 00:00:00+00:00,0.7052,0.7117,0.6937,0.6979,247810169.4496
2022-04-25 00:00:00+00:00,0.6979,0.6997,0.6442,0.6926,681655091.85785
2022-04-26 00:00:00+00:00,0.6927,0.7064,0.626,0.6416,608717062.50439
2022-04-27 00:00:00+00:00,0.6417,0.6627,0.6354,0.6517,454901121.97694
2022-04-28 00:00:00+00:00,0.6517,0.6572,0.6323,0.6424,359061353.96776
2022-04-29 00:00:00+00:00,0.6424,0.6461,0.5981,0.6112,450149369.92599
2022-04-30 00:00:00+00:00,0.6113,0.6288,0.5609,0.5839,493289460.35633
2022-05-01 00:00:00+00:00,0.5839,0.6121,0.575,0.6066,417267805.50744
2022-05-02 00:00:00+00:00,0.6066,0.6306,0.5977,0.6141,523959565.9304
2022-05-03 00:00:00+00:00,0.614,0.6278,0.5956,0.6044,339273820.32784
2022-05-04 00:00:00+00:00,0.6044,0.6498,0.6036,0.6457,437785039.8473
2022-05-05 00:00:00+00:00,0.6457,0.657,0.5781,0.5976,586776628.90323
2022-05-06 00:00:00+00:00,0.5976,0.616,0.5866,0.6019,506395998.34276
2022-05-07 00:00:00+00:00,0.6018,0.604,0.5685,0.5804,298438216.58977
2022-05-08 00:00:00+00:00,0.5805,0.5828,0.555,0.5659,380828860.87948
2022-05-09 00:00:00+00:00,0.5659,0.5788,0.4676,0.4868,950460784.67055
2022-05-10 00:00:00+00:00,0.4867,0.5368,0.4718,0.5128,838215297.72148
2022-05-11 00:00:00+00:00,0.5127,0.5226,0.3641,0.4163,1506335056.88316
2022-05-12 00:00:00+00:00,0.4162,0.429,0.3355,0.3851,1032543506.899
2022-05-13 00:00:00+00:00,0.3851,0.4656,0.3808,0.4227,650634614.99778
2022-05-14 00:00:00+00:00,0.4227,0.4408,0.3952,0.4259,358581905.1905
2022-05-15 00:00:00+00:00,0.4259,0.4503,0.4145,0.4478,304499320.13498
2022-05-16 00:00:00+00:00,0.4479,0.448,0.4081,0.4228,420606896.16823
2022-05-17 00:00:00+00:00,0.4228,0.4399,0.4162,0.4375,327152430.60452
2022-05-18 00:00:00+00:00,0.4374,0.4425,0.4032,0.405,347450933.14107
2022-05-19 00:00:00+00:00,0.4051,0.4239,0.3898,0.4204,367202540.44127
2022-05-20 00:00:00+00:00,0.4204,0.4406,0.4011,0.4099,434719691.79094
2022-05-21 00:00:00+00:00,0.4099,0.4181,0.4025,0.4142,208676833.99407
2022-05-22 00:00:00+00:00,0.4141,0.4253,0.4097,0.4216,205422903.12078
2022-05-23 00:00:00+00:00,0.4216,0.4286,0.3995,0.4048,362406591.82139
2022-05-24 00:00:00+00:00,0.4047,0.4134,0.3902,0.4084,315423712.74371
2022-05-25 00:00:00+00:00,0.4084,0.4146,0.3941,0.4059,379905250.94853
2022-05-26 00:00:00+00:00,0.4058,0.4107,0.3735,0.3918,438307383.92211
2022-05-27 00:00:00+00:00,0.3918,0.403,0.376,0.3818,488921712.07303
2022-05-28 00:00:00+00:00,0.3818,0.3886,0.3801,0.386,227979902.09074
2022-05-29 00:00:00+00:00,0.3861,0.3908,0.3788,0.3888,194294376.54391
2022-05-30 00:00:00+00:00,0.3888,0.4195,0.3863,0.4186,353490726.74292
2022-05-31 00:00:00+00:00,0.4186,0.4343,0.4062,0.4213,427810027.73342
2022-06-01 00:00:00+00:00,0.4212,0.4264,0.3881,0.3977,336279772.06034
2022-06-02 00:00:00+00:00,0.3977,0.4069,0.3902,0.405,221917355.72985
2022-06-03 00:00:00+00:00,0.405,0.4103,0.3837,0.3901,292793297.58695
2022-06-04 00:00:00+00:00,0.39,0.3943,0.3841,0.3923,135546964.43061
2022-06-05 00:00:00+00:00,0.3923,0.3994,0.389,0.3951,150101601.6689
2022-06-06 00:00:00+00:00,0.3952,0.409,0.3937,0.4023,256731547.4576
2022-06-07 00:00:00+00:00,0.4023,0.4172,0.3842,0.4073,447250347.23358
2022-06-08 00:00:00+00:00,0.4073,0.4103,0.3943,0.4003,237079484.73627
2022-06-09 00:00:00+00:00,0.4003,0.404,0.3962,0.4,174819574.59287
2022-06-10 00:00:00+00:00,0.4,0.4117,0.3752,0.3811,385433637.73323
2022-06-11 00:00:00+00:00,0.3811,0.3885,0.3551,0.3596,307743468.64163
2022-06-12 00:00:00+00:00,0.3596,0.3651,0.3393,0.343,367199149.31832
2022-06-13 00:00:00+00:00,0.343,0.3504,0.3007,0.3115,731879693.9992
2022-06-14 00:00:00+00:00,0.3115,0.3265,0.2932,0.3212,498817776.24284
2022-06-15 00:00:00+00:00,0.3212,0.3468,0.2968,0.3433,556988356.17199
2022-06-16 00:00:00+00:00,0.3434,0.3475,0.3069,0.3129,339399385.40204
2022-06-17 00:00:00+00:00,0.3129,0.3398,0.3101,0.3208,329093038.91483
2022-06-18 00:00:00+00:00,0.3209,0.3262,0.2868,0.3072,407528234.33764
2022-06-19 00:00:00+00:00,0.3072,0.3338,0.2979,0.3262,322567188.42171
2022-06-20 00:00:00+00:00,0.3261,0.3288,0.3133,0.3225,267706266.52876
2022-06-21 00:00:00+00:00,0.3224,0.3372,0.3184,0.329,271371481.24434
2022-06-22 00:00:00+00:00,0.3291,0.3295,0.3186,0.3222,221353441.86708
2022-06-23 00:00:00+00:00,0.3222,0.3368,0.321,0.3355,216956444.27912
2022-06-24 00:00:00+00:00,0.3356,0.387,0.3346,0.3668,759927427.7104
2022-06-25 00:00:00+00:00,0.3668,0.374,0.3539,0.3674,265190793.09213
2022-06-26 00:00:00+00:00,0.3674,0.375,0.3572,0.3589,236777837.28113
2022-06-27 00:00:00+00:00,0.359,0.3669,0.3473,0.3535,265635884.28334
2022-06-28 00:00:00+00:00,0.3536,0.3555,0.3349,0.3372,256080362.95865
2022-06-29 00:00:00+00:00,0.3372,0.3415,0.3201,0.3293,269639534.85368
2022-06-30 00:00:00+00:00,0.3294,0.333,0.3054,0.3318,410358401.11299
2022-07-01 00:00:00+00:00,0.3318,0.3363,0.3097,0.3138,330764429.46954
2022-07-02 00:00:00+00:00,0.3139,0.318,0.309,0.3155,177438514.52174
2022-07-03 00:00:00+00:00,0.3155,0.3256,0.308,0.3214,212443253.70189
2022-07-04 00:00:00+00:00,0.3213,0.3297,0.3143,0.3284,293634738.89972
2022-07-05 00:00:00+00:00,0.3284,0.3308,0.3124,0.3249,283387489.89238
2022-07-06 00:00:00+00:00,0.3248,0.3339,0.3196,0.3321,253801302.15894
2022-07-07 00:00:00+00:00,0.3321,0.3455,0.3265,0.3419,232052550.16767
2022-07-08 00:00:00+00:00,0.342,0.359,0.3355,0.3399,432579447.63394
2022-07-09 00:00:00+00:00,0.3399,0.3476,0.3389,0.3444,165327537.3237
2022-07-10 00:00:00+00:00,0.3445,0.3447,0.3192,0.3253,273047138.42642
2022-07-11 00:00:00+00:00,0.3253,0.3289,0.3104,0.3147,307136628.19994
2022-07-12 00:00:00+00:00,0.3147,0.318,0.3075,0.3114,220294729.4785
2022-07-13 00:00:00+00:00,0.3114,0.3257,0.3004,0.3235,377593545.94878
2022-07-14 00:00:00+00:00,0.3235,0.3337,0.3121,0.3336,285523345.55542
2022-07-15 00:00:00+00:00,0.3336,0.3489,0.3272,0.3339,383210016.27146
2022-07-16 00:00:00+00:00,0.3339,0.356,0.331,0.3503,349635430.67218
2022-07-17 00:00:00+00:00,0.3502,0.3613,0.3385,0.3431,278685083.45854
2022-07-18 00:00:00+00:00,0.3432,0.3699,0.3427,0.3649,418918915.06777
2022-07-19 00:00:00+00:00,0.3648,0.3765,0.3511,0.3726,394321494.77429
2022-07-20 00:00:00+00:00,0.3725,0.3816,0.3567,0.3631,384210114.33266
2022-07-21 00:00:00+00:00,0.363,0.3682,0.3483,0.3666,288996528.67944
2022-07-22 00:00:00+00:00,0.3665,0.3715,0.3538,0.3576,259452351.05393
2022-07-23 00:00:00+00:00,0.3576,0.3626,0.3494,0.3588,190472957.57651
2022-07-24 00:00:00+00:00,0.3589,0.3666,0.3558,0.3584,215335728.76703
2022-07-25 00:00:00+00:00,0.3584,0.36,0.3345,0.3358,257032740.9018
2022-07-26 00:00:00+00:00,0.3358,0.3383,0.3251,0.3369,239985754.80777
2022-07-27 00:00:00+00:00,0.3369,0.3596,0.3301,0.3592,288354384.93529
2022-07-28 00:00:00+00:00,0.3592,0.379,0.3487,0.3734,379676891.72519
2022-07-29 00:00:00+00:00,0.3734,0.3798,0.3593,0.3677,332906392.52672
2022-07-30 00:00:00+00:00,0.3677,0.41,0.3622,0.3879,580113821.45229
2022-07-31 00:00:00+00:00,0.3878,0.3986,0.3778,0.3789,355761359.38442
2022-08-01 00:00:00+00:00,0.3789,0.3858,0.3701,0.3787,271325597.40826
2022-08-02 00:00:00+00:00,0.3788,0.3944,0.3663,0.3712,350656651.01885
2022-08-03 00:00:00+00:00,0.3712,0.3772,0.3628,0.3692,237364774.04534
2022-08-04 00:00:00+00:00,0.3692,0.3748,0.3637,0.3709,197800672.12468
2022-08-05 00:00:00+00:00,0.3709,0.3785,0.3669,0.3761,245959821.4039
2022-08-06 00:00:00+00:00,0.3762,0.3777,0.37,0.3711,139866699.27878
2022-08-07 00:00:00+00:00,0.3712,0.3769,0.3677,0.3719,135403470.8188
2022-08-08 00:00:00+00:00,0.3719,0.3847,0.3708,0.3785,270222977.14754
2022-08-09 00:00:00+00:00,0.3785,0.3799,0.3599,0.3671,241062630.05201
2022-08-10 00:00:00+00:00,0.367,0.3814,0.3578,0.3813,325759188.51573
2022-08-11 00:00:00+00:00,0.3812,0.386,0.3767,0.38,293861183.50618
2022-08-12 00:00:00+00:00,0.38,0.3803,0.3695,0.3794,233947514.14968
2022-08-13 00:00:00+00:00,0.3793,0.3878,0.3759,0.3776,222103794.81334
2022-08-14 00:00:00+00:00,0.3777,0.3921,0.3734,0.3754,333746284.67945
2022-08-15 00:00:00+00:00,0.3754,0.3849,0.3654,0.375,372388360.00204
2022-08-16 00:00:00+00:00,0.375,0.3782,0.3662,0.3768,306873075.25984
2022-08-17 00:00:00+00:00,0.3767,0.3923,0.3675,0.3794,564856407.49975
2022-08-18 00:00:00+00:00,0.3794,0.3813,0.3686,0.37,341891686.41118
2022-08-19 00:00:00+00:00,0.37,0.3704,0.3226,0.3341,570281916.40673
2022-08-20 00:00:00+00:00,0.3342,0.3424,0.3316,0.3364,273015469.19479
2022-08-21 00:00:00+00:00,0.3365,0.3483,0.3352,0.3445,221569159.5042
2022-08-22 00:00:00+00:00,0.3445,0.3451,0.3309,0.3436,284535051.45298
2022-08-23 00:00:00+00:00,0.3437,0.3479,0.3322,0.3471,245750421.85105
2022-08-24 00:00:00+00:00,0.347,0.3524,0.3386,0.3454,222568201.68217
2022-08-25 00:00:00+00:00,0.3454,0.3522,0.3432,0.3486,223985780.93447
2022-08-26 00:00:00+00:00,0.3487,0.371,0.3321,0.3391,763311293.03909
2022-08-27 00:00:00+00:00,0.3391,0.3447,0.3278,0.3344,254801818.52296
2022-08-28 00:00:00+00:00,0.3345,0.3372,0.3211,0.3223,224824826.0534
2022-08-29 00:00:00+00:00,0.3222,0.334,0.3182,0.3335,364181259.00379
2022-08-30 00:00:00+00:00,0.3334,0.3356,0.3191,0.3266,305472557.4251
2022-08-31 00:00:00+00:00,0.3265,0.3338,0.3228,0.3273,266545714.01638
2022-09-01 00:00:00+00:00,0.3273,0.3332,0.3212,0.3329,237014056.25248
2022-09-02 00:00:00+00:00,0.3329,0.3352,0.3249,0.3311,261372169.24818
2022-09-03 00:00:00+00:00,0.3312,0.3345,0.3262,0.3294,148780950.05496
2022-09-04 00:00:00+00:00,0.3294,0.3325,0.3271,0.3315,138385889.30315
2022-09-05 00:00:00+00:00,0.3316,0.3337,0.3222,0.3327,237563769.30402
2022-09-06 00:00:00+00:00,0.3328,0.3429,0.317,0.321,471756165.0172
2022-09-07 00:00:00+00:00,0.3209,0.3385,0.312,0.3367,335168022.40983
2022-09-08 00:00:00+00:00,0.3367,0.3433,0.328,0.3394,331776154.54897
2022-09-09 00:00:00+00:00,0.3394,0.3596,0.3392,0.3565,386717271.26854
2022-09-10 00:00:00+00:00,0.3566,0.3619,0.351,0.3572,252561296.65497
2022-09-11 00:00:00+00:00,0.3572,0.3604,0.3483,0.3548,179911190.14156
2022-09-12 00:00:00+00:00,0.3548,0.36,0.3475,0.3596,270954529.21156
2022-09-13 00:00:00+00:00,0.3596,0.3601,0.3303,0.3323,374169691.28177
2022-09-14 00:00:00+00:00,0.3322,0.3439,0.3308,0.3413,240506334.8556
2022-09-15 00:00:00+00:00,0.3413,0.3425,0.3239,0.326,327909412.20318
2022-09-16 00:00:00+00:00,0.326,0.358,0.3211,0.3551,415168866.50145
2022-09-17 00:00:00+00:00,0.3552,0.3814,0.3461,0.3761,945255981.90831
2022-09-18 00:00:00+00:00,0.3761,0.3979,0.3555,0.3576,1658590065.92487
2022-09-19 00:00:00+00:00,0.3576,0.3929,0.3396,0.3844,1245924900.91196
2022-09-20 00:00:00+00:00,0.3844,0.4241,0.3701,0.4135,2454188190.90732
2022-09-21 00:00:00+00:00,0.4134,0.434,0.375,0.3932,2253627453.47963
2022-09-22 00:00:00+00:00,0.3933,0.5009,0.393,0.4857,3338578192.20731
2022-09-23 00:00:00+00:00,0.4857,0.5588,0.456,0.5063,6328840752.38404
2022-09-24 00:00:00+00:00,0.5064,0.5191,0.4713,0.4877,2692205774.81299
2022-09-25 00:00:00+00:00,0.4877,0.521,0.4753,0.4912,3139935574.4141
2022-09-26 00:00:00+00:00,0.4912,0.5016,0.4572,0.4679,2000043191.25045
2022-09-27 00:00:00+00:00,0.4679,0.4875,0.4344,0.4454,1885235436.80043
2022-09-28 00:00:00+00:00,0.4454,0.4554,0.4166,0.4488,1698111143.03966
2022-09-29 00:00:00+00:00,0.4489,0.5094,0.426,0.4874,2599499964.44793
2022-09-30 00:00:00+00:00,0.4874,0.4988,0.465,0.4797,2823859810.10291
2022-10-01 00:00:00+00:00,0.4797,0.4864,0.4664,0.4751,1238164415.97748
2022-10-02 00:00:00+00:00,0.4752,0.4784,0.442,0.4482,1157890642.0435
2022-10-03 00:00:00+00:00,0.4481,0.469,0.4369,0.4617,1347241421.18245
2022-10-04 00:00:00+00:00,0.4618,0.4858,0.4512,0.4792,1576763259.99013
2022-10-05 00:00:00+00:00,0.4792,0.5023,0.4714,0.4885,2085874642.98412
2022-10-06 00:00:00+00:00,0.4885,0.5059,0.488,0.4931,1653991607.22143
2022-10-07 00:00:00+00:00,0.493,0.5339,0.4795,0.5173,1959532889.3953
2022-10-08 00:00:00+00:00,0.5173,0.5291,0.5107,0.5168,1591860753.05531
2022-10-09 00:00:00+00:00,0.5168,0.5496,0.5057,0.5324,1721687809.36397
2022-10-10 00:00:00+00:00,0.5325,0.5377,0.4901,0.4938,2210729222.91239
2022-10-11 00:00:00+00:00,0.4938,0.5023,0.476,0.4858,2106180471.20607
2022-10-12 00:00:00+00:00,0.4858,0.4959,0.48,0.4879,1176420149.31202
2022-10-13 00:00:00+00:00,0.488,0.4895,0.4398,0.4788,2451374475.92293
2022-10-14 00:00:00+00:00,0.4788,0.5124,0.4776,0.488,1922034149.41697
2022-10-15 00:00:00+00:00,0.488,0.49,0.4772,0.4817,714910700.96348
2022-10-16 00:00:00+00:00,0.4816,0.4873,0.4676,0.4762,782643248.11071
2022-10-17 00:00:00+00:00,0.4762,0.4824,0.4624,0.48,1158926738.13002
2022-10-18 00:00:00+00:00,0.4801,0.4841,0.4562,0.4656,1142725508.4637
2022-10-19 00:00:00+00:00,0.4656,0.4665,0.4465,0.45,1087812468.10408
2022-10-20 00:00:00+00:00,0.4501,0.4645,0.4202,0.4462,1406678729.26885
2022-10-21 00:00:00+00:00,0.4463,0.4614,0.434,0.4611,1222178898.47068
2022-10-22 00:00:00+00:00,0.4611,0.4706,0.4556,0.4651,674829405.88442
2022-10-23 00:00:00+00:00,0.4651,0.4724,0.4516,0.4687,709216072.16398
2022-10-24 00:00:00+00:00,0.4686,0.4729,0.445,0.4527,773807504.68297
2022-10-25 00:00:00+00:00,0.4527,0.4727,0.4432,0.4603,1064475945.55958
2022-10-26 00:00:00+00:00,0.4603,0.4715,0.4561,0.4686,877180781.1479
2022-10-27 00:00:00+00:00,0.4686,0.4824,0.458,0.4612,1076600074.98226
2022-10-28 00:00:00+00:00,0.4611,0.4754,0.4561,0.4741,629576521.11783
2022-10-29 00:00:00+00:00,0.474,0.4836,0.4654,0.4698,697105147.07661
2022-10-30 00:00:00+00:00,0.4698,0.473,0.4532,0.4578,515583829.05571
2022-10-31 00:00:00+00:00,0.4578,0.4673,0.4472,0.4642,710813915.39301
2022-11-01 00:00:00+00:00,0.4642,0.4668,0.4538,0.4633,536953414.46235
2022-11-02 00:00:00+00:00,0.4634,0.4658,0.4445,0.4494,726663734.80644
2022-11-03 00:00:00+00:00,0.4495,0.4595,0.4484,0.4546,504304132.35322
2022-11-04 00:00:00+00:00,0.4545,0.5075,0.4528,0.506,1540938268.55102
2022-11-05 00:00:00+00:00,0.506,0.51,0.4884,0.4929,719620269.72611
2022-11-06 00:00:00+00:00,0.4929,0.4946,0.4673,0.4706,508292786.47417
2022-11-07 00:00:00+00:00,0.4707,0.4798,0.458,0.4644,728332156.64893
2022-11-08 00:00:00+00:00,0.4645,0.4666,0.3292,0.4054,1729941818.80182
2022-11-09 00:00:00+00:00,0.4054,0.4103,0.311,0.3321,1470902880.80048
2022-11-10 00:00:00+00:00,0.332,0.4027,0.3288,0.3941,953683573.89502
2022-11-11 00:00:00+00:00,0.3941,0.3989,0.3656,0.3841,671159297.14348
2022-11-12 00:00:00+00:00,0.3842,0.3845,0.3592,0.3634,368198650.77022
2022-11-13 00:00:00+00:00,0.3634,0.3693,0.3324,0.3405,433517401.04636
2022-11-14 00:00:00+00:00,0.3405,0.3792,0.3208,0.3772,1045747950.29911
2022-11-15 00:00:00+00:00,0.3773,0.3978,0.3662,0.3885,1153605539.35187
2022-11-16 00:00:00+00:00,0.3884,0.3916,0.3613,0.3749,686647624.68003
2022-11-17 00:00:00+00:00,0.3748,0.3872,0.369,0.3817,717477835.70255
2022-11-18 00:00:00+00:00,0.3817,0.3878,0.3738,0.3827,441504570.82959
2022-11-19 00:00:00+00:00,0.3827,0.3883,0.375,0.3839,277576357.09851
2022-11-20 00:00:00+00:00,0.384,0.3967,0.358,0.3607,666992139.54024
2022-11-21 00:00:00+00:00,0.3607,0.3686,0.345,0.3643,851587981.83937
2022-11-22 00:00:00+00:00,0.3642,0.3784,0.3509,0.3756,656897489.7537
2022-11-23 00:00:00+00:00,0.3757,0.3823,0.368,0.3813,520060961.69207
2022-11-24 00:00:00+00:00,0.3812,0.4048,0.374,0.4017,796658326.22958
2022-11-25 00:00:00+00:00,0.4017,0.4196,0.3883,0.4076,1066909895.89051
2022-11-26 00:00:00+00:00,0.4076,0.4147,0.3923,0.3958,414301365.7064
2022-11-27 00:00:00+00:00,0.3958,0.4095,0.3936,0.3961,416742451.85924
2022-11-28 00:00:00+00:00,0.396,0.3988,0.3725,0.3884,676575929.12641
2022-11-29 00:00:00+00:00,0.3884,0.4039,0.3827,0.3977,550660706.34668
2022-11-30 00:00:00+00:00,0.3978,0.4116,0.3917,0.4074,569079739.19786
2022-12-01 00:00:00+00:00,0.4075,0.409,0.394,0.3966,399424401.53909
2022-12-02 00:00:00+00:00,0.3966,0.3974,0.3833,0.3957,408144668.70391
2022-12-03 00:00:00+00:00,0.3958,0.397,0.385,0.3868,364765852.51842
2022-12-04 00:00:00+00:00,0.3869,0.3927,0.3856,0.3893,263151480.27224
2022-12-05 00:00:00+00:00,0.3892,0.3952,0.3776,0.389,442124546.86777
2022-12-06 00:00:00+00:00,0.389,0.3923,0.3805,0.3911,379285832.75426
2022-12-07 00:00:00+00:00,0.3911,0.3923,0.3714,0.383,416577794.86854
2022-12-08 00:00:00+00:00,0.383,0.3962,0.3821,0.3938,505607790.83928
2022-12-09 00:00:00+00:00,0.3939,0.3948,0.3827,0.3886,360082760.33482
2022-12-10 00:00:00+00:00,0.3886,0.3891,0.385,0.3861,153002235.79828
2022-12-11 00:00:00+00:00,0.3862,0.3882,0.3765,0.3806,199700265.39281
2022-12-12 00:00:00+00:00,0.3805,0.3895,0.3695,0.387,418460655.82246
2022-12-13 00:00:00+00:00,0.3871,0.3991,0.3783,0.395,560584331.18599
2022-12-14 00:00:00+00:00,0.395,0.3954,0.3765,0.3849,468584795.48994
2022-12-15 00:00:00+00:00,0.3849,0.3864,0.3728,0.3776,349143480.73501
2022-12-16 00:00:00+00:00,0.3777,0.3797,0.343,0.3508,569045729.08094
2022-12-17 00:00:00+00:00,0.3508,0.3571,0.3464,0.3542,369470615.11474
2022-12-18 00:00:00+00:00,0.3542,0.3555,0.3468,0.3495,204432954.31458
2022-12-19 00:00:00+00:00,0.3494,0.3527,0.3312,0.3385,578166394.10885
2022-12-20 00:00:00+00:00,0.3385,0.3529,0.3355,0.3482,453490198.74865
2022-12-21 00:00:00+00:00,0.3483,0.3504,0.3363,0.3445,347353050.1914
2022-12-22 00:00:00+00:00,0.3445,0.35,0.3411,0.3489,301670502.87942
2022-12-23 00:00:00+00:00,0.3488,0.3548,0.3469,0.354,310645020.23825
2022-12-24 00:00:00+00:00,0.3539,0.354,0.3506,0.3515,115863002.99025
2022-12-25 00:00:00+00:00,0.3515,0.3517,0.3426,0.3455,203812802.58153
2022-12-26 00:00:00+00:00,0.3456,0.3699,0.3453,0.3655,605457513.4111
2022-12-27 00:00:00+00:00,0.3655,0.3728,0.3585,0.3674,839280933.32032
2022-12-28 00:00:00+00:00,0.3673,0.3686,0.3544,0.3556,675364435.15336
2022-12-29 00:00:00+00:00,0.3557,0.3577,0.3351,0.342,672591605.2674
2022-12-30 00:00:00+00:00,0.3419,0.3459,0.3334,0.3447,525013360.21909
2022-12-31 00:00:00+00:00,0.3446,0.3452,0.3385,0.3388,275811986.88165
2023-01-01 00:00:00+00:00,0.3389,0.3397,0.3352,0.3385,242333412.22721
2023-01-02 00:00:00+00:00,0.3384,0.3554,0.2968,0.3479,1071520780.88191
2023-01-03 00:00:00+00:00,0.3478,0.3518,0.34,0.3434,578160897.93416
2023-01-04 00:00:00+00:00,0.3435,0.3527,0.341,0.347,589135702.91349
2023-01-05 00:00:00+00:00,0.3469,0.3485,0.3321,0.3377,452593508.90977
2023-01-06 00:00:00+00:00,0.3377,0.3459,0.3309,0.344,482513476.34134
2023-01-07 00:00:00+00:00,0.344,0.3455,0.341,0.3441,215529032.23038
2023-01-08 00:00:00+00:00,0.3442,0.3472,0.3332,0.3451,366676138.66687
2023-01-09 00:00:00+00:00,0.345,0.3576,0.3417,0.3486,1010373283.62517
2023-01-10 00:00:00+00:00,0.3486,0.3539,0.343,0.3507,469916551.41249
2023-01-11 00:00:00+00:00,0.3508,0.3788,0.3475,0.3727,1483007715.09728
2023-01-12 00:00:00+00:00,0.3727,0.3819,0.357,0.3746,1028813917.13907
2023-01-13 00:00:00+00:00,0.3746,0.3867,0.3673,0.3856,758873933.8694
2023-01-14 00:00:00+00:00,0.3856,0.4094,0.3749,0.3952,1280437840.55757
2023-01-15 00:00:00+00:00,0.3952,0.397,0.379,0.3845,574754462.92013
2023-01-16 00:00:00+00:00,0.3845,0.4062,0.3752,0.3854,940364863.66444
2023-01-17 00:00:00+00:00,0.3854,0.3987,0.378,0.3868,647799307.47744
2023-01-18 00:00:00+00:00,0.3868,0.3964,0.3635,0.378,1013878815.1471
2023-01-19 00:00:00+00:00,0.3779,0.3967,0.3761,0.3927,753943199.20804
2023-01-20 00:00:00+00:00,0.3927,0.4141,0.3858,0.4125,694184873.73159
2023-01-21 00:00:00+00:00,0.4125,0.4165,0.393,0.4032,726118925.23402
2023-01-22 00:00:00+00:00,0.4032,0.4123,0.3955,0.4002,516941268.11353
2023-01-23 00:00:00+00:00,0.4003,0.4332,0.3993,0.4234,1297695841.26085
2023-01-24 00:00:00+00:00,0.4233,0.4313,0.4011,0.4075,781139081.04026
2023-01-25 00:00:00+00:00,0.4075,0.4244,0.3966,0.4169,640637197.48152
2023-01-26 00:00:00+00:00,0.4169,0.4179,0.405,0.409,520308105.80279
2023-01-27 00:00:00+00:00,0.409,0.4134,0.3981,0.4128,458492782.99567
2023-01-28 00:00:00+00:00,0.4127,0.4169,0.4051,0.4075,349032369.52971
2023-01-29 00:00:00+00:00,0.4076,0.4174,0.4063,0.4133,383269324.38832
2023-01-30 00:00:00+00:00,0.4133,0.4221,0.3832,0.3932,700331285.76869
2023-01-31 00:00:00+00:00,0.3933,0.4111,0.388,0.4056,634342624.03655
2023-02-01 00:00:00+00:00,0.4056,0.4158,0.3963,0.4132,599832208.45845
2023-02-02 00:00:00+00:00,0.4133,0.4196,0.4078,0.4099,581112125.99457
2023-02-03 00:00:00+00:00,0.4098,0.4138,0.4051,0.4117,452647843.52665
2023-02-04 00:00:00+00:00,0.4117,0.4207,0.4072,0.4106,307751447.00663
2023-02-05 00:00:00+00:00,0.4106,0.412,0.3933,0.3983,457548762.69044
2023-02-06 00:00:00+00:00,0.3983,0.4036,0.3906,0.392,449709645.1918
2023-02-07 00:00:00+00:00,0.3919,0.4048,0.3899,0.4036,463690085.74574
2023-02-08 00:00:00+00:00,0.4035,0.4061,0.3934,0.3977,411085621.49666
2023-02-09 00:00:00+00:00,0.3977,0.4102,0.3716,0.3816,927476272.86767
2023-02-10 00:00:00+00:00,0.3816,0.3875,0.3766,0.3815,447632983.46281
2023-02-11 00:00:00+00:00,0.3814,0.384,0.3794,0.383,180232562.06088
2023-02-12 00:00:00+00:00,0.3831,0.3847,0.3709,0.3744,247129353.10855
2023-02-13 00:00:00+00:00,0.3744,0.378,0.3605,0.3704,547886310.79842
2023-02-14 00:00:00+00:00,0.3704,0.3839,0.3641,0.3818,459124508.71931
2023-02-15 00:00:00+00:00,0.3818,0.4024,0.3765,0.4012,478777779.41068
2023-02-16 00:00:00+00:00,0.4011,0.4047,0.3836,0.3839,635770673.43059
2023-02-17 00:00:00+00:00,0.3838,0.4001,0.3804,0.395,512844863.75087
2023-02-18 00:00:00+00:00,0.395,0.3977,0.3911,0.394,259396681.00473
2023-02-19 00:00:00+00:00,0.3941,0.398,0.384,0.3859,389556132.4187
2023-02-20 00:00:00+00:00,0.3859,0.4092,0.376,0.3986,669115971.16353
2023-02-21 00:00:00+00:00,0.3986,0.4025,0.387,0.3918,515518987.90748
2023-02-22 00:00:00+00:00,0.3918,0.3976,0.3825,0.3953,550800400.31345
2023-02-23 00:00:00+00:00,0.3953,0.3978,0.3852,0.3881,383937310.34358
2023-02-24 00:00:00+00:00,0.3882,0.3906,0.372,0.3781,427497349.57239
2023-02-25 00:00:00+00:00,0.378,0.3792,0.3682,0.3775,282141952.30815
2023-02-26 00:00:00+00:00,0.3775,0.3805,0.3743,0.3776,189815431.36883
2023-02-27 00:00:00+00:00,0.3776,0.38,0.3706,0.3783,407635064.10033
2023-02-28 00:00:00+00:00,0.3784,0.3824,0.3718,0.376,402920966.20187
2023-03-01 00:00:00+00:00,0.3761,0.3847,0.3725,0.3834,344391694.78976
2023-03-02 00:00:00+00:00,0.3835,0.3846,0.3735,0.3771,304963982.74588
2023-03-03 00:00:00+00:00,0.3772,0.3805,0.3483,0.377,547839273.85406
2023-03-04 00:00:00+00:00,0.377,0.3799,0.3677,0.3733,316275593.61261
2023-03-05 00:00:00+00:00,0.3733,0.3774,0.365,0.3666,237515638.69733
2023-03-06 00:00:00+00:00,0.3666,0.3739,0.3588,0.3694,456463765.76478
2023-03-07 00:00:00+00:00,0.3694,0.3843,0.3669,0.3799,844600763.22871
2023-03-08 00:00:00+00:00,0.38,0.4019,0.3721,0.3888,1686536242.05436
2023-03-09 00:00:00+00:00,0.3888,0.3976,0.3632,0.3705,1435712642.03226
2023-03-10 00:00:00+00:00,0.3704,0.3749,0.3566,0.3697,909833876.29343
2023-03-11 00:00:00+00:00,0.3698,0.3739,0.3578,0.3635,542801740.8327
2023-03-12 00:00:00+00:00,0.3636,0.3712,0.347,0.371,698001927.83946
2023-03-13 00:00:00+00:00,0.3711,0.3799,0.3546,0.3722,916811104.97801
2023-03-14 00:00:00+00:00,0.3722,0.3873,0.3645,0.3724,962193290.35944
2023-03-15 00:00:00+00:00,0.3724,0.3759,0.3553,0.3588,729995830.82609
2023-03-16 00:00:00+00:00,0.3587,0.3669,0.3559,0.3644,445902983.8653
2023-03-17 00:00:00+00:00,0.3644,0.3825,0.3617,0.3799,636857429.58649
2023-03-18 00:00:00+00:00,0.3798,0.3902,0.3686,0.3739,656518770.84074
2023-03-19 00:00:00+00:00,0.3738,0.4005,0.3734,0.386,1080197468.45547
2023-03-20 00:00:00+00:00,0.386,0.3914,0.3702,0.3733,720708625.79774
2023-03-21 00:00:00+00:00,0.3732,0.4927,0.3725,0.4694,4424751691.12794
2023-03-22 00:00:00+00:00,0.4695,0.4749,0.4079,0.4212,3443248081.32549
2023-03-23 00:00:00+00:00,0.4211,0.4555,0.4111,0.4435,2236856656.22329
2023-03-24 00:00:00+00:00,0.4434,0.4438,0.4133,0.4256,1096196346.94543
2023-03-25 00:00:00+00:00,0.4255,0.465,0.422,0.4427,2054266826.19592
2023-03-26 00:00:00+00:00,0.4427,0.463,0.4402,0.4477,1152643264.92494
2023-03-27 00:00:00+00:00,0.4477,0.4886,0.4422,0.4786,3067692654.20774
2023-03-28 00:00:00+00:00,0.4786,0.535,0.466,0.5145,4062744667.62691
2023-03-29 00:00:00+00:00,0.5145,0.5856,0.5144,0.5421,4256712144.9621
2023-03-30 00:00:00+00:00,0.5421,0.5577,0.52,0.5316,2631371612.84529
2023-03-31 00:00:00+00:00,0.5317,0.5487,0.5251,0.5374,1605687398.77169
2023-04-01 00:00:00+00:00,0.5373,0.5375,0.4968,0.5092,1418161252.35825
2023-04-02 00:00:00+00:00,0.5092,0.5288,0.5009,0.5177,1306595796.63679
2023-04-03 00:00:00+00:00,0.5176,0.5246,0.4815,0.4957,1186678649.18289
2023-04-04 00:00:00+00:00,0.4957,0.5076,0.487,0.5026,699435733.17923
2023-04-05 00:00:00+00:00,0.5025,0.5267,0.4982,0.5052,900397373.33123
2023-04-06 00:00:00+00:00,0.5053,0.5096,0.49,0.5027,618992236.81005
2023-04-07 00:00:00+00:00,0.5026,0.515,0.4966,0.5123,776790630.6635
2023-04-08 00:00:00+00:00,0.5124,0.5128,0.5015,0.5045,363163729.49846
2023-04-09 00:00:00+00:00,0.5044,0.509,0.4975,0.505,321515924.56106
2023-04-10 00:00:00+00:00,0.505,0.5197,0.4992,0.5173,437343416.27206
2023-04-11 00:00:00+00:00,0.5173,0.5284,0.5107,0.5163,699009975.19194
2023-04-12 00:00:00+00:00,0.5164,0.5177,0.4977,0.5046,645924330.52698
2023-04-13 00:00:00+00:00,0.5045,0.5157,0.5012,0.5121,507087443.68778
2023-04-14 00:00:00+00:00,0.5121,0.5472,0.511,0.5227,1088433425.29193
2023-04-15 00:00:00+00:00,0.5228,0.5262,0.5156,0.5195,363452874.5111
2023-04-16 00:00:00+00:00,0.5195,0.5248,0.5152,0.5207,347961116.25273
2023-04-17 00:00:00+00:00,0.5208,0.521,0.5063,0.5108,517643353.90987
2023-04-18 00:00:00+00:00,0.5109,0.5394,0.509,0.5327,648697192.83808
2023-04-19 00:00:00+00:00,0.5327,0.5378,0.4595,0.4908,1030005180.84361
2023-04-20 00:00:00+00:00,0.4908,0.499,0.4639,0.4747,668454377.09453
2023-04-21 00:00:00+00:00,0.4746,0.4789,0.4394,0.4485,752793055.29497
2023-04-22 00:00:00+00:00,0.4484,0.4759,0.4452,0.4717,594067170.55366
2023-04-23 00:00:00+00:00,0.4716,0.4717,0.4517,0.4642,515716820.28743
2023-04-24 00:00:00+00:00,0.4643,0.4855,0.4457,0.4606,818615452.79752
2023-04-25 00:00:00+00:00,0.4606,0.4719,0.4504,0.4694,556260656.49989
2023-04-26 00:00:00+00:00,0.4694,0.4829,0.4308,0.4611,948644997.00089
2023-04-27 00:00:00+00:00,0.4612,0.4698,0.455,0.4662,642671968.40476
2023-04-28 00:00:00+00:00,0.4663,0.4831,0.4632,0.4794,688688733.66254
2023-04-29 00:00:00+00:00,0.4793,0.4868,0.4701,0.4777,427097412.52421
2023-04-30 00:00:00+00:00,0.4778,0.4819,0.4682,0.4703,349980600.59524
2023-05-01 00:00:00+00:00,0.4703,0.4722,0.4537,0.4647,485134568.8686
2023-05-02 00:00:00+00:00,0.4646,0.4661,0.4574,0.464,424756253.62524
2023-05-03 00:00:00+00:00,0.4641,0.4653,0.4494,0.463,572179731.64047
2023-05-04 00:00:00+00:00,0.463,0.4648,0.4545,0.4606,347431145.831
2023-05-05 00:00:00+00:00,0.4606,0.4708,0.4529,0.4668,516974006.62263
2023-05-06 00:00:00+00:00,0.4667,0.4692,0.4509,0.4579,324215134.14817
2023-05-07 00:00:00+00:00,0.458,0.4599,0.4451,0.4487,234032026.2267
2023-05-08 00:00:00+00:00,0.4486,0.4509,0.4067,0.4279,619711753.94782
2023-05-09 00:00:00+00:00,0.4279,0.4303,0.4201,0.4284,374850460.06392
2023-05-10 00:00:00+00:00,0.4283,0.4339,0.4105,0.4298,562678650.01676
2023-05-11 00:00:00+00:00,0.4298,0.4302,0.4112,0.4204,466270844.10108
2023-05-12 00:00:00+00:00,0.4204,0.4442,0.4153,0.4303,809423177.79691
2023-05-13 00:00:00+00:00,0.4303,0.4304,0.4221,0.4238,214262118.03244
2023-05-14 00:00:00+00:00,0.4238,0.4315,0.4203,0.425,232548861.99173
2023-05-15 00:00:00+00:00,0.425,0.43,0.421,0.427,364897284.71103
2023-05-16 00:00:00+00:00,0.4269,0.4429,0.4168,0.4424,556899839.6532
2023-05-17 00:00:00+00:00,0.4424,0.4613,0.4373,0.4482,1172130859.51543
2023-05-18 00:00:00+00:00,0.4481,0.4729,0.4428,0.4595,1095957922.27018
2023-05-19 00:00:00+00:00,0.4595,0.4757,0.457,0.4671,898986300.21939
2023-05-20 00:00:00+00:00,0.4671,0.472,0.4614,0.4684,355039238.4551
2023-05-21 00:00:00+00:00,0.4684,0.4704,0.4546,0.4572,404352685.16029
2023-05-22 00:00:00+00:00,0.4571,0.4672,0.4491,0.4614,510704364.12086
2023-05-23 00:00:00+00:00,0.4614,0.4671,0.458,0.4649,386328943.18548
2023-05-24 00:00:00+00:00,0.4649,0.4649,0.4406,0.4528,515742916.26789
2023-05-25 00:00:00+00:00,0.4528,0.4553,0.4425,0.4535,381153765.20244
2023-05-26 00:00:00+00:00,0.4535,0.4698,0.4521,0.4681,633606885.55417
2023-05-27 00:00:00+00:00,0.4681,0.4792,0.4644,0.4712,454671770.01286
2023-05-28 00:00:00+00:00,0.4712,0.4864,0.4695,0.482,382280153.75352
2023-05-29 00:00:00+00:00,0.482,0.4954,0.4755,0.4942,729458078.87072
2023-05-30 00:00:00+00:00,0.4941,0.5292,0.4893,0.5202,1587686758.35069
2023-05-31 00:00:00+00:00,0.5201,0.5278,0.5005,0.5166,1187881401.3178
2023-06-01 00:00:00+00:00,0.5166,0.5168,0.5011,0.5061,633715920.72108
2023-06-02 00:00:00+00:00,0.5062,0.527,0.503,0.5241,670629750.70794
2023-06-03 00:00:00+00:00,0.5241,0.5343,0.514,0.5186,466966569.92029
2023-06-04 00:00:00+00:00,0.5186,0.5468,0.5147,0.5354,685662815.03493
2023-06-05 00:00:00+00:00,0.5353,0.5429,0.4816,0.5085,1409828940.77213
2023-06-06 00:00:00+00:00,0.5086,0.5326,0.4955,0.5297,963832328.30199
2023-06-07 00:00:00+00:00,0.5298,0.538,0.5066,0.5179,1208956190.43903
2023-06-08 00:00:00+00:00,0.518,0.5277,0.5153,0.5233,607401673.2556
2023-06-09 00:00:00+00:00,0.5234,0.542,0.5202,0.5375,869986932.56755
2023-06-10 00:00:00+00:00,0.5376,0.5387,0.47,0.5065,1584419698.80702
2023-06-11 00:00:00+00:00,0.5065,0.5294,0.5021,0.5207,672943880.03539
2023-06-12 00:00:00+00:00,0.5207,0.5278,0.508,0.5247,783569428.47738
2023-06-13 00:00:00+00:00,0.5247,0.566,0.505,0.5189,1968128743.37427
2023-06-14 00:00:00+00:00,0.519,0.52,0.4592,0.4797,1244999750.6249
2023-06-15 00:00:00+00:00,0.4796,0.4853,0.4666,0.4798,832816097.42054
2023-06-16 00:00:00+00:00,0.4798,0.483,0.4537,0.4752,843843149.81986
2023-06-17 00:00:00+00:00,0.4752,0.4867,0.4693,0.479,451187902.51357
2023-06-18 00:00:00+00:00,0.479,0.4973,0.4735,0.4865,630821994.83815
2023-06-19 00:00:00+00:00,0.4866,0.4979,0.4808,0.4934,591992826.40708
2023-06-20 00:00:00+00:00,0.4935,0.4965,0.4711,0.4925,684791851.25777
2023-06-21 00:00:00+00:00,0.4925,0.5032,0.4889,0.4999,834320886.71349
2023-06-22 00:00:00+00:00,0.4999,0.5272,0.4762,0.4936,991893170.43669
2023-06-23 00:00:00+00:00,0.4936,0.5022,0.483,0.4959,697549835.21428
2023-06-24 00:00:00+00:00,0.496,0.496,0.4753,0.4862,420739651.70898
2023-06-25 00:00:00+00:00,0.4863,0.4976,0.4826,0.4899,438538561.14301
2023-06-26 00:00:00+00:00,0.49,0.4918,0.4685,0.4788,494339472.22963
2023-06-27 00:00:00+00:00,0.4788,0.485,0.4753,0.4836,325329260.90332
2023-06-28 00:00:00+00:00,0.4837,0.4841,0.4406,0.4645,525581762.62399
2023-06-29 00:00:00+00:00,0.4644,0.4769,0.4609,0.4743,340210353.83821
2023-06-30 00:00:00+00:00,0.4744,0.4826,0.4484,0.4729,743383752.111
2023-07-01 00:00:00+00:00,0.473,0.476,0.464,0.4732,341525429.15948
2023-07-02 00:00:00+00:00,0.4732,0.4958,0.4694,0.4843,783087274.29141
2023-07-03 00:00:00+00:00,0.4843,0.4911,0.4781,0.4888,526051465.42013
2023-07-04 00:00:00+00:00,0.4889,0.4937,0.4812,0.487,445374291.19879
2023-07-05 00:00:00+00:00,0.4871,0.4917,0.465,0.4773,448594160.29361
2023-07-06 00:00:00+00:00,0.4774,0.4839,0.4607,0.4618,508616020.84622
2023-07-07 00:00:00+00:00,0.4617,0.4704,0.4563,0.4683,271191981.76182
2023-07-08 00:00:00+00:00,0.4684,0.4746,0.4646,0.4702,228751212.37019
2023-07-09 00:00:00+00:00,0.4703,0.4715,0.466,0.4677,164157334.87324
2023-07-10 00:00:00+00:00,0.4678,0.4799,0.4618,0.4775,422965616.6575
2023-07-11 00:00:00+00:00,0.4775,0.4781,0.4706,0.4749,245110570.03441
2023-07-12 00:00:00+00:00,0.475,0.477,0.4639,0.4707,319103347.15437
2023-07-13 00:00:00+00:00,0.4706,0.965,0.4692,0.8154,11048889755.76243
2023-07-14 00:00:00+00:00,0.8154,0.8272,0.6666,0.7177,6970372286.82525
2023-07-15 00:00:00+00:00,0.7178,0.7366,0.6918,0.7144,2702560406.65065
2023-07-16 00:00:00+00:00,0.7145,0.7899,0.698,0.7463,3934574354.0163
2023-07-17 00:00:00+00:00,0.7463,0.7667,0.7115,0.737,2602279535.42825
2023-07-18 00:00:00+00:00,0.7369,0.7848,0.7304,0.7776,2681517837.45019
2023-07-19 00:00:00+00:00,0.7776,0.8559,0.7678,0.8193,4742373838.24047
2023-07-20 00:00:00+00:00,0.8193,0.8489,0.771,0.794,3103712966.40222
2023-07-21 00:00:00+00:00,0.7941,0.7984,0.7587,0.7709,1722666120.24057
2023-07-22 00:00:00+00:00,0.7709,0.7797,0.7174,0.7326,1450238669.33163
2023-07-23 00:00:00+00:00,0.7326,0.7516,0.7143,0.7379,1198516702.1746
2023-07-24 00:00:00+00:00,0.7379,0.7424,0.676,0.7017,1789583782.53945
2023-07-25 00:00:00+00:00,0.7016,0.716,0.6735,0.7084,1500990351.10663
2023-07-26 00:00:00+00:00,0.7084,0.7311,0.6919,0.7156,1442363097.83737
2023-07-27 00:00:00+00:00,0.7156,0.7327,0.7055,0.7136,1122547919.12285
2023-07-28 00:00:00+00:00,0.7135,0.7187,0.7015,0.7116,627463350.39997
2023-07-29 00:00:00+00:00,0.7115,0.7156,0.7029,0.712,411608970.64309
2023-07-30 00:00:00+00:00,0.712,0.7359,0.68,0.7045,1021644285.40232
2023-07-31 00:00:00+00:00,0.7044,0.7201,0.6829,0.6973,1131750871.15933
2023-08-01 00:00:00+00:00,0.6973,0.708,0.671,0.7066,1018325412.99729
2023-08-02 00:00:00+00:00,0.7066,0.7079,0.675,0.6846,770098119.3542
2023-08-03 00:00:00+00:00,0.6845,0.6873,0.6539,0.6627,1034918705.86224
2023-08-04 00:00:00+00:00,0.6627,0.6675,0.6211,0.6353,1151469633.03106
2023-08-05 00:00:00+00:00,0.6353,0.6356,0.6102,0.6285,908984581.75896
2023-08-06 00:00:00+00:00,0.6286,0.6387,0.6212,0.6239,529033785.16926
2023-08-07 00:00:00+00:00,0.6239,0.6299,0.595,0.6232,1020770575.29173
2023-08-08 00:00:00+00:00,0.6232,0.6483,0.6137,0.6415,987673304.38206
2023-08-09 00:00:00+00:00,0.6416,0.666,0.631,0.6431,1505822216.45762
2023-08-10 00:00:00+00:00,0.6431,0.6444,0.6239,0.6329,839855920.74748
2023-08-11 00:00:00+00:00,0.633,0.641,0.6252,0.6314,507430446.60217
2023-08-12 00:00:00+00:00,0.6314,0.6334,0.621,0.6274,250314304.19078
2023-08-13 00:00:00+00:00,0.6273,0.6384,0.6232,0.6252,342734855.13365
2023-08-14 00:00:00+00:00,0.6252,0.6366,0.6237,0.6339,445913722.47621
2023-08-15 00:00:00+00:00,0.6338,0.6344,0.571,0.6099,735571385.22714
2023-08-16 00:00:00+00:00,0.61,0.6168,0.57,0.5887,958006634.70647
2023-08-17 00:00:00+00:00,0.5887,0.5946,0.4082,0.5057,1574521735.95554
2023-08-18 00:00:00+00:00,0.5057,0.523,0.482,0.5058,1543648825.35965
2023-08-19 00:00:00+00:00,0.5057,0.5248,0.5003,0.5198,621742313.93087
2023-08-20 00:00:00+00:00,0.5197,0.5582,0.5156,0.5383,1214010029.19345
2023-08-21 00:00:00+00:00,0.5382,0.5395,0.499,0.5239,1058776409.15747
2023-08-22 00:00:00+00:00,0.524,0.5254,0.5021,0.5206,765629015.37561
2023-08-23 00:00:00+00:00,0.5207,0.5365,0.5153,0.5298,599101237.34015
2023-08-24 00:00:00+00:00,0.5298,0.5316,0.5103,0.5184,438522393.58667
2023-08-25 00:00:00+00:00,0.5184,0.5316,0.5076,0.5255,667146707.95243
2023-08-26 00:00:00+00:00,0.5255,0.5281,0.5177,0.5227,263683662.62015
2023-08-27 00:00:00+00:00,0.5227,0.53,0.5157,0.5232,274810924.27484
2023-08-28 00:00:00+00:00,0.5233,0.5246,0.5099,0.5227,419919095.18595
2023-08-29 00:00:00+00:00,0.5228,0.5502,0.5127,0.5395,976376079.17186
2023-08-30 00:00:00+00:00,0.5394,0.5403,0.5201,0.5279,454141503.90868
2023-08-31 00:00:00+00:00,0.528,0.5289,0.4936,0.5106,620779080.52339
2023-09-01 00:00:00+00:00,0.5107,0.5117,0.4863,0.4975,533183322.73428
2023-09-02 00:00:00+00:00,0.4976,0.5025,0.4937,0.4985,217354642.7008
2023-09-03 00:00:00+00:00,0.4985,0.5106,0.4968,0.5044,287660590.82903
2023-09-04 00:00:00+00:00,0.5044,0.5127,0.4962,0.5083,397664710.99812
2023-09-05 00:00:00+00:00,0.5084,0.5086,0.4987,0.5051,305529598.80886
2023-09-06 00:00:00+00:00,0.5052,0.5056,0.4907,0.503,363438355.10139
2023-09-07 00:00:00+00:00,0.5031,0.5066,0.4962,0.5046,277682452.52908
2023-09-08 00:00:00+00:00,0.5047,0.5074,0.4937,0.5046,324914168.21137
2023-09-09 00:00:00+00:00,0.5046,0.5046,0.5012,0.5035,121282653.63272
2023-09-10 00:00:00+00:00,0.5034,0.5035,0.4916,0.4967,291807020.95451
2023-09-11 00:00:00+00:00,0.4968,0.498,0.4567,0.474,771596882.47446
2023-09-12 00:00:00+00:00,0.4739,0.487,0.4698,0.4799,582035360.40588
2023-09-13 00:00:00+00:00,0.48,0.4893,0.4725,0.4829,443680652.62565
2023-09-14 00:00:00+00:00,0.4828,0.4939,0.4796,0.4888,357501267.3506
2023-09-15 00:00:00+00:00,0.4889,0.5085,0.487,0.5001,535049360.00295
2023-09-16 00:00:00+00:00,0.5001,0.5032,0.4965,0.4995,232626370.23574
2023-09-17 00:00:00+00:00,0.4994,0.5001,0.4888,0.4922,275959643.58253
2023-09-18 00:00:00+00:00,0.4922,0.5075,0.4863,0.5027,493429225.18209
2023-09-19 00:00:00+00:00,0.5027,0.5166,0.5002,0.5134,461799826.65376
2023-09-20 00:00:00+00:00,0.5134,0.5253,0.5057,0.5209,629716909.70026
2023-09-21 00:00:00+00:00,0.521,0.5211,0.5,0.5068,431800915.68403
2023-09-22 00:00:00+00:00,0.5069,0.5168,0.5033,0.512,340943303.53813
2023-09-23 00:00:00+00:00,0.5119,0.5135,0.5051,0.5073,164009523.10797
2023-09-24 00:00:00+00:00,0.5073,0.5115,0.4971,0.5017,198441855.69684
2023-09-25 00:00:00+00:00,0.5017,0.5069,0.4908,0.5051,442248476.76612
2023-09-26 00:00:00+00:00,0.5052,0.5074,0.4948,0.5015,367147879.83309
2023-09-27 00:00:00+00:00,0.5014,0.507,0.4966,0.4992,377961314.12073
2023-09-28 00:00:00+00:00,0.4992,0.5099,0.495,0.5093,382362325.99619
2023-09-29 00:00:00+00:00,0.5093,0.5495,0.5058,0.5211,1257711321.45786
2023-09-30 00:00:00+00:00,0.5211,0.5214,0.5128,0.5146,338088560.83567
2023-10-01 00:00:00+00:00,0.5147,0.5262,0.5133,0.524,344601371.62496
2023-10-02 00:00:00+00:00,0.5239,0.5266,0.4955,0.5119,541313261.48613
2023-10-03 00:00:00+00:00,0.512,0.5476,0.5047,0.5386,771920348.43893
2023-10-04 00:00:00+00:00,0.5387,0.5423,0.5173,0.5323,1280532031.46146
2023-10-05 00:00:00+00:00,0.5323,0.5323,0.5148,0.5223,521667123.06198
2023-10-06 00:00:00+00:00,0.5223,0.53,0.516,0.5251,345081901.20524
2023-10-07 00:00:00+00:00,0.5251,0.5255,0.5193,0.5212,151878448.88837
2023-10-08 00:00:00+00:00,0.5213,0.5232,0.5149,0.5172,158333165.18651
2023-10-09 00:00:00+00:00,0.5171,0.5199,0.482,0.5023,573608172.17763
2023-10-10 00:00:00+00:00,0.5024,0.5024,0.4914,0.4962,345991103.41282
2023-10-11 00:00:00+00:00,0.4962,0.4975,0.4781,0.4884,468123950.38379
2023-10-12 00:00:00+00:00,0.4884,0.4884,0.4715,0.4828,412612570.27487
2023-10-13 00:00:00+00:00,0.4828,0.4906,0.4784,0.4849,326043529.52567
2023-10-14 00:00:00+00:00,0.4849,0.4881,0.4831,0.4862,124870850.86179
2023-10-15 00:00:00+00:00,0.4863,0.49,0.4847,0.4871,160974799.05805
2023-10-16 00:00:00+00:00,0.4872,0.511,0.4833,0.4973,625510023.76198
2023-10-17 00:00:00+00:00,0.4973,0.4976,0.4825,0.4908,341592562.65465
2023-10-18 00:00:00+00:00,0.4909,0.4921,0.485,0.4874,300171404.80674
2023-10-19 00:00:00+00:00,0.4874,0.5242,0.4751,0.5193,992669016.39302
2023-10-20 00:00:00+00:00,0.5193,0.5305,0.5083,0.5146,1156984100.41308
2023-10-21 00:00:00+00:00,0.5146,0.535,0.5105,0.5205,524284146.01238
2023-10-22 00:00:00+00:00,0.5205,0.5239,0.5097,0.5225,379686063.9134
2023-10-23 00:00:00+00:00,0.5225,0.554,0.5197,0.5476,1259216770.34773
2023-10-24 00:00:00+00:00,0.5476,0.5868,0.5286,0.5586,1944179818.71114
2023-10-25 00:00:00+00:00,0.5585,0.5641,0.54,0.5551,799278159.81784
2023-10-26 00:00:00+00:00,0.5552,0.57,0.542,0.5535,833238909.10196
2023-10-27 00:00:00+00:00,0.5536,0.559,0.524,0.5432,574090798.09042
2023-10-28 00:00:00+00:00,0.5433,0.5507,0.5406,0.5447,200433063.97064
2023-10-29 00:00:00+00:00,0.5448,0.5619,0.5404,0.5564,330834255.95714
2023-10-30 00:00:00+00:00,0.5564,0.5847,0.5494,0.5786,770534566.51283
2023-10-31 00:00:00+00:00,0.5786,0.6267,0.563,0.5997,1410974026.76167
2023-11-01 00:00:00+00:00,0.5997,0.6177,0.5802,0.6091,1048639043.10592
2023-11-02 00:00:00+00:00,0.6091,0.6273,0.5857,0.6057,1024781721.45848
2023-11-03 00:00:00+00:00,0.6058,0.6154,0.5914,0.6124,531893947.55338
2023-11-04 00:00:00+00:00,0.6124,0.6186,0.6084,0.6156,278536005.4396
2023-11-05 00:00:00+00:00,0.6155,0.6635,0.6141,0.661,995399266.31121
2023-11-06 00:00:00+00:00,0.661,0.7333,0.6588,0.7153,1925798640.18753
2023-11-07 00:00:00+00:00,0.7153,0.716,0.6464,0.6852,1626926209.34896
2023-11-08 00:00:00+00:00,0.6852,0.699,0.6728,0.6876,882889820.97257
2023-11-09 00:00:00+00:00,0.6876,0.7078,0.6006,0.667,1767839349.44341
2023-11-10 00:00:00+00:00,0.6671,0.672,0.6344,0.6599,849701685.50131
2023-11-11 00:00:00+00:00,0.6599,0.6883,0.6401,0.6634,865641249.95607
2023-11-12 00:00:00+00:00,0.6633,0.6717,0.6454,0.6618,484908401.86266
2023-11-13 00:00:00+00:00,0.6619,0.7535,0.6396,0.6706,1978452591.61937
2023-11-14 00:00:00+00:00,0.6705,0.6732,0.587,0.6294,1219096973.29388
2023-11-15 00:00:00+00:00,0.6295,0.6506,0.6252,0.6482,646592132.13979
2023-11-16 00:00:00+00:00,0.6483,0.6537,0.603,0.612,828965020.23862
2023-11-17 00:00:00+00:00,0.612,0.6244,0.5851,0.6133,711051772.48681
2023-11-18 00:00:00+00:00,0.6134,0.6146,0.5887,0.611,461820789.94817
2023-11-19 00:00:00+00:00,0.6109,0.6288,0.6013,0.626,580963380.90466
2023-11-20 00:00:00+00:00,0.626,0.6288,0.6058,0.6122,621240043.85008
2023-11-21 00:00:00+00:00,0.6122,0.6181,0.572,0.5786,809279037.6933
2023-11-22 00:00:00+00:00,0.5786,0.6164,0.5773,0.6113,525379803.8436
2023-11-23 00:00:00+00:00,0.6113,0.624,0.6061,0.6211,556195901.36111
2023-11-24 00:00:00+00:00,0.6211,0.6262,0.6155,0.6212,472298064.05242
2023-11-25 00:00:00+00:00,0.6211,0.6239,0.6156,0.6227,246464885.60697
2023-11-26 00:00:00+00:00,0.6227,0.6378,0.605,0.6159,625843054.85556
2023-11-27 00:00:00+00:00,0.6159,0.6171,0.5932,0.6038,493697777.33037
2023-11-28 00:00:00+00:00,0.6038,0.6141,0.5955,0.6105,404896262.64935
2023-11-29 00:00:00+00:00,0.6105,0.6176,0.6034,0.6091,356076974.75647
2023-11-30 00:00:00+00:00,0.609,0.6098,0.5973,0.6065,324270083.73357
2023-12-01 00:00:00+00:00,0.6066,0.6147,0.6033,0.6129,354423570.62633
2023-12-02 00:00:00+00:00,0.6128,0.6238,0.6113,0.6213,282663248.06636
2023-12-03 00:00:00+00:00,0.6213,0.6348,0.6171,0.6236,493339543.91262
2023-12-04 00:00:00+00:00,0.6235,0.6452,0.5589,0.625,949341908.5377
2023-12-05 00:00:00+00:00,0.625,0.6311,0.6066,0.6216,661959560.30711
2023-12-06 00:00:00+00:00,0.6216,0.6445,0.6102,0.6405,982523518.30551
2023-12-07 00:00:00+00:00,0.6405,0.6551,0.6214,0.6438,963634490.58957
2023-12-08 00:00:00+00:00,0.6437,0.6764,0.6378,0.6729,862724414.25472
2023-12-09 00:00:00+00:00,0.673,0.7015,0.6513,0.6587,1213366733.79053
2023-12-10 00:00:00+00:00,0.6587,0.6719,0.6466,0.6622,558031263.78851
2023-12-11 00:00:00+00:00,0.6621,0.6634,0.585,0.6189,1066981242.11562
2023-12-12 00:00:00+00:00,0.6189,0.6267,0.6069,0.6197,521576780.69499
2023-12-13 00:00:00+00:00,0.6197,0.635,0.5929,0.6277,677456837.37133
2023-12-14 00:00:00+00:00,0.6278,0.6383,0.6,0.6321,616968977.88152
2023-12-15 00:00:00+00:00,0.6321,0.6449,0.6115,0.6158,572379221.71136
2023-12-16 00:00:00+00:00,0.6157,0.6263,0.6101,0.6207,285268714.77784
2023-12-17 00:00:00+00:00,0.6206,0.6244,0.6085,0.6107,428845972.95044
2023-12-18 00:00:00+00:00,0.6108,0.6145,0.5786,0.6127,697392553.4643
2023-12-19 00:00:00+00:00,0.6127,0.617,0.5973,0.6048,423978918.33234
2023-12-20 00:00:00+00:00,0.6048,0.6269,0.6011,0.6174,628496617.64107
2023-12-21 00:00:00+00:00,0.6174,0.6255,0.6102,0.6246,410778657.98633
2023-12-22 00:00:00+00:00,0.6247,0.633,0.6155,0.6251,529768482.06747
2023-12-23 00:00:00+00:00,0.6251,0.6255,0.6106,0.62,287117308.34685
2023-12-24 00:00:00+00:00,0.62,0.6303,0.6,0.6129,554295029.86211
2023-12-25 00:00:00+00:00,0.6129,0.6498,0.6088,0.6467,812681568.41382
2023-12-26 00:00:00+00:00,0.6468,0.6475,0.5932,0.6225,871828338.78296
2023-12-27 00:00:00+00:00,0.6224,0.643,0.6131,0.6349,626974457.4638
2023-12-28 00:00:00+00:00,0.6348,0.6592,0.6249,0.6352,856447793.83886
2023-12-29 00:00:00+00:00,0.6353,0.637,0.6112,0.6232,553844888.73622
2023-12-30 00:00:00+00:00,0.6232,0.6305,0.6161,0.6212,308130172.40251
2023-12-31 00:00:00+00:00,0.6212,0.6294,0.605,0.6157,306314115.56546
2024-01-01 00:00:00+00:00,0.6157,0.6317,0.6087,0.6303,287097902.33137
2024-01-02 00:00:00+00:00,0.6303,0.6416,0.6217,0.625,567045182.52885
2024-01-03 00:00:00+00:00,0.625,0.6401,0.4812,0.5822,1428991614.73069
2024-01-04 00:00:00+00:00,0.5822,0.5938,0.5693,0.5868,567668657.56521
2024-01-05 00:00:00+00:00,0.5869,0.5886,0.5479,0.5756,637932204.71613
2024-01-06 00:00:00+00:00,0.5756,0.5756,0.5564,0.5679,305171749.66505
2024-01-07 00:00:00+00:00,0.5678,0.5732,0.5452,0.5511,404092215.00021
2024-01-08 00:00:00+00:00,0.5511,0.5817,0.5433,0.5776,906053678.85823
2024-01-09 00:00:00+00:00,0.5775,0.5793,0.5451,0.5669,833429954.59361
2024-01-10 00:00:00+00:00,0.5668,0.615,0.547,0.6011,1014892710.57829
2024-01-11 00:00:00+00:00,0.6011,0.6246,0.5857,0.602,885687932.79144
2024-01-12 00:00:00+00:00,0.602,0.6039,0.55,0.5698,780772562.30625
2024-01-13 00:00:00+00:00,0.5698,0.5776,0.5628,0.5748,261600669.90282
2024-01-14 00:00:00+00:00,0.5748,0.5935,0.5715,0.5765,443697680.71639
2024-01-15 00:00:00+00:00,0.5765,0.5898,0.5684,0.5757,377888029.69127
2024-01-16 00:00:00+00:00,0.5756,0.5798,0.5656,0.5758,368699303.36814
2024-01-17 00:00:00+00:00,0.5759,0.5764,0.5608,0.5688,330452025.27938
2024-01-18 00:00:00+00:00,0.5688,0.5692,0.5416,0.5521,432020000.03974
2024-01-19 00:00:00+00:00,0.5521,0.5539,0.5215,0.5443,540320123.38637
2024-01-20 00:00:00+00:00,0.5442,0.5553,0.539,0.5535,265964796.56375
2024-01-21 00:00:00+00:00,0.5534,0.5554,0.5451,0.5465,180513599.04286
2024-01-22 00:00:00+00:00,0.5465,0.5499,0.517,0.5276,537067186.56088
2024-01-23 00:00:00+00:00,0.5275,0.5318,0.4958,0.518,632577370.17558
2024-01-24 00:00:00+00:00,0.518,0.5193,0.511,0.5181,294107921.06736
2024-01-25 00:00:00+00:00,0.5181,0.5182,0.5036,0.5138,288102035.60512
2024-01-26 00:00:00+00:00,0.5138,0.5367,0.5084,0.532,345555173.66149
2024-01-27 00:00:00+00:00,0.532,0.5348,0.526,0.5301,192719123.34017
2024-01-28 00:00:00+00:00,0.5301,0.5354,0.5206,0.5239,259840056.71837
2024-01-29 00:00:00+00:00,0.524,0.5399,0.5187,0.5348,397265123.32036
2024-01-30 00:00:00+00:00,0.5348,0.539,0.5065,0.5106,604080321.49872
2024-01-31 00:00:00+00:00,0.5107,0.5143,0.484,0.5031,740632871.71705
2024-02-01 00:00:00+00:00,0.503,0.5105,0.4898,0.5056,428958425.24535
2024-02-02 00:00:00+00:00,0.5057,0.514,0.4981,0.5102,329376576.56605
2024-02-03 00:00:00+00:00,0.5101,0.5268,0.5057,0.5186,444615983.77938
2024-02-04 00:00:00+00:00,0.5186,0.5191,0.4996,0.5029,280144285.85306
2024-02-05 00:00:00+00:00,0.503,0.5141,0.4964,0.5065,366002236.66869
2024-02-06 00:00:00+00:00,0.5066,0.5111,0.4975,0.5048,322427110.10027
2024-02-07 00:00:00+00:00,0.5049,0.5154,0.4993,0.5136,373709520.28754
2024-02-08 00:00:00+00:00,0.5136,0.5196,0.51,0.5144,409358817.7636
2024-02-09 00:00:00+00:00,0.5145,0.5283,0.5138,0.526,414323900.5231
2024-02-10 00:00:00+00:00,0.526,0.5281,0.5183,0.5239,220794268.80621
2024-02-11 00:00:00+00:00,0.5239,0.5362,0.5215,0.526,350394816.85685
2024-02-12 00:00:00+00:00,0.526,0.5382,0.5142,0.5317,508907630.78961
2024-02-13 00:00:00+00:00,0.5318,0.5342,0.5132,0.525,521983219.71429
2024-02-14 00:00:00+00:00,0.525,0.5423,0.5205,0.538,523912105.24108
2024-02-15 00:00:00+00:00,0.538,0.5771,0.5372,0.5625,952814449.06244
2024-02-16 00:00:00+00:00,0.5624,0.5797,0.552,0.5646,791580884.4002
2024-02-17 00:00:00+00:00,0.5646,0.5659,0.5391,0.55,413777020.94186
2024-02-18 00:00:00+00:00,0.55,0.563,0.5473,0.5577,324832793.43614
2024-02-19 00:00:00+00:00,0.5577,0.5685,0.5542,0.563,497046755.9564
2024-02-20 00:00:00+00:00,0.563,0.576,0.5374,0.5628,987811036.22009
2024-02-21 00:00:00+00:00,0.5627,0.5635,0.533,0.5495,639611340.32584
2024-02-22 00:00:00+00:00,0.5495,0.5525,0.5368,0.5413,501255541.41538
2024-02-23 00:00:00+00:00,0.5413,0.5444,0.5252,0.5345,553568744.68638
2024-02-24 00:00:00+00:00,0.5344,0.5485,0.5316,0.5453,291013552.34242
2024-02-25 00:00:00+00:00,0.5454,0.5493,0.5424,0.5431,246770246.17118
2024-02-26 00:00:00+00:00,0.5431,0.5537,0.5292,0.5512,576719231.7367
2024-02-27 00:00:00+00:00,0.5512,0.5977,0.5482,0.5869,1212180587.37058
2024-02-28 00:00:00+00:00,0.5869,0.6076,0.5147,0.5755,1651328653.23715
2024-02-29 00:00:00+00:00,0.5755,0.6269,0.5672,0.5872,1857959200.57512
2024-03-01 00:00:00+00:00,0.5872,0.6041,0.5834,0.6019,776603277.84306
2024-03-02 00:00:00+00:00,0.6018,0.6525,0.6,0.6449,1439601399.37318
2024-03-03 00:00:00+00:00,0.645,0.6455,0.58,0.6272,1047456694.96101
2024-03-04 00:00:00+00:00,0.6271,0.667,0.6088,0.6484,1736150905.58591
2024-03-05 00:00:00+00:00,0.6485,0.6699,0.5235,0.5915,2517889912.38744
2024-03-06 00:00:00+00:00,0.5915,0.625,0.5759,0.6128,1198485002.75502
2024-03-07 00:00:00+00:00,0.6128,0.6399,0.6069,0.628,1232180362.48906
2024-03-08 00:00:00+00:00,0.628,0.6349,0.592,0.6204,985099628.52501
2024-03-09 00:00:00+00:00,0.6204,0.6331,0.6163,0.6206,555897629.17519
2024-03-10 00:00:00+00:00,0.6206,0.6288,0.5966,0.6086,682454769.88936
2024-03-11 00:00:00+00:00,0.6087,0.7455,0.581,0.7243,3251943545.1534
2024-03-12 00:00:00+00:00,0.7242,0.735,0.6565,0.6886,2665586716.44179
2024-03-13 00:00:00+00:00,0.6887,0.7033,0.6688,0.6898,1098592136.13086
2024-03-14 00:00:00+00:00,0.6898,0.7085,0.6375,0.6698,1691318573.68596
2024-03-15 00:00:00+00:00,0.6698,0.6767,0.5945,0.6348,1751701163.24111
2024-03-16 00:00:00+00:00,0.6347,0.6484,0.5922,0.6036,1101266213.78234
2024-03-17 00:00:00+00:00,0.6036,0.6253,0.5869,0.6198,828692849.18699
2024-03-18 00:00:00+00:00,0.6198,0.6691,0.5946,0.6457,1429100416.69342
2024-03-19 00:00:00+00:00,0.6457,0.6494,0.5712,0.585,2095427162.94777
2024-03-20 00:00:00+00:00,0.585,0.6191,0.5679,0.6112,1468042877.59969
2024-03-21 00:00:00+00:00,0.6112,0.655,0.5976,0.6412,1531882914.21966
2024-03-22 00:00:00+00:00,0.6412,0.646,0.599,0.6119,1049186202.19627
2024-03-23 00:00:00+00:00,0.6119,0.6334,0.603,0.6172,538821247.66541
2024-03-24 00:00:00+00:00,0.6173,0.6362,0.6136,0.6333,598942419.49179
2024-03-25 00:00:00+00:00,0.6333,0.6636,0.6267,0.6408,974149212.62547
2024-03-26 00:00:00+00:00,0.6408,0.6534,0.6252,0.6323,730011695.18946
2024-03-27 00:00:00+00:00,0.6324,0.6355,0.6056,0.6123,824024464.29156
2024-03-28 00:00:00+00:00,0.6123,0.638,0.6036,0.6252,718116721.66139
2024-03-29 00:00:00+00:00,0.6252,0.6464,0.609,0.6308,883435677.2909
2024-03-30 00:00:00+00:00,0.6307,0.638,0.618,0.6217,444951844.18616
2024-03-31 00:00:00+00:00,0.6217,0.6311,0.621,0.6297,256356526.63073
2024-04-01 00:00:00+00:00,0.6297,0.6345,0.595,0.6115,777793341.61051
2024-04-02 00:00:00+00:00,0.6115,0.619,0.5792,0.5858,1054886520.98574
2024-04-03 00:00:00+00:00,0.5858,0.5934,0.5665,0.5746,672758250.0072
2024-04-04 00:00:00+00:00,0.5746,0.6174,0.5626,0.5937,1109569366.81295
2024-04-05 00:00:00+00:00,0.5938,0.5944,0.5687,0.5872,635959876.93046
2024-04-06 00:00:00+00:00,0.5873,0.5992,0.5856,0.5932,291816368.05107
2024-04-07 00:00:00+00:00,0.5933,0.6033,0.5897,0.5948,321113669.91341
2024-04-08 00:00:00+00:00,0.5948,0.6271,0.588,0.6152,740447535.1689
2024-04-09 00:00:00+00:00,0.6153,0.6439,0.6014,0.6145,1004119206.64986
2024-04-10 00:00:00+00:00,0.6145,0.621,0.5925,0.6176,768377329.77117
2024-04-11 00:00:00+00:00,0.6177,0.6219,0.6034,0.6089,494621633.15982
2024-04-12 00:00:00+00:00,0.6089,0.6164,0.4907,0.5469,1216760757.66458
2024-04-13 00:00:00+00:00,0.5469,0.5492,0.4099,0.4786,1610506211.04454
2024-04-14 00:00:00+00:00,0.4786,0.507,0.4636,0.5029,1019346103.40242
2024-04-15 00:00:00+00:00,0.503,0.5188,0.4808,0.4973,950413317.38131
2024-04-16 00:00:00+00:00,0.4974,0.5017,0.475,0.496,777011151.2708
2024-04-17 00:00:00+00:00,0.496,0.5078,0.4713,0.4947,799023542.21148
2024-04-18 00:00:00+00:00,0.4948,0.5055,0.4854,0.5022,555520599.71498
2024-04-19 00:00:00+00:00,0.5021,0.5105,0.466,0.5027,855650053.63975
2024-04-20 00:00:00+00:00,0.5026,0.5298,0.4978,0.5285,567445528.02024
2024-04-21 00:00:00+00:00,0.5285,0.5366,0.518,0.5243,426683307.78984
2024-04-22 00:00:00+00:00,0.5243,0.5713,0.5217,0.5558,711431104.50447
2024-04-23 00:00:00+00:00,0.5558,0.5573,0.5413,0.5443,513541788.34906
2024-04-24 00:00:00+00:00,0.5442,0.5517,0.5206,0.5271,636131205.61124
2024-04-25 00:00:00+00:00,0.527,0.5325,0.5133,0.5251,475810053.12604
2024-04-26 00:00:00+00:00,0.5251,0.5358,0.5139,0.5257,448167470.5205
2024-04-27 00:00:00+00:00,0.5257,0.5263,0.5063,0.5176,344084030.45205
2024-04-28 00:00:00+00:00,0.5176,0.525,0.5079,0.5099,232991788.59059
2024-04-29 00:00:00+00:00,0.5099,0.5174,0.4982,0.5147,444820986.56415
2024-04-30 00:00:00+00:00,0.5148,0.5196,0.4855,0.5004,559481883.60631
2024-05-01 00:00:00+00:00,0.5003,0.5213,0.4772,0.5173,760596017.38286
2024-05-02 00:00:00+00:00,0.5174,0.5242,0.5065,0.5178,425443813.76471
2024-05-03 00:00:00+00:00,0.5177,0.5364,0.5143,0.5312,387600691.90305
2024-05-04 00:00:00+00:00,0.5313,0.5408,0.5268,0.5299,275898784.36952
2024-05-05 00:00:00+00:00,0.5299,0.5333,0.5236,0.5292,207591571.28377
2024-05-06 00:00:00+00:00,0.5293,0.57,0.5244,0.5398,928531872.16096
2024-05-07 00:00:00+00:00,0.5398,0.5441,0.5213,0.5242,523424706.58979
2024-05-08 00:00:00+00:00,0.5242,0.5295,0.5149,0.5168,413228328.85462
2024-05-09 00:00:00+00:00,0.5169,0.5234,0.5083,0.5206,330082228.57877
2024-05-10 00:00:00+00:00,0.5206,0.5206,0.4963,0.5019,428714807.54415
2024-05-11 00:00:00+00:00,0.5019,0.5077,0.5002,0.5057,162316449.32496
2024-05-12 00:00:00+00:00,0.5057,0.5084,0.495,0.4989,165097686.29667
2024-05-13 00:00:00+00:00,0.4989,0.5119,0.4861,0.505,414963639.85481
2024-05-14 00:00:00+00:00,0.505,0.513,0.4967,0.4999,395204884.00129
2024-05-15 00:00:00+00:00,0.5,0.5193,0.496,0.5186,358140941.25064
2024-05-16 00:00:00+00:00,0.5186,0.5225,0.5119,0.5155,340162591.46391
2024-05-17 00:00:00+00:00,0.5155,0.5291,0.5132,0.5231,262819780.76341
2024-05-18 00:00:00+00:00,0.5231,0.5253,0.5182,0.521,148033853.09427
2024-05-19 00:00:00+00:00,0.521,0.5233,0.5056,0.5091,197193608.88801
2024-05-20 00:00:00+00:00,0.5092,0.5382,0.5058,0.5379,456683895.3589
2024-05-21 00:00:00+00:00,0.5379,0.5575,0.5317,0.5372,642957922.56532
2024-05-22 00:00:00+00:00,0.5372,0.5384,0.5212,0.5272,376205483.64388
2024-05-23 00:00:00+00:00,0.5272,0.5498,0.4965,0.529,853229686.6917
2024-05-24 00:00:00+00:00,0.529,0.5378,0.5169,0.5364,393861816.14123
2024-05-25 00:00:00+00:00,0.5364,0.543,0.5322,0.542,233234151.65635
2024-05-26 00:00:00+00:00,0.542,0.5424,0.5256,0.5285,202652179.74685
2024-05-27 00:00:00+00:00,0.5285,0.5414,0.5239,0.5343,305818331.42252
2024-05-28 00:00:00+00:00,0.5343,0.5359,0.5211,0.5291,347395701.23595
2024-05-29 00:00:00+00:00,0.529,0.5339,0.5202,0.5239,322931786.72388
2024-05-30 00:00:00+00:00,0.5239,0.5288,0.5125,0.519,311329199.00107
2024-05-31 00:00:00+00:00,0.5189,0.5264,0.5119,0.5179,292250515.5333
2024-06-01 00:00:00+00:00,0.5179,0.5224,0.5177,0.5189,124273538.04436
2024-06-02 00:00:00+00:00,0.5189,0.5216,0.5082,0.5137,209224839.78048
2024-06-03 00:00:00+00:00,0.5138,0.5235,0.5118,0.5203,268484519.26866
2024-06-04 00:00:00+00:00,0.5202,0.5309,0.5185,0.526,318178277.06824
2024-06-05 00:00:00+00:00,0.5259,0.5334,0.5236,0.5263,278331046.17253
2024-06-06 00:00:00+00:00,0.5263,0.5285,0.5162,0.5218,244461762.34545
2024-06-07 00:00:00+00:00,0.5218,0.5285,0.4475,0.4989,696728387.21208
2024-06-08 00:00:00+00:00,0.499,0.501,0.4896,0.4926,223391134.22213
2024-06-09 00:00:00+00:00,0.4925,0.4992,0.4905,0.4985,124373674.24788
2024-06-10 00:00:00+00:00,0.4986,0.5061,0.4931,0.497,289589329.85636
2024-06-11 00:00:00+00:00,0.4969,0.4972,0.47,0.4803,505455623.93051
2024-06-12 00:00:00+00:00,0.4802,0.4988,0.4739,0.4915,407972555.81862
2024-06-13 00:00:00+00:00,0.4916,0.4918,0.4754,0.4768,295884705.53608
2024-06-14 00:00:00+00:00,0.4769,0.4814,0.4584,0.4745,342519639.5703
2024-06-15 00:00:00+00:00,0.4744,0.5051,0.4738,0.4906,280678764.47533
2024-06-16 00:00:00+00:00,0.4906,0.4994,0.4874,0.4889,248473198.9129
2024-06-17 00:00:00+00:00,0.489,0.521,0.4838,0.5044,851505908.92372
2024-06-18 00:00:00+00:00,0.5044,0.5094,0.4641,0.4907,841513262.18003
2024-06-19 00:00:00+00:00,0.4907,0.4994,0.4867,0.493,339177553.88178
2024-06-20 00:00:00+00:00,0.493,0.5024,0.488,0.4885,338484147.29502
2024-06-21 00:00:00+00:00,0.4884,0.4957,0.4792,0.4888,354192331.34786
2024-06-22 00:00:00+00:00,0.4888,0.4895,0.4838,0.4864,114173581.18052
2024-06-23 00:00:00+00:00,0.4863,0.489,0.4724,0.4796,161383230.80544
2024-06-24 00:00:00+00:00,0.4796,0.4824,0.4604,0.4738,410700674.67276
2024-06-25 00:00:00+00:00,0.4738,0.4801,0.4728,0.4755,224381863.98394
2024-06-26 00:00:00+00:00,0.4755,0.4781,0.4644,0.4696,234658626.32293
2024-06-27 00:00:00+00:00,0.4696,0.4771,0.4656,0.4752,210358759.16376
2024-06-28 00:00:00+00:00,0.4753,0.4809,0.4686,0.4715,290172339.29643
2024-06-29 00:00:00+00:00,0.4716,0.4768,0.4713,0.4724,98829420.88371
2024-06-30 00:00:00+00:00,0.4724,0.4781,0.4697,0.476,143650586.44127
2024-07-01 00:00:00+00:00,0.476,0.4849,0.4752,0.4768,228365696.33412
2024-07-02 00:00:00+00:00,0.4767,0.4889,0.4756,0.4853,249258350.52228
2024-07-03 00:00:00+00:00,0.4852,0.4868,0.4606,0.4668,359873885.84142
2024-07-04 00:00:00+00:00,0.4669,0.4694,0.431,0.4326,543517837.10581
2024-07-05 00:00:00+00:00,0.4327,0.4332,0.3812,0.4249,787105798.55194
2024-07-06 00:00:00+00:00,0.4248,0.4495,0.4233,0.4487,225096511.07742
2024-07-07 00:00:00+00:00,0.4486,0.449,0.4179,0.4194,266021797.82365
2024-07-08 00:00:00+00:00,0.4194,0.4435,0.4028,0.4314,558057765.01497
2024-07-09 00:00:00+00:00,0.4314,0.438,0.4265,0.4355,252113552.61792
2024-07-10 00:00:00+00:00,0.4354,0.4424,0.4308,0.4385,237442083.0226
2024-07-11 00:00:00+00:00,0.4385,0.4559,0.436,0.4488,361755148.85208
2024-07-12 00:00:00+00:00,0.4488,0.4782,0.4441,0.4742,660373229.84198
2024-07-13 00:00:00+00:00,0.4742,0.5658,0.4734,0.5255,1815531763.68026
2024-07-14 00:00:00+00:00,0.5255,0.5396,0.5135,0.5202,879603497.17053
2024-07-15 00:00:00+00:00,0.5203,0.5402,0.5201,0.5368,712658055.45435
2024-07-16 00:00:00+00:00,0.5369,0.5946,0.532,0.5791,1578431199.97637
2024-07-17 00:00:00+00:00,0.579,0.6376,0.578,0.6257,1634350194.89502
2024-07-18 00:00:00+00:00,0.6256,0.6366,0.5568,0.5693,1412285494.89662
2024-07-19 00:00:00+00:00,0.5693,0.5863,0.539,0.5729,1099193439.04879
2024-07-20 00:00:00+00:00,0.573,0.6045,0.5704,0.5936,753114885.14555
2024-07-21 00:00:00+00:00,0.5936,0.608,0.5714,0.5984,790789056.89221
2024-07-22 00:00:00+00:00,0.5983,0.6229,0.5852,0.6076,851697306.74596
2024-07-23 00:00:00+00:00,0.6076,0.6168,0.5796,0.5972,751198141.11728
2024-07-24 00:00:00+00:00,0.5972,0.6328,0.5911,0.6175,855962655.99247
2024-07-25 00:00:00+00:00,0.6175,0.6259,0.5837,0.5993,1201170160.67922
2024-07-26 00:00:00+00:00,0.5993,0.6089,0.5856,0.6032,584861497.33602
2024-07-27 00:00:00+00:00,0.6031,0.609,0.5826,0.5954,484656257.43357
2024-07-28 00:00:00+00:00,0.5954,0.6146,0.5907,0.601,416158467.90217
2024-07-29 00:00:00+00:00,0.601,0.6123,0.5916,0.6016,501117248.14252
2024-07-30 00:00:00+00:00,0.6017,0.638,0.5951,0.6274,1182150488.67092
2024-07-31 00:00:00+00:00,0.6274,0.6583,0.6213,0.623,1513829288.00204
2024-08-01 00:00:00+00:00,0.6229,0.6301,0.5673,0.5962,1117502242.54754
2024-08-02 00:00:00+00:00,0.5961,0.5967,0.5458,0.5605,956594828.40476
2024-08-03 00:00:00+00:00,0.5605,0.5775,0.54,0.5556,718379786.27996
2024-08-04 00:00:00+00:00,0.5556,0.5587,0.5128,0.5227,658087098.1344
2024-08-05 00:00:00+00:00,0.5227,0.5256,0.4315,0.4887,1958742293.71038
2024-08-06 00:00:00+00:00,0.4887,0.5188,0.4875,0.5057,645433365.92119
2024-08-07 00:00:00+00:00,0.5057,0.6441,0.492,0.6001,2073641656.46234
2024-08-08 00:00:00+00:00,0.6001,0.6422,0.5783,0.6164,2117040154.63144
2024-08-09 00:00:00+00:00,0.6163,0.6241,0.5673,0.5801,1104612575.35978
2024-08-10 00:00:00+00:00,0.5801,0.6018,0.5776,0.5837,607622184.44814
2024-08-11 00:00:00+00:00,0.5838,0.5931,0.545,0.5525,611316794.35642
2024-08-12 00:00:00+00:00,0.5525,0.5792,0.5498,0.568,720385496.26126
2024-08-13 00:00:00+00:00,0.568,0.5833,0.5622,0.5765,561548114.45127
2024-08-14 00:00:00+00:00,0.5765,0.5829,0.5633,0.5684,441331430.41939
2024-08-15 00:00:00+00:00,0.5684,0.5738,0.5505,0.5605,436763145.32538
2024-08-16 00:00:00+00:00,0.5605,0.5714,0.553,0.5634,368522146.97318
2024-08-17 00:00:00+00:00,0.5634,0.571,0.5607,0.5661,130079867.64044
2024-08-18 00:00:00+00:00,0.5661,0.5844,0.5622,0.5628,260450572.47659
2024-08-19 00:00:00+00:00,0.5629,0.6089,0.5605,0.598,710493834.93858
2024-08-20 00:00:00+00:00,0.5981,0.6148,0.5871,0.5933,526800793.44943
2024-08-21 00:00:00+00:00,0.5934,0.6052,0.5845,0.5997,423606475.94131
2024-08-22 00:00:00+00:00,0.5997,0.6058,0.5917,0.5974,287185085.21189
2024-08-23 00:00:00+00:00,0.5974,0.6157,0.5903,0.6105,452155035.05191
2024-08-24 00:00:00+00:00,0.6105,0.6311,0.604,0.6121,488199864.2089
2024-08-25 00:00:00+00:00,0.6121,0.6137,0.5946,0.5996,337862010.01363
2024-08-26 00:00:00+00:00,0.5996,0.6017,0.5768,0.5871,389419565.18924
2024-08-27 00:00:00+00:00,0.5871,0.6,0.5517,0.5662,563653175.25849
2024-08-28 00:00:00+00:00,0.5662,0.5843,0.5554,0.569,537072530.56934
2024-08-29 00:00:00+00:00,0.569,0.5765,0.5568,0.5615,260783683.54135
2024-08-30 00:00:00+00:00,0.5616,0.5675,0.5458,0.5665,336372266.55919
2024-08-31 00:00:00+00:00,0.5666,0.5719,0.5621,0.5661,133989541.29284
2024-09-01 00:00:00+00:00,0.5661,0.5664,0.5424,0.5467,269533839.49757
2024-09-02 00:00:00+00:00,0.5468,0.5685,0.5439,0.5674,244479666.93223
2024-09-03 00:00:00+00:00,0.5675,0.5723,0.5551,0.5569,253458245.79068
2024-09-04 00:00:00+00:00,0.557,0.5645,0.5321,0.5576,357258995.2049
2024-09-05 00:00:00+00:00,0.5577,0.5595,0.5392,0.5441,230381905.59892
2024-09-06 00:00:00+00:00,0.544,0.5471,0.5021,0.5206,449214463.56329
2024-09-07 00:00:00+00:00,0.5207,0.5325,0.5194,0.5246,152462623.02245
2024-09-08 00:00:00+00:00,0.5245,0.5313,0.5204,0.5292,137137590.2311
2024-09-09 00:00:00+00:00,0.5292,0.5427,0.5266,0.5392,233044333.41809
2024-09-10 00:00:00+00:00,0.5393,0.5425,0.5333,0.5405,182367867.39212
2024-09-11 00:00:00+00:00,0.5405,0.541,0.5227,0.5346,280762835.55319
2024-09-12 00:00:00+00:00,0.5345,0.5882,0.5331,0.5624,826196855.04162
2024-09-13 00:00:00+00:00,0.5624,0.5748,0.555,0.5722,509118428.10283
2024-09-14 00:00:00+00:00,0.5722,0.5999,0.5701,0.5953,573115610.71302
2024-09-15 00:00:00+00:00,0.5953,0.5955,0.5675,0.5703,360748013.97596
2024-09-16 00:00:00+00:00,0.5703,0.5914,0.5593,0.5861,450202824.08355
2024-09-17 00:00:00+00:00,0.5861,0.593,0.5785,0.5836,348484738.65802
2024-09-18 00:00:00+00:00,0.5835,0.5854,0.5616,0.5851,422553005.55637
2024-09-19 00:00:00+00:00,0.585,0.5944,0.5809,0.5867,457044980.11462
2024-09-20 00:00:00+00:00,0.5867,0.5928,0.5759,0.5847,425568293.45948
2024-09-21 00:00:00+00:00,0.5847,0.6128,0.5797,0.5973,367209754.83751
2024-09-22 00:00:00+00:00,0.5974,0.605,0.577,0.5869,398730889.39351
2024-09-23 00:00:00+00:00,0.5869,0.5956,0.5782,0.5845,316407006.26065
2024-09-24 00:00:00+00:00,0.5844,0.5927,0.5809,0.5909,316007195.06421
2024-09-25 00:00:00+00:00,0.5908,0.5956,0.582,0.5827,272818700.6786
2024-09-26 00:00:00+00:00,0.5827,0.5963,0.5735,0.5903,383237208.29736
2024-09-27 00:00:00+00:00,0.5902,0.5971,0.5821,0.5885,424544586.72268
2024-09-28 00:00:00+00:00,0.5885,0.626,0.585,0.6136,1109388335.09682
2024-09-29 00:00:00+00:00,0.6137,0.6661,0.6075,0.6412,1292266432.80332
2024-09-30 00:00:00+00:00,0.6412,0.655,0.6083,0.6113,1071653599.72635
2024-10-01 00:00:00+00:00,0.6113,0.6342,0.5768,0.5966,1467789144.40163
2024-10-02 00:00:00+00:00,0.5965,0.6065,0.5267,0.5379,1114454855.4194
2024-10-03 00:00:00+00:00,0.5379,0.5441,0.5066,0.5214,949174640.97194
2024-10-04 00:00:00+00:00,0.5214,0.5386,0.5146,0.5338,455998971.34349
2024-10-05 00:00:00+00:00,0.5338,0.5351,0.5256,0.5291,237520609.06134
2024-10-06 00:00:00+00:00,0.5291,0.537,0.5276,0.5334,192310560.0534
2024-10-07 00:00:00+00:00,0.5334,0.5458,0.528,0.5282,409102744.98633
2024-10-08 00:00:00+00:00,0.5282,0.5361,0.5206,0.5308,287117415.07128
2024-10-09 00:00:00+00:00,0.5307,0.5345,0.5206,0.5241,238128905.55016
2024-10-10 00:00:00+00:00,0.5241,0.5448,0.5224,0.5303,415795033.07234
2024-10-11 00:00:00+00:00,0.5303,0.5417,0.5294,0.5386,267965365.46557
2024-10-12 00:00:00+00:00,0.5386,0.5431,0.535,0.539,160391531.02149
2024-10-13 00:00:00+00:00,0.5391,0.5393,0.5246,0.5316,195493860.86905
2024-10-14 00:00:00+00:00,0.5317,0.5524,0.5279,0.5484,330090483.87224
2024-10-15 00:00:00+00:00,0.5484,0.5555,0.5311,0.5415,496973306.94781
2024-10-16 00:00:00+00:00,0.5415,0.5539,0.537,0.5481,317224292.01638
2024-10-17 00:00:00+00:00,0.548,0.5665,0.5414,0.5439,536335954.97895
2024-10-18 00:00:00+00:00,0.5439,0.553,0.5392,0.5465,293656664.17752
2024-10-19 00:00:00+00:00,0.5465,0.5499,0.5402,0.5438,151386130.82424
2024-10-20 00:00:00+00:00,0.5438,0.5488,0.5361,0.5483,204672256.22054
2024-10-21 00:00:00+00:00,0.5484,0.561,0.5411,0.5448,444185593.64486
2024-10-22 00:00:00+00:00,0.5448,0.5496,0.5286,0.5336,344524828.82812
2024-10-23 00:00:00+00:00,0.5336,0.534,0.5113,0.5257,295096493.03407
2024-10-24 00:00:00+00:00,0.5256,0.5337,0.524,0.5322,198633985.2516
2024-10-25 00:00:00+00:00,0.5322,0.5322,0.4858,0.5017,429262752.52934
2024-10-26 00:00:00+00:00,0.5017,0.5153,0.4985,0.5133,186244545.17102
2024-10-27 00:00:00+00:00,0.5132,0.5178,0.5107,0.5167,110209526.03838
2024-10-28 00:00:00+00:00,0.5166,0.5216,0.5109,0.5192,201971034.53503
2024-10-29 00:00:00+00:00,0.5192,0.531,0.5183,0.5286,268047986.90029
2024-10-30 00:00:00+00:00,0.5287,0.5287,0.5193,0.5231,201716347.22235
2024-10-31 00:00:00+00:00,0.5231,0.524,0.5027,0.5095,271228007.04687
2024-11-01 00:00:00+00:00,0.5095,0.5244,0.5022,0.513,435732175.69672
2024-11-02 00:00:00+00:00,0.513,0.5161,0.5061,0.5103,127430013.17597
2024-11-03 00:00:00+00:00,0.5103,0.5111,0.4914,0.5029,297492932.21316
2024-11-04 00:00:00+00:00,0.5029,0.5146,0.4955,0.5032,302488212.00847
2024-11-05 00:00:00+00:00,0.5032,0.5188,0.5016,0.514,261685344.22957
2024-11-06 00:00:00+00:00,0.514,0.5471,0.5139,0.5421,614793879.9854
2024-11-07 00:00:00+00:00,0.5422,0.5786,0.538,0.5559,661862766.61639
2024-11-08 00:00:00+00:00,0.5559,0.5604,0.5415,0.5541,399987050.19862
2024-11-09 00:00:00+00:00,0.554,0.5625,0.5435,0.5596,369551819.393
2024-11-10 00:00:00+00:00,0.5596,0.6193,0.5559,0.5888,1315927062.66717
2024-11-11 00:00:00+00:00,0.5888,0.634,0.5706,0.6216,1339010276.13957
2024-11-12 00:00:00+00:00,0.6217,0.7404,0.5972,0.7048,4141323674.5837
2024-11-13 00:00:00+00:00,0.7048,0.7491,0.6408,0.6901,2881758184.92832
2024-11-14 00:00:00+00:00,0.6901,0.8478,0.6827,0.7741,3551714483.0853
2024-11-15 00:00:00+00:00,0.7741,0.9283,0.7705,0.8924,4881307513.1975
2024-11-16 00:00:00+00:00,0.8925,1.27,0.8782,1.122,9630255449.86565
2024-11-17 00:00:00+00:00,1.1219,1.1612,1.0048,1.055,4968802485.75466
2024-11-18 00:00:00+00:00,1.0551,1.1874,1.0551,1.1151,4351139167.97346
2024-11-19 00:00:00+00:00,1.115,1.1492,1.0692,1.1012,2433718389.2281
2024-11-20 00:00:00+00:00,1.1012,1.152,1.0561,1.1045,2586661645.53179
2024-11-21 00:00:00+00:00,1.1045,1.2663,1.0771,1.2477,3969282926.66466
2024-11-22 00:00:00+00:00,1.2478,1.5036,1.2474,1.4739,8611531081.56854
2024-11-23 00:00:00+00:00,1.4739,1.635,1.4136,1.4697,5827142639.47687
2024-11-24 00:00:00+00:00,1.4698,1.514,1.2795,1.4334,4472043684.81813
2024-11-25 00:00:00+00:00,1.4335,1.54,1.3561,1.4151,4894205635.95471
2024-11-26 00:00:00+00:00,1.415,1.4588,1.2848,1.3993,4005686772.224
2024-11-27 00:00:00+00:00,1.3992,1.5233,1.3527,1.4709,3092160765.08235
2024-11-28 00:00:00+00:00,1.4709,1.548,1.4309,1.5431,2270412411.02626
2024-11-29 00:00:00+00:00,1.543,1.8162,1.5242,1.8019,6289693270.51572
2024-11-30 00:00:00+00:00,1.8019,1.9593,1.7655,1.953,7215744008.83232
2024-12-01 00:00:00+00:00,1.9529,2.3549,1.8472,2.2942,8726869389.41545
2024-12-02 00:00:00+00:00,2.2942,2.8767,2.2168,2.7243,22687182031.46203
2024-12-03 00:00:00+00:00,2.7242,2.916,2.286,2.5127,18360651051.60881
2024-12-04 00:00:00+00:00,2.5127,2.6859,2.281,2.36,8649282921.43263
2024-12-05 00:00:00+00:00,2.3599,2.4966,2.18,2.2455,8729443566.76518
2024-12-06 00:00:00+00:00,2.2454,2.465,2.2275,2.4266,5354072307.25172
2024-12-07 00:00:00+00:00,2.4267,2.6227,2.3851,2.612,4423104601.89543
2024-12-08 00:00:00+00:00,2.6119,2.6488,2.4858,2.6031,3922731451.77688
2024-12-09 00:00:00+00:00,2.603,2.609,2.01,2.2122,7637744365.75925
2024-12-10 00:00:00+00:00,2.2122,2.415,1.9001,2.3688,9603303894.25335
2024-12-11 00:00:00+00:00,2.3688,2.4698,2.2296,2.3939,5280785891.73318
2024-12-12 00:00:00+00:00,2.3938,2.4841,2.3064,2.3377,4291952474.54106
2024-12-13 00:00:00+00:00,2.3376,2.4799,2.2825,2.422,3520858044.46555
2024-12-14 00:00:00+00:00,2.4219,2.5324,2.3534,2.3997,3235199462.45319
2024-12-15 00:00:00+00:00,2.3998,2.4735,2.3652,2.4473,2368114915.24507
2024-12-16 00:00:00+00:00,2.4473,2.5868,2.3262,2.4847,4623789880.90425
2024-12-17 00:00:00+00:00,2.4847,2.7289,2.44,2.5655,6471241085.38342
2024-12-18 00:00:00+00:00,2.5655,2.5919,2.2313,2.309,6206275836.60009
2024-12-19 00:00:00+00:00,2.3089,2.4299,2.16,2.2386,6414367957.12284
2024-12-20 00:00:00+00:00,2.2386,2.3558,1.9602,2.2786,7022531548.88369
2024-12-21 00:00:00+00:00,2.2787,2.3858,2.1917,2.2374,3393646816.88057
2024-12-22 00:00:00+00:00,2.2374,2.2933,2.1597,2.2025,2340356035.44724
2024-12-23 00:00:00+00:00,2.2025,2.2784,2.1302,2.2611,2919671720.9752
2024-12-24 00:00:00+00:00,2.2612,2.35,2.213,2.3224,1972837757.71802
2024-12-25 00:00:00+00:00,2.3224,2.3322,2.2601,2.2968,1283515844.86672
2024-12-26 00:00:00+00:00,2.2968,2.3161,2.1267,2.1549,2063330601.42661
2024-12-27 00:00:00+00:00,2.1549,2.2365,2.1128,2.1454,2076669337.05105
2024-12-28 00:00:00+00:00,2.1454,2.2074,2.1333,2.1836,910828093.15645
2024-12-29 00:00:00+00:00,2.1836,2.1974,2.0695,2.0926,1073622905.58544
2024-12-30 00:00:00+00:00,2.0926,2.1515,1.9938,2.0579,2611983019.77537
2024-12-31 00:00:00+00:00,2.0579,2.1486,2.0113,2.0836,1838053168.416
2025-01-01 00:00:00+00:00,2.0835,2.3547,2.0808,2.3321,2990765627.63076
2025-01-02 00:00:00+00:00,2.3321,2.4518,2.3286,2.4025,3393466735.11766
2025-01-03 00:00:00+00:00,2.4026,2.4813,2.3963,2.4544,2569471365.03223
2025-01-04 00:00:00+00:00,2.4544,2.5105,2.4008,2.4202,1833480813.13023
2025-01-05 00:00:00+00:00,2.4201,2.4284,2.3269,2.3988,1709159997.81055
2025-01-06 00:00:00+00:00,2.3988,2.4587,2.3657,2.4194,1794107092.98831
2025-01-07 00:00:00+00:00,2.4194,2.4693,2.2562,2.2698,3187888797.43439
2025-01-08 00:00:00+00:00,2.2698,2.3981,2.1984,2.3722,3679205340.81698
2025-01-09 00:00:00+00:00,2.3722,2.3953,2.2333,2.271,2584239042.97338
2025-01-10 00:00:00+00:00,2.271,2.3692,2.2452,2.3411,2093210636.86027
2025-01-11 00:00:00+00:00,2.3411,2.6038,2.3241,2.5761,3245628113.68771
2025-01-12 00:00:00+00:00,2.5761,2.5835,2.47,2.5031,2563915504.00136
2025-01-13 00:00:00+00:00,2.5032,2.563,2.3307,2.5225,4950706219.04074
2025-01-14 00:00:00+00:00,2.5224,2.7012,2.5111,2.6668,3184478028.62045
2025-01-15 00:00:00+00:00,2.6668,3.1992,2.6489,3.1411,9330255559.13724
2025-01-16 00:00:00+00:00,3.1411,3.4043,2.9211,3.2433,12022016269.55216
2025-01-17 00:00:00+00:00,3.2432,3.352,3.1718,3.2911,5628372935.10415
2025-01-18 00:00:00+00:00,3.2911,3.2973,3.0551,3.2695,4915442018.9765
2025-01-19 00:00:00+00:00,3.2694,3.293,2.8301,2.9555,5657096549.09309
2025-01-20 00:00:00+00:00,2.9552,3.3717,2.905,3.1042,7505250728.93194
2025-01-21 00:00:00+00:00,3.1042,3.2394,3.0128,3.1735,3408252734.70029
2025-01-22 00:00:00+00:00,3.1735,3.2866,3.1268,3.1788,3049464011.09399
2025-01-23 00:00:00+00:00,3.179,3.1837,3.0361,3.1186,2882122371.60328
2025-01-24 00:00:00+00:00,3.1186,3.2028,3.0523,3.0985,2068200796.56606
2025-01-25 00:00:00+00:00,3.0984,3.1435,3.0751,3.1069,1040769293.35131
2025-01-26 00:00:00+00:00,3.107,3.1451,3.0081,3.0198,1214201630.43177
2025-01-27 00:00:00+00:00,3.0199,3.0573,2.645,3.0533,5626995617.16684
2025-01-28 00:00:00+00:00,3.0533,3.214,3.0048,3.0553,3563394079.00156
2025-01-29 00:00:00+00:00,3.0553,3.1356,2.966,3.0671,2644584867.57846
2025-01-30 00:00:00+00:00,3.0671,3.1536,3.0459,3.127,1565729594.90198
2025-01-31 00:00:00+00:00,3.1269,3.1329,3.001,3.0347,1591708147.43431
2025-02-01 00:00:00+00:00,3.0347,3.0713,2.8267,2.8768,1861412380.04722
2025-02-02 00:00:00+00:00,2.8767,2.9533,2.4501,2.5784,5535700742.10782
2025-02-03 00:00:00+00:00,2.5784,2.7793,1.7636,2.6989,11290840299.52748
2025-02-04 00:00:00+00:00,2.6988,2.786,2.4203,2.5253,5481616842.34671
2025-02-05 00:00:00+00:00,2.5254,2.5677,2.3418,2.3799,3025228432.30805
2025-02-06 00:00:00+00:00,2.3798,2.4688,2.2739,2.3238,2752059358.22331
2025-02-07 00:00:00+00:00,2.3237,2.5392,2.2634,2.3951,3681792259.6809
2025-02-08 00:00:00+00:00,2.3951,2.4362,2.3494,2.4179,1422255563.54983
2025-02-09 00:00:00+00:00,2.4178,2.5066,2.3105,2.3909,1737970262.57928
2025-02-10 00:00:00+00:00,2.3909,2.472,2.3217,2.4226,1806403588.43055
2025-02-11 00:00:00+00:00,2.4225,2.5283,2.3702,2.4117,1868241445.32643
2025-02-12 00:00:00+00:00,2.4116,2.4958,2.3307,2.4723,1833571457.29949
2025-02-13 00:00:00+00:00,2.4724,2.6036,2.4128,2.558,1787640817.84958
2025-02-14 00:00:00+00:00,2.558,2.8352,2.5285,2.7372,3709921361.06732
2025-02-15 00:00:00+00:00,2.7372,2.8328,2.7129,2.7601,2019337508.07698
2025-02-16 00:00:00+00:00,2.7602,2.8049,2.6855,2.7272,1438472972.53889
2025-02-17 00:00:00+00:00,2.7271,2.7638,2.6063,2.6586,1908270995.86898
2025-02-18 00:00:00+00:00,2.6585,2.6685,2.4683,2.5615,2193794639.03335
2025-02-19 00:00:00+00:00,2.5615,2.7449,2.511,2.7356,2057969351.42379
2025-02-20 00:00:00+00:00,2.7356,2.7469,2.6658,2.6867,1795796117.54959
2025-02-21 00:00:00+00:00,2.6867,2.7138,2.5054,2.5698,2454547906.37354
2025-02-22 00:00:00+00:00,2.5698,2.6084,2.5484,2.5726,805236994.65845
2025-02-23 00:00:00+00:00,2.5725,2.6003,2.5181,2.5744,915099069.56845
2025-02-24 00:00:00+00:00,2.5744,2.6136,2.231,2.2769,2803688037.57029
2025-02-25 00:00:00+00:00,2.2769,2.3642,2.0631,2.3211,5329829927.96248
2025-02-26 00:00:00+00:00,2.321,2.3297,2.1495,2.1971,2912088588.05689
2025-02-27 00:00:00+00:00,2.1971,2.2563,2.1445,2.1973,1844622589.1915
2025-02-28 00:00:00+00:00,2.1973,2.2009,1.9511,2.1443,3263606532.52959
2025-03-01 00:00:00+00:00,2.1444,2.2184,2.1206,2.1904,1316553139.24055
2025-03-02 00:00:00+00:00,2.1905,3.0065,2.1732,2.9384,7327407048.69742
2025-03-03 00:00:00+00:00,2.9383,2.9676,2.294,2.386,6329108493.19883
2025-03-04 00:00:00+00:00,2.386,2.5376,2.2115,2.4532,4882396005.00458
2025-03-05 00:00:00+00:00,2.4532,2.5393,2.4069,2.498,2528654749.52306
2025-03-06 00:00:00+00:00,2.4986,2.6444,2.4684,2.5981,2937454454.34516
2025-03-07 00:00:00+00:00,2.5981,2.6198,2.3423,2.3836,4339513281.77659
2025-03-08 00:00:00+00:00,2.3837,2.4096,2.3007,2.3245,1311919544.24893
2025-03-09 00:00:00+00:00,2.3244,2.35,2.0814,2.1376,2503884167.83227
2025-03-10 00:00:00+00:00,2.1377,2.2599,1.9907,2.0202,3231165397.57686
2025-03-11 00:00:00+00:00,2.0202,2.2125,1.8952,2.17,3222654808.15037
2025-03-12 00:00:00+00:00,2.17,2.2773,2.132,2.2382,2727250138.52365
2025-03-13 00:00:00+00:00,2.2381,2.3458,2.2113,2.2512,2321407939.37977
2025-03-14 00:00:00+00:00,2.2512,2.3884,2.2356,2.3555,1803767578.14167
2025-03-15 00:00:00+00:00,2.3554,2.4744,2.3512,2.3899,1546576415.06757
2025-03-16 00:00:00+00:00,2.39,2.4094,2.2668,2.2928,1763468618.40158
2025-03-17 00:00:00+00:00,2.2928,2.3776,2.2905,2.3366,1380609237.65541
2025-03-18 00:00:00+00:00,2.3367,2.3385,2.2208,2.2836,1512103143.20659
2025-03-19 00:00:00+00:00,2.2836,2.588,2.2637,2.5457,4548000507.83969
2025-03-20 00:00:00+00:00,2.5456,2.5627,2.3877,2.4346,2268975116.40246
2025-03-21 00:00:00+00:00,2.4345,2.4662,2.3552,2.3793,1442515909.81129
2025-03-22 00:00:00+00:00,2.3794,2.4154,2.3574,2.3698,777844776.23001
2025-03-23 00:00:00+00:00,2.3698,2.44,2.3636,2.4378,808409772.52341
2025-03-24 00:00:00+00:00,2.4379,2.5029,2.4121,2.4485,1313442338.68267
2025-03-25 00:00:00+00:00,2.4486,2.4777,2.4056,2.4481,1126125646.13037
2025-03-26 00:00:00+00:00,2.4481,2.48,2.3254,2.3473,1380927935.10572
2025-03-27 00:00:00+00:00,2.3474,2.3883,2.3005,2.34,1174987099.4975
2025-03-28 00:00:00+00:00,2.3399,2.3422,2.1522,2.2055,1730300469.53272
2025-03-29 00:00:00+00:00,2.2055,2.2238,2.0598,2.1335,1809365559.08952
2025-03-30 00:00:00+00:00,2.1336,2.2121,2.1057,2.1352,1524658989.09055
2025-03-31 00:00:00+00:00,2.1353,2.1395,2.0224,2.0889,2070190509.76232
2025-04-01 00:00:00+00:00,2.0888,2.2013,2.0635,2.1378,1932700968.09298
2025-04-02 00:00:00+00:00,2.1378,2.2332,1.9826,2.021,2671642941.67052
2025-04-03 00:00:00+00:00,2.0208,2.0808,1.9569,2.063,2190688474.32197
2025-04-04 00:00:00+00:00,2.063,2.1625,2.0148,2.1294,2525727865.46217
2025-04-05 00:00:00+00:00,2.1295,2.1757,2.1129,2.1436,1046861751.05139
2025-04-06 00:00:00+00:00,2.1436,2.1585,1.8614,1.9204,2633893975.69802
2025-04-07 00:00:00+00:00,1.9204,2.0045,1.6129,1.8974,6964865976.04921
2025-04-08 00:00:00+00:00,1.8974,1.9748,1.7766,1.7956,3332464248.65593
2025-04-09 00:00:00+00:00,1.7956,2.089,1.7212,2.0523,4209036377.58407
2025-04-10 00:00:00+00:00,2.0523,2.0566,1.9203,1.9645,2415235706.31553
2025-04-11 00:00:00+00:00,1.9646,2.0637,1.9459,2.0213,1673894008.36109
2025-04-12 00:00:00+00:00,2.0214,2.186,2.0016,2.1588,1526803899.93652
2025-04-13 00:00:00+00:00,2.1588,2.247,2.0802,2.1181,2141711235.45285
2025-04-14 00:00:00+00:00,2.1182,2.1794,2.1022,2.1262,1463081853.99306
2025-04-15 00:00:00+00:00,2.1262,2.1848,2.0822,2.083,1337384547.95165
2025-04-16 00:00:00+00:00,2.083,2.1315,2.0343,2.0822,1696893071.10557
2025-04-17 00:00:00+00:00,2.0823,2.1139,2.0509,2.066,1202992862.9387
2025-04-18 00:00:00+00:00,2.0661,2.0888,2.042,2.0607,800273637.56753
2025-04-19 00:00:00+00:00,2.0608,2.0969,2.0573,2.0865,626385811.91046
2025-04-20 00:00:00+00:00,2.0865,2.0937,2.0372,2.0777,773896134.29619
2025-04-21 00:00:00+00:00,2.0776,2.1401,2.0582,2.084,1379672234.69383
2025-04-22 00:00:00+00:00,2.0841,2.2506,2.062,2.2138,1924407193.23914
2025-04-23 00:00:00+00:00,2.2138,2.3011,2.1892,2.2175,2206311757.13992
2025-04-24 00:00:00+00:00,2.2175,2.2367,2.1165,2.2038,1868655335.44574
2025-04-25 00:00:00+00:00,2.2039,2.2197,2.1622,2.1801,1277767560.78282
2025-04-26 00:00:00+00:00,2.1801,2.2481,2.1785,2.1898,950757804.18667
2025-04-27 00:00:00+00:00,2.1898,2.2943,2.1556,2.2512,1668790934.4174
2025-04-28 00:00:00+00:00,2.2512,2.3622,2.2164,2.2941,2130000730.71403
2025-04-29 00:00:00+00:00,2.2941,2.3137,2.2204,2.2364,1235504753.58194
2025-04-30 00:00:00+00:00,2.2363,2.2575,2.1216,2.1898,1700333005.02984
2025-05-01 00:00:00+00:00,2.1897,2.2559,2.1858,2.2114,1000572003.08602
2025-05-02 00:00:00+00:00,2.2113,2.2402,2.1903,2.2083,944598139.05263
2025-05-03 00:00:00+00:00,2.2083,2.2195,2.1744,2.186,645692166.0658
2025-05-04 00:00:00+00:00,2.186,2.2182,2.1486,2.1548,823268017.59512
2025-05-05 00:00:00+00:00,2.1548,2.1992,2.1052,2.1298,1226159355.90987
2025-05-06 00:00:00+00:00,2.1298,2.1588,2.0758,2.154,1173225217.69267
2025-05-07 00:00:00+00:00,2.154,2.1707,2.1025,2.1255,889327788.43697
2025-05-08 00:00:00+00:00,2.1255,2.3327,2.1168,2.3266,2195466904.38141
2025-05-09 00:00:00+00:00,2.3265,2.4293,2.2816,2.3435,2707278400.14326
2025-05-10 00:00:00+00:00,2.3434,2.4772,2.3347,2.4711,1866980445.45946
2025-05-11 00:00:00+00:00,2.471,2.4846,2.3275,2.3661,1678429817.01688
2025-05-12 00:00:00+00:00,2.3662,2.655,2.3503,2.5431,4800563429.82361
2025-05-13 00:00:00+00:00,2.5432,2.6051,2.4196,2.582,2618088802.70921
2025-05-14 00:00:00+00:00,2.5821,2.6524,2.518,2.5492,2328708959.22494
2025-05-15 00:00:00+00:00,2.5493,2.5706,2.3514,2.3841,2428620176.04533
2025-05-16 00:00:00+00:00,2.3842,2.4388,2.3456,2.3785,1567556939.08433
2025-05-17 00:00:00+00:00,2.3785,2.3881,2.2968,2.352,1330692352.57673
2025-05-18 00:00:00+00:00,2.3519,2.4488,2.3306,2.427,1429093746.65293
2025-05-19 00:00:00+00:00,2.4271,2.44,2.2803,2.3796,1662350555.58828
2025-05-20 00:00:00+00:00,2.3796,2.4083,2.3125,2.355,1240621510.93392
2025-05-21 00:00:00+00:00,2.355,2.4284,2.3291,2.3947,1907063901.5714
2025-05-22 00:00:00+00:00,2.3947,2.4553,2.385,2.43,1328384524.13334
2025-05-23 00:00:00+00:00,2.43,2.4798,2.2822,2.2953,2068297102.82524
2025-05-24 00:00:00+00:00,2.2953,2.3587,2.2843,2.3291,654833192.24523
2025-05-25 00:00:00+00:00,2.3291,2.3456,2.2644,2.3405,973627056.77342
2025-05-26 00:00:00+00:00,2.3406,2.3577,2.294,2.3089,777734983.79679
2025-05-27 00:00:00+00:00,2.309,2.3538,2.2644,2.3158,1079139155.4409
2025-05-28 00:00:00+00:00,2.3157,2.3227,2.2244,2.2732,1109985801.74023
2025-05-29 00:00:00+00:00,2.2731,2.3119,2.235,2.2426,1154256798.40224
2025-05-30 00:00:00+00:00,2.2427,2.251,2.126,2.1383,1877489509.588
2025-05-31 00:00:00+00:00,2.1383,2.2056,2.0778,2.1732,1239630427.38821
2025-06-01 00:00:00+00:00,2.1732,2.1871,2.1217,2.178,780406502.42947
2025-06-02 00:00:00+00:00,2.178,2.2042,2.1344,2.1956,928466615.4684
2025-06-03 00:00:00+00:00,2.1956,2.2813,2.1828,2.2438,1143513018.85588
2025-06-04 00:00:00+00:00,2.2437,2.2653,2.1936,2.1998,865701694.73103
2025-06-05 00:00:00+00:00,2.1998,2.2255,2.0576,2.0922,1494523865.46578
2025-06-06 00:00:00+00:00,2.0922,2.1895,2.0796,2.159,794314325.58091
2025-06-07 00:00:00+00:00,2.159,2.1899,2.1467,2.1756,426973077.4134
2025-06-08 00:00:00+00:00,2.1756,2.2942,2.1653,2.2659,1234398516.81394
2025-06-09 00:00:00+00:00,2.2658,2.3288,2.221,2.3202,1334092233.95548
2025-06-10 00:00:00+00:00,2.3203,2.327,2.2574,2.3066,1295944356.49592
2025-06-11 00:00:00+00:00,2.3066,2.3375,2.2504,2.2691,1402490506.50012
2025-06-12 00:00:00+00:00,2.2691,2.2725,2.1693,2.1889,1116259706.26616
2025-06-13 00:00:00+00:00,2.1889,2.1909,2.081,2.1463,1722582969.59749
2025-06-14 00:00:00+00:00,2.1464,2.178,2.1079,2.1381,880225414.70517
2025-06-15 00:00:00+00:00,2.1381,2.1753,2.1359,2.1644,599431897.65745
2025-06-16 00:00:00+00:00,2.1644,2.3366,2.1498,2.2372,1963302426.32944
2025-06-17 00:00:00+00:00,2.2372,2.2563,2.1408,2.1581,1739599479.15624
2025-06-18 00:00:00+00:00,2.1581,2.1798,2.1171,2.1695,1252622294.57934
2025-06-19 00:00:00+00:00,2.1695,2.1841,2.143,2.1639,663733392.78261
2025-06-20 00:00:00+00:00,2.164,2.1791,2.0839,2.1185,1187429048.97361
2025-06-21 00:00:00+00:00,2.1185,2.1443,1.9841,2.0618,1133551537.61566
2025-06-22 00:00:00+00:00,2.0619,2.0889,1.907,2.0159,2343448041.48561
2025-06-23 00:00:00+00:00,2.016,2.1696,1.9602,2.1575,1946505753.72106
2025-06-24 00:00:00+00:00,2.1574,2.2157,2.1306,2.1888,1489317030.82606
2025-06-25 00:00:00+00:00,2.1889,2.2293,2.1688,2.1848,1046747702.90887
2025-06-26 00:00:00+00:00,2.1849,2.2122,2.0942,2.1047,1270007818.81808
2025-06-27 00:00:00+00:00,2.1047,2.1539,2.0664,2.1408,1306932308.36958
2025-06-28 00:00:00+00:00,2.1409,2.2074,2.1323,2.1843,910751097.06092
2025-06-29 00:00:00+00:00,2.1842,2.2191,2.1739,2.2052,579857598.52606
2025-06-30 00:00:00+00:00,2.2053,2.3269,2.1608,2.2358,1625504730.22148
2025-07-01 00:00:00+00:00,2.2358,2.2532,2.145,2.1706,1334363535.00139
2025-07-02 00:00:00+00:00,2.1706,2.2935,2.1554,2.2328,1670573200.63843
2025-07-03 00:00:00+00:00,2.2329,2.3137,2.2238,2.256,1557044814.00806
2025-07-04 00:00:00+00:00,2.256,2.267,2.1941,2.2194,984196669.13673
2025-07-05 00:00:00+00:00,2.2194,2.2327,2.2001,2.2163,470329073.36219
2025-07-06 00:00:00+00:00,2.2163,2.2897,2.2072,2.2701,1114027309.05294
2025-07-07 00:00:00+00:00,2.27,2.3532,2.2541,2.2694,1986390607.20615
2025-07-08 00:00:00+00:00,2.2694,2.3216,2.2471,2.3096,1209209136.97177
2025-07-09 00:00:00+00:00,2.3097,2.4282,2.2966,2.4033,2127688335.45025
2025-07-10 00:00:00+00:00,2.4034,2.5668,2.3925,2.5463,2400727685.11719
2025-07-11 00:00:00+00:00,2.5464,2.9777,2.5114,2.7335,7706945039.87527
2025-07-12 00:00:00+00:00,2.7335,2.8497,2.663,2.7395,3792557884.92902
2025-07-13 00:00:00+00:00,2.7394,2.894,2.7236,2.8355,3261954444.81542
2025-07-14 00:00:00+00:00,2.8355,3.0379,2.8204,2.9582,5714506738.91148
2025-07-15 00:00:00+00:00,2.9583,2.9584,2.8036,2.9203,4070511891.5516
2025-07-16 00:00:00+00:00,2.9203,3.1024,2.878,3.0398,3401600032.30153
2025-07-17 00:00:00+00:00,3.0399,3.5555,2.99,3.484,8679742379.06401
2025-07-18 00:00:00+00:00,3.4841,3.6646,3.3476,3.414,8238971474.94173
2025-07-19 00:00:00+00:00,3.4141,3.4862,3.3546,3.425,3013356731.92312
2025-07-20 00:00:00+00:00,3.4249,3.5598,3.3846,3.4542,3890203208.38467
2025-07-21 00:00:00+00:00,3.4542,3.6532,3.4068,3.5497,4135834444.94989
2025-07-22 00:00:00+00:00,3.5498,3.5827,3.4201,3.5533,3731513212.6754
2025-07-23 00:00:00+00:00,3.5533,3.5547,3.05,3.1845,5840266391.25099
2025-07-24 00:00:00+00:00,3.1846,3.264,2.9535,3.1442,5471969072.26111
2025-07-25 00:00:00+00:00,3.1443,3.1602,2.9959,3.141,3590470090.24655
2025-07-26 00:00:00+00:00,3.141,3.2175,3.1081,3.165,1620182076.02822
2025-07-27 00:00:00+00:00,3.165,3.2504,3.155,3.2376,2077300862.60795
2025-07-28 00:00:00+00:00,3.2377,3.3296,3.1052,3.1218,3224801784.29303
2025-07-29 00:00:00+00:00,3.1219,3.1842,3.0516,3.1269,2609380756.10207
2025-07-30 00:00:00+00:00,3.127,3.162,3.0,3.0957,2692383980.93983
2025-07-31 00:00:00+00:00,3.0958,3.1779,3.0082,3.0203,2167728359.18222
2025-08-01 00:00:00+00:00,3.0204,3.0576,2.891,2.9602,4175993569.48616
2025-08-02 00:00:00+00:00,2.9602,3.0199,2.7381,2.7684,2816239292.67215
2025-08-03 00:00:00+00:00,2.7684,2.9607,2.7266,2.9463,1952998098.47564
2025-08-04 00:00:00+00:00,2.9462,3.0883,2.9291,3.0701,2558224098.83806
2025-08-05 00:00:00+00:00,3.07,3.1059,2.9148,2.9607,2454086022.52546
2025-08-06 00:00:00+00:00,2.9607,3.0168,2.9006,2.9896,1774621836.88708
2025-08-07 00:00:00+00:00,2.9896,3.3332,2.963,3.3181,3169715342.08467
2025-08-08 00:00:00+00:00,3.3181,3.3813,3.205,3.2848,4304259442.49096
2025-08-09 00:00:00+00:00,3.2848,3.3468,3.2061,3.2245,2211727067.57466
2025-08-10 00:00:00+00:00,3.2245,3.2775,3.1511,3.1856,2054879187.02076
2025-08-11 00:00:00+00:00,3.1855,3.3328,3.1156,3.1281,3438742822.84312
2025-08-12 00:00:00+00:00,3.1281,3.306,3.1024,3.2665,2512137772.16658
2025-08-13 00:00:00+00:00,3.2666,3.3366,3.2012,3.2752,3008597452.67429
2025-08-14 00:00:00+00:00,3.2752,3.3565,2.981,3.0774,4531477335.15043
2025-08-15 00:00:00+00:00,3.0775,3.1414,3.001,3.0763,2199266786.87764
2025-08-16 00:00:00+00:00,3.0763,3.1548,3.0697,3.1039,1175761303.02293
2025-08-17 00:00:00+00:00,3.1039,3.1458,3.0752,3.0856,1134325420.62375
2025-08-18 00:00:00+00:00,3.0856,3.0952,2.939,3.0605,2281047868.10239
2025-08-19 00:00:00+00:00,3.0605,3.0796,2.8474,2.8593,2359689642.09663
2025-08-20 00:00:00+00:00,2.8593,2.988,2.8174,2.9503,2260417953.82759
2025-08-21 00:00:00+00:00,2.9503,2.9577,2.8408,2.8505,1522767226.99174
2025-08-22 00:00:00+00:00,2.8504,3.106,2.7812,3.0738,3783659726.4143
2025-08-23 00:00:00+00:00,3.0738,3.0751,2.9682,3.0478,1672602407.16475
2025-08-24 00:00:00+00:00,3.0478,3.1275,2.9842,3.025,2494968732.27842
2025-08-25 00:00:00+00:00,3.0249,3.0529,2.8202,2.8567,2560031560.07131
2025-08-26 00:00:00+00:00,2.8568,3.081,2.8443,3.0112,2318796831.94059
2025-08-27 00:00:00+00:00,3.0113,3.0439,2.9603,2.9676,1916789088.87423
2025-08-28 00:00:00+00:00,2.9677,3.0247,2.9414,2.9647,1482487936.76127
2025-08-29 00:00:00+00:00,2.9647,2.9755,2.7716,2.8179,2442979983.24415
2025-08-30 00:00:00+00:00,2.8179,2.8338,2.7596,2.8167,961193133.04841
2025-08-31 00:00:00+00:00,2.8166,2.868,2.7686,2.7745,956345442.99911
2025-09-01 00:00:00+00:00,2.7744,2.8381,2.6955,2.7576,2286834872.36941
2025-09-02 00:00:00+00:00,2.7576,2.8631,2.7471,2.8605,1748101715.12717
2025-09-03 00:00:00+00:00,2.8605,2.8853,2.8091,2.843,1255687259.88082
2025-09-04 00:00:00+00:00,2.8429,2.8601,2.7823,2.7933,1159833739.52444
2025-09-05 00:00:00+00:00,2.7933,2.8843,2.7765,2.8132,1741117657.37643
2025-09-06 00:00:00+00:00,2.8131,2.8275,2.791,2.8083,515591782.02213
2025-09-07 00:00:00+00:00,2.8084,2.9278,2.8078,2.876,1366928719.5625
2025-09-08 00:00:00+00:00,2.876,2.9951,2.861,2.9687,1631264069.52892
2025-09-09 00:00:00+00:00,2.9687,3.0363,2.9327,2.9456,1749148362.65693
2025-09-10 00:00:00+00:00,2.9457,3.0235,2.934,2.9822,1233140288.70612
2025-09-11 00:00:00+00:00,2.9822,3.0484,2.9421,3.0388,1483633002.09464
2025-09-12 00:00:00+00:00,3.0388,3.1372,3.0161,3.1046,1821289408.1928
2025-09-13 00:00:00+00:00,3.1046,3.1855,3.0882,3.1181,1639073081.38096
2025-09-14 00:00:00+00:00,3.118,3.1259,3.0082,3.0266,1441574356.56285
2025-09-15 00:00:00+00:00,3.0265,3.0655,2.9518,2.9957,1802366676.27762
2025-09-16 00:00:00+00:00,2.9957,3.0577,2.9623,3.0364,1235438192.9818
2025-09-17 00:00:00+00:00,3.0364,3.1068,2.9803,3.083,1808226721.5983
2025-09-18 00:00:00+00:00,3.0831,3.1388,3.0545,3.0721,1615721962.62715
2025-09-19 00:00:00+00:00,3.0721,3.0928,2.9766,2.9885,1434550128.76733
2025-09-20 00:00:00+00:00,2.9884,3.0077,2.9635,2.9735,711586984.19753
2025-09-21 00:00:00+00:00,2.9735,3.0123,2.9506,2.9686,717105729.88561
2025-09-22 00:00:00+00:00,2.9686,2.974,2.6704,2.8512,2759420974.365
2025-09-23 00:00:00+00:00,2.8512,2.8959,2.7977,2.8234,1322348049.9289
2025-09-24 00:00:00+00:00,2.8234,2.9948,2.7871,2.9246,1658280250.24254
2025-09-25 00:00:00+00:00,2.9246,2.9433,2.7229,2.742,2586468184.68162
2025-09-26 00:00:00+00:00,2.7419,2.8082,2.6967,2.7823,1862109979.80582
2025-09-27 00:00:00+00:00,2.7823,2.8274,2.7606,2.8032,614271515.68554
2025-09-28 00:00:00+00:00,2.8033,2.8664,2.7649,2.8662,847601440.67199
2025-09-29 00:00:00+00:00,2.8662,2.9278,2.8428,2.8788,1363624988.24497
2025-09-30 00:00:00+00:00,2.8788,2.906,2.8119,2.8454,1224576969.58347
2025-10-01 00:00:00+00:00,2.8453,2.96,2.8126,2.9473,1499705688.12176
2025-10-02 00:00:00+00:00,2.9473,3.099,2.9387,3.0375,1956500646.65378
2025-10-03 00:00:00+00:00,3.0376,3.095,3.0032,3.0395,1720846347.39594
2025-10-04 00:00:00+00:00,3.0394,3.0518,2.9379,2.9675,1066335002.99159
2025-10-05 00:00:00+00:00,2.9675,3.0724,2.9455,2.9679,1543256526.64417
2025-10-06 00:00:00+00:00,2.9678,3.05,2.9534,2.9878,1645992748.8655
2025-10-07 00:00:00+00:00,2.9879,3.0002,2.8471,2.8509,1989335284.07504
2025-10-08 00:00:00+00:00,2.8509,2.9234,2.8284,2.8786,1132567746.59239
2025-10-09 00:00:00+00:00,2.8786,2.8793,2.77,2.8011,1518927818.51285
2025-10-10 00:00:00+00:00,2.8011,2.8358,1.1792,2.3666,5590812907.59766
2025-10-11 00:00:00+00:00,2.3667,2.5046,2.2955,2.3806,3155395235.84971
2025-10-12 00:00:00+00:00,2.3807,2.5822,2.3102,2.5271,2913919116.31485
2025-10-13 00:00:00+00:00,2.5271,2.645,2.5107,2.6042,3694813414.85734
2025-10-14 00:00:00+00:00,2.6042,2.62,2.3877,2.502,3619918546.95528
2025-10-15 00:00:00+00:00,2.502,2.547,2.374,2.4097,1667829766.48094
2025-10-16 00:00:00+00:00,2.4097,2.4655,2.2826,2.3268,2046675466.6541
2025-10-17 00:00:00+00:00,2.3267,2.4008,2.1881,2.2925,2345098615.25656
2025-10-18 00:00:00+00:00,2.2925,2.3899,2.2881,2.3582,876155704.88715
2025-10-19 00:00:00+00:00,2.3583,2.418,2.3164,2.3894,1098719580.27523
2025-10-20 00:00:00+00:00,2.3894,2.5514,2.3534,2.4936,1519813775.03163
2025-10-21 00:00:00+00:00,2.4937,2.5315,2.4003,2.4212,1846278331.29873
2025-10-22 00:00:00+00:00,2.4212,2.4364,2.3235,2.3635,1626613870.89153
2025-10-23 00:00:00+00:00,2.3636,2.4248,2.3606,2.3936,952814962.99337
2025-10-24 00:00:00+00:00,2.3936,2.5147,2.3851,2.5093,1358863304.13098
2025-10-25 00:00:00+00:00,2.5094,2.6537,2.502,2.5947,1388063301.03535
2025-10-26 00:00:00+00:00,2.5947,2.6628,2.5911,2.6449,1294171475.6541
2025-10-27 00:00:00+00:00,2.6449,2.6969,2.6,2.6327,1801379602.99403
2025-10-28 00:00:00+00:00,2.6327,2.6878,2.5621,2.602,1830433040.33145
2025-10-29 00:00:00+00:00,2.6019,2.663,2.5359,2.5489,1815174922.98628
2025-10-30 00:00:00+00:00,2.5489,2.5934,2.3755,2.4378,2159565948.94738
2025-10-31 00:00:00+00:00,2.4378,2.5534,2.4322,2.5081,1666185712.63814
2025-11-01 00:00:00+00:00,2.5082,2.5227,2.4746,2.5043,684870107.75664
2025-11-02 00:00:00+00:00,2.5043,2.5545,2.4762,2.5253,910230583.30605
2025-11-03 00:00:00+00:00,2.5254,2.5313,2.2616,2.308,2529920296.30156
2025-11-04 00:00:00+00:00,2.3079,2.364,2.0655,2.2039,3290042584.51554
2025-11-05 00:00:00+00:00,2.204,2.376,2.1007,2.342,2120437680.9114
2025-11-06 00:00:00+00:00,2.3421,2.416,2.1782,2.2117,1859705886.84646
2025-11-07 00:00:00+00:00,2.2117,2.3727,2.1529,2.3149,1947449410.35987
2025-11-08 00:00:00+00:00,2.3149,2.3378,2.2399,2.2854,954661780.50445
2025-11-09 00:00:00+00:00,2.2853,2.3944,2.2374,2.3649,1060909928.47254
2025-11-10 00:00:00+00:00,2.3648,2.5799,2.3449,2.525,2134407216.35116
2025-11-11 00:00:00+00:00,2.5251,2.5693,2.3779,2.3903,1443210543.5311
2025-11-12 00:00:00+00:00,2.3902,2.4479,2.3146,2.3864,1601789517.58034
2025-11-13 00:00:00+00:00,2.3863,2.5263,2.2758,2.3211,2617685187.98224
2025-11-14 00:00:00+00:00,2.3212,2.3412,2.2235,2.2432,2243179520.73036
2025-11-15 00:00:00+00:00,2.2431,2.3017,2.2095,2.2358,854741280.03446
2025-11-16 00:00:00+00:00,2.2358,2.2795,2.1542,2.2137,1423506240.5048
2025-11-17 00:00:00+00:00,2.2137,2.3067,2.1131,2.1622,1980970465.99119
2025-11-18 00:00:00+00:00,2.1623,2.2402,2.1051,2.2162,1799185143.37998
2025-11-19 00:00:00+00:00,2.2163,2.2191,2.0252,2.1082,1908396650.3016
2025-11-20 00:00:00+00:00,2.1083,2.1488,1.9734,1.9989,2016453501.61774
2025-11-21 00:00:00+00:00,1.9989,2.0298,1.8201,1.95,3211553452.30425
2025-11-22 00:00:00+00:00,1.9501,1.9666,1.8873,1.9497,1010120720.95334
2025-11-23 00:00:00+00:00,1.9496,2.0845,1.9484,2.0477,1303829358.79213
2025-11-24 00:00:00+00:00,2.0477,2.285,2.0226,2.227,2319973319.56834
2025-11-25 00:00:00+00:00,2.227,2.2638,2.147,2.201,1729025285.16503
2025-11-26 00:00:00+00:00,2.2009,2.2536,2.1429,2.222,1160631645.69537
2025-11-27 00:00:00+00:00,2.2219,2.2334,2.1709,2.1989,800857037.50276
2025-11-28 00:00:00+00:00,2.1989,2.2747,2.1549,2.1782,1582776577.45871
2025-11-29 00:00:00+00:00,2.1782,2.223,2.1643,2.1998,715033567.18178
2025-11-30 00:00:00+00:00,2.1998,2.2139,2.1502,2.1537,672137777.5873
2025-12-01 00:00:00+00:00,2.1537,2.1598,1.9825,2.0286,2015894367.53832
2025-12-02 00:00:00+00:00,2.0287,2.1825,1.9937,2.1526,1527107857.87304
2025-12-03 00:00:00+00:00,2.1525,2.2186,2.1406,2.1965,1252408351.01107
2025-12-04 00:00:00+00:00,2.1965,2.2141,2.0679,2.0949,1275911128.16318
2025-12-05 00:00:00+00:00,2.0949,2.1118,2.011,2.0333,1022011888.12807
2025-12-06 00:00:00+00:00,2.0334,2.0491,2.0138,2.0298,437754353.98271
2025-12-07 00:00:00+00:00,2.0298,2.1098,1.9877,2.0426,1038531429.85516
2025-12-08 00:00:00+00:00,2.0427,2.1233,2.0304,2.0711,959740952.87936
2025-12-09 00:00:00+00:00,2.0712,2.1774,2.0398,2.1051,1258456357.11814
2025-12-10 00:00:00+00:00,2.105,2.1093,2.0328,2.0406,1030673568.22198
2025-12-11 00:00:00+00:00,2.0406,2.0559,1.974,2.033,1115519274.89493
2025-12-12 00:00:00+00:00,2.033,2.0471,1.9662,2.0063,927718348.64517
2025-12-13 00:00:00+00:00,2.0064,2.0476,2.0055,2.0215,440615942.88701
2025-12-14 00:00:00+00:00,2.0214,2.0293,1.946,1.977,557583556.03765
2025-12-15 00:00:00+00:00,1.9771,2.0133,1.8661,1.8965,1268842849.773
2025-12-16 00:00:00+00:00,1.8965,1.9481,1.8506,1.9286,1004110802.28258
2025-12-17 00:00:00+00:00,1.9286,1.9864,1.846,1.8614,1299657428.35731
2025-12-18 00:00:00+00:00,1.8613,1.9333,1.7975,1.8067,1429862245.82131
2025-12-19 00:00:00+00:00,1.8067,1.9214,1.7703,1.9082,1308278385.35677
2025-12-20 00:00:00+00:00,1.9083,1.9577,1.8923,1.9323,604305729.87604
2025-12-21 00:00:00+00:00,1.9324,1.949,1.8937,1.9211,605245571.74111
2025-12-22 00:00:00+00:00,1.9212,1.9488,1.8905,1.9033,838070625.8198
2025-12-23 00:00:00+00:00,1.9032,1.9089,1.8616,1.8725,739468967.41357
2025-12-24 00:00:00+00:00,1.8726,1.8775,1.836,1.8618,635109914.18628
2025-12-25 00:00:00+00:00,1.8618,1.8898,1.8274,1.8315,485449691.6999
2025-12-26 00:00:00+00:00,1.8314,1.8824,1.8234,1.8428,833735647.9855
2025-12-27 00:00:00+00:00,1.8429,1.8786,1.8407,1.8727,358762819.59118
2025-12-28 00:00:00+00:00,1.8726,1.8789,1.8517,1.8646,313558513.67073
2025-12-29 00:00:00+00:00,1.8646,1.917,1.844,1.8494,746003170.79346
2025-12-30 00:00:00+00:00,1.8494,1.8857,1.8424,1.8765,505596390.74282
2025-12-31 00:00:00+00:00,1.8765,1.8834,1.8106,1.8411,651721135.879
2026-01-01 00:00:00+00:00,1.8411,1.8803,1.8247,1.8791,432204727.16127
2026-01-02 00:00:00+00:00,1.8792,2.0307,1.868,2.0061,1177268499.22957
2026-01-03 00:00:00+00:00,2.0061,2.0553,1.9834,2.017,708544211.54334
2026-01-04 00:00:00+00:00,2.017,2.1199,2.0151,2.0896,1040763537.1397
2026-01-05 00:00:00+00:00,2.0896,2.368,2.0865,2.3471,2220798317.89271
2026-01-06 00:00:00+00:00,2.3471,2.4175,2.2035,2.3029,3131423739.58171
2026-01-07 00:00:00+00:00,2.3028,2.3193,2.151,2.1648,1717797429.90698
2026-01-08 00:00:00+00:00,2.1649,2.1911,2.065,2.1221,1914179539.0185
2026-01-09 00:00:00+00:00,2.1222,2.161,2.0712,2.0946,1323246956.62219
2026-01-10 00:00:00+00:00,2.0946,2.1097,2.0791,2.0897,374058351.6409
2026-01-11 00:00:00+00:00,2.0896,2.109,2.0433,2.0731,659729061.94985
2026-01-12 00:00:00+00:00,2.0731,2.1079,2.0335,2.0526,1285541592.83124
2026-01-13 00:00:00+00:00,2.0526,2.184,2.0464,2.1645,1332738148.12399
2026-01-14 00:00:00+00:00,2.1645,2.1917,2.1102,2.1385,1461153409.69398
2026-01-15 00:00:00+00:00,2.1385,2.1427,2.052,2.0774,1052190551.86089
2026-01-16 00:00:00+00:00,2.0774,2.0854,2.025,2.0668,721319448.09882
2026-01-17 00:00:00+00:00,2.0668,2.0826,2.0529,2.0623,442858970.9686
2026-01-18 00:00:00+00:00,2.0623,2.067,1.9843,1.9904,649591193.22067
2026-01-19 00:00:00+00:00,1.9904,2.0289,1.8406,1.985,1266226230.16842
2026-01-20 00:00:00+00:00,1.9851,1.9899,1.8677,1.8889,1212171996.79172
2026-01-21 00:00:00+00:00,1.8889,1.9889,1.87,1.9466,1444000026.39854
2026-01-22 00:00:00+00:00,1.9465,1.9675,1.9001,1.9226,744755590.04637
2026-01-23 00:00:00+00:00,1.9226,1.9649,1.8862,1.9186,827023590.24606
2026-01-24 00:00:00+00:00,1.9187,1.9268,1.909,1.9135,271330538.25792
2026-01-25 00:00:00+00:00,1.9136,1.9161,1.8095,1.8344,910898599.70942
2026-01-26 00:00:00+00:00,1.8344,1.9454,1.8319,1.9031,1117105621.56454
2026-01-27 00:00:00+00:00,1.9031,1.9287,1.8729,1.9147,825499910.1497
2026-01-28 00:00:00+00:00,1.9148,1.9417,1.8933,1.9104,789887541.68322
2026-01-29 00:00:00+00:00,1.9103,1.9128,1.7767,1.8065,1374489358.56135
2026-01-30 00:00:00+00:00,1.8066,1.8114,1.7043,1.7337,1771677250.94074
2026-01-31 00:00:00+00:00,1.7337,1.7536,1.501,1.646,2283836257.2133
2026-02-01 00:00:00+00:00,1.6459,1.6797,1.5516,1.5901,1480394342.84814
2026-02-02 00:00:00+00:00,1.5901,1.6566,1.5295,1.6189,1679222086.9586
2026-02-03 00:00:00+00:00,1.6189,1.6344,1.5263,1.5782,1532118161.46354
2026-02-04 00:00:00+00:00,1.5782,1.6116,1.4934,1.5111,1515605667.05306
2026-02-05 00:00:00+00:00,1.5111,1.5144,1.137,1.2136,4263919566.51417
2026-02-06 00:00:00+00:00,1.2136,1.5416,1.1174,1.4684,4089182832.43993
2026-02-07 00:00:00+00:00,1.4683,1.4869,1.3848,1.4224,2143860336.66571
2026-02-08 00:00:00+00:00,1.4225,1.4685,1.4087,1.4299,1107122202.9453
2026-02-09 00:00:00+00:00,1.4298,1.4636,1.3721,1.4363,1405661972.43737
2026-02-10 00:00:00+00:00,1.4364,1.4529,1.3904,1.3988,977739870.33838
2026-02-11 00:00:00+00:00,1.3988,1.4197,1.341,1.369,1465378757.11474
2026-02-12 00:00:00+00:00,1.369,1.4075,1.3451,1.3627,935850984.17093
2026-02-13 00:00:00+00:00,1.3627,1.4283,1.3472,1.4061,866857194.49523
2026-02-14 00:00:00+00:00,1.4061,1.513,1.4042,1.5082,892988522.51678
2026-02-15 00:00:00+00:00,1.5082,1.6693,1.4442,1.4741,2423662184.14227
2026-02-16 00:00:00+00:00,1.474,1.5154,1.4472,1.4864,1262525472.11139
2026-02-17 00:00:00+00:00,1.4864,1.4942,1.4261,1.4732,971167233.98243
2026-02-18 00:00:00+00:00,1.4732,1.4933,1.4093,1.4211,786477632.29601
2026-02-19 00:00:00+00:00,1.4212,1.4384,1.3791,1.4059,861311521.27648
2026-02-20 00:00:00+00:00,1.406,1.4386,1.3766,1.4283,959297413.2246
2026-02-21 00:00:00+00:00,1.4283,1.4636,1.4189,1.4295,479031622.62218
2026-02-22 00:00:00+00:00,1.4295,1.433,1.3783,1.3923,541472000.28702
2026-02-23 00:00:00+00:00,1.3923,1.4247,1.329,1.3512,1374783543.10879
2026-02-24 00:00:00+00:00,1.3512,1.3676,1.3115,1.3477,1057755875.88033
2026-02-25 00:00:00+00:00,1.3476,1.4934,1.3401,1.4332,1473707311.13414
2026-02-26 00:00:00+00:00,1.4333,1.4682,1.3818,1.4016,1202236897.85337
2026-02-27 00:00:00+00:00,1.4016,1.4254,1.337,1.3552,1020900130.78667
2026-02-28 00:00:00+00:00,1.3552,1.3928,1.2693,1.3752,1575367513.91532
2026-03-01 00:00:00+00:00,1.3752,1.4327,1.3361,1.3518,1240254370.11525
2026-03-02 00:00:00+00:00,1.3518,1.4226,1.3329,1.3893,1092291184.64466
2026-03-03 00:00:00+00:00,1.3894,1.3947,1.3352,1.3599,948617376.85215
2026-03-04 00:00:00+00:00,1.3599,1.4721,1.3443,1.4302,1228136693.54415
2026-03-05 00:00:00+00:00,1.4302,1.4518,1.3952,1.4029,841105612.74708
2026-03-06 00:00:00+00:00,1.403,1.4139,1.3444,1.3625,705397275.91704
2026-03-07 00:00:00+00:00,1.3625,1.3742,1.3456,1.356,346872760.32828
2026-03-08 00:00:00+00:00,1.3559,1.3705,1.3207,1.3392,559371465.98296
2026-03-09 00:00:00+00:00,1.3392,1.3837,1.3319,1.3622,847890259.84423
2026-03-10 00:00:00+00:00,1.3621,1.4422,1.3598,1.3855,1104377233.27564
2026-03-11 00:00:00+00:00,1.3855,1.4105,1.3692,1.3839,698970643.31447
2026-03-12 00:00:00+00:00,1.384,1.3928,1.3633,1.3839,662848777.76481
2026-03-13 00:00:00+00:00,1.3839,1.4528,1.3824,1.3979,1090046685.95444
2026-03-14 00:00:00+00:00,1.3979,1.4078,1.3822,1.4055,353759002.78076
2026-03-15 00:00:00+00:00,1.4056,1.4647,1.4013,1.4482,699813899.74831
2026-03-16 00:00:00+00:00,1.4482,1.5518,1.4351,1.5422,1261091587.91129
2026-03-17 00:00:00+00:00,1.5422,1.6064,1.4933,1.5176,1636638807.87922
2026-03-18 00:00:00+00:00,1.5177,1.5407,1.4346,1.464,950324146.44745
2026-03-19 00:00:00+00:00,1.464,1.4814,1.4213,1.4469,816800859.41289
2026-03-20 00:00:00+00:00,1.4468,1.4666,1.4238,1.4444,557560039.26405
2026-03-21 00:00:00+00:00,1.4444,1.452,1.3991,1.4081,371575804.58268
2026-03-22 00:00:00+00:00,1.4081,1.4257,1.3707,1.3841,578439415.6371
2026-03-23 00:00:00+00:00,1.3841,1.4657,1.3608,1.4316,1155595592.29791
2026-03-24 00:00:00+00:00,1.4316,1.4346,1.3826,1.4151,675508873.04198
2026-03-25 00:00:00+00:00,1.4151,1.4372,1.401,1.4138,622938199.85503
2026-03-26 00:00:00+00:00,1.4137,1.4159,1.3349,1.3599,759074448.56635
2026-03-27 00:00:00+00:00,1.3599,1.372,1.3173,1.325,774799547.17158
2026-03-28 00:00:00+00:00,1.325,1.3577,1.3181,1.3327,366750168.79824
2026-03-29 00:00:00+00:00,1.3327,1.3425,1.2937,1.3271,478078805.24322
2026-03-30 00:00:00+00:00,1.3271,1.3663,1.3156,1.3235,589004390.43098
2026-03-31 00:00:00+00:00,1.3235,1.3496,1.3028,1.3404,668542896.4636
2026-04-01 00:00:00+00:00,1.3404,1.3679,1.3305,1.3471,507180824.97819
2026-04-02 00:00:00+00:00,1.3471,1.3563,1.2791,1.3192,780241063.10305
2026-04-03 00:00:00+00:00,1.3192,1.3356,1.3026,1.3177,428826323.28361
2026-04-04 00:00:00+00:00,1.3176,1.322,1.3056,1.3145,253078626.11311
2026-04-05 00:00:00+00:00,1.3145,1.3318,1.277,1.3259,581707806.21721
2026-04-06 00:00:00+00:00,1.3259,1.357,1.3111,1.3202,650977050.63679
2026-04-07 00:00:00+00:00,1.3203,1.3959,1.294,1.378,770322069.65673
2026-04-08 00:00:00+00:00,1.3781,1.3894,1.338,1.3419,684303361.20792
2026-04-09 00:00:00+00:00,1.342,1.3692,1.3209,1.343,633046338.2316
2026-04-10 00:00:00+00:00,1.343,1.3655,1.334,1.3551,456057711.82511
2026-04-11 00:00:00+00:00,1.3551,1.3749,1.3387,1.3539,410544173.47448
2026-04-12 00:00:00+00:00,1.354,1.3552,1.3181,1.3239,463267270.42005
2026-04-13 00:00:00+00:00,1.324,1.3841,1.3186,1.3752,652186424.25148
2026-04-14 00:00:00+00:00,1.3752,1.395,1.3515,1.3608,638600497.73377
2026-04-15 00:00:00+00:00,1.3608,1.4083,1.3484,1.3915,651774669.90277
2026-04-16 00:00:00+00:00,1.3916,1.4657,1.3859,1.4521,985061355.13789
2026-04-17 00:00:00+00:00,1.4521,1.5092,1.4218,1.4749,993195539.85346
2026-04-18 00:00:00+00:00,1.4749,1.4818,1.4226,1.4315,586223003.49095
2026-04-19 00:00:00+00:00,1.4314,1.446,1.3883,1.3935,676723234.24078
2026-04-20 00:00:00+00:00,1.3936,1.4365,1.3926,1.4236,639928621.11683
2026-04-21 00:00:00+00:00,1.4237,1.4488,1.4103,1.4326,541673187.80199
2026-04-22 00:00:00+00:00,1.4326,1.4622,1.426,1.4284,532527370.86672
2026-04-23 00:00:00+00:00,1.4285,1.4405,1.408,1.4379,592855399.9105
2026-04-24 00:00:00+00:00,1.4379,1.4503,1.4231,1.4325,500287545.38845
2026-04-25 00:00:00+00:00,1.4324,1.4371,1.4177,1.4231,245674225.50187
2026-04-26 00:00:00+00:00,1.4232,1.436,1.417,1.4302,289363919.38522
2026-04-27 00:00:00+00:00,1.4302,1.4463,1.3828,1.3999,608597471.19778
2026-04-28 00:00:00+00:00,1.3999,1.4,1.3668,1.3798,396164013.51608
2026-04-29 00:00:00+00:00,1.3799,1.4057,1.3442,1.3685,644296588.75939
2026-04-30 00:00:00+00:00,1.3685,1.384,1.358,1.3672,378866954.74224
2026-05-01 00:00:00+00:00,1.3672,1.3993,1.364,1.385,402351306.65196
2026-05-02 00:00:00+00:00,1.385,1.3999,1.3804,1.3928,277257350.67361
2026-05-03 00:00:00+00:00,1.3929,1.4035,1.3804,1.3871,245267916.32438
2026-05-04 00:00:00+00:00,1.387,1.4204,1.3822,1.3909,715782877.22855
2026-05-05 00:00:00+00:00,1.3909,1.4219,1.3896,1.4117,491710236.28719
2026-05-06 00:00:00+00:00,1.4118,1.4568,1.4065,1.4241,715294824.16891
2026-05-07 00:00:00+00:00,1.4241,1.425,1.3785,1.3859,614190522.16868
2026-05-08 00:00:00+00:00,1.3859,1.4265,1.3769,1.4177,538731124.0359
2026-05-09 00:00:00+00:00,1.4176,1.4344,1.4102,1.4197,411199762.58845
2026-05-10 00:00:00+00:00,1.4198,1.5078,1.4109,1.4726,1030848843.97227
2026-05-11 00:00:00+00:00,1.4727,1.488,1.4389,1.4768,821318601.60216
2026-05-12 00:00:00+00:00,1.4768,1.484,1.4176,1.4363,784293306.12856
2026-05-13 00:00:00+00:00,1.4364,1.4689,1.4104,1.4263,803620428.5005
2026-05-14 00:00:00+00:00,1.4262,1.5488,1.4201,1.4846,1367115432.10401
2026-05-15 00:00:00+00:00,1.4846,1.5,1.4265,1.4332,1032225577.16724
2026-05-16 00:00:00+00:00,1.4332,1.4388,1.3951,1.4128,566177837.55232
2026-05-17 00:00:00+00:00,1.4129,1.4284,1.36,1.4006,542045843.97201
2026-05-18 00:00:00+00:00,1.4007,1.4022,1.3631,1.3895,770123284.69538
2026-05-19 00:00:00+00:00,1.3895,1.3971,1.3519,1.3607,551671691.11458
2026-05-20 00:00:00+00:00,1.3607,1.3801,1.3465,1.3663,473480407.38492
2026-05-21 00:00:00+00:00,1.3663,1.3859,1.3503,1.3733,585529881.38867
2026-05-22 00:00:00+00:00,1.3733,1.3755,1.3279,1.3338,638419661.97051
2026-05-23 00:00:00+00:00,1.3338,1.3756,1.2951,1.3575,690188486.08845
2026-05-24 00:00:00+00:00,1.3576,1.3705,1.3315,1.35,399959931.45024
2026-05-25 00:00:00+00:00,1.35,1.3653,1.3426,1.3494,359492136.71377
2026-05-26 00:00:00+00:00,1.3495,1.3651,1.3262,1.3283,532801117.09653
2026-05-27 00:00:00+00:00,1.3284,1.3428,1.3026,1.3069,586083487.98251
2026-05-28 00:00:00+00:00,1.3068,1.3379,1.2668,1.3146,817226158.51098
2026-05-29 00:00:00+00:00,1.3147,1.3335,1.2935,1.329,705582583.19433
2026-05-30 00:00:00+00:00,1.329,1.3654,1.327,1.3402,532300162.99022
2026-05-31 00:00:00+00:00,1.3401,1.3476,1.318,1.3327,433993179.59305
